timestamp,open,high,low,close,volume,oi,strike,option_type
2015-08-10 09:15:00,191.35,191.35,191.35,191.35,25,0,8600.0,CE
2015-08-10 09:16:00,192.65,194.8,192.65,194.8,725,0,8600.0,CE
2015-08-10 09:17:00,191.0,191.95,191.0,191.95,75,0,8600.0,CE
2015-08-10 09:18:00,193.05,194.3,192.7,194.3,1300,0,8600.0,CE
2015-08-10 09:19:00,197.85,197.85,197.8,197.8,100,0,8600.0,CE
2015-08-10 09:20:00,197.75,199.45,197.75,199.45,100,0,8600.0,CE
2015-08-10 09:21:00,199.3,211.75,199.3,211.55,2575,0,8600.0,CE
2015-08-10 09:22:00,210.55,216.4,210.55,215.85,725,0,8600.0,CE
2015-08-10 09:23:00,214.95,217.7,214.95,215.0,4425,0,8600.0,CE
2015-08-10 09:24:00,213.0,213.0,211.15,211.15,1425,0,8600.0,CE
2015-08-10 09:25:00,210.25,211.0,210.2,210.2,275,0,8600.0,CE
2015-08-10 09:26:00,210.15,210.45,209.75,210.05,1625,0,8600.0,CE
2015-08-10 09:27:00,210.35,210.35,210.35,210.35,200,0,8600.0,CE
2015-08-10 09:28:00,209.0,210.3,209.0,210.3,250,0,8600.0,CE
2015-08-10 09:29:00,210.2,213.4,210.2,211.75,2075,0,8600.0,CE
2015-08-10 09:30:00,212.25,215.0,212.25,215.0,225,0,8600.0,CE
2015-08-10 09:31:00,215.85,215.85,215.7,215.7,125,0,8600.0,CE
2015-08-10 09:32:00,214.0,214.05,212.55,212.55,225,0,8600.0,CE
2015-08-10 09:33:00,212.25,212.9,210.85,210.95,950,0,8600.0,CE
2015-08-10 09:34:00,210.95,211.6,210.95,211.6,975,0,8600.0,CE
2015-08-10 09:35:00,214.0,216.0,212.8,214.6,750,0,8600.0,CE
2015-08-10 09:36:00,213.95,214.0,213.0,214.0,1150,0,8600.0,CE
2015-08-10 09:37:00,213.4,213.4,212.0,212.0,675,0,8600.0,CE
2015-08-10 09:38:00,213.7,213.7,213.7,213.7,100,0,8600.0,CE
2015-08-10 09:39:00,213.55,213.85,213.3,213.85,300,0,8600.0,CE
2015-08-10 09:40:00,213.85,213.85,212.75,213.05,675,0,8600.0,CE
2015-08-10 09:41:00,211.5,211.5,210.65,210.65,50,0,8600.0,CE
2015-08-10 09:42:00,210.75,210.75,210.0,210.0,1625,0,8600.0,CE
2015-08-10 09:43:00,212.0,212.0,211.25,211.25,75,0,8600.0,CE
2015-08-10 09:44:00,212.3,213.75,212.3,213.75,175,0,8600.0,CE
2015-08-10 09:45:00,213.1,216.85,213.1,215.0,450,0,8600.0,CE
2015-08-10 09:46:00,216.0,216.0,216.0,216.0,175,0,8600.0,CE
2015-08-10 09:47:00,214.85,214.85,214.85,214.85,100,0,8600.0,CE
2015-08-10 09:48:00,217.0,220.7,217.0,220.7,1775,0,8600.0,CE
2015-08-10 09:49:00,221.95,222.0,221.4,221.4,775,0,8600.0,CE
2015-08-10 09:50:00,220.3,222.05,220.3,222.0,1525,0,8600.0,CE
2015-08-10 09:51:00,221.25,221.45,221.15,221.35,675,0,8600.0,CE
2015-08-10 09:52:00,220.0,223.35,220.0,222.0,550,0,8600.0,CE
2015-08-10 09:53:00,222.0,222.65,221.05,221.15,800,0,8600.0,CE
2015-08-10 09:54:00,221.05,221.05,218.4,218.4,900,0,8600.0,CE
2015-08-10 09:55:00,218.1,218.65,218.1,218.6,225,0,8600.0,CE
2015-08-10 09:56:00,218.65,218.8,218.0,218.0,1550,0,8600.0,CE
2015-08-10 09:58:00,219.75,219.75,218.0,218.15,1175,0,8600.0,CE
2015-08-10 09:59:00,219.2,219.35,218.15,218.45,650,0,8600.0,CE
2015-08-10 10:00:00,217.95,219.05,217.95,218.6,75,0,8600.0,CE
2015-08-10 10:01:00,219.35,219.45,219.05,219.4,825,0,8600.0,CE
2015-08-10 10:02:00,219.05,219.05,217.0,217.0,125,0,8600.0,CE
2015-08-10 10:03:00,217.05,217.05,217.05,217.05,150,0,8600.0,CE
2015-08-10 10:06:00,217.45,218.25,217.45,218.25,400,0,8600.0,CE
2015-08-10 10:07:00,217.7,219.1,217.7,219.1,150,0,8600.0,CE
2015-08-10 10:09:00,218.45,219.0,218.35,219.0,250,0,8600.0,CE
2015-08-10 10:10:00,218.55,218.55,218.55,218.55,25,0,8600.0,CE
2015-08-10 10:11:00,219.0,219.95,219.0,219.85,750,0,8600.0,CE
2015-08-10 10:12:00,220.0,220.0,220.0,220.0,1000,0,8600.0,CE
2015-08-10 10:13:00,220.0,220.0,219.5,219.5,750,0,8600.0,CE
2015-08-10 10:15:00,218.85,218.85,218.85,218.85,100,0,8600.0,CE
2015-08-10 10:17:00,220.0,220.0,220.0,220.0,400,0,8600.0,CE
2015-08-10 10:18:00,220.8,221.0,220.8,221.0,250,0,8600.0,CE
2015-08-10 10:19:00,220.9,221.1,220.9,221.1,450,0,8600.0,CE
2015-08-10 10:20:00,221.2,221.2,221.2,221.2,50,0,8600.0,CE
2015-08-10 10:23:00,221.05,221.1,221.05,221.1,600,0,8600.0,CE
2015-08-10 10:24:00,221.5,221.5,221.5,221.5,1000,0,8600.0,CE
2015-08-10 10:25:00,221.1,221.1,220.6,221.0,1200,0,8600.0,CE
2015-08-10 10:27:00,221.5,222.0,221.5,222.0,500,0,8600.0,CE
2015-08-10 10:29:00,223.0,223.4,223.0,223.4,200,0,8600.0,CE
2015-08-10 10:30:00,222.8,222.8,221.0,221.6,150,0,8600.0,CE
2015-08-10 10:32:00,220.9,220.9,220.65,220.8,300,0,8600.0,CE
2015-08-10 10:33:00,220.25,220.25,220.15,220.15,125,0,8600.0,CE
2015-08-10 10:34:00,220.0,221.3,220.0,221.3,50,0,8600.0,CE
2015-08-10 10:35:00,219.85,220.0,219.85,220.0,550,0,8600.0,CE
2015-08-10 10:38:00,219.0,219.0,219.0,219.0,125,0,8600.0,CE
2015-08-10 10:39:00,219.0,219.0,219.0,219.0,25,0,8600.0,CE
2015-08-10 10:40:00,219.65,219.65,219.65,219.65,25,0,8600.0,CE
2015-08-10 10:42:00,219.0,219.0,219.0,219.0,75,0,8600.0,CE
2015-08-10 10:43:00,219.0,221.0,219.0,221.0,175,0,8600.0,CE
2015-08-10 10:44:00,221.0,221.0,221.0,221.0,25,0,8600.0,CE
2015-08-10 10:46:00,221.0,221.0,221.0,221.0,325,0,8600.0,CE
2015-08-10 10:47:00,221.0,222.5,221.0,222.5,675,0,8600.0,CE
2015-08-10 10:48:00,222.0,223.0,221.75,222.9,1175,0,8600.0,CE
2015-08-10 10:49:00,221.35,221.5,221.35,221.5,650,0,8600.0,CE
2015-08-10 10:50:00,222.0,222.0,221.3,221.5,175,0,8600.0,CE
2015-08-10 10:51:00,221.5,221.5,221.5,221.5,175,0,8600.0,CE
2015-08-10 10:52:00,221.5,221.5,221.5,221.5,650,0,8600.0,CE
2015-08-10 10:54:00,220.45,220.45,220.45,220.45,1100,0,8600.0,CE
2015-08-10 10:55:00,221.0,221.0,220.9,220.95,575,0,8600.0,CE
2015-08-10 10:56:00,220.25,220.5,219.0,219.0,1825,0,8600.0,CE
2015-08-10 10:57:00,219.05,219.05,218.0,218.0,650,0,8600.0,CE
2015-08-10 10:58:00,218.4,218.5,218.4,218.5,100,0,8600.0,CE
2015-08-10 11:05:00,219.5,219.5,219.3,219.3,150,0,8600.0,CE
2015-08-10 11:06:00,218.35,218.35,218.35,218.35,200,0,8600.0,CE
2015-08-10 11:08:00,218.1,218.1,218.1,218.1,75,0,8600.0,CE
2015-08-10 11:11:00,219.2,219.2,219.2,219.2,150,0,8600.0,CE
2015-08-10 11:12:00,218.55,218.55,218.55,218.55,75,0,8600.0,CE
2015-08-10 11:15:00,217.85,217.85,217.85,217.85,100,0,8600.0,CE
2015-08-10 11:16:00,217.85,217.85,217.85,217.85,50,0,8600.0,CE
2015-08-10 11:18:00,218.85,218.85,218.85,218.85,25,0,8600.0,CE
2015-08-10 11:19:00,218.05,218.15,218.05,218.15,100,0,8600.0,CE
2015-08-10 11:23:00,217.5,217.5,217.45,217.45,75,0,8600.0,CE
2015-08-10 11:25:00,217.75,217.75,217.75,217.75,25,0,8600.0,CE
2015-08-10 11:27:00,219.2,219.2,218.95,219.0,375,0,8600.0,CE
2015-08-10 11:30:00,219.45,219.65,219.45,219.65,50,0,8600.0,CE
2015-08-10 11:31:00,220.0,220.0,220.0,220.0,50,0,8600.0,CE
2015-08-10 11:35:00,219.15,219.15,218.95,219.15,600,0,8600.0,CE
2015-08-10 11:36:00,218.15,218.7,218.15,218.7,175,0,8600.0,CE
2015-08-10 11:37:00,219.05,219.6,219.05,219.6,125,0,8600.0,CE
2015-08-10 11:38:00,219.6,219.6,219.6,219.6,375,0,8600.0,CE
2015-08-10 11:39:00,218.7,218.7,218.7,218.7,100,0,8600.0,CE
2015-08-10 11:41:00,219.95,220.0,219.1,219.1,150,0,8600.0,CE
2015-08-10 11:42:00,220.0,220.0,220.0,220.0,50,0,8600.0,CE
2015-08-10 11:44:00,219.6,219.6,219.3,219.3,275,0,8600.0,CE
2015-08-10 11:45:00,219.65,219.85,219.65,219.85,125,0,8600.0,CE
2015-08-10 11:46:00,220.0,220.0,220.0,220.0,25,0,8600.0,CE
2015-08-10 11:49:00,219.1,219.1,219.1,219.1,25,0,8600.0,CE
2015-08-10 11:51:00,218.55,218.55,218.55,218.55,25,0,8600.0,CE
2015-08-10 11:52:00,219.05,219.05,219.0,219.0,100,0,8600.0,CE
2015-08-10 11:54:00,218.55,218.55,218.55,218.55,75,0,8600.0,CE
2015-08-10 11:55:00,218.6,218.75,218.6,218.75,125,0,8600.0,CE
2015-08-10 11:56:00,218.2,218.25,218.2,218.25,75,0,8600.0,CE
2015-08-10 11:57:00,218.25,219.65,218.25,219.65,875,0,8600.0,CE
2015-08-10 11:58:00,219.4,219.4,219.4,219.4,25,0,8600.0,CE
2015-08-10 12:00:00,220.0,220.0,219.6,220.0,550,0,8600.0,CE
2015-08-10 12:01:00,219.1,219.15,219.1,219.15,100,0,8600.0,CE
2015-08-10 12:03:00,218.8,218.9,218.6,218.7,450,0,8600.0,CE
2015-08-10 12:07:00,218.15,218.15,218.0,218.0,125,0,8600.0,CE
2015-08-10 12:08:00,218.25,218.35,218.1,218.1,175,0,8600.0,CE
2015-08-10 12:09:00,218.3,218.3,217.85,217.85,75,0,8600.0,CE
2015-08-10 12:10:00,218.55,218.55,218.2,218.2,75,0,8600.0,CE
2015-08-10 12:11:00,218.25,218.25,218.25,218.25,100,0,8600.0,CE
2015-08-10 12:13:00,217.95,217.95,217.95,217.95,50,0,8600.0,CE
2015-08-10 12:14:00,217.65,217.65,217.65,217.65,100,0,8600.0,CE
2015-08-10 12:15:00,217.75,219.05,217.6,219.05,2825,0,8600.0,CE
2015-08-10 12:16:00,219.15,221.55,218.75,221.3,10775,0,8600.0,CE
2015-08-10 12:17:00,221.3,221.3,219.75,219.75,175,0,8600.0,CE
2015-08-10 12:19:00,219.8,220.0,219.75,220.0,1025,0,8600.0,CE
2015-08-10 12:21:00,220.35,220.35,220.1,220.1,275,0,8600.0,CE
2015-08-10 12:29:00,219.6,219.6,219.4,219.4,125,0,8600.0,CE
2015-08-10 12:30:00,219.3,219.9,219.3,219.9,275,0,8600.0,CE
2015-08-10 12:32:00,215.25,215.9,215.25,215.9,75,0,8600.0,CE
2015-08-10 12:33:00,216.6,216.6,214.3,214.3,950,0,8600.0,CE
2015-08-10 12:34:00,214.95,214.95,214.95,214.95,50,0,8600.0,CE
2015-08-10 12:35:00,214.75,214.75,213.55,214.2,325,0,8600.0,CE
2015-08-10 12:36:00,215.25,215.35,214.9,215.1,1675,0,8600.0,CE
2015-08-10 12:37:00,214.85,214.85,213.55,213.55,900,0,8600.0,CE
2015-08-10 12:38:00,213.15,214.05,210.6,212.35,400,0,8600.0,CE
2015-08-10 12:39:00,211.95,214.0,211.95,214.0,350,0,8600.0,CE
2015-08-10 12:40:00,213.5,213.6,213.5,213.6,100,0,8600.0,CE
2015-08-10 12:43:00,213.6,214.9,213.6,214.9,50,0,8600.0,CE
2015-08-10 12:44:00,213.6,213.6,213.55,213.55,75,0,8600.0,CE
2015-08-10 12:45:00,213.95,214.05,213.25,213.25,425,0,8600.0,CE
2015-08-10 12:46:00,213.2,213.2,211.85,212.05,425,0,8600.0,CE
2015-08-10 12:47:00,210.0,211.2,208.9,211.2,425,0,8600.0,CE
2015-08-10 12:48:00,212.0,212.35,211.7,211.7,175,0,8600.0,CE
2015-08-10 12:49:00,211.6,212.9,210.5,211.45,2025,0,8600.0,CE
2015-08-10 12:50:00,211.2,212.05,211.2,212.05,575,0,8600.0,CE
2015-08-10 12:52:00,214.45,214.45,213.95,213.95,200,0,8600.0,CE
2015-08-10 12:54:00,214.75,216.1,214.75,216.1,100,0,8600.0,CE
2015-08-10 12:55:00,215.15,215.15,213.55,213.6,550,0,8600.0,CE
2015-08-10 12:56:00,213.35,213.35,213.35,213.35,50,0,8600.0,CE
2015-08-10 12:57:00,213.95,213.95,213.95,213.95,25,0,8600.0,CE
2015-08-10 12:58:00,216.15,216.15,216.15,216.15,25,0,8600.0,CE
2015-08-10 12:59:00,215.0,215.0,214.1,214.1,50,0,8600.0,CE
2015-08-10 13:00:00,214.4,215.0,214.4,215.0,50,0,8600.0,CE
2015-08-10 13:01:00,213.9,213.9,213.9,213.9,25,0,8600.0,CE
2015-08-10 13:03:00,215.0,215.0,215.0,215.0,75,0,8600.0,CE
2015-08-10 13:04:00,214.2,214.2,214.2,214.2,25,0,8600.0,CE
2015-08-10 13:06:00,213.55,213.55,213.55,213.55,250,0,8600.0,CE
2015-08-10 13:10:00,215.1,215.1,215.1,215.1,25,0,8600.0,CE
2015-08-10 13:11:00,214.35,214.35,214.35,214.35,100,0,8600.0,CE
2015-08-10 13:15:00,214.8,214.8,214.8,214.8,50,0,8600.0,CE
2015-08-10 13:16:00,214.55,214.55,214.55,214.55,500,0,8600.0,CE
2015-08-10 13:19:00,211.35,211.85,211.35,211.85,50,0,8600.0,CE
2015-08-10 13:20:00,211.45,211.45,211.2,211.2,175,0,8600.0,CE
2015-08-10 13:22:00,213.05,213.15,213.05,213.15,50,0,8600.0,CE
2015-08-10 13:23:00,212.3,212.4,212.15,212.2,600,0,8600.0,CE
2015-08-10 13:24:00,212.9,212.9,212.9,212.9,25,0,8600.0,CE
2015-08-10 13:25:00,213.0,213.25,213.0,213.25,300,0,8600.0,CE
2015-08-10 13:26:00,213.0,213.65,213.0,213.65,175,0,8600.0,CE
2015-08-10 13:28:00,214.0,214.0,214.0,214.0,25,0,8600.0,CE
2015-08-10 13:29:00,214.3,214.3,214.3,214.3,25,0,8600.0,CE
2015-08-10 13:30:00,214.8,215.15,214.45,214.5,325,0,8600.0,CE
2015-08-10 13:31:00,212.95,212.95,212.95,212.95,25,0,8600.0,CE
2015-08-10 13:32:00,210.75,212.3,210.75,212.3,200,0,8600.0,CE
2015-08-10 13:33:00,210.3,210.3,209.0,209.0,75,0,8600.0,CE
2015-08-10 13:34:00,208.05,208.05,204.1,204.3,1500,0,8600.0,CE
2015-08-10 13:35:00,204.4,205.9,202.55,205.9,850,0,8600.0,CE
2015-08-10 13:36:00,206.15,207.35,206.15,207.25,475,0,8600.0,CE
2015-08-10 13:37:00,206.0,207.2,206.0,207.2,225,0,8600.0,CE
2015-08-10 13:38:00,205.85,205.85,205.85,205.85,50,0,8600.0,CE
2015-08-10 13:39:00,206.0,206.7,203.3,203.3,825,0,8600.0,CE
2015-08-10 13:40:00,203.8,204.3,200.05,200.4,2275,0,8600.0,CE
2015-08-10 13:41:00,201.15,201.15,198.25,198.25,875,0,8600.0,CE
2015-08-10 13:42:00,199.9,199.9,199.9,199.9,25,0,8600.0,CE
2015-08-10 13:43:00,200.35,202.65,200.35,202.65,125,0,8600.0,CE
2015-08-10 13:44:00,204.55,204.55,204.55,204.55,200,0,8600.0,CE
2015-08-10 13:45:00,205.1,205.7,205.1,205.7,50,0,8600.0,CE
2015-08-10 13:46:00,205.6,205.6,205.0,205.0,275,0,8600.0,CE
2015-08-10 13:47:00,204.95,206.0,204.95,206.0,425,0,8600.0,CE
2015-08-10 13:48:00,207.35,209.15,207.35,209.15,75,0,8600.0,CE
2015-08-10 13:49:00,208.4,210.0,208.4,209.7,1100,0,8600.0,CE
2015-08-10 13:50:00,209.1,209.1,207.9,209.0,200,0,8600.0,CE
2015-08-10 13:51:00,209.0,209.0,209.0,209.0,50,0,8600.0,CE
2015-08-10 13:53:00,207.0,207.85,207.0,207.85,75,0,8600.0,CE
2015-08-10 13:54:00,207.0,207.35,207.0,207.25,100,0,8600.0,CE
2015-08-10 13:55:00,207.75,207.75,207.75,207.75,25,0,8600.0,CE
2015-08-10 13:56:00,202.8,203.2,201.0,201.0,400,0,8600.0,CE
2015-08-10 13:57:00,201.0,205.65,201.0,205.0,825,0,8600.0,CE
2015-08-10 13:58:00,205.45,205.45,205.45,205.45,25,0,8600.0,CE
2015-08-10 13:59:00,204.45,206.0,204.45,206.0,175,0,8600.0,CE
2015-08-10 14:00:00,207.0,207.0,206.25,206.25,300,0,8600.0,CE
2015-08-10 14:01:00,206.1,208.0,206.1,208.0,275,0,8600.0,CE
2015-08-10 14:02:00,207.05,207.05,206.35,206.35,150,0,8600.0,CE
2015-08-10 14:03:00,205.85,207.9,205.7,207.9,275,0,8600.0,CE
2015-08-10 14:04:00,208.5,208.5,208.5,208.5,325,0,8600.0,CE
2015-08-10 14:05:00,206.85,207.9,206.05,207.9,475,0,8600.0,CE
2015-08-10 14:06:00,207.0,207.0,207.0,207.0,25,0,8600.0,CE
2015-08-10 14:07:00,205.35,205.35,205.35,205.35,25,0,8600.0,CE
2015-08-10 14:09:00,206.5,206.5,206.5,206.5,25,0,8600.0,CE
2015-08-10 14:10:00,206.85,207.0,206.85,207.0,200,0,8600.0,CE
2015-08-10 14:11:00,207.0,207.0,207.0,207.0,450,0,8600.0,CE
2015-08-10 14:12:00,207.95,207.95,207.95,207.95,250,0,8600.0,CE
2015-08-10 14:13:00,207.05,207.05,207.05,207.05,25,0,8600.0,CE
2015-08-10 14:14:00,207.35,207.35,207.35,207.35,25,0,8600.0,CE
2015-08-10 14:16:00,207.7,207.7,206.75,206.75,100,0,8600.0,CE
2015-08-10 14:17:00,206.95,206.95,206.95,206.95,25,0,8600.0,CE
2015-08-10 14:18:00,208.0,208.0,208.0,208.0,175,0,8600.0,CE
2015-08-10 14:19:00,208.5,208.5,208.5,208.5,175,0,8600.0,CE
2015-08-10 14:20:00,209.3,209.3,209.3,209.3,125,0,8600.0,CE
2015-08-10 14:21:00,208.8,209.0,208.4,208.4,175,0,8600.0,CE
2015-08-10 14:22:00,207.3,209.0,207.3,209.0,300,0,8600.0,CE
2015-08-10 14:23:00,209.35,209.35,209.1,209.1,225,0,8600.0,CE
2015-08-10 14:24:00,209.0,209.6,208.95,209.6,400,0,8600.0,CE
2015-08-10 14:25:00,209.8,210.0,209.8,210.0,350,0,8600.0,CE
2015-08-10 14:26:00,210.0,210.85,209.7,210.5,5350,0,8600.0,CE
2015-08-10 14:27:00,211.0,211.0,210.5,210.5,950,0,8600.0,CE
2015-08-10 14:28:00,210.5,210.5,210.0,210.0,725,0,8600.0,CE
2015-08-10 14:29:00,210.0,210.0,210.0,210.0,1050,0,8600.0,CE
2015-08-10 14:30:00,208.0,208.0,208.0,208.0,250,0,8600.0,CE
2015-08-10 14:33:00,206.5,207.1,206.5,207.1,175,0,8600.0,CE
2015-08-10 14:34:00,205.0,208.0,205.0,208.0,1675,0,8600.0,CE
2015-08-10 14:35:00,210.0,210.0,210.0,210.0,25,0,8600.0,CE
2015-08-10 14:36:00,208.7,208.7,208.4,208.4,50,0,8600.0,CE
2015-08-10 14:37:00,207.85,207.85,207.85,207.85,25,0,8600.0,CE
2015-08-10 14:38:00,207.2,207.85,207.2,207.85,50,0,8600.0,CE
2015-08-10 14:39:00,206.95,206.95,206.95,206.95,200,0,8600.0,CE
2015-08-10 14:40:00,206.45,206.45,206.45,206.45,25,0,8600.0,CE
2015-08-10 14:41:00,206.05,206.05,206.05,206.05,50,0,8600.0,CE
2015-08-10 14:42:00,206.0,206.0,206.0,206.0,50,0,8600.0,CE
2015-08-10 14:43:00,205.2,205.2,205.2,205.2,50,0,8600.0,CE
2015-08-10 14:44:00,202.8,203.05,202.8,203.05,275,0,8600.0,CE
2015-08-10 14:45:00,205.0,205.0,205.0,205.0,25,0,8600.0,CE
2015-08-10 14:46:00,205.0,205.15,205.0,205.15,100,0,8600.0,CE
2015-08-10 14:47:00,205.2,205.2,205.2,205.2,25,0,8600.0,CE
2015-08-10 14:48:00,203.8,206.1,203.8,206.1,625,0,8600.0,CE
2015-08-10 14:49:00,207.0,208.0,207.0,207.0,625,0,8600.0,CE
2015-08-10 14:50:00,204.5,204.7,204.5,204.65,100,0,8600.0,CE
2015-08-10 14:51:00,204.65,205.9,204.65,204.9,175,0,8600.0,CE
2015-08-10 14:52:00,205.0,205.0,205.0,205.0,25,0,8600.0,CE
2015-08-10 14:53:00,206.35,206.35,206.35,206.35,50,0,8600.0,CE
2015-08-10 14:54:00,206.45,206.45,206.0,206.0,75,0,8600.0,CE
2015-08-10 14:58:00,206.0,206.0,206.0,206.0,25,0,8600.0,CE
2015-08-10 14:59:00,203.5,203.65,203.5,203.65,75,0,8600.0,CE
2015-08-10 15:00:00,204.0,204.0,203.25,203.25,950,0,8600.0,CE
2015-08-10 15:01:00,202.6,202.6,202.6,202.6,25,0,8600.0,CE
2015-08-10 15:02:00,199.85,199.85,199.85,199.85,25,0,8600.0,CE
2015-08-10 15:03:00,198.3,198.3,196.0,196.85,1175,0,8600.0,CE
2015-08-10 15:04:00,198.0,198.0,197.25,197.25,125,0,8600.0,CE
2015-08-10 15:05:00,195.85,195.85,190.95,191.3,1000,0,8600.0,CE
2015-08-10 15:06:00,192.55,192.55,187.15,187.15,900,0,8600.0,CE
2015-08-10 15:07:00,187.05,187.45,184.35,186.0,4025,0,8600.0,CE
2015-08-10 15:08:00,185.5,185.5,168.05,170.9,6800,0,8600.0,CE
2015-08-10 15:09:00,170.15,171.2,151.25,162.3,6800,0,8600.0,CE
2015-08-10 15:10:00,163.65,163.65,160.8,162.3,4775,0,8600.0,CE
2015-08-10 15:11:00,163.85,164.3,162.5,163.4,875,0,8600.0,CE
2015-08-10 15:12:00,163.55,163.55,159.6,161.45,3075,0,8600.0,CE
2015-08-10 15:13:00,159.3,159.9,156.65,156.65,1075,0,8600.0,CE
2015-08-10 15:14:00,157.0,160.35,156.9,159.2,1975,0,8600.0,CE
2015-08-10 15:15:00,159.2,161.75,159.2,160.8,3075,0,8600.0,CE
2015-08-10 15:16:00,160.4,161.2,159.25,161.05,2725,0,8600.0,CE
2015-08-10 15:17:00,162.6,164.7,162.35,164.7,2650,0,8600.0,CE
2015-08-10 15:18:00,164.75,166.05,163.9,165.65,1875,0,8600.0,CE
2015-08-10 15:19:00,165.0,167.95,165.0,167.9,1000,0,8600.0,CE
2015-08-10 15:20:00,167.45,168.2,166.0,166.0,1550,0,8600.0,CE
2015-08-10 15:21:00,166.0,166.8,165.9,166.6,600,0,8600.0,CE
2015-08-10 15:22:00,166.6,167.2,164.95,165.1,2175,0,8600.0,CE
2015-08-10 15:23:00,165.15,165.15,162.95,163.5,1325,0,8600.0,CE
2015-08-10 15:24:00,163.75,163.8,163.6,163.75,1075,0,8600.0,CE
2015-08-10 15:25:00,162.4,162.9,161.1,161.75,800,0,8600.0,CE
2015-08-10 15:26:00,161.1,161.6,160.5,161.6,625,0,8600.0,CE
2015-08-10 15:27:00,161.1,161.1,159.4,159.4,675,0,8600.0,CE
2015-08-10 15:28:00,159.3,160.0,157.6,157.6,425,0,8600.0,CE
2015-08-10 15:29:00,157.65,159.5,156.4,158.95,825,0,8600.0,CE
2015-08-11 09:15:00,160.65,161.55,160.2,161.55,125,0,8600.0,CE
2015-08-11 09:16:00,161.55,161.65,159.0,159.8,1150,0,8600.0,CE
2015-08-11 09:17:00,159.6,159.7,157.7,158.8,2100,0,8600.0,CE
2015-08-11 09:18:00,158.65,161.7,158.65,161.3,375,0,8600.0,CE
2015-08-11 09:19:00,162.35,162.5,161.0,162.25,575,0,8600.0,CE
2015-08-11 09:20:00,162.3,164.15,162.3,164.0,1500,0,8600.0,CE
2015-08-11 09:21:00,163.0,163.4,162.5,162.5,2150,0,8600.0,CE
2015-08-11 09:22:00,162.4,162.5,161.0,161.65,2525,0,8600.0,CE
2015-08-11 09:23:00,161.15,162.5,161.15,162.5,150,0,8600.0,CE
2015-08-11 09:24:00,162.5,162.5,158.0,158.0,900,0,8600.0,CE
2015-08-11 09:25:00,157.0,159.05,156.0,158.0,1775,0,8600.0,CE
2015-08-11 09:26:00,157.7,159.45,157.7,159.45,2200,0,8600.0,CE
2015-08-11 09:27:00,159.85,160.55,158.95,160.55,375,0,8600.0,CE
2015-08-11 09:28:00,160.45,161.55,160.1,161.05,575,0,8600.0,CE
2015-08-11 09:29:00,159.8,161.0,159.8,161.0,550,0,8600.0,CE
2015-08-11 09:30:00,160.35,160.35,160.0,160.0,100,0,8600.0,CE
2015-08-11 09:31:00,159.85,159.85,158.0,158.0,1250,0,8600.0,CE
2015-08-11 09:32:00,158.0,158.0,156.8,157.0,4125,0,8600.0,CE
2015-08-11 09:33:00,157.0,157.0,157.0,157.0,4075,0,8600.0,CE
2015-08-11 09:34:00,157.0,158.5,157.0,157.8,775,0,8600.0,CE
2015-08-11 09:35:00,157.0,157.3,156.5,156.5,525,0,8600.0,CE
2015-08-11 09:36:00,156.5,156.5,153.65,155.0,6575,0,8600.0,CE
2015-08-11 09:37:00,154.35,154.7,154.0,154.7,2950,0,8600.0,CE
2015-08-11 09:38:00,155.7,158.25,154.9,158.25,475,0,8600.0,CE
2015-08-11 09:39:00,159.7,161.95,159.7,161.05,1275,0,8600.0,CE
2015-08-11 09:40:00,161.15,162.5,161.05,162.5,1100,0,8600.0,CE
2015-08-11 09:41:00,162.5,163.05,161.15,162.6,5650,0,8600.0,CE
2015-08-11 09:42:00,162.95,165.45,162.25,164.7,7000,0,8600.0,CE
2015-08-11 09:43:00,164.2,165.45,163.6,165.45,1000,0,8600.0,CE
2015-08-11 09:44:00,166.05,166.6,164.6,165.0,825,0,8600.0,CE
2015-08-11 09:45:00,164.2,164.2,163.65,163.7,150,0,8600.0,CE
2015-08-11 09:46:00,162.5,164.05,162.0,164.05,325,0,8600.0,CE
2015-08-11 09:47:00,166.35,167.45,165.55,165.55,1925,0,8600.0,CE
2015-08-11 09:48:00,166.15,167.6,166.0,166.0,2650,0,8600.0,CE
2015-08-11 09:49:00,166.5,167.5,166.0,166.0,2125,0,8600.0,CE
2015-08-11 09:50:00,166.0,166.0,166.0,166.0,25,0,8600.0,CE
2015-08-11 09:51:00,166.5,166.5,166.0,166.0,225,0,8600.0,CE
2015-08-11 09:52:00,164.7,164.7,164.2,164.2,500,0,8600.0,CE
2015-08-11 09:53:00,166.0,166.0,165.15,165.15,350,0,8600.0,CE
2015-08-11 09:54:00,165.6,165.6,164.0,164.0,275,0,8600.0,CE
2015-08-11 09:55:00,164.85,166.7,164.85,165.9,225,0,8600.0,CE
2015-08-11 09:56:00,165.3,166.0,165.3,166.0,225,0,8600.0,CE
2015-08-11 09:58:00,166.6,166.6,166.05,166.05,150,0,8600.0,CE
2015-08-11 09:59:00,164.7,164.85,164.3,164.3,250,0,8600.0,CE
2015-08-11 10:00:00,164.3,164.5,164.1,164.5,575,0,8600.0,CE
2015-08-11 10:01:00,164.5,164.5,163.6,163.6,800,0,8600.0,CE
2015-08-11 10:02:00,163.55,164.4,163.5,164.4,350,0,8600.0,CE
2015-08-11 10:03:00,164.4,164.4,164.0,164.0,225,0,8600.0,CE
2015-08-11 10:04:00,164.0,164.0,164.0,164.0,25,0,8600.0,CE
2015-08-11 10:05:00,164.65,165.2,164.65,165.2,75,0,8600.0,CE
2015-08-11 10:06:00,165.85,165.85,164.8,164.8,2475,0,8600.0,CE
2015-08-11 10:07:00,165.0,165.5,165.0,165.15,450,0,8600.0,CE
2015-08-11 10:08:00,165.0,165.0,165.0,165.0,25,0,8600.0,CE
2015-08-11 10:09:00,164.45,164.45,164.45,164.45,50,0,8600.0,CE
2015-08-11 10:10:00,163.15,163.15,163.15,163.15,200,0,8600.0,CE
2015-08-11 10:11:00,163.3,163.3,163.3,163.3,25,0,8600.0,CE
2015-08-11 10:13:00,165.0,166.6,165.0,166.6,150,0,8600.0,CE
2015-08-11 10:14:00,165.85,165.85,165.85,165.85,25,0,8600.0,CE
2015-08-11 10:15:00,166.15,166.15,166.15,166.15,25,0,8600.0,CE
2015-08-11 10:16:00,167.05,167.6,167.0,167.0,150,0,8600.0,CE
2015-08-11 10:17:00,167.0,167.0,167.0,167.0,200,0,8600.0,CE
2015-08-11 10:18:00,165.65,166.35,165.65,166.35,75,0,8600.0,CE
2015-08-11 10:19:00,165.0,165.0,164.35,164.35,475,0,8600.0,CE
2015-08-11 10:20:00,161.85,161.85,161.85,161.85,175,0,8600.0,CE
2015-08-11 10:21:00,161.8,162.25,161.8,162.25,150,0,8600.0,CE
2015-08-11 10:22:00,161.0,161.0,161.0,161.0,75,0,8600.0,CE
2015-08-11 10:23:00,163.0,163.0,162.15,162.15,225,0,8600.0,CE
2015-08-11 10:27:00,161.45,161.8,161.45,161.8,200,0,8600.0,CE
2015-08-11 10:30:00,162.7,162.7,161.05,161.4,275,0,8600.0,CE
2015-08-11 10:31:00,161.85,161.85,160.0,161.3,650,0,8600.0,CE
2015-08-11 10:32:00,161.0,161.0,160.7,160.7,225,0,8600.0,CE
2015-08-11 10:34:00,160.95,161.0,160.95,161.0,3125,0,8600.0,CE
2015-08-11 10:35:00,161.0,161.0,161.0,161.0,975,0,8600.0,CE
2015-08-11 10:36:00,161.0,161.8,161.0,161.5,2250,0,8600.0,CE
2015-08-11 10:37:00,160.6,160.6,160.6,160.6,50,0,8600.0,CE
2015-08-11 10:39:00,161.45,162.2,161.35,162.2,75,0,8600.0,CE
2015-08-11 10:40:00,163.0,164.55,163.0,164.55,150,0,8600.0,CE
2015-08-11 10:41:00,163.8,163.8,163.8,163.8,25,0,8600.0,CE
2015-08-11 10:42:00,164.4,164.4,163.8,163.8,50,0,8600.0,CE
2015-08-11 10:43:00,164.2,164.2,163.15,163.15,525,0,8600.0,CE
2015-08-11 10:44:00,163.0,163.0,163.0,163.0,50,0,8600.0,CE
2015-08-11 10:45:00,163.2,163.2,161.95,161.95,75,0,8600.0,CE
2015-08-11 10:47:00,163.1,163.1,163.0,163.0,50,0,8600.0,CE
2015-08-11 10:48:00,163.45,163.45,163.25,163.25,625,0,8600.0,CE
2015-08-11 10:49:00,163.15,164.45,162.65,164.45,2950,0,8600.0,CE
2015-08-11 10:50:00,164.35,164.35,162.85,163.6,5175,0,8600.0,CE
2015-08-11 10:51:00,163.6,164.7,162.8,162.8,4125,0,8600.0,CE
2015-08-11 10:52:00,163.0,164.1,163.0,164.1,825,0,8600.0,CE
2015-08-11 10:53:00,163.0,163.0,163.0,163.0,25,0,8600.0,CE
2015-08-11 10:55:00,163.95,163.95,162.75,162.75,75,0,8600.0,CE
2015-08-11 10:56:00,161.9,162.95,161.9,162.95,1275,0,8600.0,CE
2015-08-11 10:59:00,162.4,162.4,162.0,162.25,425,0,8600.0,CE
2015-08-11 11:00:00,161.8,161.95,161.35,161.45,100,0,8600.0,CE
2015-08-11 11:01:00,161.0,161.0,161.0,161.0,50,0,8600.0,CE
2015-08-11 11:02:00,161.0,161.0,161.0,161.0,25,0,8600.0,CE
2015-08-11 11:03:00,162.35,162.35,162.35,162.35,50,0,8600.0,CE
2015-08-11 11:04:00,161.8,161.8,161.8,161.8,75,0,8600.0,CE
2015-08-11 11:05:00,161.35,161.35,161.35,161.35,25,0,8600.0,CE
2015-08-11 11:08:00,161.9,161.9,161.9,161.9,125,0,8600.0,CE
2015-08-11 11:09:00,163.0,163.4,163.0,163.4,100,0,8600.0,CE
2015-08-11 11:10:00,162.45,162.45,162.45,162.45,25,0,8600.0,CE
2015-08-11 11:11:00,162.3,162.3,162.3,162.3,50,0,8600.0,CE
2015-08-11 11:12:00,160.9,160.9,160.9,160.9,200,0,8600.0,CE
2015-08-11 11:13:00,161.15,161.5,161.15,161.5,600,0,8600.0,CE
2015-08-11 11:14:00,161.6,161.6,161.2,161.2,50,0,8600.0,CE
2015-08-11 11:15:00,161.3,161.3,161.3,161.3,50,0,8600.0,CE
2015-08-11 11:16:00,161.25,162.55,161.25,162.55,125,0,8600.0,CE
2015-08-11 11:18:00,161.0,161.0,160.8,160.8,50,0,8600.0,CE
2015-08-11 11:19:00,161.25,161.25,161.25,161.25,25,0,8600.0,CE
2015-08-11 11:20:00,160.85,160.95,160.1,160.1,775,0,8600.0,CE
2015-08-11 11:21:00,160.85,160.85,158.75,158.75,800,0,8600.0,CE
2015-08-11 11:22:00,158.35,158.8,156.55,156.55,975,0,8600.0,CE
2015-08-11 11:23:00,156.6,156.75,156.6,156.75,150,0,8600.0,CE
2015-08-11 11:24:00,157.25,158.0,157.25,158.0,225,0,8600.0,CE
2015-08-11 11:25:00,158.0,158.25,158.0,158.0,250,0,8600.0,CE
2015-08-11 11:26:00,158.0,158.0,156.0,156.0,700,0,8600.0,CE
2015-08-11 11:27:00,156.25,157.15,147.55,147.55,5525,0,8600.0,CE
2015-08-11 11:28:00,148.0,148.3,146.0,146.0,700,0,8600.0,CE
2015-08-11 11:29:00,146.0,148.1,145.15,148.1,1275,0,8600.0,CE
2015-08-11 11:30:00,148.3,148.3,144.5,144.5,1925,0,8600.0,CE
2015-08-11 11:31:00,143.0,148.0,143.0,148.0,1225,0,8600.0,CE
2015-08-11 11:32:00,149.05,149.35,148.35,148.9,375,0,8600.0,CE
2015-08-11 11:33:00,151.6,152.3,150.95,152.3,1200,0,8600.0,CE
2015-08-11 11:35:00,150.4,151.0,150.4,151.0,75,0,8600.0,CE
2015-08-11 11:36:00,149.0,149.7,149.0,149.7,275,0,8600.0,CE
2015-08-11 11:37:00,150.9,150.9,150.9,150.9,125,0,8600.0,CE
2015-08-11 11:38:00,151.1,151.85,151.1,151.85,150,0,8600.0,CE
2015-08-11 11:39:00,150.0,150.0,149.75,149.75,100,0,8600.0,CE
2015-08-11 11:40:00,150.2,150.3,149.0,149.0,625,0,8600.0,CE
2015-08-11 11:41:00,150.05,150.4,148.85,150.4,1925,0,8600.0,CE
2015-08-11 11:42:00,152.0,152.0,152.0,152.0,150,0,8600.0,CE
2015-08-11 11:43:00,152.0,152.9,151.15,152.9,3125,0,8600.0,CE
2015-08-11 11:44:00,153.15,153.7,153.15,153.7,225,0,8600.0,CE
2015-08-11 11:45:00,153.0,153.0,152.35,153.0,525,0,8600.0,CE
2015-08-11 11:46:00,153.0,153.0,153.0,153.0,125,0,8600.0,CE
2015-08-11 11:47:00,154.45,154.45,154.05,154.05,250,0,8600.0,CE
2015-08-11 11:48:00,153.3,154.25,153.3,154.25,225,0,8600.0,CE
2015-08-11 11:49:00,153.4,153.4,153.4,153.4,275,0,8600.0,CE
2015-08-11 11:51:00,150.45,150.45,150.3,150.3,200,0,8600.0,CE
2015-08-11 11:52:00,150.95,151.0,150.95,151.0,75,0,8600.0,CE
2015-08-11 11:53:00,151.45,151.45,151.45,151.45,25,0,8600.0,CE
2015-08-11 11:54:00,151.2,151.35,151.2,151.35,200,0,8600.0,CE
2015-08-11 11:55:00,151.35,151.35,151.35,151.35,25,0,8600.0,CE
2015-08-11 11:56:00,151.95,152.1,151.7,151.7,250,0,8600.0,CE
2015-08-11 11:58:00,150.8,150.8,150.0,150.0,225,0,8600.0,CE
2015-08-11 11:59:00,149.9,150.05,149.15,149.15,425,0,8600.0,CE
2015-08-11 12:00:00,149.7,150.05,149.15,149.15,200,0,8600.0,CE
2015-08-11 12:01:00,149.35,149.35,149.3,149.3,75,0,8600.0,CE
2015-08-11 12:02:00,149.5,149.95,149.45,149.45,175,0,8600.0,CE
2015-08-11 12:03:00,149.3,149.3,148.75,148.75,125,0,8600.0,CE
2015-08-11 12:04:00,150.0,150.3,150.0,150.3,50,0,8600.0,CE
2015-08-11 12:05:00,149.0,149.0,148.5,148.5,625,0,8600.0,CE
2015-08-11 12:06:00,148.0,148.5,148.0,148.4,200,0,8600.0,CE
2015-08-11 12:07:00,149.0,149.0,149.0,149.0,400,0,8600.0,CE
2015-08-11 12:08:00,149.9,150.6,149.8,150.45,450,0,8600.0,CE
2015-08-11 12:09:00,150.15,150.15,150.15,150.15,50,0,8600.0,CE
2015-08-11 12:10:00,150.5,150.5,149.4,149.4,1100,0,8600.0,CE
2015-08-11 12:11:00,149.15,150.5,149.15,150.0,1175,0,8600.0,CE
2015-08-11 12:12:00,150.3,150.3,149.7,150.2,125,0,8600.0,CE
2015-08-11 12:13:00,149.95,149.95,149.4,149.4,2300,0,8600.0,CE
2015-08-11 12:14:00,149.4,149.4,149.05,149.4,1250,0,8600.0,CE
2015-08-11 12:15:00,149.4,149.4,149.4,149.4,575,0,8600.0,CE
2015-08-11 12:16:00,149.4,150.05,149.4,150.05,1075,0,8600.0,CE
2015-08-11 12:17:00,150.95,150.95,150.95,150.95,100,0,8600.0,CE
2015-08-11 12:19:00,151.75,151.75,151.75,151.75,600,0,8600.0,CE
2015-08-11 12:21:00,151.65,151.95,151.65,151.95,75,0,8600.0,CE
2015-08-11 12:22:00,152.15,152.3,152.15,152.3,50,0,8600.0,CE
2015-08-11 12:23:00,151.0,151.45,151.0,151.45,50,0,8600.0,CE
2015-08-11 12:25:00,150.7,150.7,150.7,150.7,100,0,8600.0,CE
2015-08-11 12:26:00,152.1,152.1,152.1,152.1,25,0,8600.0,CE
2015-08-11 12:27:00,151.3,152.6,150.35,150.35,1750,0,8600.0,CE
2015-08-11 12:28:00,150.6,153.7,150.6,153.7,550,0,8600.0,CE
2015-08-11 12:29:00,151.0,154.35,150.65,154.35,3200,0,8600.0,CE
2015-08-11 12:30:00,153.05,153.05,146.6,146.6,700,0,8600.0,CE
2015-08-11 12:31:00,149.0,149.0,145.7,145.7,2550,0,8600.0,CE
2015-08-11 12:32:00,145.55,147.0,145.55,146.2,225,0,8600.0,CE
2015-08-11 12:34:00,149.0,149.85,148.7,149.85,200,0,8600.0,CE
2015-08-11 12:35:00,149.05,149.05,148.25,148.3,225,0,8600.0,CE
2015-08-11 12:36:00,147.95,148.35,147.95,148.35,75,0,8600.0,CE
2015-08-11 12:37:00,150.0,150.0,149.0,149.0,125,0,8600.0,CE
2015-08-11 12:38:00,150.0,150.25,150.0,150.25,550,0,8600.0,CE
2015-08-11 12:39:00,149.3,149.3,148.65,148.65,1050,0,8600.0,CE
2015-08-11 12:40:00,149.0,149.8,148.95,148.95,550,0,8600.0,CE
2015-08-11 12:41:00,148.45,149.4,148.45,149.25,425,0,8600.0,CE
2015-08-11 12:42:00,148.0,148.0,148.0,148.0,100,0,8600.0,CE
2015-08-11 12:43:00,149.1,149.1,148.2,148.2,350,0,8600.0,CE
2015-08-11 12:44:00,148.2,148.65,145.95,148.65,1425,0,8600.0,CE
2015-08-11 12:45:00,148.0,148.6,147.1,147.2,525,0,8600.0,CE
2015-08-11 12:46:00,148.35,148.35,147.65,147.65,350,0,8600.0,CE
2015-08-11 12:47:00,148.65,149.65,147.75,149.5,550,0,8600.0,CE
2015-08-11 12:48:00,149.95,149.95,149.95,149.95,100,0,8600.0,CE
2015-08-11 12:49:00,149.6,150.1,149.6,150.1,50,0,8600.0,CE
2015-08-11 12:50:00,150.75,150.75,148.75,149.3,1175,0,8600.0,CE
2015-08-11 12:51:00,148.65,148.95,147.8,147.8,125,0,8600.0,CE
2015-08-11 12:52:00,146.1,148.25,144.75,145.95,2725,0,8600.0,CE
2015-08-11 12:53:00,145.7,145.7,143.1,143.25,2050,0,8600.0,CE
2015-08-11 12:54:00,143.0,145.5,143.0,143.2,1575,0,8600.0,CE
2015-08-11 12:55:00,143.0,144.85,142.65,144.85,875,0,8600.0,CE
2015-08-11 12:56:00,145.05,145.65,144.1,144.1,850,0,8600.0,CE
2015-08-11 12:57:00,144.6,146.45,144.6,146.45,275,0,8600.0,CE
2015-08-11 12:58:00,145.5,147.65,145.5,147.65,1400,0,8600.0,CE
2015-08-11 12:59:00,148.0,148.0,146.0,147.0,1200,0,8600.0,CE
2015-08-11 13:00:00,147.0,147.0,146.0,146.0,3475,0,8600.0,CE
2015-08-11 13:01:00,146.0,146.75,146.0,146.25,975,0,8600.0,CE
2015-08-11 13:02:00,146.0,146.3,145.6,145.6,325,0,8600.0,CE
2015-08-11 13:03:00,145.0,145.15,143.55,144.0,725,0,8600.0,CE
2015-08-11 13:04:00,144.8,144.8,144.5,144.5,125,0,8600.0,CE
2015-08-11 13:05:00,145.6,145.6,144.05,144.05,75,0,8600.0,CE
2015-08-11 13:06:00,143.0,143.0,141.0,141.0,475,0,8600.0,CE
2015-08-11 13:07:00,142.45,143.5,142.45,143.45,100,0,8600.0,CE
2015-08-11 13:08:00,143.8,145.0,143.55,144.0,1200,0,8600.0,CE
2015-08-11 13:09:00,144.4,146.7,144.4,146.7,800,0,8600.0,CE
2015-08-11 13:10:00,145.0,146.95,145.0,146.95,725,0,8600.0,CE
2015-08-11 13:11:00,148.15,148.15,146.4,147.5,950,0,8600.0,CE
2015-08-11 13:12:00,148.25,148.25,148.25,148.25,100,0,8600.0,CE
2015-08-11 13:13:00,146.4,148.3,146.4,148.3,350,0,8600.0,CE
2015-08-11 13:14:00,147.6,147.7,147.6,147.7,50,0,8600.0,CE
2015-08-11 13:15:00,147.5,149.0,147.5,149.0,525,0,8600.0,CE
2015-08-11 13:16:00,149.25,149.5,148.85,149.5,300,0,8600.0,CE
2015-08-11 13:17:00,149.7,150.85,149.7,150.85,250,0,8600.0,CE
2015-08-11 13:18:00,151.35,151.6,150.85,151.5,400,0,8600.0,CE
2015-08-11 13:19:00,151.45,151.45,149.25,149.25,5650,0,8600.0,CE
2015-08-11 13:20:00,149.0,149.1,148.0,148.0,375,0,8600.0,CE
2015-08-11 13:21:00,147.75,147.9,147.35,147.9,425,0,8600.0,CE
2015-08-11 13:22:00,149.85,150.95,149.65,150.95,150,0,8600.0,CE
2015-08-11 13:23:00,151.1,151.1,149.9,149.9,50,0,8600.0,CE
2015-08-11 13:24:00,149.8,149.8,149.55,149.55,50,0,8600.0,CE
2015-08-11 13:25:00,148.85,149.15,148.85,149.15,100,0,8600.0,CE
2015-08-11 13:26:00,148.5,148.5,147.7,147.7,75,0,8600.0,CE
2015-08-11 13:27:00,147.6,147.8,146.25,147.8,550,0,8600.0,CE
2015-08-11 13:28:00,147.2,147.2,147.2,147.2,125,0,8600.0,CE
2015-08-11 13:29:00,145.35,145.35,145.05,145.05,50,0,8600.0,CE
2015-08-11 13:30:00,144.05,145.35,144.05,145.35,75,0,8600.0,CE
2015-08-11 13:32:00,144.1,145.5,144.1,145.5,5150,0,8600.0,CE
2015-08-11 13:33:00,145.15,146.8,145.15,146.8,75,0,8600.0,CE
2015-08-11 13:34:00,147.35,147.35,147.35,147.35,300,0,8600.0,CE
2015-08-11 13:35:00,146.3,146.35,146.3,146.35,50,0,8600.0,CE
2015-08-11 13:36:00,146.05,146.85,146.05,146.3,1325,0,8600.0,CE
2015-08-11 13:37:00,146.5,147.5,146.5,147.5,5000,0,8600.0,CE
2015-08-11 13:38:00,147.9,149.0,147.9,148.65,2500,0,8600.0,CE
2015-08-11 13:39:00,147.1,147.4,147.1,147.4,75,0,8600.0,CE
2015-08-11 13:40:00,147.9,148.4,147.9,148.4,100,0,8600.0,CE
2015-08-11 13:41:00,148.0,148.0,147.9,147.9,400,0,8600.0,CE
2015-08-11 13:42:00,148.0,148.3,148.0,148.3,50,0,8600.0,CE
2015-08-11 13:43:00,147.65,148.3,147.65,148.3,50,0,8600.0,CE
2015-08-11 13:44:00,145.25,146.25,145.25,146.25,300,0,8600.0,CE
2015-08-11 13:45:00,147.1,147.1,147.05,147.05,50,0,8600.0,CE
2015-08-11 13:46:00,147.95,147.95,147.95,147.95,25,0,8600.0,CE
2015-08-11 13:47:00,147.05,147.05,147.0,147.05,5075,0,8600.0,CE
2015-08-11 13:48:00,146.05,146.1,146.05,146.1,150,0,8600.0,CE
2015-08-11 13:49:00,145.0,145.0,144.15,144.5,350,0,8600.0,CE
2015-08-11 13:50:00,144.95,145.9,144.95,145.9,300,0,8600.0,CE
2015-08-11 13:51:00,146.4,146.4,146.35,146.35,175,0,8600.0,CE
2015-08-11 13:52:00,146.0,146.05,146.0,146.0,850,0,8600.0,CE
2015-08-11 13:53:00,145.25,145.25,145.25,145.25,50,0,8600.0,CE
2015-08-11 13:56:00,144.3,144.3,141.4,142.45,850,0,8600.0,CE
2015-08-11 13:57:00,142.5,142.55,140.45,141.1,450,0,8600.0,CE
2015-08-11 13:58:00,141.25,141.25,137.45,140.45,1825,0,8600.0,CE
2015-08-11 13:59:00,138.95,139.2,138.0,139.2,350,0,8600.0,CE
2015-08-11 14:00:00,138.55,140.2,138.3,139.0,525,0,8600.0,CE
2015-08-11 14:01:00,139.45,140.3,138.7,139.15,500,0,8600.0,CE
2015-08-11 14:02:00,139.55,140.45,138.7,140.45,650,0,8600.0,CE
2015-08-11 14:03:00,140.5,142.2,140.3,141.9,1575,0,8600.0,CE
2015-08-11 14:04:00,142.05,143.35,142.05,142.55,350,0,8600.0,CE
2015-08-11 14:05:00,141.8,141.8,141.15,141.65,6075,0,8600.0,CE
2015-08-11 14:06:00,141.85,141.85,139.4,139.9,500,0,8600.0,CE
2015-08-11 14:07:00,139.65,140.0,138.9,140.0,550,0,8600.0,CE
2015-08-11 14:08:00,140.55,140.55,139.1,139.1,225,0,8600.0,CE
2015-08-11 14:09:00,138.05,138.35,137.35,137.35,525,0,8600.0,CE
2015-08-11 14:10:00,137.4,137.4,135.8,135.8,450,0,8600.0,CE
2015-08-11 14:11:00,135.0,136.8,135.0,136.45,150,0,8600.0,CE
2015-08-11 14:12:00,136.05,136.05,135.4,136.0,250,0,8600.0,CE
2015-08-11 14:13:00,136.0,136.0,132.7,133.45,1675,0,8600.0,CE
2015-08-11 14:14:00,132.85,133.95,131.85,133.8,625,0,8600.0,CE
2015-08-11 14:15:00,135.2,135.2,135.05,135.05,75,0,8600.0,CE
2015-08-11 14:16:00,135.65,135.65,131.45,131.45,500,0,8600.0,CE
2015-08-11 14:17:00,131.95,135.0,131.95,134.8,1025,0,8600.0,CE
2015-08-11 14:18:00,134.55,137.15,134.55,137.15,1625,0,8600.0,CE
2015-08-11 14:19:00,136.1,139.2,136.1,139.2,100,0,8600.0,CE
2015-08-11 14:20:00,138.95,142.15,138.95,140.3,750,0,8600.0,CE
2015-08-11 14:21:00,142.5,144.4,142.5,144.4,4025,0,8600.0,CE
2015-08-11 14:22:00,143.05,143.05,141.0,142.3,3175,0,8600.0,CE
2015-08-11 14:23:00,143.95,144.4,143.0,144.4,1925,0,8600.0,CE
2015-08-11 14:24:00,144.0,146.15,144.0,146.15,4850,0,8600.0,CE
2015-08-11 14:25:00,147.2,148.7,146.9,146.95,4125,0,8600.0,CE
2015-08-11 14:26:00,144.95,145.85,144.95,145.6,100,0,8600.0,CE
2015-08-11 14:27:00,143.6,143.6,142.85,143.55,350,0,8600.0,CE
2015-08-11 14:28:00,143.65,143.65,143.65,143.65,50,0,8600.0,CE
2015-08-11 14:29:00,145.1,147.5,145.1,146.95,575,0,8600.0,CE
2015-08-11 14:30:00,147.0,147.0,144.1,144.65,3350,0,8600.0,CE
2015-08-11 14:31:00,145.0,146.0,145.0,145.95,975,0,8600.0,CE
2015-08-11 14:32:00,145.1,145.9,145.0,145.0,425,0,8600.0,CE
2015-08-11 14:33:00,144.65,144.65,144.0,144.0,625,0,8600.0,CE
2015-08-11 14:34:00,144.5,145.0,144.5,145.0,250,0,8600.0,CE
2015-08-11 14:35:00,144.5,146.75,144.3,144.3,375,0,8600.0,CE
2015-08-11 14:36:00,144.45,144.45,141.4,141.4,325,0,8600.0,CE
2015-08-11 14:37:00,142.05,142.05,142.05,142.05,25,0,8600.0,CE
2015-08-11 14:38:00,142.0,142.45,142.0,142.45,200,0,8600.0,CE
2015-08-11 14:39:00,143.6,144.45,143.0,143.0,425,0,8600.0,CE
2015-08-11 14:40:00,142.25,142.25,140.25,140.25,975,0,8600.0,CE
2015-08-11 14:41:00,141.55,142.15,141.25,141.25,475,0,8600.0,CE
2015-08-11 14:42:00,141.35,141.35,140.15,141.0,825,0,8600.0,CE
2015-08-11 14:43:00,141.8,141.8,140.85,140.85,7075,0,8600.0,CE
2015-08-11 14:44:00,140.0,140.0,139.2,139.85,5600,0,8600.0,CE
2015-08-11 14:45:00,139.85,140.0,138.6,139.7,10700,0,8600.0,CE
2015-08-11 14:46:00,140.55,144.7,140.55,144.7,1700,0,8600.0,CE
2015-08-11 14:47:00,144.7,144.7,142.95,142.95,1250,0,8600.0,CE
2015-08-11 14:49:00,143.0,143.9,143.0,143.9,900,0,8600.0,CE
2015-08-11 14:50:00,143.9,143.9,142.0,142.0,300,0,8600.0,CE
2015-08-11 14:51:00,142.0,142.0,142.0,142.0,25,0,8600.0,CE
2015-08-11 14:52:00,142.9,142.9,141.6,142.0,200,0,8600.0,CE
2015-08-11 14:53:00,141.5,141.5,141.5,141.5,1475,0,8600.0,CE
2015-08-11 14:54:00,140.0,140.2,139.95,140.2,1375,0,8600.0,CE
2015-08-11 14:55:00,140.95,140.95,138.75,138.75,675,0,8600.0,CE
2015-08-11 14:56:00,140.35,142.65,140.35,142.1,1275,0,8600.0,CE
2015-08-11 14:57:00,140.9,140.9,140.9,140.9,100,0,8600.0,CE
2015-08-11 14:58:00,141.95,142.6,141.95,142.6,100,0,8600.0,CE
2015-08-11 14:59:00,142.75,142.75,140.8,140.8,175,0,8600.0,CE
2015-08-11 15:00:00,141.75,141.75,140.55,140.55,1550,0,8600.0,CE
2015-08-11 15:01:00,140.6,140.6,139.7,139.95,3300,0,8600.0,CE
2015-08-11 15:02:00,140.0,140.0,139.05,140.0,575,0,8600.0,CE
2015-08-11 15:03:00,140.75,142.4,140.75,141.1,600,0,8600.0,CE
2015-08-11 15:04:00,143.5,143.5,140.3,140.5,3375,0,8600.0,CE
2015-08-11 15:05:00,140.1,140.1,139.25,139.85,950,0,8600.0,CE
2015-08-11 15:06:00,139.7,140.2,139.7,140.0,2025,0,8600.0,CE
2015-08-11 15:07:00,139.9,139.9,138.85,138.85,75,0,8600.0,CE
2015-08-11 15:08:00,139.0,140.5,138.7,139.9,525,0,8600.0,CE
2015-08-11 15:09:00,139.95,140.3,139.2,139.2,1875,0,8600.0,CE
2015-08-11 15:10:00,138.7,139.0,137.7,137.7,1875,0,8600.0,CE
2015-08-11 15:11:00,138.15,139.15,138.0,138.1,1625,0,8600.0,CE
2015-08-11 15:12:00,138.8,139.25,138.45,138.45,100,0,8600.0,CE
2015-08-11 15:13:00,138.5,139.1,138.0,139.1,800,0,8600.0,CE
2015-08-11 15:14:00,139.05,139.05,138.2,138.2,575,0,8600.0,CE
2015-08-11 15:15:00,138.6,139.1,138.6,139.1,525,0,8600.0,CE
2015-08-11 15:16:00,140.1,140.75,140.05,140.75,7850,0,8600.0,CE
2015-08-11 15:17:00,140.75,140.75,139.95,139.95,425,0,8600.0,CE
2015-08-11 15:18:00,139.05,140.0,139.05,140.0,1025,0,8600.0,CE
2015-08-11 15:19:00,139.75,139.75,138.95,138.95,500,0,8600.0,CE
2015-08-11 15:20:00,139.5,140.3,139.15,140.3,550,0,8600.0,CE
2015-08-11 15:21:00,139.55,139.65,139.5,139.65,150,0,8600.0,CE
2015-08-11 15:22:00,139.5,139.5,139.1,139.5,250,0,8600.0,CE
2015-08-11 15:23:00,139.85,140.2,139.85,139.85,225,0,8600.0,CE
2015-08-11 15:24:00,140.4,142.0,140.4,141.9,1175,0,8600.0,CE
2015-08-11 15:25:00,141.35,142.55,141.35,141.95,1675,0,8600.0,CE
2015-08-11 15:26:00,142.55,142.8,142.2,142.8,700,0,8600.0,CE
2015-08-11 15:27:00,142.5,143.9,142.5,142.6,1225,0,8600.0,CE
2015-08-11 15:28:00,142.6,142.6,142.6,142.6,25,0,8600.0,CE
2015-08-11 15:29:00,142.25,144.25,142.2,142.2,1400,0,8600.0,CE
2015-08-12 09:15:00,125.0,125.0,116.0,119.6,1825,0,8600.0,CE
2015-08-12 09:16:00,118.75,122.1,117.95,121.35,2650,0,8600.0,CE
2015-08-12 09:17:00,121.35,122.75,121.35,122.55,2025,0,8600.0,CE
2015-08-12 09:18:00,122.2,122.75,120.6,120.6,2425,0,8600.0,CE
2015-08-12 09:19:00,121.45,121.45,120.4,120.5,550,0,8600.0,CE
2015-08-12 09:20:00,120.15,121.0,119.4,120.3,2100,0,8600.0,CE
2015-08-12 09:21:00,120.9,121.95,120.45,121.95,900,0,8600.0,CE
2015-08-12 09:22:00,121.1,122.35,120.7,122.35,1250,0,8600.0,CE
2015-08-12 09:23:00,122.65,124.55,121.7,124.35,2200,0,8600.0,CE
2015-08-12 09:24:00,124.25,124.25,122.05,123.65,1525,0,8600.0,CE
2015-08-12 09:25:00,123.35,123.85,122.95,122.95,200,0,8600.0,CE
2015-08-12 09:26:00,122.55,122.55,121.2,121.95,2875,0,8600.0,CE
2015-08-12 09:27:00,122.4,123.15,121.8,122.15,1375,0,8600.0,CE
2015-08-12 09:28:00,121.45,121.7,120.9,120.9,775,0,8600.0,CE
2015-08-12 09:29:00,121.2,121.5,120.95,121.45,250,0,8600.0,CE
2015-08-12 09:30:00,121.35,123.4,121.35,123.0,3750,0,8600.0,CE
2015-08-12 09:31:00,122.9,122.9,122.0,122.0,2025,0,8600.0,CE
2015-08-12 09:32:00,122.05,122.4,121.4,122.4,1325,0,8600.0,CE
2015-08-12 09:33:00,122.35,122.75,121.25,121.5,2225,0,8600.0,CE
2015-08-12 09:34:00,121.35,121.45,120.05,120.75,600,0,8600.0,CE
2015-08-12 09:35:00,120.85,120.9,120.0,120.0,6800,0,8600.0,CE
2015-08-12 09:36:00,119.55,119.55,117.35,117.35,6225,0,8600.0,CE
2015-08-12 09:37:00,117.5,118.65,117.1,118.05,600,0,8600.0,CE
2015-08-12 09:38:00,118.0,118.5,117.0,117.3,15750,0,8600.0,CE
2015-08-12 09:39:00,117.0,117.0,115.95,116.9,12100,0,8600.0,CE
2015-08-12 09:40:00,116.9,117.5,116.5,117.4,14800,0,8600.0,CE
2015-08-12 09:41:00,117.5,118.5,117.3,118.0,12600,0,8600.0,CE
2015-08-12 09:42:00,118.0,118.05,117.85,117.85,550,0,8600.0,CE
2015-08-12 09:43:00,117.2,117.2,115.6,116.45,5800,0,8600.0,CE
2015-08-12 09:44:00,115.4,115.4,113.05,113.45,3375,0,8600.0,CE
2015-08-12 09:45:00,113.4,114.45,112.0,112.0,3125,0,8600.0,CE
2015-08-12 09:46:00,113.0,115.0,112.95,115.0,5325,0,8600.0,CE
2015-08-12 09:47:00,114.8,115.25,113.35,114.0,1475,0,8600.0,CE
2015-08-12 09:48:00,114.0,115.35,113.3,113.3,3600,0,8600.0,CE
2015-08-12 09:49:00,113.3,114.3,113.0,113.95,1100,0,8600.0,CE
2015-08-12 09:50:00,114.15,114.15,112.5,112.5,7425,0,8600.0,CE
2015-08-12 09:51:00,112.3,112.3,110.7,112.1,14950,0,8600.0,CE
2015-08-12 09:52:00,112.0,112.9,111.85,112.4,2625,0,8600.0,CE
2015-08-12 09:53:00,113.0,113.0,112.15,112.85,2000,0,8600.0,CE
2015-08-12 09:54:00,113.0,114.35,113.0,114.25,725,0,8600.0,CE
2015-08-12 09:55:00,114.3,114.8,113.6,113.9,850,0,8600.0,CE
2015-08-12 09:56:00,114.15,114.15,111.75,111.9,1400,0,8600.0,CE
2015-08-12 09:57:00,112.4,113.0,112.25,113.0,525,0,8600.0,CE
2015-08-12 09:58:00,112.65,113.65,112.6,113.65,975,0,8600.0,CE
2015-08-12 09:59:00,113.7,113.8,113.3,113.7,1125,0,8600.0,CE
2015-08-12 10:00:00,113.9,115.4,113.45,115.4,1900,0,8600.0,CE
2015-08-12 10:01:00,115.75,115.75,115.55,115.55,250,0,8600.0,CE
2015-08-12 10:02:00,116.0,117.85,116.0,117.65,1500,0,8600.0,CE
2015-08-12 10:03:00,117.7,117.7,117.05,117.05,725,0,8600.0,CE
2015-08-12 10:04:00,117.2,117.9,116.7,117.75,1775,0,8600.0,CE
2015-08-12 10:05:00,117.75,117.8,115.8,115.8,675,0,8600.0,CE
2015-08-12 10:06:00,115.75,116.55,115.0,116.55,1975,0,8600.0,CE
2015-08-12 10:07:00,116.7,116.85,115.2,116.85,2100,0,8600.0,CE
2015-08-12 10:08:00,116.9,118.3,116.9,117.85,300,0,8600.0,CE
2015-08-12 10:09:00,118.3,118.75,117.75,118.1,800,0,8600.0,CE
2015-08-12 10:10:00,118.2,118.9,118.2,118.25,800,0,8600.0,CE
2015-08-12 10:11:00,118.05,118.25,118.05,118.25,175,0,8600.0,CE
2015-08-12 10:13:00,117.1,118.3,117.1,118.3,75,0,8600.0,CE
2015-08-12 10:14:00,117.9,118.3,117.9,118.3,650,0,8600.0,CE
2015-08-12 10:15:00,118.45,118.45,117.55,117.55,500,0,8600.0,CE
2015-08-12 10:16:00,118.2,119.0,118.2,119.0,1375,0,8600.0,CE
2015-08-12 10:17:00,118.55,119.35,118.55,119.35,1575,0,8600.0,CE
2015-08-12 10:18:00,119.2,120.55,119.0,119.9,2275,0,8600.0,CE
2015-08-12 10:19:00,119.8,120.8,119.8,120.1,3250,0,8600.0,CE
2015-08-12 10:20:00,120.5,120.8,119.85,120.8,2575,0,8600.0,CE
2015-08-12 10:21:00,120.95,121.25,120.0,120.0,1200,0,8600.0,CE
2015-08-12 10:22:00,119.55,119.55,118.85,119.3,350,0,8600.0,CE
2015-08-12 10:23:00,119.55,120.1,119.55,120.1,900,0,8600.0,CE
2015-08-12 10:24:00,119.9,120.5,119.85,120.35,1775,0,8600.0,CE
2015-08-12 10:25:00,121.0,121.3,120.7,121.2,6325,0,8600.0,CE
2015-08-12 10:26:00,121.05,121.05,120.5,120.5,1125,0,8600.0,CE
2015-08-12 10:27:00,120.1,120.3,119.6,119.85,250,0,8600.0,CE
2015-08-12 10:28:00,120.4,120.75,120.3,120.55,950,0,8600.0,CE
2015-08-12 10:29:00,120.55,121.0,120.35,120.85,1350,0,8600.0,CE
2015-08-12 10:30:00,121.0,121.55,120.95,121.0,1225,0,8600.0,CE
2015-08-12 10:31:00,121.2,121.6,121.2,121.6,275,0,8600.0,CE
2015-08-12 10:32:00,121.35,121.9,121.0,121.35,550,0,8600.0,CE
2015-08-12 10:33:00,121.0,121.0,120.0,120.4,725,0,8600.0,CE
2015-08-12 10:34:00,119.55,119.8,119.3,119.3,1000,0,8600.0,CE
2015-08-12 10:35:00,119.3,119.3,117.75,117.95,3600,0,8600.0,CE
2015-08-12 10:36:00,117.85,118.05,116.65,118.05,4925,0,8600.0,CE
2015-08-12 10:37:00,118.2,119.45,118.2,119.45,400,0,8600.0,CE
2015-08-12 10:38:00,119.25,119.25,118.4,118.65,350,0,8600.0,CE
2015-08-12 10:39:00,118.0,118.05,117.4,118.0,775,0,8600.0,CE
2015-08-12 10:40:00,118.45,119.1,118.45,118.9,275,0,8600.0,CE
2015-08-12 10:41:00,119.15,119.15,119.15,119.15,25,0,8600.0,CE
2015-08-12 10:42:00,119.35,119.35,119.0,119.0,150,0,8600.0,CE
2015-08-12 10:43:00,120.15,120.15,119.75,120.1,100,0,8600.0,CE
2015-08-12 10:44:00,120.35,121.0,120.35,120.5,275,0,8600.0,CE
2015-08-12 10:45:00,121.15,121.15,120.55,120.55,50,0,8600.0,CE
2015-08-12 10:46:00,121.8,124.7,121.8,123.25,3350,0,8600.0,CE
2015-08-12 10:47:00,123.5,127.0,123.5,125.55,2350,0,8600.0,CE
2015-08-12 10:48:00,125.8,127.6,125.4,125.6,1025,0,8600.0,CE
2015-08-12 10:49:00,125.0,125.0,123.6,123.6,425,0,8600.0,CE
2015-08-12 10:50:00,123.5,124.6,123.5,124.35,600,0,8600.0,CE
2015-08-12 10:51:00,124.9,124.9,123.8,123.8,350,0,8600.0,CE
2015-08-12 10:52:00,122.6,122.65,122.0,122.0,500,0,8600.0,CE
2015-08-12 10:53:00,121.7,122.15,121.7,122.15,100,0,8600.0,CE
2015-08-12 10:54:00,121.4,121.4,120.5,120.5,200,0,8600.0,CE
2015-08-12 10:55:00,122.3,122.3,122.05,122.15,150,0,8600.0,CE
2015-08-12 10:56:00,122.25,122.9,122.0,122.0,1525,0,8600.0,CE
2015-08-12 10:57:00,122.25,122.25,121.45,121.45,150,0,8600.0,CE
2015-08-12 10:58:00,120.5,122.25,120.5,121.45,825,0,8600.0,CE
2015-08-12 10:59:00,120.95,122.5,120.95,122.5,2650,0,8600.0,CE
2015-08-12 11:00:00,122.5,122.6,122.5,122.5,3150,0,8600.0,CE
2015-08-12 11:01:00,121.9,121.9,121.55,121.85,325,0,8600.0,CE
2015-08-12 11:02:00,121.9,122.5,121.75,122.45,625,0,8600.0,CE
2015-08-12 11:03:00,123.7,124.35,123.1,124.35,850,0,8600.0,CE
2015-08-12 11:04:00,124.5,124.95,124.05,124.5,625,0,8600.0,CE
2015-08-12 11:05:00,124.75,124.85,123.75,123.75,2200,0,8600.0,CE
2015-08-12 11:06:00,123.55,123.8,122.8,122.9,1400,0,8600.0,CE
2015-08-12 11:07:00,123.3,123.4,122.85,122.85,150,0,8600.0,CE
2015-08-12 11:08:00,122.35,123.2,122.35,123.1,825,0,8600.0,CE
2015-08-12 11:09:00,122.75,122.75,122.25,122.25,100,0,8600.0,CE
2015-08-12 11:10:00,122.1,122.5,121.5,121.55,650,0,8600.0,CE
2015-08-12 11:11:00,121.85,121.85,120.3,120.5,975,0,8600.0,CE
2015-08-12 11:12:00,120.0,120.0,119.15,119.85,125,0,8600.0,CE
2015-08-12 11:13:00,119.85,120.0,119.85,120.0,250,0,8600.0,CE
2015-08-12 11:14:00,119.45,119.45,119.45,119.45,150,0,8600.0,CE
2015-08-12 11:15:00,118.15,118.65,118.0,118.65,1100,0,8600.0,CE
2015-08-12 11:16:00,119.0,119.0,118.0,118.0,1825,0,8600.0,CE
2015-08-12 11:18:00,118.05,118.05,116.4,117.25,1325,0,8600.0,CE
2015-08-12 11:19:00,117.45,117.45,116.95,116.95,175,0,8600.0,CE
2015-08-12 11:20:00,117.2,117.75,116.85,117.75,850,0,8600.0,CE
2015-08-12 11:21:00,118.35,118.35,117.9,117.9,175,0,8600.0,CE
2015-08-12 11:22:00,117.2,119.2,117.2,119.2,350,0,8600.0,CE
2015-08-12 11:23:00,118.1,118.1,116.75,117.35,250,0,8600.0,CE
2015-08-12 11:24:00,117.8,118.05,117.8,118.05,200,0,8600.0,CE
2015-08-12 11:25:00,118.1,118.3,117.3,118.0,925,0,8600.0,CE
2015-08-12 11:26:00,117.85,118.05,117.85,118.05,75,0,8600.0,CE
2015-08-12 11:27:00,118.25,118.25,117.7,117.7,325,0,8600.0,CE
2015-08-12 11:30:00,117.2,117.2,117.1,117.1,150,0,8600.0,CE
2015-08-12 11:31:00,116.75,117.45,116.75,117.45,150,0,8600.0,CE
2015-08-12 11:32:00,117.3,117.3,117.3,117.3,125,0,8600.0,CE
2015-08-12 11:33:00,117.3,117.3,117.0,117.0,175,0,8600.0,CE
2015-08-12 11:34:00,116.9,117.6,116.9,117.6,75,0,8600.0,CE
2015-08-12 11:35:00,118.6,124.45,118.6,124.45,3325,0,8600.0,CE
2015-08-12 11:36:00,125.0,125.45,121.35,122.25,5175,0,8600.0,CE
2015-08-12 11:37:00,122.35,123.1,122.35,123.1,575,0,8600.0,CE
2015-08-12 11:38:00,122.4,122.4,119.7,119.7,700,0,8600.0,CE
2015-08-12 11:39:00,122.9,122.9,120.25,121.25,1775,0,8600.0,CE
2015-08-12 11:41:00,121.95,121.95,121.2,121.2,275,0,8600.0,CE
2015-08-12 11:42:00,120.25,120.25,120.25,120.25,100,0,8600.0,CE
2015-08-12 11:43:00,120.15,121.7,120.15,121.7,200,0,8600.0,CE
2015-08-12 11:44:00,121.25,122.2,120.8,120.8,225,0,8600.0,CE
2015-08-12 11:45:00,121.7,121.75,121.7,121.7,375,0,8600.0,CE
2015-08-12 11:46:00,122.75,123.35,122.75,123.05,375,0,8600.0,CE
2015-08-12 11:47:00,122.25,123.7,122.1,123.7,225,0,8600.0,CE
2015-08-12 11:48:00,123.2,123.2,122.4,122.6,400,0,8600.0,CE
2015-08-12 11:49:00,122.35,123.15,121.95,122.5,1125,0,8600.0,CE
2015-08-12 11:50:00,123.1,123.45,122.7,123.1,250,0,8600.0,CE
2015-08-12 11:51:00,123.8,125.15,123.7,124.05,400,0,8600.0,CE
2015-08-12 11:52:00,123.1,124.75,123.1,124.75,150,0,8600.0,CE
2015-08-12 11:53:00,124.55,124.55,124.4,124.4,425,0,8600.0,CE
2015-08-12 11:54:00,124.95,124.95,124.1,124.55,825,0,8600.0,CE
2015-08-12 11:55:00,124.55,125.1,124.55,125.1,150,0,8600.0,CE
2015-08-12 11:56:00,125.0,125.0,122.95,122.95,450,0,8600.0,CE
2015-08-12 11:58:00,123.2,123.2,122.75,122.75,375,0,8600.0,CE
2015-08-12 11:59:00,124.0,124.0,123.8,123.8,250,0,8600.0,CE
2015-08-12 12:00:00,122.35,122.35,122.3,122.3,100,0,8600.0,CE
2015-08-12 12:01:00,122.15,122.15,122.15,122.15,50,0,8600.0,CE
2015-08-12 12:02:00,122.5,122.5,121.95,121.95,600,0,8600.0,CE
2015-08-12 12:03:00,121.95,121.95,120.9,120.9,500,0,8600.0,CE
2015-08-12 12:04:00,120.65,121.65,120.65,120.85,575,0,8600.0,CE
2015-08-12 12:05:00,121.45,121.45,121.35,121.35,350,0,8600.0,CE
2015-08-12 12:06:00,121.55,121.55,121.55,121.55,75,0,8600.0,CE
2015-08-12 12:07:00,123.0,123.0,122.3,122.4,675,0,8600.0,CE
2015-08-12 12:08:00,121.35,121.35,121.25,121.25,625,0,8600.0,CE
2015-08-12 12:09:00,121.0,121.05,120.7,120.7,775,0,8600.0,CE
2015-08-12 12:10:00,120.45,121.0,120.45,121.0,175,0,8600.0,CE
2015-08-12 12:11:00,121.7,121.7,121.7,121.7,25,0,8600.0,CE
2015-08-12 12:12:00,120.0,121.0,120.0,120.65,250,0,8600.0,CE
2015-08-12 12:13:00,119.8,120.75,119.4,120.75,825,0,8600.0,CE
2015-08-12 12:14:00,120.0,120.0,120.0,120.0,25,0,8600.0,CE
2015-08-12 12:15:00,120.8,120.8,120.8,120.8,100,0,8600.0,CE
2015-08-12 12:16:00,121.65,121.65,121.65,121.65,25,0,8600.0,CE
2015-08-12 12:17:00,122.15,122.15,121.25,121.3,500,0,8600.0,CE
2015-08-12 12:18:00,121.5,121.5,120.55,120.55,50,0,8600.0,CE
2015-08-12 12:19:00,120.05,120.05,120.05,120.05,100,0,8600.0,CE
2015-08-12 12:20:00,120.5,120.9,120.5,120.9,100,0,8600.0,CE
2015-08-12 12:21:00,120.3,120.65,120.0,120.65,2175,0,8600.0,CE
2015-08-12 12:22:00,120.5,121.45,120.5,121.45,75,0,8600.0,CE
2015-08-12 12:23:00,121.25,121.25,120.35,120.85,100,0,8600.0,CE
2015-08-12 12:24:00,120.8,120.8,120.8,120.8,25,0,8600.0,CE
2015-08-12 12:25:00,120.2,120.2,120.0,120.0,225,0,8600.0,CE
2015-08-12 12:26:00,119.7,119.7,119.4,119.65,950,0,8600.0,CE
2015-08-12 12:27:00,120.45,120.7,119.95,120.1,925,0,8600.0,CE
2015-08-12 12:28:00,120.7,120.85,120.45,120.85,1275,0,8600.0,CE
2015-08-12 12:29:00,120.8,120.8,120.75,120.75,975,0,8600.0,CE
2015-08-12 12:30:00,120.5,120.6,120.3,120.6,500,0,8600.0,CE
2015-08-12 12:31:00,119.45,120.0,119.1,120.0,775,0,8600.0,CE
2015-08-12 12:32:00,119.7,120.0,119.7,120.0,175,0,8600.0,CE
2015-08-12 12:33:00,121.0,121.0,121.0,121.0,25,0,8600.0,CE
2015-08-12 12:34:00,121.05,121.85,121.05,121.75,600,0,8600.0,CE
2015-08-12 12:35:00,120.8,121.55,120.8,121.55,200,0,8600.0,CE
2015-08-12 12:36:00,120.1,120.1,120.1,120.1,25,0,8600.0,CE
2015-08-12 12:37:00,120.25,120.25,120.15,120.15,200,0,8600.0,CE
2015-08-12 12:38:00,121.0,121.0,120.65,120.65,50,0,8600.0,CE
2015-08-12 12:39:00,120.5,120.5,120.5,120.5,25,0,8600.0,CE
2015-08-12 12:40:00,120.1,120.1,119.1,119.1,100,0,8600.0,CE
2015-08-12 12:41:00,119.0,120.25,119.0,119.3,200,0,8600.0,CE
2015-08-12 12:42:00,120.0,120.5,120.0,120.5,75,0,8600.0,CE
2015-08-12 12:43:00,121.0,121.3,119.4,120.1,675,0,8600.0,CE
2015-08-12 12:44:00,119.25,119.4,118.0,119.4,350,0,8600.0,CE
2015-08-12 12:45:00,119.4,119.4,117.1,117.1,625,0,8600.0,CE
2015-08-12 12:46:00,118.15,118.45,116.0,116.05,400,0,8600.0,CE
2015-08-12 12:47:00,116.0,117.3,116.0,116.95,150,0,8600.0,CE
2015-08-12 12:48:00,117.5,117.5,116.0,116.7,575,0,8600.0,CE
2015-08-12 12:49:00,116.5,117.0,116.5,117.0,125,0,8600.0,CE
2015-08-12 12:50:00,117.65,117.65,117.05,117.05,100,0,8600.0,CE
2015-08-12 12:51:00,116.85,116.9,115.0,115.15,800,0,8600.0,CE
2015-08-12 12:52:00,116.05,116.9,115.1,115.1,1625,0,8600.0,CE
2015-08-12 12:53:00,116.65,116.65,115.35,116.2,1300,0,8600.0,CE
2015-08-12 12:54:00,116.1,117.4,116.1,117.4,150,0,8600.0,CE
2015-08-12 12:55:00,116.05,116.25,114.55,115.55,2925,0,8600.0,CE
2015-08-12 12:56:00,115.5,115.55,115.0,115.0,600,0,8600.0,CE
2015-08-12 12:57:00,115.65,115.65,115.0,115.1,1175,0,8600.0,CE
2015-08-12 12:58:00,115.3,115.35,112.0,112.0,4450,0,8600.0,CE
2015-08-12 12:59:00,112.85,112.85,111.6,112.1,2325,0,8600.0,CE
2015-08-12 13:00:00,112.35,114.4,111.8,114.05,5225,0,8600.0,CE
2015-08-12 13:01:00,114.15,116.2,114.15,115.1,2025,0,8600.0,CE
2015-08-12 13:02:00,115.35,115.95,115.05,115.05,725,0,8600.0,CE
2015-08-12 13:03:00,114.3,115.7,114.1,115.7,500,0,8600.0,CE
2015-08-12 13:04:00,115.25,115.25,113.45,113.45,225,0,8600.0,CE
2015-08-12 13:05:00,113.8,114.5,113.35,114.5,2100,0,8600.0,CE
2015-08-12 13:06:00,113.95,113.95,112.8,112.8,425,0,8600.0,CE
2015-08-12 13:07:00,112.5,112.75,111.7,112.75,325,0,8600.0,CE
2015-08-12 13:08:00,111.35,112.05,109.7,110.65,7425,0,8600.0,CE
2015-08-12 13:09:00,111.75,113.2,111.4,112.05,1225,0,8600.0,CE
2015-08-12 13:10:00,112.0,113.15,110.25,110.25,1225,0,8600.0,CE
2015-08-12 13:11:00,110.25,112.55,109.45,109.45,2475,0,8600.0,CE
2015-08-12 13:12:00,109.95,110.9,108.85,110.9,1000,0,8600.0,CE
2015-08-12 13:13:00,112.15,112.45,111.95,112.3,300,0,8600.0,CE
2015-08-12 13:14:00,112.35,114.3,112.35,114.3,575,0,8600.0,CE
2015-08-12 13:15:00,113.45,113.55,112.25,112.4,2275,0,8600.0,CE
2015-08-12 13:16:00,111.95,113.25,111.75,112.8,950,0,8600.0,CE
2015-08-12 13:17:00,113.35,113.35,111.85,112.35,775,0,8600.0,CE
2015-08-12 13:18:00,111.75,114.25,111.75,114.25,2525,0,8600.0,CE
2015-08-12 13:19:00,114.3,115.0,114.1,114.4,450,0,8600.0,CE
2015-08-12 13:20:00,114.9,114.9,113.85,113.85,425,0,8600.0,CE
2015-08-12 13:21:00,115.0,116.75,115.0,116.45,1000,0,8600.0,CE
2015-08-12 13:22:00,116.0,117.25,116.0,117.25,900,0,8600.0,CE
2015-08-12 13:23:00,118.45,119.1,118.3,118.95,2250,0,8600.0,CE
2015-08-12 13:24:00,118.75,118.95,118.05,118.35,1750,0,8600.0,CE
2015-08-12 13:25:00,119.0,119.75,119.0,119.75,1100,0,8600.0,CE
2015-08-12 13:26:00,118.55,118.85,117.65,117.7,1600,0,8600.0,CE
2015-08-12 13:27:00,117.2,117.2,116.2,117.0,525,0,8600.0,CE
2015-08-12 13:28:00,116.6,116.9,116.05,116.1,1950,0,8600.0,CE
2015-08-12 13:29:00,116.1,116.65,115.75,116.65,1850,0,8600.0,CE
2015-08-12 13:30:00,117.3,117.3,117.3,117.3,50,0,8600.0,CE
2015-08-12 13:31:00,116.7,116.85,115.5,115.55,1750,0,8600.0,CE
2015-08-12 13:32:00,115.45,115.45,115.25,115.25,225,0,8600.0,CE
2015-08-12 13:33:00,116.15,116.85,115.65,116.45,1875,0,8600.0,CE
2015-08-12 13:34:00,117.25,117.45,116.4,117.45,625,0,8600.0,CE
2015-08-12 13:35:00,116.05,116.05,114.75,114.8,700,0,8600.0,CE
2015-08-12 13:36:00,115.2,116.6,115.2,116.55,1475,0,8600.0,CE
2015-08-12 13:37:00,115.95,116.75,115.2,115.2,250,0,8600.0,CE
2015-08-12 13:38:00,115.4,115.65,114.9,114.9,1200,0,8600.0,CE
2015-08-12 13:39:00,114.4,115.95,114.4,115.95,425,0,8600.0,CE
2015-08-12 13:40:00,116.05,116.7,115.6,115.6,575,0,8600.0,CE
2015-08-12 13:41:00,115.85,116.45,115.85,115.9,300,0,8600.0,CE
2015-08-12 13:42:00,115.0,115.1,113.65,113.65,650,0,8600.0,CE
2015-08-12 13:46:00,114.45,114.65,114.45,114.65,275,0,8600.0,CE
2015-08-12 13:47:00,114.55,115.35,113.5,115.35,450,0,8600.0,CE
2015-08-12 13:48:00,115.45,115.75,115.45,115.75,150,0,8600.0,CE
2015-08-12 13:49:00,115.65,115.8,115.65,115.8,300,0,8600.0,CE
2015-08-12 13:50:00,115.7,115.7,114.9,114.9,75,0,8600.0,CE
2015-08-12 13:51:00,114.85,115.4,114.0,114.05,350,0,8600.0,CE
2015-08-12 13:52:00,113.9,113.9,113.0,113.0,175,0,8600.0,CE
2015-08-12 13:53:00,114.0,114.0,114.0,114.0,50,0,8600.0,CE
2015-08-12 13:54:00,113.25,113.25,112.15,112.15,150,0,8600.0,CE
2015-08-12 13:55:00,112.2,112.2,111.2,111.5,725,0,8600.0,CE
2015-08-12 13:56:00,111.65,112.1,111.4,111.4,1225,0,8600.0,CE
2015-08-12 13:57:00,110.5,111.7,110.25,111.7,525,0,8600.0,CE
2015-08-12 13:58:00,112.55,114.1,112.55,114.1,300,0,8600.0,CE
2015-08-12 13:59:00,114.0,114.55,114.0,114.1,775,0,8600.0,CE
2015-08-12 14:00:00,114.05,114.1,111.5,111.5,925,0,8600.0,CE
2015-08-12 14:01:00,111.75,111.75,111.35,111.35,300,0,8600.0,CE
2015-08-12 14:02:00,112.1,112.1,111.7,111.75,350,0,8600.0,CE
2015-08-12 14:03:00,111.5,111.9,109.65,111.05,1325,0,8600.0,CE
2015-08-12 14:04:00,110.8,111.75,110.8,111.75,150,0,8600.0,CE
2015-08-12 14:05:00,109.75,109.75,108.4,109.4,425,0,8600.0,CE
2015-08-12 14:06:00,108.2,108.2,105.7,106.9,2825,0,8600.0,CE
2015-08-12 14:07:00,106.5,107.65,106.0,106.55,4375,0,8600.0,CE
2015-08-12 14:08:00,107.15,108.55,107.0,107.25,2900,0,8600.0,CE
2015-08-12 14:09:00,107.45,107.55,106.9,106.9,2050,0,8600.0,CE
2015-08-12 14:10:00,106.9,107.9,106.9,107.7,225,0,8600.0,CE
2015-08-12 14:11:00,108.0,108.0,107.6,107.8,1050,0,8600.0,CE
2015-08-12 14:12:00,107.3,107.3,106.0,107.0,3750,0,8600.0,CE
2015-08-12 14:13:00,106.6,107.05,106.2,106.2,625,0,8600.0,CE
2015-08-12 14:14:00,106.0,107.0,105.0,105.0,3175,0,8600.0,CE
2015-08-12 14:15:00,104.4,105.0,103.4,104.3,2300,0,8600.0,CE
2015-08-12 14:16:00,104.15,106.15,103.95,106.0,1475,0,8600.0,CE
2015-08-12 14:17:00,105.5,105.5,104.95,104.95,200,0,8600.0,CE
2015-08-12 14:18:00,105.9,107.25,105.9,107.25,600,0,8600.0,CE
2015-08-12 14:19:00,107.2,107.5,107.2,107.5,1125,0,8600.0,CE
2015-08-12 14:20:00,107.5,108.2,106.3,106.45,1625,0,8600.0,CE
2015-08-12 14:21:00,106.65,106.8,106.55,106.6,300,0,8600.0,CE
2015-08-12 14:22:00,105.7,105.7,104.9,104.9,325,0,8600.0,CE
2015-08-12 14:23:00,104.6,105.0,104.6,104.65,375,0,8600.0,CE
2015-08-12 14:24:00,104.25,104.45,103.55,103.75,500,0,8600.0,CE
2015-08-12 14:25:00,103.35,103.7,101.5,102.85,1450,0,8600.0,CE
2015-08-12 14:26:00,102.0,102.6,100.8,101.2,2450,0,8600.0,CE
2015-08-12 14:27:00,101.0,101.05,100.25,101.0,625,0,8600.0,CE
2015-08-12 14:28:00,102.0,102.0,100.65,100.65,8850,0,8600.0,CE
2015-08-12 14:29:00,100.85,101.5,100.85,101.1,1850,0,8600.0,CE
2015-08-12 14:30:00,101.35,102.6,101.15,102.35,4350,0,8600.0,CE
2015-08-12 14:31:00,102.55,103.75,102.3,103.6,2650,0,8600.0,CE
2015-08-12 14:32:00,103.55,104.45,103.35,103.55,2950,0,8600.0,CE
2015-08-12 14:33:00,103.7,103.85,103.45,103.85,600,0,8600.0,CE
2015-08-12 14:34:00,103.35,103.35,102.95,102.95,225,0,8600.0,CE
2015-08-12 14:35:00,102.45,102.55,101.0,101.15,1825,0,8600.0,CE
2015-08-12 14:36:00,101.1,101.95,101.1,101.95,725,0,8600.0,CE
2015-08-12 14:37:00,101.2,102.45,100.85,102.45,950,0,8600.0,CE
2015-08-12 14:38:00,101.85,102.15,101.3,102.1,2300,0,8600.0,CE
2015-08-12 14:39:00,102.3,104.35,102.15,103.6,2525,0,8600.0,CE
2015-08-12 14:40:00,103.35,103.5,103.15,103.5,250,0,8600.0,CE
2015-08-12 14:41:00,103.5,103.5,103.1,103.4,1375,0,8600.0,CE
2015-08-12 14:42:00,103.4,104.0,103.4,104.0,75,0,8600.0,CE
2015-08-12 14:43:00,103.35,104.75,103.35,104.75,575,0,8600.0,CE
2015-08-12 14:44:00,104.9,106.55,104.9,105.75,2375,0,8600.0,CE
2015-08-12 14:45:00,105.05,105.15,103.5,104.6,400,0,8600.0,CE
2015-08-12 14:46:00,104.05,104.45,104.0,104.0,475,0,8600.0,CE
2015-08-12 14:47:00,105.75,107.1,105.75,107.1,1250,0,8600.0,CE
2015-08-12 14:48:00,106.95,106.95,105.85,106.25,300,0,8600.0,CE
2015-08-12 14:49:00,105.05,105.05,104.2,104.2,925,0,8600.0,CE
2015-08-12 14:50:00,103.65,104.05,103.65,104.05,325,0,8600.0,CE
2015-08-12 14:51:00,104.15,104.8,104.0,104.2,2050,0,8600.0,CE
2015-08-12 14:52:00,104.75,104.75,103.3,103.3,300,0,8600.0,CE
2015-08-12 14:53:00,103.1,104.0,103.1,103.75,4750,0,8600.0,CE
2015-08-12 14:54:00,103.85,103.85,103.5,103.7,150,0,8600.0,CE
2015-08-12 14:55:00,103.55,104.35,103.05,104.0,1625,0,8600.0,CE
2015-08-12 14:56:00,103.9,103.9,102.1,102.35,950,0,8600.0,CE
2015-08-12 14:57:00,102.3,102.9,101.9,102.8,600,0,8600.0,CE
2015-08-12 14:58:00,102.9,103.65,102.9,103.55,900,0,8600.0,CE
2015-08-12 14:59:00,104.0,104.5,103.55,104.0,2050,0,8600.0,CE
2015-08-12 15:00:00,103.55,103.95,103.1,103.1,850,0,8600.0,CE
2015-08-12 15:01:00,102.6,102.85,102.25,102.25,100,0,8600.0,CE
2015-08-12 15:02:00,101.85,102.0,101.85,102.0,475,0,8600.0,CE
2015-08-12 15:03:00,101.3,101.3,99.1,99.65,4250,0,8600.0,CE
2015-08-12 15:04:00,99.25,99.6,99.0,99.35,1375,0,8600.0,CE
2015-08-12 15:05:00,99.35,99.35,98.75,99.0,2475,0,8600.0,CE
2015-08-12 15:06:00,98.95,99.0,98.6,98.75,4750,0,8600.0,CE
2015-08-12 15:07:00,99.35,99.35,97.8,98.0,1250,0,8600.0,CE
2015-08-12 15:08:00,98.15,99.3,98.15,99.3,1425,0,8600.0,CE
2015-08-12 15:09:00,99.0,99.35,97.95,98.0,2000,0,8600.0,CE
2015-08-12 15:10:00,97.4,98.0,97.0,97.6,2425,0,8600.0,CE
2015-08-12 15:11:00,97.95,98.75,97.95,98.75,1900,0,8600.0,CE
2015-08-12 15:12:00,98.6,98.8,98.2,98.2,725,0,8600.0,CE
2015-08-12 15:13:00,98.2,98.2,96.35,98.1,1550,0,8600.0,CE
2015-08-12 15:14:00,97.95,99.25,97.95,98.85,900,0,8600.0,CE
2015-08-12 15:15:00,98.15,98.85,97.5,98.85,4100,0,8600.0,CE
2015-08-12 15:16:00,98.75,98.75,98.0,98.2,475,0,8600.0,CE
2015-08-12 15:17:00,98.5,98.5,97.85,97.85,175,0,8600.0,CE
2015-08-12 15:18:00,97.9,98.0,97.5,98.0,800,0,8600.0,CE
2015-08-12 15:19:00,98.0,98.85,98.0,98.75,4875,0,8600.0,CE
2015-08-12 15:20:00,99.0,100.0,99.0,100.0,2375,0,8600.0,CE
2015-08-12 15:21:00,100.25,101.3,99.9,100.95,4125,0,8600.0,CE
2015-08-12 15:22:00,101.3,101.75,100.85,101.75,4550,0,8600.0,CE
2015-08-12 15:23:00,101.2,101.9,100.55,100.9,6150,0,8600.0,CE
2015-08-12 15:24:00,101.55,101.55,100.65,100.8,2975,0,8600.0,CE
2015-08-12 15:25:00,100.7,101.2,100.5,101.0,3975,0,8600.0,CE
2015-08-12 15:26:00,101.0,101.0,100.8,101.0,2600,0,8600.0,CE
2015-08-12 15:27:00,100.45,100.5,100.1,100.1,1375,0,8600.0,CE
2015-08-12 15:28:00,100.7,101.75,100.35,101.75,2450,0,8600.0,CE
2015-08-12 15:29:00,101.5,102.8,100.9,102.8,3475,0,8600.0,CE
2015-08-13 09:15:00,109.2,115.0,109.2,115.0,5650,0,8600.0,CE
2015-08-13 09:16:00,115.0,116.0,114.2,115.15,7800,0,8600.0,CE
2015-08-13 09:17:00,115.35,117.3,114.9,116.9,7325,0,8600.0,CE
2015-08-13 09:18:00,116.1,116.1,114.1,115.2,4075,0,8600.0,CE
2015-08-13 09:19:00,115.65,117.0,115.65,117.0,4225,0,8600.0,CE
2015-08-13 09:20:00,116.95,118.8,116.15,118.4,5850,0,8600.0,CE
2015-08-13 09:21:00,118.4,118.4,116.05,116.05,2875,0,8600.0,CE
2015-08-13 09:22:00,116.1,116.6,115.1,115.4,3725,0,8600.0,CE
2015-08-13 09:23:00,115.2,117.05,115.0,117.05,875,0,8600.0,CE
2015-08-13 09:24:00,116.6,117.5,115.85,116.2,2175,0,8600.0,CE
2015-08-13 09:25:00,116.7,119.5,116.7,117.75,3825,0,8600.0,CE
2015-08-13 09:26:00,118.65,119.2,118.0,118.0,450,0,8600.0,CE
2015-08-13 09:27:00,117.55,118.0,117.55,118.0,800,0,8600.0,CE
2015-08-13 09:28:00,117.55,117.55,116.75,117.15,775,0,8600.0,CE
2015-08-13 09:29:00,116.8,118.1,116.8,118.1,1775,0,8600.0,CE
2015-08-13 09:30:00,118.5,120.0,118.5,119.1,2475,0,8600.0,CE
2015-08-13 09:31:00,119.2,120.4,119.0,119.15,4900,0,8600.0,CE
2015-08-13 09:32:00,119.1,119.1,116.6,116.8,1275,0,8600.0,CE
2015-08-13 09:33:00,117.35,117.45,116.35,116.85,3825,0,8600.0,CE
2015-08-13 09:34:00,117.0,118.2,117.0,118.0,1775,0,8600.0,CE
2015-08-13 09:35:00,118.2,118.25,117.6,118.0,1150,0,8600.0,CE
2015-08-13 09:36:00,118.2,118.65,117.7,118.65,725,0,8600.0,CE
2015-08-13 09:37:00,118.8,118.8,118.45,118.55,850,0,8600.0,CE
2015-08-13 09:38:00,118.2,118.35,117.8,117.85,1325,0,8600.0,CE
2015-08-13 09:39:00,117.9,118.3,117.7,118.3,650,0,8600.0,CE
2015-08-13 09:40:00,118.05,118.3,117.0,117.0,1700,0,8600.0,CE
2015-08-13 09:41:00,117.2,117.35,116.65,116.65,700,0,8600.0,CE
2015-08-13 09:42:00,116.65,116.65,115.55,115.55,2325,0,8600.0,CE
2015-08-13 09:43:00,115.4,116.0,114.35,114.8,2800,0,8600.0,CE
2015-08-13 09:44:00,114.9,115.0,114.05,114.05,575,0,8600.0,CE
2015-08-13 09:45:00,114.25,115.5,113.8,115.5,1275,0,8600.0,CE
2015-08-13 09:46:00,116.6,116.6,115.1,116.3,4150,0,8600.0,CE
2015-08-13 09:47:00,116.15,116.5,115.95,116.05,2675,0,8600.0,CE
2015-08-13 09:48:00,116.0,116.65,115.35,116.6,1150,0,8600.0,CE
2015-08-13 09:49:00,116.85,116.85,115.85,115.85,1200,0,8600.0,CE
2015-08-13 09:50:00,115.85,116.8,115.25,116.1,1500,0,8600.0,CE
2015-08-13 09:51:00,116.35,116.35,116.35,116.35,25,0,8600.0,CE
2015-08-13 09:52:00,115.8,115.8,115.3,115.65,275,0,8600.0,CE
2015-08-13 09:53:00,115.75,116.2,115.75,115.75,550,0,8600.0,CE
2015-08-13 09:54:00,115.45,115.95,115.45,115.95,1500,0,8600.0,CE
2015-08-13 09:55:00,115.9,115.9,114.45,114.7,1625,0,8600.0,CE
2015-08-13 09:56:00,114.1,114.7,113.55,113.55,4175,0,8600.0,CE
2015-08-13 09:57:00,113.75,114.15,112.8,113.8,5175,0,8600.0,CE
2015-08-13 09:58:00,114.0,114.0,113.25,114.0,2275,0,8600.0,CE
2015-08-13 09:59:00,114.0,114.0,112.0,112.0,1150,0,8600.0,CE
2015-08-13 10:00:00,111.85,112.4,111.8,111.85,1575,0,8600.0,CE
2015-08-13 10:01:00,111.85,113.5,111.7,112.7,2100,0,8600.0,CE
2015-08-13 10:02:00,112.65,112.65,111.4,112.2,3375,0,8600.0,CE
2015-08-13 10:03:00,112.0,112.55,111.55,112.55,5800,0,8600.0,CE
2015-08-13 10:04:00,112.15,113.6,112.15,113.25,1400,0,8600.0,CE
2015-08-13 10:05:00,113.0,113.05,113.0,113.05,325,0,8600.0,CE
2015-08-13 10:06:00,114.15,114.95,114.15,114.2,2000,0,8600.0,CE
2015-08-13 10:07:00,113.65,113.85,113.0,113.0,1075,0,8600.0,CE
2015-08-13 10:08:00,113.2,113.4,113.2,113.35,700,0,8600.0,CE
2015-08-13 10:09:00,113.65,113.65,113.4,113.4,600,0,8600.0,CE
2015-08-13 10:10:00,113.4,113.9,113.4,113.6,275,0,8600.0,CE
2015-08-13 10:11:00,113.6,113.6,113.35,113.35,8550,0,8600.0,CE
2015-08-13 10:12:00,113.35,113.35,111.8,111.8,3250,0,8600.0,CE
2015-08-13 10:13:00,111.1,111.1,110.4,111.0,8825,0,8600.0,CE
2015-08-13 10:14:00,111.0,111.25,111.0,111.0,2950,0,8600.0,CE
2015-08-13 10:15:00,111.0,111.1,110.3,110.3,10700,0,8600.0,CE
2015-08-13 10:16:00,110.5,110.5,108.85,109.35,4400,0,8600.0,CE
2015-08-13 10:17:00,109.45,109.5,108.55,109.4,675,0,8600.0,CE
2015-08-13 10:18:00,110.0,110.55,108.2,108.25,1575,0,8600.0,CE
2015-08-13 10:19:00,108.5,109.8,108.5,109.6,925,0,8600.0,CE
2015-08-13 10:20:00,108.6,109.85,107.7,109.85,1850,0,8600.0,CE
2015-08-13 10:21:00,110.45,110.5,109.55,110.25,6225,0,8600.0,CE
2015-08-13 10:22:00,109.5,109.5,109.5,109.5,300,0,8600.0,CE
2015-08-13 10:23:00,110.45,111.5,110.45,111.5,2425,0,8600.0,CE
2015-08-13 10:24:00,111.5,112.45,111.3,111.95,675,0,8600.0,CE
2015-08-13 10:25:00,111.75,112.5,111.75,111.95,1525,0,8600.0,CE
2015-08-13 10:26:00,111.0,111.75,111.0,111.75,150,0,8600.0,CE
2015-08-13 10:27:00,111.75,111.75,110.75,110.75,800,0,8600.0,CE
2015-08-13 10:28:00,110.45,110.65,110.0,110.45,1200,0,8600.0,CE
2015-08-13 10:29:00,110.4,110.5,110.4,110.5,125,0,8600.0,CE
2015-08-13 10:30:00,110.1,110.1,107.75,108.75,975,0,8600.0,CE
2015-08-13 10:31:00,108.8,108.9,108.65,108.9,375,0,8600.0,CE
2015-08-13 10:32:00,109.65,110.55,109.5,110.55,875,0,8600.0,CE
2015-08-13 10:33:00,110.05,111.1,110.05,111.1,225,0,8600.0,CE
2015-08-13 10:34:00,111.5,111.9,110.95,111.9,425,0,8600.0,CE
2015-08-13 10:35:00,112.25,112.4,112.25,112.4,300,0,8600.0,CE
2015-08-13 10:36:00,111.9,111.9,110.25,110.7,1000,0,8600.0,CE
2015-08-13 10:37:00,110.9,110.9,110.45,110.45,100,0,8600.0,CE
2015-08-13 10:38:00,110.45,110.45,110.45,110.45,225,0,8600.0,CE
2015-08-13 10:39:00,111.25,111.5,111.1,111.5,650,0,8600.0,CE
2015-08-13 10:40:00,112.3,112.8,112.2,112.55,1325,0,8600.0,CE
2015-08-13 10:41:00,112.95,113.0,112.8,112.8,350,0,8600.0,CE
2015-08-13 10:42:00,112.3,112.6,111.7,111.8,375,0,8600.0,CE
2015-08-13 10:43:00,111.55,112.95,111.55,112.95,125,0,8600.0,CE
2015-08-13 10:44:00,113.35,113.35,112.95,113.1,275,0,8600.0,CE
2015-08-13 10:45:00,112.7,113.4,112.25,113.4,600,0,8600.0,CE
2015-08-13 10:46:00,112.95,113.85,112.95,113.85,200,0,8600.0,CE
2015-08-13 10:47:00,114.0,114.0,112.0,112.2,2200,0,8600.0,CE
2015-08-13 10:48:00,112.25,112.25,111.7,111.95,175,0,8600.0,CE
2015-08-13 10:49:00,112.9,112.9,112.9,112.9,75,0,8600.0,CE
2015-08-13 10:50:00,111.95,111.95,111.9,111.9,300,0,8600.0,CE
2015-08-13 10:51:00,112.0,112.0,111.05,111.05,425,0,8600.0,CE
2015-08-13 10:52:00,111.4,111.7,111.4,111.7,175,0,8600.0,CE
2015-08-13 10:53:00,111.7,111.7,111.05,111.05,50,0,8600.0,CE
2015-08-13 10:54:00,111.35,112.0,111.35,112.0,175,0,8600.0,CE
2015-08-13 10:55:00,112.0,112.95,112.0,112.85,1950,0,8600.0,CE
2015-08-13 10:56:00,113.0,113.55,113.0,113.55,725,0,8600.0,CE
2015-08-13 10:57:00,113.55,113.55,113.55,113.55,50,0,8600.0,CE
2015-08-13 10:58:00,113.4,113.4,112.75,112.95,200,0,8600.0,CE
2015-08-13 10:59:00,112.95,112.95,112.15,112.15,300,0,8600.0,CE
2015-08-13 11:00:00,111.85,112.4,111.85,112.4,150,0,8600.0,CE
2015-08-13 11:01:00,111.65,112.3,111.65,111.85,700,0,8600.0,CE
2015-08-13 11:02:00,112.2,112.85,111.8,112.65,100,0,8600.0,CE
2015-08-13 11:03:00,112.3,112.4,112.2,112.4,900,0,8600.0,CE
2015-08-13 11:04:00,111.7,111.75,111.3,111.45,450,0,8600.0,CE
2015-08-13 11:05:00,111.05,111.05,111.05,111.05,100,0,8600.0,CE
2015-08-13 11:06:00,112.15,112.2,111.95,111.95,150,0,8600.0,CE
2015-08-13 11:07:00,112.45,112.45,112.45,112.45,50,0,8600.0,CE
2015-08-13 11:08:00,112.5,112.5,112.5,112.5,25,0,8600.0,CE
2015-08-13 11:09:00,112.5,113.0,112.5,113.0,175,0,8600.0,CE
2015-08-13 11:10:00,113.0,113.0,113.0,113.0,125,0,8600.0,CE
2015-08-13 11:11:00,113.4,115.0,113.4,115.0,275,0,8600.0,CE
2015-08-13 11:12:00,113.8,114.25,113.8,114.25,150,0,8600.0,CE
2015-08-13 11:13:00,114.35,114.35,114.35,114.35,150,0,8600.0,CE
2015-08-13 11:14:00,113.85,114.1,113.85,113.85,225,0,8600.0,CE
2015-08-13 11:15:00,113.25,114.1,113.25,113.45,475,0,8600.0,CE
2015-08-13 11:16:00,113.05,113.8,113.05,113.4,250,0,8600.0,CE
2015-08-13 11:17:00,113.1,113.1,112.7,112.95,225,0,8600.0,CE
2015-08-13 11:18:00,113.05,113.4,113.05,113.4,150,0,8600.0,CE
2015-08-13 11:19:00,112.8,112.8,112.8,112.8,300,0,8600.0,CE
2015-08-13 11:21:00,112.0,112.0,112.0,112.0,75,0,8600.0,CE
2015-08-13 11:22:00,111.95,111.95,111.3,111.55,850,0,8600.0,CE
2015-08-13 11:23:00,111.75,111.95,111.5,111.95,475,0,8600.0,CE
2015-08-13 11:24:00,112.6,112.6,111.75,111.75,125,0,8600.0,CE
2015-08-13 11:25:00,112.05,112.05,111.45,111.45,175,0,8600.0,CE
2015-08-13 11:26:00,111.85,112.15,111.75,112.05,850,0,8600.0,CE
2015-08-13 11:27:00,111.75,112.05,111.5,111.5,2175,0,8600.0,CE
2015-08-13 11:29:00,112.3,112.9,111.55,112.8,1325,0,8600.0,CE
2015-08-13 11:30:00,112.5,112.7,111.85,112.15,525,0,8600.0,CE
2015-08-13 11:31:00,112.3,112.65,112.3,112.65,875,0,8600.0,CE
2015-08-13 11:32:00,112.45,112.95,112.2,112.2,975,0,8600.0,CE
2015-08-13 11:33:00,111.9,112.9,111.4,112.9,1450,0,8600.0,CE
2015-08-13 11:34:00,113.45,113.45,112.35,112.7,225,0,8600.0,CE
2015-08-13 11:35:00,112.75,113.75,112.75,113.65,700,0,8600.0,CE
2015-08-13 11:36:00,114.0,114.25,113.55,113.55,650,0,8600.0,CE
2015-08-13 11:37:00,113.65,114.15,113.4,113.4,925,0,8600.0,CE
2015-08-13 11:38:00,113.2,113.5,113.15,113.15,275,0,8600.0,CE
2015-08-13 11:39:00,113.65,114.15,113.2,113.55,1075,0,8600.0,CE
2015-08-13 11:40:00,114.0,114.0,113.15,113.4,775,0,8600.0,CE
2015-08-13 11:41:00,113.4,113.4,113.4,113.4,225,0,8600.0,CE
2015-08-13 11:42:00,113.15,113.15,113.0,113.0,1400,0,8600.0,CE
2015-08-13 11:43:00,112.9,113.0,112.9,113.0,1200,0,8600.0,CE
2015-08-13 11:44:00,113.0,113.0,113.0,113.0,300,0,8600.0,CE
2015-08-13 11:45:00,112.95,112.95,112.95,112.95,25,0,8600.0,CE
2015-08-13 11:46:00,112.55,113.0,112.55,113.0,1500,0,8600.0,CE
2015-08-13 11:47:00,113.0,113.0,113.0,113.0,925,0,8600.0,CE
2015-08-13 11:48:00,112.9,113.95,112.9,113.95,850,0,8600.0,CE
2015-08-13 11:49:00,114.45,114.45,114.45,114.45,25,0,8600.0,CE
2015-08-13 11:50:00,114.95,115.0,114.95,115.0,750,0,8600.0,CE
2015-08-13 11:52:00,113.8,114.0,113.8,114.0,475,0,8600.0,CE
2015-08-13 11:53:00,114.35,114.35,113.8,113.8,1300,0,8600.0,CE
2015-08-13 11:54:00,114.05,114.05,114.05,114.05,25,0,8600.0,CE
2015-08-13 11:55:00,114.0,114.0,113.85,113.85,75,0,8600.0,CE
2015-08-13 11:56:00,113.5,113.6,113.25,113.6,700,0,8600.0,CE
2015-08-13 11:57:00,113.35,113.7,113.35,113.65,400,0,8600.0,CE
2015-08-13 11:58:00,113.65,113.7,113.25,113.25,925,0,8600.0,CE
2015-08-13 11:59:00,113.05,113.05,112.75,113.05,975,0,8600.0,CE
2015-08-13 12:00:00,112.75,112.75,112.75,112.75,50,0,8600.0,CE
2015-08-13 12:01:00,113.05,114.35,113.05,113.15,725,0,8600.0,CE
2015-08-13 12:02:00,113.6,113.9,113.15,113.9,200,0,8600.0,CE
2015-08-13 12:03:00,113.05,113.3,112.65,113.3,375,0,8600.0,CE
2015-08-13 12:04:00,113.4,113.4,111.85,111.85,275,0,8600.0,CE
2015-08-13 12:05:00,112.35,112.35,106.25,107.75,7125,0,8600.0,CE
2015-08-13 12:06:00,107.0,108.65,106.3,108.65,1900,0,8600.0,CE
2015-08-13 12:07:00,108.0,109.0,107.65,109.0,1475,0,8600.0,CE
2015-08-13 12:08:00,109.45,110.05,109.45,110.05,2600,0,8600.0,CE
2015-08-13 12:09:00,109.75,111.0,109.4,109.65,250,0,8600.0,CE
2015-08-13 12:10:00,109.9,110.1,109.1,109.1,875,0,8600.0,CE
2015-08-13 12:11:00,109.0,109.0,108.0,108.0,625,0,8600.0,CE
2015-08-13 12:12:00,106.85,107.5,106.0,106.8,2750,0,8600.0,CE
2015-08-13 12:13:00,106.6,106.95,102.95,103.8,1550,0,8600.0,CE
2015-08-13 12:14:00,104.8,104.8,102.35,102.95,3300,0,8600.0,CE
2015-08-13 12:15:00,102.6,102.6,100.35,102.0,4025,0,8600.0,CE
2015-08-13 12:16:00,103.1,103.55,101.8,102.3,2325,0,8600.0,CE
2015-08-13 12:17:00,102.95,103.5,102.55,103.5,525,0,8600.0,CE
2015-08-13 12:18:00,104.3,104.3,104.3,104.3,25,0,8600.0,CE
2015-08-13 12:19:00,104.6,104.6,103.1,103.35,550,0,8600.0,CE
2015-08-13 12:20:00,103.65,104.55,103.65,104.35,775,0,8600.0,CE
2015-08-13 12:21:00,104.2,105.25,103.9,105.25,1050,0,8600.0,CE
2015-08-13 12:22:00,104.55,104.55,103.65,103.8,2125,0,8600.0,CE
2015-08-13 12:23:00,103.5,103.6,103.1,103.6,425,0,8600.0,CE
2015-08-13 12:24:00,101.85,102.05,100.3,101.95,7675,0,8600.0,CE
2015-08-13 12:25:00,101.2,101.95,101.1,101.3,1200,0,8600.0,CE
2015-08-13 12:26:00,100.7,101.45,100.7,101.4,600,0,8600.0,CE
2015-08-13 12:27:00,102.3,102.4,102.0,102.4,250,0,8600.0,CE
2015-08-13 12:28:00,102.65,103.75,102.65,103.75,600,0,8600.0,CE
2015-08-13 12:29:00,102.05,102.4,101.95,102.4,250,0,8600.0,CE
2015-08-13 12:31:00,101.2,101.2,101.2,101.2,75,0,8600.0,CE
2015-08-13 12:32:00,101.6,101.6,99.35,100.35,975,0,8600.0,CE
2015-08-13 12:33:00,100.55,101.25,100.55,101.05,800,0,8600.0,CE
2015-08-13 12:34:00,101.35,102.7,101.2,102.7,225,0,8600.0,CE
2015-08-13 12:35:00,104.05,104.3,104.05,104.3,125,0,8600.0,CE
2015-08-13 12:36:00,104.0,105.05,104.0,104.85,450,0,8600.0,CE
2015-08-13 12:37:00,105.1,106.55,105.1,106.4,9475,0,8600.0,CE
2015-08-13 12:38:00,106.1,110.9,106.0,110.0,6450,0,8600.0,CE
2015-08-13 12:39:00,108.45,111.55,108.45,111.55,1400,0,8600.0,CE
2015-08-13 12:40:00,111.05,114.4,109.7,113.95,6925,0,8600.0,CE
2015-08-13 12:41:00,114.45,116.3,112.8,115.35,2950,0,8600.0,CE
2015-08-13 12:42:00,114.7,116.0,114.05,114.4,5575,0,8600.0,CE
2015-08-13 12:43:00,114.4,117.85,114.05,117.55,7675,0,8600.0,CE
2015-08-13 12:44:00,117.25,117.65,115.35,115.35,3750,0,8600.0,CE
2015-08-13 12:45:00,114.4,117.25,114.3,115.55,2600,0,8600.0,CE
2015-08-13 12:46:00,114.7,114.7,113.35,113.35,1475,0,8600.0,CE
2015-08-13 12:47:00,112.9,116.3,112.9,116.3,475,0,8600.0,CE
2015-08-13 12:48:00,115.25,116.45,115.25,116.45,225,0,8600.0,CE
2015-08-13 12:49:00,116.7,117.95,116.7,117.4,2725,0,8600.0,CE
2015-08-13 12:50:00,118.15,118.5,116.55,118.0,3350,0,8600.0,CE
2015-08-13 12:51:00,117.95,118.0,116.1,116.1,1500,0,8600.0,CE
2015-08-13 12:52:00,116.1,116.1,114.8,114.8,1650,0,8600.0,CE
2015-08-13 12:53:00,114.1,115.05,114.0,115.05,725,0,8600.0,CE
2015-08-13 12:54:00,116.15,116.15,114.0,114.0,250,0,8600.0,CE
2015-08-13 12:55:00,113.9,113.9,112.9,112.9,275,0,8600.0,CE
2015-08-13 12:56:00,113.85,114.35,113.85,114.35,225,0,8600.0,CE
2015-08-13 12:57:00,114.3,114.4,113.8,114.05,1000,0,8600.0,CE
2015-08-13 12:58:00,115.3,115.3,114.35,114.8,250,0,8600.0,CE
2015-08-13 12:59:00,114.0,114.0,113.65,113.9,425,0,8600.0,CE
2015-08-13 13:00:00,114.05,114.65,114.05,114.65,775,0,8600.0,CE
2015-08-13 13:01:00,114.2,114.2,114.2,114.2,50,0,8600.0,CE
2015-08-13 13:02:00,114.9,114.9,114.75,114.75,75,0,8600.0,CE
2015-08-13 13:03:00,114.1,114.15,114.1,114.15,250,0,8600.0,CE
2015-08-13 13:04:00,114.9,114.9,114.2,114.2,275,0,8600.0,CE
2015-08-13 13:05:00,114.0,114.45,114.0,114.45,525,0,8600.0,CE
2015-08-13 13:06:00,114.95,114.95,114.05,114.75,175,0,8600.0,CE
2015-08-13 13:07:00,114.05,114.05,112.65,112.65,450,0,8600.0,CE
2015-08-13 13:08:00,112.8,112.8,109.9,112.55,7350,0,8600.0,CE
2015-08-13 13:09:00,112.05,112.15,110.75,111.7,575,0,8600.0,CE
2015-08-13 13:10:00,111.15,111.25,109.8,109.8,750,0,8600.0,CE
2015-08-13 13:11:00,109.95,110.05,109.95,110.05,200,0,8600.0,CE
2015-08-13 13:12:00,109.9,111.35,109.9,111.0,350,0,8600.0,CE
2015-08-13 13:13:00,110.6,111.2,110.6,111.2,100,0,8600.0,CE
2015-08-13 13:14:00,110.8,111.95,110.8,111.75,675,0,8600.0,CE
2015-08-13 13:15:00,111.0,111.0,110.4,110.4,75,0,8600.0,CE
2015-08-13 13:16:00,111.0,111.7,111.0,111.7,75,0,8600.0,CE
2015-08-13 13:19:00,111.45,111.45,110.65,110.65,400,0,8600.0,CE
2015-08-13 13:20:00,110.95,110.95,110.1,110.1,525,0,8600.0,CE
2015-08-13 13:21:00,110.3,110.65,110.2,110.65,550,0,8600.0,CE
2015-08-13 13:22:00,110.8,111.4,110.8,111.35,1300,0,8600.0,CE
2015-08-13 13:23:00,111.05,111.05,110.85,110.85,150,0,8600.0,CE
2015-08-13 13:24:00,109.95,110.05,109.95,110.0,2125,0,8600.0,CE
2015-08-13 13:25:00,109.6,109.6,105.75,105.75,6850,0,8600.0,CE
2015-08-13 13:26:00,105.05,106.2,104.6,106.15,650,0,8600.0,CE
2015-08-13 13:27:00,106.35,107.45,106.35,107.15,2300,0,8600.0,CE
2015-08-13 13:28:00,107.75,107.75,107.75,107.75,100,0,8600.0,CE
2015-08-13 13:29:00,107.15,107.4,107.15,107.4,125,0,8600.0,CE
2015-08-13 13:30:00,107.1,107.35,107.0,107.0,275,0,8600.0,CE
2015-08-13 13:31:00,107.6,110.1,107.6,109.7,525,0,8600.0,CE
2015-08-13 13:32:00,109.55,109.55,109.55,109.55,25,0,8600.0,CE
2015-08-13 13:33:00,109.55,110.1,109.0,109.0,1050,0,8600.0,CE
2015-08-13 13:34:00,108.55,109.0,108.55,108.6,1000,0,8600.0,CE
2015-08-13 13:35:00,108.6,109.05,108.4,109.0,825,0,8600.0,CE
2015-08-13 13:36:00,109.0,109.65,109.0,109.5,75,0,8600.0,CE
2015-08-13 13:37:00,108.95,108.95,108.95,108.95,100,0,8600.0,CE
2015-08-13 13:38:00,110.0,111.6,110.0,111.6,800,0,8600.0,CE
2015-08-13 13:39:00,111.85,115.7,111.85,115.7,2075,0,8600.0,CE
2015-08-13 13:40:00,115.0,116.1,113.25,113.25,2000,0,8600.0,CE
2015-08-13 13:41:00,113.35,113.45,112.05,112.3,700,0,8600.0,CE
2015-08-13 13:42:00,112.05,112.2,110.35,110.35,1050,0,8600.0,CE
2015-08-13 13:43:00,111.65,111.65,110.05,110.3,675,0,8600.0,CE
2015-08-13 13:44:00,110.1,110.9,110.0,110.9,425,0,8600.0,CE
2015-08-13 13:46:00,110.05,110.05,106.0,108.55,3100,0,8600.0,CE
2015-08-13 13:47:00,106.7,107.8,106.7,107.8,475,0,8600.0,CE
2015-08-13 13:48:00,106.75,106.75,106.75,106.75,225,0,8600.0,CE
2015-08-13 13:49:00,106.65,106.65,106.3,106.35,1300,0,8600.0,CE
2015-08-13 13:50:00,106.75,107.25,105.95,106.4,2825,0,8600.0,CE
2015-08-13 13:51:00,106.2,107.4,105.75,107.25,3100,0,8600.0,CE
2015-08-13 13:52:00,107.35,108.2,107.35,107.6,900,0,8600.0,CE
2015-08-13 13:53:00,108.25,108.25,107.7,107.7,325,0,8600.0,CE
2015-08-13 13:54:00,106.8,106.8,106.65,106.65,75,0,8600.0,CE
2015-08-13 13:55:00,106.65,106.65,104.25,104.25,4275,0,8600.0,CE
2015-08-13 13:56:00,103.8,104.05,102.3,102.45,2075,0,8600.0,CE
2015-08-13 13:57:00,102.7,104.25,102.05,103.95,1500,0,8600.0,CE
2015-08-13 13:58:00,103.7,103.7,100.0,100.45,6125,0,8600.0,CE
2015-08-13 13:59:00,100.15,100.8,99.0,99.65,9950,0,8600.0,CE
2015-08-13 14:00:00,99.75,102.0,98.65,101.3,4825,0,8600.0,CE
2015-08-13 14:01:00,102.5,104.1,102.0,103.8,3875,0,8600.0,CE
2015-08-13 14:02:00,104.2,105.0,103.45,105.0,1350,0,8600.0,CE
2015-08-13 14:03:00,106.0,106.45,104.1,104.4,500,0,8600.0,CE
2015-08-13 14:04:00,105.25,106.3,104.0,104.0,1100,0,8600.0,CE
2015-08-13 14:06:00,105.85,105.85,103.25,103.25,3700,0,8600.0,CE
2015-08-13 14:07:00,104.2,105.15,104.2,105.0,2825,0,8600.0,CE
2015-08-13 14:08:00,105.1,106.0,105.1,105.7,2025,0,8600.0,CE
2015-08-13 14:09:00,105.35,105.95,103.5,105.95,625,0,8600.0,CE
2015-08-13 14:10:00,106.0,106.2,104.95,105.05,2450,0,8600.0,CE
2015-08-13 14:11:00,104.4,104.4,103.8,104.2,1975,0,8600.0,CE
2015-08-13 14:12:00,103.5,103.5,102.8,103.1,3275,0,8600.0,CE
2015-08-13 14:13:00,103.0,104.35,102.85,103.55,750,0,8600.0,CE
2015-08-13 14:14:00,102.75,102.75,101.75,102.0,325,0,8600.0,CE
2015-08-13 14:15:00,102.1,103.05,102.0,102.55,825,0,8600.0,CE
2015-08-13 14:16:00,102.0,103.4,102.0,103.4,775,0,8600.0,CE
2015-08-13 14:17:00,103.4,105.25,103.4,105.1,1600,0,8600.0,CE
2015-08-13 14:18:00,105.85,107.9,105.75,107.3,5675,0,8600.0,CE
2015-08-13 14:19:00,106.0,107.0,106.0,107.0,1175,0,8600.0,CE
2015-08-13 14:20:00,108.0,109.05,108.0,109.0,850,0,8600.0,CE
2015-08-13 14:21:00,108.9,109.15,107.5,107.9,1000,0,8600.0,CE
2015-08-13 14:22:00,108.0,108.0,107.2,107.2,200,0,8600.0,CE
2015-08-13 14:23:00,107.35,107.55,105.05,105.55,1300,0,8600.0,CE
2015-08-13 14:24:00,106.0,106.0,105.5,105.5,5775,0,8600.0,CE
2015-08-13 14:25:00,105.5,105.8,104.2,105.8,5625,0,8600.0,CE
2015-08-13 14:26:00,105.8,107.45,105.7,106.55,7350,0,8600.0,CE
2015-08-13 14:27:00,106.95,107.8,106.8,107.25,675,0,8600.0,CE
2015-08-13 14:28:00,107.35,107.45,106.75,106.95,1500,0,8600.0,CE
2015-08-13 14:29:00,108.4,108.4,107.5,107.5,1100,0,8600.0,CE
2015-08-13 14:30:00,108.25,109.0,108.15,108.3,1300,0,8600.0,CE
2015-08-13 14:31:00,107.05,107.05,104.1,104.9,2525,0,8600.0,CE
2015-08-13 14:32:00,104.55,105.5,103.25,105.5,1375,0,8600.0,CE
2015-08-13 14:33:00,104.0,104.95,103.8,104.95,675,0,8600.0,CE
2015-08-13 14:34:00,104.0,104.0,104.0,104.0,1075,0,8600.0,CE
2015-08-13 14:35:00,104.8,104.8,104.8,104.8,50,0,8600.0,CE
2015-08-13 14:36:00,105.35,106.65,105.35,106.0,750,0,8600.0,CE
2015-08-13 14:37:00,106.15,106.15,106.0,106.05,7400,0,8600.0,CE
2015-08-13 14:38:00,106.0,106.0,104.35,104.35,3550,0,8600.0,CE
2015-08-13 14:39:00,104.25,104.25,104.25,104.25,200,0,8600.0,CE
2015-08-13 14:40:00,103.4,104.35,103.4,103.85,1325,0,8600.0,CE
2015-08-13 14:41:00,102.95,103.75,102.05,103.65,1375,0,8600.0,CE
2015-08-13 14:42:00,103.0,103.0,102.65,103.0,375,0,8600.0,CE
2015-08-13 14:43:00,102.75,104.0,102.75,103.65,2150,0,8600.0,CE
2015-08-13 14:44:00,104.3,104.3,104.3,104.3,125,0,8600.0,CE
2015-08-13 14:45:00,103.75,103.8,103.15,103.8,125,0,8600.0,CE
2015-08-13 14:46:00,103.8,103.8,103.2,103.2,75,0,8600.0,CE
2015-08-13 14:47:00,104.25,104.25,104.25,104.25,100,0,8600.0,CE
2015-08-13 14:48:00,105.45,106.0,104.0,104.0,375,0,8600.0,CE
2015-08-13 14:49:00,104.1,104.1,103.65,103.65,550,0,8600.0,CE
2015-08-13 14:50:00,104.05,105.3,103.75,105.3,850,0,8600.0,CE
2015-08-13 14:51:00,105.65,105.65,103.5,103.5,750,0,8600.0,CE
2015-08-13 14:52:00,103.1,103.25,102.45,103.25,250,0,8600.0,CE
2015-08-13 14:53:00,103.1,104.65,103.0,103.0,525,0,8600.0,CE
2015-08-13 14:54:00,103.7,103.7,103.1,103.1,50,0,8600.0,CE
2015-08-13 14:55:00,103.85,104.0,102.8,102.8,350,0,8600.0,CE
2015-08-13 14:56:00,103.05,103.05,103.05,103.05,125,0,8600.0,CE
2015-08-13 14:57:00,102.5,103.0,102.5,103.0,925,0,8600.0,CE
2015-08-13 14:58:00,103.15,103.3,103.05,103.3,475,0,8600.0,CE
2015-08-13 14:59:00,103.2,103.2,101.7,102.05,650,0,8600.0,CE
2015-08-13 15:00:00,101.85,101.85,100.2,100.8,550,0,8600.0,CE
2015-08-13 15:01:00,100.95,100.95,97.75,97.75,2275,0,8600.0,CE
2015-08-13 15:02:00,98.55,99.0,97.9,98.5,1100,0,8600.0,CE
2015-08-13 15:03:00,99.2,99.2,97.15,97.2,5625,0,8600.0,CE
2015-08-13 15:04:00,97.1,97.65,94.25,94.85,5000,0,8600.0,CE
2015-08-13 15:05:00,95.25,95.25,94.0,95.05,850,0,8600.0,CE
2015-08-13 15:06:00,95.5,95.8,93.05,94.05,1775,0,8600.0,CE
2015-08-13 15:07:00,94.0,95.8,94.0,95.6,2350,0,8600.0,CE
2015-08-13 15:08:00,96.0,98.0,95.8,98.0,4875,0,8600.0,CE
2015-08-13 15:09:00,97.6,97.75,96.75,97.35,425,0,8600.0,CE
2015-08-13 15:10:00,97.1,97.1,97.0,97.0,175,0,8600.0,CE
2015-08-13 15:11:00,97.55,98.35,96.95,98.35,275,0,8600.0,CE
2015-08-13 15:12:00,98.35,98.35,97.25,97.45,1450,0,8600.0,CE
2015-08-13 15:13:00,96.55,96.55,95.65,96.0,1225,0,8600.0,CE
2015-08-13 15:14:00,97.0,98.1,97.0,98.1,175,0,8600.0,CE
2015-08-13 15:15:00,98.05,99.4,97.85,99.4,1725,0,8600.0,CE
2015-08-13 15:16:00,99.4,100.0,99.4,99.65,3225,0,8600.0,CE
2015-08-13 15:17:00,99.45,100.3,98.85,99.8,2750,0,8600.0,CE
2015-08-13 15:18:00,99.6,101.1,99.6,101.0,5700,0,8600.0,CE
2015-08-13 15:19:00,101.0,101.6,100.9,101.6,3200,0,8600.0,CE
2015-08-13 15:20:00,101.6,101.6,100.4,101.3,2725,0,8600.0,CE
2015-08-13 15:21:00,100.75,102.25,100.65,101.7,575,0,8600.0,CE
2015-08-13 15:22:00,102.45,103.0,102.45,102.75,2925,0,8600.0,CE
2015-08-13 15:23:00,103.0,103.4,102.05,102.05,3725,0,8600.0,CE
2015-08-13 15:24:00,102.2,102.6,101.35,101.6,2275,0,8600.0,CE
2015-08-13 15:25:00,101.3,101.9,100.95,101.9,3700,0,8600.0,CE
2015-08-13 15:26:00,102.05,102.45,101.4,102.45,3425,0,8600.0,CE
2015-08-13 15:27:00,102.05,103.0,102.05,102.7,2425,0,8600.0,CE
2015-08-13 15:28:00,103.3,104.4,103.0,104.0,3200,0,8600.0,CE
2015-08-13 15:29:00,103.65,105.0,103.15,105.0,4275,0,8600.0,CE
2015-08-14 09:15:00,110.0,110.2,107.9,108.75,4125,0,8600.0,CE
2015-08-14 09:16:00,108.0,109.35,103.25,107.3,6100,0,8600.0,CE
2015-08-14 09:17:00,106.85,107.1,105.85,106.0,19475,0,8600.0,CE
2015-08-14 09:18:00,106.5,107.05,106.3,106.5,1400,0,8600.0,CE
2015-08-14 09:19:00,106.85,108.2,106.85,107.4,2150,0,8600.0,CE
2015-08-14 09:20:00,107.35,107.35,105.2,105.45,1375,0,8600.0,CE
2015-08-14 09:21:00,105.0,106.25,104.3,104.3,575,0,8600.0,CE
2015-08-14 09:22:00,104.45,106.65,104.4,106.65,1625,0,8600.0,CE
2015-08-14 09:23:00,106.5,108.1,106.5,107.15,1450,0,8600.0,CE
2015-08-14 09:24:00,107.65,107.65,105.55,105.55,1025,0,8600.0,CE
2015-08-14 09:25:00,105.65,107.4,105.65,106.5,1700,0,8600.0,CE
2015-08-14 09:26:00,107.45,108.0,107.45,107.9,775,0,8600.0,CE
2015-08-14 09:27:00,107.45,109.0,107.45,108.5,1350,0,8600.0,CE
2015-08-14 09:28:00,109.0,109.0,108.2,108.3,125,0,8600.0,CE
2015-08-14 09:29:00,108.3,108.3,107.65,108.0,900,0,8600.0,CE
2015-08-14 09:30:00,107.7,108.0,107.7,107.85,400,0,8600.0,CE
2015-08-14 09:31:00,107.55,107.55,107.0,107.0,75,0,8600.0,CE
2015-08-14 09:33:00,107.45,108.5,107.45,108.5,2200,0,8600.0,CE
2015-08-14 09:34:00,108.8,109.2,108.1,108.1,525,0,8600.0,CE
2015-08-14 09:35:00,107.2,107.8,107.2,107.8,275,0,8600.0,CE
2015-08-14 09:36:00,107.65,107.9,107.35,107.45,600,0,8600.0,CE
2015-08-14 09:37:00,106.65,108.05,106.65,108.05,750,0,8600.0,CE
2015-08-14 09:38:00,108.85,109.0,108.75,108.85,1300,0,8600.0,CE
2015-08-14 09:39:00,108.85,108.85,107.3,107.3,1250,0,8600.0,CE
2015-08-14 09:40:00,107.7,107.9,107.0,107.0,1725,0,8600.0,CE
2015-08-14 09:41:00,106.55,107.35,105.6,107.15,6975,0,8600.0,CE
2015-08-14 09:42:00,107.0,107.8,106.55,106.9,5350,0,8600.0,CE
2015-08-14 09:43:00,106.9,107.95,106.45,107.35,7875,0,8600.0,CE
2015-08-14 09:44:00,107.3,107.35,107.3,107.3,550,0,8600.0,CE
2015-08-14 09:45:00,107.3,107.3,106.0,106.0,1350,0,8600.0,CE
2015-08-14 09:46:00,106.45,106.45,105.85,105.85,1950,0,8600.0,CE
2015-08-14 09:47:00,105.75,106.0,104.95,104.95,1900,0,8600.0,CE
2015-08-14 09:48:00,105.0,105.55,103.5,105.55,3200,0,8600.0,CE
2015-08-14 09:49:00,105.2,105.7,104.6,105.15,900,0,8600.0,CE
2015-08-14 09:50:00,105.75,105.95,104.4,104.95,4450,0,8600.0,CE
2015-08-14 09:51:00,105.0,105.0,103.6,103.6,1300,0,8600.0,CE
2015-08-14 09:52:00,104.2,104.2,103.85,104.0,900,0,8600.0,CE
2015-08-14 09:53:00,103.8,104.95,103.5,104.25,2375,0,8600.0,CE
2015-08-14 09:54:00,104.55,104.55,104.3,104.45,125,0,8600.0,CE
2015-08-14 09:55:00,104.7,104.7,104.7,104.7,75,0,8600.0,CE
2015-08-14 09:56:00,105.0,105.45,105.0,105.45,250,0,8600.0,CE
2015-08-14 09:57:00,105.0,106.6,105.0,106.4,825,0,8600.0,CE
2015-08-14 09:58:00,106.95,107.4,105.9,106.45,2150,0,8600.0,CE
2015-08-14 09:59:00,106.5,108.0,106.5,108.0,1375,0,8600.0,CE
2015-08-14 10:00:00,107.75,108.2,107.0,107.05,675,0,8600.0,CE
2015-08-14 10:01:00,108.0,108.25,107.95,108.15,550,0,8600.0,CE
2015-08-14 10:02:00,107.35,107.6,107.2,107.2,650,0,8600.0,CE
2015-08-14 10:03:00,108.1,108.3,108.1,108.15,375,0,8600.0,CE
2015-08-14 10:04:00,108.1,109.05,108.1,108.6,475,0,8600.0,CE
2015-08-14 10:05:00,108.05,108.05,107.25,107.5,1550,0,8600.0,CE
2015-08-14 10:06:00,107.55,108.8,107.55,107.65,750,0,8600.0,CE
2015-08-14 10:07:00,108.65,108.65,108.1,108.1,250,0,8600.0,CE
2015-08-14 10:08:00,108.5,108.75,108.0,108.75,875,0,8600.0,CE
2015-08-14 10:09:00,108.1,108.1,107.9,107.9,200,0,8600.0,CE
2015-08-14 10:10:00,107.2,107.4,107.2,107.4,225,0,8600.0,CE
2015-08-14 10:11:00,107.35,107.35,106.8,106.8,225,0,8600.0,CE
2015-08-14 10:12:00,106.45,106.7,106.3,106.3,675,0,8600.0,CE
2015-08-14 10:14:00,106.1,106.1,106.1,106.1,500,0,8600.0,CE
2015-08-14 10:15:00,105.8,108.55,105.8,108.55,1275,0,8600.0,CE
2015-08-14 10:16:00,108.05,108.75,107.25,107.85,1300,0,8600.0,CE
2015-08-14 10:17:00,107.6,108.6,107.6,108.6,100,0,8600.0,CE
2015-08-14 10:18:00,108.4,109.2,108.4,109.2,800,0,8600.0,CE
2015-08-14 10:19:00,109.25,109.6,109.25,109.45,325,0,8600.0,CE
2015-08-14 10:20:00,109.1,109.65,108.7,108.7,2050,0,8600.0,CE
2015-08-14 10:21:00,109.25,109.4,109.2,109.4,675,0,8600.0,CE
2015-08-14 10:22:00,109.2,109.2,109.2,109.2,25,0,8600.0,CE
2015-08-14 10:23:00,108.5,109.1,108.4,108.5,2250,0,8600.0,CE
2015-08-14 10:24:00,108.95,109.45,108.8,109.0,350,0,8600.0,CE
2015-08-14 10:25:00,109.0,109.0,108.6,109.0,1200,0,8600.0,CE
2015-08-14 10:26:00,109.0,109.0,108.5,108.5,350,0,8600.0,CE
2015-08-14 10:27:00,108.5,108.5,107.8,107.8,1350,0,8600.0,CE
2015-08-14 10:28:00,107.45,107.5,107.0,107.5,1825,0,8600.0,CE
2015-08-14 10:29:00,107.05,108.5,107.05,108.5,550,0,8600.0,CE
2015-08-14 10:30:00,108.05,108.05,107.9,108.0,450,0,8600.0,CE
2015-08-14 10:31:00,108.0,108.2,107.8,108.0,350,0,8600.0,CE
2015-08-14 10:32:00,107.55,108.45,107.55,108.45,500,0,8600.0,CE
2015-08-14 10:33:00,107.8,107.8,107.0,107.0,475,0,8600.0,CE
2015-08-14 10:34:00,107.85,108.05,107.2,108.05,4350,0,8600.0,CE
2015-08-14 10:35:00,108.75,108.75,107.65,107.65,100,0,8600.0,CE
2015-08-14 10:36:00,107.75,107.75,107.75,107.75,100,0,8600.0,CE
2015-08-14 10:37:00,108.15,108.65,108.15,108.65,200,0,8600.0,CE
2015-08-14 10:38:00,108.5,108.7,108.5,108.65,200,0,8600.0,CE
2015-08-14 10:39:00,108.6,109.3,108.6,109.1,850,0,8600.0,CE
2015-08-14 10:41:00,108.8,109.0,108.8,109.0,425,0,8600.0,CE
2015-08-14 10:43:00,109.5,112.0,109.5,111.65,4050,0,8600.0,CE
2015-08-14 10:44:00,111.5,111.55,111.0,111.0,19900,0,8600.0,CE
2015-08-14 10:45:00,111.0,111.85,111.0,111.6,3625,0,8600.0,CE
2015-08-14 10:46:00,111.3,111.75,110.8,111.0,1350,0,8600.0,CE
2015-08-14 10:47:00,111.0,111.65,110.8,111.65,1100,0,8600.0,CE
2015-08-14 10:48:00,111.85,111.85,111.2,111.45,925,0,8600.0,CE
2015-08-14 10:49:00,111.7,111.8,111.7,111.8,700,0,8600.0,CE
2015-08-14 10:50:00,112.0,113.0,111.9,112.75,2325,0,8600.0,CE
2015-08-14 10:51:00,112.8,114.85,112.8,114.85,625,0,8600.0,CE
2015-08-14 10:52:00,116.2,116.4,114.25,114.25,1175,0,8600.0,CE
2015-08-14 10:53:00,114.6,115.2,114.2,115.2,1375,0,8600.0,CE
2015-08-14 10:54:00,115.95,116.7,114.95,114.95,1475,0,8600.0,CE
2015-08-14 10:55:00,115.4,115.65,113.4,115.05,2125,0,8600.0,CE
2015-08-14 10:56:00,115.0,115.6,115.0,115.6,6350,0,8600.0,CE
2015-08-14 10:57:00,115.65,115.65,114.5,114.65,775,0,8600.0,CE
2015-08-14 10:58:00,115.15,115.25,114.9,115.25,2250,0,8600.0,CE
2015-08-14 10:59:00,114.85,114.85,114.3,114.3,225,0,8600.0,CE
2015-08-14 11:00:00,114.55,114.9,114.35,114.8,550,0,8600.0,CE
2015-08-14 11:01:00,114.6,114.85,114.15,114.75,1200,0,8600.0,CE
2015-08-14 11:02:00,114.9,115.8,114.9,115.75,1425,0,8600.0,CE
2015-08-14 11:03:00,116.2,127.25,115.8,126.1,12450,0,8600.0,CE
2015-08-14 11:04:00,126.65,130.0,125.7,129.65,6700,0,8600.0,CE
2015-08-14 11:05:00,129.65,134.7,129.65,134.15,6025,0,8600.0,CE
2015-08-14 11:06:00,134.6,144.7,133.65,135.0,8775,0,8600.0,CE
2015-08-14 11:07:00,134.8,136.2,132.45,136.0,3325,0,8600.0,CE
2015-08-14 11:08:00,135.4,135.4,132.65,133.9,4475,0,8600.0,CE
2015-08-14 11:09:00,134.15,135.55,133.6,133.6,850,0,8600.0,CE
2015-08-14 11:10:00,134.05,134.05,132.2,133.55,1950,0,8600.0,CE
2015-08-14 11:11:00,133.1,133.6,133.1,133.6,275,0,8600.0,CE
2015-08-14 11:12:00,132.65,132.95,131.35,132.8,1900,0,8600.0,CE
2015-08-14 11:13:00,131.9,133.05,131.9,132.25,2300,0,8600.0,CE
2015-08-14 11:14:00,132.85,133.8,131.45,132.1,2025,0,8600.0,CE
2015-08-14 11:15:00,130.95,131.65,130.9,131.0,1225,0,8600.0,CE
2015-08-14 11:16:00,131.05,131.8,131.0,131.8,2925,0,8600.0,CE
2015-08-14 11:17:00,131.95,133.4,131.95,133.4,7825,0,8600.0,CE
2015-08-14 11:18:00,133.45,135.35,133.2,133.2,15850,0,8600.0,CE
2015-08-14 11:19:00,133.65,135.9,133.45,135.25,4425,0,8600.0,CE
2015-08-14 11:20:00,135.45,135.45,135.0,135.3,1175,0,8600.0,CE
2015-08-14 11:21:00,135.15,138.15,135.15,138.15,3300,0,8600.0,CE
2015-08-14 11:22:00,138.35,141.05,138.05,140.4,2300,0,8600.0,CE
2015-08-14 11:23:00,142.15,145.35,141.0,143.0,6900,0,8600.0,CE
2015-08-14 11:24:00,144.45,145.95,143.8,145.95,5125,0,8600.0,CE
2015-08-14 11:25:00,144.1,144.5,143.85,144.35,6025,0,8600.0,CE
2015-08-14 11:26:00,144.35,145.45,144.35,144.35,6625,0,8600.0,CE
2015-08-14 11:27:00,144.35,144.35,140.95,140.95,7375,0,8600.0,CE
2015-08-14 11:28:00,140.95,141.55,140.4,140.4,1050,0,8600.0,CE
2015-08-14 11:29:00,140.4,141.8,140.25,141.8,1775,0,8600.0,CE
2015-08-14 11:30:00,143.4,143.4,141.15,141.35,2075,0,8600.0,CE
2015-08-14 11:31:00,141.45,141.45,140.7,141.0,650,0,8600.0,CE
2015-08-14 11:32:00,140.0,140.0,138.45,139.4,1625,0,8600.0,CE
2015-08-14 11:33:00,139.4,139.4,137.75,137.95,575,0,8600.0,CE
2015-08-14 11:34:00,138.85,138.85,137.35,137.35,1700,0,8600.0,CE
2015-08-14 11:35:00,137.4,137.8,136.0,136.1,600,0,8600.0,CE
2015-08-14 11:36:00,135.8,135.85,135.1,135.85,9775,0,8600.0,CE
2015-08-14 11:37:00,135.85,135.85,134.55,135.0,500,0,8600.0,CE
2015-08-14 11:38:00,134.85,135.35,134.55,135.35,625,0,8600.0,CE
2015-08-14 11:39:00,135.75,135.75,135.65,135.65,175,0,8600.0,CE
2015-08-14 11:40:00,135.75,135.75,134.8,135.0,775,0,8600.0,CE
2015-08-14 11:41:00,135.15,135.15,134.8,134.8,350,0,8600.0,CE
2015-08-14 11:42:00,134.55,134.55,134.55,134.55,25,0,8600.0,CE
2015-08-14 11:43:00,135.15,135.15,135.15,135.15,50,0,8600.0,CE
2015-08-14 11:44:00,135.75,135.75,135.0,135.0,1050,0,8600.0,CE
2015-08-14 11:45:00,135.2,138.0,135.2,138.0,350,0,8600.0,CE
2015-08-14 11:46:00,138.95,138.95,138.0,138.0,250,0,8600.0,CE
2015-08-14 11:47:00,137.3,137.3,137.1,137.1,50,0,8600.0,CE
2015-08-14 11:48:00,137.0,137.35,137.0,137.35,150,0,8600.0,CE
2015-08-14 11:49:00,138.1,138.45,137.7,138.45,550,0,8600.0,CE
2015-08-14 11:50:00,138.2,138.25,138.0,138.25,75,0,8600.0,CE
2015-08-14 11:51:00,138.0,138.0,137.0,137.0,5050,0,8600.0,CE
2015-08-14 11:52:00,135.75,135.75,135.75,135.75,75,0,8600.0,CE
2015-08-14 11:53:00,135.75,135.75,135.6,135.6,2150,0,8600.0,CE
2015-08-14 11:54:00,135.3,135.8,135.3,135.6,500,0,8600.0,CE
2015-08-14 11:55:00,136.05,136.75,136.05,136.65,225,0,8600.0,CE
2015-08-14 11:56:00,137.6,137.9,136.95,137.0,425,0,8600.0,CE
2015-08-14 11:57:00,137.35,137.85,137.25,137.3,1775,0,8600.0,CE
2015-08-14 11:58:00,136.8,138.8,136.1,138.8,925,0,8600.0,CE
2015-08-14 11:59:00,138.15,138.45,138.15,138.45,50,0,8600.0,CE
2015-08-14 12:00:00,139.55,140.0,139.25,140.0,1125,0,8600.0,CE
2015-08-14 12:01:00,139.5,141.6,138.85,141.35,1525,0,8600.0,CE
2015-08-14 12:02:00,141.75,141.95,138.7,139.7,1425,0,8600.0,CE
2015-08-14 12:03:00,140.0,142.7,140.0,142.05,1950,0,8600.0,CE
2015-08-14 12:04:00,142.05,142.05,139.9,140.65,1625,0,8600.0,CE
2015-08-14 12:05:00,139.5,139.5,139.5,139.5,75,0,8600.0,CE
2015-08-14 12:06:00,139.4,139.4,137.7,138.9,725,0,8600.0,CE
2015-08-14 12:07:00,139.9,139.9,138.9,138.9,150,0,8600.0,CE
2015-08-14 12:08:00,137.0,137.0,136.0,136.25,525,0,8600.0,CE
2015-08-14 12:09:00,137.05,137.55,136.8,136.8,475,0,8600.0,CE
2015-08-14 12:10:00,136.25,136.25,135.1,135.8,200,0,8600.0,CE
2015-08-14 12:11:00,135.5,136.7,135.5,136.65,175,0,8600.0,CE
2015-08-14 12:12:00,136.3,136.3,136.3,136.3,25,0,8600.0,CE
2015-08-14 12:13:00,137.4,137.95,137.4,137.95,125,0,8600.0,CE
2015-08-14 12:14:00,137.55,138.5,137.55,138.4,400,0,8600.0,CE
2015-08-14 12:15:00,139.75,140.0,139.75,140.0,50,0,8600.0,CE
2015-08-14 12:16:00,139.15,139.15,139.15,139.15,225,0,8600.0,CE
2015-08-14 12:17:00,138.25,138.25,138.2,138.2,75,0,8600.0,CE
2015-08-14 12:18:00,138.0,138.0,137.5,137.5,1725,0,8600.0,CE
2015-08-14 12:19:00,137.5,137.7,137.05,137.05,450,0,8600.0,CE
2015-08-14 12:20:00,137.35,137.35,136.6,136.6,100,0,8600.0,CE
2015-08-14 12:22:00,137.0,137.0,136.95,136.95,400,0,8600.0,CE
2015-08-14 12:23:00,137.15,137.5,137.0,137.0,800,0,8600.0,CE
2015-08-14 12:24:00,137.25,138.1,137.25,138.0,1525,0,8600.0,CE
2015-08-14 12:25:00,138.0,138.0,138.0,138.0,2400,0,8600.0,CE
2015-08-14 12:26:00,138.45,138.45,138.0,138.0,75,0,8600.0,CE
2015-08-14 12:27:00,140.0,140.5,139.45,139.45,1300,0,8600.0,CE
2015-08-14 12:28:00,140.0,142.55,140.0,142.55,2525,0,8600.0,CE
2015-08-14 12:29:00,142.05,143.45,141.0,142.9,1475,0,8600.0,CE
2015-08-14 12:30:00,145.1,150.0,145.1,148.15,4225,0,8600.0,CE
2015-08-14 12:31:00,149.3,150.0,149.15,150.0,3725,0,8600.0,CE
2015-08-14 12:32:00,149.1,149.1,147.4,147.55,3450,0,8600.0,CE
2015-08-14 12:33:00,148.05,148.05,146.05,146.05,600,0,8600.0,CE
2015-08-14 12:34:00,147.9,147.9,146.25,146.7,275,0,8600.0,CE
2015-08-14 12:35:00,147.65,147.65,146.0,146.5,225,0,8600.0,CE
2015-08-14 12:36:00,146.05,147.0,146.0,146.0,1550,0,8600.0,CE
2015-08-14 12:37:00,146.0,146.05,146.0,146.05,75,0,8600.0,CE
2015-08-14 12:38:00,146.0,146.25,146.0,146.25,850,0,8600.0,CE
2015-08-14 12:39:00,146.3,147.0,146.0,146.0,2800,0,8600.0,CE
2015-08-14 12:40:00,146.55,147.0,146.5,147.0,11350,0,8600.0,CE
2015-08-14 12:41:00,147.0,147.0,146.5,146.5,2925,0,8600.0,CE
2015-08-14 12:42:00,146.5,148.7,146.5,148.7,825,0,8600.0,CE
2015-08-14 12:43:00,148.75,149.0,148.35,148.35,1850,0,8600.0,CE
2015-08-14 12:44:00,148.5,149.75,148.5,149.2,175,0,8600.0,CE
2015-08-14 12:45:00,150.0,151.5,150.0,151.05,825,0,8600.0,CE
2015-08-14 12:46:00,151.4,154.35,151.4,154.0,2300,0,8600.0,CE
2015-08-14 12:47:00,153.8,156.3,153.8,156.2,3975,0,8600.0,CE
2015-08-14 12:48:00,154.9,155.4,154.9,155.4,75,0,8600.0,CE
2015-08-14 12:49:00,153.6,155.9,153.3,155.35,1125,0,8600.0,CE
2015-08-14 12:50:00,155.85,156.15,155.2,155.35,2100,0,8600.0,CE
2015-08-14 12:51:00,155.25,156.7,155.15,155.15,2475,0,8600.0,CE
2015-08-14 12:52:00,154.8,154.8,153.8,153.8,650,0,8600.0,CE
2015-08-14 12:53:00,153.4,156.0,153.4,155.5,650,0,8600.0,CE
2015-08-14 12:54:00,154.7,155.25,153.5,154.0,375,0,8600.0,CE
2015-08-14 12:55:00,153.9,153.9,152.75,152.75,600,0,8600.0,CE
2015-08-14 12:56:00,153.0,153.0,151.55,152.7,4875,0,8600.0,CE
2015-08-14 12:57:00,152.0,153.0,152.0,153.0,1250,0,8600.0,CE
2015-08-14 12:58:00,153.5,155.25,153.25,155.25,275,0,8600.0,CE
2015-08-14 12:59:00,155.15,155.15,153.65,154.5,725,0,8600.0,CE
2015-08-14 13:00:00,155.0,155.05,153.55,154.2,450,0,8600.0,CE
2015-08-14 13:01:00,154.75,155.1,154.75,155.1,450,0,8600.0,CE
2015-08-14 13:02:00,154.0,154.0,152.3,154.0,450,0,8600.0,CE
2015-08-14 13:03:00,152.85,152.85,151.75,152.4,400,0,8600.0,CE
2015-08-14 13:04:00,151.95,152.6,151.95,152.1,1050,0,8600.0,CE
2015-08-14 13:05:00,152.2,152.75,151.0,152.4,925,0,8600.0,CE
2015-08-14 13:08:00,153.3,153.3,153.05,153.05,75,0,8600.0,CE
2015-08-14 13:09:00,153.95,157.55,153.95,157.55,1175,0,8600.0,CE
2015-08-14 13:10:00,157.0,157.0,155.1,155.1,2700,0,8600.0,CE
2015-08-14 13:11:00,155.0,155.8,155.0,155.0,1450,0,8600.0,CE
2015-08-14 13:12:00,156.05,156.05,154.35,155.0,1650,0,8600.0,CE
2015-08-14 13:13:00,155.15,156.25,155.15,156.25,750,0,8600.0,CE
2015-08-14 13:14:00,155.5,155.8,155.5,155.8,100,0,8600.0,CE
2015-08-14 13:15:00,155.75,155.75,154.5,155.0,400,0,8600.0,CE
2015-08-14 13:16:00,155.0,155.95,154.3,155.95,525,0,8600.0,CE
2015-08-14 13:17:00,155.95,158.4,155.35,158.1,1525,0,8600.0,CE
2015-08-14 13:18:00,158.1,160.0,158.1,159.8,1675,0,8600.0,CE
2015-08-14 13:19:00,159.2,161.3,159.2,160.35,2525,0,8600.0,CE
2015-08-14 13:20:00,160.25,160.25,159.05,160.1,1125,0,8600.0,CE
2015-08-14 13:21:00,159.75,161.65,159.75,160.8,1225,0,8600.0,CE
2015-08-14 13:22:00,160.3,161.0,160.3,161.0,350,0,8600.0,CE
2015-08-14 13:23:00,160.8,160.95,159.2,159.2,1200,0,8600.0,CE
2015-08-14 13:24:00,158.25,158.25,157.05,158.0,425,0,8600.0,CE
2015-08-14 13:25:00,157.25,157.35,156.25,156.25,325,0,8600.0,CE
2015-08-14 13:26:00,156.9,158.0,156.9,158.0,325,0,8600.0,CE
2015-08-14 13:27:00,158.2,158.7,158.15,158.4,175,0,8600.0,CE
2015-08-14 13:28:00,157.05,157.35,157.0,157.0,850,0,8600.0,CE
2015-08-14 13:29:00,158.2,158.45,156.95,157.75,575,0,8600.0,CE
2015-08-14 13:30:00,157.7,159.05,157.65,159.05,875,0,8600.0,CE
2015-08-14 13:31:00,159.0,160.0,159.0,160.0,725,0,8600.0,CE
2015-08-14 13:32:00,160.0,160.1,157.2,157.2,925,0,8600.0,CE
2015-08-14 13:33:00,157.35,157.4,156.45,156.55,250,0,8600.0,CE
2015-08-14 13:34:00,156.2,158.0,156.05,157.45,2375,0,8600.0,CE
2015-08-14 13:35:00,157.25,158.25,156.95,157.8,4325,0,8600.0,CE
2015-08-14 13:36:00,158.25,158.25,157.15,158.2,1950,0,8600.0,CE
2015-08-14 13:37:00,157.2,157.2,157.2,157.2,25,0,8600.0,CE
2015-08-14 13:38:00,157.0,157.85,157.0,157.7,175,0,8600.0,CE
2015-08-14 13:39:00,157.75,160.1,157.75,160.1,425,0,8600.0,CE
2015-08-14 13:40:00,158.4,158.4,158.4,158.4,50,0,8600.0,CE
2015-08-14 13:41:00,159.6,159.75,158.9,159.75,325,0,8600.0,CE
2015-08-14 13:42:00,160.7,163.2,160.7,163.2,800,0,8600.0,CE
2015-08-14 13:43:00,163.0,163.0,160.65,160.65,375,0,8600.0,CE
2015-08-14 13:44:00,160.2,160.2,159.65,159.65,275,0,8600.0,CE
2015-08-14 13:45:00,160.0,160.0,160.0,160.0,375,0,8600.0,CE
2015-08-14 13:46:00,159.35,159.35,158.45,158.9,400,0,8600.0,CE
2015-08-14 13:47:00,160.0,160.0,159.7,159.7,2800,0,8600.0,CE
2015-08-14 13:48:00,160.45,160.45,160.45,160.45,100,0,8600.0,CE
2015-08-14 13:49:00,160.7,160.7,160.7,160.7,50,0,8600.0,CE
2015-08-14 13:50:00,159.25,159.25,158.9,158.9,150,0,8600.0,CE
2015-08-14 13:51:00,158.05,158.25,158.05,158.05,225,0,8600.0,CE
2015-08-14 13:52:00,157.0,157.65,155.95,156.35,675,0,8600.0,CE
2015-08-14 13:53:00,156.5,156.5,156.5,156.5,100,0,8600.0,CE
2015-08-14 13:54:00,155.7,157.8,155.6,157.75,675,0,8600.0,CE
2015-08-14 13:55:00,156.85,157.95,156.85,156.85,1200,0,8600.0,CE
2015-08-14 13:56:00,156.75,157.4,156.55,157.4,825,0,8600.0,CE
2015-08-14 13:57:00,157.45,158.25,157.45,158.25,950,0,8600.0,CE
2015-08-14 13:58:00,158.25,158.6,157.4,157.4,1800,0,8600.0,CE
2015-08-14 13:59:00,157.3,157.35,157.3,157.35,50,0,8600.0,CE
2015-08-14 14:00:00,159.0,159.95,159.0,159.95,650,0,8600.0,CE
2015-08-14 14:01:00,159.7,159.7,159.3,159.3,125,0,8600.0,CE
2015-08-14 14:02:00,159.4,161.0,159.4,161.0,175,0,8600.0,CE
2015-08-14 14:03:00,160.7,161.0,160.0,161.0,550,0,8600.0,CE
2015-08-14 14:05:00,160.5,160.95,159.85,160.95,625,0,8600.0,CE
2015-08-14 14:06:00,160.35,161.0,159.95,160.0,1425,0,8600.0,CE
2015-08-14 14:07:00,159.6,159.6,159.6,159.6,25,0,8600.0,CE
2015-08-14 14:09:00,158.4,158.4,158.2,158.2,150,0,8600.0,CE
2015-08-14 14:10:00,159.6,159.8,159.6,159.8,75,0,8600.0,CE
2015-08-14 14:11:00,160.1,160.1,160.1,160.1,25,0,8600.0,CE
2015-08-14 14:12:00,159.95,159.95,159.95,159.95,50,0,8600.0,CE
2015-08-14 14:13:00,159.4,159.4,159.3,159.3,75,0,8600.0,CE
2015-08-14 14:14:00,159.9,159.9,159.05,159.05,750,0,8600.0,CE
2015-08-14 14:15:00,159.5,160.0,159.5,160.0,100,0,8600.0,CE
2015-08-14 14:16:00,159.9,159.9,159.9,159.9,25,0,8600.0,CE
2015-08-14 14:17:00,159.75,159.75,158.7,158.7,1525,0,8600.0,CE
2015-08-14 14:18:00,158.85,158.85,156.95,157.0,1825,0,8600.0,CE
2015-08-14 14:19:00,157.55,157.55,157.25,157.25,200,0,8600.0,CE
2015-08-14 14:20:00,156.55,156.55,154.5,154.5,900,0,8600.0,CE
2015-08-14 14:21:00,154.0,155.45,153.0,155.25,1350,0,8600.0,CE
2015-08-14 14:22:00,155.35,155.35,154.95,155.0,650,0,8600.0,CE
2015-08-14 14:23:00,154.65,155.5,154.5,154.9,5725,0,8600.0,CE
2015-08-14 14:24:00,154.95,155.2,153.25,153.25,650,0,8600.0,CE
2015-08-14 14:25:00,152.75,153.15,152.0,153.15,2475,0,8600.0,CE
2015-08-14 14:26:00,152.5,153.5,150.6,150.6,1000,0,8600.0,CE
2015-08-14 14:27:00,150.95,152.25,150.55,152.25,2225,0,8600.0,CE
2015-08-14 14:28:00,152.05,154.55,152.05,153.55,275,0,8600.0,CE
2015-08-14 14:29:00,153.4,153.4,152.0,152.0,1850,0,8600.0,CE
2015-08-14 14:30:00,152.25,157.8,152.25,157.8,675,0,8600.0,CE
2015-08-14 14:31:00,157.8,157.8,155.6,155.8,400,0,8600.0,CE
2015-08-14 14:32:00,156.65,156.65,156.5,156.5,275,0,8600.0,CE
2015-08-14 14:33:00,156.2,156.2,156.2,156.2,100,0,8600.0,CE
2015-08-14 14:34:00,154.8,154.8,154.8,154.8,50,0,8600.0,CE
2015-08-14 14:35:00,154.1,154.85,153.25,153.4,425,0,8600.0,CE
2015-08-14 14:36:00,153.2,153.2,153.2,153.2,50,0,8600.0,CE
2015-08-14 14:37:00,154.55,154.75,154.55,154.75,75,0,8600.0,CE
2015-08-14 14:38:00,155.05,155.05,154.6,154.6,100,0,8600.0,CE
2015-08-14 14:39:00,153.75,153.75,153.75,153.75,25,0,8600.0,CE
2015-08-14 14:40:00,153.0,153.05,152.3,152.3,75,0,8600.0,CE
2015-08-14 14:42:00,153.6,153.6,152.25,152.25,1150,0,8600.0,CE
2015-08-14 14:43:00,152.5,152.5,152.1,152.1,225,0,8600.0,CE
2015-08-14 14:44:00,152.6,152.6,152.1,152.1,150,0,8600.0,CE
2015-08-14 14:45:00,151.15,153.5,151.15,153.5,1275,0,8600.0,CE
2015-08-14 14:46:00,153.9,157.6,153.9,157.6,1225,0,8600.0,CE
2015-08-14 14:47:00,157.55,157.55,156.25,156.3,225,0,8600.0,CE
2015-08-14 14:48:00,154.8,154.8,154.05,154.05,375,0,8600.0,CE
2015-08-14 14:49:00,155.65,155.65,155.1,155.1,250,0,8600.0,CE
2015-08-14 14:50:00,154.3,154.65,153.5,153.5,350,0,8600.0,CE
2015-08-14 14:51:00,153.1,153.1,153.0,153.1,400,0,8600.0,CE
2015-08-14 14:52:00,154.0,154.25,153.1,153.1,350,0,8600.0,CE
2015-08-14 14:53:00,153.3,154.1,152.75,153.25,900,0,8600.0,CE
2015-08-14 14:54:00,153.45,154.55,151.7,151.7,1025,0,8600.0,CE
2015-08-14 14:55:00,151.1,153.4,151.1,153.0,500,0,8600.0,CE
2015-08-14 14:56:00,153.2,153.6,153.2,153.6,250,0,8600.0,CE
2015-08-14 14:57:00,153.45,154.5,152.4,154.5,2175,0,8600.0,CE
2015-08-14 14:58:00,153.9,154.85,153.9,154.15,125,0,8600.0,CE
2015-08-14 14:59:00,154.9,154.9,151.35,151.35,725,0,8600.0,CE
2015-08-14 15:00:00,152.05,152.05,151.0,151.5,4850,0,8600.0,CE
2015-08-14 15:01:00,150.0,150.3,147.45,147.45,850,0,8600.0,CE
2015-08-14 15:02:00,148.6,152.5,148.6,152.5,1425,0,8600.0,CE
2015-08-14 15:03:00,151.95,153.0,151.85,152.75,350,0,8600.0,CE
2015-08-14 15:04:00,153.1,154.75,152.5,152.5,850,0,8600.0,CE
2015-08-14 15:05:00,153.85,155.0,153.7,154.65,700,0,8600.0,CE
2015-08-14 15:06:00,154.95,156.5,154.95,156.5,950,0,8600.0,CE
2015-08-14 15:07:00,157.0,158.15,157.0,157.5,1675,0,8600.0,CE
2015-08-14 15:08:00,157.25,159.0,157.2,159.0,1850,0,8600.0,CE
2015-08-14 15:09:00,159.0,161.0,159.0,160.7,1425,0,8600.0,CE
2015-08-14 15:10:00,160.45,162.5,159.3,162.25,2250,0,8600.0,CE
2015-08-14 15:11:00,162.5,162.9,161.2,162.05,2350,0,8600.0,CE
2015-08-14 15:12:00,161.3,161.55,160.0,160.0,550,0,8600.0,CE
2015-08-14 15:13:00,159.6,160.55,159.0,159.9,450,0,8600.0,CE
2015-08-14 15:14:00,159.9,160.7,158.8,158.8,825,0,8600.0,CE
2015-08-14 15:15:00,159.95,162.0,159.95,162.0,975,0,8600.0,CE
2015-08-14 15:16:00,162.0,162.95,162.0,162.95,225,0,8600.0,CE
2015-08-14 15:17:00,162.25,162.25,162.0,162.15,200,0,8600.0,CE
2015-08-14 15:18:00,162.95,162.95,161.45,161.45,800,0,8600.0,CE
2015-08-14 15:19:00,161.55,161.55,161.1,161.1,10225,0,8600.0,CE
2015-08-14 15:20:00,160.15,161.05,159.55,160.0,2750,0,8600.0,CE
2015-08-14 15:21:00,160.0,162.75,160.0,160.6,750,0,8600.0,CE
2015-08-14 15:22:00,160.95,161.4,160.65,161.25,250,0,8600.0,CE
2015-08-14 15:23:00,160.75,161.85,160.65,161.0,475,0,8600.0,CE
2015-08-14 15:24:00,161.5,161.55,160.25,160.25,1000,0,8600.0,CE
2015-08-14 15:25:00,160.0,160.3,159.3,160.3,2925,0,8600.0,CE
2015-08-14 15:26:00,160.6,160.6,159.35,159.35,675,0,8600.0,CE
2015-08-14 15:27:00,160.5,160.5,160.5,160.5,25,0,8600.0,CE
2015-08-14 15:28:00,160.05,160.9,159.45,160.0,850,0,8600.0,CE
2015-08-14 15:29:00,160.0,161.9,160.0,161.9,225,0,8600.0,CE
2015-08-17 09:15:00,150.3,150.3,145.55,146.0,275,0,8600.0,CE
2015-08-17 09:16:00,146.05,149.0,146.0,148.0,1950,0,8600.0,CE
2015-08-17 09:17:00,148.0,151.9,148.0,151.9,1475,0,8600.0,CE
2015-08-17 09:18:00,151.95,154.35,151.95,154.35,975,0,8600.0,CE
2015-08-17 09:19:00,152.6,152.6,150.0,150.0,1675,0,8600.0,CE
2015-08-17 09:20:00,149.7,149.75,143.85,144.35,1300,0,8600.0,CE
2015-08-17 09:21:00,144.9,144.9,137.15,138.35,3500,0,8600.0,CE
2015-08-17 09:22:00,138.2,138.2,106.55,124.8,4525,0,8600.0,CE
2015-08-17 09:23:00,120.0,128.5,116.15,128.5,3625,0,8600.0,CE
2015-08-17 09:24:00,128.65,132.0,126.55,127.4,4625,0,8600.0,CE
2015-08-17 09:25:00,128.3,128.3,115.95,115.95,8250,0,8600.0,CE
2015-08-17 09:26:00,116.25,118.4,113.0,116.2,8025,0,8600.0,CE
2015-08-17 09:27:00,116.3,117.9,115.05,115.9,5375,0,8600.0,CE
2015-08-17 09:28:00,116.15,119.3,115.7,119.3,6750,0,8600.0,CE
2015-08-17 09:29:00,119.0,121.05,119.0,121.05,300,0,8600.0,CE
2015-08-17 09:30:00,121.1,122.55,121.1,122.0,2975,0,8600.0,CE
2015-08-17 09:31:00,120.95,121.5,119.5,120.45,2075,0,8600.0,CE
2015-08-17 09:32:00,120.85,120.85,118.8,119.0,1525,0,8600.0,CE
2015-08-17 09:33:00,119.4,120.15,118.65,119.25,10450,0,8600.0,CE
2015-08-17 09:34:00,119.3,119.5,118.6,118.6,3275,0,8600.0,CE
2015-08-17 09:35:00,119.9,120.4,118.15,120.4,6850,0,8600.0,CE
2015-08-17 09:36:00,119.75,120.0,118.9,120.0,16275,0,8600.0,CE
2015-08-17 09:37:00,120.35,120.85,120.0,120.15,3375,0,8600.0,CE
2015-08-17 09:38:00,120.0,120.0,119.0,119.1,8000,0,8600.0,CE
2015-08-17 09:39:00,119.05,119.9,119.0,119.55,4275,0,8600.0,CE
2015-08-17 09:40:00,119.55,119.9,119.0,119.0,2050,0,8600.0,CE
2015-08-17 09:41:00,119.95,120.7,119.5,120.0,8150,0,8600.0,CE
2015-08-17 09:42:00,120.3,121.8,120.3,121.5,2625,0,8600.0,CE
2015-08-17 09:43:00,121.35,121.55,120.6,121.55,1125,0,8600.0,CE
2015-08-17 09:44:00,121.95,123.5,121.95,122.75,1350,0,8600.0,CE
2015-08-17 09:45:00,122.7,123.55,122.65,123.55,2675,0,8600.0,CE
2015-08-17 09:46:00,123.5,123.85,123.0,123.0,3275,0,8600.0,CE
2015-08-17 09:47:00,123.5,124.25,123.3,123.7,1125,0,8600.0,CE
2015-08-17 09:48:00,123.25,124.05,122.6,122.85,3575,0,8600.0,CE
2015-08-17 09:49:00,122.6,123.25,122.6,123.25,1675,0,8600.0,CE
2015-08-17 09:50:00,123.25,126.05,123.25,125.0,7100,0,8600.0,CE
2015-08-17 09:51:00,125.7,126.35,125.3,126.0,4225,0,8600.0,CE
2015-08-17 09:52:00,126.0,127.25,125.9,126.5,23675,0,8600.0,CE
2015-08-17 09:53:00,126.2,128.9,125.6,127.45,14850,0,8600.0,CE
2015-08-17 09:54:00,128.1,129.5,127.4,129.0,2050,0,8600.0,CE
2015-08-17 09:55:00,129.0,129.0,127.5,127.5,1850,0,8600.0,CE
2015-08-17 09:56:00,127.0,127.55,125.0,125.0,1425,0,8600.0,CE
2015-08-17 09:57:00,125.95,127.65,124.9,126.95,550,0,8600.0,CE
2015-08-17 09:58:00,127.0,127.0,124.9,124.9,1025,0,8600.0,CE
2015-08-17 09:59:00,126.0,126.85,125.1,125.55,3175,0,8600.0,CE
2015-08-17 10:00:00,126.0,129.05,126.0,129.0,2525,0,8600.0,CE
2015-08-17 10:01:00,128.85,128.85,126.5,126.9,3675,0,8600.0,CE
2015-08-17 10:02:00,126.0,126.1,123.55,125.4,975,0,8600.0,CE
2015-08-17 10:03:00,125.25,125.25,123.55,123.55,925,0,8600.0,CE
2015-08-17 10:04:00,123.1,123.1,121.15,121.7,1725,0,8600.0,CE
2015-08-17 10:05:00,122.0,123.15,120.0,121.45,4750,0,8600.0,CE
2015-08-17 10:06:00,121.5,123.25,121.4,122.15,1450,0,8600.0,CE
2015-08-17 10:07:00,122.8,123.3,122.8,123.0,6175,0,8600.0,CE
2015-08-17 10:08:00,123.0,123.55,123.0,123.5,1850,0,8600.0,CE
2015-08-17 10:09:00,123.5,124.0,123.5,123.85,11175,0,8600.0,CE
2015-08-17 10:10:00,123.85,124.0,123.1,123.1,1775,0,8600.0,CE
2015-08-17 10:11:00,123.0,123.0,122.3,122.5,1475,0,8600.0,CE
2015-08-17 10:12:00,122.5,123.6,122.5,123.0,1875,0,8600.0,CE
2015-08-17 10:13:00,123.4,123.4,123.05,123.4,100,0,8600.0,CE
2015-08-17 10:14:00,123.8,125.65,123.8,125.65,1150,0,8600.0,CE
2015-08-17 10:15:00,125.6,126.4,124.7,124.7,4175,0,8600.0,CE
2015-08-17 10:16:00,125.3,126.5,124.8,125.95,6225,0,8600.0,CE
2015-08-17 10:17:00,126.0,126.25,124.35,124.35,4650,0,8600.0,CE
2015-08-17 10:18:00,124.0,125.3,123.6,125.3,2050,0,8600.0,CE
2015-08-17 10:19:00,125.45,125.9,123.5,123.5,1575,0,8600.0,CE
2015-08-17 10:20:00,124.4,125.15,123.25,123.4,350,0,8600.0,CE
2015-08-17 10:21:00,123.15,123.15,122.0,122.0,1200,0,8600.0,CE
2015-08-17 10:22:00,122.55,123.4,122.55,123.05,1675,0,8600.0,CE
2015-08-17 10:23:00,122.5,122.5,120.0,120.0,1725,0,8600.0,CE
2015-08-17 10:24:00,120.15,122.2,120.15,121.95,1575,0,8600.0,CE
2015-08-17 10:25:00,121.95,122.55,121.95,122.3,625,0,8600.0,CE
2015-08-17 10:26:00,122.9,123.5,122.8,122.8,225,0,8600.0,CE
2015-08-17 10:27:00,123.5,124.05,123.4,123.4,1000,0,8600.0,CE
2015-08-17 10:28:00,123.55,124.05,123.5,123.5,700,0,8600.0,CE
2015-08-17 10:29:00,123.2,124.0,122.9,123.55,700,0,8600.0,CE
2015-08-17 10:30:00,124.05,124.05,122.7,123.85,200,0,8600.0,CE
2015-08-17 10:31:00,124.1,124.1,123.55,123.55,250,0,8600.0,CE
2015-08-17 10:32:00,123.0,123.0,122.5,122.5,175,0,8600.0,CE
2015-08-17 10:33:00,123.05,123.5,123.0,123.5,75,0,8600.0,CE
2015-08-17 10:34:00,123.6,125.05,123.6,124.9,675,0,8600.0,CE
2015-08-17 10:35:00,124.65,125.0,124.1,125.0,200,0,8600.0,CE
2015-08-17 10:36:00,124.6,125.15,124.6,125.15,200,0,8600.0,CE
2015-08-17 10:37:00,124.5,125.0,123.95,124.25,900,0,8600.0,CE
2015-08-17 10:38:00,124.25,124.25,124.0,124.0,1325,0,8600.0,CE
2015-08-17 10:39:00,123.9,124.0,122.75,122.75,1400,0,8600.0,CE
2015-08-17 10:40:00,123.3,123.3,122.25,122.4,1025,0,8600.0,CE
2015-08-17 10:41:00,122.0,122.1,121.0,121.0,825,0,8600.0,CE
2015-08-17 10:42:00,121.5,121.5,120.1,120.75,3600,0,8600.0,CE
2015-08-17 10:43:00,120.75,121.5,120.75,121.5,5675,0,8600.0,CE
2015-08-17 10:44:00,121.0,122.35,121.0,122.35,75,0,8600.0,CE
2015-08-17 10:45:00,122.15,122.15,121.55,121.9,425,0,8600.0,CE
2015-08-17 10:46:00,121.75,122.5,121.5,122.5,975,0,8600.0,CE
2015-08-17 10:47:00,122.35,122.35,122.35,122.35,25,0,8600.0,CE
2015-08-17 10:48:00,122.75,124.0,122.45,123.85,950,0,8600.0,CE
2015-08-17 10:49:00,124.35,125.0,124.05,125.0,2825,0,8600.0,CE
2015-08-17 10:50:00,125.0,125.0,124.35,125.0,1200,0,8600.0,CE
2015-08-17 10:51:00,124.85,125.5,124.7,125.5,4825,0,8600.0,CE
2015-08-17 10:52:00,125.25,125.25,124.15,124.15,2425,0,8600.0,CE
2015-08-17 10:53:00,124.2,124.9,124.2,124.4,900,0,8600.0,CE
2015-08-17 10:54:00,123.75,124.1,123.2,123.3,700,0,8600.0,CE
2015-08-17 10:55:00,123.0,124.0,123.0,123.0,3550,0,8600.0,CE
2015-08-17 10:56:00,123.2,123.4,122.0,122.0,700,0,8600.0,CE
2015-08-17 10:57:00,122.0,122.05,121.15,121.15,850,0,8600.0,CE
2015-08-17 10:58:00,121.75,122.25,121.2,122.25,325,0,8600.0,CE
2015-08-17 10:59:00,121.5,122.0,121.45,122.0,375,0,8600.0,CE
2015-08-17 11:00:00,121.95,123.0,121.0,121.4,1475,0,8600.0,CE
2015-08-17 11:01:00,121.3,121.3,120.5,120.5,700,0,8600.0,CE
2015-08-17 11:02:00,120.4,121.0,119.0,120.0,25375,0,8600.0,CE
2015-08-17 11:03:00,120.6,121.45,120.6,121.05,3600,0,8600.0,CE
2015-08-17 11:04:00,121.0,121.6,121.0,121.2,2500,0,8600.0,CE
2015-08-17 11:05:00,121.0,121.0,120.3,120.55,6600,0,8600.0,CE
2015-08-17 11:06:00,120.25,120.95,119.55,119.6,2275,0,8600.0,CE
2015-08-17 11:07:00,119.55,119.95,118.5,119.95,3725,0,8600.0,CE
2015-08-17 11:08:00,119.8,121.0,119.8,121.0,1225,0,8600.0,CE
2015-08-17 11:09:00,120.35,120.85,120.35,120.85,125,0,8600.0,CE
2015-08-17 11:10:00,120.85,120.85,120.85,120.85,25,0,8600.0,CE
2015-08-17 11:11:00,120.85,120.85,120.85,120.85,25,0,8600.0,CE
2015-08-17 11:12:00,121.75,121.75,121.7,121.7,100,0,8600.0,CE
2015-08-17 11:13:00,121.6,121.6,121.6,121.6,25,0,8600.0,CE
2015-08-17 11:14:00,121.4,121.4,121.4,121.4,100,0,8600.0,CE
2015-08-17 11:15:00,120.95,120.95,120.7,120.7,325,0,8600.0,CE
2015-08-17 11:16:00,121.0,121.0,120.8,120.8,200,0,8600.0,CE
2015-08-17 11:17:00,121.45,121.45,121.45,121.45,500,0,8600.0,CE
2015-08-17 11:18:00,121.9,121.9,121.9,121.9,75,0,8600.0,CE
2015-08-17 11:19:00,122.0,122.0,122.0,122.0,1575,0,8600.0,CE
2015-08-17 11:20:00,122.4,122.4,121.9,122.1,200,0,8600.0,CE
2015-08-17 11:21:00,122.25,122.4,122.0,122.4,200,0,8600.0,CE
2015-08-17 11:22:00,122.4,122.45,122.1,122.1,275,0,8600.0,CE
2015-08-17 11:23:00,122.6,123.9,122.45,123.9,1775,0,8600.0,CE
2015-08-17 11:24:00,123.8,124.2,123.4,124.2,550,0,8600.0,CE
2015-08-17 11:25:00,123.85,124.85,123.65,123.95,225,0,8600.0,CE
2015-08-17 11:26:00,124.55,124.55,124.0,124.0,1025,0,8600.0,CE
2015-08-17 11:27:00,124.0,124.0,123.2,123.4,875,0,8600.0,CE
2015-08-17 11:28:00,123.0,123.0,122.35,122.35,1825,0,8600.0,CE
2015-08-17 11:29:00,122.35,122.35,122.15,122.15,225,0,8600.0,CE
2015-08-17 11:30:00,122.7,123.7,122.7,123.55,150,0,8600.0,CE
2015-08-17 11:31:00,123.95,124.95,123.95,124.0,2250,0,8600.0,CE
2015-08-17 11:32:00,124.6,124.6,124.0,124.0,525,0,8600.0,CE
2015-08-17 11:33:00,123.55,124.05,123.1,124.05,2725,0,8600.0,CE
2015-08-17 11:34:00,124.05,124.05,123.75,123.75,300,0,8600.0,CE
2015-08-17 11:35:00,123.95,124.95,123.95,124.95,250,0,8600.0,CE
2015-08-17 11:36:00,125.0,125.85,125.0,125.85,275,0,8600.0,CE
2015-08-17 11:37:00,124.5,125.5,124.5,125.5,350,0,8600.0,CE
2015-08-17 11:38:00,125.1,125.1,124.9,124.9,625,0,8600.0,CE
2015-08-17 11:39:00,125.0,125.0,124.9,125.0,125,0,8600.0,CE
2015-08-17 11:40:00,124.9,125.3,124.85,125.3,1325,0,8600.0,CE
2015-08-17 11:41:00,125.25,126.0,125.2,125.95,3950,0,8600.0,CE
2015-08-17 11:42:00,125.85,126.3,125.3,125.95,6025,0,8600.0,CE
2015-08-17 11:43:00,126.0,126.0,125.95,126.0,1225,0,8600.0,CE
2015-08-17 11:46:00,126.0,126.0,125.95,125.95,125,0,8600.0,CE
2015-08-17 11:49:00,124.8,126.0,124.8,124.9,425,0,8600.0,CE
2015-08-17 11:50:00,124.55,124.95,124.55,124.95,125,0,8600.0,CE
2015-08-17 11:51:00,125.95,129.0,125.35,126.35,20275,0,8600.0,CE
2015-08-17 11:52:00,126.85,127.45,126.85,127.3,4375,0,8600.0,CE
2015-08-17 11:53:00,126.85,132.2,126.85,130.05,7325,0,8600.0,CE
2015-08-17 11:54:00,130.05,134.65,129.9,133.35,4925,0,8600.0,CE
2015-08-17 11:55:00,134.2,134.25,132.65,133.5,2375,0,8600.0,CE
2015-08-17 11:56:00,133.5,133.5,131.75,133.0,1975,0,8600.0,CE
2015-08-17 11:57:00,132.9,135.0,132.0,135.0,900,0,8600.0,CE
2015-08-17 11:58:00,134.4,139.25,134.4,137.35,10150,0,8600.0,CE
2015-08-17 11:59:00,137.25,139.3,137.05,138.3,2425,0,8600.0,CE
2015-08-17 12:00:00,138.3,141.2,137.85,139.35,3800,0,8600.0,CE
2015-08-17 12:01:00,139.85,140.6,138.25,138.25,1600,0,8600.0,CE
2015-08-17 12:02:00,138.0,138.7,134.9,134.9,3225,0,8600.0,CE
2015-08-17 12:03:00,135.95,135.95,135.0,135.25,2775,0,8600.0,CE
2015-08-17 12:04:00,136.0,137.0,136.0,137.0,725,0,8600.0,CE
2015-08-17 12:05:00,137.5,138.0,137.1,138.0,2700,0,8600.0,CE
2015-08-17 12:06:00,138.0,138.0,136.1,136.35,1150,0,8600.0,CE
2015-08-17 12:07:00,136.4,136.5,135.45,135.65,850,0,8600.0,CE
2015-08-17 12:08:00,135.15,135.35,134.25,134.9,1225,0,8600.0,CE
2015-08-17 12:09:00,134.5,134.5,133.15,133.4,975,0,8600.0,CE
2015-08-17 12:10:00,133.25,134.0,133.25,134.0,2550,0,8600.0,CE
2015-08-17 12:11:00,133.1,133.95,133.1,133.7,1025,0,8600.0,CE
2015-08-17 12:12:00,134.0,136.0,134.0,136.0,700,0,8600.0,CE
2015-08-17 12:13:00,134.5,134.5,134.0,134.0,500,0,8600.0,CE
2015-08-17 12:14:00,134.1,134.1,133.0,133.0,425,0,8600.0,CE
2015-08-17 12:15:00,132.95,132.95,132.95,132.95,125,0,8600.0,CE
2015-08-17 12:16:00,134.1,135.5,134.1,135.5,625,0,8600.0,CE
2015-08-17 12:17:00,135.4,136.5,135.3,135.85,1450,0,8600.0,CE
2015-08-17 12:18:00,136.0,136.0,135.95,135.95,2400,0,8600.0,CE
2015-08-17 12:19:00,136.0,136.8,136.0,136.8,800,0,8600.0,CE
2015-08-17 12:20:00,136.9,137.9,136.3,137.7,700,0,8600.0,CE
2015-08-17 12:21:00,137.55,138.45,137.0,137.85,1800,0,8600.0,CE
2015-08-17 12:22:00,137.6,140.7,137.6,140.7,650,0,8600.0,CE
2015-08-17 12:23:00,140.25,141.0,139.0,140.0,1625,0,8600.0,CE
2015-08-17 12:24:00,139.75,140.0,139.65,140.0,1900,0,8600.0,CE
2015-08-17 12:25:00,140.0,142.6,139.7,141.35,2450,0,8600.0,CE
2015-08-17 12:26:00,141.8,141.8,140.15,140.4,1725,0,8600.0,CE
2015-08-17 12:27:00,140.25,141.85,139.9,140.45,1500,0,8600.0,CE
2015-08-17 12:28:00,140.0,140.95,139.35,139.7,525,0,8600.0,CE
2015-08-17 12:29:00,139.05,139.2,138.65,139.0,725,0,8600.0,CE
2015-08-17 12:30:00,138.25,140.1,138.25,138.7,625,0,8600.0,CE
2015-08-17 12:31:00,138.65,141.55,138.5,141.55,1775,0,8600.0,CE
2015-08-17 12:32:00,141.95,144.15,141.95,143.6,3875,0,8600.0,CE
2015-08-17 12:33:00,144.55,145.4,143.0,143.0,1850,0,8600.0,CE
2015-08-17 12:34:00,144.15,149.9,143.85,148.35,9100,0,8600.0,CE
2015-08-17 12:35:00,147.3,150.0,147.3,149.95,6475,0,8600.0,CE
2015-08-17 12:36:00,149.7,149.7,148.05,148.05,2150,0,8600.0,CE
2015-08-17 12:37:00,147.25,150.0,147.25,149.75,1875,0,8600.0,CE
2015-08-17 12:38:00,148.7,148.7,145.0,146.5,1325,0,8600.0,CE
2015-08-17 12:39:00,146.75,149.4,146.7,147.9,500,0,8600.0,CE
2015-08-17 12:40:00,148.05,148.05,147.05,147.05,250,0,8600.0,CE
2015-08-17 12:41:00,147.9,148.0,146.6,146.6,3700,0,8600.0,CE
2015-08-17 12:42:00,146.35,148.8,146.35,148.8,200,0,8600.0,CE
2015-08-17 12:43:00,149.7,150.4,147.8,148.8,1675,0,8600.0,CE
2015-08-17 12:44:00,148.4,148.4,146.6,146.65,675,0,8600.0,CE
2015-08-17 12:45:00,146.0,147.3,144.95,145.3,1125,0,8600.0,CE
2015-08-17 12:46:00,145.1,145.1,141.85,142.45,1700,0,8600.0,CE
2015-08-17 12:47:00,143.05,143.95,143.05,143.95,225,0,8600.0,CE
2015-08-17 12:48:00,144.65,144.65,143.65,144.65,1200,0,8600.0,CE
2015-08-17 12:49:00,144.9,144.9,144.9,144.9,25,0,8600.0,CE
2015-08-17 12:50:00,143.95,143.95,142.0,142.05,575,0,8600.0,CE
2015-08-17 12:51:00,141.95,143.4,141.85,141.9,1725,0,8600.0,CE
2015-08-17 12:52:00,141.8,141.8,140.85,141.0,1625,0,8600.0,CE
2015-08-17 12:53:00,140.5,141.05,139.5,139.5,750,0,8600.0,CE
2015-08-17 12:54:00,140.15,140.45,139.95,140.35,450,0,8600.0,CE
2015-08-17 12:55:00,141.8,141.8,141.3,141.5,325,0,8600.0,CE
2015-08-17 12:56:00,140.25,140.25,140.25,140.25,25,0,8600.0,CE
2015-08-17 12:57:00,141.25,141.25,140.95,140.95,75,0,8600.0,CE
2015-08-17 12:58:00,140.25,140.25,139.95,140.2,125,0,8600.0,CE
2015-08-17 12:59:00,142.05,142.15,142.05,142.15,275,0,8600.0,CE
2015-08-17 13:00:00,142.9,145.25,142.25,145.2,1025,0,8600.0,CE
2015-08-17 13:01:00,144.1,145.15,144.1,144.9,1125,0,8600.0,CE
2015-08-17 13:02:00,145.0,145.0,144.0,144.25,2350,0,8600.0,CE
2015-08-17 13:03:00,144.0,144.0,143.0,143.05,500,0,8600.0,CE
2015-08-17 13:04:00,143.2,143.2,142.8,142.8,1375,0,8600.0,CE
2015-08-17 13:05:00,142.95,142.95,142.0,142.0,2575,0,8600.0,CE
2015-08-17 13:06:00,141.95,141.95,141.5,141.95,1075,0,8600.0,CE
2015-08-17 13:07:00,142.5,142.5,141.5,141.5,475,0,8600.0,CE
2015-08-17 13:08:00,141.5,141.5,140.5,140.5,1825,0,8600.0,CE
2015-08-17 13:09:00,141.0,142.0,141.0,142.0,875,0,8600.0,CE
2015-08-17 13:10:00,143.2,143.2,142.75,142.75,200,0,8600.0,CE
2015-08-17 13:12:00,141.8,141.8,141.45,141.45,175,0,8600.0,CE
2015-08-17 13:13:00,141.0,142.55,141.0,142.0,625,0,8600.0,CE
2015-08-17 13:14:00,142.25,142.25,140.7,140.7,100,0,8600.0,CE
2015-08-17 13:15:00,140.8,140.8,139.9,139.95,225,0,8600.0,CE
2015-08-17 13:16:00,140.0,140.0,138.65,138.65,1075,0,8600.0,CE
2015-08-17 13:17:00,138.3,139.6,137.45,139.4,1875,0,8600.0,CE
2015-08-17 13:18:00,140.0,140.45,140.0,140.0,350,0,8600.0,CE
2015-08-17 13:19:00,139.7,140.05,139.5,139.5,500,0,8600.0,CE
2015-08-17 13:20:00,139.75,140.8,139.75,140.4,975,0,8600.0,CE
2015-08-17 13:21:00,140.85,140.85,140.15,140.75,100,0,8600.0,CE
2015-08-17 13:22:00,141.0,141.0,140.35,140.35,50,0,8600.0,CE
2015-08-17 13:23:00,139.5,140.25,139.5,140.25,150,0,8600.0,CE
2015-08-17 13:24:00,138.85,139.15,135.0,135.4,4025,0,8600.0,CE
2015-08-17 13:25:00,135.2,135.2,131.05,131.1,8675,0,8600.0,CE
2015-08-17 13:26:00,130.6,131.55,130.6,131.55,1225,0,8600.0,CE
2015-08-17 13:27:00,130.15,130.2,128.2,128.95,3750,0,8600.0,CE
2015-08-17 13:28:00,129.25,131.25,129.25,131.25,2250,0,8600.0,CE
2015-08-17 13:29:00,131.1,132.75,131.1,132.05,2400,0,8600.0,CE
2015-08-17 13:30:00,132.95,132.95,132.85,132.9,675,0,8600.0,CE
2015-08-17 13:31:00,133.05,133.6,133.05,133.5,200,0,8600.0,CE
2015-08-17 13:32:00,133.95,134.45,133.0,133.05,1575,0,8600.0,CE
2015-08-17 13:33:00,132.7,134.95,132.6,134.95,725,0,8600.0,CE
2015-08-17 13:34:00,134.95,135.9,133.8,134.35,900,0,8600.0,CE
2015-08-17 13:35:00,135.05,136.15,135.05,135.2,300,0,8600.0,CE
2015-08-17 13:36:00,134.85,134.85,133.4,133.4,275,0,8600.0,CE
2015-08-17 13:37:00,133.45,134.15,133.4,133.4,600,0,8600.0,CE
2015-08-17 13:39:00,130.4,130.6,129.5,129.5,350,0,8600.0,CE
2015-08-17 13:40:00,130.75,130.75,127.95,128.0,1025,0,8600.0,CE
2015-08-17 13:41:00,128.6,129.6,128.6,129.1,1550,0,8600.0,CE
2015-08-17 13:42:00,129.1,129.95,129.1,129.95,1825,0,8600.0,CE
2015-08-17 13:43:00,130.95,132.05,130.95,132.05,475,0,8600.0,CE
2015-08-17 13:44:00,132.4,132.4,132.1,132.1,125,0,8600.0,CE
2015-08-17 13:45:00,132.75,135.5,132.75,135.1,825,0,8600.0,CE
2015-08-17 13:46:00,135.6,135.7,134.15,134.6,900,0,8600.0,CE
2015-08-17 13:48:00,132.95,132.95,132.0,132.0,1100,0,8600.0,CE
2015-08-17 13:49:00,132.45,133.95,132.45,133.9,1425,0,8600.0,CE
2015-08-17 13:50:00,134.45,135.35,133.9,133.9,525,0,8600.0,CE
2015-08-17 13:51:00,133.65,133.65,133.35,133.5,250,0,8600.0,CE
2015-08-17 13:52:00,134.6,135.95,134.6,135.95,775,0,8600.0,CE
2015-08-17 13:53:00,135.7,135.7,135.7,135.7,25,0,8600.0,CE
2015-08-17 13:54:00,136.0,136.05,135.4,136.05,175,0,8600.0,CE
2015-08-17 13:55:00,136.1,136.4,135.25,135.25,600,0,8600.0,CE
2015-08-17 13:56:00,135.0,135.0,133.75,133.75,300,0,8600.0,CE
2015-08-17 13:57:00,133.2,133.2,133.2,133.2,25,0,8600.0,CE
2015-08-17 13:58:00,133.7,135.45,133.7,135.45,475,0,8600.0,CE
2015-08-17 13:59:00,136.15,136.35,135.2,135.2,600,0,8600.0,CE
2015-08-17 14:00:00,133.0,133.0,132.7,132.7,400,0,8600.0,CE
2015-08-17 14:01:00,133.45,133.45,131.7,131.7,475,0,8600.0,CE
2015-08-17 14:02:00,131.15,132.4,130.1,132.4,2200,0,8600.0,CE
2015-08-17 14:03:00,131.45,133.75,131.45,133.75,700,0,8600.0,CE
2015-08-17 14:04:00,132.7,132.7,132.65,132.65,275,0,8600.0,CE
2015-08-17 14:05:00,131.5,132.35,131.0,132.2,500,0,8600.0,CE
2015-08-17 14:06:00,133.0,134.2,133.0,133.9,750,0,8600.0,CE
2015-08-17 14:07:00,133.2,133.6,133.2,133.25,175,0,8600.0,CE
2015-08-17 14:08:00,134.95,136.35,134.95,135.75,950,0,8600.0,CE
2015-08-17 14:09:00,136.0,136.0,133.95,134.7,225,0,8600.0,CE
2015-08-17 14:10:00,135.15,136.45,135.15,136.45,375,0,8600.0,CE
2015-08-17 14:11:00,135.05,135.05,134.3,134.3,300,0,8600.0,CE
2015-08-17 14:12:00,133.05,133.4,133.05,133.4,100,0,8600.0,CE
2015-08-17 14:13:00,133.25,134.05,133.25,134.05,175,0,8600.0,CE
2015-08-17 14:15:00,134.75,134.75,134.75,134.75,25,0,8600.0,CE
2015-08-17 14:17:00,134.0,134.0,134.0,134.0,175,0,8600.0,CE
2015-08-17 14:18:00,135.0,136.0,135.0,136.0,75,0,8600.0,CE
2015-08-17 14:19:00,134.6,134.6,133.75,133.75,200,0,8600.0,CE
2015-08-17 14:20:00,132.5,132.5,130.15,130.45,575,0,8600.0,CE
2015-08-17 14:21:00,129.2,130.35,128.9,129.0,2575,0,8600.0,CE
2015-08-17 14:22:00,128.7,128.7,125.8,126.95,4200,0,8600.0,CE
2015-08-17 14:23:00,127.25,129.0,127.25,129.0,3050,0,8600.0,CE
2015-08-17 14:24:00,129.0,129.5,129.0,129.0,1275,0,8600.0,CE
2015-08-17 14:25:00,127.55,128.45,127.25,127.25,1900,0,8600.0,CE
2015-08-17 14:26:00,127.75,129.4,127.75,129.3,525,0,8600.0,CE
2015-08-17 14:27:00,129.0,130.95,129.0,130.5,3050,0,8600.0,CE
2015-08-17 14:28:00,130.5,130.65,129.75,129.75,1725,0,8600.0,CE
2015-08-17 14:29:00,130.75,131.45,130.55,130.55,750,0,8600.0,CE
2015-08-17 14:30:00,130.0,132.4,130.0,132.4,1200,0,8600.0,CE
2015-08-17 14:31:00,132.7,132.85,131.75,132.1,425,0,8600.0,CE
2015-08-17 14:32:00,131.3,131.6,130.7,131.3,1025,0,8600.0,CE
2015-08-17 14:33:00,132.05,132.05,132.05,132.05,75,0,8600.0,CE
2015-08-17 14:34:00,132.25,132.6,131.8,131.95,900,0,8600.0,CE
2015-08-17 14:35:00,132.45,132.45,132.45,132.45,50,0,8600.0,CE
2015-08-17 14:36:00,133.0,133.25,132.9,132.9,800,0,8600.0,CE
2015-08-17 14:37:00,132.1,132.1,132.1,132.1,50,0,8600.0,CE
2015-08-17 14:38:00,129.75,129.75,128.55,128.9,1250,0,8600.0,CE
2015-08-17 14:39:00,131.45,131.45,130.3,130.3,400,0,8600.0,CE
2015-08-17 14:40:00,131.15,131.15,128.25,130.35,1000,0,8600.0,CE
2015-08-17 14:41:00,130.4,130.9,130.2,130.85,1100,0,8600.0,CE
2015-08-17 14:42:00,130.2,131.2,129.8,131.15,1225,0,8600.0,CE
2015-08-17 14:43:00,130.65,130.65,128.5,128.5,725,0,8600.0,CE
2015-08-17 14:44:00,129.05,129.95,128.0,129.95,1250,0,8600.0,CE
2015-08-17 14:45:00,130.95,131.95,130.7,131.95,825,0,8600.0,CE
2015-08-17 14:46:00,131.45,132.95,131.45,132.95,575,0,8600.0,CE
2015-08-17 14:47:00,132.7,136.0,132.7,135.35,3975,0,8600.0,CE
2015-08-17 14:49:00,133.1,134.95,132.9,134.65,700,0,8600.0,CE
2015-08-17 14:50:00,133.4,135.75,133.4,135.75,325,0,8600.0,CE
2015-08-17 14:51:00,135.9,135.9,133.0,133.0,375,0,8600.0,CE
2015-08-17 14:52:00,132.55,135.6,132.55,135.35,650,0,8600.0,CE
2015-08-17 14:53:00,134.85,135.5,134.6,134.95,1125,0,8600.0,CE
2015-08-17 14:54:00,134.55,134.55,131.95,132.0,2125,0,8600.0,CE
2015-08-17 14:55:00,132.35,136.4,132.35,135.75,1600,0,8600.0,CE
2015-08-17 14:56:00,134.45,134.55,133.7,133.8,525,0,8600.0,CE
2015-08-17 14:57:00,133.45,133.45,131.5,132.95,1050,0,8600.0,CE
2015-08-17 14:58:00,131.9,131.9,131.9,131.9,150,0,8600.0,CE
2015-08-17 14:59:00,133.95,134.95,133.95,134.95,225,0,8600.0,CE
2015-08-17 15:00:00,132.9,132.9,132.9,132.9,750,0,8600.0,CE
2015-08-17 15:01:00,131.6,131.6,128.85,130.85,800,0,8600.0,CE
2015-08-17 15:02:00,130.6,130.6,129.9,130.45,225,0,8600.0,CE
2015-08-17 15:03:00,130.0,131.8,129.5,131.8,1125,0,8600.0,CE
2015-08-17 15:04:00,131.8,133.1,131.35,131.35,300,0,8600.0,CE
2015-08-17 15:05:00,131.45,132.85,130.95,131.3,525,0,8600.0,CE
2015-08-17 15:06:00,131.4,131.9,130.85,130.85,1000,0,8600.0,CE
2015-08-17 15:07:00,130.0,130.9,129.95,130.9,625,0,8600.0,CE
2015-08-17 15:08:00,131.55,131.55,129.85,129.85,175,0,8600.0,CE
2015-08-17 15:09:00,130.9,130.95,130.45,130.45,100,0,8600.0,CE
2015-08-17 15:10:00,130.0,130.0,129.5,129.85,250,0,8600.0,CE
2015-08-17 15:11:00,129.0,130.6,129.0,129.45,250,0,8600.0,CE
2015-08-17 15:12:00,128.5,130.35,128.5,129.8,650,0,8600.0,CE
2015-08-17 15:13:00,129.65,129.65,129.2,129.5,325,0,8600.0,CE
2015-08-17 15:14:00,129.75,130.6,129.45,130.6,825,0,8600.0,CE
2015-08-17 15:15:00,131.55,131.55,130.25,130.3,1125,0,8600.0,CE
2015-08-17 15:16:00,130.05,130.65,129.35,130.35,675,0,8600.0,CE
2015-08-17 15:17:00,129.7,129.75,129.7,129.75,50,0,8600.0,CE
2015-08-17 15:18:00,129.3,130.5,129.3,130.5,375,0,8600.0,CE
2015-08-17 15:19:00,130.0,130.5,130.0,130.35,1150,0,8600.0,CE
2015-08-17 15:20:00,131.2,131.2,130.05,130.6,1275,0,8600.0,CE
2015-08-17 15:21:00,130.0,130.0,129.6,129.65,250,0,8600.0,CE
2015-08-17 15:22:00,129.95,130.35,129.3,129.6,800,0,8600.0,CE
2015-08-17 15:23:00,130.0,130.55,130.0,130.0,1075,0,8600.0,CE
2015-08-17 15:24:00,129.35,129.9,129.0,129.3,1775,0,8600.0,CE
2015-08-17 15:25:00,128.75,129.0,128.2,128.6,2375,0,8600.0,CE
2015-08-17 15:26:00,128.65,128.65,127.1,127.1,1300,0,8600.0,CE
2015-08-17 15:27:00,127.15,127.15,126.7,126.7,1075,0,8600.0,CE
2015-08-17 15:28:00,126.7,127.4,126.65,126.95,1200,0,8600.0,CE
2015-08-17 15:29:00,127.15,128.5,126.85,128.5,2700,0,8600.0,CE
2015-08-18 09:15:00,135.15,138.2,135.1,136.55,3300,0,8600.0,CE
2015-08-18 09:16:00,138.45,139.6,137.8,138.5,4650,0,8600.0,CE
2015-08-18 09:17:00,137.0,137.0,135.9,137.0,825,0,8600.0,CE
2015-08-18 09:18:00,137.0,139.8,137.0,139.1,1725,0,8600.0,CE
2015-08-18 09:19:00,137.0,137.0,136.5,136.5,100,0,8600.0,CE
2015-08-18 09:20:00,135.6,138.55,135.6,138.55,725,0,8600.0,CE
2015-08-18 09:21:00,139.9,141.95,139.65,141.95,1300,0,8600.0,CE
2015-08-18 09:22:00,142.0,142.05,140.85,141.65,1300,0,8600.0,CE
2015-08-18 09:23:00,140.9,143.45,140.9,143.45,1550,0,8600.0,CE
2015-08-18 09:24:00,144.0,144.05,141.0,141.25,700,0,8600.0,CE
2015-08-18 09:25:00,141.35,143.05,140.85,143.05,1425,0,8600.0,CE
2015-08-18 09:26:00,143.25,143.25,139.95,139.95,6175,0,8600.0,CE
2015-08-18 09:27:00,139.8,139.95,138.1,138.8,1300,0,8600.0,CE
2015-08-18 09:28:00,140.0,141.0,140.0,140.4,650,0,8600.0,CE
2015-08-18 09:29:00,141.0,141.0,140.65,140.65,725,0,8600.0,CE
2015-08-18 09:30:00,140.5,141.15,140.5,140.85,825,0,8600.0,CE
2015-08-18 09:31:00,140.95,141.35,140.85,140.85,525,0,8600.0,CE
2015-08-18 09:32:00,140.15,140.15,138.55,139.65,1150,0,8600.0,CE
2015-08-18 09:33:00,139.6,139.75,136.95,136.95,1550,0,8600.0,CE
2015-08-18 09:34:00,136.85,137.65,136.65,137.5,2675,0,8600.0,CE
2015-08-18 09:35:00,137.1,138.8,137.05,137.6,900,0,8600.0,CE
2015-08-18 09:36:00,138.0,138.5,137.6,138.5,1300,0,8600.0,CE
2015-08-18 09:37:00,138.3,138.85,138.1,138.1,1350,0,8600.0,CE
2015-08-18 09:38:00,138.55,138.6,138.15,138.15,300,0,8600.0,CE
2015-08-18 09:39:00,138.15,138.45,138.0,138.45,200,0,8600.0,CE
2015-08-18 09:40:00,138.55,139.45,138.55,139.45,1350,0,8600.0,CE
2015-08-18 09:41:00,139.1,140.75,139.1,139.8,2700,0,8600.0,CE
2015-08-18 09:42:00,139.95,140.05,139.95,140.05,2425,0,8600.0,CE
2015-08-18 09:43:00,140.5,141.0,140.3,140.55,1575,0,8600.0,CE
2015-08-18 09:44:00,141.0,141.55,141.0,141.55,1050,0,8600.0,CE
2015-08-18 09:45:00,141.7,142.25,141.45,142.25,175,0,8600.0,CE
2015-08-18 09:46:00,141.9,142.0,141.0,141.0,4500,0,8600.0,CE
2015-08-18 09:47:00,141.0,141.5,140.65,140.65,1150,0,8600.0,CE
2015-08-18 09:48:00,140.5,140.95,140.0,140.1,1475,0,8600.0,CE
2015-08-18 09:49:00,139.65,140.55,139.6,140.5,2150,0,8600.0,CE
2015-08-18 09:50:00,139.95,140.45,139.0,139.9,1825,0,8600.0,CE
2015-08-18 09:51:00,139.55,140.3,138.75,138.95,2525,0,8600.0,CE
2015-08-18 09:52:00,138.3,138.8,135.1,135.1,1275,0,8600.0,CE
2015-08-18 09:53:00,135.1,137.95,135.05,137.95,450,0,8600.0,CE
2015-08-18 09:54:00,137.95,137.95,136.4,137.9,1050,0,8600.0,CE
2015-08-18 09:55:00,138.0,138.0,138.0,138.0,25,0,8600.0,CE
2015-08-18 09:56:00,140.25,140.25,137.7,138.25,1800,0,8600.0,CE
2015-08-18 09:57:00,138.8,139.5,138.1,138.1,750,0,8600.0,CE
2015-08-18 09:58:00,138.3,138.7,137.0,137.0,1300,0,8600.0,CE
2015-08-18 09:59:00,137.7,137.7,136.95,137.55,1850,0,8600.0,CE
2015-08-18 10:00:00,136.85,136.85,136.35,136.35,350,0,8600.0,CE
2015-08-18 10:01:00,137.6,138.0,137.2,137.6,1450,0,8600.0,CE
2015-08-18 10:02:00,136.95,138.05,136.95,138.0,950,0,8600.0,CE
2015-08-18 10:03:00,137.85,137.85,137.55,137.55,50,0,8600.0,CE
2015-08-18 10:04:00,137.0,138.1,137.0,137.1,550,0,8600.0,CE
2015-08-18 10:05:00,136.65,138.25,136.65,138.25,925,0,8600.0,CE
2015-08-18 10:06:00,136.8,137.6,136.8,137.05,350,0,8600.0,CE
2015-08-18 10:07:00,139.0,139.5,139.0,139.15,375,0,8600.0,CE
2015-08-18 10:08:00,139.15,139.15,137.9,138.0,1100,0,8600.0,CE
2015-08-18 10:09:00,138.0,138.05,136.4,136.4,6875,0,8600.0,CE
2015-08-18 10:10:00,136.0,136.9,135.45,136.9,6600,0,8600.0,CE
2015-08-18 10:11:00,137.4,137.4,135.75,136.25,925,0,8600.0,CE
2015-08-18 10:12:00,136.0,137.1,135.0,135.0,11325,0,8600.0,CE
2015-08-18 10:13:00,137.0,137.2,135.8,137.2,7400,0,8600.0,CE
2015-08-18 10:14:00,137.9,138.0,136.95,137.0,8500,0,8600.0,CE
2015-08-18 10:15:00,137.0,137.95,136.05,137.95,7425,0,8600.0,CE
2015-08-18 10:16:00,137.4,138.0,137.05,137.8,1500,0,8600.0,CE
2015-08-18 10:17:00,138.0,138.0,136.95,137.05,5875,0,8600.0,CE
2015-08-18 10:18:00,137.65,137.65,135.0,137.55,2725,0,8600.0,CE
2015-08-18 10:19:00,137.8,137.8,137.0,137.0,3000,0,8600.0,CE
2015-08-18 10:20:00,137.0,137.05,137.0,137.05,7225,0,8600.0,CE
2015-08-18 10:21:00,137.0,138.45,136.9,138.45,5725,0,8600.0,CE
2015-08-18 10:22:00,138.5,138.85,138.1,138.55,1125,0,8600.0,CE
2015-08-18 10:23:00,138.6,139.05,137.45,137.45,575,0,8600.0,CE
2015-08-18 10:24:00,137.6,137.6,137.0,137.0,550,0,8600.0,CE
2015-08-18 10:25:00,137.0,137.9,137.0,137.9,1150,0,8600.0,CE
2015-08-18 10:26:00,138.15,138.2,137.0,137.0,900,0,8600.0,CE
2015-08-18 10:27:00,137.25,137.75,137.15,137.15,825,0,8600.0,CE
2015-08-18 10:28:00,137.45,137.5,137.45,137.5,425,0,8600.0,CE
2015-08-18 10:29:00,136.9,138.0,136.9,138.0,875,0,8600.0,CE
2015-08-18 10:30:00,138.0,138.0,137.1,137.7,775,0,8600.0,CE
2015-08-18 10:31:00,137.9,138.65,137.45,138.65,500,0,8600.0,CE
2015-08-18 10:32:00,138.9,140.15,138.9,140.0,1575,0,8600.0,CE
2015-08-18 10:33:00,139.95,141.3,139.95,139.95,3300,0,8600.0,CE
2015-08-18 10:34:00,139.95,141.05,139.95,141.05,350,0,8600.0,CE
2015-08-18 10:35:00,141.05,141.05,141.0,141.0,2325,0,8600.0,CE
2015-08-18 10:36:00,141.45,141.45,139.9,139.9,1075,0,8600.0,CE
2015-08-18 10:37:00,139.0,140.0,139.0,139.5,275,0,8600.0,CE
2015-08-18 10:38:00,139.6,139.6,139.0,139.0,1200,0,8600.0,CE
2015-08-18 10:39:00,139.0,139.0,138.55,138.55,650,0,8600.0,CE
2015-08-18 10:40:00,138.55,138.85,138.3,138.85,125,0,8600.0,CE
2015-08-18 10:41:00,138.45,138.75,137.9,138.0,825,0,8600.0,CE
2015-08-18 10:42:00,138.0,138.25,137.85,138.2,600,0,8600.0,CE
2015-08-18 10:43:00,138.0,138.25,137.75,138.0,2050,0,8600.0,CE
2015-08-18 10:44:00,138.0,138.1,137.55,137.55,1550,0,8600.0,CE
2015-08-18 10:45:00,137.55,138.0,137.0,137.0,1550,0,8600.0,CE
2015-08-18 10:46:00,137.05,137.1,135.6,135.6,2450,0,8600.0,CE
2015-08-18 10:47:00,135.55,136.15,134.25,134.35,3250,0,8600.0,CE
2015-08-18 10:48:00,134.0,134.25,132.75,133.6,2800,0,8600.0,CE
2015-08-18 10:49:00,133.65,134.85,133.65,134.3,1875,0,8600.0,CE
2015-08-18 10:50:00,134.9,135.0,133.6,134.3,2550,0,8600.0,CE
2015-08-18 10:51:00,133.55,134.3,133.15,133.15,1125,0,8600.0,CE
2015-08-18 10:52:00,132.9,133.0,129.05,130.4,5350,0,8600.0,CE
2015-08-18 10:53:00,131.2,133.05,131.2,133.0,300,0,8600.0,CE
2015-08-18 10:54:00,133.0,133.25,130.75,131.0,1650,0,8600.0,CE
2015-08-18 10:55:00,131.4,131.75,130.5,131.55,750,0,8600.0,CE
2015-08-18 10:57:00,131.55,132.25,131.55,132.25,300,0,8600.0,CE
2015-08-18 10:58:00,132.15,132.15,131.5,131.5,250,0,8600.0,CE
2015-08-18 10:59:00,132.25,132.25,130.85,130.85,825,0,8600.0,CE
2015-08-18 11:00:00,131.0,132.4,131.0,131.65,750,0,8600.0,CE
2015-08-18 11:01:00,132.0,132.05,132.0,132.05,75,0,8600.0,CE
2015-08-18 11:02:00,131.7,131.85,131.15,131.2,775,0,8600.0,CE
2015-08-18 11:03:00,131.8,131.8,131.5,131.5,725,0,8600.0,CE
2015-08-18 11:04:00,131.65,131.65,130.8,130.8,350,0,8600.0,CE
2015-08-18 11:05:00,131.35,132.0,131.35,132.0,150,0,8600.0,CE
2015-08-18 11:06:00,132.0,132.1,132.0,132.1,100,0,8600.0,CE
2015-08-18 11:07:00,132.85,132.85,132.85,132.85,25,0,8600.0,CE
2015-08-18 11:08:00,131.9,131.9,131.9,131.9,150,0,8600.0,CE
2015-08-18 11:10:00,130.7,130.7,130.35,130.35,250,0,8600.0,CE
2015-08-18 11:12:00,130.5,130.5,127.5,129.1,2000,0,8600.0,CE
2015-08-18 11:13:00,129.05,130.0,129.05,129.3,375,0,8600.0,CE
2015-08-18 11:14:00,129.5,129.5,127.65,127.65,1650,0,8600.0,CE
2015-08-18 11:15:00,128.0,128.95,128.0,128.95,750,0,8600.0,CE
2015-08-18 11:16:00,128.9,128.9,128.7,128.7,125,0,8600.0,CE
2015-08-18 11:17:00,128.7,129.9,128.7,129.9,200,0,8600.0,CE
2015-08-18 11:18:00,130.2,131.1,130.2,131.1,175,0,8600.0,CE
2015-08-18 11:19:00,131.25,131.25,130.8,130.8,225,0,8600.0,CE
2015-08-18 11:20:00,131.5,131.85,131.5,131.7,200,0,8600.0,CE
2015-08-18 11:21:00,132.25,132.25,132.25,132.25,50,0,8600.0,CE
2015-08-18 11:22:00,132.4,132.8,132.4,132.8,125,0,8600.0,CE
2015-08-18 11:23:00,132.8,132.85,131.35,131.7,725,0,8600.0,CE
2015-08-18 11:24:00,131.75,131.75,131.4,131.4,100,0,8600.0,CE
2015-08-18 11:25:00,131.9,132.1,131.9,132.05,275,0,8600.0,CE
2015-08-18 11:27:00,132.05,132.05,130.5,130.5,1500,0,8600.0,CE
2015-08-18 11:28:00,129.35,129.35,125.8,126.15,2525,0,8600.0,CE
2015-08-18 11:29:00,127.9,128.35,127.7,128.25,1000,0,8600.0,CE
2015-08-18 11:30:00,128.4,129.05,128.4,128.65,475,0,8600.0,CE
2015-08-18 11:31:00,128.4,128.45,127.9,128.2,1375,0,8600.0,CE
2015-08-18 11:32:00,128.2,129.1,127.6,127.65,12300,0,8600.0,CE
2015-08-18 11:33:00,127.35,128.5,126.95,128.5,3500,0,8600.0,CE
2015-08-18 11:34:00,128.6,128.6,128.0,128.0,2000,0,8600.0,CE
2015-08-18 11:35:00,127.85,128.5,126.65,127.1,5300,0,8600.0,CE
2015-08-18 11:36:00,127.7,128.25,127.7,128.25,475,0,8600.0,CE
2015-08-18 11:37:00,128.05,129.35,128.05,129.35,1375,0,8600.0,CE
2015-08-18 11:38:00,128.6,129.55,128.55,129.25,1300,0,8600.0,CE
2015-08-18 11:39:00,129.25,130.2,129.25,130.2,1200,0,8600.0,CE
2015-08-18 11:40:00,130.25,131.0,130.25,130.8,950,0,8600.0,CE
2015-08-18 11:41:00,130.2,130.4,129.65,130.0,1525,0,8600.0,CE
2015-08-18 11:42:00,129.9,131.0,129.9,131.0,5000,0,8600.0,CE
2015-08-18 11:43:00,131.0,131.2,129.75,129.85,1050,0,8600.0,CE
2015-08-18 11:44:00,130.5,130.5,130.5,130.5,200,0,8600.0,CE
2015-08-18 11:45:00,129.7,130.35,129.7,130.0,150,0,8600.0,CE
2015-08-18 11:46:00,129.95,129.95,129.25,129.25,175,0,8600.0,CE
2015-08-18 11:47:00,129.9,129.9,129.9,129.9,25,0,8600.0,CE
2015-08-18 11:48:00,129.5,129.5,129.5,129.5,150,0,8600.0,CE
2015-08-18 11:49:00,129.1,129.55,129.1,129.1,675,0,8600.0,CE
2015-08-18 11:50:00,129.15,129.5,128.5,128.5,1175,0,8600.0,CE
2015-08-18 11:51:00,128.35,128.7,127.95,128.1,275,0,8600.0,CE
2015-08-18 11:52:00,128.2,128.55,127.9,128.5,2950,0,8600.0,CE
2015-08-18 11:53:00,128.9,128.9,126.45,126.45,7600,0,8600.0,CE
2015-08-18 11:54:00,126.15,126.95,126.0,126.0,2225,0,8600.0,CE
2015-08-18 11:55:00,126.2,126.2,124.6,125.0,5375,0,8600.0,CE
2015-08-18 11:56:00,125.1,125.4,120.6,121.5,11075,0,8600.0,CE
2015-08-18 11:57:00,122.3,122.75,121.65,122.6,2625,0,8600.0,CE
2015-08-18 11:58:00,122.7,123.0,122.0,122.95,7925,0,8600.0,CE
2015-08-18 11:59:00,123.0,124.0,123.0,123.35,3325,0,8600.0,CE
2015-08-18 12:00:00,123.7,124.2,122.5,124.2,1325,0,8600.0,CE
2015-08-18 12:01:00,124.25,124.8,124.1,124.25,1350,0,8600.0,CE
2015-08-18 12:02:00,124.25,124.9,123.4,124.9,950,0,8600.0,CE
2015-08-18 12:03:00,124.7,125.35,124.3,124.3,1425,0,8600.0,CE
2015-08-18 12:04:00,124.3,124.4,123.35,123.5,1850,0,8600.0,CE
2015-08-18 12:05:00,123.25,123.65,115.7,117.15,6575,0,8600.0,CE
2015-08-18 12:06:00,117.55,117.7,116.0,116.65,7550,0,8600.0,CE
2015-08-18 12:07:00,116.9,116.95,115.8,115.8,4250,0,8600.0,CE
2015-08-18 12:08:00,115.2,115.5,112.35,113.25,6425,0,8600.0,CE
2015-08-18 12:09:00,113.4,113.5,110.35,111.05,6475,0,8600.0,CE
2015-08-18 12:10:00,111.15,112.2,110.9,111.1,6775,0,8600.0,CE
2015-08-18 12:11:00,110.0,112.5,110.0,112.3,1700,0,8600.0,CE
2015-08-18 12:12:00,112.3,113.5,111.9,113.5,6125,0,8600.0,CE
2015-08-18 12:13:00,113.5,113.5,112.0,112.2,7625,0,8600.0,CE
2015-08-18 12:14:00,111.65,113.55,111.5,113.05,5825,0,8600.0,CE
2015-08-18 12:15:00,112.75,113.35,112.3,113.2,925,0,8600.0,CE
2015-08-18 12:16:00,113.2,113.9,113.2,113.9,600,0,8600.0,CE
2015-08-18 12:17:00,113.0,113.3,111.5,113.3,1775,0,8600.0,CE
2015-08-18 12:18:00,112.85,112.85,107.15,107.9,9425,0,8600.0,CE
2015-08-18 12:19:00,108.95,110.8,108.95,110.8,10400,0,8600.0,CE
2015-08-18 12:20:00,110.2,111.55,110.0,111.15,3950,0,8600.0,CE
2015-08-18 12:21:00,111.0,112.3,111.0,112.25,2275,0,8600.0,CE
2015-08-18 12:22:00,112.3,112.35,111.65,112.0,1500,0,8600.0,CE
2015-08-18 12:23:00,112.4,112.5,112.4,112.45,325,0,8600.0,CE
2015-08-18 12:24:00,112.0,113.25,112.0,113.25,2950,0,8600.0,CE
2015-08-18 12:25:00,113.2,113.2,111.7,112.1,1725,0,8600.0,CE
2015-08-18 12:26:00,112.0,112.3,111.6,111.6,3100,0,8600.0,CE
2015-08-18 12:27:00,111.6,111.9,111.6,111.9,450,0,8600.0,CE
2015-08-18 12:28:00,111.75,111.75,110.15,110.15,5900,0,8600.0,CE
2015-08-18 12:29:00,110.15,110.25,108.55,108.55,1400,0,8600.0,CE
2015-08-18 12:30:00,109.05,111.15,109.05,111.05,3950,0,8600.0,CE
2015-08-18 12:31:00,111.15,112.4,111.15,112.25,2950,0,8600.0,CE
2015-08-18 12:32:00,112.1,112.1,110.4,111.7,3200,0,8600.0,CE
2015-08-18 12:33:00,112.2,113.2,111.45,113.05,3000,0,8600.0,CE
2015-08-18 12:34:00,113.0,114.4,112.95,113.65,8550,0,8600.0,CE
2015-08-18 12:35:00,113.5,115.25,113.35,115.25,4825,0,8600.0,CE
2015-08-18 12:36:00,115.6,116.45,114.15,115.85,5325,0,8600.0,CE
2015-08-18 12:37:00,114.0,114.0,113.7,113.7,100,0,8600.0,CE
2015-08-18 12:38:00,114.65,115.6,114.35,115.5,1700,0,8600.0,CE
2015-08-18 12:39:00,115.5,116.1,115.5,115.85,1275,0,8600.0,CE
2015-08-18 12:40:00,115.4,115.4,114.1,114.8,425,0,8600.0,CE
2015-08-18 12:41:00,114.75,114.75,114.0,114.0,350,0,8600.0,CE
2015-08-18 12:42:00,114.0,115.05,113.4,114.7,1025,0,8600.0,CE
2015-08-18 12:43:00,115.0,115.0,115.0,115.0,3275,0,8600.0,CE
2015-08-18 12:44:00,115.85,116.1,115.85,116.1,250,0,8600.0,CE
2015-08-18 12:45:00,116.45,116.45,115.0,115.0,1975,0,8600.0,CE
2015-08-18 12:46:00,115.0,115.3,114.7,115.1,1225,0,8600.0,CE
2015-08-18 12:47:00,115.15,115.6,115.0,115.05,1300,0,8600.0,CE
2015-08-18 12:48:00,115.5,115.65,115.35,115.35,300,0,8600.0,CE
2015-08-18 12:49:00,116.4,117.0,116.4,117.0,1375,0,8600.0,CE
2015-08-18 12:50:00,116.55,117.0,116.25,117.0,1875,0,8600.0,CE
2015-08-18 12:51:00,117.0,119.7,117.0,119.05,6000,0,8600.0,CE
2015-08-18 12:52:00,119.0,119.0,117.65,117.65,650,0,8600.0,CE
2015-08-18 12:53:00,117.25,119.55,117.25,119.0,3475,0,8600.0,CE
2015-08-18 12:54:00,118.65,118.65,117.55,117.55,2025,0,8600.0,CE
2015-08-18 12:55:00,117.75,119.35,117.75,119.0,2675,0,8600.0,CE
2015-08-18 12:56:00,119.35,120.9,118.85,118.85,8850,0,8600.0,CE
2015-08-18 12:57:00,118.55,118.6,117.45,117.95,3650,0,8600.0,CE
2015-08-18 12:58:00,116.15,117.6,116.15,117.0,1375,0,8600.0,CE
2015-08-18 12:59:00,117.0,117.0,116.15,116.15,4225,0,8600.0,CE
2015-08-18 13:00:00,116.25,116.25,113.5,115.1,5025,0,8600.0,CE
2015-08-18 13:01:00,114.75,116.0,114.0,116.0,5025,0,8600.0,CE
2015-08-18 13:02:00,116.65,116.65,115.3,116.0,1300,0,8600.0,CE
2015-08-18 13:03:00,116.05,116.25,115.7,115.7,350,0,8600.0,CE
2015-08-18 13:04:00,114.5,114.5,114.05,114.25,350,0,8600.0,CE
2015-08-18 13:05:00,114.0,114.0,114.0,114.0,325,0,8600.0,CE
2015-08-18 13:06:00,115.0,115.0,113.35,113.75,1500,0,8600.0,CE
2015-08-18 13:07:00,114.05,115.15,113.65,113.65,250,0,8600.0,CE
2015-08-18 13:08:00,113.4,113.5,112.2,113.5,1375,0,8600.0,CE
2015-08-18 13:09:00,114.15,114.25,112.5,112.85,1950,0,8600.0,CE
2015-08-18 13:10:00,113.25,114.15,113.25,114.05,1025,0,8600.0,CE
2015-08-18 13:11:00,114.05,114.4,113.1,113.95,1575,0,8600.0,CE
2015-08-18 13:12:00,114.5,115.85,114.5,114.65,5300,0,8600.0,CE
2015-08-18 13:13:00,114.7,115.0,114.5,114.5,3375,0,8600.0,CE
2015-08-18 13:14:00,114.5,114.5,114.1,114.25,1625,0,8600.0,CE
2015-08-18 13:15:00,114.4,115.0,113.85,114.65,2500,0,8600.0,CE
2015-08-18 13:16:00,114.15,115.95,114.15,115.9,675,0,8600.0,CE
2015-08-18 13:17:00,115.15,115.7,115.0,115.55,500,0,8600.0,CE
2015-08-18 13:18:00,116.0,116.0,114.9,115.45,775,0,8600.0,CE
2015-08-18 13:19:00,115.2,115.2,114.0,114.2,925,0,8600.0,CE
2015-08-18 13:20:00,114.3,115.6,114.3,114.4,300,0,8600.0,CE
2015-08-18 13:21:00,115.05,115.05,113.55,113.55,1150,0,8600.0,CE
2015-08-18 13:22:00,114.85,114.85,114.85,114.85,25,0,8600.0,CE
2015-08-18 13:23:00,113.9,113.9,113.0,113.3,4025,0,8600.0,CE
2015-08-18 13:24:00,113.9,114.55,112.7,112.7,850,0,8600.0,CE
2015-08-18 13:25:00,112.9,113.2,111.9,113.1,1075,0,8600.0,CE
2015-08-18 13:26:00,112.9,112.9,111.9,111.9,175,0,8600.0,CE
2015-08-18 13:27:00,112.05,113.45,111.65,113.45,650,0,8600.0,CE
2015-08-18 13:28:00,113.45,113.75,113.45,113.75,225,0,8600.0,CE
2015-08-18 13:29:00,114.65,114.65,113.0,113.0,200,0,8600.0,CE
2015-08-18 13:30:00,113.65,113.65,113.15,113.15,275,0,8600.0,CE
2015-08-18 13:31:00,113.4,113.4,113.0,113.0,1925,0,8600.0,CE
2015-08-18 13:32:00,114.75,115.25,113.85,113.85,650,0,8600.0,CE
2015-08-18 13:33:00,114.0,114.2,113.65,114.15,725,0,8600.0,CE
2015-08-18 13:34:00,115.0,115.95,114.75,115.95,1550,0,8600.0,CE
2015-08-18 13:35:00,115.6,115.8,114.6,114.6,1325,0,8600.0,CE
2015-08-18 13:36:00,114.9,115.1,114.35,115.1,375,0,8600.0,CE
2015-08-18 13:37:00,115.0,115.45,114.5,114.5,2500,0,8600.0,CE
2015-08-18 13:38:00,115.15,115.15,115.15,115.15,100,0,8600.0,CE
2015-08-18 13:39:00,115.5,115.55,113.75,113.75,1200,0,8600.0,CE
2015-08-18 13:40:00,113.65,114.75,113.1,113.1,2300,0,8600.0,CE
2015-08-18 13:41:00,113.1,113.1,110.1,111.4,19775,0,8600.0,CE
2015-08-18 13:42:00,111.75,112.0,110.4,111.65,2075,0,8600.0,CE
2015-08-18 13:43:00,111.65,111.9,111.0,111.35,1900,0,8600.0,CE
2015-08-18 13:44:00,111.0,111.0,110.25,110.55,1425,0,8600.0,CE
2015-08-18 13:45:00,110.6,111.95,110.0,111.95,2125,0,8600.0,CE
2015-08-18 13:46:00,112.0,112.25,111.6,112.1,5525,0,8600.0,CE
2015-08-18 13:47:00,112.25,114.05,112.25,113.6,4175,0,8600.0,CE
2015-08-18 13:48:00,113.6,113.75,113.35,113.5,450,0,8600.0,CE
2015-08-18 13:49:00,113.5,114.0,112.9,112.9,375,0,8600.0,CE
2015-08-18 13:50:00,112.25,112.35,112.25,112.35,75,0,8600.0,CE
2015-08-18 13:51:00,112.6,114.15,112.6,114.15,1150,0,8600.0,CE
2015-08-18 13:52:00,114.4,114.5,113.55,114.0,1350,0,8600.0,CE
2015-08-18 13:53:00,113.85,114.6,113.8,114.6,850,0,8600.0,CE
2015-08-18 13:54:00,113.9,114.5,113.9,114.5,275,0,8600.0,CE
2015-08-18 13:55:00,114.3,117.25,114.25,117.2,7600,0,8600.0,CE
2015-08-18 13:56:00,117.5,118.1,116.95,118.1,2650,0,8600.0,CE
2015-08-18 13:57:00,117.7,117.7,116.55,116.8,775,0,8600.0,CE
2015-08-18 13:58:00,117.0,117.5,117.0,117.0,150,0,8600.0,CE
2015-08-18 13:59:00,117.05,117.1,116.55,116.55,550,0,8600.0,CE
2015-08-18 14:00:00,116.8,118.0,116.8,118.0,175,0,8600.0,CE
2015-08-18 14:01:00,117.65,118.3,117.2,118.3,4150,0,8600.0,CE
2015-08-18 14:02:00,118.4,118.4,117.4,117.4,1525,0,8600.0,CE
2015-08-18 14:03:00,117.95,118.0,117.6,117.6,1050,0,8600.0,CE
2015-08-18 14:04:00,117.85,119.1,117.4,118.1,3825,0,8600.0,CE
2015-08-18 14:05:00,118.2,118.2,115.7,115.7,1675,0,8600.0,CE
2015-08-18 14:06:00,115.65,115.65,113.6,113.75,2450,0,8600.0,CE
2015-08-18 14:07:00,113.45,114.9,112.95,114.85,2725,0,8600.0,CE
2015-08-18 14:08:00,114.9,115.65,114.2,114.2,325,0,8600.0,CE
2015-08-18 14:09:00,114.1,116.05,114.1,115.5,1875,0,8600.0,CE
2015-08-18 14:10:00,115.45,115.45,114.5,114.5,1250,0,8600.0,CE
2015-08-18 14:11:00,114.65,115.3,114.65,115.0,3750,0,8600.0,CE
2015-08-18 14:12:00,114.95,115.0,114.35,115.0,1075,0,8600.0,CE
2015-08-18 14:13:00,115.0,115.8,114.85,115.3,6650,0,8600.0,CE
2015-08-18 14:14:00,115.5,119.4,115.5,118.95,2450,0,8600.0,CE
2015-08-18 14:15:00,118.95,121.9,118.55,120.6,9425,0,8600.0,CE
2015-08-18 14:16:00,120.75,121.0,118.5,118.5,2825,0,8600.0,CE
2015-08-18 14:17:00,118.6,119.0,117.85,117.85,800,0,8600.0,CE
2015-08-18 14:18:00,117.8,119.0,117.8,118.6,1250,0,8600.0,CE
2015-08-18 14:19:00,118.75,119.45,118.0,118.7,10175,0,8600.0,CE
2015-08-18 14:20:00,118.45,118.6,117.55,118.3,525,0,8600.0,CE
2015-08-18 14:21:00,118.5,119.9,117.65,119.15,1625,0,8600.0,CE
2015-08-18 14:22:00,119.35,122.25,119.3,121.9,3850,0,8600.0,CE
2015-08-18 14:23:00,121.9,122.5,120.9,120.9,2150,0,8600.0,CE
2015-08-18 14:24:00,120.85,124.5,120.85,123.35,2550,0,8600.0,CE
2015-08-18 14:25:00,123.2,128.95,123.2,128.45,4450,0,8600.0,CE
2015-08-18 14:26:00,128.5,129.25,126.35,126.35,1625,0,8600.0,CE
2015-08-18 14:27:00,125.95,127.45,125.55,125.95,2800,0,8600.0,CE
2015-08-18 14:28:00,126.55,127.6,125.6,125.8,1100,0,8600.0,CE
2015-08-18 14:29:00,125.15,126.5,124.5,126.05,1700,0,8600.0,CE
2015-08-18 14:30:00,125.8,126.55,125.15,126.55,950,0,8600.0,CE
2015-08-18 14:31:00,126.5,128.7,125.4,128.7,1925,0,8600.0,CE
2015-08-18 14:32:00,127.8,128.0,123.9,124.1,3075,0,8600.0,CE
2015-08-18 14:33:00,122.9,122.9,121.95,122.1,1025,0,8600.0,CE
2015-08-18 14:34:00,123.2,123.3,120.85,121.8,1300,0,8600.0,CE
2015-08-18 14:35:00,121.8,123.85,121.8,123.0,800,0,8600.0,CE
2015-08-18 14:36:00,122.5,123.05,121.75,123.05,600,0,8600.0,CE
2015-08-18 14:37:00,122.05,123.5,121.15,123.5,1875,0,8600.0,CE
2015-08-18 14:38:00,123.7,125.1,123.7,125.0,1350,0,8600.0,CE
2015-08-18 14:39:00,124.0,124.6,123.0,123.15,1275,0,8600.0,CE
2015-08-18 14:40:00,123.7,124.3,123.7,124.0,400,0,8600.0,CE
2015-08-18 14:41:00,124.0,124.7,124.0,124.55,1100,0,8600.0,CE
2015-08-18 14:42:00,125.15,126.1,124.95,125.9,1675,0,8600.0,CE
2015-08-18 14:43:00,126.0,126.4,124.8,125.45,3075,0,8600.0,CE
2015-08-18 14:44:00,124.9,124.9,123.35,123.8,800,0,8600.0,CE
2015-08-18 14:45:00,123.55,124.35,123.05,123.4,6400,0,8600.0,CE
2015-08-18 14:46:00,123.0,124.05,122.9,124.05,850,0,8600.0,CE
2015-08-18 14:47:00,123.6,123.8,123.0,123.0,1000,0,8600.0,CE
2015-08-18 14:48:00,123.0,123.0,120.9,121.4,1150,0,8600.0,CE
2015-08-18 14:49:00,121.55,122.1,121.0,121.95,825,0,8600.0,CE
2015-08-18 14:50:00,122.0,122.7,122.0,122.3,625,0,8600.0,CE
2015-08-18 14:51:00,122.2,124.0,122.2,123.3,3250,0,8600.0,CE
2015-08-18 14:52:00,123.25,124.0,122.3,123.1,2400,0,8600.0,CE
2015-08-18 14:53:00,123.0,123.25,121.0,121.3,1425,0,8600.0,CE
2015-08-18 14:54:00,121.25,121.5,119.85,120.2,6100,0,8600.0,CE
2015-08-18 14:55:00,120.7,121.75,120.2,120.45,3750,0,8600.0,CE
2015-08-18 14:56:00,121.55,122.6,121.05,122.3,950,0,8600.0,CE
2015-08-18 14:57:00,122.7,123.15,121.95,122.4,2950,0,8600.0,CE
2015-08-18 14:58:00,122.55,123.45,122.55,123.45,1750,0,8600.0,CE
2015-08-18 14:59:00,123.65,123.65,121.05,121.05,1325,0,8600.0,CE
2015-08-18 15:00:00,121.0,122.35,119.9,121.05,2275,0,8600.0,CE
2015-08-18 15:01:00,121.15,121.5,119.65,121.1,1150,0,8600.0,CE
2015-08-18 15:02:00,121.0,121.55,119.2,119.5,2825,0,8600.0,CE
2015-08-18 15:03:00,119.6,119.9,117.55,119.0,3975,0,8600.0,CE
2015-08-18 15:04:00,118.35,120.25,118.0,120.25,3775,0,8600.0,CE
2015-08-18 15:05:00,119.7,120.45,118.3,119.5,3150,0,8600.0,CE
2015-08-18 15:06:00,119.65,120.35,118.95,119.05,2350,0,8600.0,CE
2015-08-18 15:07:00,119.8,122.5,119.8,122.5,2075,0,8600.0,CE
2015-08-18 15:08:00,122.35,123.35,121.65,123.0,2775,0,8600.0,CE
2015-08-18 15:09:00,122.05,123.05,122.05,122.3,3425,0,8600.0,CE
2015-08-18 15:10:00,122.6,122.6,121.1,121.55,2550,0,8600.0,CE
2015-08-18 15:11:00,122.3,122.3,120.95,121.0,1350,0,8600.0,CE
2015-08-18 15:12:00,121.75,122.65,121.45,122.65,2200,0,8600.0,CE
2015-08-18 15:13:00,122.7,122.95,122.25,122.35,1825,0,8600.0,CE
2015-08-18 15:14:00,122.25,123.65,122.25,123.65,3825,0,8600.0,CE
2015-08-18 15:15:00,123.65,124.75,123.2,124.05,2025,0,8600.0,CE
2015-08-18 15:16:00,124.7,124.75,124.2,124.6,1400,0,8600.0,CE
2015-08-18 15:17:00,124.8,124.8,123.6,123.8,4100,0,8600.0,CE
2015-08-18 15:18:00,124.3,124.4,123.45,123.5,8400,0,8600.0,CE
2015-08-18 15:19:00,123.1,123.5,122.7,122.75,2100,0,8600.0,CE
2015-08-18 15:20:00,122.85,122.85,122.0,122.0,1125,0,8600.0,CE
2015-08-18 15:21:00,122.2,122.2,120.45,120.45,2575,0,8600.0,CE
2015-08-18 15:22:00,120.8,122.0,120.8,122.0,1000,0,8600.0,CE
2015-08-18 15:23:00,122.35,123.9,122.35,123.35,3500,0,8600.0,CE
2015-08-18 15:24:00,124.0,124.0,123.65,123.65,1125,0,8600.0,CE
2015-08-18 15:25:00,123.65,123.7,122.1,122.5,2000,0,8600.0,CE
2015-08-18 15:26:00,122.4,122.4,122.0,122.05,1500,0,8600.0,CE
2015-08-18 15:27:00,122.0,122.0,121.2,121.5,1750,0,8600.0,CE
2015-08-18 15:28:00,121.7,122.25,121.05,122.1,3550,0,8600.0,CE
2015-08-18 15:29:00,121.8,122.95,121.05,121.05,7425,0,8600.0,CE
2015-08-19 09:15:00,103.6,114.5,103.6,114.45,3025,0,8600.0,CE
2015-08-19 09:16:00,113.35,113.35,107.1,107.8,2975,0,8600.0,CE
2015-08-19 09:17:00,106.0,106.05,100.05,100.05,10650,0,8600.0,CE
2015-08-19 09:18:00,101.6,103.0,101.0,102.15,3575,0,8600.0,CE
2015-08-19 09:19:00,102.65,104.15,102.0,103.85,1925,0,8600.0,CE
2015-08-19 09:20:00,103.7,105.55,103.45,105.25,1375,0,8600.0,CE
2015-08-19 09:21:00,105.0,106.05,105.0,106.0,11650,0,8600.0,CE
2015-08-19 09:22:00,106.85,107.5,106.85,107.0,825,0,8600.0,CE
2015-08-19 09:23:00,106.8,107.25,106.05,107.1,4150,0,8600.0,CE
2015-08-19 09:24:00,106.9,107.25,106.8,107.25,2175,0,8600.0,CE
2015-08-19 09:25:00,108.7,109.0,107.6,108.25,5775,0,8600.0,CE
2015-08-19 09:26:00,109.25,110.35,108.7,110.1,4725,0,8600.0,CE
2015-08-19 09:27:00,111.25,111.45,109.8,110.25,2575,0,8600.0,CE
2015-08-19 09:28:00,111.05,111.05,110.0,110.75,300,0,8600.0,CE
2015-08-19 09:29:00,110.6,111.95,110.4,111.0,13725,0,8600.0,CE
2015-08-19 09:30:00,112.0,112.95,111.05,111.15,1000,0,8600.0,CE
2015-08-19 09:31:00,111.1,112.0,110.7,111.85,3200,0,8600.0,CE
2015-08-19 09:32:00,112.25,112.55,111.0,111.0,1400,0,8600.0,CE
2015-08-19 09:33:00,111.0,111.3,110.25,111.25,3450,0,8600.0,CE
2015-08-19 09:34:00,111.0,112.9,111.0,112.3,825,0,8600.0,CE
2015-08-19 09:35:00,112.5,113.25,111.4,111.45,900,0,8600.0,CE
2015-08-19 09:36:00,112.0,114.8,112.0,114.65,1750,0,8600.0,CE
2015-08-19 09:37:00,114.7,114.7,113.6,113.7,925,0,8600.0,CE
2015-08-19 09:38:00,113.0,113.0,111.2,111.95,1350,0,8600.0,CE
2015-08-19 09:39:00,111.75,112.8,111.75,112.1,1550,0,8600.0,CE
2015-08-19 09:40:00,112.35,112.35,111.0,111.65,1475,0,8600.0,CE
2015-08-19 09:41:00,112.0,112.65,110.7,111.3,950,0,8600.0,CE
2015-08-19 09:42:00,111.05,111.4,110.0,110.0,550,0,8600.0,CE
2015-08-19 09:43:00,110.35,110.35,109.2,109.7,900,0,8600.0,CE
2015-08-19 09:44:00,110.95,110.95,109.9,110.45,2225,0,8600.0,CE
2015-08-19 09:45:00,110.25,110.25,109.5,109.5,600,0,8600.0,CE
2015-08-19 09:46:00,110.05,110.6,110.05,110.05,350,0,8600.0,CE
2015-08-19 09:47:00,110.65,110.65,110.0,110.0,700,0,8600.0,CE
2015-08-19 09:48:00,110.1,110.4,109.4,109.8,3125,0,8600.0,CE
2015-08-19 09:49:00,109.5,109.55,109.3,109.45,1125,0,8600.0,CE
2015-08-19 09:50:00,109.95,109.95,109.4,109.4,200,0,8600.0,CE
2015-08-19 09:51:00,109.65,109.65,109.45,109.65,350,0,8600.0,CE
2015-08-19 09:52:00,109.5,109.5,109.1,109.1,2425,0,8600.0,CE
2015-08-19 09:53:00,109.1,109.1,107.05,107.5,6950,0,8600.0,CE
2015-08-19 09:54:00,107.35,108.6,107.2,107.25,4100,0,8600.0,CE
2015-08-19 09:55:00,106.55,107.6,106.55,107.6,2075,0,8600.0,CE
2015-08-19 09:56:00,107.85,107.85,107.6,107.85,775,0,8600.0,CE
2015-08-19 09:58:00,109.7,110.25,109.45,110.25,650,0,8600.0,CE
2015-08-19 09:59:00,109.8,110.0,109.65,109.65,450,0,8600.0,CE
2015-08-19 10:00:00,109.65,110.0,109.5,110.0,5675,0,8600.0,CE
2015-08-19 10:01:00,110.5,110.7,110.5,110.7,50,0,8600.0,CE
2015-08-19 10:02:00,110.6,110.6,110.0,110.0,250,0,8600.0,CE
2015-08-19 10:03:00,110.6,110.65,110.0,110.0,225,0,8600.0,CE
2015-08-19 10:04:00,110.1,110.1,110.1,110.1,25,0,8600.0,CE
2015-08-19 10:05:00,110.95,111.2,110.9,111.0,975,0,8600.0,CE
2015-08-19 10:06:00,112.0,113.55,111.7,111.7,750,0,8600.0,CE
2015-08-19 10:07:00,112.7,112.7,111.4,112.2,525,0,8600.0,CE
2015-08-19 10:08:00,111.95,112.6,111.95,112.05,225,0,8600.0,CE
2015-08-19 10:09:00,111.5,112.55,111.5,112.4,725,0,8600.0,CE
2015-08-19 10:10:00,112.85,114.0,112.6,114.0,650,0,8600.0,CE
2015-08-19 10:11:00,114.0,114.0,113.5,113.65,5550,0,8600.0,CE
2015-08-19 10:12:00,113.4,114.0,113.0,113.5,1125,0,8600.0,CE
2015-08-19 10:13:00,113.5,114.3,113.5,114.3,5600,0,8600.0,CE
2015-08-19 10:14:00,114.0,114.5,113.25,113.9,1850,0,8600.0,CE
2015-08-19 10:15:00,113.95,114.0,113.55,113.65,1000,0,8600.0,CE
2015-08-19 10:16:00,113.4,114.55,113.35,114.55,1925,0,8600.0,CE
2015-08-19 10:17:00,114.0,114.0,112.55,112.55,675,0,8600.0,CE
2015-08-19 10:18:00,112.45,113.4,112.45,113.4,725,0,8600.0,CE
2015-08-19 10:19:00,113.0,113.55,112.0,113.55,625,0,8600.0,CE
2015-08-19 10:20:00,113.35,113.85,113.35,113.4,1500,0,8600.0,CE
2015-08-19 10:21:00,114.0,114.65,114.0,114.6,10675,0,8600.0,CE
2015-08-19 10:22:00,114.55,115.6,114.55,115.5,1000,0,8600.0,CE
2015-08-19 10:23:00,115.05,120.5,115.05,119.25,6500,0,8600.0,CE
2015-08-19 10:24:00,118.85,119.35,117.5,117.85,5375,0,8600.0,CE
2015-08-19 10:25:00,118.2,119.4,117.85,119.0,2375,0,8600.0,CE
2015-08-19 10:26:00,119.15,119.5,117.2,117.2,2875,0,8600.0,CE
2015-08-19 10:27:00,117.15,117.4,116.75,117.35,1325,0,8600.0,CE
2015-08-19 10:28:00,117.95,118.4,117.0,117.0,2775,0,8600.0,CE
2015-08-19 10:29:00,117.45,117.45,115.95,115.95,1350,0,8600.0,CE
2015-08-19 10:30:00,116.0,116.15,116.0,116.15,350,0,8600.0,CE
2015-08-19 10:31:00,115.35,115.35,114.1,114.4,2175,0,8600.0,CE
2015-08-19 10:32:00,114.45,116.0,114.2,116.0,700,0,8600.0,CE
2015-08-19 10:33:00,116.0,116.45,116.0,116.45,375,0,8600.0,CE
2015-08-19 10:34:00,117.1,118.0,116.95,116.95,950,0,8600.0,CE
2015-08-19 10:35:00,116.7,116.85,116.4,116.7,1625,0,8600.0,CE
2015-08-19 10:36:00,116.8,117.4,116.15,117.4,825,0,8600.0,CE
2015-08-19 10:37:00,117.55,117.55,116.95,117.05,275,0,8600.0,CE
2015-08-19 10:38:00,117.0,117.0,116.3,116.6,1850,0,8600.0,CE
2015-08-19 10:39:00,116.75,116.75,116.75,116.75,25,0,8600.0,CE
2015-08-19 10:40:00,116.85,118.5,116.85,118.5,875,0,8600.0,CE
2015-08-19 10:41:00,119.1,119.8,119.1,119.3,1425,0,8600.0,CE
2015-08-19 10:42:00,119.35,120.4,118.5,119.3,5725,0,8600.0,CE
2015-08-19 10:43:00,119.9,120.9,119.9,120.9,1225,0,8600.0,CE
2015-08-19 10:44:00,120.85,121.15,120.85,120.9,450,0,8600.0,CE
2015-08-19 10:45:00,120.3,120.8,120.0,120.0,500,0,8600.0,CE
2015-08-19 10:46:00,120.5,121.15,120.2,120.55,500,0,8600.0,CE
2015-08-19 10:47:00,120.55,125.55,120.45,123.1,2725,0,8600.0,CE
2015-08-19 10:48:00,123.2,124.8,122.8,123.75,1975,0,8600.0,CE
2015-08-19 10:49:00,124.0,125.15,122.4,122.5,1500,0,8600.0,CE
2015-08-19 10:50:00,122.45,123.85,122.45,123.0,1675,0,8600.0,CE
2015-08-19 10:51:00,124.4,124.4,122.7,122.9,550,0,8600.0,CE
2015-08-19 10:52:00,123.5,124.35,122.75,124.15,3250,0,8600.0,CE
2015-08-19 10:53:00,124.15,124.35,123.0,123.55,875,0,8600.0,CE
2015-08-19 10:54:00,123.5,124.5,123.5,124.5,1725,0,8600.0,CE
2015-08-19 10:55:00,124.75,126.5,124.2,125.65,5175,0,8600.0,CE
2015-08-19 10:56:00,125.2,125.85,124.75,125.35,650,0,8600.0,CE
2015-08-19 10:57:00,126.05,126.05,124.15,124.45,2625,0,8600.0,CE
2015-08-19 10:58:00,124.5,129.4,124.5,128.25,4350,0,8600.0,CE
2015-08-19 10:59:00,128.2,134.5,128.2,133.25,11725,0,8600.0,CE
2015-08-19 11:00:00,133.25,133.3,130.35,131.65,4950,0,8600.0,CE
2015-08-19 11:01:00,131.65,131.95,130.0,131.6,2625,0,8600.0,CE
2015-08-19 11:02:00,131.95,131.95,130.1,130.1,875,0,8600.0,CE
2015-08-19 11:03:00,130.0,130.2,129.35,130.2,650,0,8600.0,CE
2015-08-19 11:04:00,129.8,130.1,129.0,129.5,2325,0,8600.0,CE
2015-08-19 11:05:00,129.55,129.55,127.8,129.35,4450,0,8600.0,CE
2015-08-19 11:06:00,128.9,129.5,128.65,129.5,1075,0,8600.0,CE
2015-08-19 11:07:00,128.6,128.6,128.55,128.55,200,0,8600.0,CE
2015-08-19 11:08:00,129.0,129.05,128.75,129.0,200,0,8600.0,CE
2015-08-19 11:09:00,128.9,129.05,128.05,129.05,1000,0,8600.0,CE
2015-08-19 11:10:00,128.55,129.0,128.35,128.35,1050,0,8600.0,CE
2015-08-19 11:11:00,128.8,129.4,127.1,129.4,1575,0,8600.0,CE
2015-08-19 11:12:00,129.8,129.8,128.8,128.8,1575,0,8600.0,CE
2015-08-19 11:13:00,129.25,130.0,129.25,130.0,1825,0,8600.0,CE
2015-08-19 11:14:00,129.55,130.1,128.7,130.1,1125,0,8600.0,CE
2015-08-19 11:15:00,130.1,130.55,130.1,130.25,1275,0,8600.0,CE
2015-08-19 11:16:00,130.85,131.4,130.85,131.0,575,0,8600.0,CE
2015-08-19 11:17:00,131.15,132.0,131.15,131.8,2650,0,8600.0,CE
2015-08-19 11:18:00,132.0,132.35,131.7,132.35,3475,0,8600.0,CE
2015-08-19 11:19:00,132.0,133.65,131.75,133.45,1075,0,8600.0,CE
2015-08-19 11:20:00,133.4,134.9,133.4,134.55,2400,0,8600.0,CE
2015-08-19 11:21:00,133.2,134.0,133.2,133.85,975,0,8600.0,CE
2015-08-19 11:22:00,134.2,142.5,134.2,142.0,17700,0,8600.0,CE
2015-08-19 11:23:00,143.0,143.0,140.8,142.45,6950,0,8600.0,CE
2015-08-19 11:24:00,142.95,143.0,141.0,141.0,2200,0,8600.0,CE
2015-08-19 11:25:00,140.95,141.55,139.7,141.3,1450,0,8600.0,CE
2015-08-19 11:26:00,141.4,142.8,140.55,141.4,4650,0,8600.0,CE
2015-08-19 11:27:00,141.85,141.85,140.3,140.55,1825,0,8600.0,CE
2015-08-19 11:28:00,140.1,144.65,140.1,144.65,4700,0,8600.0,CE
2015-08-19 11:29:00,145.0,147.3,144.1,145.95,7450,0,8600.0,CE
2015-08-19 11:30:00,144.95,145.05,142.65,142.65,3175,0,8600.0,CE
2015-08-19 11:31:00,142.55,142.8,139.1,139.45,3225,0,8600.0,CE
2015-08-19 11:32:00,139.45,139.45,136.85,137.35,3500,0,8600.0,CE
2015-08-19 11:33:00,137.8,137.8,134.95,134.95,4025,0,8600.0,CE
2015-08-19 11:34:00,135.65,136.95,135.65,136.0,2025,0,8600.0,CE
2015-08-19 11:35:00,135.85,135.85,134.15,135.0,1625,0,8600.0,CE
2015-08-19 11:36:00,134.55,136.05,133.35,136.05,2975,0,8600.0,CE
2015-08-19 11:37:00,135.2,135.75,132.35,132.8,3700,0,8600.0,CE
2015-08-19 11:38:00,133.05,133.15,130.1,132.15,9600,0,8600.0,CE
2015-08-19 11:39:00,131.0,133.15,131.0,133.15,600,0,8600.0,CE
2015-08-19 11:40:00,134.0,134.7,133.6,134.65,525,0,8600.0,CE
2015-08-19 11:41:00,135.65,136.0,133.95,134.9,2100,0,8600.0,CE
2015-08-19 11:42:00,135.35,135.35,133.55,133.55,125,0,8600.0,CE
2015-08-19 11:43:00,133.0,134.65,133.0,134.65,1075,0,8600.0,CE
2015-08-19 11:44:00,134.75,136.05,134.7,135.35,2025,0,8600.0,CE
2015-08-19 11:45:00,135.3,135.9,134.25,134.25,1375,0,8600.0,CE
2015-08-19 11:46:00,135.65,136.7,135.3,136.7,2350,0,8600.0,CE
2015-08-19 11:47:00,135.3,136.45,135.2,135.9,700,0,8600.0,CE
2015-08-19 11:48:00,136.25,136.3,136.25,136.3,75,0,8600.0,CE
2015-08-19 11:49:00,136.5,136.5,136.0,136.0,1325,0,8600.0,CE
2015-08-19 11:50:00,135.9,135.9,134.4,134.4,1050,0,8600.0,CE
2015-08-19 11:51:00,134.65,134.65,134.25,134.3,400,0,8600.0,CE
2015-08-19 11:52:00,133.7,134.15,133.25,134.15,850,0,8600.0,CE
2015-08-19 11:53:00,133.7,133.7,132.05,132.65,750,0,8600.0,CE
2015-08-19 11:54:00,131.9,131.9,130.5,130.6,1900,0,8600.0,CE
2015-08-19 11:55:00,131.95,133.65,131.8,133.65,3175,0,8600.0,CE
2015-08-19 11:56:00,133.6,133.6,131.95,132.6,1300,0,8600.0,CE
2015-08-19 11:58:00,134.5,134.9,133.5,133.9,1400,0,8600.0,CE
2015-08-19 11:59:00,134.6,135.15,134.4,135.0,1000,0,8600.0,CE
2015-08-19 12:00:00,133.9,137.85,133.9,137.85,1300,0,8600.0,CE
2015-08-19 12:01:00,138.15,138.15,136.8,137.35,1200,0,8600.0,CE
2015-08-19 12:02:00,137.45,138.45,136.0,138.45,900,0,8600.0,CE
2015-08-19 12:03:00,138.15,138.5,138.0,138.2,300,0,8600.0,CE
2015-08-19 12:04:00,137.65,137.65,136.6,137.1,175,0,8600.0,CE
2015-08-19 12:05:00,137.7,138.05,137.7,138.05,375,0,8600.0,CE
2015-08-19 12:06:00,137.3,140.1,137.25,140.1,1200,0,8600.0,CE
2015-08-19 12:07:00,140.0,142.8,140.0,141.7,3400,0,8600.0,CE
2015-08-19 12:08:00,141.95,142.45,140.25,140.25,1450,0,8600.0,CE
2015-08-19 12:09:00,140.5,140.5,138.9,138.9,800,0,8600.0,CE
2015-08-19 12:10:00,138.85,139.7,138.8,138.8,500,0,8600.0,CE
2015-08-19 12:11:00,138.0,140.25,138.0,138.6,975,0,8600.0,CE
2015-08-19 12:12:00,139.0,139.7,138.4,139.7,3450,0,8600.0,CE
2015-08-19 12:13:00,139.55,141.2,139.55,140.1,4525,0,8600.0,CE
2015-08-19 12:14:00,140.0,141.15,140.0,141.15,1300,0,8600.0,CE
2015-08-19 12:15:00,142.0,142.9,141.75,142.9,1825,0,8600.0,CE
2015-08-19 12:16:00,142.1,142.9,141.8,142.35,650,0,8600.0,CE
2015-08-19 12:17:00,141.8,141.95,141.0,141.15,625,0,8600.0,CE
2015-08-19 12:18:00,140.8,140.8,138.35,139.7,525,0,8600.0,CE
2015-08-19 12:19:00,140.1,140.1,139.0,139.35,1350,0,8600.0,CE
2015-08-19 12:20:00,138.6,139.1,137.1,137.1,1475,0,8600.0,CE
2015-08-19 12:21:00,137.95,138.55,137.0,138.0,1450,0,8600.0,CE
2015-08-19 12:22:00,137.5,137.8,137.5,137.8,175,0,8600.0,CE
2015-08-19 12:23:00,138.2,140.4,138.2,140.4,275,0,8600.0,CE
2015-08-19 12:24:00,139.4,139.4,139.0,139.0,350,0,8600.0,CE
2015-08-19 12:25:00,139.0,139.5,139.0,139.5,200,0,8600.0,CE
2015-08-19 12:26:00,139.5,141.25,138.9,138.9,2325,0,8600.0,CE
2015-08-19 12:27:00,140.0,141.45,140.0,141.0,925,0,8600.0,CE
2015-08-19 12:28:00,140.2,141.25,140.2,140.75,575,0,8600.0,CE
2015-08-19 12:29:00,140.65,141.05,139.7,139.7,550,0,8600.0,CE
2015-08-19 12:30:00,139.7,140.75,138.3,138.3,475,0,8600.0,CE
2015-08-19 12:31:00,138.1,139.75,138.1,139.75,350,0,8600.0,CE
2015-08-19 12:32:00,140.05,140.15,139.25,139.95,225,0,8600.0,CE
2015-08-19 12:33:00,139.85,139.95,139.85,139.95,125,0,8600.0,CE
2015-08-19 12:34:00,139.05,139.95,138.75,139.9,1875,0,8600.0,CE
2015-08-19 12:35:00,139.65,141.6,139.65,141.05,650,0,8600.0,CE
2015-08-19 12:36:00,140.95,140.95,140.1,140.1,225,0,8600.0,CE
2015-08-19 12:37:00,139.95,139.95,137.95,137.95,725,0,8600.0,CE
2015-08-19 12:38:00,138.0,138.0,137.95,137.95,2400,0,8600.0,CE
2015-08-19 12:39:00,137.8,137.85,137.8,137.85,225,0,8600.0,CE
2015-08-19 12:40:00,137.3,137.45,136.9,137.45,100,0,8600.0,CE
2015-08-19 12:41:00,137.45,137.75,137.45,137.45,275,0,8600.0,CE
2015-08-19 12:42:00,136.9,138.0,136.9,138.0,200,0,8600.0,CE
2015-08-19 12:43:00,136.75,136.95,135.45,135.45,575,0,8600.0,CE
2015-08-19 12:44:00,135.15,136.35,135.15,136.35,450,0,8600.0,CE
2015-08-19 12:45:00,136.0,136.0,134.1,135.5,1175,0,8600.0,CE
2015-08-19 12:46:00,134.5,136.1,134.5,136.0,1700,0,8600.0,CE
2015-08-19 12:47:00,135.7,135.7,135.25,135.25,175,0,8600.0,CE
2015-08-19 12:48:00,135.55,135.7,134.9,135.2,725,0,8600.0,CE
2015-08-19 12:49:00,135.55,135.75,133.5,133.5,500,0,8600.0,CE
2015-08-19 12:50:00,133.3,133.35,131.15,131.15,1300,0,8600.0,CE
2015-08-19 12:51:00,130.95,131.3,129.2,129.75,4375,0,8600.0,CE
2015-08-19 12:52:00,130.3,131.75,130.3,131.75,1800,0,8600.0,CE
2015-08-19 12:53:00,133.5,135.4,133.5,134.5,1725,0,8600.0,CE
2015-08-19 12:54:00,133.8,134.8,133.15,133.2,1700,0,8600.0,CE
2015-08-19 12:55:00,133.2,134.3,133.2,133.65,1050,0,8600.0,CE
2015-08-19 12:56:00,132.6,133.45,132.6,133.05,125,0,8600.0,CE
2015-08-19 12:57:00,132.85,134.7,132.85,134.55,800,0,8600.0,CE
2015-08-19 12:58:00,134.4,136.05,134.1,136.0,1825,0,8600.0,CE
2015-08-19 12:59:00,136.55,136.55,135.65,136.05,1150,0,8600.0,CE
2015-08-19 13:00:00,136.3,136.3,135.15,135.8,1100,0,8600.0,CE
2015-08-19 13:01:00,135.5,137.65,135.5,137.55,2150,0,8600.0,CE
2015-08-19 13:02:00,137.55,137.55,136.4,136.4,75,0,8600.0,CE
2015-08-19 13:03:00,135.35,135.4,133.65,133.65,1025,0,8600.0,CE
2015-08-19 13:04:00,135.2,136.25,135.2,136.25,575,0,8600.0,CE
2015-08-19 13:05:00,135.7,137.05,135.7,137.05,250,0,8600.0,CE
2015-08-19 13:06:00,137.05,138.95,136.45,136.45,1925,0,8600.0,CE
2015-08-19 13:07:00,136.8,137.9,136.8,137.4,1575,0,8600.0,CE
2015-08-19 13:08:00,135.65,136.6,135.65,136.6,425,0,8600.0,CE
2015-08-19 13:09:00,136.65,136.65,135.95,136.0,825,0,8600.0,CE
2015-08-19 13:10:00,136.5,137.2,136.0,136.0,2075,0,8600.0,CE
2015-08-19 13:11:00,135.3,135.3,135.3,135.3,1250,0,8600.0,CE
2015-08-19 13:12:00,135.4,135.4,135.4,135.4,50,0,8600.0,CE
2015-08-19 13:14:00,135.8,135.8,135.8,135.8,50,0,8600.0,CE
2015-08-19 13:15:00,136.05,136.5,135.65,135.95,850,0,8600.0,CE
2015-08-19 13:16:00,136.25,136.25,136.0,136.25,350,0,8600.0,CE
2015-08-19 13:17:00,134.1,134.1,132.5,132.5,625,0,8600.0,CE
2015-08-19 13:18:00,133.4,133.4,133.4,133.4,50,0,8600.0,CE
2015-08-19 13:21:00,132.8,132.8,132.8,132.8,225,0,8600.0,CE
2015-08-19 13:23:00,134.15,134.15,133.95,133.95,200,0,8600.0,CE
2015-08-19 13:24:00,133.5,133.5,133.0,133.0,75,0,8600.0,CE
2015-08-19 13:25:00,133.7,133.7,133.7,133.7,50,0,8600.0,CE
2015-08-19 13:29:00,135.0,135.5,135.0,135.5,175,0,8600.0,CE
2015-08-19 13:30:00,135.9,136.3,135.9,136.3,300,0,8600.0,CE
2015-08-19 13:31:00,134.9,134.9,134.25,134.85,400,0,8600.0,CE
2015-08-19 13:32:00,134.45,134.45,133.3,133.3,250,0,8600.0,CE
2015-08-19 13:33:00,132.75,132.75,132.0,132.0,725,0,8600.0,CE
2015-08-19 13:34:00,131.95,131.95,130.4,130.6,2175,0,8600.0,CE
2015-08-19 13:35:00,131.7,132.45,131.7,132.45,150,0,8600.0,CE
2015-08-19 13:36:00,132.0,132.0,130.45,131.0,375,0,8600.0,CE
2015-08-19 13:37:00,132.05,132.05,131.05,131.05,525,0,8600.0,CE
2015-08-19 13:38:00,131.45,131.45,131.45,131.45,50,0,8600.0,CE
2015-08-19 13:39:00,133.95,133.95,132.45,132.45,275,0,8600.0,CE
2015-08-19 13:40:00,132.65,132.75,132.55,132.75,125,0,8600.0,CE
2015-08-19 13:41:00,132.9,134.4,132.75,134.4,425,0,8600.0,CE
2015-08-19 13:42:00,133.3,133.5,133.3,133.5,125,0,8600.0,CE
2015-08-19 13:43:00,134.1,135.25,133.95,135.25,325,0,8600.0,CE
2015-08-19 13:44:00,135.05,136.35,135.05,136.35,800,0,8600.0,CE
2015-08-19 13:45:00,136.1,136.45,135.15,135.5,2450,0,8600.0,CE
2015-08-19 13:46:00,135.35,135.75,134.8,134.9,1450,0,8600.0,CE
2015-08-19 13:47:00,134.9,135.65,134.5,135.65,4825,0,8600.0,CE
2015-08-19 13:48:00,137.0,137.7,137.0,137.5,1000,0,8600.0,CE
2015-08-19 13:49:00,137.35,137.9,137.1,137.9,775,0,8600.0,CE
2015-08-19 13:50:00,137.5,138.3,137.5,137.55,4075,0,8600.0,CE
2015-08-19 13:51:00,137.05,137.25,136.95,137.15,375,0,8600.0,CE
2015-08-19 13:52:00,137.4,140.35,137.4,139.7,2100,0,8600.0,CE
2015-08-19 13:53:00,137.25,137.25,137.25,137.25,50,0,8600.0,CE
2015-08-19 13:54:00,137.25,137.95,135.45,135.45,1800,0,8600.0,CE
2015-08-19 13:55:00,135.2,135.9,134.3,135.25,925,0,8600.0,CE
2015-08-19 13:56:00,134.9,135.2,134.75,135.2,625,0,8600.0,CE
2015-08-19 13:57:00,134.9,134.9,133.7,133.7,125,0,8600.0,CE
2015-08-19 13:58:00,134.4,134.4,132.25,132.25,1925,0,8600.0,CE
2015-08-19 13:59:00,132.2,133.85,132.2,133.85,200,0,8600.0,CE
2015-08-19 14:00:00,133.9,133.9,131.0,132.0,1100,0,8600.0,CE
2015-08-19 14:01:00,132.0,133.3,131.95,132.3,5650,0,8600.0,CE
2015-08-19 14:02:00,133.3,133.3,132.65,132.75,1025,0,8600.0,CE
2015-08-19 14:03:00,132.3,132.7,130.65,131.0,1750,0,8600.0,CE
2015-08-19 14:04:00,131.0,131.25,130.0,131.25,6050,0,8600.0,CE
2015-08-19 14:05:00,131.3,132.0,131.25,132.0,1000,0,8600.0,CE
2015-08-19 14:06:00,132.45,133.2,132.0,132.6,1000,0,8600.0,CE
2015-08-19 14:07:00,132.1,133.0,132.0,132.35,3875,0,8600.0,CE
2015-08-19 14:08:00,132.0,132.5,131.6,131.9,2850,0,8600.0,CE
2015-08-19 14:09:00,132.0,134.75,132.0,134.2,2375,0,8600.0,CE
2015-08-19 14:10:00,134.05,134.95,134.05,134.65,1150,0,8600.0,CE
2015-08-19 14:11:00,135.0,135.0,134.35,134.35,500,0,8600.0,CE
2015-08-19 14:12:00,133.9,134.15,133.5,133.5,575,0,8600.0,CE
2015-08-19 14:13:00,133.7,133.85,133.1,133.1,325,0,8600.0,CE
2015-08-19 14:14:00,132.95,133.0,132.05,132.05,600,0,8600.0,CE
2015-08-19 14:15:00,131.8,132.95,131.8,132.6,700,0,8600.0,CE
2015-08-19 14:16:00,132.6,133.05,132.55,133.05,750,0,8600.0,CE
2015-08-19 14:17:00,132.3,132.3,131.35,131.75,700,0,8600.0,CE
2015-08-19 14:18:00,131.7,131.9,130.7,131.9,825,0,8600.0,CE
2015-08-19 14:19:00,131.15,131.75,130.9,131.3,1025,0,8600.0,CE
2015-08-19 14:20:00,131.3,132.35,130.7,131.9,675,0,8600.0,CE
2015-08-19 14:21:00,131.65,131.65,130.6,130.65,1000,0,8600.0,CE
2015-08-19 14:22:00,131.5,131.5,131.45,131.45,150,0,8600.0,CE
2015-08-19 14:23:00,131.35,131.7,131.05,131.05,375,0,8600.0,CE
2015-08-19 14:24:00,131.3,131.5,131.3,131.5,75,0,8600.0,CE
2015-08-19 14:25:00,130.8,130.85,129.5,130.85,1275,0,8600.0,CE
2015-08-19 14:26:00,131.2,131.5,130.6,130.6,1475,0,8600.0,CE
2015-08-19 14:27:00,130.7,130.85,129.3,129.3,1275,0,8600.0,CE
2015-08-19 14:28:00,130.05,131.1,130.0,131.05,1300,0,8600.0,CE
2015-08-19 14:29:00,131.3,131.3,130.35,130.45,1050,0,8600.0,CE
2015-08-19 14:30:00,129.6,130.45,129.6,130.2,275,0,8600.0,CE
2015-08-19 14:31:00,128.75,128.75,124.65,126.0,7225,0,8600.0,CE
2015-08-19 14:32:00,126.15,126.4,123.5,124.35,1825,0,8600.0,CE
2015-08-19 14:33:00,124.1,124.2,122.8,123.6,2850,0,8600.0,CE
2015-08-19 14:34:00,123.5,124.4,123.5,123.9,650,0,8600.0,CE
2015-08-19 14:35:00,124.5,125.75,123.65,125.75,975,0,8600.0,CE
2015-08-19 14:36:00,125.65,127.0,125.65,127.0,400,0,8600.0,CE
2015-08-19 14:37:00,127.9,128.6,127.9,128.55,500,0,8600.0,CE
2015-08-19 14:38:00,128.45,128.65,127.25,127.25,700,0,8600.0,CE
2015-08-19 14:39:00,128.05,129.35,127.7,129.35,1675,0,8600.0,CE
2015-08-19 14:40:00,129.5,130.9,129.5,130.9,525,0,8600.0,CE
2015-08-19 14:41:00,129.3,130.95,129.3,130.95,1175,0,8600.0,CE
2015-08-19 14:42:00,130.4,132.55,130.35,130.9,1750,0,8600.0,CE
2015-08-19 14:43:00,130.5,130.65,130.5,130.5,350,0,8600.0,CE
2015-08-19 14:44:00,130.5,131.85,130.5,131.85,825,0,8600.0,CE
2015-08-19 14:45:00,131.8,131.8,130.5,130.75,1275,0,8600.0,CE
2015-08-19 14:46:00,129.9,130.2,128.6,129.2,1275,0,8600.0,CE
2015-08-19 14:47:00,129.25,130.45,129.25,130.45,425,0,8600.0,CE
2015-08-19 14:48:00,129.9,130.2,129.0,129.0,300,0,8600.0,CE
2015-08-19 14:49:00,129.05,130.05,129.05,130.05,250,0,8600.0,CE
2015-08-19 14:50:00,130.4,131.45,129.8,131.45,6300,0,8600.0,CE
2015-08-19 14:51:00,131.45,131.5,130.55,130.55,2950,0,8600.0,CE
2015-08-19 14:52:00,130.75,131.45,130.75,131.3,825,0,8600.0,CE
2015-08-19 14:53:00,131.95,132.1,131.65,132.1,3825,0,8600.0,CE
2015-08-19 14:54:00,132.15,132.5,131.4,131.6,5125,0,8600.0,CE
2015-08-19 14:55:00,131.45,131.6,131.1,131.6,2325,0,8600.0,CE
2015-08-19 14:56:00,131.65,131.8,131.65,131.75,1175,0,8600.0,CE
2015-08-19 14:57:00,131.95,132.4,131.95,132.15,2950,0,8600.0,CE
2015-08-19 14:58:00,132.55,132.7,132.25,132.4,1375,0,8600.0,CE
2015-08-19 14:59:00,132.85,136.85,132.85,135.9,7850,0,8600.0,CE
2015-08-19 15:00:00,136.55,136.65,135.25,135.6,2375,0,8600.0,CE
2015-08-19 15:01:00,134.7,134.7,134.2,134.65,1775,0,8600.0,CE
2015-08-19 15:02:00,135.4,136.3,135.4,136.25,900,0,8600.0,CE
2015-08-19 15:03:00,136.45,136.45,135.9,136.35,2600,0,8600.0,CE
2015-08-19 15:04:00,136.05,136.25,135.85,135.95,1275,0,8600.0,CE
2015-08-19 15:05:00,135.35,135.4,135.35,135.35,475,0,8600.0,CE
2015-08-19 15:06:00,135.35,135.45,134.85,134.85,3500,0,8600.0,CE
2015-08-19 15:07:00,135.25,135.55,134.45,134.45,2250,0,8600.0,CE
2015-08-19 15:08:00,134.05,134.1,133.0,133.7,875,0,8600.0,CE
2015-08-19 15:09:00,134.0,134.1,133.1,133.45,1425,0,8600.0,CE
2015-08-19 15:10:00,133.9,134.25,133.9,133.9,450,0,8600.0,CE
2015-08-19 15:11:00,134.3,134.3,133.4,133.85,100,0,8600.0,CE
2015-08-19 15:12:00,133.15,134.3,133.15,134.3,275,0,8600.0,CE
2015-08-19 15:13:00,133.15,133.15,133.15,133.15,450,0,8600.0,CE
2015-08-19 15:14:00,133.5,133.5,133.0,133.0,300,0,8600.0,CE
2015-08-19 15:15:00,133.0,133.15,132.3,133.15,2225,0,8600.0,CE
2015-08-19 15:16:00,133.4,133.4,132.5,132.75,400,0,8600.0,CE
2015-08-19 15:17:00,132.45,132.8,132.1,132.35,900,0,8600.0,CE
2015-08-19 15:18:00,132.85,132.85,132.1,132.1,375,0,8600.0,CE
2015-08-19 15:19:00,132.35,132.75,131.9,132.4,1175,0,8600.0,CE
2015-08-19 15:20:00,132.15,132.15,131.55,131.9,425,0,8600.0,CE
2015-08-19 15:21:00,131.6,132.6,131.6,132.6,125,0,8600.0,CE
2015-08-19 15:22:00,132.9,133.4,132.6,133.4,475,0,8600.0,CE
2015-08-19 15:23:00,132.85,133.65,132.85,133.5,675,0,8600.0,CE
2015-08-19 15:24:00,133.9,134.7,133.85,134.7,250,0,8600.0,CE
2015-08-19 15:25:00,134.6,134.7,133.9,133.9,4350,0,8600.0,CE
2015-08-19 15:26:00,133.45,134.05,133.25,134.05,1375,0,8600.0,CE
2015-08-19 15:27:00,134.2,134.95,134.1,134.5,1600,0,8600.0,CE
2015-08-19 15:28:00,134.45,135.0,134.2,134.65,3850,0,8600.0,CE
2015-08-19 15:29:00,134.7,135.6,134.5,135.0,2650,0,8600.0,CE
2015-08-20 09:15:00,118.0,118.0,111.8,115.0,16100,0,8600.0,CE
2015-08-20 09:16:00,115.0,119.05,114.15,118.8,10875,0,8600.0,CE
2015-08-20 09:17:00,118.6,121.0,117.5,120.45,3750,0,8600.0,CE
2015-08-20 09:18:00,120.15,121.0,118.95,121.0,3500,0,8600.0,CE
2015-08-20 09:19:00,120.85,122.1,120.85,121.4,3775,0,8600.0,CE
2015-08-20 09:20:00,121.2,122.15,120.5,120.5,2200,0,8600.0,CE
2015-08-20 09:21:00,120.2,121.15,118.7,120.3,3700,0,8600.0,CE
2015-08-20 09:22:00,120.05,120.65,119.5,120.2,1875,0,8600.0,CE
2015-08-20 09:23:00,120.0,122.0,119.55,121.85,1150,0,8600.0,CE
2015-08-20 09:24:00,122.1,122.4,120.75,121.55,3775,0,8600.0,CE
2015-08-20 09:25:00,121.5,123.95,121.4,121.95,2475,0,8600.0,CE
2015-08-20 09:26:00,121.9,122.5,121.45,122.45,3175,0,8600.0,CE
2015-08-20 09:27:00,122.35,125.4,122.05,122.8,4375,0,8600.0,CE
2015-08-20 09:28:00,122.05,124.15,121.8,124.15,925,0,8600.0,CE
2015-08-20 09:29:00,124.0,125.15,124.0,125.15,3100,0,8600.0,CE
2015-08-20 09:30:00,125.55,127.05,125.55,126.8,1325,0,8600.0,CE
2015-08-20 09:31:00,127.0,127.0,124.1,125.3,5225,0,8600.0,CE
2015-08-20 09:32:00,125.95,132.5,125.95,127.65,6150,0,8600.0,CE
2015-08-20 09:33:00,128.1,129.5,126.45,126.45,2750,0,8600.0,CE
2015-08-20 09:34:00,127.0,127.85,125.25,126.0,2400,0,8600.0,CE
2015-08-20 09:35:00,126.0,127.6,125.95,126.95,2475,0,8600.0,CE
2015-08-20 09:36:00,127.0,127.5,126.3,127.5,1875,0,8600.0,CE
2015-08-20 09:37:00,127.45,129.95,127.45,128.55,1175,0,8600.0,CE
2015-08-20 09:38:00,127.5,128.0,126.25,127.3,1775,0,8600.0,CE
2015-08-20 09:39:00,127.35,128.0,126.45,127.5,600,0,8600.0,CE
2015-08-20 09:40:00,126.9,127.3,126.1,126.1,325,0,8600.0,CE
2015-08-20 09:41:00,125.75,126.1,123.15,125.95,9700,0,8600.0,CE
2015-08-20 09:42:00,126.05,126.05,124.45,124.9,675,0,8600.0,CE
2015-08-20 09:43:00,124.1,125.4,123.45,124.05,1750,0,8600.0,CE
2015-08-20 09:44:00,124.05,127.3,124.05,125.5,2900,0,8600.0,CE
2015-08-20 09:45:00,125.9,127.6,125.9,127.6,1150,0,8600.0,CE
2015-08-20 09:46:00,127.25,127.7,126.35,126.35,1275,0,8600.0,CE
2015-08-20 09:47:00,127.4,127.6,125.7,126.25,975,0,8600.0,CE
2015-08-20 09:48:00,125.5,125.5,124.35,124.9,2375,0,8600.0,CE
2015-08-20 09:49:00,124.5,124.85,123.7,124.0,2975,0,8600.0,CE
2015-08-20 09:50:00,123.65,124.0,123.05,124.0,4900,0,8600.0,CE
2015-08-20 09:51:00,123.8,123.8,121.35,121.4,2125,0,8600.0,CE
2015-08-20 09:52:00,123.05,123.05,122.0,122.55,1825,0,8600.0,CE
2015-08-20 09:53:00,122.75,124.6,122.5,123.85,450,0,8600.0,CE
2015-08-20 09:54:00,124.0,124.0,122.5,122.6,1625,0,8600.0,CE
2015-08-20 09:55:00,122.8,123.0,120.8,120.8,925,0,8600.0,CE
2015-08-20 09:56:00,120.8,120.8,119.0,120.15,2800,0,8600.0,CE
2015-08-20 09:57:00,119.9,120.15,119.0,120.0,3775,0,8600.0,CE
2015-08-20 09:58:00,119.65,120.0,117.95,119.2,22000,0,8600.0,CE
2015-08-20 09:59:00,119.7,120.5,119.4,120.2,9600,0,8600.0,CE
2015-08-20 10:00:00,120.3,120.5,119.1,119.45,12925,0,8600.0,CE
2015-08-20 10:01:00,119.15,119.15,111.65,114.9,15825,0,8600.0,CE
2015-08-20 10:02:00,114.3,115.45,113.6,113.95,4975,0,8600.0,CE
2015-08-20 10:03:00,114.05,115.5,113.85,115.35,1075,0,8600.0,CE
2015-08-20 10:04:00,115.45,115.75,114.5,115.15,3225,0,8600.0,CE
2015-08-20 10:05:00,115.3,116.0,114.3,116.0,700,0,8600.0,CE
2015-08-20 10:06:00,116.15,117.15,115.95,116.4,1400,0,8600.0,CE
2015-08-20 10:07:00,116.55,116.55,115.0,115.65,1450,0,8600.0,CE
2015-08-20 10:08:00,115.95,116.5,115.9,116.15,1650,0,8600.0,CE
2015-08-20 10:09:00,115.95,116.7,115.45,116.35,1200,0,8600.0,CE
2015-08-20 10:10:00,117.0,118.0,116.95,118.0,400,0,8600.0,CE
2015-08-20 10:11:00,116.95,117.6,116.5,116.5,650,0,8600.0,CE
2015-08-20 10:12:00,116.6,118.0,116.45,118.0,800,0,8600.0,CE
2015-08-20 10:13:00,118.05,118.05,116.15,116.75,1525,0,8600.0,CE
2015-08-20 10:14:00,116.7,117.7,116.7,117.45,1600,0,8600.0,CE
2015-08-20 10:15:00,116.8,117.5,116.65,116.95,575,0,8600.0,CE
2015-08-20 10:16:00,116.75,116.75,115.6,115.6,800,0,8600.0,CE
2015-08-20 10:17:00,115.85,115.85,115.35,115.45,325,0,8600.0,CE
2015-08-20 10:18:00,115.5,115.95,115.0,115.0,1475,0,8600.0,CE
2015-08-20 10:19:00,115.9,115.9,115.9,115.9,50,0,8600.0,CE
2015-08-20 10:20:00,115.35,115.6,114.85,115.6,1125,0,8600.0,CE
2015-08-20 10:21:00,115.0,116.45,115.0,116.45,675,0,8600.0,CE
2015-08-20 10:22:00,116.25,116.6,115.45,115.9,1325,0,8600.0,CE
2015-08-20 10:23:00,115.0,116.2,115.0,116.05,2275,0,8600.0,CE
2015-08-20 10:25:00,116.75,118.0,116.0,118.0,2850,0,8600.0,CE
2015-08-20 10:26:00,118.0,118.0,117.4,117.4,300,0,8600.0,CE
2015-08-20 10:27:00,117.9,118.0,117.55,117.55,500,0,8600.0,CE
2015-08-20 10:28:00,118.0,118.0,116.5,116.6,450,0,8600.0,CE
2015-08-20 10:29:00,116.7,117.2,116.7,116.75,200,0,8600.0,CE
2015-08-20 10:30:00,117.1,117.2,117.1,117.2,50,0,8600.0,CE
2015-08-20 10:31:00,117.35,117.75,117.35,117.6,250,0,8600.0,CE
2015-08-20 10:32:00,118.0,118.0,118.0,118.0,50,0,8600.0,CE
2015-08-20 10:33:00,117.95,118.45,117.95,118.45,100,0,8600.0,CE
2015-08-20 10:34:00,118.15,118.6,116.9,117.5,9525,0,8600.0,CE
2015-08-20 10:35:00,117.5,117.5,116.5,116.5,8100,0,8600.0,CE
2015-08-20 10:36:00,116.7,116.95,116.4,116.4,1400,0,8600.0,CE
2015-08-20 10:37:00,115.95,116.05,115.05,116.05,3975,0,8600.0,CE
2015-08-20 10:38:00,116.3,116.3,114.7,114.9,3225,0,8600.0,CE
2015-08-20 10:39:00,114.9,116.25,114.9,116.2,1250,0,8600.0,CE
2015-08-20 10:40:00,116.35,116.35,116.0,116.0,1875,0,8600.0,CE
2015-08-20 10:41:00,116.35,117.25,116.0,117.15,1800,0,8600.0,CE
2015-08-20 10:42:00,118.45,120.75,118.45,120.1,3250,0,8600.0,CE
2015-08-20 10:43:00,120.5,120.55,118.3,118.3,8800,0,8600.0,CE
2015-08-20 10:44:00,118.4,119.35,118.4,119.1,475,0,8600.0,CE
2015-08-20 10:45:00,119.5,120.0,119.15,119.15,2475,0,8600.0,CE
2015-08-20 10:46:00,118.95,119.25,118.25,118.25,700,0,8600.0,CE
2015-08-20 10:47:00,118.5,119.4,118.5,118.55,375,0,8600.0,CE
2015-08-20 10:49:00,118.6,119.6,118.6,119.6,1350,0,8600.0,CE
2015-08-20 10:50:00,118.8,119.1,118.8,119.1,275,0,8600.0,CE
2015-08-20 10:51:00,119.4,119.6,119.0,119.0,650,0,8600.0,CE
2015-08-20 10:52:00,119.7,120.1,119.5,120.0,850,0,8600.0,CE
2015-08-20 10:53:00,119.4,119.4,118.0,118.0,2800,0,8600.0,CE
2015-08-20 10:54:00,117.65,117.65,117.0,117.0,225,0,8600.0,CE
2015-08-20 10:55:00,118.05,118.5,117.3,117.3,950,0,8600.0,CE
2015-08-20 10:56:00,117.7,117.7,116.25,117.3,3175,0,8600.0,CE
2015-08-20 10:57:00,118.0,118.1,118.0,118.05,75,0,8600.0,CE
2015-08-20 10:58:00,118.7,118.7,118.25,118.25,75,0,8600.0,CE
2015-08-20 10:59:00,119.1,119.1,118.05,118.45,1575,0,8600.0,CE
2015-08-20 11:00:00,118.9,118.95,118.35,118.35,875,0,8600.0,CE
2015-08-20 11:01:00,118.35,118.35,118.0,118.0,425,0,8600.0,CE
2015-08-20 11:02:00,117.85,118.0,117.85,118.0,200,0,8600.0,CE
2015-08-20 11:03:00,118.0,119.05,118.0,118.65,2625,0,8600.0,CE
2015-08-20 11:04:00,119.0,119.0,118.05,118.85,200,0,8600.0,CE
2015-08-20 11:05:00,119.0,119.3,119.0,119.3,125,0,8600.0,CE
2015-08-20 11:06:00,119.35,119.35,119.35,119.35,125,0,8600.0,CE
2015-08-20 11:07:00,119.3,119.3,119.05,119.1,675,0,8600.0,CE
2015-08-20 11:08:00,119.5,119.9,119.25,119.9,175,0,8600.0,CE
2015-08-20 11:09:00,119.75,120.0,119.65,120.0,3900,0,8600.0,CE
2015-08-20 11:10:00,120.35,120.35,119.65,120.0,2500,0,8600.0,CE
2015-08-20 11:11:00,119.7,120.1,119.3,120.1,2925,0,8600.0,CE
2015-08-20 11:12:00,120.75,121.5,120.3,121.1,2850,0,8600.0,CE
2015-08-20 11:13:00,121.2,121.2,120.25,120.5,675,0,8600.0,CE
2015-08-20 11:14:00,120.15,120.15,120.15,120.15,325,0,8600.0,CE
2015-08-20 11:15:00,119.65,119.65,119.4,119.4,150,0,8600.0,CE
2015-08-20 11:16:00,119.85,120.9,119.85,120.9,4475,0,8600.0,CE
2015-08-20 11:17:00,121.0,121.0,120.55,120.6,150,0,8600.0,CE
2015-08-20 11:18:00,120.65,120.65,119.45,119.45,75,0,8600.0,CE
2015-08-20 11:19:00,120.0,120.0,119.05,119.05,250,0,8600.0,CE
2015-08-20 11:20:00,119.05,119.65,118.85,119.65,350,0,8600.0,CE
2015-08-20 11:21:00,120.0,120.0,119.3,119.3,375,0,8600.0,CE
2015-08-20 11:22:00,118.95,119.0,118.35,118.5,650,0,8600.0,CE
2015-08-20 11:23:00,118.55,118.55,118.4,118.45,600,0,8600.0,CE
2015-08-20 11:24:00,118.75,119.0,118.75,119.0,3450,0,8600.0,CE
2015-08-20 11:25:00,118.75,118.75,118.75,118.75,150,0,8600.0,CE
2015-08-20 11:26:00,118.25,118.25,118.25,118.25,125,0,8600.0,CE
2015-08-20 11:27:00,118.2,118.3,117.75,117.75,975,0,8600.0,CE
2015-08-20 11:28:00,117.5,117.9,117.05,117.55,2100,0,8600.0,CE
2015-08-20 11:29:00,117.05,117.1,116.8,117.1,1100,0,8600.0,CE
2015-08-20 11:30:00,117.5,117.5,116.05,116.05,350,0,8600.0,CE
2015-08-20 11:31:00,116.95,117.9,116.6,117.9,175,0,8600.0,CE
2015-08-20 11:32:00,117.5,117.55,117.4,117.55,150,0,8600.0,CE
2015-08-20 11:33:00,117.85,117.85,117.35,117.35,75,0,8600.0,CE
2015-08-20 11:34:00,117.0,117.25,116.95,117.25,2700,0,8600.0,CE
2015-08-20 11:35:00,117.95,118.7,117.95,118.7,275,0,8600.0,CE
2015-08-20 11:36:00,118.25,118.25,116.5,117.05,700,0,8600.0,CE
2015-08-20 11:37:00,117.4,118.5,117.15,117.15,200,0,8600.0,CE
2015-08-20 11:38:00,117.0,117.0,116.7,116.7,375,0,8600.0,CE
2015-08-20 11:39:00,117.0,117.15,116.6,116.65,5325,0,8600.0,CE
2015-08-20 11:40:00,117.4,117.5,117.25,117.25,2100,0,8600.0,CE
2015-08-20 11:41:00,117.55,118.2,117.45,117.85,3750,0,8600.0,CE
2015-08-20 11:42:00,117.6,117.95,117.6,117.6,425,0,8600.0,CE
2015-08-20 11:43:00,118.15,119.3,118.15,118.5,675,0,8600.0,CE
2015-08-20 11:44:00,118.45,118.5,118.35,118.5,150,0,8600.0,CE
2015-08-20 11:45:00,118.15,118.15,117.15,117.15,250,0,8600.0,CE
2015-08-20 11:46:00,117.0,118.4,117.0,118.4,1700,0,8600.0,CE
2015-08-20 11:47:00,118.15,118.2,117.55,117.55,525,0,8600.0,CE
2015-08-20 11:49:00,117.2,117.2,116.45,116.55,500,0,8600.0,CE
2015-08-20 11:50:00,116.7,116.7,115.3,115.65,2075,0,8600.0,CE
2015-08-20 11:51:00,115.65,116.15,115.65,116.15,875,0,8600.0,CE
2015-08-20 11:53:00,117.75,117.75,117.7,117.7,175,0,8600.0,CE
2015-08-20 11:54:00,117.8,118.1,117.45,118.1,700,0,8600.0,CE
2015-08-20 11:55:00,118.1,118.45,117.5,118.45,350,0,8600.0,CE
2015-08-20 11:56:00,117.75,118.25,117.45,117.9,1000,0,8600.0,CE
2015-08-20 11:57:00,117.75,117.75,117.1,117.35,850,0,8600.0,CE
2015-08-20 11:58:00,117.35,117.35,115.9,115.9,575,0,8600.0,CE
2015-08-20 11:59:00,116.15,116.4,115.8,116.4,450,0,8600.0,CE
2015-08-20 12:00:00,116.15,117.55,116.15,116.55,2500,0,8600.0,CE
2015-08-20 12:01:00,116.15,116.15,115.75,115.95,650,0,8600.0,CE
2015-08-20 12:02:00,115.25,116.1,114.95,116.0,8025,0,8600.0,CE
2015-08-20 12:03:00,116.0,116.3,115.5,115.5,1450,0,8600.0,CE
2015-08-20 12:04:00,114.65,115.4,114.35,114.9,350,0,8600.0,CE
2015-08-20 12:05:00,115.05,115.05,114.55,114.9,75,0,8600.0,CE
2015-08-20 12:06:00,115.15,115.35,114.3,115.05,2550,0,8600.0,CE
2015-08-20 12:07:00,114.7,115.25,114.6,114.95,3775,0,8600.0,CE
2015-08-20 12:08:00,114.5,114.5,113.35,113.35,1850,0,8600.0,CE
2015-08-20 12:09:00,113.45,114.5,113.4,114.15,4400,0,8600.0,CE
2015-08-20 12:10:00,114.15,114.9,114.15,114.9,100,0,8600.0,CE
2015-08-20 12:11:00,114.9,116.0,114.9,116.0,1350,0,8600.0,CE
2015-08-20 12:12:00,116.0,116.0,115.0,115.55,1225,0,8600.0,CE
2015-08-20 12:13:00,115.45,115.85,115.4,115.85,500,0,8600.0,CE
2015-08-20 12:14:00,115.0,115.35,115.0,115.15,625,0,8600.0,CE
2015-08-20 12:15:00,115.2,115.2,114.3,114.3,300,0,8600.0,CE
2015-08-20 12:16:00,114.75,115.1,114.75,115.1,125,0,8600.0,CE
2015-08-20 12:17:00,115.05,116.6,115.05,116.1,4150,0,8600.0,CE
2015-08-20 12:19:00,115.7,115.85,115.7,115.85,50,0,8600.0,CE
2015-08-20 12:20:00,115.65,115.65,115.65,115.65,25,0,8600.0,CE
2015-08-20 12:21:00,115.8,115.8,115.4,115.6,375,0,8600.0,CE
2015-08-20 12:22:00,116.0,116.3,116.0,116.3,125,0,8600.0,CE
2015-08-20 12:23:00,115.5,117.15,115.5,117.15,275,0,8600.0,CE
2015-08-20 12:25:00,116.4,116.4,115.85,115.85,125,0,8600.0,CE
2015-08-20 12:26:00,116.0,116.05,115.65,116.05,375,0,8600.0,CE
2015-08-20 12:27:00,116.95,116.95,116.95,116.95,25,0,8600.0,CE
2015-08-20 12:28:00,116.2,116.2,116.2,116.2,50,0,8600.0,CE
2015-08-20 12:29:00,116.55,116.6,115.4,115.65,275,0,8600.0,CE
2015-08-20 12:30:00,115.45,115.8,115.05,115.25,1175,0,8600.0,CE
2015-08-20 12:31:00,115.5,116.1,115.5,115.75,225,0,8600.0,CE
2015-08-20 12:32:00,116.0,116.7,116.0,116.7,200,0,8600.0,CE
2015-08-20 12:33:00,116.45,116.45,116.15,116.15,50,0,8600.0,CE
2015-08-20 12:34:00,116.6,116.7,115.6,116.7,950,0,8600.0,CE
2015-08-20 12:35:00,117.2,117.25,116.7,117.2,700,0,8600.0,CE
2015-08-20 12:36:00,117.9,119.0,117.9,118.65,225,0,8600.0,CE
2015-08-20 12:37:00,118.05,118.05,118.05,118.05,25,0,8600.0,CE
2015-08-20 12:38:00,118.0,118.3,118.0,118.3,50,0,8600.0,CE
2015-08-20 12:40:00,116.85,116.85,116.05,116.05,350,0,8600.0,CE
2015-08-20 12:41:00,115.2,115.2,114.2,114.2,1625,0,8600.0,CE
2015-08-20 12:42:00,114.25,115.1,114.25,114.5,475,0,8600.0,CE
2015-08-20 12:43:00,114.7,114.7,112.8,113.85,1650,0,8600.0,CE
2015-08-20 12:44:00,113.1,114.25,113.1,113.6,1075,0,8600.0,CE
2015-08-20 12:45:00,113.9,114.25,112.5,112.7,675,0,8600.0,CE
2015-08-20 12:46:00,112.3,114.05,111.9,114.05,2125,0,8600.0,CE
2015-08-20 12:47:00,113.9,114.2,110.4,110.6,5425,0,8600.0,CE
2015-08-20 12:48:00,111.15,111.15,109.0,110.15,4625,0,8600.0,CE
2015-08-20 12:49:00,110.7,111.15,109.75,111.15,2025,0,8600.0,CE
2015-08-20 12:50:00,110.85,110.9,108.8,109.7,3325,0,8600.0,CE
2015-08-20 12:51:00,109.65,109.65,105.25,105.35,8150,0,8600.0,CE
2015-08-20 12:52:00,106.45,108.2,105.9,107.0,9975,0,8600.0,CE
2015-08-20 12:53:00,106.95,108.05,106.95,108.05,6100,0,8600.0,CE
2015-08-20 12:54:00,107.9,109.15,107.9,108.8,2325,0,8600.0,CE
2015-08-20 12:55:00,108.35,108.8,108.0,108.8,900,0,8600.0,CE
2015-08-20 12:56:00,108.45,110.0,108.45,110.0,3350,0,8600.0,CE
2015-08-20 12:57:00,110.0,110.0,109.35,109.55,2425,0,8600.0,CE
2015-08-20 12:58:00,109.75,109.75,108.25,108.65,2900,0,8600.0,CE
2015-08-20 12:59:00,108.6,108.65,108.0,108.0,750,0,8600.0,CE
2015-08-20 13:00:00,108.1,108.65,106.15,106.35,3500,0,8600.0,CE
2015-08-20 13:01:00,106.55,107.1,106.05,107.0,2875,0,8600.0,CE
2015-08-20 13:02:00,107.4,107.4,105.0,105.15,4675,0,8600.0,CE
2015-08-20 13:03:00,106.35,106.35,101.85,103.8,11275,0,8600.0,CE
2015-08-20 13:04:00,103.4,103.45,100.65,100.65,8325,0,8600.0,CE
2015-08-20 13:05:00,100.75,100.75,97.15,98.85,14250,0,8600.0,CE
2015-08-20 13:06:00,98.4,99.3,97.8,99.3,9675,0,8600.0,CE
2015-08-20 13:07:00,99.0,100.0,98.1,98.5,6925,0,8600.0,CE
2015-08-20 13:08:00,98.45,99.0,97.1,98.6,6800,0,8600.0,CE
2015-08-20 13:09:00,98.8,100.3,98.35,100.1,2875,0,8600.0,CE
2015-08-20 13:10:00,100.5,100.5,96.75,96.75,6100,0,8600.0,CE
2015-08-20 13:11:00,95.0,95.65,90.65,90.65,29875,0,8600.0,CE
2015-08-20 13:12:00,90.55,92.5,90.0,91.45,32300,0,8600.0,CE
2015-08-20 13:13:00,91.95,93.9,91.3,93.6,18425,0,8600.0,CE
2015-08-20 13:14:00,93.5,93.55,90.9,91.85,22350,0,8600.0,CE
2015-08-20 13:15:00,92.35,93.65,91.65,93.0,15950,0,8600.0,CE
2015-08-20 13:16:00,92.9,93.2,91.85,91.85,6800,0,8600.0,CE
2015-08-20 13:17:00,92.3,93.05,91.9,92.95,9875,0,8600.0,CE
2015-08-20 13:18:00,92.6,93.85,92.6,92.8,21700,0,8600.0,CE
2015-08-20 13:19:00,92.85,94.45,92.85,94.15,8400,0,8600.0,CE
2015-08-20 13:20:00,94.05,94.9,93.0,93.05,5900,0,8600.0,CE
2015-08-20 13:21:00,93.3,93.7,92.45,93.45,7775,0,8600.0,CE
2015-08-20 13:22:00,93.3,94.55,92.3,93.55,5800,0,8600.0,CE
2015-08-20 13:23:00,93.55,94.75,93.55,94.35,9250,0,8600.0,CE
2015-08-20 13:24:00,94.15,94.7,93.9,94.1,6600,0,8600.0,CE
2015-08-20 13:25:00,94.65,94.75,93.6,93.6,4475,0,8600.0,CE
2015-08-20 13:26:00,94.0,94.1,93.0,93.0,5050,0,8600.0,CE
2015-08-20 13:27:00,92.75,93.05,91.7,92.0,10450,0,8600.0,CE
2015-08-20 13:28:00,92.9,92.95,91.75,91.75,4800,0,8600.0,CE
2015-08-20 13:29:00,92.05,93.0,91.15,91.35,3025,0,8600.0,CE
2015-08-20 13:30:00,91.5,91.65,89.0,89.0,15750,0,8600.0,CE
2015-08-20 13:31:00,89.0,90.05,88.3,89.55,15475,0,8600.0,CE
2015-08-20 13:32:00,89.95,90.5,89.05,89.8,21600,0,8600.0,CE
2015-08-20 13:33:00,89.2,91.35,89.0,91.35,6575,0,8600.0,CE
2015-08-20 13:34:00,91.95,93.0,91.15,92.7,11700,0,8600.0,CE
2015-08-20 13:35:00,92.95,93.7,92.3,92.35,7925,0,8600.0,CE
2015-08-20 13:36:00,92.8,93.15,91.85,92.8,7575,0,8600.0,CE
2015-08-20 13:37:00,92.9,93.85,92.4,93.85,1950,0,8600.0,CE
2015-08-20 13:38:00,93.8,93.85,92.85,93.15,1775,0,8600.0,CE
2015-08-20 13:39:00,93.15,93.5,92.0,92.7,5625,0,8600.0,CE
2015-08-20 13:40:00,92.3,92.5,91.75,91.75,3975,0,8600.0,CE
2015-08-20 13:41:00,91.45,92.55,91.45,92.1,2325,0,8600.0,CE
2015-08-20 13:42:00,92.3,92.3,91.3,91.3,5575,0,8600.0,CE
2015-08-20 13:43:00,91.25,92.05,91.15,92.05,3050,0,8600.0,CE
2015-08-20 13:44:00,91.9,92.35,91.5,92.05,350,0,8600.0,CE
2015-08-20 13:45:00,92.0,92.6,91.8,92.15,1075,0,8600.0,CE
2015-08-20 13:46:00,92.55,92.85,92.1,92.1,5800,0,8600.0,CE
2015-08-20 13:47:00,92.0,92.3,89.55,92.3,5500,0,8600.0,CE
2015-08-20 13:48:00,92.0,92.25,91.15,91.15,1125,0,8600.0,CE
2015-08-20 13:49:00,91.45,92.9,91.45,92.05,2025,0,8600.0,CE
2015-08-20 13:50:00,91.9,92.45,91.75,92.1,1550,0,8600.0,CE
2015-08-20 13:51:00,92.3,92.3,91.0,91.15,1775,0,8600.0,CE
2015-08-20 13:52:00,91.2,92.0,91.15,91.6,1275,0,8600.0,CE
2015-08-20 13:53:00,91.35,91.95,90.4,91.95,5750,0,8600.0,CE
2015-08-20 13:54:00,91.8,91.9,91.25,91.55,3675,0,8600.0,CE
2015-08-20 13:55:00,91.2,92.0,91.2,92.0,5500,0,8600.0,CE
2015-08-20 13:56:00,92.0,92.5,91.65,92.5,2725,0,8600.0,CE
2015-08-20 13:57:00,92.9,93.5,92.6,93.45,2325,0,8600.0,CE
2015-08-20 13:58:00,93.85,93.85,92.6,92.9,1100,0,8600.0,CE
2015-08-20 13:59:00,92.8,93.3,92.2,93.3,825,0,8600.0,CE
2015-08-20 14:00:00,92.9,93.5,92.7,92.75,2975,0,8600.0,CE
2015-08-20 14:01:00,92.85,93.1,91.9,91.9,725,0,8600.0,CE
2015-08-20 14:02:00,91.8,92.35,91.6,92.0,3200,0,8600.0,CE
2015-08-20 14:03:00,92.0,92.25,91.6,91.95,3250,0,8600.0,CE
2015-08-20 14:04:00,91.6,93.0,91.6,92.85,1125,0,8600.0,CE
2015-08-20 14:05:00,91.75,92.75,91.5,92.25,1400,0,8600.0,CE
2015-08-20 14:06:00,92.5,92.5,92.5,92.5,25,0,8600.0,CE
2015-08-20 14:07:00,92.0,93.25,91.95,92.95,775,0,8600.0,CE
2015-08-20 14:08:00,92.7,92.9,91.75,91.75,725,0,8600.0,CE
2015-08-20 14:09:00,91.6,92.0,91.6,91.8,5550,0,8600.0,CE
2015-08-20 14:10:00,91.8,91.8,90.05,90.5,2400,0,8600.0,CE
2015-08-20 14:11:00,90.8,90.8,89.4,90.0,8575,0,8600.0,CE
2015-08-20 14:12:00,90.5,91.0,90.2,90.5,2425,0,8600.0,CE
2015-08-20 14:13:00,90.2,90.5,89.0,89.35,3550,0,8600.0,CE
2015-08-20 14:14:00,89.4,90.0,89.3,89.4,2375,0,8600.0,CE
2015-08-20 14:15:00,89.4,89.95,89.2,89.3,2375,0,8600.0,CE
2015-08-20 14:16:00,89.2,90.0,89.0,90.0,13975,0,8600.0,CE
2015-08-20 14:17:00,90.0,90.5,89.35,90.5,6000,0,8600.0,CE
2015-08-20 14:18:00,90.05,90.5,88.6,88.6,5650,0,8600.0,CE
2015-08-20 14:19:00,89.05,91.1,89.05,91.0,3550,0,8600.0,CE
2015-08-20 14:20:00,90.55,91.4,87.9,87.9,16600,0,8600.0,CE
2015-08-20 14:21:00,87.85,88.85,87.0,88.85,17325,0,8600.0,CE
2015-08-20 14:22:00,88.5,89.9,88.35,89.7,6800,0,8600.0,CE
2015-08-20 14:23:00,89.45,89.95,88.85,89.2,11400,0,8600.0,CE
2015-08-20 14:24:00,89.1,89.95,89.0,89.25,2850,0,8600.0,CE
2015-08-20 14:25:00,89.0,89.15,86.0,86.75,3850,0,8600.0,CE
2015-08-20 14:26:00,86.3,87.9,86.05,87.15,11750,0,8600.0,CE
2015-08-20 14:27:00,86.9,87.6,84.2,84.6,11050,0,8600.0,CE
2015-08-20 14:28:00,84.55,84.7,83.5,83.5,9200,0,8600.0,CE
2015-08-20 14:29:00,83.1,83.75,82.3,83.1,8850,0,8600.0,CE
2015-08-20 14:30:00,83.2,84.0,83.0,83.5,8850,0,8600.0,CE
2015-08-20 14:31:00,83.7,83.95,82.45,83.55,3525,0,8600.0,CE
2015-08-20 14:32:00,83.2,83.75,79.6,79.7,12425,0,8600.0,CE
2015-08-20 14:33:00,80.75,80.85,79.05,79.45,4400,0,8600.0,CE
2015-08-20 14:34:00,79.7,79.7,77.7,78.8,5650,0,8600.0,CE
2015-08-20 14:35:00,78.7,79.15,77.0,78.2,9450,0,8600.0,CE
2015-08-20 14:36:00,78.3,78.55,77.6,78.55,1925,0,8600.0,CE
2015-08-20 14:37:00,78.3,79.1,77.5,79.1,6775,0,8600.0,CE
2015-08-20 14:38:00,78.85,81.15,78.85,80.95,9475,0,8600.0,CE
2015-08-20 14:39:00,81.05,81.55,80.05,80.05,2025,0,8600.0,CE
2015-08-20 14:40:00,80.05,80.9,80.0,80.3,10100,0,8600.0,CE
2015-08-20 14:41:00,80.0,81.65,80.0,81.6,2325,0,8600.0,CE
2015-08-20 14:42:00,81.6,82.25,81.25,81.55,20650,0,8600.0,CE
2015-08-20 14:43:00,81.85,82.85,81.75,82.35,11150,0,8600.0,CE
2015-08-20 14:44:00,82.45,83.3,81.55,81.55,8775,0,8600.0,CE
2015-08-20 14:45:00,81.5,82.0,81.15,81.35,4575,0,8600.0,CE
2015-08-20 14:46:00,81.95,82.5,81.15,81.9,6175,0,8600.0,CE
2015-08-20 14:47:00,81.45,82.5,81.3,82.15,5425,0,8600.0,CE
2015-08-20 14:48:00,82.25,82.85,82.0,82.05,4375,0,8600.0,CE
2015-08-20 14:49:00,81.95,82.9,81.95,82.75,4225,0,8600.0,CE
2015-08-20 14:50:00,82.3,82.6,80.5,80.55,4175,0,8600.0,CE
2015-08-20 14:51:00,80.55,81.1,79.9,81.1,8025,0,8600.0,CE
2015-08-20 14:52:00,81.0,81.3,80.35,81.0,875,0,8600.0,CE
2015-08-20 14:53:00,81.1,81.8,80.85,81.15,6550,0,8600.0,CE
2015-08-20 14:54:00,81.25,81.5,80.6,81.5,7750,0,8600.0,CE
2015-08-20 14:55:00,81.05,82.4,81.05,82.2,1300,0,8600.0,CE
2015-08-20 14:56:00,82.4,83.2,81.85,83.2,1875,0,8600.0,CE
2015-08-20 14:57:00,82.95,83.3,82.55,83.0,8150,0,8600.0,CE
2015-08-20 14:58:00,83.0,83.6,83.0,83.6,8200,0,8600.0,CE
2015-08-20 14:59:00,82.95,83.05,82.5,83.0,4550,0,8600.0,CE
2015-08-20 15:00:00,82.35,82.95,81.7,81.8,1900,0,8600.0,CE
2015-08-20 15:01:00,81.8,81.9,79.95,80.25,3025,0,8600.0,CE
2015-08-20 15:02:00,80.1,80.3,79.7,79.85,5225,0,8600.0,CE
2015-08-20 15:03:00,80.6,81.3,80.2,80.95,6950,0,8600.0,CE
2015-08-20 15:04:00,80.8,82.35,80.8,81.85,4250,0,8600.0,CE
2015-08-20 15:05:00,81.7,82.4,80.0,80.0,9000,0,8600.0,CE
2015-08-20 15:06:00,80.2,80.85,79.85,80.85,4100,0,8600.0,CE
2015-08-20 15:07:00,80.9,81.55,80.8,81.4,7325,0,8600.0,CE
2015-08-20 15:08:00,81.45,82.0,80.7,81.55,6100,0,8600.0,CE
2015-08-20 15:09:00,81.5,82.6,81.5,82.6,4850,0,8600.0,CE
2015-08-20 15:10:00,82.55,84.8,82.5,84.8,5475,0,8600.0,CE
2015-08-20 15:11:00,84.5,84.9,83.5,84.2,2850,0,8600.0,CE
2015-08-20 15:12:00,84.5,84.5,83.05,83.05,5100,0,8600.0,CE
2015-08-20 15:13:00,83.0,83.1,82.15,82.95,4250,0,8600.0,CE
2015-08-20 15:14:00,82.95,82.95,82.3,82.5,3400,0,8600.0,CE
2015-08-20 15:15:00,82.5,82.95,82.5,82.5,4825,0,8600.0,CE
2015-08-20 15:16:00,82.75,83.05,82.15,82.45,3600,0,8600.0,CE
2015-08-20 15:17:00,82.05,82.55,81.9,82.3,2375,0,8600.0,CE
2015-08-20 15:18:00,82.05,82.55,82.0,82.45,1600,0,8600.0,CE
2015-08-20 15:19:00,82.5,83.8,82.5,83.8,2475,0,8600.0,CE
2015-08-20 15:20:00,83.95,84.1,82.8,83.2,7075,0,8600.0,CE
2015-08-20 15:21:00,82.95,84.5,82.6,84.5,5300,0,8600.0,CE
2015-08-20 15:22:00,84.1,84.75,83.9,84.65,5625,0,8600.0,CE
2015-08-20 15:23:00,84.4,84.7,84.0,84.0,2900,0,8600.0,CE
2015-08-20 15:24:00,83.85,84.5,83.85,84.4,1675,0,8600.0,CE
2015-08-20 15:25:00,84.4,84.9,84.35,84.85,2750,0,8600.0,CE
2015-08-20 15:26:00,84.85,85.0,84.0,84.0,7100,0,8600.0,CE
2015-08-20 15:27:00,84.0,84.1,83.4,83.5,9000,0,8600.0,CE
2015-08-20 15:28:00,83.85,84.5,83.0,84.5,14350,0,8600.0,CE
2015-08-20 15:29:00,84.75,85.2,84.45,85.0,7075,0,8600.0,CE
2015-08-21 09:15:00,60.0,70.1,55.0,56.9,14750,0,8600.0,CE
2015-08-21 09:16:00,57.95,61.75,56.05,57.55,18825,0,8600.0,CE
2015-08-21 09:17:00,57.45,61.45,57.45,60.05,21950,0,8600.0,CE
2015-08-21 09:18:00,60.75,61.05,59.15,60.55,18425,0,8600.0,CE
2015-08-21 09:19:00,60.45,61.05,59.75,60.45,16150,0,8600.0,CE
2015-08-21 09:20:00,60.45,61.0,58.7,58.7,31900,0,8600.0,CE
2015-08-21 09:21:00,59.0,59.0,56.25,57.1,18725,0,8600.0,CE
2015-08-21 09:22:00,56.8,57.3,54.25,54.35,36375,0,8600.0,CE
2015-08-21 09:23:00,54.85,55.0,52.0,53.1,27150,0,8600.0,CE
2015-08-21 09:24:00,52.65,52.65,50.0,50.5,16100,0,8600.0,CE
2015-08-21 09:25:00,50.45,51.5,50.0,50.9,22225,0,8600.0,CE
2015-08-21 09:26:00,51.15,53.5,51.15,52.35,8250,0,8600.0,CE
2015-08-21 09:27:00,52.2,52.9,51.0,51.65,15550,0,8600.0,CE
2015-08-21 09:28:00,51.55,52.3,51.0,51.7,12675,0,8600.0,CE
2015-08-21 09:29:00,51.7,52.25,51.2,52.2,7500,0,8600.0,CE
2015-08-21 09:30:00,52.05,52.45,51.35,52.0,8475,0,8600.0,CE
2015-08-21 09:31:00,51.6,51.95,50.95,51.35,9925,0,8600.0,CE
2015-08-21 09:32:00,51.55,51.7,51.0,51.05,11200,0,8600.0,CE
2015-08-21 09:33:00,51.2,51.3,50.25,50.45,7950,0,8600.0,CE
2015-08-21 09:34:00,50.0,50.0,49.3,49.5,10025,0,8600.0,CE
2015-08-21 09:35:00,49.3,49.45,49.0,49.25,5825,0,8600.0,CE
2015-08-21 09:36:00,49.35,49.9,49.1,49.9,4625,0,8600.0,CE
2015-08-21 09:37:00,49.6,50.95,49.6,50.95,14600,0,8600.0,CE
2015-08-21 09:38:00,51.0,51.3,50.65,51.25,8275,0,8600.0,CE
2015-08-21 09:39:00,51.0,51.1,50.4,50.8,6225,0,8600.0,CE
2015-08-21 09:40:00,50.8,51.45,50.75,50.85,5600,0,8600.0,CE
2015-08-21 09:41:00,50.7,50.95,50.35,50.35,4850,0,8600.0,CE
2015-08-21 09:42:00,50.25,50.25,49.8,50.0,12325,0,8600.0,CE
2015-08-21 09:43:00,50.0,51.0,49.75,51.0,4600,0,8600.0,CE
2015-08-21 09:44:00,51.0,51.0,50.25,51.0,5825,0,8600.0,CE
2015-08-21 09:45:00,51.0,51.7,50.8,51.65,13500,0,8600.0,CE
2015-08-21 09:46:00,51.4,51.85,50.65,51.7,5550,0,8600.0,CE
2015-08-21 09:47:00,51.85,53.2,51.85,53.1,15250,0,8600.0,CE
2015-08-21 09:48:00,53.55,53.6,52.9,53.4,10050,0,8600.0,CE
2015-08-21 09:49:00,53.4,53.4,52.75,53.05,9400,0,8600.0,CE
2015-08-21 09:50:00,53.2,53.35,52.7,53.05,8800,0,8600.0,CE
2015-08-21 09:51:00,53.05,53.4,53.0,53.25,4425,0,8600.0,CE
2015-08-21 09:52:00,53.35,54.0,53.35,53.95,9900,0,8600.0,CE
2015-08-21 09:53:00,53.6,54.0,52.5,52.85,3925,0,8600.0,CE
2015-08-21 09:54:00,53.55,53.9,53.05,53.2,8525,0,8600.0,CE
2015-08-21 09:55:00,53.45,53.65,52.8,53.65,7925,0,8600.0,CE
2015-08-21 09:56:00,53.65,53.7,53.0,53.55,8075,0,8600.0,CE
2015-08-21 09:57:00,53.4,53.95,53.15,53.65,6975,0,8600.0,CE
2015-08-21 09:58:00,53.85,53.9,53.5,53.8,15650,0,8600.0,CE
2015-08-21 09:59:00,53.95,54.3,53.5,54.3,3775,0,8600.0,CE
2015-08-21 10:00:00,53.9,54.45,53.8,54.05,2100,0,8600.0,CE
2015-08-21 10:01:00,53.9,54.4,53.5,54.2,8050,0,8600.0,CE
2015-08-21 10:02:00,54.25,54.25,53.8,53.85,1200,0,8600.0,CE
2015-08-21 10:03:00,54.3,54.3,53.8,53.9,12375,0,8600.0,CE
2015-08-21 10:04:00,54.05,54.25,53.65,54.25,3300,0,8600.0,CE
2015-08-21 10:05:00,54.3,54.5,54.3,54.35,700,0,8600.0,CE
2015-08-21 10:06:00,54.3,54.3,53.6,53.95,1675,0,8600.0,CE
2015-08-21 10:07:00,54.0,54.0,52.85,52.95,6500,0,8600.0,CE
2015-08-21 10:08:00,52.7,53.25,52.65,53.25,9175,0,8600.0,CE
2015-08-21 10:09:00,52.85,52.95,52.5,52.5,2300,0,8600.0,CE
2015-08-21 10:10:00,52.75,53.0,52.65,52.9,3425,0,8600.0,CE
2015-08-21 10:11:00,52.75,53.0,52.55,52.7,4050,0,8600.0,CE
2015-08-21 10:12:00,52.8,53.55,52.8,53.5,7575,0,8600.0,CE
2015-08-21 10:13:00,53.5,53.8,52.55,53.0,8650,0,8600.0,CE
2015-08-21 10:14:00,52.8,53.35,52.6,53.35,10500,0,8600.0,CE
2015-08-21 10:15:00,53.45,53.55,53.05,53.25,3550,0,8600.0,CE
2015-08-21 10:16:00,53.4,53.55,53.15,53.4,1725,0,8600.0,CE
2015-08-21 10:17:00,53.25,53.45,52.4,52.7,7525,0,8600.0,CE
2015-08-21 10:18:00,53.0,53.6,53.0,53.35,2750,0,8600.0,CE
2015-08-21 10:19:00,53.3,53.6,52.5,52.5,4500,0,8600.0,CE
2015-08-21 10:20:00,52.45,53.0,52.45,53.0,525,0,8600.0,CE
2015-08-21 10:21:00,52.85,52.85,52.1,52.5,8875,0,8600.0,CE
2015-08-21 10:22:00,52.5,52.55,52.1,52.2,6200,0,8600.0,CE
2015-08-21 10:23:00,52.1,52.45,51.8,52.45,4975,0,8600.0,CE
2015-08-21 10:24:00,51.95,52.0,51.6,51.9,1825,0,8600.0,CE
2015-08-21 10:25:00,51.6,52.5,51.6,52.35,4225,0,8600.0,CE
2015-08-21 10:26:00,52.15,52.7,52.05,52.2,2200,0,8600.0,CE
2015-08-21 10:27:00,52.0,52.75,52.0,52.5,1925,0,8600.0,CE
2015-08-21 10:28:00,52.4,53.05,52.4,53.05,1250,0,8600.0,CE
2015-08-21 10:29:00,52.95,53.0,52.7,52.8,2050,0,8600.0,CE
2015-08-21 10:30:00,53.0,53.0,52.4,52.55,1675,0,8600.0,CE
2015-08-21 10:31:00,52.45,52.6,52.25,52.6,600,0,8600.0,CE
2015-08-21 10:32:00,52.4,52.4,50.65,50.9,9650,0,8600.0,CE
2015-08-21 10:33:00,50.55,51.3,50.4,51.3,6350,0,8600.0,CE
2015-08-21 10:34:00,51.35,51.4,51.1,51.3,550,0,8600.0,CE
2015-08-21 10:35:00,51.5,51.5,50.35,50.45,3325,0,8600.0,CE
2015-08-21 10:36:00,50.4,50.55,50.0,50.3,13000,0,8600.0,CE
2015-08-21 10:37:00,50.5,50.5,49.75,49.75,10500,0,8600.0,CE
2015-08-21 10:38:00,49.4,50.4,49.35,50.25,7900,0,8600.0,CE
2015-08-21 10:39:00,50.25,50.25,50.0,50.0,1275,0,8600.0,CE
2015-08-21 10:40:00,50.0,50.65,49.8,50.4,9400,0,8600.0,CE
2015-08-21 10:41:00,50.4,50.9,50.25,50.7,2750,0,8600.0,CE
2015-08-21 10:42:00,50.8,50.95,50.5,50.5,2375,0,8600.0,CE
2015-08-21 10:43:00,50.5,50.6,49.9,49.9,7875,0,8600.0,CE
2015-08-21 10:44:00,49.75,50.45,49.5,50.1,13600,0,8600.0,CE
2015-08-21 10:45:00,49.85,50.0,49.2,49.35,8350,0,8600.0,CE
2015-08-21 10:46:00,49.6,49.65,48.7,49.55,7925,0,8600.0,CE
2015-08-21 10:47:00,49.55,50.4,49.55,50.4,3925,0,8600.0,CE
2015-08-21 10:48:00,50.3,51.35,50.3,51.1,4875,0,8600.0,CE
2015-08-21 10:49:00,51.15,51.7,51.15,51.45,2925,0,8600.0,CE
2015-08-21 10:50:00,50.45,51.65,50.4,51.0,4025,0,8600.0,CE
2015-08-21 10:51:00,51.3,52.05,51.0,51.2,4800,0,8600.0,CE
2015-08-21 10:52:00,51.0,51.4,51.0,51.0,3025,0,8600.0,CE
2015-08-21 10:53:00,51.05,51.55,50.6,50.85,1650,0,8600.0,CE
2015-08-21 10:54:00,50.8,51.15,50.4,50.4,3025,0,8600.0,CE
2015-08-21 10:55:00,50.4,51.25,50.05,51.1,9600,0,8600.0,CE
2015-08-21 10:56:00,51.3,51.75,50.5,50.5,8625,0,8600.0,CE
2015-08-21 10:57:00,50.45,51.1,50.15,50.85,4000,0,8600.0,CE
2015-08-21 10:58:00,50.65,50.65,50.0,50.15,1450,0,8600.0,CE
2015-08-21 10:59:00,50.25,50.25,50.0,50.0,1275,0,8600.0,CE
2015-08-21 11:00:00,50.1,50.35,49.85,49.85,1625,0,8600.0,CE
2015-08-21 11:01:00,49.5,49.8,49.45,49.6,950,0,8600.0,CE
2015-08-21 11:02:00,49.65,49.8,49.35,49.6,850,0,8600.0,CE
2015-08-21 11:03:00,49.8,49.8,49.4,49.4,5525,0,8600.0,CE
2015-08-21 11:04:00,49.5,49.65,49.4,49.45,2850,0,8600.0,CE
2015-08-21 11:05:00,49.4,49.4,49.0,49.25,4075,0,8600.0,CE
2015-08-21 11:06:00,49.4,49.4,49.0,49.15,1925,0,8600.0,CE
2015-08-21 11:07:00,49.2,49.2,48.5,48.6,7950,0,8600.0,CE
2015-08-21 11:08:00,48.5,48.8,48.5,48.8,1150,0,8600.0,CE
2015-08-21 11:09:00,48.6,48.9,48.1,48.35,3875,0,8600.0,CE
2015-08-21 11:10:00,48.35,49.15,48.2,49.0,2875,0,8600.0,CE
2015-08-21 11:11:00,49.0,49.4,49.0,49.25,2675,0,8600.0,CE
2015-08-21 11:12:00,49.0,49.2,48.65,48.85,2325,0,8600.0,CE
2015-08-21 11:13:00,48.9,49.45,48.9,49.45,3325,0,8600.0,CE
2015-08-21 11:14:00,49.5,49.6,48.65,48.75,2525,0,8600.0,CE
2015-08-21 11:15:00,48.9,48.9,48.35,48.35,3750,0,8600.0,CE
2015-08-21 11:16:00,48.35,48.7,48.35,48.7,950,0,8600.0,CE
2015-08-21 11:17:00,48.5,48.75,48.35,48.45,2600,0,8600.0,CE
2015-08-21 11:18:00,48.7,48.75,48.5,48.65,2000,0,8600.0,CE
2015-08-21 11:19:00,48.75,48.75,48.35,48.75,12650,0,8600.0,CE
2015-08-21 11:20:00,48.7,49.05,48.6,49.05,4875,0,8600.0,CE
2015-08-21 11:21:00,49.0,49.6,49.0,49.45,1675,0,8600.0,CE
2015-08-21 11:22:00,49.45,50.05,49.45,49.5,5750,0,8600.0,CE
2015-08-21 11:23:00,49.75,50.05,49.7,50.0,5450,0,8600.0,CE
2015-08-21 11:24:00,50.0,50.0,48.5,48.85,9450,0,8600.0,CE
2015-08-21 11:25:00,48.8,49.4,48.8,49.1,4075,0,8600.0,CE
2015-08-21 11:26:00,49.0,49.1,48.65,48.65,5525,0,8600.0,CE
2015-08-21 11:27:00,48.7,48.7,48.4,48.5,3675,0,8600.0,CE
2015-08-21 11:28:00,48.5,48.5,48.2,48.45,4100,0,8600.0,CE
2015-08-21 11:29:00,48.5,48.85,48.05,48.35,7000,0,8600.0,CE
2015-08-21 11:30:00,48.55,49.15,48.1,48.1,5025,0,8600.0,CE
2015-08-21 11:31:00,48.1,48.4,47.6,48.4,8650,0,8600.0,CE
2015-08-21 11:32:00,48.2,49.3,48.2,49.3,675,0,8600.0,CE
2015-08-21 11:33:00,49.25,49.3,49.0,49.3,6100,0,8600.0,CE
2015-08-21 11:34:00,49.25,49.65,49.1,49.5,1425,0,8600.0,CE
2015-08-21 11:35:00,49.7,49.75,49.2,49.2,2250,0,8600.0,CE
2015-08-21 11:36:00,49.55,49.75,48.9,48.9,4950,0,8600.0,CE
2015-08-21 11:37:00,49.1,49.4,48.85,48.85,2675,0,8600.0,CE
2015-08-21 11:38:00,49.2,49.2,48.65,49.05,1550,0,8600.0,CE
2015-08-21 11:39:00,49.05,49.05,48.2,48.2,3050,0,8600.0,CE
2015-08-21 11:40:00,48.2,48.9,48.1,48.75,1275,0,8600.0,CE
2015-08-21 11:41:00,48.35,48.35,47.95,48.05,2800,0,8600.0,CE
2015-08-21 11:42:00,48.0,48.9,47.85,48.6,1825,0,8600.0,CE
2015-08-21 11:43:00,48.8,49.0,48.3,48.65,12025,0,8600.0,CE
2015-08-21 11:44:00,48.6,48.7,48.35,48.35,2550,0,8600.0,CE
2015-08-21 11:45:00,48.6,49.15,48.55,49.0,1550,0,8600.0,CE
2015-08-21 11:46:00,49.05,50.4,49.0,50.15,5250,0,8600.0,CE
2015-08-21 11:47:00,50.35,51.4,50.15,51.35,20000,0,8600.0,CE
2015-08-21 11:48:00,51.45,51.45,50.75,51.05,2275,0,8600.0,CE
2015-08-21 11:49:00,51.0,51.5,50.8,51.45,6700,0,8600.0,CE
2015-08-21 11:50:00,51.5,53.0,51.35,52.95,12000,0,8600.0,CE
2015-08-21 11:51:00,52.9,53.15,51.85,52.95,13200,0,8600.0,CE
2015-08-21 11:52:00,53.1,54.45,52.9,53.7,18575,0,8600.0,CE
2015-08-21 11:53:00,53.65,53.65,52.6,52.8,8150,0,8600.0,CE
2015-08-21 11:54:00,52.5,52.5,51.6,52.3,5525,0,8600.0,CE
2015-08-21 11:55:00,52.3,52.6,51.2,51.35,7375,0,8600.0,CE
2015-08-21 11:56:00,51.1,51.4,50.75,51.05,3200,0,8600.0,CE
2015-08-21 11:57:00,51.15,51.75,51.15,51.65,1600,0,8600.0,CE
2015-08-21 11:58:00,51.95,51.95,51.0,51.25,10050,0,8600.0,CE
2015-08-21 11:59:00,51.05,51.7,50.95,51.5,3400,0,8600.0,CE
2015-08-21 12:00:00,51.65,51.7,51.2,51.7,8975,0,8600.0,CE
2015-08-21 12:01:00,52.0,52.15,50.65,50.7,3500,0,8600.0,CE
2015-08-21 12:02:00,50.9,51.3,50.9,51.3,1950,0,8600.0,CE
2015-08-21 12:03:00,51.2,51.6,51.0,51.1,3750,0,8600.0,CE
2015-08-21 12:04:00,51.0,51.0,50.25,50.25,11150,0,8600.0,CE
2015-08-21 12:05:00,50.25,50.9,49.9,50.2,14375,0,8600.0,CE
2015-08-21 12:06:00,50.0,50.7,50.0,50.25,5800,0,8600.0,CE
2015-08-21 12:07:00,50.75,50.9,50.05,50.05,2875,0,8600.0,CE
2015-08-21 12:08:00,50.05,50.75,50.05,50.75,1800,0,8600.0,CE
2015-08-21 12:09:00,51.0,51.25,49.5,49.5,6350,0,8600.0,CE
2015-08-21 12:10:00,49.6,50.0,49.4,49.7,3950,0,8600.0,CE
2015-08-21 12:11:00,49.7,49.7,49.35,49.5,2475,0,8600.0,CE
2015-08-21 12:12:00,49.65,50.0,49.25,49.8,1375,0,8600.0,CE
2015-08-21 12:13:00,49.65,49.65,48.65,48.8,1175,0,8600.0,CE
2015-08-21 12:14:00,48.55,49.25,48.5,48.75,625,0,8600.0,CE
2015-08-21 12:15:00,49.0,49.05,48.55,48.6,1975,0,8600.0,CE
2015-08-21 12:16:00,48.4,48.75,48.4,48.45,2725,0,8600.0,CE
2015-08-21 12:17:00,48.35,49.7,48.35,48.8,5725,0,8600.0,CE
2015-08-21 12:18:00,49.05,49.15,48.8,48.8,2500,0,8600.0,CE
2015-08-21 12:19:00,49.0,49.25,49.0,49.0,1700,0,8600.0,CE
2015-08-21 12:20:00,49.25,49.75,49.15,49.75,1650,0,8600.0,CE
2015-08-21 12:21:00,49.75,50.15,49.4,50.05,4175,0,8600.0,CE
2015-08-21 12:22:00,49.95,49.95,49.8,49.8,875,0,8600.0,CE
2015-08-21 12:23:00,49.65,49.65,48.5,48.5,15650,0,8600.0,CE
2015-08-21 12:24:00,48.25,48.5,48.05,48.05,425,0,8600.0,CE
2015-08-21 12:25:00,47.95,48.0,46.5,47.4,25025,0,8600.0,CE
2015-08-21 12:26:00,47.7,47.9,47.7,47.9,100,0,8600.0,CE
2015-08-21 12:27:00,48.0,48.3,47.5,47.5,11100,0,8600.0,CE
2015-08-21 12:28:00,47.65,48.3,47.4,48.05,16175,0,8600.0,CE
2015-08-21 12:29:00,47.65,48.2,47.65,47.95,2575,0,8600.0,CE
2015-08-21 12:30:00,48.25,48.25,47.15,47.15,3050,0,8600.0,CE
2015-08-21 12:31:00,47.2,47.5,46.7,47.25,3225,0,8600.0,CE
2015-08-21 12:32:00,47.75,48.6,47.6,48.05,2875,0,8600.0,CE
2015-08-21 12:33:00,48.15,48.15,47.3,47.9,11675,0,8600.0,CE
2015-08-21 12:34:00,47.9,48.0,47.4,47.8,2500,0,8600.0,CE
2015-08-21 12:35:00,48.0,48.0,47.5,47.65,10275,0,8600.0,CE
2015-08-21 12:36:00,47.75,48.15,47.6,47.65,16675,0,8600.0,CE
2015-08-21 12:37:00,47.85,48.1,47.75,48.1,3475,0,8600.0,CE
2015-08-21 12:38:00,48.15,48.5,47.5,48.45,2425,0,8600.0,CE
2015-08-21 12:39:00,48.3,48.35,47.4,47.45,4000,0,8600.0,CE
2015-08-21 12:40:00,47.45,48.4,47.45,48.4,3025,0,8600.0,CE
2015-08-21 12:41:00,48.1,48.5,47.55,48.0,2375,0,8600.0,CE
2015-08-21 12:42:00,48.2,48.6,47.8,48.55,1400,0,8600.0,CE
2015-08-21 12:43:00,48.75,48.85,48.6,48.8,850,0,8600.0,CE
2015-08-21 12:44:00,48.6,49.0,48.6,48.95,2050,0,8600.0,CE
2015-08-21 12:45:00,48.95,49.85,48.85,49.4,3750,0,8600.0,CE
2015-08-21 12:46:00,49.5,49.75,48.95,49.15,4175,0,8600.0,CE
2015-08-21 12:47:00,49.05,49.25,48.7,48.7,7050,0,8600.0,CE
2015-08-21 12:48:00,48.65,49.0,48.2,48.35,4075,0,8600.0,CE
2015-08-21 12:49:00,48.45,48.9,48.45,48.85,8425,0,8600.0,CE
2015-08-21 12:50:00,48.85,49.0,48.6,49.0,6875,0,8600.0,CE
2015-08-21 12:51:00,48.85,49.05,48.35,48.35,1950,0,8600.0,CE
2015-08-21 12:52:00,48.3,49.25,48.3,49.1,1950,0,8600.0,CE
2015-08-21 12:53:00,49.3,49.3,48.75,48.9,7650,0,8600.0,CE
2015-08-21 12:54:00,48.8,49.25,48.8,49.05,525,0,8600.0,CE
2015-08-21 12:55:00,49.05,49.95,49.0,49.65,2800,0,8600.0,CE
2015-08-21 12:56:00,49.6,49.6,49.05,49.05,3075,0,8600.0,CE
2015-08-21 12:57:00,49.2,49.85,48.85,49.85,1675,0,8600.0,CE
2015-08-21 12:58:00,49.95,50.5,49.95,50.05,2175,0,8600.0,CE
2015-08-21 12:59:00,50.35,50.55,50.05,50.4,3875,0,8600.0,CE
2015-08-21 13:00:00,50.25,50.9,50.2,50.8,3950,0,8600.0,CE
2015-08-21 13:01:00,50.9,52.0,50.7,51.25,10525,0,8600.0,CE
2015-08-21 13:02:00,51.15,51.7,50.65,51.5,5075,0,8600.0,CE
2015-08-21 13:03:00,51.5,52.5,51.3,52.5,7500,0,8600.0,CE
2015-08-21 13:04:00,52.4,52.5,50.2,51.0,6225,0,8600.0,CE
2015-08-21 13:05:00,50.35,51.85,50.35,51.35,13925,0,8600.0,CE
2015-08-21 13:06:00,51.35,53.45,51.1,53.0,21575,0,8600.0,CE
2015-08-21 13:07:00,53.0,53.0,51.85,52.4,17850,0,8600.0,CE
2015-08-21 13:08:00,52.45,53.0,51.3,51.35,12150,0,8600.0,CE
2015-08-21 13:09:00,51.25,51.55,50.8,50.9,5475,0,8600.0,CE
2015-08-21 13:10:00,51.05,51.05,49.45,49.5,5450,0,8600.0,CE
2015-08-21 13:11:00,49.65,50.0,48.95,49.0,4200,0,8600.0,CE
2015-08-21 13:12:00,48.95,50.15,48.95,49.8,2375,0,8600.0,CE
2015-08-21 13:13:00,49.8,50.0,49.0,49.0,6575,0,8600.0,CE
2015-08-21 13:14:00,49.05,49.95,48.9,49.75,1350,0,8600.0,CE
2015-08-21 13:15:00,50.1,50.3,49.75,49.9,2150,0,8600.0,CE
2015-08-21 13:16:00,49.85,51.45,49.85,50.75,3225,0,8600.0,CE
2015-08-21 13:17:00,50.8,52.0,50.8,51.85,3400,0,8600.0,CE
2015-08-21 13:18:00,52.0,52.0,50.5,51.1,3450,0,8600.0,CE
2015-08-21 13:19:00,50.9,51.0,50.85,51.0,775,0,8600.0,CE
2015-08-21 13:20:00,50.65,50.65,49.55,49.8,1650,0,8600.0,CE
2015-08-21 13:21:00,49.55,50.7,49.55,50.7,6675,0,8600.0,CE
2015-08-21 13:22:00,49.9,50.2,49.5,50.0,4650,0,8600.0,CE
2015-08-21 13:23:00,49.7,49.75,48.8,48.95,4900,0,8600.0,CE
2015-08-21 13:24:00,48.95,49.05,48.85,48.9,1650,0,8600.0,CE
2015-08-21 13:25:00,49.55,50.15,49.55,50.15,2650,0,8600.0,CE
2015-08-21 13:26:00,50.15,50.9,49.85,50.65,9450,0,8600.0,CE
2015-08-21 13:27:00,50.65,51.15,50.45,50.45,8525,0,8600.0,CE
2015-08-21 13:28:00,50.5,51.15,50.5,51.15,2800,0,8600.0,CE
2015-08-21 13:29:00,51.5,52.0,51.1,51.4,9225,0,8600.0,CE
2015-08-21 13:30:00,51.35,51.45,50.9,51.2,2400,0,8600.0,CE
2015-08-21 13:31:00,51.35,51.65,51.3,51.3,5825,0,8600.0,CE
2015-08-21 13:32:00,51.65,52.15,51.6,51.85,3100,0,8600.0,CE
2015-08-21 13:33:00,51.85,51.85,50.9,51.15,11325,0,8600.0,CE
2015-08-21 13:34:00,51.15,51.15,50.3,50.3,9275,0,8600.0,CE
2015-08-21 13:35:00,50.4,51.15,50.4,51.15,3975,0,8600.0,CE
2015-08-21 13:36:00,50.75,51.3,50.6,51.1,1550,0,8600.0,CE
2015-08-21 13:37:00,51.75,51.75,50.15,50.3,3300,0,8600.0,CE
2015-08-21 13:38:00,50.55,50.7,49.3,49.6,3425,0,8600.0,CE
2015-08-21 13:39:00,49.45,49.65,49.05,49.35,5775,0,8600.0,CE
2015-08-21 13:40:00,49.35,50.15,49.25,50.15,5375,0,8600.0,CE
2015-08-21 13:41:00,50.4,50.6,49.5,49.5,2300,0,8600.0,CE
2015-08-21 13:42:00,49.5,49.55,49.25,49.55,2675,0,8600.0,CE
2015-08-21 13:43:00,49.6,49.85,49.35,49.85,1500,0,8600.0,CE
2015-08-21 13:44:00,49.65,49.85,49.45,49.5,450,0,8600.0,CE
2015-08-21 13:45:00,49.5,50.2,49.5,50.15,1525,0,8600.0,CE
2015-08-21 13:46:00,50.25,50.25,49.85,49.95,1100,0,8600.0,CE
2015-08-21 13:47:00,50.0,50.0,49.4,49.4,1225,0,8600.0,CE
2015-08-21 13:48:00,49.4,49.8,49.1,49.55,2150,0,8600.0,CE
2015-08-21 13:49:00,49.15,50.2,49.15,50.2,675,0,8600.0,CE
2015-08-21 13:50:00,50.2,50.5,49.75,50.05,2000,0,8600.0,CE
2015-08-21 13:51:00,50.2,50.2,49.6,49.85,750,0,8600.0,CE
2015-08-21 13:52:00,49.65,50.2,49.4,49.5,1375,0,8600.0,CE
2015-08-21 13:53:00,49.4,49.65,48.25,48.25,3700,0,8600.0,CE
2015-08-21 13:54:00,48.15,48.95,48.15,48.45,2025,0,8600.0,CE
2015-08-21 13:55:00,48.5,48.7,47.5,47.9,16550,0,8600.0,CE
2015-08-21 13:56:00,47.65,49.0,47.45,48.85,5750,0,8600.0,CE
2015-08-21 13:57:00,48.8,50.05,48.65,49.2,16450,0,8600.0,CE
2015-08-21 13:58:00,49.85,50.3,49.65,49.65,3125,0,8600.0,CE
2015-08-21 13:59:00,49.55,49.85,49.15,49.2,3975,0,8600.0,CE
2015-08-21 14:00:00,49.05,49.35,48.5,49.0,5125,0,8600.0,CE
2015-08-21 14:01:00,48.55,49.15,48.5,48.85,5225,0,8600.0,CE
2015-08-21 14:02:00,48.85,49.0,48.65,48.95,5300,0,8600.0,CE
2015-08-21 14:03:00,48.85,48.85,48.5,48.5,5475,0,8600.0,CE
2015-08-21 14:04:00,48.35,48.5,47.75,48.5,12025,0,8600.0,CE
2015-08-21 14:05:00,48.45,48.95,47.7,48.9,7125,0,8600.0,CE
2015-08-21 14:06:00,49.0,49.5,48.2,48.2,2825,0,8600.0,CE
2015-08-21 14:07:00,48.1,48.1,47.2,47.2,4950,0,8600.0,CE
2015-08-21 14:08:00,47.25,48.4,47.25,48.1,2850,0,8600.0,CE
2015-08-21 14:09:00,48.1,48.4,48.0,48.0,2250,0,8600.0,CE
2015-08-21 14:10:00,48.4,48.45,48.0,48.0,1000,0,8600.0,CE
2015-08-21 14:11:00,48.35,48.55,47.85,47.85,6750,0,8600.0,CE
2015-08-21 14:12:00,47.95,48.5,47.95,48.35,9750,0,8600.0,CE
2015-08-21 14:13:00,48.45,48.45,48.15,48.4,7125,0,8600.0,CE
2015-08-21 14:14:00,48.4,48.45,47.85,48.25,13725,0,8600.0,CE
2015-08-21 14:15:00,48.3,48.6,48.3,48.4,1350,0,8600.0,CE
2015-08-21 14:16:00,48.35,48.85,48.25,48.25,3125,0,8600.0,CE
2015-08-21 14:17:00,48.55,49.9,48.5,49.55,13525,0,8600.0,CE
2015-08-21 14:18:00,49.75,50.55,49.35,50.55,6950,0,8600.0,CE
2015-08-21 14:19:00,50.6,50.6,49.75,49.9,4100,0,8600.0,CE
2015-08-21 14:20:00,49.55,49.55,48.8,48.8,2700,0,8600.0,CE
2015-08-21 14:21:00,49.0,49.7,49.0,49.7,1425,0,8600.0,CE
2015-08-21 14:22:00,49.5,49.5,48.95,49.45,1400,0,8600.0,CE
2015-08-21 14:23:00,50.0,50.0,48.85,49.3,2850,0,8600.0,CE
2015-08-21 14:24:00,49.7,50.0,49.05,50.0,3450,0,8600.0,CE
2015-08-21 14:25:00,50.55,50.75,49.65,49.65,3075,0,8600.0,CE
2015-08-21 14:26:00,49.45,49.45,49.45,49.45,75,0,8600.0,CE
2015-08-21 14:27:00,49.5,50.5,49.45,50.5,3525,0,8600.0,CE
2015-08-21 14:28:00,50.5,50.5,49.55,50.05,18725,0,8600.0,CE
2015-08-21 14:29:00,50.05,50.6,49.9,50.6,6600,0,8600.0,CE
2015-08-21 14:30:00,50.05,50.75,50.05,50.7,1200,0,8600.0,CE
2015-08-21 14:31:00,50.9,50.9,49.95,49.95,425,0,8600.0,CE
2015-08-21 14:32:00,50.0,50.3,49.9,49.9,850,0,8600.0,CE
2015-08-21 14:33:00,49.85,50.55,49.8,50.3,1325,0,8600.0,CE
2015-08-21 14:34:00,50.1,50.15,50.0,50.15,1850,0,8600.0,CE
2015-08-21 14:35:00,50.45,50.45,50.15,50.4,975,0,8600.0,CE
2015-08-21 14:36:00,50.2,52.0,50.15,52.0,7725,0,8600.0,CE
2015-08-21 14:37:00,52.45,52.45,51.1,51.4,9250,0,8600.0,CE
2015-08-21 14:38:00,51.2,52.6,50.15,52.2,8900,0,8600.0,CE
2015-08-21 14:39:00,52.35,52.65,50.85,50.85,5350,0,8600.0,CE
2015-08-21 14:40:00,51.05,51.85,51.05,51.25,7125,0,8600.0,CE
2015-08-21 14:41:00,51.25,52.25,51.25,51.55,6075,0,8600.0,CE
2015-08-21 14:42:00,51.45,52.4,51.0,51.8,5400,0,8600.0,CE
2015-08-21 14:43:00,51.85,53.25,51.6,53.15,18250,0,8600.0,CE
2015-08-21 14:44:00,53.05,54.0,53.0,53.6,22600,0,8600.0,CE
2015-08-21 14:45:00,53.35,53.35,52.5,53.0,7800,0,8600.0,CE
2015-08-21 14:46:00,53.0,53.3,52.5,52.8,11725,0,8600.0,CE
2015-08-21 14:47:00,52.75,52.9,52.2,52.55,13500,0,8600.0,CE
2015-08-21 14:48:00,52.9,53.3,52.25,52.25,2575,0,8600.0,CE
2015-08-21 14:49:00,52.0,52.0,51.25,51.85,1825,0,8600.0,CE
2015-08-21 14:50:00,51.85,54.85,51.85,54.85,14725,0,8600.0,CE
2015-08-21 14:51:00,54.8,54.85,53.8,54.6,9350,0,8600.0,CE
2015-08-21 14:52:00,54.55,55.0,53.95,54.3,21825,0,8600.0,CE
2015-08-21 14:53:00,54.3,56.8,53.15,56.8,25000,0,8600.0,CE
2015-08-21 14:54:00,56.0,57.25,56.0,56.05,20225,0,8600.0,CE
2015-08-21 14:55:00,55.6,55.9,54.85,55.3,7275,0,8600.0,CE
2015-08-21 14:56:00,55.35,56.85,55.1,56.75,5375,0,8600.0,CE
2015-08-21 14:57:00,56.75,59.1,56.6,58.15,22475,0,8600.0,CE
2015-08-21 14:58:00,58.25,60.55,58.05,60.5,13400,0,8600.0,CE
2015-08-21 14:59:00,60.75,61.95,60.25,61.3,19425,0,8600.0,CE
2015-08-21 15:00:00,61.05,61.05,58.8,58.85,6425,0,8600.0,CE
2015-08-21 15:01:00,58.7,58.7,57.4,58.35,5125,0,8600.0,CE
2015-08-21 15:02:00,58.55,61.8,58.5,61.8,22300,0,8600.0,CE
2015-08-21 15:03:00,61.7,61.8,59.8,60.7,37500,0,8600.0,CE
2015-08-21 15:04:00,60.95,61.65,60.8,61.65,20275,0,8600.0,CE
2015-08-21 15:05:00,61.45,61.45,59.85,59.85,8700,0,8600.0,CE
2015-08-21 15:06:00,59.0,59.35,57.95,58.65,38150,0,8600.0,CE
2015-08-21 15:07:00,58.15,59.3,57.85,58.9,5125,0,8600.0,CE
2015-08-21 15:08:00,59.05,59.35,58.5,59.15,7925,0,8600.0,CE
2015-08-21 15:09:00,59.5,59.6,58.45,59.6,4250,0,8600.0,CE
2015-08-21 15:10:00,59.9,61.45,59.9,61.1,20475,0,8600.0,CE
2015-08-21 15:11:00,60.95,62.55,60.95,62.55,12175,0,8600.0,CE
2015-08-21 15:12:00,62.05,62.6,61.15,61.4,10450,0,8600.0,CE
2015-08-21 15:13:00,61.4,61.65,60.15,60.9,6750,0,8600.0,CE
2015-08-21 15:14:00,61.0,61.65,60.7,61.65,3800,0,8600.0,CE
2015-08-21 15:15:00,61.3,61.5,60.0,60.0,6750,0,8600.0,CE
2015-08-21 15:16:00,60.35,61.25,60.15,61.0,8900,0,8600.0,CE
2015-08-21 15:17:00,60.75,61.2,59.7,59.8,9300,0,8600.0,CE
2015-08-21 15:18:00,59.95,60.0,59.1,60.0,4200,0,8600.0,CE
2015-08-21 15:19:00,60.25,60.5,59.7,59.7,2900,0,8600.0,CE
2015-08-21 15:20:00,59.65,59.7,57.85,58.45,9250,0,8600.0,CE
2015-08-21 15:21:00,58.25,58.3,58.0,58.05,7775,0,8600.0,CE
2015-08-21 15:22:00,58.0,58.0,56.45,56.45,4975,0,8600.0,CE
2015-08-21 15:23:00,56.6,56.6,55.45,55.5,5925,0,8600.0,CE
2015-08-21 15:24:00,55.5,55.95,55.25,55.25,6575,0,8600.0,CE
2015-08-21 15:25:00,55.1,55.4,54.7,55.0,8375,0,8600.0,CE
2015-08-21 15:26:00,54.85,56.05,54.85,56.0,8700,0,8600.0,CE
2015-08-21 15:27:00,56.2,56.65,56.0,56.0,23425,0,8600.0,CE
2015-08-21 15:28:00,56.25,56.65,56.0,56.4,7425,0,8600.0,CE
2015-08-21 15:29:00,56.65,57.0,55.1,55.5,15875,0,8600.0,CE
2015-08-24 09:40:00,31.05,34.0,30.0,31.05,19850,0,8600.0,CE
2015-08-24 09:41:00,31.05,31.85,30.05,30.05,28825,0,8600.0,CE
2015-08-24 09:42:00,30.05,30.65,30.0,30.05,27625,0,8600.0,CE
2015-08-24 09:43:00,30.0,31.0,30.0,30.75,15675,0,8600.0,CE
2015-08-24 09:44:00,30.55,30.95,30.05,30.3,16900,0,8600.0,CE
2015-08-24 09:45:00,30.05,30.45,29.95,30.25,11250,0,8600.0,CE
2015-08-24 09:46:00,30.25,30.7,29.8,29.8,22625,0,8600.0,CE
2015-08-24 09:47:00,29.75,30.5,28.95,30.5,29150,0,8600.0,CE
2015-08-24 09:48:00,30.4,34.9,30.0,31.4,26700,0,8600.0,CE
2015-08-24 09:49:00,31.5,32.5,31.0,31.55,16550,0,8600.0,CE
2015-08-24 09:50:00,31.5,32.0,31.0,31.2,11100,0,8600.0,CE
2015-08-24 09:51:00,31.3,31.5,30.1,30.2,78175,0,8600.0,CE
2015-08-24 09:52:00,30.7,30.95,30.0,30.05,21875,0,8600.0,CE
2015-08-24 09:53:00,29.95,30.9,29.75,30.45,21300,0,8600.0,CE
2015-08-24 09:54:00,30.3,31.0,30.25,30.9,17175,0,8600.0,CE
2015-08-24 09:55:00,30.65,31.0,30.0,30.05,11400,0,8600.0,CE
2015-08-24 09:56:00,30.05,30.3,29.45,30.1,12025,0,8600.0,CE
2015-08-24 09:57:00,29.9,30.15,29.55,29.55,7575,0,8600.0,CE
2015-08-24 09:58:00,29.45,29.8,29.15,29.6,13625,0,8600.0,CE
2015-08-24 09:59:00,29.35,29.55,28.95,28.95,7050,0,8600.0,CE
2015-08-24 10:00:00,28.8,29.05,28.3,28.3,6025,0,8600.0,CE
2015-08-24 10:01:00,28.85,28.95,28.45,28.6,8225,0,8600.0,CE
2015-08-24 10:02:00,28.65,29.3,28.35,28.75,12350,0,8600.0,CE
2015-08-24 10:03:00,29.0,29.4,28.5,28.9,30575,0,8600.0,CE
2015-08-24 10:04:00,28.9,30.65,28.85,30.6,42225,0,8600.0,CE
2015-08-24 10:05:00,30.7,31.1,30.3,30.85,11000,0,8600.0,CE
2015-08-24 10:06:00,31.0,31.0,30.15,30.45,5300,0,8600.0,CE
2015-08-24 10:07:00,30.85,31.15,30.55,30.75,14950,0,8600.0,CE
2015-08-24 10:08:00,30.75,30.75,30.15,30.4,15500,0,8600.0,CE
2015-08-24 10:09:00,30.5,30.5,30.0,30.0,12275,0,8600.0,CE
2015-08-24 10:10:00,29.4,29.75,29.1,29.1,8850,0,8600.0,CE
2015-08-24 10:11:00,29.0,29.4,29.0,29.4,10600,0,8600.0,CE
2015-08-24 10:12:00,29.4,29.8,28.5,28.95,5800,0,8600.0,CE
2015-08-24 10:13:00,28.65,28.8,28.15,28.5,8050,0,8600.0,CE
2015-08-24 10:14:00,28.5,28.5,28.0,28.35,15700,0,8600.0,CE
2015-08-24 10:15:00,28.35,28.35,27.7,28.15,9150,0,8600.0,CE
2015-08-24 10:16:00,28.05,28.8,27.85,28.5,17325,0,8600.0,CE
2015-08-24 10:17:00,28.5,28.9,28.1,28.7,4525,0,8600.0,CE
2015-08-24 10:18:00,28.65,28.85,28.2,28.4,7600,0,8600.0,CE
2015-08-24 10:19:00,28.3,28.55,26.95,27.95,42850,0,8600.0,CE
2015-08-24 10:20:00,28.4,28.9,27.95,28.35,4725,0,8600.0,CE
2015-08-24 10:21:00,28.7,28.8,28.5,28.75,2300,0,8600.0,CE
2015-08-24 10:22:00,28.9,29.2,28.65,29.15,5375,0,8600.0,CE
2015-08-24 10:23:00,28.9,28.95,28.1,28.35,3875,0,8600.0,CE
2015-08-24 10:24:00,28.3,28.95,28.1,28.7,4325,0,8600.0,CE
2015-08-24 10:25:00,28.6,28.8,28.3,28.6,7000,0,8600.0,CE
2015-08-24 10:26:00,28.3,28.7,27.5,27.6,22325,0,8600.0,CE
2015-08-24 10:27:00,27.7,27.8,26.85,27.45,9175,0,8600.0,CE
2015-08-24 10:28:00,27.45,28.0,26.9,27.75,8400,0,8600.0,CE
2015-08-24 10:29:00,27.6,27.85,27.35,27.35,7650,0,8600.0,CE
2015-08-24 10:30:00,27.35,27.65,26.95,27.25,10225,0,8600.0,CE
2015-08-24 10:31:00,27.05,27.6,26.6,27.3,8400,0,8600.0,CE
2015-08-24 10:32:00,27.4,27.9,27.1,27.1,14825,0,8600.0,CE
2015-08-24 10:33:00,27.05,27.65,27.05,27.65,7900,0,8600.0,CE
2015-08-24 10:34:00,27.7,28.2,27.2,28.2,9725,0,8600.0,CE
2015-08-24 10:35:00,28.45,28.75,27.95,28.05,13050,0,8600.0,CE
2015-08-24 10:36:00,27.95,28.75,27.85,28.65,5300,0,8600.0,CE
2015-08-24 10:37:00,28.7,28.85,28.45,28.55,3450,0,8600.0,CE
2015-08-24 10:38:00,28.8,28.85,28.55,28.7,6975,0,8600.0,CE
2015-08-24 10:39:00,28.65,29.1,28.65,28.95,14600,0,8600.0,CE
2015-08-24 10:40:00,28.95,29.25,28.8,28.8,3000,0,8600.0,CE
2015-08-24 10:41:00,29.15,29.25,28.65,29.05,10200,0,8600.0,CE
2015-08-24 10:42:00,29.05,29.05,27.9,28.55,11775,0,8600.0,CE
2015-08-24 10:43:00,28.5,28.5,27.8,27.9,5350,0,8600.0,CE
2015-08-24 10:44:00,27.9,28.55,27.8,28.15,4100,0,8600.0,CE
2015-08-24 10:45:00,28.0,28.0,26.7,26.7,12400,0,8600.0,CE
2015-08-24 10:46:00,26.95,26.95,25.9,26.15,7175,0,8600.0,CE
2015-08-24 10:47:00,25.8,26.4,25.65,26.3,4500,0,8600.0,CE
2015-08-24 10:48:00,26.5,27.45,26.5,26.85,7275,0,8600.0,CE
2015-08-24 10:49:00,26.9,27.7,26.9,27.55,6325,0,8600.0,CE
2015-08-24 10:50:00,27.4,27.8,27.25,27.8,19375,0,8600.0,CE
2015-08-24 10:51:00,27.95,28.75,27.7,28.7,8625,0,8600.0,CE
2015-08-24 10:52:00,28.55,30.0,28.35,30.0,8675,0,8600.0,CE
2015-08-24 10:53:00,30.15,30.6,29.45,29.9,9775,0,8600.0,CE
2015-08-24 10:54:00,29.65,29.65,28.05,29.45,10325,0,8600.0,CE
2015-08-24 10:55:00,29.55,30.45,29.55,30.3,8750,0,8600.0,CE
2015-08-24 10:56:00,30.25,31.35,30.25,30.8,8950,0,8600.0,CE
2015-08-24 10:57:00,31.15,31.85,30.8,30.8,30825,0,8600.0,CE
2015-08-24 10:58:00,30.55,30.85,29.9,30.3,10800,0,8600.0,CE
2015-08-24 10:59:00,29.85,30.45,29.55,29.65,14475,0,8600.0,CE
2015-08-24 11:00:00,29.4,30.4,29.0,30.05,8350,0,8600.0,CE
2015-08-24 11:01:00,30.3,30.55,29.25,29.55,26500,0,8600.0,CE
2015-08-24 11:02:00,29.5,30.45,29.5,30.15,12375,0,8600.0,CE
2015-08-24 11:03:00,30.4,31.65,30.4,31.4,19050,0,8600.0,CE
2015-08-24 11:04:00,31.45,32.4,30.15,30.6,21650,0,8600.0,CE
2015-08-24 11:05:00,30.9,31.4,28.6,28.65,26175,0,8600.0,CE
2015-08-24 11:06:00,28.6,30.15,28.6,29.5,9700,0,8600.0,CE
2015-08-24 11:07:00,29.5,30.0,28.5,28.55,19475,0,8600.0,CE
2015-08-24 11:08:00,28.5,29.4,28.5,28.9,6100,0,8600.0,CE
2015-08-24 11:09:00,29.0,31.25,28.85,31.15,11975,0,8600.0,CE
2015-08-24 11:10:00,31.1,31.4,30.7,31.1,7675,0,8600.0,CE
2015-08-24 11:11:00,31.4,31.6,30.95,31.6,7575,0,8600.0,CE
2015-08-24 11:12:00,31.8,32.0,30.9,31.15,28000,0,8600.0,CE
2015-08-24 11:13:00,31.3,31.8,29.65,30.75,14225,0,8600.0,CE
2015-08-24 11:14:00,30.85,31.0,29.9,30.15,4900,0,8600.0,CE
2015-08-24 11:15:00,30.0,30.5,29.5,29.75,10450,0,8600.0,CE
2015-08-24 11:16:00,29.9,30.25,29.1,29.45,24675,0,8600.0,CE
2015-08-24 11:17:00,29.35,29.4,28.9,28.9,6450,0,8600.0,CE
2015-08-24 11:18:00,28.9,29.05,28.6,28.7,3600,0,8600.0,CE
2015-08-24 11:19:00,28.9,30.45,28.55,30.45,8675,0,8600.0,CE
2015-08-24 11:20:00,30.7,31.05,29.4,30.0,10175,0,8600.0,CE
2015-08-24 11:21:00,29.85,30.35,29.65,30.35,4725,0,8600.0,CE
2015-08-24 11:22:00,30.3,30.65,29.35,30.2,4525,0,8600.0,CE
2015-08-24 11:23:00,30.5,30.8,29.9,30.3,4050,0,8600.0,CE
2015-08-24 11:24:00,30.5,30.65,30.2,30.65,2600,0,8600.0,CE
2015-08-24 11:25:00,30.7,30.8,30.05,30.8,6175,0,8600.0,CE
2015-08-24 11:26:00,30.1,31.0,30.1,30.85,3575,0,8600.0,CE
2015-08-24 11:27:00,30.85,30.9,30.45,30.6,2200,0,8600.0,CE
2015-08-24 11:28:00,29.95,30.6,29.9,30.2,1975,0,8600.0,CE
2015-08-24 11:29:00,30.45,30.45,29.4,29.6,9725,0,8600.0,CE
2015-08-24 11:30:00,29.65,30.5,29.6,30.0,10650,0,8600.0,CE
2015-08-24 11:31:00,29.85,29.95,29.35,29.6,11675,0,8600.0,CE
2015-08-24 11:32:00,29.75,30.3,29.6,29.95,3225,0,8600.0,CE
2015-08-24 11:33:00,29.8,29.8,29.0,29.35,9775,0,8600.0,CE
2015-08-24 11:34:00,29.0,30.05,29.0,29.85,9400,0,8600.0,CE
2015-08-24 11:35:00,29.8,30.5,29.65,30.3,6625,0,8600.0,CE
2015-08-24 11:36:00,30.35,30.45,29.95,30.1,9375,0,8600.0,CE
2015-08-24 11:37:00,30.2,31.2,30.2,31.15,5700,0,8600.0,CE
2015-08-24 11:38:00,30.85,30.95,30.55,30.65,4800,0,8600.0,CE
2015-08-24 11:39:00,30.6,31.05,30.5,31.0,5750,0,8600.0,CE
2015-08-24 11:40:00,31.1,31.25,30.65,30.95,18725,0,8600.0,CE
2015-08-24 11:41:00,30.95,31.1,30.6,30.6,10700,0,8600.0,CE
2015-08-24 11:42:00,30.6,30.9,29.85,30.25,8400,0,8600.0,CE
2015-08-24 11:43:00,30.2,30.4,29.5,29.65,8650,0,8600.0,CE
2015-08-24 11:44:00,30.05,30.35,29.9,30.0,9475,0,8600.0,CE
2015-08-24 11:45:00,30.05,30.05,29.6,29.6,800,0,8600.0,CE
2015-08-24 11:46:00,29.6,29.85,29.4,29.85,4225,0,8600.0,CE
2015-08-24 11:47:00,30.0,30.1,29.6,30.05,4075,0,8600.0,CE
2015-08-24 11:48:00,30.05,30.2,29.6,29.6,1775,0,8600.0,CE
2015-08-24 11:49:00,29.65,30.05,29.6,29.9,1350,0,8600.0,CE
2015-08-24 11:50:00,29.9,29.9,29.6,29.6,7475,0,8600.0,CE
2015-08-24 11:51:00,29.6,29.65,29.2,29.4,12825,0,8600.0,CE
2015-08-24 11:52:00,29.45,29.45,29.1,29.1,4425,0,8600.0,CE
2015-08-24 11:53:00,29.3,29.5,29.0,29.15,2375,0,8600.0,CE
2015-08-24 11:54:00,29.0,29.25,29.0,29.05,2575,0,8600.0,CE
2015-08-24 11:55:00,29.15,29.2,29.0,29.2,4250,0,8600.0,CE
2015-08-24 11:56:00,29.05,29.25,28.45,28.55,8000,0,8600.0,CE
2015-08-24 11:57:00,28.45,29.05,28.1,28.75,8450,0,8600.0,CE
2015-08-24 11:58:00,28.85,29.5,28.85,29.2,4325,0,8600.0,CE
2015-08-24 11:59:00,29.5,30.1,29.35,30.05,4375,0,8600.0,CE
2015-08-24 12:00:00,30.3,30.3,29.75,29.75,2375,0,8600.0,CE
2015-08-24 12:01:00,30.0,30.0,29.55,29.65,2625,0,8600.0,CE
2015-08-24 12:02:00,29.6,30.0,29.55,30.0,2775,0,8600.0,CE
2015-08-24 12:03:00,29.8,29.95,29.75,29.75,775,0,8600.0,CE
2015-08-24 12:04:00,29.75,30.25,28.95,30.05,8050,0,8600.0,CE
2015-08-24 12:05:00,30.0,30.2,29.45,29.95,4225,0,8600.0,CE
2015-08-24 12:06:00,30.0,30.15,28.3,28.3,9975,0,8600.0,CE
2015-08-24 12:07:00,28.55,29.15,28.25,28.7,4900,0,8600.0,CE
2015-08-24 12:08:00,28.7,29.3,28.7,29.3,3975,0,8600.0,CE
2015-08-24 12:09:00,29.2,29.2,28.8,29.05,875,0,8600.0,CE
2015-08-24 12:10:00,28.9,29.3,28.9,29.0,1850,0,8600.0,CE
2015-08-24 12:11:00,29.15,29.3,28.9,29.1,3500,0,8600.0,CE
2015-08-24 12:12:00,28.8,29.2,28.5,29.0,3100,0,8600.0,CE
2015-08-24 12:13:00,29.05,29.6,29.0,29.0,2525,0,8600.0,CE
2015-08-24 12:14:00,29.15,29.35,29.0,29.35,2600,0,8600.0,CE
2015-08-24 12:15:00,29.5,29.85,29.25,29.7,2125,0,8600.0,CE
2015-08-24 12:16:00,29.55,29.9,29.4,29.75,2000,0,8600.0,CE
2015-08-24 12:17:00,29.75,29.8,29.1,29.1,1300,0,8600.0,CE
2015-08-24 12:18:00,29.2,29.2,28.6,28.65,4050,0,8600.0,CE
2015-08-24 12:19:00,28.7,29.1,28.1,28.3,8875,0,8600.0,CE
2015-08-24 12:20:00,28.2,28.9,28.2,28.9,3925,0,8600.0,CE
2015-08-24 12:21:00,28.65,29.2,28.65,29.1,2825,0,8600.0,CE
2015-08-24 12:22:00,28.95,29.7,28.95,29.65,5225,0,8600.0,CE
2015-08-24 12:23:00,29.7,30.5,29.35,30.35,12775,0,8600.0,CE
2015-08-24 12:24:00,30.2,30.4,29.95,30.35,3150,0,8600.0,CE
2015-08-24 12:25:00,30.4,30.4,29.95,29.95,1775,0,8600.0,CE
2015-08-24 12:26:00,30.0,30.25,29.9,29.95,1275,0,8600.0,CE
2015-08-24 12:27:00,30.05,30.05,30.0,30.0,600,0,8600.0,CE
2015-08-24 12:28:00,29.7,30.05,29.7,29.95,1050,0,8600.0,CE
2015-08-24 12:29:00,29.85,30.6,29.85,30.1,6825,0,8600.0,CE
2015-08-24 12:30:00,30.2,30.5,30.15,30.25,3625,0,8600.0,CE
2015-08-24 12:31:00,30.4,30.5,29.8,30.05,2725,0,8600.0,CE
2015-08-24 12:32:00,30.05,30.7,29.55,30.7,6375,0,8600.0,CE
2015-08-24 12:33:00,30.6,31.0,29.4,29.4,13075,0,8600.0,CE
2015-08-24 12:34:00,29.95,30.5,29.85,30.5,3050,0,8600.0,CE
2015-08-24 12:35:00,30.05,30.2,29.5,30.0,7075,0,8600.0,CE
2015-08-24 12:36:00,30.15,30.35,30.05,30.05,1650,0,8600.0,CE
2015-08-24 12:37:00,30.0,30.5,29.4,30.15,30500,0,8600.0,CE
2015-08-24 12:38:00,30.5,30.55,29.7,30.0,8650,0,8600.0,CE
2015-08-24 12:39:00,30.0,30.05,29.75,29.8,2425,0,8600.0,CE
2015-08-24 12:40:00,29.85,30.2,29.7,29.9,6025,0,8600.0,CE
2015-08-24 12:41:00,29.95,30.05,29.7,30.05,3875,0,8600.0,CE
2015-08-24 12:42:00,29.7,30.0,29.5,29.95,9325,0,8600.0,CE
2015-08-24 12:43:00,30.0,30.0,29.2,29.2,3475,0,8600.0,CE
2015-08-24 12:44:00,29.3,29.45,29.1,29.35,1700,0,8600.0,CE
2015-08-24 12:45:00,29.35,29.4,29.2,29.2,300,0,8600.0,CE
2015-08-24 12:46:00,29.25,29.25,28.5,28.7,2850,0,8600.0,CE
2015-08-24 12:47:00,28.95,29.3,28.75,29.0,1725,0,8600.0,CE
2015-08-24 12:48:00,28.95,29.15,28.5,28.85,1775,0,8600.0,CE
2015-08-24 12:49:00,28.95,29.3,28.75,29.3,1625,0,8600.0,CE
2015-08-24 12:50:00,28.95,29.0,28.55,28.85,1050,0,8600.0,CE
2015-08-24 12:51:00,28.7,29.05,28.25,28.35,6475,0,8600.0,CE
2015-08-24 12:52:00,28.6,29.15,28.3,28.3,2450,0,8600.0,CE
2015-08-24 12:53:00,28.75,29.55,28.75,29.35,2275,0,8600.0,CE
2015-08-24 12:54:00,29.25,29.55,28.8,29.35,3725,0,8600.0,CE
2015-08-24 12:55:00,29.2,29.2,28.05,28.35,5950,0,8600.0,CE
2015-08-24 12:56:00,28.6,28.8,28.0,28.3,4525,0,8600.0,CE
2015-08-24 12:57:00,28.1,29.05,28.0,28.75,7125,0,8600.0,CE
2015-08-24 12:58:00,28.9,28.9,27.6,27.75,4000,0,8600.0,CE
2015-08-24 12:59:00,27.35,28.05,27.35,27.4,4375,0,8600.0,CE
2015-08-24 13:00:00,27.3,27.85,27.3,27.6,775,0,8600.0,CE
2015-08-24 13:01:00,27.8,28.2,27.8,28.2,1450,0,8600.0,CE
2015-08-24 13:02:00,27.7,28.25,27.7,28.05,4525,0,8600.0,CE
2015-08-24 13:03:00,27.85,28.55,27.8,28.25,9475,0,8600.0,CE
2015-08-24 13:04:00,28.25,28.9,28.1,28.9,8600,0,8600.0,CE
2015-08-24 13:05:00,28.6,28.95,28.55,28.7,925,0,8600.0,CE
2015-08-24 13:06:00,28.8,29.4,28.8,29.2,6575,0,8600.0,CE
2015-08-24 13:07:00,29.15,29.45,29.0,29.0,2175,0,8600.0,CE
2015-08-24 13:08:00,28.7,28.85,25.5,28.85,15750,0,8600.0,CE
2015-08-24 13:09:00,28.7,29.0,27.9,28.5,3825,0,8600.0,CE
2015-08-24 13:10:00,28.75,29.25,28.6,29.0,3075,0,8600.0,CE
2015-08-24 13:11:00,29.25,30.0,29.0,29.3,6100,0,8600.0,CE
2015-08-24 13:12:00,29.3,29.85,28.3,28.3,4800,0,8600.0,CE
2015-08-24 13:13:00,28.15,28.3,27.85,28.25,4850,0,8600.0,CE
2015-08-24 13:14:00,28.15,28.15,27.7,28.0,14275,0,8600.0,CE
2015-08-24 13:15:00,27.9,29.15,27.8,29.0,2800,0,8600.0,CE
2015-08-24 13:16:00,28.6,29.6,28.6,29.1,5125,0,8600.0,CE
2015-08-24 13:17:00,29.25,29.7,28.85,29.4,4100,0,8600.0,CE
2015-08-24 13:18:00,29.7,30.35,29.65,30.3,12375,0,8600.0,CE
2015-08-24 13:19:00,30.4,30.7,29.55,29.8,4775,0,8600.0,CE
2015-08-24 13:20:00,29.95,30.15,29.85,30.05,4075,0,8600.0,CE
2015-08-24 13:21:00,30.3,30.95,30.3,30.5,2525,0,8600.0,CE
2015-08-24 13:22:00,30.5,30.5,29.05,29.25,11475,0,8600.0,CE
2015-08-24 13:23:00,29.25,29.3,28.55,28.7,3525,0,8600.0,CE
2015-08-24 13:24:00,28.75,29.0,28.5,28.9,2125,0,8600.0,CE
2015-08-24 13:25:00,28.75,29.55,28.75,29.05,3325,0,8600.0,CE
2015-08-24 13:26:00,29.5,29.5,28.85,28.85,1725,0,8600.0,CE
2015-08-24 13:27:00,28.8,29.15,28.8,28.8,4025,0,8600.0,CE
2015-08-24 13:28:00,29.0,29.15,28.8,28.8,4850,0,8600.0,CE
2015-08-24 13:29:00,29.1,29.75,28.8,29.5,1650,0,8600.0,CE
2015-08-24 13:30:00,29.7,30.0,29.45,30.0,1300,0,8600.0,CE
2015-08-24 13:31:00,30.05,30.2,29.4,29.4,3575,0,8600.0,CE
2015-08-24 13:32:00,29.5,29.7,29.05,29.35,4450,0,8600.0,CE
2015-08-24 13:33:00,29.25,29.6,29.25,29.6,125,0,8600.0,CE
2015-08-24 13:34:00,29.25,29.9,29.25,29.9,575,0,8600.0,CE
2015-08-24 13:35:00,29.45,29.95,29.35,29.4,1925,0,8600.0,CE
2015-08-24 13:36:00,29.6,29.75,29.3,29.4,1475,0,8600.0,CE
2015-08-24 13:37:00,29.5,30.0,29.5,29.7,4650,0,8600.0,CE
2015-08-24 13:38:00,29.45,30.05,29.4,29.9,3125,0,8600.0,CE
2015-08-24 13:39:00,29.9,30.0,29.4,29.65,7550,0,8600.0,CE
2015-08-24 13:40:00,29.55,29.55,29.25,29.35,775,0,8600.0,CE
2015-08-24 13:41:00,29.3,29.7,28.8,28.8,6650,0,8600.0,CE
2015-08-24 13:42:00,28.9,29.15,28.55,29.15,2375,0,8600.0,CE
2015-08-24 13:43:00,29.55,29.55,29.05,29.1,2200,0,8600.0,CE
2015-08-24 13:44:00,29.1,29.7,29.0,29.2,6075,0,8600.0,CE
2015-08-24 13:45:00,29.0,29.35,28.75,29.0,3600,0,8600.0,CE
2015-08-24 13:46:00,28.65,29.0,28.6,28.7,2500,0,8600.0,CE
2015-08-24 13:47:00,28.7,29.0,28.55,29.0,1825,0,8600.0,CE
2015-08-24 13:48:00,28.5,29.0,28.25,28.55,10350,0,8600.0,CE
2015-08-24 13:49:00,28.5,28.55,27.4,28.1,8825,0,8600.0,CE
2015-08-24 13:50:00,27.9,28.85,27.9,28.85,6700,0,8600.0,CE
2015-08-24 13:51:00,29.1,29.1,28.55,28.55,3175,0,8600.0,CE
2015-08-24 13:52:00,28.65,28.85,27.8,27.95,1375,0,8600.0,CE
2015-08-24 13:53:00,27.85,28.05,27.35,27.35,3050,0,8600.0,CE
2015-08-24 13:54:00,27.8,28.45,27.7,27.85,3750,0,8600.0,CE
2015-08-24 13:55:00,27.65,28.5,27.15,28.35,3650,0,8600.0,CE
2015-08-24 13:56:00,28.35,28.65,28.0,28.05,2575,0,8600.0,CE
2015-08-24 13:57:00,28.0,28.6,27.6,27.75,5725,0,8600.0,CE
2015-08-24 13:58:00,28.1,28.9,28.1,28.7,1550,0,8600.0,CE
2015-08-24 13:59:00,28.65,28.9,28.55,28.75,1850,0,8600.0,CE
2015-08-24 14:00:00,28.75,29.0,28.2,28.2,1100,0,8600.0,CE
2015-08-24 14:01:00,28.45,28.5,28.05,28.3,1450,0,8600.0,CE
2015-08-24 14:02:00,28.15,28.4,27.45,28.25,8575,0,8600.0,CE
2015-08-24 14:03:00,28.05,28.7,28.05,28.5,2625,0,8600.0,CE
2015-08-24 14:04:00,28.6,29.05,28.35,28.7,2400,0,8600.0,CE
2015-08-24 14:05:00,28.95,28.95,28.15,28.8,6025,0,8600.0,CE
2015-08-24 14:06:00,28.4,28.65,28.0,28.0,3200,0,8600.0,CE
2015-08-24 14:07:00,28.05,28.2,27.75,28.05,1700,0,8600.0,CE
2015-08-24 14:08:00,28.25,28.25,27.7,27.9,1275,0,8600.0,CE
2015-08-24 14:09:00,28.2,28.2,27.8,28.1,675,0,8600.0,CE
2015-08-24 14:10:00,28.0,28.3,27.75,27.75,1475,0,8600.0,CE
2015-08-24 14:11:00,27.6,29.0,26.45,26.9,23025,0,8600.0,CE
2015-08-24 14:12:00,27.1,27.6,26.15,27.1,29200,0,8600.0,CE
2015-08-24 14:13:00,27.05,27.85,26.0,26.15,18175,0,8600.0,CE
2015-08-24 14:14:00,26.4,27.0,25.75,26.0,10975,0,8600.0,CE
2015-08-24 14:15:00,25.5,26.7,25.25,25.6,21825,0,8600.0,CE
2015-08-24 14:16:00,26.0,28.4,25.05,26.8,25250,0,8600.0,CE
2015-08-24 14:17:00,27.05,28.15,26.55,27.7,13625,0,8600.0,CE
2015-08-24 14:18:00,27.35,28.4,25.1,25.65,18925,0,8600.0,CE
2015-08-24 14:19:00,25.95,28.7,25.75,28.45,15925,0,8600.0,CE
2015-08-24 14:20:00,27.7,28.5,27.05,27.05,8800,0,8600.0,CE
2015-08-24 14:21:00,28.05,28.6,27.35,27.35,4650,0,8600.0,CE
2015-08-24 14:22:00,28.35,29.0,27.55,28.75,5600,0,8600.0,CE
2015-08-24 14:23:00,28.75,29.3,28.3,28.95,4000,0,8600.0,CE
2015-08-24 14:24:00,28.8,29.2,28.05,28.6,3975,0,8600.0,CE
2015-08-24 14:25:00,29.75,29.75,27.65,28.45,4500,0,8600.0,CE
2015-08-24 14:26:00,28.45,28.5,27.6,27.6,3100,0,8600.0,CE
2015-08-24 14:27:00,27.4,28.0,27.35,27.7,3575,0,8600.0,CE
2015-08-24 14:28:00,27.95,27.95,26.65,27.0,9850,0,8600.0,CE
2015-08-24 14:29:00,27.0,27.8,26.75,27.2,2325,0,8600.0,CE
2015-08-24 14:30:00,27.0,28.45,26.35,28.2,12325,0,8600.0,CE
2015-08-24 14:31:00,28.35,28.45,28.0,28.45,1300,0,8600.0,CE
2015-08-24 14:32:00,28.15,28.45,28.0,28.35,4250,0,8600.0,CE
2015-08-24 14:33:00,28.5,29.5,28.1,29.2,11925,0,8600.0,CE
2015-08-24 14:34:00,29.25,29.9,28.95,29.9,5875,0,8600.0,CE
2015-08-24 14:35:00,29.3,29.75,28.9,29.4,16425,0,8600.0,CE
2015-08-24 14:36:00,29.55,29.7,29.0,29.3,6825,0,8600.0,CE
2015-08-24 14:37:00,29.45,29.7,29.0,29.35,8500,0,8600.0,CE
2015-08-24 14:38:00,29.35,29.65,29.05,29.45,6725,0,8600.0,CE
2015-08-24 14:39:00,29.55,29.55,28.7,28.85,2275,0,8600.0,CE
2015-08-24 14:40:00,28.5,28.75,27.65,27.9,20275,0,8600.0,CE
2015-08-24 14:41:00,28.0,28.0,27.75,27.75,7075,0,8600.0,CE
2015-08-24 14:42:00,28.0,28.8,27.95,28.6,33525,0,8600.0,CE
2015-08-24 14:43:00,28.8,29.35,28.7,29.2,4750,0,8600.0,CE
2015-08-24 14:44:00,29.45,29.65,29.0,29.2,6375,0,8600.0,CE
2015-08-24 14:45:00,29.15,29.65,29.15,29.65,18850,0,8600.0,CE
2015-08-24 14:46:00,29.25,29.25,28.5,28.7,8150,0,8600.0,CE
2015-08-24 14:47:00,28.7,28.9,28.2,28.2,4600,0,8600.0,CE
2015-08-24 14:48:00,28.25,29.0,28.0,28.3,11025,0,8600.0,CE
2015-08-24 14:49:00,28.4,29.0,28.25,29.0,8375,0,8600.0,CE
2015-08-24 14:50:00,29.0,29.3,28.7,29.25,3000,0,8600.0,CE
2015-08-24 14:51:00,28.95,29.25,28.75,29.0,2550,0,8600.0,CE
2015-08-24 14:52:00,28.75,28.95,28.5,28.95,3100,0,8600.0,CE
2015-08-24 14:53:00,28.6,28.85,28.1,28.45,8625,0,8600.0,CE
2015-08-24 14:54:00,28.35,28.55,28.0,28.0,4075,0,8600.0,CE
2015-08-24 14:55:00,28.4,28.5,28.0,28.1,1200,0,8600.0,CE
2015-08-24 14:56:00,28.0,28.6,28.0,28.6,5025,0,8600.0,CE
2015-08-24 14:57:00,28.6,28.65,28.2,28.2,4725,0,8600.0,CE
2015-08-24 14:58:00,28.6,28.6,28.05,28.35,5325,0,8600.0,CE
2015-08-24 14:59:00,28.2,28.5,28.05,28.05,5375,0,8600.0,CE
2015-08-24 15:00:00,28.55,28.6,28.25,28.6,11200,0,8600.0,CE
2015-08-24 15:01:00,28.5,28.8,28.5,28.6,2075,0,8600.0,CE
2015-08-24 15:02:00,28.8,29.0,28.45,28.65,3875,0,8600.0,CE
2015-08-24 15:03:00,28.65,29.05,28.65,28.95,3100,0,8600.0,CE
2015-08-24 15:04:00,28.65,29.0,28.65,28.75,2850,0,8600.0,CE
2015-08-24 15:05:00,28.75,29.1,28.65,28.8,16950,0,8600.0,CE
2015-08-24 15:06:00,28.8,28.95,28.65,28.8,8350,0,8600.0,CE
2015-08-24 15:07:00,28.8,29.0,28.55,28.6,4550,0,8600.0,CE
2015-08-24 15:08:00,28.75,28.85,28.55,28.65,5775,0,8600.0,CE
2015-08-24 15:09:00,28.55,28.8,28.55,28.65,950,0,8600.0,CE
2015-08-24 15:10:00,28.8,28.85,28.5,28.5,10450,0,8600.0,CE
2015-08-24 15:11:00,28.6,28.65,28.35,28.35,3725,0,8600.0,CE
2015-08-24 15:12:00,28.75,28.75,28.2,28.35,2200,0,8600.0,CE
2015-08-24 15:13:00,28.3,28.55,28.2,28.25,5200,0,8600.0,CE
2015-08-24 15:14:00,28.3,28.55,28.1,28.1,11750,0,8600.0,CE
2015-08-24 15:15:00,28.0,28.5,27.5,27.5,6925,0,8600.0,CE
2015-08-24 15:16:00,27.5,27.65,27.0,27.0,3000,0,8600.0,CE
2015-08-24 15:17:00,27.0,27.1,26.65,27.0,9000,0,8600.0,CE
2015-08-24 15:18:00,27.0,27.2,26.65,26.95,3275,0,8600.0,CE
2015-08-24 15:19:00,26.8,27.7,26.75,27.4,5250,0,8600.0,CE
2015-08-24 15:20:00,27.4,27.45,26.7,27.05,4450,0,8600.0,CE
2015-08-24 15:21:00,26.9,27.35,26.05,26.45,10025,0,8600.0,CE
2015-08-24 15:22:00,26.35,26.95,26.35,26.5,1150,0,8600.0,CE
2015-08-24 15:23:00,26.5,26.75,26.15,26.7,1175,0,8600.0,CE
2015-08-24 15:24:00,26.4,27.1,26.4,27.0,5675,0,8600.0,CE
2015-08-24 15:25:00,26.8,27.5,26.75,27.2,5525,0,8600.0,CE
2015-08-24 15:26:00,27.5,27.7,26.75,27.0,4825,0,8600.0,CE
2015-08-24 15:27:00,26.95,27.05,26.5,26.6,2700,0,8600.0,CE
2015-08-24 15:28:00,26.35,27.0,26.25,26.85,6850,0,8600.0,CE
2015-08-24 15:29:00,27.05,29.0,26.5,26.5,21475,0,8600.0,CE
2015-08-25 09:15:00,31.95,35.0,31.95,35.0,2900,0,8600.0,CE
2015-08-25 09:16:00,30.15,34.0,30.15,32.0,11800,0,8600.0,CE
2015-08-25 09:17:00,31.15,33.2,29.35,30.0,6900,0,8600.0,CE
2015-08-25 09:18:00,29.4,33.8,29.15,30.0,20325,0,8600.0,CE
2015-08-25 09:19:00,30.0,31.65,29.05,30.85,10100,0,8600.0,CE
2015-08-25 09:20:00,30.8,31.75,30.55,31.75,3975,0,8600.0,CE
2015-08-25 09:21:00,31.6,33.0,31.5,32.8,9225,0,8600.0,CE
2015-08-25 09:22:00,32.75,33.5,32.75,33.4,13550,0,8600.0,CE
2015-08-25 09:23:00,33.15,33.5,31.45,32.0,15325,0,8600.0,CE
2015-08-25 09:24:00,31.8,32.45,31.0,32.15,5800,0,8600.0,CE
2015-08-25 09:25:00,32.25,33.0,31.75,32.7,9525,0,8600.0,CE
2015-08-25 09:26:00,32.8,33.0,32.0,32.0,6725,0,8600.0,CE
2015-08-25 09:27:00,33.0,33.85,32.95,33.45,12775,0,8600.0,CE
2015-08-25 09:28:00,33.45,33.5,32.05,32.85,6400,0,8600.0,CE
2015-08-25 09:29:00,33.1,33.4,32.15,32.15,2125,0,8600.0,CE
2015-08-25 09:30:00,32.35,32.35,31.6,31.6,2775,0,8600.0,CE
2015-08-25 09:31:00,31.5,32.05,31.4,31.75,1600,0,8600.0,CE
2015-08-25 09:32:00,31.65,32.0,30.6,30.6,28025,0,8600.0,CE
2015-08-25 09:33:00,30.6,31.35,30.35,31.35,9625,0,8600.0,CE
2015-08-25 09:34:00,31.0,31.0,30.1,30.95,8100,0,8600.0,CE
2015-08-25 09:35:00,30.65,32.9,30.65,31.95,6050,0,8600.0,CE
2015-08-25 09:36:00,32.4,33.0,32.4,33.0,22825,0,8600.0,CE
2015-08-25 09:37:00,32.95,32.95,31.05,32.6,3450,0,8600.0,CE
2015-08-25 09:38:00,32.15,32.6,30.25,31.65,19950,0,8600.0,CE
2015-08-25 09:39:00,31.95,32.0,31.0,32.0,2625,0,8600.0,CE
2015-08-25 09:40:00,32.05,33.4,31.05,31.05,29600,0,8600.0,CE
2015-08-25 09:41:00,31.1,33.0,31.1,33.0,10025,0,8600.0,CE
2015-08-25 09:42:00,32.2,33.0,31.1,32.9,7425,0,8600.0,CE
2015-08-25 09:43:00,32.95,33.0,31.9,33.0,32500,0,8600.0,CE
2015-08-25 09:44:00,32.65,33.0,32.05,32.15,12875,0,8600.0,CE
2015-08-25 09:45:00,32.1,32.9,31.7,31.7,2725,0,8600.0,CE
2015-08-25 09:46:00,31.55,32.15,31.1,32.15,9425,0,8600.0,CE
2015-08-25 09:47:00,32.05,32.5,31.8,31.8,3475,0,8600.0,CE
2015-08-25 09:48:00,31.8,32.1,31.0,32.1,10025,0,8600.0,CE
2015-08-25 09:49:00,31.7,32.8,31.55,31.55,6500,0,8600.0,CE
2015-08-25 09:50:00,31.85,33.0,31.5,32.3,4575,0,8600.0,CE
2015-08-25 09:51:00,32.5,32.5,31.5,31.5,3550,0,8600.0,CE
2015-08-25 09:52:00,31.5,31.5,31.1,31.5,7050,0,8600.0,CE
2015-08-25 09:53:00,31.75,32.1,31.3,31.95,1800,0,8600.0,CE
2015-08-25 09:54:00,31.4,31.75,31.4,31.75,600,0,8600.0,CE
2015-08-25 09:55:00,32.05,32.2,31.25,31.9,1450,0,8600.0,CE
2015-08-25 09:56:00,31.9,31.95,31.6,31.7,4100,0,8600.0,CE
2015-08-25 09:57:00,31.7,31.7,31.25,31.65,6625,0,8600.0,CE
2015-08-25 09:58:00,31.65,31.65,31.6,31.65,14475,0,8600.0,CE
2015-08-25 09:59:00,31.8,32.05,31.55,31.75,1750,0,8600.0,CE
2015-08-25 10:00:00,31.6,32.0,31.35,31.4,1050,0,8600.0,CE
2015-08-25 10:01:00,31.6,32.05,31.6,31.8,1825,0,8600.0,CE
2015-08-25 10:02:00,31.8,32.3,31.5,31.6,16975,0,8600.0,CE
2015-08-25 10:03:00,31.5,31.75,31.05,31.65,5225,0,8600.0,CE
2015-08-25 10:04:00,31.25,31.55,31.0,31.4,14600,0,8600.0,CE
2015-08-25 10:05:00,31.45,31.8,31.25,31.75,2750,0,8600.0,CE
2015-08-25 10:06:00,31.4,31.5,31.0,31.0,4125,0,8600.0,CE
2015-08-25 10:07:00,31.0,31.2,30.9,31.0,5125,0,8600.0,CE
2015-08-25 10:08:00,31.0,31.0,30.9,30.9,9200,0,8600.0,CE
2015-08-25 10:09:00,30.85,31.0,30.6,30.6,12900,0,8600.0,CE
2015-08-25 10:10:00,30.6,30.8,30.5,30.65,3450,0,8600.0,CE
2015-08-25 10:11:00,30.5,30.7,30.4,30.4,6225,0,8600.0,CE
2015-08-25 10:12:00,30.4,30.65,30.25,30.25,5250,0,8600.0,CE
2015-08-25 10:13:00,30.25,30.25,29.1,29.2,6600,0,8600.0,CE
2015-08-25 10:14:00,29.65,29.9,29.1,29.9,1225,0,8600.0,CE
2015-08-25 10:15:00,29.6,30.0,29.1,29.25,1750,0,8600.0,CE
2015-08-25 10:16:00,29.15,29.5,28.9,29.0,4425,0,8600.0,CE
2015-08-25 10:17:00,29.0,29.9,29.0,29.9,725,0,8600.0,CE
2015-08-25 10:18:00,29.9,29.9,29.4,29.55,2000,0,8600.0,CE
2015-08-25 10:19:00,29.45,29.5,29.05,29.5,5625,0,8600.0,CE
2015-08-25 10:20:00,29.5,29.55,29.5,29.5,6325,0,8600.0,CE
2015-08-25 10:21:00,29.1,29.3,29.0,29.05,1350,0,8600.0,CE
2015-08-25 10:22:00,29.25,29.8,29.25,29.8,6150,0,8600.0,CE
2015-08-25 10:23:00,29.8,30.0,29.45,29.85,3925,0,8600.0,CE
2015-08-25 10:24:00,29.8,29.8,29.25,29.3,1575,0,8600.0,CE
2015-08-25 10:25:00,30.05,30.25,30.0,30.25,325,0,8600.0,CE
2015-08-25 10:26:00,30.05,30.35,29.4,29.4,7300,0,8600.0,CE
2015-08-25 10:27:00,29.5,29.65,29.5,29.5,4075,0,8600.0,CE
2015-08-25 10:28:00,29.5,30.15,29.5,30.15,1500,0,8600.0,CE
2015-08-25 10:29:00,29.95,30.4,29.35,29.55,1925,0,8600.0,CE
2015-08-25 10:30:00,29.55,29.55,29.25,29.25,475,0,8600.0,CE
2015-08-25 10:31:00,29.25,30.1,29.1,30.1,1575,0,8600.0,CE
2015-08-25 10:32:00,30.0,30.0,29.9,29.95,450,0,8600.0,CE
2015-08-25 10:33:00,29.95,29.95,29.35,29.35,1200,0,8600.0,CE
2015-08-25 10:34:00,29.45,29.8,29.35,29.65,350,0,8600.0,CE
2015-08-25 10:35:00,29.8,29.8,29.2,29.2,1125,0,8600.0,CE
2015-08-25 10:36:00,29.65,29.65,29.15,29.15,2825,0,8600.0,CE
2015-08-25 10:37:00,29.0,29.45,28.5,29.2,5375,0,8600.0,CE
2015-08-25 10:38:00,29.45,29.45,28.75,28.8,3825,0,8600.0,CE
2015-08-25 10:39:00,28.75,29.6,28.65,29.15,1925,0,8600.0,CE
2015-08-25 10:40:00,29.15,29.15,28.65,28.7,2400,0,8600.0,CE
2015-08-25 10:41:00,28.7,28.7,28.6,28.65,300,0,8600.0,CE
2015-08-25 10:42:00,28.65,28.65,27.95,27.95,8250,0,8600.0,CE
2015-08-25 10:43:00,27.95,28.55,27.8,27.8,7450,0,8600.0,CE
2015-08-25 10:44:00,27.8,28.05,27.8,28.05,1175,0,8600.0,CE
2015-08-25 10:45:00,28.3,28.3,27.5,27.7,2000,0,8600.0,CE
2015-08-25 10:46:00,27.9,28.05,27.4,27.4,2475,0,8600.0,CE
2015-08-25 10:47:00,27.4,28.4,27.4,28.35,475,0,8600.0,CE
2015-08-25 10:48:00,28.35,29.0,28.35,29.0,2875,0,8600.0,CE
2015-08-25 10:49:00,29.0,29.0,27.5,27.95,2750,0,8600.0,CE
2015-08-25 10:50:00,28.4,28.45,28.1,28.1,1350,0,8600.0,CE
2015-08-25 10:51:00,28.45,28.45,27.5,28.4,3575,0,8600.0,CE
2015-08-25 10:52:00,28.15,29.65,28.15,28.95,4350,0,8600.0,CE
2015-08-25 10:53:00,29.15,29.4,28.7,29.25,7625,0,8600.0,CE
2015-08-25 10:54:00,28.9,30.2,28.85,29.65,3125,0,8600.0,CE
2015-08-25 10:55:00,29.8,30.6,29.45,30.2,1750,0,8600.0,CE
2015-08-25 10:56:00,30.4,30.6,29.9,30.05,350,0,8600.0,CE
2015-08-25 10:57:00,30.2,30.2,28.25,28.25,2525,0,8600.0,CE
2015-08-25 10:58:00,28.5,28.5,27.55,27.55,5250,0,8600.0,CE
2015-08-25 10:59:00,27.8,28.0,27.5,28.0,3425,0,8600.0,CE
2015-08-25 11:00:00,28.4,28.75,28.05,28.75,1950,0,8600.0,CE
2015-08-25 11:01:00,28.65,28.8,28.65,28.75,1900,0,8600.0,CE
2015-08-25 11:02:00,28.75,29.3,28.55,29.3,2400,0,8600.0,CE
2015-08-25 11:03:00,29.3,29.3,28.75,28.75,2450,0,8600.0,CE
2015-08-25 11:04:00,28.5,29.2,28.1,29.2,2450,0,8600.0,CE
2015-08-25 11:05:00,28.45,29.25,28.2,28.7,2850,0,8600.0,CE
2015-08-25 11:06:00,28.8,29.6,28.6,29.4,5250,0,8600.0,CE
2015-08-25 11:07:00,28.95,29.4,28.95,29.25,2275,0,8600.0,CE
2015-08-25 11:08:00,29.45,29.45,28.3,29.0,4250,0,8600.0,CE
2015-08-25 11:09:00,29.0,29.15,28.5,29.15,6825,0,8600.0,CE
2015-08-25 11:10:00,28.65,29.1,28.3,28.5,3225,0,8600.0,CE
2015-08-25 11:11:00,28.5,28.5,27.55,27.95,9625,0,8600.0,CE
2015-08-25 11:12:00,27.4,27.75,27.1,27.55,5500,0,8600.0,CE
2015-08-25 11:13:00,27.4,28.0,27.15,28.0,4000,0,8600.0,CE
2015-08-25 11:14:00,28.2,28.55,27.9,28.05,1700,0,8600.0,CE
2015-08-25 11:15:00,27.8,29.0,27.7,29.0,5200,0,8600.0,CE
2015-08-25 11:16:00,28.55,29.4,28.2,29.4,3575,0,8600.0,CE
2015-08-25 11:17:00,29.4,30.0,29.4,29.65,14625,0,8600.0,CE
2015-08-25 11:18:00,29.65,30.3,29.45,29.45,8675,0,8600.0,CE
2015-08-25 11:19:00,29.95,30.5,29.3,30.2,11625,0,8600.0,CE
2015-08-25 11:20:00,30.25,30.25,29.65,30.25,5650,0,8600.0,CE
2015-08-25 11:21:00,30.4,31.75,29.9,31.35,4150,0,8600.0,CE
2015-08-25 11:22:00,31.25,31.45,29.0,29.0,7850,0,8600.0,CE
2015-08-25 11:23:00,28.75,29.1,27.05,27.05,15375,0,8600.0,CE
2015-08-25 11:24:00,27.5,28.05,27.3,27.85,7850,0,8600.0,CE
2015-08-25 11:25:00,27.6,28.55,27.6,28.0,1025,0,8600.0,CE
2015-08-25 11:26:00,28.05,28.4,27.65,28.05,6075,0,8600.0,CE
2015-08-25 11:27:00,28.15,28.4,27.65,27.7,6800,0,8600.0,CE
2015-08-25 11:28:00,28.1,28.25,27.6,28.1,5375,0,8600.0,CE
2015-08-25 11:29:00,28.3,28.5,27.5,27.5,11725,0,8600.0,CE
2015-08-25 11:30:00,27.5,28.3,27.5,27.9,9250,0,8600.0,CE
2015-08-25 11:31:00,27.9,28.5,27.9,28.25,4950,0,8600.0,CE
2015-08-25 11:32:00,28.25,28.55,27.9,27.9,7975,0,8600.0,CE
2015-08-25 11:33:00,27.65,28.3,27.5,28.0,9425,0,8600.0,CE
2015-08-25 11:34:00,28.5,29.45,28.0,29.45,2275,0,8600.0,CE
2015-08-25 11:35:00,28.75,29.3,28.0,28.8,3100,0,8600.0,CE
2015-08-25 11:36:00,28.6,29.15,27.65,27.95,7400,0,8600.0,CE
2015-08-25 11:37:00,27.95,28.3,27.8,27.9,4975,0,8600.0,CE
2015-08-25 11:38:00,27.9,28.05,27.6,27.65,4700,0,8600.0,CE
2015-08-25 11:39:00,27.7,28.15,27.5,27.55,9375,0,8600.0,CE
2015-08-25 11:40:00,27.6,28.3,27.55,28.0,4700,0,8600.0,CE
2015-08-25 11:41:00,28.0,28.7,27.85,27.85,1225,0,8600.0,CE
2015-08-25 11:42:00,27.9,28.5,27.7,28.5,2725,0,8600.0,CE
2015-08-25 11:43:00,28.7,28.7,28.0,28.0,2650,0,8600.0,CE
2015-08-25 11:44:00,28.05,28.45,27.7,28.0,3025,0,8600.0,CE
2015-08-25 11:45:00,28.2,28.2,26.85,27.0,16150,0,8600.0,CE
2015-08-25 11:46:00,27.05,28.25,26.7,28.1,11575,0,8600.0,CE
2015-08-25 11:47:00,28.25,28.6,28.05,28.6,4925,0,8600.0,CE
2015-08-25 11:48:00,28.3,28.6,28.15,28.5,1975,0,8600.0,CE
2015-08-25 11:49:00,28.0,28.15,27.75,27.75,3725,0,8600.0,CE
2015-08-25 11:50:00,27.15,28.45,27.15,28.45,1650,0,8600.0,CE
2015-08-25 11:51:00,28.55,28.55,28.5,28.5,625,0,8600.0,CE
2015-08-25 11:52:00,28.45,28.5,27.55,27.65,675,0,8600.0,CE
2015-08-25 11:53:00,27.65,28.5,27.6,27.65,2050,0,8600.0,CE
2015-08-25 11:54:00,27.75,28.3,27.75,28.3,1275,0,8600.0,CE
2015-08-25 11:55:00,28.05,28.05,27.6,27.6,1200,0,8600.0,CE
2015-08-25 11:56:00,28.05,28.05,28.0,28.0,725,0,8600.0,CE
2015-08-25 11:57:00,27.6,27.6,27.0,27.0,3750,0,8600.0,CE
2015-08-25 11:58:00,27.05,27.1,26.55,27.0,2275,0,8600.0,CE
2015-08-25 11:59:00,26.55,27.3,26.5,27.3,1250,0,8600.0,CE
2015-08-25 12:00:00,27.0,27.8,26.95,27.45,650,0,8600.0,CE
2015-08-25 12:01:00,27.75,27.8,27.35,27.5,400,0,8600.0,CE
2015-08-25 12:02:00,27.5,27.8,27.5,27.7,3125,0,8600.0,CE
2015-08-25 12:03:00,28.15,28.45,28.0,28.0,9675,0,8600.0,CE
2015-08-25 12:04:00,27.8,28.5,27.8,28.0,6950,0,8600.0,CE
2015-08-25 12:05:00,28.25,28.25,27.65,28.1,1175,0,8600.0,CE
2015-08-25 12:06:00,28.25,28.25,27.9,28.25,1525,0,8600.0,CE
2015-08-25 12:07:00,28.25,28.25,27.45,27.8,9100,0,8600.0,CE
2015-08-25 12:08:00,27.8,28.1,26.1,26.1,8625,0,8600.0,CE
2015-08-25 12:09:00,26.45,26.45,25.0,25.55,20675,0,8600.0,CE
2015-08-25 12:10:00,25.5,26.45,25.5,25.95,2175,0,8600.0,CE
2015-08-25 12:11:00,26.1,26.1,25.4,25.9,4425,0,8600.0,CE
2015-08-25 12:12:00,26.45,26.55,25.3,26.1,6250,0,8600.0,CE
2015-08-25 12:13:00,26.3,26.4,26.0,26.2,3475,0,8600.0,CE
2015-08-25 12:14:00,25.8,27.2,25.8,26.15,925,0,8600.0,CE
2015-08-25 12:15:00,26.45,26.45,25.3,25.85,725,0,8600.0,CE
2015-08-25 12:16:00,26.2,27.15,26.2,27.15,1450,0,8600.0,CE
2015-08-25 12:17:00,27.2,28.55,27.2,28.55,5925,0,8600.0,CE
2015-08-25 12:18:00,28.85,29.0,27.0,27.0,8050,0,8600.0,CE
2015-08-25 12:19:00,27.75,28.2,27.0,27.0,1400,0,8600.0,CE
2015-08-25 12:20:00,27.3,28.3,27.1,27.5,1975,0,8600.0,CE
2015-08-25 12:21:00,29.0,29.0,29.0,29.0,25,0,8600.0,CE
2015-08-25 12:22:00,29.0,29.0,27.85,29.0,450,0,8600.0,CE
2015-08-25 12:23:00,28.05,28.55,27.1,27.7,2525,0,8600.0,CE
2015-08-25 12:24:00,29.0,29.0,27.0,27.45,4900,0,8600.0,CE
2015-08-25 12:25:00,27.15,27.45,27.0,27.4,1575,0,8600.0,CE
2015-08-25 12:26:00,27.45,28.45,27.45,28.3,5175,0,8600.0,CE
2015-08-25 12:27:00,27.9,29.0,27.9,28.25,5900,0,8600.0,CE
2015-08-25 12:28:00,27.85,28.5,27.85,28.25,625,0,8600.0,CE
2015-08-25 12:29:00,27.95,28.4,27.95,28.4,625,0,8600.0,CE
2015-08-25 12:30:00,27.75,27.75,27.0,27.5,3125,0,8600.0,CE
2015-08-25 12:31:00,27.55,28.1,27.05,28.1,425,0,8600.0,CE
2015-08-25 12:32:00,28.3,28.3,27.4,27.6,575,0,8600.0,CE
2015-08-25 12:33:00,27.7,28.6,27.7,28.6,875,0,8600.0,CE
2015-08-25 12:34:00,27.9,28.0,27.9,27.95,275,0,8600.0,CE
2015-08-25 12:35:00,27.6,28.35,27.55,28.35,3325,0,8600.0,CE
2015-08-25 12:36:00,28.15,28.3,27.0,27.85,3450,0,8600.0,CE
2015-08-25 12:37:00,27.55,28.15,26.35,28.15,3100,0,8600.0,CE
2015-08-25 12:38:00,27.85,28.95,27.7,28.45,5075,0,8600.0,CE
2015-08-25 12:39:00,28.6,29.1,28.3,29.1,9275,0,8600.0,CE
2015-08-25 12:40:00,29.2,29.45,28.4,29.25,925,0,8600.0,CE
2015-08-25 12:41:00,29.25,30.15,29.25,29.95,5775,0,8600.0,CE
2015-08-25 12:42:00,30.0,30.35,30.0,30.2,1600,0,8600.0,CE
2015-08-25 12:43:00,30.3,30.3,29.7,30.0,12575,0,8600.0,CE
2015-08-25 12:44:00,30.0,30.0,29.4,29.4,3350,0,8600.0,CE
2015-08-25 12:45:00,29.35,29.55,29.0,29.0,16625,0,8600.0,CE
2015-08-25 12:46:00,29.0,29.15,28.75,29.15,4275,0,8600.0,CE
2015-08-25 12:47:00,29.15,29.25,28.95,29.25,2050,0,8600.0,CE
2015-08-25 12:48:00,29.25,30.8,29.0,29.05,15275,0,8600.0,CE
2015-08-25 12:49:00,29.5,29.65,28.3,28.5,2725,0,8600.0,CE
2015-08-25 12:50:00,28.4,28.9,28.3,28.9,3600,0,8600.0,CE
2015-08-25 12:51:00,28.65,30.0,28.65,29.8,7275,0,8600.0,CE
2015-08-25 12:52:00,30.0,30.0,29.2,29.45,2775,0,8600.0,CE
2015-08-25 12:53:00,29.25,29.55,28.4,29.55,7450,0,8600.0,CE
2015-08-25 12:54:00,29.3,30.1,29.3,30.0,5150,0,8600.0,CE
2015-08-25 12:55:00,30.0,30.2,29.95,30.0,15425,0,8600.0,CE
2015-08-25 12:56:00,30.1,30.3,29.3,29.3,15450,0,8600.0,CE
2015-08-25 12:57:00,30.05,30.95,29.2,29.2,10300,0,8600.0,CE
2015-08-25 12:58:00,28.95,29.05,28.75,28.75,11450,0,8600.0,CE
2015-08-25 12:59:00,28.8,28.95,28.55,28.55,425,0,8600.0,CE
2015-08-25 13:00:00,28.5,28.85,27.65,28.85,7375,0,8600.0,CE
2015-08-25 13:01:00,28.15,28.65,27.7,27.7,5825,0,8600.0,CE
2015-08-25 13:02:00,27.75,28.35,27.6,28.05,3425,0,8600.0,CE
2015-08-25 13:03:00,27.9,28.55,27.85,27.85,2200,0,8600.0,CE
2015-08-25 13:04:00,28.85,28.85,28.2,28.3,800,0,8600.0,CE
2015-08-25 13:05:00,28.0,28.35,27.85,28.05,925,0,8600.0,CE
2015-08-25 13:06:00,28.35,28.4,27.6,27.7,950,0,8600.0,CE
2015-08-25 13:07:00,28.0,28.15,27.65,27.9,2425,0,8600.0,CE
2015-08-25 13:08:00,28.05,28.2,27.9,27.9,175,0,8600.0,CE
2015-08-25 13:09:00,28.0,28.05,27.85,28.05,1275,0,8600.0,CE
2015-08-25 13:10:00,27.75,27.75,27.3,27.45,4600,0,8600.0,CE
2015-08-25 13:11:00,27.7,28.0,27.05,27.85,2950,0,8600.0,CE
2015-08-25 13:12:00,28.55,28.55,28.15,28.25,875,0,8600.0,CE
2015-08-25 13:13:00,28.45,28.6,28.45,28.6,375,0,8600.0,CE
2015-08-25 13:14:00,28.35,29.2,28.35,29.2,2875,0,8600.0,CE
2015-08-25 13:15:00,29.15,29.5,28.9,29.0,2450,0,8600.0,CE
2015-08-25 13:16:00,28.8,28.8,28.65,28.65,800,0,8600.0,CE
2015-08-25 13:17:00,28.5,29.0,28.5,28.55,1625,0,8600.0,CE
2015-08-25 13:18:00,28.4,28.6,28.25,28.6,200,0,8600.0,CE
2015-08-25 13:19:00,28.5,28.55,28.5,28.55,200,0,8600.0,CE
2015-08-25 13:20:00,28.5,29.0,28.5,29.0,375,0,8600.0,CE
2015-08-25 13:21:00,28.75,29.75,28.75,29.75,2450,0,8600.0,CE
2015-08-25 13:22:00,29.9,30.1,29.75,30.0,7575,0,8600.0,CE
2015-08-25 13:23:00,30.0,30.0,29.6,30.0,5450,0,8600.0,CE
2015-08-25 13:24:00,30.0,30.0,29.7,30.0,6250,0,8600.0,CE
2015-08-25 13:25:00,30.0,30.15,29.6,29.75,11325,0,8600.0,CE
2015-08-25 13:26:00,29.55,30.0,29.25,29.65,1650,0,8600.0,CE
2015-08-25 13:27:00,29.6,29.95,29.3,29.3,4975,0,8600.0,CE
2015-08-25 13:28:00,29.65,29.65,28.95,29.0,2025,0,8600.0,CE
2015-08-25 13:29:00,29.0,29.1,28.5,28.5,2375,0,8600.0,CE
2015-08-25 13:30:00,28.8,29.6,28.65,29.45,7425,0,8600.0,CE
2015-08-25 13:31:00,30.0,30.0,28.55,28.55,11775,0,8600.0,CE
2015-08-25 13:32:00,28.55,28.65,27.7,28.1,8225,0,8600.0,CE
2015-08-25 13:33:00,28.15,28.15,27.5,27.75,4475,0,8600.0,CE
2015-08-25 13:34:00,27.65,28.05,27.5,27.95,9650,0,8600.0,CE
2015-08-25 13:35:00,28.0,28.2,27.7,28.15,7825,0,8600.0,CE
2015-08-25 13:36:00,28.15,28.6,28.1,28.4,4475,0,8600.0,CE
2015-08-25 13:37:00,27.85,28.25,27.25,27.3,2150,0,8600.0,CE
2015-08-25 13:38:00,27.3,27.3,26.6,26.8,2900,0,8600.0,CE
2015-08-25 13:39:00,26.95,26.95,26.4,26.4,4200,0,8600.0,CE
2015-08-25 13:40:00,26.65,26.8,26.3,26.3,2850,0,8600.0,CE
2015-08-25 13:41:00,26.3,26.3,25.7,25.95,4875,0,8600.0,CE
2015-08-25 13:42:00,26.15,26.15,25.85,25.85,575,0,8600.0,CE
2015-08-25 13:43:00,26.3,26.3,26.0,26.1,1900,0,8600.0,CE
2015-08-25 13:44:00,25.9,26.4,25.65,26.4,600,0,8600.0,CE
2015-08-25 13:45:00,26.6,27.4,26.6,27.35,2450,0,8600.0,CE
2015-08-25 13:46:00,27.4,27.85,27.4,27.6,3625,0,8600.0,CE
2015-08-25 13:47:00,28.25,28.25,27.75,27.75,250,0,8600.0,CE
2015-08-25 13:48:00,27.85,27.85,27.5,27.5,525,0,8600.0,CE
2015-08-25 13:49:00,27.15,27.65,27.15,27.15,1450,0,8600.0,CE
2015-08-25 13:50:00,27.1,27.1,27.0,27.0,550,0,8600.0,CE
2015-08-25 13:51:00,27.2,27.5,27.0,27.0,850,0,8600.0,CE
2015-08-25 13:52:00,27.3,27.85,27.15,27.7,4625,0,8600.0,CE
2015-08-25 13:53:00,28.0,28.0,27.35,28.0,875,0,8600.0,CE
2015-08-25 13:54:00,28.15,28.65,28.15,28.65,2300,0,8600.0,CE
2015-08-25 13:55:00,28.55,28.55,28.5,28.5,450,0,8600.0,CE
2015-08-25 13:56:00,28.85,29.0,28.55,28.55,4825,0,8600.0,CE
2015-08-25 13:57:00,28.3,28.4,27.0,28.0,9075,0,8600.0,CE
2015-08-25 13:58:00,27.95,28.85,27.9,27.95,3375,0,8600.0,CE
2015-08-25 13:59:00,27.8,27.8,27.15,27.15,1375,0,8600.0,CE
2015-08-25 14:00:00,28.0,28.0,27.75,27.95,1250,0,8600.0,CE
2015-08-25 14:01:00,28.0,28.0,27.1,27.1,4700,0,8600.0,CE
2015-08-25 14:02:00,27.1,27.1,26.75,26.95,1600,0,8600.0,CE
2015-08-25 14:03:00,26.7,26.95,26.7,26.95,1150,0,8600.0,CE
2015-08-25 14:04:00,27.3,27.35,27.0,27.1,1775,0,8600.0,CE
2015-08-25 14:05:00,27.5,27.7,26.75,26.8,3975,0,8600.0,CE
2015-08-25 14:06:00,26.6,27.2,26.5,26.9,1500,0,8600.0,CE
2015-08-25 14:07:00,27.25,27.6,26.8,26.8,1050,0,8600.0,CE
2015-08-25 14:08:00,27.05,27.55,26.9,27.55,525,0,8600.0,CE
2015-08-25 14:09:00,27.3,27.85,27.0,27.85,2275,0,8600.0,CE
2015-08-25 14:10:00,28.3,28.45,27.75,28.4,1125,0,8600.0,CE
2015-08-25 14:11:00,28.45,28.6,27.7,27.75,1225,0,8600.0,CE
2015-08-25 14:12:00,28.05,28.4,27.35,27.7,7425,0,8600.0,CE
2015-08-25 14:13:00,27.75,27.75,26.8,26.8,2675,0,8600.0,CE
2015-08-25 14:14:00,26.8,27.25,26.5,26.8,1350,0,8600.0,CE
2015-08-25 14:15:00,27.1,27.25,26.75,27.25,1675,0,8600.0,CE
2015-08-25 14:16:00,27.2,27.45,26.75,26.75,5500,0,8600.0,CE
2015-08-25 14:17:00,26.5,27.15,26.5,27.15,1500,0,8600.0,CE
2015-08-25 14:18:00,26.95,27.4,26.65,26.65,2050,0,8600.0,CE
2015-08-25 14:19:00,27.0,27.0,26.8,26.95,1575,0,8600.0,CE
2015-08-25 14:20:00,26.95,26.95,26.2,26.2,7100,0,8600.0,CE
2015-08-25 14:21:00,26.3,26.4,25.9,25.9,6025,0,8600.0,CE
2015-08-25 14:22:00,25.85,25.85,24.75,24.75,7275,0,8600.0,CE
2015-08-25 14:23:00,24.7,25.0,24.6,24.9,3325,0,8600.0,CE
2015-08-25 14:24:00,24.75,25.2,24.75,24.8,3800,0,8600.0,CE
2015-08-25 14:25:00,25.05,26.0,24.8,26.0,3300,0,8600.0,CE
2015-08-25 14:26:00,25.95,26.0,25.7,25.95,3475,0,8600.0,CE
2015-08-25 14:27:00,25.95,26.4,25.65,26.4,2650,0,8600.0,CE
2015-08-25 14:28:00,26.35,26.7,26.2,26.65,1725,0,8600.0,CE
2015-08-25 14:29:00,26.65,27.05,26.6,26.85,5825,0,8600.0,CE
2015-08-25 14:30:00,26.9,27.15,26.8,26.8,2825,0,8600.0,CE
2015-08-25 14:31:00,26.8,27.2,26.8,26.8,1150,0,8600.0,CE
2015-08-25 14:32:00,26.8,27.0,26.8,26.8,1500,0,8600.0,CE
2015-08-25 14:33:00,26.8,27.7,26.8,26.85,1050,0,8600.0,CE
2015-08-25 14:34:00,26.8,27.2,26.8,27.2,3150,0,8600.0,CE
2015-08-25 14:35:00,27.15,27.45,26.8,27.1,950,0,8600.0,CE
2015-08-25 14:36:00,27.3,27.5,27.2,27.4,1500,0,8600.0,CE
2015-08-25 14:37:00,27.05,27.5,27.05,27.5,1175,0,8600.0,CE
2015-08-25 14:38:00,27.5,27.65,27.4,27.65,2725,0,8600.0,CE
2015-08-25 14:39:00,27.25,27.6,27.25,27.5,1300,0,8600.0,CE
2015-08-25 14:40:00,27.35,27.8,27.35,27.5,1875,0,8600.0,CE
2015-08-25 14:41:00,27.8,27.8,27.5,27.8,1525,0,8600.0,CE
2015-08-25 14:42:00,27.55,27.75,27.5,27.5,2350,0,8600.0,CE
2015-08-25 14:43:00,27.25,27.55,26.8,26.8,3925,0,8600.0,CE
2015-08-25 14:44:00,27.4,27.5,27.1,27.5,2850,0,8600.0,CE
2015-08-25 14:45:00,27.3,27.5,27.0,27.05,6600,0,8600.0,CE
2015-08-25 14:46:00,27.25,27.25,27.0,27.0,4125,0,8600.0,CE
2015-08-25 14:47:00,27.15,27.25,26.85,26.85,1250,0,8600.0,CE
2015-08-25 14:48:00,26.85,27.3,26.8,27.1,2600,0,8600.0,CE
2015-08-25 14:49:00,26.8,27.5,26.8,27.5,1850,0,8600.0,CE
2015-08-25 14:50:00,27.5,27.85,27.0,27.45,1125,0,8600.0,CE
2015-08-25 14:51:00,27.15,27.55,27.15,27.15,650,0,8600.0,CE
2015-08-25 14:52:00,27.15,27.5,26.8,26.8,1625,0,8600.0,CE
2015-08-25 14:53:00,26.95,27.0,26.1,26.2,4375,0,8600.0,CE
2015-08-25 14:54:00,26.1,26.85,26.0,26.5,7125,0,8600.0,CE
2015-08-25 14:55:00,26.5,26.5,26.25,26.3,3225,0,8600.0,CE
2015-08-25 14:56:00,26.35,26.8,26.3,26.5,3600,0,8600.0,CE
2015-08-25 14:57:00,26.3,27.5,26.3,27.2,8000,0,8600.0,CE
2015-08-25 14:58:00,27.5,27.65,27.0,27.5,4300,0,8600.0,CE
2015-08-25 14:59:00,27.25,27.45,26.65,26.65,2600,0,8600.0,CE
2015-08-25 15:00:00,26.7,26.7,26.3,26.5,4800,0,8600.0,CE
2015-08-25 15:01:00,26.35,26.5,25.8,25.85,5150,0,8600.0,CE
2015-08-25 15:02:00,26.05,26.2,25.75,26.2,2650,0,8600.0,CE
2015-08-25 15:03:00,26.3,26.65,26.1,26.45,975,0,8600.0,CE
2015-08-25 15:04:00,26.2,26.2,26.0,26.2,800,0,8600.0,CE
2015-08-25 15:05:00,26.0,26.2,25.9,25.9,1225,0,8600.0,CE
2015-08-25 15:06:00,25.9,26.35,25.8,26.0,2025,0,8600.0,CE
2015-08-25 15:07:00,25.9,26.75,25.8,26.7,2825,0,8600.0,CE
2015-08-25 15:08:00,27.0,27.0,26.55,27.0,5725,0,8600.0,CE
2015-08-25 15:09:00,26.85,26.9,26.7,26.7,4050,0,8600.0,CE
2015-08-25 15:10:00,26.9,26.9,26.5,26.75,5375,0,8600.0,CE
2015-08-25 15:11:00,26.65,26.65,25.95,26.4,6525,0,8600.0,CE
2015-08-25 15:12:00,26.4,26.6,26.15,26.15,7400,0,8600.0,CE
2015-08-25 15:13:00,26.0,26.35,26.0,26.35,550,0,8600.0,CE
2015-08-25 15:14:00,26.1,26.6,26.05,26.6,5700,0,8600.0,CE
2015-08-25 15:15:00,26.6,26.6,26.0,26.3,7775,0,8600.0,CE
2015-08-25 15:16:00,26.1,26.6,26.1,26.35,2600,0,8600.0,CE
2015-08-25 15:17:00,26.55,26.6,26.25,26.25,8600,0,8600.0,CE
2015-08-25 15:18:00,26.4,27.0,26.05,27.0,9850,0,8600.0,CE
2015-08-25 15:19:00,26.75,27.3,26.55,27.05,4450,0,8600.0,CE
2015-08-25 15:20:00,27.0,27.55,26.7,26.95,7725,0,8600.0,CE
2015-08-25 15:21:00,27.25,27.3,27.0,27.0,2025,0,8600.0,CE
2015-08-25 15:22:00,27.25,27.5,26.95,27.35,6725,0,8600.0,CE
2015-08-25 15:23:00,27.4,27.6,27.15,27.35,5175,0,8600.0,CE
2015-08-25 15:24:00,27.0,27.8,26.75,27.8,9075,0,8600.0,CE
2015-08-25 15:25:00,27.8,27.95,27.55,27.6,4525,0,8600.0,CE
2015-08-25 15:26:00,27.7,27.7,27.45,27.7,7375,0,8600.0,CE
2015-08-25 15:27:00,27.8,28.4,27.5,28.4,9425,0,8600.0,CE
2015-08-25 15:28:00,28.0,28.0,27.8,27.85,6175,0,8600.0,CE
2015-08-25 15:29:00,27.7,29.0,27.65,29.0,9375,0,8600.0,CE
2015-08-26 09:15:00,28.0,35.0,20.85,24.95,2125,0,8600.0,CE
2015-08-26 09:16:00,22.2,25.0,22.1,23.5,1775,0,8600.0,CE
2015-08-26 09:17:00,24.85,25.0,24.45,25.0,3075,0,8600.0,CE
2015-08-26 09:18:00,24.5,25.8,23.35,23.8,23325,0,8600.0,CE
2015-08-26 09:19:00,23.95,25.25,23.95,25.1,10525,0,8600.0,CE
2015-08-26 09:20:00,25.05,25.15,24.25,24.35,3550,0,8600.0,CE
2015-08-26 09:21:00,24.35,24.6,24.0,24.3,7150,0,8600.0,CE
2015-08-26 09:22:00,24.5,24.55,24.1,24.45,5775,0,8600.0,CE
2015-08-26 09:23:00,24.3,24.45,24.0,24.3,4300,0,8600.0,CE
2015-08-26 09:24:00,24.3,24.6,24.0,24.0,4475,0,8600.0,CE
2015-08-26 09:25:00,24.05,24.05,23.5,23.5,4375,0,8600.0,CE
2015-08-26 09:26:00,23.55,23.55,22.95,22.95,6825,0,8600.0,CE
2015-08-26 09:27:00,23.05,23.25,22.6,22.65,6950,0,8600.0,CE
2015-08-26 09:28:00,22.9,23.1,22.2,22.25,6825,0,8600.0,CE
2015-08-26 09:29:00,22.15,22.75,21.95,22.75,9300,0,8600.0,CE
2015-08-26 09:30:00,22.75,22.95,22.05,22.3,3850,0,8600.0,CE
2015-08-26 09:31:00,22.35,22.85,22.35,22.5,2150,0,8600.0,CE
2015-08-26 09:32:00,22.45,22.7,22.2,22.3,2225,0,8600.0,CE
2015-08-26 09:33:00,22.35,22.55,22.0,22.15,8850,0,8600.0,CE
2015-08-26 09:34:00,22.45,22.7,22.15,22.35,7625,0,8600.0,CE
2015-08-26 09:35:00,22.7,23.0,22.6,22.9,7525,0,8600.0,CE
2015-08-26 09:36:00,23.15,23.35,23.05,23.35,3650,0,8600.0,CE
2015-08-26 09:37:00,23.15,23.85,23.15,23.8,4100,0,8600.0,CE
2015-08-26 09:38:00,23.75,24.15,22.85,23.15,7950,0,8600.0,CE
2015-08-26 09:39:00,23.3,24.15,23.3,23.5,5675,0,8600.0,CE
2015-08-26 09:40:00,23.4,23.5,23.15,23.25,4050,0,8600.0,CE
2015-08-26 09:41:00,23.15,23.25,22.75,23.15,11300,0,8600.0,CE
2015-08-26 09:42:00,23.15,23.2,22.45,23.0,6075,0,8600.0,CE
2015-08-26 09:43:00,22.75,22.95,22.25,22.7,9850,0,8600.0,CE
2015-08-26 09:44:00,22.7,23.2,22.7,23.0,7175,0,8600.0,CE
2015-08-26 09:45:00,22.7,23.0,22.55,22.55,4425,0,8600.0,CE
2015-08-26 09:46:00,22.65,23.05,22.5,23.05,3000,0,8600.0,CE
2015-08-26 09:47:00,23.0,23.3,22.9,22.95,2725,0,8600.0,CE
2015-08-26 09:48:00,23.0,23.0,22.3,22.3,3950,0,8600.0,CE
2015-08-26 09:49:00,22.4,22.4,22.0,22.0,6575,0,8600.0,CE
2015-08-26 09:50:00,21.95,22.25,21.9,22.2,5975,0,8600.0,CE
2015-08-26 09:51:00,21.8,22.2,21.6,21.6,1200,0,8600.0,CE
2015-08-26 09:52:00,21.95,22.15,21.75,21.8,950,0,8600.0,CE
2015-08-26 09:53:00,22.1,22.1,21.85,21.85,550,0,8600.0,CE
2015-08-26 09:54:00,21.95,22.05,21.7,21.7,1000,0,8600.0,CE
2015-08-26 09:55:00,21.7,21.95,21.6,21.6,1075,0,8600.0,CE
2015-08-26 09:56:00,21.9,22.0,21.55,21.55,600,0,8600.0,CE
2015-08-26 09:57:00,21.85,22.2,21.75,21.95,9200,0,8600.0,CE
2015-08-26 09:58:00,22.1,22.6,22.0,22.25,1025,0,8600.0,CE
2015-08-26 09:59:00,22.0,22.4,22.0,22.35,1975,0,8600.0,CE
2015-08-26 10:00:00,22.3,22.6,22.3,22.6,200,0,8600.0,CE
2015-08-26 10:01:00,22.7,22.95,22.35,22.75,2525,0,8600.0,CE
2015-08-26 10:02:00,22.95,23.0,22.6,22.6,750,0,8600.0,CE
2015-08-26 10:03:00,22.8,22.9,22.5,22.55,1375,0,8600.0,CE
2015-08-26 10:04:00,22.55,23.2,22.55,22.8,3250,0,8600.0,CE
2015-08-26 10:05:00,22.85,23.5,22.85,23.3,2475,0,8600.0,CE
2015-08-26 10:06:00,23.4,23.4,22.7,22.7,4325,0,8600.0,CE
2015-08-26 10:07:00,22.75,23.0,22.55,23.0,2350,0,8600.0,CE
2015-08-26 10:08:00,23.0,23.6,22.95,23.25,3850,0,8600.0,CE
2015-08-26 10:09:00,23.3,23.95,23.3,23.8,2650,0,8600.0,CE
2015-08-26 10:10:00,23.8,23.8,23.1,23.45,3925,0,8600.0,CE
2015-08-26 10:11:00,23.45,23.65,23.2,23.2,2775,0,8600.0,CE
2015-08-26 10:12:00,23.35,23.5,23.0,23.5,7925,0,8600.0,CE
2015-08-26 10:13:00,23.65,24.05,23.45,23.8,5675,0,8600.0,CE
2015-08-26 10:14:00,23.55,23.95,23.45,23.9,1850,0,8600.0,CE
2015-08-26 10:15:00,23.8,24.65,23.8,24.65,16025,0,8600.0,CE
2015-08-26 10:16:00,25.0,25.0,23.9,24.0,18125,0,8600.0,CE
2015-08-26 10:17:00,24.2,24.2,23.5,23.75,1100,0,8600.0,CE
2015-08-26 10:18:00,23.5,23.9,23.5,23.9,1600,0,8600.0,CE
2015-08-26 10:19:00,23.65,23.7,22.9,23.6,2925,0,8600.0,CE
2015-08-26 10:20:00,23.45,23.5,22.75,22.85,3050,0,8600.0,CE
2015-08-26 10:21:00,22.85,23.35,22.8,22.9,3500,0,8600.0,CE
2015-08-26 10:22:00,22.8,22.85,22.75,22.75,2925,0,8600.0,CE
2015-08-26 10:23:00,23.05,24.0,23.05,23.7,2725,0,8600.0,CE
2015-08-26 10:24:00,23.85,25.2,23.8,25.15,2200,0,8600.0,CE
2015-08-26 10:25:00,25.45,25.45,23.95,24.2,1700,0,8600.0,CE
2015-08-26 10:26:00,24.55,24.85,24.5,24.65,425,0,8600.0,CE
2015-08-26 10:27:00,24.5,24.5,24.5,24.5,1025,0,8600.0,CE
2015-08-26 10:28:00,23.9,23.9,22.4,22.4,8975,0,8600.0,CE
2015-08-26 10:29:00,22.25,22.55,21.75,22.55,3725,0,8600.0,CE
2015-08-26 10:30:00,22.5,23.7,22.5,22.95,4400,0,8600.0,CE
2015-08-26 10:31:00,23.0,23.2,22.2,22.9,1050,0,8600.0,CE
2015-08-26 10:32:00,22.8,22.8,22.45,22.45,500,0,8600.0,CE
2015-08-26 10:33:00,22.35,22.7,22.0,22.0,2325,0,8600.0,CE
2015-08-26 10:34:00,22.3,22.35,22.15,22.35,350,0,8600.0,CE
2015-08-26 10:35:00,22.35,22.5,21.95,22.15,2500,0,8600.0,CE
2015-08-26 10:36:00,22.0,22.5,21.8,22.05,1500,0,8600.0,CE
2015-08-26 10:37:00,22.35,22.75,22.0,22.3,1525,0,8600.0,CE
2015-08-26 10:38:00,22.15,22.25,22.05,22.05,1400,0,8600.0,CE
2015-08-26 10:39:00,22.65,22.95,22.05,22.25,5500,0,8600.0,CE
2015-08-26 10:40:00,22.1,22.2,21.85,22.0,1100,0,8600.0,CE
2015-08-26 10:41:00,20.6,22.05,20.6,21.0,6250,0,8600.0,CE
2015-08-26 10:42:00,21.85,22.15,21.8,21.8,1150,0,8600.0,CE
2015-08-26 10:43:00,22.0,22.4,22.0,22.3,1050,0,8600.0,CE
2015-08-26 10:44:00,22.15,22.2,21.4,21.65,3325,0,8600.0,CE
2015-08-26 10:45:00,21.45,21.55,21.15,21.55,2300,0,8600.0,CE
2015-08-26 10:46:00,21.5,21.95,21.45,21.65,2425,0,8600.0,CE
2015-08-26 10:47:00,21.7,22.35,21.45,22.1,4350,0,8600.0,CE
2015-08-26 10:48:00,22.15,22.5,22.15,22.5,1950,0,8600.0,CE
2015-08-26 10:49:00,22.65,22.65,22.5,22.6,1375,0,8600.0,CE
2015-08-26 10:50:00,22.5,23.05,22.5,22.65,1900,0,8600.0,CE
2015-08-26 10:51:00,23.2,23.55,23.2,23.55,2025,0,8600.0,CE
2015-08-26 10:52:00,23.55,23.85,22.7,23.4,6050,0,8600.0,CE
2015-08-26 10:53:00,23.4,23.55,23.05,23.4,2425,0,8600.0,CE
2015-08-26 10:54:00,23.5,23.5,22.5,22.8,1300,0,8600.0,CE
2015-08-26 10:55:00,22.5,23.0,22.5,22.65,1075,0,8600.0,CE
2015-08-26 10:56:00,22.5,22.95,22.5,22.9,450,0,8600.0,CE
2015-08-26 10:57:00,22.8,22.8,22.35,22.35,2150,0,8600.0,CE
2015-08-26 10:58:00,22.6,22.6,21.45,21.45,3600,0,8600.0,CE
2015-08-26 10:59:00,21.5,22.3,21.35,22.1,2600,0,8600.0,CE
2015-08-26 11:00:00,22.1,22.1,21.85,22.0,650,0,8600.0,CE
2015-08-26 11:01:00,22.35,22.4,22.1,22.35,3325,0,8600.0,CE
2015-08-26 11:02:00,22.45,22.45,21.4,21.4,3300,0,8600.0,CE
2015-08-26 11:03:00,21.55,22.0,21.3,21.6,3975,0,8600.0,CE
2015-08-26 11:04:00,21.35,21.55,20.55,21.25,7450,0,8600.0,CE
2015-08-26 11:05:00,20.7,21.45,20.4,21.05,7475,0,8600.0,CE
2015-08-26 11:06:00,20.9,21.2,20.3,21.05,14400,0,8600.0,CE
2015-08-26 11:07:00,21.15,21.25,20.9,21.25,11750,0,8600.0,CE
2015-08-26 11:08:00,20.9,21.55,20.55,21.0,6850,0,8600.0,CE
2015-08-26 11:09:00,21.05,21.15,20.8,20.85,2050,0,8600.0,CE
2015-08-26 11:10:00,21.0,21.9,21.0,21.9,2450,0,8600.0,CE
2015-08-26 11:11:00,21.5,21.65,21.35,21.35,3300,0,8600.0,CE
2015-08-26 11:12:00,21.25,21.5,21.1,21.5,4875,0,8600.0,CE
2015-08-26 11:13:00,21.5,21.55,21.25,21.5,1450,0,8600.0,CE
2015-08-26 11:14:00,21.25,21.4,20.75,21.0,4425,0,8600.0,CE
2015-08-26 11:15:00,21.0,21.0,20.8,20.8,1800,0,8600.0,CE
2015-08-26 11:16:00,21.1,21.1,20.65,20.65,625,0,8600.0,CE
2015-08-26 11:17:00,20.75,21.0,20.75,20.85,875,0,8600.0,CE
2015-08-26 11:18:00,21.2,21.2,21.2,21.2,50,0,8600.0,CE
2015-08-26 11:19:00,20.9,21.05,20.65,20.65,5675,0,8600.0,CE
2015-08-26 11:20:00,20.95,20.95,20.55,20.7,2875,0,8600.0,CE
2015-08-26 11:21:00,20.7,20.7,20.55,20.65,1625,0,8600.0,CE
2015-08-26 11:22:00,20.6,20.65,20.5,20.5,2450,0,8600.0,CE
2015-08-26 11:23:00,20.6,20.6,20.05,20.05,2550,0,8600.0,CE
2015-08-26 11:24:00,20.0,20.0,18.9,19.25,15525,0,8600.0,CE
2015-08-26 11:25:00,19.25,19.75,18.95,19.25,2375,0,8600.0,CE
2015-08-26 11:26:00,19.1,19.6,18.9,19.55,3325,0,8600.0,CE
2015-08-26 11:27:00,19.3,20.5,19.2,20.05,1875,0,8600.0,CE
2015-08-26 11:28:00,19.9,20.0,19.5,19.9,1600,0,8600.0,CE
2015-08-26 11:29:00,20.2,20.2,19.5,19.5,1525,0,8600.0,CE
2015-08-26 11:30:00,19.5,19.5,19.2,19.25,1875,0,8600.0,CE
2015-08-26 11:31:00,18.95,19.1,18.7,18.9,8000,0,8600.0,CE
2015-08-26 11:32:00,18.9,18.9,18.75,18.75,775,0,8600.0,CE
2015-08-26 11:33:00,18.85,18.9,18.5,18.7,3600,0,8600.0,CE
2015-08-26 11:34:00,18.75,19.2,18.5,18.7,6750,0,8600.0,CE
2015-08-26 11:35:00,18.75,18.8,18.15,18.15,4850,0,8600.0,CE
2015-08-26 11:36:00,18.15,18.45,18.05,18.2,2675,0,8600.0,CE
2015-08-26 11:37:00,18.1,18.45,18.1,18.2,3125,0,8600.0,CE
2015-08-26 11:38:00,18.45,18.45,18.0,18.3,3575,0,8600.0,CE
2015-08-26 11:39:00,18.1,18.35,18.0,18.3,1600,0,8600.0,CE
2015-08-26 11:40:00,18.05,18.4,18.05,18.4,2400,0,8600.0,CE
2015-08-26 11:41:00,18.4,19.1,18.4,18.55,3200,0,8600.0,CE
2015-08-26 11:42:00,18.65,18.65,18.35,18.35,825,0,8600.0,CE
2015-08-26 11:43:00,18.45,18.7,18.4,18.6,1075,0,8600.0,CE
2015-08-26 11:44:00,18.65,18.65,18.35,18.35,3375,0,8600.0,CE
2015-08-26 11:45:00,18.3,19.4,18.3,19.3,5500,0,8600.0,CE
2015-08-26 11:46:00,19.2,19.3,18.6,18.85,3400,0,8600.0,CE
2015-08-26 11:47:00,18.6,19.4,18.6,19.4,2325,0,8600.0,CE
2015-08-26 11:48:00,19.05,19.25,18.5,18.5,3900,0,8600.0,CE
2015-08-26 11:49:00,18.5,19.15,18.4,19.0,5700,0,8600.0,CE
2015-08-26 11:50:00,18.9,19.05,18.65,18.75,1975,0,8600.0,CE
2015-08-26 11:51:00,18.6,18.6,17.65,18.0,10775,0,8600.0,CE
2015-08-26 11:52:00,18.2,18.4,17.8,18.1,6675,0,8600.0,CE
2015-08-26 11:53:00,18.5,18.95,18.5,18.6,2025,0,8600.0,CE
2015-08-26 11:54:00,18.5,18.85,18.5,18.5,500,0,8600.0,CE
2015-08-26 11:55:00,18.5,19.35,18.5,19.35,3050,0,8600.0,CE
2015-08-26 11:56:00,19.3,19.65,19.3,19.55,2675,0,8600.0,CE
2015-08-26 11:57:00,19.3,19.6,19.0,19.2,4000,0,8600.0,CE
2015-08-26 11:58:00,19.25,19.25,19.0,19.0,1900,0,8600.0,CE
2015-08-26 11:59:00,19.4,19.5,19.4,19.4,1725,0,8600.0,CE
2015-08-26 12:00:00,19.4,19.5,19.2,19.35,3350,0,8600.0,CE
2015-08-26 12:01:00,19.15,19.15,18.8,18.95,9625,0,8600.0,CE
2015-08-26 12:02:00,18.9,19.0,18.8,18.95,2625,0,8600.0,CE
2015-08-26 12:03:00,18.85,19.15,18.85,18.9,2550,0,8600.0,CE
2015-08-26 12:04:00,18.8,18.85,18.5,18.8,9100,0,8600.0,CE
2015-08-26 12:05:00,18.9,18.9,18.5,18.75,3350,0,8600.0,CE
2015-08-26 12:06:00,18.75,18.75,18.3,18.6,2625,0,8600.0,CE
2015-08-26 12:07:00,18.45,19.0,18.2,18.85,5050,0,8600.0,CE
2015-08-26 12:08:00,19.0,19.0,19.0,19.0,350,0,8600.0,CE
2015-08-26 12:09:00,18.75,19.25,18.7,18.85,1700,0,8600.0,CE
2015-08-26 12:10:00,19.2,19.25,18.4,18.4,975,0,8600.0,CE
2015-08-26 12:11:00,18.25,18.9,18.2,18.7,3200,0,8600.0,CE
2015-08-26 12:12:00,18.3,19.0,18.3,18.85,3225,0,8600.0,CE
2015-08-26 12:13:00,18.5,19.45,18.5,19.45,700,0,8600.0,CE
2015-08-26 12:14:00,19.5,20.0,19.5,19.8,5150,0,8600.0,CE
2015-08-26 12:15:00,19.65,19.65,19.05,19.25,3350,0,8600.0,CE
2015-08-26 12:16:00,19.0,19.05,18.6,18.6,3875,0,8600.0,CE
2015-08-26 12:17:00,19.0,19.4,18.65,19.1,1775,0,8600.0,CE
2015-08-26 12:18:00,19.3,19.3,18.95,19.05,175,0,8600.0,CE
2015-08-26 12:19:00,19.1,19.3,18.9,19.0,1600,0,8600.0,CE
2015-08-26 12:20:00,18.8,19.0,18.8,18.95,650,0,8600.0,CE
2015-08-26 12:21:00,19.2,19.3,18.75,19.05,4150,0,8600.0,CE
2015-08-26 12:22:00,19.1,19.3,19.05,19.05,1850,0,8600.0,CE
2015-08-26 12:23:00,19.55,19.6,19.35,19.6,2125,0,8600.0,CE
2015-08-26 12:24:00,19.75,20.0,19.35,19.65,2125,0,8600.0,CE
2015-08-26 12:25:00,19.7,20.5,19.7,20.5,4650,0,8600.0,CE
2015-08-26 12:26:00,20.05,20.45,20.05,20.45,1025,0,8600.0,CE
2015-08-26 12:27:00,20.2,20.3,19.65,19.65,6175,0,8600.0,CE
2015-08-26 12:28:00,19.95,19.95,19.55,19.6,600,0,8600.0,CE
2015-08-26 12:29:00,19.6,19.6,18.9,19.0,8400,0,8600.0,CE
2015-08-26 12:30:00,19.0,19.0,19.0,19.0,2300,0,8600.0,CE
2015-08-26 12:31:00,18.9,18.95,18.5,18.95,1925,0,8600.0,CE
2015-08-26 12:32:00,19.0,19.0,19.0,19.0,700,0,8600.0,CE
2015-08-26 12:33:00,19.0,19.15,19.0,19.15,1200,0,8600.0,CE
2015-08-26 12:34:00,19.6,19.6,19.5,19.55,4250,0,8600.0,CE
2015-08-26 12:35:00,19.55,19.55,18.9,18.9,6175,0,8600.0,CE
2015-08-26 12:36:00,19.0,19.0,18.5,18.75,7850,0,8600.0,CE
2015-08-26 12:37:00,18.7,18.75,18.5,18.5,2350,0,8600.0,CE
2015-08-26 12:38:00,18.75,18.75,18.5,18.5,375,0,8600.0,CE
2015-08-26 12:39:00,18.7,18.7,18.35,18.45,4525,0,8600.0,CE
2015-08-26 12:40:00,18.75,18.85,18.75,18.8,375,0,8600.0,CE
2015-08-26 12:41:00,18.8,19.05,18.65,19.0,1100,0,8600.0,CE
2015-08-26 12:42:00,18.9,19.05,18.65,19.05,4000,0,8600.0,CE
2015-08-26 12:43:00,18.55,18.8,18.4,18.8,1425,0,8600.0,CE
2015-08-26 12:44:00,18.7,18.8,18.65,18.8,2050,0,8600.0,CE
2015-08-26 12:45:00,18.85,19.0,18.65,18.75,6000,0,8600.0,CE
2015-08-26 12:46:00,18.75,19.35,18.75,18.8,14925,0,8600.0,CE
2015-08-26 12:47:00,18.85,19.25,18.85,18.85,6300,0,8600.0,CE
2015-08-26 12:48:00,19.0,19.35,18.8,18.8,1425,0,8600.0,CE
2015-08-26 12:49:00,18.8,19.0,18.8,19.0,725,0,8600.0,CE
2015-08-26 12:50:00,19.15,19.45,19.0,19.0,3600,0,8600.0,CE
2015-08-26 12:51:00,18.8,19.0,18.75,18.9,4350,0,8600.0,CE
2015-08-26 12:52:00,18.75,18.8,18.55,18.55,5125,0,8600.0,CE
2015-08-26 12:53:00,18.55,18.55,18.35,18.55,6000,0,8600.0,CE
2015-08-26 12:54:00,18.45,18.45,18.45,18.45,125,0,8600.0,CE
2015-08-26 12:55:00,18.4,18.4,18.1,18.15,1950,0,8600.0,CE
2015-08-26 12:56:00,18.15,18.35,18.0,18.0,1375,0,8600.0,CE
2015-08-26 12:57:00,18.0,18.05,18.0,18.05,1950,0,8600.0,CE
2015-08-26 12:58:00,18.0,18.1,17.6,18.0,2150,0,8600.0,CE
2015-08-26 12:59:00,17.9,18.05,17.9,18.05,75,0,8600.0,CE
2015-08-26 13:00:00,18.15,18.15,17.75,17.75,450,0,8600.0,CE
2015-08-26 13:01:00,17.6,17.7,17.5,17.7,2000,0,8600.0,CE
2015-08-26 13:02:00,18.0,18.2,18.0,18.2,400,0,8600.0,CE
2015-08-26 13:03:00,18.2,18.75,17.95,18.75,400,0,8600.0,CE
2015-08-26 13:04:00,18.55,18.95,18.55,18.8,2025,0,8600.0,CE
2015-08-26 13:05:00,18.95,19.65,18.95,19.65,4575,0,8600.0,CE
2015-08-26 13:06:00,19.6,19.6,18.95,19.35,1450,0,8600.0,CE
2015-08-26 13:07:00,19.4,19.65,19.4,19.5,775,0,8600.0,CE
2015-08-26 13:08:00,19.7,19.8,19.6,19.6,1525,0,8600.0,CE
2015-08-26 13:09:00,19.6,19.6,19.5,19.5,650,0,8600.0,CE
2015-08-26 13:10:00,19.6,19.6,19.6,19.6,150,0,8600.0,CE
2015-08-26 13:11:00,19.35,19.6,19.3,19.3,1450,0,8600.0,CE
2015-08-26 13:12:00,19.2,19.2,19.2,19.2,100,0,8600.0,CE
2015-08-26 13:13:00,19.6,19.6,19.5,19.5,325,0,8600.0,CE
2015-08-26 13:14:00,19.35,19.65,19.35,19.5,75,0,8600.0,CE
2015-08-26 13:15:00,19.35,19.4,19.1,19.2,3225,0,8600.0,CE
2015-08-26 13:16:00,19.35,19.35,19.25,19.25,500,0,8600.0,CE
2015-08-26 13:17:00,19.4,19.5,19.0,19.05,3200,0,8600.0,CE
2015-08-26 13:18:00,18.75,19.0,18.65,18.85,2525,0,8600.0,CE
2015-08-26 13:19:00,18.95,19.15,18.8,19.15,550,0,8600.0,CE
2015-08-26 13:20:00,19.1,19.1,18.8,18.85,1600,0,8600.0,CE
2015-08-26 13:21:00,18.7,18.85,18.55,18.55,3175,0,8600.0,CE
2015-08-26 13:22:00,18.5,18.5,18.2,18.2,2400,0,8600.0,CE
2015-08-26 13:23:00,18.4,18.55,18.05,18.05,1375,0,8600.0,CE
2015-08-26 13:24:00,18.4,18.5,18.35,18.45,625,0,8600.0,CE
2015-08-26 13:25:00,18.4,18.4,18.0,18.0,1900,0,8600.0,CE
2015-08-26 13:26:00,17.95,17.95,17.95,17.95,200,0,8600.0,CE
2015-08-26 13:27:00,17.9,18.7,17.9,18.5,1400,0,8600.0,CE
2015-08-26 13:28:00,18.25,18.25,17.9,17.9,525,0,8600.0,CE
2015-08-26 13:29:00,17.75,18.05,17.75,18.0,825,0,8600.0,CE
2015-08-26 13:30:00,18.4,18.5,18.15,18.5,425,0,8600.0,CE
2015-08-26 13:31:00,18.7,19.6,18.7,19.6,3175,0,8600.0,CE
2015-08-26 13:32:00,19.3,19.6,19.0,19.2,4700,0,8600.0,CE
2015-08-26 13:33:00,19.6,19.6,19.05,19.5,1125,0,8600.0,CE
2015-08-26 13:34:00,19.5,19.5,18.7,18.75,1700,0,8600.0,CE
2015-08-26 13:35:00,18.85,18.85,18.4,18.4,550,0,8600.0,CE
2015-08-26 13:36:00,18.75,18.75,18.6,18.6,325,0,8600.0,CE
2015-08-26 13:37:00,18.4,18.4,17.8,17.95,5100,0,8600.0,CE
2015-08-26 13:38:00,18.65,18.65,18.65,18.65,750,0,8600.0,CE
2015-08-26 13:39:00,18.55,18.8,18.55,18.8,650,0,8600.0,CE
2015-08-26 13:40:00,18.8,19.5,18.8,19.45,4600,0,8600.0,CE
2015-08-26 13:41:00,19.45,19.45,19.45,19.45,25,0,8600.0,CE
2015-08-26 13:42:00,19.0,19.0,18.55,18.7,750,0,8600.0,CE
2015-08-26 13:43:00,18.55,18.7,18.5,18.7,2225,0,8600.0,CE
2015-08-26 13:44:00,18.5,18.75,18.5,18.75,1825,0,8600.0,CE
2015-08-26 13:45:00,18.45,18.5,18.3,18.3,575,0,8600.0,CE
2015-08-26 13:46:00,18.5,18.55,18.45,18.45,275,0,8600.0,CE
2015-08-26 13:47:00,18.55,18.8,18.45,18.8,300,0,8600.0,CE
2015-08-26 13:48:00,18.5,18.6,18.5,18.55,650,0,8600.0,CE
2015-08-26 13:49:00,18.6,18.8,18.1,18.8,1875,0,8600.0,CE
2015-08-26 13:50:00,19.0,19.6,19.0,19.1,2850,0,8600.0,CE
2015-08-26 13:51:00,19.6,19.6,19.15,19.3,100,0,8600.0,CE
2015-08-26 13:52:00,18.5,18.65,18.2,18.2,2475,0,8600.0,CE
2015-08-26 13:53:00,18.2,18.3,18.2,18.3,175,0,8600.0,CE
2015-08-26 13:54:00,18.25,18.25,18.0,18.0,1175,0,8600.0,CE
2015-08-26 13:55:00,18.45,18.45,18.0,18.0,225,0,8600.0,CE
2015-08-26 13:56:00,17.95,18.05,17.85,18.05,2875,0,8600.0,CE
2015-08-26 13:57:00,18.2,18.2,17.8,17.8,2250,0,8600.0,CE
2015-08-26 13:58:00,17.75,17.85,17.6,17.6,1175,0,8600.0,CE
2015-08-26 13:59:00,17.85,18.0,17.85,18.0,50,0,8600.0,CE
2015-08-26 14:00:00,18.1,18.5,18.1,18.5,800,0,8600.0,CE
2015-08-26 14:01:00,18.4,18.5,18.4,18.5,250,0,8600.0,CE
2015-08-26 14:02:00,18.5,18.5,17.6,18.3,700,0,8600.0,CE
2015-08-26 14:03:00,18.45,18.5,18.45,18.5,100,0,8600.0,CE
2015-08-26 14:04:00,18.45,18.6,18.1,18.1,1075,0,8600.0,CE
2015-08-26 14:05:00,18.2,18.2,18.0,18.1,225,0,8600.0,CE
2015-08-26 14:06:00,17.8,18.0,17.7,17.75,775,0,8600.0,CE
2015-08-26 14:07:00,17.75,18.0,17.7,18.0,650,0,8600.0,CE
2015-08-26 14:08:00,17.75,17.9,17.6,17.6,2700,0,8600.0,CE
2015-08-26 14:09:00,17.6,17.85,17.6,17.85,750,0,8600.0,CE
2015-08-26 14:10:00,17.75,17.75,17.5,17.55,950,0,8600.0,CE
2015-08-26 14:11:00,17.65,17.65,17.35,17.5,2350,0,8600.0,CE
2015-08-26 14:12:00,17.5,17.85,17.5,17.85,175,0,8600.0,CE
2015-08-26 14:13:00,17.85,17.85,17.45,17.5,825,0,8600.0,CE
2015-08-26 14:14:00,17.45,18.0,17.3,18.0,1475,0,8600.0,CE
2015-08-26 14:15:00,17.7,17.7,17.65,17.65,900,0,8600.0,CE
2015-08-26 14:16:00,17.5,17.5,17.5,17.5,200,0,8600.0,CE
2015-08-26 14:17:00,17.75,18.0,17.75,18.0,725,0,8600.0,CE
2015-08-26 14:18:00,18.0,18.0,17.65,17.7,725,0,8600.0,CE
2015-08-26 14:19:00,17.65,17.8,17.65,17.8,75,0,8600.0,CE
2015-08-26 14:20:00,17.8,18.0,17.8,18.0,75,0,8600.0,CE
2015-08-26 14:21:00,18.0,18.0,17.55,17.55,1375,0,8600.0,CE
2015-08-26 14:22:00,17.6,17.9,17.6,17.9,975,0,8600.0,CE
2015-08-26 14:23:00,17.85,17.85,17.65,17.65,175,0,8600.0,CE
2015-08-26 14:24:00,17.6,17.8,17.6,17.8,1225,0,8600.0,CE
2015-08-26 14:25:00,17.6,17.6,17.6,17.6,100,0,8600.0,CE
2015-08-26 14:26:00,17.9,17.9,17.9,17.9,100,0,8600.0,CE
2015-08-26 14:27:00,17.9,18.0,17.85,18.0,250,0,8600.0,CE
2015-08-26 14:28:00,17.75,17.8,17.75,17.8,100,0,8600.0,CE
2015-08-26 14:29:00,17.5,17.55,17.5,17.55,925,0,8600.0,CE
2015-08-26 14:30:00,17.45,17.5,17.3,17.3,1650,0,8600.0,CE
2015-08-26 14:31:00,17.4,17.4,17.1,17.1,1200,0,8600.0,CE
2015-08-26 14:32:00,17.25,17.35,17.2,17.25,1125,0,8600.0,CE
2015-08-26 14:33:00,17.25,17.3,17.1,17.25,675,0,8600.0,CE
2015-08-26 14:34:00,17.1,17.65,17.1,17.4,1900,0,8600.0,CE
2015-08-26 14:35:00,17.15,17.2,17.0,17.0,2125,0,8600.0,CE
2015-08-26 14:36:00,17.25,17.25,17.0,17.0,400,0,8600.0,CE
2015-08-26 14:37:00,16.75,17.1,16.65,16.65,1425,0,8600.0,CE
2015-08-26 14:38:00,16.9,16.95,16.0,16.0,17625,0,8600.0,CE
2015-08-26 14:39:00,16.0,16.0,15.5,15.6,12725,0,8600.0,CE
2015-08-26 14:40:00,15.8,16.0,15.35,15.4,675,0,8600.0,CE
2015-08-26 14:42:00,16.35,16.85,16.1,16.75,2125,0,8600.0,CE
2015-08-26 14:43:00,16.45,17.1,16.45,16.75,1350,0,8600.0,CE
2015-08-26 14:44:00,16.5,18.1,16.5,18.1,825,0,8600.0,CE
2015-08-26 14:45:00,18.0,18.3,17.75,17.85,3525,0,8600.0,CE
2015-08-26 14:46:00,17.85,18.2,17.8,18.05,3575,0,8600.0,CE
2015-08-26 14:47:00,18.15,18.2,18.0,18.0,2075,0,8600.0,CE
2015-08-26 14:48:00,17.45,17.75,16.9,17.4,9575,0,8600.0,CE
2015-08-26 14:49:00,17.3,17.35,16.5,16.65,1875,0,8600.0,CE
2015-08-26 14:50:00,16.85,17.1,16.7,17.0,925,0,8600.0,CE
2015-08-26 14:51:00,17.05,17.55,16.9,17.25,2525,0,8600.0,CE
2015-08-26 14:52:00,17.5,17.65,17.5,17.55,1150,0,8600.0,CE
2015-08-26 14:53:00,17.15,17.7,17.15,17.7,525,0,8600.0,CE
2015-08-26 14:54:00,17.65,17.8,17.5,17.65,1375,0,8600.0,CE
2015-08-26 14:55:00,17.7,18.0,17.7,18.0,6475,0,8600.0,CE
2015-08-26 14:56:00,17.55,17.7,17.45,17.55,3375,0,8600.0,CE
2015-08-26 14:57:00,17.35,17.45,17.3,17.3,300,0,8600.0,CE
2015-08-26 14:58:00,17.4,17.65,17.4,17.65,50,0,8600.0,CE
2015-08-26 14:59:00,17.8,17.8,17.8,17.8,1000,0,8600.0,CE
2015-08-26 15:05:00,16.95,17.2,16.9,17.2,1425,0,8600.0,CE
2015-08-26 15:06:00,17.05,17.3,16.95,17.3,2150,0,8600.0,CE
2015-08-26 15:07:00,17.05,17.05,16.55,16.55,1900,0,8600.0,CE
2015-08-26 15:08:00,16.55,16.8,16.55,16.65,2150,0,8600.0,CE
2015-08-26 15:09:00,16.65,16.8,16.4,16.4,2200,0,8600.0,CE
2015-08-26 15:10:00,16.3,16.65,16.3,16.5,3475,0,8600.0,CE
2015-08-26 15:11:00,16.5,16.5,16.05,16.15,2150,0,8600.0,CE
2015-08-26 15:12:00,16.15,16.5,16.05,16.05,800,0,8600.0,CE
2015-08-26 15:13:00,16.1,16.2,16.05,16.1,1175,0,8600.0,CE
2015-08-26 15:14:00,16.2,16.25,16.0,16.2,1550,0,8600.0,CE
2015-08-26 15:15:00,16.0,16.2,16.0,16.2,550,0,8600.0,CE
2015-08-26 15:16:00,16.25,16.5,15.75,16.5,4275,0,8600.0,CE
2015-08-26 15:17:00,16.5,16.5,16.0,16.0,2625,0,8600.0,CE
2015-08-26 15:18:00,16.0,16.2,15.7,16.0,4375,0,8600.0,CE
2015-08-26 15:19:00,16.0,16.05,15.65,15.85,2600,0,8600.0,CE
2015-08-26 15:20:00,15.8,16.0,15.65,16.0,5225,0,8600.0,CE
2015-08-26 15:21:00,15.7,15.9,15.65,15.65,3000,0,8600.0,CE
2015-08-26 15:22:00,15.65,15.65,15.25,15.45,7400,0,8600.0,CE
2015-08-26 15:23:00,15.6,15.6,15.2,15.45,325,0,8600.0,CE
2015-08-26 15:24:00,15.7,16.0,15.7,15.7,3250,0,8600.0,CE
2015-08-26 15:25:00,15.8,16.05,15.7,16.0,875,0,8600.0,CE
2015-08-26 15:26:00,15.8,16.3,15.45,16.0,3000,0,8600.0,CE
2015-08-26 15:27:00,16.0,16.2,16.0,16.2,1000,0,8600.0,CE
2015-08-26 15:28:00,16.2,16.45,16.0,16.25,1075,0,8600.0,CE
2015-08-26 15:29:00,16.25,18.05,15.2,18.05,9050,0,8600.0,CE
2015-08-27 09:15:00,18.05,18.95,16.95,17.35,5050,0,8600.0,CE
2015-08-27 09:16:00,18.9,18.95,15.75,17.7,4800,0,8600.0,CE
2015-08-27 09:17:00,17.0,17.8,17.0,17.25,4850,0,8600.0,CE
2015-08-27 09:18:00,17.55,18.0,17.15,17.15,6725,0,8600.0,CE
2015-08-27 09:19:00,17.7,17.85,17.3,17.3,3525,0,8600.0,CE
2015-08-27 09:20:00,17.6,17.6,16.95,17.15,8125,0,8600.0,CE
2015-08-27 09:21:00,17.1,17.1,16.05,16.25,1575,0,8600.0,CE
2015-08-27 09:22:00,16.45,16.45,15.95,16.0,1975,0,8600.0,CE
2015-08-27 09:23:00,16.0,16.0,15.5,15.5,3750,0,8600.0,CE
2015-08-27 09:24:00,15.55,15.55,15.35,15.4,3825,0,8600.0,CE
2015-08-27 09:25:00,15.3,15.95,14.95,15.95,15250,0,8600.0,CE
2015-08-27 09:26:00,15.45,15.7,15.4,15.5,4700,0,8600.0,CE
2015-08-27 09:27:00,15.5,15.5,15.35,15.35,9325,0,8600.0,CE
2015-08-27 09:28:00,15.35,15.5,15.25,15.5,4225,0,8600.0,CE
2015-08-27 09:29:00,15.5,15.5,15.3,15.3,2200,0,8600.0,CE
2015-08-27 09:30:00,15.5,15.55,15.25,15.55,875,0,8600.0,CE
2015-08-27 09:31:00,15.75,16.0,15.75,16.0,1900,0,8600.0,CE
2015-08-27 09:32:00,16.05,16.4,16.0,16.2,6600,0,8600.0,CE
2015-08-27 09:33:00,16.2,16.4,16.05,16.4,1825,0,8600.0,CE
2015-08-27 09:34:00,16.2,16.3,16.15,16.2,175,0,8600.0,CE
2015-08-27 09:35:00,16.15,16.2,16.0,16.15,1000,0,8600.0,CE
2015-08-27 09:36:00,16.0,16.0,15.7,15.85,300,0,8600.0,CE
2015-08-27 09:37:00,16.0,16.0,15.3,15.3,2000,0,8600.0,CE
2015-08-27 09:38:00,15.3,15.3,14.9,15.3,2925,0,8600.0,CE
2015-08-27 09:39:00,15.2,15.35,14.75,14.9,4325,0,8600.0,CE
2015-08-27 09:40:00,14.9,15.0,14.65,14.65,2250,0,8600.0,CE
2015-08-27 09:41:00,14.7,15.0,14.7,14.9,1825,0,8600.0,CE
2015-08-27 09:42:00,14.9,14.9,14.7,14.75,725,0,8600.0,CE
2015-08-27 09:43:00,14.7,14.9,14.7,14.85,1100,0,8600.0,CE
2015-08-27 09:44:00,14.9,15.0,14.9,15.0,12100,0,8600.0,CE
2015-08-27 09:45:00,15.0,15.15,15.0,15.05,550,0,8600.0,CE
2015-08-27 09:46:00,15.0,15.3,15.0,15.3,1175,0,8600.0,CE
2015-08-27 09:47:00,15.3,15.3,15.15,15.15,875,0,8600.0,CE
2015-08-27 09:48:00,15.25,15.45,15.1,15.4,1925,0,8600.0,CE
2015-08-27 09:49:00,15.5,15.55,15.25,15.55,2600,0,8600.0,CE
2015-08-27 09:50:00,15.5,15.5,15.35,15.5,3075,0,8600.0,CE
2015-08-27 09:51:00,15.65,15.9,15.6,15.7,6125,0,8600.0,CE
2015-08-27 09:52:00,15.7,15.8,15.6,15.75,3425,0,8600.0,CE
2015-08-27 09:53:00,15.75,15.8,15.6,15.75,1825,0,8600.0,CE
2015-08-27 09:54:00,15.7,15.85,15.6,15.8,2375,0,8600.0,CE
2015-08-27 09:55:00,15.65,15.9,15.65,15.9,950,0,8600.0,CE
2015-08-27 09:56:00,16.15,16.15,15.8,15.9,2700,0,8600.0,CE
2015-08-27 09:57:00,15.9,16.25,15.9,16.1,2900,0,8600.0,CE
2015-08-27 09:58:00,16.15,16.15,15.8,15.9,2375,0,8600.0,CE
2015-08-27 09:59:00,15.9,16.25,15.9,16.1,8400,0,8600.0,CE
2015-08-27 10:00:00,16.1,16.1,15.9,16.0,3525,0,8600.0,CE
2015-08-27 10:01:00,16.1,16.1,16.0,16.0,2000,0,8600.0,CE
2015-08-27 10:02:00,15.95,15.95,15.65,15.65,2600,0,8600.0,CE
2015-08-27 10:03:00,15.6,15.6,15.4,15.4,1425,0,8600.0,CE
2015-08-27 10:04:00,15.4,15.5,15.25,15.4,2400,0,8600.0,CE
2015-08-27 10:05:00,15.5,15.8,15.4,15.8,850,0,8600.0,CE
2015-08-27 10:06:00,15.4,15.8,15.4,15.5,1275,0,8600.0,CE
2015-08-27 10:07:00,15.45,15.6,15.4,15.6,200,0,8600.0,CE
2015-08-27 10:08:00,15.6,15.65,15.5,15.65,1525,0,8600.0,CE
2015-08-27 10:09:00,15.4,15.8,15.4,15.8,2675,0,8600.0,CE
2015-08-27 10:10:00,15.45,15.7,15.45,15.65,750,0,8600.0,CE
2015-08-27 10:11:00,15.85,15.85,15.35,15.35,625,0,8600.0,CE
2015-08-27 10:12:00,15.35,15.55,15.35,15.5,2125,0,8600.0,CE
2015-08-27 10:13:00,15.55,15.55,15.35,15.55,1225,0,8600.0,CE
2015-08-27 10:14:00,15.2,15.55,15.15,15.3,4500,0,8600.0,CE
2015-08-27 10:15:00,15.35,15.55,15.2,15.55,1975,0,8600.0,CE
2015-08-27 10:16:00,15.55,15.55,15.25,15.5,2625,0,8600.0,CE
2015-08-27 10:17:00,15.5,15.55,15.3,15.3,1725,0,8600.0,CE
2015-08-27 10:18:00,15.4,15.6,15.05,15.5,11425,0,8600.0,CE
2015-08-27 10:19:00,15.5,15.5,15.05,15.05,3875,0,8600.0,CE
2015-08-27 10:20:00,15.05,15.25,14.5,14.85,11450,0,8600.0,CE
2015-08-27 10:21:00,14.95,15.0,14.55,14.9,8525,0,8600.0,CE
2015-08-27 10:22:00,14.65,15.0,14.5,14.7,19275,0,8600.0,CE
2015-08-27 10:23:00,14.75,14.75,14.25,14.4,7475,0,8600.0,CE
2015-08-27 10:24:00,14.35,14.45,14.2,14.45,4750,0,8600.0,CE
2015-08-27 10:25:00,14.5,14.5,14.25,14.25,7250,0,8600.0,CE
2015-08-27 10:26:00,14.4,14.5,14.2,14.35,5200,0,8600.0,CE
2015-08-27 10:27:00,14.3,14.5,14.1,14.3,7575,0,8600.0,CE
2015-08-27 10:28:00,14.4,14.5,14.15,14.4,4100,0,8600.0,CE
2015-08-27 10:29:00,14.4,14.4,13.9,14.2,6675,0,8600.0,CE
2015-08-27 10:30:00,14.0,14.0,13.8,14.0,8550,0,8600.0,CE
2015-08-27 10:31:00,13.85,14.0,13.8,13.9,9450,0,8600.0,CE
2015-08-27 10:32:00,14.0,14.0,13.75,13.9,9650,0,8600.0,CE
2015-08-27 10:33:00,13.9,13.9,13.7,13.8,23025,0,8600.0,CE
2015-08-27 10:34:00,13.85,13.95,13.75,13.95,7950,0,8600.0,CE
2015-08-27 10:35:00,13.9,13.95,13.6,13.85,2750,0,8600.0,CE
2015-08-27 10:36:00,13.75,14.0,13.75,13.85,1900,0,8600.0,CE
2015-08-27 10:37:00,13.85,14.0,13.35,13.75,14400,0,8600.0,CE
2015-08-27 10:38:00,13.5,13.85,13.5,13.55,3925,0,8600.0,CE
2015-08-27 10:39:00,13.5,13.6,13.3,13.4,2450,0,8600.0,CE
2015-08-27 10:40:00,13.5,13.75,13.5,13.7,1550,0,8600.0,CE
2015-08-27 10:41:00,13.75,13.75,13.5,13.5,1000,0,8600.0,CE
2015-08-27 10:42:00,13.7,13.8,13.6,13.8,625,0,8600.0,CE
2015-08-27 10:43:00,13.65,13.7,13.5,13.5,3125,0,8600.0,CE
2015-08-27 10:44:00,13.65,13.8,13.5,13.7,7000,0,8600.0,CE
2015-08-27 10:45:00,13.75,13.8,13.5,13.6,2275,0,8600.0,CE
2015-08-27 10:46:00,13.6,13.6,13.25,13.25,6075,0,8600.0,CE
2015-08-27 10:47:00,13.2,13.35,12.7,13.0,6325,0,8600.0,CE
2015-08-27 10:48:00,13.25,13.3,12.9,13.05,6850,0,8600.0,CE
2015-08-27 10:49:00,13.1,13.15,12.9,13.15,3375,0,8600.0,CE
2015-08-27 10:50:00,13.0,13.4,12.7,13.25,2525,0,8600.0,CE
2015-08-27 10:51:00,13.25,13.55,13.25,13.45,2400,0,8600.0,CE
2015-08-27 10:52:00,13.5,13.6,13.15,13.6,1775,0,8600.0,CE
2015-08-27 10:53:00,13.65,13.7,13.4,13.5,925,0,8600.0,CE
2015-08-27 10:54:00,13.5,13.5,13.3,13.45,2675,0,8600.0,CE
2015-08-27 10:55:00,13.45,13.45,13.2,13.35,1900,0,8600.0,CE
2015-08-27 10:56:00,13.35,13.5,13.35,13.5,3900,0,8600.0,CE
2015-08-27 10:57:00,13.35,13.4,13.3,13.35,5475,0,8600.0,CE
2015-08-27 10:58:00,13.3,13.3,13.15,13.2,1950,0,8600.0,CE
2015-08-27 10:59:00,13.0,13.35,13.0,13.2,8350,0,8600.0,CE
2015-08-27 11:00:00,13.2,13.35,13.05,13.05,6750,0,8600.0,CE
2015-08-27 11:01:00,13.0,13.1,12.9,12.95,4850,0,8600.0,CE
2015-08-27 11:02:00,13.15,13.2,12.9,12.9,4375,0,8600.0,CE
2015-08-27 11:03:00,13.25,13.25,12.85,13.0,900,0,8600.0,CE
2015-08-27 11:04:00,13.1,13.55,13.05,13.55,3775,0,8600.0,CE
2015-08-27 11:05:00,13.55,13.9,13.5,13.7,5325,0,8600.0,CE
2015-08-27 11:06:00,13.65,13.9,13.65,13.9,2400,0,8600.0,CE
2015-08-27 11:07:00,13.9,13.95,13.8,13.85,7400,0,8600.0,CE
2015-08-27 11:08:00,14.0,14.05,13.8,14.05,14325,0,8600.0,CE
2015-08-27 11:09:00,14.05,14.1,14.0,14.1,8675,0,8600.0,CE
2015-08-27 11:10:00,14.05,14.2,13.85,13.95,9900,0,8600.0,CE
2015-08-27 11:11:00,13.85,13.9,13.6,13.7,11600,0,8600.0,CE
2015-08-27 11:12:00,13.75,13.75,13.45,13.45,2350,0,8600.0,CE
2015-08-27 11:13:00,13.4,13.5,13.25,13.5,3250,0,8600.0,CE
2015-08-27 11:14:00,13.45,13.55,13.3,13.55,6950,0,8600.0,CE
2015-08-27 11:15:00,13.6,13.65,13.4,13.45,7125,0,8600.0,CE
2015-08-27 11:16:00,13.45,13.55,13.3,13.55,4750,0,8600.0,CE
2015-08-27 11:17:00,13.55,13.55,13.3,13.45,5550,0,8600.0,CE
2015-08-27 11:18:00,13.5,13.55,13.3,13.4,9800,0,8600.0,CE
2015-08-27 11:19:00,13.3,13.4,13.2,13.4,4700,0,8600.0,CE
2015-08-27 11:20:00,13.45,13.55,13.4,13.4,15725,0,8600.0,CE
2015-08-27 11:21:00,13.55,13.55,13.3,13.3,10600,0,8600.0,CE
2015-08-27 11:22:00,13.3,13.45,13.3,13.45,8775,0,8600.0,CE
2015-08-27 11:23:00,13.3,13.5,13.2,13.25,5775,0,8600.0,CE
2015-08-27 11:24:00,13.25,13.35,13.2,13.2,4925,0,8600.0,CE
2015-08-27 11:25:00,13.15,13.25,12.9,13.25,6150,0,8600.0,CE
2015-08-27 11:26:00,13.25,13.6,13.2,13.4,4075,0,8600.0,CE
2015-08-27 11:27:00,13.4,13.5,13.3,13.35,8275,0,8600.0,CE
2015-08-27 11:28:00,13.65,13.65,13.45,13.45,1775,0,8600.0,CE
2015-08-27 11:29:00,13.5,13.75,13.45,13.7,1500,0,8600.0,CE
2015-08-27 11:30:00,13.7,13.7,13.2,13.4,3550,0,8600.0,CE
2015-08-27 11:31:00,13.3,13.5,13.15,13.25,6325,0,8600.0,CE
2015-08-27 11:32:00,13.3,13.4,13.2,13.25,2225,0,8600.0,CE
2015-08-27 11:33:00,13.2,13.25,13.05,13.05,16775,0,8600.0,CE
2015-08-27 11:34:00,13.05,13.3,13.0,13.1,5675,0,8600.0,CE
2015-08-27 11:35:00,13.15,13.3,13.0,13.2,2600,0,8600.0,CE
2015-08-27 11:36:00,13.1,13.3,13.05,13.1,2050,0,8600.0,CE
2015-08-27 11:37:00,13.2,13.55,13.2,13.45,3875,0,8600.0,CE
2015-08-27 11:38:00,13.5,13.6,13.3,13.6,4425,0,8600.0,CE
2015-08-27 11:39:00,13.55,13.55,13.25,13.3,4100,0,8600.0,CE
2015-08-27 11:40:00,13.15,13.45,13.1,13.25,4100,0,8600.0,CE
2015-08-27 11:41:00,13.45,13.55,13.3,13.55,6125,0,8600.0,CE
2015-08-27 11:42:00,13.45,13.55,13.3,13.5,1850,0,8600.0,CE
2015-08-27 11:43:00,13.6,13.7,13.4,13.6,750,0,8600.0,CE
2015-08-27 11:44:00,13.4,13.6,13.4,13.5,1550,0,8600.0,CE
2015-08-27 11:45:00,13.5,13.6,13.4,13.5,5275,0,8600.0,CE
2015-08-27 11:46:00,13.55,13.75,13.45,13.45,3650,0,8600.0,CE
2015-08-27 11:47:00,13.45,13.5,13.4,13.45,2925,0,8600.0,CE
2015-08-27 11:48:00,13.35,13.85,13.35,13.85,3825,0,8600.0,CE
2015-08-27 11:49:00,13.8,14.0,13.7,14.0,1800,0,8600.0,CE
2015-08-27 11:50:00,14.05,14.2,13.8,14.05,1050,0,8600.0,CE
2015-08-27 11:51:00,14.05,14.2,13.95,14.0,6200,0,8600.0,CE
2015-08-27 11:52:00,14.0,14.3,13.85,14.3,2200,0,8600.0,CE
2015-08-27 11:53:00,14.1,14.4,14.1,14.25,3575,0,8600.0,CE
2015-08-27 11:54:00,14.45,14.55,14.2,14.3,6175,0,8600.0,CE
2015-08-27 11:55:00,14.25,14.5,14.2,14.25,7600,0,8600.0,CE
2015-08-27 11:56:00,14.3,14.55,14.3,14.4,1975,0,8600.0,CE
2015-08-27 11:57:00,14.3,14.35,14.25,14.25,2025,0,8600.0,CE
2015-08-27 11:58:00,14.2,14.5,14.2,14.3,3125,0,8600.0,CE
2015-08-27 11:59:00,14.3,14.3,14.0,14.0,1475,0,8600.0,CE
2015-08-27 12:00:00,14.0,14.05,14.0,14.0,675,0,8600.0,CE
2015-08-27 12:01:00,14.15,14.15,13.9,14.0,2775,0,8600.0,CE
2015-08-27 12:02:00,14.3,14.3,14.0,14.15,4325,0,8600.0,CE
2015-08-27 12:03:00,14.3,14.35,14.1,14.2,1450,0,8600.0,CE
2015-08-27 12:04:00,14.1,14.1,14.0,14.0,6100,0,8600.0,CE
2015-08-27 12:05:00,13.9,14.0,13.75,13.75,1750,0,8600.0,CE
2015-08-27 12:06:00,13.75,14.0,13.75,13.75,3250,0,8600.0,CE
2015-08-27 12:07:00,13.75,13.85,13.5,13.5,10325,0,8600.0,CE
2015-08-27 12:08:00,13.5,13.6,13.45,13.45,3825,0,8600.0,CE
2015-08-27 12:09:00,13.65,13.8,13.35,13.8,3050,0,8600.0,CE
2015-08-27 12:10:00,13.85,14.05,13.65,13.65,2950,0,8600.0,CE
2015-08-27 12:11:00,14.0,14.0,13.7,13.95,1150,0,8600.0,CE
2015-08-27 12:12:00,13.9,14.0,13.75,13.95,6800,0,8600.0,CE
2015-08-27 12:13:00,13.9,14.0,13.85,13.95,3000,0,8600.0,CE
2015-08-27 12:14:00,13.95,14.25,13.9,14.1,2975,0,8600.0,CE
2015-08-27 12:15:00,14.1,14.25,14.1,14.1,700,0,8600.0,CE
2015-08-27 12:16:00,14.15,14.3,14.05,14.15,3700,0,8600.0,CE
2015-08-27 12:17:00,14.2,14.2,14.1,14.1,1175,0,8600.0,CE
2015-08-27 12:18:00,14.05,14.35,14.05,14.2,450,0,8600.0,CE
2015-08-27 12:19:00,14.1,14.4,14.1,14.2,4775,0,8600.0,CE
2015-08-27 12:20:00,14.25,14.4,14.1,14.25,2300,0,8600.0,CE
2015-08-27 12:21:00,14.1,14.45,14.1,14.1,3125,0,8600.0,CE
2015-08-27 12:22:00,14.2,14.35,14.15,14.35,650,0,8600.0,CE
2015-08-27 12:23:00,14.35,14.35,14.25,14.25,325,0,8600.0,CE
2015-08-27 12:24:00,14.25,14.4,14.0,14.4,9975,0,8600.0,CE
2015-08-27 12:25:00,14.35,14.45,14.1,14.15,3750,0,8600.0,CE
2015-08-27 12:26:00,14.1,14.25,14.05,14.1,4750,0,8600.0,CE
2015-08-27 12:27:00,14.1,14.25,14.0,14.0,3875,0,8600.0,CE
2015-08-27 12:28:00,14.05,14.15,13.95,14.1,7800,0,8600.0,CE
2015-08-27 12:29:00,14.05,14.3,13.9,14.05,3225,0,8600.0,CE
2015-08-27 12:30:00,14.2,14.2,14.05,14.15,1175,0,8600.0,CE
2015-08-27 12:31:00,14.2,14.25,14.0,14.25,1000,0,8600.0,CE
2015-08-27 12:32:00,13.95,14.45,13.85,14.45,3925,0,8600.0,CE
2015-08-27 12:33:00,14.4,14.4,14.1,14.1,1900,0,8600.0,CE
2015-08-27 12:34:00,14.2,14.3,14.0,14.05,1825,0,8600.0,CE
2015-08-27 12:35:00,14.1,14.2,14.0,14.0,2975,0,8600.0,CE
2015-08-27 12:36:00,13.9,14.25,13.8,14.25,16700,0,8600.0,CE
2015-08-27 12:37:00,14.25,14.25,14.0,14.1,19200,0,8600.0,CE
2015-08-27 12:38:00,14.3,14.3,13.75,13.8,1875,0,8600.0,CE
2015-08-27 12:39:00,13.85,13.95,13.5,13.6,3075,0,8600.0,CE
2015-08-27 12:40:00,13.65,13.8,13.65,13.75,775,0,8600.0,CE
2015-08-27 12:41:00,13.7,13.7,13.45,13.45,1700,0,8600.0,CE
2015-08-27 12:42:00,13.4,13.6,13.2,13.2,1250,0,8600.0,CE
2015-08-27 12:43:00,13.5,13.5,13.15,13.3,2750,0,8600.0,CE
2015-08-27 12:44:00,13.2,13.45,13.2,13.45,3225,0,8600.0,CE
2015-08-27 12:45:00,13.3,13.55,13.25,13.4,3100,0,8600.0,CE
2015-08-27 12:46:00,13.55,13.55,13.35,13.4,4600,0,8600.0,CE
2015-08-27 12:47:00,13.5,13.55,13.25,13.35,5500,0,8600.0,CE
2015-08-27 12:48:00,13.3,13.5,13.1,13.2,4975,0,8600.0,CE
2015-08-27 12:49:00,13.2,13.3,13.0,13.05,5350,0,8600.0,CE
2015-08-27 12:50:00,13.1,13.55,13.1,13.55,4600,0,8600.0,CE
2015-08-27 12:51:00,13.3,13.35,13.3,13.35,425,0,8600.0,CE
2015-08-27 12:52:00,13.45,13.6,13.45,13.45,475,0,8600.0,CE
2015-08-27 12:53:00,13.45,13.6,13.45,13.5,1225,0,8600.0,CE
2015-08-27 12:54:00,13.5,13.5,13.25,13.4,3500,0,8600.0,CE
2015-08-27 12:55:00,13.35,13.7,13.35,13.6,450,0,8600.0,CE
2015-08-27 12:56:00,13.6,13.7,13.45,13.45,2625,0,8600.0,CE
2015-08-27 12:57:00,13.65,13.7,13.5,13.65,1750,0,8600.0,CE
2015-08-27 12:58:00,13.65,13.9,13.55,13.65,2800,0,8600.0,CE
2015-08-27 12:59:00,13.65,13.9,13.45,13.7,14125,0,8600.0,CE
2015-08-27 13:00:00,13.5,13.7,13.4,13.6,11925,0,8600.0,CE
2015-08-27 13:01:00,13.6,13.65,13.45,13.5,6500,0,8600.0,CE
2015-08-27 13:02:00,13.6,13.85,13.6,13.85,2325,0,8600.0,CE
2015-08-27 13:03:00,13.85,13.9,13.65,13.8,5325,0,8600.0,CE
2015-08-27 13:04:00,13.85,13.85,13.7,13.85,2025,0,8600.0,CE
2015-08-27 13:05:00,13.85,14.0,13.65,14.0,5150,0,8600.0,CE
2015-08-27 13:06:00,14.0,14.0,13.6,13.65,5750,0,8600.0,CE
2015-08-27 13:07:00,13.65,13.85,13.5,13.65,10300,0,8600.0,CE
2015-08-27 13:08:00,13.75,13.85,13.65,13.65,3425,0,8600.0,CE
2015-08-27 13:09:00,13.85,13.9,13.65,13.9,3975,0,8600.0,CE
2015-08-27 13:10:00,13.75,14.15,13.75,14.15,3475,0,8600.0,CE
2015-08-27 13:11:00,14.15,14.3,14.05,14.3,6475,0,8600.0,CE
2015-08-27 13:12:00,14.2,14.4,14.2,14.25,1200,0,8600.0,CE
2015-08-27 13:13:00,14.3,14.7,14.3,14.65,8025,0,8600.0,CE
2015-08-27 13:14:00,14.55,14.7,14.25,14.4,10100,0,8600.0,CE
2015-08-27 13:15:00,14.25,14.35,13.85,13.9,10800,0,8600.0,CE
2015-08-27 13:16:00,14.05,14.2,13.85,13.9,1675,0,8600.0,CE
2015-08-27 13:17:00,13.85,13.85,13.85,13.85,275,0,8600.0,CE
2015-08-27 13:18:00,13.85,14.0,13.85,13.9,1850,0,8600.0,CE
2015-08-27 13:19:00,13.95,14.0,13.8,13.95,1500,0,8600.0,CE
2015-08-27 13:20:00,14.05,14.2,13.8,14.05,975,0,8600.0,CE
2015-08-27 13:21:00,14.0,14.15,13.6,13.6,2300,0,8600.0,CE
2015-08-27 13:22:00,13.6,14.2,13.6,14.1,5850,0,8600.0,CE
2015-08-27 13:23:00,14.2,14.4,13.85,14.35,14700,0,8600.0,CE
2015-08-27 13:24:00,14.15,14.6,14.0,14.55,4975,0,8600.0,CE
2015-08-27 13:25:00,14.5,14.9,14.15,14.65,25100,0,8600.0,CE
2015-08-27 13:26:00,14.65,14.65,13.8,13.95,7350,0,8600.0,CE
2015-08-27 13:27:00,13.95,14.15,13.7,13.75,6300,0,8600.0,CE
2015-08-27 13:28:00,13.55,14.65,13.55,14.5,6550,0,8600.0,CE
2015-08-27 13:29:00,14.6,15.0,14.6,14.85,3000,0,8600.0,CE
2015-08-27 13:30:00,14.9,15.2,14.9,15.1,3025,0,8600.0,CE
2015-08-27 13:31:00,15.05,15.2,14.8,14.85,10025,0,8600.0,CE
2015-08-27 13:32:00,15.0,15.25,15.0,15.05,8425,0,8600.0,CE
2015-08-27 13:33:00,15.05,15.1,14.8,14.85,15075,0,8600.0,CE
2015-08-27 13:34:00,14.85,15.05,14.65,15.05,4700,0,8600.0,CE
2015-08-27 13:35:00,15.2,15.2,14.6,14.7,16500,0,8600.0,CE
2015-08-27 13:36:00,14.75,14.9,13.9,14.05,8175,0,8600.0,CE
2015-08-27 13:37:00,14.05,14.1,13.7,14.0,26025,0,8600.0,CE
2015-08-27 13:38:00,14.2,14.55,14.15,14.35,3650,0,8600.0,CE
2015-08-27 13:39:00,14.35,14.45,14.2,14.45,1900,0,8600.0,CE
2015-08-27 13:40:00,14.4,14.65,14.2,14.65,3325,0,8600.0,CE
2015-08-27 13:41:00,14.65,14.65,14.6,14.6,1300,0,8600.0,CE
2015-08-27 13:42:00,14.7,15.0,14.7,14.7,3375,0,8600.0,CE
2015-08-27 13:43:00,14.75,14.8,14.2,14.4,14275,0,8600.0,CE
2015-08-27 13:44:00,13.75,14.2,13.75,14.15,16100,0,8600.0,CE
2015-08-27 13:45:00,14.25,15.05,14.15,15.05,24100,0,8600.0,CE
2015-08-27 13:46:00,14.8,14.8,14.35,14.7,3900,0,8600.0,CE
2015-08-27 13:47:00,14.65,14.7,14.45,14.7,1950,0,8600.0,CE
2015-08-27 13:48:00,14.7,14.75,14.4,14.75,1700,0,8600.0,CE
2015-08-27 13:49:00,14.7,14.7,14.6,14.65,475,0,8600.0,CE
2015-08-27 13:50:00,14.6,14.7,14.3,14.7,11375,0,8600.0,CE
2015-08-27 13:51:00,14.8,14.85,14.45,14.45,2100,0,8600.0,CE
2015-08-27 13:52:00,14.5,14.5,14.15,14.2,675,0,8600.0,CE
2015-08-27 13:53:00,14.0,14.2,14.0,14.1,875,0,8600.0,CE
2015-08-27 13:54:00,14.0,14.25,14.0,14.25,125,0,8600.0,CE
2015-08-27 13:55:00,14.0,14.0,13.65,13.7,1375,0,8600.0,CE
2015-08-27 13:56:00,13.75,14.25,13.75,14.25,1125,0,8600.0,CE
2015-08-27 13:57:00,14.25,14.25,14.15,14.15,525,0,8600.0,CE
2015-08-27 13:58:00,14.05,14.25,13.85,13.85,125,0,8600.0,CE
2015-08-27 13:59:00,13.95,14.35,13.9,13.9,4500,0,8600.0,CE
2015-08-27 14:00:00,13.95,14.25,13.95,14.1,450,0,8600.0,CE
2015-08-27 14:01:00,14.25,14.4,14.1,14.4,2275,0,8600.0,CE
2015-08-27 14:02:00,14.4,14.7,14.4,14.4,1000,0,8600.0,CE
2015-08-27 14:03:00,14.7,14.7,14.5,14.5,1350,0,8600.0,CE
2015-08-27 14:04:00,14.4,14.7,14.4,14.7,800,0,8600.0,CE
2015-08-27 14:05:00,14.5,14.8,14.45,14.8,4350,0,8600.0,CE
2015-08-27 14:06:00,14.55,14.8,14.55,14.8,525,0,8600.0,CE
2015-08-27 14:07:00,14.85,14.9,14.8,14.85,1550,0,8600.0,CE
2015-08-27 14:08:00,14.8,14.9,14.65,14.75,3600,0,8600.0,CE
2015-08-27 14:09:00,14.65,14.9,14.55,14.6,1075,0,8600.0,CE
2015-08-27 14:10:00,14.75,14.9,14.75,14.9,1075,0,8600.0,CE
2015-08-27 14:11:00,14.85,14.85,14.8,14.8,350,0,8600.0,CE
2015-08-27 14:12:00,14.9,14.9,14.9,14.9,750,0,8600.0,CE
2015-08-27 14:13:00,14.9,15.4,14.8,15.4,8450,0,8600.0,CE
2015-08-27 14:14:00,15.3,15.45,15.1,15.3,4625,0,8600.0,CE
2015-08-27 14:15:00,15.2,15.2,15.1,15.15,800,0,8600.0,CE
2015-08-27 14:16:00,15.15,15.35,15.1,15.1,6500,0,8600.0,CE
2015-08-27 14:17:00,15.25,15.25,14.9,15.15,3150,0,8600.0,CE
2015-08-27 14:18:00,15.3,15.35,15.1,15.35,2450,0,8600.0,CE
2015-08-27 14:19:00,15.4,15.6,15.4,15.4,1650,0,8600.0,CE
2015-08-27 14:20:00,15.65,15.8,15.5,15.8,2600,0,8600.0,CE
2015-08-27 14:21:00,15.7,15.8,15.5,15.8,9375,0,8600.0,CE
2015-08-27 14:22:00,15.8,15.95,15.8,15.95,275,0,8600.0,CE
2015-08-27 14:23:00,15.95,16.0,15.85,16.0,2675,0,8600.0,CE
2015-08-27 14:24:00,15.85,16.0,15.85,15.85,4800,0,8600.0,CE
2015-08-27 14:25:00,16.0,16.0,15.7,15.7,2400,0,8600.0,CE
2015-08-27 14:26:00,15.6,15.75,15.6,15.65,400,0,8600.0,CE
2015-08-27 14:27:00,15.6,15.75,15.5,15.7,2500,0,8600.0,CE
2015-08-27 14:28:00,15.6,15.75,15.6,15.6,1475,0,8600.0,CE
2015-08-27 14:29:00,15.6,15.7,15.4,15.5,6375,0,8600.0,CE
2015-08-27 14:30:00,15.55,15.95,15.55,15.95,6750,0,8600.0,CE
2015-08-27 14:31:00,15.9,16.35,15.9,16.05,11125,0,8600.0,CE
2015-08-27 14:32:00,16.0,16.4,16.0,16.25,12675,0,8600.0,CE
2015-08-27 14:33:00,16.3,16.3,15.85,15.85,13125,0,8600.0,CE
2015-08-27 14:34:00,15.8,16.0,15.75,15.9,8475,0,8600.0,CE
2015-08-27 14:35:00,15.7,15.95,15.6,15.8,4575,0,8600.0,CE
2015-08-27 14:36:00,16.0,16.05,15.75,16.0,18750,0,8600.0,CE
2015-08-27 14:37:00,15.9,16.05,15.8,16.05,2425,0,8600.0,CE
2015-08-27 14:38:00,15.95,16.3,15.85,15.95,800,0,8600.0,CE
2015-08-27 14:39:00,16.1,16.35,15.95,16.3,725,0,8600.0,CE
2015-08-27 14:40:00,16.5,16.5,16.2,16.2,4350,0,8600.0,CE
2015-08-27 14:41:00,16.25,16.4,16.1,16.1,15275,0,8600.0,CE
2015-08-27 14:42:00,16.1,16.2,15.65,15.65,3300,0,8600.0,CE
2015-08-27 14:43:00,15.6,16.2,15.5,16.2,1625,0,8600.0,CE
2015-08-27 14:44:00,16.0,16.0,15.85,15.85,1100,0,8600.0,CE
2015-08-27 14:45:00,16.05,16.3,15.85,16.3,1800,0,8600.0,CE
2015-08-27 14:46:00,16.2,16.3,16.05,16.05,1600,0,8600.0,CE
2015-08-27 14:47:00,16.2,16.2,16.0,16.0,1025,0,8600.0,CE
2015-08-27 14:48:00,16.15,16.25,16.1,16.1,2275,0,8600.0,CE
2015-08-27 14:49:00,16.1,16.1,15.85,16.05,1975,0,8600.0,CE
2015-08-27 14:50:00,16.1,16.2,15.8,16.2,2250,0,8600.0,CE
2015-08-27 14:51:00,16.3,16.3,16.1,16.2,5800,0,8600.0,CE
2015-08-27 14:52:00,16.2,16.35,16.0,16.0,9825,0,8600.0,CE
2015-08-27 14:53:00,15.9,15.9,15.6,15.7,2250,0,8600.0,CE
2015-08-27 14:54:00,15.7,15.7,15.2,15.2,7900,0,8600.0,CE
2015-08-27 14:55:00,15.2,15.5,15.2,15.45,4650,0,8600.0,CE
2015-08-27 14:56:00,15.25,15.45,15.0,15.25,2775,0,8600.0,CE
2015-08-27 14:57:00,15.2,15.2,15.0,15.05,2200,0,8600.0,CE
2015-08-27 14:58:00,15.05,15.1,15.0,15.0,6200,0,8600.0,CE
2015-08-27 14:59:00,14.9,15.15,14.85,15.15,5900,0,8600.0,CE
2015-08-27 15:00:00,15.1,15.35,14.8,14.8,5875,0,8600.0,CE
2015-08-27 15:01:00,15.0,15.0,14.8,14.85,5500,0,8600.0,CE
2015-08-27 15:02:00,15.0,15.25,14.95,15.25,2825,0,8600.0,CE
2015-08-27 15:03:00,15.25,15.45,15.25,15.4,4225,0,8600.0,CE
2015-08-27 15:04:00,15.45,15.75,15.3,15.55,6300,0,8600.0,CE
2015-08-27 15:05:00,15.5,15.6,15.35,15.6,5550,0,8600.0,CE
2015-08-27 15:06:00,15.4,15.7,15.4,15.6,10075,0,8600.0,CE
2015-08-27 15:07:00,15.6,15.85,15.55,15.85,3750,0,8600.0,CE
2015-08-27 15:08:00,15.65,16.0,15.6,15.65,6525,0,8600.0,CE
2015-08-27 15:09:00,15.6,15.6,15.45,15.5,3175,0,8600.0,CE
2015-08-27 15:10:00,15.5,15.7,15.5,15.7,3700,0,8600.0,CE
2015-08-27 15:11:00,15.5,15.9,15.5,15.7,7125,0,8600.0,CE
2015-08-27 15:12:00,15.7,16.0,15.7,16.0,5275,0,8600.0,CE
2015-08-27 15:13:00,15.9,16.0,15.7,15.75,1400,0,8600.0,CE
2015-08-27 15:14:00,15.75,16.0,15.75,15.75,3250,0,8600.0,CE
2015-08-27 15:15:00,15.75,15.8,15.6,15.7,6150,0,8600.0,CE
2015-08-27 15:16:00,15.8,15.8,15.6,15.8,3300,0,8600.0,CE
2015-08-27 15:17:00,15.7,16.0,15.7,15.7,2900,0,8600.0,CE
2015-08-27 15:18:00,15.8,16.0,15.8,16.0,7350,0,8600.0,CE
2015-08-27 15:19:00,16.2,16.2,15.9,16.05,5850,0,8600.0,CE
2015-08-27 15:20:00,16.0,16.3,15.9,16.3,7150,0,8600.0,CE
2015-08-27 15:21:00,16.2,16.25,16.05,16.25,8975,0,8600.0,CE
2015-08-27 15:22:00,16.2,16.45,16.2,16.4,12950,0,8600.0,CE
2015-08-27 15:23:00,16.4,16.5,16.25,16.45,9350,0,8600.0,CE
2015-08-27 15:24:00,16.45,16.55,16.25,16.25,7125,0,8600.0,CE
2015-08-27 15:25:00,16.2,16.4,16.0,16.2,13475,0,8600.0,CE
2015-08-27 15:26:00,16.2,16.45,16.15,16.25,3600,0,8600.0,CE
2015-08-27 15:27:00,16.3,16.5,16.25,16.35,2825,0,8600.0,CE
2015-08-27 15:28:00,16.35,16.4,15.65,15.85,16325,0,8600.0,CE
2015-08-27 15:29:00,15.8,15.95,15.3,15.95,24325,0,8600.0,CE
2015-08-28 09:15:00,19.6,21.7,18.0,19.05,50925,0,8600.0,CE
2015-08-28 09:16:00,18.9,19.2,18.0,18.0,43750,0,8600.0,CE
2015-08-28 09:17:00,17.9,18.45,16.75,18.45,93700,0,8600.0,CE
2015-08-28 09:18:00,18.6,19.15,18.6,18.9,40400,0,8600.0,CE
2015-08-28 09:19:00,18.8,18.9,18.1,18.85,36475,0,8600.0,CE
2015-08-28 09:20:00,18.8,20.05,18.8,20.05,33750,0,8600.0,CE
2015-08-28 09:21:00,19.8,19.8,18.85,19.3,30475,0,8600.0,CE
2015-08-28 09:22:00,19.3,19.3,18.8,19.15,12050,0,8600.0,CE
2015-08-28 09:23:00,19.1,19.1,17.5,17.85,32075,0,8600.0,CE
2015-08-28 09:24:00,17.95,18.45,17.45,18.45,31400,0,8600.0,CE
2015-08-28 09:25:00,18.2,18.9,18.0,18.2,41125,0,8600.0,CE
2015-08-28 09:26:00,18.1,18.9,18.1,18.65,16750,0,8600.0,CE
2015-08-28 09:27:00,18.7,18.7,17.65,17.65,31175,0,8600.0,CE
2015-08-28 09:28:00,17.7,18.45,17.7,18.1,23825,0,8600.0,CE
2015-08-28 09:29:00,17.9,18.5,17.4,18.35,19600,0,8600.0,CE
2015-08-28 09:30:00,18.15,18.55,18.05,18.55,8100,0,8600.0,CE
2015-08-28 09:31:00,18.65,18.85,18.5,18.8,9875,0,8600.0,CE
2015-08-28 09:32:00,18.7,18.8,18.5,18.75,18375,0,8600.0,CE
2015-08-28 09:33:00,18.65,18.8,18.5,18.5,9250,0,8600.0,CE
2015-08-28 09:34:00,18.5,18.75,18.5,18.7,10575,0,8600.0,CE
2015-08-28 09:35:00,18.75,18.9,18.6,18.7,12475,0,8600.0,CE
2015-08-28 09:36:00,18.65,18.8,18.4,18.55,21125,0,8600.0,CE
2015-08-28 09:37:00,18.55,18.7,18.5,18.65,8425,0,8600.0,CE
2015-08-28 09:38:00,18.7,18.7,17.9,17.9,14150,0,8600.0,CE
2015-08-28 09:39:00,17.95,18.45,17.7,17.75,32325,0,8600.0,CE
2015-08-28 09:40:00,17.8,18.3,17.65,18.15,18575,0,8600.0,CE
2015-08-28 09:41:00,18.25,18.45,18.15,18.25,9900,0,8600.0,CE
2015-08-28 09:42:00,18.3,18.45,18.05,18.15,18900,0,8600.0,CE
2015-08-28 09:43:00,18.05,18.25,18.05,18.05,14400,0,8600.0,CE
2015-08-28 09:44:00,18.15,18.15,17.95,18.0,6000,0,8600.0,CE
2015-08-28 09:45:00,18.05,18.05,17.7,17.8,6625,0,8600.0,CE
2015-08-28 09:46:00,17.9,18.05,17.75,17.85,9775,0,8600.0,CE
2015-08-28 09:47:00,17.9,17.95,17.55,17.55,8725,0,8600.0,CE
2015-08-28 09:48:00,17.7,17.9,17.55,17.9,6350,0,8600.0,CE
2015-08-28 09:49:00,17.8,17.9,17.65,17.9,10450,0,8600.0,CE
2015-08-28 09:50:00,17.85,18.0,17.75,17.9,13750,0,8600.0,CE
2015-08-28 09:51:00,17.95,17.95,17.75,17.75,12850,0,8600.0,CE
2015-08-28 09:52:00,17.8,17.9,17.7,17.9,19250,0,8600.0,CE
2015-08-28 09:53:00,17.9,18.05,17.75,17.75,14525,0,8600.0,CE
2015-08-28 09:54:00,17.75,17.8,17.6,17.7,7700,0,8600.0,CE
2015-08-28 09:55:00,17.65,17.65,17.55,17.65,2800,0,8600.0,CE
2015-08-28 09:56:00,17.65,17.65,17.25,17.4,14125,0,8600.0,CE
2015-08-28 09:57:00,17.4,17.4,17.05,17.1,8400,0,8600.0,CE
2015-08-28 09:58:00,17.15,17.2,16.9,17.0,11975,0,8600.0,CE
2015-08-28 09:59:00,17.05,17.2,17.0,17.15,26875,0,8600.0,CE
2015-08-28 10:00:00,17.2,17.5,17.2,17.45,14625,0,8600.0,CE
2015-08-28 10:01:00,17.4,18.0,17.25,17.85,28525,0,8600.0,CE
2015-08-28 10:02:00,17.8,17.85,17.65,17.75,5100,0,8600.0,CE
2015-08-28 10:03:00,17.7,17.85,17.65,17.7,11175,0,8600.0,CE
2015-08-28 10:04:00,17.7,18.05,17.7,17.95,9000,0,8600.0,CE
2015-08-28 10:05:00,18.0,18.25,17.8,18.2,26650,0,8600.0,CE
2015-08-28 10:06:00,18.15,18.3,18.0,18.3,9325,0,8600.0,CE
2015-08-28 10:07:00,18.25,18.35,18.0,18.2,6425,0,8600.0,CE
2015-08-28 10:08:00,18.25,18.4,18.1,18.1,16350,0,8600.0,CE
2015-08-28 10:09:00,18.1,18.2,17.9,18.2,11175,0,8600.0,CE
2015-08-28 10:10:00,18.25,18.85,18.25,18.4,17175,0,8600.0,CE
2015-08-28 10:11:00,18.5,18.8,18.45,18.5,8000,0,8600.0,CE
2015-08-28 10:12:00,18.5,18.55,17.85,17.9,20800,0,8600.0,CE
2015-08-28 10:13:00,17.9,18.25,17.8,17.85,14425,0,8600.0,CE
2015-08-28 10:14:00,17.8,18.1,17.8,17.95,6400,0,8600.0,CE
2015-08-28 10:15:00,17.95,18.1,17.95,18.0,5525,0,8600.0,CE
2015-08-28 10:16:00,18.0,18.15,17.8,18.1,12500,0,8600.0,CE
2015-08-28 10:17:00,18.15,18.25,17.9,18.0,5475,0,8600.0,CE
2015-08-28 10:18:00,18.0,18.05,17.85,18.0,6500,0,8600.0,CE
2015-08-28 10:19:00,18.2,18.2,17.9,18.0,2575,0,8600.0,CE
2015-08-28 10:20:00,18.15,18.4,18.1,18.35,5150,0,8600.0,CE
2015-08-28 10:21:00,18.3,18.5,18.2,18.4,13375,0,8600.0,CE
2015-08-28 10:22:00,18.25,18.45,18.1,18.1,24525,0,8600.0,CE
2015-08-28 10:23:00,18.15,18.3,17.95,18.0,6050,0,8600.0,CE
2015-08-28 10:24:00,18.0,18.2,18.0,18.2,1375,0,8600.0,CE
2015-08-28 10:25:00,18.1,18.4,18.05,18.4,3550,0,8600.0,CE
2015-08-28 10:26:00,18.5,18.7,18.4,18.6,28950,0,8600.0,CE
2015-08-28 10:27:00,18.55,18.65,18.25,18.25,12550,0,8600.0,CE
2015-08-28 10:28:00,18.25,18.35,18.0,18.05,9625,0,8600.0,CE
2015-08-28 10:29:00,17.95,18.4,17.95,18.25,6250,0,8600.0,CE
2015-08-28 10:30:00,18.25,18.5,18.15,18.2,13700,0,8600.0,CE
2015-08-28 10:31:00,18.2,18.35,18.05,18.05,3200,0,8600.0,CE
2015-08-28 10:32:00,18.05,18.3,18.05,18.3,3100,0,8600.0,CE
2015-08-28 10:33:00,18.3,18.3,18.1,18.1,3975,0,8600.0,CE
2015-08-28 10:34:00,18.1,18.15,17.9,18.0,10825,0,8600.0,CE
2015-08-28 10:35:00,17.95,18.25,17.95,18.2,3525,0,8600.0,CE
2015-08-28 10:36:00,18.3,18.5,18.3,18.3,7250,0,8600.0,CE
2015-08-28 10:37:00,18.45,18.5,18.05,18.05,8400,0,8600.0,CE
2015-08-28 10:38:00,18.15,18.15,17.8,17.8,8100,0,8600.0,CE
2015-08-28 10:39:00,17.8,18.0,17.7,17.75,23875,0,8600.0,CE
2015-08-28 10:40:00,17.8,18.0,17.6,17.75,20425,0,8600.0,CE
2015-08-28 10:41:00,17.7,17.75,17.45,17.6,24225,0,8600.0,CE
2015-08-28 10:42:00,17.7,17.95,17.7,17.95,2850,0,8600.0,CE
2015-08-28 10:43:00,17.95,18.0,17.75,17.85,6875,0,8600.0,CE
2015-08-28 10:44:00,17.85,18.0,17.85,17.85,2050,0,8600.0,CE
2015-08-28 10:45:00,17.9,18.0,17.75,17.85,3725,0,8600.0,CE
2015-08-28 10:46:00,17.85,17.9,17.75,17.8,2075,0,8600.0,CE
2015-08-28 10:47:00,17.7,17.75,17.55,17.6,2925,0,8600.0,CE
2015-08-28 10:48:00,17.6,17.65,17.55,17.55,1650,0,8600.0,CE
2015-08-28 10:49:00,17.6,17.85,17.55,17.65,8550,0,8600.0,CE
2015-08-28 10:50:00,17.65,17.85,17.55,17.8,9925,0,8600.0,CE
2015-08-28 10:51:00,17.75,17.8,17.65,17.75,4050,0,8600.0,CE
2015-08-28 10:52:00,17.6,17.65,17.6,17.65,1425,0,8600.0,CE
2015-08-28 10:53:00,17.6,17.7,17.55,17.7,925,0,8600.0,CE
2015-08-28 10:54:00,17.65,17.85,17.6,17.7,3975,0,8600.0,CE
2015-08-28 10:55:00,17.7,17.75,17.5,17.5,4750,0,8600.0,CE
2015-08-28 10:56:00,17.65,18.0,17.65,18.0,11725,0,8600.0,CE
2015-08-28 10:57:00,18.0,18.2,17.9,18.2,10175,0,8600.0,CE
2015-08-28 10:58:00,18.2,18.2,18.05,18.2,8325,0,8600.0,CE
2015-08-28 10:59:00,18.15,18.35,18.15,18.15,4600,0,8600.0,CE
2015-08-28 11:00:00,18.05,18.05,17.7,17.85,8150,0,8600.0,CE
2015-08-28 11:01:00,17.8,17.85,17.7,17.75,2950,0,8600.0,CE
2015-08-28 11:02:00,17.85,18.0,17.65,17.75,4750,0,8600.0,CE
2015-08-28 11:03:00,17.65,17.85,17.6,17.85,8100,0,8600.0,CE
2015-08-28 11:04:00,17.9,17.95,17.6,17.7,7875,0,8600.0,CE
2015-08-28 11:05:00,17.8,17.95,17.8,17.9,8675,0,8600.0,CE
2015-08-28 11:06:00,17.75,17.8,17.6,17.8,2250,0,8600.0,CE
2015-08-28 11:07:00,17.8,17.8,17.6,17.7,9475,0,8600.0,CE
2015-08-28 11:08:00,17.7,17.95,17.65,17.85,11675,0,8600.0,CE
2015-08-28 11:09:00,17.8,17.8,17.65,17.75,1325,0,8600.0,CE
2015-08-28 11:10:00,17.7,17.8,17.65,17.75,2000,0,8600.0,CE
2015-08-28 11:11:00,17.85,17.85,17.7,17.8,1175,0,8600.0,CE
2015-08-28 11:12:00,17.8,17.8,17.7,17.8,2125,0,8600.0,CE
2015-08-28 11:13:00,17.75,17.8,17.7,17.75,1550,0,8600.0,CE
2015-08-28 11:14:00,17.7,17.85,17.7,17.8,3825,0,8600.0,CE
2015-08-28 11:15:00,17.75,17.8,17.55,17.65,8475,0,8600.0,CE
2015-08-28 11:16:00,17.6,17.8,17.6,17.8,2925,0,8600.0,CE
2015-08-28 11:17:00,17.7,17.75,17.55,17.6,4450,0,8600.0,CE
2015-08-28 11:18:00,17.6,17.6,17.45,17.55,4875,0,8600.0,CE
2015-08-28 11:19:00,17.6,17.65,17.5,17.5,900,0,8600.0,CE
2015-08-28 11:20:00,17.4,17.4,17.4,17.4,125,0,8600.0,CE
2015-08-28 11:21:00,17.35,17.45,17.25,17.35,4575,0,8600.0,CE
2015-08-28 11:22:00,17.35,17.45,17.35,17.4,2025,0,8600.0,CE
2015-08-28 11:23:00,17.4,17.45,17.3,17.4,3900,0,8600.0,CE
2015-08-28 11:24:00,17.45,17.5,17.25,17.25,1425,0,8600.0,CE
2015-08-28 11:25:00,17.25,17.35,16.6,16.6,17450,0,8600.0,CE
2015-08-28 11:26:00,17.05,17.1,16.9,17.05,8125,0,8600.0,CE
2015-08-28 11:27:00,17.15,17.35,17.1,17.2,8075,0,8600.0,CE
2015-08-28 11:28:00,17.2,17.3,17.15,17.25,2175,0,8600.0,CE
2015-08-28 11:29:00,17.2,17.4,17.2,17.3,7025,0,8600.0,CE
2015-08-28 11:30:00,17.45,17.5,17.45,17.5,375,0,8600.0,CE
2015-08-28 11:31:00,17.5,17.6,17.35,17.5,7275,0,8600.0,CE
2015-08-28 11:32:00,17.55,17.75,17.55,17.75,6600,0,8600.0,CE
2015-08-28 11:33:00,17.7,17.8,17.6,17.7,1925,0,8600.0,CE
2015-08-28 11:34:00,17.7,18.0,17.7,17.9,8100,0,8600.0,CE
2015-08-28 11:35:00,17.9,18.15,17.9,18.1,9650,0,8600.0,CE
2015-08-28 11:36:00,18.0,18.1,17.9,18.05,3150,0,8600.0,CE
2015-08-28 11:37:00,18.1,18.2,18.0,18.05,1150,0,8600.0,CE
2015-08-28 11:38:00,18.05,18.1,18.0,18.0,3250,0,8600.0,CE
2015-08-28 11:39:00,18.0,18.1,18.0,18.0,1475,0,8600.0,CE
2015-08-28 11:40:00,17.95,18.0,17.75,17.95,6450,0,8600.0,CE
2015-08-28 11:41:00,17.85,18.1,17.8,18.1,6375,0,8600.0,CE
2015-08-28 11:42:00,18.1,18.15,17.95,18.0,3300,0,8600.0,CE
2015-08-28 11:43:00,17.9,18.1,17.9,18.0,2200,0,8600.0,CE
2015-08-28 11:44:00,18.0,18.05,17.9,18.05,1850,0,8600.0,CE
2015-08-28 11:45:00,17.9,18.0,17.8,17.8,725,0,8600.0,CE
2015-08-28 11:46:00,17.9,18.0,17.8,17.9,1825,0,8600.0,CE
2015-08-28 11:47:00,17.8,18.0,17.8,17.9,1650,0,8600.0,CE
2015-08-28 11:48:00,17.8,17.9,17.8,17.8,1500,0,8600.0,CE
2015-08-28 11:49:00,17.85,18.05,17.85,18.0,3700,0,8600.0,CE
2015-08-28 11:50:00,17.8,18.0,17.8,18.0,5700,0,8600.0,CE
2015-08-28 11:51:00,18.0,18.0,17.8,17.9,1925,0,8600.0,CE
2015-08-28 11:52:00,17.9,18.0,17.85,18.0,3375,0,8600.0,CE
2015-08-28 11:53:00,18.0,18.1,18.0,18.1,2775,0,8600.0,CE
2015-08-28 11:54:00,18.1,18.2,18.1,18.1,1075,0,8600.0,CE
2015-08-28 11:55:00,18.1,18.25,17.9,18.1,4575,0,8600.0,CE
2015-08-28 11:56:00,18.2,18.2,18.05,18.2,4150,0,8600.0,CE
2015-08-28 11:57:00,18.2,18.2,18.05,18.05,900,0,8600.0,CE
2015-08-28 11:58:00,18.1,18.25,18.1,18.2,3875,0,8600.0,CE
2015-08-28 11:59:00,18.15,18.2,18.1,18.1,3050,0,8600.0,CE
2015-08-28 12:00:00,18.05,18.2,18.05,18.2,5000,0,8600.0,CE
2015-08-28 12:01:00,18.25,18.25,18.05,18.05,975,0,8600.0,CE
2015-08-28 12:02:00,17.95,18.35,17.9,18.2,10700,0,8600.0,CE
2015-08-28 12:03:00,18.15,18.3,18.1,18.3,5400,0,8600.0,CE
2015-08-28 12:04:00,18.3,18.4,18.25,18.4,3775,0,8600.0,CE
2015-08-28 12:05:00,18.45,18.45,18.3,18.45,4250,0,8600.0,CE
2015-08-28 12:06:00,18.45,18.5,18.35,18.35,4075,0,8600.0,CE
2015-08-28 12:07:00,18.45,18.45,18.35,18.4,1375,0,8600.0,CE
2015-08-28 12:08:00,18.4,18.45,18.3,18.4,3025,0,8600.0,CE
2015-08-28 12:09:00,18.3,18.35,18.1,18.35,4450,0,8600.0,CE
2015-08-28 12:10:00,18.2,18.35,18.1,18.15,4375,0,8600.0,CE
2015-08-28 12:11:00,18.05,18.2,18.05,18.1,2550,0,8600.0,CE
2015-08-28 12:12:00,18.2,18.3,18.1,18.15,4275,0,8600.0,CE
2015-08-28 12:13:00,18.25,18.3,18.15,18.25,4375,0,8600.0,CE
2015-08-28 12:14:00,18.2,18.4,18.15,18.35,7075,0,8600.0,CE
2015-08-28 12:15:00,18.35,18.45,18.3,18.4,9425,0,8600.0,CE
2015-08-28 12:16:00,18.3,18.35,18.2,18.2,2700,0,8600.0,CE
2015-08-28 12:17:00,18.25,18.35,18.25,18.35,3050,0,8600.0,CE
2015-08-28 12:18:00,18.35,18.4,18.3,18.4,2025,0,8600.0,CE
2015-08-28 12:19:00,18.3,18.3,18.15,18.3,3975,0,8600.0,CE
2015-08-28 12:20:00,18.3,18.3,17.95,18.05,4575,0,8600.0,CE
2015-08-28 12:21:00,18.05,18.25,17.9,17.9,13100,0,8600.0,CE
2015-08-28 12:22:00,18.0,18.1,17.9,17.9,7525,0,8600.0,CE
2015-08-28 12:23:00,17.9,18.05,17.85,17.85,3975,0,8600.0,CE
2015-08-28 12:24:00,17.7,17.85,17.4,17.85,10050,0,8600.0,CE
2015-08-28 12:25:00,17.8,17.9,17.6,17.9,5300,0,8600.0,CE
2015-08-28 12:26:00,17.7,18.05,17.7,17.95,3350,0,8600.0,CE
2015-08-28 12:27:00,17.9,18.1,17.8,18.0,3075,0,8600.0,CE
2015-08-28 12:28:00,17.9,18.05,17.9,18.0,1725,0,8600.0,CE
2015-08-28 12:29:00,18.0,18.0,17.9,17.9,1000,0,8600.0,CE
2015-08-28 12:30:00,18.1,18.25,17.85,18.2,4675,0,8600.0,CE
2015-08-28 12:31:00,18.15,18.2,17.9,18.1,2875,0,8600.0,CE
2015-08-28 12:32:00,18.0,18.1,17.95,18.05,1175,0,8600.0,CE
2015-08-28 12:33:00,18.2,18.2,18.15,18.15,500,0,8600.0,CE
2015-08-28 12:34:00,18.15,18.3,18.05,18.3,3000,0,8600.0,CE
2015-08-28 12:35:00,18.4,18.4,18.2,18.35,3275,0,8600.0,CE
2015-08-28 12:36:00,18.35,18.35,17.9,18.1,7500,0,8600.0,CE
2015-08-28 12:37:00,18.05,18.25,18.0,18.25,4075,0,8600.0,CE
2015-08-28 12:38:00,18.2,18.45,18.15,18.45,2100,0,8600.0,CE
2015-08-28 12:39:00,18.35,18.45,18.3,18.35,1875,0,8600.0,CE
2015-08-28 12:40:00,18.4,18.45,18.25,18.45,2600,0,8600.0,CE
2015-08-28 12:41:00,18.35,18.35,18.25,18.3,1050,0,8600.0,CE
2015-08-28 12:42:00,18.2,18.45,18.2,18.35,2725,0,8600.0,CE
2015-08-28 12:43:00,18.35,18.45,18.25,18.4,900,0,8600.0,CE
2015-08-28 12:44:00,18.35,18.45,18.3,18.45,825,0,8600.0,CE
2015-08-28 12:45:00,18.45,18.45,18.0,18.1,5375,0,8600.0,CE
2015-08-28 12:46:00,18.1,18.3,18.0,18.2,11075,0,8600.0,CE
2015-08-28 12:47:00,18.2,18.3,18.05,18.05,6800,0,8600.0,CE
2015-08-28 12:48:00,18.05,18.25,18.0,18.0,6425,0,8600.0,CE
2015-08-28 12:49:00,18.1,18.25,18.0,18.05,6125,0,8600.0,CE
2015-08-28 12:50:00,18.0,18.2,18.0,18.15,5200,0,8600.0,CE
2015-08-28 12:51:00,18.15,18.95,18.15,18.6,24825,0,8600.0,CE
2015-08-28 12:52:00,18.7,18.9,18.4,18.65,13075,0,8600.0,CE
2015-08-28 12:53:00,18.6,18.9,18.35,18.7,7250,0,8600.0,CE
2015-08-28 12:54:00,18.65,18.7,18.4,18.6,9100,0,8600.0,CE
2015-08-28 12:55:00,18.55,18.55,17.8,18.05,20675,0,8600.0,CE
2015-08-28 12:56:00,17.85,18.3,17.8,17.9,10625,0,8600.0,CE
2015-08-28 12:57:00,17.9,18.0,17.85,18.0,1775,0,8600.0,CE
2015-08-28 12:58:00,18.05,18.15,17.7,17.7,7000,0,8600.0,CE
2015-08-28 12:59:00,17.7,17.8,17.1,17.4,21350,0,8600.0,CE
2015-08-28 13:00:00,17.35,17.4,16.25,16.25,29150,0,8600.0,CE
2015-08-28 13:01:00,16.5,16.85,16.3,16.7,14400,0,8600.0,CE
2015-08-28 13:02:00,16.7,16.9,16.6,16.9,6050,0,8600.0,CE
2015-08-28 13:03:00,16.9,17.05,16.7,17.05,7225,0,8600.0,CE
2015-08-28 13:04:00,17.05,17.05,16.75,16.85,3775,0,8600.0,CE
2015-08-28 13:05:00,16.85,17.0,16.7,16.7,5375,0,8600.0,CE
2015-08-28 13:06:00,16.55,16.75,16.2,16.25,12100,0,8600.0,CE
2015-08-28 13:07:00,16.2,16.7,16.0,16.55,12700,0,8600.0,CE
2015-08-28 13:08:00,16.55,16.55,16.2,16.4,4475,0,8600.0,CE
2015-08-28 13:09:00,16.5,16.55,16.2,16.45,4675,0,8600.0,CE
2015-08-28 13:10:00,16.45,16.45,16.0,16.35,9600,0,8600.0,CE
2015-08-28 13:11:00,16.25,16.25,15.85,16.15,9600,0,8600.0,CE
2015-08-28 13:12:00,16.1,16.1,15.9,15.9,5100,0,8600.0,CE
2015-08-28 13:13:00,15.9,16.0,15.7,15.85,7125,0,8600.0,CE
2015-08-28 13:14:00,15.9,15.9,15.3,15.3,25575,0,8600.0,CE
2015-08-28 13:15:00,15.3,15.35,14.75,15.3,41825,0,8600.0,CE
2015-08-28 13:16:00,15.3,15.3,14.7,15.15,36425,0,8600.0,CE
2015-08-28 13:17:00,15.1,15.4,15.05,15.3,13750,0,8600.0,CE
2015-08-28 13:18:00,15.45,15.45,15.2,15.25,4775,0,8600.0,CE
2015-08-28 13:19:00,15.3,15.6,15.3,15.4,5950,0,8600.0,CE
2015-08-28 13:20:00,15.4,15.4,14.65,14.65,14775,0,8600.0,CE
2015-08-28 13:21:00,14.75,14.95,14.65,14.8,12050,0,8600.0,CE
2015-08-28 13:22:00,14.85,14.95,14.1,14.7,25500,0,8600.0,CE
2015-08-28 13:23:00,14.75,15.15,14.65,15.0,17250,0,8600.0,CE
2015-08-28 13:24:00,14.85,15.3,14.85,15.05,14600,0,8600.0,CE
2015-08-28 13:25:00,15.05,15.05,14.35,14.35,12125,0,8600.0,CE
2015-08-28 13:26:00,14.35,14.7,14.0,14.3,39200,0,8600.0,CE
2015-08-28 13:27:00,14.35,14.5,13.85,14.25,32125,0,8600.0,CE
2015-08-28 13:28:00,14.4,14.85,14.25,14.8,16375,0,8600.0,CE
2015-08-28 13:29:00,14.85,14.9,14.25,14.75,10025,0,8600.0,CE
2015-08-28 13:30:00,14.65,14.9,14.5,14.55,8000,0,8600.0,CE
2015-08-28 13:31:00,14.5,14.5,13.3,13.5,57275,0,8600.0,CE
2015-08-28 13:32:00,13.5,13.9,13.2,13.75,28150,0,8600.0,CE
2015-08-28 13:33:00,13.75,14.15,13.75,14.15,14525,0,8600.0,CE
2015-08-28 13:34:00,14.2,14.4,14.0,14.4,4550,0,8600.0,CE
2015-08-28 13:35:00,14.35,14.4,13.9,14.15,9200,0,8600.0,CE
2015-08-28 13:36:00,14.0,14.75,14.0,14.65,19725,0,8600.0,CE
2015-08-28 13:37:00,14.6,14.7,14.35,14.7,20550,0,8600.0,CE
2015-08-28 13:38:00,14.7,14.7,14.25,14.25,4850,0,8600.0,CE
2015-08-28 13:39:00,14.2,14.35,13.75,14.0,14775,0,8600.0,CE
2015-08-28 13:40:00,13.95,14.15,13.85,14.15,10375,0,8600.0,CE
2015-08-28 13:41:00,14.2,14.25,13.9,14.2,15400,0,8600.0,CE
2015-08-28 13:42:00,14.45,14.6,14.3,14.35,10275,0,8600.0,CE
2015-08-28 13:43:00,14.45,14.45,14.1,14.4,6700,0,8600.0,CE
2015-08-28 13:44:00,14.45,14.45,14.05,14.4,4675,0,8600.0,CE
2015-08-28 13:45:00,14.35,14.55,14.15,14.35,6350,0,8600.0,CE
2015-08-28 13:46:00,14.4,14.5,14.15,14.5,14350,0,8600.0,CE
2015-08-28 13:47:00,14.5,14.7,14.4,14.6,13300,0,8600.0,CE
2015-08-28 13:48:00,14.55,14.65,14.35,14.5,8050,0,8600.0,CE
2015-08-28 13:49:00,14.55,14.6,14.3,14.35,2600,0,8600.0,CE
2015-08-28 13:50:00,14.35,14.4,14.15,14.4,4875,0,8600.0,CE
2015-08-28 13:51:00,14.4,14.4,13.75,14.15,24550,0,8600.0,CE
2015-08-28 13:52:00,14.15,14.15,13.75,14.1,15900,0,8600.0,CE
2015-08-28 13:53:00,13.85,14.65,13.75,14.45,27575,0,8600.0,CE
2015-08-28 13:54:00,14.55,14.55,14.2,14.4,13850,0,8600.0,CE
2015-08-28 13:55:00,14.35,14.7,14.15,14.7,11575,0,8600.0,CE
2015-08-28 13:56:00,14.5,14.85,14.4,14.8,14025,0,8600.0,CE
2015-08-28 13:57:00,14.85,15.1,14.7,15.0,22825,0,8600.0,CE
2015-08-28 13:58:00,14.95,15.0,14.7,14.7,6050,0,8600.0,CE
2015-08-28 13:59:00,14.75,15.0,14.75,14.9,4775,0,8600.0,CE
2015-08-28 14:00:00,14.85,14.85,14.7,14.8,19150,0,8600.0,CE
2015-08-28 14:01:00,14.8,15.0,14.75,14.75,14275,0,8600.0,CE
2015-08-28 14:02:00,14.65,15.1,14.55,15.0,8300,0,8600.0,CE
2015-08-28 14:03:00,14.95,15.35,14.85,15.15,18925,0,8600.0,CE
2015-08-28 14:04:00,15.2,15.25,14.75,14.8,11900,0,8600.0,CE
2015-08-28 14:05:00,14.8,14.8,14.4,14.8,8475,0,8600.0,CE
2015-08-28 14:06:00,14.6,14.6,14.15,14.15,12200,0,8600.0,CE
2015-08-28 14:07:00,14.1,14.65,14.1,14.55,9225,0,8600.0,CE
2015-08-28 14:08:00,14.55,14.75,14.4,14.75,2325,0,8600.0,CE
2015-08-28 14:09:00,14.65,14.7,14.45,14.5,2300,0,8600.0,CE
2015-08-28 14:10:00,14.35,14.6,13.85,13.9,32250,0,8600.0,CE
2015-08-28 14:11:00,13.9,14.05,13.65,13.8,5000,0,8600.0,CE
2015-08-28 14:12:00,13.85,13.95,13.7,13.9,9300,0,8600.0,CE
2015-08-28 14:13:00,14.0,14.0,13.65,13.7,3825,0,8600.0,CE
2015-08-28 14:14:00,13.7,13.85,13.45,13.6,2575,0,8600.0,CE
2015-08-28 14:15:00,13.55,13.65,13.35,13.65,4525,0,8600.0,CE
2015-08-28 14:16:00,13.7,14.1,13.7,13.9,1975,0,8600.0,CE
2015-08-28 14:17:00,13.8,13.95,13.6,13.8,2350,0,8600.0,CE
2015-08-28 14:18:00,13.7,14.0,13.7,13.85,725,0,8600.0,CE
2015-08-28 14:19:00,13.9,14.25,13.7,14.0,10950,0,8600.0,CE
2015-08-28 14:20:00,13.95,14.05,13.85,13.9,5425,0,8600.0,CE
2015-08-28 14:21:00,13.85,13.9,13.7,13.9,2225,0,8600.0,CE
2015-08-28 14:22:00,13.9,13.9,13.2,13.35,5950,0,8600.0,CE
2015-08-28 14:23:00,13.5,13.7,13.25,13.65,2900,0,8600.0,CE
2015-08-28 14:24:00,13.5,14.0,13.5,13.85,3525,0,8600.0,CE
2015-08-28 14:25:00,13.8,14.1,13.8,14.0,5425,0,8600.0,CE
2015-08-28 14:26:00,14.1,14.3,14.1,14.1,8050,0,8600.0,CE
2015-08-28 14:27:00,14.1,14.5,14.1,14.25,6450,0,8600.0,CE
2015-08-28 14:28:00,14.25,14.3,14.15,14.25,1350,0,8600.0,CE
2015-08-28 14:29:00,14.2,14.5,14.05,14.05,3475,0,8600.0,CE
2015-08-28 14:30:00,13.85,14.1,13.65,14.05,1950,0,8600.0,CE
2015-08-28 14:31:00,14.05,14.05,13.7,13.8,4625,0,8600.0,CE
2015-08-28 14:32:00,13.75,14.0,13.5,13.7,7100,0,8600.0,CE
2015-08-28 14:33:00,13.75,14.25,13.75,13.9,6075,0,8600.0,CE
2015-08-28 14:34:00,13.85,14.25,13.8,14.05,5250,0,8600.0,CE
2015-08-28 14:35:00,13.8,14.3,13.8,14.15,10475,0,8600.0,CE
2015-08-28 14:36:00,14.3,14.4,13.75,13.9,8800,0,8600.0,CE
2015-08-28 14:37:00,13.95,14.15,13.6,13.65,8300,0,8600.0,CE
2015-08-28 14:38:00,13.85,14.25,13.65,14.25,13300,0,8600.0,CE
2015-08-28 14:39:00,14.25,14.35,13.95,14.15,7600,0,8600.0,CE
2015-08-28 14:40:00,14.35,14.5,14.15,14.4,11550,0,8600.0,CE
2015-08-28 14:41:00,14.4,14.4,13.95,13.95,5800,0,8600.0,CE
2015-08-28 14:42:00,14.05,14.3,14.05,14.2,5075,0,8600.0,CE
2015-08-28 14:43:00,14.25,14.25,13.8,13.8,5725,0,8600.0,CE
2015-08-28 14:44:00,14.0,14.2,13.85,14.2,5300,0,8600.0,CE
2015-08-28 14:45:00,13.8,14.0,13.8,13.85,925,0,8600.0,CE
2015-08-28 14:46:00,13.8,13.8,13.55,13.7,9725,0,8600.0,CE
2015-08-28 14:47:00,13.6,13.75,13.5,13.5,6875,0,8600.0,CE
2015-08-28 14:48:00,13.4,13.6,13.3,13.3,4575,0,8600.0,CE
2015-08-28 14:49:00,13.35,13.55,13.25,13.55,2800,0,8600.0,CE
2015-08-28 14:50:00,13.4,13.85,13.4,13.75,6925,0,8600.0,CE
2015-08-28 14:51:00,13.75,13.85,13.65,13.7,3350,0,8600.0,CE
2015-08-28 14:52:00,13.65,13.75,13.4,13.55,4600,0,8600.0,CE
2015-08-28 14:53:00,13.5,13.6,13.3,13.3,8250,0,8600.0,CE
2015-08-28 14:54:00,13.45,13.45,13.4,13.45,1200,0,8600.0,CE
2015-08-28 14:55:00,13.5,13.6,13.45,13.45,2000,0,8600.0,CE
2015-08-28 14:56:00,13.3,13.35,12.95,13.2,19550,0,8600.0,CE
2015-08-28 14:57:00,13.15,13.25,12.7,13.25,12000,0,8600.0,CE
2015-08-28 14:58:00,13.25,13.45,13.2,13.35,8000,0,8600.0,CE
2015-08-28 14:59:00,13.35,13.6,13.3,13.55,10650,0,8600.0,CE
2015-08-28 15:00:00,13.55,13.6,13.05,13.6,18900,0,8600.0,CE
2015-08-28 15:01:00,13.6,13.9,13.45,13.85,12325,0,8600.0,CE
2015-08-28 15:02:00,13.9,14.0,13.65,13.9,6900,0,8600.0,CE
2015-08-28 15:03:00,13.8,14.25,13.7,14.15,16375,0,8600.0,CE
2015-08-28 15:04:00,14.25,14.25,14.0,14.15,14150,0,8600.0,CE
2015-08-28 15:05:00,14.1,14.25,14.05,14.2,4250,0,8600.0,CE
2015-08-28 15:06:00,14.15,14.35,14.1,14.25,9575,0,8600.0,CE
2015-08-28 15:07:00,14.35,14.5,14.3,14.45,2625,0,8600.0,CE
2015-08-28 15:08:00,14.5,14.5,14.25,14.4,8500,0,8600.0,CE
2015-08-28 15:09:00,14.4,14.75,14.4,14.5,9150,0,8600.0,CE
2015-08-28 15:10:00,14.5,15.0,14.4,15.0,21525,0,8600.0,CE
2015-08-28 15:11:00,15.0,15.0,14.75,15.0,13925,0,8600.0,CE
2015-08-28 15:12:00,15.0,15.0,14.65,14.8,7800,0,8600.0,CE
2015-08-28 15:13:00,14.8,14.95,14.55,14.7,9125,0,8600.0,CE
2015-08-28 15:14:00,14.65,14.9,14.65,14.7,9300,0,8600.0,CE
2015-08-28 15:15:00,14.7,14.9,14.7,14.75,12450,0,8600.0,CE
2015-08-28 15:16:00,14.75,14.8,14.6,14.65,9500,0,8600.0,CE
2015-08-28 15:17:00,14.65,14.8,14.55,14.7,13600,0,8600.0,CE
2015-08-28 15:18:00,14.6,14.8,14.6,14.7,16175,0,8600.0,CE
2015-08-28 15:19:00,14.7,14.75,14.5,14.6,8025,0,8600.0,CE
2015-08-28 15:20:00,14.65,14.9,14.6,14.75,8175,0,8600.0,CE
2015-08-28 15:21:00,14.85,15.0,14.75,14.9,8800,0,8600.0,CE
2015-08-28 15:22:00,14.8,14.9,14.65,14.7,4125,0,8600.0,CE
2015-08-28 15:23:00,14.7,14.9,14.6,14.85,7875,0,8600.0,CE
2015-08-28 15:24:00,14.85,15.2,14.8,15.2,20125,0,8600.0,CE
2015-08-28 15:25:00,15.2,15.5,15.2,15.35,9875,0,8600.0,CE
2015-08-28 15:26:00,15.3,15.35,15.1,15.15,4575,0,8600.0,CE
2015-08-28 15:27:00,15.3,15.5,15.3,15.45,9125,0,8600.0,CE
2015-08-28 15:28:00,15.45,15.5,15.3,15.45,9650,0,8600.0,CE
2015-08-28 15:29:00,15.4,15.4,15.2,15.25,22325,0,8600.0,CE
2015-08-31 09:15:00,29.5,29.5,12.85,12.85,8625,0,8600.0,CE
2015-08-31 09:16:00,13.05,13.2,12.7,12.95,12725,0,8600.0,CE
2015-08-31 09:17:00,12.9,13.5,12.85,13.5,26075,0,8600.0,CE
2015-08-31 09:18:00,13.5,13.9,12.9,12.9,23575,0,8600.0,CE
2015-08-31 09:19:00,12.95,13.95,12.95,13.6,26500,0,8600.0,CE
2015-08-31 09:20:00,13.7,13.7,12.55,13.2,16900,0,8600.0,CE
2015-08-31 09:21:00,13.1,13.25,12.8,12.9,9750,0,8600.0,CE
2015-08-31 09:22:00,13.0,13.1,12.75,12.75,14400,0,8600.0,CE
2015-08-31 09:23:00,12.85,13.2,12.85,13.05,10625,0,8600.0,CE
2015-08-31 09:24:00,13.0,13.0,12.5,12.9,7975,0,8600.0,CE
2015-08-31 09:25:00,12.9,13.1,12.6,13.1,5800,0,8600.0,CE
2015-08-31 09:26:00,13.0,13.15,12.95,13.05,5525,0,8600.0,CE
2015-08-31 09:27:00,13.2,13.45,13.15,13.45,8425,0,8600.0,CE
2015-08-31 09:28:00,13.4,13.5,13.3,13.3,11900,0,8600.0,CE
2015-08-31 09:29:00,13.3,13.45,13.2,13.4,6000,0,8600.0,CE
2015-08-31 09:30:00,13.45,13.55,13.25,13.25,10975,0,8600.0,CE
2015-08-31 09:31:00,13.3,13.5,13.25,13.45,7475,0,8600.0,CE
2015-08-31 09:32:00,13.35,13.5,13.3,13.4,8750,0,8600.0,CE
2015-08-31 09:33:00,13.35,13.65,13.35,13.6,10875,0,8600.0,CE
2015-08-31 09:34:00,13.5,13.8,13.4,13.7,8500,0,8600.0,CE
2015-08-31 09:35:00,13.55,13.85,13.55,13.75,2075,0,8600.0,CE
2015-08-31 09:36:00,13.65,13.9,13.65,13.7,6875,0,8600.0,CE
2015-08-31 09:37:00,13.7,13.85,13.6,13.65,2800,0,8600.0,CE
2015-08-31 09:38:00,13.65,13.7,13.4,13.4,1500,0,8600.0,CE
2015-08-31 09:39:00,13.4,13.5,13.3,13.45,4725,0,8600.0,CE
2015-08-31 09:40:00,13.35,13.6,13.25,13.5,6525,0,8600.0,CE
2015-08-31 09:41:00,13.4,13.7,13.4,13.5,3175,0,8600.0,CE
2015-08-31 09:42:00,13.6,13.75,13.5,13.7,11850,0,8600.0,CE
2015-08-31 09:43:00,13.65,13.75,13.65,13.75,3675,0,8600.0,CE
2015-08-31 09:44:00,13.75,14.0,13.7,13.8,5750,0,8600.0,CE
2015-08-31 09:45:00,13.9,13.9,13.65,13.75,2375,0,8600.0,CE
2015-08-31 09:46:00,13.6,13.65,13.5,13.5,8550,0,8600.0,CE
2015-08-31 09:47:00,13.5,13.55,13.3,13.4,3250,0,8600.0,CE
2015-08-31 09:48:00,13.4,13.5,13.4,13.45,1625,0,8600.0,CE
2015-08-31 09:49:00,13.45,13.6,13.45,13.6,2575,0,8600.0,CE
2015-08-31 09:50:00,13.55,13.65,13.5,13.5,2675,0,8600.0,CE
2015-08-31 09:51:00,13.55,13.55,13.2,13.4,4075,0,8600.0,CE
2015-08-31 09:52:00,13.65,13.65,13.35,13.4,4750,0,8600.0,CE
2015-08-31 09:53:00,13.4,13.4,13.2,13.3,9875,0,8600.0,CE
2015-08-31 09:54:00,13.3,13.4,13.2,13.3,19900,0,8600.0,CE
2015-08-31 09:55:00,13.25,13.4,13.2,13.3,12000,0,8600.0,CE
2015-08-31 09:56:00,13.4,13.45,13.3,13.4,9900,0,8600.0,CE
2015-08-31 09:57:00,13.35,13.4,13.25,13.25,13825,0,8600.0,CE
2015-08-31 09:58:00,13.35,13.4,13.25,13.4,2875,0,8600.0,CE
2015-08-31 09:59:00,13.4,13.4,13.2,13.35,13050,0,8600.0,CE
2015-08-31 10:00:00,13.2,13.2,13.1,13.1,5650,0,8600.0,CE
2015-08-31 10:01:00,13.05,13.15,13.0,13.1,15800,0,8600.0,CE
2015-08-31 10:02:00,13.05,13.15,12.95,12.95,12600,0,8600.0,CE
2015-08-31 10:03:00,13.0,13.0,12.9,12.95,8200,0,8600.0,CE
2015-08-31 10:04:00,12.95,13.0,12.9,12.9,13225,0,8600.0,CE
2015-08-31 10:05:00,12.8,12.95,12.8,12.85,6175,0,8600.0,CE
2015-08-31 10:06:00,12.9,12.9,12.75,12.75,11825,0,8600.0,CE
2015-08-31 10:07:00,12.65,12.85,12.65,12.8,11875,0,8600.0,CE
2015-08-31 10:08:00,12.8,12.85,12.5,12.6,12925,0,8600.0,CE
2015-08-31 10:09:00,12.65,12.65,12.55,12.55,4850,0,8600.0,CE
2015-08-31 10:10:00,12.6,12.6,12.5,12.6,10800,0,8600.0,CE
2015-08-31 10:11:00,12.55,12.65,12.5,12.6,9800,0,8600.0,CE
2015-08-31 10:12:00,12.6,12.6,12.4,12.4,12925,0,8600.0,CE
2015-08-31 10:13:00,12.35,12.5,12.35,12.4,7950,0,8600.0,CE
2015-08-31 10:14:00,12.5,12.55,12.4,12.5,10925,0,8600.0,CE
2015-08-31 10:15:00,12.6,12.6,12.4,12.45,10475,0,8600.0,CE
2015-08-31 10:16:00,12.45,12.45,12.35,12.4,9575,0,8600.0,CE
2015-08-31 10:17:00,12.4,12.4,12.05,12.05,9425,0,8600.0,CE
2015-08-31 10:18:00,12.05,12.35,12.0,12.35,17225,0,8600.0,CE
2015-08-31 10:19:00,12.4,12.6,12.4,12.55,11675,0,8600.0,CE
2015-08-31 10:20:00,12.55,12.65,12.55,12.65,18575,0,8600.0,CE
2015-08-31 10:21:00,12.65,12.65,12.5,12.5,8950,0,8600.0,CE
2015-08-31 10:22:00,12.5,12.9,12.5,12.85,32600,0,8600.0,CE
2015-08-31 10:23:00,12.75,13.0,12.65,13.0,29875,0,8600.0,CE
2015-08-31 10:24:00,12.9,12.9,12.75,12.75,8225,0,8600.0,CE
2015-08-31 10:25:00,12.85,12.95,12.7,12.95,10150,0,8600.0,CE
2015-08-31 10:26:00,12.95,13.15,12.85,13.1,19600,0,8600.0,CE
2015-08-31 10:27:00,13.2,13.2,12.95,13.05,17100,0,8600.0,CE
2015-08-31 10:28:00,12.95,13.3,12.9,13.3,13525,0,8600.0,CE
2015-08-31 10:29:00,13.25,13.45,13.1,13.25,14225,0,8600.0,CE
2015-08-31 10:30:00,13.3,13.35,13.2,13.2,15375,0,8600.0,CE
2015-08-31 10:31:00,13.15,13.2,13.0,13.1,15700,0,8600.0,CE
2015-08-31 10:32:00,13.1,13.3,13.05,13.3,14350,0,8600.0,CE
2015-08-31 10:33:00,13.4,13.4,13.1,13.25,9775,0,8600.0,CE
2015-08-31 10:34:00,13.3,13.65,13.3,13.5,28775,0,8600.0,CE
2015-08-31 10:35:00,13.5,13.9,13.5,13.85,13375,0,8600.0,CE
2015-08-31 10:36:00,13.85,13.85,13.45,13.45,13450,0,8600.0,CE
2015-08-31 10:37:00,13.5,13.75,13.45,13.6,13375,0,8600.0,CE
2015-08-31 10:38:00,13.5,13.7,13.45,13.6,11000,0,8600.0,CE
2015-08-31 10:39:00,13.6,13.65,13.4,13.4,12250,0,8600.0,CE
2015-08-31 10:40:00,13.4,13.65,13.4,13.6,44025,0,8600.0,CE
2015-08-31 10:41:00,13.65,13.65,13.5,13.5,17675,0,8600.0,CE
2015-08-31 10:42:00,13.45,13.6,13.45,13.55,8575,0,8600.0,CE
2015-08-31 10:43:00,13.55,13.6,13.25,13.35,14275,0,8600.0,CE
2015-08-31 10:44:00,13.45,13.55,13.3,13.55,9300,0,8600.0,CE
2015-08-31 10:45:00,13.55,13.55,13.2,13.5,19875,0,8600.0,CE
2015-08-31 10:46:00,13.55,13.55,13.35,13.5,8975,0,8600.0,CE
2015-08-31 10:47:00,13.5,13.5,13.35,13.35,14875,0,8600.0,CE
2015-08-31 10:48:00,13.35,13.35,13.15,13.2,14125,0,8600.0,CE
2015-08-31 10:49:00,13.2,13.25,13.1,13.1,11375,0,8600.0,CE
2015-08-31 10:50:00,13.15,13.15,12.85,12.95,11650,0,8600.0,CE
2015-08-31 10:51:00,13.0,13.2,12.9,13.15,14575,0,8600.0,CE
2015-08-31 10:52:00,13.2,13.2,13.05,13.05,11875,0,8600.0,CE
2015-08-31 10:53:00,13.15,13.15,13.05,13.15,8625,0,8600.0,CE
2015-08-31 10:54:00,13.05,13.15,13.0,13.0,9600,0,8600.0,CE
2015-08-31 10:55:00,13.0,13.4,13.0,13.35,10975,0,8600.0,CE
2015-08-31 10:56:00,13.5,13.55,13.35,13.45,18450,0,8600.0,CE
2015-08-31 10:57:00,13.5,13.5,13.35,13.5,11825,0,8600.0,CE
2015-08-31 10:58:00,13.45,13.6,13.35,13.4,11075,0,8600.0,CE
2015-08-31 10:59:00,13.35,13.55,13.35,13.5,7725,0,8600.0,CE
2015-08-31 11:00:00,13.4,13.5,13.35,13.5,12425,0,8600.0,CE
2015-08-31 11:01:00,13.5,13.95,13.5,13.7,16675,0,8600.0,CE
2015-08-31 11:02:00,13.75,13.9,13.65,13.7,30475,0,8600.0,CE
2015-08-31 11:03:00,13.7,13.8,13.7,13.75,11975,0,8600.0,CE
2015-08-31 11:04:00,13.7,14.0,13.7,13.8,18075,0,8600.0,CE
2015-08-31 11:05:00,13.8,13.95,13.8,13.95,17850,0,8600.0,CE
2015-08-31 11:06:00,13.95,14.15,13.9,13.95,27150,0,8600.0,CE
2015-08-31 11:07:00,14.0,14.0,13.7,13.95,24575,0,8600.0,CE
2015-08-31 11:08:00,14.0,14.0,13.75,13.75,9200,0,8600.0,CE
2015-08-31 11:09:00,13.75,13.8,13.55,13.75,20775,0,8600.0,CE
2015-08-31 11:10:00,13.55,13.7,13.5,13.5,6800,0,8600.0,CE
2015-08-31 11:11:00,13.65,13.65,13.3,13.4,13400,0,8600.0,CE
2015-08-31 11:12:00,13.4,13.55,13.35,13.55,12825,0,8600.0,CE
2015-08-31 11:13:00,13.55,13.75,13.35,13.45,13475,0,8600.0,CE
2015-08-31 11:14:00,13.5,13.6,13.45,13.6,15325,0,8600.0,CE
2015-08-31 11:15:00,13.6,13.65,13.45,13.65,9875,0,8600.0,CE
2015-08-31 11:16:00,13.65,13.7,13.5,13.6,10325,0,8600.0,CE
2015-08-31 11:17:00,13.65,13.8,13.5,13.75,9550,0,8600.0,CE
2015-08-31 11:18:00,13.75,13.75,13.6,13.7,12175,0,8600.0,CE
2015-08-31 11:19:00,13.7,13.9,13.65,13.9,41650,0,8600.0,CE
2015-08-31 11:20:00,13.9,13.9,13.75,13.9,9975,0,8600.0,CE
2015-08-31 11:21:00,14.0,14.0,13.8,13.85,11175,0,8600.0,CE
2015-08-31 11:22:00,13.85,13.85,13.6,13.6,11325,0,8600.0,CE
2015-08-31 11:23:00,13.75,13.8,13.5,13.5,9675,0,8600.0,CE
2015-08-31 11:24:00,13.55,14.4,13.55,14.3,42125,0,8600.0,CE
2015-08-31 11:25:00,14.3,14.65,14.2,14.3,22475,0,8600.0,CE
2015-08-31 11:26:00,14.25,14.3,14.0,14.0,24500,0,8600.0,CE
2015-08-31 11:27:00,14.0,14.35,14.0,14.3,28875,0,8600.0,CE
2015-08-31 11:28:00,14.25,14.25,13.7,13.7,16125,0,8600.0,CE
2015-08-31 11:29:00,13.75,13.9,13.7,13.8,11200,0,8600.0,CE
2015-08-31 11:30:00,13.75,13.85,13.55,13.65,15875,0,8600.0,CE
2015-08-31 11:31:00,13.65,13.75,13.55,13.55,7750,0,8600.0,CE
2015-08-31 11:32:00,13.5,13.65,13.4,13.5,8350,0,8600.0,CE
2015-08-31 11:33:00,13.5,13.85,13.5,13.8,11650,0,8600.0,CE
2015-08-31 11:34:00,13.8,13.85,13.7,13.7,5475,0,8600.0,CE
2015-08-31 11:35:00,13.65,13.8,13.65,13.75,16850,0,8600.0,CE
2015-08-31 11:36:00,13.75,13.8,13.6,13.6,9775,0,8600.0,CE
2015-08-31 11:37:00,13.7,13.75,13.4,13.6,10750,0,8600.0,CE
2015-08-31 11:38:00,13.6,13.75,13.55,13.65,4300,0,8600.0,CE
2015-08-31 11:39:00,13.65,13.75,13.6,13.7,1500,0,8600.0,CE
2015-08-31 11:40:00,13.65,13.8,13.6,13.8,9075,0,8600.0,CE
2015-08-31 11:41:00,13.8,14.2,13.7,14.05,14025,0,8600.0,CE
2015-08-31 11:42:00,14.05,14.4,14.05,14.25,40650,0,8600.0,CE
2015-08-31 11:43:00,14.25,14.55,14.2,14.45,26200,0,8600.0,CE
2015-08-31 11:44:00,14.45,14.45,14.35,14.35,2075,0,8600.0,CE
2015-08-31 11:45:00,14.35,14.55,14.35,14.5,7175,0,8600.0,CE
2015-08-31 11:46:00,14.45,14.55,14.45,14.45,7125,0,8600.0,CE
2015-08-31 11:47:00,14.4,14.45,14.0,14.0,8875,0,8600.0,CE
2015-08-31 11:48:00,14.1,14.25,14.1,14.25,4475,0,8600.0,CE
2015-08-31 11:49:00,14.3,14.3,14.25,14.25,4000,0,8600.0,CE
2015-08-31 11:50:00,14.2,14.3,14.0,14.0,4600,0,8600.0,CE
2015-08-31 11:51:00,13.85,13.95,13.55,13.7,7900,0,8600.0,CE
2015-08-31 11:52:00,13.65,14.0,13.6,14.0,11625,0,8600.0,CE
2015-08-31 11:53:00,13.95,14.15,13.95,14.15,4250,0,8600.0,CE
2015-08-31 11:54:00,14.1,14.2,14.0,14.15,8900,0,8600.0,CE
2015-08-31 11:55:00,14.2,14.2,13.9,14.0,5050,0,8600.0,CE
2015-08-31 11:56:00,14.05,14.05,13.9,13.9,4625,0,8600.0,CE
2015-08-31 11:57:00,13.9,14.2,13.85,14.05,5000,0,8600.0,CE
2015-08-31 11:58:00,14.0,14.3,14.0,14.2,4850,0,8600.0,CE
2015-08-31 11:59:00,14.05,14.2,13.95,14.1,6075,0,8600.0,CE
2015-08-31 12:00:00,14.2,14.45,14.15,14.35,10825,0,8600.0,CE
2015-08-31 12:01:00,14.4,14.4,13.85,13.85,6125,0,8600.0,CE
2015-08-31 12:02:00,13.75,13.9,13.7,13.9,2650,0,8600.0,CE
2015-08-31 12:03:00,13.95,13.95,13.65,13.85,5700,0,8600.0,CE
2015-08-31 12:04:00,13.95,14.15,13.85,13.85,13025,0,8600.0,CE
2015-08-31 12:05:00,13.8,14.0,13.7,13.9,7825,0,8600.0,CE
2015-08-31 12:06:00,13.9,13.9,13.8,13.9,4800,0,8600.0,CE
2015-08-31 12:07:00,13.95,14.05,13.85,14.0,3225,0,8600.0,CE
2015-08-31 12:08:00,14.0,14.25,14.0,14.2,27600,0,8600.0,CE
2015-08-31 12:09:00,14.2,14.2,14.05,14.2,4575,0,8600.0,CE
2015-08-31 12:10:00,14.2,14.2,14.05,14.1,2450,0,8600.0,CE
2015-08-31 12:11:00,14.15,14.15,14.0,14.05,8325,0,8600.0,CE
2015-08-31 12:12:00,14.1,14.2,14.05,14.05,1550,0,8600.0,CE
2015-08-31 12:13:00,14.1,14.25,14.0,14.25,6875,0,8600.0,CE
2015-08-31 12:14:00,14.25,14.25,14.05,14.15,9125,0,8600.0,CE
2015-08-31 12:15:00,14.1,14.25,13.95,14.15,4125,0,8600.0,CE
2015-08-31 12:16:00,14.2,14.25,14.1,14.2,4975,0,8600.0,CE
2015-08-31 12:17:00,14.2,14.3,14.1,14.1,4650,0,8600.0,CE
2015-08-31 12:18:00,14.15,14.2,13.95,13.95,2300,0,8600.0,CE
2015-08-31 12:19:00,14.05,14.25,13.9,13.9,2525,0,8600.0,CE
2015-08-31 12:20:00,14.0,14.15,13.9,14.1,1875,0,8600.0,CE
2015-08-31 12:21:00,14.0,14.05,13.95,14.0,1350,0,8600.0,CE
2015-08-31 12:22:00,14.05,14.05,13.9,13.9,825,0,8600.0,CE
2015-08-31 12:23:00,13.95,14.0,13.85,14.0,2675,0,8600.0,CE
2015-08-31 12:24:00,13.95,14.0,13.85,13.9,5000,0,8600.0,CE
2015-08-31 12:25:00,13.85,14.15,13.85,14.05,7475,0,8600.0,CE
2015-08-31 12:26:00,14.1,14.3,14.05,14.25,21925,0,8600.0,CE
2015-08-31 12:27:00,14.1,14.2,13.95,14.15,11950,0,8600.0,CE
2015-08-31 12:28:00,14.2,14.2,14.0,14.05,12675,0,8600.0,CE
2015-08-31 12:29:00,14.2,14.45,14.15,14.35,10750,0,8600.0,CE
2015-08-31 12:30:00,14.25,14.6,14.1,14.45,3525,0,8600.0,CE
2015-08-31 12:31:00,14.45,14.5,14.25,14.35,3525,0,8600.0,CE
2015-08-31 12:32:00,14.4,14.6,14.35,14.55,1250,0,8600.0,CE
2015-08-31 12:33:00,14.45,14.5,14.3,14.35,3725,0,8600.0,CE
2015-08-31 12:34:00,14.4,14.55,14.3,14.5,4050,0,8600.0,CE
2015-08-31 12:35:00,14.5,14.5,14.35,14.35,1700,0,8600.0,CE
2015-08-31 12:36:00,14.4,14.55,14.4,14.45,5650,0,8600.0,CE
2015-08-31 12:37:00,14.55,14.65,14.45,14.55,1525,0,8600.0,CE
2015-08-31 12:38:00,14.6,14.75,14.45,14.6,2500,0,8600.0,CE
2015-08-31 12:39:00,14.55,14.65,14.5,14.55,2075,0,8600.0,CE
2015-08-31 12:40:00,14.65,14.75,14.5,14.65,2000,0,8600.0,CE
2015-08-31 12:41:00,14.5,14.65,14.5,14.6,9225,0,8600.0,CE
2015-08-31 12:42:00,14.65,14.8,14.6,14.7,7200,0,8600.0,CE
2015-08-31 12:43:00,14.65,14.8,14.6,14.6,2900,0,8600.0,CE
2015-08-31 12:44:00,14.55,14.75,14.5,14.6,4025,0,8600.0,CE
2015-08-31 12:45:00,14.65,14.65,14.55,14.55,1025,0,8600.0,CE
2015-08-31 12:46:00,14.5,14.6,14.4,14.5,2850,0,8600.0,CE
2015-08-31 12:47:00,14.5,14.55,14.4,14.45,9850,0,8600.0,CE
2015-08-31 12:48:00,14.55,14.55,14.4,14.5,1650,0,8600.0,CE
2015-08-31 12:49:00,14.55,14.7,14.55,14.65,4100,0,8600.0,CE
2015-08-31 12:50:00,14.65,14.8,14.6,14.8,6650,0,8600.0,CE
2015-08-31 12:51:00,14.85,14.85,14.65,14.75,5850,0,8600.0,CE
2015-08-31 12:52:00,14.7,14.75,14.3,14.3,4800,0,8600.0,CE
2015-08-31 12:53:00,14.25,14.4,14.05,14.4,10025,0,8600.0,CE
2015-08-31 12:54:00,14.4,14.65,14.35,14.55,4400,0,8600.0,CE
2015-08-31 12:55:00,14.55,14.55,14.2,14.25,6625,0,8600.0,CE
2015-08-31 12:56:00,14.35,14.7,14.35,14.6,2700,0,8600.0,CE
2015-08-31 12:57:00,14.55,14.8,14.55,14.8,10850,0,8600.0,CE
2015-08-31 12:58:00,14.75,14.85,14.55,14.85,3300,0,8600.0,CE
2015-08-31 12:59:00,14.75,14.8,14.65,14.65,4850,0,8600.0,CE
2015-08-31 13:00:00,14.65,14.75,14.55,14.75,3450,0,8600.0,CE
2015-08-31 13:01:00,14.7,14.7,14.6,14.7,2450,0,8600.0,CE
2015-08-31 13:02:00,14.6,14.85,14.6,14.8,3875,0,8600.0,CE
2015-08-31 13:03:00,14.8,14.8,14.6,14.6,6150,0,8600.0,CE
2015-08-31 13:04:00,14.6,14.75,14.25,14.3,10300,0,8600.0,CE
2015-08-31 13:05:00,14.3,14.5,14.3,14.3,5200,0,8600.0,CE
2015-08-31 13:06:00,14.3,14.5,14.2,14.45,17125,0,8600.0,CE
2015-08-31 13:07:00,14.5,14.6,14.35,14.35,12175,0,8600.0,CE
2015-08-31 13:08:00,14.25,14.3,14.1,14.2,10375,0,8600.0,CE
2015-08-31 13:09:00,14.3,14.3,14.1,14.2,4075,0,8600.0,CE
2015-08-31 13:10:00,14.1,14.3,14.1,14.2,9750,0,8600.0,CE
2015-08-31 13:11:00,14.2,14.35,14.15,14.3,3725,0,8600.0,CE
2015-08-31 13:12:00,14.35,14.55,14.25,14.3,16725,0,8600.0,CE
2015-08-31 13:13:00,14.25,14.25,14.25,14.25,1025,0,8600.0,CE
2015-08-31 13:14:00,14.3,14.4,14.3,14.3,1225,0,8600.0,CE
2015-08-31 13:15:00,14.25,14.4,14.2,14.25,5650,0,8600.0,CE
2015-08-31 13:16:00,14.25,14.4,14.1,14.25,7825,0,8600.0,CE
2015-08-31 13:17:00,14.35,14.45,14.3,14.3,2400,0,8600.0,CE
2015-08-31 13:18:00,14.25,14.35,14.2,14.35,1075,0,8600.0,CE
2015-08-31 13:19:00,14.3,14.4,14.25,14.4,2325,0,8600.0,CE
2015-08-31 13:20:00,14.3,14.35,14.25,14.25,250,0,8600.0,CE
2015-08-31 13:21:00,14.25,14.35,14.2,14.25,825,0,8600.0,CE
2015-08-31 13:22:00,14.3,14.4,14.2,14.35,2025,0,8600.0,CE
2015-08-31 13:23:00,14.25,14.3,14.15,14.3,8475,0,8600.0,CE
2015-08-31 13:24:00,14.3,14.35,14.2,14.3,1400,0,8600.0,CE
2015-08-31 13:25:00,14.2,14.35,14.2,14.25,850,0,8600.0,CE
2015-08-31 13:26:00,14.25,14.3,14.25,14.25,2875,0,8600.0,CE
2015-08-31 13:27:00,14.4,14.4,14.25,14.35,1800,0,8600.0,CE
2015-08-31 13:28:00,14.35,14.35,14.25,14.35,1825,0,8600.0,CE
2015-08-31 13:29:00,14.35,14.4,14.3,14.4,1800,0,8600.0,CE
2015-08-31 13:30:00,14.4,14.45,14.25,14.25,7650,0,8600.0,CE
2015-08-31 13:31:00,14.4,14.45,14.25,14.45,1725,0,8600.0,CE
2015-08-31 13:32:00,14.45,14.55,14.45,14.5,3425,0,8600.0,CE
2015-08-31 13:33:00,14.35,14.4,13.65,13.9,43025,0,8600.0,CE
2015-08-31 13:34:00,14.0,14.0,13.45,13.5,41000,0,8600.0,CE
2015-08-31 13:35:00,13.45,13.5,12.4,12.55,36575,0,8600.0,CE
2015-08-31 13:36:00,12.55,12.85,12.35,12.7,31625,0,8600.0,CE
2015-08-31 13:37:00,12.7,13.45,12.5,13.3,38525,0,8600.0,CE
2015-08-31 13:38:00,13.35,13.4,13.15,13.3,11925,0,8600.0,CE
2015-08-31 13:39:00,13.4,13.4,12.9,13.35,11225,0,8600.0,CE
2015-08-31 13:40:00,13.3,13.3,12.95,13.1,14900,0,8600.0,CE
2015-08-31 13:41:00,13.05,13.15,12.8,13.0,9525,0,8600.0,CE
2015-08-31 13:42:00,13.0,13.4,12.95,12.95,14350,0,8600.0,CE
2015-08-31 13:43:00,13.0,13.05,12.55,13.0,28100,0,8600.0,CE
2015-08-31 13:44:00,13.0,13.0,12.7,12.9,8700,0,8600.0,CE
2015-08-31 13:45:00,12.95,13.2,12.95,13.1,4700,0,8600.0,CE
2015-08-31 13:46:00,13.15,13.4,13.1,13.2,14500,0,8600.0,CE
2015-08-31 13:47:00,13.15,13.3,12.95,12.95,11625,0,8600.0,CE
2015-08-31 13:48:00,13.25,13.3,13.05,13.2,1300,0,8600.0,CE
2015-08-31 13:49:00,13.3,13.5,13.2,13.4,10025,0,8600.0,CE
2015-08-31 13:50:00,13.5,13.5,13.25,13.25,4950,0,8600.0,CE
2015-08-31 13:51:00,13.2,13.3,13.1,13.15,2200,0,8600.0,CE
2015-08-31 13:52:00,13.15,13.85,13.15,13.65,9775,0,8600.0,CE
2015-08-31 13:53:00,13.65,13.65,13.4,13.4,3825,0,8600.0,CE
2015-08-31 13:54:00,13.5,13.5,13.2,13.2,4425,0,8600.0,CE
2015-08-31 13:55:00,13.1,13.35,13.05,13.35,2550,0,8600.0,CE
2015-08-31 13:56:00,13.3,13.3,13.05,13.05,2425,0,8600.0,CE
2015-08-31 13:57:00,13.0,13.15,12.85,13.15,39950,0,8600.0,CE
2015-08-31 13:58:00,13.0,13.1,12.9,13.1,2325,0,8600.0,CE
2015-08-31 13:59:00,13.1,13.1,13.1,13.1,150,0,8600.0,CE
2015-08-31 14:00:00,13.2,13.35,13.1,13.25,6475,0,8600.0,CE
2015-08-31 14:01:00,13.15,13.4,13.15,13.2,10375,0,8600.0,CE
2015-08-31 14:02:00,13.2,13.35,13.1,13.1,10825,0,8600.0,CE
2015-08-31 14:03:00,13.25,13.3,13.0,13.15,7900,0,8600.0,CE
2015-08-31 14:04:00,13.05,13.2,12.95,13.1,24175,0,8600.0,CE
2015-08-31 14:05:00,13.05,13.1,12.85,13.0,14625,0,8600.0,CE
2015-08-31 14:06:00,13.05,13.05,13.0,13.0,1650,0,8600.0,CE
2015-08-31 14:07:00,13.05,13.15,13.0,13.1,2150,0,8600.0,CE
2015-08-31 14:08:00,13.05,13.3,13.05,13.3,2675,0,8600.0,CE
2015-08-31 14:09:00,13.1,13.25,12.65,12.7,12850,0,8600.0,CE
2015-08-31 14:10:00,12.75,12.75,11.45,11.95,72825,0,8600.0,CE
2015-08-31 14:11:00,11.95,12.1,11.55,12.05,22675,0,8600.0,CE
2015-08-31 14:12:00,12.25,12.4,12.15,12.3,24500,0,8600.0,CE
2015-08-31 14:13:00,12.35,12.45,12.3,12.4,2275,0,8600.0,CE
2015-08-31 14:14:00,12.35,12.5,12.35,12.4,10250,0,8600.0,CE
2015-08-31 14:15:00,12.4,12.4,12.15,12.4,4725,0,8600.0,CE
2015-08-31 14:16:00,12.4,12.6,12.4,12.45,8350,0,8600.0,CE
2015-08-31 14:17:00,12.55,12.55,12.3,12.35,12750,0,8600.0,CE
2015-08-31 14:18:00,12.4,12.55,12.3,12.4,3475,0,8600.0,CE
2015-08-31 14:19:00,12.35,12.45,12.25,12.25,6625,0,8600.0,CE
2015-08-31 14:20:00,12.25,12.45,12.25,12.3,5975,0,8600.0,CE
2015-08-31 14:21:00,12.3,12.45,12.25,12.3,2675,0,8600.0,CE
2015-08-31 14:22:00,12.4,12.5,12.25,12.5,4350,0,8600.0,CE
2015-08-31 14:23:00,12.4,12.6,12.35,12.5,8175,0,8600.0,CE
2015-08-31 14:24:00,12.45,12.75,12.45,12.75,1750,0,8600.0,CE
2015-08-31 14:25:00,12.7,12.85,12.65,12.8,11925,0,8600.0,CE
2015-08-31 14:26:00,12.65,12.8,12.55,12.65,12550,0,8600.0,CE
2015-08-31 14:27:00,12.75,12.75,12.5,12.65,4350,0,8600.0,CE
2015-08-31 14:28:00,12.6,12.6,12.45,12.55,18050,0,8600.0,CE
2015-08-31 14:29:00,12.55,12.7,12.5,12.7,4575,0,8600.0,CE
2015-08-31 14:30:00,12.7,12.7,12.55,12.7,1425,0,8600.0,CE
2015-08-31 14:31:00,12.75,12.75,12.55,12.7,10650,0,8600.0,CE
2015-08-31 14:32:00,12.6,12.8,12.6,12.75,3900,0,8600.0,CE
2015-08-31 14:33:00,12.8,12.9,12.8,12.9,1750,0,8600.0,CE
2015-08-31 14:34:00,13.0,13.0,12.7,12.95,12100,0,8600.0,CE
2015-08-31 14:35:00,12.9,12.9,12.6,12.7,3625,0,8600.0,CE
2015-08-31 14:36:00,12.75,12.8,12.6,12.6,5000,0,8600.0,CE
2015-08-31 14:37:00,12.7,12.95,12.7,12.9,4650,0,8600.0,CE
2015-08-31 14:38:00,12.85,12.95,12.75,12.75,825,0,8600.0,CE
2015-08-31 14:39:00,12.8,12.8,12.45,12.45,9125,0,8600.0,CE
2015-08-31 14:40:00,12.55,12.85,12.45,12.6,7325,0,8600.0,CE
2015-08-31 14:41:00,12.6,12.8,12.45,12.8,2625,0,8600.0,CE
2015-08-31 14:42:00,12.8,12.85,12.6,12.8,5950,0,8600.0,CE
2015-08-31 14:43:00,12.7,13.0,12.6,12.85,9725,0,8600.0,CE
2015-08-31 14:44:00,12.95,13.1,12.8,13.0,14825,0,8600.0,CE
2015-08-31 14:45:00,13.05,13.3,13.05,13.1,5475,0,8600.0,CE
2015-08-31 14:46:00,13.2,13.2,12.95,12.95,9375,0,8600.0,CE
2015-08-31 14:47:00,13.0,13.1,13.0,13.0,6300,0,8600.0,CE
2015-08-31 14:48:00,13.1,13.25,13.05,13.15,1825,0,8600.0,CE
2015-08-31 14:49:00,13.25,13.35,13.15,13.35,9100,0,8600.0,CE
2015-08-31 14:50:00,13.2,13.2,12.85,12.85,9775,0,8600.0,CE
2015-08-31 14:51:00,12.9,13.2,12.75,13.0,6600,0,8600.0,CE
2015-08-31 14:52:00,13.1,13.3,13.1,13.25,2800,0,8600.0,CE
2015-08-31 14:53:00,13.25,13.25,13.1,13.1,4050,0,8600.0,CE
2015-08-31 14:54:00,13.1,13.25,13.0,13.05,3300,0,8600.0,CE
2015-08-31 14:55:00,13.1,13.35,13.1,13.35,7275,0,8600.0,CE
2015-08-31 14:56:00,13.1,13.25,13.05,13.15,4925,0,8600.0,CE
2015-08-31 14:57:00,13.1,13.35,13.05,13.25,9100,0,8600.0,CE
2015-08-31 14:58:00,13.2,13.25,13.05,13.2,12300,0,8600.0,CE
2015-08-31 14:59:00,13.05,13.6,13.05,13.55,28150,0,8600.0,CE
2015-08-31 15:00:00,13.6,13.9,13.25,13.4,24025,0,8600.0,CE
2015-08-31 15:01:00,13.35,13.35,13.1,13.1,13525,0,8600.0,CE
2015-08-31 15:02:00,13.15,13.5,13.15,13.4,6325,0,8600.0,CE
2015-08-31 15:03:00,13.3,13.4,13.0,13.0,9700,0,8600.0,CE
2015-08-31 15:04:00,13.05,13.2,12.8,12.8,13150,0,8600.0,CE
2015-08-31 15:05:00,12.85,13.3,12.85,13.1,28425,0,8600.0,CE
2015-08-31 15:06:00,13.2,13.2,13.0,13.05,13225,0,8600.0,CE
2015-08-31 15:07:00,13.0,13.1,12.9,13.05,5750,0,8600.0,CE
2015-08-31 15:08:00,13.1,13.15,13.0,13.0,11475,0,8600.0,CE
2015-08-31 15:09:00,13.0,13.0,12.85,12.85,8500,0,8600.0,CE
2015-08-31 15:10:00,12.9,13.1,12.9,13.05,13400,0,8600.0,CE
2015-08-31 15:11:00,13.05,13.15,12.85,13.05,16625,0,8600.0,CE
2015-08-31 15:12:00,13.1,13.15,12.9,13.05,5700,0,8600.0,CE
2015-08-31 15:13:00,13.1,13.2,12.95,13.0,6225,0,8600.0,CE
2015-08-31 15:14:00,13.05,13.35,13.05,13.3,14350,0,8600.0,CE
2015-08-31 15:15:00,13.25,13.4,13.15,13.3,21200,0,8600.0,CE
2015-08-31 15:16:00,13.3,13.35,13.15,13.3,7750,0,8600.0,CE
2015-08-31 15:17:00,13.3,13.45,13.25,13.35,4375,0,8600.0,CE
2015-08-31 15:18:00,13.4,13.6,13.3,13.6,15050,0,8600.0,CE
2015-08-31 15:19:00,13.6,13.6,13.3,13.4,25175,0,8600.0,CE
2015-08-31 15:20:00,13.4,13.4,13.25,13.4,16750,0,8600.0,CE
2015-08-31 15:21:00,13.4,13.5,13.3,13.35,17550,0,8600.0,CE
2015-08-31 15:22:00,13.4,13.4,13.3,13.3,7475,0,8600.0,CE
2015-08-31 15:23:00,13.3,13.4,13.25,13.25,2625,0,8600.0,CE
2015-08-31 15:24:00,13.35,13.4,13.15,13.2,8050,0,8600.0,CE
2015-08-31 15:25:00,13.25,13.3,13.1,13.15,12200,0,8600.0,CE
2015-08-31 15:26:00,13.15,13.3,13.1,13.15,16000,0,8600.0,CE
2015-08-31 15:27:00,13.1,13.25,13.1,13.25,8875,0,8600.0,CE
2015-08-31 15:28:00,13.25,13.3,13.05,13.2,12750,0,8600.0,CE
2015-08-31 15:29:00,13.25,13.25,13.1,13.2,15575,0,8600.0,CE
2015-09-01 09:15:00,10.85,10.9,9.25,10.25,45975,0,8600.0,CE
2015-09-01 09:16:00,10.25,10.6,10.15,10.45,42625,0,8600.0,CE
2015-09-01 09:17:00,10.4,10.45,10.15,10.25,9950,0,8600.0,CE
2015-09-01 09:18:00,10.2,10.4,10.2,10.4,14950,0,8600.0,CE
2015-09-01 09:19:00,10.4,10.65,10.2,10.35,22500,0,8600.0,CE
2015-09-01 09:20:00,10.4,10.65,10.3,10.6,19225,0,8600.0,CE
2015-09-01 09:21:00,10.6,10.65,10.4,10.55,15400,0,8600.0,CE
2015-09-01 09:22:00,10.6,10.7,10.5,10.5,11275,0,8600.0,CE
2015-09-01 09:23:00,10.45,10.5,10.3,10.3,19250,0,8600.0,CE
2015-09-01 09:24:00,10.4,10.4,10.2,10.2,13800,0,8600.0,CE
2015-09-01 09:25:00,10.25,10.3,10.1,10.3,7850,0,8600.0,CE
2015-09-01 09:26:00,10.3,10.5,10.2,10.4,17825,0,8600.0,CE
2015-09-01 09:27:00,10.4,10.5,10.3,10.4,26475,0,8600.0,CE
2015-09-01 09:28:00,10.45,10.45,10.2,10.35,8200,0,8600.0,CE
2015-09-01 09:29:00,10.3,10.45,10.25,10.45,6150,0,8600.0,CE
2015-09-01 09:30:00,10.45,10.5,10.35,10.45,11350,0,8600.0,CE
2015-09-01 09:31:00,10.45,10.45,10.35,10.35,10425,0,8600.0,CE
2015-09-01 09:32:00,10.4,10.45,10.35,10.35,8925,0,8600.0,CE
2015-09-01 09:33:00,10.4,10.55,10.35,10.5,10300,0,8600.0,CE
2015-09-01 09:34:00,10.55,10.6,10.45,10.45,6875,0,8600.0,CE
2015-09-01 09:35:00,10.45,10.6,10.35,10.5,8425,0,8600.0,CE
2015-09-01 09:36:00,10.45,10.6,10.45,10.45,7675,0,8600.0,CE
2015-09-01 09:37:00,10.5,10.65,10.4,10.45,24475,0,8600.0,CE
2015-09-01 09:38:00,10.45,10.6,10.4,10.5,29700,0,8600.0,CE
2015-09-01 09:39:00,10.45,10.5,10.35,10.35,6700,0,8600.0,CE
2015-09-01 09:40:00,10.35,10.35,10.25,10.35,6000,0,8600.0,CE
2015-09-01 09:41:00,10.35,10.35,10.3,10.35,5200,0,8600.0,CE
2015-09-01 09:42:00,10.35,10.55,10.35,10.5,5300,0,8600.0,CE
2015-09-01 09:43:00,10.45,10.55,10.3,10.4,3150,0,8600.0,CE
2015-09-01 09:44:00,10.45,10.55,10.4,10.45,5125,0,8600.0,CE
2015-09-01 09:45:00,10.5,10.6,10.45,10.45,7550,0,8600.0,CE
2015-09-01 09:46:00,10.6,10.85,10.45,10.85,9125,0,8600.0,CE
2015-09-01 09:47:00,10.75,10.85,10.75,10.75,5175,0,8600.0,CE
2015-09-01 09:48:00,10.75,10.75,10.55,10.55,6650,0,8600.0,CE
2015-09-01 09:49:00,10.6,10.65,10.5,10.65,6575,0,8600.0,CE
2015-09-01 09:50:00,10.7,10.7,10.6,10.7,1300,0,8600.0,CE
2015-09-01 09:51:00,10.7,10.75,10.6,10.75,3075,0,8600.0,CE
2015-09-01 09:52:00,10.75,11.0,10.75,10.85,5500,0,8600.0,CE
2015-09-01 09:53:00,10.85,10.85,10.75,10.85,11150,0,8600.0,CE
2015-09-01 09:54:00,10.9,10.9,10.55,10.55,7150,0,8600.0,CE
2015-09-01 09:55:00,10.55,10.85,10.5,10.85,18050,0,8600.0,CE
2015-09-01 09:56:00,10.8,11.5,10.75,10.8,32600,0,8600.0,CE
2015-09-01 09:57:00,10.8,10.95,10.75,10.85,6775,0,8600.0,CE
2015-09-01 09:58:00,10.85,11.05,10.85,10.95,2000,0,8600.0,CE
2015-09-01 09:59:00,11.0,11.1,10.9,10.9,4400,0,8600.0,CE
2015-09-01 10:00:00,10.9,10.95,10.75,10.95,1900,0,8600.0,CE
2015-09-01 10:01:00,10.85,10.9,10.75,10.8,6425,0,8600.0,CE
2015-09-01 10:02:00,10.75,10.85,10.7,10.85,2750,0,8600.0,CE
2015-09-01 10:03:00,10.8,10.8,10.7,10.7,4650,0,8600.0,CE
2015-09-01 10:04:00,10.7,10.9,10.7,10.9,10950,0,8600.0,CE
2015-09-01 10:05:00,10.9,10.95,10.75,10.95,3450,0,8600.0,CE
2015-09-01 10:06:00,10.95,11.0,10.9,10.95,1250,0,8600.0,CE
2015-09-01 10:07:00,10.95,10.95,10.85,10.95,750,0,8600.0,CE
2015-09-01 10:08:00,10.95,10.95,10.9,10.95,1300,0,8600.0,CE
2015-09-01 10:09:00,10.9,10.95,10.75,10.75,2025,0,8600.0,CE
2015-09-01 10:10:00,10.75,10.9,10.55,10.65,5650,0,8600.0,CE
2015-09-01 10:11:00,10.7,10.8,10.5,10.6,13200,0,8600.0,CE
2015-09-01 10:12:00,10.7,10.7,10.6,10.7,6425,0,8600.0,CE
2015-09-01 10:13:00,10.65,10.8,10.6,10.75,1675,0,8600.0,CE
2015-09-01 10:14:00,10.8,10.9,10.7,10.8,4825,0,8600.0,CE
2015-09-01 10:15:00,10.75,10.75,10.6,10.6,4600,0,8600.0,CE
2015-09-01 10:16:00,10.75,10.75,10.6,10.65,11350,0,8600.0,CE
2015-09-01 10:17:00,10.65,10.65,10.3,10.6,34250,0,8600.0,CE
2015-09-01 10:18:00,10.6,10.8,10.5,10.75,9075,0,8600.0,CE
2015-09-01 10:19:00,10.75,10.9,10.7,10.9,5600,0,8600.0,CE
2015-09-01 10:20:00,10.85,10.95,10.8,10.95,7025,0,8600.0,CE
2015-09-01 10:21:00,10.95,11.0,10.9,10.9,4700,0,8600.0,CE
2015-09-01 10:22:00,10.9,10.9,10.8,10.9,1150,0,8600.0,CE
2015-09-01 10:23:00,10.85,11.0,10.85,10.9,13825,0,8600.0,CE
2015-09-01 10:24:00,10.9,11.0,10.85,10.95,1625,0,8600.0,CE
2015-09-01 10:25:00,10.9,11.0,10.85,11.0,9625,0,8600.0,CE
2015-09-01 10:26:00,10.95,11.05,10.95,11.05,6900,0,8600.0,CE
2015-09-01 10:27:00,11.05,11.15,10.95,11.15,5525,0,8600.0,CE
2015-09-01 10:28:00,11.15,11.15,11.0,11.15,17250,0,8600.0,CE
2015-09-01 10:29:00,11.15,11.15,11.05,11.05,3275,0,8600.0,CE
2015-09-01 10:30:00,11.15,11.2,11.0,11.15,4925,0,8600.0,CE
2015-09-01 10:31:00,11.1,11.15,10.95,10.95,5325,0,8600.0,CE
2015-09-01 10:32:00,11.0,11.05,10.85,10.95,2725,0,8600.0,CE
2015-09-01 10:33:00,10.95,11.0,10.95,11.0,3875,0,8600.0,CE
2015-09-01 10:34:00,11.0,11.0,10.9,11.0,4900,0,8600.0,CE
2015-09-01 10:35:00,11.0,11.0,10.85,11.0,10500,0,8600.0,CE
2015-09-01 10:36:00,11.0,11.0,10.9,10.95,4575,0,8600.0,CE
2015-09-01 10:37:00,11.0,11.15,11.0,11.0,4825,0,8600.0,CE
2015-09-01 10:38:00,11.0,11.05,10.95,11.0,8875,0,8600.0,CE
2015-09-01 10:39:00,10.95,10.95,10.85,10.85,3425,0,8600.0,CE
2015-09-01 10:40:00,10.8,10.85,10.75,10.8,2000,0,8600.0,CE
2015-09-01 10:41:00,10.8,10.9,10.7,10.8,6325,0,8600.0,CE
2015-09-01 10:42:00,10.8,10.85,10.75,10.85,1825,0,8600.0,CE
2015-09-01 10:43:00,10.85,10.9,10.8,10.9,4400,0,8600.0,CE
2015-09-01 10:44:00,10.9,10.95,10.85,10.9,900,0,8600.0,CE
2015-09-01 10:45:00,10.9,10.95,10.85,10.95,1775,0,8600.0,CE
2015-09-01 10:46:00,10.9,11.0,10.85,10.95,3800,0,8600.0,CE
2015-09-01 10:47:00,11.0,11.05,10.9,11.05,4150,0,8600.0,CE
2015-09-01 10:48:00,11.05,11.05,10.95,11.05,2925,0,8600.0,CE
2015-09-01 10:49:00,11.0,11.0,10.9,11.0,3325,0,8600.0,CE
2015-09-01 10:50:00,10.9,10.95,10.7,10.8,8700,0,8600.0,CE
2015-09-01 10:51:00,10.8,10.85,10.8,10.85,3175,0,8600.0,CE
2015-09-01 10:52:00,10.8,10.85,10.75,10.75,2025,0,8600.0,CE
2015-09-01 10:53:00,10.85,10.95,10.85,10.95,3575,0,8600.0,CE
2015-09-01 10:54:00,10.9,10.95,10.85,10.9,3750,0,8600.0,CE
2015-09-01 10:55:00,10.9,10.9,10.85,10.85,1175,0,8600.0,CE
2015-09-01 10:56:00,10.8,10.9,10.75,10.9,2550,0,8600.0,CE
2015-09-01 10:57:00,10.9,10.95,10.8,10.85,3450,0,8600.0,CE
2015-09-01 10:58:00,10.85,10.9,10.8,10.9,22525,0,8600.0,CE
2015-09-01 10:59:00,10.8,11.05,10.75,10.9,11800,0,8600.0,CE
2015-09-01 11:00:00,10.8,10.95,10.8,10.95,875,0,8600.0,CE
2015-09-01 11:01:00,10.9,11.05,10.85,10.95,1750,0,8600.0,CE
2015-09-01 11:02:00,11.0,11.1,10.85,10.85,5050,0,8600.0,CE
2015-09-01 11:03:00,10.95,10.95,10.9,10.95,175,0,8600.0,CE
2015-09-01 11:04:00,10.9,11.0,10.9,11.0,575,0,8600.0,CE
2015-09-01 11:05:00,11.0,11.0,10.95,10.95,3150,0,8600.0,CE
2015-09-01 11:06:00,11.0,11.1,10.9,10.9,3625,0,8600.0,CE
2015-09-01 11:07:00,11.0,11.0,10.9,10.9,2450,0,8600.0,CE
2015-09-01 11:08:00,10.9,11.0,10.85,10.85,3775,0,8600.0,CE
2015-09-01 11:09:00,10.9,10.9,10.7,10.8,7225,0,8600.0,CE
2015-09-01 11:10:00,10.75,10.75,10.7,10.75,775,0,8600.0,CE
2015-09-01 11:11:00,10.75,10.85,10.75,10.8,1800,0,8600.0,CE
2015-09-01 11:12:00,10.85,11.0,10.8,10.9,21950,0,8600.0,CE
2015-09-01 11:13:00,11.0,11.0,10.9,10.95,475,0,8600.0,CE
2015-09-01 11:14:00,10.95,11.0,10.95,10.95,1150,0,8600.0,CE
2015-09-01 11:15:00,11.0,11.05,10.9,11.05,6225,0,8600.0,CE
2015-09-01 11:16:00,11.0,11.05,10.95,10.95,3125,0,8600.0,CE
2015-09-01 11:17:00,10.9,10.95,10.8,10.95,4700,0,8600.0,CE
2015-09-01 11:18:00,10.9,11.05,10.85,10.95,3450,0,8600.0,CE
2015-09-01 11:19:00,10.95,11.05,10.85,11.05,4875,0,8600.0,CE
2015-09-01 11:20:00,11.0,11.0,10.9,10.9,2200,0,8600.0,CE
2015-09-01 11:21:00,10.85,11.0,10.75,11.0,7825,0,8600.0,CE
2015-09-01 11:22:00,10.85,10.9,10.85,10.9,1625,0,8600.0,CE
2015-09-01 11:23:00,10.8,10.85,10.75,10.8,750,0,8600.0,CE
2015-09-01 11:24:00,10.8,10.85,10.8,10.8,450,0,8600.0,CE
2015-09-01 11:25:00,10.85,10.85,10.7,10.7,5850,0,8600.0,CE
2015-09-01 11:26:00,10.7,10.75,10.45,10.65,12050,0,8600.0,CE
2015-09-01 11:27:00,10.55,10.55,10.35,10.4,3550,0,8600.0,CE
2015-09-01 11:28:00,10.4,10.4,10.2,10.3,7350,0,8600.0,CE
2015-09-01 11:29:00,10.25,10.35,10.1,10.2,13975,0,8600.0,CE
2015-09-01 11:30:00,10.15,10.25,10.05,10.15,11850,0,8600.0,CE
2015-09-01 11:31:00,10.3,10.4,10.2,10.3,4025,0,8600.0,CE
2015-09-01 11:32:00,10.3,10.3,10.2,10.2,3725,0,8600.0,CE
2015-09-01 11:33:00,10.15,10.2,10.05,10.15,4100,0,8600.0,CE
2015-09-01 11:34:00,10.15,10.25,10.05,10.25,5075,0,8600.0,CE
2015-09-01 11:35:00,10.2,10.25,9.85,10.1,54750,0,8600.0,CE
2015-09-01 11:36:00,10.15,10.3,10.1,10.25,11425,0,8600.0,CE
2015-09-01 11:37:00,10.25,10.3,10.2,10.3,2650,0,8600.0,CE
2015-09-01 11:38:00,10.25,10.25,10.1,10.2,4775,0,8600.0,CE
2015-09-01 11:39:00,10.1,10.2,10.0,10.0,4900,0,8600.0,CE
2015-09-01 11:40:00,10.1,10.15,9.85,10.15,14625,0,8600.0,CE
2015-09-01 11:41:00,10.2,10.3,10.1,10.3,5850,0,8600.0,CE
2015-09-01 11:42:00,10.2,10.25,10.15,10.25,6050,0,8600.0,CE
2015-09-01 11:43:00,10.15,10.25,10.1,10.25,10475,0,8600.0,CE
2015-09-01 11:44:00,10.25,10.35,10.15,10.3,11725,0,8600.0,CE
2015-09-01 11:45:00,10.3,10.3,9.95,10.15,9600,0,8600.0,CE
2015-09-01 11:46:00,10.05,10.15,10.0,10.0,2375,0,8600.0,CE
2015-09-01 11:47:00,10.05,10.2,9.95,10.2,3600,0,8600.0,CE
2015-09-01 11:48:00,10.15,10.15,10.05,10.1,950,0,8600.0,CE
2015-09-01 11:49:00,10.05,10.05,9.95,10.05,3050,0,8600.0,CE
2015-09-01 11:50:00,10.1,10.1,10.05,10.05,125,0,8600.0,CE
2015-09-01 11:51:00,10.15,10.2,10.05,10.05,2300,0,8600.0,CE
2015-09-01 11:52:00,10.05,10.25,10.05,10.2,4200,0,8600.0,CE
2015-09-01 11:53:00,10.15,10.25,10.1,10.2,4575,0,8600.0,CE
2015-09-01 11:54:00,10.15,10.15,10.05,10.1,2150,0,8600.0,CE
2015-09-01 11:55:00,10.1,10.15,10.0,10.05,2250,0,8600.0,CE
2015-09-01 11:56:00,10.1,10.15,10.1,10.15,1000,0,8600.0,CE
2015-09-01 11:57:00,10.15,10.2,10.1,10.1,1225,0,8600.0,CE
2015-09-01 11:58:00,10.1,10.25,10.1,10.15,825,0,8600.0,CE
2015-09-01 11:59:00,10.2,10.3,10.15,10.2,4025,0,8600.0,CE
2015-09-01 12:00:00,10.15,10.25,10.0,10.05,5800,0,8600.0,CE
2015-09-01 12:01:00,10.0,10.0,9.85,9.95,3475,0,8600.0,CE
2015-09-01 12:02:00,9.9,10.0,9.8,9.95,2000,0,8600.0,CE
2015-09-01 12:03:00,9.85,9.9,9.8,9.8,1150,0,8600.0,CE
2015-09-01 12:04:00,9.75,10.0,9.7,9.85,4800,0,8600.0,CE
2015-09-01 12:05:00,9.75,10.0,9.75,9.95,7200,0,8600.0,CE
2015-09-01 12:06:00,9.9,9.95,9.8,9.8,16925,0,8600.0,CE
2015-09-01 12:07:00,9.8,9.8,9.75,9.8,2500,0,8600.0,CE
2015-09-01 12:08:00,9.9,9.9,9.75,9.8,6825,0,8600.0,CE
2015-09-01 12:09:00,9.8,9.9,9.35,9.45,16525,0,8600.0,CE
2015-09-01 12:10:00,9.4,9.55,9.4,9.4,4425,0,8600.0,CE
2015-09-01 12:11:00,9.35,9.65,9.2,9.5,13400,0,8600.0,CE
2015-09-01 12:12:00,9.55,9.65,9.45,9.6,3500,0,8600.0,CE
2015-09-01 12:13:00,9.6,9.7,9.55,9.7,9725,0,8600.0,CE
2015-09-01 12:14:00,9.65,9.7,9.55,9.65,8400,0,8600.0,CE
2015-09-01 12:15:00,9.65,9.8,9.65,9.75,10850,0,8600.0,CE
2015-09-01 12:16:00,9.7,9.7,9.35,9.5,6900,0,8600.0,CE
2015-09-01 12:17:00,9.6,9.65,9.5,9.6,7625,0,8600.0,CE
2015-09-01 12:18:00,9.6,9.7,9.55,9.7,1375,0,8600.0,CE
2015-09-01 12:19:00,9.6,9.8,9.6,9.7,3175,0,8600.0,CE
2015-09-01 12:20:00,9.7,9.8,9.65,9.7,1500,0,8600.0,CE
2015-09-01 12:21:00,9.65,9.75,9.65,9.7,2275,0,8600.0,CE
2015-09-01 12:22:00,9.65,9.7,9.35,9.7,15800,0,8600.0,CE
2015-09-01 12:23:00,9.7,9.75,9.65,9.7,3325,0,8600.0,CE
2015-09-01 12:24:00,9.65,9.8,9.6,9.8,6800,0,8600.0,CE
2015-09-01 12:25:00,9.8,9.85,9.75,9.8,5225,0,8600.0,CE
2015-09-01 12:26:00,9.75,9.9,9.75,9.9,2225,0,8600.0,CE
2015-09-01 12:27:00,9.75,10.0,9.75,9.9,5750,0,8600.0,CE
2015-09-01 12:28:00,9.9,10.0,9.9,10.0,925,0,8600.0,CE
2015-09-01 12:29:00,9.95,10.1,9.85,9.95,2625,0,8600.0,CE
2015-09-01 12:30:00,10.0,10.1,9.9,10.1,6425,0,8600.0,CE
2015-09-01 12:31:00,10.0,10.1,9.9,10.0,1850,0,8600.0,CE
2015-09-01 12:32:00,9.95,10.0,9.85,9.9,1425,0,8600.0,CE
2015-09-01 12:33:00,9.85,9.9,9.8,9.9,200,0,8600.0,CE
2015-09-01 12:34:00,9.85,9.9,9.85,9.9,3175,0,8600.0,CE
2015-09-01 12:35:00,9.95,10.0,9.9,9.9,5900,0,8600.0,CE
2015-09-01 12:36:00,9.85,10.0,9.85,9.95,6100,0,8600.0,CE
2015-09-01 12:37:00,9.9,10.05,9.85,10.0,29200,0,8600.0,CE
2015-09-01 12:38:00,9.95,10.0,9.9,10.0,11525,0,8600.0,CE
2015-09-01 12:39:00,9.95,9.95,9.8,9.9,9200,0,8600.0,CE
2015-09-01 12:40:00,9.85,9.95,9.8,9.9,9325,0,8600.0,CE
2015-09-01 12:41:00,9.9,10.0,9.8,9.9,4850,0,8600.0,CE
2015-09-01 12:42:00,9.9,9.9,9.8,9.85,3100,0,8600.0,CE
2015-09-01 12:43:00,9.85,9.95,9.8,9.9,1500,0,8600.0,CE
2015-09-01 12:44:00,9.9,9.9,9.8,9.8,4800,0,8600.0,CE
2015-09-01 12:45:00,9.9,9.9,9.8,9.85,2475,0,8600.0,CE
2015-09-01 12:46:00,9.85,9.85,9.75,9.85,1250,0,8600.0,CE
2015-09-01 12:47:00,9.75,9.85,9.75,9.85,6150,0,8600.0,CE
2015-09-01 12:48:00,9.8,9.8,9.75,9.75,975,0,8600.0,CE
2015-09-01 12:49:00,9.8,9.85,9.7,9.7,2250,0,8600.0,CE
2015-09-01 12:50:00,9.7,9.7,9.55,9.55,3725,0,8600.0,CE
2015-09-01 12:51:00,9.5,9.6,9.35,9.4,16550,0,8600.0,CE
2015-09-01 12:52:00,9.45,9.55,9.4,9.55,2625,0,8600.0,CE
2015-09-01 12:53:00,9.45,9.55,9.45,9.45,3650,0,8600.0,CE
2015-09-01 12:54:00,9.45,9.65,9.45,9.65,3700,0,8600.0,CE
2015-09-01 12:55:00,9.65,9.75,9.6,9.7,3650,0,8600.0,CE
2015-09-01 12:56:00,9.65,9.7,9.6,9.6,725,0,8600.0,CE
2015-09-01 12:57:00,9.65,9.7,9.5,9.55,1825,0,8600.0,CE
2015-09-01 12:58:00,9.65,9.65,9.55,9.55,2150,0,8600.0,CE
2015-09-01 12:59:00,9.6,9.6,9.5,9.5,7075,0,8600.0,CE
2015-09-01 13:00:00,9.5,9.55,9.35,9.45,1500,0,8600.0,CE
2015-09-01 13:01:00,9.5,9.7,9.5,9.65,2675,0,8600.0,CE
2015-09-01 13:02:00,9.6,9.7,9.55,9.7,4825,0,8600.0,CE
2015-09-01 13:03:00,9.75,9.8,9.7,9.8,800,0,8600.0,CE
2015-09-01 13:04:00,9.7,9.8,9.6,9.6,1100,0,8600.0,CE
2015-09-01 13:05:00,9.55,9.7,9.45,9.7,8400,0,8600.0,CE
2015-09-01 13:06:00,9.65,9.65,9.45,9.45,16200,0,8600.0,CE
2015-09-01 13:07:00,9.55,9.6,9.45,9.6,7475,0,8600.0,CE
2015-09-01 13:08:00,9.65,9.7,9.55,9.7,3575,0,8600.0,CE
2015-09-01 13:09:00,9.55,9.65,9.55,9.6,1250,0,8600.0,CE
2015-09-01 13:10:00,9.55,9.7,9.5,9.6,3875,0,8600.0,CE
2015-09-01 13:11:00,9.55,9.6,9.5,9.6,4875,0,8600.0,CE
2015-09-01 13:12:00,9.5,9.6,9.5,9.6,2950,0,8600.0,CE
2015-09-01 13:13:00,9.6,9.7,9.5,9.6,3550,0,8600.0,CE
2015-09-01 13:14:00,9.5,9.5,9.45,9.45,7050,0,8600.0,CE
2015-09-01 13:15:00,9.45,9.65,9.4,9.55,8550,0,8600.0,CE
2015-09-01 13:16:00,9.6,9.6,9.25,9.35,23675,0,8600.0,CE
2015-09-01 13:17:00,9.25,9.4,9.05,9.2,21200,0,8600.0,CE
2015-09-01 13:18:00,9.15,9.25,9.0,9.15,10300,0,8600.0,CE
2015-09-01 13:19:00,9.15,9.4,9.15,9.35,8725,0,8600.0,CE
2015-09-01 13:20:00,9.45,9.45,9.35,9.35,2050,0,8600.0,CE
2015-09-01 13:21:00,9.3,9.5,9.3,9.45,5775,0,8600.0,CE
2015-09-01 13:22:00,9.45,9.45,9.3,9.35,3375,0,8600.0,CE
2015-09-01 13:23:00,9.35,9.35,9.2,9.2,4825,0,8600.0,CE
2015-09-01 13:24:00,9.15,9.45,9.15,9.4,3900,0,8600.0,CE
2015-09-01 13:25:00,9.35,9.6,9.35,9.6,13200,0,8600.0,CE
2015-09-01 13:26:00,9.6,9.6,9.5,9.5,4075,0,8600.0,CE
2015-09-01 13:27:00,9.5,9.6,9.45,9.5,8750,0,8600.0,CE
2015-09-01 13:28:00,9.5,9.5,9.4,9.4,8725,0,8600.0,CE
2015-09-01 13:29:00,9.4,9.6,9.4,9.55,13350,0,8600.0,CE
2015-09-01 13:30:00,9.55,9.65,9.45,9.6,5000,0,8600.0,CE
2015-09-01 13:31:00,9.6,9.6,9.5,9.55,4800,0,8600.0,CE
2015-09-01 13:32:00,9.5,9.55,9.4,9.5,17550,0,8600.0,CE
2015-09-01 13:33:00,9.4,9.5,9.4,9.5,6375,0,8600.0,CE
2015-09-01 13:34:00,9.5,9.65,9.5,9.6,14300,0,8600.0,CE
2015-09-01 13:35:00,9.65,9.65,9.5,9.55,7550,0,8600.0,CE
2015-09-01 13:36:00,9.55,9.65,9.45,9.5,24350,0,8600.0,CE
2015-09-01 13:37:00,9.6,9.6,9.4,9.4,13625,0,8600.0,CE
2015-09-01 13:38:00,9.4,9.45,9.4,9.45,1175,0,8600.0,CE
2015-09-01 13:39:00,9.5,9.5,9.2,9.2,15675,0,8600.0,CE
2015-09-01 13:40:00,9.15,9.4,9.1,9.25,11850,0,8600.0,CE
2015-09-01 13:41:00,9.3,9.35,9.2,9.3,2700,0,8600.0,CE
2015-09-01 13:42:00,9.3,9.35,9.3,9.3,4225,0,8600.0,CE
2015-09-01 13:43:00,9.3,9.45,9.25,9.4,14150,0,8600.0,CE
2015-09-01 13:44:00,9.35,9.45,9.35,9.45,9175,0,8600.0,CE
2015-09-01 13:45:00,9.4,9.45,9.35,9.4,6950,0,8600.0,CE
2015-09-01 13:46:00,9.35,9.45,9.35,9.45,13400,0,8600.0,CE
2015-09-01 13:47:00,9.45,9.5,9.4,9.45,5525,0,8600.0,CE
2015-09-01 13:48:00,9.45,9.5,9.35,9.4,7450,0,8600.0,CE
2015-09-01 13:49:00,9.4,9.45,9.1,9.25,16975,0,8600.0,CE
2015-09-01 13:50:00,9.3,9.35,9.1,9.15,42000,0,8600.0,CE
2015-09-01 13:51:00,9.15,9.4,9.1,9.35,8600,0,8600.0,CE
2015-09-01 13:52:00,9.35,9.45,9.2,9.45,8825,0,8600.0,CE
2015-09-01 13:53:00,9.5,9.55,9.35,9.4,18425,0,8600.0,CE
2015-09-01 13:54:00,9.45,9.55,9.4,9.55,12375,0,8600.0,CE
2015-09-01 13:55:00,9.55,9.55,9.4,9.4,19000,0,8600.0,CE
2015-09-01 13:56:00,9.45,9.6,9.35,9.6,31875,0,8600.0,CE
2015-09-01 13:57:00,9.65,9.75,9.55,9.65,43275,0,8600.0,CE
2015-09-01 13:58:00,9.65,9.7,9.55,9.65,5075,0,8600.0,CE
2015-09-01 13:59:00,9.6,9.7,9.5,9.55,7975,0,8600.0,CE
2015-09-01 14:00:00,9.6,9.6,9.35,9.4,11575,0,8600.0,CE
2015-09-01 14:01:00,9.4,9.5,9.35,9.5,18625,0,8600.0,CE
2015-09-01 14:02:00,9.55,9.55,9.4,9.4,8925,0,8600.0,CE
2015-09-01 14:03:00,9.35,9.5,9.25,9.25,10600,0,8600.0,CE
2015-09-01 14:04:00,9.35,9.55,9.25,9.5,14300,0,8600.0,CE
2015-09-01 14:05:00,9.45,9.55,9.35,9.35,13275,0,8600.0,CE
2015-09-01 14:06:00,9.5,9.6,9.4,9.4,9150,0,8600.0,CE
2015-09-01 14:07:00,9.5,9.6,9.45,9.6,14900,0,8600.0,CE
2015-09-01 14:08:00,9.6,9.6,9.35,9.5,11900,0,8600.0,CE
2015-09-01 14:09:00,9.45,9.55,9.25,9.4,14550,0,8600.0,CE
2015-09-01 14:10:00,9.4,9.6,9.4,9.55,19950,0,8600.0,CE
2015-09-01 14:11:00,9.45,9.6,9.45,9.6,18025,0,8600.0,CE
2015-09-01 14:12:00,9.55,9.65,9.5,9.6,5175,0,8600.0,CE
2015-09-01 14:13:00,9.5,9.6,9.5,9.55,5350,0,8600.0,CE
2015-09-01 14:14:00,9.55,9.55,9.35,9.5,9500,0,8600.0,CE
2015-09-01 14:15:00,9.5,9.5,9.35,9.45,14350,0,8600.0,CE
2015-09-01 14:16:00,9.5,9.5,9.2,9.35,10025,0,8600.0,CE
2015-09-01 14:17:00,9.45,9.5,9.25,9.4,24800,0,8600.0,CE
2015-09-01 14:18:00,9.35,9.4,9.15,9.25,13250,0,8600.0,CE
2015-09-01 14:19:00,9.2,9.4,9.15,9.35,12950,0,8600.0,CE
2015-09-01 14:20:00,9.3,9.4,9.05,9.1,29375,0,8600.0,CE
2015-09-01 14:21:00,9.15,9.35,9.15,9.2,27900,0,8600.0,CE
2015-09-01 14:22:00,9.15,9.35,9.0,9.3,22125,0,8600.0,CE
2015-09-01 14:23:00,9.35,9.35,9.2,9.2,4825,0,8600.0,CE
2015-09-01 14:24:00,9.2,9.3,9.2,9.3,6250,0,8600.0,CE
2015-09-01 14:25:00,9.3,9.4,9.2,9.25,9350,0,8600.0,CE
2015-09-01 14:26:00,9.25,9.35,9.2,9.3,7300,0,8600.0,CE
2015-09-01 14:27:00,9.35,9.35,9.25,9.35,16075,0,8600.0,CE
2015-09-01 14:28:00,9.35,9.4,9.2,9.25,22125,0,8600.0,CE
2015-09-01 14:29:00,9.3,9.5,9.3,9.4,12650,0,8600.0,CE
2015-09-01 14:30:00,9.4,9.6,9.4,9.5,11250,0,8600.0,CE
2015-09-01 14:31:00,9.5,9.6,9.4,9.4,13075,0,8600.0,CE
2015-09-01 14:32:00,9.5,9.5,9.3,9.3,10575,0,8600.0,CE
2015-09-01 14:33:00,9.4,9.45,9.3,9.35,9125,0,8600.0,CE
2015-09-01 14:34:00,9.4,9.45,9.3,9.35,8900,0,8600.0,CE
2015-09-01 14:35:00,9.35,9.4,9.3,9.4,10850,0,8600.0,CE
2015-09-01 14:36:00,9.45,9.45,9.35,9.35,6950,0,8600.0,CE
2015-09-01 14:37:00,9.35,9.4,9.25,9.3,3325,0,8600.0,CE
2015-09-01 14:38:00,9.3,9.4,9.3,9.35,4925,0,8600.0,CE
2015-09-01 14:39:00,9.4,9.55,9.3,9.45,12850,0,8600.0,CE
2015-09-01 14:40:00,9.4,9.5,9.3,9.3,25025,0,8600.0,CE
2015-09-01 14:41:00,9.3,9.35,9.2,9.25,8725,0,8600.0,CE
2015-09-01 14:42:00,9.3,9.35,9.15,9.2,9975,0,8600.0,CE
2015-09-01 14:43:00,9.2,9.2,9.1,9.15,7000,0,8600.0,CE
2015-09-01 14:44:00,9.15,9.15,8.7,8.75,14275,0,8600.0,CE
2015-09-01 14:45:00,8.75,8.8,8.65,8.7,10475,0,8600.0,CE
2015-09-01 14:46:00,8.75,8.85,8.55,8.7,12625,0,8600.0,CE
2015-09-01 14:47:00,8.6,8.75,8.55,8.65,26300,0,8600.0,CE
2015-09-01 14:48:00,8.6,8.75,8.6,8.65,19800,0,8600.0,CE
2015-09-01 14:49:00,8.65,8.75,8.65,8.7,7550,0,8600.0,CE
2015-09-01 14:50:00,8.7,8.75,8.55,8.6,8700,0,8600.0,CE
2015-09-01 14:51:00,8.65,8.65,8.55,8.55,14350,0,8600.0,CE
2015-09-01 14:52:00,8.55,8.65,8.55,8.55,12575,0,8600.0,CE
2015-09-01 14:53:00,8.55,8.65,8.55,8.55,12075,0,8600.0,CE
2015-09-01 14:54:00,8.55,8.65,8.5,8.5,23550,0,8600.0,CE
2015-09-01 14:55:00,8.5,8.55,8.5,8.5,29575,0,8600.0,CE
2015-09-01 14:56:00,8.5,8.6,8.45,8.6,14400,0,8600.0,CE
2015-09-01 14:57:00,8.6,8.65,8.55,8.6,8900,0,8600.0,CE
2015-09-01 14:58:00,8.65,8.65,8.6,8.6,6950,0,8600.0,CE
2015-09-01 14:59:00,8.65,8.7,8.6,8.6,6000,0,8600.0,CE
2015-09-01 15:00:00,8.65,8.65,8.5,8.5,15150,0,8600.0,CE
2015-09-01 15:01:00,8.55,8.75,8.55,8.75,6225,0,8600.0,CE
2015-09-01 15:02:00,8.65,8.75,8.55,8.55,9625,0,8600.0,CE
2015-09-01 15:03:00,8.6,8.6,8.45,8.5,25450,0,8600.0,CE
2015-09-01 15:04:00,8.6,8.6,8.45,8.55,10650,0,8600.0,CE
2015-09-01 15:05:00,8.55,8.6,8.5,8.55,11075,0,8600.0,CE
2015-09-01 15:06:00,8.5,8.6,8.45,8.6,12075,0,8600.0,CE
2015-09-01 15:07:00,8.6,8.7,8.6,8.65,9700,0,8600.0,CE
2015-09-01 15:08:00,8.65,8.65,8.45,8.45,6875,0,8600.0,CE
2015-09-01 15:09:00,8.45,8.6,8.45,8.55,16325,0,8600.0,CE
2015-09-01 15:10:00,8.65,8.75,8.55,8.6,22900,0,8600.0,CE
2015-09-01 15:11:00,8.6,8.7,8.5,8.55,15725,0,8600.0,CE
2015-09-01 15:12:00,8.55,8.6,8.45,8.5,15725,0,8600.0,CE
2015-09-01 15:13:00,8.5,8.55,8.45,8.5,16850,0,8600.0,CE
2015-09-01 15:14:00,8.5,8.55,8.45,8.55,9400,0,8600.0,CE
2015-09-01 15:15:00,8.55,8.7,8.5,8.65,23075,0,8600.0,CE
2015-09-01 15:16:00,8.65,8.8,8.6,8.75,32150,0,8600.0,CE
2015-09-01 15:17:00,8.75,8.85,8.7,8.75,18225,0,8600.0,CE
2015-09-01 15:18:00,8.75,8.85,8.7,8.75,24550,0,8600.0,CE
2015-09-01 15:19:00,8.7,8.75,8.65,8.7,30025,0,8600.0,CE
2015-09-01 15:20:00,8.75,8.75,8.6,8.65,18775,0,8600.0,CE
2015-09-01 15:21:00,8.65,8.7,8.6,8.6,11250,0,8600.0,CE
2015-09-01 15:22:00,8.65,8.65,8.6,8.65,10950,0,8600.0,CE
2015-09-01 15:23:00,8.65,8.7,8.6,8.65,11775,0,8600.0,CE
2015-09-01 15:24:00,8.7,8.75,8.65,8.65,7375,0,8600.0,CE
2015-09-01 15:25:00,8.7,8.75,8.6,8.75,16450,0,8600.0,CE
2015-09-01 15:26:00,8.8,8.9,8.8,8.9,9025,0,8600.0,CE
2015-09-01 15:27:00,8.9,8.9,8.8,8.8,11125,0,8600.0,CE
2015-09-01 15:28:00,8.75,8.9,8.75,8.8,17150,0,8600.0,CE
2015-09-01 15:29:00,8.7,8.8,8.45,8.45,37100,0,8600.0,CE
2015-09-02 09:15:00,9.35,10.0,9.0,9.05,18375,0,8600.0,CE
2015-09-02 09:16:00,9.0,9.45,8.95,9.2,18875,0,8600.0,CE
2015-09-02 09:17:00,9.25,9.35,8.9,9.0,17750,0,8600.0,CE
2015-09-02 09:18:00,9.0,9.0,8.7,8.8,17600,0,8600.0,CE
2015-09-02 09:19:00,8.65,8.8,8.6,8.65,8475,0,8600.0,CE
2015-09-02 09:20:00,8.65,8.7,8.3,8.6,25625,0,8600.0,CE
2015-09-02 09:21:00,8.65,8.75,8.5,8.6,6100,0,8600.0,CE
2015-09-02 09:22:00,8.55,8.75,8.5,8.75,6850,0,8600.0,CE
2015-09-02 09:23:00,8.7,8.9,8.65,8.85,6475,0,8600.0,CE
2015-09-02 09:24:00,8.9,8.9,8.75,8.85,10150,0,8600.0,CE
2015-09-02 09:25:00,8.85,8.9,8.6,8.7,28775,0,8600.0,CE
2015-09-02 09:26:00,8.7,8.85,8.65,8.75,14500,0,8600.0,CE
2015-09-02 09:27:00,8.7,9.0,8.7,8.9,9300,0,8600.0,CE
2015-09-02 09:28:00,9.0,9.0,8.7,8.75,8400,0,8600.0,CE
2015-09-02 09:29:00,8.85,9.1,8.85,9.05,11000,0,8600.0,CE
2015-09-02 09:30:00,8.95,9.0,8.8,8.95,9450,0,8600.0,CE
2015-09-02 09:31:00,8.9,8.9,8.6,8.7,14225,0,8600.0,CE
2015-09-02 09:32:00,8.7,8.75,8.5,8.55,7500,0,8600.0,CE
2015-09-02 09:33:00,8.5,8.8,8.5,8.75,9475,0,8600.0,CE
2015-09-02 09:34:00,8.75,8.75,8.5,8.6,8625,0,8600.0,CE
2015-09-02 09:35:00,8.6,8.7,8.55,8.7,6600,0,8600.0,CE
2015-09-02 09:36:00,8.7,8.8,8.7,8.7,5975,0,8600.0,CE
2015-09-02 09:37:00,8.7,8.7,8.5,8.65,6025,0,8600.0,CE
2015-09-02 09:38:00,8.65,8.75,8.55,8.75,4050,0,8600.0,CE
2015-09-02 09:39:00,8.7,8.9,8.7,8.85,3950,0,8600.0,CE
2015-09-02 09:40:00,8.8,8.9,8.7,8.9,6500,0,8600.0,CE
2015-09-02 09:41:00,8.85,8.9,8.7,8.85,13225,0,8600.0,CE
2015-09-02 09:42:00,8.8,8.9,8.75,8.85,5025,0,8600.0,CE
2015-09-02 09:43:00,8.8,8.85,8.65,8.65,3850,0,8600.0,CE
2015-09-02 09:44:00,8.7,8.85,8.7,8.85,9850,0,8600.0,CE
2015-09-02 09:45:00,8.9,8.9,8.8,8.85,10450,0,8600.0,CE
2015-09-02 09:46:00,8.85,8.85,8.7,8.8,6425,0,8600.0,CE
2015-09-02 09:47:00,8.7,8.85,8.7,8.8,2850,0,8600.0,CE
2015-09-02 09:48:00,8.8,8.95,8.8,8.9,4700,0,8600.0,CE
2015-09-02 09:49:00,8.9,8.95,8.8,8.85,4725,0,8600.0,CE
2015-09-02 09:50:00,8.8,8.85,8.75,8.8,3900,0,8600.0,CE
2015-09-02 09:51:00,8.8,8.8,8.55,8.55,3650,0,8600.0,CE
2015-09-02 09:52:00,8.65,8.75,8.55,8.7,4175,0,8600.0,CE
2015-09-02 09:53:00,8.65,8.8,8.65,8.8,4050,0,8600.0,CE
2015-09-02 09:54:00,8.8,8.8,8.7,8.75,9275,0,8600.0,CE
2015-09-02 09:55:00,8.8,8.8,8.7,8.8,3700,0,8600.0,CE
2015-09-02 09:56:00,8.8,8.85,8.75,8.8,3025,0,8600.0,CE
2015-09-02 09:57:00,8.8,8.8,8.75,8.8,2975,0,8600.0,CE
2015-09-02 09:58:00,8.8,8.8,8.75,8.8,2525,0,8600.0,CE
2015-09-02 09:59:00,8.8,8.9,8.8,8.85,5250,0,8600.0,CE
2015-09-02 10:00:00,8.8,8.8,8.75,8.8,2325,0,8600.0,CE
2015-09-02 10:01:00,8.85,8.85,8.8,8.8,175,0,8600.0,CE
2015-09-02 10:02:00,8.8,8.85,8.75,8.85,10675,0,8600.0,CE
2015-09-02 10:03:00,8.9,8.9,8.75,8.85,7425,0,8600.0,CE
2015-09-02 10:04:00,8.85,8.9,8.8,8.9,3625,0,8600.0,CE
2015-09-02 10:05:00,8.9,8.95,8.85,8.9,1575,0,8600.0,CE
2015-09-02 10:06:00,8.85,8.9,8.75,8.8,8025,0,8600.0,CE
2015-09-02 10:07:00,8.8,8.8,8.7,8.7,3950,0,8600.0,CE
2015-09-02 10:08:00,8.75,8.8,8.75,8.75,925,0,8600.0,CE
2015-09-02 10:09:00,8.7,8.8,8.7,8.7,1000,0,8600.0,CE
2015-09-02 10:10:00,8.75,8.75,8.75,8.75,1300,0,8600.0,CE
2015-09-02 10:11:00,8.75,8.8,8.65,8.8,4950,0,8600.0,CE
2015-09-02 10:12:00,8.7,8.8,8.6,8.65,4325,0,8600.0,CE
2015-09-02 10:13:00,8.65,8.7,8.6,8.6,1800,0,8600.0,CE
2015-09-02 10:14:00,8.7,8.7,8.6,8.7,275,0,8600.0,CE
2015-09-02 10:15:00,8.7,8.8,8.65,8.8,5250,0,8600.0,CE
2015-09-02 10:16:00,8.75,8.8,8.75,8.8,14800,0,8600.0,CE
2015-09-02 10:17:00,8.8,8.85,8.75,8.8,6500,0,8600.0,CE
2015-09-02 10:18:00,8.8,8.9,8.8,8.8,3125,0,8600.0,CE
2015-09-02 10:19:00,8.85,8.85,8.75,8.8,1600,0,8600.0,CE
2015-09-02 10:20:00,8.8,8.85,8.75,8.8,1525,0,8600.0,CE
2015-09-02 10:21:00,8.9,9.0,8.85,9.0,6200,0,8600.0,CE
2015-09-02 10:22:00,8.9,9.0,8.85,8.95,4450,0,8600.0,CE
2015-09-02 10:23:00,8.9,8.95,8.85,8.95,3650,0,8600.0,CE
2015-09-02 10:24:00,8.95,8.95,8.9,8.95,3025,0,8600.0,CE
2015-09-02 10:25:00,8.85,8.95,8.85,8.85,6100,0,8600.0,CE
2015-09-02 10:26:00,8.9,8.95,8.8,8.85,7425,0,8600.0,CE
2015-09-02 10:27:00,8.8,8.9,8.8,8.8,2700,0,8600.0,CE
2015-09-02 10:28:00,8.8,9.0,8.8,8.9,8975,0,8600.0,CE
2015-09-02 10:29:00,8.95,8.95,8.85,8.9,9050,0,8600.0,CE
2015-09-02 10:30:00,8.9,9.05,8.9,8.95,8725,0,8600.0,CE
2015-09-02 10:31:00,8.95,9.0,8.95,8.95,9400,0,8600.0,CE
2015-09-02 10:32:00,9.0,9.05,8.9,9.0,20925,0,8600.0,CE
2015-09-02 10:33:00,8.95,9.0,8.85,8.9,17850,0,8600.0,CE
2015-09-02 10:34:00,8.9,9.0,8.85,8.9,9200,0,8600.0,CE
2015-09-02 10:35:00,8.9,8.95,8.85,8.95,2900,0,8600.0,CE
2015-09-02 10:36:00,8.85,8.9,8.8,8.9,2200,0,8600.0,CE
2015-09-02 10:37:00,8.85,8.95,8.8,8.95,5850,0,8600.0,CE
2015-09-02 10:38:00,8.95,8.95,8.85,8.9,2200,0,8600.0,CE
2015-09-02 10:39:00,8.9,9.0,8.9,9.0,3550,0,8600.0,CE
2015-09-02 10:40:00,8.9,9.05,8.9,9.0,15325,0,8600.0,CE
2015-09-02 10:41:00,8.95,9.1,8.95,9.05,2375,0,8600.0,CE
2015-09-02 10:42:00,9.05,9.1,9.0,9.05,2400,0,8600.0,CE
2015-09-02 10:43:00,9.05,9.05,8.95,8.95,2150,0,8600.0,CE
2015-09-02 10:44:00,9.0,9.0,8.95,9.0,4125,0,8600.0,CE
2015-09-02 10:45:00,9.0,9.0,8.9,8.95,5950,0,8600.0,CE
2015-09-02 10:46:00,8.95,9.0,8.95,8.95,875,0,8600.0,CE
2015-09-02 10:47:00,8.95,9.05,8.95,9.0,4375,0,8600.0,CE
2015-09-02 10:48:00,9.05,9.1,8.95,9.0,4700,0,8600.0,CE
2015-09-02 10:49:00,9.1,9.1,9.0,9.0,2900,0,8600.0,CE
2015-09-02 10:50:00,9.0,9.0,8.9,8.95,7150,0,8600.0,CE
2015-09-02 10:51:00,8.95,9.0,8.85,8.9,2575,0,8600.0,CE
2015-09-02 10:52:00,8.95,9.0,8.95,9.0,3250,0,8600.0,CE
2015-09-02 10:53:00,9.05,9.05,9.0,9.05,10825,0,8600.0,CE
2015-09-02 10:54:00,9.0,9.05,8.85,8.85,5650,0,8600.0,CE
2015-09-02 10:55:00,8.85,8.95,8.85,8.85,3750,0,8600.0,CE
2015-09-02 10:56:00,8.85,8.9,8.65,8.65,10100,0,8600.0,CE
2015-09-02 10:57:00,8.7,8.8,8.65,8.65,6275,0,8600.0,CE
2015-09-02 10:58:00,8.6,8.7,8.5,8.5,7500,0,8600.0,CE
2015-09-02 10:59:00,8.5,8.75,8.45,8.45,33850,0,8600.0,CE
2015-09-02 11:00:00,8.35,8.65,8.3,8.6,31800,0,8600.0,CE
2015-09-02 11:01:00,8.55,8.65,8.45,8.55,9900,0,8600.0,CE
2015-09-02 11:02:00,8.55,8.6,8.25,8.4,13775,0,8600.0,CE
2015-09-02 11:03:00,8.4,8.4,8.3,8.35,2750,0,8600.0,CE
2015-09-02 11:04:00,8.4,8.45,8.3,8.3,9050,0,8600.0,CE
2015-09-02 11:05:00,8.35,8.35,8.1,8.25,8375,0,8600.0,CE
2015-09-02 11:06:00,8.3,8.4,8.25,8.25,6900,0,8600.0,CE
2015-09-02 11:07:00,8.35,8.35,8.2,8.25,5100,0,8600.0,CE
2015-09-02 11:08:00,8.25,8.3,8.2,8.2,3675,0,8600.0,CE
2015-09-02 11:09:00,8.2,8.25,7.9,8.0,13750,0,8600.0,CE
2015-09-02 11:10:00,7.9,8.05,7.9,7.95,10300,0,8600.0,CE
2015-09-02 11:11:00,8.0,8.05,7.9,8.05,3050,0,8600.0,CE
2015-09-02 11:12:00,8.05,8.15,8.0,8.05,3775,0,8600.0,CE
2015-09-02 11:13:00,8.05,8.15,8.05,8.1,1100,0,8600.0,CE
2015-09-02 11:14:00,8.1,8.15,7.9,8.05,6550,0,8600.0,CE
2015-09-02 11:15:00,8.1,8.15,7.9,7.9,5475,0,8600.0,CE
2015-09-02 11:16:00,7.9,7.95,7.55,7.7,29075,0,8600.0,CE
2015-09-02 11:17:00,7.55,7.75,7.5,7.65,9975,0,8600.0,CE
2015-09-02 11:18:00,7.6,7.75,7.55,7.7,5150,0,8600.0,CE
2015-09-02 11:19:00,7.8,7.8,7.7,7.8,7675,0,8600.0,CE
2015-09-02 11:20:00,7.75,7.85,7.75,7.8,3625,0,8600.0,CE
2015-09-02 11:21:00,7.8,7.85,7.8,7.8,6425,0,8600.0,CE
2015-09-02 11:22:00,7.8,7.85,7.8,7.8,8000,0,8600.0,CE
2015-09-02 11:23:00,7.75,7.85,7.75,7.75,3450,0,8600.0,CE
2015-09-02 11:24:00,7.8,7.85,7.7,7.75,4375,0,8600.0,CE
2015-09-02 11:25:00,7.8,7.8,7.65,7.75,7050,0,8600.0,CE
2015-09-02 11:26:00,7.7,7.8,7.5,7.5,10600,0,8600.0,CE
2015-09-02 11:27:00,7.6,7.8,7.5,7.7,12750,0,8600.0,CE
2015-09-02 11:28:00,7.8,7.8,7.6,7.7,6725,0,8600.0,CE
2015-09-02 11:29:00,7.7,7.8,7.65,7.8,4850,0,8600.0,CE
2015-09-02 11:30:00,7.8,7.85,7.75,7.85,2700,0,8600.0,CE
2015-09-02 11:31:00,7.8,7.9,7.75,7.9,13150,0,8600.0,CE
2015-09-02 11:32:00,7.85,7.9,7.8,7.8,1450,0,8600.0,CE
2015-09-02 11:33:00,7.8,7.8,7.75,7.8,5275,0,8600.0,CE
2015-09-02 11:34:00,7.8,8.0,7.8,7.95,14825,0,8600.0,CE
2015-09-02 11:35:00,7.95,8.0,7.9,8.0,3600,0,8600.0,CE
2015-09-02 11:36:00,7.95,8.0,7.9,7.95,5650,0,8600.0,CE
2015-09-02 11:37:00,7.95,8.0,7.9,7.9,8825,0,8600.0,CE
2015-09-02 11:38:00,7.95,8.1,7.95,8.05,6625,0,8600.0,CE
2015-09-02 11:39:00,8.05,8.1,8.0,8.0,6875,0,8600.0,CE
2015-09-02 11:40:00,8.1,8.15,8.0,8.15,6050,0,8600.0,CE
2015-09-02 11:41:00,8.1,8.1,8.05,8.05,5700,0,8600.0,CE
2015-09-02 11:42:00,8.05,8.1,7.8,7.85,8425,0,8600.0,CE
2015-09-02 11:43:00,7.85,7.9,7.7,7.8,4475,0,8600.0,CE
2015-09-02 11:44:00,7.75,7.9,7.75,7.85,7850,0,8600.0,CE
2015-09-02 11:45:00,7.9,7.95,7.8,7.95,3100,0,8600.0,CE
2015-09-02 11:46:00,7.95,8.0,7.9,7.95,7450,0,8600.0,CE
2015-09-02 11:47:00,7.95,8.0,7.9,7.9,1200,0,8600.0,CE
2015-09-02 11:48:00,7.95,8.0,7.75,7.9,3775,0,8600.0,CE
2015-09-02 11:49:00,7.95,7.95,7.7,7.85,6625,0,8600.0,CE
2015-09-02 11:50:00,7.9,7.9,7.75,7.85,3500,0,8600.0,CE
2015-09-02 11:51:00,7.85,8.0,7.85,7.85,2025,0,8600.0,CE
2015-09-02 11:52:00,7.9,8.05,7.8,7.95,4350,0,8600.0,CE
2015-09-02 11:53:00,7.95,8.05,7.95,8.0,825,0,8600.0,CE
2015-09-02 11:54:00,8.0,8.0,7.85,8.0,3075,0,8600.0,CE
2015-09-02 11:55:00,8.0,8.05,7.9,7.9,2500,0,8600.0,CE
2015-09-02 11:56:00,7.9,7.9,7.9,7.9,575,0,8600.0,CE
2015-09-02 11:57:00,7.9,8.0,7.75,7.85,7525,0,8600.0,CE
2015-09-02 11:58:00,7.8,7.85,7.7,7.8,7150,0,8600.0,CE
2015-09-02 11:59:00,7.8,7.85,7.8,7.8,2450,0,8600.0,CE
2015-09-02 12:00:00,7.8,7.85,7.8,7.8,1600,0,8600.0,CE
2015-09-02 12:01:00,7.8,7.9,7.8,7.9,4075,0,8600.0,CE
2015-09-02 12:02:00,7.9,7.9,7.8,7.85,4800,0,8600.0,CE
2015-09-02 12:03:00,7.8,7.9,7.8,7.85,2475,0,8600.0,CE
2015-09-02 12:04:00,7.9,7.95,7.8,7.9,6075,0,8600.0,CE
2015-09-02 12:05:00,7.9,7.95,7.8,7.9,11850,0,8600.0,CE
2015-09-02 12:06:00,7.95,7.95,7.8,7.85,4925,0,8600.0,CE
2015-09-02 12:07:00,7.85,7.85,7.75,7.8,5225,0,8600.0,CE
2015-09-02 12:08:00,7.8,7.85,7.8,7.85,7150,0,8600.0,CE
2015-09-02 12:09:00,7.85,7.9,7.85,7.9,2125,0,8600.0,CE
2015-09-02 12:10:00,7.85,8.0,7.85,8.0,8425,0,8600.0,CE
2015-09-02 12:11:00,8.0,8.05,7.95,8.0,2575,0,8600.0,CE
2015-09-02 12:12:00,8.05,8.2,8.05,8.2,4225,0,8600.0,CE
2015-09-02 12:13:00,8.2,8.35,8.2,8.25,10300,0,8600.0,CE
2015-09-02 12:14:00,8.2,8.2,8.1,8.15,11825,0,8600.0,CE
2015-09-02 12:15:00,8.1,8.2,8.05,8.15,4950,0,8600.0,CE
2015-09-02 12:16:00,8.15,8.25,8.15,8.25,5600,0,8600.0,CE
2015-09-02 12:17:00,8.25,8.4,8.2,8.35,19050,0,8600.0,CE
2015-09-02 12:18:00,8.35,8.35,8.2,8.2,7100,0,8600.0,CE
2015-09-02 12:19:00,8.25,8.3,8.2,8.3,2075,0,8600.0,CE
2015-09-02 12:20:00,8.3,8.4,8.3,8.4,4150,0,8600.0,CE
2015-09-02 12:21:00,8.35,8.35,8.2,8.2,2600,0,8600.0,CE
2015-09-02 12:22:00,8.3,8.3,8.15,8.15,7175,0,8600.0,CE
2015-09-02 12:23:00,8.2,8.2,8.1,8.2,6300,0,8600.0,CE
2015-09-02 12:24:00,8.2,8.2,8.1,8.1,14125,0,8600.0,CE
2015-09-02 12:25:00,8.15,8.15,8.05,8.1,6225,0,8600.0,CE
2015-09-02 12:26:00,8.0,8.05,8.0,8.05,6100,0,8600.0,CE
2015-09-02 12:27:00,8.0,8.05,8.0,8.0,7375,0,8600.0,CE
2015-09-02 12:28:00,8.0,8.0,7.9,8.0,15350,0,8600.0,CE
2015-09-02 12:29:00,8.05,8.05,7.95,7.95,1475,0,8600.0,CE
2015-09-02 12:30:00,7.95,8.0,7.95,7.95,7600,0,8600.0,CE
2015-09-02 12:31:00,7.95,8.05,7.9,8.0,10800,0,8600.0,CE
2015-09-02 12:32:00,8.0,8.0,7.9,8.0,6100,0,8600.0,CE
2015-09-02 12:33:00,8.0,8.05,7.95,8.05,3250,0,8600.0,CE
2015-09-02 12:34:00,8.0,8.1,8.0,8.05,4125,0,8600.0,CE
2015-09-02 12:35:00,8.15,8.25,8.1,8.25,18200,0,8600.0,CE
2015-09-02 12:36:00,8.25,8.3,8.15,8.15,6700,0,8600.0,CE
2015-09-02 12:37:00,8.2,8.2,8.1,8.2,4075,0,8600.0,CE
2015-09-02 12:38:00,8.2,8.25,8.15,8.2,4275,0,8600.0,CE
2015-09-02 12:39:00,8.25,8.4,8.2,8.4,4950,0,8600.0,CE
2015-09-02 12:40:00,8.4,8.45,8.25,8.4,8000,0,8600.0,CE
2015-09-02 12:41:00,8.3,8.35,8.25,8.3,5575,0,8600.0,CE
2015-09-02 12:42:00,8.3,8.35,8.25,8.3,7825,0,8600.0,CE
2015-09-02 12:43:00,8.25,8.3,8.25,8.25,1800,0,8600.0,CE
2015-09-02 12:44:00,8.25,8.25,8.1,8.25,14775,0,8600.0,CE
2015-09-02 12:45:00,8.25,8.25,8.2,8.2,1925,0,8600.0,CE
2015-09-02 12:46:00,8.2,8.25,8.15,8.25,4350,0,8600.0,CE
2015-09-02 12:47:00,8.2,8.25,8.15,8.15,3975,0,8600.0,CE
2015-09-02 12:48:00,8.15,8.2,8.1,8.1,4675,0,8600.0,CE
2015-09-02 12:49:00,8.15,8.15,7.85,7.95,8975,0,8600.0,CE
2015-09-02 12:50:00,7.9,7.95,7.8,7.9,15100,0,8600.0,CE
2015-09-02 12:51:00,7.85,7.9,7.85,7.9,5025,0,8600.0,CE
2015-09-02 12:52:00,7.8,7.95,7.8,7.9,6425,0,8600.0,CE
2015-09-02 12:53:00,7.95,7.95,7.95,7.95,650,0,8600.0,CE
2015-09-02 12:54:00,8.0,8.05,7.95,8.05,1575,0,8600.0,CE
2015-09-02 12:55:00,8.05,8.1,7.95,8.1,7025,0,8600.0,CE
2015-09-02 12:56:00,8.0,8.15,7.95,8.05,3650,0,8600.0,CE
2015-09-02 12:57:00,8.1,8.1,8.0,8.0,725,0,8600.0,CE
2015-09-02 12:58:00,8.1,8.1,8.0,8.0,2075,0,8600.0,CE
2015-09-02 12:59:00,8.0,8.0,7.95,7.95,24750,0,8600.0,CE
2015-09-02 13:00:00,7.95,8.0,7.9,7.95,3975,0,8600.0,CE
2015-09-02 13:01:00,7.95,7.95,7.85,7.85,2450,0,8600.0,CE
2015-09-02 13:02:00,7.85,7.85,7.65,7.75,5375,0,8600.0,CE
2015-09-02 13:03:00,7.8,7.8,7.7,7.75,5625,0,8600.0,CE
2015-09-02 13:04:00,7.7,7.75,7.5,7.55,5975,0,8600.0,CE
2015-09-02 13:05:00,7.55,7.7,7.55,7.6,9025,0,8600.0,CE
2015-09-02 13:06:00,7.6,7.75,7.6,7.7,6575,0,8600.0,CE
2015-09-02 13:07:00,7.7,7.75,7.6,7.6,4125,0,8600.0,CE
2015-09-02 13:08:00,7.6,7.8,7.6,7.8,6325,0,8600.0,CE
2015-09-02 13:09:00,7.75,7.85,7.7,7.7,2500,0,8600.0,CE
2015-09-02 13:10:00,7.65,7.7,7.5,7.6,9300,0,8600.0,CE
2015-09-02 13:11:00,7.6,7.7,7.55,7.65,4000,0,8600.0,CE
2015-09-02 13:12:00,7.7,7.7,7.5,7.55,6675,0,8600.0,CE
2015-09-02 13:13:00,7.55,7.65,7.55,7.65,3650,0,8600.0,CE
2015-09-02 13:14:00,7.65,7.65,7.6,7.6,5500,0,8600.0,CE
2015-09-02 13:15:00,7.6,7.7,7.55,7.65,7875,0,8600.0,CE
2015-09-02 13:16:00,7.65,7.8,7.6,7.65,5525,0,8600.0,CE
2015-09-02 13:17:00,7.65,7.9,7.65,7.7,8375,0,8600.0,CE
2015-09-02 13:18:00,7.75,7.85,7.7,7.7,3725,0,8600.0,CE
2015-09-02 13:19:00,7.75,7.75,7.7,7.7,1975,0,8600.0,CE
2015-09-02 13:20:00,7.7,7.75,7.65,7.75,4800,0,8600.0,CE
2015-09-02 13:21:00,7.7,7.7,7.65,7.65,925,0,8600.0,CE
2015-09-02 13:22:00,7.65,7.75,7.65,7.65,2750,0,8600.0,CE
2015-09-02 13:23:00,7.6,7.65,7.4,7.4,10200,0,8600.0,CE
2015-09-02 13:24:00,7.4,7.55,7.15,7.25,11675,0,8600.0,CE
2015-09-02 13:25:00,7.35,7.35,6.95,7.15,16075,0,8600.0,CE
2015-09-02 13:26:00,7.25,7.25,7.05,7.15,6675,0,8600.0,CE
2015-09-02 13:27:00,7.2,7.35,7.2,7.35,5375,0,8600.0,CE
2015-09-02 13:28:00,7.4,7.4,7.3,7.3,10375,0,8600.0,CE
2015-09-02 13:29:00,7.3,7.35,7.15,7.15,8850,0,8600.0,CE
2015-09-02 13:30:00,7.2,7.25,7.15,7.15,6425,0,8600.0,CE
2015-09-02 13:31:00,7.15,7.2,7.1,7.1,7400,0,8600.0,CE
2015-09-02 13:32:00,7.05,7.15,6.3,7.1,21925,0,8600.0,CE
2015-09-02 13:33:00,7.1,7.1,7.0,7.0,8725,0,8600.0,CE
2015-09-02 13:34:00,7.0,7.0,6.9,6.9,11350,0,8600.0,CE
2015-09-02 13:35:00,6.95,7.1,6.9,7.0,7125,0,8600.0,CE
2015-09-02 13:36:00,7.0,7.1,6.95,7.0,6500,0,8600.0,CE
2015-09-02 13:37:00,6.95,6.95,6.8,6.9,10850,0,8600.0,CE
2015-09-02 13:38:00,6.8,6.85,6.75,6.8,6725,0,8600.0,CE
2015-09-02 13:39:00,6.8,6.8,6.65,6.75,9800,0,8600.0,CE
2015-09-02 13:40:00,6.8,6.95,6.8,6.95,10000,0,8600.0,CE
2015-09-02 13:41:00,6.9,6.95,6.75,6.75,11450,0,8600.0,CE
2015-09-02 13:42:00,6.75,6.9,6.7,6.9,15450,0,8600.0,CE
2015-09-02 13:43:00,6.9,6.95,6.7,6.8,5825,0,8600.0,CE
2015-09-02 13:44:00,6.9,7.0,6.8,7.0,5125,0,8600.0,CE
2015-09-02 13:45:00,7.0,7.05,6.85,6.95,8000,0,8600.0,CE
2015-09-02 13:46:00,6.85,6.95,6.8,6.9,3925,0,8600.0,CE
2015-09-02 13:47:00,6.9,6.95,6.85,6.9,4650,0,8600.0,CE
2015-09-02 13:48:00,6.9,6.95,6.85,6.9,6500,0,8600.0,CE
2015-09-02 13:49:00,6.9,6.9,6.85,6.9,2250,0,8600.0,CE
2015-09-02 13:50:00,6.85,6.95,6.8,6.95,5325,0,8600.0,CE
2015-09-02 13:51:00,6.95,6.95,6.85,6.85,5150,0,8600.0,CE
2015-09-02 13:52:00,6.85,6.85,6.65,6.65,4550,0,8600.0,CE
2015-09-02 13:53:00,6.65,6.75,6.55,6.6,5875,0,8600.0,CE
2015-09-02 13:54:00,6.6,6.65,6.5,6.5,2925,0,8600.0,CE
2015-09-02 13:55:00,6.5,6.6,6.5,6.55,4350,0,8600.0,CE
2015-09-02 13:56:00,6.55,6.6,6.55,6.6,4650,0,8600.0,CE
2015-09-02 13:57:00,6.5,6.6,6.5,6.55,2050,0,8600.0,CE
2015-09-02 13:58:00,6.6,6.6,6.55,6.55,500,0,8600.0,CE
2015-09-02 13:59:00,6.5,6.65,6.5,6.55,2625,0,8600.0,CE
2015-09-02 14:00:00,6.6,6.65,6.55,6.6,2700,0,8600.0,CE
2015-09-02 14:01:00,6.65,6.75,6.65,6.75,4825,0,8600.0,CE
2015-09-02 14:02:00,6.7,6.7,6.65,6.65,1550,0,8600.0,CE
2015-09-02 14:03:00,6.6,6.65,6.55,6.55,4150,0,8600.0,CE
2015-09-02 14:04:00,6.6,6.6,6.5,6.5,3875,0,8600.0,CE
2015-09-02 14:05:00,6.5,6.55,6.5,6.55,2500,0,8600.0,CE
2015-09-02 14:06:00,6.55,6.55,6.4,6.5,7200,0,8600.0,CE
2015-09-02 14:07:00,6.5,6.5,6.4,6.45,11650,0,8600.0,CE
2015-09-02 14:08:00,6.45,6.6,6.45,6.55,5200,0,8600.0,CE
2015-09-02 14:09:00,6.55,6.6,6.5,6.6,7150,0,8600.0,CE
2015-09-02 14:10:00,6.6,6.65,6.55,6.65,2800,0,8600.0,CE
2015-09-02 14:11:00,6.55,6.6,6.5,6.55,4950,0,8600.0,CE
2015-09-02 14:12:00,6.55,6.55,6.5,6.55,3150,0,8600.0,CE
2015-09-02 14:13:00,6.5,6.55,6.5,6.55,5025,0,8600.0,CE
2015-09-02 14:14:00,6.5,6.5,6.35,6.45,6325,0,8600.0,CE
2015-09-02 14:15:00,6.4,6.4,6.4,6.4,850,0,8600.0,CE
2015-09-02 14:16:00,6.45,6.45,6.45,6.45,2400,0,8600.0,CE
2015-09-02 14:17:00,6.45,6.5,6.45,6.45,1225,0,8600.0,CE
2015-09-02 14:18:00,6.45,6.5,6.45,6.45,2550,0,8600.0,CE
2015-09-02 14:19:00,6.45,6.5,6.45,6.5,1200,0,8600.0,CE
2015-09-02 14:20:00,6.55,6.7,6.5,6.65,2125,0,8600.0,CE
2015-09-02 14:21:00,6.6,6.65,6.55,6.55,3125,0,8600.0,CE
2015-09-02 14:22:00,6.5,6.55,6.5,6.5,2275,0,8600.0,CE
2015-09-02 14:23:00,6.45,6.55,6.4,6.5,2225,0,8600.0,CE
2015-09-02 14:24:00,6.5,6.5,6.4,6.45,3850,0,8600.0,CE
2015-09-02 14:25:00,6.5,6.5,6.3,6.3,9625,0,8600.0,CE
2015-09-02 14:26:00,6.3,6.3,6.15,6.2,15875,0,8600.0,CE
2015-09-02 14:27:00,6.25,6.25,6.15,6.2,5550,0,8600.0,CE
2015-09-02 14:28:00,6.15,6.25,6.15,6.2,3700,0,8600.0,CE
2015-09-02 14:29:00,6.15,6.25,6.1,6.25,6350,0,8600.0,CE
2015-09-02 14:30:00,6.25,6.3,6.2,6.25,3200,0,8600.0,CE
2015-09-02 14:31:00,6.25,6.25,6.1,6.1,9450,0,8600.0,CE
2015-09-02 14:32:00,6.2,6.2,5.95,6.1,15375,0,8600.0,CE
2015-09-02 14:33:00,6.1,6.2,6.0,6.15,8275,0,8600.0,CE
2015-09-02 14:34:00,6.1,6.2,6.1,6.1,5100,0,8600.0,CE
2015-09-02 14:35:00,6.1,6.1,6.0,6.0,6225,0,8600.0,CE
2015-09-02 14:36:00,6.05,6.05,6.0,6.0,5250,0,8600.0,CE
2015-09-02 14:37:00,6.0,6.1,6.0,6.0,5950,0,8600.0,CE
2015-09-02 14:38:00,6.0,6.2,6.0,6.2,5575,0,8600.0,CE
2015-09-02 14:39:00,6.1,6.15,6.05,6.1,950,0,8600.0,CE
2015-09-02 14:40:00,6.1,6.1,6.0,6.05,2750,0,8600.0,CE
2015-09-02 14:41:00,6.05,6.05,5.95,6.0,7975,0,8600.0,CE
2015-09-02 14:42:00,6.0,6.0,5.85,5.85,13375,0,8600.0,CE
2015-09-02 14:43:00,5.85,5.9,5.8,5.9,15650,0,8600.0,CE
2015-09-02 14:44:00,5.95,6.0,5.85,6.0,5075,0,8600.0,CE
2015-09-02 14:45:00,6.0,6.05,5.95,6.05,11000,0,8600.0,CE
2015-09-02 14:46:00,6.1,6.1,6.05,6.1,7425,0,8600.0,CE
2015-09-02 14:47:00,6.1,6.15,6.0,6.1,8050,0,8600.0,CE
2015-09-02 14:48:00,6.15,6.15,6.05,6.05,6450,0,8600.0,CE
2015-09-02 14:49:00,6.0,6.05,5.9,6.05,7600,0,8600.0,CE
2015-09-02 14:50:00,6.05,6.1,6.05,6.1,2325,0,8600.0,CE
2015-09-02 14:51:00,6.1,6.1,6.05,6.05,4000,0,8600.0,CE
2015-09-02 14:52:00,6.05,6.05,5.95,6.0,23475,0,8600.0,CE
2015-09-02 14:53:00,6.0,6.0,5.85,5.9,26675,0,8600.0,CE
2015-09-02 14:54:00,5.9,5.95,5.85,5.95,14975,0,8600.0,CE
2015-09-02 14:55:00,5.9,6.0,5.9,6.0,11575,0,8600.0,CE
2015-09-02 14:56:00,6.05,6.05,5.9,6.0,9825,0,8600.0,CE
2015-09-02 14:57:00,5.95,6.05,5.9,6.0,19425,0,8600.0,CE
2015-09-02 14:58:00,6.05,6.1,6.0,6.05,18625,0,8600.0,CE
2015-09-02 14:59:00,6.05,6.3,6.0,6.3,16925,0,8600.0,CE
2015-09-02 15:00:00,6.25,6.3,6.1,6.1,11050,0,8600.0,CE
2015-09-02 15:01:00,6.1,6.2,6.05,6.1,21075,0,8600.0,CE
2015-09-02 15:02:00,6.1,6.15,6.0,6.15,21075,0,8600.0,CE
2015-09-02 15:03:00,6.2,6.2,6.15,6.2,7550,0,8600.0,CE
2015-09-02 15:04:00,6.25,6.3,6.1,6.15,21650,0,8600.0,CE
2015-09-02 15:05:00,6.2,6.25,6.1,6.15,12275,0,8600.0,CE
2015-09-02 15:06:00,6.1,6.15,6.05,6.15,13825,0,8600.0,CE
2015-09-02 15:07:00,6.15,6.2,6.05,6.2,14100,0,8600.0,CE
2015-09-02 15:08:00,6.1,6.2,6.1,6.2,7625,0,8600.0,CE
2015-09-02 15:09:00,6.2,6.2,6.15,6.2,5400,0,8600.0,CE
2015-09-02 15:10:00,6.2,6.3,6.2,6.3,13575,0,8600.0,CE
2015-09-02 15:11:00,6.3,6.4,6.3,6.4,29450,0,8600.0,CE
2015-09-02 15:12:00,6.35,6.45,6.3,6.3,13500,0,8600.0,CE
2015-09-02 15:13:00,6.3,6.4,6.3,6.3,11550,0,8600.0,CE
2015-09-02 15:14:00,6.3,6.35,6.25,6.3,7850,0,8600.0,CE
2015-09-02 15:15:00,6.25,6.4,6.25,6.4,20675,0,8600.0,CE
2015-09-02 15:16:00,6.4,6.45,6.3,6.3,15275,0,8600.0,CE
2015-09-02 15:17:00,6.35,6.35,6.25,6.35,15775,0,8600.0,CE
2015-09-02 15:18:00,6.35,6.35,6.25,6.3,24050,0,8600.0,CE
2015-09-02 15:19:00,6.25,6.35,6.25,6.3,3250,0,8600.0,CE
2015-09-02 15:20:00,6.3,6.4,6.3,6.4,2650,0,8600.0,CE
2015-09-02 15:21:00,6.35,6.4,6.3,6.3,9525,0,8600.0,CE
2015-09-02 15:22:00,6.3,6.35,6.25,6.35,15650,0,8600.0,CE
2015-09-02 15:23:00,6.35,6.4,6.25,6.35,8375,0,8600.0,CE
2015-09-02 15:24:00,6.3,6.35,6.15,6.2,28725,0,8600.0,CE
2015-09-02 15:25:00,6.2,6.2,6.1,6.1,16975,0,8600.0,CE
2015-09-02 15:26:00,6.15,6.2,6.1,6.1,8925,0,8600.0,CE
2015-09-02 15:27:00,6.15,6.2,6.1,6.15,11175,0,8600.0,CE
2015-09-02 15:28:00,6.1,6.15,6.05,6.1,34900,0,8600.0,CE
2015-09-02 15:29:00,6.1,6.3,6.0,6.3,16200,0,8600.0,CE
2015-09-03 09:15:00,6.75,6.85,5.85,6.25,14100,0,8600.0,CE
2015-09-03 09:16:00,6.15,6.2,6.0,6.1,14275,0,8600.0,CE
2015-09-03 09:17:00,6.1,6.15,6.0,6.0,6000,0,8600.0,CE
2015-09-03 09:18:00,6.05,6.15,6.05,6.15,4800,0,8600.0,CE
2015-09-03 09:19:00,6.15,6.15,5.95,6.0,10775,0,8600.0,CE
2015-09-03 09:20:00,6.0,6.0,5.85,5.85,15150,0,8600.0,CE
2015-09-03 09:21:00,5.85,5.9,5.75,5.9,14175,0,8600.0,CE
2015-09-03 09:22:00,5.95,5.95,5.85,5.9,9225,0,8600.0,CE
2015-09-03 09:23:00,5.95,6.0,5.9,5.95,10575,0,8600.0,CE
2015-09-03 09:24:00,6.05,6.05,5.9,5.95,7800,0,8600.0,CE
2015-09-03 09:25:00,5.95,6.0,5.9,5.9,4600,0,8600.0,CE
2015-09-03 09:26:00,5.9,5.95,5.8,5.8,7200,0,8600.0,CE
2015-09-03 09:27:00,5.8,5.9,5.8,5.85,18525,0,8600.0,CE
2015-09-03 09:28:00,5.85,5.95,5.85,5.95,9700,0,8600.0,CE
2015-09-03 09:29:00,5.95,5.95,5.85,5.85,5350,0,8600.0,CE
2015-09-03 09:30:00,5.9,5.9,5.8,5.85,2650,0,8600.0,CE
2015-09-03 09:31:00,5.8,5.9,5.8,5.85,3475,0,8600.0,CE
2015-09-03 09:32:00,5.8,5.9,5.8,5.8,4500,0,8600.0,CE
2015-09-03 09:33:00,5.8,5.8,5.75,5.8,3425,0,8600.0,CE
2015-09-03 09:34:00,5.8,5.85,5.8,5.8,9750,0,8600.0,CE
2015-09-03 09:35:00,5.8,5.85,5.65,5.75,17300,0,8600.0,CE
2015-09-03 09:36:00,5.65,5.7,5.55,5.65,6550,0,8600.0,CE
2015-09-03 09:37:00,5.55,5.6,5.55,5.55,4550,0,8600.0,CE
2015-09-03 09:38:00,5.55,5.55,5.25,5.3,15375,0,8600.0,CE
2015-09-03 09:39:00,5.35,5.4,5.25,5.3,28075,0,8600.0,CE
2015-09-03 09:40:00,5.3,5.35,5.25,5.3,4775,0,8600.0,CE
2015-09-03 09:41:00,5.25,5.25,5.1,5.2,9400,0,8600.0,CE
2015-09-03 09:42:00,5.15,5.2,5.05,5.05,8625,0,8600.0,CE
2015-09-03 09:43:00,5.0,5.05,4.95,5.0,5700,0,8600.0,CE
2015-09-03 09:44:00,5.0,5.1,4.95,5.1,6625,0,8600.0,CE
2015-09-03 09:45:00,5.1,5.15,5.05,5.1,3600,0,8600.0,CE
2015-09-03 09:46:00,5.05,5.1,5.05,5.05,1425,0,8600.0,CE
2015-09-03 09:47:00,5.05,5.15,5.05,5.1,16075,0,8600.0,CE
2015-09-03 09:48:00,5.1,5.15,5.05,5.05,3325,0,8600.0,CE
2015-09-03 09:49:00,5.1,5.15,5.1,5.1,6500,0,8600.0,CE
2015-09-03 09:50:00,5.1,5.15,5.1,5.15,1225,0,8600.0,CE
2015-09-03 09:51:00,5.2,5.2,5.05,5.1,6825,0,8600.0,CE
2015-09-03 09:52:00,5.1,5.1,5.05,5.1,5150,0,8600.0,CE
2015-09-03 09:53:00,5.1,5.15,5.05,5.15,4350,0,8600.0,CE
2015-09-03 09:54:00,5.1,5.25,5.1,5.2,16625,0,8600.0,CE
2015-09-03 09:55:00,5.2,5.2,5.1,5.15,7275,0,8600.0,CE
2015-09-03 09:56:00,5.15,5.2,5.1,5.1,2750,0,8600.0,CE
2015-09-03 09:57:00,5.15,5.2,5.1,5.15,16925,0,8600.0,CE
2015-09-03 09:58:00,5.2,5.25,5.15,5.2,9000,0,8600.0,CE
2015-09-03 09:59:00,5.25,5.3,5.2,5.3,3650,0,8600.0,CE
2015-09-03 10:00:00,5.3,5.35,5.25,5.25,4625,0,8600.0,CE
2015-09-03 10:01:00,5.25,5.25,5.15,5.15,3600,0,8600.0,CE
2015-09-03 10:02:00,5.15,5.2,5.15,5.15,3200,0,8600.0,CE
2015-09-03 10:03:00,5.15,5.2,5.1,5.15,4600,0,8600.0,CE
2015-09-03 10:04:00,5.15,5.2,5.1,5.1,6825,0,8600.0,CE
2015-09-03 10:05:00,5.1,5.2,5.1,5.15,3625,0,8600.0,CE
2015-09-03 10:06:00,5.1,5.15,5.1,5.1,300,0,8600.0,CE
2015-09-03 10:07:00,5.1,5.2,5.1,5.15,1025,0,8600.0,CE
2015-09-03 10:08:00,5.15,5.3,5.15,5.25,3375,0,8600.0,CE
2015-09-03 10:09:00,5.25,5.25,5.2,5.25,2050,0,8600.0,CE
2015-09-03 10:10:00,5.25,5.25,5.15,5.2,2125,0,8600.0,CE
2015-09-03 10:11:00,5.2,5.2,5.1,5.1,6975,0,8600.0,CE
2015-09-03 10:12:00,5.15,5.2,5.1,5.1,8175,0,8600.0,CE
2015-09-03 10:13:00,5.1,5.2,5.1,5.2,7725,0,8600.0,CE
2015-09-03 10:14:00,5.15,5.2,5.1,5.1,2550,0,8600.0,CE
2015-09-03 10:15:00,5.1,5.15,5.1,5.15,6175,0,8600.0,CE
2015-09-03 10:16:00,5.1,5.15,5.05,5.1,5525,0,8600.0,CE
2015-09-03 10:17:00,5.1,5.1,5.05,5.05,4150,0,8600.0,CE
2015-09-03 10:18:00,5.05,5.1,5.0,5.1,6500,0,8600.0,CE
2015-09-03 10:19:00,5.1,5.1,5.05,5.1,4000,0,8600.0,CE
2015-09-03 10:20:00,5.05,5.1,5.0,5.1,4950,0,8600.0,CE
2015-09-03 10:21:00,5.1,5.1,5.0,5.05,11675,0,8600.0,CE
2015-09-03 10:22:00,5.0,5.1,5.0,5.0,6625,0,8600.0,CE
2015-09-03 10:23:00,5.1,5.1,5.0,5.05,7225,0,8600.0,CE
2015-09-03 10:24:00,5.0,5.1,5.0,5.05,13650,0,8600.0,CE
2015-09-03 10:25:00,5.05,5.1,5.05,5.1,9450,0,8600.0,CE
2015-09-03 10:26:00,5.05,5.15,5.05,5.1,7350,0,8600.0,CE
2015-09-03 10:27:00,5.05,5.05,5.0,5.0,16675,0,8600.0,CE
2015-09-03 10:28:00,5.0,5.0,4.95,4.95,12300,0,8600.0,CE
2015-09-03 10:29:00,5.0,5.0,4.9,4.9,4050,0,8600.0,CE
2015-09-03 10:30:00,4.9,5.0,4.9,4.95,750,0,8600.0,CE
2015-09-03 10:31:00,5.0,5.0,4.9,4.95,3600,0,8600.0,CE
2015-09-03 10:32:00,4.9,4.95,4.9,4.95,2225,0,8600.0,CE
2015-09-03 10:33:00,4.95,4.95,4.9,4.9,6375,0,8600.0,CE
2015-09-03 10:34:00,4.95,4.95,4.9,4.9,3800,0,8600.0,CE
2015-09-03 10:35:00,4.9,4.9,4.85,4.85,6175,0,8600.0,CE
2015-09-03 10:36:00,4.9,4.95,4.85,4.9,3250,0,8600.0,CE
2015-09-03 10:37:00,4.9,4.95,4.9,4.95,1475,0,8600.0,CE
2015-09-03 10:38:00,4.95,4.95,4.95,4.95,1875,0,8600.0,CE
2015-09-03 10:39:00,4.95,4.95,4.9,4.95,6050,0,8600.0,CE
2015-09-03 10:40:00,4.9,4.95,4.85,4.85,5025,0,8600.0,CE
2015-09-03 10:41:00,4.9,4.9,4.85,4.9,1775,0,8600.0,CE
2015-09-03 10:42:00,4.9,4.95,4.85,4.85,3200,0,8600.0,CE
2015-09-03 10:43:00,4.85,4.9,4.75,4.85,8600,0,8600.0,CE
2015-09-03 10:44:00,4.85,4.9,4.8,4.9,3425,0,8600.0,CE
2015-09-03 10:45:00,4.85,4.85,4.65,4.75,3625,0,8600.0,CE
2015-09-03 10:46:00,4.75,4.8,4.75,4.8,7675,0,8600.0,CE
2015-09-03 10:47:00,4.7,4.8,4.7,4.8,1925,0,8600.0,CE
2015-09-03 10:48:00,4.75,4.8,4.75,4.8,2250,0,8600.0,CE
2015-09-03 10:49:00,4.75,4.75,4.75,4.75,5100,0,8600.0,CE
2015-09-03 10:50:00,4.7,4.75,4.7,4.75,8175,0,8600.0,CE
2015-09-03 10:51:00,4.75,4.75,4.65,4.75,7675,0,8600.0,CE
2015-09-03 10:52:00,4.7,4.7,4.7,4.7,1350,0,8600.0,CE
2015-09-03 10:53:00,4.7,4.75,4.7,4.7,2200,0,8600.0,CE
2015-09-03 10:54:00,4.7,4.75,4.7,4.75,1975,0,8600.0,CE
2015-09-03 10:55:00,4.8,4.8,4.7,4.7,375,0,8600.0,CE
2015-09-03 10:56:00,4.75,4.8,4.75,4.75,575,0,8600.0,CE
2015-09-03 10:57:00,4.75,4.8,4.75,4.8,200,0,8600.0,CE
2015-09-03 10:58:00,4.75,4.8,4.75,4.8,2200,0,8600.0,CE
2015-09-03 10:59:00,4.8,4.85,4.75,4.8,6200,0,8600.0,CE
2015-09-03 11:00:00,4.8,4.8,4.8,4.8,1150,0,8600.0,CE
2015-09-03 11:01:00,4.75,4.8,4.75,4.8,4900,0,8600.0,CE
2015-09-03 11:02:00,4.8,4.8,4.8,4.8,1675,0,8600.0,CE
2015-09-03 11:03:00,4.75,4.8,4.75,4.8,225,0,8600.0,CE
2015-09-03 11:04:00,4.8,4.8,4.75,4.75,800,0,8600.0,CE
2015-09-03 11:05:00,4.8,4.85,4.75,4.85,7425,0,8600.0,CE
2015-09-03 11:06:00,4.9,4.9,4.85,4.9,1200,0,8600.0,CE
2015-09-03 11:07:00,4.9,5.0,4.85,5.0,14700,0,8600.0,CE
2015-09-03 11:08:00,5.0,5.1,5.0,5.05,4725,0,8600.0,CE
2015-09-03 11:09:00,5.05,5.1,5.0,5.05,11525,0,8600.0,CE
2015-09-03 11:10:00,5.1,5.1,4.95,4.95,21475,0,8600.0,CE
2015-09-03 11:11:00,4.95,5.05,4.95,5.05,9400,0,8600.0,CE
2015-09-03 11:12:00,5.0,5.05,5.0,5.0,11700,0,8600.0,CE
2015-09-03 11:13:00,5.05,5.05,5.0,5.0,7200,0,8600.0,CE
2015-09-03 11:14:00,5.0,5.05,5.0,5.0,7150,0,8600.0,CE
2015-09-03 11:15:00,5.0,5.05,5.0,5.05,175,0,8600.0,CE
2015-09-03 11:16:00,5.05,5.05,5.05,5.05,2000,0,8600.0,CE
2015-09-03 11:17:00,5.1,5.1,5.1,5.1,25,0,8600.0,CE
2015-09-03 11:18:00,5.1,5.1,5.05,5.1,2725,0,8600.0,CE
2015-09-03 11:19:00,5.1,5.1,5.0,5.1,3475,0,8600.0,CE
2015-09-03 11:20:00,5.0,5.0,4.95,4.95,3225,0,8600.0,CE
2015-09-03 11:21:00,5.0,5.0,4.95,4.95,1350,0,8600.0,CE
2015-09-03 11:22:00,4.9,4.95,4.85,4.95,3075,0,8600.0,CE
2015-09-03 11:23:00,4.9,5.0,4.9,4.95,1875,0,8600.0,CE
2015-09-03 11:24:00,5.0,5.0,4.95,4.95,1050,0,8600.0,CE
2015-09-03 11:25:00,4.95,4.95,4.85,4.85,1375,0,8600.0,CE
2015-09-03 11:26:00,4.95,4.95,4.95,4.95,325,0,8600.0,CE
2015-09-03 11:27:00,4.9,4.95,4.85,4.9,6975,0,8600.0,CE
2015-09-03 11:28:00,4.9,4.9,4.8,4.85,4675,0,8600.0,CE
2015-09-03 11:29:00,4.85,4.9,4.85,4.85,4150,0,8600.0,CE
2015-09-03 11:30:00,4.85,4.85,4.85,4.85,1525,0,8600.0,CE
2015-09-03 11:31:00,4.85,4.85,4.85,4.85,1750,0,8600.0,CE
2015-09-03 11:32:00,4.85,4.9,4.85,4.85,3500,0,8600.0,CE
2015-09-03 11:33:00,4.85,4.85,4.8,4.8,4375,0,8600.0,CE
2015-09-03 11:34:00,4.85,4.9,4.8,4.9,4625,0,8600.0,CE
2015-09-03 11:35:00,4.9,4.9,4.85,4.9,1400,0,8600.0,CE
2015-09-03 11:36:00,4.85,5.0,4.85,5.0,3025,0,8600.0,CE
2015-09-03 11:37:00,5.0,5.05,5.0,5.0,2275,0,8600.0,CE
2015-09-03 11:38:00,4.95,4.95,4.95,4.95,650,0,8600.0,CE
2015-09-03 11:39:00,5.05,5.05,5.0,5.0,1125,0,8600.0,CE
2015-09-03 11:40:00,5.0,5.05,5.0,5.05,1150,0,8600.0,CE
2015-09-03 11:41:00,5.0,5.05,5.0,5.0,3200,0,8600.0,CE
2015-09-03 11:42:00,5.0,5.05,5.0,5.05,250,0,8600.0,CE
2015-09-03 11:43:00,5.05,5.1,5.05,5.05,12025,0,8600.0,CE
2015-09-03 11:44:00,5.05,5.15,5.05,5.1,29050,0,8600.0,CE
2015-09-03 11:45:00,5.1,5.15,5.1,5.1,8275,0,8600.0,CE
2015-09-03 11:46:00,5.1,5.15,5.05,5.15,10025,0,8600.0,CE
2015-09-03 11:47:00,5.15,5.15,5.05,5.1,1450,0,8600.0,CE
2015-09-03 11:48:00,5.1,5.1,5.0,5.05,4375,0,8600.0,CE
2015-09-03 11:49:00,5.05,5.05,5.05,5.05,1050,0,8600.0,CE
2015-09-03 11:50:00,5.05,5.05,5.05,5.05,50,0,8600.0,CE
2015-09-03 11:51:00,5.05,5.15,5.0,5.05,37925,0,8600.0,CE
2015-09-03 11:52:00,5.1,5.1,5.1,5.1,1000,0,8600.0,CE
2015-09-03 11:53:00,5.1,5.1,5.05,5.05,4025,0,8600.0,CE
2015-09-03 11:54:00,5.05,5.1,5.05,5.1,4700,0,8600.0,CE
2015-09-03 11:55:00,5.1,5.15,5.1,5.15,5475,0,8600.0,CE
2015-09-03 11:56:00,5.2,5.2,5.1,5.15,6250,0,8600.0,CE
2015-09-03 11:57:00,5.1,5.1,5.1,5.1,3150,0,8600.0,CE
2015-09-03 11:58:00,5.1,5.15,5.05,5.1,3100,0,8600.0,CE
2015-09-03 11:59:00,5.15,5.15,5.1,5.15,1950,0,8600.0,CE
2015-09-03 12:00:00,5.15,5.2,5.1,5.15,5200,0,8600.0,CE
2015-09-03 12:01:00,5.15,5.15,5.1,5.1,4175,0,8600.0,CE
2015-09-03 12:02:00,5.1,5.1,5.05,5.1,2175,0,8600.0,CE
2015-09-03 12:03:00,5.1,5.1,5.05,5.1,400,0,8600.0,CE
2015-09-03 12:04:00,5.1,5.1,5.05,5.1,4675,0,8600.0,CE
2015-09-03 12:05:00,5.1,5.1,5.0,5.05,6775,0,8600.0,CE
2015-09-03 12:06:00,5.05,5.05,4.95,5.0,1825,0,8600.0,CE
2015-09-03 12:07:00,4.95,5.0,4.95,5.0,5800,0,8600.0,CE
2015-09-03 12:08:00,4.95,4.95,4.9,4.95,6400,0,8600.0,CE
2015-09-03 12:09:00,4.95,4.95,4.95,4.95,1350,0,8600.0,CE
2015-09-03 12:10:00,4.9,4.95,4.9,4.9,1250,0,8600.0,CE
2015-09-03 12:11:00,4.95,5.0,4.95,5.0,1925,0,8600.0,CE
2015-09-03 12:12:00,4.9,4.95,4.9,4.95,6175,0,8600.0,CE
2015-09-03 12:13:00,4.95,5.05,4.95,5.0,2025,0,8600.0,CE
2015-09-03 12:14:00,5.0,5.05,5.0,5.05,1300,0,8600.0,CE
2015-09-03 12:15:00,5.05,5.1,5.05,5.1,2900,0,8600.0,CE
2015-09-03 12:16:00,5.1,5.15,5.05,5.1,1050,0,8600.0,CE
2015-09-03 12:17:00,5.1,5.15,5.1,5.1,7975,0,8600.0,CE
2015-09-03 12:18:00,5.15,5.15,5.05,5.1,3575,0,8600.0,CE
2015-09-03 12:19:00,5.05,5.15,5.05,5.1,925,0,8600.0,CE
2015-09-03 12:20:00,5.1,5.15,5.05,5.15,1750,0,8600.0,CE
2015-09-03 12:21:00,5.1,5.15,5.05,5.05,3625,0,8600.0,CE
2015-09-03 12:22:00,5.05,5.05,5.05,5.05,1250,0,8600.0,CE
2015-09-03 12:23:00,5.15,5.15,5.05,5.05,1050,0,8600.0,CE
2015-09-03 12:24:00,5.05,5.1,5.05,5.05,1500,0,8600.0,CE
2015-09-03 12:25:00,5.1,5.1,5.05,5.1,2425,0,8600.0,CE
2015-09-03 12:26:00,5.1,5.1,5.0,5.1,8975,0,8600.0,CE
2015-09-03 12:27:00,5.1,5.1,5.0,5.0,7775,0,8600.0,CE
2015-09-03 12:28:00,5.05,5.05,5.0,5.0,2675,0,8600.0,CE
2015-09-03 12:29:00,4.9,5.0,4.85,4.85,16350,0,8600.0,CE
2015-09-03 12:30:00,4.85,4.9,4.85,4.85,5700,0,8600.0,CE
2015-09-03 12:31:00,4.8,4.9,4.8,4.8,2275,0,8600.0,CE
2015-09-03 12:32:00,4.85,4.9,4.85,4.9,1225,0,8600.0,CE
2015-09-03 12:33:00,4.9,4.9,4.85,4.9,1625,0,8600.0,CE
2015-09-03 12:34:00,4.9,4.95,4.85,4.9,3925,0,8600.0,CE
2015-09-03 12:35:00,4.95,4.95,4.9,4.95,500,0,8600.0,CE
2015-09-03 12:36:00,4.9,4.95,4.9,4.95,1725,0,8600.0,CE
2015-09-03 12:37:00,4.9,5.0,4.9,5.0,3375,0,8600.0,CE
2015-09-03 12:38:00,4.95,5.0,4.9,4.9,1400,0,8600.0,CE
2015-09-03 12:39:00,5.0,5.0,4.9,4.95,6200,0,8600.0,CE
2015-09-03 12:40:00,4.95,5.0,4.95,4.95,3575,0,8600.0,CE
2015-09-03 12:41:00,5.0,5.1,5.0,5.05,5350,0,8600.0,CE
2015-09-03 12:42:00,5.0,5.0,4.95,5.0,1400,0,8600.0,CE
2015-09-03 12:43:00,4.95,5.0,4.9,4.9,1300,0,8600.0,CE
2015-09-03 12:44:00,5.0,5.0,4.9,4.95,550,0,8600.0,CE
2015-09-03 12:45:00,4.95,5.0,4.95,5.0,2425,0,8600.0,CE
2015-09-03 12:46:00,5.0,5.0,4.95,4.95,525,0,8600.0,CE
2015-09-03 12:47:00,4.95,5.0,4.9,4.95,2425,0,8600.0,CE
2015-09-03 12:48:00,4.95,5.0,4.95,5.0,1250,0,8600.0,CE
2015-09-03 12:49:00,5.0,5.0,4.95,4.95,525,0,8600.0,CE
2015-09-03 12:50:00,5.0,5.0,4.95,5.0,4350,0,8600.0,CE
2015-09-03 12:51:00,5.0,5.05,5.0,5.0,7375,0,8600.0,CE
2015-09-03 12:52:00,5.0,5.05,5.0,5.05,1825,0,8600.0,CE
2015-09-03 12:53:00,5.05,5.05,5.05,5.05,1000,0,8600.0,CE
2015-09-03 12:54:00,5.1,5.1,5.1,5.1,800,0,8600.0,CE
2015-09-03 12:55:00,5.1,5.15,5.05,5.1,4175,0,8600.0,CE
2015-09-03 12:56:00,5.1,5.1,5.05,5.1,3800,0,8600.0,CE
2015-09-03 12:57:00,5.1,5.1,5.05,5.05,1400,0,8600.0,CE
2015-09-03 12:58:00,5.1,5.15,5.05,5.15,925,0,8600.0,CE
2015-09-03 12:59:00,5.1,5.15,5.05,5.1,450,0,8600.0,CE
2015-09-03 13:00:00,5.15,5.2,5.1,5.15,3400,0,8600.0,CE
2015-09-03 13:01:00,5.15,5.15,5.15,5.15,675,0,8600.0,CE
2015-09-03 13:02:00,5.15,5.15,5.05,5.05,1350,0,8600.0,CE
2015-09-03 13:03:00,5.0,5.05,5.0,5.0,350,0,8600.0,CE
2015-09-03 13:04:00,5.05,5.05,5.0,5.0,925,0,8600.0,CE
2015-09-03 13:05:00,5.0,5.05,5.0,5.05,1950,0,8600.0,CE
2015-09-03 13:06:00,5.05,5.1,5.05,5.05,2625,0,8600.0,CE
2015-09-03 13:07:00,5.1,5.1,5.05,5.05,1450,0,8600.0,CE
2015-09-03 13:08:00,5.05,5.05,5.05,5.05,1000,0,8600.0,CE
2015-09-03 13:09:00,5.1,5.1,5.05,5.05,925,0,8600.0,CE
2015-09-03 13:10:00,5.0,5.0,5.0,5.0,400,0,8600.0,CE
2015-09-03 13:11:00,5.1,5.1,5.05,5.1,1950,0,8600.0,CE
2015-09-03 13:12:00,5.1,5.1,5.0,5.05,15100,0,8600.0,CE
2015-09-03 13:13:00,5.1,5.1,5.05,5.05,7350,0,8600.0,CE
2015-09-03 13:14:00,5.1,5.1,5.05,5.1,4325,0,8600.0,CE
2015-09-03 13:15:00,5.05,5.05,5.0,5.05,2075,0,8600.0,CE
2015-09-03 13:16:00,5.05,5.1,5.05,5.1,9825,0,8600.0,CE
2015-09-03 13:17:00,5.1,5.25,5.1,5.2,22775,0,8600.0,CE
2015-09-03 13:18:00,5.2,5.2,5.15,5.15,10375,0,8600.0,CE
2015-09-03 13:19:00,5.15,5.15,5.1,5.1,3575,0,8600.0,CE
2015-09-03 13:20:00,5.1,5.2,5.1,5.15,9350,0,8600.0,CE
2015-09-03 13:21:00,5.15,5.2,5.1,5.2,19875,0,8600.0,CE
2015-09-03 13:22:00,5.15,5.3,5.15,5.3,26175,0,8600.0,CE
2015-09-03 13:23:00,5.25,5.3,5.15,5.2,27325,0,8600.0,CE
2015-09-03 13:24:00,5.25,5.25,5.15,5.2,24200,0,8600.0,CE
2015-09-03 13:25:00,5.2,5.2,5.15,5.15,6975,0,8600.0,CE
2015-09-03 13:26:00,5.2,5.3,5.15,5.25,32625,0,8600.0,CE
2015-09-03 13:27:00,5.3,5.35,5.25,5.35,18900,0,8600.0,CE
2015-09-03 13:28:00,5.35,5.4,5.35,5.4,15575,0,8600.0,CE
2015-09-03 13:29:00,5.4,5.4,5.3,5.3,6600,0,8600.0,CE
2015-09-03 13:30:00,5.35,5.4,5.35,5.35,6475,0,8600.0,CE
2015-09-03 13:31:00,5.45,5.45,5.35,5.35,3950,0,8600.0,CE
2015-09-03 13:32:00,5.4,5.45,5.4,5.4,7425,0,8600.0,CE
2015-09-03 13:33:00,5.4,5.45,5.3,5.3,7825,0,8600.0,CE
2015-09-03 13:34:00,5.3,5.4,5.3,5.4,11700,0,8600.0,CE
2015-09-03 13:35:00,5.4,5.45,5.35,5.4,8150,0,8600.0,CE
2015-09-03 13:36:00,5.35,5.35,5.25,5.3,6675,0,8600.0,CE
2015-09-03 13:37:00,5.3,5.35,5.25,5.35,4350,0,8600.0,CE
2015-09-03 13:38:00,5.4,5.4,5.35,5.35,3575,0,8600.0,CE
2015-09-03 13:39:00,5.4,5.4,5.35,5.35,300,0,8600.0,CE
2015-09-03 13:40:00,5.35,5.4,5.35,5.4,3875,0,8600.0,CE
2015-09-03 13:41:00,5.4,5.55,5.4,5.55,14350,0,8600.0,CE
2015-09-03 13:42:00,5.55,5.6,5.5,5.55,6250,0,8600.0,CE
2015-09-03 13:43:00,5.55,5.55,5.5,5.55,1900,0,8600.0,CE
2015-09-03 13:44:00,5.55,5.55,5.5,5.55,850,0,8600.0,CE
2015-09-03 13:45:00,5.55,5.65,5.55,5.65,10375,0,8600.0,CE
2015-09-03 13:46:00,5.6,5.6,5.5,5.5,13450,0,8600.0,CE
2015-09-03 13:47:00,5.55,5.6,5.55,5.55,1075,0,8600.0,CE
2015-09-03 13:48:00,5.6,5.6,5.4,5.45,8875,0,8600.0,CE
2015-09-03 13:49:00,5.4,5.45,5.4,5.4,3925,0,8600.0,CE
2015-09-03 13:50:00,5.45,5.55,5.4,5.5,9600,0,8600.0,CE
2015-09-03 13:51:00,5.5,5.55,5.5,5.5,2100,0,8600.0,CE
2015-09-03 13:52:00,5.45,5.45,5.4,5.4,5700,0,8600.0,CE
2015-09-03 13:53:00,5.4,5.45,5.4,5.4,3400,0,8600.0,CE
2015-09-03 13:54:00,5.4,5.4,5.3,5.3,3650,0,8600.0,CE
2015-09-03 13:55:00,5.3,5.35,5.3,5.35,2975,0,8600.0,CE
2015-09-03 13:56:00,5.3,5.4,5.3,5.4,1275,0,8600.0,CE
2015-09-03 13:57:00,5.35,5.4,5.35,5.4,250,0,8600.0,CE
2015-09-03 13:58:00,5.4,5.4,5.35,5.35,6525,0,8600.0,CE
2015-09-03 13:59:00,5.35,5.35,5.3,5.35,3150,0,8600.0,CE
2015-09-03 14:00:00,5.3,5.35,5.25,5.35,5025,0,8600.0,CE
2015-09-03 14:01:00,5.35,5.35,5.3,5.3,1200,0,8600.0,CE
2015-09-03 14:02:00,5.3,5.3,5.3,5.3,1625,0,8600.0,CE
2015-09-03 14:03:00,5.3,5.4,5.3,5.4,2050,0,8600.0,CE
2015-09-03 14:04:00,5.4,5.45,5.4,5.45,5025,0,8600.0,CE
2015-09-03 14:05:00,5.45,5.5,5.4,5.4,2000,0,8600.0,CE
2015-09-03 14:06:00,5.45,5.45,5.4,5.45,2225,0,8600.0,CE
2015-09-03 14:07:00,5.45,5.45,5.4,5.4,5000,0,8600.0,CE
2015-09-03 14:08:00,5.4,5.45,5.4,5.45,4650,0,8600.0,CE
2015-09-03 14:09:00,5.45,5.5,5.4,5.5,1375,0,8600.0,CE
2015-09-03 14:10:00,5.45,5.55,5.45,5.5,5225,0,8600.0,CE
2015-09-03 14:11:00,5.5,5.6,5.5,5.55,3875,0,8600.0,CE
2015-09-03 14:12:00,5.55,5.55,5.5,5.55,7025,0,8600.0,CE
2015-09-03 14:13:00,5.55,5.65,5.55,5.65,5050,0,8600.0,CE
2015-09-03 14:14:00,5.6,5.6,5.5,5.55,13225,0,8600.0,CE
2015-09-03 14:15:00,5.55,5.6,5.55,5.6,8375,0,8600.0,CE
2015-09-03 14:16:00,5.6,5.6,5.55,5.55,2825,0,8600.0,CE
2015-09-03 14:17:00,5.6,5.65,5.55,5.6,4000,0,8600.0,CE
2015-09-03 14:18:00,5.6,5.6,5.55,5.55,2200,0,8600.0,CE
2015-09-03 14:19:00,5.55,5.65,5.55,5.6,6125,0,8600.0,CE
2015-09-03 14:20:00,5.6,5.65,5.6,5.6,4100,0,8600.0,CE
2015-09-03 14:21:00,5.65,5.65,5.55,5.55,1600,0,8600.0,CE
2015-09-03 14:22:00,5.55,5.55,5.5,5.55,6925,0,8600.0,CE
2015-09-03 14:23:00,5.5,5.5,5.4,5.5,3275,0,8600.0,CE
2015-09-03 14:24:00,5.5,5.55,5.5,5.55,2425,0,8600.0,CE
2015-09-03 14:25:00,5.5,5.55,5.4,5.45,2425,0,8600.0,CE
2015-09-03 14:26:00,5.45,5.5,5.4,5.45,5275,0,8600.0,CE
2015-09-03 14:27:00,5.45,5.55,5.45,5.55,4225,0,8600.0,CE
2015-09-03 14:28:00,5.5,5.55,5.5,5.55,12725,0,8600.0,CE
2015-09-03 14:29:00,5.5,5.5,5.5,5.5,750,0,8600.0,CE
2015-09-03 14:30:00,5.5,5.55,5.5,5.5,1625,0,8600.0,CE
2015-09-03 14:31:00,5.5,5.5,5.5,5.5,2325,0,8600.0,CE
2015-09-03 14:32:00,5.5,5.5,5.45,5.45,2400,0,8600.0,CE
2015-09-03 14:33:00,5.5,5.5,5.45,5.5,2025,0,8600.0,CE
2015-09-03 14:34:00,5.55,5.55,5.45,5.45,1925,0,8600.0,CE
2015-09-03 14:35:00,5.45,5.45,5.45,5.45,4500,0,8600.0,CE
2015-09-03 14:36:00,5.45,5.45,5.45,5.45,850,0,8600.0,CE
2015-09-03 14:37:00,5.45,5.5,5.45,5.5,4325,0,8600.0,CE
2015-09-03 14:38:00,5.5,5.5,5.45,5.5,9575,0,8600.0,CE
2015-09-03 14:39:00,5.5,5.55,5.5,5.55,4325,0,8600.0,CE
2015-09-03 14:40:00,5.5,5.55,5.5,5.5,5775,0,8600.0,CE
2015-09-03 14:41:00,5.45,5.45,5.45,5.45,2050,0,8600.0,CE
2015-09-03 14:42:00,5.45,5.45,5.35,5.35,9000,0,8600.0,CE
2015-09-03 14:43:00,5.35,5.35,5.3,5.35,4750,0,8600.0,CE
2015-09-03 14:44:00,5.35,5.35,5.25,5.25,5950,0,8600.0,CE
2015-09-03 14:45:00,5.3,5.4,5.25,5.35,11700,0,8600.0,CE
2015-09-03 14:46:00,5.35,5.45,5.35,5.4,3725,0,8600.0,CE
2015-09-03 14:47:00,5.35,5.4,5.3,5.35,3975,0,8600.0,CE
2015-09-03 14:48:00,5.35,5.35,5.3,5.3,8725,0,8600.0,CE
2015-09-03 14:49:00,5.25,5.35,5.25,5.3,5325,0,8600.0,CE
2015-09-03 14:50:00,5.2,5.3,5.2,5.3,10000,0,8600.0,CE
2015-09-03 14:51:00,5.3,5.3,5.2,5.25,5225,0,8600.0,CE
2015-09-03 14:52:00,5.25,5.25,5.2,5.2,6175,0,8600.0,CE
2015-09-03 14:53:00,5.2,5.25,5.2,5.2,5275,0,8600.0,CE
2015-09-03 14:54:00,5.25,5.25,5.15,5.2,3200,0,8600.0,CE
2015-09-03 14:55:00,5.15,5.25,5.15,5.2,1075,0,8600.0,CE
2015-09-03 14:56:00,5.2,5.2,5.15,5.15,3075,0,8600.0,CE
2015-09-03 14:57:00,5.25,5.25,5.2,5.25,1900,0,8600.0,CE
2015-09-03 14:58:00,5.25,5.35,5.25,5.25,9425,0,8600.0,CE
2015-09-03 14:59:00,5.25,5.3,5.2,5.3,3225,0,8600.0,CE
2015-09-03 15:00:00,5.3,5.3,5.25,5.25,3800,0,8600.0,CE
2015-09-03 15:01:00,5.3,5.3,5.2,5.25,2075,0,8600.0,CE
2015-09-03 15:02:00,5.25,5.25,5.15,5.15,9050,0,8600.0,CE
2015-09-03 15:03:00,5.1,5.1,4.9,4.95,8575,0,8600.0,CE
2015-09-03 15:04:00,4.95,5.0,4.9,5.0,10575,0,8600.0,CE
2015-09-03 15:05:00,4.95,5.05,4.95,5.0,6425,0,8600.0,CE
2015-09-03 15:06:00,5.05,5.05,5.0,5.0,4975,0,8600.0,CE
2015-09-03 15:07:00,5.0,5.0,4.9,4.95,2750,0,8600.0,CE
2015-09-03 15:08:00,5.0,5.0,4.9,4.9,4175,0,8600.0,CE
2015-09-03 15:09:00,4.95,4.95,4.9,4.95,6600,0,8600.0,CE
2015-09-03 15:10:00,4.95,5.0,4.95,5.0,7975,0,8600.0,CE
2015-09-03 15:11:00,4.9,4.95,4.9,4.95,2400,0,8600.0,CE
2015-09-03 15:12:00,4.9,4.95,4.85,4.95,5200,0,8600.0,CE
2015-09-03 15:13:00,4.95,5.05,4.95,5.05,4700,0,8600.0,CE
2015-09-03 15:14:00,5.05,5.1,5.0,5.05,16925,0,8600.0,CE
2015-09-03 15:15:00,5.1,5.15,5.05,5.1,7375,0,8600.0,CE
2015-09-03 15:16:00,5.1,5.15,5.1,5.15,13300,0,8600.0,CE
2015-09-03 15:17:00,5.1,5.15,5.05,5.05,9275,0,8600.0,CE
2015-09-03 15:18:00,5.05,5.1,5.05,5.1,3275,0,8600.0,CE
2015-09-03 15:19:00,5.1,5.1,5.0,5.0,2725,0,8600.0,CE
2015-09-03 15:20:00,5.0,5.0,4.95,5.0,6550,0,8600.0,CE
2015-09-03 15:21:00,5.0,5.0,4.95,4.95,2425,0,8600.0,CE
2015-09-03 15:22:00,4.95,5.0,4.9,5.0,7200,0,8600.0,CE
2015-09-03 15:23:00,4.95,5.0,4.9,4.9,6100,0,8600.0,CE
2015-09-03 15:24:00,4.9,4.95,4.9,4.9,2675,0,8600.0,CE
2015-09-03 15:25:00,4.9,4.9,4.85,4.9,7950,0,8600.0,CE
2015-09-03 15:26:00,4.9,4.9,4.85,4.9,3750,0,8600.0,CE
2015-09-03 15:27:00,4.85,5.0,4.85,4.95,11825,0,8600.0,CE
2015-09-03 15:28:00,4.95,5.0,4.95,4.95,6875,0,8600.0,CE
2015-09-03 15:29:00,4.95,5.0,4.9,4.95,16350,0,8600.0,CE
2015-09-04 09:15:00,4.3,4.55,3.35,3.95,25975,0,8600.0,CE
2015-09-04 09:16:00,3.95,3.95,3.7,3.85,19025,0,8600.0,CE
2015-09-04 09:17:00,3.85,3.9,3.7,3.75,24425,0,8600.0,CE
2015-09-04 09:18:00,3.8,3.85,3.65,3.85,18775,0,8600.0,CE
2015-09-04 09:19:00,3.8,3.9,3.75,3.9,10150,0,8600.0,CE
2015-09-04 09:20:00,3.85,3.9,3.85,3.85,12950,0,8600.0,CE
2015-09-04 09:21:00,3.85,3.85,3.8,3.85,10500,0,8600.0,CE
2015-09-04 09:22:00,3.85,3.85,3.8,3.8,9025,0,8600.0,CE
2015-09-04 09:23:00,3.8,3.9,3.8,3.9,16475,0,8600.0,CE
2015-09-04 09:24:00,3.95,3.95,3.85,3.85,14325,0,8600.0,CE
2015-09-04 09:25:00,3.85,3.9,3.85,3.9,3300,0,8600.0,CE
2015-09-04 09:26:00,3.9,3.95,3.85,3.9,5725,0,8600.0,CE
2015-09-04 09:27:00,3.95,3.95,3.9,3.9,3725,0,8600.0,CE
2015-09-04 09:28:00,3.85,3.9,3.8,3.85,5625,0,8600.0,CE
2015-09-04 09:29:00,3.8,3.9,3.8,3.9,4525,0,8600.0,CE
2015-09-04 09:30:00,3.9,3.9,3.8,3.85,12800,0,8600.0,CE
2015-09-04 09:31:00,3.85,3.85,3.8,3.8,16375,0,8600.0,CE
2015-09-04 09:32:00,3.75,3.75,3.75,3.75,1850,0,8600.0,CE
2015-09-04 09:33:00,3.75,3.75,3.5,3.5,22075,0,8600.0,CE
2015-09-04 09:34:00,3.5,3.6,3.45,3.6,25050,0,8600.0,CE
2015-09-04 09:35:00,3.6,3.65,3.5,3.55,9800,0,8600.0,CE
2015-09-04 09:36:00,3.55,3.6,3.45,3.45,9175,0,8600.0,CE
2015-09-04 09:37:00,3.45,3.55,3.45,3.5,10300,0,8600.0,CE
2015-09-04 09:38:00,3.5,3.55,3.5,3.5,8200,0,8600.0,CE
2015-09-04 09:39:00,3.55,3.55,3.45,3.5,6475,0,8600.0,CE
2015-09-04 09:40:00,3.5,3.5,3.3,3.35,20250,0,8600.0,CE
2015-09-04 09:41:00,3.3,3.4,3.25,3.4,28625,0,8600.0,CE
2015-09-04 09:42:00,3.35,3.45,3.35,3.4,10575,0,8600.0,CE
2015-09-04 09:43:00,3.4,3.45,3.4,3.45,11525,0,8600.0,CE
2015-09-04 09:44:00,3.4,3.45,3.4,3.45,5625,0,8600.0,CE
2015-09-04 09:45:00,3.45,3.5,3.35,3.45,16925,0,8600.0,CE
2015-09-04 09:46:00,3.5,3.5,3.45,3.5,7600,0,8600.0,CE
2015-09-04 09:47:00,3.5,3.5,3.4,3.45,10650,0,8600.0,CE
2015-09-04 09:48:00,3.5,3.5,3.4,3.45,4625,0,8600.0,CE
2015-09-04 09:49:00,3.45,3.5,3.4,3.45,10875,0,8600.0,CE
2015-09-04 09:50:00,3.5,3.5,3.5,3.5,8775,0,8600.0,CE
2015-09-04 09:51:00,3.5,3.55,3.45,3.45,2650,0,8600.0,CE
2015-09-04 09:52:00,3.45,3.5,3.4,3.4,4150,0,8600.0,CE
2015-09-04 09:53:00,3.4,3.45,3.35,3.35,7500,0,8600.0,CE
2015-09-04 09:54:00,3.35,3.35,3.3,3.35,4700,0,8600.0,CE
2015-09-04 09:55:00,3.35,3.4,3.3,3.4,10250,0,8600.0,CE
2015-09-04 09:56:00,3.35,3.4,3.35,3.4,4450,0,8600.0,CE
2015-09-04 09:57:00,3.35,3.45,3.35,3.45,8725,0,8600.0,CE
2015-09-04 09:58:00,3.45,3.45,3.4,3.45,5075,0,8600.0,CE
2015-09-04 09:59:00,3.45,3.45,3.35,3.4,7200,0,8600.0,CE
2015-09-04 10:00:00,3.4,3.45,3.35,3.45,11575,0,8600.0,CE
2015-09-04 10:01:00,3.45,3.45,3.4,3.45,5375,0,8600.0,CE
2015-09-04 10:02:00,3.4,3.5,3.4,3.5,6725,0,8600.0,CE
2015-09-04 10:03:00,3.45,3.5,3.45,3.5,8650,0,8600.0,CE
2015-09-04 10:04:00,3.5,3.5,3.45,3.5,8850,0,8600.0,CE
2015-09-04 10:05:00,3.4,3.5,3.4,3.5,9950,0,8600.0,CE
2015-09-04 10:06:00,3.5,3.5,3.45,3.5,4875,0,8600.0,CE
2015-09-04 10:07:00,3.5,3.55,3.45,3.45,3350,0,8600.0,CE
2015-09-04 10:08:00,3.45,3.5,3.45,3.45,1875,0,8600.0,CE
2015-09-04 10:09:00,3.45,3.5,3.45,3.45,1950,0,8600.0,CE
2015-09-04 10:10:00,3.5,3.5,3.45,3.5,2950,0,8600.0,CE
2015-09-04 10:11:00,3.5,3.5,3.45,3.5,1275,0,8600.0,CE
2015-09-04 10:12:00,3.45,3.45,3.4,3.4,4725,0,8600.0,CE
2015-09-04 10:13:00,3.4,3.5,3.4,3.4,7150,0,8600.0,CE
2015-09-04 10:14:00,3.4,3.45,3.4,3.45,4375,0,8600.0,CE
2015-09-04 10:15:00,3.45,3.5,3.4,3.4,1775,0,8600.0,CE
2015-09-04 10:16:00,3.5,3.5,3.45,3.5,7900,0,8600.0,CE
2015-09-04 10:17:00,3.45,3.5,3.4,3.5,7525,0,8600.0,CE
2015-09-04 10:18:00,3.45,3.5,3.4,3.5,11375,0,8600.0,CE
2015-09-04 10:19:00,3.5,3.5,3.45,3.5,1775,0,8600.0,CE
2015-09-04 10:20:00,3.5,3.5,3.5,3.5,5100,0,8600.0,CE
2015-09-04 10:21:00,3.5,3.5,3.45,3.5,4475,0,8600.0,CE
2015-09-04 10:22:00,3.5,3.5,3.45,3.5,1050,0,8600.0,CE
2015-09-04 10:23:00,3.5,3.5,3.45,3.5,2600,0,8600.0,CE
2015-09-04 10:24:00,3.55,3.55,3.45,3.55,2250,0,8600.0,CE
2015-09-04 10:25:00,3.55,3.55,3.5,3.55,1350,0,8600.0,CE
2015-09-04 10:26:00,3.55,3.55,3.5,3.55,2675,0,8600.0,CE
2015-09-04 10:27:00,3.55,3.55,3.5,3.55,2700,0,8600.0,CE
2015-09-04 10:28:00,3.55,3.55,3.5,3.5,4875,0,8600.0,CE
2015-09-04 10:29:00,3.5,3.55,3.5,3.55,1900,0,8600.0,CE
2015-09-04 10:30:00,3.5,3.55,3.5,3.5,7900,0,8600.0,CE
2015-09-04 10:31:00,3.5,3.5,3.45,3.45,2625,0,8600.0,CE
2015-09-04 10:32:00,3.45,3.5,3.45,3.5,2075,0,8600.0,CE
2015-09-04 10:33:00,3.45,3.5,3.4,3.4,3875,0,8600.0,CE
2015-09-04 10:34:00,3.4,3.45,3.4,3.4,1550,0,8600.0,CE
2015-09-04 10:35:00,3.4,3.45,3.4,3.4,2750,0,8600.0,CE
2015-09-04 10:36:00,3.4,3.45,3.4,3.45,1550,0,8600.0,CE
2015-09-04 10:37:00,3.45,3.5,3.4,3.4,8575,0,8600.0,CE
2015-09-04 10:38:00,3.4,3.45,3.4,3.45,1400,0,8600.0,CE
2015-09-04 10:39:00,3.45,3.5,3.45,3.5,3125,0,8600.0,CE
2015-09-04 10:40:00,3.5,3.55,3.45,3.45,13250,0,8600.0,CE
2015-09-04 10:41:00,3.45,3.5,3.45,3.5,4500,0,8600.0,CE
2015-09-04 10:42:00,3.45,3.45,3.4,3.4,3000,0,8600.0,CE
2015-09-04 10:43:00,3.4,3.45,3.4,3.4,1250,0,8600.0,CE
2015-09-04 10:44:00,3.4,3.4,3.4,3.4,1500,0,8600.0,CE
2015-09-04 10:45:00,3.4,3.45,3.4,3.4,425,0,8600.0,CE
2015-09-04 10:46:00,3.4,3.45,3.4,3.45,200,0,8600.0,CE
2015-09-04 10:47:00,3.45,3.45,3.35,3.35,6625,0,8600.0,CE
2015-09-04 10:48:00,3.35,3.4,3.3,3.4,1000,0,8600.0,CE
2015-09-04 10:49:00,3.3,3.35,3.3,3.3,625,0,8600.0,CE
2015-09-04 10:50:00,3.3,3.4,3.3,3.35,4275,0,8600.0,CE
2015-09-04 10:51:00,3.3,3.35,3.3,3.35,2225,0,8600.0,CE
2015-09-04 10:52:00,3.3,3.35,3.3,3.35,2750,0,8600.0,CE
2015-09-04 10:53:00,3.3,3.4,3.3,3.3,2750,0,8600.0,CE
2015-09-04 10:54:00,3.3,3.4,3.3,3.3,2850,0,8600.0,CE
2015-09-04 10:55:00,3.35,3.35,3.3,3.35,2075,0,8600.0,CE
2015-09-04 10:56:00,3.3,3.4,3.3,3.4,5125,0,8600.0,CE
2015-09-04 10:57:00,3.35,3.4,3.35,3.35,3000,0,8600.0,CE
2015-09-04 10:58:00,3.35,3.4,3.3,3.3,9700,0,8600.0,CE
2015-09-04 10:59:00,3.35,3.4,3.3,3.35,6025,0,8600.0,CE
2015-09-04 11:00:00,3.3,3.35,3.3,3.35,4625,0,8600.0,CE
2015-09-04 11:01:00,3.35,3.35,3.3,3.3,3225,0,8600.0,CE
2015-09-04 11:02:00,3.3,3.35,3.3,3.3,2250,0,8600.0,CE
2015-09-04 11:03:00,3.3,3.35,3.25,3.3,2875,0,8600.0,CE
2015-09-04 11:04:00,3.35,3.35,3.35,3.35,250,0,8600.0,CE
2015-09-04 11:05:00,3.35,3.35,3.3,3.35,2300,0,8600.0,CE
2015-09-04 11:06:00,3.35,3.35,3.3,3.3,1175,0,8600.0,CE
2015-09-04 11:07:00,3.35,3.35,3.3,3.35,200,0,8600.0,CE
2015-09-04 11:08:00,3.35,3.35,3.3,3.35,825,0,8600.0,CE
2015-09-04 11:09:00,3.35,3.35,3.35,3.35,975,0,8600.0,CE
2015-09-04 11:10:00,3.35,3.35,3.3,3.35,4350,0,8600.0,CE
2015-09-04 11:11:00,3.35,3.4,3.3,3.35,2600,0,8600.0,CE
2015-09-04 11:12:00,3.35,3.4,3.35,3.35,725,0,8600.0,CE
2015-09-04 11:13:00,3.4,3.4,3.35,3.4,2050,0,8600.0,CE
2015-09-04 11:15:00,3.35,3.4,3.35,3.35,550,0,8600.0,CE
2015-09-04 11:16:00,3.35,3.45,3.35,3.4,14775,0,8600.0,CE
2015-09-04 11:17:00,3.4,3.45,3.35,3.4,10775,0,8600.0,CE
2015-09-04 11:18:00,3.4,3.4,3.4,3.4,1800,0,8600.0,CE
2015-09-04 11:19:00,3.35,3.4,3.35,3.4,2650,0,8600.0,CE
2015-09-04 11:20:00,3.45,3.45,3.35,3.35,1350,0,8600.0,CE
2015-09-04 11:21:00,3.4,3.4,3.35,3.4,3525,0,8600.0,CE
2015-09-04 11:22:00,3.4,3.4,3.35,3.35,2400,0,8600.0,CE
2015-09-04 11:23:00,3.35,3.4,3.35,3.35,2475,0,8600.0,CE
2015-09-04 11:24:00,3.4,3.4,3.35,3.4,2300,0,8600.0,CE
2015-09-04 11:25:00,3.4,3.4,3.4,3.4,1450,0,8600.0,CE
2015-09-04 11:26:00,3.4,3.4,3.35,3.4,3400,0,8600.0,CE
2015-09-04 11:27:00,3.35,3.4,3.35,3.35,3000,0,8600.0,CE
2015-09-04 11:28:00,3.3,3.35,3.3,3.35,500,0,8600.0,CE
2015-09-04 11:29:00,3.35,3.35,3.3,3.35,3725,0,8600.0,CE
2015-09-04 11:30:00,3.35,3.35,3.3,3.35,2000,0,8600.0,CE
2015-09-04 11:31:00,3.3,3.35,3.3,3.35,725,0,8600.0,CE
2015-09-04 11:32:00,3.35,3.35,3.3,3.3,1375,0,8600.0,CE
2015-09-04 11:33:00,3.3,3.35,3.3,3.35,2775,0,8600.0,CE
2015-09-04 11:34:00,3.3,3.4,3.3,3.35,1675,0,8600.0,CE
2015-09-04 11:35:00,3.4,3.4,3.35,3.35,1025,0,8600.0,CE
2015-09-04 11:36:00,3.4,3.4,3.4,3.4,2875,0,8600.0,CE
2015-09-04 11:37:00,3.4,3.4,3.35,3.4,4350,0,8600.0,CE
2015-09-04 11:38:00,3.4,3.45,3.35,3.35,3575,0,8600.0,CE
2015-09-04 11:39:00,3.45,3.45,3.4,3.4,1925,0,8600.0,CE
2015-09-04 11:40:00,3.35,3.35,3.35,3.35,200,0,8600.0,CE
2015-09-04 11:41:00,3.35,3.35,3.35,3.35,250,0,8600.0,CE
2015-09-04 11:42:00,3.35,3.35,3.35,3.35,75,0,8600.0,CE
2015-09-04 11:43:00,3.35,3.4,3.35,3.35,150,0,8600.0,CE
2015-09-04 11:44:00,3.35,3.35,3.35,3.35,350,0,8600.0,CE
2015-09-04 11:45:00,3.4,3.4,3.35,3.35,9950,0,8600.0,CE
2015-09-04 11:46:00,3.4,3.45,3.35,3.35,5050,0,8600.0,CE
2015-09-04 11:47:00,3.35,3.4,3.35,3.4,1000,0,8600.0,CE
2015-09-04 11:48:00,3.35,3.45,3.35,3.45,1300,0,8600.0,CE
2015-09-04 11:49:00,3.35,3.4,3.35,3.4,775,0,8600.0,CE
2015-09-04 11:50:00,3.4,3.45,3.4,3.4,2300,0,8600.0,CE
2015-09-04 11:51:00,3.4,3.45,3.35,3.45,2250,0,8600.0,CE
2015-09-04 11:52:00,3.45,3.45,3.4,3.4,4025,0,8600.0,CE
2015-09-04 11:53:00,3.4,3.45,3.4,3.4,5725,0,8600.0,CE
2015-09-04 11:54:00,3.4,3.4,3.4,3.4,1925,0,8600.0,CE
2015-09-04 11:55:00,3.45,3.45,3.4,3.4,1000,0,8600.0,CE
2015-09-04 11:56:00,3.4,3.4,3.35,3.35,50,0,8600.0,CE
2015-09-04 11:57:00,3.35,3.4,3.35,3.35,1175,0,8600.0,CE
2015-09-04 11:58:00,3.35,3.4,3.3,3.3,3375,0,8600.0,CE
2015-09-04 11:59:00,3.3,3.4,3.3,3.3,625,0,8600.0,CE
2015-09-04 12:00:00,3.4,3.4,3.3,3.35,400,0,8600.0,CE
2015-09-04 12:01:00,3.3,3.4,3.3,3.4,350,0,8600.0,CE
2015-09-04 12:02:00,3.35,3.4,3.35,3.35,1100,0,8600.0,CE
2015-09-04 12:03:00,3.3,3.35,3.3,3.3,475,0,8600.0,CE
2015-09-04 12:04:00,3.3,3.4,3.3,3.35,2125,0,8600.0,CE
2015-09-04 12:05:00,3.35,3.4,3.35,3.35,575,0,8600.0,CE
2015-09-04 12:06:00,3.35,3.4,3.35,3.4,11075,0,8600.0,CE
2015-09-04 12:07:00,3.4,3.45,3.4,3.45,2725,0,8600.0,CE
2015-09-04 12:08:00,3.45,3.5,3.4,3.45,6150,0,8600.0,CE
2015-09-04 12:09:00,3.45,3.5,3.45,3.45,5775,0,8600.0,CE
2015-09-04 12:10:00,3.5,3.5,3.45,3.45,1775,0,8600.0,CE
2015-09-04 12:11:00,3.45,3.45,3.45,3.45,675,0,8600.0,CE
2015-09-04 12:12:00,3.45,3.5,3.45,3.45,2850,0,8600.0,CE
2015-09-04 12:13:00,3.45,3.5,3.45,3.5,4075,0,8600.0,CE
2015-09-04 12:14:00,3.5,3.5,3.4,3.45,8750,0,8600.0,CE
2015-09-04 12:15:00,3.4,3.45,3.4,3.45,350,0,8600.0,CE
2015-09-04 12:16:00,3.4,3.45,3.4,3.4,3125,0,8600.0,CE
2015-09-04 12:17:00,3.4,3.4,3.4,3.4,1575,0,8600.0,CE
2015-09-04 12:18:00,3.4,3.4,3.35,3.35,3675,0,8600.0,CE
2015-09-04 12:19:00,3.35,3.4,3.35,3.35,375,0,8600.0,CE
2015-09-04 12:20:00,3.35,3.4,3.35,3.4,300,0,8600.0,CE
2015-09-04 12:21:00,3.4,3.4,3.35,3.35,1300,0,8600.0,CE
2015-09-04 12:22:00,3.4,3.4,3.4,3.4,475,0,8600.0,CE
2015-09-04 12:23:00,3.4,3.4,3.35,3.4,625,0,8600.0,CE
2015-09-04 12:24:00,3.4,3.4,3.35,3.35,2400,0,8600.0,CE
2015-09-04 12:25:00,3.35,3.4,3.35,3.4,1675,0,8600.0,CE
2015-09-04 12:26:00,3.4,3.4,3.35,3.35,4525,0,8600.0,CE
2015-09-04 12:27:00,3.35,3.35,3.3,3.3,8950,0,8600.0,CE
2015-09-04 12:28:00,3.35,3.35,3.35,3.35,2175,0,8600.0,CE
2015-09-04 12:29:00,3.35,3.35,3.35,3.35,425,0,8600.0,CE
2015-09-04 12:30:00,3.3,3.35,3.3,3.3,875,0,8600.0,CE
2015-09-04 12:32:00,3.35,3.35,3.35,3.35,25,0,8600.0,CE
2015-09-04 12:33:00,3.3,3.35,3.3,3.3,825,0,8600.0,CE
2015-09-04 12:34:00,3.3,3.3,3.3,3.3,350,0,8600.0,CE
2015-09-04 12:35:00,3.3,3.3,3.3,3.3,7475,0,8600.0,CE
2015-09-04 12:36:00,3.3,3.35,3.3,3.3,225,0,8600.0,CE
2015-09-04 12:37:00,3.3,3.35,3.3,3.35,1500,0,8600.0,CE
2015-09-04 12:38:00,3.35,3.35,3.3,3.3,425,0,8600.0,CE
2015-09-04 12:39:00,3.35,3.35,3.3,3.35,3675,0,8600.0,CE
2015-09-04 12:40:00,3.3,3.4,3.3,3.3,4425,0,8600.0,CE
2015-09-04 12:41:00,3.35,3.35,3.3,3.35,350,0,8600.0,CE
2015-09-04 12:42:00,3.4,3.4,3.35,3.35,12425,0,8600.0,CE
2015-09-04 12:43:00,3.4,3.4,3.3,3.3,1800,0,8600.0,CE
2015-09-04 12:44:00,3.35,3.35,3.3,3.3,11350,0,8600.0,CE
2015-09-04 12:45:00,3.25,3.3,3.25,3.3,175,0,8600.0,CE
2015-09-04 12:46:00,3.3,3.3,3.3,3.3,3250,0,8600.0,CE
2015-09-04 12:47:00,3.35,3.35,3.3,3.3,300,0,8600.0,CE
2015-09-04 12:48:00,3.3,3.35,3.3,3.3,2850,0,8600.0,CE
2015-09-04 12:49:00,3.3,3.35,3.3,3.3,1000,0,8600.0,CE
2015-09-04 12:50:00,3.35,3.35,3.3,3.3,3050,0,8600.0,CE
2015-09-04 12:51:00,3.3,3.4,3.3,3.4,1125,0,8600.0,CE
2015-09-04 12:52:00,3.4,3.4,3.35,3.4,2025,0,8600.0,CE
2015-09-04 12:53:00,3.4,3.4,3.4,3.4,1725,0,8600.0,CE
2015-09-04 12:54:00,3.4,3.4,3.35,3.35,650,0,8600.0,CE
2015-09-04 12:55:00,3.35,3.4,3.35,3.4,3750,0,8600.0,CE
2015-09-04 12:56:00,3.35,3.4,3.35,3.4,725,0,8600.0,CE
2015-09-04 12:57:00,3.35,3.4,3.35,3.35,1075,0,8600.0,CE
2015-09-04 12:58:00,3.35,3.35,3.35,3.35,475,0,8600.0,CE
2015-09-04 12:59:00,3.35,3.35,3.35,3.35,3275,0,8600.0,CE
2015-09-04 13:00:00,3.35,3.35,3.35,3.35,725,0,8600.0,CE
2015-09-04 13:01:00,3.3,3.35,3.3,3.35,400,0,8600.0,CE
2015-09-04 13:02:00,3.35,3.35,3.35,3.35,950,0,8600.0,CE
2015-09-04 13:03:00,3.4,3.4,3.3,3.3,1300,0,8600.0,CE
2015-09-04 13:04:00,3.4,3.4,3.4,3.4,50,0,8600.0,CE
2015-09-04 13:05:00,3.4,3.4,3.35,3.35,2325,0,8600.0,CE
2015-09-04 13:06:00,3.35,3.4,3.35,3.35,900,0,8600.0,CE
2015-09-04 13:07:00,3.35,3.4,3.35,3.35,900,0,8600.0,CE
2015-09-04 13:09:00,3.4,3.4,3.4,3.4,75,0,8600.0,CE
2015-09-04 13:10:00,3.35,3.35,3.35,3.35,550,0,8600.0,CE
2015-09-04 13:11:00,3.35,3.35,3.3,3.35,125,0,8600.0,CE
2015-09-04 13:12:00,3.35,3.35,3.35,3.35,150,0,8600.0,CE
2015-09-04 13:13:00,3.3,3.35,3.3,3.35,750,0,8600.0,CE
2015-09-04 13:14:00,3.3,3.3,3.3,3.3,50,0,8600.0,CE
2015-09-04 13:15:00,3.35,3.35,3.35,3.35,275,0,8600.0,CE
2015-09-04 13:16:00,3.3,3.35,3.3,3.35,1525,0,8600.0,CE
2015-09-04 13:17:00,3.35,3.35,3.35,3.35,1750,0,8600.0,CE
2015-09-04 13:18:00,3.35,3.35,3.35,3.35,625,0,8600.0,CE
2015-09-04 13:19:00,3.35,3.4,3.35,3.35,2825,0,8600.0,CE
2015-09-04 13:20:00,3.4,3.4,3.4,3.4,125,0,8600.0,CE
2015-09-04 13:21:00,3.35,3.45,3.35,3.4,1500,0,8600.0,CE
2015-09-04 13:22:00,3.4,3.4,3.35,3.35,575,0,8600.0,CE
2015-09-04 13:23:00,3.35,3.4,3.35,3.4,275,0,8600.0,CE
2015-09-04 13:24:00,3.4,3.4,3.35,3.35,925,0,8600.0,CE
2015-09-04 13:25:00,3.35,3.35,3.35,3.35,175,0,8600.0,CE
2015-09-04 13:26:00,3.4,3.4,3.35,3.35,900,0,8600.0,CE
2015-09-04 13:27:00,3.4,3.4,3.4,3.4,50,0,8600.0,CE
2015-09-04 13:28:00,3.35,3.4,3.35,3.35,225,0,8600.0,CE
2015-09-04 13:29:00,3.4,3.4,3.35,3.35,1200,0,8600.0,CE
2015-09-04 13:30:00,3.35,3.35,3.35,3.35,25,0,8600.0,CE
2015-09-04 13:31:00,3.45,3.45,3.35,3.4,1425,0,8600.0,CE
2015-09-04 13:32:00,3.4,3.45,3.4,3.4,675,0,8600.0,CE
2015-09-04 13:33:00,3.4,3.45,3.4,3.4,3800,0,8600.0,CE
2015-09-04 13:34:00,3.4,3.45,3.4,3.45,2750,0,8600.0,CE
2015-09-04 13:35:00,3.4,3.45,3.4,3.4,4050,0,8600.0,CE
2015-09-04 13:36:00,3.45,3.45,3.4,3.4,7450,0,8600.0,CE
2015-09-04 13:37:00,3.45,3.5,3.45,3.45,4975,0,8600.0,CE
2015-09-04 13:38:00,3.5,3.5,3.4,3.4,4675,0,8600.0,CE
2015-09-04 13:39:00,3.4,3.45,3.4,3.4,6425,0,8600.0,CE
2015-09-04 13:40:00,3.4,3.45,3.4,3.4,700,0,8600.0,CE
2015-09-04 13:41:00,3.4,3.4,3.4,3.4,3850,0,8600.0,CE
2015-09-04 13:42:00,3.4,3.45,3.4,3.45,1250,0,8600.0,CE
2015-09-04 13:43:00,3.4,3.45,3.4,3.45,1125,0,8600.0,CE
2015-09-04 13:44:00,3.4,3.45,3.35,3.35,2325,0,8600.0,CE
2015-09-04 13:45:00,3.35,3.4,3.35,3.35,17325,0,8600.0,CE
2015-09-04 13:46:00,3.4,3.4,3.4,3.4,750,0,8600.0,CE
2015-09-04 13:47:00,3.4,3.4,3.35,3.4,3800,0,8600.0,CE
2015-09-04 13:48:00,3.4,3.4,3.4,3.4,3075,0,8600.0,CE
2015-09-04 13:49:00,3.4,3.4,3.4,3.4,825,0,8600.0,CE
2015-09-04 13:50:00,3.35,3.45,3.35,3.4,4425,0,8600.0,CE
2015-09-04 13:51:00,3.35,3.35,3.35,3.35,750,0,8600.0,CE
2015-09-04 13:52:00,3.35,3.35,3.3,3.3,3850,0,8600.0,CE
2015-09-04 13:53:00,3.35,3.35,3.3,3.35,1000,0,8600.0,CE
2015-09-04 13:54:00,3.3,3.35,3.3,3.3,1550,0,8600.0,CE
2015-09-04 13:55:00,3.35,3.35,3.3,3.35,900,0,8600.0,CE
2015-09-04 13:56:00,3.3,3.35,3.3,3.35,800,0,8600.0,CE
2015-09-04 13:57:00,3.35,3.35,3.3,3.35,1375,0,8600.0,CE
2015-09-04 13:58:00,3.35,3.35,3.3,3.3,4850,0,8600.0,CE
2015-09-04 13:59:00,3.35,3.4,3.35,3.35,1375,0,8600.0,CE
2015-09-04 14:00:00,3.35,3.35,3.35,3.35,550,0,8600.0,CE
2015-09-04 14:01:00,3.4,3.4,3.35,3.35,8375,0,8600.0,CE
2015-09-04 14:02:00,3.35,3.35,3.35,3.35,25,0,8600.0,CE
2015-09-04 14:03:00,3.4,3.4,3.35,3.4,1650,0,8600.0,CE
2015-09-04 14:04:00,3.4,3.4,3.4,3.4,1475,0,8600.0,CE
2015-09-04 14:05:00,3.35,3.4,3.35,3.4,2325,0,8600.0,CE
2015-09-04 14:06:00,3.35,3.4,3.35,3.35,500,0,8600.0,CE
2015-09-04 14:07:00,3.35,3.4,3.35,3.4,3000,0,8600.0,CE
2015-09-04 14:08:00,3.35,3.4,3.35,3.4,1075,0,8600.0,CE
2015-09-04 14:09:00,3.35,3.35,3.35,3.35,6350,0,8600.0,CE
2015-09-04 14:10:00,3.35,3.4,3.3,3.4,825,0,8600.0,CE
2015-09-04 14:11:00,3.35,3.4,3.35,3.35,1125,0,8600.0,CE
2015-09-04 14:12:00,3.4,3.4,3.4,3.4,750,0,8600.0,CE
2015-09-04 14:13:00,3.4,3.4,3.35,3.4,825,0,8600.0,CE
2015-09-04 14:14:00,3.4,3.4,3.4,3.4,1950,0,8600.0,CE
2015-09-04 14:15:00,3.4,3.45,3.4,3.45,1375,0,8600.0,CE
2015-09-04 14:16:00,3.4,3.45,3.4,3.45,1125,0,8600.0,CE
2015-09-04 14:17:00,3.45,3.45,3.4,3.4,700,0,8600.0,CE
2015-09-04 14:18:00,3.45,3.45,3.4,3.45,775,0,8600.0,CE
2015-09-04 14:19:00,3.45,3.45,3.4,3.45,3700,0,8600.0,CE
2015-09-04 14:20:00,3.4,3.45,3.4,3.4,450,0,8600.0,CE
2015-09-04 14:21:00,3.45,3.45,3.4,3.4,750,0,8600.0,CE
2015-09-04 14:22:00,3.4,3.4,3.4,3.4,2775,0,8600.0,CE
2015-09-04 14:23:00,3.4,3.4,3.35,3.4,550,0,8600.0,CE
2015-09-04 14:24:00,3.35,3.4,3.35,3.35,5100,0,8600.0,CE
2015-09-04 14:25:00,3.35,3.4,3.35,3.35,4675,0,8600.0,CE
2015-09-04 14:26:00,3.4,3.4,3.3,3.3,2375,0,8600.0,CE
2015-09-04 14:27:00,3.3,3.4,3.3,3.35,725,0,8600.0,CE
2015-09-04 14:28:00,3.35,3.4,3.35,3.4,2525,0,8600.0,CE
2015-09-04 14:29:00,3.4,3.4,3.35,3.4,9025,0,8600.0,CE
2015-09-04 14:30:00,3.35,3.4,3.3,3.35,11575,0,8600.0,CE
2015-09-04 14:31:00,3.3,3.35,3.3,3.35,4775,0,8600.0,CE
2015-09-04 14:32:00,3.35,3.35,3.35,3.35,1550,0,8600.0,CE
2015-09-04 14:33:00,3.35,3.4,3.35,3.4,225,0,8600.0,CE
2015-09-04 14:34:00,3.4,3.4,3.35,3.4,475,0,8600.0,CE
2015-09-04 14:35:00,3.4,3.4,3.4,3.4,1075,0,8600.0,CE
2015-09-04 14:36:00,3.35,3.4,3.35,3.35,1225,0,8600.0,CE
2015-09-04 14:37:00,3.4,3.4,3.35,3.4,800,0,8600.0,CE
2015-09-04 14:38:00,3.4,3.4,3.35,3.4,13725,0,8600.0,CE
2015-09-04 14:39:00,3.45,3.45,3.4,3.4,250,0,8600.0,CE
2015-09-04 14:40:00,3.4,3.4,3.4,3.4,3875,0,8600.0,CE
2015-09-04 14:41:00,3.4,3.4,3.35,3.35,3100,0,8600.0,CE
2015-09-04 14:42:00,3.35,3.35,3.35,3.35,475,0,8600.0,CE
2015-09-04 14:43:00,3.4,3.4,3.35,3.35,425,0,8600.0,CE
2015-09-04 14:44:00,3.35,3.35,3.35,3.35,625,0,8600.0,CE
2015-09-04 14:45:00,3.4,3.4,3.35,3.35,800,0,8600.0,CE
2015-09-04 14:46:00,3.35,3.4,3.35,3.4,3275,0,8600.0,CE
2015-09-04 14:47:00,3.4,3.45,3.4,3.4,975,0,8600.0,CE
2015-09-04 14:48:00,3.4,3.4,3.35,3.4,1975,0,8600.0,CE
2015-09-04 14:49:00,3.45,3.45,3.4,3.4,2525,0,8600.0,CE
2015-09-04 14:50:00,3.45,3.45,3.35,3.4,2075,0,8600.0,CE
2015-09-04 14:51:00,3.4,3.4,3.4,3.4,3950,0,8600.0,CE
2015-09-04 14:52:00,3.35,3.35,3.35,3.35,6475,0,8600.0,CE
2015-09-04 14:53:00,3.35,3.4,3.3,3.3,4125,0,8600.0,CE
2015-09-04 14:54:00,3.3,3.4,3.3,3.35,7250,0,8600.0,CE
2015-09-04 14:55:00,3.4,3.4,3.35,3.4,1825,0,8600.0,CE
2015-09-04 14:56:00,3.35,3.4,3.35,3.4,11875,0,8600.0,CE
2015-09-04 14:57:00,3.35,3.4,3.35,3.35,3000,0,8600.0,CE
2015-09-04 14:58:00,3.35,3.4,3.35,3.35,13800,0,8600.0,CE
2015-09-04 14:59:00,3.4,3.4,3.35,3.4,1225,0,8600.0,CE
2015-09-04 15:00:00,3.4,3.45,3.4,3.45,2700,0,8600.0,CE
2015-09-04 15:01:00,3.4,3.45,3.4,3.45,13125,0,8600.0,CE
2015-09-04 15:02:00,3.45,3.45,3.4,3.4,1900,0,8600.0,CE
2015-09-04 15:03:00,3.4,3.45,3.4,3.4,250,0,8600.0,CE
2015-09-04 15:04:00,3.4,3.4,3.4,3.4,250,0,8600.0,CE
2015-09-04 15:05:00,3.45,3.45,3.4,3.4,1225,0,8600.0,CE
2015-09-04 15:06:00,3.4,3.4,3.35,3.35,20025,0,8600.0,CE
2015-09-04 15:07:00,3.35,3.4,3.35,3.4,2250,0,8600.0,CE
2015-09-04 15:08:00,3.4,3.4,3.35,3.4,3300,0,8600.0,CE
2015-09-04 15:09:00,3.35,3.35,3.3,3.35,10525,0,8600.0,CE
2015-09-04 15:10:00,3.4,3.4,3.35,3.4,625,0,8600.0,CE
2015-09-04 15:11:00,3.35,3.4,3.35,3.4,250,0,8600.0,CE
2015-09-04 15:12:00,3.4,3.4,3.3,3.4,4300,0,8600.0,CE
2015-09-04 15:13:00,3.4,3.4,3.35,3.4,1550,0,8600.0,CE
2015-09-04 15:14:00,3.4,3.4,3.35,3.35,550,0,8600.0,CE
2015-09-04 15:15:00,3.4,3.4,3.4,3.4,1625,0,8600.0,CE
2015-09-04 15:16:00,3.4,3.4,3.35,3.4,2250,0,8600.0,CE
2015-09-04 15:17:00,3.4,3.4,3.35,3.35,3550,0,8600.0,CE
2015-09-04 15:18:00,3.4,3.45,3.35,3.45,6725,0,8600.0,CE
2015-09-04 15:19:00,3.45,3.45,3.35,3.4,4100,0,8600.0,CE
2015-09-04 15:20:00,3.45,3.45,3.45,3.45,3375,0,8600.0,CE
2015-09-04 15:21:00,3.4,3.4,3.4,3.4,1725,0,8600.0,CE
2015-09-04 15:22:00,3.35,3.4,3.35,3.4,3800,0,8600.0,CE
2015-09-04 15:23:00,3.45,3.45,3.4,3.4,6125,0,8600.0,CE
2015-09-04 15:24:00,3.4,3.4,3.35,3.4,2775,0,8600.0,CE
2015-09-04 15:25:00,3.35,3.4,3.35,3.35,4425,0,8600.0,CE
2015-09-04 15:26:00,3.35,3.4,3.35,3.35,8450,0,8600.0,CE
2015-09-04 15:27:00,3.35,3.4,3.35,3.4,19825,0,8600.0,CE
2015-09-04 15:28:00,3.4,3.4,3.35,3.35,6925,0,8600.0,CE
2015-09-04 15:29:00,3.35,3.4,3.35,3.4,9275,0,8600.0,CE
2015-09-07 09:15:00,3.9,3.9,2.8,3.15,3225,0,8600.0,CE
2015-09-07 09:16:00,3.15,3.4,3.1,3.4,6875,0,8600.0,CE
2015-09-07 09:17:00,3.4,3.5,3.3,3.3,7750,0,8600.0,CE
2015-09-07 09:18:00,3.35,3.35,3.25,3.3,5675,0,8600.0,CE
2015-09-07 09:19:00,3.25,3.25,3.15,3.15,4900,0,8600.0,CE
2015-09-07 09:20:00,3.2,3.25,3.0,3.0,9950,0,8600.0,CE
2015-09-07 09:21:00,3.0,3.0,2.95,2.95,10000,0,8600.0,CE
2015-09-07 09:22:00,3.0,3.05,2.95,3.0,11825,0,8600.0,CE
2015-09-07 09:23:00,3.0,3.1,3.0,3.1,7675,0,8600.0,CE
2015-09-07 09:24:00,3.1,3.2,3.05,3.05,2250,0,8600.0,CE
2015-09-07 09:25:00,3.15,3.15,3.05,3.1,900,0,8600.0,CE
2015-09-07 09:26:00,3.05,3.05,3.05,3.05,3400,0,8600.0,CE
2015-09-07 09:27:00,3.05,3.05,3.05,3.05,9700,0,8600.0,CE
2015-09-07 09:28:00,3.05,3.05,3.0,3.0,5775,0,8600.0,CE
2015-09-07 09:29:00,3.05,3.05,3.0,3.05,3300,0,8600.0,CE
2015-09-07 09:30:00,3.0,3.05,3.0,3.0,575,0,8600.0,CE
2015-09-07 09:31:00,3.0,3.0,2.95,3.0,400,0,8600.0,CE
2015-09-07 09:32:00,3.0,3.0,2.95,3.0,925,0,8600.0,CE
2015-09-07 09:33:00,2.95,2.95,2.95,2.95,1825,0,8600.0,CE
2015-09-07 09:34:00,2.95,3.0,2.95,2.95,725,0,8600.0,CE
2015-09-07 09:35:00,3.0,3.0,2.95,3.0,225,0,8600.0,CE
2015-09-07 09:36:00,3.0,3.0,3.0,3.0,4450,0,8600.0,CE
2015-09-07 09:37:00,3.0,3.05,3.0,3.05,5750,0,8600.0,CE
2015-09-07 09:38:00,3.05,3.1,3.05,3.1,6775,0,8600.0,CE
2015-09-07 09:39:00,3.1,3.15,3.1,3.1,10325,0,8600.0,CE
2015-09-07 09:40:00,3.2,3.2,3.1,3.1,1875,0,8600.0,CE
2015-09-07 09:41:00,3.1,3.15,3.1,3.15,1250,0,8600.0,CE
2015-09-07 09:42:00,3.15,3.15,3.1,3.15,2450,0,8600.0,CE
2015-09-07 09:43:00,3.15,3.15,3.15,3.15,2400,0,8600.0,CE
2015-09-07 09:44:00,3.15,3.2,3.1,3.2,2400,0,8600.0,CE
2015-09-07 09:45:00,3.15,3.15,3.1,3.1,4500,0,8600.0,CE
2015-09-07 09:46:00,3.15,3.15,3.1,3.1,900,0,8600.0,CE
2015-09-07 09:47:00,3.1,3.2,3.1,3.15,5200,0,8600.0,CE
2015-09-07 09:48:00,3.15,3.15,3.1,3.15,2250,0,8600.0,CE
2015-09-07 09:49:00,3.15,3.2,3.15,3.2,575,0,8600.0,CE
2015-09-07 09:50:00,3.15,3.2,3.15,3.2,625,0,8600.0,CE
2015-09-07 09:51:00,3.15,3.25,3.15,3.15,4600,0,8600.0,CE
2015-09-07 09:52:00,3.2,3.2,3.1,3.15,4725,0,8600.0,CE
2015-09-07 09:53:00,3.2,3.2,3.1,3.15,2800,0,8600.0,CE
2015-09-07 09:54:00,3.15,3.15,3.1,3.15,2175,0,8600.0,CE
2015-09-07 09:55:00,3.15,3.15,3.1,3.1,1875,0,8600.0,CE
2015-09-07 09:56:00,3.1,3.1,3.1,3.1,625,0,8600.0,CE
2015-09-07 09:57:00,3.1,3.1,3.05,3.1,4175,0,8600.0,CE
2015-09-07 09:58:00,3.1,3.15,3.1,3.15,1575,0,8600.0,CE
2015-09-07 09:59:00,3.15,3.15,3.1,3.15,350,0,8600.0,CE
2015-09-07 10:00:00,3.15,3.15,3.1,3.1,2175,0,8600.0,CE
2015-09-07 10:01:00,3.1,3.1,3.1,3.1,100,0,8600.0,CE
2015-09-07 10:02:00,3.15,3.15,3.15,3.15,275,0,8600.0,CE
2015-09-07 10:03:00,3.15,3.15,3.15,3.15,125,0,8600.0,CE
2015-09-07 10:04:00,3.1,3.15,3.1,3.15,2325,0,8600.0,CE
2015-09-07 10:05:00,3.15,3.2,3.05,3.15,7225,0,8600.0,CE
2015-09-07 10:06:00,3.15,3.15,3.1,3.15,3400,0,8600.0,CE
2015-09-07 10:07:00,3.15,3.15,3.15,3.15,475,0,8600.0,CE
2015-09-07 10:08:00,3.15,3.15,3.1,3.15,925,0,8600.0,CE
2015-09-07 10:09:00,3.1,3.1,3.1,3.1,150,0,8600.0,CE
2015-09-07 10:10:00,3.1,3.1,3.1,3.1,1000,0,8600.0,CE
2015-09-07 10:11:00,3.1,3.15,3.1,3.1,2225,0,8600.0,CE
2015-09-07 10:12:00,3.15,3.15,3.1,3.1,575,0,8600.0,CE
2015-09-07 10:13:00,3.15,3.15,3.1,3.1,525,0,8600.0,CE
2015-09-07 10:14:00,3.1,3.1,3.1,3.1,1925,0,8600.0,CE
2015-09-07 10:15:00,3.1,3.1,3.1,3.1,1750,0,8600.0,CE
2015-09-07 10:16:00,3.1,3.1,3.1,3.1,1350,0,8600.0,CE
2015-09-07 10:17:00,3.1,3.15,3.1,3.15,5200,0,8600.0,CE
2015-09-07 10:18:00,3.15,3.15,3.1,3.15,2275,0,8600.0,CE
2015-09-07 10:19:00,3.15,3.2,3.15,3.2,4200,0,8600.0,CE
2015-09-07 10:20:00,3.15,3.2,3.15,3.15,1225,0,8600.0,CE
2015-09-07 10:21:00,3.15,3.2,3.15,3.15,1125,0,8600.0,CE
2015-09-07 10:22:00,3.15,3.15,3.15,3.15,50,0,8600.0,CE
2015-09-07 10:23:00,3.1,3.1,3.1,3.1,150,0,8600.0,CE
2015-09-07 10:24:00,3.15,3.2,3.15,3.15,500,0,8600.0,CE
2015-09-07 10:25:00,3.15,3.2,3.1,3.2,1400,0,8600.0,CE
2015-09-07 10:26:00,3.2,3.25,3.2,3.25,3000,0,8600.0,CE
2015-09-07 10:27:00,3.25,3.3,3.2,3.25,2225,0,8600.0,CE
2015-09-07 10:28:00,3.1,3.2,3.1,3.2,13075,0,8600.0,CE
2015-09-07 10:29:00,3.15,3.2,3.1,3.15,3125,0,8600.0,CE
2015-09-07 10:30:00,3.15,3.2,3.15,3.2,1450,0,8600.0,CE
2015-09-07 10:31:00,3.2,3.2,3.2,3.2,325,0,8600.0,CE
2015-09-07 10:32:00,3.2,3.2,3.15,3.15,1225,0,8600.0,CE
2015-09-07 10:33:00,3.1,3.1,3.05,3.05,9275,0,8600.0,CE
2015-09-07 10:34:00,3.05,3.05,3.0,3.05,400,0,8600.0,CE
2015-09-07 10:35:00,3.05,3.05,3.05,3.05,25,0,8600.0,CE
2015-09-07 10:36:00,3.1,3.1,3.05,3.05,50,0,8600.0,CE
2015-09-07 10:37:00,3.1,3.1,3.05,3.05,275,0,8600.0,CE
2015-09-07 10:38:00,3.0,3.0,3.0,3.0,100,0,8600.0,CE
2015-09-07 10:39:00,3.0,3.05,3.0,3.0,5125,0,8600.0,CE
2015-09-07 10:40:00,3.0,3.0,3.0,3.0,175,0,8600.0,CE
2015-09-07 10:43:00,3.05,3.05,3.0,3.0,225,0,8600.0,CE
2015-09-07 10:44:00,3.0,3.0,3.0,3.0,75,0,8600.0,CE
2015-09-07 10:45:00,3.05,3.05,3.05,3.05,525,0,8600.0,CE
2015-09-07 10:46:00,3.1,3.1,3.05,3.1,350,0,8600.0,CE
2015-09-07 10:47:00,3.05,3.05,3.05,3.05,375,0,8600.0,CE
2015-09-07 10:48:00,3.05,3.05,3.05,3.05,400,0,8600.0,CE
2015-09-07 10:49:00,3.1,3.1,3.05,3.05,100,0,8600.0,CE
2015-09-07 10:50:00,3.05,3.05,3.0,3.05,1350,0,8600.0,CE
2015-09-07 10:51:00,3.0,3.1,3.0,3.1,400,0,8600.0,CE
2015-09-07 10:52:00,3.05,3.05,3.05,3.05,250,0,8600.0,CE
2015-09-07 10:53:00,3.05,3.1,3.05,3.1,2350,0,8600.0,CE
2015-09-07 10:54:00,3.1,3.1,3.05,3.05,1275,0,8600.0,CE
2015-09-07 10:55:00,3.05,3.05,3.05,3.05,25,0,8600.0,CE
2015-09-07 10:57:00,3.05,3.05,3.05,3.05,200,0,8600.0,CE
2015-09-07 10:58:00,3.05,3.1,3.05,3.1,900,0,8600.0,CE
2015-09-07 10:59:00,3.1,3.1,3.1,3.1,350,0,8600.0,CE
2015-09-07 11:00:00,3.1,3.1,3.1,3.1,175,0,8600.0,CE
2015-09-07 11:01:00,3.05,3.1,3.05,3.1,800,0,8600.0,CE
2015-09-07 11:02:00,3.05,3.05,3.05,3.05,175,0,8600.0,CE
2015-09-07 11:03:00,3.1,3.1,3.05,3.05,675,0,8600.0,CE
2015-09-07 11:04:00,3.1,3.1,3.1,3.1,200,0,8600.0,CE
2015-09-07 11:05:00,3.1,3.1,3.1,3.1,300,0,8600.0,CE
2015-09-07 11:06:00,3.1,3.1,3.1,3.1,850,0,8600.0,CE
2015-09-07 11:07:00,3.1,3.15,3.1,3.1,1725,0,8600.0,CE
2015-09-07 11:08:00,3.05,3.15,3.05,3.15,125,0,8600.0,CE
2015-09-07 11:09:00,3.1,3.1,3.1,3.1,1125,0,8600.0,CE
2015-09-07 11:10:00,3.1,3.1,3.1,3.1,175,0,8600.0,CE
2015-09-07 11:11:00,3.1,3.1,3.1,3.1,150,0,8600.0,CE
2015-09-07 11:12:00,3.15,3.15,3.1,3.1,275,0,8600.0,CE
2015-09-07 11:14:00,3.1,3.1,3.1,3.1,725,0,8600.0,CE
2015-09-07 11:15:00,3.1,3.1,3.1,3.1,800,0,8600.0,CE
2015-09-07 11:16:00,3.05,3.05,3.05,3.05,500,0,8600.0,CE
2015-09-07 11:17:00,3.05,3.05,3.05,3.05,50,0,8600.0,CE
2015-09-07 11:18:00,3.05,3.05,3.05,3.05,375,0,8600.0,CE
2015-09-07 11:19:00,3.05,3.05,3.05,3.05,850,0,8600.0,CE
2015-09-07 11:20:00,3.05,3.05,3.05,3.05,25,0,8600.0,CE
2015-09-07 11:21:00,3.05,3.1,3.05,3.1,1500,0,8600.0,CE
2015-09-07 11:22:00,3.1,3.1,3.05,3.05,525,0,8600.0,CE
2015-09-07 11:23:00,3.1,3.1,3.05,3.05,2375,0,8600.0,CE
2015-09-07 11:24:00,3.05,3.1,3.05,3.1,4950,0,8600.0,CE
2015-09-07 11:25:00,3.1,3.1,3.1,3.1,2925,0,8600.0,CE
2015-09-07 11:26:00,3.15,3.15,3.1,3.1,275,0,8600.0,CE
2015-09-07 11:27:00,3.05,3.05,3.05,3.05,925,0,8600.0,CE
2015-09-07 11:28:00,3.1,3.15,3.05,3.1,550,0,8600.0,CE
2015-09-07 11:29:00,3.05,3.1,3.05,3.1,325,0,8600.0,CE
2015-09-07 11:30:00,3.1,3.15,3.1,3.1,625,0,8600.0,CE
2015-09-07 11:31:00,3.15,3.15,3.15,3.15,25,0,8600.0,CE
2015-09-07 11:32:00,3.15,3.15,3.1,3.1,1550,0,8600.0,CE
2015-09-07 11:33:00,3.15,3.15,3.15,3.15,50,0,8600.0,CE
2015-09-07 11:34:00,3.15,3.15,3.15,3.15,375,0,8600.0,CE
2015-09-07 11:35:00,3.15,3.15,3.1,3.15,900,0,8600.0,CE
2015-09-07 11:36:00,3.1,3.1,3.1,3.1,675,0,8600.0,CE
2015-09-07 11:37:00,3.15,3.15,3.15,3.15,25,0,8600.0,CE
2015-09-07 11:38:00,3.15,3.15,3.1,3.1,225,0,8600.0,CE
2015-09-07 11:39:00,3.15,3.15,3.1,3.1,5125,0,8600.0,CE
2015-09-07 11:40:00,3.15,3.15,3.15,3.15,800,0,8600.0,CE
2015-09-07 11:41:00,3.15,3.15,3.15,3.15,525,0,8600.0,CE
2015-09-07 11:42:00,3.15,3.15,3.1,3.1,100,0,8600.0,CE
2015-09-07 11:43:00,3.2,3.2,3.2,3.2,3700,0,8600.0,CE
2015-09-07 11:44:00,3.25,3.3,3.2,3.2,2075,0,8600.0,CE
2015-09-07 11:45:00,3.25,3.25,3.25,3.25,225,0,8600.0,CE
2015-09-07 11:47:00,3.2,3.25,3.2,3.25,2400,0,8600.0,CE
2015-09-07 11:48:00,3.25,3.25,3.2,3.2,1300,0,8600.0,CE
2015-09-07 11:49:00,3.2,3.2,3.2,3.2,25,0,8600.0,CE
2015-09-07 11:50:00,3.2,3.25,3.2,3.25,275,0,8600.0,CE
2015-09-07 11:51:00,3.25,3.25,3.25,3.25,100,0,8600.0,CE
2015-09-07 11:53:00,3.2,3.2,3.2,3.2,700,0,8600.0,CE
2015-09-07 11:54:00,3.2,3.2,3.15,3.2,4175,0,8600.0,CE
2015-09-07 11:55:00,3.2,3.2,3.2,3.2,1650,0,8600.0,CE
2015-09-07 11:56:00,3.2,3.2,3.15,3.15,75,0,8600.0,CE
2015-09-07 11:57:00,3.15,3.2,3.15,3.2,1125,0,8600.0,CE
2015-09-07 11:58:00,3.2,3.2,3.2,3.2,500,0,8600.0,CE
2015-09-07 11:59:00,3.15,3.15,3.15,3.15,75,0,8600.0,CE
2015-09-07 12:00:00,3.15,3.25,3.15,3.25,2400,0,8600.0,CE
2015-09-07 12:01:00,3.2,3.2,3.2,3.2,525,0,8600.0,CE
2015-09-07 12:02:00,3.2,3.2,3.2,3.2,150,0,8600.0,CE
2015-09-07 12:03:00,3.2,3.2,3.15,3.15,275,0,8600.0,CE
2015-09-07 12:04:00,3.2,3.2,3.2,3.2,675,0,8600.0,CE
2015-09-07 12:05:00,3.2,3.3,3.15,3.3,3775,0,8600.0,CE
2015-09-07 12:06:00,3.25,3.25,3.2,3.2,2200,0,8600.0,CE
2015-09-07 12:07:00,3.2,3.3,3.2,3.3,4325,0,8600.0,CE
2015-09-07 12:08:00,3.3,3.3,3.25,3.25,200,0,8600.0,CE
2015-09-07 12:09:00,3.25,3.35,3.25,3.35,125,0,8600.0,CE
2015-09-07 12:10:00,3.25,3.3,3.2,3.2,1075,0,8600.0,CE
2015-09-07 12:11:00,3.25,3.25,3.2,3.2,1050,0,8600.0,CE
2015-09-07 12:13:00,3.2,3.2,3.2,3.2,950,0,8600.0,CE
2015-09-07 12:15:00,3.25,3.25,3.25,3.25,50,0,8600.0,CE
2015-09-07 12:16:00,3.25,3.25,3.2,3.2,650,0,8600.0,CE
2015-09-07 12:17:00,3.2,3.2,3.2,3.2,150,0,8600.0,CE
2015-09-07 12:18:00,3.15,3.25,3.15,3.25,825,0,8600.0,CE
2015-09-07 12:19:00,3.2,3.2,3.2,3.2,150,0,8600.0,CE
2015-09-07 12:20:00,3.2,3.2,3.2,3.2,125,0,8600.0,CE
2015-09-07 12:21:00,3.2,3.25,3.2,3.25,225,0,8600.0,CE
2015-09-07 12:23:00,3.2,3.25,3.2,3.25,525,0,8600.0,CE
2015-09-07 12:24:00,3.25,3.25,3.2,3.2,1475,0,8600.0,CE
2015-09-07 12:25:00,3.2,3.25,3.15,3.2,2725,0,8600.0,CE
2015-09-07 12:26:00,3.2,3.25,3.2,3.25,1325,0,8600.0,CE
2015-09-07 12:27:00,3.3,3.3,3.2,3.2,325,0,8600.0,CE
2015-09-07 12:28:00,3.25,3.25,3.25,3.25,125,0,8600.0,CE
2015-09-07 12:29:00,3.25,3.25,3.2,3.25,3075,0,8600.0,CE
2015-09-07 12:30:00,3.2,3.25,3.2,3.25,5000,0,8600.0,CE
2015-09-07 12:31:00,3.25,3.25,3.2,3.2,1000,0,8600.0,CE
2015-09-07 12:32:00,3.25,3.25,3.25,3.25,375,0,8600.0,CE
2015-09-07 12:33:00,3.25,3.3,3.25,3.3,200,0,8600.0,CE
2015-09-07 12:34:00,3.25,3.3,3.2,3.25,3525,0,8600.0,CE
2015-09-07 12:35:00,3.25,3.25,3.25,3.25,2725,0,8600.0,CE
2015-09-07 12:37:00,3.3,3.3,3.3,3.3,500,0,8600.0,CE
2015-09-07 12:38:00,3.3,3.3,3.25,3.3,1125,0,8600.0,CE
2015-09-07 12:39:00,3.3,3.3,3.3,3.3,1775,0,8600.0,CE
2015-09-07 12:40:00,3.25,3.3,3.25,3.25,700,0,8600.0,CE
2015-09-07 12:42:00,3.3,3.3,3.25,3.3,700,0,8600.0,CE
2015-09-07 12:43:00,3.3,3.3,3.3,3.3,2100,0,8600.0,CE
2015-09-07 12:45:00,3.3,3.35,3.25,3.3,2750,0,8600.0,CE
2015-09-07 12:47:00,3.35,3.35,3.3,3.3,1300,0,8600.0,CE
2015-09-07 12:48:00,3.3,3.4,3.3,3.3,13875,0,8600.0,CE
2015-09-07 12:49:00,3.35,3.35,3.35,3.35,525,0,8600.0,CE
2015-09-07 12:50:00,3.35,3.35,3.35,3.35,150,0,8600.0,CE
2015-09-07 12:51:00,3.35,3.35,3.3,3.35,950,0,8600.0,CE
2015-09-07 12:52:00,3.35,3.4,3.35,3.4,1825,0,8600.0,CE
2015-09-07 12:53:00,3.35,3.35,3.35,3.35,1075,0,8600.0,CE
2015-09-07 12:54:00,3.35,3.4,3.35,3.35,350,0,8600.0,CE
2015-09-07 12:57:00,3.35,3.35,3.3,3.35,1875,0,8600.0,CE
2015-09-07 12:58:00,3.35,3.35,3.3,3.3,2850,0,8600.0,CE
2015-09-07 12:59:00,3.3,3.3,3.3,3.3,2150,0,8600.0,CE
2015-09-07 13:00:00,3.3,3.3,3.3,3.3,2475,0,8600.0,CE
2015-09-07 13:01:00,3.3,3.35,3.25,3.25,2500,0,8600.0,CE
2015-09-07 13:02:00,3.25,3.3,3.2,3.2,650,0,8600.0,CE
2015-09-07 13:03:00,3.2,3.3,3.2,3.3,3175,0,8600.0,CE
2015-09-07 13:04:00,3.25,3.3,3.25,3.3,1775,0,8600.0,CE
2015-09-07 13:05:00,3.3,3.3,3.25,3.25,2575,0,8600.0,CE
2015-09-07 13:06:00,3.25,3.3,3.25,3.3,2925,0,8600.0,CE
2015-09-07 13:07:00,3.3,3.3,3.25,3.25,3350,0,8600.0,CE
2015-09-07 13:08:00,3.25,3.25,3.25,3.25,3275,0,8600.0,CE
2015-09-07 13:09:00,3.25,3.25,3.2,3.2,1300,0,8600.0,CE
2015-09-07 13:10:00,3.3,3.3,3.25,3.25,1175,0,8600.0,CE
2015-09-07 13:11:00,3.2,3.25,3.2,3.25,3725,0,8600.0,CE
2015-09-07 13:12:00,3.25,3.25,3.25,3.25,175,0,8600.0,CE
2015-09-07 13:14:00,3.3,3.3,3.25,3.25,125,0,8600.0,CE
2015-09-07 13:15:00,3.3,3.3,3.3,3.3,2150,0,8600.0,CE
2015-09-07 13:16:00,3.25,3.3,3.25,3.3,50,0,8600.0,CE
2015-09-07 13:17:00,3.3,3.3,3.25,3.25,275,0,8600.0,CE
2015-09-07 13:18:00,3.3,3.3,3.25,3.25,425,0,8600.0,CE
2015-09-07 13:19:00,3.25,3.3,3.25,3.3,1600,0,8600.0,CE
2015-09-07 13:20:00,3.3,3.3,3.3,3.3,1725,0,8600.0,CE
2015-09-07 13:21:00,3.3,3.35,3.3,3.35,2225,0,8600.0,CE
2015-09-07 13:22:00,3.3,3.3,3.3,3.3,475,0,8600.0,CE
2015-09-07 13:23:00,3.3,3.3,3.3,3.3,425,0,8600.0,CE
2015-09-07 13:24:00,3.3,3.3,3.3,3.3,100,0,8600.0,CE
2015-09-07 13:25:00,3.3,3.3,3.3,3.3,350,0,8600.0,CE
2015-09-07 13:26:00,3.3,3.3,3.3,3.3,25,0,8600.0,CE
2015-09-07 13:27:00,3.35,3.35,3.35,3.35,150,0,8600.0,CE
2015-09-07 13:28:00,3.35,3.35,3.3,3.3,600,0,8600.0,CE
2015-09-07 13:29:00,3.3,3.35,3.3,3.35,1050,0,8600.0,CE
2015-09-07 13:30:00,3.3,3.3,3.3,3.3,800,0,8600.0,CE
2015-09-07 13:31:00,3.3,3.3,3.25,3.3,125,0,8600.0,CE
2015-09-07 13:32:00,3.3,3.3,3.25,3.25,300,0,8600.0,CE
2015-09-07 13:33:00,3.25,3.3,3.25,3.25,1325,0,8600.0,CE
2015-09-07 13:34:00,3.25,3.35,3.25,3.3,4775,0,8600.0,CE
2015-09-07 13:35:00,3.35,3.35,3.3,3.3,1325,0,8600.0,CE
2015-09-07 13:36:00,3.3,3.3,3.3,3.3,100,0,8600.0,CE
2015-09-07 13:37:00,3.35,3.35,3.35,3.35,5025,0,8600.0,CE
2015-09-07 13:38:00,3.35,3.4,3.35,3.4,2675,0,8600.0,CE
2015-09-07 13:40:00,3.4,3.4,3.4,3.4,2175,0,8600.0,CE
2015-09-07 13:41:00,3.4,3.4,3.35,3.35,1350,0,8600.0,CE
2015-09-07 13:42:00,3.35,3.35,3.3,3.3,275,0,8600.0,CE
2015-09-07 13:43:00,3.3,3.3,3.3,3.3,4525,0,8600.0,CE
2015-09-07 13:44:00,3.35,3.35,3.35,3.35,125,0,8600.0,CE
2015-09-07 13:46:00,3.35,3.35,3.35,3.35,475,0,8600.0,CE
2015-09-07 13:47:00,3.35,3.35,3.35,3.35,125,0,8600.0,CE
2015-09-07 13:48:00,3.35,3.35,3.35,3.35,25,0,8600.0,CE
2015-09-07 13:50:00,3.35,3.35,3.35,3.35,1025,0,8600.0,CE
2015-09-07 13:51:00,3.4,3.4,3.35,3.4,1700,0,8600.0,CE
2015-09-07 13:53:00,3.4,3.4,3.4,3.4,525,0,8600.0,CE
2015-09-07 13:55:00,3.35,3.4,3.35,3.35,4025,0,8600.0,CE
2015-09-07 13:56:00,3.35,3.35,3.35,3.35,425,0,8600.0,CE
2015-09-07 13:57:00,3.4,3.4,3.35,3.35,850,0,8600.0,CE
2015-09-07 13:58:00,3.4,3.4,3.4,3.4,100,0,8600.0,CE
2015-09-07 13:59:00,3.4,3.4,3.35,3.35,1475,0,8600.0,CE
2015-09-07 14:00:00,3.35,3.35,3.3,3.3,1100,0,8600.0,CE
2015-09-07 14:01:00,3.3,3.3,3.3,3.3,250,0,8600.0,CE
2015-09-07 14:02:00,3.3,3.35,3.3,3.3,225,0,8600.0,CE
2015-09-07 14:03:00,3.3,3.35,3.3,3.3,1675,0,8600.0,CE
2015-09-07 14:04:00,3.3,3.3,3.25,3.3,450,0,8600.0,CE
2015-09-07 14:05:00,3.3,3.35,3.3,3.3,1050,0,8600.0,CE
2015-09-07 14:06:00,3.35,3.35,3.35,3.35,175,0,8600.0,CE
2015-09-07 14:07:00,3.35,3.35,3.25,3.25,1300,0,8600.0,CE
2015-09-07 14:08:00,3.25,3.25,3.25,3.25,175,0,8600.0,CE
2015-09-07 14:09:00,3.3,3.3,3.3,3.3,50,0,8600.0,CE
2015-09-07 14:10:00,3.3,3.3,3.3,3.3,350,0,8600.0,CE
2015-09-07 14:11:00,3.25,3.3,3.2,3.2,1075,0,8600.0,CE
2015-09-07 14:12:00,3.3,3.3,3.2,3.2,225,0,8600.0,CE
2015-09-07 14:13:00,3.2,3.25,3.2,3.2,2475,0,8600.0,CE
2015-09-07 14:14:00,3.2,3.2,3.15,3.15,4300,0,8600.0,CE
2015-09-07 14:15:00,3.25,3.25,3.2,3.25,1275,0,8600.0,CE
2015-09-07 14:17:00,3.25,3.25,3.25,3.25,2600,0,8600.0,CE
2015-09-07 14:18:00,3.2,3.2,3.2,3.2,50,0,8600.0,CE
2015-09-07 14:19:00,3.2,3.2,3.2,3.2,75,0,8600.0,CE
2015-09-07 14:20:00,3.2,3.2,3.2,3.2,500,0,8600.0,CE
2015-09-07 14:21:00,3.2,3.25,3.2,3.2,800,0,8600.0,CE
2015-09-07 14:22:00,3.2,3.2,3.15,3.15,4925,0,8600.0,CE
2015-09-07 14:23:00,3.2,3.2,3.15,3.2,2025,0,8600.0,CE
2015-09-07 14:24:00,3.2,3.2,3.15,3.15,2775,0,8600.0,CE
2015-09-07 14:25:00,3.15,3.2,3.15,3.2,7275,0,8600.0,CE
2015-09-07 14:26:00,3.15,3.2,3.15,3.15,4500,0,8600.0,CE
2015-09-07 14:27:00,3.15,3.2,3.1,3.15,2375,0,8600.0,CE
2015-09-07 14:28:00,3.15,3.2,3.15,3.2,1750,0,8600.0,CE
2015-09-07 14:29:00,3.2,3.2,3.15,3.2,5225,0,8600.0,CE
2015-09-07 14:30:00,3.15,3.2,3.15,3.15,3250,0,8600.0,CE
2015-09-07 14:31:00,3.15,3.2,3.15,3.15,2775,0,8600.0,CE
2015-09-07 14:32:00,3.15,3.2,3.15,3.15,5375,0,8600.0,CE
2015-09-07 14:33:00,3.15,3.2,3.15,3.15,4575,0,8600.0,CE
2015-09-07 14:34:00,3.2,3.2,3.1,3.1,12075,0,8600.0,CE
2015-09-07 14:35:00,3.1,3.2,3.1,3.1,18500,0,8600.0,CE
2015-09-07 14:36:00,3.15,3.15,3.1,3.1,2200,0,8600.0,CE
2015-09-07 14:37:00,3.15,3.15,3.1,3.1,2900,0,8600.0,CE
2015-09-07 14:38:00,3.1,3.15,3.1,3.1,3725,0,8600.0,CE
2015-09-07 14:39:00,3.1,3.15,3.1,3.1,500,0,8600.0,CE
2015-09-07 14:40:00,3.1,3.15,3.1,3.1,9675,0,8600.0,CE
2015-09-07 14:41:00,3.1,3.1,3.05,3.05,1850,0,8600.0,CE
2015-09-07 14:42:00,3.1,3.1,3.05,3.1,1275,0,8600.0,CE
2015-09-07 14:43:00,3.05,3.1,3.05,3.1,1650,0,8600.0,CE
2015-09-07 14:44:00,3.05,3.1,3.05,3.05,300,0,8600.0,CE
2015-09-07 14:45:00,3.1,3.1,3.1,3.1,50,0,8600.0,CE
2015-09-07 14:46:00,3.05,3.05,3.05,3.05,525,0,8600.0,CE
2015-09-07 14:47:00,3.05,3.05,3.05,3.05,275,0,8600.0,CE
2015-09-07 14:48:00,3.1,3.1,3.1,3.1,375,0,8600.0,CE
2015-09-07 14:49:00,3.1,3.15,3.05,3.1,9200,0,8600.0,CE
2015-09-07 14:50:00,3.1,3.2,3.1,3.15,4900,0,8600.0,CE
2015-09-07 14:51:00,3.2,3.2,3.15,3.15,525,0,8600.0,CE
2015-09-07 14:53:00,3.15,3.15,3.15,3.15,1025,0,8600.0,CE
2015-09-07 14:54:00,3.15,3.2,3.15,3.2,250,0,8600.0,CE
2015-09-07 14:55:00,3.15,3.2,3.15,3.15,550,0,8600.0,CE
2015-09-07 14:57:00,3.2,3.2,3.15,3.15,1950,0,8600.0,CE
2015-09-07 14:58:00,3.2,3.2,3.15,3.2,6250,0,8600.0,CE
2015-09-07 14:59:00,3.2,3.2,3.15,3.15,1900,0,8600.0,CE
2015-09-07 15:00:00,3.2,3.2,3.15,3.15,150,0,8600.0,CE
2015-09-07 15:01:00,3.15,3.2,3.15,3.2,650,0,8600.0,CE
2015-09-07 15:02:00,3.2,3.2,3.2,3.2,725,0,8600.0,CE
2015-09-07 15:03:00,3.2,3.2,3.2,3.2,2975,0,8600.0,CE
2015-09-07 15:04:00,3.2,3.25,3.2,3.25,5775,0,8600.0,CE
2015-09-07 15:05:00,3.25,3.25,3.15,3.2,10500,0,8600.0,CE
2015-09-07 15:06:00,3.2,3.2,3.2,3.2,3700,0,8600.0,CE
2015-09-07 15:07:00,3.2,3.25,3.2,3.2,6525,0,8600.0,CE
2015-09-07 15:08:00,3.2,3.25,3.15,3.2,16600,0,8600.0,CE
2015-09-07 15:09:00,3.2,3.2,3.15,3.15,4175,0,8600.0,CE
2015-09-07 15:10:00,3.15,3.2,3.15,3.15,2325,0,8600.0,CE
2015-09-07 15:11:00,3.15,3.2,3.1,3.1,650,0,8600.0,CE
2015-09-07 15:12:00,3.1,3.2,3.1,3.15,1100,0,8600.0,CE
2015-09-07 15:13:00,3.2,3.25,3.2,3.2,3050,0,8600.0,CE
2015-09-07 15:14:00,3.25,3.25,3.25,3.25,675,0,8600.0,CE
2015-09-07 15:15:00,3.3,3.3,3.25,3.25,475,0,8600.0,CE
2015-09-07 15:16:00,3.25,3.25,3.2,3.2,950,0,8600.0,CE
2015-09-07 15:17:00,3.25,3.25,3.2,3.25,400,0,8600.0,CE
2015-09-07 15:18:00,3.2,3.25,3.2,3.25,1150,0,8600.0,CE
2015-09-07 15:19:00,3.25,3.3,3.25,3.3,475,0,8600.0,CE
2015-09-07 15:20:00,3.3,3.3,3.25,3.25,350,0,8600.0,CE
2015-09-07 15:21:00,3.25,3.3,3.25,3.25,825,0,8600.0,CE
2015-09-07 15:22:00,3.25,3.3,3.25,3.3,500,0,8600.0,CE
2015-09-07 15:23:00,3.3,3.35,3.15,3.2,13075,0,8600.0,CE
2015-09-07 15:24:00,3.2,3.2,3.15,3.2,5775,0,8600.0,CE
2015-09-07 15:25:00,3.15,3.2,3.15,3.15,10875,0,8600.0,CE
2015-09-07 15:26:00,3.15,3.15,3.1,3.1,50775,0,8600.0,CE
2015-09-07 15:27:00,3.15,3.15,3.1,3.15,14125,0,8600.0,CE
2015-09-07 15:28:00,3.1,3.15,3.05,3.1,9850,0,8600.0,CE
2015-09-07 15:29:00,3.15,3.25,3.15,3.2,7050,0,8600.0,CE
2015-09-08 09:15:00,4.0,4.0,2.65,3.2,5625,0,8600.0,CE
2015-09-08 09:16:00,3.2,3.2,3.05,3.1,8675,0,8600.0,CE
2015-09-08 09:17:00,3.1,3.15,2.9,3.1,4525,0,8600.0,CE
2015-09-08 09:18:00,3.1,3.25,3.1,3.25,1975,0,8600.0,CE
2015-09-08 09:19:00,3.25,3.3,3.15,3.3,2400,0,8600.0,CE
2015-09-08 09:20:00,3.3,3.3,3.2,3.25,1250,0,8600.0,CE
2015-09-08 09:21:00,3.3,3.35,3.25,3.3,1500,0,8600.0,CE
2015-09-08 09:22:00,3.25,3.3,3.2,3.2,2800,0,8600.0,CE
2015-09-08 09:23:00,3.2,3.3,3.2,3.3,1300,0,8600.0,CE
2015-09-08 09:24:00,3.25,3.3,3.25,3.25,2025,0,8600.0,CE
2015-09-08 09:25:00,3.3,3.3,3.25,3.25,3525,0,8600.0,CE
2015-09-08 09:26:00,3.25,3.25,3.2,3.25,3125,0,8600.0,CE
2015-09-08 09:27:00,3.25,3.25,3.25,3.25,2550,0,8600.0,CE
2015-09-08 09:28:00,3.25,3.25,3.2,3.2,2025,0,8600.0,CE
2015-09-08 09:29:00,3.2,3.2,3.2,3.2,2625,0,8600.0,CE
2015-09-08 09:30:00,3.15,3.2,3.15,3.2,1075,0,8600.0,CE
2015-09-08 09:31:00,3.15,3.2,3.15,3.2,475,0,8600.0,CE
2015-09-08 09:32:00,3.2,3.2,3.2,3.2,25,0,8600.0,CE
2015-09-08 09:33:00,3.15,3.15,3.15,3.15,950,0,8600.0,CE
2015-09-08 09:34:00,3.2,3.2,3.15,3.15,425,0,8600.0,CE
2015-09-08 09:35:00,3.2,3.2,3.2,3.2,1900,0,8600.0,CE
2015-09-08 09:36:00,3.15,3.15,3.15,3.15,2125,0,8600.0,CE
2015-09-08 09:37:00,3.2,3.2,3.15,3.15,400,0,8600.0,CE
2015-09-08 09:38:00,3.15,3.2,3.15,3.2,225,0,8600.0,CE
2015-09-08 09:39:00,3.2,3.2,3.2,3.2,275,0,8600.0,CE
2015-09-08 09:40:00,3.15,3.2,3.15,3.2,1025,0,8600.0,CE
2015-09-08 09:41:00,3.2,3.25,3.2,3.25,5475,0,8600.0,CE
2015-09-08 09:42:00,3.25,3.25,3.2,3.2,1200,0,8600.0,CE
2015-09-08 09:43:00,3.25,3.25,3.25,3.25,5300,0,8600.0,CE
2015-09-08 09:44:00,3.25,3.25,3.2,3.2,250,0,8600.0,CE
2015-09-08 09:45:00,3.2,3.25,3.2,3.25,2925,0,8600.0,CE
2015-09-08 09:46:00,3.25,3.3,3.2,3.25,5450,0,8600.0,CE
2015-09-08 09:47:00,3.3,3.35,3.3,3.3,4150,0,8600.0,CE
2015-09-08 09:48:00,3.3,3.3,3.3,3.3,2025,0,8600.0,CE
2015-09-08 09:49:00,3.3,3.35,3.3,3.35,375,0,8600.0,CE
2015-09-08 09:50:00,3.35,3.35,3.3,3.35,3875,0,8600.0,CE
2015-09-08 09:51:00,3.35,3.35,3.3,3.3,825,0,8600.0,CE
2015-09-08 09:52:00,3.35,3.35,3.3,3.35,800,0,8600.0,CE
2015-09-08 09:53:00,3.3,3.3,3.3,3.3,100,0,8600.0,CE
2015-09-08 09:54:00,3.3,3.35,3.3,3.35,125,0,8600.0,CE
2015-09-08 09:55:00,3.3,3.35,3.3,3.3,1025,0,8600.0,CE
2015-09-08 09:56:00,3.3,3.3,3.25,3.3,1025,0,8600.0,CE
2015-09-08 09:58:00,3.25,3.3,3.25,3.25,1875,0,8600.0,CE
2015-09-08 09:59:00,3.3,3.3,3.25,3.25,525,0,8600.0,CE
2015-09-08 10:00:00,3.25,3.3,3.25,3.25,475,0,8600.0,CE
2015-09-08 10:01:00,3.3,3.3,3.25,3.25,725,0,8600.0,CE
2015-09-08 10:02:00,3.25,3.25,3.2,3.2,325,0,8600.0,CE
2015-09-08 10:03:00,3.15,3.15,3.15,3.15,825,0,8600.0,CE
2015-09-08 10:04:00,3.15,3.2,3.1,3.2,3550,0,8600.0,CE
2015-09-08 10:05:00,3.2,3.2,3.2,3.2,1350,0,8600.0,CE
2015-09-08 10:06:00,3.25,3.25,3.2,3.2,1650,0,8600.0,CE
2015-09-08 10:07:00,3.2,3.2,3.2,3.2,1000,0,8600.0,CE
2015-09-08 10:08:00,3.15,3.15,3.15,3.15,75,0,8600.0,CE
2015-09-08 10:09:00,3.15,3.15,3.15,3.15,675,0,8600.0,CE
2015-09-08 10:10:00,3.15,3.2,3.15,3.2,3200,0,8600.0,CE
2015-09-08 10:11:00,3.25,3.25,3.2,3.2,675,0,8600.0,CE
2015-09-08 10:12:00,3.2,3.2,3.15,3.15,200,0,8600.0,CE
2015-09-08 10:13:00,3.15,3.15,3.15,3.15,125,0,8600.0,CE
2015-09-08 10:14:00,3.15,3.15,3.15,3.15,2350,0,8600.0,CE
2015-09-08 10:16:00,3.1,3.1,3.1,3.1,100,0,8600.0,CE
2015-09-08 10:17:00,3.15,3.15,3.1,3.1,1050,0,8600.0,CE
2015-09-08 10:18:00,3.1,3.1,3.1,3.1,400,0,8600.0,CE
2015-09-08 10:19:00,3.1,3.15,3.1,3.15,1375,0,8600.0,CE
2015-09-08 10:20:00,3.1,3.15,3.1,3.15,825,0,8600.0,CE
2015-09-08 10:21:00,3.15,3.15,3.1,3.15,975,0,8600.0,CE
2015-09-08 10:22:00,3.1,3.15,3.1,3.15,725,0,8600.0,CE
2015-09-08 10:23:00,3.15,3.15,3.15,3.15,2050,0,8600.0,CE
2015-09-08 10:24:00,3.15,3.2,3.15,3.2,2000,0,8600.0,CE
2015-09-08 10:25:00,3.2,3.2,3.2,3.2,350,0,8600.0,CE
2015-09-08 10:26:00,3.2,3.2,3.2,3.2,550,0,8600.0,CE
2015-09-08 10:27:00,3.2,3.25,3.2,3.25,1825,0,8600.0,CE
2015-09-08 10:28:00,3.2,3.25,3.2,3.25,1475,0,8600.0,CE
2015-09-08 10:29:00,3.25,3.25,3.25,3.25,1800,0,8600.0,CE
2015-09-08 10:30:00,3.2,3.25,3.2,3.25,525,0,8600.0,CE
2015-09-08 10:31:00,3.25,3.25,3.2,3.25,375,0,8600.0,CE
2015-09-08 10:32:00,3.2,3.25,3.2,3.25,1925,0,8600.0,CE
2015-09-08 10:33:00,3.25,3.25,3.25,3.25,3700,0,8600.0,CE
2015-09-08 10:34:00,3.25,3.25,3.25,3.25,750,0,8600.0,CE
2015-09-08 10:35:00,3.25,3.25,3.25,3.25,350,0,8600.0,CE
2015-09-08 10:36:00,3.2,3.25,3.2,3.25,350,0,8600.0,CE
2015-09-08 10:37:00,3.3,3.3,3.25,3.3,875,0,8600.0,CE
2015-09-08 10:38:00,3.3,3.3,3.25,3.25,1350,0,8600.0,CE
2015-09-08 10:40:00,3.3,3.3,3.3,3.3,175,0,8600.0,CE
2015-09-08 10:41:00,3.25,3.25,3.25,3.25,75,0,8600.0,CE
2015-09-08 10:42:00,3.25,3.25,3.25,3.25,100,0,8600.0,CE
2015-09-08 10:43:00,3.2,3.2,3.2,3.2,300,0,8600.0,CE
2015-09-08 10:44:00,3.2,3.2,3.2,3.2,225,0,8600.0,CE
2015-09-08 10:46:00,3.25,3.25,3.25,3.25,500,0,8600.0,CE
2015-09-08 10:47:00,3.25,3.25,3.15,3.15,4400,0,8600.0,CE
2015-09-08 10:48:00,3.2,3.25,3.2,3.25,175,0,8600.0,CE
2015-09-08 10:49:00,3.25,3.25,3.25,3.25,50,0,8600.0,CE
2015-09-08 10:52:00,3.2,3.25,3.2,3.2,225,0,8600.0,CE
2015-09-08 10:54:00,3.2,3.25,3.2,3.25,1100,0,8600.0,CE
2015-09-08 10:55:00,3.25,3.25,3.2,3.25,1550,0,8600.0,CE
2015-09-08 10:56:00,3.25,3.25,3.2,3.25,4275,0,8600.0,CE
2015-09-08 10:57:00,3.2,3.25,3.2,3.25,4525,0,8600.0,CE
2015-09-08 10:58:00,3.2,3.2,3.2,3.2,1925,0,8600.0,CE
2015-09-08 10:59:00,3.2,3.2,3.2,3.2,625,0,8600.0,CE
2015-09-08 11:00:00,3.2,3.2,3.2,3.2,425,0,8600.0,CE
2015-09-08 11:01:00,3.25,3.25,3.2,3.25,725,0,8600.0,CE
2015-09-08 11:02:00,3.25,3.25,3.2,3.2,1400,0,8600.0,CE
2015-09-08 11:03:00,3.2,3.2,3.15,3.2,7375,0,8600.0,CE
2015-09-08 11:04:00,3.15,3.2,3.15,3.15,3825,0,8600.0,CE
2015-09-08 11:05:00,3.1,3.15,3.1,3.15,500,0,8600.0,CE
2015-09-08 11:06:00,3.15,3.2,3.15,3.2,1250,0,8600.0,CE
2015-09-08 11:07:00,3.15,3.15,3.15,3.15,125,0,8600.0,CE
2015-09-08 11:08:00,3.2,3.2,3.15,3.15,725,0,8600.0,CE
2015-09-08 11:09:00,3.2,3.2,3.15,3.15,100,0,8600.0,CE
2015-09-08 11:11:00,3.15,3.2,3.15,3.2,675,0,8600.0,CE
2015-09-08 11:13:00,3.15,3.15,3.15,3.15,200,0,8600.0,CE
2015-09-08 11:14:00,3.1,3.1,3.1,3.1,50,0,8600.0,CE
2015-09-08 11:15:00,3.1,3.1,3.1,3.1,25,0,8600.0,CE
2015-09-08 11:16:00,3.1,3.1,3.1,3.1,225,0,8600.0,CE
2015-09-08 11:17:00,3.1,3.15,3.1,3.15,1275,0,8600.0,CE
2015-09-08 11:18:00,3.15,3.15,3.15,3.15,1575,0,8600.0,CE
2015-09-08 11:20:00,3.15,3.15,3.15,3.15,75,0,8600.0,CE
2015-09-08 11:21:00,3.1,3.15,3.1,3.1,200,0,8600.0,CE
2015-09-08 11:22:00,3.1,3.2,3.1,3.2,2600,0,8600.0,CE
2015-09-08 11:23:00,3.2,3.2,3.15,3.15,950,0,8600.0,CE
2015-09-08 11:24:00,3.2,3.2,3.2,3.2,450,0,8600.0,CE
2015-09-08 11:25:00,3.1,3.1,3.1,3.1,200,0,8600.0,CE
2015-09-08 11:26:00,3.2,3.2,3.2,3.2,75,0,8600.0,CE
2015-09-08 11:28:00,3.15,3.15,3.15,3.15,100,0,8600.0,CE
2015-09-08 11:29:00,3.1,3.15,3.1,3.15,425,0,8600.0,CE
2015-09-08 11:30:00,3.15,3.15,3.15,3.15,1700,0,8600.0,CE
2015-09-08 11:31:00,3.15,3.15,3.15,3.15,100,0,8600.0,CE
2015-09-08 11:32:00,3.15,3.15,3.15,3.15,1500,0,8600.0,CE
2015-09-08 11:33:00,3.15,3.15,3.15,3.15,500,0,8600.0,CE
2015-09-08 11:34:00,3.15,3.15,3.15,3.15,325,0,8600.0,CE
2015-09-08 11:35:00,3.15,3.15,3.15,3.15,675,0,8600.0,CE
2015-09-08 11:36:00,3.2,3.2,3.2,3.2,5975,0,8600.0,CE
2015-09-08 11:37:00,3.15,3.15,3.15,3.15,75,0,8600.0,CE
2015-09-08 11:38:00,3.15,3.2,3.15,3.2,1475,0,8600.0,CE
2015-09-08 11:39:00,3.15,3.2,3.15,3.2,500,0,8600.0,CE
2015-09-08 11:40:00,3.2,3.25,3.15,3.25,400,0,8600.0,CE
2015-09-08 11:41:00,3.2,3.2,3.15,3.2,1975,0,8600.0,CE
2015-09-08 11:42:00,3.2,3.25,3.2,3.2,1050,0,8600.0,CE
2015-09-08 11:43:00,3.2,3.25,3.2,3.2,1600,0,8600.0,CE
2015-09-08 11:45:00,3.25,3.25,3.25,3.25,450,0,8600.0,CE
2015-09-08 11:46:00,3.2,3.2,3.2,3.2,25,0,8600.0,CE
2015-09-08 11:47:00,3.25,3.25,3.25,3.25,425,0,8600.0,CE
2015-09-08 11:48:00,3.25,3.25,3.2,3.2,300,0,8600.0,CE
2015-09-08 11:49:00,3.25,3.25,3.2,3.25,225,0,8600.0,CE
2015-09-08 11:50:00,3.25,3.25,3.2,3.25,1450,0,8600.0,CE
2015-09-08 11:51:00,3.3,3.3,3.25,3.25,1475,0,8600.0,CE
2015-09-08 11:52:00,3.3,3.35,3.25,3.3,5625,0,8600.0,CE
2015-09-08 11:53:00,3.35,3.45,3.35,3.4,6575,0,8600.0,CE
2015-09-08 11:54:00,3.4,3.45,3.35,3.45,1750,0,8600.0,CE
2015-09-08 11:55:00,3.4,3.4,3.4,3.4,1025,0,8600.0,CE
2015-09-08 11:56:00,3.4,3.4,3.4,3.4,150,0,8600.0,CE
2015-09-08 11:58:00,3.35,3.35,3.35,3.35,1050,0,8600.0,CE
2015-09-08 11:59:00,3.45,3.45,3.4,3.4,1600,0,8600.0,CE
2015-09-08 12:00:00,3.4,3.45,3.4,3.45,175,0,8600.0,CE
2015-09-08 12:01:00,3.5,3.5,3.45,3.5,425,0,8600.0,CE
2015-09-08 12:02:00,3.5,3.5,3.45,3.5,1850,0,8600.0,CE
2015-09-08 12:03:00,3.5,3.5,3.45,3.45,800,0,8600.0,CE
2015-09-08 12:04:00,3.5,3.5,3.5,3.5,600,0,8600.0,CE
2015-09-08 12:05:00,3.5,3.5,3.45,3.45,350,0,8600.0,CE
2015-09-08 12:06:00,3.45,3.45,3.35,3.35,1000,0,8600.0,CE
2015-09-08 12:07:00,3.4,3.4,3.35,3.4,1775,0,8600.0,CE
2015-09-08 12:08:00,3.4,3.4,3.4,3.4,775,0,8600.0,CE
2015-09-08 12:09:00,3.35,3.4,3.35,3.35,175,0,8600.0,CE
2015-09-08 12:10:00,3.4,3.45,3.35,3.45,2275,0,8600.0,CE
2015-09-08 12:11:00,3.45,3.45,3.4,3.4,2125,0,8600.0,CE
2015-09-08 12:12:00,3.45,3.45,3.45,3.45,500,0,8600.0,CE
2015-09-08 12:13:00,3.4,3.45,3.4,3.45,625,0,8600.0,CE
2015-09-08 12:14:00,3.45,3.5,3.45,3.45,3525,0,8600.0,CE
2015-09-08 12:15:00,3.45,3.5,3.45,3.5,1650,0,8600.0,CE
2015-09-08 12:16:00,3.5,3.5,3.5,3.5,1175,0,8600.0,CE
2015-09-08 12:17:00,3.45,3.5,3.45,3.5,275,0,8600.0,CE
2015-09-08 12:18:00,3.45,3.45,3.45,3.45,50,0,8600.0,CE
2015-09-08 12:19:00,3.5,3.5,3.45,3.45,850,0,8600.0,CE
2015-09-08 12:20:00,3.5,3.5,3.4,3.4,3050,0,8600.0,CE
2015-09-08 12:22:00,3.45,3.5,3.45,3.5,5875,0,8600.0,CE
2015-09-08 12:23:00,3.5,3.5,3.5,3.5,650,0,8600.0,CE
2015-09-08 12:24:00,3.55,3.55,3.5,3.5,50,0,8600.0,CE
2015-09-08 12:25:00,3.55,3.55,3.5,3.5,2300,0,8600.0,CE
2015-09-08 12:26:00,3.5,3.55,3.5,3.5,425,0,8600.0,CE
2015-09-08 12:27:00,3.5,3.5,3.5,3.5,175,0,8600.0,CE
2015-09-08 12:28:00,3.45,3.45,3.45,3.45,50,0,8600.0,CE
2015-09-08 12:29:00,3.5,3.5,3.5,3.5,200,0,8600.0,CE
2015-09-08 12:30:00,3.45,3.45,3.45,3.45,50,0,8600.0,CE
2015-09-08 12:31:00,3.45,3.45,3.4,3.4,9375,0,8600.0,CE
2015-09-08 12:32:00,3.45,3.45,3.45,3.45,50,0,8600.0,CE
2015-09-08 12:33:00,3.45,3.45,3.4,3.45,1150,0,8600.0,CE
2015-09-08 12:34:00,3.4,3.45,3.4,3.45,3750,0,8600.0,CE
2015-09-08 12:36:00,3.45,3.45,3.4,3.4,925,0,8600.0,CE
2015-09-08 12:37:00,3.4,3.4,3.4,3.4,125,0,8600.0,CE
2015-09-08 12:38:00,3.4,3.5,3.4,3.45,175,0,8600.0,CE
2015-09-08 12:39:00,3.45,3.45,3.4,3.45,550,0,8600.0,CE
2015-09-08 12:40:00,3.45,3.45,3.4,3.4,175,0,8600.0,CE
2015-09-08 12:41:00,3.4,3.4,3.4,3.4,175,0,8600.0,CE
2015-09-08 12:42:00,3.4,3.45,3.4,3.45,2250,0,8600.0,CE
2015-09-08 12:43:00,3.45,3.45,3.4,3.4,500,0,8600.0,CE
2015-09-08 12:44:00,3.4,3.4,3.4,3.4,475,0,8600.0,CE
2015-09-08 12:45:00,3.4,3.4,3.4,3.4,275,0,8600.0,CE
2015-09-08 12:46:00,3.4,3.45,3.4,3.45,200,0,8600.0,CE
2015-09-08 12:47:00,3.5,3.5,3.4,3.45,1425,0,8600.0,CE
2015-09-08 12:48:00,3.5,3.5,3.5,3.5,25,0,8600.0,CE
2015-09-08 12:49:00,3.45,3.45,3.45,3.45,1175,0,8600.0,CE
2015-09-08 12:50:00,3.45,3.45,3.45,3.45,625,0,8600.0,CE
2015-09-08 12:51:00,3.4,3.45,3.4,3.45,925,0,8600.0,CE
2015-09-08 12:52:00,3.45,3.45,3.45,3.45,1500,0,8600.0,CE
2015-09-08 12:53:00,3.45,3.5,3.45,3.45,1350,0,8600.0,CE
2015-09-08 12:54:00,3.5,3.5,3.45,3.5,325,0,8600.0,CE
2015-09-08 12:55:00,3.5,3.5,3.4,3.5,1325,0,8600.0,CE
2015-09-08 12:56:00,3.5,3.5,3.45,3.5,350,0,8600.0,CE
2015-09-08 12:57:00,3.45,3.5,3.45,3.5,1275,0,8600.0,CE
2015-09-08 12:58:00,3.45,3.45,3.45,3.45,75,0,8600.0,CE
2015-09-08 12:59:00,3.45,3.5,3.45,3.45,2700,0,8600.0,CE
2015-09-08 13:00:00,3.5,3.5,3.45,3.45,600,0,8600.0,CE
2015-09-08 13:01:00,3.45,3.5,3.45,3.5,1000,0,8600.0,CE
2015-09-08 13:02:00,3.5,3.6,3.5,3.6,1425,0,8600.0,CE
2015-09-08 13:03:00,3.55,3.55,3.55,3.55,125,0,8600.0,CE
2015-09-08 13:04:00,3.55,3.6,3.55,3.55,1700,0,8600.0,CE
2015-09-08 13:05:00,3.6,3.65,3.6,3.65,3400,0,8600.0,CE
2015-09-08 13:06:00,3.65,3.7,3.6,3.65,6475,0,8600.0,CE
2015-09-08 13:07:00,3.65,3.75,3.65,3.75,4300,0,8600.0,CE
2015-09-08 13:08:00,3.7,3.7,3.65,3.65,8100,0,8600.0,CE
2015-09-08 13:09:00,3.7,3.7,3.6,3.6,1475,0,8600.0,CE
2015-09-08 13:10:00,3.6,3.6,3.6,3.6,625,0,8600.0,CE
2015-09-08 13:11:00,3.6,3.6,3.6,3.6,75,0,8600.0,CE
2015-09-08 13:12:00,3.55,3.55,3.55,3.55,3250,0,8600.0,CE
2015-09-08 13:13:00,3.6,3.6,3.55,3.55,1525,0,8600.0,CE
2015-09-08 13:14:00,3.5,3.6,3.5,3.55,175,0,8600.0,CE
2015-09-08 13:15:00,3.55,3.55,3.45,3.45,11275,0,8600.0,CE
2015-09-08 13:16:00,3.45,3.45,3.4,3.4,200,0,8600.0,CE
2015-09-08 13:17:00,3.4,3.45,3.35,3.4,1875,0,8600.0,CE
2015-09-08 13:18:00,3.45,3.45,3.4,3.4,700,0,8600.0,CE
2015-09-08 13:19:00,3.4,3.45,3.4,3.4,1825,0,8600.0,CE
2015-09-08 13:20:00,3.4,3.4,3.35,3.4,1225,0,8600.0,CE
2015-09-08 13:21:00,3.4,3.45,3.4,3.45,325,0,8600.0,CE
2015-09-08 13:23:00,3.4,3.4,3.4,3.4,400,0,8600.0,CE
2015-09-08 13:24:00,3.4,3.45,3.4,3.4,1950,0,8600.0,CE
2015-09-08 13:26:00,3.4,3.4,3.4,3.4,50,0,8600.0,CE
2015-09-08 13:27:00,3.35,3.4,3.35,3.4,475,0,8600.0,CE
2015-09-08 13:28:00,3.4,3.4,3.35,3.35,350,0,8600.0,CE
2015-09-08 13:29:00,3.35,3.35,3.3,3.3,75,0,8600.0,CE
2015-09-08 13:30:00,3.35,3.35,3.35,3.35,25,0,8600.0,CE
2015-09-08 13:31:00,3.4,3.45,3.35,3.45,3000,0,8600.0,CE
2015-09-08 13:32:00,3.4,3.45,3.4,3.45,325,0,8600.0,CE
2015-09-08 13:33:00,3.45,3.5,3.45,3.45,1200,0,8600.0,CE
2015-09-08 13:34:00,3.45,3.45,3.45,3.45,200,0,8600.0,CE
2015-09-08 13:35:00,3.45,3.45,3.4,3.4,75,0,8600.0,CE
2015-09-08 13:36:00,3.4,3.45,3.4,3.4,500,0,8600.0,CE
2015-09-08 13:37:00,3.4,3.45,3.4,3.4,2375,0,8600.0,CE
2015-09-08 13:38:00,3.35,3.4,3.35,3.35,750,0,8600.0,CE
2015-09-08 13:39:00,3.35,3.35,3.35,3.35,100,0,8600.0,CE
2015-09-08 13:40:00,3.35,3.4,3.3,3.3,1750,0,8600.0,CE
2015-09-08 13:41:00,3.25,3.3,3.25,3.3,2225,0,8600.0,CE
2015-09-08 13:42:00,3.3,3.3,3.3,3.3,1325,0,8600.0,CE
2015-09-08 13:43:00,3.3,3.3,3.3,3.3,1100,0,8600.0,CE
2015-09-08 13:44:00,3.3,3.3,3.3,3.3,875,0,8600.0,CE
2015-09-08 13:45:00,3.3,3.3,3.3,3.3,1250,0,8600.0,CE
2015-09-08 13:46:00,3.3,3.3,3.3,3.3,1000,0,8600.0,CE
2015-09-08 13:47:00,3.3,3.3,3.3,3.3,200,0,8600.0,CE
2015-09-08 13:48:00,3.3,3.3,3.3,3.3,575,0,8600.0,CE
2015-09-08 13:49:00,3.3,3.3,3.3,3.3,450,0,8600.0,CE
2015-09-08 13:50:00,3.25,3.25,3.25,3.25,75,0,8600.0,CE
2015-09-08 13:51:00,3.3,3.35,3.3,3.35,1500,0,8600.0,CE
2015-09-08 13:53:00,3.35,3.35,3.3,3.3,100,0,8600.0,CE
2015-09-08 13:54:00,3.35,3.35,3.35,3.35,550,0,8600.0,CE
2015-09-08 13:55:00,3.35,3.35,3.3,3.3,3025,0,8600.0,CE
2015-09-08 13:56:00,3.3,3.3,3.25,3.3,3450,0,8600.0,CE
2015-09-08 13:57:00,3.3,3.3,3.3,3.3,575,0,8600.0,CE
2015-09-08 13:58:00,3.3,3.3,3.3,3.3,2100,0,8600.0,CE
2015-09-08 13:59:00,3.3,3.3,3.3,3.3,800,0,8600.0,CE
2015-09-08 14:00:00,3.3,3.35,3.3,3.35,425,0,8600.0,CE
2015-09-08 14:01:00,3.35,3.35,3.3,3.35,4125,0,8600.0,CE
2015-09-08 14:02:00,3.3,3.4,3.3,3.35,4475,0,8600.0,CE
2015-09-08 14:03:00,3.35,3.4,3.35,3.35,2725,0,8600.0,CE
2015-09-08 14:04:00,3.35,3.4,3.35,3.4,175,0,8600.0,CE
2015-09-08 14:05:00,3.4,3.4,3.4,3.4,125,0,8600.0,CE
2015-09-08 14:06:00,3.4,3.4,3.35,3.35,1075,0,8600.0,CE
2015-09-08 14:07:00,3.35,3.4,3.35,3.35,200,0,8600.0,CE
2015-09-08 14:08:00,3.35,3.35,3.35,3.35,25,0,8600.0,CE
2015-09-08 14:09:00,3.35,3.35,3.35,3.35,625,0,8600.0,CE
2015-09-08 14:10:00,3.4,3.4,3.4,3.4,150,0,8600.0,CE
2015-09-08 14:11:00,3.35,3.35,3.35,3.35,100,0,8600.0,CE
2015-09-08 14:12:00,3.35,3.4,3.35,3.4,2575,0,8600.0,CE
2015-09-08 14:13:00,3.4,3.45,3.4,3.45,1775,0,8600.0,CE
2015-09-08 14:14:00,3.45,3.5,3.45,3.5,1425,0,8600.0,CE
2015-09-08 14:15:00,3.45,3.45,3.45,3.45,125,0,8600.0,CE
2015-09-08 14:16:00,3.5,3.5,3.45,3.45,50,0,8600.0,CE
2015-09-08 14:17:00,3.5,3.5,3.45,3.45,875,0,8600.0,CE
2015-09-08 14:18:00,3.5,3.5,3.45,3.5,1275,0,8600.0,CE
2015-09-08 14:19:00,3.5,3.55,3.5,3.5,175,0,8600.0,CE
2015-09-08 14:20:00,3.5,3.5,3.45,3.45,1000,0,8600.0,CE
2015-09-08 14:21:00,3.4,3.45,3.4,3.4,2675,0,8600.0,CE
2015-09-08 14:22:00,3.4,3.45,3.4,3.45,950,0,8600.0,CE
2015-09-08 14:23:00,3.45,3.45,3.45,3.45,2000,0,8600.0,CE
2015-09-08 14:24:00,3.45,3.5,3.4,3.5,6575,0,8600.0,CE
2015-09-08 14:25:00,3.5,3.5,3.45,3.45,900,0,8600.0,CE
2015-09-08 14:26:00,3.5,3.6,3.5,3.5,625,0,8600.0,CE
2015-09-08 14:27:00,3.6,3.6,3.5,3.55,900,0,8600.0,CE
2015-09-08 14:28:00,3.55,3.65,3.55,3.65,2875,0,8600.0,CE
2015-09-08 14:29:00,3.65,3.7,3.65,3.7,3525,0,8600.0,CE
2015-09-08 14:30:00,3.7,3.75,3.6,3.75,7850,0,8600.0,CE
2015-09-08 14:31:00,3.7,3.75,3.65,3.7,2975,0,8600.0,CE
2015-09-08 14:32:00,3.7,3.75,3.65,3.75,9200,0,8600.0,CE
2015-09-08 14:33:00,3.75,3.75,3.65,3.7,5950,0,8600.0,CE
2015-09-08 14:34:00,3.7,3.7,3.65,3.65,1325,0,8600.0,CE
2015-09-08 14:35:00,3.65,3.65,3.55,3.65,9550,0,8600.0,CE
2015-09-08 14:36:00,3.6,3.65,3.55,3.55,800,0,8600.0,CE
2015-09-08 14:37:00,3.55,3.65,3.55,3.6,8925,0,8600.0,CE
2015-09-08 14:38:00,3.65,3.7,3.6,3.65,3675,0,8600.0,CE
2015-09-08 14:39:00,3.65,3.65,3.55,3.6,2075,0,8600.0,CE
2015-09-08 14:40:00,3.65,3.65,3.6,3.6,800,0,8600.0,CE
2015-09-08 14:41:00,3.6,3.65,3.6,3.6,3825,0,8600.0,CE
2015-09-08 14:42:00,3.6,3.6,3.6,3.6,925,0,8600.0,CE
2015-09-08 14:43:00,3.6,3.7,3.6,3.65,2750,0,8600.0,CE
2015-09-08 14:44:00,3.65,3.7,3.6,3.6,4700,0,8600.0,CE
2015-09-08 14:45:00,3.65,3.7,3.65,3.7,2125,0,8600.0,CE
2015-09-08 14:46:00,3.7,3.7,3.65,3.65,2075,0,8600.0,CE
2015-09-08 14:47:00,3.7,3.7,3.7,3.7,1125,0,8600.0,CE
2015-09-08 14:48:00,3.65,3.65,3.65,3.65,1275,0,8600.0,CE
2015-09-08 14:49:00,3.65,3.65,3.6,3.6,1100,0,8600.0,CE
2015-09-08 14:50:00,3.6,3.6,3.55,3.55,950,0,8600.0,CE
2015-09-08 14:51:00,3.55,3.65,3.55,3.65,925,0,8600.0,CE
2015-09-08 14:52:00,3.6,3.65,3.6,3.65,4000,0,8600.0,CE
2015-09-08 14:53:00,3.6,3.65,3.6,3.6,2050,0,8600.0,CE
2015-09-08 14:54:00,3.6,3.65,3.6,3.65,1350,0,8600.0,CE
2015-09-08 14:55:00,3.65,3.65,3.6,3.65,3825,0,8600.0,CE
2015-09-08 14:56:00,3.65,3.65,3.6,3.65,3050,0,8600.0,CE
2015-09-08 14:57:00,3.6,3.65,3.6,3.6,1675,0,8600.0,CE
2015-09-08 14:58:00,3.6,3.65,3.6,3.6,1125,0,8600.0,CE
2015-09-08 14:59:00,3.6,3.65,3.6,3.6,3825,0,8600.0,CE
2015-09-08 15:00:00,3.6,3.65,3.6,3.65,6200,0,8600.0,CE
2015-09-08 15:01:00,3.65,3.65,3.55,3.55,3650,0,8600.0,CE
2015-09-08 15:02:00,3.55,3.55,3.5,3.55,8125,0,8600.0,CE
2015-09-08 15:03:00,3.55,3.55,3.5,3.55,9900,0,8600.0,CE
2015-09-08 15:04:00,3.55,3.55,3.5,3.5,3025,0,8600.0,CE
2015-09-08 15:05:00,3.45,3.5,3.4,3.45,4025,0,8600.0,CE
2015-09-08 15:06:00,3.5,3.5,3.45,3.45,625,0,8600.0,CE
2015-09-08 15:07:00,3.5,3.5,3.5,3.5,675,0,8600.0,CE
2015-09-08 15:08:00,3.45,3.45,3.45,3.45,525,0,8600.0,CE
2015-09-08 15:09:00,3.45,3.45,3.4,3.45,6775,0,8600.0,CE
2015-09-08 15:10:00,3.45,3.45,3.35,3.4,1675,0,8600.0,CE
2015-09-08 15:11:00,3.4,3.45,3.35,3.4,2300,0,8600.0,CE
2015-09-08 15:12:00,3.4,3.4,3.4,3.4,2050,0,8600.0,CE
2015-09-08 15:13:00,3.45,3.45,3.45,3.45,950,0,8600.0,CE
2015-09-08 15:14:00,3.45,3.45,3.45,3.45,1000,0,8600.0,CE
2015-09-08 15:15:00,3.4,3.45,3.35,3.4,3000,0,8600.0,CE
2015-09-08 15:16:00,3.35,3.45,3.35,3.45,1625,0,8600.0,CE
2015-09-08 15:17:00,3.45,3.45,3.45,3.45,100,0,8600.0,CE
2015-09-08 15:18:00,3.4,3.45,3.4,3.45,1050,0,8600.0,CE
2015-09-08 15:19:00,3.45,3.5,3.45,3.5,2500,0,8600.0,CE
2015-09-08 15:20:00,3.55,3.55,3.5,3.55,1175,0,8600.0,CE
2015-09-08 15:21:00,3.55,3.6,3.55,3.6,2575,0,8600.0,CE
2015-09-08 15:22:00,3.6,3.65,3.6,3.6,12050,0,8600.0,CE
2015-09-08 15:23:00,3.65,3.65,3.6,3.6,475,0,8600.0,CE
2015-09-08 15:24:00,3.6,3.7,3.6,3.65,2800,0,8600.0,CE
2015-09-08 15:25:00,3.7,3.7,3.7,3.7,3450,0,8600.0,CE
2015-09-08 15:26:00,3.75,3.9,3.75,3.9,5150,0,8600.0,CE
2015-09-08 15:27:00,3.85,3.85,3.75,3.75,2050,0,8600.0,CE
2015-09-08 15:28:00,3.85,3.9,3.8,3.85,10775,0,8600.0,CE
2015-09-08 15:29:00,3.85,3.85,3.65,3.7,7550,0,8600.0,CE
2015-09-09 09:15:00,5.85,5.85,4.0,4.2,7325,0,8600.0,CE
2015-09-09 09:16:00,4.15,4.3,4.1,4.2,7650,0,8600.0,CE
2015-09-09 09:17:00,4.2,4.25,4.15,4.15,8200,0,8600.0,CE
2015-09-09 09:18:00,4.3,4.3,4.25,4.25,5825,0,8600.0,CE
2015-09-09 09:19:00,4.25,4.35,4.2,4.2,7200,0,8600.0,CE
2015-09-09 09:20:00,4.2,4.25,4.2,4.25,4250,0,8600.0,CE
2015-09-09 09:21:00,4.2,4.25,4.2,4.2,9175,0,8600.0,CE
2015-09-09 09:22:00,4.2,4.2,4.0,4.1,1525,0,8600.0,CE
2015-09-09 09:23:00,4.1,4.1,3.9,3.95,4675,0,8600.0,CE
2015-09-09 09:24:00,3.95,4.05,3.95,4.05,4375,0,8600.0,CE
2015-09-09 09:25:00,4.05,4.05,4.0,4.05,2475,0,8600.0,CE
2015-09-09 09:26:00,4.05,4.05,3.85,3.9,7600,0,8600.0,CE
2015-09-09 09:27:00,3.95,4.0,3.9,4.0,8950,0,8600.0,CE
2015-09-09 09:28:00,3.95,4.0,3.95,4.0,7375,0,8600.0,CE
2015-09-09 09:29:00,4.0,4.0,3.95,4.0,1450,0,8600.0,CE
2015-09-09 09:30:00,3.95,3.95,3.9,3.9,2825,0,8600.0,CE
2015-09-09 09:31:00,3.95,4.0,3.9,3.9,2925,0,8600.0,CE
2015-09-09 09:32:00,3.9,4.0,3.9,3.95,3475,0,8600.0,CE
2015-09-09 09:33:00,4.0,4.0,3.9,3.9,6300,0,8600.0,CE
2015-09-09 09:34:00,3.85,3.9,3.85,3.85,5975,0,8600.0,CE
2015-09-09 09:35:00,3.85,3.9,3.85,3.85,1500,0,8600.0,CE
2015-09-09 09:36:00,3.85,3.9,3.8,3.9,5525,0,8600.0,CE
2015-09-09 09:37:00,3.9,3.95,3.85,3.85,375,0,8600.0,CE
2015-09-09 09:38:00,3.9,3.9,3.85,3.85,300,0,8600.0,CE
2015-09-09 09:39:00,3.9,3.95,3.9,3.9,2100,0,8600.0,CE
2015-09-09 09:40:00,3.95,3.95,3.9,3.9,1175,0,8600.0,CE
2015-09-09 09:41:00,3.95,3.95,3.9,3.9,400,0,8600.0,CE
2015-09-09 09:42:00,3.95,4.0,3.9,3.95,3025,0,8600.0,CE
2015-09-09 09:43:00,3.9,3.95,3.9,3.95,1025,0,8600.0,CE
2015-09-09 09:44:00,3.95,4.0,3.95,4.0,1850,0,8600.0,CE
2015-09-09 09:45:00,4.0,4.0,4.0,4.0,950,0,8600.0,CE
2015-09-09 09:46:00,4.0,4.0,3.95,3.95,1400,0,8600.0,CE
2015-09-09 09:47:00,3.95,3.95,3.9,3.9,500,0,8600.0,CE
2015-09-09 09:48:00,3.9,3.95,3.9,3.9,1675,0,8600.0,CE
2015-09-09 09:49:00,3.95,3.95,3.85,3.9,4050,0,8600.0,CE
2015-09-09 09:50:00,3.9,3.9,3.85,3.9,2900,0,8600.0,CE
2015-09-09 09:51:00,3.85,3.9,3.85,3.9,450,0,8600.0,CE
2015-09-09 09:52:00,3.9,3.9,3.9,3.9,750,0,8600.0,CE
2015-09-09 09:53:00,3.9,3.95,3.85,3.9,1525,0,8600.0,CE
2015-09-09 09:54:00,3.85,3.9,3.85,3.9,175,0,8600.0,CE
2015-09-09 09:55:00,3.85,3.9,3.75,3.75,3325,0,8600.0,CE
2015-09-09 09:56:00,3.9,3.9,3.8,3.85,2375,0,8600.0,CE
2015-09-09 09:57:00,3.85,3.85,3.8,3.8,300,0,8600.0,CE
2015-09-09 09:58:00,3.85,3.85,3.75,3.75,1800,0,8600.0,CE
2015-09-09 09:59:00,3.75,3.75,3.75,3.75,1275,0,8600.0,CE
2015-09-09 10:00:00,3.75,3.75,3.75,3.75,875,0,8600.0,CE
2015-09-09 10:01:00,3.75,3.75,3.75,3.75,3475,0,8600.0,CE
2015-09-09 10:02:00,3.7,3.7,3.7,3.7,600,0,8600.0,CE
2015-09-09 10:03:00,3.75,3.75,3.7,3.75,3075,0,8600.0,CE
2015-09-09 10:04:00,3.75,3.8,3.75,3.75,2175,0,8600.0,CE
2015-09-09 10:05:00,3.8,3.8,3.75,3.75,1350,0,8600.0,CE
2015-09-09 10:06:00,3.8,3.8,3.7,3.75,650,0,8600.0,CE
2015-09-09 10:07:00,3.75,3.75,3.7,3.75,450,0,8600.0,CE
2015-09-09 10:08:00,3.7,3.75,3.7,3.75,975,0,8600.0,CE
2015-09-09 10:09:00,3.8,3.8,3.75,3.75,3225,0,8600.0,CE
2015-09-09 10:10:00,3.75,3.85,3.75,3.75,4875,0,8600.0,CE
2015-09-09 10:11:00,3.75,3.9,3.75,3.9,2050,0,8600.0,CE
2015-09-09 10:12:00,3.9,3.9,3.85,3.9,450,0,8600.0,CE
2015-09-09 10:13:00,3.9,3.9,3.85,3.85,1075,0,8600.0,CE
2015-09-09 10:14:00,3.85,3.85,3.85,3.85,1800,0,8600.0,CE
2015-09-09 10:15:00,3.85,3.9,3.8,3.9,350,0,8600.0,CE
2015-09-09 10:16:00,3.9,3.9,3.9,3.9,575,0,8600.0,CE
2015-09-09 10:17:00,3.9,3.9,3.85,3.85,700,0,8600.0,CE
2015-09-09 10:18:00,3.8,3.8,3.75,3.75,1600,0,8600.0,CE
2015-09-09 10:19:00,3.75,3.75,3.75,3.75,150,0,8600.0,CE
2015-09-09 10:20:00,3.75,3.75,3.75,3.75,225,0,8600.0,CE
2015-09-09 10:21:00,3.8,3.8,3.75,3.75,425,0,8600.0,CE
2015-09-09 10:22:00,3.7,3.75,3.7,3.75,475,0,8600.0,CE
2015-09-09 10:23:00,3.7,3.7,3.7,3.7,1550,0,8600.0,CE
2015-09-09 10:24:00,3.65,3.7,3.65,3.65,500,0,8600.0,CE
2015-09-09 10:25:00,3.6,3.7,3.6,3.7,1375,0,8600.0,CE
2015-09-09 10:26:00,3.7,3.7,3.65,3.7,1600,0,8600.0,CE
2015-09-09 10:27:00,3.7,3.7,3.65,3.65,400,0,8600.0,CE
2015-09-09 10:28:00,3.65,3.7,3.65,3.7,1525,0,8600.0,CE
2015-09-09 10:29:00,3.7,3.7,3.65,3.65,1050,0,8600.0,CE
2015-09-09 10:30:00,3.65,3.65,3.65,3.65,150,0,8600.0,CE
2015-09-09 10:31:00,3.6,3.65,3.6,3.65,150,0,8600.0,CE
2015-09-09 10:32:00,3.65,3.7,3.65,3.7,1350,0,8600.0,CE
2015-09-09 10:33:00,3.7,3.7,3.7,3.7,1150,0,8600.0,CE
2015-09-09 10:34:00,3.7,3.7,3.7,3.7,250,0,8600.0,CE
2015-09-09 10:35:00,3.75,3.75,3.7,3.7,275,0,8600.0,CE
2015-09-09 10:36:00,3.7,3.7,3.7,3.7,300,0,8600.0,CE
2015-09-09 10:37:00,3.7,3.7,3.65,3.65,1200,0,8600.0,CE
2015-09-09 10:38:00,3.65,3.65,3.6,3.65,1650,0,8600.0,CE
2015-09-09 10:39:00,3.65,3.65,3.6,3.6,950,0,8600.0,CE
2015-09-09 10:40:00,3.6,3.7,3.6,3.65,4275,0,8600.0,CE
2015-09-09 10:41:00,3.6,3.65,3.6,3.6,575,0,8600.0,CE
2015-09-09 10:42:00,3.65,3.65,3.6,3.6,2475,0,8600.0,CE
2015-09-09 10:43:00,3.6,3.6,3.6,3.6,50,0,8600.0,CE
2015-09-09 10:44:00,3.65,3.7,3.6,3.6,1375,0,8600.0,CE
2015-09-09 10:45:00,3.6,3.65,3.6,3.65,5625,0,8600.0,CE
2015-09-09 10:46:00,3.6,3.65,3.6,3.65,1700,0,8600.0,CE
2015-09-09 10:47:00,3.6,3.65,3.6,3.65,1750,0,8600.0,CE
2015-09-09 10:48:00,3.65,3.65,3.6,3.6,900,0,8600.0,CE
2015-09-09 10:49:00,3.6,3.65,3.6,3.6,625,0,8600.0,CE
2015-09-09 10:50:00,3.6,3.6,3.55,3.55,1150,0,8600.0,CE
2015-09-09 10:51:00,3.6,3.6,3.55,3.6,2275,0,8600.0,CE
2015-09-09 10:52:00,3.6,3.6,3.55,3.6,925,0,8600.0,CE
2015-09-09 10:53:00,3.6,3.6,3.55,3.55,925,0,8600.0,CE
2015-09-09 10:54:00,3.6,3.6,3.55,3.55,275,0,8600.0,CE
2015-09-09 10:55:00,3.55,3.55,3.55,3.55,700,0,8600.0,CE
2015-09-09 10:56:00,3.55,3.65,3.55,3.6,2500,0,8600.0,CE
2015-09-09 10:57:00,3.6,3.65,3.6,3.65,3600,0,8600.0,CE
2015-09-09 10:58:00,3.65,3.7,3.6,3.65,1675,0,8600.0,CE
2015-09-09 10:59:00,3.65,3.7,3.65,3.7,2500,0,8600.0,CE
2015-09-09 11:00:00,3.7,3.7,3.65,3.65,1075,0,8600.0,CE
2015-09-09 11:01:00,3.65,3.7,3.65,3.65,1075,0,8600.0,CE
2015-09-09 11:02:00,3.65,3.7,3.65,3.7,1800,0,8600.0,CE
2015-09-09 11:03:00,3.7,3.7,3.7,3.7,100,0,8600.0,CE
2015-09-09 11:05:00,3.65,3.65,3.65,3.65,200,0,8600.0,CE
2015-09-09 11:06:00,3.7,3.7,3.7,3.7,1275,0,8600.0,CE
2015-09-09 11:07:00,3.7,3.7,3.7,3.7,250,0,8600.0,CE
2015-09-09 11:08:00,3.75,3.75,3.7,3.7,250,0,8600.0,CE
2015-09-09 11:09:00,3.7,3.75,3.65,3.65,1375,0,8600.0,CE
2015-09-09 11:10:00,3.65,3.75,3.65,3.7,1525,0,8600.0,CE
2015-09-09 11:11:00,3.7,3.7,3.7,3.7,750,0,8600.0,CE
2015-09-09 11:12:00,3.75,3.75,3.65,3.7,2300,0,8600.0,CE
2015-09-09 11:13:00,3.75,3.75,3.75,3.75,1800,0,8600.0,CE
2015-09-09 11:14:00,3.7,3.75,3.7,3.75,450,0,8600.0,CE
2015-09-09 11:16:00,3.75,3.75,3.75,3.75,25,0,8600.0,CE
2015-09-09 11:17:00,3.75,3.8,3.75,3.8,1150,0,8600.0,CE
2015-09-09 11:18:00,3.8,3.8,3.8,3.8,500,0,8600.0,CE
2015-09-09 11:20:00,3.8,3.8,3.8,3.8,25,0,8600.0,CE
2015-09-09 11:22:00,3.8,3.8,3.8,3.8,200,0,8600.0,CE
2015-09-09 11:24:00,3.85,3.85,3.85,3.85,375,0,8600.0,CE
2015-09-09 11:25:00,3.8,3.85,3.8,3.85,3250,0,8600.0,CE
2015-09-09 11:26:00,3.85,3.85,3.85,3.85,75,0,8600.0,CE
2015-09-09 11:27:00,3.9,3.95,3.85,3.95,2400,0,8600.0,CE
2015-09-09 11:28:00,3.95,3.95,3.85,3.9,6375,0,8600.0,CE
2015-09-09 11:29:00,3.9,3.9,3.9,3.9,1375,0,8600.0,CE
2015-09-09 11:30:00,3.9,4.0,3.9,4.0,3025,0,8600.0,CE
2015-09-09 11:31:00,3.95,4.0,3.95,4.0,2300,0,8600.0,CE
2015-09-09 11:32:00,3.95,4.1,3.95,4.0,3575,0,8600.0,CE
2015-09-09 11:33:00,4.05,4.1,4.0,4.05,1350,0,8600.0,CE
2015-09-09 11:34:00,4.1,4.1,4.0,4.05,1125,0,8600.0,CE
2015-09-09 11:35:00,4.0,4.05,4.0,4.05,350,0,8600.0,CE
2015-09-09 11:36:00,4.0,4.05,4.0,4.0,1350,0,8600.0,CE
2015-09-09 11:37:00,4.0,4.0,3.95,3.95,75,0,8600.0,CE
2015-09-09 11:38:00,4.05,4.05,3.95,4.0,350,0,8600.0,CE
2015-09-09 11:40:00,3.95,3.95,3.95,3.95,50,0,8600.0,CE
2015-09-09 11:41:00,3.95,3.95,3.9,3.9,1625,0,8600.0,CE
2015-09-09 11:42:00,3.9,3.9,3.85,3.9,3075,0,8600.0,CE
2015-09-09 11:43:00,3.9,3.9,3.85,3.85,1150,0,8600.0,CE
2015-09-09 11:44:00,3.8,3.9,3.8,3.9,700,0,8600.0,CE
2015-09-09 11:45:00,3.9,3.9,3.9,3.9,1075,0,8600.0,CE
2015-09-09 11:46:00,3.9,3.9,3.9,3.9,300,0,8600.0,CE
2015-09-09 11:47:00,3.85,3.9,3.85,3.9,1750,0,8600.0,CE
2015-09-09 11:48:00,3.95,3.95,3.95,3.95,500,0,8600.0,CE
2015-09-09 11:49:00,3.9,3.95,3.9,3.95,850,0,8600.0,CE
2015-09-09 11:50:00,3.9,3.95,3.9,3.9,500,0,8600.0,CE
2015-09-09 11:51:00,3.9,3.95,3.9,3.95,475,0,8600.0,CE
2015-09-09 11:52:00,3.9,3.9,3.9,3.9,225,0,8600.0,CE
2015-09-09 11:53:00,3.95,3.95,3.85,3.85,1250,0,8600.0,CE
2015-09-09 11:54:00,3.9,3.9,3.9,3.9,25,0,8600.0,CE
2015-09-09 11:55:00,3.85,3.85,3.8,3.8,875,0,8600.0,CE
2015-09-09 11:56:00,3.8,3.8,3.8,3.8,1225,0,8600.0,CE
2015-09-09 11:57:00,3.8,3.8,3.75,3.8,475,0,8600.0,CE
2015-09-09 11:58:00,3.8,3.8,3.8,3.8,450,0,8600.0,CE
2015-09-09 11:59:00,3.75,3.8,3.75,3.8,2400,0,8600.0,CE
2015-09-09 12:00:00,3.8,3.85,3.8,3.85,1575,0,8600.0,CE
2015-09-09 12:01:00,3.85,3.85,3.85,3.85,2625,0,8600.0,CE
2015-09-09 12:02:00,3.9,3.9,3.85,3.85,525,0,8600.0,CE
2015-09-09 12:03:00,3.9,3.9,3.9,3.9,3050,0,8600.0,CE
2015-09-09 12:04:00,3.9,3.95,3.9,3.9,1675,0,8600.0,CE
2015-09-09 12:05:00,3.95,4.0,3.95,4.0,5375,0,8600.0,CE
2015-09-09 12:06:00,4.0,4.0,3.95,4.0,3425,0,8600.0,CE
2015-09-09 12:07:00,4.0,4.0,4.0,4.0,825,0,8600.0,CE
2015-09-09 12:08:00,3.95,3.95,3.95,3.95,1425,0,8600.0,CE
2015-09-09 12:09:00,3.95,3.95,3.95,3.95,2100,0,8600.0,CE
2015-09-09 12:10:00,3.95,4.0,3.95,4.0,2950,0,8600.0,CE
2015-09-09 12:11:00,4.05,4.1,4.0,4.05,4525,0,8600.0,CE
2015-09-09 12:12:00,4.05,4.05,4.0,4.05,2525,0,8600.0,CE
2015-09-09 12:13:00,4.05,4.05,4.0,4.0,2625,0,8600.0,CE
2015-09-09 12:14:00,4.0,4.05,4.0,4.0,1450,0,8600.0,CE
2015-09-09 12:15:00,3.95,4.0,3.95,4.0,2350,0,8600.0,CE
2015-09-09 12:16:00,4.0,4.05,4.0,4.0,1350,0,8600.0,CE
2015-09-09 12:18:00,4.0,4.0,4.0,4.0,2600,0,8600.0,CE
2015-09-09 12:19:00,4.0,4.0,4.0,4.0,1925,0,8600.0,CE
2015-09-09 12:20:00,4.0,4.0,4.0,4.0,375,0,8600.0,CE
2015-09-09 12:21:00,4.0,4.0,4.0,4.0,1250,0,8600.0,CE
2015-09-09 12:22:00,4.0,4.0,4.0,4.0,1150,0,8600.0,CE
2015-09-09 12:23:00,4.0,4.0,4.0,4.0,1025,0,8600.0,CE
2015-09-09 12:24:00,3.95,4.0,3.95,4.0,1250,0,8600.0,CE
2015-09-09 12:25:00,4.0,4.05,4.0,4.05,1150,0,8600.0,CE
2015-09-09 12:26:00,4.05,4.05,4.05,4.05,775,0,8600.0,CE
2015-09-09 12:27:00,4.1,4.1,4.05,4.05,750,0,8600.0,CE
2015-09-09 12:28:00,4.05,4.1,4.05,4.05,975,0,8600.0,CE
2015-09-09 12:29:00,4.1,4.2,4.1,4.2,5575,0,8600.0,CE
2015-09-09 12:30:00,4.1,4.1,4.05,4.05,2325,0,8600.0,CE
2015-09-09 12:31:00,4.1,4.1,4.05,4.1,2425,0,8600.0,CE
2015-09-09 12:32:00,4.1,4.1,4.05,4.05,400,0,8600.0,CE
2015-09-09 12:33:00,4.05,4.05,4.0,4.0,3700,0,8600.0,CE
2015-09-09 12:34:00,4.0,4.0,4.0,4.0,375,0,8600.0,CE
2015-09-09 12:35:00,4.0,4.05,4.0,4.05,425,0,8600.0,CE
2015-09-09 12:36:00,4.05,4.05,4.0,4.05,1075,0,8600.0,CE
2015-09-09 12:37:00,4.0,4.0,4.0,4.0,3250,0,8600.0,CE
2015-09-09 12:38:00,4.05,4.05,4.0,4.05,1125,0,8600.0,CE
2015-09-09 12:39:00,4.05,4.05,4.05,4.05,400,0,8600.0,CE
2015-09-09 12:40:00,4.1,4.1,4.1,4.1,875,0,8600.0,CE
2015-09-09 12:41:00,4.1,4.15,4.1,4.1,825,0,8600.0,CE
2015-09-09 12:42:00,4.1,4.1,4.1,4.1,175,0,8600.0,CE
2015-09-09 12:44:00,4.1,4.1,4.05,4.05,2825,0,8600.0,CE
2015-09-09 12:45:00,4.05,4.05,4.0,4.0,2025,0,8600.0,CE
2015-09-09 12:46:00,4.0,4.05,4.0,4.0,275,0,8600.0,CE
2015-09-09 12:47:00,4.05,4.05,4.0,4.0,775,0,8600.0,CE
2015-09-09 12:48:00,4.05,4.05,4.05,4.05,75,0,8600.0,CE
2015-09-09 12:49:00,4.0,4.0,4.0,4.0,275,0,8600.0,CE
2015-09-09 12:50:00,4.0,4.05,3.95,3.95,125,0,8600.0,CE
2015-09-09 12:51:00,3.95,4.0,3.9,4.0,1150,0,8600.0,CE
2015-09-09 12:52:00,4.0,4.05,3.95,4.0,1700,0,8600.0,CE
2015-09-09 12:53:00,4.0,4.0,3.95,4.0,400,0,8600.0,CE
2015-09-09 12:54:00,4.0,4.0,3.95,4.0,550,0,8600.0,CE
2015-09-09 12:55:00,3.95,4.0,3.95,3.95,4900,0,8600.0,CE
2015-09-09 12:56:00,4.0,4.0,3.95,4.0,1450,0,8600.0,CE
2015-09-09 12:57:00,4.0,4.0,4.0,4.0,1200,0,8600.0,CE
2015-09-09 12:58:00,4.0,4.05,4.0,4.05,3600,0,8600.0,CE
2015-09-09 12:59:00,4.05,4.1,4.05,4.05,900,0,8600.0,CE
2015-09-09 13:00:00,4.1,4.1,4.1,4.1,350,0,8600.0,CE
2015-09-09 13:01:00,4.05,4.1,4.0,4.1,1400,0,8600.0,CE
2015-09-09 13:02:00,4.05,4.1,4.0,4.1,775,0,8600.0,CE
2015-09-09 13:03:00,4.05,4.1,4.0,4.05,1425,0,8600.0,CE
2015-09-09 13:04:00,4.05,4.05,4.05,4.05,400,0,8600.0,CE
2015-09-09 13:05:00,4.05,4.1,4.05,4.1,1125,0,8600.0,CE
2015-09-09 13:06:00,4.0,4.1,4.0,4.05,1400,0,8600.0,CE
2015-09-09 13:07:00,4.0,4.0,4.0,4.0,1875,0,8600.0,CE
2015-09-09 13:08:00,4.0,4.0,3.95,4.0,575,0,8600.0,CE
2015-09-09 13:09:00,4.0,4.0,3.95,4.0,900,0,8600.0,CE
2015-09-09 13:10:00,3.95,4.0,3.95,3.95,5625,0,8600.0,CE
2015-09-09 13:11:00,4.0,4.05,4.0,4.05,6175,0,8600.0,CE
2015-09-09 13:12:00,4.05,4.1,4.05,4.05,1400,0,8600.0,CE
2015-09-09 13:13:00,4.0,4.05,4.0,4.0,2475,0,8600.0,CE
2015-09-09 13:14:00,4.0,4.0,4.0,4.0,175,0,8600.0,CE
2015-09-09 13:15:00,4.05,4.05,3.95,3.95,2200,0,8600.0,CE
2015-09-09 13:16:00,3.95,4.0,3.9,3.95,1350,0,8600.0,CE
2015-09-09 13:17:00,3.95,3.95,3.9,3.9,2575,0,8600.0,CE
2015-09-09 13:18:00,3.95,3.95,3.9,3.9,375,0,8600.0,CE
2015-09-09 13:19:00,3.9,3.95,3.9,3.9,1175,0,8600.0,CE
2015-09-09 13:20:00,3.9,3.9,3.9,3.9,625,0,8600.0,CE
2015-09-09 13:21:00,3.9,3.9,3.9,3.9,200,0,8600.0,CE
2015-09-09 13:22:00,3.95,3.95,3.95,3.95,2525,0,8600.0,CE
2015-09-09 13:23:00,3.95,4.0,3.95,3.95,2025,0,8600.0,CE
2015-09-09 13:24:00,3.95,3.95,3.9,3.9,775,0,8600.0,CE
2015-09-09 13:25:00,3.9,3.95,3.9,3.9,550,0,8600.0,CE
2015-09-09 13:26:00,3.95,3.95,3.9,3.95,1700,0,8600.0,CE
2015-09-09 13:27:00,4.0,4.0,3.95,4.0,225,0,8600.0,CE
2015-09-09 13:28:00,4.0,4.0,3.95,4.0,1325,0,8600.0,CE
2015-09-09 13:29:00,3.95,4.0,3.95,4.0,625,0,8600.0,CE
2015-09-09 13:30:00,4.0,4.0,3.95,3.95,2400,0,8600.0,CE
2015-09-09 13:31:00,3.95,3.95,3.95,3.95,925,0,8600.0,CE
2015-09-09 13:32:00,3.95,3.95,3.9,3.9,3900,0,8600.0,CE
2015-09-09 13:33:00,3.9,3.95,3.9,3.9,4250,0,8600.0,CE
2015-09-09 13:34:00,3.85,3.9,3.85,3.85,2575,0,8600.0,CE
2015-09-09 13:35:00,3.9,3.9,3.8,3.8,6725,0,8600.0,CE
2015-09-09 13:36:00,3.85,3.85,3.75,3.75,6250,0,8600.0,CE
2015-09-09 13:37:00,3.8,3.8,3.7,3.75,1475,0,8600.0,CE
2015-09-09 13:38:00,3.8,3.85,3.8,3.8,2800,0,8600.0,CE
2015-09-09 13:39:00,3.8,3.85,3.75,3.75,6775,0,8600.0,CE
2015-09-09 13:40:00,3.75,3.75,3.7,3.75,1350,0,8600.0,CE
2015-09-09 13:41:00,3.75,3.8,3.75,3.8,700,0,8600.0,CE
2015-09-09 13:42:00,3.8,3.8,3.8,3.8,2300,0,8600.0,CE
2015-09-09 13:43:00,3.85,3.85,3.8,3.85,150,0,8600.0,CE
2015-09-09 13:44:00,3.8,3.8,3.8,3.8,1900,0,8600.0,CE
2015-09-09 13:45:00,3.8,3.85,3.8,3.8,2300,0,8600.0,CE
2015-09-09 13:46:00,3.8,3.8,3.8,3.8,175,0,8600.0,CE
2015-09-09 13:47:00,3.8,3.8,3.8,3.8,100,0,8600.0,CE
2015-09-09 13:48:00,3.8,3.8,3.8,3.8,1950,0,8600.0,CE
2015-09-09 13:49:00,3.8,3.85,3.8,3.85,1525,0,8600.0,CE
2015-09-09 13:50:00,3.85,3.85,3.85,3.85,625,0,8600.0,CE
2015-09-09 13:51:00,3.8,3.8,3.8,3.8,225,0,8600.0,CE
2015-09-09 13:52:00,3.8,3.8,3.8,3.8,125,0,8600.0,CE
2015-09-09 13:53:00,3.85,3.85,3.8,3.8,1050,0,8600.0,CE
2015-09-09 13:54:00,3.85,3.85,3.8,3.8,700,0,8600.0,CE
2015-09-09 13:55:00,3.85,3.85,3.85,3.85,425,0,8600.0,CE
2015-09-09 13:56:00,3.85,3.85,3.75,3.75,600,0,8600.0,CE
2015-09-09 13:57:00,3.75,3.75,3.7,3.75,2950,0,8600.0,CE
2015-09-09 13:58:00,3.75,3.75,3.75,3.75,1375,0,8600.0,CE
2015-09-09 13:59:00,3.7,3.75,3.7,3.75,2750,0,8600.0,CE
2015-09-09 14:00:00,3.75,3.8,3.7,3.7,1550,0,8600.0,CE
2015-09-09 14:01:00,3.7,3.75,3.65,3.7,13075,0,8600.0,CE
2015-09-09 14:02:00,3.7,3.7,3.65,3.65,1625,0,8600.0,CE
2015-09-09 14:03:00,3.6,3.7,3.6,3.7,4925,0,8600.0,CE
2015-09-09 14:04:00,3.7,3.7,3.65,3.65,2125,0,8600.0,CE
2015-09-09 14:05:00,3.65,3.7,3.65,3.7,1800,0,8600.0,CE
2015-09-09 14:06:00,3.7,3.7,3.6,3.6,4200,0,8600.0,CE
2015-09-09 14:07:00,3.6,3.6,3.55,3.55,2925,0,8600.0,CE
2015-09-09 14:08:00,3.55,3.55,3.5,3.55,6875,0,8600.0,CE
2015-09-09 14:09:00,3.55,3.6,3.5,3.55,7100,0,8600.0,CE
2015-09-09 14:10:00,3.55,3.6,3.5,3.6,3025,0,8600.0,CE
2015-09-09 14:11:00,3.55,3.6,3.55,3.6,925,0,8600.0,CE
2015-09-09 14:12:00,3.6,3.6,3.6,3.6,525,0,8600.0,CE
2015-09-09 14:13:00,3.6,3.6,3.55,3.6,3700,0,8600.0,CE
2015-09-09 14:14:00,3.6,3.65,3.6,3.65,1975,0,8600.0,CE
2015-09-09 14:15:00,3.65,3.65,3.6,3.6,1600,0,8600.0,CE
2015-09-09 14:16:00,3.65,3.7,3.65,3.7,2900,0,8600.0,CE
2015-09-09 14:17:00,3.7,3.7,3.7,3.7,575,0,8600.0,CE
2015-09-09 14:18:00,3.7,3.7,3.65,3.7,1275,0,8600.0,CE
2015-09-09 14:19:00,3.7,3.7,3.7,3.7,1500,0,8600.0,CE
2015-09-09 14:20:00,3.65,3.7,3.65,3.65,1900,0,8600.0,CE
2015-09-09 14:21:00,3.65,3.7,3.6,3.7,1125,0,8600.0,CE
2015-09-09 14:22:00,3.65,3.65,3.65,3.65,200,0,8600.0,CE
2015-09-09 14:23:00,3.65,3.65,3.6,3.6,1325,0,8600.0,CE
2015-09-09 14:24:00,3.65,3.65,3.65,3.65,300,0,8600.0,CE
2015-09-09 14:25:00,3.6,3.7,3.6,3.65,3050,0,8600.0,CE
2015-09-09 14:26:00,3.7,3.7,3.65,3.65,1100,0,8600.0,CE
2015-09-09 14:27:00,3.7,3.7,3.7,3.7,450,0,8600.0,CE
2015-09-09 14:28:00,3.7,3.75,3.65,3.7,4800,0,8600.0,CE
2015-09-09 14:29:00,3.7,3.75,3.7,3.75,1150,0,8600.0,CE
2015-09-09 14:30:00,3.7,3.7,3.7,3.7,550,0,8600.0,CE
2015-09-09 14:31:00,3.7,3.7,3.7,3.7,2825,0,8600.0,CE
2015-09-09 14:32:00,3.7,3.75,3.7,3.75,3100,0,8600.0,CE
2015-09-09 14:33:00,3.7,3.8,3.7,3.8,4300,0,8600.0,CE
2015-09-09 14:34:00,3.8,3.8,3.75,3.8,2050,0,8600.0,CE
2015-09-09 14:35:00,3.8,3.8,3.75,3.75,125,0,8600.0,CE
2015-09-09 14:36:00,3.75,3.8,3.7,3.75,3950,0,8600.0,CE
2015-09-09 14:37:00,3.75,3.8,3.75,3.75,2325,0,8600.0,CE
2015-09-09 14:38:00,3.75,3.75,3.75,3.75,1350,0,8600.0,CE
2015-09-09 14:39:00,3.8,3.8,3.75,3.8,12000,0,8600.0,CE
2015-09-09 14:40:00,3.8,3.9,3.8,3.85,8175,0,8600.0,CE
2015-09-09 14:41:00,3.9,3.9,3.85,3.85,7500,0,8600.0,CE
2015-09-09 14:42:00,3.8,3.85,3.8,3.85,2950,0,8600.0,CE
2015-09-09 14:43:00,3.85,3.85,3.8,3.8,6250,0,8600.0,CE
2015-09-09 14:44:00,3.8,3.85,3.8,3.85,5300,0,8600.0,CE
2015-09-09 14:45:00,3.8,3.95,3.8,3.95,9375,0,8600.0,CE
2015-09-09 14:46:00,3.95,3.95,3.85,3.9,3525,0,8600.0,CE
2015-09-09 14:47:00,3.9,3.9,3.85,3.85,3525,0,8600.0,CE
2015-09-09 14:48:00,3.85,3.85,3.8,3.85,4550,0,8600.0,CE
2015-09-09 14:49:00,3.85,3.85,3.85,3.85,3800,0,8600.0,CE
2015-09-09 14:50:00,3.85,3.85,3.8,3.85,2550,0,8600.0,CE
2015-09-09 14:52:00,3.85,3.85,3.8,3.85,675,0,8600.0,CE
2015-09-09 14:53:00,3.85,3.85,3.85,3.85,300,0,8600.0,CE
2015-09-09 14:54:00,3.8,3.85,3.75,3.75,3475,0,8600.0,CE
2015-09-09 14:55:00,3.75,3.75,3.75,3.75,1125,0,8600.0,CE
2015-09-09 14:56:00,3.8,3.8,3.7,3.75,3150,0,8600.0,CE
2015-09-09 14:57:00,3.75,3.75,3.75,3.75,1125,0,8600.0,CE
2015-09-09 14:58:00,3.75,3.75,3.75,3.75,600,0,8600.0,CE
2015-09-09 14:59:00,3.75,3.75,3.7,3.7,1200,0,8600.0,CE
2015-09-09 15:00:00,3.75,3.75,3.75,3.75,1875,0,8600.0,CE
2015-09-09 15:01:00,3.75,3.75,3.75,3.75,1600,0,8600.0,CE
2015-09-09 15:02:00,3.75,3.75,3.75,3.75,1050,0,8600.0,CE
2015-09-09 15:04:00,3.75,3.75,3.75,3.75,5125,0,8600.0,CE
2015-09-09 15:05:00,3.8,3.8,3.8,3.8,900,0,8600.0,CE
2015-09-09 15:06:00,3.85,3.85,3.8,3.85,3475,0,8600.0,CE
2015-09-09 15:07:00,3.85,3.85,3.8,3.8,425,0,8600.0,CE
2015-09-09 15:08:00,3.85,3.85,3.85,3.85,200,0,8600.0,CE
2015-09-09 15:09:00,3.8,3.8,3.75,3.75,3600,0,8600.0,CE
2015-09-09 15:10:00,3.8,3.8,3.7,3.75,3425,0,8600.0,CE
2015-09-09 15:11:00,3.75,3.75,3.7,3.75,2900,0,8600.0,CE
2015-09-09 15:12:00,3.7,3.75,3.7,3.75,275,0,8600.0,CE
2015-09-09 15:13:00,3.75,3.85,3.75,3.85,3700,0,8600.0,CE
2015-09-09 15:14:00,3.85,3.85,3.8,3.8,1075,0,8600.0,CE
2015-09-09 15:15:00,3.8,3.8,3.8,3.8,2075,0,8600.0,CE
2015-09-09 15:16:00,3.8,3.85,3.8,3.85,8825,0,8600.0,CE
2015-09-09 15:17:00,3.85,3.9,3.85,3.85,1875,0,8600.0,CE
2015-09-09 15:18:00,3.85,3.85,3.8,3.8,2775,0,8600.0,CE
2015-09-09 15:19:00,3.8,3.85,3.8,3.85,7400,0,8600.0,CE
2015-09-09 15:20:00,3.85,3.85,3.8,3.85,3800,0,8600.0,CE
2015-09-09 15:21:00,3.85,3.85,3.8,3.85,350,0,8600.0,CE
2015-09-09 15:22:00,3.8,3.85,3.75,3.8,8750,0,8600.0,CE
2015-09-09 15:23:00,3.8,3.8,3.75,3.75,4150,0,8600.0,CE
2015-09-09 15:24:00,3.75,3.8,3.7,3.7,11700,0,8600.0,CE
2015-09-09 15:25:00,3.7,3.75,3.65,3.65,11250,0,8600.0,CE
2015-09-09 15:26:00,3.65,3.65,3.55,3.55,3725,0,8600.0,CE
2015-09-09 15:27:00,3.55,3.55,3.5,3.55,3250,0,8600.0,CE
2015-09-09 15:28:00,3.55,3.6,3.55,3.6,11150,0,8600.0,CE
2015-09-09 15:29:00,3.6,3.6,3.45,3.45,2600,0,8600.0,CE
2015-09-10 09:15:00,4.25,4.25,2.35,3.0,8250,0,8600.0,CE
2015-09-10 09:16:00,3.0,3.0,2.85,2.95,8400,0,8600.0,CE
2015-09-10 09:17:00,2.95,2.95,2.8,2.9,2025,0,8600.0,CE
2015-09-10 09:18:00,2.9,2.9,2.8,2.8,5050,0,8600.0,CE
2015-09-10 09:19:00,2.8,2.85,2.8,2.8,9050,0,8600.0,CE
2015-09-10 09:20:00,2.8,2.9,2.7,2.85,9450,0,8600.0,CE
2015-09-10 09:21:00,2.9,2.95,2.8,2.95,14925,0,8600.0,CE
2015-09-10 09:22:00,2.95,3.1,2.95,3.1,8075,0,8600.0,CE
2015-09-10 09:23:00,3.05,3.05,3.0,3.0,4350,0,8600.0,CE
2015-09-10 09:24:00,3.0,3.05,3.0,3.0,3625,0,8600.0,CE
2015-09-10 09:25:00,2.95,2.95,2.8,2.9,16050,0,8600.0,CE
2015-09-10 09:26:00,2.9,2.9,2.85,2.9,6475,0,8600.0,CE
2015-09-10 09:27:00,2.9,2.95,2.9,2.95,1600,0,8600.0,CE
2015-09-10 09:28:00,2.9,2.9,2.9,2.9,10000,0,8600.0,CE
2015-09-10 09:29:00,2.95,2.95,2.9,2.9,3325,0,8600.0,CE
2015-09-10 09:30:00,2.85,2.9,2.85,2.9,2100,0,8600.0,CE
2015-09-10 09:31:00,2.9,2.9,2.9,2.9,1000,0,8600.0,CE
2015-09-10 09:32:00,2.85,2.85,2.85,2.85,950,0,8600.0,CE
2015-09-10 09:33:00,2.85,2.85,2.85,2.85,175,0,8600.0,CE
2015-09-10 09:34:00,2.9,2.9,2.9,2.9,1125,0,8600.0,CE
2015-09-10 09:35:00,2.85,2.9,2.85,2.85,300,0,8600.0,CE
2015-09-10 09:36:00,2.85,2.9,2.85,2.9,825,0,8600.0,CE
2015-09-10 09:37:00,2.85,2.85,2.85,2.85,3750,0,8600.0,CE
2015-09-10 09:38:00,2.85,2.85,2.85,2.85,150,0,8600.0,CE
2015-09-10 09:39:00,2.85,2.85,2.8,2.8,7525,0,8600.0,CE
2015-09-10 09:40:00,2.8,2.8,2.8,2.8,8675,0,8600.0,CE
2015-09-10 09:41:00,2.8,2.85,2.8,2.8,2925,0,8600.0,CE
2015-09-10 09:42:00,2.75,2.8,2.75,2.8,10875,0,8600.0,CE
2015-09-10 09:43:00,2.75,2.75,2.75,2.75,350,0,8600.0,CE
2015-09-10 09:44:00,2.75,2.8,2.75,2.8,1575,0,8600.0,CE
2015-09-10 09:45:00,2.75,2.8,2.75,2.75,7625,0,8600.0,CE
2015-09-10 09:46:00,2.75,2.75,2.75,2.75,1825,0,8600.0,CE
2015-09-10 09:47:00,2.8,2.8,2.75,2.75,350,0,8600.0,CE
2015-09-10 09:48:00,2.75,2.8,2.75,2.8,300,0,8600.0,CE
2015-09-10 09:49:00,2.8,2.8,2.75,2.8,3000,0,8600.0,CE
2015-09-10 09:50:00,2.8,2.8,2.8,2.8,1350,0,8600.0,CE
2015-09-10 09:52:00,2.8,2.8,2.8,2.8,575,0,8600.0,CE
2015-09-10 09:53:00,2.8,2.8,2.8,2.8,175,0,8600.0,CE
2015-09-10 09:54:00,2.8,2.8,2.8,2.8,250,0,8600.0,CE
2015-09-10 09:55:00,2.75,2.75,2.75,2.75,50,0,8600.0,CE
2015-09-10 09:56:00,2.75,2.75,2.75,2.75,1750,0,8600.0,CE
2015-09-10 09:57:00,2.75,2.8,2.75,2.75,500,0,8600.0,CE
2015-09-10 09:58:00,2.75,2.75,2.75,2.75,1200,0,8600.0,CE
2015-09-10 09:59:00,2.7,2.75,2.7,2.75,5200,0,8600.0,CE
2015-09-10 10:00:00,2.75,2.8,2.75,2.75,3125,0,8600.0,CE
2015-09-10 10:01:00,2.75,2.75,2.75,2.75,1350,0,8600.0,CE
2015-09-10 10:02:00,2.8,2.8,2.8,2.8,375,0,8600.0,CE
2015-09-10 10:03:00,2.75,2.75,2.75,2.75,100,0,8600.0,CE
2015-09-10 10:04:00,2.8,2.8,2.8,2.8,925,0,8600.0,CE
2015-09-10 10:05:00,2.7,2.8,2.7,2.8,375,0,8600.0,CE
2015-09-10 10:06:00,2.8,2.8,2.7,2.75,1675,0,8600.0,CE
2015-09-10 10:07:00,2.7,2.7,2.7,2.7,900,0,8600.0,CE
2015-09-10 10:08:00,2.8,2.8,2.7,2.75,900,0,8600.0,CE
2015-09-10 10:09:00,2.75,2.75,2.7,2.7,150,0,8600.0,CE
2015-09-10 10:10:00,2.75,2.75,2.75,2.75,425,0,8600.0,CE
2015-09-10 10:11:00,2.7,2.7,2.7,2.7,100,0,8600.0,CE
2015-09-10 10:12:00,2.75,2.75,2.7,2.7,225,0,8600.0,CE
2015-09-10 10:13:00,2.7,2.75,2.7,2.75,625,0,8600.0,CE
2015-09-10 10:14:00,2.8,2.8,2.75,2.75,50,0,8600.0,CE
2015-09-10 10:15:00,2.8,2.8,2.7,2.7,50,0,8600.0,CE
2015-09-10 10:16:00,2.75,2.75,2.75,2.75,150,0,8600.0,CE
2015-09-10 10:17:00,2.75,2.75,2.75,2.75,250,0,8600.0,CE
2015-09-10 10:20:00,2.7,2.75,2.7,2.75,800,0,8600.0,CE
2015-09-10 10:21:00,2.7,2.75,2.7,2.75,275,0,8600.0,CE
2015-09-10 10:22:00,2.7,2.7,2.7,2.7,175,0,8600.0,CE
2015-09-10 10:23:00,2.7,2.7,2.7,2.7,625,0,8600.0,CE
2015-09-10 10:24:00,2.7,2.75,2.7,2.75,500,0,8600.0,CE
2015-09-10 10:25:00,2.75,2.75,2.75,2.75,750,0,8600.0,CE
2015-09-10 10:26:00,2.75,2.75,2.7,2.75,5600,0,8600.0,CE
2015-09-10 10:27:00,2.75,2.75,2.7,2.75,675,0,8600.0,CE
2015-09-10 10:28:00,2.75,2.75,2.7,2.75,850,0,8600.0,CE
2015-09-10 10:29:00,2.7,2.75,2.7,2.75,625,0,8600.0,CE
2015-09-10 10:30:00,2.75,2.75,2.75,2.75,600,0,8600.0,CE
2015-09-10 10:31:00,2.75,2.75,2.75,2.75,2000,0,8600.0,CE
2015-09-10 10:32:00,2.75,2.75,2.7,2.75,1100,0,8600.0,CE
2015-09-10 10:33:00,2.75,2.75,2.7,2.7,400,0,8600.0,CE
2015-09-10 10:34:00,2.7,2.7,2.7,2.7,125,0,8600.0,CE
2015-09-10 10:35:00,2.75,2.75,2.75,2.75,100,0,8600.0,CE
2015-09-10 10:36:00,2.7,2.7,2.7,2.7,125,0,8600.0,CE
2015-09-10 10:37:00,2.7,2.75,2.7,2.7,925,0,8600.0,CE
2015-09-10 10:38:00,2.7,2.7,2.7,2.7,200,0,8600.0,CE
2015-09-10 10:39:00,2.75,2.75,2.75,2.75,125,0,8600.0,CE
2015-09-10 10:40:00,2.75,2.75,2.75,2.75,850,0,8600.0,CE
2015-09-10 10:41:00,2.75,2.75,2.7,2.7,350,0,8600.0,CE
2015-09-10 10:42:00,2.75,2.75,2.75,2.75,300,0,8600.0,CE
2015-09-10 10:43:00,2.75,2.75,2.7,2.75,675,0,8600.0,CE
2015-09-10 10:46:00,2.7,2.7,2.7,2.7,25,0,8600.0,CE
2015-09-10 10:47:00,2.7,2.7,2.7,2.7,300,0,8600.0,CE
2015-09-10 10:48:00,2.75,2.75,2.7,2.7,125,0,8600.0,CE
2015-09-10 10:50:00,2.75,2.75,2.75,2.75,750,0,8600.0,CE
2015-09-10 10:51:00,2.75,2.75,2.75,2.75,75,0,8600.0,CE
2015-09-10 10:52:00,2.7,2.7,2.7,2.7,50,0,8600.0,CE
2015-09-10 10:53:00,2.75,2.75,2.7,2.75,3750,0,8600.0,CE
2015-09-10 10:54:00,2.7,2.75,2.7,2.75,175,0,8600.0,CE
2015-09-10 10:55:00,2.75,2.75,2.7,2.75,975,0,8600.0,CE
2015-09-10 10:56:00,2.75,2.75,2.75,2.75,1675,0,8600.0,CE
2015-09-10 10:57:00,2.75,2.75,2.75,2.75,1425,0,8600.0,CE
2015-09-10 10:58:00,2.75,2.75,2.7,2.7,100,0,8600.0,CE
2015-09-10 10:59:00,2.7,2.75,2.7,2.75,1025,0,8600.0,CE
2015-09-10 11:00:00,2.7,2.75,2.7,2.75,725,0,8600.0,CE
2015-09-10 11:01:00,2.7,2.7,2.7,2.7,100,0,8600.0,CE
2015-09-10 11:02:00,2.75,2.75,2.75,2.75,5350,0,8600.0,CE
2015-09-10 11:03:00,2.75,2.75,2.75,2.75,200,0,8600.0,CE
2015-09-10 11:04:00,2.7,2.7,2.7,2.7,2500,0,8600.0,CE
2015-09-10 11:05:00,2.7,2.7,2.7,2.7,875,0,8600.0,CE
2015-09-10 11:06:00,2.7,2.7,2.7,2.7,225,0,8600.0,CE
2015-09-10 11:07:00,2.75,2.75,2.7,2.75,1425,0,8600.0,CE
2015-09-10 11:08:00,2.75,2.75,2.75,2.75,225,0,8600.0,CE
2015-09-10 11:09:00,2.75,2.75,2.75,2.75,1400,0,8600.0,CE
2015-09-10 11:10:00,2.85,2.85,2.75,2.8,500,0,8600.0,CE
2015-09-10 11:11:00,2.75,2.75,2.75,2.75,350,0,8600.0,CE
2015-09-10 11:12:00,2.75,2.75,2.75,2.75,375,0,8600.0,CE
2015-09-10 11:13:00,2.75,2.75,2.75,2.75,925,0,8600.0,CE
2015-09-10 11:14:00,2.75,2.75,2.75,2.75,450,0,8600.0,CE
2015-09-10 11:15:00,2.8,2.8,2.8,2.8,25,0,8600.0,CE
2015-09-10 11:16:00,2.75,2.75,2.75,2.75,50,0,8600.0,CE
2015-09-10 11:17:00,2.75,2.75,2.75,2.75,600,0,8600.0,CE
2015-09-10 11:18:00,2.75,2.8,2.75,2.8,1075,0,8600.0,CE
2015-09-10 11:19:00,2.8,2.8,2.8,2.8,325,0,8600.0,CE
2015-09-10 11:21:00,2.8,2.8,2.8,2.8,1125,0,8600.0,CE
2015-09-10 11:22:00,2.8,2.8,2.8,2.8,75,0,8600.0,CE
2015-09-10 11:23:00,2.85,2.85,2.85,2.85,125,0,8600.0,CE
2015-09-10 11:24:00,2.85,2.85,2.8,2.8,700,0,8600.0,CE
2015-09-10 11:25:00,2.85,2.85,2.8,2.8,400,0,8600.0,CE
2015-09-10 11:26:00,2.8,2.8,2.8,2.8,25,0,8600.0,CE
2015-09-10 11:27:00,2.8,2.8,2.8,2.8,1075,0,8600.0,CE
2015-09-10 11:29:00,2.85,2.85,2.85,2.85,25,0,8600.0,CE
2015-09-10 11:30:00,2.8,2.8,2.8,2.8,1225,0,8600.0,CE
2015-09-10 11:31:00,2.8,2.8,2.75,2.8,7500,0,8600.0,CE
2015-09-10 11:32:00,2.8,2.8,2.75,2.75,6325,0,8600.0,CE
2015-09-10 11:33:00,2.75,2.75,2.75,2.75,2000,0,8600.0,CE
2015-09-10 11:34:00,2.75,2.8,2.75,2.8,425,0,8600.0,CE
2015-09-10 11:35:00,2.8,2.8,2.8,2.8,75,0,8600.0,CE
2015-09-10 11:36:00,2.8,2.8,2.8,2.8,150,0,8600.0,CE
2015-09-10 11:37:00,2.8,2.8,2.8,2.8,350,0,8600.0,CE
2015-09-10 11:38:00,2.75,2.75,2.75,2.75,8950,0,8600.0,CE
2015-09-10 11:39:00,2.75,2.75,2.75,2.75,50,0,8600.0,CE
2015-09-10 11:42:00,2.7,2.75,2.7,2.75,750,0,8600.0,CE
2015-09-10 11:43:00,2.7,2.7,2.7,2.7,25,0,8600.0,CE
2015-09-10 11:44:00,2.7,2.7,2.7,2.7,1125,0,8600.0,CE
2015-09-10 11:46:00,2.7,2.7,2.7,2.7,225,0,8600.0,CE
2015-09-10 11:47:00,2.7,2.7,2.7,2.7,275,0,8600.0,CE
2015-09-10 11:48:00,2.7,2.7,2.7,2.7,400,0,8600.0,CE
2015-09-10 11:49:00,2.7,2.75,2.7,2.75,2150,0,8600.0,CE
2015-09-10 11:50:00,2.75,2.75,2.75,2.75,1350,0,8600.0,CE
2015-09-10 11:51:00,2.8,2.85,2.8,2.85,550,0,8600.0,CE
2015-09-10 11:52:00,2.85,2.85,2.85,2.85,2900,0,8600.0,CE
2015-09-10 11:53:00,2.8,2.85,2.8,2.8,2150,0,8600.0,CE
2015-09-10 11:54:00,2.8,2.8,2.8,2.8,1525,0,8600.0,CE
2015-09-10 11:55:00,2.8,2.8,2.8,2.8,25,0,8600.0,CE
2015-09-10 11:56:00,2.75,2.75,2.75,2.75,50,0,8600.0,CE
2015-09-10 11:57:00,2.75,2.75,2.75,2.75,25,0,8600.0,CE
2015-09-10 11:59:00,2.75,2.8,2.75,2.8,1950,0,8600.0,CE
2015-09-10 12:00:00,2.75,2.8,2.75,2.8,4150,0,8600.0,CE
2015-09-10 12:01:00,2.8,2.8,2.8,2.8,3100,0,8600.0,CE
2015-09-10 12:02:00,2.8,2.8,2.8,2.8,100,0,8600.0,CE
2015-09-10 12:03:00,2.85,2.85,2.8,2.85,4900,0,8600.0,CE
2015-09-10 12:04:00,2.8,2.8,2.8,2.8,1150,0,8600.0,CE
2015-09-10 12:06:00,2.85,2.9,2.85,2.9,11375,0,8600.0,CE
2015-09-10 12:07:00,2.95,2.95,2.9,2.95,5275,0,8600.0,CE
2015-09-10 12:08:00,2.95,2.95,2.95,2.95,700,0,8600.0,CE
2015-09-10 12:09:00,2.95,2.95,2.9,2.9,2400,0,8600.0,CE
2015-09-10 12:10:00,2.85,2.9,2.85,2.9,200,0,8600.0,CE
2015-09-10 12:11:00,2.85,2.85,2.85,2.85,175,0,8600.0,CE
2015-09-10 12:12:00,2.9,2.9,2.85,2.9,8500,0,8600.0,CE
2015-09-10 12:14:00,2.9,2.9,2.9,2.9,25,0,8600.0,CE
2015-09-10 12:15:00,2.9,2.9,2.9,2.9,7500,0,8600.0,CE
2015-09-10 12:16:00,2.9,2.9,2.9,2.9,5675,0,8600.0,CE
2015-09-10 12:17:00,2.9,2.9,2.85,2.85,4650,0,8600.0,CE
2015-09-10 12:18:00,2.85,2.9,2.85,2.9,1275,0,8600.0,CE
2015-09-10 12:19:00,2.9,2.9,2.85,2.85,1050,0,8600.0,CE
2015-09-10 12:20:00,2.85,2.9,2.85,2.9,7775,0,8600.0,CE
2015-09-10 12:21:00,2.9,2.9,2.85,2.85,4725,0,8600.0,CE
2015-09-10 12:22:00,2.9,2.9,2.9,2.9,2500,0,8600.0,CE
2015-09-10 12:23:00,2.9,2.9,2.85,2.9,8675,0,8600.0,CE
2015-09-10 12:24:00,2.9,2.9,2.9,2.9,3300,0,8600.0,CE
2015-09-10 12:25:00,2.9,2.9,2.85,2.85,4000,0,8600.0,CE
2015-09-10 12:26:00,2.85,2.85,2.85,2.85,1750,0,8600.0,CE
2015-09-10 12:27:00,2.85,2.85,2.85,2.85,275,0,8600.0,CE
2015-09-10 12:28:00,2.9,2.9,2.85,2.85,2175,0,8600.0,CE
2015-09-10 12:29:00,2.85,2.85,2.85,2.85,3550,0,8600.0,CE
2015-09-10 12:30:00,2.85,2.9,2.85,2.85,1125,0,8600.0,CE
2015-09-10 12:31:00,2.9,2.9,2.85,2.85,2475,0,8600.0,CE
2015-09-10 12:32:00,2.85,2.85,2.85,2.85,2550,0,8600.0,CE
2015-09-10 12:33:00,2.8,2.85,2.75,2.75,2925,0,8600.0,CE
2015-09-10 12:34:00,2.8,2.85,2.8,2.85,8025,0,8600.0,CE
2015-09-10 12:35:00,2.85,2.85,2.85,2.85,1375,0,8600.0,CE
2015-09-10 12:36:00,2.9,2.9,2.85,2.85,1675,0,8600.0,CE
2015-09-10 12:37:00,2.85,2.9,2.85,2.9,5750,0,8600.0,CE
2015-09-10 12:38:00,2.95,3.0,2.95,3.0,2575,0,8600.0,CE
2015-09-10 12:39:00,2.95,2.95,2.9,2.95,750,0,8600.0,CE
2015-09-10 12:40:00,3.0,3.0,2.95,2.95,3825,0,8600.0,CE
2015-09-10 12:41:00,2.95,3.0,2.95,2.95,7500,0,8600.0,CE
2015-09-10 12:42:00,2.95,3.0,2.95,3.0,1900,0,8600.0,CE
2015-09-10 12:43:00,3.0,3.0,2.95,3.0,3025,0,8600.0,CE
2015-09-10 12:44:00,3.0,3.0,2.95,3.0,1075,0,8600.0,CE
2015-09-10 12:45:00,3.0,3.0,2.95,3.0,9475,0,8600.0,CE
2015-09-10 12:46:00,3.0,3.0,2.9,2.9,1550,0,8600.0,CE
2015-09-10 12:47:00,2.95,2.95,2.9,2.9,950,0,8600.0,CE
2015-09-10 12:48:00,2.95,2.95,2.9,2.9,3100,0,8600.0,CE
2015-09-10 12:49:00,2.85,2.9,2.85,2.9,3100,0,8600.0,CE
2015-09-10 12:50:00,2.9,2.9,2.9,2.9,1375,0,8600.0,CE
2015-09-10 12:51:00,2.9,2.95,2.9,2.95,4375,0,8600.0,CE
2015-09-10 12:53:00,2.9,2.95,2.9,2.95,50,0,8600.0,CE
2015-09-10 12:54:00,2.9,2.95,2.9,2.95,1425,0,8600.0,CE
2015-09-10 12:55:00,2.95,2.95,2.9,2.95,3350,0,8600.0,CE
2015-09-10 12:56:00,2.95,2.95,2.85,2.85,3800,0,8600.0,CE
2015-09-10 12:57:00,2.85,2.9,2.85,2.9,1150,0,8600.0,CE
2015-09-10 12:58:00,2.85,2.9,2.85,2.85,1000,0,8600.0,CE
2015-09-10 12:59:00,2.85,2.9,2.85,2.85,725,0,8600.0,CE
2015-09-10 13:00:00,2.9,2.9,2.85,2.9,225,0,8600.0,CE
2015-09-10 13:02:00,2.9,2.9,2.85,2.9,3100,0,8600.0,CE
2015-09-10 13:03:00,2.9,2.9,2.9,2.9,300,0,8600.0,CE
2015-09-10 13:05:00,2.95,2.95,2.95,2.95,375,0,8600.0,CE
2015-09-10 13:07:00,2.9,2.95,2.9,2.95,75,0,8600.0,CE
2015-09-10 13:08:00,2.95,2.95,2.9,2.9,50,0,8600.0,CE
2015-09-10 13:09:00,2.9,2.95,2.9,2.95,375,0,8600.0,CE
2015-09-10 13:10:00,2.9,2.95,2.9,2.95,400,0,8600.0,CE
2015-09-10 13:11:00,2.95,2.95,2.95,2.95,25,0,8600.0,CE
2015-09-10 13:13:00,2.95,2.95,2.95,2.95,275,0,8600.0,CE
2015-09-10 13:14:00,2.95,2.95,2.95,2.95,375,0,8600.0,CE
2015-09-10 13:15:00,2.95,3.0,2.95,3.0,275,0,8600.0,CE
2015-09-10 13:16:00,3.0,3.0,2.95,2.95,175,0,8600.0,CE
2015-09-10 13:17:00,2.95,2.95,2.95,2.95,25,0,8600.0,CE
2015-09-10 13:18:00,2.95,3.0,2.95,3.0,1625,0,8600.0,CE
2015-09-10 13:19:00,2.95,2.95,2.95,2.95,225,0,8600.0,CE
2015-09-10 13:20:00,2.95,2.95,2.95,2.95,100,0,8600.0,CE
2015-09-10 13:21:00,2.95,3.0,2.95,3.0,3925,0,8600.0,CE
2015-09-10 13:22:00,2.95,3.05,2.95,3.05,8625,0,8600.0,CE
2015-09-10 13:23:00,3.0,3.05,3.0,3.0,18200,0,8600.0,CE
2015-09-10 13:24:00,3.0,3.1,3.0,3.05,6625,0,8600.0,CE
2015-09-10 13:25:00,3.05,3.05,3.0,3.0,11100,0,8600.0,CE
2015-09-10 13:26:00,3.0,3.0,3.0,3.0,4300,0,8600.0,CE
2015-09-10 13:27:00,3.0,3.1,3.0,3.1,6725,0,8600.0,CE
2015-09-10 13:28:00,3.1,3.15,3.1,3.15,6525,0,8600.0,CE
2015-09-10 13:29:00,3.2,3.2,3.1,3.1,4875,0,8600.0,CE
2015-09-10 13:30:00,3.15,3.2,3.15,3.15,2625,0,8600.0,CE
2015-09-10 13:31:00,3.2,3.2,3.15,3.15,2475,0,8600.0,CE
2015-09-10 13:32:00,3.15,3.15,3.1,3.1,1800,0,8600.0,CE
2015-09-10 13:33:00,3.05,3.1,3.05,3.1,3575,0,8600.0,CE
2015-09-10 13:34:00,3.1,3.15,3.05,3.1,1275,0,8600.0,CE
2015-09-10 13:35:00,3.1,3.15,3.05,3.05,1825,0,8600.0,CE
2015-09-10 13:36:00,3.05,3.1,3.05,3.1,1375,0,8600.0,CE
2015-09-10 13:37:00,3.1,3.15,3.1,3.15,350,0,8600.0,CE
2015-09-10 13:38:00,3.1,3.1,3.1,3.1,225,0,8600.0,CE
2015-09-10 13:39:00,3.05,3.1,3.05,3.05,5900,0,8600.0,CE
2015-09-10 13:40:00,3.05,3.1,3.05,3.05,1725,0,8600.0,CE
2015-09-10 13:41:00,3.05,3.05,3.05,3.05,475,0,8600.0,CE
2015-09-10 13:43:00,3.0,3.05,3.0,3.05,2200,0,8600.0,CE
2015-09-10 13:44:00,3.0,3.05,3.0,3.0,725,0,8600.0,CE
2015-09-10 13:45:00,3.0,3.05,3.0,3.0,2825,0,8600.0,CE
2015-09-10 13:46:00,3.0,3.05,3.0,3.05,250,0,8600.0,CE
2015-09-10 13:47:00,3.05,3.05,3.05,3.05,1475,0,8600.0,CE
2015-09-10 13:48:00,3.05,3.1,3.05,3.05,625,0,8600.0,CE
2015-09-10 13:49:00,3.05,3.1,3.05,3.1,1550,0,8600.0,CE
2015-09-10 13:50:00,3.1,3.1,3.05,3.05,1125,0,8600.0,CE
2015-09-10 13:51:00,3.1,3.15,3.1,3.15,1200,0,8600.0,CE
2015-09-10 13:52:00,3.15,3.15,3.15,3.15,2800,0,8600.0,CE
2015-09-10 13:53:00,3.1,3.1,3.1,3.1,3650,0,8600.0,CE
2015-09-10 13:54:00,3.1,3.1,3.05,3.05,75,0,8600.0,CE
2015-09-10 13:55:00,3.05,3.05,3.0,3.05,575,0,8600.0,CE
2015-09-10 13:56:00,3.05,3.05,3.0,3.0,9250,0,8600.0,CE
2015-09-10 13:57:00,3.0,3.0,2.9,2.95,9700,0,8600.0,CE
2015-09-10 13:58:00,2.95,3.0,2.9,2.9,8700,0,8600.0,CE
2015-09-10 13:59:00,2.9,2.9,2.85,2.85,5750,0,8600.0,CE
2015-09-10 14:00:00,2.85,2.9,2.85,2.9,1750,0,8600.0,CE
2015-09-10 14:01:00,2.9,2.95,2.85,2.9,7450,0,8600.0,CE
2015-09-10 14:02:00,2.85,2.95,2.85,2.9,3775,0,8600.0,CE
2015-09-10 14:03:00,2.9,2.9,2.85,2.9,3050,0,8600.0,CE
2015-09-10 14:04:00,2.9,2.95,2.9,2.9,1500,0,8600.0,CE
2015-09-10 14:05:00,2.95,2.95,2.9,2.95,4275,0,8600.0,CE
2015-09-10 14:06:00,2.95,2.95,2.95,2.95,625,0,8600.0,CE
2015-09-10 14:07:00,2.95,3.0,2.95,3.0,5125,0,8600.0,CE
2015-09-10 14:08:00,2.95,2.95,2.95,2.95,200,0,8600.0,CE
2015-09-10 14:09:00,2.9,2.95,2.9,2.95,1575,0,8600.0,CE
2015-09-10 14:10:00,2.95,2.95,2.9,2.9,150,0,8600.0,CE
2015-09-10 14:11:00,2.95,2.95,2.95,2.95,125,0,8600.0,CE
2015-09-10 14:12:00,3.0,3.05,3.0,3.05,6125,0,8600.0,CE
2015-09-10 14:13:00,3.05,3.1,3.05,3.1,19700,0,8600.0,CE
2015-09-10 14:14:00,3.1,3.1,3.05,3.1,6850,0,8600.0,CE
2015-09-10 14:15:00,3.1,3.1,3.05,3.1,6050,0,8600.0,CE
2015-09-10 14:16:00,3.1,3.1,3.05,3.1,1250,0,8600.0,CE
2015-09-10 14:17:00,3.05,3.1,3.0,3.1,8300,0,8600.0,CE
2015-09-10 14:18:00,3.05,3.1,3.05,3.1,14050,0,8600.0,CE
2015-09-10 14:19:00,3.1,3.15,3.1,3.1,20275,0,8600.0,CE
2015-09-10 14:20:00,3.1,3.15,3.1,3.15,875,0,8600.0,CE
2015-09-10 14:21:00,3.1,3.1,3.1,3.1,3100,0,8600.0,CE
2015-09-10 14:22:00,3.1,3.1,3.05,3.1,8125,0,8600.0,CE
2015-09-10 14:23:00,3.1,3.15,3.1,3.1,5575,0,8600.0,CE
2015-09-10 14:24:00,3.1,3.15,3.1,3.15,8325,0,8600.0,CE
2015-09-10 14:25:00,3.2,3.25,3.2,3.25,13875,0,8600.0,CE
2015-09-10 14:26:00,3.25,3.3,3.2,3.2,23800,0,8600.0,CE
2015-09-10 14:27:00,3.25,3.25,3.2,3.2,1000,0,8600.0,CE
2015-09-10 14:28:00,3.15,3.15,3.15,3.15,1300,0,8600.0,CE
2015-09-10 14:29:00,3.15,3.15,3.15,3.15,21725,0,8600.0,CE
2015-09-10 14:30:00,3.15,3.2,3.15,3.2,19875,0,8600.0,CE
2015-09-10 14:31:00,3.2,3.2,3.2,3.2,18600,0,8600.0,CE
2015-09-10 14:32:00,3.2,3.2,3.2,3.2,2575,0,8600.0,CE
2015-09-10 14:33:00,3.25,3.35,3.25,3.3,46750,0,8600.0,CE
2015-09-10 14:34:00,3.3,3.4,3.3,3.35,24050,0,8600.0,CE
2015-09-10 14:35:00,3.35,3.35,3.3,3.35,12925,0,8600.0,CE
2015-09-10 14:36:00,3.35,3.35,3.35,3.35,10600,0,8600.0,CE
2015-09-10 14:37:00,3.35,3.35,3.3,3.35,11750,0,8600.0,CE
2015-09-10 14:39:00,3.35,3.35,3.3,3.3,2450,0,8600.0,CE
2015-09-10 14:40:00,3.3,3.3,3.3,3.3,400,0,8600.0,CE
2015-09-10 14:41:00,3.25,3.25,3.25,3.25,1925,0,8600.0,CE
2015-09-10 14:42:00,3.25,3.25,3.2,3.25,6400,0,8600.0,CE
2015-09-10 14:43:00,3.25,3.25,3.2,3.2,9675,0,8600.0,CE
2015-09-10 14:44:00,3.2,3.25,3.2,3.25,625,0,8600.0,CE
2015-09-10 14:45:00,3.2,3.2,3.2,3.2,1450,0,8600.0,CE
2015-09-10 14:46:00,3.2,3.2,3.15,3.2,11950,0,8600.0,CE
2015-09-10 14:47:00,3.2,3.2,3.2,3.2,2350,0,8600.0,CE
2015-09-10 14:48:00,3.15,3.15,3.1,3.15,9675,0,8600.0,CE
2015-09-10 14:49:00,3.15,3.15,3.05,3.1,10150,0,8600.0,CE
2015-09-10 14:50:00,3.1,3.1,3.05,3.1,7500,0,8600.0,CE
2015-09-10 14:51:00,3.1,3.1,3.05,3.05,18650,0,8600.0,CE
2015-09-10 14:52:00,3.05,3.1,3.05,3.1,9375,0,8600.0,CE
2015-09-10 14:53:00,3.1,3.1,3.1,3.1,2375,0,8600.0,CE
2015-09-10 14:54:00,3.05,3.1,3.05,3.05,2075,0,8600.0,CE
2015-09-10 14:55:00,3.1,3.1,3.05,3.05,2150,0,8600.0,CE
2015-09-10 14:56:00,3.05,3.05,3.05,3.05,3725,0,8600.0,CE
2015-09-10 14:57:00,3.05,3.1,3.05,3.1,2125,0,8600.0,CE
2015-09-10 14:58:00,3.15,3.15,3.1,3.1,450,0,8600.0,CE
2015-09-10 14:59:00,3.1,3.1,3.1,3.1,5400,0,8600.0,CE
2015-09-10 15:00:00,3.15,3.15,3.1,3.1,650,0,8600.0,CE
2015-09-10 15:01:00,3.1,3.15,3.1,3.15,3300,0,8600.0,CE
2015-09-10 15:02:00,3.15,3.15,3.15,3.15,8500,0,8600.0,CE
2015-09-10 15:03:00,3.15,3.15,3.15,3.15,225,0,8600.0,CE
2015-09-10 15:04:00,3.1,3.1,3.05,3.05,11800,0,8600.0,CE
2015-09-10 15:05:00,3.1,3.15,3.1,3.15,250,0,8600.0,CE
2015-09-10 15:06:00,3.15,3.15,3.1,3.1,200,0,8600.0,CE
2015-09-10 15:07:00,3.15,3.15,3.1,3.1,225,0,8600.0,CE
2015-09-10 15:08:00,3.15,3.25,3.15,3.2,4075,0,8600.0,CE
2015-09-10 15:09:00,3.25,3.25,3.25,3.25,3525,0,8600.0,CE
2015-09-10 15:10:00,3.25,3.3,3.2,3.25,5350,0,8600.0,CE
2015-09-10 15:11:00,3.25,3.35,3.25,3.35,7075,0,8600.0,CE
2015-09-10 15:12:00,3.35,3.35,3.3,3.3,3425,0,8600.0,CE
2015-09-10 15:13:00,3.35,3.35,3.3,3.3,6750,0,8600.0,CE
2015-09-10 15:14:00,3.35,3.45,3.3,3.45,14925,0,8600.0,CE
2015-09-10 15:15:00,3.45,3.45,3.4,3.4,1750,0,8600.0,CE
2015-09-10 15:16:00,3.4,3.5,3.4,3.5,6450,0,8600.0,CE
2015-09-10 15:17:00,3.6,3.6,3.5,3.5,9925,0,8600.0,CE
2015-09-10 15:18:00,3.45,3.5,3.45,3.45,3650,0,8600.0,CE
2015-09-10 15:19:00,3.45,3.5,3.4,3.5,925,0,8600.0,CE
2015-09-10 15:20:00,3.45,3.5,3.45,3.45,3625,0,8600.0,CE
2015-09-10 15:21:00,3.5,3.55,3.5,3.55,9375,0,8600.0,CE
2015-09-10 15:22:00,3.5,3.7,3.5,3.7,10025,0,8600.0,CE
2015-09-10 15:23:00,3.7,3.8,3.65,3.75,4775,0,8600.0,CE
2015-09-10 15:24:00,3.75,3.9,3.75,3.85,8900,0,8600.0,CE
2015-09-10 15:25:00,3.85,3.85,3.8,3.8,14175,0,8600.0,CE
2015-09-10 15:26:00,3.9,4.05,3.85,4.0,19375,0,8600.0,CE
2015-09-10 15:27:00,4.05,4.1,3.9,3.9,18375,0,8600.0,CE
2015-09-10 15:28:00,3.95,3.95,3.9,3.9,9975,0,8600.0,CE
2015-09-10 15:29:00,3.95,4.0,3.9,4.0,12850,0,8600.0,CE
2015-09-11 09:15:00,4.0,4.0,3.5,3.55,3725,0,8600.0,CE
2015-09-11 09:16:00,3.55,3.6,3.5,3.6,6850,0,8600.0,CE
2015-09-11 09:17:00,3.6,3.95,3.6,3.8,10750,0,8600.0,CE
2015-09-11 09:18:00,3.85,4.0,3.7,3.7,5600,0,8600.0,CE
2015-09-11 09:19:00,3.75,3.8,3.7,3.75,11550,0,8600.0,CE
2015-09-11 09:20:00,3.75,3.75,3.6,3.65,2600,0,8600.0,CE
2015-09-11 09:21:00,3.65,3.65,3.55,3.65,7650,0,8600.0,CE
2015-09-11 09:22:00,3.6,3.65,3.6,3.6,10875,0,8600.0,CE
2015-09-11 09:23:00,3.6,3.6,3.5,3.55,10975,0,8600.0,CE
2015-09-11 09:24:00,3.55,3.6,3.55,3.55,3325,0,8600.0,CE
2015-09-11 09:25:00,3.55,3.55,3.5,3.5,4875,0,8600.0,CE
2015-09-11 09:26:00,3.55,3.55,3.5,3.5,4525,0,8600.0,CE
2015-09-11 09:27:00,3.5,3.5,3.5,3.5,375,0,8600.0,CE
2015-09-11 09:28:00,3.5,3.6,3.5,3.6,3950,0,8600.0,CE
2015-09-11 09:29:00,3.6,3.6,3.55,3.55,2350,0,8600.0,CE
2015-09-11 09:30:00,3.6,3.6,3.55,3.6,2400,0,8600.0,CE
2015-09-11 09:31:00,3.6,3.6,3.55,3.55,3275,0,8600.0,CE
2015-09-11 09:32:00,3.55,3.55,3.5,3.5,2925,0,8600.0,CE
2015-09-11 09:33:00,3.5,3.5,3.45,3.5,2700,0,8600.0,CE
2015-09-11 09:34:00,3.5,3.5,3.45,3.45,3950,0,8600.0,CE
2015-09-11 09:35:00,3.45,3.5,3.45,3.5,900,0,8600.0,CE
2015-09-11 09:36:00,3.45,3.55,3.45,3.5,6600,0,8600.0,CE
2015-09-11 09:37:00,3.55,3.55,3.5,3.5,1900,0,8600.0,CE
2015-09-11 09:38:00,3.55,3.6,3.55,3.55,4900,0,8600.0,CE
2015-09-11 09:39:00,3.55,3.6,3.55,3.55,3175,0,8600.0,CE
2015-09-11 09:40:00,3.6,3.6,3.6,3.6,4750,0,8600.0,CE
2015-09-11 09:41:00,3.55,3.55,3.55,3.55,1275,0,8600.0,CE
2015-09-11 09:42:00,3.55,3.55,3.45,3.5,7425,0,8600.0,CE
2015-09-11 09:43:00,3.5,3.5,3.45,3.5,8100,0,8600.0,CE
2015-09-11 09:44:00,3.5,3.5,3.5,3.5,1025,0,8600.0,CE
2015-09-11 09:45:00,3.5,3.55,3.5,3.55,750,0,8600.0,CE
2015-09-11 09:46:00,3.5,3.55,3.5,3.5,10750,0,8600.0,CE
2015-09-11 09:47:00,3.5,3.5,3.45,3.5,10925,0,8600.0,CE
2015-09-11 09:48:00,3.55,3.55,3.5,3.55,3575,0,8600.0,CE
2015-09-11 09:49:00,3.55,3.55,3.5,3.5,1425,0,8600.0,CE
2015-09-11 09:50:00,3.5,3.55,3.5,3.55,300,0,8600.0,CE
2015-09-11 09:51:00,3.55,3.55,3.55,3.55,300,0,8600.0,CE
2015-09-11 09:52:00,3.5,3.55,3.5,3.55,600,0,8600.0,CE
2015-09-11 09:53:00,3.55,3.55,3.55,3.55,475,0,8600.0,CE
2015-09-11 09:55:00,3.5,3.5,3.5,3.5,25,0,8600.0,CE
2015-09-11 09:57:00,3.55,3.55,3.55,3.55,25,0,8600.0,CE
2015-09-11 09:58:00,3.5,3.5,3.5,3.5,300,0,8600.0,CE
2015-09-11 09:59:00,3.5,3.5,3.5,3.5,5175,0,8600.0,CE
2015-09-11 10:00:00,3.55,3.55,3.5,3.5,925,0,8600.0,CE
2015-09-11 10:01:00,3.55,3.55,3.55,3.55,250,0,8600.0,CE
2015-09-11 10:02:00,3.55,3.6,3.55,3.6,2100,0,8600.0,CE
2015-09-11 10:03:00,3.6,3.6,3.6,3.6,2050,0,8600.0,CE
2015-09-11 10:04:00,3.6,3.6,3.6,3.6,1575,0,8600.0,CE
2015-09-11 10:05:00,3.6,3.6,3.6,3.6,500,0,8600.0,CE
2015-09-11 10:06:00,3.6,3.6,3.6,3.6,50,0,8600.0,CE
2015-09-11 10:07:00,3.6,3.6,3.55,3.55,425,0,8600.0,CE
2015-09-11 10:08:00,3.55,3.6,3.55,3.55,1400,0,8600.0,CE
2015-09-11 10:09:00,3.55,3.6,3.55,3.55,3000,0,8600.0,CE
2015-09-11 10:10:00,3.55,3.55,3.55,3.55,525,0,8600.0,CE
2015-09-11 10:11:00,3.55,3.55,3.55,3.55,1175,0,8600.0,CE
2015-09-11 10:12:00,3.55,3.6,3.5,3.55,2100,0,8600.0,CE
2015-09-11 10:13:00,3.55,3.55,3.55,3.55,325,0,8600.0,CE
2015-09-11 10:14:00,3.55,3.55,3.55,3.55,200,0,8600.0,CE
2015-09-11 10:15:00,3.6,3.6,3.6,3.6,725,0,8600.0,CE
2015-09-11 10:16:00,3.6,3.65,3.6,3.65,1100,0,8600.0,CE
2015-09-11 10:17:00,3.65,3.65,3.6,3.6,450,0,8600.0,CE
2015-09-11 10:18:00,3.65,3.65,3.65,3.65,250,0,8600.0,CE
2015-09-11 10:19:00,3.65,3.65,3.6,3.6,1350,0,8600.0,CE
2015-09-11 10:20:00,3.65,3.65,3.65,3.65,400,0,8600.0,CE
2015-09-11 10:21:00,3.65,3.65,3.6,3.6,850,0,8600.0,CE
2015-09-11 10:22:00,3.6,3.6,3.6,3.6,350,0,8600.0,CE
2015-09-11 10:23:00,3.6,3.6,3.6,3.6,6575,0,8600.0,CE
2015-09-11 10:24:00,3.6,3.6,3.6,3.6,725,0,8600.0,CE
2015-09-11 10:25:00,3.55,3.55,3.55,3.55,175,0,8600.0,CE
2015-09-11 10:26:00,3.55,3.6,3.5,3.6,2150,0,8600.0,CE
2015-09-11 10:29:00,3.55,3.55,3.55,3.55,25,0,8600.0,CE
2015-09-11 10:30:00,3.55,3.6,3.55,3.6,175,0,8600.0,CE
2015-09-11 10:31:00,3.6,3.6,3.6,3.6,500,0,8600.0,CE
2015-09-11 10:32:00,3.6,3.6,3.6,3.6,2300,0,8600.0,CE
2015-09-11 10:33:00,3.6,3.6,3.55,3.55,650,0,8600.0,CE
2015-09-11 10:34:00,3.5,3.55,3.5,3.55,2400,0,8600.0,CE
2015-09-11 10:35:00,3.5,3.5,3.5,3.5,1000,0,8600.0,CE
2015-09-11 10:36:00,3.5,3.5,3.5,3.5,1850,0,8600.0,CE
2015-09-11 10:37:00,3.5,3.5,3.45,3.5,925,0,8600.0,CE
2015-09-11 10:38:00,3.5,3.5,3.45,3.45,4600,0,8600.0,CE
2015-09-11 10:39:00,3.5,3.5,3.5,3.5,100,0,8600.0,CE
2015-09-11 10:40:00,3.5,3.5,3.5,3.5,150,0,8600.0,CE
2015-09-11 10:41:00,3.45,3.5,3.45,3.45,5850,0,8600.0,CE
2015-09-11 10:42:00,3.45,3.45,3.4,3.45,2875,0,8600.0,CE
2015-09-11 10:43:00,3.4,3.4,3.4,3.4,200,0,8600.0,CE
2015-09-11 10:44:00,3.4,3.45,3.4,3.45,3350,0,8600.0,CE
2015-09-11 10:45:00,3.45,3.5,3.4,3.5,7425,0,8600.0,CE
2015-09-11 10:46:00,3.45,3.5,3.45,3.5,2400,0,8600.0,CE
2015-09-11 10:47:00,3.45,3.5,3.45,3.45,4150,0,8600.0,CE
2015-09-11 10:48:00,3.45,3.45,3.45,3.45,1625,0,8600.0,CE
2015-09-11 10:49:00,3.45,3.45,3.4,3.45,450,0,8600.0,CE
2015-09-11 10:50:00,3.45,3.45,3.45,3.45,75,0,8600.0,CE
2015-09-11 10:51:00,3.45,3.45,3.45,3.45,325,0,8600.0,CE
2015-09-11 10:52:00,3.4,3.4,3.4,3.4,250,0,8600.0,CE
2015-09-11 10:53:00,3.45,3.45,3.4,3.45,1825,0,8600.0,CE
2015-09-11 10:54:00,3.45,3.5,3.45,3.5,400,0,8600.0,CE
2015-09-11 10:55:00,3.45,3.45,3.45,3.45,150,0,8600.0,CE
2015-09-11 10:56:00,3.45,3.45,3.45,3.45,125,0,8600.0,CE
2015-09-11 10:57:00,3.45,3.45,3.45,3.45,4975,0,8600.0,CE
2015-09-11 10:58:00,3.45,3.45,3.45,3.45,1525,0,8600.0,CE
2015-09-11 10:59:00,3.45,3.45,3.4,3.4,1875,0,8600.0,CE
2015-09-11 11:00:00,3.45,3.45,3.45,3.45,350,0,8600.0,CE
2015-09-11 11:01:00,3.45,3.45,3.4,3.4,50,0,8600.0,CE
2015-09-11 11:02:00,3.45,3.45,3.4,3.45,4350,0,8600.0,CE
2015-09-11 11:03:00,3.45,3.45,3.45,3.45,1975,0,8600.0,CE
2015-09-11 11:04:00,3.4,3.45,3.4,3.4,8400,0,8600.0,CE
2015-09-11 11:05:00,3.45,3.45,3.4,3.45,700,0,8600.0,CE
2015-09-11 11:06:00,3.45,3.45,3.45,3.45,50,0,8600.0,CE
2015-09-11 11:07:00,3.4,3.4,3.4,3.4,825,0,8600.0,CE
2015-09-11 11:08:00,3.4,3.45,3.4,3.45,200,0,8600.0,CE
2015-09-11 11:09:00,3.4,3.4,3.4,3.4,375,0,8600.0,CE
2015-09-11 11:10:00,3.35,3.4,3.3,3.3,8275,0,8600.0,CE
2015-09-11 11:11:00,3.4,3.4,3.25,3.3,9325,0,8600.0,CE
2015-09-11 11:12:00,3.3,3.3,3.25,3.25,4100,0,8600.0,CE
2015-09-11 11:13:00,3.25,3.25,3.2,3.2,2475,0,8600.0,CE
2015-09-11 11:14:00,3.2,3.25,3.2,3.2,4375,0,8600.0,CE
2015-09-11 11:15:00,3.25,3.25,3.25,3.25,7250,0,8600.0,CE
2015-09-11 11:16:00,3.25,3.25,3.25,3.25,375,0,8600.0,CE
2015-09-11 11:17:00,3.25,3.25,3.25,3.25,7650,0,8600.0,CE
2015-09-11 11:18:00,3.25,3.25,3.25,3.25,975,0,8600.0,CE
2015-09-11 11:19:00,3.25,3.25,3.25,3.25,375,0,8600.0,CE
2015-09-11 11:20:00,3.2,3.25,3.2,3.25,1175,0,8600.0,CE
2015-09-11 11:21:00,3.25,3.25,3.25,3.25,2025,0,8600.0,CE
2015-09-11 11:22:00,3.25,3.25,3.25,3.25,7400,0,8600.0,CE
2015-09-11 11:23:00,3.25,3.3,3.25,3.3,4625,0,8600.0,CE
2015-09-11 11:24:00,3.3,3.3,3.25,3.25,2475,0,8600.0,CE
2015-09-11 11:25:00,3.25,3.25,3.25,3.25,750,0,8600.0,CE
2015-09-11 11:26:00,3.2,3.25,3.2,3.25,75,0,8600.0,CE
2015-09-11 11:27:00,3.2,3.25,3.2,3.25,2050,0,8600.0,CE
2015-09-11 11:28:00,3.25,3.25,3.2,3.2,2475,0,8600.0,CE
2015-09-11 11:29:00,3.2,3.2,3.2,3.2,450,0,8600.0,CE
2015-09-11 11:30:00,3.25,3.25,3.2,3.2,1500,0,8600.0,CE
2015-09-11 11:31:00,3.2,3.25,3.2,3.25,925,0,8600.0,CE
2015-09-11 11:32:00,3.2,3.2,3.15,3.15,8350,0,8600.0,CE
2015-09-11 11:33:00,3.15,3.2,3.1,3.1,1800,0,8600.0,CE
2015-09-11 11:34:00,3.15,3.2,3.1,3.15,1550,0,8600.0,CE
2015-09-11 11:35:00,3.2,3.2,3.2,3.2,3375,0,8600.0,CE
2015-09-11 11:37:00,3.15,3.2,3.15,3.2,1575,0,8600.0,CE
2015-09-11 11:39:00,3.15,3.15,3.15,3.15,475,0,8600.0,CE
2015-09-11 11:40:00,3.15,3.2,3.15,3.2,4800,0,8600.0,CE
2015-09-11 11:41:00,3.2,3.25,3.2,3.2,875,0,8600.0,CE
2015-09-11 11:42:00,3.25,3.25,3.25,3.25,500,0,8600.0,CE
2015-09-11 11:43:00,3.2,3.25,3.2,3.25,625,0,8600.0,CE
2015-09-11 11:44:00,3.25,3.25,3.25,3.25,14425,0,8600.0,CE
2015-09-11 11:45:00,3.25,3.25,3.25,3.25,525,0,8600.0,CE
2015-09-11 11:46:00,3.25,3.25,3.25,3.25,50,0,8600.0,CE
2015-09-11 11:47:00,3.25,3.25,3.25,3.25,400,0,8600.0,CE
2015-09-11 11:48:00,3.25,3.25,3.25,3.25,275,0,8600.0,CE
2015-09-11 11:49:00,3.2,3.25,3.2,3.25,650,0,8600.0,CE
2015-09-11 11:50:00,3.2,3.2,3.2,3.2,500,0,8600.0,CE
2015-09-11 11:51:00,3.25,3.25,3.25,3.25,5400,0,8600.0,CE
2015-09-11 11:53:00,3.25,3.25,3.25,3.25,175,0,8600.0,CE
2015-09-11 11:54:00,3.3,3.3,3.3,3.3,3375,0,8600.0,CE
2015-09-11 11:55:00,3.3,3.3,3.3,3.3,3225,0,8600.0,CE
2015-09-11 11:56:00,3.3,3.3,3.3,3.3,50,0,8600.0,CE
2015-09-11 11:57:00,3.3,3.3,3.3,3.3,700,0,8600.0,CE
2015-09-11 11:58:00,3.3,3.3,3.3,3.3,1800,0,8600.0,CE
2015-09-11 11:59:00,3.3,3.3,3.3,3.3,2350,0,8600.0,CE
2015-09-11 12:00:00,3.3,3.3,3.3,3.3,3675,0,8600.0,CE
2015-09-11 12:01:00,3.3,3.3,3.3,3.3,4200,0,8600.0,CE
2015-09-11 12:02:00,3.35,3.4,3.3,3.4,14050,0,8600.0,CE
2015-09-11 12:03:00,3.35,3.35,3.3,3.3,2325,0,8600.0,CE
2015-09-11 12:04:00,3.3,3.3,3.3,3.3,625,0,8600.0,CE
2015-09-11 12:05:00,3.3,3.3,3.3,3.3,450,0,8600.0,CE
2015-09-11 12:06:00,3.3,3.3,3.25,3.25,3125,0,8600.0,CE
2015-09-11 12:07:00,3.25,3.3,3.25,3.25,2750,0,8600.0,CE
2015-09-11 12:08:00,3.25,3.25,3.2,3.25,275,0,8600.0,CE
2015-09-11 12:09:00,3.25,3.25,3.25,3.25,75,0,8600.0,CE
2015-09-11 12:12:00,3.25,3.25,3.25,3.25,225,0,8600.0,CE
2015-09-11 12:13:00,3.25,3.25,3.25,3.25,325,0,8600.0,CE
2015-09-11 12:14:00,3.25,3.25,3.25,3.25,1525,0,8600.0,CE
2015-09-11 12:15:00,3.3,3.3,3.25,3.25,250,0,8600.0,CE
2015-09-11 12:16:00,3.3,3.3,3.25,3.25,2600,0,8600.0,CE
2015-09-11 12:17:00,3.25,3.25,3.2,3.2,1150,0,8600.0,CE
2015-09-11 12:18:00,3.25,3.25,3.2,3.2,1200,0,8600.0,CE
2015-09-11 12:19:00,3.25,3.25,3.25,3.25,525,0,8600.0,CE
2015-09-11 12:20:00,3.25,3.25,3.2,3.2,850,0,8600.0,CE
2015-09-11 12:21:00,3.2,3.2,3.2,3.2,50,0,8600.0,CE
2015-09-11 12:22:00,3.2,3.2,3.2,3.2,50,0,8600.0,CE
2015-09-11 12:23:00,3.2,3.2,3.2,3.2,350,0,8600.0,CE
2015-09-11 12:25:00,3.2,3.2,3.2,3.2,50,0,8600.0,CE
2015-09-11 12:26:00,3.2,3.2,3.2,3.2,575,0,8600.0,CE
2015-09-11 12:27:00,3.25,3.25,3.25,3.25,650,0,8600.0,CE
2015-09-11 12:28:00,3.25,3.25,3.25,3.25,50,0,8600.0,CE
2015-09-11 12:32:00,3.25,3.25,3.25,3.25,150,0,8600.0,CE
2015-09-11 12:33:00,3.2,3.2,3.2,3.2,125,0,8600.0,CE
2015-09-11 12:34:00,3.15,3.25,3.15,3.15,1925,0,8600.0,CE
2015-09-11 12:35:00,3.2,3.25,3.15,3.15,1275,0,8600.0,CE
2015-09-11 12:36:00,3.15,3.2,3.15,3.2,575,0,8600.0,CE
2015-09-11 12:37:00,3.2,3.2,3.15,3.15,350,0,8600.0,CE
2015-09-11 12:38:00,3.15,3.2,3.15,3.2,100,0,8600.0,CE
2015-09-11 12:39:00,3.2,3.35,3.2,3.3,21600,0,8600.0,CE
2015-09-11 12:40:00,3.3,3.3,3.25,3.25,650,0,8600.0,CE
2015-09-11 12:42:00,3.3,3.3,3.3,3.3,100,0,8600.0,CE
2015-09-11 12:43:00,3.2,3.3,3.2,3.3,225,0,8600.0,CE
2015-09-11 12:44:00,3.3,3.3,3.3,3.3,100,0,8600.0,CE
2015-09-11 12:45:00,3.3,3.3,3.25,3.25,675,0,8600.0,CE
2015-09-11 12:46:00,3.2,3.2,3.2,3.2,225,0,8600.0,CE
2015-09-11 12:47:00,3.15,3.2,3.15,3.2,975,0,8600.0,CE
2015-09-11 12:48:00,3.2,3.2,3.2,3.2,675,0,8600.0,CE
2015-09-11 12:49:00,3.2,3.2,3.2,3.2,300,0,8600.0,CE
2015-09-11 12:50:00,3.2,3.2,3.15,3.2,975,0,8600.0,CE
2015-09-11 12:51:00,3.2,3.2,3.1,3.15,3500,0,8600.0,CE
2015-09-11 12:52:00,3.2,3.2,3.05,3.1,8800,0,8600.0,CE
2015-09-11 12:53:00,3.1,3.1,3.1,3.1,400,0,8600.0,CE
2015-09-11 12:54:00,3.1,3.1,3.1,3.1,575,0,8600.0,CE
2015-09-11 12:55:00,3.1,3.1,3.1,3.1,75,0,8600.0,CE
2015-09-11 12:56:00,3.1,3.1,3.1,3.1,250,0,8600.0,CE
2015-09-11 13:00:00,3.1,3.1,3.1,3.1,375,0,8600.0,CE
2015-09-11 13:01:00,3.1,3.1,3.1,3.1,2125,0,8600.0,CE
2015-09-11 13:02:00,3.1,3.1,3.1,3.1,750,0,8600.0,CE
2015-09-11 13:03:00,3.1,3.1,3.1,3.1,200,0,8600.0,CE
2015-09-11 13:04:00,3.1,3.1,3.1,3.1,25,0,8600.0,CE
2015-09-11 13:05:00,3.1,3.1,3.1,3.1,200,0,8600.0,CE
2015-09-11 13:06:00,3.1,3.1,3.1,3.1,100,0,8600.0,CE
2015-09-11 13:07:00,3.1,3.1,3.1,3.1,2525,0,8600.0,CE
2015-09-11 13:08:00,3.05,3.05,3.05,3.05,525,0,8600.0,CE
2015-09-11 13:09:00,3.05,3.05,2.85,2.9,12250,0,8600.0,CE
2015-09-11 13:10:00,2.95,3.0,2.9,2.95,3425,0,8600.0,CE
2015-09-11 13:11:00,2.9,3.0,2.9,3.0,13650,0,8600.0,CE
2015-09-11 13:12:00,3.0,3.0,2.95,3.0,9700,0,8600.0,CE
2015-09-11 13:13:00,3.0,3.05,3.0,3.05,3100,0,8600.0,CE
2015-09-11 13:14:00,3.05,3.05,3.0,3.0,1125,0,8600.0,CE
2015-09-11 13:15:00,3.0,3.0,3.0,3.0,1325,0,8600.0,CE
2015-09-11 13:16:00,3.0,3.0,3.0,3.0,725,0,8600.0,CE
2015-09-11 13:17:00,3.0,3.0,2.95,3.0,2125,0,8600.0,CE
2015-09-11 13:18:00,3.0,3.0,2.95,3.0,3800,0,8600.0,CE
2015-09-11 13:19:00,3.0,3.0,2.95,3.0,6375,0,8600.0,CE
2015-09-11 13:20:00,3.0,3.05,3.0,3.05,3450,0,8600.0,CE
2015-09-11 13:21:00,3.05,3.05,3.0,3.05,4300,0,8600.0,CE
2015-09-11 13:22:00,3.05,3.1,3.05,3.05,1275,0,8600.0,CE
2015-09-11 13:23:00,3.05,3.05,3.05,3.05,275,0,8600.0,CE
2015-09-11 13:24:00,3.05,3.05,3.05,3.05,200,0,8600.0,CE
2015-09-11 13:25:00,3.1,3.1,3.1,3.1,225,0,8600.0,CE
2015-09-11 13:26:00,3.1,3.1,3.05,3.1,4100,0,8600.0,CE
2015-09-11 13:27:00,3.05,3.1,3.05,3.1,2200,0,8600.0,CE
2015-09-11 13:28:00,3.1,3.1,3.1,3.1,625,0,8600.0,CE
2015-09-11 13:29:00,3.1,3.1,3.1,3.1,50,0,8600.0,CE
2015-09-11 13:30:00,3.1,3.15,3.1,3.15,675,0,8600.0,CE
2015-09-11 13:31:00,3.15,3.2,3.15,3.2,2975,0,8600.0,CE
2015-09-11 13:32:00,3.2,3.2,3.2,3.2,350,0,8600.0,CE
2015-09-11 13:33:00,3.2,3.2,3.2,3.2,1100,0,8600.0,CE
2015-09-11 13:34:00,3.15,3.15,3.15,3.15,375,0,8600.0,CE
2015-09-11 13:35:00,3.1,3.15,3.1,3.1,1925,0,8600.0,CE
2015-09-11 13:36:00,3.15,3.15,3.1,3.1,150,0,8600.0,CE
2015-09-11 13:37:00,3.15,3.2,3.15,3.2,8650,0,8600.0,CE
2015-09-11 13:38:00,3.15,3.2,3.15,3.15,1050,0,8600.0,CE
2015-09-11 13:39:00,3.15,3.2,3.15,3.2,3675,0,8600.0,CE
2015-09-11 13:40:00,3.2,3.2,3.2,3.2,1825,0,8600.0,CE
2015-09-11 13:41:00,3.2,3.25,3.2,3.2,4150,0,8600.0,CE
2015-09-11 13:42:00,3.2,3.25,3.2,3.25,3225,0,8600.0,CE
2015-09-11 13:43:00,3.25,3.3,3.25,3.3,4800,0,8600.0,CE
2015-09-11 13:44:00,3.3,3.3,3.25,3.25,3875,0,8600.0,CE
2015-09-11 13:45:00,3.25,3.25,3.25,3.25,3400,0,8600.0,CE
2015-09-11 13:46:00,3.25,3.25,3.2,3.25,4925,0,8600.0,CE
2015-09-11 13:47:00,3.2,3.2,3.2,3.2,275,0,8600.0,CE
2015-09-11 13:48:00,3.2,3.2,3.15,3.15,1250,0,8600.0,CE
2015-09-11 13:49:00,3.15,3.15,3.1,3.15,2825,0,8600.0,CE
2015-09-11 13:50:00,3.15,3.2,3.15,3.2,675,0,8600.0,CE
2015-09-11 13:51:00,3.2,3.2,3.1,3.1,4425,0,8600.0,CE
2015-09-11 13:52:00,3.15,3.2,3.15,3.2,9100,0,8600.0,CE
2015-09-11 13:54:00,3.2,3.2,3.2,3.2,700,0,8600.0,CE
2015-09-11 13:55:00,3.2,3.2,3.15,3.2,1525,0,8600.0,CE
2015-09-11 13:56:00,3.2,3.2,3.2,3.2,2400,0,8600.0,CE
2015-09-11 13:57:00,3.2,3.2,3.2,3.2,975,0,8600.0,CE
2015-09-11 13:58:00,3.2,3.2,3.2,3.2,25,0,8600.0,CE
2015-09-11 14:01:00,3.2,3.2,3.1,3.15,2075,0,8600.0,CE
2015-09-11 14:02:00,3.15,3.2,3.1,3.1,700,0,8600.0,CE
2015-09-11 14:03:00,3.15,3.2,3.15,3.15,175,0,8600.0,CE
2015-09-11 14:04:00,3.15,3.2,3.15,3.2,775,0,8600.0,CE
2015-09-11 14:05:00,3.2,3.2,3.15,3.2,700,0,8600.0,CE
2015-09-11 14:06:00,3.2,3.2,3.2,3.2,725,0,8600.0,CE
2015-09-11 14:07:00,3.2,3.25,3.2,3.25,550,0,8600.0,CE
2015-09-11 14:08:00,3.2,3.2,3.2,3.2,25,0,8600.0,CE
2015-09-11 14:09:00,3.2,3.2,3.2,3.2,375,0,8600.0,CE
2015-09-11 14:10:00,3.2,3.3,3.2,3.3,2200,0,8600.0,CE
2015-09-11 14:11:00,3.25,3.3,3.25,3.3,50,0,8600.0,CE
2015-09-11 14:12:00,3.25,3.25,3.2,3.2,800,0,8600.0,CE
2015-09-11 14:13:00,3.2,3.2,3.2,3.2,950,0,8600.0,CE
2015-09-11 14:15:00,3.2,3.2,3.2,3.2,150,0,8600.0,CE
2015-09-11 14:16:00,3.2,3.25,3.2,3.25,225,0,8600.0,CE
2015-09-11 14:17:00,3.2,3.25,3.15,3.2,675,0,8600.0,CE
2015-09-11 14:18:00,3.15,3.15,3.15,3.15,25,0,8600.0,CE
2015-09-11 14:19:00,3.2,3.2,3.2,3.2,1450,0,8600.0,CE
2015-09-11 14:20:00,3.2,3.2,3.2,3.2,1250,0,8600.0,CE
2015-09-11 14:21:00,3.2,3.25,3.2,3.25,100,0,8600.0,CE
2015-09-11 14:22:00,3.25,3.3,3.25,3.3,950,0,8600.0,CE
2015-09-11 14:23:00,3.3,3.3,3.3,3.3,1450,0,8600.0,CE
2015-09-11 14:24:00,3.35,3.35,3.3,3.3,1525,0,8600.0,CE
2015-09-11 14:25:00,3.3,3.3,3.3,3.3,25,0,8600.0,CE
2015-09-11 14:26:00,3.4,3.4,3.3,3.3,500,0,8600.0,CE
2015-09-11 14:27:00,3.3,3.35,3.3,3.3,3325,0,8600.0,CE
2015-09-11 14:28:00,3.35,3.35,3.35,3.35,1200,0,8600.0,CE
2015-09-11 14:30:00,3.35,3.4,3.35,3.35,7150,0,8600.0,CE
2015-09-11 14:31:00,3.35,3.35,3.3,3.35,4700,0,8600.0,CE
2015-09-11 14:32:00,3.35,3.35,3.3,3.3,2550,0,8600.0,CE
2015-09-11 14:33:00,3.3,3.35,3.3,3.35,4125,0,8600.0,CE
2015-09-11 14:34:00,3.35,3.35,3.3,3.35,3500,0,8600.0,CE
2015-09-11 14:35:00,3.35,3.35,3.35,3.35,4100,0,8600.0,CE
2015-09-11 14:36:00,3.35,3.35,3.3,3.35,8075,0,8600.0,CE
2015-09-11 14:37:00,3.35,3.35,3.3,3.3,2425,0,8600.0,CE
2015-09-11 14:38:00,3.35,3.35,3.3,3.35,2200,0,8600.0,CE
2015-09-11 14:39:00,3.3,3.3,3.3,3.3,3450,0,8600.0,CE
2015-09-11 14:41:00,3.3,3.35,3.3,3.35,800,0,8600.0,CE
2015-09-11 14:42:00,3.35,3.35,3.3,3.3,4575,0,8600.0,CE
2015-09-11 14:43:00,3.35,3.35,3.25,3.3,3475,0,8600.0,CE
2015-09-11 14:44:00,3.35,3.35,3.3,3.3,1975,0,8600.0,CE
2015-09-11 14:46:00,3.3,3.3,3.3,3.3,3600,0,8600.0,CE
2015-09-11 14:47:00,3.3,3.35,3.3,3.35,325,0,8600.0,CE
2015-09-11 14:48:00,3.35,3.4,3.35,3.35,675,0,8600.0,CE
2015-09-11 14:49:00,3.4,3.4,3.4,3.4,3150,0,8600.0,CE
2015-09-11 14:50:00,3.4,3.4,3.4,3.4,375,0,8600.0,CE
2015-09-11 14:51:00,3.35,3.4,3.35,3.4,1450,0,8600.0,CE
2015-09-11 14:52:00,3.4,3.4,3.4,3.4,500,0,8600.0,CE
2015-09-11 14:53:00,3.4,3.4,3.4,3.4,725,0,8600.0,CE
2015-09-11 14:54:00,3.4,3.4,3.4,3.4,450,0,8600.0,CE
2015-09-11 14:55:00,3.45,3.45,3.4,3.4,150,0,8600.0,CE
2015-09-11 14:56:00,3.35,3.45,3.35,3.45,1500,0,8600.0,CE
2015-09-11 14:57:00,3.45,3.5,3.4,3.5,2925,0,8600.0,CE
2015-09-11 14:58:00,3.45,3.5,3.45,3.45,2825,0,8600.0,CE
2015-09-11 14:59:00,3.5,3.6,3.45,3.6,7000,0,8600.0,CE
2015-09-11 15:00:00,3.5,3.6,3.5,3.5,11375,0,8600.0,CE
2015-09-11 15:01:00,3.5,3.5,3.4,3.4,4400,0,8600.0,CE
2015-09-11 15:02:00,3.45,3.5,3.45,3.5,6575,0,8600.0,CE
2015-09-11 15:03:00,3.55,3.55,3.5,3.5,2900,0,8600.0,CE
2015-09-11 15:04:00,3.5,3.5,3.5,3.5,1775,0,8600.0,CE
2015-09-11 15:05:00,3.5,3.5,3.5,3.5,1175,0,8600.0,CE
2015-09-11 15:06:00,3.5,3.5,3.5,3.5,400,0,8600.0,CE
2015-09-11 15:07:00,3.5,3.5,3.45,3.45,1775,0,8600.0,CE
2015-09-11 15:08:00,3.45,3.45,3.4,3.45,2850,0,8600.0,CE
2015-09-11 15:09:00,3.4,3.4,3.35,3.4,5075,0,8600.0,CE
2015-09-11 15:10:00,3.4,3.4,3.25,3.25,1975,0,8600.0,CE
2015-09-11 15:11:00,3.25,3.3,3.2,3.3,2800,0,8600.0,CE
2015-09-11 15:12:00,3.3,3.3,3.3,3.3,2150,0,8600.0,CE
2015-09-11 15:13:00,3.3,3.3,3.2,3.3,6500,0,8600.0,CE
2015-09-11 15:14:00,3.25,3.25,3.1,3.1,17350,0,8600.0,CE
2015-09-11 15:15:00,3.1,3.1,3.0,3.0,13450,0,8600.0,CE
2015-09-11 15:16:00,3.0,3.05,3.0,3.05,6700,0,8600.0,CE
2015-09-11 15:17:00,3.0,3.1,3.0,3.05,4700,0,8600.0,CE
2015-09-11 15:18:00,3.05,3.15,3.05,3.15,11025,0,8600.0,CE
2015-09-11 15:19:00,3.15,3.2,3.15,3.2,1800,0,8600.0,CE
2015-09-11 15:20:00,3.2,3.2,3.15,3.15,2200,0,8600.0,CE
2015-09-11 15:21:00,3.15,3.15,3.15,3.15,8825,0,8600.0,CE
2015-09-11 15:22:00,3.1,3.15,3.1,3.15,5700,0,8600.0,CE
2015-09-11 15:23:00,3.2,3.2,3.15,3.15,9125,0,8600.0,CE
2015-09-11 15:24:00,3.15,3.15,3.05,3.1,8425,0,8600.0,CE
2015-09-11 15:25:00,3.05,3.1,3.0,3.1,7800,0,8600.0,CE
2015-09-11 15:26:00,3.05,3.05,3.0,3.05,525,0,8600.0,CE
2015-09-11 15:27:00,3.1,3.1,3.05,3.05,5600,0,8600.0,CE
2015-09-11 15:28:00,3.05,3.05,3.05,3.05,4900,0,8600.0,CE
2015-09-11 15:29:00,3.05,3.1,3.0,3.1,10525,0,8600.0,CE
2015-09-14 09:15:00,3.35,3.35,2.45,2.45,10550,0,8600.0,CE
2015-09-14 09:16:00,2.45,2.55,2.45,2.55,5525,0,8600.0,CE
2015-09-14 09:17:00,2.55,2.8,2.55,2.75,10225,0,8600.0,CE
2015-09-14 09:18:00,2.8,2.8,2.75,2.75,1200,0,8600.0,CE
2015-09-14 09:19:00,2.75,2.8,2.75,2.8,1275,0,8600.0,CE
2015-09-14 09:20:00,2.7,2.85,2.7,2.8,8250,0,8600.0,CE
2015-09-14 09:21:00,2.8,2.8,2.7,2.7,7125,0,8600.0,CE
2015-09-14 09:22:00,2.7,2.7,2.6,2.65,4450,0,8600.0,CE
2015-09-14 09:23:00,2.65,2.7,2.6,2.65,2975,0,8600.0,CE
2015-09-14 09:24:00,2.7,2.85,2.7,2.85,6675,0,8600.0,CE
2015-09-14 09:25:00,2.8,2.8,2.8,2.8,2875,0,8600.0,CE
2015-09-14 09:26:00,2.8,2.8,2.75,2.75,1000,0,8600.0,CE
2015-09-14 09:27:00,2.75,2.75,2.6,2.65,14800,0,8600.0,CE
2015-09-14 09:28:00,2.65,2.65,2.6,2.6,4650,0,8600.0,CE
2015-09-14 09:29:00,2.6,2.65,2.55,2.65,1625,0,8600.0,CE
2015-09-14 09:30:00,2.65,2.65,2.65,2.65,950,0,8600.0,CE
2015-09-14 09:31:00,2.7,2.7,2.7,2.7,50,0,8600.0,CE
2015-09-14 09:32:00,2.65,2.65,2.6,2.6,5600,0,8600.0,CE
2015-09-14 09:33:00,2.6,2.6,2.6,2.6,8475,0,8600.0,CE
2015-09-14 09:34:00,2.55,2.55,2.5,2.55,6775,0,8600.0,CE
2015-09-14 09:35:00,2.55,2.55,2.5,2.55,900,0,8600.0,CE
2015-09-14 09:36:00,2.5,2.5,2.5,2.5,1050,0,8600.0,CE
2015-09-14 09:37:00,2.5,2.55,2.45,2.5,11100,0,8600.0,CE
2015-09-14 09:38:00,2.45,2.5,2.45,2.5,1350,0,8600.0,CE
2015-09-14 09:39:00,2.45,2.45,2.4,2.4,6250,0,8600.0,CE
2015-09-14 09:40:00,2.45,2.45,2.45,2.45,3750,0,8600.0,CE
2015-09-14 09:41:00,2.45,2.45,2.4,2.4,6050,0,8600.0,CE
2015-09-14 09:42:00,2.45,2.45,2.45,2.45,1925,0,8600.0,CE
2015-09-14 09:43:00,2.5,2.55,2.5,2.55,2225,0,8600.0,CE
2015-09-14 09:44:00,2.5,2.5,2.5,2.5,675,0,8600.0,CE
2015-09-14 09:45:00,2.55,2.6,2.55,2.55,1925,0,8600.0,CE
2015-09-14 09:46:00,2.55,2.6,2.55,2.6,1625,0,8600.0,CE
2015-09-14 09:47:00,2.6,2.6,2.6,2.6,2775,0,8600.0,CE
2015-09-14 09:48:00,2.6,2.6,2.6,2.6,450,0,8600.0,CE
2015-09-14 09:49:00,2.65,2.65,2.65,2.65,1350,0,8600.0,CE
2015-09-14 09:50:00,2.65,2.65,2.65,2.65,525,0,8600.0,CE
2015-09-14 09:51:00,2.65,2.65,2.65,2.65,325,0,8600.0,CE
2015-09-14 09:52:00,2.65,2.65,2.65,2.65,125,0,8600.0,CE
2015-09-14 09:53:00,2.65,2.65,2.65,2.65,150,0,8600.0,CE
2015-09-14 09:54:00,2.65,2.7,2.65,2.65,2525,0,8600.0,CE
2015-09-14 09:55:00,2.65,2.7,2.65,2.65,2000,0,8600.0,CE
2015-09-14 09:56:00,2.65,2.65,2.6,2.6,700,0,8600.0,CE
2015-09-14 09:59:00,2.55,2.6,2.55,2.6,3275,0,8600.0,CE
2015-09-14 10:00:00,2.6,2.65,2.6,2.65,1075,0,8600.0,CE
2015-09-14 10:01:00,2.65,2.65,2.65,2.65,75,0,8600.0,CE
2015-09-14 10:02:00,2.65,2.65,2.65,2.65,50,0,8600.0,CE
2015-09-14 10:03:00,2.65,2.65,2.65,2.65,625,0,8600.0,CE
2015-09-14 10:04:00,2.65,2.65,2.65,2.65,250,0,8600.0,CE
2015-09-14 10:05:00,2.7,2.7,2.7,2.7,5900,0,8600.0,CE
2015-09-14 10:06:00,2.7,2.7,2.7,2.7,125,0,8600.0,CE
2015-09-14 10:08:00,2.7,2.7,2.7,2.7,1425,0,8600.0,CE
2015-09-14 10:09:00,2.7,2.7,2.7,2.7,1425,0,8600.0,CE
2015-09-14 10:10:00,2.7,2.7,2.7,2.7,200,0,8600.0,CE
2015-09-14 10:11:00,2.7,2.7,2.7,2.7,50,0,8600.0,CE
2015-09-14 10:12:00,2.7,2.75,2.7,2.7,775,0,8600.0,CE
2015-09-14 10:13:00,2.7,2.75,2.7,2.75,5025,0,8600.0,CE
2015-09-14 10:14:00,2.7,2.7,2.7,2.7,225,0,8600.0,CE
2015-09-14 10:16:00,2.65,2.65,2.65,2.65,100,0,8600.0,CE
2015-09-14 10:17:00,2.7,2.7,2.7,2.7,1400,0,8600.0,CE
2015-09-14 10:18:00,2.7,2.75,2.7,2.75,1975,0,8600.0,CE
2015-09-14 10:19:00,2.75,2.95,2.75,2.8,9675,0,8600.0,CE
2015-09-14 10:20:00,2.85,3.0,2.8,3.0,7275,0,8600.0,CE
2015-09-14 10:21:00,3.0,3.05,2.9,2.9,16300,0,8600.0,CE
2015-09-14 10:22:00,2.9,2.95,2.9,2.9,1325,0,8600.0,CE
2015-09-14 10:23:00,2.85,2.85,2.8,2.85,2075,0,8600.0,CE
2015-09-14 10:24:00,2.85,2.85,2.75,2.8,625,0,8600.0,CE
2015-09-14 10:25:00,2.8,2.8,2.8,2.8,2500,0,8600.0,CE
2015-09-14 10:26:00,2.8,2.8,2.8,2.8,150,0,8600.0,CE
2015-09-14 10:27:00,2.8,2.8,2.75,2.75,1525,0,8600.0,CE
2015-09-14 10:28:00,2.8,2.8,2.7,2.7,150,0,8600.0,CE
2015-09-14 10:29:00,2.75,2.75,2.75,2.75,25,0,8600.0,CE
2015-09-14 10:30:00,2.8,2.8,2.75,2.75,1025,0,8600.0,CE
2015-09-14 10:31:00,2.85,2.85,2.85,2.85,300,0,8600.0,CE
2015-09-14 10:32:00,2.9,2.9,2.9,2.9,25,0,8600.0,CE
2015-09-14 10:33:00,2.85,2.9,2.85,2.9,725,0,8600.0,CE
2015-09-14 10:34:00,2.9,2.95,2.85,2.85,500,0,8600.0,CE
2015-09-14 10:38:00,2.85,2.85,2.85,2.85,200,0,8600.0,CE
2015-09-14 10:39:00,2.8,2.8,2.8,2.8,200,0,8600.0,CE
2015-09-14 10:40:00,2.85,2.85,2.85,2.85,1000,0,8600.0,CE
2015-09-14 10:43:00,2.9,2.9,2.9,2.9,325,0,8600.0,CE
2015-09-14 10:44:00,2.95,2.95,2.9,2.95,575,0,8600.0,CE
2015-09-14 10:45:00,2.95,3.0,2.95,2.95,900,0,8600.0,CE
2015-09-14 10:46:00,3.0,3.0,3.0,3.0,150,0,8600.0,CE
2015-09-14 10:48:00,2.95,2.95,2.9,2.9,350,0,8600.0,CE
2015-09-14 10:49:00,2.95,2.95,2.9,2.95,5025,0,8600.0,CE
2015-09-14 10:50:00,2.95,2.95,2.95,2.95,425,0,8600.0,CE
2015-09-14 10:51:00,2.9,3.0,2.9,3.0,1100,0,8600.0,CE
2015-09-14 10:52:00,3.0,3.0,2.95,2.95,925,0,8600.0,CE
2015-09-14 10:53:00,2.95,2.95,2.95,2.95,1050,0,8600.0,CE
2015-09-14 10:54:00,3.0,3.0,2.95,2.95,250,0,8600.0,CE
2015-09-14 10:55:00,2.9,2.9,2.9,2.9,75,0,8600.0,CE
2015-09-14 10:57:00,2.95,2.95,2.95,2.95,400,0,8600.0,CE
2015-09-14 10:58:00,2.95,2.95,2.95,2.95,925,0,8600.0,CE
2015-09-14 10:59:00,2.95,2.95,2.95,2.95,875,0,8600.0,CE
2015-09-14 11:00:00,2.95,2.95,2.95,2.95,450,0,8600.0,CE
2015-09-14 11:01:00,2.95,2.95,2.95,2.95,100,0,8600.0,CE
2015-09-14 11:02:00,2.95,2.95,2.9,2.9,3775,0,8600.0,CE
2015-09-14 11:03:00,2.9,2.9,2.9,2.9,150,0,8600.0,CE
2015-09-14 11:04:00,2.9,2.95,2.9,2.9,550,0,8600.0,CE
2015-09-14 11:05:00,2.9,2.9,2.85,2.85,1825,0,8600.0,CE
2015-09-14 11:06:00,2.85,2.85,2.85,2.85,1325,0,8600.0,CE
2015-09-14 11:07:00,2.85,2.85,2.8,2.8,2675,0,8600.0,CE
2015-09-14 11:08:00,2.85,2.85,2.8,2.8,1300,0,8600.0,CE
2015-09-14 11:09:00,2.85,2.85,2.85,2.85,1050,0,8600.0,CE
2015-09-14 11:11:00,2.9,2.9,2.9,2.9,3550,0,8600.0,CE
2015-09-14 11:12:00,2.9,2.9,2.9,2.9,5050,0,8600.0,CE
2015-09-14 11:13:00,2.9,2.9,2.9,2.9,525,0,8600.0,CE
2015-09-14 11:14:00,2.9,2.9,2.85,2.85,775,0,8600.0,CE
2015-09-14 11:16:00,2.85,2.85,2.85,2.85,500,0,8600.0,CE
2015-09-14 11:17:00,2.9,2.9,2.9,2.9,400,0,8600.0,CE
2015-09-14 11:18:00,2.9,2.9,2.85,2.85,350,0,8600.0,CE
2015-09-14 11:19:00,2.9,2.9,2.85,2.85,250,0,8600.0,CE
2015-09-14 11:20:00,2.85,2.85,2.85,2.85,175,0,8600.0,CE
2015-09-14 11:21:00,2.85,2.85,2.85,2.85,50,0,8600.0,CE
2015-09-14 11:22:00,2.85,2.85,2.85,2.85,50,0,8600.0,CE
2015-09-14 11:23:00,2.85,2.85,2.85,2.85,400,0,8600.0,CE
2015-09-14 11:24:00,2.85,2.85,2.85,2.85,150,0,8600.0,CE
2015-09-14 11:25:00,2.85,2.9,2.85,2.85,1250,0,8600.0,CE
2015-09-14 11:26:00,2.85,2.85,2.85,2.85,4050,0,8600.0,CE
2015-09-14 11:27:00,2.8,2.8,2.8,2.8,175,0,8600.0,CE
2015-09-14 11:28:00,2.8,2.8,2.8,2.8,325,0,8600.0,CE
2015-09-14 11:29:00,2.8,2.85,2.8,2.8,1650,0,8600.0,CE
2015-09-14 11:30:00,2.8,2.8,2.7,2.7,3125,0,8600.0,CE
2015-09-14 11:31:00,2.75,2.75,2.75,2.75,25,0,8600.0,CE
2015-09-14 11:32:00,2.8,2.8,2.75,2.8,750,0,8600.0,CE
2015-09-14 11:33:00,2.8,2.8,2.75,2.75,1000,0,8600.0,CE
2015-09-14 11:34:00,2.8,2.8,2.8,2.8,75,0,8600.0,CE
2015-09-14 11:35:00,2.85,2.85,2.8,2.8,2325,0,8600.0,CE
2015-09-14 11:36:00,2.85,2.85,2.8,2.85,1600,0,8600.0,CE
2015-09-14 11:37:00,2.8,2.8,2.75,2.75,575,0,8600.0,CE
2015-09-14 11:38:00,2.8,2.85,2.8,2.8,2575,0,8600.0,CE
2015-09-14 11:40:00,2.75,2.75,2.75,2.75,1000,0,8600.0,CE
2015-09-14 11:42:00,2.75,2.75,2.7,2.7,750,0,8600.0,CE
2015-09-14 11:43:00,2.75,2.8,2.75,2.8,150,0,8600.0,CE
2015-09-14 11:44:00,2.8,2.8,2.8,2.8,75,0,8600.0,CE
2015-09-14 11:46:00,2.8,2.8,2.8,2.8,75,0,8600.0,CE
2015-09-14 11:49:00,2.8,2.8,2.8,2.8,25,0,8600.0,CE
2015-09-14 11:51:00,2.75,2.75,2.75,2.75,875,0,8600.0,CE
2015-09-14 11:52:00,2.75,2.75,2.75,2.75,3100,0,8600.0,CE
2015-09-14 11:53:00,2.8,2.8,2.8,2.8,225,0,8600.0,CE
2015-09-14 11:54:00,2.75,2.75,2.75,2.75,1375,0,8600.0,CE
2015-09-14 11:55:00,2.75,2.75,2.75,2.75,250,0,8600.0,CE
2015-09-14 11:56:00,2.75,2.8,2.75,2.75,1125,0,8600.0,CE
2015-09-14 11:57:00,2.75,2.8,2.75,2.8,600,0,8600.0,CE
2015-09-14 11:58:00,2.8,2.8,2.8,2.8,50,0,8600.0,CE
2015-09-14 11:59:00,2.8,2.8,2.75,2.8,2350,0,8600.0,CE
2015-09-14 12:00:00,2.8,2.8,2.75,2.8,1325,0,8600.0,CE
2015-09-14 12:01:00,2.8,2.8,2.8,2.8,450,0,8600.0,CE
2015-09-14 12:02:00,2.85,2.85,2.8,2.85,425,0,8600.0,CE
2015-09-14 12:03:00,2.8,2.8,2.8,2.8,475,0,8600.0,CE
2015-09-14 12:04:00,2.8,2.8,2.8,2.8,425,0,8600.0,CE
2015-09-14 12:05:00,2.8,2.8,2.8,2.8,100,0,8600.0,CE
2015-09-14 12:06:00,2.8,2.8,2.8,2.8,25,0,8600.0,CE
2015-09-14 12:07:00,2.85,2.85,2.85,2.85,50,0,8600.0,CE
2015-09-14 12:09:00,2.8,2.8,2.8,2.8,575,0,8600.0,CE
2015-09-14 12:10:00,2.75,2.8,2.75,2.8,150,0,8600.0,CE
2015-09-14 12:11:00,2.7,2.7,2.7,2.7,250,0,8600.0,CE
2015-09-14 12:12:00,2.75,2.75,2.75,2.75,325,0,8600.0,CE
2015-09-14 12:13:00,2.75,2.8,2.75,2.8,700,0,8600.0,CE
2015-09-14 12:15:00,2.75,2.75,2.75,2.75,75,0,8600.0,CE
2015-09-14 12:16:00,2.75,2.75,2.75,2.75,100,0,8600.0,CE
2015-09-14 12:17:00,2.75,2.75,2.75,2.75,100,0,8600.0,CE
2015-09-14 12:18:00,2.7,2.7,2.7,2.7,225,0,8600.0,CE
2015-09-14 12:19:00,2.7,2.75,2.7,2.7,1350,0,8600.0,CE
2015-09-14 12:20:00,2.7,2.75,2.7,2.75,1850,0,8600.0,CE
2015-09-14 12:21:00,2.8,2.8,2.8,2.8,250,0,8600.0,CE
2015-09-14 12:22:00,2.75,2.75,2.7,2.7,1550,0,8600.0,CE
2015-09-14 12:24:00,2.7,2.7,2.7,2.7,75,0,8600.0,CE
2015-09-14 12:27:00,2.8,2.8,2.8,2.8,175,0,8600.0,CE
2015-09-14 12:29:00,2.8,2.8,2.75,2.75,1000,0,8600.0,CE
2015-09-14 12:31:00,2.8,2.95,2.75,2.85,2825,0,8600.0,CE
2015-09-14 12:32:00,2.85,2.85,2.8,2.8,675,0,8600.0,CE
2015-09-14 12:34:00,2.85,2.85,2.85,2.85,950,0,8600.0,CE
2015-09-14 12:35:00,2.8,2.8,2.8,2.8,250,0,8600.0,CE
2015-09-14 12:36:00,2.8,2.8,2.75,2.75,2100,0,8600.0,CE
2015-09-14 12:37:00,2.7,2.8,2.7,2.8,2975,0,8600.0,CE
2015-09-14 12:39:00,2.8,2.8,2.8,2.8,1450,0,8600.0,CE
2015-09-14 12:40:00,2.8,2.8,2.8,2.8,700,0,8600.0,CE
2015-09-14 12:41:00,2.8,2.85,2.8,2.85,2575,0,8600.0,CE
2015-09-14 12:43:00,2.8,2.85,2.8,2.85,1525,0,8600.0,CE
2015-09-14 12:44:00,2.85,2.85,2.8,2.85,725,0,8600.0,CE
2015-09-14 12:47:00,2.8,2.8,2.8,2.8,100,0,8600.0,CE
2015-09-14 12:49:00,2.95,2.95,2.9,2.9,950,0,8600.0,CE
2015-09-14 12:50:00,2.9,2.95,2.9,2.95,75,0,8600.0,CE
2015-09-14 12:51:00,2.95,3.1,2.95,3.0,6250,0,8600.0,CE
2015-09-14 12:52:00,3.0,3.0,3.0,3.0,825,0,8600.0,CE
2015-09-14 12:53:00,3.0,3.0,3.0,3.0,25,0,8600.0,CE
2015-09-14 12:54:00,2.85,2.95,2.85,2.9,11150,0,8600.0,CE
2015-09-14 12:55:00,2.9,2.95,2.9,2.9,4675,0,8600.0,CE
2015-09-14 12:56:00,2.95,2.95,2.95,2.95,250,0,8600.0,CE
2015-09-14 12:57:00,2.95,3.05,2.95,3.05,5325,0,8600.0,CE
2015-09-14 12:58:00,3.05,3.05,3.0,3.05,3025,0,8600.0,CE
2015-09-14 12:59:00,3.0,3.0,2.95,3.0,4925,0,8600.0,CE
2015-09-14 13:00:00,2.95,3.0,2.95,3.0,2700,0,8600.0,CE
2015-09-14 13:01:00,3.0,3.0,2.95,2.95,1775,0,8600.0,CE
2015-09-14 13:02:00,2.9,2.9,2.9,2.9,125,0,8600.0,CE
2015-09-14 13:03:00,2.9,2.9,2.9,2.9,550,0,8600.0,CE
2015-09-14 13:04:00,2.9,2.95,2.9,2.95,2050,0,8600.0,CE
2015-09-14 13:05:00,2.9,2.95,2.9,2.95,1150,0,8600.0,CE
2015-09-14 13:06:00,2.95,3.05,2.95,2.95,1300,0,8600.0,CE
2015-09-14 13:07:00,3.0,3.0,2.95,2.95,2225,0,8600.0,CE
2015-09-14 13:08:00,2.95,2.95,2.95,2.95,150,0,8600.0,CE
2015-09-14 13:10:00,2.95,3.0,2.95,3.0,1950,0,8600.0,CE
2015-09-14 13:11:00,3.0,3.05,3.0,3.05,725,0,8600.0,CE
2015-09-14 13:12:00,3.0,3.05,3.0,3.0,250,0,8600.0,CE
2015-09-14 13:13:00,3.0,3.0,3.0,3.0,825,0,8600.0,CE
2015-09-14 13:14:00,3.0,3.0,2.95,3.0,1025,0,8600.0,CE
2015-09-14 13:15:00,3.0,3.05,3.0,3.05,700,0,8600.0,CE
2015-09-14 13:16:00,3.0,3.0,3.0,3.0,100,0,8600.0,CE
2015-09-14 13:17:00,3.0,3.05,3.0,3.0,5425,0,8600.0,CE
2015-09-14 13:18:00,3.1,3.1,3.0,3.0,10200,0,8600.0,CE
2015-09-14 13:19:00,3.0,3.0,3.0,3.0,25,0,8600.0,CE
2015-09-14 13:20:00,3.0,3.0,2.95,2.95,5275,0,8600.0,CE
2015-09-14 13:21:00,3.0,3.0,3.0,3.0,750,0,8600.0,CE
2015-09-14 13:22:00,3.0,3.0,2.95,2.95,1375,0,8600.0,CE
2015-09-14 13:23:00,2.95,2.95,2.95,2.95,925,0,8600.0,CE
2015-09-14 13:24:00,2.95,2.95,2.95,2.95,200,0,8600.0,CE
2015-09-14 13:25:00,3.0,3.0,3.0,3.0,25,0,8600.0,CE
2015-09-14 13:26:00,2.95,2.95,2.95,2.95,8050,0,8600.0,CE
2015-09-14 13:27:00,2.95,2.95,2.95,2.95,150,0,8600.0,CE
2015-09-14 13:28:00,2.9,2.9,2.9,2.9,2025,0,8600.0,CE
2015-09-14 13:29:00,2.9,2.95,2.9,2.9,400,0,8600.0,CE
2015-09-14 13:30:00,2.9,2.9,2.9,2.9,100,0,8600.0,CE
2015-09-14 13:33:00,2.95,2.95,2.95,2.95,200,0,8600.0,CE
2015-09-14 13:35:00,2.95,2.95,2.95,2.95,700,0,8600.0,CE
2015-09-14 13:37:00,2.9,2.9,2.9,2.9,350,0,8600.0,CE
2015-09-14 13:38:00,2.9,2.95,2.9,2.9,5050,0,8600.0,CE
2015-09-14 13:39:00,2.9,2.9,2.85,2.9,1900,0,8600.0,CE
2015-09-14 13:40:00,2.9,2.95,2.85,2.9,4550,0,8600.0,CE
2015-09-14 13:41:00,2.9,2.95,2.9,2.95,1025,0,8600.0,CE
2015-09-14 13:42:00,2.9,2.9,2.9,2.9,225,0,8600.0,CE
2015-09-14 13:43:00,2.9,2.9,2.9,2.9,125,0,8600.0,CE
2015-09-14 13:44:00,2.95,3.0,2.95,3.0,125,0,8600.0,CE
2015-09-14 13:45:00,3.0,3.0,2.95,3.0,350,0,8600.0,CE
2015-09-14 13:46:00,3.0,3.0,3.0,3.0,50,0,8600.0,CE
2015-09-14 13:47:00,2.95,2.95,2.95,2.95,50,0,8600.0,CE
2015-09-14 13:50:00,2.95,2.95,2.95,2.95,50,0,8600.0,CE
2015-09-14 13:51:00,2.95,2.95,2.9,2.95,175,0,8600.0,CE
2015-09-14 13:52:00,2.95,2.95,2.95,2.95,50,0,8600.0,CE
2015-09-14 13:53:00,2.9,2.95,2.9,2.95,875,0,8600.0,CE
2015-09-14 13:54:00,2.9,2.95,2.9,2.95,575,0,8600.0,CE
2015-09-14 13:55:00,2.95,2.95,2.9,2.9,975,0,8600.0,CE
2015-09-14 13:56:00,2.9,2.95,2.9,2.9,775,0,8600.0,CE
2015-09-14 13:57:00,2.9,2.9,2.9,2.9,325,0,8600.0,CE
2015-09-14 13:58:00,2.9,2.95,2.9,2.95,150,0,8600.0,CE
2015-09-14 13:59:00,2.9,2.9,2.9,2.9,50,0,8600.0,CE
2015-09-14 14:01:00,2.9,2.9,2.9,2.9,150,0,8600.0,CE
2015-09-14 14:02:00,2.9,2.95,2.9,2.95,375,0,8600.0,CE
2015-09-14 14:03:00,2.95,2.95,2.95,2.95,1300,0,8600.0,CE
2015-09-14 14:04:00,2.95,2.95,2.95,2.95,75,0,8600.0,CE
2015-09-14 14:05:00,2.95,2.95,2.9,2.9,225,0,8600.0,CE
2015-09-14 14:06:00,2.9,2.9,2.9,2.9,75,0,8600.0,CE
2015-09-14 14:07:00,2.9,2.9,2.9,2.9,25,0,8600.0,CE
2015-09-14 14:08:00,2.9,2.9,2.9,2.9,575,0,8600.0,CE
2015-09-14 14:09:00,2.95,2.95,2.95,2.95,25,0,8600.0,CE
2015-09-14 14:10:00,2.95,2.95,2.9,2.9,1275,0,8600.0,CE
2015-09-14 14:11:00,2.9,2.9,2.85,2.85,1725,0,8600.0,CE
2015-09-14 14:12:00,2.85,2.9,2.8,2.8,1725,0,8600.0,CE
2015-09-14 14:13:00,2.8,2.85,2.8,2.85,2900,0,8600.0,CE
2015-09-14 14:14:00,2.85,2.85,2.8,2.85,775,0,8600.0,CE
2015-09-14 14:15:00,2.85,2.9,2.8,2.8,1300,0,8600.0,CE
2015-09-14 14:16:00,2.85,2.85,2.85,2.85,925,0,8600.0,CE
2015-09-14 14:17:00,2.9,2.9,2.9,2.9,200,0,8600.0,CE
2015-09-14 14:18:00,2.9,2.9,2.9,2.9,2050,0,8600.0,CE
2015-09-14 14:20:00,2.85,2.85,2.85,2.85,200,0,8600.0,CE
2015-09-14 14:21:00,2.9,2.9,2.85,2.85,125,0,8600.0,CE
2015-09-14 14:22:00,2.85,2.85,2.85,2.85,25,0,8600.0,CE
2015-09-14 14:23:00,2.9,2.9,2.85,2.85,175,0,8600.0,CE
2015-09-14 14:24:00,2.85,2.85,2.75,2.75,3300,0,8600.0,CE
2015-09-14 14:25:00,2.8,2.85,2.8,2.85,3900,0,8600.0,CE
2015-09-14 14:26:00,2.8,2.85,2.8,2.85,600,0,8600.0,CE
2015-09-14 14:27:00,2.85,2.85,2.8,2.8,6550,0,8600.0,CE
2015-09-14 14:28:00,2.8,2.8,2.8,2.8,1350,0,8600.0,CE
2015-09-14 14:29:00,2.8,2.8,2.75,2.75,8325,0,8600.0,CE
2015-09-14 14:30:00,2.75,2.8,2.75,2.75,3625,0,8600.0,CE
2015-09-14 14:32:00,2.75,2.75,2.75,2.75,225,0,8600.0,CE
2015-09-14 14:33:00,2.75,2.8,2.75,2.8,5850,0,8600.0,CE
2015-09-14 14:34:00,2.75,2.85,2.75,2.85,6000,0,8600.0,CE
2015-09-14 14:35:00,2.85,2.85,2.8,2.85,5125,0,8600.0,CE
2015-09-14 14:36:00,2.8,2.9,2.8,2.85,4225,0,8600.0,CE
2015-09-14 14:37:00,2.85,2.9,2.85,2.9,550,0,8600.0,CE
2015-09-14 14:38:00,2.9,2.9,2.9,2.9,50,0,8600.0,CE
2015-09-14 14:39:00,2.85,2.85,2.85,2.85,625,0,8600.0,CE
2015-09-14 14:40:00,2.8,2.8,2.8,2.8,550,0,8600.0,CE
2015-09-14 14:41:00,2.85,2.85,2.75,2.75,4625,0,8600.0,CE
2015-09-14 14:42:00,2.8,2.85,2.8,2.85,7175,0,8600.0,CE
2015-09-14 14:43:00,2.8,2.8,2.8,2.8,475,0,8600.0,CE
2015-09-14 14:44:00,2.85,2.9,2.8,2.9,2850,0,8600.0,CE
2015-09-14 14:45:00,2.9,2.95,2.9,2.95,5850,0,8600.0,CE
2015-09-14 14:46:00,2.95,3.05,2.9,3.05,16975,0,8600.0,CE
2015-09-14 14:47:00,3.05,3.05,2.9,3.0,8125,0,8600.0,CE
2015-09-14 14:48:00,2.95,3.0,2.95,2.95,2600,0,8600.0,CE
2015-09-14 14:49:00,2.95,3.0,2.9,2.95,1300,0,8600.0,CE
2015-09-14 14:50:00,2.95,2.95,2.95,2.95,975,0,8600.0,CE
2015-09-14 14:51:00,2.95,2.95,2.9,2.95,200,0,8600.0,CE
2015-09-14 14:52:00,3.0,3.0,2.9,3.0,2700,0,8600.0,CE
2015-09-14 14:53:00,2.95,3.0,2.95,3.0,2300,0,8600.0,CE
2015-09-14 14:54:00,2.95,2.95,2.95,2.95,2150,0,8600.0,CE
2015-09-14 14:55:00,3.0,3.0,2.9,2.9,11050,0,8600.0,CE
2015-09-14 14:56:00,2.9,2.9,2.9,2.9,2375,0,8600.0,CE
2015-09-14 14:57:00,2.9,2.9,2.9,2.9,250,0,8600.0,CE
2015-09-14 14:58:00,2.9,2.95,2.9,2.95,2525,0,8600.0,CE
2015-09-14 14:59:00,2.95,2.95,2.95,2.95,825,0,8600.0,CE
2015-09-14 15:00:00,2.95,2.95,2.9,2.95,1450,0,8600.0,CE
2015-09-14 15:01:00,2.95,3.0,2.95,2.95,2225,0,8600.0,CE
2015-09-14 15:02:00,2.95,2.95,2.95,2.95,100,0,8600.0,CE
2015-09-14 15:03:00,2.95,2.95,2.95,2.95,2800,0,8600.0,CE
2015-09-14 15:04:00,2.95,2.95,2.9,2.9,350,0,8600.0,CE
2015-09-14 15:05:00,2.9,2.95,2.85,2.85,10725,0,8600.0,CE
2015-09-14 15:06:00,2.9,2.95,2.85,2.95,1300,0,8600.0,CE
2015-09-14 15:07:00,2.9,2.9,2.85,2.9,1650,0,8600.0,CE
2015-09-14 15:08:00,2.95,2.95,2.95,2.95,325,0,8600.0,CE
2015-09-14 15:09:00,2.95,3.0,2.95,3.0,225,0,8600.0,CE
2015-09-14 15:10:00,3.0,3.05,3.0,3.05,1600,0,8600.0,CE
2015-09-14 15:11:00,3.05,3.05,2.95,2.95,1675,0,8600.0,CE
2015-09-14 15:12:00,2.95,3.0,2.9,2.95,3725,0,8600.0,CE
2015-09-14 15:13:00,2.95,2.95,2.95,2.95,200,0,8600.0,CE
2015-09-14 15:14:00,2.95,3.0,2.95,3.0,475,0,8600.0,CE
2015-09-14 15:15:00,2.95,2.95,2.95,2.95,700,0,8600.0,CE
2015-09-14 15:16:00,3.0,3.0,2.95,2.95,11375,0,8600.0,CE
2015-09-14 15:17:00,2.9,2.9,2.9,2.9,225,0,8600.0,CE
2015-09-14 15:19:00,2.9,2.9,2.85,2.9,8250,0,8600.0,CE
2015-09-14 15:20:00,2.85,2.85,2.85,2.85,750,0,8600.0,CE
2015-09-14 15:21:00,2.9,2.9,2.85,2.9,1800,0,8600.0,CE
2015-09-14 15:22:00,2.9,2.9,2.85,2.85,2525,0,8600.0,CE
2015-09-14 15:23:00,2.85,2.9,2.85,2.9,450,0,8600.0,CE
2015-09-14 15:24:00,2.9,2.9,2.85,2.85,1125,0,8600.0,CE
2015-09-14 15:25:00,2.9,2.9,2.85,2.85,1225,0,8600.0,CE
2015-09-14 15:26:00,2.85,2.85,2.8,2.85,7475,0,8600.0,CE
2015-09-14 15:27:00,2.85,2.85,2.8,2.85,4350,0,8600.0,CE
2015-09-14 15:28:00,2.85,2.9,2.85,2.9,275,0,8600.0,CE
2015-09-14 15:29:00,2.9,2.9,2.85,2.85,4875,0,8600.0,CE
2015-09-15 09:15:00,2.0,2.9,2.0,2.6,16100,0,8600.0,CE
2015-09-15 09:16:00,2.6,2.65,2.55,2.6,5425,0,8600.0,CE
2015-09-15 09:17:00,2.6,2.65,2.6,2.6,4700,0,8600.0,CE
2015-09-15 09:18:00,2.55,2.65,2.55,2.65,1475,0,8600.0,CE
2015-09-15 09:19:00,2.6,2.65,2.6,2.6,3800,0,8600.0,CE
2015-09-15 09:20:00,2.55,2.55,2.5,2.55,2875,0,8600.0,CE
2015-09-15 09:21:00,2.5,2.5,2.45,2.5,1150,0,8600.0,CE
2015-09-15 09:22:00,2.55,2.55,2.5,2.55,3350,0,8600.0,CE
2015-09-15 09:23:00,2.6,2.6,2.55,2.55,4300,0,8600.0,CE
2015-09-15 09:24:00,2.55,2.55,2.5,2.55,700,0,8600.0,CE
2015-09-15 09:25:00,2.55,2.55,2.5,2.5,550,0,8600.0,CE
2015-09-15 09:26:00,2.55,2.55,2.5,2.5,8125,0,8600.0,CE
2015-09-15 09:27:00,2.5,2.55,2.4,2.4,27675,0,8600.0,CE
2015-09-15 09:28:00,2.4,2.45,2.4,2.45,8000,0,8600.0,CE
2015-09-15 09:29:00,2.45,2.5,2.45,2.5,5250,0,8600.0,CE
2015-09-15 09:30:00,2.55,2.6,2.5,2.6,4275,0,8600.0,CE
2015-09-15 09:31:00,2.6,2.65,2.5,2.55,4600,0,8600.0,CE
2015-09-15 09:32:00,2.55,2.55,2.45,2.45,6550,0,8600.0,CE
2015-09-15 09:33:00,2.45,2.45,2.4,2.4,28025,0,8600.0,CE
2015-09-15 09:34:00,2.4,2.4,2.2,2.2,17775,0,8600.0,CE
2015-09-15 09:35:00,2.2,2.3,2.2,2.3,14725,0,8600.0,CE
2015-09-15 09:36:00,2.25,2.25,2.2,2.2,1950,0,8600.0,CE
2015-09-15 09:37:00,2.2,2.2,2.15,2.15,4700,0,8600.0,CE
2015-09-15 09:38:00,2.2,2.25,2.2,2.2,6075,0,8600.0,CE
2015-09-15 09:39:00,2.25,2.25,2.25,2.25,2925,0,8600.0,CE
2015-09-15 09:40:00,2.2,2.25,2.2,2.2,875,0,8600.0,CE
2015-09-15 09:41:00,2.2,2.25,2.2,2.25,2675,0,8600.0,CE
2015-09-15 09:42:00,2.2,2.2,2.15,2.15,3425,0,8600.0,CE
2015-09-15 09:43:00,2.15,2.25,2.15,2.2,2725,0,8600.0,CE
2015-09-15 09:44:00,2.2,2.25,2.2,2.25,650,0,8600.0,CE
2015-09-15 09:45:00,2.25,2.25,2.2,2.2,3275,0,8600.0,CE
2015-09-15 09:47:00,2.25,2.25,2.25,2.25,125,0,8600.0,CE
2015-09-15 09:48:00,2.2,2.25,2.2,2.2,2125,0,8600.0,CE
2015-09-15 09:49:00,2.2,2.2,2.2,2.2,200,0,8600.0,CE
2015-09-15 09:50:00,2.2,2.2,2.2,2.2,4975,0,8600.0,CE
2015-09-15 09:51:00,2.2,2.2,2.15,2.15,50625,0,8600.0,CE
2015-09-15 09:52:00,2.2,2.2,2.15,2.15,16725,0,8600.0,CE
2015-09-15 09:53:00,2.1,2.1,2.05,2.05,10925,0,8600.0,CE
2015-09-15 09:54:00,2.05,2.05,2.0,2.0,26700,0,8600.0,CE
2015-09-15 09:55:00,2.0,2.0,2.0,2.0,13725,0,8600.0,CE
2015-09-15 09:56:00,2.05,2.05,1.95,2.0,4825,0,8600.0,CE
2015-09-15 09:57:00,1.95,2.0,1.95,2.0,11475,0,8600.0,CE
2015-09-15 09:58:00,2.0,2.05,2.0,2.0,6850,0,8600.0,CE
2015-09-15 09:59:00,2.0,2.0,2.0,2.0,4500,0,8600.0,CE
2015-09-15 10:00:00,2.0,2.0,2.0,2.0,7450,0,8600.0,CE
2015-09-15 10:01:00,2.0,2.0,2.0,2.0,275,0,8600.0,CE
2015-09-15 10:02:00,1.95,1.95,1.95,1.95,8675,0,8600.0,CE
2015-09-15 10:03:00,1.9,1.95,1.9,1.95,9600,0,8600.0,CE
2015-09-15 10:04:00,1.9,1.95,1.9,1.95,925,0,8600.0,CE
2015-09-15 10:05:00,1.95,2.0,1.95,1.95,2250,0,8600.0,CE
2015-09-15 10:06:00,1.95,2.0,1.95,2.0,5325,0,8600.0,CE
2015-09-15 10:07:00,1.95,1.95,1.95,1.95,2325,0,8600.0,CE
2015-09-15 10:08:00,1.95,2.0,1.95,2.0,400,0,8600.0,CE
2015-09-15 10:09:00,2.0,2.0,2.0,2.0,200,0,8600.0,CE
2015-09-15 10:10:00,1.95,2.0,1.95,1.95,825,0,8600.0,CE
2015-09-15 10:11:00,1.95,2.0,1.95,2.0,1200,0,8600.0,CE
2015-09-15 10:12:00,2.0,2.0,2.0,2.0,350,0,8600.0,CE
2015-09-15 10:13:00,2.0,2.0,1.95,1.95,75,0,8600.0,CE
2015-09-15 10:14:00,2.0,2.0,2.0,2.0,150,0,8600.0,CE
2015-09-15 10:15:00,2.0,2.0,2.0,2.0,425,0,8600.0,CE
2015-09-15 10:16:00,2.0,2.0,2.0,2.0,150,0,8600.0,CE
2015-09-15 10:17:00,2.0,2.0,1.95,1.95,2625,0,8600.0,CE
2015-09-15 10:18:00,2.0,2.0,1.9,1.9,3525,0,8600.0,CE
2015-09-15 10:19:00,1.95,1.95,1.95,1.95,800,0,8600.0,CE
2015-09-15 10:21:00,1.95,2.0,1.95,1.95,9425,0,8600.0,CE
2015-09-15 10:22:00,1.95,1.95,1.9,1.95,9250,0,8600.0,CE
2015-09-15 10:23:00,1.95,1.95,1.95,1.95,325,0,8600.0,CE
2015-09-15 10:24:00,1.95,1.95,1.9,1.95,10050,0,8600.0,CE
2015-09-15 10:25:00,1.95,1.95,1.95,1.95,300,0,8600.0,CE
2015-09-15 10:26:00,1.95,1.95,1.9,1.95,1350,0,8600.0,CE
2015-09-15 10:27:00,1.95,1.95,1.9,1.95,10450,0,8600.0,CE
2015-09-15 10:29:00,2.0,2.0,2.0,2.0,1000,0,8600.0,CE
2015-09-15 10:30:00,1.95,1.95,1.95,1.95,200,0,8600.0,CE
2015-09-15 10:31:00,1.95,1.95,1.95,1.95,675,0,8600.0,CE
2015-09-15 10:32:00,1.95,1.95,1.95,1.95,375,0,8600.0,CE
2015-09-15 10:33:00,2.0,2.0,2.0,2.0,25,0,8600.0,CE
2015-09-15 10:34:00,2.0,2.0,2.0,2.0,625,0,8600.0,CE
2015-09-15 10:35:00,1.95,1.95,1.95,1.95,850,0,8600.0,CE
2015-09-15 10:36:00,1.95,1.95,1.95,1.95,3650,0,8600.0,CE
2015-09-15 10:37:00,1.95,1.95,1.95,1.95,2125,0,8600.0,CE
2015-09-15 10:38:00,2.0,2.0,1.95,1.95,2025,0,8600.0,CE
2015-09-15 10:39:00,1.95,1.95,1.85,1.9,4475,0,8600.0,CE
2015-09-15 10:40:00,1.95,1.95,1.9,1.9,450,0,8600.0,CE
2015-09-15 10:41:00,1.85,1.95,1.85,1.95,3825,0,8600.0,CE
2015-09-15 10:42:00,1.9,1.9,1.9,1.9,50,0,8600.0,CE
2015-09-15 10:43:00,1.95,1.95,1.9,1.95,1300,0,8600.0,CE
2015-09-15 10:44:00,1.95,1.95,1.95,1.95,125,0,8600.0,CE
2015-09-15 10:45:00,1.95,1.95,1.95,1.95,225,0,8600.0,CE
2015-09-15 10:47:00,1.9,1.9,1.9,1.9,3425,0,8600.0,CE
2015-09-15 10:48:00,1.9,1.95,1.9,1.95,75,0,8600.0,CE
2015-09-15 10:49:00,1.95,1.95,1.95,1.95,500,0,8600.0,CE
2015-09-15 10:50:00,1.9,1.9,1.9,1.9,350,0,8600.0,CE
2015-09-15 10:51:00,1.9,1.95,1.9,1.9,350,0,8600.0,CE
2015-09-15 10:52:00,1.9,1.9,1.9,1.9,475,0,8600.0,CE
2015-09-15 10:53:00,1.9,1.9,1.9,1.9,375,0,8600.0,CE
2015-09-15 10:54:00,1.9,1.9,1.9,1.9,250,0,8600.0,CE
2015-09-15 10:55:00,1.9,1.9,1.9,1.9,500,0,8600.0,CE
2015-09-15 10:58:00,1.95,1.95,1.9,1.9,1475,0,8600.0,CE
2015-09-15 10:59:00,1.9,1.95,1.9,1.95,150,0,8600.0,CE
2015-09-15 11:00:00,1.9,1.95,1.9,1.95,1100,0,8600.0,CE
2015-09-15 11:01:00,1.95,1.95,1.95,1.95,375,0,8600.0,CE
2015-09-15 11:02:00,1.95,1.95,1.95,1.95,350,0,8600.0,CE
2015-09-15 11:03:00,1.9,1.9,1.9,1.9,275,0,8600.0,CE
2015-09-15 11:04:00,1.9,1.95,1.9,1.95,575,0,8600.0,CE
2015-09-15 11:05:00,1.95,1.95,1.95,1.95,575,0,8600.0,CE
2015-09-15 11:06:00,1.95,2.0,1.95,2.0,300,0,8600.0,CE
2015-09-15 11:07:00,2.0,2.0,1.9,1.95,1525,0,8600.0,CE
2015-09-15 11:08:00,1.95,1.95,1.9,1.9,150,0,8600.0,CE
2015-09-15 11:09:00,1.95,1.95,1.9,1.9,500,0,8600.0,CE
2015-09-15 11:10:00,1.9,1.95,1.9,1.9,1000,0,8600.0,CE
2015-09-15 11:11:00,1.9,1.9,1.9,1.9,250,0,8600.0,CE
2015-09-15 11:12:00,1.9,1.9,1.9,1.9,175,0,8600.0,CE
2015-09-15 11:13:00,1.9,1.9,1.9,1.9,700,0,8600.0,CE
2015-09-15 11:14:00,1.9,1.9,1.9,1.9,2225,0,8600.0,CE
2015-09-15 11:15:00,1.9,1.9,1.9,1.9,25,0,8600.0,CE
2015-09-15 11:16:00,1.95,1.95,1.9,1.9,1875,0,8600.0,CE
2015-09-15 11:17:00,1.9,1.9,1.9,1.9,450,0,8600.0,CE
2015-09-15 11:18:00,1.95,1.95,1.95,1.95,250,0,8600.0,CE
2015-09-15 11:19:00,1.9,1.95,1.9,1.9,1075,0,8600.0,CE
2015-09-15 11:20:00,1.95,1.95,1.95,1.95,150,0,8600.0,CE
2015-09-15 11:21:00,1.95,1.95,1.9,1.9,8600,0,8600.0,CE
2015-09-15 11:22:00,1.9,1.9,1.9,1.9,4450,0,8600.0,CE
2015-09-15 11:23:00,1.9,1.9,1.9,1.9,75,0,8600.0,CE
2015-09-15 11:24:00,1.9,1.9,1.85,1.85,19575,0,8600.0,CE
2015-09-15 11:25:00,1.9,1.9,1.8,1.8,15500,0,8600.0,CE
2015-09-15 11:26:00,1.85,1.85,1.85,1.85,100,0,8600.0,CE
2015-09-15 11:27:00,1.85,1.85,1.85,1.85,350,0,8600.0,CE
2015-09-15 11:29:00,1.85,1.85,1.85,1.85,1750,0,8600.0,CE
2015-09-15 11:30:00,1.85,1.85,1.8,1.85,625,0,8600.0,CE
2015-09-15 11:32:00,1.8,1.8,1.8,1.8,175,0,8600.0,CE
2015-09-15 11:33:00,1.8,1.85,1.8,1.85,275,0,8600.0,CE
2015-09-15 11:34:00,1.8,1.8,1.8,1.8,50,0,8600.0,CE
2015-09-15 11:35:00,1.85,1.85,1.8,1.8,100,0,8600.0,CE
2015-09-15 11:36:00,1.8,1.8,1.8,1.8,25,0,8600.0,CE
2015-09-15 11:37:00,1.8,1.8,1.8,1.8,3900,0,8600.0,CE
2015-09-15 11:38:00,1.8,1.8,1.8,1.8,75,0,8600.0,CE
2015-09-15 11:39:00,1.8,1.8,1.8,1.8,75,0,8600.0,CE
2015-09-15 11:40:00,1.8,1.8,1.75,1.75,3225,0,8600.0,CE
2015-09-15 11:41:00,1.75,1.75,1.75,1.75,225,0,8600.0,CE
2015-09-15 11:42:00,1.75,1.8,1.75,1.8,1600,0,8600.0,CE
2015-09-15 11:44:00,1.75,1.75,1.75,1.75,75,0,8600.0,CE
2015-09-15 11:45:00,1.75,1.75,1.75,1.75,50,0,8600.0,CE
2015-09-15 11:46:00,1.75,1.8,1.75,1.75,1200,0,8600.0,CE
2015-09-15 11:47:00,1.75,1.75,1.75,1.75,50,0,8600.0,CE
2015-09-15 11:49:00,1.8,1.8,1.8,1.8,1575,0,8600.0,CE
2015-09-15 11:50:00,1.8,1.8,1.8,1.8,50,0,8600.0,CE
2015-09-15 11:51:00,1.8,1.8,1.75,1.75,750,0,8600.0,CE
2015-09-15 11:52:00,1.8,1.8,1.8,1.8,500,0,8600.0,CE
2015-09-15 11:54:00,1.8,1.8,1.8,1.8,2650,0,8600.0,CE
2015-09-15 11:55:00,1.8,1.8,1.8,1.8,250,0,8600.0,CE
2015-09-15 11:56:00,1.75,1.8,1.75,1.75,3875,0,8600.0,CE
2015-09-15 11:57:00,1.75,1.75,1.75,1.75,13850,0,8600.0,CE
2015-09-15 11:58:00,1.75,1.8,1.75,1.75,2225,0,8600.0,CE
2015-09-15 11:59:00,1.7,1.75,1.7,1.75,1825,0,8600.0,CE
2015-09-15 12:00:00,1.75,1.75,1.75,1.75,2425,0,8600.0,CE
2015-09-15 12:01:00,1.75,1.75,1.75,1.75,950,0,8600.0,CE
2015-09-15 12:02:00,1.7,1.7,1.7,1.7,50,0,8600.0,CE
2015-09-15 12:03:00,1.7,1.75,1.7,1.75,725,0,8600.0,CE
2015-09-15 12:04:00,1.75,1.75,1.75,1.75,175,0,8600.0,CE
2015-09-15 12:05:00,1.75,1.75,1.7,1.75,1000,0,8600.0,CE
2015-09-15 12:06:00,1.7,1.7,1.7,1.7,4450,0,8600.0,CE
2015-09-15 12:07:00,1.65,1.7,1.65,1.7,625,0,8600.0,CE
2015-09-15 12:08:00,1.65,1.65,1.65,1.65,6550,0,8600.0,CE
2015-09-15 12:09:00,1.65,1.65,1.65,1.65,550,0,8600.0,CE
2015-09-15 12:10:00,1.65,1.65,1.6,1.6,3525,0,8600.0,CE
2015-09-15 12:11:00,1.6,1.65,1.6,1.6,1025,0,8600.0,CE
2015-09-15 12:12:00,1.6,1.6,1.6,1.6,275,0,8600.0,CE
2015-09-15 12:13:00,1.6,1.6,1.6,1.6,375,0,8600.0,CE
2015-09-15 12:14:00,1.6,1.65,1.6,1.65,2750,0,8600.0,CE
2015-09-15 12:15:00,1.65,1.65,1.6,1.6,350,0,8600.0,CE
2015-09-15 12:17:00,1.65,1.65,1.6,1.6,4275,0,8600.0,CE
2015-09-15 12:18:00,1.6,1.6,1.55,1.6,1050,0,8600.0,CE
2015-09-15 12:19:00,1.55,1.6,1.55,1.55,75,0,8600.0,CE
2015-09-15 12:20:00,1.55,1.55,1.55,1.55,5450,0,8600.0,CE
2015-09-15 12:21:00,1.55,1.55,1.55,1.55,1325,0,8600.0,CE
2015-09-15 12:22:00,1.55,1.6,1.55,1.55,3175,0,8600.0,CE
2015-09-15 12:23:00,1.6,1.65,1.6,1.6,250,0,8600.0,CE
2015-09-15 12:24:00,1.6,1.6,1.6,1.6,1425,0,8600.0,CE
2015-09-15 12:27:00,1.6,1.6,1.6,1.6,75,0,8600.0,CE
2015-09-15 12:28:00,1.55,1.55,1.55,1.55,8825,0,8600.0,CE
2015-09-15 12:29:00,1.6,1.6,1.55,1.55,175,0,8600.0,CE
2015-09-15 12:30:00,1.6,1.6,1.55,1.6,5300,0,8600.0,CE
2015-09-15 12:31:00,1.6,1.6,1.6,1.6,125,0,8600.0,CE
2015-09-15 12:32:00,1.6,1.6,1.55,1.6,775,0,8600.0,CE
2015-09-15 12:33:00,1.6,1.6,1.55,1.6,5825,0,8600.0,CE
2015-09-15 12:34:00,1.55,1.55,1.55,1.55,2450,0,8600.0,CE
2015-09-15 12:35:00,1.6,1.6,1.55,1.55,500,0,8600.0,CE
2015-09-15 12:36:00,1.55,1.55,1.55,1.55,100,0,8600.0,CE
2015-09-15 12:37:00,1.55,1.6,1.5,1.55,1750,0,8600.0,CE
2015-09-15 12:38:00,1.55,1.6,1.55,1.55,425,0,8600.0,CE
2015-09-15 12:39:00,1.6,1.6,1.55,1.55,7350,0,8600.0,CE
2015-09-15 12:40:00,1.6,1.6,1.6,1.6,1075,0,8600.0,CE
2015-09-15 12:41:00,1.6,1.6,1.6,1.6,2225,0,8600.0,CE
2015-09-15 12:42:00,1.6,1.6,1.6,1.6,25,0,8600.0,CE
2015-09-15 12:44:00,1.55,1.6,1.55,1.6,1475,0,8600.0,CE
2015-09-15 12:45:00,1.55,1.55,1.55,1.55,1150,0,8600.0,CE
2015-09-15 12:46:00,1.6,1.6,1.55,1.55,3250,0,8600.0,CE
2015-09-15 12:47:00,1.55,1.55,1.55,1.55,25,0,8600.0,CE
2015-09-15 12:48:00,1.55,1.55,1.55,1.55,175,0,8600.0,CE
2015-09-15 12:49:00,1.6,1.6,1.6,1.6,25,0,8600.0,CE
2015-09-15 12:51:00,1.55,1.55,1.55,1.55,3000,0,8600.0,CE
2015-09-15 12:53:00,1.55,1.55,1.55,1.55,225,0,8600.0,CE
2015-09-15 12:55:00,1.6,1.6,1.6,1.6,250,0,8600.0,CE
2015-09-15 13:01:00,1.55,1.6,1.55,1.6,675,0,8600.0,CE
2015-09-15 13:02:00,1.6,1.6,1.6,1.6,275,0,8600.0,CE
2015-09-15 13:03:00,1.6,1.6,1.6,1.6,75,0,8600.0,CE
2015-09-15 13:07:00,1.55,1.55,1.55,1.55,50,0,8600.0,CE
2015-09-15 13:09:00,1.6,1.6,1.55,1.6,5300,0,8600.0,CE
2015-09-15 13:10:00,1.6,1.6,1.6,1.6,200,0,8600.0,CE
2015-09-15 13:12:00,1.6,1.6,1.6,1.6,200,0,8600.0,CE
2015-09-15 13:13:00,1.6,1.6,1.6,1.6,100,0,8600.0,CE
2015-09-15 13:14:00,1.6,1.6,1.6,1.6,2025,0,8600.0,CE
2015-09-15 13:15:00,1.6,1.6,1.6,1.6,2175,0,8600.0,CE
2015-09-15 13:16:00,1.6,1.6,1.6,1.6,250,0,8600.0,CE
2015-09-15 13:17:00,1.6,1.6,1.55,1.55,375,0,8600.0,CE
2015-09-15 13:19:00,1.6,1.6,1.6,1.6,150,0,8600.0,CE
2015-09-15 13:20:00,1.55,1.55,1.55,1.55,250,0,8600.0,CE
2015-09-15 13:21:00,1.55,1.6,1.55,1.55,2125,0,8600.0,CE
2015-09-15 13:22:00,1.55,1.55,1.55,1.55,575,0,8600.0,CE
2015-09-15 13:23:00,1.6,1.6,1.55,1.55,725,0,8600.0,CE
2015-09-15 13:24:00,1.55,1.55,1.55,1.55,575,0,8600.0,CE
2015-09-15 13:26:00,1.55,1.55,1.55,1.55,3000,0,8600.0,CE
2015-09-15 13:27:00,1.55,1.55,1.55,1.55,2125,0,8600.0,CE
2015-09-15 13:28:00,1.55,1.6,1.55,1.6,12200,0,8600.0,CE
2015-09-15 13:29:00,1.6,1.6,1.6,1.6,500,0,8600.0,CE
2015-09-15 13:30:00,1.6,1.6,1.55,1.55,2250,0,8600.0,CE
2015-09-15 13:31:00,1.55,1.6,1.5,1.6,1800,0,8600.0,CE
2015-09-15 13:32:00,1.55,1.6,1.5,1.6,2375,0,8600.0,CE
2015-09-15 13:33:00,1.5,1.55,1.5,1.5,1200,0,8600.0,CE
2015-09-15 13:34:00,1.55,1.55,1.5,1.5,1000,0,8600.0,CE
2015-09-15 13:35:00,1.55,1.55,1.55,1.55,125,0,8600.0,CE
2015-09-15 13:36:00,1.5,1.55,1.5,1.5,850,0,8600.0,CE
2015-09-15 13:37:00,1.5,1.55,1.5,1.55,6600,0,8600.0,CE
2015-09-15 13:38:00,1.6,1.6,1.5,1.5,475,0,8600.0,CE
2015-09-15 13:39:00,1.55,1.6,1.55,1.55,7075,0,8600.0,CE
2015-09-15 13:40:00,1.55,1.55,1.55,1.55,75,0,8600.0,CE
2015-09-15 13:41:00,1.55,1.55,1.55,1.55,200,0,8600.0,CE
2015-09-15 13:42:00,1.55,1.6,1.55,1.6,1025,0,8600.0,CE
2015-09-15 13:45:00,1.55,1.6,1.55,1.6,2025,0,8600.0,CE
2015-09-15 13:46:00,1.6,1.6,1.6,1.6,175,0,8600.0,CE
2015-09-15 13:47:00,1.6,1.6,1.55,1.6,1125,0,8600.0,CE
2015-09-15 13:48:00,1.55,1.55,1.55,1.55,250,0,8600.0,CE
2015-09-15 13:49:00,1.55,1.55,1.55,1.55,3300,0,8600.0,CE
2015-09-15 13:51:00,1.55,1.55,1.55,1.55,25,0,8600.0,CE
2015-09-15 13:53:00,1.55,1.6,1.5,1.5,1925,0,8600.0,CE
2015-09-15 13:54:00,1.55,1.55,1.5,1.55,4800,0,8600.0,CE
2015-09-15 13:55:00,1.55,1.6,1.5,1.5,27875,0,8600.0,CE
2015-09-15 13:56:00,1.5,1.55,1.4,1.4,2575,0,8600.0,CE
2015-09-15 13:57:00,1.4,1.5,1.4,1.45,2175,0,8600.0,CE
2015-09-15 13:58:00,1.45,1.5,1.45,1.5,1225,0,8600.0,CE
2015-09-15 13:59:00,1.45,1.45,1.35,1.35,2700,0,8600.0,CE
2015-09-15 14:00:00,1.4,1.45,1.35,1.4,16550,0,8600.0,CE
2015-09-15 14:01:00,1.4,1.4,1.35,1.4,8425,0,8600.0,CE
2015-09-15 14:02:00,1.4,1.4,1.35,1.4,5275,0,8600.0,CE
2015-09-15 14:03:00,1.4,1.45,1.4,1.45,5550,0,8600.0,CE
2015-09-15 14:04:00,1.4,1.4,1.4,1.4,1525,0,8600.0,CE
2015-09-15 14:05:00,1.4,1.45,1.4,1.4,7425,0,8600.0,CE
2015-09-15 14:06:00,1.4,1.45,1.4,1.4,17975,0,8600.0,CE
2015-09-15 14:07:00,1.4,1.4,1.4,1.4,4175,0,8600.0,CE
2015-09-15 14:08:00,1.4,1.4,1.4,1.4,250,0,8600.0,CE
2015-09-15 14:09:00,1.4,1.45,1.4,1.4,450,0,8600.0,CE
2015-09-15 14:10:00,1.4,1.4,1.4,1.4,7325,0,8600.0,CE
2015-09-15 14:11:00,1.4,1.4,1.4,1.4,225,0,8600.0,CE
2015-09-15 14:12:00,1.45,1.45,1.4,1.45,1450,0,8600.0,CE
2015-09-15 14:13:00,1.4,1.45,1.4,1.4,525,0,8600.0,CE
2015-09-15 14:14:00,1.4,1.4,1.4,1.4,2250,0,8600.0,CE
2015-09-15 14:15:00,1.4,1.4,1.35,1.35,7150,0,8600.0,CE
2015-09-15 14:16:00,1.4,1.4,1.35,1.4,500,0,8600.0,CE
2015-09-15 14:17:00,1.35,1.4,1.35,1.4,3500,0,8600.0,CE
2015-09-15 14:18:00,1.4,1.4,1.35,1.35,5600,0,8600.0,CE
2015-09-15 14:19:00,1.35,1.4,1.35,1.4,325,0,8600.0,CE
2015-09-15 14:20:00,1.4,1.4,1.35,1.35,1075,0,8600.0,CE
2015-09-15 14:21:00,1.35,1.4,1.35,1.4,6400,0,8600.0,CE
2015-09-15 14:22:00,1.4,1.4,1.4,1.4,3100,0,8600.0,CE
2015-09-15 14:23:00,1.4,1.45,1.4,1.45,4625,0,8600.0,CE
2015-09-15 14:24:00,1.45,1.45,1.4,1.45,3400,0,8600.0,CE
2015-09-15 14:25:00,1.45,1.45,1.4,1.4,2450,0,8600.0,CE
2015-09-15 14:26:00,1.4,1.45,1.4,1.4,3625,0,8600.0,CE
2015-09-15 14:27:00,1.4,1.45,1.35,1.35,11950,0,8600.0,CE
2015-09-15 14:28:00,1.35,1.4,1.35,1.4,4125,0,8600.0,CE
2015-09-15 14:29:00,1.4,1.4,1.4,1.4,675,0,8600.0,CE
2015-09-15 14:30:00,1.35,1.4,1.35,1.4,5225,0,8600.0,CE
2015-09-15 14:31:00,1.4,1.4,1.35,1.4,475,0,8600.0,CE
2015-09-15 14:32:00,1.4,1.4,1.4,1.4,200,0,8600.0,CE
2015-09-15 14:34:00,1.35,1.4,1.35,1.4,150,0,8600.0,CE
2015-09-15 14:35:00,1.4,1.4,1.35,1.4,10175,0,8600.0,CE
2015-09-15 14:36:00,1.35,1.4,1.35,1.4,225,0,8600.0,CE
2015-09-15 14:37:00,1.35,1.4,1.35,1.4,250,0,8600.0,CE
2015-09-15 14:38:00,1.4,1.4,1.35,1.35,2675,0,8600.0,CE
2015-09-15 14:39:00,1.4,1.4,1.35,1.4,1775,0,8600.0,CE
2015-09-15 14:40:00,1.4,1.4,1.35,1.4,4375,0,8600.0,CE
2015-09-15 14:41:00,1.35,1.4,1.35,1.35,3175,0,8600.0,CE
2015-09-15 14:42:00,1.4,1.4,1.35,1.35,2250,0,8600.0,CE
2015-09-15 14:43:00,1.35,1.4,1.35,1.35,3125,0,8600.0,CE
2015-09-15 14:44:00,1.35,1.4,1.35,1.35,1200,0,8600.0,CE
2015-09-15 14:45:00,1.35,1.4,1.35,1.4,1950,0,8600.0,CE
2015-09-15 14:46:00,1.4,1.4,1.35,1.35,3450,0,8600.0,CE
2015-09-15 14:47:00,1.4,1.4,1.35,1.35,2300,0,8600.0,CE
2015-09-15 14:48:00,1.35,1.35,1.35,1.35,725,0,8600.0,CE
2015-09-15 14:49:00,1.35,1.35,1.35,1.35,15425,0,8600.0,CE
2015-09-15 14:50:00,1.4,1.4,1.3,1.35,1800,0,8600.0,CE
2015-09-15 14:51:00,1.35,1.35,1.35,1.35,375,0,8600.0,CE
2015-09-15 14:52:00,1.35,1.4,1.35,1.35,300,0,8600.0,CE
2015-09-15 14:53:00,1.4,1.4,1.4,1.4,2575,0,8600.0,CE
2015-09-15 14:54:00,1.4,1.4,1.4,1.4,100,0,8600.0,CE
2015-09-15 14:56:00,1.4,1.4,1.4,1.4,275,0,8600.0,CE
2015-09-15 14:57:00,1.35,1.4,1.35,1.4,1075,0,8600.0,CE
2015-09-15 14:58:00,1.35,1.4,1.35,1.35,2525,0,8600.0,CE
2015-09-15 14:59:00,1.35,1.35,1.35,1.35,750,0,8600.0,CE
2015-09-15 15:00:00,1.35,1.35,1.35,1.35,325,0,8600.0,CE
2015-09-15 15:01:00,1.4,1.4,1.4,1.4,50,0,8600.0,CE
2015-09-15 15:02:00,1.4,1.4,1.35,1.35,475,0,8600.0,CE
2015-09-15 15:03:00,1.35,1.35,1.35,1.35,700,0,8600.0,CE
2015-09-15 15:04:00,1.4,1.4,1.35,1.35,2850,0,8600.0,CE
2015-09-15 15:05:00,1.35,1.35,1.35,1.35,250,0,8600.0,CE
2015-09-15 15:06:00,1.35,1.35,1.35,1.35,4775,0,8600.0,CE
2015-09-15 15:07:00,1.35,1.35,1.35,1.35,2825,0,8600.0,CE
2015-09-15 15:08:00,1.35,1.35,1.35,1.35,425,0,8600.0,CE
2015-09-15 15:09:00,1.35,1.35,1.35,1.35,1275,0,8600.0,CE
2015-09-15 15:11:00,1.35,1.4,1.35,1.35,3450,0,8600.0,CE
2015-09-15 15:12:00,1.3,1.3,1.3,1.3,250,0,8600.0,CE
2015-09-15 15:13:00,1.35,1.35,1.3,1.3,100,0,8600.0,CE
2015-09-15 15:14:00,1.3,1.3,1.3,1.3,450,0,8600.0,CE
2015-09-15 15:15:00,1.35,1.35,1.35,1.35,12625,0,8600.0,CE
2015-09-15 15:16:00,1.35,1.35,1.35,1.35,650,0,8600.0,CE
2015-09-15 15:17:00,1.35,1.4,1.35,1.35,975,0,8600.0,CE
2015-09-15 15:18:00,1.35,1.4,1.35,1.4,11375,0,8600.0,CE
2015-09-15 15:19:00,1.4,1.45,1.4,1.45,3675,0,8600.0,CE
2015-09-15 15:20:00,1.4,1.4,1.4,1.4,75,0,8600.0,CE
2015-09-15 15:21:00,1.4,1.45,1.4,1.4,6075,0,8600.0,CE
2015-09-15 15:22:00,1.4,1.4,1.35,1.4,2675,0,8600.0,CE
2015-09-15 15:23:00,1.35,1.4,1.35,1.4,2050,0,8600.0,CE
2015-09-15 15:24:00,1.45,1.5,1.45,1.45,3675,0,8600.0,CE
2015-09-15 15:25:00,1.45,1.5,1.45,1.5,675,0,8600.0,CE
2015-09-15 15:26:00,1.5,1.5,1.45,1.5,6225,0,8600.0,CE
2015-09-15 15:27:00,1.45,1.5,1.45,1.5,700,0,8600.0,CE
2015-09-15 15:28:00,1.5,1.5,1.45,1.5,2675,0,8600.0,CE
2015-09-15 15:29:00,1.55,1.6,1.5,1.5,12250,0,8600.0,CE
2015-09-16 09:15:00,2.0,2.0,1.35,1.5,550,0,8600.0,CE
2015-09-16 09:16:00,1.65,1.65,1.35,1.35,7650,0,8600.0,CE
2015-09-16 09:17:00,1.4,1.4,1.35,1.35,1325,0,8600.0,CE
2015-09-16 09:18:00,1.4,1.4,1.3,1.35,7400,0,8600.0,CE
2015-09-16 09:19:00,1.3,1.35,1.25,1.25,1800,0,8600.0,CE
2015-09-16 09:20:00,1.3,1.4,1.25,1.3,3275,0,8600.0,CE
2015-09-16 09:21:00,1.3,1.35,1.3,1.35,2750,0,8600.0,CE
2015-09-16 09:23:00,1.3,1.35,1.25,1.25,2500,0,8600.0,CE
2015-09-16 09:24:00,1.25,1.25,1.2,1.2,1100,0,8600.0,CE
2015-09-16 09:25:00,1.25,1.3,1.25,1.25,8325,0,8600.0,CE
2015-09-16 09:26:00,1.25,1.25,1.2,1.2,2050,0,8600.0,CE
2015-09-16 09:27:00,1.3,1.3,1.25,1.25,3300,0,8600.0,CE
2015-09-16 09:28:00,1.25,1.25,1.2,1.25,4075,0,8600.0,CE
2015-09-16 09:29:00,1.3,1.3,1.2,1.3,2000,0,8600.0,CE
2015-09-16 09:30:00,1.3,1.3,1.3,1.3,1400,0,8600.0,CE
2015-09-16 09:31:00,1.25,1.3,1.25,1.3,50,0,8600.0,CE
2015-09-16 09:32:00,1.3,1.3,1.25,1.25,1300,0,8600.0,CE
2015-09-16 09:33:00,1.3,1.3,1.25,1.25,925,0,8600.0,CE
2015-09-16 09:34:00,1.25,1.3,1.25,1.3,800,0,8600.0,CE
2015-09-16 09:35:00,1.25,1.3,1.25,1.3,350,0,8600.0,CE
2015-09-16 09:36:00,1.3,1.35,1.3,1.35,550,0,8600.0,CE
2015-09-16 09:37:00,1.3,1.3,1.3,1.3,1025,0,8600.0,CE
2015-09-16 09:38:00,1.3,1.3,1.3,1.3,175,0,8600.0,CE
2015-09-16 09:39:00,1.3,1.3,1.3,1.3,750,0,8600.0,CE
2015-09-16 09:40:00,1.3,1.35,1.3,1.3,3050,0,8600.0,CE
2015-09-16 09:41:00,1.3,1.3,1.25,1.25,3450,0,8600.0,CE
2015-09-16 09:42:00,1.2,1.25,1.2,1.2,3700,0,8600.0,CE
2015-09-16 09:43:00,1.2,1.2,1.15,1.15,36525,0,8600.0,CE
2015-09-16 09:44:00,1.15,1.2,1.15,1.2,10650,0,8600.0,CE
2015-09-16 09:45:00,1.2,1.2,1.15,1.15,6150,0,8600.0,CE
2015-09-16 09:46:00,1.15,1.2,1.15,1.15,2575,0,8600.0,CE
2015-09-16 09:47:00,1.2,1.2,1.15,1.15,1125,0,8600.0,CE
2015-09-16 09:48:00,1.2,1.2,1.2,1.2,550,0,8600.0,CE
2015-09-16 09:49:00,1.15,1.2,1.15,1.15,775,0,8600.0,CE
2015-09-16 09:50:00,1.15,1.2,1.15,1.2,950,0,8600.0,CE
2015-09-16 09:51:00,1.2,1.2,1.15,1.15,3150,0,8600.0,CE
2015-09-16 09:53:00,1.2,1.2,1.2,1.2,425,0,8600.0,CE
2015-09-16 09:54:00,1.2,1.2,1.2,1.2,900,0,8600.0,CE
2015-09-16 09:55:00,1.15,1.2,1.15,1.2,350,0,8600.0,CE
2015-09-16 09:58:00,1.15,1.2,1.15,1.15,2050,0,8600.0,CE
2015-09-16 09:59:00,1.15,1.2,1.15,1.15,1825,0,8600.0,CE
2015-09-16 10:00:00,1.15,1.2,1.15,1.2,3275,0,8600.0,CE
2015-09-16 10:01:00,1.15,1.15,1.15,1.15,50,0,8600.0,CE
2015-09-16 10:02:00,1.15,1.2,1.15,1.2,100,0,8600.0,CE
2015-09-16 10:03:00,1.2,1.2,1.15,1.15,5450,0,8600.0,CE
2015-09-16 10:04:00,1.15,1.2,1.15,1.2,325,0,8600.0,CE
2015-09-16 10:06:00,1.2,1.2,1.15,1.15,550,0,8600.0,CE
2015-09-16 10:07:00,1.15,1.15,1.15,1.15,200,0,8600.0,CE
2015-09-16 10:08:00,1.15,1.15,1.15,1.15,725,0,8600.0,CE
2015-09-16 10:09:00,1.2,1.2,1.2,1.2,250,0,8600.0,CE
2015-09-16 10:10:00,1.2,1.2,1.15,1.2,850,0,8600.0,CE
2015-09-16 10:11:00,1.15,1.15,1.15,1.15,1075,0,8600.0,CE
2015-09-16 10:12:00,1.15,1.2,1.15,1.15,2725,0,8600.0,CE
2015-09-16 10:13:00,1.15,1.15,1.15,1.15,4250,0,8600.0,CE
2015-09-16 10:14:00,1.2,1.2,1.15,1.15,20400,0,8600.0,CE
2015-09-16 10:15:00,1.15,1.15,1.15,1.15,25,0,8600.0,CE
2015-09-16 10:18:00,1.2,1.2,1.2,1.2,475,0,8600.0,CE
2015-09-16 10:19:00,1.2,1.2,1.2,1.2,2125,0,8600.0,CE
2015-09-16 10:20:00,1.2,1.2,1.2,1.2,2475,0,8600.0,CE
2015-09-16 10:21:00,1.2,1.2,1.15,1.2,15650,0,8600.0,CE
2015-09-16 10:22:00,1.15,1.2,1.15,1.2,6200,0,8600.0,CE
2015-09-16 10:23:00,1.2,1.2,1.2,1.2,10050,0,8600.0,CE
2015-09-16 10:24:00,1.2,1.2,1.2,1.2,1300,0,8600.0,CE
2015-09-16 10:25:00,1.2,1.2,1.2,1.2,1225,0,8600.0,CE
2015-09-16 10:26:00,1.2,1.2,1.15,1.2,8375,0,8600.0,CE
2015-09-16 10:27:00,1.2,1.25,1.15,1.2,7150,0,8600.0,CE
2015-09-16 10:28:00,1.25,1.25,1.2,1.25,650,0,8600.0,CE
2015-09-16 10:29:00,1.25,1.25,1.2,1.2,2400,0,8600.0,CE
2015-09-16 10:30:00,1.2,1.2,1.2,1.2,1175,0,8600.0,CE
2015-09-16 10:31:00,1.2,1.2,1.2,1.2,1675,0,8600.0,CE
2015-09-16 10:32:00,1.2,1.2,1.2,1.2,325,0,8600.0,CE
2015-09-16 10:34:00,1.2,1.2,1.2,1.2,575,0,8600.0,CE
2015-09-16 10:35:00,1.2,1.25,1.2,1.2,800,0,8600.0,CE
2015-09-16 10:36:00,1.25,1.25,1.2,1.2,300,0,8600.0,CE
2015-09-16 10:37:00,1.2,1.2,1.2,1.2,875,0,8600.0,CE
2015-09-16 10:38:00,1.2,1.2,1.15,1.15,1875,0,8600.0,CE
2015-09-16 10:39:00,1.2,1.2,1.2,1.2,75,0,8600.0,CE
2015-09-16 10:40:00,1.2,1.2,1.2,1.2,300,0,8600.0,CE
2015-09-16 10:41:00,1.2,1.2,1.2,1.2,500,0,8600.0,CE
2015-09-16 10:42:00,1.2,1.2,1.2,1.2,500,0,8600.0,CE
2015-09-16 10:43:00,1.2,1.2,1.15,1.2,8800,0,8600.0,CE
2015-09-16 10:44:00,1.2,1.2,1.2,1.2,225,0,8600.0,CE
2015-09-16 10:45:00,1.15,1.2,1.15,1.2,1025,0,8600.0,CE
2015-09-16 10:46:00,1.2,1.2,1.15,1.2,2525,0,8600.0,CE
2015-09-16 10:47:00,1.2,1.2,1.2,1.2,100,0,8600.0,CE
2015-09-16 10:48:00,1.2,1.2,1.2,1.2,25,0,8600.0,CE
2015-09-16 10:49:00,1.2,1.2,1.2,1.2,50,0,8600.0,CE
2015-09-16 10:50:00,1.15,1.15,1.15,1.15,625,0,8600.0,CE
2015-09-16 10:51:00,1.15,1.15,1.15,1.15,725,0,8600.0,CE
2015-09-16 10:52:00,1.2,1.2,1.2,1.2,200,0,8600.0,CE
2015-09-16 10:53:00,1.2,1.2,1.15,1.15,2900,0,8600.0,CE
2015-09-16 10:54:00,1.15,1.2,1.15,1.2,400,0,8600.0,CE
2015-09-16 10:55:00,1.2,1.2,1.2,1.2,25,0,8600.0,CE
2015-09-16 10:57:00,1.2,1.2,1.15,1.15,275,0,8600.0,CE
2015-09-16 10:58:00,1.15,1.15,1.15,1.15,50,0,8600.0,CE
2015-09-16 10:59:00,1.15,1.15,1.15,1.15,275,0,8600.0,CE
2015-09-16 11:00:00,1.15,1.15,1.15,1.15,525,0,8600.0,CE
2015-09-16 11:01:00,1.15,1.15,1.15,1.15,325,0,8600.0,CE
2015-09-16 11:03:00,1.2,1.2,1.2,1.2,300,0,8600.0,CE
2015-09-16 11:04:00,1.15,1.2,1.15,1.2,2000,0,8600.0,CE
2015-09-16 11:05:00,1.15,1.15,1.15,1.15,375,0,8600.0,CE
2015-09-16 11:06:00,1.15,1.15,1.15,1.15,50,0,8600.0,CE
2015-09-16 11:07:00,1.15,1.15,1.15,1.15,775,0,8600.0,CE
2015-09-16 11:09:00,1.2,1.2,1.2,1.2,250,0,8600.0,CE
2015-09-16 11:10:00,1.2,1.2,1.2,1.2,175,0,8600.0,CE
2015-09-16 11:11:00,1.2,1.2,1.15,1.15,1950,0,8600.0,CE
2015-09-16 11:12:00,1.2,1.2,1.15,1.2,1475,0,8600.0,CE
2015-09-16 11:13:00,1.2,1.2,1.2,1.2,200,0,8600.0,CE
2015-09-16 11:14:00,1.2,1.2,1.15,1.15,250,0,8600.0,CE
2015-09-16 11:15:00,1.15,1.2,1.15,1.2,300,0,8600.0,CE
2015-09-16 11:16:00,1.2,1.2,1.15,1.15,24275,0,8600.0,CE
2015-09-16 11:17:00,1.15,1.2,1.15,1.2,11675,0,8600.0,CE
2015-09-16 11:18:00,1.2,1.25,1.2,1.25,2450,0,8600.0,CE
2015-09-16 11:19:00,1.25,1.25,1.25,1.25,1275,0,8600.0,CE
2015-09-16 11:20:00,1.2,1.25,1.2,1.2,2625,0,8600.0,CE
2015-09-16 11:21:00,1.25,1.25,1.25,1.25,1650,0,8600.0,CE
2015-09-16 11:22:00,1.25,1.25,1.25,1.25,475,0,8600.0,CE
2015-09-16 11:23:00,1.25,1.25,1.2,1.2,2625,0,8600.0,CE
2015-09-16 11:24:00,1.2,1.2,1.2,1.2,2000,0,8600.0,CE
2015-09-16 11:25:00,1.2,1.2,1.2,1.2,8300,0,8600.0,CE
2015-09-16 11:26:00,1.2,1.25,1.2,1.25,325,0,8600.0,CE
2015-09-16 11:27:00,1.25,1.25,1.2,1.25,500,0,8600.0,CE
2015-09-16 11:28:00,1.2,1.2,1.2,1.2,75,0,8600.0,CE
2015-09-16 11:29:00,1.2,1.2,1.2,1.2,400,0,8600.0,CE
2015-09-16 11:30:00,1.2,1.25,1.2,1.2,2225,0,8600.0,CE
2015-09-16 11:33:00,1.2,1.2,1.2,1.2,250,0,8600.0,CE
2015-09-16 11:34:00,1.2,1.25,1.2,1.25,725,0,8600.0,CE
2015-09-16 11:35:00,1.2,1.2,1.2,1.2,200,0,8600.0,CE
2015-09-16 11:36:00,1.2,1.2,1.2,1.2,300,0,8600.0,CE
2015-09-16 11:37:00,1.2,1.2,1.2,1.2,50,0,8600.0,CE
2015-09-16 11:38:00,1.2,1.2,1.2,1.2,650,0,8600.0,CE
2015-09-16 11:39:00,1.2,1.2,1.2,1.2,2900,0,8600.0,CE
2015-09-16 11:42:00,1.2,1.2,1.2,1.2,25,0,8600.0,CE
2015-09-16 11:44:00,1.25,1.25,1.25,1.25,25,0,8600.0,CE
2015-09-16 11:46:00,1.25,1.25,1.2,1.25,5250,0,8600.0,CE
2015-09-16 11:47:00,1.25,1.25,1.2,1.2,1500,0,8600.0,CE
2015-09-16 11:48:00,1.25,1.25,1.25,1.25,125,0,8600.0,CE
2015-09-16 11:49:00,1.2,1.25,1.2,1.25,3600,0,8600.0,CE
2015-09-16 11:50:00,1.25,1.25,1.25,1.25,425,0,8600.0,CE
2015-09-16 11:51:00,1.2,1.25,1.2,1.25,2650,0,8600.0,CE
2015-09-16 11:52:00,1.2,1.2,1.2,1.2,2500,0,8600.0,CE
2015-09-16 11:54:00,1.2,1.2,1.2,1.2,25,0,8600.0,CE
2015-09-16 11:55:00,1.2,1.25,1.2,1.25,2675,0,8600.0,CE
2015-09-16 11:56:00,1.25,1.3,1.2,1.25,1750,0,8600.0,CE
2015-09-16 11:57:00,1.25,1.25,1.25,1.25,75,0,8600.0,CE
2015-09-16 11:58:00,1.25,1.25,1.25,1.25,2000,0,8600.0,CE
2015-09-16 11:59:00,1.25,1.25,1.25,1.25,375,0,8600.0,CE
2015-09-16 12:00:00,1.25,1.25,1.25,1.25,1000,0,8600.0,CE
2015-09-16 12:01:00,1.25,1.25,1.25,1.25,1900,0,8600.0,CE
2015-09-16 12:02:00,1.25,1.25,1.25,1.25,50,0,8600.0,CE
2015-09-16 12:03:00,1.2,1.2,1.2,1.2,325,0,8600.0,CE
2015-09-16 12:04:00,1.2,1.2,1.2,1.2,575,0,8600.0,CE
2015-09-16 12:05:00,1.2,1.2,1.2,1.2,350,0,8600.0,CE
2015-09-16 12:06:00,1.2,1.2,1.2,1.2,25,0,8600.0,CE
2015-09-16 12:07:00,1.2,1.25,1.2,1.2,175,0,8600.0,CE
2015-09-16 12:08:00,1.25,1.25,1.2,1.25,975,0,8600.0,CE
2015-09-16 12:09:00,1.25,1.3,1.25,1.3,3600,0,8600.0,CE
2015-09-16 12:10:00,1.25,1.3,1.25,1.25,550,0,8600.0,CE
2015-09-16 12:11:00,1.3,1.3,1.3,1.3,5600,0,8600.0,CE
2015-09-16 12:12:00,1.3,1.3,1.25,1.25,200,0,8600.0,CE
2015-09-16 12:13:00,1.25,1.25,1.25,1.25,2500,0,8600.0,CE
2015-09-16 12:14:00,1.25,1.25,1.25,1.25,2550,0,8600.0,CE
2015-09-16 12:15:00,1.25,1.3,1.25,1.25,725,0,8600.0,CE
2015-09-16 12:16:00,1.3,1.35,1.25,1.35,2950,0,8600.0,CE
2015-09-16 12:17:00,1.3,1.35,1.25,1.3,925,0,8600.0,CE
2015-09-16 12:18:00,1.3,1.35,1.3,1.35,550,0,8600.0,CE
2015-09-16 12:19:00,1.35,1.35,1.35,1.35,150,0,8600.0,CE
2015-09-16 12:20:00,1.3,1.3,1.3,1.3,950,0,8600.0,CE
2015-09-16 12:21:00,1.3,1.3,1.3,1.3,25,0,8600.0,CE
2015-09-16 12:22:00,1.3,1.3,1.3,1.3,10475,0,8600.0,CE
2015-09-16 12:23:00,1.3,1.3,1.3,1.3,1075,0,8600.0,CE
2015-09-16 12:24:00,1.3,1.35,1.3,1.3,1525,0,8600.0,CE
2015-09-16 12:25:00,1.35,1.35,1.35,1.35,425,0,8600.0,CE
2015-09-16 12:26:00,1.35,1.35,1.3,1.3,375,0,8600.0,CE
2015-09-16 12:27:00,1.3,1.4,1.3,1.4,6675,0,8600.0,CE
2015-09-16 12:28:00,1.4,1.4,1.35,1.4,3150,0,8600.0,CE
2015-09-16 12:29:00,1.4,1.4,1.4,1.4,1800,0,8600.0,CE
2015-09-16 12:30:00,1.4,1.45,1.4,1.45,2925,0,8600.0,CE
2015-09-16 12:31:00,1.45,1.45,1.4,1.4,500,0,8600.0,CE
2015-09-16 12:32:00,1.4,1.45,1.4,1.45,1950,0,8600.0,CE
2015-09-16 12:33:00,1.4,1.4,1.4,1.4,3250,0,8600.0,CE
2015-09-16 12:34:00,1.4,1.45,1.4,1.45,1125,0,8600.0,CE
2015-09-16 12:35:00,1.45,1.45,1.4,1.45,425,0,8600.0,CE
2015-09-16 12:36:00,1.45,1.45,1.4,1.4,4150,0,8600.0,CE
2015-09-16 12:37:00,1.4,1.4,1.35,1.35,2125,0,8600.0,CE
2015-09-16 12:38:00,1.4,1.45,1.35,1.4,3425,0,8600.0,CE
2015-09-16 12:39:00,1.35,1.4,1.35,1.4,2650,0,8600.0,CE
2015-09-16 12:40:00,1.35,1.4,1.35,1.35,1325,0,8600.0,CE
2015-09-16 12:41:00,1.35,1.35,1.35,1.35,750,0,8600.0,CE
2015-09-16 12:42:00,1.3,1.3,1.3,1.3,100,0,8600.0,CE
2015-09-16 12:43:00,1.3,1.3,1.3,1.3,500,0,8600.0,CE
2015-09-16 12:44:00,1.35,1.35,1.35,1.35,350,0,8600.0,CE
2015-09-16 12:45:00,1.35,1.4,1.35,1.4,2025,0,8600.0,CE
2015-09-16 12:46:00,1.4,1.4,1.4,1.4,1100,0,8600.0,CE
2015-09-16 12:47:00,1.4,1.4,1.4,1.4,1000,0,8600.0,CE
2015-09-16 12:49:00,1.35,1.35,1.35,1.35,25,0,8600.0,CE
2015-09-16 12:50:00,1.35,1.45,1.35,1.45,125,0,8600.0,CE
2015-09-16 12:51:00,1.4,1.4,1.4,1.4,750,0,8600.0,CE
2015-09-16 12:52:00,1.4,1.4,1.4,1.4,475,0,8600.0,CE
2015-09-16 12:54:00,1.45,1.45,1.4,1.4,725,0,8600.0,CE
2015-09-16 12:55:00,1.4,1.45,1.4,1.4,325,0,8600.0,CE
2015-09-16 12:56:00,1.4,1.4,1.4,1.4,225,0,8600.0,CE
2015-09-16 12:57:00,1.4,1.45,1.4,1.4,1225,0,8600.0,CE
2015-09-16 12:58:00,1.4,1.4,1.4,1.4,200,0,8600.0,CE
2015-09-16 12:59:00,1.45,1.45,1.4,1.4,1250,0,8600.0,CE
2015-09-16 13:00:00,1.5,1.5,1.5,1.5,150,0,8600.0,CE
2015-09-16 13:01:00,1.45,1.5,1.45,1.5,1250,0,8600.0,CE
2015-09-16 13:02:00,1.45,1.5,1.45,1.5,3575,0,8600.0,CE
2015-09-16 13:03:00,1.45,1.5,1.45,1.5,2050,0,8600.0,CE
2015-09-16 13:04:00,1.5,1.5,1.5,1.5,350,0,8600.0,CE
2015-09-16 13:05:00,1.45,1.45,1.45,1.45,100,0,8600.0,CE
2015-09-16 13:06:00,1.45,1.5,1.45,1.5,3100,0,8600.0,CE
2015-09-16 13:08:00,1.45,1.45,1.45,1.45,900,0,8600.0,CE
2015-09-16 13:09:00,1.5,1.5,1.45,1.5,725,0,8600.0,CE
2015-09-16 13:10:00,1.45,1.5,1.4,1.4,1350,0,8600.0,CE
2015-09-16 13:11:00,1.4,1.45,1.4,1.4,275,0,8600.0,CE
2015-09-16 13:12:00,1.45,1.45,1.45,1.45,5150,0,8600.0,CE
2015-09-16 13:13:00,1.4,1.4,1.4,1.4,4625,0,8600.0,CE
2015-09-16 13:14:00,1.4,1.4,1.4,1.4,450,0,8600.0,CE
2015-09-16 13:15:00,1.4,1.45,1.4,1.4,1075,0,8600.0,CE
2015-09-16 13:16:00,1.35,1.35,1.35,1.35,325,0,8600.0,CE
2015-09-16 13:17:00,1.4,1.4,1.35,1.35,500,0,8600.0,CE
2015-09-16 13:18:00,1.35,1.4,1.35,1.35,4625,0,8600.0,CE
2015-09-16 13:19:00,1.4,1.4,1.35,1.35,2575,0,8600.0,CE
2015-09-16 13:20:00,1.4,1.45,1.4,1.4,5250,0,8600.0,CE
2015-09-16 13:21:00,1.45,1.45,1.4,1.4,1125,0,8600.0,CE
2015-09-16 13:22:00,1.4,1.4,1.4,1.4,1250,0,8600.0,CE
2015-09-16 13:24:00,1.45,1.45,1.45,1.45,50,0,8600.0,CE
2015-09-16 13:25:00,1.4,1.4,1.4,1.4,700,0,8600.0,CE
2015-09-16 13:26:00,1.4,1.4,1.35,1.4,1675,0,8600.0,CE
2015-09-16 13:27:00,1.4,1.4,1.4,1.4,1025,0,8600.0,CE
2015-09-16 13:29:00,1.4,1.4,1.4,1.4,875,0,8600.0,CE
2015-09-16 13:30:00,1.4,1.4,1.4,1.4,675,0,8600.0,CE
2015-09-16 13:31:00,1.4,1.4,1.35,1.35,950,0,8600.0,CE
2015-09-16 13:32:00,1.45,1.45,1.45,1.45,75,0,8600.0,CE
2015-09-16 13:33:00,1.45,1.45,1.45,1.45,175,0,8600.0,CE
2015-09-16 13:35:00,1.35,1.35,1.35,1.35,50,0,8600.0,CE
2015-09-16 13:36:00,1.4,1.4,1.4,1.4,1250,0,8600.0,CE
2015-09-16 13:37:00,1.4,1.4,1.35,1.35,2775,0,8600.0,CE
2015-09-16 13:38:00,1.35,1.45,1.35,1.45,175,0,8600.0,CE
2015-09-16 13:40:00,1.4,1.4,1.4,1.4,825,0,8600.0,CE
2015-09-16 13:41:00,1.45,1.45,1.45,1.45,50,0,8600.0,CE
2015-09-16 13:42:00,1.45,1.45,1.45,1.45,50,0,8600.0,CE
2015-09-16 13:43:00,1.45,1.45,1.45,1.45,50,0,8600.0,CE
2015-09-16 13:49:00,1.45,1.45,1.45,1.45,100,0,8600.0,CE
2015-09-16 13:51:00,1.45,1.45,1.45,1.45,3525,0,8600.0,CE
2015-09-16 13:52:00,1.5,1.5,1.45,1.45,125,0,8600.0,CE
2015-09-16 13:55:00,1.4,1.45,1.4,1.45,10275,0,8600.0,CE
2015-09-16 13:56:00,1.45,1.45,1.45,1.45,50,0,8600.0,CE
2015-09-16 14:00:00,1.5,1.5,1.5,1.5,800,0,8600.0,CE
2015-09-16 14:02:00,1.4,1.4,1.4,1.4,150,0,8600.0,CE
2015-09-16 14:05:00,1.5,1.5,1.45,1.45,325,0,8600.0,CE
2015-09-16 14:06:00,1.5,1.5,1.5,1.5,325,0,8600.0,CE
2015-09-16 14:07:00,1.45,1.45,1.45,1.45,200,0,8600.0,CE
2015-09-16 14:08:00,1.45,1.5,1.45,1.5,7725,0,8600.0,CE
2015-09-16 14:09:00,1.55,1.55,1.5,1.5,5725,0,8600.0,CE
2015-09-16 14:10:00,1.5,1.55,1.5,1.55,1050,0,8600.0,CE
2015-09-16 14:11:00,1.45,1.45,1.45,1.45,125,0,8600.0,CE
2015-09-16 14:12:00,1.45,1.55,1.45,1.55,1700,0,8600.0,CE
2015-09-16 14:13:00,1.5,1.55,1.5,1.55,5275,0,8600.0,CE
2015-09-16 14:14:00,1.55,1.55,1.45,1.5,750,0,8600.0,CE
2015-09-16 14:15:00,1.5,1.5,1.5,1.5,2700,0,8600.0,CE
2015-09-16 14:16:00,1.5,1.5,1.45,1.45,5600,0,8600.0,CE
2015-09-16 14:17:00,1.45,1.5,1.45,1.45,6175,0,8600.0,CE
2015-09-16 14:18:00,1.5,1.5,1.4,1.4,2700,0,8600.0,CE
2015-09-16 14:19:00,1.4,1.45,1.4,1.45,2175,0,8600.0,CE
2015-09-16 14:20:00,1.45,1.45,1.4,1.45,13725,0,8600.0,CE
2015-09-16 14:21:00,1.45,1.5,1.45,1.5,1425,0,8600.0,CE
2015-09-16 14:22:00,1.5,1.5,1.45,1.5,1475,0,8600.0,CE
2015-09-16 14:23:00,1.45,1.5,1.45,1.5,1325,0,8600.0,CE
2015-09-16 14:24:00,1.45,1.45,1.45,1.45,875,0,8600.0,CE
2015-09-16 14:25:00,1.45,1.45,1.45,1.45,875,0,8600.0,CE
2015-09-16 14:26:00,1.45,1.45,1.45,1.45,300,0,8600.0,CE
2015-09-16 14:27:00,1.45,1.45,1.45,1.45,3700,0,8600.0,CE
2015-09-16 14:28:00,1.45,1.45,1.45,1.45,2850,0,8600.0,CE
2015-09-16 14:29:00,1.5,1.5,1.5,1.5,25,0,8600.0,CE
2015-09-16 14:30:00,1.55,1.55,1.45,1.45,300,0,8600.0,CE
2015-09-16 14:32:00,1.5,1.5,1.45,1.45,900,0,8600.0,CE
2015-09-16 14:33:00,1.45,1.45,1.45,1.45,175,0,8600.0,CE
2015-09-16 14:35:00,1.4,1.45,1.4,1.45,850,0,8600.0,CE
2015-09-16 14:36:00,1.45,1.45,1.45,1.45,225,0,8600.0,CE
2015-09-16 14:37:00,1.45,1.5,1.45,1.5,5225,0,8600.0,CE
2015-09-16 14:38:00,1.5,1.5,1.5,1.5,7400,0,8600.0,CE
2015-09-16 14:39:00,1.5,1.5,1.5,1.5,675,0,8600.0,CE
2015-09-16 14:40:00,1.5,1.5,1.5,1.5,275,0,8600.0,CE
2015-09-16 14:41:00,1.5,1.5,1.5,1.5,12875,0,8600.0,CE
2015-09-16 14:44:00,1.45,1.45,1.45,1.45,1225,0,8600.0,CE
2015-09-16 14:45:00,1.45,1.45,1.45,1.45,675,0,8600.0,CE
2015-09-16 14:46:00,1.45,1.5,1.45,1.45,550,0,8600.0,CE
2015-09-16 14:47:00,1.45,1.5,1.45,1.5,950,0,8600.0,CE
2015-09-16 14:48:00,1.45,1.45,1.45,1.45,75,0,8600.0,CE
2015-09-16 14:49:00,1.45,1.5,1.45,1.5,4325,0,8600.0,CE
2015-09-16 14:50:00,1.45,1.45,1.4,1.4,2950,0,8600.0,CE
2015-09-16 14:51:00,1.45,1.45,1.45,1.45,1250,0,8600.0,CE
2015-09-16 14:52:00,1.45,1.45,1.45,1.45,2450,0,8600.0,CE
2015-09-16 14:53:00,1.4,1.45,1.35,1.45,500,0,8600.0,CE
2015-09-16 14:54:00,1.45,1.45,1.45,1.45,1225,0,8600.0,CE
2015-09-16 14:55:00,1.45,1.45,1.4,1.4,250,0,8600.0,CE
2015-09-16 14:56:00,1.4,1.45,1.4,1.45,425,0,8600.0,CE
2015-09-16 14:57:00,1.45,1.45,1.45,1.45,675,0,8600.0,CE
2015-09-16 14:58:00,1.5,1.5,1.45,1.5,425,0,8600.0,CE
2015-09-16 14:59:00,1.4,1.4,1.4,1.4,5500,0,8600.0,CE
2015-09-16 15:00:00,1.4,1.4,1.35,1.35,8875,0,8600.0,CE
2015-09-16 15:01:00,1.45,1.45,1.45,1.45,700,0,8600.0,CE
2015-09-16 15:02:00,1.45,1.45,1.45,1.45,1500,0,8600.0,CE
2015-09-16 15:04:00,1.45,1.45,1.4,1.45,1150,0,8600.0,CE
2015-09-16 15:05:00,1.45,1.45,1.4,1.4,1825,0,8600.0,CE
2015-09-16 15:06:00,1.45,1.45,1.45,1.45,4225,0,8600.0,CE
2015-09-16 15:07:00,1.45,1.45,1.45,1.45,1575,0,8600.0,CE
2015-09-16 15:08:00,1.45,1.45,1.45,1.45,2400,0,8600.0,CE
2015-09-16 15:09:00,1.45,1.45,1.45,1.45,2475,0,8600.0,CE
2015-09-16 15:10:00,1.4,1.5,1.4,1.5,550,0,8600.0,CE
2015-09-16 15:11:00,1.5,1.5,1.5,1.5,650,0,8600.0,CE
2015-09-16 15:12:00,1.5,1.5,1.4,1.4,575,0,8600.0,CE
2015-09-16 15:13:00,1.45,1.5,1.45,1.5,625,0,8600.0,CE
2015-09-16 15:14:00,1.5,1.5,1.5,1.5,675,0,8600.0,CE
2015-09-16 15:15:00,1.5,1.5,1.5,1.5,4450,0,8600.0,CE
2015-09-16 15:16:00,1.5,1.5,1.45,1.45,5850,0,8600.0,CE
2015-09-16 15:17:00,1.5,1.55,1.5,1.5,3075,0,8600.0,CE
2015-09-16 15:18:00,1.55,1.55,1.45,1.45,1800,0,8600.0,CE
2015-09-16 15:19:00,1.45,1.45,1.35,1.35,23650,0,8600.0,CE
2015-09-16 15:20:00,1.4,1.4,1.35,1.35,325,0,8600.0,CE
2015-09-16 15:21:00,1.35,1.35,1.35,1.35,825,0,8600.0,CE
2015-09-16 15:22:00,1.35,1.4,1.35,1.35,2925,0,8600.0,CE
2015-09-16 15:23:00,1.35,1.35,1.3,1.3,2125,0,8600.0,CE
2015-09-16 15:24:00,1.35,1.35,1.25,1.25,400,0,8600.0,CE
2015-09-16 15:25:00,1.35,1.35,1.3,1.35,1500,0,8600.0,CE
2015-09-16 15:26:00,1.35,1.35,1.3,1.35,3600,0,8600.0,CE
2015-09-16 15:27:00,1.35,1.35,1.35,1.35,650,0,8600.0,CE
2015-09-16 15:28:00,1.35,1.35,1.2,1.2,4775,0,8600.0,CE
2015-09-16 15:29:00,1.25,1.25,1.2,1.2,3025,0,8600.0,CE
2015-09-18 09:15:00,1.2,1.2,1.05,1.05,2025,0,8600.0,CE
2015-09-18 09:16:00,1.1,1.15,0.95,0.95,19750,0,8600.0,CE
2015-09-18 09:17:00,1.0,1.05,0.95,0.95,12425,0,8600.0,CE
2015-09-18 09:18:00,0.95,0.95,0.8,0.85,29300,0,8600.0,CE
2015-09-18 09:19:00,0.8,0.9,0.8,0.8,8325,0,8600.0,CE
2015-09-18 09:20:00,0.85,0.9,0.8,0.85,4975,0,8600.0,CE
2015-09-18 09:21:00,0.85,0.85,0.8,0.85,9000,0,8600.0,CE
2015-09-18 09:22:00,0.8,0.8,0.8,0.8,3925,0,8600.0,CE
2015-09-18 09:23:00,0.85,0.9,0.8,0.8,5375,0,8600.0,CE
2015-09-18 09:24:00,0.8,0.9,0.8,0.8,3100,0,8600.0,CE
2015-09-18 09:25:00,0.8,0.85,0.8,0.85,3725,0,8600.0,CE
2015-09-18 09:26:00,0.8,0.9,0.8,0.8,12375,0,8600.0,CE
2015-09-18 09:27:00,0.8,0.85,0.8,0.8,18700,0,8600.0,CE
2015-09-18 09:28:00,0.8,0.8,0.8,0.8,750,0,8600.0,CE
2015-09-18 09:29:00,0.9,0.9,0.9,0.9,11025,0,8600.0,CE
2015-09-18 09:30:00,0.9,0.9,0.9,0.9,75,0,8600.0,CE
2015-09-18 09:31:00,0.8,0.8,0.8,0.8,1000,0,8600.0,CE
2015-09-18 09:32:00,0.8,0.8,0.8,0.8,100,0,8600.0,CE
2015-09-18 09:34:00,0.9,0.9,0.85,0.9,2700,0,8600.0,CE
2015-09-18 09:35:00,0.95,0.95,0.9,0.95,3375,0,8600.0,CE
2015-09-18 09:36:00,0.95,1.0,0.95,0.95,8300,0,8600.0,CE
2015-09-18 09:37:00,0.95,0.95,0.95,0.95,225,0,8600.0,CE
2015-09-18 09:38:00,0.95,0.95,0.9,0.95,1375,0,8600.0,CE
2015-09-18 09:39:00,0.9,0.9,0.9,0.9,3500,0,8600.0,CE
2015-09-18 09:40:00,0.9,0.9,0.85,0.9,3550,0,8600.0,CE
2015-09-18 09:41:00,0.95,0.95,0.95,0.95,3450,0,8600.0,CE
2015-09-18 09:42:00,0.95,1.0,0.95,1.0,2850,0,8600.0,CE
2015-09-18 09:43:00,1.0,1.0,1.0,1.0,625,0,8600.0,CE
2015-09-18 09:45:00,1.0,1.0,0.95,1.0,2100,0,8600.0,CE
2015-09-18 09:46:00,1.0,1.0,1.0,1.0,1050,0,8600.0,CE
2015-09-18 09:47:00,1.0,1.0,1.0,1.0,3650,0,8600.0,CE
2015-09-18 09:48:00,1.0,1.05,1.0,1.05,1475,0,8600.0,CE
2015-09-18 09:49:00,1.05,1.05,1.05,1.05,850,0,8600.0,CE
2015-09-18 09:50:00,1.05,1.1,1.05,1.1,8725,0,8600.0,CE
2015-09-18 09:51:00,1.05,1.05,0.95,0.95,7175,0,8600.0,CE
2015-09-18 09:52:00,0.95,1.0,0.95,1.0,100,0,8600.0,CE
2015-09-18 09:53:00,0.95,0.95,0.9,0.9,675,0,8600.0,CE
2015-09-18 09:54:00,0.9,0.95,0.9,0.95,1925,0,8600.0,CE
2015-09-18 09:55:00,0.95,0.95,0.9,0.9,700,0,8600.0,CE
2015-09-18 09:56:00,1.0,1.0,1.0,1.0,1025,0,8600.0,CE
2015-09-18 09:57:00,1.0,1.05,0.95,0.95,1950,0,8600.0,CE
2015-09-18 09:58:00,1.0,1.05,0.95,1.05,10250,0,8600.0,CE
2015-09-18 09:59:00,1.0,1.0,1.0,1.0,50,0,8600.0,CE
2015-09-18 10:00:00,1.0,1.05,0.95,1.05,12800,0,8600.0,CE
2015-09-18 10:01:00,1.05,1.05,0.95,1.0,200,0,8600.0,CE
2015-09-18 10:02:00,1.05,1.05,1.0,1.0,725,0,8600.0,CE
2015-09-18 10:03:00,1.0,1.1,1.0,1.1,550,0,8600.0,CE
2015-09-18 10:04:00,1.1,1.15,1.1,1.15,3000,0,8600.0,CE
2015-09-18 10:05:00,1.15,1.2,1.15,1.2,2675,0,8600.0,CE
2015-09-18 10:06:00,1.2,1.3,1.15,1.2,4800,0,8600.0,CE
2015-09-18 10:07:00,1.2,1.2,1.15,1.15,2050,0,8600.0,CE
2015-09-18 10:08:00,1.15,1.2,1.15,1.15,4125,0,8600.0,CE
2015-09-18 10:09:00,1.2,1.2,1.2,1.2,225,0,8600.0,CE
2015-09-18 10:10:00,1.15,1.25,1.15,1.15,450,0,8600.0,CE
2015-09-18 10:11:00,1.25,1.3,1.2,1.25,6000,0,8600.0,CE
2015-09-18 10:12:00,1.2,1.25,1.2,1.2,725,0,8600.0,CE
2015-09-18 10:13:00,1.3,1.3,1.2,1.2,575,0,8600.0,CE
2015-09-18 10:14:00,1.25,1.25,1.2,1.2,1200,0,8600.0,CE
2015-09-18 10:15:00,1.2,1.25,1.2,1.25,11100,0,8600.0,CE
2015-09-18 10:16:00,1.3,1.3,1.25,1.3,1250,0,8600.0,CE
2015-09-18 10:17:00,1.2,1.3,1.2,1.3,2375,0,8600.0,CE
2015-09-18 10:18:00,1.3,1.45,1.3,1.45,3125,0,8600.0,CE
2015-09-18 10:19:00,1.5,1.6,1.5,1.5,24875,0,8600.0,CE
2015-09-18 10:20:00,1.5,1.5,1.45,1.5,8900,0,8600.0,CE
2015-09-18 10:21:00,1.5,1.5,1.45,1.5,5850,0,8600.0,CE
2015-09-18 10:22:00,1.5,1.55,1.5,1.5,1400,0,8600.0,CE
2015-09-18 10:23:00,1.5,1.5,1.45,1.5,5850,0,8600.0,CE
2015-09-18 10:24:00,1.5,1.55,1.45,1.5,2150,0,8600.0,CE
2015-09-18 10:25:00,1.5,1.5,1.5,1.5,100,0,8600.0,CE
2015-09-18 10:26:00,1.5,1.5,1.45,1.45,650,0,8600.0,CE
2015-09-18 10:27:00,1.45,1.45,1.4,1.4,1125,0,8600.0,CE
2015-09-18 10:28:00,1.45,1.45,1.4,1.4,575,0,8600.0,CE
2015-09-18 10:29:00,1.4,1.4,1.4,1.4,1500,0,8600.0,CE
2015-09-18 10:30:00,1.4,1.4,1.4,1.4,675,0,8600.0,CE
2015-09-18 10:31:00,1.35,1.35,1.3,1.3,3925,0,8600.0,CE
2015-09-18 10:32:00,1.3,1.3,1.25,1.3,2650,0,8600.0,CE
2015-09-18 10:33:00,1.2,1.3,1.2,1.25,1575,0,8600.0,CE
2015-09-18 10:34:00,1.25,1.3,1.2,1.25,1850,0,8600.0,CE
2015-09-18 10:35:00,1.25,1.25,1.25,1.25,1375,0,8600.0,CE
2015-09-18 10:36:00,1.25,1.3,1.25,1.3,1600,0,8600.0,CE
2015-09-18 10:37:00,1.35,1.35,1.35,1.35,1300,0,8600.0,CE
2015-09-18 10:38:00,1.35,1.35,1.3,1.35,650,0,8600.0,CE
2015-09-18 10:39:00,1.35,1.35,1.25,1.25,1925,0,8600.0,CE
2015-09-18 10:40:00,1.3,1.3,1.25,1.25,325,0,8600.0,CE
2015-09-18 10:41:00,1.25,1.25,1.2,1.2,2000,0,8600.0,CE
2015-09-18 10:42:00,1.2,1.3,1.2,1.2,525,0,8600.0,CE
2015-09-18 10:43:00,1.2,1.25,1.2,1.25,825,0,8600.0,CE
2015-09-18 10:44:00,1.2,1.2,1.15,1.15,400,0,8600.0,CE
2015-09-18 10:45:00,1.3,1.3,1.15,1.15,450,0,8600.0,CE
2015-09-18 10:46:00,1.2,1.2,1.1,1.1,375,0,8600.0,CE
2015-09-18 10:47:00,1.15,1.15,1.15,1.15,50,0,8600.0,CE
2015-09-18 10:48:00,1.15,1.2,1.1,1.1,1600,0,8600.0,CE
2015-09-18 10:49:00,1.1,1.1,1.1,1.1,425,0,8600.0,CE
2015-09-18 10:50:00,1.15,1.15,1.1,1.1,475,0,8600.0,CE
2015-09-18 10:51:00,1.15,1.15,1.1,1.1,325,0,8600.0,CE
2015-09-18 10:52:00,1.05,1.1,1.05,1.1,375,0,8600.0,CE
2015-09-18 10:53:00,1.1,1.15,1.1,1.1,200,0,8600.0,CE
2015-09-18 10:54:00,1.15,1.2,1.1,1.2,1125,0,8600.0,CE
2015-09-18 10:55:00,1.2,1.2,1.15,1.15,100,0,8600.0,CE
2015-09-18 10:56:00,1.15,1.2,1.15,1.2,275,0,8600.0,CE
2015-09-18 10:57:00,1.25,1.25,1.15,1.2,600,0,8600.0,CE
2015-09-18 10:58:00,1.15,1.25,1.15,1.25,3225,0,8600.0,CE
2015-09-18 10:59:00,1.25,1.25,1.2,1.25,500,0,8600.0,CE
2015-09-18 11:00:00,1.2,1.25,1.2,1.2,1675,0,8600.0,CE
2015-09-18 11:05:00,1.15,1.2,1.15,1.2,75,0,8600.0,CE
2015-09-18 11:06:00,1.2,1.2,1.2,1.2,1150,0,8600.0,CE
2015-09-18 11:07:00,1.2,1.2,1.1,1.15,3775,0,8600.0,CE
2015-09-18 11:08:00,1.15,1.15,1.1,1.1,1875,0,8600.0,CE
2015-09-18 11:09:00,1.1,1.1,1.1,1.1,150,0,8600.0,CE
2015-09-18 11:10:00,1.1,1.1,1.1,1.1,50,0,8600.0,CE
2015-09-18 11:11:00,1.15,1.15,1.15,1.15,75,0,8600.0,CE
2015-09-18 11:12:00,1.15,1.15,1.15,1.15,675,0,8600.0,CE
2015-09-18 11:15:00,1.1,1.1,1.1,1.1,225,0,8600.0,CE
2015-09-18 11:16:00,1.1,1.15,1.1,1.15,1150,0,8600.0,CE
2015-09-18 11:17:00,1.15,1.2,1.1,1.1,1075,0,8600.0,CE
2015-09-18 11:18:00,1.1,1.1,1.1,1.1,225,0,8600.0,CE
2015-09-18 11:19:00,1.1,1.15,1.1,1.1,8650,0,8600.0,CE
2015-09-18 11:20:00,1.1,1.1,1.05,1.05,3875,0,8600.0,CE
2015-09-18 11:21:00,1.1,1.1,1.05,1.05,575,0,8600.0,CE
2015-09-18 11:24:00,1.15,1.15,1.15,1.15,75,0,8600.0,CE
2015-09-18 11:25:00,1.15,1.15,1.15,1.15,75,0,8600.0,CE
2015-09-18 11:26:00,1.2,1.2,1.15,1.2,1425,0,8600.0,CE
2015-09-18 11:27:00,1.2,1.2,1.2,1.2,425,0,8600.0,CE
2015-09-18 11:28:00,1.25,1.25,1.25,1.25,250,0,8600.0,CE
2015-09-18 11:29:00,1.25,1.25,1.2,1.25,350,0,8600.0,CE
2015-09-18 11:30:00,1.25,1.25,1.25,1.25,50,0,8600.0,CE
2015-09-18 11:31:00,1.25,1.3,1.25,1.25,875,0,8600.0,CE
2015-09-18 11:32:00,1.3,1.4,1.25,1.3,10150,0,8600.0,CE
2015-09-18 11:33:00,1.35,1.35,1.3,1.3,4200,0,8600.0,CE
2015-09-18 11:34:00,1.3,1.3,1.25,1.25,425,0,8600.0,CE
2015-09-18 11:35:00,1.25,1.25,1.25,1.25,75,0,8600.0,CE
2015-09-18 11:36:00,1.25,1.25,1.25,1.25,2725,0,8600.0,CE
2015-09-18 11:37:00,1.25,1.25,1.25,1.25,650,0,8600.0,CE
2015-09-18 11:38:00,1.2,1.25,1.15,1.2,4200,0,8600.0,CE
2015-09-18 11:39:00,1.2,1.2,1.2,1.2,200,0,8600.0,CE
2015-09-18 11:41:00,1.2,1.2,1.2,1.2,275,0,8600.0,CE
2015-09-18 11:42:00,1.2,1.2,1.15,1.2,4750,0,8600.0,CE
2015-09-18 11:43:00,1.2,1.25,1.15,1.25,2850,0,8600.0,CE
2015-09-18 11:44:00,1.2,1.25,1.15,1.25,625,0,8600.0,CE
2015-09-18 11:45:00,1.25,1.25,1.25,1.25,100,0,8600.0,CE
2015-09-18 11:47:00,1.2,1.25,1.2,1.2,625,0,8600.0,CE
2015-09-18 11:48:00,1.15,1.15,1.15,1.15,250,0,8600.0,CE
2015-09-18 11:49:00,1.2,1.25,1.15,1.25,2425,0,8600.0,CE
2015-09-18 11:50:00,1.25,1.25,1.25,1.25,350,0,8600.0,CE
2015-09-18 11:51:00,1.25,1.25,1.2,1.25,1400,0,8600.0,CE
2015-09-18 11:52:00,1.25,1.25,1.25,1.25,25,0,8600.0,CE
2015-09-18 11:53:00,1.2,1.25,1.15,1.25,1125,0,8600.0,CE
2015-09-18 11:54:00,1.2,1.25,1.2,1.25,800,0,8600.0,CE
2015-09-18 11:55:00,1.25,1.25,1.25,1.25,250,0,8600.0,CE
2015-09-18 11:56:00,1.25,1.25,1.25,1.25,50,0,8600.0,CE
2015-09-18 11:57:00,1.3,1.3,1.3,1.3,75,0,8600.0,CE
2015-09-18 11:58:00,1.2,1.2,1.2,1.2,200,0,8600.0,CE
2015-09-18 11:59:00,1.2,1.3,1.2,1.3,1300,0,8600.0,CE
2015-09-18 12:00:00,1.3,1.3,1.3,1.3,225,0,8600.0,CE
2015-09-18 12:01:00,1.3,1.3,1.3,1.3,25,0,8600.0,CE
2015-09-18 12:02:00,1.3,1.3,1.3,1.3,25,0,8600.0,CE
2015-09-18 12:03:00,1.3,1.3,1.25,1.3,275,0,8600.0,CE
2015-09-18 12:04:00,1.25,1.3,1.25,1.25,1000,0,8600.0,CE
2015-09-18 12:05:00,1.25,1.25,1.25,1.25,450,0,8600.0,CE
2015-09-18 12:06:00,1.25,1.25,1.25,1.25,325,0,8600.0,CE
2015-09-18 12:07:00,1.3,1.3,1.3,1.3,400,0,8600.0,CE
2015-09-18 12:08:00,1.3,1.3,1.3,1.3,350,0,8600.0,CE
2015-09-18 12:10:00,1.35,1.35,1.3,1.3,250,0,8600.0,CE
2015-09-18 12:11:00,1.35,1.35,1.3,1.3,450,0,8600.0,CE
2015-09-18 12:12:00,1.35,1.35,1.25,1.25,275,0,8600.0,CE
2015-09-18 12:13:00,1.25,1.25,1.2,1.2,800,0,8600.0,CE
2015-09-18 12:14:00,1.3,1.3,1.3,1.3,200,0,8600.0,CE
2015-09-18 12:15:00,1.3,1.3,1.25,1.25,500,0,8600.0,CE
2015-09-18 12:16:00,1.25,1.3,1.25,1.3,225,0,8600.0,CE
2015-09-18 12:17:00,1.3,1.3,1.25,1.25,3525,0,8600.0,CE
2015-09-18 12:18:00,1.25,1.25,1.25,1.25,25,0,8600.0,CE
2015-09-18 12:19:00,1.25,1.25,1.25,1.25,25,0,8600.0,CE
2015-09-18 12:20:00,1.25,1.25,1.25,1.25,150,0,8600.0,CE
2015-09-18 12:21:00,1.25,1.25,1.25,1.25,1525,0,8600.0,CE
2015-09-18 12:22:00,1.3,1.3,1.25,1.25,250,0,8600.0,CE
2015-09-18 12:23:00,1.25,1.3,1.25,1.3,450,0,8600.0,CE
2015-09-18 12:24:00,1.25,1.25,1.25,1.25,275,0,8600.0,CE
2015-09-18 12:25:00,1.25,1.25,1.25,1.25,275,0,8600.0,CE
2015-09-18 12:26:00,1.25,1.3,1.25,1.25,375,0,8600.0,CE
2015-09-18 12:27:00,1.3,1.3,1.25,1.25,2350,0,8600.0,CE
2015-09-18 12:28:00,1.25,1.25,1.25,1.25,1300,0,8600.0,CE
2015-09-18 12:29:00,1.25,1.25,1.25,1.25,1300,0,8600.0,CE
2015-09-18 12:30:00,1.25,1.25,1.25,1.25,525,0,8600.0,CE
2015-09-18 12:31:00,1.25,1.3,1.25,1.3,950,0,8600.0,CE
2015-09-18 12:32:00,1.25,1.3,1.2,1.25,275,0,8600.0,CE
2015-09-18 12:33:00,1.25,1.3,1.25,1.3,1000,0,8600.0,CE
2015-09-18 12:34:00,1.3,1.3,1.2,1.3,675,0,8600.0,CE
2015-09-18 12:35:00,1.25,1.3,1.25,1.3,275,0,8600.0,CE
2015-09-18 12:36:00,1.3,1.3,1.25,1.25,450,0,8600.0,CE
2015-09-18 12:37:00,1.25,1.25,1.25,1.25,25,0,8600.0,CE
2015-09-18 12:38:00,1.3,1.3,1.25,1.25,275,0,8600.0,CE
2015-09-18 12:39:00,1.2,1.25,1.2,1.2,300,0,8600.0,CE
2015-09-18 12:40:00,1.2,1.2,1.2,1.2,600,0,8600.0,CE
2015-09-18 12:41:00,1.2,1.25,1.2,1.2,4375,0,8600.0,CE
2015-09-18 12:42:00,1.2,1.25,1.2,1.2,1000,0,8600.0,CE
2015-09-18 12:43:00,1.2,1.25,1.2,1.25,150,0,8600.0,CE
2015-09-18 12:44:00,1.2,1.2,1.2,1.2,1825,0,8600.0,CE
2015-09-18 12:45:00,1.2,1.25,1.15,1.15,2800,0,8600.0,CE
2015-09-18 12:46:00,1.2,1.2,1.2,1.2,125,0,8600.0,CE
2015-09-18 12:47:00,1.2,1.2,1.15,1.15,925,0,8600.0,CE
2015-09-18 12:48:00,1.2,1.2,1.15,1.2,1575,0,8600.0,CE
2015-09-18 12:49:00,1.25,1.25,1.2,1.2,1150,0,8600.0,CE
2015-09-18 12:50:00,1.2,1.2,1.15,1.2,1550,0,8600.0,CE
2015-09-18 12:51:00,1.25,1.25,1.25,1.25,125,0,8600.0,CE
2015-09-18 12:52:00,1.25,1.25,1.25,1.25,650,0,8600.0,CE
2015-09-18 12:53:00,1.25,1.25,1.2,1.2,600,0,8600.0,CE
2015-09-18 12:54:00,1.2,1.25,1.15,1.15,1350,0,8600.0,CE
2015-09-18 12:55:00,1.15,1.15,1.15,1.15,50,0,8600.0,CE
2015-09-18 12:56:00,1.2,1.25,1.2,1.25,150,0,8600.0,CE
2015-09-18 12:59:00,1.2,1.2,1.2,1.2,500,0,8600.0,CE
2015-09-18 13:00:00,1.2,1.2,1.2,1.2,375,0,8600.0,CE
2015-09-18 13:01:00,1.15,1.15,1.15,1.15,1450,0,8600.0,CE
2015-09-18 13:02:00,1.2,1.2,1.2,1.2,100,0,8600.0,CE
2015-09-18 13:03:00,1.15,1.2,1.15,1.2,250,0,8600.0,CE
2015-09-18 13:04:00,1.2,1.2,1.2,1.2,175,0,8600.0,CE
2015-09-18 13:05:00,1.15,1.15,1.15,1.15,250,0,8600.0,CE
2015-09-18 13:06:00,1.2,1.2,1.15,1.2,950,0,8600.0,CE
2015-09-18 13:07:00,1.2,1.2,1.2,1.2,150,0,8600.0,CE
2015-09-18 13:08:00,1.15,1.25,1.15,1.2,3225,0,8600.0,CE
2015-09-18 13:09:00,1.2,1.25,1.2,1.25,300,0,8600.0,CE
2015-09-18 13:10:00,1.25,1.25,1.25,1.25,100,0,8600.0,CE
2015-09-18 13:11:00,1.2,1.25,1.2,1.2,425,0,8600.0,CE
2015-09-18 13:12:00,1.2,1.2,1.2,1.2,525,0,8600.0,CE
2015-09-18 13:13:00,1.2,1.2,1.2,1.2,375,0,8600.0,CE
2015-09-18 13:14:00,1.2,1.2,1.2,1.2,1450,0,8600.0,CE
2015-09-18 13:15:00,1.15,1.15,1.15,1.15,50,0,8600.0,CE
2015-09-18 13:16:00,1.2,1.2,1.2,1.2,200,0,8600.0,CE
2015-09-18 13:17:00,1.25,1.3,1.25,1.3,2600,0,8600.0,CE
2015-09-18 13:19:00,1.25,1.3,1.25,1.25,500,0,8600.0,CE
2015-09-18 13:20:00,1.25,1.25,1.25,1.25,25,0,8600.0,CE
2015-09-18 13:21:00,1.3,1.3,1.25,1.25,250,0,8600.0,CE
2015-09-18 13:22:00,1.2,1.25,1.2,1.25,800,0,8600.0,CE
2015-09-18 13:23:00,1.25,1.3,1.25,1.3,350,0,8600.0,CE
2015-09-18 13:24:00,1.25,1.25,1.2,1.2,1475,0,8600.0,CE
2015-09-18 13:25:00,1.25,1.25,1.25,1.25,25,0,8600.0,CE
2015-09-18 13:27:00,1.2,1.2,1.2,1.2,100,0,8600.0,CE
2015-09-18 13:28:00,1.2,1.2,1.2,1.2,25,0,8600.0,CE
2015-09-18 13:29:00,1.2,1.2,1.2,1.2,875,0,8600.0,CE
2015-09-18 13:30:00,1.25,1.25,1.2,1.2,925,0,8600.0,CE
2015-09-18 13:32:00,1.15,1.15,1.15,1.15,350,0,8600.0,CE
2015-09-18 13:33:00,1.15,1.15,1.15,1.15,125,0,8600.0,CE
2015-09-18 13:34:00,1.15,1.2,1.15,1.2,100,0,8600.0,CE
2015-09-18 13:36:00,1.2,1.2,1.2,1.2,75,0,8600.0,CE
2015-09-18 13:37:00,1.15,1.15,1.15,1.15,225,0,8600.0,CE
2015-09-18 13:38:00,1.15,1.2,1.15,1.15,175,0,8600.0,CE
2015-09-18 13:40:00,1.2,1.2,1.2,1.2,500,0,8600.0,CE
2015-09-18 13:43:00,1.2,1.2,1.2,1.2,1425,0,8600.0,CE
2015-09-18 13:44:00,1.2,1.25,1.2,1.2,625,0,8600.0,CE
2015-09-18 13:45:00,1.2,1.25,1.2,1.25,1100,0,8600.0,CE
2015-09-18 13:46:00,1.2,1.2,1.2,1.2,225,0,8600.0,CE
2015-09-18 13:47:00,1.2,1.2,1.2,1.2,75,0,8600.0,CE
2015-09-18 13:48:00,1.2,1.2,1.2,1.2,2050,0,8600.0,CE
2015-09-18 13:49:00,1.2,1.25,1.2,1.2,825,0,8600.0,CE
2015-09-18 13:50:00,1.2,1.2,1.2,1.2,325,0,8600.0,CE
2015-09-18 13:51:00,1.2,1.2,1.2,1.2,375,0,8600.0,CE
2015-09-18 13:52:00,1.25,1.25,1.25,1.25,25,0,8600.0,CE
2015-09-18 13:53:00,1.25,1.25,1.2,1.2,6525,0,8600.0,CE
2015-09-18 13:54:00,1.25,1.25,1.25,1.25,5000,0,8600.0,CE
2015-09-18 13:55:00,1.2,1.2,1.2,1.2,50,0,8600.0,CE
2015-09-18 13:56:00,1.2,1.2,1.2,1.2,2550,0,8600.0,CE
2015-09-18 13:57:00,1.2,1.2,1.2,1.2,1900,0,8600.0,CE
2015-09-18 13:59:00,1.2,1.2,1.2,1.2,400,0,8600.0,CE
2015-09-18 14:00:00,1.2,1.2,1.2,1.2,375,0,8600.0,CE
2015-09-18 14:03:00,1.25,1.25,1.25,1.25,175,0,8600.0,CE
2015-09-18 14:04:00,1.25,1.25,1.25,1.25,125,0,8600.0,CE
2015-09-18 14:05:00,1.25,1.25,1.2,1.2,425,0,8600.0,CE
2015-09-18 14:06:00,1.2,1.2,1.2,1.2,525,0,8600.0,CE
2015-09-18 14:07:00,1.25,1.25,1.25,1.25,500,0,8600.0,CE
2015-09-18 14:12:00,1.25,1.3,1.25,1.25,2650,0,8600.0,CE
2015-09-18 14:13:00,1.25,1.3,1.25,1.25,7850,0,8600.0,CE
2015-09-18 14:14:00,1.25,1.25,1.2,1.2,1425,0,8600.0,CE
2015-09-18 14:15:00,1.2,1.25,1.2,1.25,175,0,8600.0,CE
2015-09-18 14:16:00,1.25,1.25,1.25,1.25,125,0,8600.0,CE
2015-09-18 14:17:00,1.25,1.25,1.25,1.25,225,0,8600.0,CE
2015-09-18 14:18:00,1.25,1.25,1.25,1.25,100,0,8600.0,CE
2015-09-18 14:19:00,1.2,1.2,1.2,1.2,150,0,8600.0,CE
2015-09-18 14:21:00,1.25,1.25,1.2,1.2,2225,0,8600.0,CE
2015-09-18 14:22:00,1.25,1.25,1.2,1.25,875,0,8600.0,CE
2015-09-18 14:23:00,1.25,1.25,1.2,1.2,300,0,8600.0,CE
2015-09-18 14:24:00,1.25,1.25,1.2,1.25,575,0,8600.0,CE
2015-09-18 14:25:00,1.25,1.25,1.2,1.2,3475,0,8600.0,CE
2015-09-18 14:26:00,1.25,1.25,1.25,1.25,125,0,8600.0,CE
2015-09-18 14:27:00,1.2,1.2,1.2,1.2,2050,0,8600.0,CE
2015-09-18 14:28:00,1.2,1.2,1.2,1.2,75,0,8600.0,CE
2015-09-18 14:30:00,1.25,1.25,1.25,1.25,50,0,8600.0,CE
2015-09-18 14:31:00,1.25,1.25,1.2,1.25,2400,0,8600.0,CE
2015-09-18 14:32:00,1.25,1.25,1.2,1.25,1600,0,8600.0,CE
2015-09-18 14:33:00,1.25,1.25,1.2,1.25,1775,0,8600.0,CE
2015-09-18 14:34:00,1.2,1.25,1.2,1.25,750,0,8600.0,CE
2015-09-18 14:35:00,1.25,1.25,1.2,1.25,1500,0,8600.0,CE
2015-09-18 14:36:00,1.2,1.2,1.2,1.2,450,0,8600.0,CE
2015-09-18 14:37:00,1.25,1.25,1.25,1.25,500,0,8600.0,CE
2015-09-18 14:38:00,1.2,1.25,1.2,1.2,1925,0,8600.0,CE
2015-09-18 14:39:00,1.2,1.25,1.2,1.2,1200,0,8600.0,CE
2015-09-18 14:40:00,1.25,1.25,1.15,1.2,2100,0,8600.0,CE
2015-09-18 14:41:00,1.2,1.25,1.2,1.25,425,0,8600.0,CE
2015-09-18 14:42:00,1.25,1.25,1.2,1.25,800,0,8600.0,CE
2015-09-18 14:43:00,1.25,1.25,1.25,1.25,825,0,8600.0,CE
2015-09-18 14:44:00,1.25,1.25,1.25,1.25,100,0,8600.0,CE
2015-09-18 14:45:00,1.2,1.2,1.2,1.2,2175,0,8600.0,CE
2015-09-18 14:46:00,1.2,1.2,1.2,1.2,600,0,8600.0,CE
2015-09-18 14:47:00,1.2,1.2,1.2,1.2,2975,0,8600.0,CE
2015-09-18 14:48:00,1.2,1.2,1.15,1.2,850,0,8600.0,CE
2015-09-18 14:49:00,1.2,1.2,1.15,1.15,150,0,8600.0,CE
2015-09-18 14:50:00,1.2,1.2,1.15,1.15,375,0,8600.0,CE
2015-09-18 14:51:00,1.15,1.15,1.1,1.1,800,0,8600.0,CE
2015-09-18 14:52:00,1.1,1.15,1.1,1.1,7800,0,8600.0,CE
2015-09-18 14:53:00,1.05,1.1,1.05,1.05,125,0,8600.0,CE
2015-09-18 14:54:00,1.1,1.1,1.05,1.05,1575,0,8600.0,CE
2015-09-18 14:55:00,1.05,1.05,1.0,1.05,11100,0,8600.0,CE
2015-09-18 14:56:00,1.0,1.05,1.0,1.05,2575,0,8600.0,CE
2015-09-18 14:57:00,1.05,1.05,1.05,1.05,100,0,8600.0,CE
2015-09-18 14:58:00,1.0,1.05,1.0,1.05,3175,0,8600.0,CE
2015-09-18 14:59:00,1.0,1.05,1.0,1.05,450,0,8600.0,CE
2015-09-18 15:00:00,1.0,1.0,1.0,1.0,2000,0,8600.0,CE
2015-09-18 15:01:00,1.05,1.05,1.05,1.05,450,0,8600.0,CE
2015-09-18 15:02:00,1.1,1.15,1.1,1.15,275,0,8600.0,CE
2015-09-18 15:03:00,1.15,1.15,1.15,1.15,675,0,8600.0,CE
2015-09-18 15:04:00,1.1,1.15,1.1,1.15,400,0,8600.0,CE
2015-09-18 15:05:00,1.1,1.1,1.1,1.1,675,0,8600.0,CE
2015-09-18 15:06:00,1.05,1.05,1.05,1.05,10000,0,8600.0,CE
2015-09-18 15:08:00,1.1,1.1,1.1,1.1,100,0,8600.0,CE
2015-09-18 15:09:00,1.1,1.1,1.1,1.1,1000,0,8600.0,CE
2015-09-18 15:10:00,1.1,1.1,1.1,1.1,1000,0,8600.0,CE
2015-09-18 15:11:00,1.15,1.15,1.1,1.15,12575,0,8600.0,CE
2015-09-18 15:13:00,1.1,1.1,1.1,1.1,1000,0,8600.0,CE
2015-09-18 15:14:00,1.1,1.15,1.1,1.1,8250,0,8600.0,CE
2015-09-18 15:15:00,1.05,1.15,1.05,1.1,6400,0,8600.0,CE
2015-09-18 15:16:00,1.15,1.2,1.15,1.2,5000,0,8600.0,CE
2015-09-18 15:17:00,1.15,1.15,1.15,1.15,1050,0,8600.0,CE
2015-09-18 15:18:00,1.15,1.2,1.1,1.15,3300,0,8600.0,CE
2015-09-18 15:19:00,1.1,1.1,1.1,1.1,25,0,8600.0,CE
2015-09-18 15:20:00,1.1,1.1,1.1,1.1,25,0,8600.0,CE
2015-09-18 15:21:00,1.15,1.15,1.15,1.15,775,0,8600.0,CE
2015-09-18 15:22:00,1.2,1.2,1.15,1.15,14450,0,8600.0,CE
2015-09-18 15:23:00,1.2,1.2,1.15,1.15,5075,0,8600.0,CE
2015-09-18 15:24:00,1.25,1.25,1.15,1.2,1075,0,8600.0,CE
2015-09-18 15:25:00,1.25,1.25,1.25,1.25,1700,0,8600.0,CE
2015-09-18 15:26:00,1.25,1.3,1.2,1.25,16175,0,8600.0,CE
2015-09-18 15:27:00,1.25,1.3,1.25,1.25,6600,0,8600.0,CE
2015-09-18 15:28:00,1.25,1.3,1.2,1.3,10525,0,8600.0,CE
2015-09-18 15:29:00,1.3,1.3,1.15,1.15,8375,0,8600.0,CE
2015-09-21 09:15:00,0.95,0.95,0.7,0.7,8350,0,8600.0,CE
2015-09-21 09:16:00,0.8,0.8,0.75,0.75,1925,0,8600.0,CE
2015-09-21 09:17:00,0.75,0.75,0.7,0.7,23375,0,8600.0,CE
2015-09-21 09:18:00,0.7,0.7,0.65,0.65,30000,0,8600.0,CE
2015-09-21 09:19:00,0.65,0.65,0.65,0.65,30900,0,8600.0,CE
2015-09-21 09:20:00,0.6,0.6,0.6,0.6,32575,0,8600.0,CE
2015-09-21 09:21:00,0.6,0.6,0.6,0.6,4400,0,8600.0,CE
2015-09-21 09:22:00,0.65,0.65,0.6,0.6,775,0,8600.0,CE
2015-09-21 09:23:00,0.65,0.65,0.65,0.65,8200,0,8600.0,CE
2015-09-21 09:24:00,0.65,0.65,0.6,0.65,2000,0,8600.0,CE
2015-09-21 09:25:00,0.6,0.65,0.6,0.65,1725,0,8600.0,CE
2015-09-21 09:27:00,0.65,0.65,0.65,0.65,200,0,8600.0,CE
2015-09-21 09:28:00,0.65,0.65,0.6,0.6,75,0,8600.0,CE
2015-09-21 09:30:00,0.6,0.6,0.6,0.6,975,0,8600.0,CE
2015-09-21 09:32:00,0.65,0.65,0.65,0.65,50,0,8600.0,CE
2015-09-21 09:33:00,0.6,0.6,0.6,0.6,125,0,8600.0,CE
2015-09-21 09:35:00,0.6,0.6,0.6,0.6,75,0,8600.0,CE
2015-09-21 09:36:00,0.6,0.6,0.6,0.6,25,0,8600.0,CE
2015-09-21 09:37:00,0.6,0.6,0.6,0.6,25,0,8600.0,CE
2015-09-21 09:38:00,0.65,0.65,0.65,0.65,50,0,8600.0,CE
2015-09-21 09:39:00,0.65,0.65,0.65,0.65,20000,0,8600.0,CE
2015-09-21 09:40:00,0.6,0.6,0.6,0.6,2000,0,8600.0,CE
2015-09-21 09:41:00,0.65,0.65,0.65,0.65,20000,0,8600.0,CE
2015-09-21 09:42:00,0.6,0.65,0.6,0.65,75,0,8600.0,CE
2015-09-21 09:43:00,0.6,0.6,0.6,0.6,25,0,8600.0,CE
2015-09-21 09:44:00,0.65,0.65,0.65,0.65,10025,0,8600.0,CE
2015-09-21 09:45:00,0.65,0.65,0.65,0.65,1950,0,8600.0,CE
2015-09-21 09:46:00,0.65,0.7,0.65,0.7,50,0,8600.0,CE
2015-09-21 09:47:00,0.7,0.7,0.7,0.7,25,0,8600.0,CE
2015-09-21 09:48:00,0.65,0.7,0.65,0.7,3225,0,8600.0,CE
2015-09-21 09:49:00,0.65,0.65,0.65,0.65,1000,0,8600.0,CE
2015-09-21 09:52:00,0.7,0.7,0.7,0.7,25,0,8600.0,CE
2015-09-21 09:53:00,0.65,0.65,0.65,0.65,25,0,8600.0,CE
2015-09-21 09:54:00,0.7,0.7,0.7,0.7,75,0,8600.0,CE
2015-09-21 09:56:00,0.65,0.65,0.65,0.65,1000,0,8600.0,CE
2015-09-21 09:58:00,0.7,0.7,0.7,0.7,25,0,8600.0,CE
2015-09-21 09:59:00,0.7,0.7,0.7,0.7,50,0,8600.0,CE
2015-09-21 10:00:00,0.7,0.7,0.7,0.7,25,0,8600.0,CE
2015-09-21 10:03:00,0.65,0.7,0.65,0.7,600,0,8600.0,CE
2015-09-21 10:07:00,0.7,0.7,0.7,0.7,50,0,8600.0,CE
2015-09-21 10:08:00,0.7,0.7,0.7,0.7,350,0,8600.0,CE
2015-09-21 10:09:00,0.65,0.65,0.65,0.65,100,0,8600.0,CE
2015-09-21 10:11:00,0.65,0.65,0.65,0.65,100,0,8600.0,CE
2015-09-21 10:12:00,0.7,0.7,0.65,0.7,875,0,8600.0,CE
2015-09-21 10:13:00,0.65,0.65,0.65,0.65,100,0,8600.0,CE
2015-09-21 10:14:00,0.7,0.7,0.7,0.7,3350,0,8600.0,CE
2015-09-21 10:15:00,0.65,0.65,0.65,0.65,275,0,8600.0,CE
2015-09-21 10:16:00,0.65,0.65,0.65,0.65,825,0,8600.0,CE
2015-09-21 10:17:00,0.65,0.65,0.65,0.65,75,0,8600.0,CE
2015-09-21 10:18:00,0.7,0.7,0.7,0.7,125,0,8600.0,CE
2015-09-21 10:19:00,0.65,0.7,0.65,0.7,275,0,8600.0,CE
2015-09-21 10:20:00,0.7,0.7,0.7,0.7,500,0,8600.0,CE
2015-09-21 10:23:00,0.65,0.65,0.65,0.65,200,0,8600.0,CE
2015-09-21 10:25:00,0.65,0.65,0.65,0.65,100,0,8600.0,CE
2015-09-21 10:27:00,0.7,0.7,0.7,0.7,525,0,8600.0,CE
2015-09-21 10:33:00,0.7,0.7,0.65,0.65,400,0,8600.0,CE
2015-09-21 10:34:00,0.65,0.7,0.65,0.65,300,0,8600.0,CE
2015-09-21 10:36:00,0.7,0.7,0.7,0.7,325,0,8600.0,CE
2015-09-21 10:37:00,0.65,0.65,0.65,0.65,100,0,8600.0,CE
2015-09-21 10:38:00,0.65,0.65,0.65,0.65,1000,0,8600.0,CE
2015-09-21 10:39:00,0.65,0.7,0.65,0.7,250,0,8600.0,CE
2015-09-21 10:40:00,0.7,0.7,0.7,0.7,50,0,8600.0,CE
2015-09-21 10:42:00,0.7,0.7,0.7,0.7,75,0,8600.0,CE
2015-09-21 10:44:00,0.7,0.7,0.7,0.7,125,0,8600.0,CE
2015-09-21 10:46:00,0.65,0.65,0.65,0.65,100,0,8600.0,CE
2015-09-21 10:48:00,0.65,0.65,0.65,0.65,25,0,8600.0,CE
2015-09-21 10:49:00,0.65,0.7,0.65,0.7,300,0,8600.0,CE
2015-09-21 10:50:00,0.65,0.7,0.65,0.7,50,0,8600.0,CE
2015-09-21 10:51:00,0.7,0.7,0.7,0.7,1000,0,8600.0,CE
2015-09-21 10:52:00,0.65,0.65,0.65,0.65,500,0,8600.0,CE
2015-09-21 10:53:00,0.65,0.65,0.65,0.65,100,0,8600.0,CE
2015-09-21 10:54:00,0.7,0.7,0.7,0.7,5000,0,8600.0,CE
2015-09-21 10:56:00,0.65,0.65,0.65,0.65,175,0,8600.0,CE
2015-09-21 10:57:00,0.65,0.65,0.65,0.65,1600,0,8600.0,CE
2015-09-21 10:58:00,0.7,0.7,0.7,0.7,500,0,8600.0,CE
2015-09-21 10:59:00,0.7,0.7,0.65,0.65,8925,0,8600.0,CE
2015-09-21 11:00:00,0.7,0.7,0.7,0.7,50,0,8600.0,CE
2015-09-21 11:01:00,0.65,0.65,0.65,0.65,100,0,8600.0,CE
2015-09-21 11:03:00,0.7,0.7,0.7,0.7,25,0,8600.0,CE
2015-09-21 11:04:00,0.65,0.65,0.65,0.65,25,0,8600.0,CE
2015-09-21 11:05:00,0.65,0.7,0.65,0.7,50,0,8600.0,CE
2015-09-21 11:07:00,0.65,0.65,0.65,0.65,100,0,8600.0,CE
2015-09-21 11:14:00,0.65,0.65,0.65,0.65,125,0,8600.0,CE
2015-09-21 11:15:00,0.65,0.65,0.65,0.65,1000,0,8600.0,CE
2015-09-21 11:16:00,0.65,0.65,0.65,0.65,300,0,8600.0,CE
2015-09-21 11:18:00,0.7,0.7,0.7,0.7,50,0,8600.0,CE
2015-09-21 11:19:00,0.65,0.65,0.65,0.65,500,0,8600.0,CE
2015-09-21 11:24:00,0.65,0.7,0.65,0.7,1700,0,8600.0,CE
2015-09-21 11:25:00,0.7,0.7,0.7,0.7,25,0,8600.0,CE
2015-09-21 11:26:00,0.7,0.7,0.7,0.7,75,0,8600.0,CE
2015-09-21 11:27:00,0.65,0.7,0.65,0.7,50,0,8600.0,CE
2015-09-21 11:28:00,0.7,0.7,0.7,0.7,25,0,8600.0,CE
2015-09-21 11:29:00,0.7,0.7,0.7,0.7,125,0,8600.0,CE
2015-09-21 11:30:00,0.7,0.7,0.7,0.7,375,0,8600.0,CE
2015-09-21 11:34:00,0.65,0.7,0.65,0.7,225,0,8600.0,CE
2015-09-21 11:35:00,0.7,0.7,0.7,0.7,25,0,8600.0,CE
2015-09-21 11:37:00,0.65,0.7,0.65,0.7,50,0,8600.0,CE
2015-09-21 11:39:00,0.65,0.7,0.65,0.7,7650,0,8600.0,CE
2015-09-21 11:40:00,0.7,0.7,0.65,0.65,5500,0,8600.0,CE
2015-09-21 11:41:00,0.7,0.7,0.7,0.7,25,0,8600.0,CE
2015-09-21 11:45:00,0.7,0.7,0.65,0.7,150,0,8600.0,CE
2015-09-21 11:46:00,0.65,0.7,0.65,0.7,125,0,8600.0,CE
2015-09-21 11:47:00,0.65,0.65,0.65,0.65,100,0,8600.0,CE
2015-09-21 11:50:00,0.7,0.7,0.7,0.7,725,0,8600.0,CE
2015-09-21 11:51:00,0.65,0.7,0.65,0.7,150,0,8600.0,CE
2015-09-21 11:52:00,0.7,0.7,0.7,0.7,2875,0,8600.0,CE
2015-09-21 11:53:00,0.7,0.7,0.65,0.7,300,0,8600.0,CE
2015-09-21 11:55:00,0.7,0.7,0.7,0.7,50,0,8600.0,CE
2015-09-21 11:56:00,0.65,0.7,0.65,0.7,275,0,8600.0,CE
2015-09-21 11:58:00,0.7,0.7,0.7,0.7,175,0,8600.0,CE
2015-09-21 11:59:00,0.7,0.7,0.7,0.7,200,0,8600.0,CE
2015-09-21 12:00:00,0.7,0.7,0.7,0.7,3050,0,8600.0,CE
2015-09-21 12:01:00,0.75,0.75,0.75,0.75,250,0,8600.0,CE
2015-09-21 12:04:00,0.75,0.75,0.75,0.75,175,0,8600.0,CE
2015-09-21 12:05:00,0.7,0.7,0.7,0.7,1050,0,8600.0,CE
2015-09-21 12:06:00,0.75,0.75,0.75,0.75,550,0,8600.0,CE
2015-09-21 12:07:00,0.75,0.75,0.75,0.75,1000,0,8600.0,CE
2015-09-21 12:13:00,0.75,0.75,0.75,0.75,25,0,8600.0,CE
2015-09-21 12:18:00,0.7,0.7,0.7,0.7,200,0,8600.0,CE
2015-09-21 12:20:00,0.75,0.75,0.75,0.75,25,0,8600.0,CE
2015-09-21 12:21:00,0.7,0.7,0.7,0.7,200,0,8600.0,CE
2015-09-21 12:22:00,0.75,0.75,0.75,0.75,500,0,8600.0,CE
2015-09-21 12:25:00,0.7,0.75,0.7,0.75,200,0,8600.0,CE
2015-09-21 12:27:00,0.75,0.75,0.7,0.7,100,0,8600.0,CE
2015-09-21 12:28:00,0.7,0.7,0.7,0.7,1875,0,8600.0,CE
2015-09-21 12:29:00,0.65,0.75,0.65,0.7,4625,0,8600.0,CE
2015-09-21 12:30:00,0.65,0.65,0.65,0.65,525,0,8600.0,CE
2015-09-21 12:31:00,0.65,0.65,0.65,0.65,50,0,8600.0,CE
2015-09-21 12:32:00,0.7,0.7,0.7,0.7,775,0,8600.0,CE
2015-09-21 12:33:00,0.7,0.75,0.7,0.7,300,0,8600.0,CE
2015-09-21 12:34:00,0.7,0.7,0.7,0.7,225,0,8600.0,CE
2015-09-21 12:35:00,0.7,0.7,0.7,0.7,225,0,8600.0,CE
2015-09-21 12:36:00,0.7,0.7,0.7,0.7,75,0,8600.0,CE
2015-09-21 12:38:00,0.7,0.75,0.7,0.75,175,0,8600.0,CE
2015-09-21 12:39:00,0.75,0.75,0.75,0.75,100,0,8600.0,CE
2015-09-21 12:40:00,0.7,0.75,0.7,0.75,50,0,8600.0,CE
2015-09-21 12:41:00,0.75,0.75,0.75,0.75,25,0,8600.0,CE
2015-09-21 12:42:00,0.75,0.75,0.75,0.75,275,0,8600.0,CE
2015-09-21 12:43:00,0.75,0.75,0.75,0.75,300,0,8600.0,CE
2015-09-21 12:44:00,0.75,0.75,0.75,0.75,25,0,8600.0,CE
2015-09-21 12:45:00,0.75,0.75,0.7,0.7,1050,0,8600.0,CE
2015-09-21 12:47:00,0.75,0.75,0.75,0.75,150,0,8600.0,CE
2015-09-21 12:48:00,0.75,0.75,0.75,0.75,150,0,8600.0,CE
2015-09-21 12:49:00,0.75,0.75,0.75,0.75,375,0,8600.0,CE
2015-09-21 12:50:00,0.7,0.75,0.7,0.75,175,0,8600.0,CE
2015-09-21 12:51:00,0.75,0.75,0.75,0.75,100,0,8600.0,CE
2015-09-21 12:52:00,0.75,0.75,0.75,0.75,150,0,8600.0,CE
2015-09-21 12:54:00,0.75,0.75,0.75,0.75,75,0,8600.0,CE
2015-09-21 12:55:00,0.7,0.7,0.7,0.7,100,0,8600.0,CE
2015-09-21 12:56:00,0.7,0.7,0.7,0.7,125,0,8600.0,CE
2015-09-21 12:57:00,0.7,0.75,0.7,0.7,1200,0,8600.0,CE
2015-09-21 12:58:00,0.7,0.7,0.7,0.7,3450,0,8600.0,CE
2015-09-21 12:59:00,0.7,0.7,0.7,0.7,200,0,8600.0,CE
2015-09-21 13:00:00,0.7,0.7,0.7,0.7,25,0,8600.0,CE
2015-09-21 13:03:00,0.7,0.7,0.7,0.7,5000,0,8600.0,CE
2015-09-21 13:04:00,0.75,0.75,0.75,0.75,25,0,8600.0,CE
2015-09-21 13:05:00,0.75,0.75,0.75,0.75,150,0,8600.0,CE
2015-09-21 13:06:00,0.75,0.75,0.75,0.75,100,0,8600.0,CE
2015-09-21 13:07:00,0.75,0.75,0.75,0.75,100,0,8600.0,CE
2015-09-21 13:08:00,0.7,0.7,0.7,0.7,125,0,8600.0,CE
2015-09-21 13:10:00,0.7,0.7,0.7,0.7,125,0,8600.0,CE
2015-09-21 13:11:00,0.7,0.75,0.7,0.75,350,0,8600.0,CE
2015-09-21 13:15:00,0.75,0.75,0.75,0.75,50,0,8600.0,CE
2015-09-21 13:16:00,0.75,0.75,0.75,0.75,75,0,8600.0,CE
2015-09-21 13:17:00,0.7,0.7,0.65,0.7,4275,0,8600.0,CE
2015-09-21 13:18:00,0.65,0.7,0.65,0.7,225,0,8600.0,CE
2015-09-21 13:19:00,0.7,0.7,0.65,0.65,150,0,8600.0,CE
2015-09-21 13:20:00,0.65,0.65,0.65,0.65,200,0,8600.0,CE
2015-09-21 13:21:00,0.65,0.65,0.65,0.65,275,0,8600.0,CE
2015-09-21 13:23:00,0.65,0.65,0.65,0.65,175,0,8600.0,CE
2015-09-21 13:24:00,0.7,0.7,0.7,0.7,250,0,8600.0,CE
2015-09-21 13:25:00,0.7,0.7,0.7,0.7,25,0,8600.0,CE
2015-09-21 13:27:00,0.65,0.65,0.65,0.65,375,0,8600.0,CE
2015-09-21 13:28:00,0.65,0.65,0.65,0.65,450,0,8600.0,CE
2015-09-21 13:29:00,0.65,0.65,0.65,0.65,75,0,8600.0,CE
2015-09-21 13:32:00,0.65,0.65,0.65,0.65,25,0,8600.0,CE
2015-09-21 13:33:00,0.65,0.65,0.65,0.65,75,0,8600.0,CE
2015-09-21 13:36:00,0.7,0.7,0.7,0.7,50,0,8600.0,CE
2015-09-21 13:37:00,0.7,0.7,0.7,0.7,25,0,8600.0,CE
2015-09-21 13:40:00,0.65,0.65,0.65,0.65,200,0,8600.0,CE
2015-09-21 13:41:00,0.7,0.7,0.7,0.7,25,0,8600.0,CE
2015-09-21 13:44:00,0.7,0.7,0.7,0.7,200,0,8600.0,CE
2015-09-21 13:45:00,0.7,0.7,0.7,0.7,175,0,8600.0,CE
2015-09-21 13:49:00,0.65,0.65,0.65,0.65,175,0,8600.0,CE
2015-09-21 13:51:00,0.7,0.7,0.7,0.7,50,0,8600.0,CE
2015-09-21 13:54:00,0.7,0.7,0.65,0.65,700,0,8600.0,CE
2015-09-21 13:56:00,0.7,0.7,0.7,0.7,400,0,8600.0,CE
2015-09-21 13:57:00,0.75,0.75,0.75,0.75,25,0,8600.0,CE
2015-09-21 13:59:00,0.7,0.7,0.7,0.7,150,0,8600.0,CE
2015-09-21 14:02:00,0.65,0.65,0.65,0.65,125,0,8600.0,CE
2015-09-21 14:03:00,0.7,0.7,0.7,0.7,50,0,8600.0,CE
2015-09-21 14:04:00,0.7,0.7,0.7,0.7,100,0,8600.0,CE
2015-09-21 14:05:00,0.7,0.7,0.7,0.7,300,0,8600.0,CE
2015-09-21 14:06:00,0.65,0.7,0.65,0.7,175,0,8600.0,CE
2015-09-21 14:07:00,0.7,0.7,0.65,0.7,150,0,8600.0,CE
2015-09-21 14:08:00,0.65,0.7,0.65,0.7,325,0,8600.0,CE
2015-09-21 14:10:00,0.65,0.65,0.65,0.65,50,0,8600.0,CE
2015-09-21 14:11:00,0.65,0.65,0.65,0.65,1575,0,8600.0,CE
2015-09-21 14:12:00,0.65,0.7,0.65,0.7,11725,0,8600.0,CE
2015-09-21 14:14:00,0.7,0.7,0.7,0.7,50,0,8600.0,CE
2015-09-21 14:18:00,0.65,0.65,0.65,0.65,25,0,8600.0,CE
2015-09-21 14:19:00,0.65,0.65,0.65,0.65,200,0,8600.0,CE
2015-09-21 14:20:00,0.65,0.7,0.65,0.65,425,0,8600.0,CE
2015-09-21 14:21:00,0.65,0.65,0.65,0.65,500,0,8600.0,CE
2015-09-21 14:22:00,0.65,0.65,0.65,0.65,250,0,8600.0,CE
2015-09-21 14:24:00,0.7,0.7,0.65,0.65,100,0,8600.0,CE
2015-09-21 14:25:00,0.65,0.7,0.65,0.65,1100,0,8600.0,CE
2015-09-21 14:28:00,0.7,0.7,0.7,0.7,50,0,8600.0,CE
2015-09-21 14:29:00,0.65,0.7,0.65,0.7,50,0,8600.0,CE
2015-09-21 14:30:00,0.7,0.7,0.65,0.65,75,0,8600.0,CE
2015-09-21 14:31:00,0.65,0.65,0.65,0.65,75,0,8600.0,CE
2015-09-21 14:32:00,0.65,0.65,0.65,0.65,1025,0,8600.0,CE
2015-09-21 14:35:00,0.65,0.65,0.65,0.65,125,0,8600.0,CE
2015-09-21 14:36:00,0.65,0.65,0.65,0.65,175,0,8600.0,CE
2015-09-21 14:37:00,0.65,0.7,0.65,0.7,225,0,8600.0,CE
2015-09-21 14:38:00,0.7,0.7,0.7,0.7,50,0,8600.0,CE
2015-09-21 14:39:00,0.65,0.7,0.65,0.7,475,0,8600.0,CE
2015-09-21 14:40:00,0.65,0.65,0.65,0.65,50,0,8600.0,CE
2015-09-21 14:41:00,0.7,0.7,0.65,0.7,325,0,8600.0,CE
2015-09-21 14:42:00,0.7,0.7,0.7,0.7,75,0,8600.0,CE
2015-09-21 14:43:00,0.7,0.7,0.7,0.7,150,0,8600.0,CE
2015-09-21 14:44:00,0.65,0.7,0.65,0.65,200,0,8600.0,CE
2015-09-21 14:45:00,0.7,0.7,0.65,0.65,350,0,8600.0,CE
2015-09-21 14:46:00,0.65,0.7,0.65,0.7,425,0,8600.0,CE
2015-09-21 14:47:00,0.65,0.7,0.65,0.7,2050,0,8600.0,CE
2015-09-21 14:49:00,0.7,0.7,0.7,0.7,50,0,8600.0,CE
2015-09-21 14:50:00,0.7,0.7,0.65,0.65,125,0,8600.0,CE
2015-09-21 14:51:00,0.7,0.7,0.65,0.7,175,0,8600.0,CE
2015-09-21 14:52:00,0.7,0.7,0.7,0.7,1075,0,8600.0,CE
2015-09-21 14:53:00,0.7,0.7,0.65,0.7,725,0,8600.0,CE
2015-09-21 14:54:00,0.65,0.7,0.65,0.7,200,0,8600.0,CE
2015-09-21 14:55:00,0.7,0.7,0.65,0.7,2050,0,8600.0,CE
2015-09-21 14:56:00,0.65,0.65,0.65,0.65,2000,0,8600.0,CE
2015-09-21 14:57:00,0.65,0.7,0.65,0.7,775,0,8600.0,CE
2015-09-21 14:58:00,0.65,0.65,0.65,0.65,350,0,8600.0,CE
2015-09-21 15:00:00,0.65,0.65,0.65,0.65,50,0,8600.0,CE
2015-09-21 15:01:00,0.65,0.65,0.65,0.65,100,0,8600.0,CE
2015-09-21 15:02:00,0.65,0.65,0.65,0.65,1100,0,8600.0,CE
2015-09-21 15:03:00,0.65,0.65,0.65,0.65,350,0,8600.0,CE
2015-09-21 15:04:00,0.65,0.65,0.65,0.65,75,0,8600.0,CE
2015-09-21 15:05:00,0.65,0.65,0.65,0.65,25,0,8600.0,CE
2015-09-21 15:06:00,0.65,0.7,0.65,0.7,100,0,8600.0,CE
2015-09-21 15:07:00,0.7,0.7,0.7,0.7,75,0,8600.0,CE
2015-09-21 15:08:00,0.7,0.7,0.65,0.65,1100,0,8600.0,CE
2015-09-21 15:09:00,0.7,0.7,0.7,0.7,25,0,8600.0,CE
2015-09-21 15:10:00,0.65,0.7,0.6,0.7,6200,0,8600.0,CE
2015-09-21 15:12:00,0.65,0.65,0.65,0.65,675,0,8600.0,CE
2015-09-21 15:13:00,0.65,0.65,0.65,0.65,25,0,8600.0,CE
2015-09-21 15:14:00,0.65,0.7,0.65,0.65,22350,0,8600.0,CE
2015-09-21 15:15:00,0.65,0.65,0.6,0.65,1475,0,8600.0,CE
2015-09-21 15:16:00,0.65,0.65,0.65,0.65,16925,0,8600.0,CE
2015-09-21 15:17:00,0.65,0.65,0.6,0.6,5625,0,8600.0,CE
2015-09-21 15:18:00,0.6,0.6,0.6,0.6,8400,0,8600.0,CE
2015-09-21 15:19:00,0.65,0.65,0.6,0.6,625,0,8600.0,CE
2015-09-21 15:20:00,0.6,0.65,0.6,0.6,17025,0,8600.0,CE
2015-09-21 15:21:00,0.55,0.6,0.55,0.55,1050,0,8600.0,CE
2015-09-21 15:22:00,0.55,0.55,0.5,0.5,32825,0,8600.0,CE
2015-09-21 15:23:00,0.5,0.5,0.4,0.4,66825,0,8600.0,CE
2015-09-21 15:24:00,0.4,0.45,0.4,0.45,12575,0,8600.0,CE
2015-09-21 15:25:00,0.45,0.55,0.45,0.55,200,0,8600.0,CE
2015-09-21 15:26:00,0.5,0.55,0.5,0.55,275,0,8600.0,CE
2015-09-21 15:27:00,0.45,0.55,0.45,0.55,5300,0,8600.0,CE
2015-09-21 15:28:00,0.55,0.55,0.5,0.5,1500,0,8600.0,CE
2015-09-21 15:29:00,0.45,0.55,0.45,0.45,17525,0,8600.0,CE
2015-09-22 09:15:00,0.4,0.4,0.4,0.4,1250,0,8600.0,CE
2015-09-22 09:16:00,0.4,0.45,0.4,0.45,125,0,8600.0,CE
2015-09-22 09:17:00,0.45,0.45,0.45,0.45,50,0,8600.0,CE
2015-09-22 09:18:00,0.6,0.6,0.6,0.6,50,0,8600.0,CE
2015-09-22 09:20:00,0.5,0.5,0.5,0.5,25,0,8600.0,CE
2015-09-22 09:21:00,0.5,0.55,0.5,0.55,325,0,8600.0,CE
2015-09-22 09:22:00,0.5,0.6,0.5,0.6,250,0,8600.0,CE
2015-09-22 09:23:00,0.5,0.55,0.5,0.5,900,0,8600.0,CE
2015-09-22 09:24:00,0.5,0.5,0.5,0.5,350,0,8600.0,CE
2015-09-22 09:25:00,0.5,0.5,0.5,0.5,300,0,8600.0,CE
2015-09-22 09:26:00,0.5,0.5,0.5,0.5,50,0,8600.0,CE
2015-09-22 09:27:00,0.5,0.5,0.5,0.5,525,0,8600.0,CE
2015-09-22 09:30:00,0.5,0.5,0.5,0.5,50,0,8600.0,CE
2015-09-22 09:31:00,0.45,0.5,0.45,0.45,750,0,8600.0,CE
2015-09-22 09:32:00,0.45,0.45,0.45,0.45,1075,0,8600.0,CE
2015-09-22 09:34:00,0.45,0.45,0.45,0.45,25,0,8600.0,CE
2015-09-22 09:35:00,0.45,0.45,0.45,0.45,450,0,8600.0,CE
2015-09-22 09:36:00,0.45,0.45,0.45,0.45,25,0,8600.0,CE
2015-09-22 09:37:00,0.45,0.45,0.45,0.45,225,0,8600.0,CE
2015-09-22 09:38:00,0.45,0.45,0.45,0.45,225,0,8600.0,CE
2015-09-22 09:39:00,0.5,0.5,0.45,0.45,850,0,8600.0,CE
2015-09-22 09:42:00,0.5,0.5,0.45,0.5,1250,0,8600.0,CE
2015-09-22 09:43:00,0.45,0.5,0.45,0.5,125,0,8600.0,CE
2015-09-22 09:44:00,0.5,0.5,0.5,0.5,250,0,8600.0,CE
2015-09-22 09:45:00,0.5,0.5,0.5,0.5,75,0,8600.0,CE
2015-09-22 09:46:00,0.45,0.45,0.45,0.45,300,0,8600.0,CE
2015-09-22 09:47:00,0.5,0.5,0.45,0.45,75,0,8600.0,CE
2015-09-22 09:48:00,0.45,0.5,0.45,0.5,2575,0,8600.0,CE
2015-09-22 09:49:00,0.45,0.45,0.45,0.45,50,0,8600.0,CE
2015-09-22 09:50:00,0.5,0.5,0.5,0.5,100,0,8600.0,CE
2015-09-22 09:52:00,0.45,0.45,0.45,0.45,400,0,8600.0,CE
2015-09-22 09:56:00,0.45,0.45,0.45,0.45,25,0,8600.0,CE
2015-09-22 09:59:00,0.45,0.5,0.45,0.45,275,0,8600.0,CE
2015-09-22 10:00:00,0.45,0.45,0.45,0.45,175,0,8600.0,CE
2015-09-22 10:01:00,0.45,0.45,0.45,0.45,25,0,8600.0,CE
2015-09-22 10:02:00,0.45,0.45,0.45,0.45,250,0,8600.0,CE
2015-09-22 10:06:00,0.45,0.45,0.45,0.45,100,0,8600.0,CE
2015-09-22 10:07:00,0.45,0.45,0.45,0.45,325,0,8600.0,CE
2015-09-22 10:08:00,0.45,0.45,0.45,0.45,200,0,8600.0,CE
2015-09-22 10:10:00,0.45,0.45,0.45,0.45,575,0,8600.0,CE
2015-09-22 10:13:00,0.45,0.45,0.45,0.45,25,0,8600.0,CE
2015-09-22 10:14:00,0.45,0.45,0.45,0.45,250,0,8600.0,CE
2015-09-22 10:15:00,0.45,0.45,0.45,0.45,225,0,8600.0,CE
2015-09-22 10:16:00,0.45,0.45,0.45,0.45,25,0,8600.0,CE
2015-09-22 10:21:00,0.5,0.5,0.5,0.5,75,0,8600.0,CE
2015-09-22 10:24:00,0.5,0.5,0.5,0.5,75,0,8600.0,CE
2015-09-22 10:25:00,0.5,0.5,0.5,0.5,250,0,8600.0,CE
2015-09-22 10:28:00,0.45,0.45,0.45,0.45,1100,0,8600.0,CE
2015-09-22 10:32:00,0.5,0.5,0.5,0.5,25,0,8600.0,CE
2015-09-22 10:35:00,0.45,0.45,0.45,0.45,100,0,8600.0,CE
2015-09-22 10:36:00,0.45,0.45,0.45,0.45,2725,0,8600.0,CE
2015-09-22 10:38:00,0.5,0.5,0.5,0.5,25,0,8600.0,CE
2015-09-22 10:42:00,0.5,0.5,0.5,0.5,75,0,8600.0,CE
2015-09-22 10:44:00,0.5,0.5,0.5,0.5,225,0,8600.0,CE
2015-09-22 10:45:00,0.5,0.5,0.5,0.5,525,0,8600.0,CE
2015-09-22 10:48:00,0.45,0.45,0.45,0.45,150,0,8600.0,CE
2015-09-22 10:51:00,0.5,0.5,0.5,0.5,175,0,8600.0,CE
2015-09-22 10:52:00,0.5,0.5,0.5,0.5,175,0,8600.0,CE
2015-09-22 10:53:00,0.5,0.5,0.5,0.5,150,0,8600.0,CE
2015-09-22 10:54:00,0.5,0.5,0.5,0.5,50,0,8600.0,CE
2015-09-22 10:56:00,0.45,0.45,0.45,0.45,125,0,8600.0,CE
2015-09-22 10:57:00,0.45,0.5,0.45,0.5,725,0,8600.0,CE
2015-09-22 10:58:00,0.5,0.5,0.5,0.5,25,0,8600.0,CE
2015-09-22 10:59:00,0.45,0.45,0.45,0.45,1025,0,8600.0,CE
2015-09-22 11:00:00,0.45,0.45,0.45,0.45,100,0,8600.0,CE
2015-09-22 11:01:00,0.45,0.45,0.45,0.45,50,0,8600.0,CE
2015-09-22 11:02:00,0.45,0.5,0.45,0.5,100,0,8600.0,CE
2015-09-22 11:03:00,0.45,0.45,0.45,0.45,25,0,8600.0,CE
2015-09-22 11:05:00,0.45,0.45,0.45,0.45,50,0,8600.0,CE
2015-09-22 11:06:00,0.5,0.5,0.5,0.5,150,0,8600.0,CE
2015-09-22 11:08:00,0.5,0.5,0.5,0.5,50,0,8600.0,CE
2015-09-22 11:10:00,0.5,0.5,0.45,0.5,150,0,8600.0,CE
2015-09-22 11:14:00,0.45,0.45,0.45,0.45,25,0,8600.0,CE
2015-09-22 11:16:00,0.5,0.5,0.45,0.5,225,0,8600.0,CE
2015-09-22 11:17:00,0.5,0.5,0.5,0.5,25,0,8600.0,CE
2015-09-22 11:21:00,0.45,0.45,0.45,0.45,100,0,8600.0,CE
2015-09-22 11:22:00,0.45,0.45,0.45,0.45,150,0,8600.0,CE
2015-09-22 11:23:00,0.45,0.45,0.4,0.4,100,0,8600.0,CE
2015-09-22 11:24:00,0.4,0.4,0.4,0.4,350,0,8600.0,CE
2015-09-22 11:28:00,0.4,0.4,0.4,0.4,1900,0,8600.0,CE
2015-09-22 11:31:00,0.5,0.5,0.5,0.5,100,0,8600.0,CE
2015-09-22 11:33:00,0.4,0.4,0.4,0.4,500,0,8600.0,CE
2015-09-22 11:34:00,0.5,0.5,0.5,0.5,50,0,8600.0,CE
2015-09-22 11:38:00,0.5,0.5,0.5,0.5,50,0,8600.0,CE
2015-09-22 11:39:00,0.5,0.5,0.5,0.5,125,0,8600.0,CE
2015-09-22 11:41:00,0.5,0.5,0.5,0.5,100,0,8600.0,CE
2015-09-22 11:42:00,0.5,0.5,0.5,0.5,100,0,8600.0,CE
2015-09-22 11:43:00,0.5,0.5,0.5,0.5,200,0,8600.0,CE
2015-09-22 11:47:00,0.45,0.5,0.45,0.5,175,0,8600.0,CE
2015-09-22 11:49:00,0.5,0.5,0.5,0.5,150,0,8600.0,CE
2015-09-22 11:50:00,0.5,0.5,0.5,0.5,525,0,8600.0,CE
2015-09-22 11:58:00,0.45,0.45,0.45,0.45,125,0,8600.0,CE
2015-09-22 11:59:00,0.45,0.45,0.45,0.45,25,0,8600.0,CE
2015-09-22 12:05:00,0.5,0.5,0.45,0.45,175,0,8600.0,CE
2015-09-22 12:06:00,0.45,0.45,0.45,0.45,50,0,8600.0,CE
2015-09-22 12:08:00,0.45,0.45,0.45,0.45,50,0,8600.0,CE
2015-09-22 12:11:00,0.45,0.45,0.45,0.45,625,0,8600.0,CE
2015-09-22 12:18:00,0.5,0.5,0.5,0.5,75,0,8600.0,CE
2015-09-22 12:26:00,0.4,0.4,0.4,0.4,25,0,8600.0,CE
2015-09-22 12:27:00,0.5,0.5,0.5,0.5,50,0,8600.0,CE
2015-09-22 12:40:00,0.4,0.4,0.4,0.4,1100,0,8600.0,CE
2015-09-22 12:41:00,0.4,0.45,0.4,0.45,10050,0,8600.0,CE
2015-09-22 12:42:00,0.45,0.45,0.45,0.45,1850,0,8600.0,CE
2015-09-22 12:43:00,0.45,0.45,0.45,0.45,3825,0,8600.0,CE
2015-09-22 12:44:00,0.45,0.45,0.35,0.35,3200,0,8600.0,CE
2015-09-22 12:45:00,0.35,0.45,0.35,0.4,3100,0,8600.0,CE
2015-09-22 12:46:00,0.4,0.4,0.4,0.4,500,0,8600.0,CE
2015-09-22 12:47:00,0.4,0.4,0.4,0.4,1050,0,8600.0,CE
2015-09-22 12:48:00,0.4,0.4,0.4,0.4,500,0,8600.0,CE
2015-09-22 12:49:00,0.4,0.4,0.35,0.35,825,0,8600.0,CE
2015-09-22 12:51:00,0.35,0.35,0.35,0.35,25,0,8600.0,CE
2015-09-22 12:54:00,0.4,0.4,0.4,0.4,1000,0,8600.0,CE
2015-09-22 12:55:00,0.4,0.4,0.4,0.4,600,0,8600.0,CE
2015-09-22 13:00:00,0.4,0.4,0.4,0.4,400,0,8600.0,CE
2015-09-22 13:03:00,0.35,0.35,0.35,0.35,25,0,8600.0,CE
2015-09-22 13:04:00,0.35,0.35,0.35,0.35,25,0,8600.0,CE
2015-09-22 13:05:00,0.4,0.4,0.35,0.35,100,0,8600.0,CE
2015-09-22 13:06:00,0.35,0.35,0.35,0.35,25,0,8600.0,CE
2015-09-22 13:07:00,0.4,0.4,0.4,0.4,100,0,8600.0,CE
2015-09-22 13:09:00,0.4,0.4,0.4,0.4,50,0,8600.0,CE
2015-09-22 13:12:00,0.35,0.35,0.35,0.35,350,0,8600.0,CE
2015-09-22 13:13:00,0.35,0.4,0.35,0.4,1025,0,8600.0,CE
2015-09-22 13:15:00,0.35,0.35,0.35,0.35,100,0,8600.0,CE
2015-09-22 13:16:00,0.35,0.35,0.35,0.35,75,0,8600.0,CE
2015-09-22 13:17:00,0.35,0.4,0.35,0.4,50,0,8600.0,CE
2015-09-22 13:18:00,0.4,0.4,0.4,0.4,14250,0,8600.0,CE
2015-09-22 13:20:00,0.35,0.35,0.35,0.35,25,0,8600.0,CE
2015-09-22 13:21:00,0.35,0.35,0.35,0.35,1050,0,8600.0,CE
2015-09-22 13:22:00,0.4,0.45,0.4,0.45,6350,0,8600.0,CE
2015-09-22 13:23:00,0.45,0.45,0.45,0.45,1175,0,8600.0,CE
2015-09-22 13:24:00,0.4,0.4,0.4,0.4,6600,0,8600.0,CE
2015-09-22 13:25:00,0.4,0.4,0.4,0.4,2250,0,8600.0,CE
2015-09-22 13:26:00,0.4,0.5,0.4,0.5,75,0,8600.0,CE
2015-09-22 13:27:00,0.45,0.45,0.45,0.45,50,0,8600.0,CE
2015-09-22 13:28:00,0.45,0.45,0.45,0.45,25,0,8600.0,CE
2015-09-22 13:31:00,0.45,0.45,0.45,0.45,25,0,8600.0,CE
2015-09-22 13:33:00,0.4,0.4,0.4,0.4,25,0,8600.0,CE
2015-09-22 13:35:00,0.4,0.4,0.4,0.4,25,0,8600.0,CE
2015-09-22 13:36:00,0.45,0.45,0.45,0.45,50,0,8600.0,CE
2015-09-22 13:37:00,0.45,0.45,0.4,0.45,525,0,8600.0,CE
2015-09-22 13:40:00,0.4,0.4,0.4,0.4,1000,0,8600.0,CE
2015-09-22 13:41:00,0.45,0.45,0.4,0.4,1075,0,8600.0,CE
2015-09-22 13:42:00,0.45,0.45,0.45,0.45,250,0,8600.0,CE
2015-09-22 13:43:00,0.4,0.45,0.4,0.45,300,0,8600.0,CE
2015-09-22 13:44:00,0.45,0.45,0.4,0.45,700,0,8600.0,CE
2015-09-22 13:45:00,0.45,0.45,0.45,0.45,175,0,8600.0,CE
2015-09-22 13:46:00,0.45,0.45,0.45,0.45,625,0,8600.0,CE
2015-09-22 13:47:00,0.45,0.45,0.4,0.4,225,0,8600.0,CE
2015-09-22 13:48:00,0.4,0.45,0.4,0.45,50,0,8600.0,CE
2015-09-22 13:49:00,0.4,0.45,0.4,0.45,225,0,8600.0,CE
2015-09-22 13:51:00,0.4,0.5,0.4,0.5,2775,0,8600.0,CE
2015-09-22 13:52:00,0.5,0.5,0.45,0.45,1825,0,8600.0,CE
2015-09-22 13:53:00,0.45,0.5,0.4,0.5,3075,0,8600.0,CE
2015-09-22 13:54:00,0.4,0.5,0.4,0.5,1200,0,8600.0,CE
2015-09-22 13:55:00,0.5,0.5,0.45,0.5,2775,0,8600.0,CE
2015-09-22 13:56:00,0.5,0.5,0.45,0.45,775,0,8600.0,CE
2015-09-22 13:57:00,0.45,0.45,0.4,0.4,350,0,8600.0,CE
2015-09-22 13:58:00,0.5,0.5,0.4,0.5,75,0,8600.0,CE
2015-09-22 13:59:00,0.4,0.4,0.4,0.4,175,0,8600.0,CE
2015-09-22 14:00:00,0.4,0.4,0.4,0.4,125,0,8600.0,CE
2015-09-22 14:01:00,0.4,0.4,0.4,0.4,350,0,8600.0,CE
2015-09-22 14:02:00,0.5,0.5,0.4,0.4,200,0,8600.0,CE
2015-09-22 14:03:00,0.4,0.4,0.4,0.4,75,0,8600.0,CE
2015-09-22 14:04:00,0.4,0.4,0.4,0.4,1500,0,8600.0,CE
2015-09-22 14:05:00,0.4,0.4,0.4,0.4,25,0,8600.0,CE
2015-09-22 14:06:00,0.4,0.4,0.4,0.4,75,0,8600.0,CE
2015-09-22 14:07:00,0.45,0.45,0.45,0.45,1000,0,8600.0,CE
2015-09-22 14:10:00,0.4,0.4,0.4,0.4,350,0,8600.0,CE
2015-09-22 14:12:00,0.4,0.4,0.4,0.4,25,0,8600.0,CE
2015-09-22 14:14:00,0.4,0.5,0.4,0.5,5225,0,8600.0,CE
2015-09-22 14:15:00,0.5,0.55,0.5,0.55,5775,0,8600.0,CE
2015-09-22 14:16:00,0.5,0.5,0.5,0.5,1000,0,8600.0,CE
2015-09-22 14:17:00,0.5,0.5,0.5,0.5,200,0,8600.0,CE
2015-09-22 14:19:00,0.5,0.5,0.5,0.5,100,0,8600.0,CE
2015-09-22 14:21:00,0.55,0.55,0.55,0.55,2500,0,8600.0,CE
2015-09-22 14:22:00,0.5,0.5,0.5,0.5,550,0,8600.0,CE
2015-09-22 14:27:00,0.6,0.6,0.6,0.6,50,0,8600.0,CE
2015-09-22 14:28:00,0.55,0.55,0.55,0.55,100,0,8600.0,CE
2015-09-22 14:30:00,0.6,0.6,0.6,0.6,25,0,8600.0,CE
2015-09-22 14:33:00,0.6,0.6,0.6,0.6,1925,0,8600.0,CE
2015-09-22 14:34:00,0.55,0.6,0.55,0.55,850,0,8600.0,CE
2015-09-22 14:35:00,0.55,0.55,0.55,0.55,25,0,8600.0,CE
2015-09-22 14:36:00,0.55,0.6,0.55,0.6,150,0,8600.0,CE
2015-09-22 14:37:00,0.55,0.55,0.55,0.55,25,0,8600.0,CE
2015-09-22 14:38:00,0.55,0.6,0.55,0.6,2350,0,8600.0,CE
2015-09-22 14:39:00,0.6,0.6,0.6,0.6,3350,0,8600.0,CE
2015-09-22 14:40:00,0.55,0.55,0.55,0.55,25,0,8600.0,CE
2015-09-22 14:41:00,0.55,0.55,0.55,0.55,850,0,8600.0,CE
2015-09-22 14:42:00,0.55,0.55,0.55,0.55,200,0,8600.0,CE
2015-09-22 14:43:00,0.5,0.5,0.5,0.5,300,0,8600.0,CE
2015-09-22 14:44:00,0.6,0.6,0.6,0.6,375,0,8600.0,CE
2015-09-22 14:46:00,0.6,0.6,0.5,0.5,575,0,8600.0,CE
2015-09-22 14:48:00,0.6,0.6,0.6,0.6,2000,0,8600.0,CE
2015-09-22 14:49:00,0.65,0.65,0.6,0.6,275,0,8600.0,CE
2015-09-22 14:50:00,0.6,0.65,0.6,0.65,75,0,8600.0,CE
2015-09-22 14:51:00,0.6,0.6,0.6,0.6,50,0,8600.0,CE
2015-09-22 14:52:00,0.6,0.65,0.6,0.65,3275,0,8600.0,CE
2015-09-22 14:53:00,0.65,0.65,0.65,0.65,25,0,8600.0,CE
2015-09-22 14:54:00,0.65,0.65,0.65,0.65,325,0,8600.0,CE
2015-09-22 14:56:00,0.6,0.6,0.6,0.6,100,0,8600.0,CE
2015-09-22 14:58:00,0.65,0.65,0.65,0.65,2050,0,8600.0,CE
2015-09-22 14:59:00,0.6,0.6,0.6,0.6,325,0,8600.0,CE
2015-09-22 15:01:00,0.7,0.7,0.7,0.7,325,0,8600.0,CE
2015-09-22 15:02:00,0.7,0.7,0.7,0.7,100,0,8600.0,CE
2015-09-22 15:04:00,0.7,0.7,0.6,0.6,225,0,8600.0,CE
2015-09-22 15:05:00,0.6,0.65,0.6,0.65,725,0,8600.0,CE
2015-09-22 15:06:00,0.65,0.65,0.6,0.65,250,0,8600.0,CE
2015-09-22 15:07:00,0.65,0.65,0.65,0.65,150,0,8600.0,CE
2015-09-22 15:09:00,0.6,0.65,0.6,0.65,500,0,8600.0,CE
2015-09-22 15:10:00,0.6,0.65,0.6,0.65,1100,0,8600.0,CE
2015-09-22 15:11:00,0.6,0.6,0.6,0.6,75,0,8600.0,CE
2015-09-22 15:13:00,0.65,0.65,0.55,0.55,325,0,8600.0,CE
2015-09-22 15:14:00,0.55,0.55,0.55,0.55,25,0,8600.0,CE
2015-09-22 15:15:00,0.55,0.6,0.55,0.6,75,0,8600.0,CE
2015-09-22 15:16:00,0.6,0.6,0.6,0.6,50,0,8600.0,CE
2015-09-22 15:18:00,0.6,0.6,0.6,0.6,150,0,8600.0,CE
2015-09-22 15:21:00,0.6,0.6,0.6,0.6,25,0,8600.0,CE
2015-09-22 15:22:00,0.6,0.6,0.6,0.6,1550,0,8600.0,CE
2015-09-22 15:24:00,0.6,0.6,0.55,0.55,5050,0,8600.0,CE
2015-09-22 15:26:00,0.6,0.6,0.6,0.6,50,0,8600.0,CE
2015-09-22 15:27:00,0.6,0.6,0.55,0.55,3025,0,8600.0,CE
2015-09-22 15:29:00,0.55,0.6,0.55,0.55,1550,0,8600.0,CE
2015-09-23 09:15:00,0.4,0.75,0.4,0.4,100,0,8600.0,CE
2015-09-23 09:16:00,0.4,0.4,0.4,0.4,100,0,8600.0,CE
2015-09-23 09:17:00,0.6,0.6,0.4,0.6,300,0,8600.0,CE
2015-09-23 09:21:00,0.45,0.45,0.45,0.45,700,0,8600.0,CE
2015-09-23 09:24:00,0.5,0.5,0.5,0.5,150,0,8600.0,CE
2015-09-23 09:26:00,0.5,0.5,0.5,0.5,25,0,8600.0,CE
2015-09-23 09:27:00,0.5,0.5,0.5,0.5,25,0,8600.0,CE
2015-09-23 09:28:00,0.5,0.5,0.5,0.5,100,0,8600.0,CE
2015-09-23 09:29:00,0.45,0.5,0.45,0.5,900,0,8600.0,CE
2015-09-23 09:30:00,0.5,0.5,0.5,0.5,1825,0,8600.0,CE
2015-09-23 09:31:00,0.45,0.45,0.45,0.45,200,0,8600.0,CE
2015-09-23 09:33:00,0.5,0.5,0.45,0.45,550,0,8600.0,CE
2015-09-23 09:35:00,0.45,0.45,0.45,0.45,150,0,8600.0,CE
2015-09-23 09:36:00,0.5,0.5,0.45,0.5,150,0,8600.0,CE
2015-09-23 09:38:00,0.5,0.5,0.5,0.5,25,0,8600.0,CE
2015-09-23 09:39:00,0.5,0.55,0.5,0.55,2800,0,8600.0,CE
2015-09-23 09:40:00,0.55,0.55,0.55,0.55,50,0,8600.0,CE
2015-09-23 09:41:00,0.55,0.55,0.55,0.55,25,0,8600.0,CE
2015-09-23 09:43:00,0.5,0.5,0.5,0.5,1975,0,8600.0,CE
2015-09-23 09:44:00,0.55,0.55,0.45,0.45,2300,0,8600.0,CE
2015-09-23 09:46:00,0.45,0.45,0.45,0.45,100,0,8600.0,CE
2015-09-23 09:47:00,0.45,0.45,0.45,0.45,125,0,8600.0,CE
2015-09-23 09:48:00,0.55,0.55,0.4,0.4,250,0,8600.0,CE
2015-09-23 09:49:00,0.55,0.55,0.55,0.55,200,0,8600.0,CE
2015-09-23 09:50:00,0.45,0.45,0.45,0.45,50,0,8600.0,CE
2015-09-23 09:51:00,0.55,0.55,0.55,0.55,1425,0,8600.0,CE
2015-09-23 09:52:00,0.55,0.55,0.45,0.45,350,0,8600.0,CE
2015-09-23 09:53:00,0.45,0.45,0.45,0.45,300,0,8600.0,CE
2015-09-23 09:54:00,0.5,0.5,0.5,0.5,2550,0,8600.0,CE
2015-09-23 09:55:00,0.55,0.55,0.5,0.5,775,0,8600.0,CE
2015-09-23 09:57:00,0.55,0.55,0.55,0.55,325,0,8600.0,CE
2015-09-23 09:59:00,0.5,0.5,0.5,0.5,25,0,8600.0,CE
2015-09-23 10:00:00,0.55,0.55,0.55,0.55,300,0,8600.0,CE
2015-09-23 10:01:00,0.5,0.55,0.5,0.55,3100,0,8600.0,CE
2015-09-23 10:02:00,0.5,0.55,0.5,0.55,900,0,8600.0,CE
2015-09-23 10:03:00,0.5,0.55,0.5,0.55,175,0,8600.0,CE
2015-09-23 10:05:00,0.55,0.55,0.55,0.55,25,0,8600.0,CE
2015-09-23 10:06:00,0.55,0.55,0.55,0.55,50,0,8600.0,CE
2015-09-23 10:07:00,0.55,0.55,0.55,0.55,4375,0,8600.0,CE
2015-09-23 10:08:00,0.55,0.6,0.55,0.6,2475,0,8600.0,CE
2015-09-23 10:12:00,0.5,0.5,0.5,0.5,2075,0,8600.0,CE
2015-09-23 10:14:00,0.5,0.5,0.5,0.5,1500,0,8600.0,CE
2015-09-23 10:15:00,0.5,0.5,0.5,0.5,2375,0,8600.0,CE
2015-09-23 10:16:00,0.45,0.45,0.45,0.45,750,0,8600.0,CE
2015-09-23 10:17:00,0.45,0.45,0.45,0.45,25,0,8600.0,CE
2015-09-23 10:18:00,0.45,0.45,0.45,0.45,125,0,8600.0,CE
2015-09-23 10:19:00,0.45,0.45,0.45,0.45,2300,0,8600.0,CE
2015-09-23 10:20:00,0.45,0.45,0.45,0.45,25,0,8600.0,CE
2015-09-23 10:22:00,0.45,0.45,0.45,0.45,625,0,8600.0,CE
2015-09-23 10:23:00,0.45,0.45,0.45,0.45,100,0,8600.0,CE
2015-09-23 10:30:00,0.45,0.45,0.45,0.45,275,0,8600.0,CE
2015-09-23 10:32:00,0.5,0.5,0.45,0.45,125,0,8600.0,CE
2015-09-23 10:35:00,0.5,0.5,0.5,0.5,125,0,8600.0,CE
2015-09-23 10:36:00,0.5,0.5,0.5,0.5,75,0,8600.0,CE
2015-09-23 10:39:00,0.45,0.45,0.45,0.45,775,0,8600.0,CE
2015-09-23 10:40:00,0.45,0.45,0.4,0.4,10250,0,8600.0,CE
2015-09-23 10:43:00,0.45,0.45,0.45,0.45,2000,0,8600.0,CE
2015-09-23 10:54:00,0.5,0.5,0.5,0.5,225,0,8600.0,CE
2015-09-23 10:55:00,0.5,0.5,0.5,0.5,375,0,8600.0,CE
2015-09-23 10:59:00,0.4,0.4,0.4,0.4,750,0,8600.0,CE
2015-09-23 11:00:00,0.4,0.4,0.4,0.4,25,0,8600.0,CE
2015-09-23 11:02:00,0.45,0.45,0.45,0.45,125,0,8600.0,CE
2015-09-23 11:04:00,0.4,0.4,0.4,0.4,400,0,8600.0,CE
2015-09-23 11:09:00,0.4,0.4,0.4,0.4,25,0,8600.0,CE
2015-09-23 11:13:00,0.45,0.45,0.45,0.45,75,0,8600.0,CE
2015-09-23 11:15:00,0.45,0.45,0.45,0.45,3500,0,8600.0,CE
2015-09-23 11:18:00,0.45,0.45,0.45,0.45,625,0,8600.0,CE
2015-09-23 11:23:00,0.45,0.45,0.45,0.45,75,0,8600.0,CE
2015-09-23 11:25:00,0.4,0.4,0.4,0.4,300,0,8600.0,CE
2015-09-23 11:26:00,0.45,0.45,0.45,0.45,300,0,8600.0,CE
2015-09-23 11:28:00,0.45,0.45,0.45,0.45,25,0,8600.0,CE
2015-09-23 11:29:00,0.4,0.4,0.4,0.4,375,0,8600.0,CE
2015-09-23 11:30:00,0.45,0.5,0.45,0.5,100,0,8600.0,CE
2015-09-23 11:31:00,0.5,0.5,0.5,0.5,175,0,8600.0,CE
2015-09-23 11:37:00,0.45,0.45,0.45,0.45,175,0,8600.0,CE
2015-09-23 11:40:00,0.45,0.45,0.45,0.45,100,0,8600.0,CE
2015-09-23 11:41:00,0.45,0.45,0.45,0.45,25,0,8600.0,CE
2015-09-23 11:43:00,0.45,0.45,0.45,0.45,100,0,8600.0,CE
2015-09-23 11:44:00,0.5,0.5,0.5,0.5,125,0,8600.0,CE
2015-09-23 11:46:00,0.5,0.5,0.4,0.5,75,0,8600.0,CE
2015-09-23 11:47:00,0.5,0.5,0.5,0.5,100,0,8600.0,CE
2015-09-23 11:48:00,0.5,0.5,0.45,0.45,1400,0,8600.0,CE
2015-09-23 11:49:00,0.5,0.5,0.5,0.5,225,0,8600.0,CE
2015-09-23 11:50:00,0.45,0.45,0.35,0.35,10050,0,8600.0,CE
2015-09-23 11:54:00,0.45,0.45,0.4,0.4,625,0,8600.0,CE
2015-09-23 11:56:00,0.45,0.45,0.45,0.45,1650,0,8600.0,CE
2015-09-23 11:57:00,0.45,0.45,0.45,0.45,25,0,8600.0,CE
2015-09-23 11:58:00,0.45,0.45,0.4,0.4,200,0,8600.0,CE
2015-09-23 12:01:00,0.45,0.45,0.45,0.45,200,0,8600.0,CE
2015-09-23 12:03:00,0.4,0.4,0.4,0.4,50,0,8600.0,CE
2015-09-23 12:05:00,0.4,0.4,0.4,0.4,50,0,8600.0,CE
2015-09-23 12:07:00,0.45,0.45,0.45,0.45,100,0,8600.0,CE
2015-09-23 12:08:00,0.45,0.45,0.45,0.45,25,0,8600.0,CE
2015-09-23 12:16:00,0.45,0.45,0.45,0.45,25,0,8600.0,CE
2015-09-23 12:21:00,0.45,0.45,0.45,0.45,25,0,8600.0,CE
2015-09-23 12:23:00,0.45,0.45,0.45,0.45,50,0,8600.0,CE
2015-09-23 12:24:00,0.45,0.45,0.45,0.45,25,0,8600.0,CE
2015-09-23 12:29:00,0.45,0.45,0.45,0.45,25,0,8600.0,CE
2015-09-23 12:32:00,0.45,0.45,0.45,0.45,25,0,8600.0,CE
2015-09-23 12:33:00,0.45,0.45,0.45,0.45,25,0,8600.0,CE
2015-09-23 12:34:00,0.45,0.45,0.45,0.45,575,0,8600.0,CE
2015-09-23 12:36:00,0.4,0.4,0.4,0.4,1475,0,8600.0,CE
2015-09-23 12:38:00,0.4,0.4,0.4,0.4,225,0,8600.0,CE
2015-09-23 12:41:00,0.35,0.35,0.35,0.35,525,0,8600.0,CE
2015-09-23 12:43:00,0.35,0.35,0.35,0.35,375,0,8600.0,CE
2015-09-23 12:45:00,0.4,0.4,0.4,0.4,200,0,8600.0,CE
2015-09-23 12:47:00,0.4,0.4,0.4,0.4,50,0,8600.0,CE
2015-09-23 12:48:00,0.4,0.4,0.4,0.4,25,0,8600.0,CE
2015-09-23 12:50:00,0.4,0.4,0.35,0.35,125,0,8600.0,CE
2015-09-23 12:55:00,0.35,0.35,0.35,0.35,200,0,8600.0,CE
2015-09-23 12:56:00,0.35,0.4,0.35,0.4,125,0,8600.0,CE
2015-09-23 12:57:00,0.4,0.4,0.4,0.4,50,0,8600.0,CE
2015-09-23 12:59:00,0.35,0.4,0.35,0.4,125,0,8600.0,CE
2015-09-23 13:01:00,0.4,0.4,0.35,0.35,125,0,8600.0,CE
2015-09-23 13:04:00,0.45,0.45,0.45,0.45,175,0,8600.0,CE
2015-09-23 13:05:00,0.35,0.45,0.35,0.45,225,0,8600.0,CE
2015-09-23 13:07:00,0.45,0.45,0.45,0.45,325,0,8600.0,CE
2015-09-23 13:10:00,0.45,0.45,0.45,0.45,225,0,8600.0,CE
2015-09-23 13:11:00,0.45,0.45,0.45,0.45,150,0,8600.0,CE
2015-09-23 13:12:00,0.4,0.4,0.4,0.4,225,0,8600.0,CE
2015-09-23 13:13:00,0.45,0.45,0.45,0.45,50,0,8600.0,CE
2015-09-23 13:17:00,0.45,0.45,0.45,0.45,200,0,8600.0,CE
2015-09-23 13:18:00,0.4,0.4,0.4,0.4,100,0,8600.0,CE
2015-09-23 13:20:00,0.45,0.45,0.45,0.45,525,0,8600.0,CE
2015-09-23 13:22:00,0.45,0.45,0.45,0.45,150,0,8600.0,CE
2015-09-23 13:23:00,0.45,0.45,0.45,0.45,300,0,8600.0,CE
2015-09-23 13:26:00,0.4,0.4,0.4,0.4,150,0,8600.0,CE
2015-09-23 13:27:00,0.4,0.4,0.4,0.4,325,0,8600.0,CE
2015-09-23 13:29:00,0.45,0.45,0.45,0.45,50,0,8600.0,CE
2015-09-23 13:38:00,0.45,0.45,0.45,0.45,200,0,8600.0,CE
2015-09-23 13:40:00,0.45,0.45,0.4,0.4,125,0,8600.0,CE
2015-09-23 13:41:00,0.4,0.45,0.4,0.45,650,0,8600.0,CE
2015-09-23 13:42:00,0.45,0.45,0.45,0.45,7850,0,8600.0,CE
2015-09-23 13:44:00,0.45,0.45,0.4,0.4,350,0,8600.0,CE
2015-09-23 13:45:00,0.5,0.5,0.5,0.5,3100,0,8600.0,CE
2015-09-23 13:46:00,0.5,0.5,0.5,0.5,450,0,8600.0,CE
2015-09-23 13:47:00,0.45,0.45,0.45,0.45,300,0,8600.0,CE
2015-09-23 13:48:00,0.5,0.5,0.5,0.5,50,0,8600.0,CE
2015-09-23 13:50:00,0.45,0.45,0.45,0.45,525,0,8600.0,CE
2015-09-23 13:55:00,0.45,0.45,0.45,0.45,1875,0,8600.0,CE
2015-09-23 13:56:00,0.5,0.5,0.45,0.45,200,0,8600.0,CE
2015-09-23 13:57:00,0.5,0.5,0.45,0.45,50,0,8600.0,CE
2015-09-23 14:01:00,0.4,0.4,0.4,0.4,200,0,8600.0,CE
2015-09-23 14:04:00,0.4,0.4,0.4,0.4,175,0,8600.0,CE
2015-09-23 14:05:00,0.4,0.4,0.4,0.4,100,0,8600.0,CE
2015-09-23 14:07:00,0.45,0.45,0.45,0.45,25,0,8600.0,CE
2015-09-23 14:09:00,0.4,0.4,0.4,0.4,600,0,8600.0,CE
2015-09-23 14:11:00,0.45,0.45,0.45,0.45,500,0,8600.0,CE
2015-09-23 14:12:00,0.45,0.45,0.45,0.45,825,0,8600.0,CE
2015-09-23 14:13:00,0.45,0.45,0.45,0.45,375,0,8600.0,CE
2015-09-23 14:14:00,0.4,0.4,0.4,0.4,175,0,8600.0,CE
2015-09-23 14:18:00,0.45,0.45,0.45,0.45,550,0,8600.0,CE
2015-09-23 14:19:00,0.45,0.45,0.4,0.4,175,0,8600.0,CE
2015-09-23 14:22:00,0.45,0.45,0.4,0.4,50,0,8600.0,CE
2015-09-23 14:23:00,0.4,0.45,0.4,0.45,1675,0,8600.0,CE
2015-09-23 14:24:00,0.45,0.45,0.45,0.45,2925,0,8600.0,CE
2015-09-23 14:25:00,0.35,0.35,0.35,0.35,50,0,8600.0,CE
2015-09-23 14:28:00,0.4,0.4,0.4,0.4,25,0,8600.0,CE
2015-09-23 14:29:00,0.4,0.4,0.4,0.4,1050,0,8600.0,CE
2015-09-23 14:30:00,0.4,0.4,0.4,0.4,75,0,8600.0,CE
2015-09-23 14:32:00,0.4,0.4,0.4,0.4,1575,0,8600.0,CE
2015-09-23 14:33:00,0.4,0.4,0.4,0.4,25,0,8600.0,CE
2015-09-23 14:34:00,0.4,0.45,0.4,0.45,1850,0,8600.0,CE
2015-09-23 14:35:00,0.35,0.35,0.35,0.35,1300,0,8600.0,CE
2015-09-23 14:37:00,0.35,0.35,0.35,0.35,25,0,8600.0,CE
2015-09-23 14:39:00,0.35,0.35,0.35,0.35,800,0,8600.0,CE
2015-09-23 14:40:00,0.35,0.35,0.3,0.3,150,0,8600.0,CE
2015-09-23 14:43:00,0.35,0.35,0.35,0.35,1075,0,8600.0,CE
2015-09-23 14:44:00,0.35,0.35,0.3,0.3,75,0,8600.0,CE
2015-09-23 14:46:00,0.35,0.35,0.35,0.35,325,0,8600.0,CE
2015-09-23 14:48:00,0.35,0.35,0.35,0.35,50,0,8600.0,CE
2015-09-23 14:49:00,0.4,0.4,0.4,0.4,50,0,8600.0,CE
2015-09-23 14:54:00,0.35,0.4,0.35,0.4,100,0,8600.0,CE
2015-09-23 14:59:00,0.35,0.35,0.35,0.35,25,0,8600.0,CE
2015-09-23 15:00:00,0.35,0.35,0.3,0.35,300,0,8600.0,CE
2015-09-23 15:01:00,0.3,0.35,0.3,0.35,5025,0,8600.0,CE
2015-09-23 15:02:00,0.4,0.4,0.35,0.4,1050,0,8600.0,CE
2015-09-23 15:03:00,0.4,0.4,0.35,0.35,1050,0,8600.0,CE
2015-09-23 15:04:00,0.4,0.4,0.4,0.4,1150,0,8600.0,CE
2015-09-23 15:08:00,0.3,0.3,0.3,0.3,10000,0,8600.0,CE
2015-09-23 15:09:00,0.35,0.4,0.35,0.4,1025,0,8600.0,CE
2015-09-23 15:10:00,0.35,0.4,0.35,0.35,100,0,8600.0,CE
2015-09-23 15:11:00,0.35,0.4,0.3,0.4,1125,0,8600.0,CE
2015-09-23 15:12:00,0.4,0.4,0.4,0.4,125,0,8600.0,CE
2015-09-23 15:13:00,0.4,0.4,0.4,0.4,25,0,8600.0,CE
2015-09-23 15:14:00,0.4,0.4,0.4,0.4,50,0,8600.0,CE
2015-09-23 15:16:00,0.35,0.35,0.35,0.35,25,0,8600.0,CE
2015-09-23 15:17:00,0.3,0.3,0.3,0.3,1550,0,8600.0,CE
2015-09-23 15:18:00,0.25,0.25,0.25,0.25,100,0,8600.0,CE
2015-09-23 15:19:00,0.35,0.35,0.35,0.35,25,0,8600.0,CE
2015-09-23 15:21:00,0.35,0.35,0.35,0.35,5000,0,8600.0,CE
2015-09-23 15:22:00,0.35,0.4,0.35,0.4,100,0,8600.0,CE
2015-09-23 15:23:00,0.35,0.35,0.35,0.35,625,0,8600.0,CE
2015-09-23 15:24:00,0.35,0.35,0.3,0.3,1500,0,8600.0,CE
2015-09-23 15:25:00,0.35,0.35,0.35,0.35,1000,0,8600.0,CE
2015-09-23 15:26:00,0.35,0.35,0.35,0.35,2000,0,8600.0,CE
2015-09-23 15:27:00,0.3,0.35,0.3,0.3,325,0,8600.0,CE
2015-09-23 15:28:00,0.35,0.35,0.35,0.35,475,0,8600.0,CE
2015-09-23 15:29:00,0.25,0.25,0.25,0.25,900,0,8600.0,CE
2015-09-24 09:16:00,0.1,0.1,0.1,0.1,75,0,8600.0,CE
2015-09-24 09:18:00,0.1,0.1,0.1,0.1,5950,0,8600.0,CE
2015-09-24 09:19:00,0.1,0.1,0.1,0.1,100,0,8600.0,CE
2015-09-24 09:21:00,0.05,0.05,0.05,0.05,225,0,8600.0,CE
2015-09-24 09:22:00,0.05,0.1,0.05,0.1,550,0,8600.0,CE
2015-09-24 09:24:00,0.05,0.1,0.05,0.1,1875,0,8600.0,CE
2015-09-24 09:26:00,0.1,0.1,0.1,0.1,100,0,8600.0,CE
2015-09-24 09:27:00,0.1,0.1,0.1,0.1,25,0,8600.0,CE
2015-09-24 09:32:00,0.1,0.1,0.1,0.1,2000,0,8600.0,CE
2015-09-24 09:37:00,0.1,0.1,0.1,0.1,100,0,8600.0,CE
2015-09-24 09:38:00,0.05,0.05,0.05,0.05,55250,0,8600.0,CE
2015-09-24 09:39:00,0.05,0.05,0.05,0.05,10000,0,8600.0,CE
2015-09-24 09:41:00,0.05,0.05,0.05,0.05,25,0,8600.0,CE
2015-09-24 09:42:00,0.05,0.05,0.05,0.05,325,0,8600.0,CE
2015-09-24 09:44:00,0.05,0.05,0.05,0.05,125,0,8600.0,CE
2015-09-24 09:47:00,0.05,0.05,0.05,0.05,675,0,8600.0,CE
2015-09-24 09:48:00,0.1,0.1,0.1,0.1,25,0,8600.0,CE
2015-09-24 09:49:00,0.1,0.1,0.1,0.1,150,0,8600.0,CE
2015-09-24 09:51:00,0.05,0.05,0.05,0.05,50,0,8600.0,CE
2015-09-24 09:52:00,0.05,0.05,0.05,0.05,350,0,8600.0,CE
2015-09-24 09:58:00,0.1,0.1,0.1,0.1,125,0,8600.0,CE
2015-09-24 09:59:00,0.05,0.05,0.05,0.05,6600,0,8600.0,CE
2015-09-24 10:03:00,0.1,0.1,0.1,0.1,225,0,8600.0,CE
2015-09-24 10:07:00,0.1,0.1,0.1,0.1,100,0,8600.0,CE
2015-09-24 10:08:00,0.1,0.1,0.1,0.1,75,0,8600.0,CE
2015-09-24 10:10:00,0.1,0.1,0.1,0.1,350,0,8600.0,CE
2015-09-24 10:13:00,0.1,0.1,0.1,0.1,450,0,8600.0,CE
2015-09-24 10:14:00,0.05,0.05,0.05,0.05,2500,0,8600.0,CE
2015-09-24 10:15:00,0.1,0.1,0.1,0.1,75,0,8600.0,CE
2015-09-24 10:22:00,0.05,0.1,0.05,0.05,400,0,8600.0,CE
2015-09-24 10:23:00,0.1,0.1,0.1,0.1,300,0,8600.0,CE
2015-09-24 10:24:00,0.1,0.1,0.1,0.1,75,0,8600.0,CE
2015-09-24 10:25:00,0.1,0.1,0.1,0.1,2425,0,8600.0,CE
2015-09-24 10:26:00,0.1,0.1,0.1,0.1,825,0,8600.0,CE
2015-09-24 10:27:00,0.05,0.05,0.05,0.05,250,0,8600.0,CE
2015-09-24 10:29:00,0.1,0.1,0.1,0.1,75,0,8600.0,CE
2015-09-24 10:30:00,0.1,0.1,0.1,0.1,575,0,8600.0,CE
2015-09-24 10:31:00,0.1,0.1,0.1,0.1,1425,0,8600.0,CE
2015-09-24 10:33:00,0.05,0.05,0.05,0.05,4750,0,8600.0,CE
2015-09-24 10:36:00,0.05,0.05,0.05,0.05,25,0,8600.0,CE
2015-09-24 10:37:00,0.05,0.05,0.05,0.05,100,0,8600.0,CE
2015-09-24 10:40:00,0.05,0.05,0.05,0.05,75,0,8600.0,CE
2015-09-24 10:42:00,0.1,0.1,0.1,0.1,75,0,8600.0,CE
2015-09-24 10:45:00,0.1,0.1,0.1,0.1,25,0,8600.0,CE
2015-09-24 10:48:00,0.05,0.05,0.05,0.05,400,0,8600.0,CE
2015-09-24 10:51:00,0.05,0.05,0.05,0.05,500,0,8600.0,CE
2015-09-24 10:52:00,0.05,0.1,0.05,0.1,4500,0,8600.0,CE
2015-09-24 10:55:00,0.1,0.1,0.1,0.1,50,0,8600.0,CE
2015-09-24 10:56:00,0.1,0.1,0.1,0.1,200,0,8600.0,CE
2015-09-24 10:57:00,0.1,0.1,0.05,0.05,3250,0,8600.0,CE
2015-09-24 10:58:00,0.05,0.05,0.05,0.05,225,0,8600.0,CE
2015-09-24 10:59:00,0.05,0.05,0.05,0.05,125,0,8600.0,CE
2015-09-24 11:00:00,0.05,0.05,0.05,0.05,250,0,8600.0,CE
2015-09-24 11:04:00,0.05,0.05,0.05,0.05,75,0,8600.0,CE
2015-09-24 11:05:00,0.05,0.05,0.05,0.05,25,0,8600.0,CE
2015-09-24 11:06:00,0.05,0.05,0.05,0.05,50,0,8600.0,CE
2015-09-24 11:07:00,0.05,0.05,0.05,0.05,3425,0,8600.0,CE
2015-09-24 11:09:00,0.05,0.05,0.05,0.05,125,0,8600.0,CE
2015-09-24 11:13:00,0.05,0.05,0.05,0.05,25,0,8600.0,CE
2015-09-24 11:18:00,0.05,0.05,0.05,0.05,425,0,8600.0,CE
2015-09-24 11:21:00,0.05,0.05,0.05,0.05,450,0,8600.0,CE
2015-09-24 11:23:00,0.05,0.05,0.05,0.05,50,0,8600.0,CE
2015-09-24 11:25:00,0.05,0.05,0.05,0.05,100,0,8600.0,CE
2015-09-24 11:36:00,0.05,0.05,0.05,0.05,100,0,8600.0,CE
2015-09-24 11:38:00,0.05,0.05,0.05,0.05,125,0,8600.0,CE
2015-09-24 11:42:00,0.05,0.05,0.05,0.05,25,0,8600.0,CE
2015-09-24 11:43:00,0.05,0.05,0.05,0.05,150,0,8600.0,CE
2015-09-24 11:52:00,0.05,0.05,0.05,0.05,25,0,8600.0,CE
2015-09-24 11:53:00,0.05,0.05,0.05,0.05,75,0,8600.0,CE
2015-09-24 11:56:00,0.05,0.05,0.05,0.05,25,0,8600.0,CE
2015-09-24 11:57:00,0.05,0.05,0.05,0.05,25,0,8600.0,CE
2015-09-24 12:00:00,0.05,0.05,0.05,0.05,50,0,8600.0,CE
2015-09-24 12:03:00,0.05,0.05,0.05,0.05,3500,0,8600.0,CE
2015-09-24 12:09:00,0.05,0.05,0.05,0.05,50,0,8600.0,CE
2015-09-24 12:12:00,0.05,0.05,0.05,0.05,25,0,8600.0,CE
2015-09-24 12:13:00,0.05,0.05,0.05,0.05,25,0,8600.0,CE
2015-09-24 12:16:00,0.05,0.05,0.05,0.05,25,0,8600.0,CE
2015-09-24 12:17:00,0.05,0.05,0.05,0.05,25,0,8600.0,CE
2015-09-24 12:21:00,0.05,0.05,0.05,0.05,8550,0,8600.0,CE
2015-09-24 12:39:00,0.05,0.05,0.05,0.05,3775,0,8600.0,CE
2015-09-24 12:43:00,0.05,0.05,0.05,0.05,425,0,8600.0,CE
2015-09-24 12:44:00,0.05,0.1,0.05,0.1,50,0,8600.0,CE
2015-09-24 12:57:00,0.05,0.05,0.05,0.05,25,0,8600.0,CE
2015-09-24 12:58:00,0.05,0.05,0.05,0.05,25,0,8600.0,CE
2015-09-24 13:11:00,0.05,0.05,0.05,0.05,200,0,8600.0,CE
2015-09-24 13:12:00,0.05,0.1,0.05,0.1,175,0,8600.0,CE
2015-09-24 13:13:00,0.1,0.1,0.1,0.1,1525,0,8600.0,CE
2015-09-24 13:17:00,0.05,0.05,0.05,0.05,50,0,8600.0,CE
2015-09-24 13:26:00,0.05,0.05,0.05,0.05,750,0,8600.0,CE
2015-09-24 13:27:00,0.05,0.1,0.05,0.1,4450,0,8600.0,CE
2015-09-24 13:38:00,0.05,0.05,0.05,0.05,100,0,8600.0,CE
2015-09-24 13:40:00,0.05,0.05,0.05,0.05,4400,0,8600.0,CE
2015-09-24 13:47:00,0.05,0.05,0.05,0.05,1925,0,8600.0,CE
2015-09-24 14:06:00,0.05,0.05,0.05,0.05,50,0,8600.0,CE
2015-09-24 14:07:00,0.05,0.05,0.05,0.05,450,0,8600.0,CE
2015-09-24 14:09:00,0.05,0.05,0.05,0.05,100,0,8600.0,CE
2015-09-24 14:11:00,0.05,0.05,0.05,0.05,100,0,8600.0,CE
2015-09-24 14:13:00,0.05,0.05,0.05,0.05,1850,0,8600.0,CE
2015-09-24 14:14:00,0.05,0.05,0.05,0.05,975,0,8600.0,CE
2015-09-24 14:18:00,0.05,0.05,0.05,0.05,50,0,8600.0,CE
2015-09-24 14:19:00,0.05,0.05,0.05,0.05,1375,0,8600.0,CE
2015-09-24 14:44:00,0.05,0.05,0.05,0.05,100,0,8600.0,CE
2015-09-24 14:47:00,0.05,0.05,0.05,0.05,325,0,8600.0,CE
2015-09-24 14:50:00,0.05,0.05,0.05,0.05,25,0,8600.0,CE
2015-09-24 14:51:00,0.05,0.05,0.05,0.05,75,0,8600.0,CE
2015-09-24 14:58:00,0.05,0.05,0.05,0.05,100,0,8600.0,CE
2015-09-24 14:59:00,0.05,0.05,0.05,0.05,300,0,8600.0,CE
2015-09-24 15:00:00,0.05,0.05,0.05,0.05,325,0,8600.0,CE
2015-09-24 15:11:00,0.05,0.05,0.05,0.05,50,0,8600.0,CE
2015-09-24 15:27:00,0.05,0.05,0.05,0.05,25,0,8600.0,CE
2015-09-24 15:29:00,0.05,0.05,0.05,0.05,25,0,8600.0,CE
