timestamp,open,high,low,close,volume,oi,strike,option_type
2017-09-12 09:43:00,507.0,507.0,506.9,507.0,525,0,9600.0,CE
2017-09-12 09:44:00,507.0,507.0,507.0,507.0,75,0,9600.0,CE
2017-09-12 09:51:00,504.0,504.0,504.0,504.0,3150,0,9600.0,CE
2017-09-12 09:52:00,504.0,504.0,504.0,504.0,1575,0,9600.0,CE
2017-09-12 10:41:00,517.75,517.75,517.75,517.75,1500,0,9600.0,CE
2017-09-12 10:43:00,519.55,519.55,519.55,519.55,150,0,9600.0,CE
2017-09-12 10:44:00,522.5,522.5,522.5,522.5,300,0,9600.0,CE
2017-09-12 11:16:00,526.9,526.9,526.9,526.9,225,0,9600.0,CE
2017-09-12 12:16:00,529.0,529.0,529.0,529.0,75,0,9600.0,CE
2017-09-12 12:31:00,526.3,526.3,526.3,526.3,375,0,9600.0,CE
2017-09-12 12:37:00,526.5,526.5,526.5,526.5,75,0,9600.0,CE
2017-09-12 12:39:00,526.0,526.0,526.0,526.0,75,0,9600.0,CE
2017-09-12 13:24:00,528.35,528.35,528.35,528.35,75,0,9600.0,CE
2017-09-12 13:57:00,535.6,535.6,535.6,535.6,75,0,9600.0,CE
2017-09-12 13:59:00,535.35,535.35,534.1,534.1,675,0,9600.0,CE
2017-09-12 14:03:00,533.55,533.55,533.55,533.55,675,0,9600.0,CE
2017-09-12 14:05:00,533.25,533.25,533.25,533.25,375,0,9600.0,CE
2017-09-12 14:06:00,533.25,533.25,533.25,533.25,675,0,9600.0,CE
2017-09-12 14:09:00,534.85,534.85,534.85,534.85,1050,0,9600.0,CE
2017-09-12 14:10:00,535.35,535.35,535.35,535.35,150,0,9600.0,CE
2017-09-12 14:13:00,534.5,534.5,534.5,534.5,75,0,9600.0,CE
2017-09-12 14:32:00,540.0,540.0,540.0,540.0,150,0,9600.0,CE
2017-09-12 14:41:00,543.65,543.65,543.65,543.65,75,0,9600.0,CE
2017-09-12 14:43:00,546.05,546.05,546.05,546.05,75,0,9600.0,CE
2017-09-12 14:56:00,555.75,555.75,555.75,555.75,75,0,9600.0,CE
2017-09-12 15:11:00,557.75,557.75,557.75,557.75,75,0,9600.0,CE
2017-09-13 09:53:00,575.4,575.4,575.4,575.4,75,0,9600.0,CE
2017-09-13 09:58:00,576.5,576.5,576.5,576.5,75,0,9600.0,CE
2017-09-13 10:48:00,575.0,575.0,575.0,575.0,150,0,9600.0,CE
2017-09-13 10:49:00,575.0,575.0,575.0,575.0,150,0,9600.0,CE
2017-09-13 11:00:00,570.0,570.0,570.0,570.0,300,0,9600.0,CE
2017-09-13 11:15:00,574.75,574.75,574.75,574.75,750,0,9600.0,CE
2017-09-13 11:23:00,570.0,570.0,570.0,570.0,75,0,9600.0,CE
2017-09-13 11:25:00,570.0,570.0,570.0,570.0,225,0,9600.0,CE
2017-09-13 11:39:00,571.1,571.1,571.1,571.1,75,0,9600.0,CE
2017-09-13 12:30:00,570.0,570.0,570.0,570.0,225,0,9600.0,CE
2017-09-13 12:31:00,570.05,570.05,570.05,570.05,75,0,9600.0,CE
2017-09-13 12:35:00,580.0,580.0,580.0,580.0,75,0,9600.0,CE
2017-09-13 12:44:00,583.55,583.6,583.55,583.55,225,0,9600.0,CE
2017-09-13 12:46:00,585.45,585.45,585.45,585.45,300,0,9600.0,CE
2017-09-13 12:54:00,583.1,583.15,583.1,583.15,525,0,9600.0,CE
2017-09-13 13:01:00,584.5,584.5,584.5,584.5,225,0,9600.0,CE
2017-09-13 13:02:00,584.5,584.5,584.5,584.5,750,0,9600.0,CE
2017-09-13 13:03:00,584.5,584.5,584.5,584.5,750,0,9600.0,CE
2017-09-13 13:05:00,586.0,586.0,586.0,586.0,75,0,9600.0,CE
2017-09-13 13:21:00,585.0,585.0,585.0,585.0,300,0,9600.0,CE
2017-09-13 13:23:00,586.0,586.0,586.0,586.0,900,0,9600.0,CE
2017-09-13 13:24:00,587.0,587.0,587.0,587.0,300,0,9600.0,CE
2017-09-13 13:36:00,593.0,593.0,593.0,593.0,75,0,9600.0,CE
2017-09-13 13:50:00,590.2,590.2,590.2,590.2,300,0,9600.0,CE
2017-09-13 14:38:00,571.1,571.1,571.1,571.1,75,0,9600.0,CE
2017-09-13 14:40:00,566.0,566.0,566.0,566.0,75,0,9600.0,CE
2017-09-14 09:40:00,581.4,581.4,581.4,581.4,150,0,9600.0,CE
2017-09-14 09:49:00,588.0,588.0,588.0,588.0,900,0,9600.0,CE
2017-09-14 09:50:00,588.0,588.0,588.0,588.0,1950,0,9600.0,CE
2017-09-14 09:53:00,583.0,583.0,583.0,583.0,75,0,9600.0,CE
2017-09-14 09:54:00,584.0,584.0,584.0,584.0,2100,0,9600.0,CE
2017-09-14 09:55:00,584.0,584.0,584.0,584.0,375,0,9600.0,CE
2017-09-14 09:59:00,586.0,586.0,586.0,586.0,2550,0,9600.0,CE
2017-09-14 10:15:00,580.0,580.0,580.0,580.0,75,0,9600.0,CE
2017-09-14 10:16:00,578.95,578.95,578.95,578.95,75,0,9600.0,CE
2017-09-14 10:20:00,574.95,574.95,574.75,574.75,225,0,9600.0,CE
2017-09-14 10:21:00,574.2,574.2,574.2,574.2,75,0,9600.0,CE
2017-09-14 10:27:00,581.35,581.35,581.35,581.35,225,0,9600.0,CE
2017-09-14 10:28:00,581.05,581.05,581.05,581.05,75,0,9600.0,CE
2017-09-14 10:45:00,581.6,581.6,581.6,581.6,75,0,9600.0,CE
2017-09-14 10:46:00,581.8,581.9,581.8,581.9,225,0,9600.0,CE
2017-09-14 10:50:00,578.0,578.0,578.0,578.0,150,0,9600.0,CE
2017-09-14 11:07:00,566.15,566.15,566.15,566.15,75,0,9600.0,CE
2017-09-14 11:09:00,567.05,567.05,567.05,567.05,150,0,9600.0,CE
2017-09-14 11:14:00,557.25,557.8,557.25,557.45,225,0,9600.0,CE
2017-09-14 11:15:00,556.9,556.9,555.25,556.25,525,0,9600.0,CE
2017-09-14 11:36:00,554.7,554.7,554.7,554.7,150,0,9600.0,CE
2017-09-14 12:19:00,554.05,554.05,554.05,554.05,75,0,9600.0,CE
2017-09-14 12:58:00,550.0,550.0,550.0,550.0,75,0,9600.0,CE
2017-09-14 14:33:00,572.0,572.0,572.0,572.0,75,0,9600.0,CE
2017-09-14 14:45:00,565.9,566.45,565.9,566.45,225,0,9600.0,CE
2017-09-14 14:46:00,567.05,567.05,567.05,567.05,75,0,9600.0,CE
2017-09-14 14:51:00,571.65,571.65,571.6,571.6,225,0,9600.0,CE
2017-09-14 15:02:00,570.65,570.65,570.65,570.65,150,0,9600.0,CE
2017-09-14 15:03:00,569.7,570.2,569.7,570.2,300,0,9600.0,CE
2017-09-14 15:19:00,559.7,559.7,559.7,559.7,75,0,9600.0,CE
2017-09-15 09:23:00,546.95,546.95,546.95,546.95,75,0,9600.0,CE
2017-09-15 09:24:00,549.0,549.55,549.0,549.55,150,0,9600.0,CE
2017-09-15 09:25:00,550.1,550.1,550.0,550.0,225,0,9600.0,CE
2017-09-15 10:18:00,536.2,536.2,536.2,536.2,75,0,9600.0,CE
2017-09-15 10:47:00,533.2,533.2,533.2,533.2,150,0,9600.0,CE
2017-09-15 11:20:00,530.0,530.0,530.0,530.0,150,0,9600.0,CE
2017-09-15 11:23:00,530.0,530.0,530.0,530.0,150,0,9600.0,CE
2017-09-15 11:46:00,530.0,530.0,530.0,530.0,150,0,9600.0,CE
2017-09-15 14:30:00,553.05,553.05,553.05,553.05,300,0,9600.0,CE
2017-09-15 14:57:00,579.15,579.15,579.15,579.15,75,0,9600.0,CE
2017-09-15 14:59:00,574.05,574.05,574.05,574.05,75,0,9600.0,CE
2017-09-15 15:15:00,555.4,555.4,555.4,555.4,75,0,9600.0,CE
2017-09-15 15:16:00,557.45,557.45,557.45,557.45,75,0,9600.0,CE
2017-09-15 15:26:00,551.25,551.25,549.0,549.0,150,0,9600.0,CE
2017-09-15 15:30:00,551.25,553.3,549.0,553.3,0,0,9600.0,CE
2017-09-18 09:38:00,620.0,620.0,620.0,620.0,150,0,9600.0,CE
2017-09-18 09:42:00,621.0,621.0,621.0,621.0,150,0,9600.0,CE
2017-09-18 09:59:00,621.65,621.65,621.65,621.65,150,0,9600.0,CE
2017-09-18 10:12:00,620.0,620.0,620.0,620.0,750,0,9600.0,CE
2017-09-18 10:15:00,620.0,620.0,620.0,620.0,375,0,9600.0,CE
2017-09-18 10:16:00,619.0,619.0,619.0,619.0,375,0,9600.0,CE
2017-09-18 10:20:00,618.0,618.0,618.0,618.0,150,0,9600.0,CE
2017-09-18 10:24:00,616.0,616.0,615.7,615.7,375,0,9600.0,CE
2017-09-18 10:25:00,617.0,617.0,617.0,617.0,450,0,9600.0,CE
2017-09-18 10:27:00,616.0,616.0,616.0,616.0,150,0,9600.0,CE
2017-09-18 10:34:00,615.0,615.0,615.0,615.0,300,0,9600.0,CE
2017-09-18 10:36:00,616.0,616.0,616.0,616.0,975,0,9600.0,CE
2017-09-18 10:37:00,617.0,617.0,617.0,617.0,75,0,9600.0,CE
2017-09-18 10:39:00,617.0,618.0,617.0,618.0,2400,0,9600.0,CE
2017-09-18 10:40:00,618.0,618.0,617.15,618.0,375,0,9600.0,CE
2017-09-18 10:44:00,622.85,623.15,622.85,622.9,675,0,9600.0,CE
2017-09-18 10:45:00,621.0,621.0,621.0,621.0,750,0,9600.0,CE
2017-09-18 10:47:00,621.0,621.0,621.0,621.0,75,0,9600.0,CE
2017-09-18 11:14:00,621.45,621.45,621.45,621.45,150,0,9600.0,CE
2017-09-18 11:20:00,620.0,620.05,620.0,620.05,150,0,9600.0,CE
2017-09-18 11:35:00,622.0,622.0,622.0,622.0,225,0,9600.0,CE
2017-09-18 11:37:00,622.0,622.0,622.0,622.0,525,0,9600.0,CE
2017-09-18 11:56:00,622.0,622.0,622.0,622.0,75,0,9600.0,CE
2017-09-18 12:19:00,622.0,622.0,622.0,622.0,675,0,9600.0,CE
2017-09-18 12:20:00,625.0,625.0,625.0,625.0,75,0,9600.0,CE
2017-09-18 12:47:00,627.0,627.0,627.0,627.0,75,0,9600.0,CE
2017-09-18 15:13:00,615.5,615.5,615.5,615.5,300,0,9600.0,CE
2017-09-18 15:20:00,614.75,614.75,614.75,614.75,75,0,9600.0,CE
2017-09-18 15:30:00,614.75,615.35,614.75,615.35,0,0,9600.0,CE
2017-09-19 09:32:00,602.0,602.0,602.0,602.0,75,0,9600.0,CE
2017-09-19 09:42:00,602.0,602.0,602.0,602.0,75,0,9600.0,CE
2017-09-19 10:00:00,600.85,600.85,600.85,600.85,75,0,9600.0,CE
2017-09-19 10:09:00,596.6,596.6,596.6,596.6,75,0,9600.0,CE
2017-09-19 10:11:00,597.15,597.15,597.15,597.15,75,0,9600.0,CE
2017-09-19 10:17:00,598.0,598.0,598.0,598.0,75,0,9600.0,CE
2017-09-19 11:43:00,602.0,602.0,602.0,602.0,75,0,9600.0,CE
2017-09-19 13:16:00,603.45,603.45,603.45,603.45,75,0,9600.0,CE
2017-09-19 14:08:00,615.0,615.0,615.0,615.0,75,0,9600.0,CE
2017-09-19 14:12:00,614.0,614.0,614.0,614.0,75,0,9600.0,CE
2017-09-19 14:27:00,609.35,609.35,609.35,609.35,75,0,9600.0,CE
2017-09-20 09:30:00,608.0,608.0,607.15,607.15,375,0,9600.0,CE
2017-09-20 09:42:00,614.0,614.0,614.0,614.0,375,0,9600.0,CE
2017-09-20 10:06:00,598.6,598.6,598.6,598.6,375,0,9600.0,CE
2017-09-20 11:11:00,603.15,603.15,603.15,603.15,150,0,9600.0,CE
2017-09-20 12:10:00,604.0,604.0,604.0,604.0,75,0,9600.0,CE
2017-09-20 13:42:00,613.8,613.8,613.8,613.8,150,0,9600.0,CE
2017-09-20 14:36:00,621.0,621.0,621.0,621.0,150,0,9600.0,CE
2017-09-20 14:52:00,612.75,612.8,612.75,612.8,300,0,9600.0,CE
2017-09-20 15:29:00,609.0,609.0,609.0,609.0,75,0,9600.0,CE
2017-09-21 09:31:00,610.0,610.0,610.0,610.0,75,0,9600.0,CE
2017-09-21 09:45:00,605.0,605.0,605.0,605.0,225,0,9600.0,CE
2017-09-21 11:46:00,550.0,550.0,550.0,550.0,150,0,9600.0,CE
2017-09-21 12:15:00,554.0,554.0,554.0,554.0,150,0,9600.0,CE
2017-09-21 12:19:00,554.0,554.0,554.0,554.0,75,0,9600.0,CE
2017-09-21 13:21:00,554.65,554.65,554.65,554.65,75,0,9600.0,CE
2017-09-21 13:23:00,555.05,555.05,555.05,555.05,75,0,9600.0,CE
2017-09-21 14:03:00,575.8,575.8,575.8,575.8,75,0,9600.0,CE
2017-09-21 14:34:00,576.0,576.0,576.0,576.0,150,0,9600.0,CE
2017-09-21 14:43:00,590.0,590.0,590.0,590.0,75,0,9600.0,CE
2017-09-21 14:44:00,590.0,590.0,590.0,590.0,75,0,9600.0,CE
2017-09-21 15:21:00,584.05,584.05,584.05,584.05,75,0,9600.0,CE
2017-09-22 09:16:00,526.3,526.3,526.3,526.3,150,0,9600.0,CE
2017-09-22 09:17:00,526.3,526.3,526.3,526.3,450,0,9600.0,CE
2017-09-22 09:29:00,520.0,520.0,520.0,520.0,225,0,9600.0,CE
2017-09-22 09:33:00,508.0,508.0,508.0,508.0,6000,0,9600.0,CE
2017-09-22 09:34:00,502.25,502.25,502.25,502.25,75,0,9600.0,CE
2017-09-22 09:50:00,508.25,508.25,508.25,508.25,150,0,9600.0,CE
2017-09-22 09:54:00,504.0,504.0,504.0,504.0,750,0,9600.0,CE
2017-09-22 10:00:00,500.0,500.0,500.0,500.0,75,0,9600.0,CE
2017-09-22 10:01:00,500.0,500.0,500.0,500.0,1500,0,9600.0,CE
2017-09-22 10:02:00,500.0,500.0,500.0,500.0,4500,0,9600.0,CE
2017-09-22 10:17:00,490.0,490.0,490.0,490.0,150,0,9600.0,CE
2017-09-22 10:18:00,490.0,490.0,490.0,490.0,150,0,9600.0,CE
2017-09-22 10:31:00,500.0,500.0,500.0,500.0,75,0,9600.0,CE
2017-09-22 10:33:00,499.75,499.75,499.75,499.75,75,0,9600.0,CE
2017-09-22 10:35:00,499.0,499.0,499.0,499.0,75,0,9600.0,CE
2017-09-22 10:36:00,498.9,498.9,498.9,498.9,75,0,9600.0,CE
2017-09-22 10:37:00,496.0,496.0,496.0,496.0,75,0,9600.0,CE
2017-09-22 10:38:00,500.5,500.5,500.5,500.5,75,0,9600.0,CE
2017-09-22 10:42:00,499.0,499.0,499.0,499.0,450,0,9600.0,CE
2017-09-22 10:51:00,496.25,496.25,495.0,495.0,150,0,9600.0,CE
2017-09-22 11:05:00,496.0,496.0,496.0,496.0,750,0,9600.0,CE
2017-09-22 11:06:00,494.55,494.55,490.0,492.0,1125,0,9600.0,CE
2017-09-22 11:07:00,492.0,495.0,492.0,495.0,1500,0,9600.0,CE
2017-09-22 11:08:00,493.0,493.0,492.0,492.0,300,0,9600.0,CE
2017-09-22 11:10:00,490.5,490.5,489.95,489.95,150,0,9600.0,CE
2017-09-22 11:16:00,487.45,487.45,487.45,487.45,75,0,9600.0,CE
2017-09-22 11:20:00,485.0,485.0,485.0,485.0,300,0,9600.0,CE
2017-09-22 11:21:00,486.9,486.9,486.9,486.9,225,0,9600.0,CE
2017-09-22 11:26:00,483.4,483.4,483.4,483.4,300,0,9600.0,CE
2017-09-22 11:27:00,485.7,485.7,485.4,485.4,300,0,9600.0,CE
2017-09-22 11:38:00,490.0,490.0,490.0,490.0,75,0,9600.0,CE
2017-09-22 11:39:00,490.0,492.0,489.0,492.0,1875,0,9600.0,CE
2017-09-22 11:42:00,493.0,493.0,492.0,492.0,4650,0,9600.0,CE
2017-09-22 12:06:00,493.0,493.0,493.0,493.0,600,0,9600.0,CE
2017-09-22 12:09:00,492.0,492.0,492.0,492.0,75,0,9600.0,CE
2017-09-22 12:26:00,480.0,480.0,480.0,480.0,75,0,9600.0,CE
2017-09-22 12:29:00,480.0,480.0,480.0,480.0,75,0,9600.0,CE
2017-09-22 12:32:00,483.0,483.0,483.0,483.0,75,0,9600.0,CE
2017-09-22 12:33:00,485.5,485.5,485.5,485.5,75,0,9600.0,CE
2017-09-22 12:39:00,487.0,487.0,487.0,487.0,75,0,9600.0,CE
2017-09-22 12:40:00,485.3,485.3,485.3,485.3,600,0,9600.0,CE
2017-09-22 12:58:00,479.8,479.8,479.8,479.8,75,0,9600.0,CE
2017-09-22 12:59:00,482.0,482.0,482.0,482.0,300,0,9600.0,CE
2017-09-22 13:04:00,492.0,492.0,492.0,492.0,750,0,9600.0,CE
2017-09-22 13:12:00,491.8,491.8,491.8,491.8,75,0,9600.0,CE
2017-09-22 13:30:00,490.05,491.0,490.05,491.0,300,0,9600.0,CE
2017-09-22 13:31:00,491.0,491.0,489.35,489.35,1575,0,9600.0,CE
2017-09-22 13:40:00,485.3,485.3,485.3,485.3,375,0,9600.0,CE
2017-09-22 13:41:00,485.0,485.0,485.0,485.0,450,0,9600.0,CE
2017-09-22 13:51:00,481.0,481.0,481.0,481.0,75,0,9600.0,CE
2017-09-22 13:53:00,478.0,478.0,478.0,478.0,75,0,9600.0,CE
2017-09-22 13:54:00,476.15,476.15,476.15,476.15,75,0,9600.0,CE
2017-09-22 13:55:00,473.05,473.05,473.05,473.05,75,0,9600.0,CE
2017-09-22 13:57:00,468.55,468.55,468.55,468.55,75,0,9600.0,CE
2017-09-22 14:00:00,467.4,467.4,467.4,467.4,75,0,9600.0,CE
2017-09-22 14:02:00,470.0,470.0,470.0,470.0,7500,0,9600.0,CE
2017-09-22 14:09:00,464.0,464.0,464.0,464.0,1350,0,9600.0,CE
2017-09-22 14:10:00,464.0,464.0,464.0,464.0,4650,0,9600.0,CE
2017-09-22 14:12:00,454.0,454.0,454.0,454.0,150,0,9600.0,CE
2017-09-22 14:14:00,463.0,463.0,463.0,463.0,3000,0,9600.0,CE
2017-09-22 14:19:00,465.0,465.0,465.0,465.0,300,0,9600.0,CE
2017-09-22 14:22:00,465.0,468.8,465.0,468.8,525,0,9600.0,CE
2017-09-22 14:23:00,468.2,468.2,468.2,468.2,375,0,9600.0,CE
2017-09-22 14:27:00,469.6,469.6,468.35,468.35,600,0,9600.0,CE
2017-09-22 14:29:00,467.65,467.65,464.0,464.0,825,0,9600.0,CE
2017-09-22 14:30:00,464.8,464.8,464.8,464.8,300,0,9600.0,CE
2017-09-22 14:31:00,460.0,460.0,460.0,460.0,600,0,9600.0,CE
2017-09-22 14:35:00,455.0,455.0,455.0,455.0,450,0,9600.0,CE
2017-09-22 14:36:00,454.5,454.5,454.5,454.5,75,0,9600.0,CE
2017-09-22 14:40:00,454.95,454.95,454.95,454.95,75,0,9600.0,CE
2017-09-22 14:41:00,450.0,450.0,450.0,450.0,6000,0,9600.0,CE
2017-09-22 14:44:00,452.0,452.0,452.0,452.0,5100,0,9600.0,CE
2017-09-22 14:50:00,461.85,461.85,461.85,461.85,75,0,9600.0,CE
2017-09-22 14:52:00,459.35,459.35,459.35,459.35,75,0,9600.0,CE
2017-09-22 14:53:00,462.0,462.0,460.3,460.3,375,0,9600.0,CE
2017-09-22 14:54:00,460.75,460.75,460.75,460.75,225,0,9600.0,CE
2017-09-22 14:59:00,464.85,466.15,464.85,466.1,375,0,9600.0,CE
2017-09-22 15:00:00,462.2,462.2,462.2,462.2,75,0,9600.0,CE
2017-09-22 15:01:00,458.1,458.1,458.1,458.1,150,0,9600.0,CE
2017-09-22 15:05:00,457.5,457.5,457.5,457.5,75,0,9600.0,CE
2017-09-22 15:06:00,459.0,460.0,459.0,460.0,150,0,9600.0,CE
2017-09-22 15:07:00,458.3,460.0,458.3,460.0,375,0,9600.0,CE
2017-09-22 15:08:00,459.85,459.85,459.85,459.85,300,0,9600.0,CE
2017-09-22 15:13:00,454.75,454.75,454.75,454.75,375,0,9600.0,CE
2017-09-22 15:15:00,450.9,450.9,450.9,450.9,75,0,9600.0,CE
2017-09-22 15:16:00,450.3,450.5,445.55,445.55,1275,0,9600.0,CE
2017-09-22 15:18:00,450.0,450.0,449.0,449.0,525,0,9600.0,CE
2017-09-22 15:22:00,448.4,448.4,445.0,445.0,150,0,9600.0,CE
2017-09-22 15:23:00,446.45,446.45,446.45,446.45,75,0,9600.0,CE
2017-09-22 15:25:00,443.6,444.2,443.6,444.2,225,0,9600.0,CE
2017-09-22 15:27:00,445.0,445.0,445.0,445.0,225,0,9600.0,CE
2017-09-22 15:28:00,444.85,445.25,444.35,444.35,900,0,9600.0,CE
2017-09-22 15:29:00,443.2,443.2,441.6,441.6,375,0,9600.0,CE
2017-09-22 15:30:00,443.2,449.8,441.6,449.8,0,0,9600.0,CE
2017-09-25 09:18:00,410.05,410.05,405.0,405.0,150,0,9600.0,CE
2017-09-25 09:19:00,406.35,407.2,406.35,407.2,3150,0,9600.0,CE
2017-09-25 09:20:00,413.0,413.0,413.0,413.0,150,0,9600.0,CE
2017-09-25 09:21:00,406.7,406.7,406.7,406.7,75,0,9600.0,CE
2017-09-25 09:22:00,400.0,400.0,400.0,400.0,75,0,9600.0,CE
2017-09-25 09:26:00,394.4,394.4,394.4,394.4,75,0,9600.0,CE
2017-09-25 09:27:00,400.05,400.05,400.05,400.05,225,0,9600.0,CE
2017-09-25 09:33:00,388.0,388.0,388.0,388.0,1050,0,9600.0,CE
2017-09-25 09:34:00,385.85,385.85,385.85,385.85,75,0,9600.0,CE
2017-09-25 09:35:00,376.05,376.05,375.75,375.75,300,0,9600.0,CE
2017-09-25 09:36:00,375.35,375.35,375.35,375.35,150,0,9600.0,CE
2017-09-25 09:38:00,386.55,386.55,386.55,386.55,75,0,9600.0,CE
2017-09-25 09:39:00,388.0,389.1,388.0,389.1,150,0,9600.0,CE
2017-09-25 09:48:00,384.3,384.3,384.3,384.3,75,0,9600.0,CE
2017-09-25 09:54:00,384.0,384.0,381.6,384.0,300,0,9600.0,CE
2017-09-25 09:56:00,389.2,389.2,389.2,389.2,75,0,9600.0,CE
2017-09-25 09:58:00,386.45,386.45,386.45,386.45,225,0,9600.0,CE
2017-09-25 10:00:00,382.45,382.45,382.45,382.45,75,0,9600.0,CE
2017-09-25 10:02:00,386.7,386.7,386.7,386.7,75,0,9600.0,CE
2017-09-25 10:03:00,385.9,386.5,385.9,386.5,600,0,9600.0,CE
2017-09-25 10:04:00,382.65,383.45,382.65,383.45,600,0,9600.0,CE
2017-09-25 10:08:00,377.85,377.85,364.6,364.6,525,0,9600.0,CE
2017-09-25 10:10:00,372.5,372.5,367.55,367.55,300,0,9600.0,CE
2017-09-25 10:11:00,369.5,369.5,369.5,369.5,150,0,9600.0,CE
2017-09-25 10:15:00,367.0,367.0,367.0,367.0,75,0,9600.0,CE
2017-09-25 10:16:00,364.0,364.0,364.0,364.0,3000,0,9600.0,CE
2017-09-25 10:17:00,361.0,361.0,361.0,361.0,150,0,9600.0,CE
2017-09-25 10:18:00,351.6,351.6,351.6,351.6,75,0,9600.0,CE
2017-09-25 10:22:00,359.45,359.45,359.45,359.45,3000,0,9600.0,CE
2017-09-25 10:23:00,363.8,363.8,363.8,363.8,75,0,9600.0,CE
2017-09-25 10:24:00,358.0,360.3,358.0,360.3,300,0,9600.0,CE
2017-09-25 10:25:00,360.35,360.35,358.5,358.5,300,0,9600.0,CE
2017-09-25 10:26:00,356.9,358.65,356.9,358.65,375,0,9600.0,CE
2017-09-25 10:29:00,358.2,358.2,358.2,358.2,75,0,9600.0,CE
2017-09-25 10:30:00,359.3,360.05,359.3,360.05,3600,0,9600.0,CE
2017-09-25 10:32:00,365.65,365.65,365.65,365.65,75,0,9600.0,CE
2017-09-25 10:33:00,367.6,367.6,367.6,367.6,75,0,9600.0,CE
2017-09-25 10:38:00,385.0,385.0,385.0,385.0,225,0,9600.0,CE
2017-09-25 10:40:00,391.2,391.2,391.2,391.2,300,0,9600.0,CE
2017-09-25 10:41:00,390.0,390.05,390.0,390.0,3450,0,9600.0,CE
2017-09-25 10:42:00,386.15,386.15,386.15,386.15,375,0,9600.0,CE
2017-09-25 10:58:00,372.3,372.3,370.0,370.0,150,0,9600.0,CE
2017-09-25 11:00:00,372.2,374.3,372.2,373.05,225,0,9600.0,CE
2017-09-25 11:01:00,374.25,374.25,374.25,374.25,75,0,9600.0,CE
2017-09-25 11:06:00,373.8,373.8,373.8,373.8,150,0,9600.0,CE
2017-09-25 11:08:00,380.0,380.0,380.0,380.0,150,0,9600.0,CE
2017-09-25 11:09:00,380.0,380.0,380.0,380.0,300,0,9600.0,CE
2017-09-25 11:11:00,374.55,374.55,374.55,374.55,75,0,9600.0,CE
2017-09-25 11:14:00,376.0,376.0,376.0,376.0,2925,0,9600.0,CE
2017-09-25 11:15:00,375.0,375.0,375.0,375.0,150,0,9600.0,CE
2017-09-25 11:16:00,375.3,375.3,375.3,375.3,225,0,9600.0,CE
2017-09-25 11:17:00,377.1,377.1,377.1,377.1,150,0,9600.0,CE
2017-09-25 11:21:00,372.2,372.2,372.2,372.2,75,0,9600.0,CE
2017-09-25 11:28:00,368.1,368.1,367.65,367.65,150,0,9600.0,CE
2017-09-25 11:29:00,363.5,363.5,363.5,363.5,225,0,9600.0,CE
2017-09-25 11:30:00,365.2,365.2,365.2,365.2,1800,0,9600.0,CE
2017-09-25 11:35:00,368.9,368.9,368.9,368.9,375,0,9600.0,CE
2017-09-25 11:39:00,368.95,368.95,368.95,368.95,300,0,9600.0,CE
2017-09-25 11:46:00,367.95,367.95,367.95,367.95,75,0,9600.0,CE
2017-09-25 11:58:00,368.95,368.95,368.95,368.95,75,0,9600.0,CE
2017-09-25 12:01:00,368.0,368.0,368.0,368.0,150,0,9600.0,CE
2017-09-25 12:05:00,370.0,370.0,369.95,369.95,300,0,9600.0,CE
2017-09-25 12:08:00,369.6,369.6,369.6,369.6,150,0,9600.0,CE
2017-09-25 12:20:00,375.9,375.9,375.9,375.9,75,0,9600.0,CE
2017-09-25 12:24:00,374.05,374.05,374.05,374.05,75,0,9600.0,CE
2017-09-25 12:26:00,375.65,375.65,375.65,375.65,975,0,9600.0,CE
2017-09-25 12:27:00,375.05,375.05,375.05,375.05,1125,0,9600.0,CE
2017-09-25 12:29:00,372.95,372.95,372.95,372.95,75,0,9600.0,CE
2017-09-25 12:41:00,364.0,364.0,364.0,364.0,900,0,9600.0,CE
2017-09-25 12:46:00,355.0,355.0,354.95,355.0,225,0,9600.0,CE
2017-09-25 12:55:00,359.0,359.0,359.0,359.0,900,0,9600.0,CE
2017-09-25 12:59:00,354.3,354.3,354.3,354.3,75,0,9600.0,CE
2017-09-25 13:01:00,355.0,355.0,355.0,355.0,75,0,9600.0,CE
2017-09-25 13:02:00,352.0,352.0,352.0,352.0,900,0,9600.0,CE
2017-09-25 13:06:00,352.55,352.55,352.55,352.55,75,0,9600.0,CE
2017-09-25 13:09:00,355.7,355.7,355.7,355.7,150,0,9600.0,CE
2017-09-25 13:12:00,355.7,355.7,355.7,355.7,75,0,9600.0,CE
2017-09-25 13:21:00,353.65,353.65,353.65,353.65,750,0,9600.0,CE
2017-09-25 13:25:00,354.55,354.55,354.55,354.55,225,0,9600.0,CE
2017-09-25 13:32:00,348.65,350.15,345.4,346.45,600,0,9600.0,CE
2017-09-25 13:34:00,348.0,348.0,346.8,346.8,150,0,9600.0,CE
2017-09-25 13:35:00,348.55,348.55,348.55,348.55,75,0,9600.0,CE
2017-09-25 13:40:00,345.95,345.95,345.95,345.95,75,0,9600.0,CE
2017-09-25 13:41:00,342.0,342.0,340.0,340.0,450,0,9600.0,CE
2017-09-25 13:45:00,339.0,339.0,339.0,339.0,675,0,9600.0,CE
2017-09-25 13:46:00,341.05,341.05,341.05,341.05,75,0,9600.0,CE
2017-09-25 13:47:00,338.95,338.95,338.95,338.95,75,0,9600.0,CE
2017-09-25 13:48:00,338.6,338.6,337.55,337.55,300,0,9600.0,CE
2017-09-25 13:49:00,337.0,337.0,337.0,337.0,225,0,9600.0,CE
2017-09-25 13:50:00,335.9,335.9,335.9,335.9,75,0,9600.0,CE
2017-09-25 13:51:00,334.4,334.4,333.45,333.45,450,0,9600.0,CE
2017-09-25 13:52:00,334.35,334.35,333.0,333.0,600,0,9600.0,CE
2017-09-25 13:53:00,332.8,332.8,332.8,332.8,75,0,9600.0,CE
2017-09-25 13:55:00,338.2,339.05,338.2,339.05,1725,0,9600.0,CE
2017-09-25 13:58:00,337.9,337.9,337.9,337.9,1500,0,9600.0,CE
2017-09-25 14:00:00,338.6,338.6,338.6,338.6,150,0,9600.0,CE
2017-09-25 14:03:00,334.4,335.2,334.4,335.2,150,0,9600.0,CE
2017-09-25 14:04:00,331.8,333.6,331.8,333.6,375,0,9600.0,CE
2017-09-25 14:05:00,333.1,333.2,333.1,333.2,150,0,9600.0,CE
2017-09-25 14:06:00,328.95,328.95,328.95,328.95,75,0,9600.0,CE
2017-09-25 14:07:00,332.85,332.85,332.85,332.85,3000,0,9600.0,CE
2017-09-25 14:08:00,338.55,338.55,338.55,338.55,75,0,9600.0,CE
2017-09-25 14:09:00,339.7,339.7,339.7,339.7,600,0,9600.0,CE
2017-09-25 14:10:00,344.0,344.0,344.0,344.0,300,0,9600.0,CE
2017-09-25 14:14:00,345.5,345.5,345.5,345.5,75,0,9600.0,CE
2017-09-25 14:15:00,348.7,348.7,348.7,348.7,75,0,9600.0,CE
2017-09-25 14:17:00,348.45,348.45,348.45,348.45,75,0,9600.0,CE
2017-09-25 14:20:00,342.95,342.95,342.95,342.95,75,0,9600.0,CE
2017-09-25 14:21:00,343.0,343.0,343.0,343.0,75,0,9600.0,CE
2017-09-25 14:24:00,345.85,345.85,345.85,345.85,900,0,9600.0,CE
2017-09-25 14:28:00,354.0,354.0,354.0,354.0,3750,0,9600.0,CE
2017-09-25 14:34:00,362.9,362.9,362.9,362.9,300,0,9600.0,CE
2017-09-25 14:35:00,365.3,365.3,365.3,365.3,75,0,9600.0,CE
2017-09-25 14:36:00,362.0,362.0,362.0,362.0,2025,0,9600.0,CE
2017-09-25 14:37:00,362.0,362.0,362.0,362.0,1275,0,9600.0,CE
2017-09-25 14:39:00,358.1,358.1,358.1,358.1,75,0,9600.0,CE
2017-09-25 14:46:00,361.95,361.95,361.95,361.95,75,0,9600.0,CE
2017-09-25 14:47:00,365.95,365.95,365.95,365.95,150,0,9600.0,CE
2017-09-25 14:51:00,363.0,364.4,363.0,364.4,975,0,9600.0,CE
2017-09-25 14:53:00,365.1,366.3,365.1,366.3,300,0,9600.0,CE
2017-09-25 14:58:00,355.0,355.0,355.0,355.0,900,0,9600.0,CE
2017-09-25 15:00:00,351.65,351.65,351.65,351.65,75,0,9600.0,CE
2017-09-25 15:01:00,348.15,348.15,348.15,348.15,75,0,9600.0,CE
2017-09-25 15:02:00,350.55,352.65,350.55,351.85,525,0,9600.0,CE
2017-09-25 15:03:00,352.0,352.0,352.0,352.0,75,0,9600.0,CE
2017-09-25 15:05:00,352.0,355.0,352.0,355.0,450,0,9600.0,CE
2017-09-25 15:08:00,355.0,355.0,355.0,355.0,75,0,9600.0,CE
2017-09-25 15:09:00,349.9,349.9,349.9,349.9,150,0,9600.0,CE
2017-09-25 15:10:00,353.95,353.95,353.95,353.95,375,0,9600.0,CE
2017-09-25 15:11:00,356.5,356.5,356.5,356.5,450,0,9600.0,CE
2017-09-25 15:12:00,358.0,358.0,357.75,357.75,150,0,9600.0,CE
2017-09-25 15:14:00,358.0,358.9,358.0,358.9,450,0,9600.0,CE
2017-09-25 15:15:00,365.5,365.5,365.5,365.5,75,0,9600.0,CE
2017-09-25 15:17:00,361.1,361.1,361.1,361.1,75,0,9600.0,CE
2017-09-25 15:19:00,357.25,361.1,357.25,361.0,225,0,9600.0,CE
2017-09-25 15:22:00,360.95,360.95,360.95,360.95,75,0,9600.0,CE
2017-09-25 15:25:00,361.95,361.95,361.5,361.65,225,0,9600.0,CE
2017-09-25 15:26:00,362.0,362.0,362.0,362.0,75,0,9600.0,CE
2017-09-25 15:30:00,362.0,362.0,362.0,355.6,0,0,9600.0,CE
2017-09-26 09:18:00,366.0,366.0,366.0,366.0,225,0,9600.0,CE
2017-09-26 09:20:00,363.1,363.1,363.1,363.1,75,0,9600.0,CE
2017-09-26 09:21:00,358.45,362.8,356.65,360.75,1650,0,9600.0,CE
2017-09-26 09:22:00,358.0,358.0,355.7,357.9,1425,0,9600.0,CE
2017-09-26 09:23:00,366.25,366.25,356.15,356.15,525,0,9600.0,CE
2017-09-26 09:24:00,356.85,356.85,353.3,353.3,450,0,9600.0,CE
2017-09-26 09:25:00,351.05,351.05,348.75,349.0,525,0,9600.0,CE
2017-09-26 09:26:00,348.2,351.7,348.2,351.7,450,0,9600.0,CE
2017-09-26 09:27:00,350.0,350.0,350.0,350.0,75,0,9600.0,CE
2017-09-26 09:28:00,349.95,353.55,348.25,353.55,300,0,9600.0,CE
2017-09-26 09:29:00,352.55,353.0,352.55,353.0,600,0,9600.0,CE
2017-09-26 09:30:00,354.4,354.4,353.0,353.0,525,0,9600.0,CE
2017-09-26 09:32:00,349.8,350.5,349.8,350.5,375,0,9600.0,CE
2017-09-26 09:35:00,347.55,347.55,347.5,347.55,150,0,9600.0,CE
2017-09-26 09:36:00,347.0,347.0,347.0,347.0,75,0,9600.0,CE
2017-09-26 09:37:00,347.2,347.2,347.2,347.2,75,0,9600.0,CE
2017-09-26 09:38:00,351.25,351.25,350.3,350.3,150,0,9600.0,CE
2017-09-26 09:42:00,349.5,349.5,349.5,349.5,75,0,9600.0,CE
2017-09-26 09:43:00,350.8,350.8,350.8,350.8,75,0,9600.0,CE
2017-09-26 09:44:00,351.35,351.35,351.05,351.05,150,0,9600.0,CE
2017-09-26 09:47:00,352.25,352.25,352.25,352.25,75,0,9600.0,CE
2017-09-26 09:48:00,355.3,355.3,353.25,354.25,225,0,9600.0,CE
2017-09-26 09:49:00,357.3,360.1,357.3,360.1,3450,0,9600.0,CE
2017-09-26 09:50:00,358.3,358.3,358.3,358.3,75,0,9600.0,CE
2017-09-26 09:51:00,353.3,353.3,353.3,353.3,75,0,9600.0,CE
2017-09-26 09:55:00,351.8,352.7,351.8,352.7,300,0,9600.0,CE
2017-09-26 09:56:00,355.6,355.6,355.6,355.6,150,0,9600.0,CE
2017-09-26 09:57:00,354.35,354.35,354.35,354.35,150,0,9600.0,CE
2017-09-26 09:59:00,355.0,355.0,355.0,355.0,75,0,9600.0,CE
2017-09-26 10:00:00,357.3,357.3,356.65,356.85,300,0,9600.0,CE
2017-09-26 10:01:00,358.6,358.6,356.75,356.75,600,0,9600.0,CE
2017-09-26 10:02:00,357.8,359.45,357.8,358.65,900,0,9600.0,CE
2017-09-26 10:03:00,358.2,359.3,358.2,358.5,750,0,9600.0,CE
2017-09-26 10:04:00,356.2,356.55,355.7,355.7,375,0,9600.0,CE
2017-09-26 10:05:00,356.7,356.7,356.15,356.15,225,0,9600.0,CE
2017-09-26 10:06:00,351.75,351.75,351.75,351.75,75,0,9600.0,CE
2017-09-26 10:08:00,350.2,350.2,349.15,349.65,375,0,9600.0,CE
2017-09-26 10:09:00,345.05,347.45,345.05,346.95,675,0,9600.0,CE
2017-09-26 10:10:00,346.0,346.0,346.0,346.0,75,0,9600.0,CE
2017-09-26 10:11:00,340.4,341.65,340.05,340.35,300,0,9600.0,CE
2017-09-26 10:12:00,338.25,339.45,338.25,339.45,225,0,9600.0,CE
2017-09-26 10:14:00,330.75,330.75,330.75,330.75,75,0,9600.0,CE
2017-09-26 10:16:00,331.0,331.0,331.0,331.0,150,0,9600.0,CE
2017-09-26 10:18:00,339.0,339.0,339.0,339.0,300,0,9600.0,CE
2017-09-26 10:19:00,334.95,338.6,334.95,338.6,375,0,9600.0,CE
2017-09-26 10:20:00,336.15,336.15,336.15,336.15,75,0,9600.0,CE
2017-09-26 10:21:00,337.0,341.15,337.0,341.15,450,0,9600.0,CE
2017-09-26 10:22:00,336.3,336.3,336.3,336.3,75,0,9600.0,CE
2017-09-26 10:23:00,337.5,337.5,337.5,337.5,75,0,9600.0,CE
2017-09-26 10:24:00,337.5,337.5,337.5,337.5,150,0,9600.0,CE
2017-09-26 10:25:00,335.95,335.95,334.8,335.75,600,0,9600.0,CE
2017-09-26 10:26:00,337.15,337.15,337.15,337.15,900,0,9600.0,CE
2017-09-26 10:27:00,335.8,335.8,335.8,335.8,75,0,9600.0,CE
2017-09-26 10:28:00,336.8,337.65,335.85,335.85,1050,0,9600.0,CE
2017-09-26 10:29:00,335.9,337.95,335.9,337.6,1650,0,9600.0,CE
2017-09-26 10:30:00,336.7,336.7,336.7,336.7,150,0,9600.0,CE
2017-09-26 10:31:00,337.9,337.9,337.9,337.9,75,0,9600.0,CE
2017-09-26 10:32:00,338.45,338.45,335.85,335.85,150,0,9600.0,CE
2017-09-26 10:33:00,337.1,337.8,335.35,337.8,600,0,9600.0,CE
2017-09-26 10:34:00,338.5,338.5,338.5,338.5,75,0,9600.0,CE
2017-09-26 10:36:00,334.0,334.0,334.0,334.0,375,0,9600.0,CE
2017-09-26 10:39:00,332.15,332.15,332.15,332.15,75,0,9600.0,CE
2017-09-26 10:40:00,331.6,331.6,329.1,329.1,150,0,9600.0,CE
2017-09-26 10:41:00,329.85,330.3,329.85,330.3,300,0,9600.0,CE
2017-09-26 10:42:00,328.5,328.5,327.25,327.25,150,0,9600.0,CE
2017-09-26 10:43:00,327.8,328.2,326.6,328.2,900,0,9600.0,CE
2017-09-26 10:45:00,328.25,328.25,328.25,328.25,75,0,9600.0,CE
2017-09-26 10:47:00,324.25,324.25,324.25,324.25,75,0,9600.0,CE
2017-09-26 10:49:00,322.35,322.35,322.35,322.35,75,0,9600.0,CE
2017-09-26 10:50:00,323.55,324.15,323.55,324.15,225,0,9600.0,CE
2017-09-26 10:51:00,325.75,325.75,325.75,325.75,75,0,9600.0,CE
2017-09-26 10:52:00,326.05,326.05,326.05,326.05,75,0,9600.0,CE
2017-09-26 10:53:00,326.1,326.1,326.1,326.1,300,0,9600.0,CE
2017-09-26 10:54:00,324.05,324.05,324.05,324.05,75,0,9600.0,CE
2017-09-26 10:55:00,323.5,323.5,323.5,323.5,75,0,9600.0,CE
2017-09-26 10:57:00,323.0,323.0,323.0,323.0,225,0,9600.0,CE
2017-09-26 11:00:00,320.85,320.85,320.85,320.85,75,0,9600.0,CE
2017-09-26 11:01:00,316.1,316.1,316.1,316.1,75,0,9600.0,CE
2017-09-26 11:03:00,315.55,316.7,315.5,316.7,375,0,9600.0,CE
2017-09-26 11:04:00,317.15,317.15,317.0,317.15,450,0,9600.0,CE
2017-09-26 11:08:00,318.05,318.05,317.25,317.25,300,0,9600.0,CE
2017-09-26 11:09:00,317.8,317.8,317.8,317.8,75,0,9600.0,CE
2017-09-26 11:11:00,320.25,320.25,320.25,320.25,75,0,9600.0,CE
2017-09-26 11:12:00,320.8,322.0,320.8,322.0,150,0,9600.0,CE
2017-09-26 11:13:00,322.3,323.9,322.3,323.9,150,0,9600.0,CE
2017-09-26 11:14:00,322.2,322.2,319.95,319.95,150,0,9600.0,CE
2017-09-26 11:15:00,321.0,321.0,321.0,321.0,75,0,9600.0,CE
2017-09-26 11:16:00,319.95,324.05,319.95,324.05,225,0,9600.0,CE
2017-09-26 11:17:00,319.7,319.7,319.05,319.05,150,0,9600.0,CE
2017-09-26 11:19:00,321.45,321.45,320.8,320.8,450,0,9600.0,CE
2017-09-26 11:21:00,320.25,320.25,320.25,320.25,75,0,9600.0,CE
2017-09-26 11:22:00,321.7,323.0,321.7,323.0,150,0,9600.0,CE
2017-09-26 11:23:00,323.25,323.25,323.25,323.25,150,0,9600.0,CE
2017-09-26 11:24:00,323.5,323.5,323.5,323.5,75,0,9600.0,CE
2017-09-26 11:26:00,323.1,323.1,323.1,323.1,150,0,9600.0,CE
2017-09-26 11:29:00,322.45,322.75,322.45,322.75,4050,0,9600.0,CE
2017-09-26 11:31:00,319.4,319.4,319.4,319.4,600,0,9600.0,CE
2017-09-26 11:32:00,318.5,318.5,318.5,318.5,75,0,9600.0,CE
2017-09-26 11:33:00,317.4,317.4,317.4,317.4,150,0,9600.0,CE
2017-09-26 11:35:00,318.2,318.2,318.2,318.2,75,0,9600.0,CE
2017-09-26 11:37:00,319.05,321.4,319.05,321.4,900,0,9600.0,CE
2017-09-26 11:39:00,319.1,319.1,319.1,319.1,75,0,9600.0,CE
2017-09-26 11:45:00,316.45,316.45,316.4,316.4,300,0,9600.0,CE
2017-09-26 11:46:00,316.7,316.7,316.7,316.7,75,0,9600.0,CE
2017-09-26 11:49:00,317.45,317.45,317.45,317.45,300,0,9600.0,CE
2017-09-26 11:51:00,318.35,318.35,318.35,318.35,75,0,9600.0,CE
2017-09-26 11:52:00,320.4,322.0,320.4,322.0,525,0,9600.0,CE
2017-09-26 11:53:00,323.4,323.4,323.4,323.4,150,0,9600.0,CE
2017-09-26 11:54:00,325.0,326.05,325.0,326.05,450,0,9600.0,CE
2017-09-26 12:01:00,325.95,325.95,325.95,325.95,300,0,9600.0,CE
2017-09-26 12:02:00,326.95,328.95,326.95,328.95,375,0,9600.0,CE
2017-09-26 12:03:00,332.0,332.0,332.0,332.0,525,0,9600.0,CE
2017-09-26 12:04:00,331.3,331.3,331.3,331.3,75,0,9600.0,CE
2017-09-26 12:05:00,336.1,336.1,336.1,336.1,225,0,9600.0,CE
2017-09-26 12:06:00,333.9,335.05,333.9,335.05,150,0,9600.0,CE
2017-09-26 12:07:00,335.55,336.2,335.55,336.2,150,0,9600.0,CE
2017-09-26 12:08:00,335.85,335.85,335.85,335.85,75,0,9600.0,CE
2017-09-26 12:09:00,334.05,334.05,334.05,334.05,75,0,9600.0,CE
2017-09-26 12:10:00,335.45,336.5,335.45,336.5,150,0,9600.0,CE
2017-09-26 12:11:00,340.0,340.0,340.0,340.0,75,0,9600.0,CE
2017-09-26 12:13:00,341.2,341.2,341.2,341.2,75,0,9600.0,CE
2017-09-26 12:14:00,340.5,340.5,339.95,339.95,375,0,9600.0,CE
2017-09-26 12:15:00,337.25,337.25,337.25,337.25,75,0,9600.0,CE
2017-09-26 12:16:00,338.45,338.45,338.45,338.45,150,0,9600.0,CE
2017-09-26 12:17:00,336.85,336.85,336.85,336.85,75,0,9600.0,CE
2017-09-26 12:20:00,339.0,339.0,339.0,339.0,225,0,9600.0,CE
2017-09-26 12:21:00,339.0,339.0,339.0,339.0,75,0,9600.0,CE
2017-09-26 12:22:00,340.5,340.5,340.5,340.5,2700,0,9600.0,CE
2017-09-26 12:25:00,335.55,335.55,335.5,335.5,2175,0,9600.0,CE
2017-09-26 12:26:00,333.55,333.55,333.55,333.55,75,0,9600.0,CE
2017-09-26 12:31:00,338.05,338.05,338.05,338.05,375,0,9600.0,CE
2017-09-26 12:33:00,336.95,337.05,335.2,337.05,750,0,9600.0,CE
2017-09-26 12:35:00,335.85,335.85,331.8,331.9,300,0,9600.0,CE
2017-09-26 12:37:00,331.5,332.55,331.5,332.55,225,0,9600.0,CE
2017-09-26 12:38:00,332.45,332.45,332.45,332.45,75,0,9600.0,CE
2017-09-26 12:39:00,334.55,334.55,329.7,334.35,375,0,9600.0,CE
2017-09-26 12:41:00,331.85,332.75,331.85,332.75,150,0,9600.0,CE
2017-09-26 12:43:00,333.4,336.3,333.4,336.3,1200,0,9600.0,CE
2017-09-26 12:46:00,337.1,337.1,337.1,337.1,75,0,9600.0,CE
2017-09-26 12:49:00,339.6,339.6,339.6,339.6,375,0,9600.0,CE
2017-09-26 12:50:00,339.55,339.55,336.95,336.95,675,0,9600.0,CE
2017-09-26 12:51:00,343.15,343.15,343.15,343.15,225,0,9600.0,CE
2017-09-26 12:52:00,338.5,338.75,338.5,338.75,375,0,9600.0,CE
2017-09-26 12:55:00,344.8,344.8,344.8,344.8,75,0,9600.0,CE
2017-09-26 12:57:00,343.0,343.0,342.45,342.45,300,0,9600.0,CE
2017-09-26 12:59:00,341.0,341.0,341.0,341.0,525,0,9600.0,CE
2017-09-26 13:01:00,342.4,342.7,342.4,342.7,150,0,9600.0,CE
2017-09-26 13:02:00,342.4,342.4,342.4,342.4,75,0,9600.0,CE
2017-09-26 13:03:00,338.85,338.85,338.85,338.85,75,0,9600.0,CE
2017-09-26 13:04:00,338.75,338.75,338.75,338.75,150,0,9600.0,CE
2017-09-26 13:08:00,338.05,338.05,338.05,338.05,75,0,9600.0,CE
2017-09-26 13:09:00,337.55,337.55,337.55,337.55,225,0,9600.0,CE
2017-09-26 13:10:00,340.95,340.95,340.95,340.95,300,0,9600.0,CE
2017-09-26 13:17:00,338.0,338.0,337.0,337.0,4275,0,9600.0,CE
2017-09-26 13:22:00,338.0,338.0,338.0,338.0,2250,0,9600.0,CE
2017-09-26 13:23:00,340.0,344.0,340.0,344.0,600,0,9600.0,CE
2017-09-26 13:24:00,342.05,342.05,342.0,342.0,2175,0,9600.0,CE
2017-09-26 13:26:00,343.3,343.3,343.3,343.3,150,0,9600.0,CE
2017-09-26 13:27:00,349.8,349.8,349.8,349.8,150,0,9600.0,CE
2017-09-26 13:28:00,346.9,346.9,343.25,343.25,825,0,9600.0,CE
2017-09-26 13:29:00,346.65,351.9,346.65,351.9,600,0,9600.0,CE
2017-09-26 13:30:00,348.0,350.0,348.0,350.0,3300,0,9600.0,CE
2017-09-26 13:31:00,352.0,352.0,350.5,350.5,225,0,9600.0,CE
2017-09-26 13:32:00,355.0,355.8,355.0,355.8,150,0,9600.0,CE
2017-09-26 13:33:00,356.0,356.0,356.0,356.0,3075,0,9600.0,CE
2017-09-26 13:36:00,355.0,358.35,355.0,358.0,3375,0,9600.0,CE
2017-09-26 13:38:00,351.0,351.0,351.0,351.0,150,0,9600.0,CE
2017-09-26 13:41:00,350.95,350.95,350.95,350.95,75,0,9600.0,CE
2017-09-26 13:43:00,349.9,349.9,349.9,349.9,150,0,9600.0,CE
2017-09-26 13:44:00,352.45,352.45,352.45,352.45,150,0,9600.0,CE
2017-09-26 13:46:00,347.0,347.0,346.6,346.6,1275,0,9600.0,CE
2017-09-26 13:49:00,351.0,351.0,351.0,351.0,300,0,9600.0,CE
2017-09-26 13:51:00,350.6,350.6,350.55,350.55,150,0,9600.0,CE
2017-09-26 13:58:00,357.7,357.7,357.7,357.7,150,0,9600.0,CE
2017-09-26 13:59:00,356.75,356.75,356.75,356.75,525,0,9600.0,CE
2017-09-26 14:00:00,355.0,355.0,354.0,354.0,450,0,9600.0,CE
2017-09-26 14:02:00,352.2,352.2,352.2,352.2,75,0,9600.0,CE
2017-09-26 14:04:00,356.8,356.8,356.8,356.8,75,0,9600.0,CE
2017-09-26 14:05:00,354.0,354.0,354.0,354.0,75,0,9600.0,CE
2017-09-26 14:06:00,354.4,354.4,354.4,354.4,75,0,9600.0,CE
2017-09-26 14:08:00,356.0,357.95,356.0,357.95,300,0,9600.0,CE
2017-09-26 14:09:00,359.75,361.75,359.75,361.45,600,0,9600.0,CE
2017-09-26 14:10:00,362.5,362.5,358.1,358.1,375,0,9600.0,CE
2017-09-26 14:11:00,358.3,358.3,358.3,358.3,75,0,9600.0,CE
2017-09-26 14:22:00,366.0,366.0,366.0,366.0,300,0,9600.0,CE
2017-09-26 14:23:00,365.55,365.55,365.55,365.55,75,0,9600.0,CE
2017-09-26 14:25:00,367.7,367.7,367.7,367.7,75,0,9600.0,CE
2017-09-26 14:26:00,370.0,370.0,370.0,370.0,150,0,9600.0,CE
2017-09-26 14:27:00,371.7,371.7,371.7,371.7,75,0,9600.0,CE
2017-09-26 14:28:00,373.0,373.0,371.35,371.35,675,0,9600.0,CE
2017-09-26 14:31:00,368.1,368.1,366.45,366.45,975,0,9600.0,CE
2017-09-26 14:32:00,363.1,363.1,361.15,361.15,150,0,9600.0,CE
2017-09-26 14:33:00,360.75,360.75,360.75,360.75,75,0,9600.0,CE
2017-09-26 14:40:00,352.0,352.0,352.0,352.0,300,0,9600.0,CE
2017-09-26 14:41:00,355.05,355.05,355.05,355.05,75,0,9600.0,CE
2017-09-26 14:42:00,353.65,353.65,353.65,353.65,75,0,9600.0,CE
2017-09-26 14:46:00,355.0,355.0,355.0,355.0,150,0,9600.0,CE
2017-09-26 14:47:00,356.6,356.6,356.6,356.6,75,0,9600.0,CE
2017-09-26 14:48:00,358.2,358.2,358.2,358.2,150,0,9600.0,CE
2017-09-26 14:50:00,360.6,360.6,360.6,360.6,75,0,9600.0,CE
2017-09-26 14:51:00,362.35,362.35,362.35,362.35,75,0,9600.0,CE
2017-09-26 14:52:00,361.8,361.8,361.8,361.8,75,0,9600.0,CE
2017-09-26 14:54:00,359.0,359.0,359.0,359.0,75,0,9600.0,CE
2017-09-26 14:56:00,359.75,360.05,359.25,359.25,300,0,9600.0,CE
2017-09-26 14:59:00,353.0,358.6,353.0,358.6,150,0,9600.0,CE
2017-09-26 15:01:00,351.15,354.95,351.15,354.95,150,0,9600.0,CE
2017-09-26 15:02:00,352.8,352.8,352.8,352.8,75,0,9600.0,CE
2017-09-26 15:04:00,355.0,355.0,355.0,355.0,375,0,9600.0,CE
2017-09-26 15:07:00,350.0,350.0,350.0,350.0,6000,0,9600.0,CE
2017-09-26 15:09:00,352.0,352.0,352.0,352.0,4575,0,9600.0,CE
2017-09-26 15:10:00,351.7,351.7,351.7,351.7,75,0,9600.0,CE
2017-09-26 15:11:00,354.95,354.95,354.95,354.95,225,0,9600.0,CE
2017-09-26 15:14:00,345.2,345.2,343.1,343.1,150,0,9600.0,CE
2017-09-26 15:16:00,341.9,345.5,341.9,345.5,825,0,9600.0,CE
2017-09-26 15:18:00,345.9,345.9,345.9,345.9,600,0,9600.0,CE
2017-09-26 15:19:00,341.0,341.0,341.0,341.0,750,0,9600.0,CE
2017-09-26 15:20:00,341.0,341.0,341.0,341.0,1500,0,9600.0,CE
2017-09-26 15:21:00,340.9,341.3,340.9,341.3,1800,0,9600.0,CE
2017-09-26 15:22:00,341.35,341.95,339.95,339.95,1050,0,9600.0,CE
2017-09-26 15:23:00,337.7,337.7,337.7,337.7,75,0,9600.0,CE
2017-09-26 15:24:00,337.75,337.75,337.75,337.75,75,0,9600.0,CE
2017-09-26 15:25:00,334.9,336.3,334.9,335.5,4050,0,9600.0,CE
2017-09-26 15:26:00,331.9,331.9,331.15,331.3,1725,0,9600.0,CE
2017-09-26 15:27:00,328.7,330.0,328.7,330.0,2175,0,9600.0,CE
2017-09-26 15:28:00,332.0,332.0,331.75,331.75,525,0,9600.0,CE
2017-09-26 15:29:00,334.05,335.3,334.05,335.3,1125,0,9600.0,CE
2017-09-26 15:30:00,334.05,341.6,334.05,341.6,0,0,9600.0,CE
2017-09-27 09:16:00,353.7,353.7,353.7,353.7,75,0,9600.0,CE
2017-09-27 09:18:00,354.3,354.3,353.65,353.65,150,0,9600.0,CE
2017-09-27 09:21:00,363.0,363.0,363.0,363.0,150,0,9600.0,CE
2017-09-27 09:25:00,365.0,365.0,365.0,365.0,375,0,9600.0,CE
2017-09-27 09:26:00,363.0,363.0,362.85,362.85,300,0,9600.0,CE
2017-09-27 09:27:00,358.7,358.7,358.7,358.7,75,0,9600.0,CE
2017-09-27 09:29:00,356.65,356.65,356.65,356.65,150,0,9600.0,CE
2017-09-27 09:30:00,355.7,356.55,355.7,356.55,1725,0,9600.0,CE
2017-09-27 09:31:00,354.0,354.0,349.7,350.0,1575,0,9600.0,CE
2017-09-27 09:32:00,353.0,354.1,350.7,351.8,3225,0,9600.0,CE
2017-09-27 09:33:00,354.55,354.55,349.9,349.9,3225,0,9600.0,CE
2017-09-27 09:34:00,349.9,349.9,345.0,347.8,1425,0,9600.0,CE
2017-09-27 09:35:00,349.7,354.25,349.7,354.15,1950,0,9600.0,CE
2017-09-27 09:36:00,353.35,354.0,352.35,352.35,1575,0,9600.0,CE
2017-09-27 09:37:00,350.95,352.15,349.8,352.15,450,0,9600.0,CE
2017-09-27 09:39:00,345.6,345.6,345.6,345.6,75,0,9600.0,CE
2017-09-27 09:40:00,348.65,348.65,348.4,348.4,375,0,9600.0,CE
2017-09-27 09:41:00,345.0,345.0,343.0,344.0,300,0,9600.0,CE
2017-09-27 09:42:00,345.75,348.3,345.15,348.3,300,0,9600.0,CE
2017-09-27 09:43:00,345.4,346.0,345.4,346.0,450,0,9600.0,CE
2017-09-27 09:45:00,346.8,346.8,346.8,346.8,75,0,9600.0,CE
2017-09-27 09:46:00,347.0,347.0,347.0,347.0,75,0,9600.0,CE
2017-09-27 09:49:00,347.4,347.4,347.4,347.4,75,0,9600.0,CE
2017-09-27 09:54:00,342.0,342.0,342.0,342.0,300,0,9600.0,CE
2017-09-27 09:55:00,347.55,347.55,347.15,347.15,225,0,9600.0,CE
2017-09-27 09:58:00,349.0,349.0,349.0,349.0,150,0,9600.0,CE
2017-09-27 09:59:00,350.55,350.55,350.55,350.55,75,0,9600.0,CE
2017-09-27 10:01:00,348.9,348.9,348.9,348.9,75,0,9600.0,CE
2017-09-27 10:06:00,347.9,347.9,347.9,347.9,1350,0,9600.0,CE
2017-09-27 10:07:00,348.75,348.75,348.75,348.75,225,0,9600.0,CE
2017-09-27 10:08:00,346.8,346.8,346.8,346.8,75,0,9600.0,CE
2017-09-27 10:10:00,340.0,340.0,340.0,340.0,225,0,9600.0,CE
2017-09-27 10:13:00,330.2,330.2,330.0,330.0,150,0,9600.0,CE
2017-09-27 10:14:00,330.05,330.25,330.05,330.25,225,0,9600.0,CE
2017-09-27 10:15:00,332.4,332.4,332.4,332.4,75,0,9600.0,CE
2017-09-27 10:16:00,326.5,330.25,326.5,330.25,675,0,9600.0,CE
2017-09-27 10:18:00,331.0,331.0,331.0,331.0,75,0,9600.0,CE
2017-09-27 10:19:00,329.35,333.05,329.35,333.05,300,0,9600.0,CE
2017-09-27 10:20:00,334.2,334.2,334.2,334.2,75,0,9600.0,CE
2017-09-27 10:22:00,330.7,332.0,330.7,331.75,300,0,9600.0,CE
2017-09-27 10:23:00,329.8,329.8,329.8,329.8,150,0,9600.0,CE
2017-09-27 10:29:00,325.55,325.55,317.3,317.3,375,0,9600.0,CE
2017-09-27 10:30:00,322.15,322.15,317.05,317.05,225,0,9600.0,CE
2017-09-27 10:31:00,317.55,317.6,317.55,317.6,1500,0,9600.0,CE
2017-09-27 10:32:00,314.0,314.0,314.0,314.0,300,0,9600.0,CE
2017-09-27 10:33:00,313.8,317.25,313.8,317.25,150,0,9600.0,CE
2017-09-27 10:34:00,321.8,322.5,319.8,319.8,375,0,9600.0,CE
2017-09-27 10:35:00,319.05,319.05,319.05,319.05,75,0,9600.0,CE
2017-09-27 10:36:00,318.65,319.65,318.65,319.65,450,0,9600.0,CE
2017-09-27 10:42:00,303.75,303.75,303.75,303.75,300,0,9600.0,CE
2017-09-27 10:43:00,307.05,309.85,307.05,309.85,150,0,9600.0,CE
2017-09-27 10:44:00,313.45,313.45,313.45,313.45,75,0,9600.0,CE
2017-09-27 10:45:00,315.0,315.0,315.0,315.0,150,0,9600.0,CE
2017-09-27 10:46:00,315.0,318.15,315.0,318.15,525,0,9600.0,CE
2017-09-27 10:50:00,317.1,317.1,317.1,317.1,75,0,9600.0,CE
2017-09-27 10:51:00,315.9,315.9,315.9,315.9,75,0,9600.0,CE
2017-09-27 10:53:00,316.9,316.9,316.9,316.9,75,0,9600.0,CE
2017-09-27 10:54:00,317.05,317.05,315.55,315.55,300,0,9600.0,CE
2017-09-27 10:55:00,316.15,316.15,316.15,316.15,75,0,9600.0,CE
2017-09-27 10:56:00,312.3,312.3,312.3,312.3,75,0,9600.0,CE
2017-09-27 10:57:00,312.55,312.55,312.55,312.55,75,0,9600.0,CE
2017-09-27 10:58:00,308.15,308.15,306.55,306.55,450,0,9600.0,CE
2017-09-27 11:00:00,307.75,307.75,307.75,307.75,75,0,9600.0,CE
2017-09-27 11:01:00,313.5,313.5,313.5,313.5,150,0,9600.0,CE
2017-09-27 11:03:00,314.65,314.65,314.65,314.65,225,0,9600.0,CE
2017-09-27 11:05:00,316.15,316.15,315.7,315.85,300,0,9600.0,CE
2017-09-27 11:11:00,317.05,317.05,317.05,317.05,75,0,9600.0,CE
2017-09-27 11:14:00,321.0,321.0,321.0,321.0,900,0,9600.0,CE
2017-09-27 11:15:00,322.15,322.15,320.45,320.45,225,0,9600.0,CE
2017-09-27 11:16:00,322.55,322.55,320.95,320.95,150,0,9600.0,CE
2017-09-27 11:17:00,325.55,325.65,324.25,324.95,300,0,9600.0,CE
2017-09-27 11:18:00,325.95,325.95,323.65,323.65,300,0,9600.0,CE
2017-09-27 11:20:00,325.85,325.9,325.85,325.9,225,0,9600.0,CE
2017-09-27 11:21:00,325.55,325.55,324.1,324.75,375,0,9600.0,CE
2017-09-27 11:22:00,324.6,325.45,324.6,324.8,1725,0,9600.0,CE
2017-09-27 11:23:00,326.95,326.95,326.55,326.9,225,0,9600.0,CE
2017-09-27 11:25:00,324.25,325.1,324.25,325.1,450,0,9600.0,CE
2017-09-27 11:26:00,322.95,323.6,322.95,323.6,525,0,9600.0,CE
2017-09-27 11:27:00,323.95,323.95,323.95,323.95,75,0,9600.0,CE
2017-09-27 11:28:00,322.45,323.15,322.1,322.1,600,0,9600.0,CE
2017-09-27 11:29:00,322.1,322.45,320.8,320.8,1425,0,9600.0,CE
2017-09-27 11:30:00,321.5,321.5,315.3,315.3,1350,0,9600.0,CE
2017-09-27 11:31:00,317.65,318.15,315.95,317.0,1800,0,9600.0,CE
2017-09-27 11:32:00,316.5,318.25,316.3,317.5,1425,0,9600.0,CE
2017-09-27 11:33:00,317.6,318.8,316.85,316.85,1650,0,9600.0,CE
2017-09-27 11:34:00,316.4,316.4,313.7,313.7,375,0,9600.0,CE
2017-09-27 11:35:00,313.7,315.0,313.5,315.0,750,0,9600.0,CE
2017-09-27 11:36:00,315.4,315.8,315.35,315.8,975,0,9600.0,CE
2017-09-27 11:37:00,316.1,316.1,315.35,316.05,225,0,9600.0,CE
2017-09-27 11:38:00,316.3,316.3,316.3,316.3,150,0,9600.0,CE
2017-09-27 11:39:00,316.95,317.35,315.75,315.75,450,0,9600.0,CE
2017-09-27 11:40:00,315.05,315.05,315.0,315.0,675,0,9600.0,CE
2017-09-27 11:42:00,315.3,315.3,315.3,315.3,150,0,9600.0,CE
2017-09-27 11:43:00,315.05,315.05,315.05,315.05,75,0,9600.0,CE
2017-09-27 11:47:00,320.75,321.8,320.75,321.8,300,0,9600.0,CE
2017-09-27 11:48:00,322.85,322.85,322.85,322.85,300,0,9600.0,CE
2017-09-27 11:52:00,319.95,319.95,319.95,319.95,75,0,9600.0,CE
2017-09-27 11:57:00,315.9,315.9,315.9,315.9,75,0,9600.0,CE
2017-09-27 11:58:00,315.1,315.1,315.1,315.1,75,0,9600.0,CE
2017-09-27 12:01:00,313.0,313.0,313.0,313.0,75,0,9600.0,CE
2017-09-27 12:02:00,309.65,310.25,309.6,309.7,1500,0,9600.0,CE
2017-09-27 12:03:00,311.4,311.4,311.4,311.4,150,0,9600.0,CE
2017-09-27 12:04:00,312.0,312.0,312.0,312.0,75,0,9600.0,CE
2017-09-27 12:05:00,315.1,315.9,315.0,315.9,375,0,9600.0,CE
2017-09-27 12:08:00,319.4,319.4,319.3,319.3,150,0,9600.0,CE
2017-09-27 12:13:00,313.5,313.5,313.5,313.5,150,0,9600.0,CE
2017-09-27 12:15:00,312.7,313.15,312.35,312.35,525,0,9600.0,CE
2017-09-27 12:16:00,312.55,312.55,312.55,312.55,75,0,9600.0,CE
2017-09-27 12:17:00,313.8,314.55,313.8,313.85,1125,0,9600.0,CE
2017-09-27 12:18:00,313.6,313.6,313.6,313.6,150,0,9600.0,CE
2017-09-27 12:19:00,312.8,312.8,312.8,312.8,75,0,9600.0,CE
2017-09-27 12:22:00,306.0,306.0,305.4,305.4,375,0,9600.0,CE
2017-09-27 12:24:00,307.3,307.3,305.0,305.0,600,0,9600.0,CE
2017-09-27 12:26:00,300.0,300.0,296.0,299.8,450,0,9600.0,CE
2017-09-27 12:27:00,301.0,302.7,301.0,302.7,750,0,9600.0,CE
2017-09-27 12:28:00,302.95,304.0,302.95,304.0,150,0,9600.0,CE
2017-09-27 12:29:00,300.4,300.4,300.0,300.0,375,0,9600.0,CE
2017-09-27 12:31:00,297.0,299.5,295.6,295.6,1950,0,9600.0,CE
2017-09-27 12:32:00,295.8,298.55,295.8,298.55,600,0,9600.0,CE
2017-09-27 12:33:00,295.8,295.8,292.95,293.2,375,0,9600.0,CE
2017-09-27 12:34:00,292.15,292.65,288.35,290.45,900,0,9600.0,CE
2017-09-27 12:35:00,291.85,293.0,291.85,292.4,900,0,9600.0,CE
2017-09-27 12:36:00,291.1,293.45,291.1,292.75,1200,0,9600.0,CE
2017-09-27 12:37:00,293.0,293.75,293.0,293.75,150,0,9600.0,CE
2017-09-27 12:38:00,292.0,294.0,291.0,294.0,15075,0,9600.0,CE
2017-09-27 12:39:00,291.0,291.0,291.0,291.0,525,0,9600.0,CE
2017-09-27 12:41:00,288.55,289.5,288.55,289.5,525,0,9600.0,CE
2017-09-27 12:42:00,289.5,289.5,286.95,286.95,1950,0,9600.0,CE
2017-09-27 12:43:00,286.45,288.65,286.45,288.65,300,0,9600.0,CE
2017-09-27 12:44:00,288.65,291.1,288.65,291.1,5400,0,9600.0,CE
2017-09-27 12:45:00,291.65,292.0,291.65,292.0,1350,0,9600.0,CE
2017-09-27 12:46:00,294.05,294.05,294.05,294.05,225,0,9600.0,CE
2017-09-27 12:48:00,296.75,299.95,296.75,299.95,3375,0,9600.0,CE
2017-09-27 12:49:00,297.5,299.45,297.5,299.45,2325,0,9600.0,CE
2017-09-27 12:50:00,299.85,302.0,299.85,302.0,1575,0,9600.0,CE
2017-09-27 12:52:00,307.0,307.0,307.0,307.0,3000,0,9600.0,CE
2017-09-27 12:53:00,305.0,305.0,305.0,305.0,75,0,9600.0,CE
2017-09-27 12:54:00,301.4,301.4,301.4,301.4,75,0,9600.0,CE
2017-09-27 12:55:00,303.75,303.75,301.65,301.65,3150,0,9600.0,CE
2017-09-27 12:58:00,298.6,300.15,298.6,300.15,1275,0,9600.0,CE
2017-09-27 12:59:00,297.3,297.5,297.3,297.5,225,0,9600.0,CE
2017-09-27 13:00:00,298.4,299.0,298.4,299.0,750,0,9600.0,CE
2017-09-27 13:01:00,292.0,292.0,291.5,291.5,1725,0,9600.0,CE
2017-09-27 13:02:00,286.6,292.05,286.6,292.05,3450,0,9600.0,CE
2017-09-27 13:08:00,290.45,291.0,289.95,291.0,600,0,9600.0,CE
2017-09-27 13:09:00,291.1,291.1,291.1,291.1,150,0,9600.0,CE
2017-09-27 13:10:00,290.5,290.5,290.5,290.5,150,0,9600.0,CE
2017-09-27 13:11:00,289.95,291.5,287.3,291.5,1050,0,9600.0,CE
2017-09-27 13:12:00,291.3,292.75,291.3,292.75,825,0,9600.0,CE
2017-09-27 13:13:00,293.55,296.55,293.55,296.55,750,0,9600.0,CE
2017-09-27 13:14:00,296.55,299.65,296.55,299.65,825,0,9600.0,CE
2017-09-27 13:15:00,299.65,303.15,299.65,303.15,525,0,9600.0,CE
2017-09-27 13:17:00,300.65,302.0,300.65,302.0,150,0,9600.0,CE
2017-09-27 13:21:00,300.85,300.85,300.85,300.85,150,0,9600.0,CE
2017-09-27 13:23:00,302.9,302.9,301.9,301.9,150,0,9600.0,CE
2017-09-27 13:24:00,302.2,302.2,302.2,302.2,75,0,9600.0,CE
2017-09-27 13:25:00,301.6,301.6,298.95,300.65,300,0,9600.0,CE
2017-09-27 13:26:00,303.35,303.35,303.35,303.35,300,0,9600.0,CE
2017-09-27 13:27:00,304.35,304.35,304.35,304.35,75,0,9600.0,CE
2017-09-27 13:29:00,306.15,306.6,306.15,306.6,150,0,9600.0,CE
2017-09-27 13:32:00,303.6,303.6,301.3,301.3,150,0,9600.0,CE
2017-09-27 13:34:00,300.0,300.0,300.0,300.0,825,0,9600.0,CE
2017-09-27 13:38:00,298.35,298.35,298.35,298.35,75,0,9600.0,CE
2017-09-27 13:39:00,295.35,295.35,294.95,294.95,750,0,9600.0,CE
2017-09-27 13:45:00,293.85,293.85,293.85,293.85,300,0,9600.0,CE
2017-09-27 13:47:00,296.95,296.95,296.95,296.95,75,0,9600.0,CE
2017-09-27 13:49:00,298.0,300.4,298.0,300.4,975,0,9600.0,CE
2017-09-27 13:52:00,300.0,300.0,300.0,300.0,300,0,9600.0,CE
2017-09-27 13:57:00,296.95,297.0,296.95,297.0,675,0,9600.0,CE
2017-09-27 13:59:00,298.55,298.55,298.55,298.55,75,0,9600.0,CE
2017-09-27 14:01:00,300.05,300.05,300.05,300.05,75,0,9600.0,CE
2017-09-27 14:03:00,295.0,295.0,295.0,295.0,150,0,9600.0,CE
2017-09-27 14:04:00,294.0,294.0,292.6,292.6,150,0,9600.0,CE
2017-09-27 14:05:00,289.0,289.0,289.0,289.0,75,0,9600.0,CE
2017-09-27 14:06:00,287.95,288.45,287.95,288.45,225,0,9600.0,CE
2017-09-27 14:07:00,286.95,286.95,286.0,286.0,375,0,9600.0,CE
2017-09-27 14:08:00,284.95,285.55,284.95,285.55,150,0,9600.0,CE
2017-09-27 14:09:00,282.45,282.95,282.45,282.95,750,0,9600.0,CE
2017-09-27 14:10:00,280.9,283.0,280.05,283.0,600,0,9600.0,CE
2017-09-27 14:11:00,285.2,287.0,285.2,287.0,375,0,9600.0,CE
2017-09-27 14:12:00,284.5,284.5,284.5,284.5,75,0,9600.0,CE
2017-09-27 14:13:00,287.5,287.5,287.5,287.5,450,0,9600.0,CE
2017-09-27 14:14:00,284.95,284.95,284.95,284.95,150,0,9600.0,CE
2017-09-27 14:15:00,284.0,284.0,284.0,284.0,600,0,9600.0,CE
2017-09-27 14:17:00,287.5,288.45,287.5,288.45,225,0,9600.0,CE
2017-09-27 14:18:00,289.0,289.0,288.3,288.3,300,0,9600.0,CE
2017-09-27 14:20:00,283.5,283.5,281.0,281.0,300,0,9600.0,CE
2017-09-27 14:21:00,279.0,279.0,273.95,273.95,825,0,9600.0,CE
2017-09-27 14:22:00,271.25,274.0,270.0,272.95,1125,0,9600.0,CE
2017-09-27 14:23:00,273.05,273.05,271.0,272.55,1200,0,9600.0,CE
2017-09-27 14:24:00,267.0,267.0,260.5,260.5,675,0,9600.0,CE
2017-09-27 14:25:00,257.1,264.4,257.0,264.0,2475,0,9600.0,CE
2017-09-27 14:26:00,265.05,272.75,265.05,272.0,5175,0,9600.0,CE
2017-09-27 14:27:00,267.45,267.45,265.5,265.5,825,0,9600.0,CE
2017-09-27 14:28:00,271.65,275.0,271.65,275.0,600,0,9600.0,CE
2017-09-27 14:29:00,270.8,273.7,270.8,273.7,1050,0,9600.0,CE
2017-09-27 14:30:00,270.35,270.35,270.35,270.35,225,0,9600.0,CE
2017-09-27 14:31:00,266.4,266.4,265.5,265.5,750,0,9600.0,CE
2017-09-27 14:34:00,269.7,269.7,269.7,269.7,225,0,9600.0,CE
2017-09-27 14:35:00,265.05,265.05,262.1,262.1,300,0,9600.0,CE
2017-09-27 14:36:00,266.6,266.6,265.8,265.8,150,0,9600.0,CE
2017-09-27 14:37:00,266.6,266.6,264.05,264.05,750,0,9600.0,CE
2017-09-27 14:38:00,261.55,261.55,258.65,260.45,1125,0,9600.0,CE
2017-09-27 14:39:00,261.5,261.65,259.0,259.0,1650,0,9600.0,CE
2017-09-27 14:40:00,259.0,262.45,259.0,261.6,3225,0,9600.0,CE
2017-09-27 14:41:00,265.55,265.75,262.85,263.6,13125,0,9600.0,CE
2017-09-27 14:42:00,264.0,267.0,264.0,265.45,1350,0,9600.0,CE
2017-09-27 14:43:00,266.5,267.0,266.5,267.0,300,0,9600.0,CE
2017-09-27 14:44:00,265.05,265.05,265.05,265.05,75,0,9600.0,CE
2017-09-27 14:45:00,267.05,270.1,267.05,270.0,2325,0,9600.0,CE
2017-09-27 14:46:00,269.6,271.0,265.55,271.0,1275,0,9600.0,CE
2017-09-27 14:47:00,266.45,266.45,266.45,266.45,75,0,9600.0,CE
2017-09-27 14:48:00,265.5,265.5,263.5,264.5,375,0,9600.0,CE
2017-09-27 14:49:00,263.45,263.95,262.0,262.0,600,0,9600.0,CE
2017-09-27 14:50:00,261.0,261.05,259.95,259.95,1425,0,9600.0,CE
2017-09-27 14:51:00,258.95,258.95,252.5,253.95,6375,0,9600.0,CE
2017-09-27 14:52:00,254.0,255.45,253.15,255.45,1425,0,9600.0,CE
2017-09-27 14:53:00,255.05,258.5,254.0,254.0,2100,0,9600.0,CE
2017-09-27 14:54:00,252.0,256.9,252.0,252.5,2250,0,9600.0,CE
2017-09-27 14:55:00,254.15,254.15,254.05,254.05,525,0,9600.0,CE
2017-09-27 14:57:00,255.55,257.05,255.55,257.05,1350,0,9600.0,CE
2017-09-27 14:58:00,261.0,261.0,261.0,261.0,675,0,9600.0,CE
2017-09-27 14:59:00,259.95,259.95,256.35,258.0,2100,0,9600.0,CE
2017-09-27 15:00:00,258.0,260.35,256.05,260.35,4650,0,9600.0,CE
2017-09-27 15:01:00,261.75,262.65,261.75,262.65,1575,0,9600.0,CE
2017-09-27 15:02:00,261.05,261.05,261.05,261.05,300,0,9600.0,CE
2017-09-27 15:04:00,260.1,260.5,260.1,260.5,150,0,9600.0,CE
2017-09-27 15:05:00,258.3,258.3,258.3,258.3,75,0,9600.0,CE
2017-09-27 15:06:00,257.0,257.0,253.8,253.8,10725,0,9600.0,CE
2017-09-27 15:07:00,254.0,254.0,254.0,254.0,1950,0,9600.0,CE
2017-09-27 15:08:00,252.65,254.5,252.65,254.5,150,0,9600.0,CE
2017-09-27 15:09:00,252.8,254.45,252.8,253.55,450,0,9600.0,CE
2017-09-27 15:10:00,253.65,253.65,252.0,252.0,150,0,9600.0,CE
2017-09-27 15:11:00,252.0,252.0,250.0,251.6,17175,0,9600.0,CE
2017-09-27 15:12:00,249.9,249.9,247.15,247.15,675,0,9600.0,CE
2017-09-27 15:13:00,246.6,246.8,245.0,245.0,1050,0,9600.0,CE
2017-09-27 15:14:00,242.0,243.4,242.0,242.95,2025,0,9600.0,CE
2017-09-27 15:15:00,243.6,243.6,239.05,239.05,1725,0,9600.0,CE
2017-09-27 15:16:00,237.0,237.1,235.5,237.1,2700,0,9600.0,CE
2017-09-27 15:17:00,237.1,237.1,233.45,235.0,2625,0,9600.0,CE
2017-09-27 15:18:00,237.15,241.5,235.45,241.5,5850,0,9600.0,CE
2017-09-27 15:19:00,242.5,245.05,241.6,245.05,975,0,9600.0,CE
2017-09-27 15:20:00,246.45,248.65,246.45,248.65,750,0,9600.0,CE
2017-09-27 15:21:00,248.65,250.0,248.0,248.0,1500,0,9600.0,CE
2017-09-27 15:22:00,245.1,245.1,244.95,245.0,2175,0,9600.0,CE
2017-09-27 15:23:00,245.05,245.05,245.05,245.05,2025,0,9600.0,CE
2017-09-27 15:24:00,249.7,249.7,246.0,246.0,2175,0,9600.0,CE
2017-09-27 15:25:00,249.05,249.05,247.0,247.0,3450,0,9600.0,CE
2017-09-27 15:26:00,249.95,250.0,247.0,250.0,2625,0,9600.0,CE
2017-09-27 15:27:00,249.9,249.9,247.0,247.8,2475,0,9600.0,CE
2017-09-27 15:28:00,247.75,248.9,245.75,248.9,3600,0,9600.0,CE
2017-09-27 15:29:00,247.95,247.95,245.0,245.0,4725,0,9600.0,CE
2017-09-27 15:30:00,247.95,248.65,245.0,248.65,0,0,9600.0,CE
2017-09-28 09:15:00,231.65,231.7,223.9,224.95,7425,0,9600.0,CE
2017-09-28 09:16:00,225.8,231.5,225.8,230.3,7200,0,9600.0,CE
2017-09-28 09:17:00,228.4,229.8,227.0,228.5,3600,0,9600.0,CE
2017-09-28 09:18:00,228.35,234.7,226.65,234.7,13650,0,9600.0,CE
2017-09-28 09:19:00,234.25,238.8,234.0,237.8,12375,0,9600.0,CE
2017-09-28 09:20:00,237.5,240.0,235.4,238.7,6225,0,9600.0,CE
2017-09-28 09:21:00,237.95,237.95,234.9,235.75,2700,0,9600.0,CE
2017-09-28 09:22:00,235.35,240.2,235.35,239.1,4800,0,9600.0,CE
2017-09-28 09:23:00,239.25,239.95,234.5,234.5,3000,0,9600.0,CE
2017-09-28 09:24:00,234.5,235.35,230.0,231.5,3825,0,9600.0,CE
2017-09-28 09:25:00,231.0,231.0,226.85,228.95,1275,0,9600.0,CE
2017-09-28 09:26:00,226.5,227.95,222.55,222.55,2400,0,9600.0,CE
2017-09-28 09:27:00,222.3,223.0,219.65,219.9,2475,0,9600.0,CE
2017-09-28 09:28:00,220.0,223.3,219.1,223.3,4425,0,9600.0,CE
2017-09-28 09:29:00,223.8,225.5,223.0,225.1,2475,0,9600.0,CE
2017-09-28 09:30:00,224.25,224.4,221.85,222.0,1050,0,9600.0,CE
2017-09-28 09:31:00,221.9,223.05,221.85,222.85,2400,0,9600.0,CE
2017-09-28 09:32:00,224.0,224.0,216.4,216.5,2100,0,9600.0,CE
2017-09-28 09:33:00,217.0,219.8,216.0,216.0,8025,0,9600.0,CE
2017-09-28 09:34:00,215.0,215.7,212.95,215.05,17400,0,9600.0,CE
2017-09-28 09:35:00,214.95,219.45,214.95,218.85,7875,0,9600.0,CE
2017-09-28 09:36:00,218.7,218.7,216.5,217.0,2175,0,9600.0,CE
2017-09-28 09:37:00,216.9,217.0,215.85,216.0,23100,0,9600.0,CE
2017-09-28 09:38:00,216.95,217.5,212.45,212.45,10650,0,9600.0,CE
2017-09-28 09:39:00,213.7,216.2,213.7,215.4,9750,0,9600.0,CE
2017-09-28 09:40:00,215.75,216.1,213.4,215.95,5850,0,9600.0,CE
2017-09-28 09:41:00,215.7,216.3,214.8,216.3,10425,0,9600.0,CE
2017-09-28 09:42:00,216.3,218.5,216.3,217.3,14250,0,9600.0,CE
2017-09-28 09:43:00,217.0,220.0,216.9,219.85,10875,0,9600.0,CE
2017-09-28 09:44:00,220.0,223.7,220.0,223.7,5475,0,9600.0,CE
2017-09-28 09:45:00,223.35,226.0,223.25,225.95,1275,0,9600.0,CE
2017-09-28 09:46:00,227.0,227.85,224.95,226.8,8175,0,9600.0,CE
2017-09-28 09:47:00,226.85,227.9,226.7,226.75,1500,0,9600.0,CE
2017-09-28 09:48:00,226.9,233.0,226.9,232.5,9750,0,9600.0,CE
2017-09-28 09:49:00,231.9,236.65,230.75,236.45,3000,0,9600.0,CE
2017-09-28 09:50:00,236.7,237.3,232.0,232.0,6375,0,9600.0,CE
2017-09-28 09:51:00,233.5,233.5,229.15,230.95,3750,0,9600.0,CE
2017-09-28 09:52:00,234.75,234.75,230.7,232.0,2100,0,9600.0,CE
2017-09-28 09:53:00,231.95,235.1,231.85,234.5,21450,0,9600.0,CE
2017-09-28 09:54:00,236.2,239.45,236.2,239.0,3150,0,9600.0,CE
2017-09-28 09:55:00,240.0,242.45,239.7,242.45,2550,0,9600.0,CE
2017-09-28 09:56:00,244.7,245.45,240.0,240.0,2025,0,9600.0,CE
2017-09-28 09:57:00,239.2,240.3,237.15,240.2,1575,0,9600.0,CE
2017-09-28 09:58:00,239.45,240.25,238.1,238.1,4050,0,9600.0,CE
2017-09-28 09:59:00,237.0,240.25,234.45,234.45,2625,0,9600.0,CE
2017-09-28 10:00:00,233.35,236.45,233.35,233.4,1425,0,9600.0,CE
2017-09-28 10:01:00,232.55,238.5,232.2,237.0,2025,0,9600.0,CE
2017-09-28 10:02:00,238.05,238.05,233.6,234.45,1050,0,9600.0,CE
2017-09-28 10:03:00,235.0,236.45,234.05,236.0,6750,0,9600.0,CE
2017-09-28 10:04:00,236.2,238.05,236.2,236.55,1725,0,9600.0,CE
2017-09-28 10:05:00,238.9,241.5,238.9,241.5,2400,0,9600.0,CE
2017-09-28 10:06:00,241.5,241.5,238.7,239.65,2400,0,9600.0,CE
2017-09-28 10:07:00,239.55,243.45,239.55,243.45,1350,0,9600.0,CE
2017-09-28 10:08:00,243.75,246.0,243.75,245.0,675,0,9600.0,CE
2017-09-28 10:09:00,246.45,248.0,246.45,248.0,750,0,9600.0,CE
2017-09-28 10:10:00,248.1,248.9,245.35,246.25,1650,0,9600.0,CE
2017-09-28 10:11:00,245.2,247.75,242.35,247.75,1350,0,9600.0,CE
2017-09-28 10:12:00,246.25,246.25,246.25,246.25,150,0,9600.0,CE
2017-09-28 10:13:00,244.95,247.0,244.3,247.0,1275,0,9600.0,CE
2017-09-28 10:14:00,246.7,246.7,244.7,244.7,300,0,9600.0,CE
2017-09-28 10:15:00,244.2,245.35,244.15,244.45,1050,0,9600.0,CE
2017-09-28 10:16:00,241.85,242.9,241.0,242.9,1275,0,9600.0,CE
2017-09-28 10:17:00,243.65,244.25,241.35,244.25,975,0,9600.0,CE
2017-09-28 10:18:00,242.8,242.8,238.65,240.0,1125,0,9600.0,CE
2017-09-28 10:19:00,239.4,240.45,237.3,239.25,1500,0,9600.0,CE
2017-09-28 10:20:00,238.1,239.7,238.1,238.1,900,0,9600.0,CE
2017-09-28 10:21:00,236.1,236.7,235.6,235.6,450,0,9600.0,CE
2017-09-28 10:22:00,235.8,240.45,235.8,240.45,4275,0,9600.0,CE
2017-09-28 10:23:00,240.3,240.7,240.3,240.7,300,0,9600.0,CE
2017-09-28 10:24:00,241.2,243.0,241.2,241.6,4650,0,9600.0,CE
2017-09-28 10:25:00,241.5,241.5,239.6,239.6,600,0,9600.0,CE
2017-09-28 10:26:00,241.2,241.2,241.0,241.0,375,0,9600.0,CE
2017-09-28 10:27:00,243.0,243.0,243.0,243.0,75,0,9600.0,CE
2017-09-28 10:28:00,243.25,243.9,242.95,243.35,1125,0,9600.0,CE
2017-09-28 10:29:00,246.5,246.5,245.35,245.35,225,0,9600.0,CE
2017-09-28 10:30:00,243.85,244.35,243.0,244.35,825,0,9600.0,CE
2017-09-28 10:31:00,244.15,244.15,244.15,244.15,75,0,9600.0,CE
2017-09-28 10:32:00,245.8,245.8,243.5,243.5,8025,0,9600.0,CE
2017-09-28 10:33:00,243.55,243.55,243.55,243.55,75,0,9600.0,CE
2017-09-28 10:34:00,244.0,244.0,243.1,243.1,225,0,9600.0,CE
2017-09-28 10:35:00,240.5,241.95,240.15,240.15,450,0,9600.0,CE
2017-09-28 10:36:00,243.5,243.5,243.5,243.5,75,0,9600.0,CE
2017-09-28 10:37:00,241.5,241.5,241.5,241.5,150,0,9600.0,CE
2017-09-28 10:38:00,242.0,242.0,242.0,242.0,900,0,9600.0,CE
2017-09-28 10:39:00,243.0,243.0,243.0,243.0,150,0,9600.0,CE
2017-09-28 10:40:00,241.35,244.45,239.95,244.45,1725,0,9600.0,CE
2017-09-28 10:41:00,243.85,245.0,243.5,244.7,1050,0,9600.0,CE
2017-09-28 10:42:00,244.65,246.4,244.65,245.2,675,0,9600.0,CE
2017-09-28 10:43:00,245.45,245.45,244.65,244.65,600,0,9600.0,CE
2017-09-28 10:44:00,246.0,247.6,246.0,247.6,750,0,9600.0,CE
2017-09-28 10:45:00,249.0,250.95,249.0,250.95,1800,0,9600.0,CE
2017-09-28 10:46:00,251.0,251.0,250.95,251.0,2325,0,9600.0,CE
2017-09-28 10:47:00,250.95,254.5,250.7,254.0,1875,0,9600.0,CE
2017-09-28 10:48:00,254.25,255.55,254.25,255.15,300,0,9600.0,CE
2017-09-28 10:49:00,253.9,253.9,251.4,252.35,900,0,9600.0,CE
2017-09-28 10:50:00,252.1,252.1,252.1,252.1,525,0,9600.0,CE
2017-09-28 10:51:00,252.8,253.8,252.35,252.9,1650,0,9600.0,CE
2017-09-28 10:52:00,255.7,255.7,255.7,255.7,525,0,9600.0,CE
2017-09-28 10:53:00,253.95,253.95,251.55,251.55,600,0,9600.0,CE
2017-09-28 10:54:00,251.1,251.2,250.4,250.4,750,0,9600.0,CE
2017-09-28 10:55:00,249.2,251.45,249.2,251.45,375,0,9600.0,CE
2017-09-28 10:56:00,251.05,252.1,248.5,249.5,5775,0,9600.0,CE
2017-09-28 10:57:00,249.05,249.15,247.55,247.55,4125,0,9600.0,CE
2017-09-28 10:58:00,247.5,249.9,247.5,247.75,4200,0,9600.0,CE
2017-09-28 10:59:00,248.85,248.85,244.7,244.7,5475,0,9600.0,CE
2017-09-28 11:00:00,243.95,243.95,238.85,241.15,9750,0,9600.0,CE
2017-09-28 11:01:00,241.15,241.15,238.0,238.5,5775,0,9600.0,CE
2017-09-28 11:02:00,238.5,238.5,234.3,236.9,5400,0,9600.0,CE
2017-09-28 11:04:00,238.0,240.95,238.0,240.95,4575,0,9600.0,CE
2017-09-28 11:05:00,240.5,241.0,239.4,239.55,1125,0,9600.0,CE
2017-09-28 11:06:00,240.55,241.35,240.0,241.35,300,0,9600.0,CE
2017-09-28 11:07:00,240.6,242.0,240.5,242.0,1575,0,9600.0,CE
2017-09-28 11:08:00,242.5,242.5,240.95,240.95,1350,0,9600.0,CE
2017-09-28 11:09:00,242.0,242.35,241.55,241.55,1275,0,9600.0,CE
2017-09-28 11:10:00,241.5,243.3,241.5,243.2,1200,0,9600.0,CE
2017-09-28 11:13:00,242.3,243.0,242.3,243.0,825,0,9600.0,CE
2017-09-28 11:14:00,242.75,242.75,242.75,242.75,75,0,9600.0,CE
2017-09-28 11:15:00,241.45,241.45,240.4,241.35,1050,0,9600.0,CE
2017-09-28 11:16:00,241.5,241.85,241.0,241.85,3375,0,9600.0,CE
2017-09-28 11:17:00,240.0,240.0,236.0,237.3,2475,0,9600.0,CE
2017-09-28 11:18:00,238.0,240.85,238.0,239.5,1725,0,9600.0,CE
2017-09-28 11:19:00,236.05,239.85,236.05,239.85,525,0,9600.0,CE
2017-09-28 11:20:00,240.5,241.45,239.5,239.5,225,0,9600.0,CE
2017-09-28 11:21:00,240.7,242.15,239.1,239.8,1350,0,9600.0,CE
2017-09-28 11:22:00,239.1,240.9,239.1,240.9,300,0,9600.0,CE
2017-09-28 11:23:00,239.6,240.2,239.6,239.9,600,0,9600.0,CE
2017-09-28 11:24:00,241.05,241.05,240.3,240.3,1125,0,9600.0,CE
2017-09-28 11:25:00,239.55,242.95,239.55,242.0,1350,0,9600.0,CE
2017-09-28 11:26:00,242.0,243.1,242.0,243.1,450,0,9600.0,CE
2017-09-28 11:27:00,243.05,243.35,242.2,243.35,1200,0,9600.0,CE
2017-09-28 11:28:00,243.9,243.9,243.9,243.9,75,0,9600.0,CE
2017-09-28 11:29:00,244.05,244.05,244.05,244.05,75,0,9600.0,CE
2017-09-28 11:30:00,243.05,243.8,242.5,242.5,3150,0,9600.0,CE
2017-09-28 11:31:00,243.0,243.75,243.0,243.75,225,0,9600.0,CE
2017-09-28 11:32:00,243.7,243.75,243.7,243.7,1350,0,9600.0,CE
2017-09-28 11:33:00,243.7,243.7,241.45,241.45,2175,0,9600.0,CE
2017-09-28 11:34:00,242.3,242.3,242.05,242.05,150,0,9600.0,CE
2017-09-28 11:35:00,243.5,243.5,243.5,243.5,150,0,9600.0,CE
2017-09-28 11:36:00,245.2,245.2,245.2,245.2,150,0,9600.0,CE
2017-09-28 11:37:00,246.45,246.55,246.45,246.55,225,0,9600.0,CE
2017-09-28 11:38:00,246.55,247.25,246.1,247.25,4425,0,9600.0,CE
2017-09-28 11:39:00,246.85,246.85,246.35,246.35,825,0,9600.0,CE
2017-09-28 11:40:00,247.0,247.25,246.45,247.25,3225,0,9600.0,CE
2017-09-28 11:41:00,247.25,247.25,245.95,245.95,3675,0,9600.0,CE
2017-09-28 11:42:00,245.95,246.0,245.05,245.05,3750,0,9600.0,CE
2017-09-28 11:43:00,245.45,245.45,244.65,244.65,1500,0,9600.0,CE
2017-09-28 11:44:00,245.95,246.4,245.95,246.4,225,0,9600.0,CE
2017-09-28 11:45:00,246.15,246.5,246.15,246.5,2025,0,9600.0,CE
2017-09-28 11:46:00,246.5,247.0,246.5,247.0,1350,0,9600.0,CE
2017-09-28 11:47:00,246.8,246.8,242.55,242.95,3825,0,9600.0,CE
2017-09-28 11:48:00,245.45,245.8,244.85,245.5,2550,0,9600.0,CE
2017-09-28 11:49:00,245.5,245.5,243.75,244.5,1650,0,9600.0,CE
2017-09-28 11:50:00,245.0,246.25,245.0,246.25,450,0,9600.0,CE
2017-09-28 11:51:00,243.5,244.45,243.5,244.45,375,0,9600.0,CE
2017-09-28 11:52:00,243.9,243.9,243.9,243.9,300,0,9600.0,CE
2017-09-28 11:54:00,245.3,246.8,245.3,246.8,3300,0,9600.0,CE
2017-09-28 11:55:00,246.4,247.3,246.4,246.45,375,0,9600.0,CE
2017-09-28 11:56:00,245.95,246.25,245.95,246.25,825,0,9600.0,CE
2017-09-28 11:57:00,244.85,244.85,244.35,244.4,900,0,9600.0,CE
2017-09-28 11:59:00,245.75,247.4,245.0,246.8,825,0,9600.0,CE
2017-09-28 12:00:00,246.7,248.15,246.7,248.15,225,0,9600.0,CE
2017-09-28 12:02:00,250.6,250.6,249.75,250.05,2625,0,9600.0,CE
2017-09-28 12:03:00,251.2,251.4,250.0,251.4,1950,0,9600.0,CE
2017-09-28 12:04:00,250.5,250.5,249.1,249.1,1200,0,9600.0,CE
2017-09-28 12:05:00,249.3,250.0,249.3,250.0,225,0,9600.0,CE
2017-09-28 12:06:00,249.3,249.3,247.25,247.25,375,0,9600.0,CE
2017-09-28 12:07:00,244.75,245.05,244.75,245.0,375,0,9600.0,CE
2017-09-28 12:08:00,244.0,244.75,244.0,244.05,300,0,9600.0,CE
2017-09-28 12:09:00,244.6,245.75,244.6,245.75,300,0,9600.0,CE
2017-09-28 12:10:00,244.65,244.65,244.65,244.65,300,0,9600.0,CE
2017-09-28 12:11:00,245.05,245.05,240.8,241.9,2025,0,9600.0,CE
2017-09-28 12:12:00,241.1,242.6,239.55,239.55,600,0,9600.0,CE
2017-09-28 12:13:00,239.2,240.5,238.6,238.6,675,0,9600.0,CE
2017-09-28 12:14:00,239.4,240.35,238.1,240.35,1425,0,9600.0,CE
2017-09-28 12:15:00,243.4,243.4,243.4,243.4,75,0,9600.0,CE
2017-09-28 12:16:00,243.0,243.3,243.0,243.3,1725,0,9600.0,CE
2017-09-28 12:17:00,243.45,243.45,243.2,243.2,150,0,9600.0,CE
2017-09-28 12:18:00,242.65,242.65,241.75,241.75,375,0,9600.0,CE
2017-09-28 12:20:00,240.75,240.75,240.75,240.75,975,0,9600.0,CE
2017-09-28 12:22:00,243.2,244.85,243.2,244.75,300,0,9600.0,CE
2017-09-28 12:24:00,246.1,246.1,246.1,246.1,450,0,9600.0,CE
2017-09-28 12:25:00,246.55,246.55,245.3,245.3,675,0,9600.0,CE
2017-09-28 12:26:00,246.0,246.5,246.0,246.5,1800,0,9600.0,CE
2017-09-28 12:27:00,243.9,243.9,242.45,243.8,450,0,9600.0,CE
2017-09-28 12:29:00,244.75,245.1,244.75,245.1,375,0,9600.0,CE
2017-09-28 12:30:00,245.25,246.6,243.0,246.6,5700,0,9600.0,CE
2017-09-28 12:31:00,246.05,246.05,245.75,245.75,150,0,9600.0,CE
2017-09-28 12:32:00,245.0,245.95,244.0,245.95,5400,0,9600.0,CE
2017-09-28 12:33:00,245.65,246.4,244.35,244.85,3525,0,9600.0,CE
2017-09-28 12:34:00,243.45,243.6,242.95,243.15,525,0,9600.0,CE
2017-09-28 12:35:00,244.3,244.3,242.4,242.4,450,0,9600.0,CE
2017-09-28 12:36:00,241.75,242.3,241.75,242.15,825,0,9600.0,CE
2017-09-28 12:37:00,242.4,242.4,241.3,241.3,225,0,9600.0,CE
2017-09-28 12:38:00,239.6,239.6,238.0,238.0,900,0,9600.0,CE
2017-09-28 12:39:00,237.4,239.05,237.4,238.65,600,0,9600.0,CE
2017-09-28 12:40:00,238.5,238.5,232.95,233.45,3450,0,9600.0,CE
2017-09-28 12:41:00,232.25,234.65,231.0,234.55,1575,0,9600.0,CE
2017-09-28 12:42:00,232.75,234.45,231.25,234.2,2475,0,9600.0,CE
2017-09-28 12:43:00,233.45,234.2,230.85,232.2,600,0,9600.0,CE
2017-09-28 12:44:00,231.85,232.1,231.85,232.1,450,0,9600.0,CE
2017-09-28 12:45:00,233.25,234.9,232.4,232.4,975,0,9600.0,CE
2017-09-28 12:46:00,234.05,235.0,234.05,235.0,450,0,9600.0,CE
2017-09-28 12:47:00,235.45,235.45,234.5,234.5,1350,0,9600.0,CE
2017-09-28 12:48:00,233.55,233.55,232.45,232.45,675,0,9600.0,CE
2017-09-28 12:49:00,231.4,231.4,229.75,229.75,1875,0,9600.0,CE
2017-09-28 12:50:00,230.55,232.95,230.55,231.1,600,0,9600.0,CE
2017-09-28 12:51:00,231.55,234.8,231.55,233.1,900,0,9600.0,CE
2017-09-28 12:52:00,233.25,233.5,232.5,232.5,450,0,9600.0,CE
2017-09-28 12:53:00,233.75,234.0,232.0,234.0,1875,0,9600.0,CE
2017-09-28 12:54:00,233.85,233.85,233.15,233.15,375,0,9600.0,CE
2017-09-28 12:55:00,232.65,232.65,225.55,225.55,1350,0,9600.0,CE
2017-09-28 12:56:00,225.2,227.4,223.85,227.4,1650,0,9600.0,CE
2017-09-28 12:57:00,227.1,227.95,226.45,227.95,5100,0,9600.0,CE
2017-09-28 12:58:00,227.3,229.45,227.3,229.45,825,0,9600.0,CE
2017-09-28 12:59:00,229.35,229.65,228.1,228.85,1650,0,9600.0,CE
2017-09-28 13:00:00,228.75,230.4,228.15,230.4,3825,0,9600.0,CE
2017-09-28 13:01:00,231.15,231.15,228.05,229.45,2250,0,9600.0,CE
2017-09-28 13:02:00,227.15,227.15,226.05,226.05,1125,0,9600.0,CE
2017-09-28 13:03:00,224.5,226.8,223.6,226.8,1800,0,9600.0,CE
2017-09-28 13:04:00,227.45,229.4,226.05,227.3,1800,0,9600.0,CE
2017-09-28 13:05:00,224.75,225.75,222.9,223.65,4425,0,9600.0,CE
2017-09-28 13:06:00,224.0,227.9,224.0,227.9,1500,0,9600.0,CE
2017-09-28 13:07:00,228.15,231.1,228.15,230.55,1350,0,9600.0,CE
2017-09-28 13:08:00,230.7,232.45,230.55,230.75,1200,0,9600.0,CE
2017-09-28 13:09:00,229.75,231.45,228.5,231.45,2175,0,9600.0,CE
2017-09-28 13:10:00,229.6,231.6,229.6,231.5,2475,0,9600.0,CE
2017-09-28 13:11:00,230.0,231.35,228.2,228.2,3000,0,9600.0,CE
2017-09-28 13:12:00,228.6,229.6,226.5,226.5,675,0,9600.0,CE
2017-09-28 13:13:00,227.55,227.55,224.25,224.5,1500,0,9600.0,CE
2017-09-28 13:14:00,224.0,224.0,220.2,221.4,3975,0,9600.0,CE
2017-09-28 13:15:00,219.8,221.7,219.25,221.7,2475,0,9600.0,CE
2017-09-28 13:16:00,223.0,226.3,223.0,226.3,1350,0,9600.0,CE
2017-09-28 13:17:00,225.7,227.35,225.7,226.95,600,0,9600.0,CE
2017-09-28 13:18:00,227.45,229.4,227.45,229.4,2775,0,9600.0,CE
2017-09-28 13:19:00,230.5,230.85,230.05,230.05,225,0,9600.0,CE
2017-09-28 13:20:00,231.4,232.35,230.35,231.4,1200,0,9600.0,CE
2017-09-28 13:21:00,230.85,230.85,228.45,228.45,2700,0,9600.0,CE
2017-09-28 13:22:00,229.45,230.9,228.65,228.75,2175,0,9600.0,CE
2017-09-28 13:23:00,231.6,231.6,231.45,231.45,150,0,9600.0,CE
2017-09-28 13:24:00,231.8,235.0,231.8,233.45,600,0,9600.0,CE
2017-09-28 13:25:00,234.5,234.9,234.5,234.9,225,0,9600.0,CE
2017-09-28 13:26:00,238.85,241.25,238.05,241.25,1950,0,9600.0,CE
2017-09-28 13:27:00,241.45,241.45,237.95,238.45,1875,0,9600.0,CE
2017-09-28 13:28:00,239.05,240.05,239.05,240.05,300,0,9600.0,CE
2017-09-28 13:29:00,243.2,243.5,242.5,242.85,1500,0,9600.0,CE
2017-09-28 13:30:00,243.0,243.45,243.0,243.45,225,0,9600.0,CE
2017-09-28 13:31:00,240.85,240.85,239.3,239.3,300,0,9600.0,CE
2017-09-28 13:32:00,239.0,239.0,237.35,238.45,1200,0,9600.0,CE
2017-09-28 13:33:00,238.3,238.3,235.85,235.85,900,0,9600.0,CE
2017-09-28 13:34:00,237.2,237.9,235.7,235.7,750,0,9600.0,CE
2017-09-28 13:35:00,238.2,240.5,236.6,240.5,1725,0,9600.0,CE
2017-09-28 13:36:00,240.05,241.85,239.05,240.9,1425,0,9600.0,CE
2017-09-28 13:37:00,241.6,243.45,241.4,243.0,2400,0,9600.0,CE
2017-09-28 13:38:00,242.0,242.0,242.0,242.0,225,0,9600.0,CE
2017-09-28 13:39:00,240.85,240.85,237.2,237.2,3075,0,9600.0,CE
2017-09-28 13:40:00,235.95,236.55,235.05,235.1,900,0,9600.0,CE
2017-09-28 13:41:00,234.45,234.45,234.2,234.2,525,0,9600.0,CE
2017-09-28 13:42:00,236.4,236.4,236.4,236.4,75,0,9600.0,CE
2017-09-28 13:43:00,236.15,237.3,236.1,236.1,450,0,9600.0,CE
2017-09-28 13:44:00,233.35,233.35,230.0,231.95,1050,0,9600.0,CE
2017-09-28 13:45:00,231.15,231.5,228.75,229.5,11100,0,9600.0,CE
2017-09-28 13:46:00,230.2,230.8,229.6,229.6,1425,0,9600.0,CE
2017-09-28 13:47:00,230.95,230.95,230.15,230.15,225,0,9600.0,CE
2017-09-28 13:48:00,230.0,232.7,230.0,232.7,525,0,9600.0,CE
2017-09-28 13:49:00,231.95,231.95,231.95,231.95,1125,0,9600.0,CE
2017-09-28 13:50:00,231.7,231.95,231.7,231.9,3750,0,9600.0,CE
2017-09-28 13:51:00,231.45,232.25,229.15,229.9,900,0,9600.0,CE
2017-09-28 13:52:00,229.9,229.9,229.2,229.2,300,0,9600.0,CE
2017-09-28 13:53:00,231.75,231.75,231.75,231.75,300,0,9600.0,CE
2017-09-28 13:54:00,233.45,233.65,233.45,233.65,450,0,9600.0,CE
2017-09-28 13:55:00,235.0,237.1,234.05,234.05,1425,0,9600.0,CE
2017-09-28 13:56:00,234.5,234.95,233.65,234.95,1725,0,9600.0,CE
2017-09-28 13:57:00,234.65,236.4,234.65,235.9,1500,0,9600.0,CE
2017-09-28 13:58:00,236.95,239.9,236.95,238.15,2400,0,9600.0,CE
2017-09-28 13:59:00,238.5,238.5,238.5,238.5,225,0,9600.0,CE
2017-09-28 14:00:00,239.95,242.35,239.95,242.35,525,0,9600.0,CE
2017-09-28 14:01:00,242.45,243.2,242.0,243.2,600,0,9600.0,CE
2017-09-28 14:02:00,242.0,243.45,239.35,239.35,3525,0,9600.0,CE
2017-09-28 14:03:00,238.8,241.0,238.8,241.0,150,0,9600.0,CE
2017-09-28 14:04:00,243.0,243.0,243.0,243.0,300,0,9600.0,CE
2017-09-28 14:05:00,242.15,246.25,242.15,246.25,675,0,9600.0,CE
2017-09-28 14:06:00,247.05,249.6,247.05,249.6,900,0,9600.0,CE
2017-09-28 14:07:00,249.65,249.65,247.8,247.8,825,0,9600.0,CE
2017-09-28 14:08:00,250.95,251.2,250.95,251.1,2175,0,9600.0,CE
2017-09-28 14:09:00,251.65,252.0,251.65,252.0,150,0,9600.0,CE
2017-09-28 14:10:00,251.35,253.15,251.35,252.2,2175,0,9600.0,CE
2017-09-28 14:11:00,253.15,253.15,248.75,248.75,2400,0,9600.0,CE
2017-09-28 14:12:00,250.2,250.2,250.2,250.2,225,0,9600.0,CE
2017-09-28 14:13:00,252.3,254.4,252.3,254.15,600,0,9600.0,CE
2017-09-28 14:14:00,253.0,253.0,251.9,251.9,1425,0,9600.0,CE
2017-09-28 14:15:00,252.6,252.6,252.55,252.55,375,0,9600.0,CE
2017-09-28 14:16:00,254.9,255.35,254.7,255.3,750,0,9600.0,CE
2017-09-28 14:17:00,254.55,256.5,254.45,256.1,1875,0,9600.0,CE
2017-09-28 14:19:00,254.2,254.2,248.7,248.7,975,0,9600.0,CE
2017-09-28 14:20:00,249.45,249.45,247.6,247.6,3300,0,9600.0,CE
2017-09-28 14:21:00,247.5,250.0,247.5,248.65,1050,0,9600.0,CE
2017-09-28 14:22:00,248.15,248.15,242.55,242.55,1725,0,9600.0,CE
2017-09-28 14:23:00,242.65,249.35,242.65,249.35,2400,0,9600.0,CE
2017-09-28 14:24:00,249.55,253.05,249.55,253.05,1575,0,9600.0,CE
2017-09-28 14:25:00,253.95,253.95,249.9,250.7,375,0,9600.0,CE
2017-09-28 14:26:00,252.65,252.65,252.65,252.65,300,0,9600.0,CE
2017-09-28 14:27:00,255.3,255.9,255.3,255.4,1350,0,9600.0,CE
2017-09-28 14:28:00,255.45,255.45,255.45,255.45,75,0,9600.0,CE
2017-09-28 14:29:00,253.55,255.65,253.55,255.65,975,0,9600.0,CE
2017-09-28 14:30:00,255.1,256.7,255.1,256.7,1050,0,9600.0,CE
2017-09-28 14:31:00,256.95,262.0,256.95,260.55,2700,0,9600.0,CE
2017-09-28 14:32:00,260.1,260.1,258.7,258.7,150,0,9600.0,CE
2017-09-28 14:33:00,261.75,263.4,261.75,262.4,900,0,9600.0,CE
2017-09-28 14:34:00,264.55,264.55,262.55,262.55,1200,0,9600.0,CE
2017-09-28 14:35:00,263.95,263.95,261.2,261.95,1275,0,9600.0,CE
2017-09-28 14:36:00,259.4,259.5,258.0,258.0,900,0,9600.0,CE
2017-09-28 14:37:00,259.1,259.1,257.05,258.2,750,0,9600.0,CE
2017-09-28 14:38:00,257.5,257.5,255.0,255.0,1200,0,9600.0,CE
2017-09-28 14:39:00,253.25,253.25,252.15,252.15,150,0,9600.0,CE
2017-09-28 14:40:00,250.6,251.6,250.6,251.05,825,0,9600.0,CE
2017-09-28 14:41:00,250.8,250.8,249.95,250.0,2025,0,9600.0,CE
2017-09-28 14:42:00,250.05,255.0,250.05,255.0,1200,0,9600.0,CE
2017-09-28 14:44:00,254.8,254.8,250.85,253.0,1050,0,9600.0,CE
2017-09-28 14:45:00,252.55,256.95,252.55,256.45,10875,0,9600.0,CE
2017-09-28 14:46:00,255.35,255.35,253.05,253.05,900,0,9600.0,CE
2017-09-28 14:47:00,253.2,254.0,253.2,254.0,150,0,9600.0,CE
2017-09-28 14:48:00,251.95,252.2,248.3,248.3,900,0,9600.0,CE
2017-09-28 14:49:00,248.45,251.65,247.7,251.65,975,0,9600.0,CE
2017-09-28 14:50:00,249.95,249.95,249.4,249.4,150,0,9600.0,CE
2017-09-28 14:51:00,248.25,248.25,246.15,246.15,525,0,9600.0,CE
2017-09-28 14:52:00,249.25,250.1,249.25,250.1,150,0,9600.0,CE
2017-09-28 14:53:00,252.0,252.0,251.95,251.95,1800,0,9600.0,CE
2017-09-28 14:54:00,251.0,255.0,250.0,255.0,13875,0,9600.0,CE
2017-09-28 14:55:00,256.0,257.35,256.0,257.35,1200,0,9600.0,CE
2017-09-28 14:56:00,255.05,258.0,255.05,256.55,1950,0,9600.0,CE
2017-09-28 14:57:00,257.0,258.0,256.55,257.05,675,0,9600.0,CE
2017-09-28 14:58:00,259.0,259.0,259.0,259.0,75,0,9600.0,CE
2017-09-28 14:59:00,260.05,261.0,259.45,261.0,1725,0,9600.0,CE
2017-09-28 15:00:00,262.4,266.5,259.8,266.5,2175,0,9600.0,CE
2017-09-28 15:01:00,266.5,270.45,266.5,270.45,1800,0,9600.0,CE
2017-09-28 15:02:00,268.95,270.7,266.7,267.7,1425,0,9600.0,CE
2017-09-28 15:03:00,267.1,267.55,265.8,267.55,900,0,9600.0,CE
2017-09-28 15:04:00,270.1,271.0,265.75,265.75,1575,0,9600.0,CE
2017-09-28 15:05:00,265.65,265.65,261.0,262.95,12525,0,9600.0,CE
2017-09-28 15:06:00,260.9,262.4,259.15,261.0,4575,0,9600.0,CE
2017-09-28 15:07:00,258.9,260.15,256.3,257.1,4050,0,9600.0,CE
2017-09-28 15:08:00,254.75,255.95,251.65,251.65,3225,0,9600.0,CE
2017-09-28 15:09:00,253.0,253.0,251.75,252.95,2925,0,9600.0,CE
2017-09-28 15:10:00,252.45,252.45,245.0,247.45,3375,0,9600.0,CE
2017-09-28 15:11:00,248.0,248.0,246.0,246.05,2550,0,9600.0,CE
2017-09-28 15:12:00,246.1,247.0,245.5,245.5,975,0,9600.0,CE
2017-09-28 15:13:00,247.5,247.5,246.0,247.5,1575,0,9600.0,CE
2017-09-28 15:14:00,247.0,247.0,242.7,245.0,5850,0,9600.0,CE
2017-09-28 15:15:00,245.65,245.65,242.9,244.0,2700,0,9600.0,CE
2017-09-28 15:16:00,245.75,247.0,245.75,247.0,675,0,9600.0,CE
2017-09-28 15:17:00,245.4,245.5,244.1,244.1,1050,0,9600.0,CE
2017-09-28 15:18:00,244.05,244.9,243.0,244.4,3150,0,9600.0,CE
2017-09-28 15:19:00,244.3,244.3,243.1,244.2,450,0,9600.0,CE
2017-09-28 15:20:00,244.55,247.2,244.55,246.05,7425,0,9600.0,CE
2017-09-28 15:21:00,242.6,243.7,242.05,242.05,6300,0,9600.0,CE
2017-09-28 15:22:00,244.35,245.2,244.35,245.1,5475,0,9600.0,CE
2017-09-28 15:23:00,247.4,249.7,246.85,248.95,3300,0,9600.0,CE
2017-09-28 15:24:00,248.45,248.9,247.15,247.3,25875,0,9600.0,CE
2017-09-28 15:25:00,248.05,249.0,246.0,246.0,10725,0,9600.0,CE
2017-09-28 15:26:00,246.0,246.35,243.05,243.5,2250,0,9600.0,CE
2017-09-28 15:27:00,242.0,243.4,241.35,241.6,1125,0,9600.0,CE
2017-09-28 15:28:00,243.9,243.9,240.9,241.95,975,0,9600.0,CE
2017-09-28 15:29:00,241.55,247.0,241.45,247.0,6225,0,9600.0,CE
2017-09-28 15:30:00,241.55,250.15,241.45,250.15,0,0,9600.0,CE
2017-09-29 09:15:00,269.65,272.65,266.95,271.65,2775,0,9600.0,CE
2017-09-29 09:16:00,273.0,275.6,272.3,275.6,1050,0,9600.0,CE
2017-09-29 09:17:00,273.2,274.35,271.55,272.0,825,0,9600.0,CE
2017-09-29 09:18:00,272.0,272.85,271.5,272.6,750,0,9600.0,CE
2017-09-29 09:19:00,272.5,273.0,272.5,273.0,600,0,9600.0,CE
2017-09-29 09:20:00,274.65,276.8,274.65,276.8,1125,0,9600.0,CE
2017-09-29 09:21:00,274.65,279.9,274.65,279.0,2250,0,9600.0,CE
2017-09-29 09:22:00,279.95,281.95,279.95,281.7,375,0,9600.0,CE
2017-09-29 09:23:00,281.75,281.75,278.6,278.6,525,0,9600.0,CE
2017-09-29 09:24:00,277.65,278.65,275.15,275.2,1050,0,9600.0,CE
2017-09-29 09:25:00,275.2,275.9,275.2,275.55,450,0,9600.0,CE
2017-09-29 09:26:00,276.4,278.0,276.0,277.5,3975,0,9600.0,CE
2017-09-29 09:27:00,277.9,277.9,277.9,277.9,75,0,9600.0,CE
2017-09-29 09:28:00,281.5,283.5,281.5,282.0,1875,0,9600.0,CE
2017-09-29 09:29:00,282.5,283.55,282.05,283.55,1125,0,9600.0,CE
2017-09-29 09:30:00,284.05,286.5,284.05,286.5,1650,0,9600.0,CE
2017-09-29 09:31:00,286.15,286.5,284.95,284.95,1200,0,9600.0,CE
2017-09-29 09:32:00,280.4,283.1,280.4,281.3,900,0,9600.0,CE
2017-09-29 09:33:00,279.25,279.25,279.15,279.15,150,0,9600.0,CE
2017-09-29 09:34:00,279.75,279.75,279.2,279.75,975,0,9600.0,CE
2017-09-29 09:35:00,281.65,282.9,281.55,282.3,600,0,9600.0,CE
2017-09-29 09:37:00,281.1,281.3,279.5,281.3,450,0,9600.0,CE
2017-09-29 09:38:00,285.1,285.1,285.1,285.1,300,0,9600.0,CE
2017-09-29 09:39:00,284.7,286.05,284.3,285.2,525,0,9600.0,CE
2017-09-29 09:40:00,284.65,284.65,283.4,284.0,675,0,9600.0,CE
2017-09-29 09:41:00,283.6,288.0,283.6,288.0,1575,0,9600.0,CE
2017-09-29 09:42:00,288.55,288.55,286.0,287.05,2400,0,9600.0,CE
2017-09-29 09:43:00,287.9,289.95,287.5,289.9,1425,0,9600.0,CE
2017-09-29 09:44:00,291.0,291.55,288.55,289.8,2700,0,9600.0,CE
2017-09-29 09:45:00,289.5,289.5,287.55,287.65,675,0,9600.0,CE
2017-09-29 09:46:00,286.5,286.5,286.45,286.45,300,0,9600.0,CE
2017-09-29 09:47:00,285.15,285.15,283.25,283.25,525,0,9600.0,CE
2017-09-29 09:48:00,282.45,283.3,281.5,281.5,675,0,9600.0,CE
2017-09-29 09:49:00,281.75,284.5,281.75,282.0,4050,0,9600.0,CE
2017-09-29 09:50:00,283.35,283.35,282.0,282.5,750,0,9600.0,CE
2017-09-29 09:51:00,281.25,281.25,278.0,280.05,1425,0,9600.0,CE
2017-09-29 09:52:00,279.5,281.55,279.5,281.55,525,0,9600.0,CE
2017-09-29 09:53:00,282.5,283.05,281.7,281.7,1650,0,9600.0,CE
2017-09-29 09:54:00,282.55,285.0,282.55,285.0,450,0,9600.0,CE
2017-09-29 09:55:00,286.5,287.5,286.5,286.7,525,0,9600.0,CE
2017-09-29 09:56:00,286.4,287.0,286.4,286.9,450,0,9600.0,CE
2017-09-29 09:57:00,288.05,289.0,287.45,287.45,600,0,9600.0,CE
2017-09-29 09:58:00,287.4,287.4,286.75,286.75,225,0,9600.0,CE
2017-09-29 09:59:00,286.0,287.0,286.0,286.9,300,0,9600.0,CE
2017-09-29 10:00:00,287.65,288.55,287.65,288.5,5475,0,9600.0,CE
2017-09-29 10:01:00,286.95,288.2,286.95,288.2,150,0,9600.0,CE
2017-09-29 10:02:00,287.5,287.5,284.55,284.55,600,0,9600.0,CE
2017-09-29 10:03:00,283.85,283.85,281.95,281.95,525,0,9600.0,CE
2017-09-29 10:04:00,281.1,283.05,281.1,283.05,825,0,9600.0,CE
2017-09-29 10:05:00,283.25,283.25,283.15,283.15,150,0,9600.0,CE
2017-09-29 10:06:00,281.65,281.65,281.05,281.65,450,0,9600.0,CE
2017-09-29 10:07:00,281.0,281.0,279.35,279.35,1050,0,9600.0,CE
2017-09-29 10:08:00,278.9,278.9,275.25,277.9,1275,0,9600.0,CE
2017-09-29 10:09:00,276.15,276.5,275.1,275.1,675,0,9600.0,CE
2017-09-29 10:10:00,273.0,273.0,269.7,269.7,2775,0,9600.0,CE
2017-09-29 10:11:00,269.0,270.9,269.0,270.75,1200,0,9600.0,CE
2017-09-29 10:12:00,271.5,273.6,271.5,273.6,525,0,9600.0,CE
2017-09-29 10:13:00,275.0,276.4,275.0,276.0,1350,0,9600.0,CE
2017-09-29 10:14:00,276.1,276.6,276.1,276.6,525,0,9600.0,CE
2017-09-29 10:15:00,277.8,279.85,277.8,279.85,1050,0,9600.0,CE
2017-09-29 10:16:00,281.55,282.85,280.75,281.5,1725,0,9600.0,CE
2017-09-29 10:17:00,281.65,284.15,281.65,284.15,750,0,9600.0,CE
2017-09-29 10:18:00,284.95,285.0,283.45,283.45,1125,0,9600.0,CE
2017-09-29 10:19:00,282.6,283.85,282.35,282.35,525,0,9600.0,CE
2017-09-29 10:20:00,281.9,281.9,281.0,281.25,2400,0,9600.0,CE
2017-09-29 10:21:00,280.0,280.85,280.0,280.85,1125,0,9600.0,CE
2017-09-29 10:22:00,280.0,280.0,280.0,280.0,300,0,9600.0,CE
2017-09-29 10:23:00,277.7,280.65,277.7,280.65,450,0,9600.0,CE
2017-09-29 10:24:00,281.05,281.45,281.0,281.0,225,0,9600.0,CE
2017-09-29 10:26:00,279.1,279.1,277.7,277.7,150,0,9600.0,CE
2017-09-29 10:27:00,276.85,277.95,276.85,277.05,375,0,9600.0,CE
2017-09-29 10:28:00,277.0,277.0,277.0,277.0,300,0,9600.0,CE
2017-09-29 10:29:00,277.0,277.0,277.0,277.0,225,0,9600.0,CE
2017-09-29 10:30:00,279.0,281.0,279.0,281.0,450,0,9600.0,CE
2017-09-29 10:33:00,280.75,280.75,280.75,280.75,150,0,9600.0,CE
2017-09-29 10:34:00,280.9,281.2,280.9,281.2,150,0,9600.0,CE
2017-09-29 10:35:00,280.45,280.65,280.05,280.05,375,0,9600.0,CE
2017-09-29 10:36:00,277.9,277.9,276.65,276.65,300,0,9600.0,CE
2017-09-29 10:37:00,277.75,277.75,277.75,277.75,75,0,9600.0,CE
2017-09-29 10:38:00,279.0,279.0,279.0,279.0,675,0,9600.0,CE
2017-09-29 10:39:00,278.9,278.9,278.4,278.4,1500,0,9600.0,CE
2017-09-29 10:40:00,279.9,279.9,279.0,279.0,450,0,9600.0,CE
2017-09-29 10:41:00,278.1,278.1,276.5,277.1,450,0,9600.0,CE
2017-09-29 10:42:00,277.15,277.15,275.9,275.9,375,0,9600.0,CE
2017-09-29 10:43:00,274.35,275.85,274.35,275.85,1125,0,9600.0,CE
2017-09-29 10:44:00,275.9,275.9,275.3,275.3,225,0,9600.0,CE
2017-09-29 10:45:00,274.0,274.15,273.95,273.95,225,0,9600.0,CE
2017-09-29 10:46:00,276.35,279.2,276.35,279.2,600,0,9600.0,CE
2017-09-29 10:48:00,281.6,281.6,280.7,280.7,225,0,9600.0,CE
2017-09-29 10:49:00,281.7,281.7,281.5,281.5,225,0,9600.0,CE
2017-09-29 10:50:00,281.0,281.0,281.0,281.0,225,0,9600.0,CE
2017-09-29 10:51:00,281.0,281.0,279.95,279.95,375,0,9600.0,CE
2017-09-29 10:52:00,280.95,281.35,280.9,281.0,525,0,9600.0,CE
2017-09-29 10:53:00,281.5,282.0,280.9,282.0,825,0,9600.0,CE
2017-09-29 10:54:00,282.0,282.55,281.5,282.3,975,0,9600.0,CE
2017-09-29 10:55:00,283.0,283.0,283.0,283.0,300,0,9600.0,CE
2017-09-29 10:56:00,282.45,282.55,282.45,282.55,825,0,9600.0,CE
2017-09-29 10:57:00,283.0,284.0,283.0,283.95,2175,0,9600.0,CE
2017-09-29 10:58:00,283.0,283.55,282.55,283.55,1500,0,9600.0,CE
2017-09-29 10:59:00,284.45,284.45,284.45,284.45,750,0,9600.0,CE
2017-09-29 11:00:00,284.35,284.35,284.35,284.35,75,0,9600.0,CE
2017-09-29 11:01:00,284.3,284.3,284.3,284.3,1275,0,9600.0,CE
2017-09-29 11:02:00,283.25,283.25,281.95,281.95,450,0,9600.0,CE
2017-09-29 11:04:00,281.95,283.45,281.95,283.45,300,0,9600.0,CE
2017-09-29 11:06:00,282.0,282.0,281.5,281.5,150,0,9600.0,CE
2017-09-29 11:07:00,280.1,280.1,280.1,280.1,300,0,9600.0,CE
2017-09-29 11:08:00,279.5,279.5,279.5,279.5,75,0,9600.0,CE
2017-09-29 11:09:00,280.0,280.0,280.0,280.0,600,0,9600.0,CE
2017-09-29 11:10:00,282.0,282.8,282.0,282.8,675,0,9600.0,CE
2017-09-29 11:11:00,281.45,281.45,281.45,281.45,225,0,9600.0,CE
2017-09-29 11:13:00,282.0,282.0,282.0,282.0,75,0,9600.0,CE
2017-09-29 11:14:00,283.5,283.5,283.3,283.3,225,0,9600.0,CE
2017-09-29 11:15:00,284.0,284.0,283.6,283.6,1275,0,9600.0,CE
2017-09-29 11:16:00,285.0,285.0,282.5,282.5,450,0,9600.0,CE
2017-09-29 11:17:00,284.0,284.0,284.0,284.0,75,0,9600.0,CE
2017-09-29 11:20:00,283.9,283.9,283.9,283.9,900,0,9600.0,CE
2017-09-29 11:21:00,283.65,283.65,282.0,282.0,900,0,9600.0,CE
2017-09-29 11:23:00,281.6,281.6,281.05,281.05,375,0,9600.0,CE
2017-09-29 11:24:00,280.5,280.5,280.45,280.45,375,0,9600.0,CE
2017-09-29 11:25:00,280.55,281.65,280.55,281.65,825,0,9600.0,CE
2017-09-29 11:26:00,282.7,282.7,282.7,282.7,75,0,9600.0,CE
2017-09-29 11:27:00,281.95,281.95,281.65,281.65,225,0,9600.0,CE
2017-09-29 11:29:00,283.65,283.65,283.65,283.65,150,0,9600.0,CE
2017-09-29 11:30:00,285.0,285.0,285.0,285.0,75,0,9600.0,CE
2017-09-29 11:31:00,285.3,285.3,285.3,285.3,75,0,9600.0,CE
2017-09-29 11:32:00,284.85,284.85,284.85,284.85,225,0,9600.0,CE
2017-09-29 11:35:00,282.75,283.25,281.75,283.25,6750,0,9600.0,CE
2017-09-29 11:36:00,283.95,283.95,283.0,283.0,525,0,9600.0,CE
2017-09-29 11:37:00,283.45,284.45,283.3,284.45,825,0,9600.0,CE
2017-09-29 11:38:00,285.0,285.45,284.5,285.45,1425,0,9600.0,CE
2017-09-29 11:39:00,285.55,285.55,285.15,285.15,300,0,9600.0,CE
2017-09-29 11:40:00,285.95,285.95,285.0,285.0,150,0,9600.0,CE
2017-09-29 11:41:00,285.0,285.5,284.75,284.75,1050,0,9600.0,CE
2017-09-29 11:43:00,285.15,286.45,285.15,286.35,1200,0,9600.0,CE
2017-09-29 11:44:00,286.3,286.3,286.0,286.0,150,0,9600.0,CE
2017-09-29 11:45:00,285.95,285.95,285.5,285.5,150,0,9600.0,CE
2017-09-29 11:46:00,285.7,287.6,285.7,287.35,2400,0,9600.0,CE
2017-09-29 11:47:00,289.3,289.3,289.3,289.3,450,0,9600.0,CE
2017-09-29 11:48:00,289.4,290.0,289.05,290.0,750,0,9600.0,CE
2017-09-29 11:49:00,289.5,290.0,288.95,288.95,600,0,9600.0,CE
2017-09-29 11:51:00,291.0,297.95,291.0,295.55,2925,0,9600.0,CE
2017-09-29 11:52:00,294.45,296.0,294.45,295.6,600,0,9600.0,CE
2017-09-29 11:54:00,295.5,296.0,295.0,295.0,1050,0,9600.0,CE
2017-09-29 11:55:00,294.0,294.35,294.0,294.35,5250,0,9600.0,CE
2017-09-29 11:56:00,294.55,294.55,294.5,294.5,750,0,9600.0,CE
2017-09-29 11:57:00,293.0,293.4,293.0,293.4,225,0,9600.0,CE
2017-09-29 11:58:00,292.7,293.0,292.0,292.95,1350,0,9600.0,CE
2017-09-29 11:59:00,292.5,292.5,292.5,292.5,150,0,9600.0,CE
2017-09-29 12:00:00,292.55,295.9,292.55,295.0,1125,0,9600.0,CE
2017-09-29 12:01:00,294.85,294.85,294.85,294.85,150,0,9600.0,CE
2017-09-29 12:02:00,294.0,294.55,294.0,294.55,300,0,9600.0,CE
2017-09-29 12:03:00,293.95,293.95,293.8,293.8,375,0,9600.0,CE
2017-09-29 12:04:00,295.3,295.3,295.3,295.3,75,0,9600.0,CE
2017-09-29 12:05:00,296.0,296.0,296.0,296.0,4650,0,9600.0,CE
2017-09-29 12:06:00,296.0,297.4,296.0,297.4,1200,0,9600.0,CE
2017-09-29 12:07:00,299.0,300.85,299.0,300.85,2325,0,9600.0,CE
2017-09-29 12:09:00,299.4,299.4,297.5,297.9,2475,0,9600.0,CE
2017-09-29 12:10:00,297.05,297.05,297.0,297.0,1350,0,9600.0,CE
2017-09-29 12:11:00,296.95,297.2,296.0,296.8,2400,0,9600.0,CE
2017-09-29 12:12:00,297.0,298.0,297.0,298.0,9150,0,9600.0,CE
2017-09-29 12:13:00,298.5,298.5,297.0,298.0,1125,0,9600.0,CE
2017-09-29 12:14:00,297.0,297.95,297.0,297.95,300,0,9600.0,CE
2017-09-29 12:15:00,297.7,297.7,297.05,297.05,375,0,9600.0,CE
2017-09-29 12:16:00,298.0,298.5,298.0,298.0,450,0,9600.0,CE
2017-09-29 12:17:00,297.95,297.95,297.5,297.95,300,0,9600.0,CE
2017-09-29 12:19:00,299.0,299.0,298.05,298.05,150,0,9600.0,CE
2017-09-29 12:20:00,298.0,298.0,298.0,298.0,75,0,9600.0,CE
2017-09-29 12:22:00,302.05,304.0,300.7,303.2,1275,0,9600.0,CE
2017-09-29 12:23:00,302.9,302.9,302.0,302.0,225,0,9600.0,CE
2017-09-29 12:24:00,302.55,302.55,302.55,302.55,75,0,9600.0,CE
2017-09-29 12:25:00,299.4,300.3,299.15,300.3,3900,0,9600.0,CE
2017-09-29 12:26:00,301.45,301.45,299.0,299.0,3750,0,9600.0,CE
2017-09-29 12:27:00,300.4,300.4,297.45,297.45,1050,0,9600.0,CE
2017-09-29 12:28:00,298.4,298.45,296.0,296.0,1050,0,9600.0,CE
2017-09-29 12:29:00,296.25,297.05,295.05,297.05,825,0,9600.0,CE
2017-09-29 12:30:00,298.0,299.95,298.0,298.2,675,0,9600.0,CE
2017-09-29 12:33:00,296.75,296.75,295.5,295.5,225,0,9600.0,CE
2017-09-29 12:34:00,297.05,297.05,297.05,297.05,75,0,9600.0,CE
2017-09-29 12:35:00,297.9,297.9,297.9,297.9,300,0,9600.0,CE
2017-09-29 12:36:00,297.0,297.0,297.0,297.0,75,0,9600.0,CE
2017-09-29 12:37:00,295.0,295.0,295.0,295.0,75,0,9600.0,CE
2017-09-29 12:38:00,295.55,296.0,295.0,295.0,600,0,9600.0,CE
2017-09-29 12:39:00,297.6,297.6,296.75,296.75,7875,0,9600.0,CE
2017-09-29 12:40:00,297.0,297.0,297.0,297.0,75,0,9600.0,CE
2017-09-29 12:41:00,298.05,298.05,298.05,298.05,75,0,9600.0,CE
2017-09-29 12:42:00,297.45,297.95,296.0,297.2,3450,0,9600.0,CE
2017-09-29 12:43:00,297.05,297.95,297.05,297.05,300,0,9600.0,CE
2017-09-29 12:45:00,296.8,297.9,296.8,297.9,150,0,9600.0,CE
2017-09-29 12:46:00,295.75,297.0,295.4,296.9,2100,0,9600.0,CE
2017-09-29 12:47:00,297.0,297.0,297.0,297.0,1200,0,9600.0,CE
2017-09-29 12:48:00,296.9,296.9,296.9,296.9,225,0,9600.0,CE
2017-09-29 12:49:00,295.9,297.45,294.5,296.45,5700,0,9600.0,CE
2017-09-29 12:50:00,297.4,297.45,296.05,297.45,1050,0,9600.0,CE
2017-09-29 12:51:00,296.05,297.0,296.05,296.05,975,0,9600.0,CE
2017-09-29 12:52:00,294.5,295.95,293.5,293.5,525,0,9600.0,CE
2017-09-29 12:55:00,294.5,295.5,294.5,295.0,525,0,9600.0,CE
2017-09-29 12:57:00,296.5,296.5,295.55,295.55,300,0,9600.0,CE
2017-09-29 12:58:00,297.0,297.5,297.0,297.5,3675,0,9600.0,CE
2017-09-29 12:59:00,297.1,297.1,297.1,297.1,75,0,9600.0,CE
2017-09-29 13:00:00,298.4,298.4,298.4,298.4,825,0,9600.0,CE
2017-09-29 13:02:00,299.0,299.0,299.0,299.0,300,0,9600.0,CE
2017-09-29 13:03:00,299.5,300.5,299.2,299.25,5250,0,9600.0,CE
2017-09-29 13:04:00,300.55,300.55,300.55,300.55,150,0,9600.0,CE
2017-09-29 13:05:00,301.0,301.5,301.0,301.05,600,0,9600.0,CE
2017-09-29 13:06:00,299.9,299.9,299.0,299.0,1950,0,9600.0,CE
2017-09-29 13:07:00,300.5,300.5,300.5,300.5,150,0,9600.0,CE
2017-09-29 13:08:00,302.0,302.05,301.7,302.05,1125,0,9600.0,CE
2017-09-29 13:09:00,301.5,303.6,301.5,303.6,150,0,9600.0,CE
2017-09-29 13:10:00,303.0,304.0,302.5,303.95,8400,0,9600.0,CE
2017-09-29 13:11:00,304.0,304.0,302.95,302.95,375,0,9600.0,CE
2017-09-29 13:13:00,304.4,305.0,304.0,305.0,750,0,9600.0,CE
2017-09-29 13:14:00,305.0,305.0,304.35,304.35,1350,0,9600.0,CE
2017-09-29 13:15:00,302.0,302.0,302.0,302.0,450,0,9600.0,CE
2017-09-29 13:16:00,303.5,303.5,303.5,303.5,525,0,9600.0,CE
2017-09-29 13:17:00,304.2,304.5,304.2,304.45,1800,0,9600.0,CE
2017-09-29 13:18:00,303.5,303.5,302.95,302.95,1050,0,9600.0,CE
2017-09-29 13:19:00,302.0,304.0,302.0,304.0,600,0,9600.0,CE
2017-09-29 13:20:00,304.0,304.5,302.05,303.1,1425,0,9600.0,CE
2017-09-29 13:21:00,303.0,303.0,303.0,303.0,75,0,9600.0,CE
2017-09-29 13:22:00,303.5,303.5,303.5,303.5,375,0,9600.0,CE
2017-09-29 13:23:00,303.45,309.0,303.45,309.0,2550,0,9600.0,CE
2017-09-29 13:24:00,309.0,309.95,309.0,309.5,1725,0,9600.0,CE
2017-09-29 13:25:00,313.1,314.45,312.35,312.9,4125,0,9600.0,CE
2017-09-29 13:26:00,312.15,312.15,306.8,307.0,1725,0,9600.0,CE
2017-09-29 13:27:00,307.5,310.75,307.5,309.5,1125,0,9600.0,CE
2017-09-29 13:28:00,307.55,309.0,307.55,309.0,975,0,9600.0,CE
2017-09-29 13:29:00,306.95,306.95,306.25,306.25,975,0,9600.0,CE
2017-09-29 13:30:00,307.0,307.0,304.1,304.1,3450,0,9600.0,CE
2017-09-29 13:31:00,302.15,303.95,302.15,303.95,675,0,9600.0,CE
2017-09-29 13:32:00,303.85,309.15,303.85,309.0,1425,0,9600.0,CE
2017-09-29 13:33:00,309.0,309.0,309.0,309.0,75,0,9600.0,CE
2017-09-29 13:34:00,309.0,309.0,309.0,309.0,750,0,9600.0,CE
2017-09-29 13:35:00,308.5,309.0,308.5,308.9,375,0,9600.0,CE
2017-09-29 13:36:00,310.0,310.95,310.0,310.95,1275,0,9600.0,CE
2017-09-29 13:37:00,311.0,311.5,310.95,311.5,375,0,9600.0,CE
2017-09-29 13:38:00,312.05,313.0,312.0,312.45,2025,0,9600.0,CE
2017-09-29 13:39:00,312.0,312.0,311.0,311.0,1950,0,9600.0,CE
2017-09-29 13:40:00,313.5,313.5,312.0,312.0,1200,0,9600.0,CE
2017-09-29 13:41:00,312.0,312.0,312.0,312.0,900,0,9600.0,CE
2017-09-29 13:42:00,310.5,310.5,309.05,309.05,600,0,9600.0,CE
2017-09-29 13:43:00,311.0,311.45,310.5,311.0,1275,0,9600.0,CE
2017-09-29 13:44:00,310.5,310.5,309.0,309.5,1725,0,9600.0,CE
2017-09-29 13:45:00,310.0,311.2,310.0,311.0,1650,0,9600.0,CE
2017-09-29 13:46:00,310.0,310.0,310.0,310.0,600,0,9600.0,CE
2017-09-29 13:47:00,309.0,309.0,309.0,309.0,225,0,9600.0,CE
2017-09-29 13:48:00,309.0,309.0,306.0,306.0,1200,0,9600.0,CE
2017-09-29 13:49:00,305.05,305.05,299.35,300.05,5325,0,9600.0,CE
2017-09-29 13:50:00,302.0,302.0,301.5,301.5,600,0,9600.0,CE
2017-09-29 13:51:00,301.0,305.0,299.55,305.0,2400,0,9600.0,CE
2017-09-29 13:52:00,304.7,304.7,302.0,302.95,450,0,9600.0,CE
2017-09-29 13:53:00,302.0,302.1,300.0,300.0,1125,0,9600.0,CE
2017-09-29 13:54:00,299.5,299.5,298.95,299.0,1875,0,9600.0,CE
2017-09-29 13:55:00,301.05,301.9,300.0,301.9,975,0,9600.0,CE
2017-09-29 13:56:00,302.0,303.0,302.0,303.0,1500,0,9600.0,CE
2017-09-29 13:57:00,303.0,303.0,303.0,303.0,225,0,9600.0,CE
2017-09-29 13:58:00,306.0,306.0,303.0,303.0,1800,0,9600.0,CE
2017-09-29 13:59:00,304.45,305.8,303.95,303.95,450,0,9600.0,CE
2017-09-29 14:00:00,303.55,303.55,302.1,302.1,225,0,9600.0,CE
2017-09-29 14:01:00,304.0,305.05,304.0,305.05,375,0,9600.0,CE
2017-09-29 14:02:00,305.5,305.5,305.45,305.45,825,0,9600.0,CE
2017-09-29 14:03:00,303.5,303.5,303.0,303.0,525,0,9600.0,CE
2017-09-29 14:04:00,304.65,304.65,304.65,304.65,1725,0,9600.0,CE
2017-09-29 14:06:00,305.0,305.0,305.0,305.0,75,0,9600.0,CE
2017-09-29 14:07:00,304.55,304.55,304.55,304.55,225,0,9600.0,CE
2017-09-29 14:08:00,303.05,303.45,303.05,303.45,150,0,9600.0,CE
2017-09-29 14:10:00,304.25,305.65,304.25,304.5,4050,0,9600.0,CE
2017-09-29 14:11:00,305.45,305.45,305.0,305.0,150,0,9600.0,CE
2017-09-29 14:12:00,305.15,306.0,305.15,306.0,525,0,9600.0,CE
2017-09-29 14:13:00,309.45,309.45,308.9,308.9,225,0,9600.0,CE
2017-09-29 14:14:00,308.05,308.05,307.35,307.35,1350,0,9600.0,CE
2017-09-29 14:15:00,307.75,307.75,307.0,307.0,450,0,9600.0,CE
2017-09-29 14:16:00,306.95,306.95,304.55,304.55,1200,0,9600.0,CE
2017-09-29 14:17:00,302.85,302.85,302.45,302.45,150,0,9600.0,CE
2017-09-29 14:18:00,302.45,302.45,301.9,301.9,150,0,9600.0,CE
2017-09-29 14:19:00,302.0,302.0,302.0,302.0,75,0,9600.0,CE
2017-09-29 14:20:00,301.45,301.45,300.0,300.0,300,0,9600.0,CE
2017-09-29 14:21:00,298.8,298.8,292.45,292.8,1275,0,9600.0,CE
2017-09-29 14:22:00,292.35,293.95,292.35,293.95,450,0,9600.0,CE
2017-09-29 14:24:00,291.9,294.0,290.55,294.0,9600,0,9600.0,CE
2017-09-29 14:25:00,292.1,294.45,292.1,294.45,300,0,9600.0,CE
2017-09-29 14:26:00,290.55,290.55,290.55,290.55,300,0,9600.0,CE
2017-09-29 14:27:00,290.0,290.0,282.35,282.35,3600,0,9600.0,CE
2017-09-29 14:28:00,281.4,281.45,280.05,281.1,1275,0,9600.0,CE
2017-09-29 14:29:00,282.0,282.0,282.0,282.0,300,0,9600.0,CE
2017-09-29 14:30:00,285.0,285.15,281.95,281.95,825,0,9600.0,CE
2017-09-29 14:31:00,280.0,280.0,261.95,272.0,13050,0,9600.0,CE
2017-09-29 14:32:00,272.0,274.45,270.65,274.4,750,0,9600.0,CE
2017-09-29 14:33:00,272.9,274.75,272.5,272.5,3825,0,9600.0,CE
2017-09-29 14:34:00,274.1,274.1,265.0,265.0,4425,0,9600.0,CE
2017-09-29 14:35:00,262.6,268.85,262.6,268.85,675,0,9600.0,CE
2017-09-29 14:36:00,269.9,272.55,269.9,272.55,1725,0,9600.0,CE
2017-09-29 14:37:00,273.0,276.1,273.0,275.65,2100,0,9600.0,CE
2017-09-29 14:38:00,274.0,274.0,271.95,271.95,150,0,9600.0,CE
2017-09-29 14:39:00,267.65,273.9,267.65,273.15,16650,0,9600.0,CE
2017-09-29 14:40:00,272.0,272.9,272.0,272.9,1650,0,9600.0,CE
2017-09-29 14:41:00,273.8,274.65,273.7,273.7,1275,0,9600.0,CE
2017-09-29 14:42:00,275.5,278.5,275.5,278.5,2475,0,9600.0,CE
2017-09-29 14:43:00,279.75,282.1,279.15,279.15,900,0,9600.0,CE
2017-09-29 14:44:00,281.0,281.05,276.6,276.6,750,0,9600.0,CE
2017-09-29 14:45:00,276.95,276.95,275.0,275.35,600,0,9600.0,CE
2017-09-29 14:46:00,276.0,276.5,276.0,276.5,300,0,9600.0,CE
2017-09-29 14:47:00,279.5,279.5,276.55,276.55,975,0,9600.0,CE
2017-09-29 14:48:00,275.4,275.4,273.6,273.6,300,0,9600.0,CE
2017-09-29 14:49:00,270.55,270.55,270.0,270.0,675,0,9600.0,CE
2017-09-29 14:50:00,267.0,269.0,267.0,269.0,1575,0,9600.0,CE
2017-09-29 14:51:00,266.2,267.95,266.0,267.0,2625,0,9600.0,CE
2017-09-29 14:52:00,267.55,272.5,267.55,271.9,1500,0,9600.0,CE
2017-09-29 14:53:00,272.0,272.05,269.9,272.05,900,0,9600.0,CE
2017-09-29 14:54:00,272.25,273.4,270.75,271.8,5400,0,9600.0,CE
2017-09-29 14:55:00,271.05,271.05,271.05,271.05,1500,0,9600.0,CE
2017-09-29 14:56:00,274.9,276.65,274.0,275.1,8550,0,9600.0,CE
2017-09-29 14:57:00,276.15,276.15,276.15,276.15,1800,0,9600.0,CE
2017-09-29 14:58:00,271.95,272.5,271.95,272.5,1200,0,9600.0,CE
2017-09-29 14:59:00,273.45,273.45,273.45,273.45,150,0,9600.0,CE
2017-09-29 15:00:00,271.0,271.0,270.65,270.65,750,0,9600.0,CE
2017-09-29 15:01:00,267.05,267.05,263.55,263.85,2325,0,9600.0,CE
2017-09-29 15:02:00,263.45,263.5,258.35,258.35,2400,0,9600.0,CE
2017-09-29 15:03:00,258.35,262.5,258.35,262.5,1200,0,9600.0,CE
2017-09-29 15:04:00,263.0,263.05,263.0,263.05,675,0,9600.0,CE
2017-09-29 15:05:00,260.2,260.85,256.55,257.25,1950,0,9600.0,CE
2017-09-29 15:06:00,255.0,255.5,255.0,255.5,150,0,9600.0,CE
2017-09-29 15:07:00,254.5,254.5,251.0,252.05,8025,0,9600.0,CE
2017-09-29 15:08:00,250.45,255.0,250.45,255.0,1350,0,9600.0,CE
2017-09-29 15:09:00,255.05,255.05,247.65,248.4,1425,0,9600.0,CE
2017-09-29 15:10:00,249.0,250.95,249.0,249.45,675,0,9600.0,CE
2017-09-29 15:11:00,246.0,246.0,243.25,245.9,3000,0,9600.0,CE
2017-09-29 15:12:00,243.4,248.1,243.4,247.85,900,0,9600.0,CE
2017-09-29 15:13:00,247.0,249.25,247.0,249.25,1575,0,9600.0,CE
2017-09-29 15:14:00,249.5,250.0,248.0,248.0,675,0,9600.0,CE
2017-09-29 15:15:00,247.3,247.3,244.7,246.05,2025,0,9600.0,CE
2017-09-29 15:16:00,248.0,248.55,247.5,248.3,1350,0,9600.0,CE
2017-09-29 15:17:00,248.45,249.55,248.2,249.05,2475,0,9600.0,CE
2017-09-29 15:18:00,249.0,249.6,248.6,249.6,900,0,9600.0,CE
2017-09-29 15:19:00,252.05,252.75,250.4,251.95,1650,0,9600.0,CE
2017-09-29 15:20:00,250.05,250.05,247.95,247.95,2025,0,9600.0,CE
2017-09-29 15:21:00,248.4,250.45,247.3,247.95,4500,0,9600.0,CE
2017-09-29 15:22:00,249.85,249.95,247.55,247.8,1650,0,9600.0,CE
2017-09-29 15:23:00,249.45,252.0,249.45,251.5,3450,0,9600.0,CE
2017-09-29 15:24:00,251.95,252.95,251.75,252.2,4200,0,9600.0,CE
2017-09-29 15:25:00,251.75,251.75,248.7,249.45,1125,0,9600.0,CE
2017-09-29 15:26:00,248.9,248.95,247.6,248.5,1950,0,9600.0,CE
2017-09-29 15:27:00,248.0,248.8,248.0,248.8,2100,0,9600.0,CE
2017-09-29 15:28:00,249.2,249.2,248.45,248.45,1200,0,9600.0,CE
2017-09-29 15:29:00,248.05,248.15,246.95,248.15,4500,0,9600.0,CE
2017-09-29 15:30:00,248.05,251.4,246.95,251.4,0,0,9600.0,CE
2017-10-03 09:15:00,319.2,319.2,305.05,307.7,2625,0,9600.0,CE
2017-10-03 09:16:00,308.05,308.05,303.25,303.25,1350,0,9600.0,CE
2017-10-03 09:17:00,304.05,305.9,301.45,301.45,2175,0,9600.0,CE
2017-10-03 09:18:00,301.6,301.6,298.6,299.45,1125,0,9600.0,CE
2017-10-03 09:19:00,299.55,304.0,299.5,304.0,525,0,9600.0,CE
2017-10-03 09:20:00,304.95,307.1,302.95,307.05,1500,0,9600.0,CE
2017-10-03 09:21:00,307.0,309.0,306.1,306.1,2325,0,9600.0,CE
2017-10-03 09:22:00,308.45,308.45,305.0,305.0,2100,0,9600.0,CE
2017-10-03 09:23:00,304.4,308.0,304.0,305.0,1425,0,9600.0,CE
2017-10-03 09:24:00,303.0,303.0,300.0,300.0,300,0,9600.0,CE
2017-10-03 09:25:00,298.2,298.2,294.65,294.65,750,0,9600.0,CE
2017-10-03 09:26:00,297.0,297.0,293.0,293.0,375,0,9600.0,CE
2017-10-03 09:27:00,291.15,298.3,288.75,298.3,5400,0,9600.0,CE
2017-10-03 09:28:00,290.9,297.0,290.9,294.2,1200,0,9600.0,CE
2017-10-03 09:29:00,293.85,294.5,293.85,294.5,2175,0,9600.0,CE
2017-10-03 09:30:00,294.8,294.8,291.0,291.0,375,0,9600.0,CE
2017-10-03 09:31:00,294.5,297.15,294.5,297.15,300,0,9600.0,CE
2017-10-03 09:32:00,295.15,299.0,295.15,298.05,2850,0,9600.0,CE
2017-10-03 09:33:00,298.2,299.5,298.2,299.5,150,0,9600.0,CE
2017-10-03 09:34:00,299.5,300.0,299.5,300.0,600,0,9600.0,CE
2017-10-03 09:35:00,300.5,300.5,295.0,295.0,375,0,9600.0,CE
2017-10-03 09:36:00,293.6,293.95,293.6,293.95,150,0,9600.0,CE
2017-10-03 09:37:00,298.15,298.15,290.5,290.5,1050,0,9600.0,CE
2017-10-03 09:38:00,290.0,290.0,289.85,289.85,375,0,9600.0,CE
2017-10-03 09:39:00,290.0,293.5,289.9,293.5,450,0,9600.0,CE
2017-10-03 09:40:00,293.6,293.6,291.5,291.5,600,0,9600.0,CE
2017-10-03 09:41:00,294.0,294.7,294.0,294.7,300,0,9600.0,CE
2017-10-03 09:42:00,295.95,297.0,295.4,295.5,450,0,9600.0,CE
2017-10-03 09:44:00,299.0,299.0,299.0,299.0,75,0,9600.0,CE
2017-10-03 09:45:00,299.0,299.0,296.0,296.0,750,0,9600.0,CE
2017-10-03 09:46:00,294.3,294.3,294.3,294.3,75,0,9600.0,CE
2017-10-03 09:47:00,297.95,297.95,297.95,297.95,75,0,9600.0,CE
2017-10-03 09:48:00,296.45,296.95,296.45,296.95,225,0,9600.0,CE
2017-10-03 09:49:00,296.8,296.8,296.8,296.8,75,0,9600.0,CE
2017-10-03 09:50:00,297.0,297.7,295.5,297.7,300,0,9600.0,CE
2017-10-03 09:52:00,300.4,300.9,300.0,300.9,375,0,9600.0,CE
2017-10-03 09:53:00,296.9,296.9,294.75,294.75,300,0,9600.0,CE
2017-10-03 09:54:00,295.35,300.2,295.35,300.2,450,0,9600.0,CE
2017-10-03 09:57:00,300.5,300.5,300.5,300.5,450,0,9600.0,CE
2017-10-03 09:59:00,296.2,296.2,296.2,296.2,75,0,9600.0,CE
2017-10-03 10:00:00,295.0,299.7,295.0,299.2,600,0,9600.0,CE
2017-10-03 10:01:00,299.0,299.1,298.05,299.1,300,0,9600.0,CE
2017-10-03 10:03:00,295.45,295.45,295.45,295.45,75,0,9600.0,CE
2017-10-03 10:04:00,293.85,294.2,293.85,294.2,150,0,9600.0,CE
2017-10-03 10:05:00,293.35,293.35,293.35,293.35,75,0,9600.0,CE
2017-10-03 10:06:00,291.0,291.0,284.4,284.4,2325,0,9600.0,CE
2017-10-03 10:07:00,286.6,286.6,286.6,286.6,75,0,9600.0,CE
2017-10-03 10:09:00,289.55,289.55,288.5,288.5,150,0,9600.0,CE
2017-10-03 10:10:00,288.55,288.55,288.55,288.55,75,0,9600.0,CE
2017-10-03 10:11:00,286.4,286.4,284.0,284.7,750,0,9600.0,CE
2017-10-03 10:12:00,283.05,283.05,283.05,283.05,300,0,9600.0,CE
2017-10-03 10:13:00,285.2,286.0,285.2,286.0,150,0,9600.0,CE
2017-10-03 10:14:00,289.0,289.0,289.0,289.0,75,0,9600.0,CE
2017-10-03 10:15:00,290.0,290.0,288.0,289.45,1125,0,9600.0,CE
2017-10-03 10:16:00,289.85,290.65,289.85,290.65,825,0,9600.0,CE
2017-10-03 10:18:00,290.5,290.5,290.5,290.5,75,0,9600.0,CE
2017-10-03 10:19:00,287.3,288.05,287.3,288.05,300,0,9600.0,CE
2017-10-03 10:20:00,288.0,288.0,288.0,288.0,75,0,9600.0,CE
2017-10-03 10:21:00,287.4,287.75,287.0,287.0,975,0,9600.0,CE
2017-10-03 10:22:00,286.8,288.95,286.8,288.95,450,0,9600.0,CE
2017-10-03 10:23:00,288.8,288.8,288.05,288.45,675,0,9600.0,CE
2017-10-03 10:24:00,286.45,286.45,286.45,286.45,75,0,9600.0,CE
2017-10-03 10:25:00,287.15,287.15,287.15,287.15,525,0,9600.0,CE
2017-10-03 10:26:00,290.3,290.3,290.3,290.3,150,0,9600.0,CE
2017-10-03 10:27:00,289.2,289.2,289.2,289.2,1125,0,9600.0,CE
2017-10-03 10:28:00,292.0,292.05,292.0,292.05,300,0,9600.0,CE
2017-10-03 10:29:00,293.45,294.0,293.45,293.5,900,0,9600.0,CE
2017-10-03 10:30:00,295.0,295.85,294.25,295.3,675,0,9600.0,CE
2017-10-03 10:35:00,295.0,295.0,295.0,295.0,150,0,9600.0,CE
2017-10-03 10:36:00,296.0,296.0,295.85,296.0,1200,0,9600.0,CE
2017-10-03 10:37:00,295.85,295.85,295.85,295.85,75,0,9600.0,CE
2017-10-03 10:41:00,297.5,297.5,295.0,296.65,450,0,9600.0,CE
2017-10-03 10:45:00,293.1,293.1,292.85,292.85,225,0,9600.0,CE
2017-10-03 10:47:00,294.5,294.5,294.5,294.5,75,0,9600.0,CE
2017-10-03 10:48:00,296.05,296.05,296.05,296.05,450,0,9600.0,CE
2017-10-03 10:49:00,296.9,299.25,296.9,298.75,975,0,9600.0,CE
2017-10-03 10:50:00,298.75,299.2,298.75,299.2,1275,0,9600.0,CE
2017-10-03 10:51:00,300.0,300.05,300.0,300.05,150,0,9600.0,CE
2017-10-03 10:52:00,297.95,297.95,297.5,297.5,5100,0,9600.0,CE
2017-10-03 10:53:00,298.5,300.0,298.5,300.0,675,0,9600.0,CE
2017-10-03 10:54:00,299.4,299.4,299.0,299.0,4800,0,9600.0,CE
2017-10-03 10:55:00,299.5,301.3,296.5,298.3,1725,0,9600.0,CE
2017-10-03 10:56:00,297.55,297.55,297.55,297.55,150,0,9600.0,CE
2017-10-03 10:57:00,297.25,297.25,297.25,297.25,75,0,9600.0,CE
2017-10-03 10:58:00,296.9,296.9,296.05,296.05,150,0,9600.0,CE
2017-10-03 11:00:00,297.0,297.0,297.0,297.0,75,0,9600.0,CE
2017-10-03 11:03:00,298.1,298.1,298.1,298.1,75,0,9600.0,CE
2017-10-03 11:04:00,298.7,300.0,298.7,300.0,2925,0,9600.0,CE
2017-10-03 11:05:00,297.65,300.0,297.65,300.0,525,0,9600.0,CE
2017-10-03 11:06:00,302.0,302.35,301.95,301.95,300,0,9600.0,CE
2017-10-03 11:07:00,303.6,306.05,303.6,305.0,750,0,9600.0,CE
2017-10-03 11:08:00,306.05,308.75,306.05,306.05,750,0,9600.0,CE
2017-10-03 11:09:00,304.5,304.5,304.5,304.5,75,0,9600.0,CE
2017-10-03 11:11:00,304.5,304.5,304.5,304.5,375,0,9600.0,CE
2017-10-03 11:14:00,308.15,308.15,308.15,308.15,75,0,9600.0,CE
2017-10-03 11:15:00,308.6,308.6,308.6,308.6,75,0,9600.0,CE
2017-10-03 11:17:00,306.0,306.05,306.0,306.05,150,0,9600.0,CE
2017-10-03 11:19:00,306.95,308.0,306.95,308.0,450,0,9600.0,CE
2017-10-03 11:20:00,307.25,308.0,307.25,308.0,900,0,9600.0,CE
2017-10-03 11:21:00,309.55,309.55,309.55,309.55,2700,0,9600.0,CE
2017-10-03 11:22:00,309.0,309.35,309.0,309.35,150,0,9600.0,CE
2017-10-03 11:23:00,309.35,310.0,309.35,310.0,2250,0,9600.0,CE
2017-10-03 11:25:00,309.35,309.35,306.15,306.15,4050,0,9600.0,CE
2017-10-03 11:26:00,304.75,304.75,304.75,304.75,150,0,9600.0,CE
2017-10-03 11:28:00,303.05,306.0,303.05,306.0,150,0,9600.0,CE
2017-10-03 11:29:00,304.05,304.05,304.05,304.05,75,0,9600.0,CE
2017-10-03 11:30:00,305.0,306.15,305.0,306.15,150,0,9600.0,CE
2017-10-03 11:31:00,306.95,306.95,306.95,306.95,75,0,9600.0,CE
2017-10-03 11:35:00,309.05,309.05,307.45,307.55,300,0,9600.0,CE
2017-10-03 11:37:00,307.45,307.45,307.45,307.45,75,0,9600.0,CE
2017-10-03 11:38:00,307.75,307.75,306.4,306.4,150,0,9600.0,CE
2017-10-03 11:39:00,306.6,306.6,305.0,305.0,150,0,9600.0,CE
2017-10-03 11:42:00,305.0,305.0,305.0,305.0,75,0,9600.0,CE
2017-10-03 11:43:00,305.1,305.1,305.1,305.1,75,0,9600.0,CE
2017-10-03 11:48:00,302.3,302.3,302.3,302.3,75,0,9600.0,CE
2017-10-03 11:49:00,302.3,302.3,302.3,302.3,75,0,9600.0,CE
2017-10-03 11:50:00,301.0,301.0,301.0,301.0,150,0,9600.0,CE
2017-10-03 11:51:00,299.75,299.75,299.75,299.75,75,0,9600.0,CE
2017-10-03 11:54:00,303.05,303.8,303.05,303.8,675,0,9600.0,CE
2017-10-03 11:55:00,303.65,303.65,303.65,303.65,675,0,9600.0,CE
2017-10-03 11:57:00,305.1,306.1,305.1,306.1,225,0,9600.0,CE
2017-10-03 11:59:00,308.55,308.55,308.55,308.55,75,0,9600.0,CE
2017-10-03 12:00:00,307.65,307.65,307.65,307.65,75,0,9600.0,CE
2017-10-03 12:01:00,306.5,306.5,306.5,306.5,675,0,9600.0,CE
2017-10-03 12:02:00,306.3,306.3,306.3,306.3,450,0,9600.0,CE
2017-10-03 12:04:00,307.45,307.45,307.45,307.45,75,0,9600.0,CE
2017-10-03 12:05:00,303.35,303.35,303.35,303.35,150,0,9600.0,CE
2017-10-03 12:07:00,303.0,303.0,303.0,303.0,300,0,9600.0,CE
2017-10-03 12:08:00,302.5,304.4,302.5,303.5,450,0,9600.0,CE
2017-10-03 12:09:00,304.45,305.0,304.45,305.0,150,0,9600.0,CE
2017-10-03 12:10:00,303.05,303.05,303.05,303.05,675,0,9600.0,CE
2017-10-03 12:14:00,299.65,299.65,299.65,299.65,75,0,9600.0,CE
2017-10-03 12:15:00,303.0,303.0,303.0,303.0,300,0,9600.0,CE
2017-10-03 12:16:00,303.65,303.65,303.65,303.65,300,0,9600.0,CE
2017-10-03 12:17:00,302.5,302.5,302.5,302.5,75,0,9600.0,CE
2017-10-03 12:18:00,302.45,302.45,302.45,302.45,75,0,9600.0,CE
2017-10-03 12:20:00,299.8,300.0,299.8,300.0,150,0,9600.0,CE
2017-10-03 12:21:00,298.75,300.2,298.75,300.2,150,0,9600.0,CE
2017-10-03 12:22:00,299.4,299.4,299.4,299.4,75,0,9600.0,CE
2017-10-03 12:24:00,301.75,301.75,301.0,301.0,150,0,9600.0,CE
2017-10-03 12:27:00,305.0,305.0,305.0,305.0,75,0,9600.0,CE
2017-10-03 12:29:00,306.0,306.0,305.7,305.7,150,0,9600.0,CE
2017-10-03 12:30:00,306.0,306.0,306.0,306.0,75,0,9600.0,CE
2017-10-03 12:31:00,306.0,306.0,306.0,306.0,225,0,9600.0,CE
2017-10-03 12:34:00,303.05,303.05,303.05,303.05,525,0,9600.0,CE
2017-10-03 12:35:00,302.05,303.0,302.05,303.0,150,0,9600.0,CE
2017-10-03 12:38:00,301.55,301.55,301.55,301.55,375,0,9600.0,CE
2017-10-03 12:39:00,303.0,303.0,303.0,303.0,150,0,9600.0,CE
2017-10-03 12:40:00,303.0,306.0,303.0,306.0,1050,0,9600.0,CE
2017-10-03 12:41:00,306.0,306.0,306.0,306.0,300,0,9600.0,CE
2017-10-03 12:43:00,306.0,306.0,306.0,306.0,300,0,9600.0,CE
2017-10-03 12:44:00,306.5,306.5,306.5,306.5,150,0,9600.0,CE
2017-10-03 12:45:00,307.85,307.85,307.0,307.0,150,0,9600.0,CE
2017-10-03 12:48:00,306.0,306.0,306.0,306.0,75,0,9600.0,CE
2017-10-03 12:49:00,305.35,305.35,304.95,304.95,150,0,9600.0,CE
2017-10-03 12:52:00,304.1,305.05,304.1,305.05,225,0,9600.0,CE
2017-10-03 12:53:00,305.75,305.75,305.75,305.75,150,0,9600.0,CE
2017-10-03 12:54:00,304.0,304.0,304.0,304.0,525,0,9600.0,CE
2017-10-03 12:56:00,304.85,304.85,301.95,301.95,675,0,9600.0,CE
2017-10-03 12:59:00,304.6,304.6,303.5,303.5,150,0,9600.0,CE
2017-10-03 13:00:00,304.5,304.5,304.5,304.5,75,0,9600.0,CE
2017-10-03 13:01:00,305.0,305.0,305.0,305.0,75,0,9600.0,CE
2017-10-03 13:02:00,303.1,303.1,300.65,300.65,450,0,9600.0,CE
2017-10-03 13:03:00,301.2,301.2,301.2,301.2,75,0,9600.0,CE
2017-10-03 13:05:00,301.95,301.95,298.45,298.45,525,0,9600.0,CE
2017-10-03 13:06:00,294.3,295.95,290.5,290.5,2925,0,9600.0,CE
2017-10-03 13:07:00,291.45,294.05,291.45,292.45,975,0,9600.0,CE
2017-10-03 13:08:00,292.15,293.5,292.15,293.5,150,0,9600.0,CE
2017-10-03 13:09:00,293.45,295.05,293.45,295.05,600,0,9600.0,CE
2017-10-03 13:10:00,294.8,296.0,294.8,295.05,600,0,9600.0,CE
2017-10-03 13:11:00,295.1,295.1,295.1,295.1,75,0,9600.0,CE
2017-10-03 13:12:00,294.5,294.95,293.45,294.95,300,0,9600.0,CE
2017-10-03 13:13:00,296.05,297.0,295.35,297.0,300,0,9600.0,CE
2017-10-03 13:15:00,297.3,297.3,297.3,297.3,75,0,9600.0,CE
2017-10-03 13:16:00,297.3,298.0,297.3,298.0,150,0,9600.0,CE
2017-10-03 13:18:00,296.5,296.5,296.5,296.5,75,0,9600.0,CE
2017-10-03 13:19:00,296.6,296.6,295.45,295.45,150,0,9600.0,CE
2017-10-03 13:21:00,295.2,295.2,295.2,295.2,75,0,9600.0,CE
2017-10-03 13:22:00,293.05,293.05,290.0,290.45,675,0,9600.0,CE
2017-10-03 13:24:00,291.2,291.6,290.15,290.15,300,0,9600.0,CE
2017-10-03 13:25:00,289.05,289.05,288.5,288.5,1275,0,9600.0,CE
2017-10-03 13:26:00,289.6,289.6,288.75,289.0,375,0,9600.0,CE
2017-10-03 13:27:00,288.35,288.35,287.75,287.75,375,0,9600.0,CE
2017-10-03 13:28:00,285.6,285.6,283.0,283.0,1725,0,9600.0,CE
2017-10-03 13:29:00,281.05,281.05,277.65,279.8,1500,0,9600.0,CE
2017-10-03 13:30:00,284.9,284.9,284.9,284.9,75,0,9600.0,CE
2017-10-03 13:31:00,284.75,286.8,284.75,285.9,825,0,9600.0,CE
2017-10-03 13:32:00,285.25,285.25,285.25,285.25,225,0,9600.0,CE
2017-10-03 13:33:00,283.55,283.55,280.95,282.45,600,0,9600.0,CE
2017-10-03 13:34:00,284.5,284.5,284.5,284.5,75,0,9600.0,CE
2017-10-03 13:35:00,284.0,284.0,283.45,283.45,225,0,9600.0,CE
2017-10-03 13:39:00,284.75,284.75,284.75,284.75,75,0,9600.0,CE
2017-10-03 13:40:00,282.0,282.0,281.85,281.85,525,0,9600.0,CE
2017-10-03 13:41:00,282.25,282.25,279.3,279.3,225,0,9600.0,CE
2017-10-03 13:44:00,282.55,282.55,282.55,282.55,150,0,9600.0,CE
2017-10-03 13:45:00,283.0,284.0,283.0,284.0,225,0,9600.0,CE
2017-10-03 13:46:00,285.0,285.0,284.1,284.1,825,0,9600.0,CE
2017-10-03 13:48:00,290.0,290.0,288.4,288.4,150,0,9600.0,CE
2017-10-03 13:49:00,289.2,289.2,289.2,289.2,75,0,9600.0,CE
2017-10-03 13:51:00,286.0,286.15,285.3,286.15,525,0,9600.0,CE
2017-10-03 13:57:00,286.35,290.5,286.35,288.3,375,0,9600.0,CE
2017-10-03 13:58:00,290.5,291.85,290.5,291.85,375,0,9600.0,CE
2017-10-03 13:59:00,290.45,290.45,288.5,288.5,675,0,9600.0,CE
2017-10-03 14:00:00,288.85,288.85,288.85,288.85,75,0,9600.0,CE
2017-10-03 14:01:00,286.25,286.25,286.25,286.25,75,0,9600.0,CE
2017-10-03 14:03:00,284.05,284.05,284.05,284.05,150,0,9600.0,CE
2017-10-03 14:04:00,284.5,284.5,284.5,284.5,150,0,9600.0,CE
2017-10-03 14:05:00,282.3,282.3,282.3,282.3,150,0,9600.0,CE
2017-10-03 14:06:00,282.05,282.15,282.05,282.15,150,0,9600.0,CE
2017-10-03 14:07:00,284.0,286.0,284.0,286.0,300,0,9600.0,CE
2017-10-03 14:09:00,286.35,286.35,286.35,286.35,75,0,9600.0,CE
2017-10-03 14:12:00,290.0,290.0,290.0,290.0,75,0,9600.0,CE
2017-10-03 14:13:00,288.0,288.0,288.0,288.0,75,0,9600.0,CE
2017-10-03 14:16:00,288.0,288.0,287.1,287.1,225,0,9600.0,CE
2017-10-03 14:17:00,290.0,290.0,290.0,290.0,75,0,9600.0,CE
2017-10-03 14:19:00,290.85,290.85,289.25,289.25,300,0,9600.0,CE
2017-10-03 14:22:00,291.85,291.85,291.85,291.85,75,0,9600.0,CE
2017-10-03 14:23:00,290.55,290.55,290.55,290.55,975,0,9600.0,CE
2017-10-03 14:24:00,294.15,296.5,294.15,296.5,600,0,9600.0,CE
2017-10-03 14:25:00,298.0,300.1,298.0,298.8,1125,0,9600.0,CE
2017-10-03 14:26:00,297.0,298.35,297.0,298.35,1575,0,9600.0,CE
2017-10-03 14:27:00,300.45,300.45,300.15,300.15,225,0,9600.0,CE
2017-10-03 14:28:00,299.35,299.35,298.85,298.85,900,0,9600.0,CE
2017-10-03 14:29:00,296.55,296.55,296.55,296.55,525,0,9600.0,CE
2017-10-03 14:30:00,297.45,297.45,297.45,297.45,75,0,9600.0,CE
2017-10-03 14:31:00,297.85,303.35,297.85,303.35,2475,0,9600.0,CE
2017-10-03 14:32:00,302.6,302.6,302.6,302.6,75,0,9600.0,CE
2017-10-03 14:33:00,300.1,300.1,300.1,300.1,75,0,9600.0,CE
2017-10-03 14:34:00,299.55,299.55,299.55,299.55,75,0,9600.0,CE
2017-10-03 14:35:00,303.3,303.3,298.9,298.9,300,0,9600.0,CE
2017-10-03 14:37:00,299.55,299.55,299.0,299.0,225,0,9600.0,CE
2017-10-03 14:38:00,299.5,299.5,299.5,299.5,75,0,9600.0,CE
2017-10-03 14:40:00,299.55,299.55,299.55,299.55,75,0,9600.0,CE
2017-10-03 14:41:00,299.45,299.45,299.45,299.45,75,0,9600.0,CE
2017-10-03 14:42:00,298.15,298.15,293.55,293.55,1425,0,9600.0,CE
2017-10-03 14:43:00,292.3,293.05,292.3,293.05,900,0,9600.0,CE
2017-10-03 14:44:00,292.05,292.05,292.05,292.05,75,0,9600.0,CE
2017-10-03 14:46:00,293.45,294.7,293.45,294.7,150,0,9600.0,CE
2017-10-03 14:47:00,294.65,294.65,294.65,294.65,75,0,9600.0,CE
2017-10-03 14:49:00,292.65,292.65,292.65,292.65,450,0,9600.0,CE
2017-10-03 14:50:00,292.0,293.35,292.0,293.35,300,0,9600.0,CE
2017-10-03 14:51:00,292.75,292.75,291.85,291.85,300,0,9600.0,CE
2017-10-03 14:53:00,296.0,296.0,296.0,296.0,1050,0,9600.0,CE
2017-10-03 14:56:00,300.0,300.0,300.0,300.0,375,0,9600.0,CE
2017-10-03 14:57:00,300.15,300.15,298.25,298.25,825,0,9600.0,CE
2017-10-03 15:00:00,298.25,298.25,298.25,298.25,225,0,9600.0,CE
2017-10-03 15:02:00,298.0,298.0,298.0,298.0,75,0,9600.0,CE
2017-10-03 15:03:00,299.35,299.35,299.35,299.35,75,0,9600.0,CE
2017-10-03 15:04:00,300.15,300.9,300.15,300.9,750,0,9600.0,CE
2017-10-03 15:05:00,300.55,301.6,300.55,301.55,525,0,9600.0,CE
2017-10-03 15:06:00,302.05,303.0,302.0,303.0,1275,0,9600.0,CE
2017-10-03 15:07:00,304.3,304.3,302.0,302.0,675,0,9600.0,CE
2017-10-03 15:08:00,303.7,303.7,302.3,302.3,300,0,9600.0,CE
2017-10-03 15:09:00,303.7,303.7,303.65,303.65,150,0,9600.0,CE
2017-10-03 15:10:00,303.5,303.5,302.8,302.8,975,0,9600.0,CE
2017-10-03 15:11:00,303.0,303.0,302.9,302.9,300,0,9600.0,CE
2017-10-03 15:12:00,302.9,302.9,301.55,302.2,2100,0,9600.0,CE
2017-10-03 15:13:00,302.95,302.95,302.0,302.0,1650,0,9600.0,CE
2017-10-03 15:14:00,301.95,301.95,300.6,300.6,375,0,9600.0,CE
2017-10-03 15:15:00,300.5,301.5,300.3,300.35,2175,0,9600.0,CE
2017-10-03 15:16:00,299.35,299.35,298.6,298.8,2850,0,9600.0,CE
2017-10-03 15:17:00,298.5,299.35,298.0,299.25,1875,0,9600.0,CE
2017-10-03 15:18:00,299.6,299.6,299.55,299.55,150,0,9600.0,CE
2017-10-03 15:19:00,300.25,300.25,300.25,300.25,75,0,9600.0,CE
2017-10-03 15:20:00,301.45,301.45,299.3,299.3,675,0,9600.0,CE
2017-10-03 15:21:00,299.0,299.95,299.0,299.95,1125,0,9600.0,CE
2017-10-03 15:22:00,299.7,299.7,297.95,297.95,450,0,9600.0,CE
2017-10-03 15:23:00,298.9,298.9,298.8,298.8,525,0,9600.0,CE
2017-10-03 15:24:00,298.5,299.0,298.3,298.7,1275,0,9600.0,CE
2017-10-03 15:25:00,296.85,296.85,296.25,296.65,300,0,9600.0,CE
2017-10-03 15:26:00,296.0,296.0,296.0,296.0,300,0,9600.0,CE
2017-10-03 15:27:00,295.9,296.0,294.55,296.0,1950,0,9600.0,CE
2017-10-03 15:28:00,296.6,298.0,296.6,298.0,2475,0,9600.0,CE
2017-10-03 15:29:00,297.95,297.95,296.95,297.15,1200,0,9600.0,CE
2017-10-03 15:30:00,297.95,299.65,296.95,299.65,0,0,9600.0,CE
2017-10-04 09:15:00,308.3,308.3,303.0,303.0,750,0,9600.0,CE
2017-10-04 09:16:00,299.5,299.5,299.5,299.5,300,0,9600.0,CE
2017-10-04 09:17:00,303.55,304.05,300.5,302.65,2400,0,9600.0,CE
2017-10-04 09:18:00,301.85,301.85,299.35,301.4,675,0,9600.0,CE
2017-10-04 09:19:00,301.0,301.0,299.55,299.55,1425,0,9600.0,CE
2017-10-04 09:20:00,299.55,299.55,295.2,295.2,1425,0,9600.0,CE
2017-10-04 09:21:00,295.35,297.0,295.35,297.0,750,0,9600.0,CE
2017-10-04 09:22:00,295.15,298.0,295.15,298.0,675,0,9600.0,CE
2017-10-04 09:23:00,297.0,300.0,297.0,300.0,300,0,9600.0,CE
2017-10-04 09:24:00,303.0,303.0,303.0,303.0,75,0,9600.0,CE
2017-10-04 09:25:00,302.15,302.15,299.55,299.55,300,0,9600.0,CE
2017-10-04 09:26:00,303.05,303.6,302.85,303.6,750,0,9600.0,CE
2017-10-04 09:28:00,301.0,302.3,301.0,302.3,375,0,9600.0,CE
2017-10-04 09:29:00,302.5,303.6,302.5,303.6,150,0,9600.0,CE
2017-10-04 09:30:00,305.0,313.05,305.0,310.7,1425,0,9600.0,CE
2017-10-04 09:31:00,310.35,313.05,310.35,313.05,225,0,9600.0,CE
2017-10-04 09:32:00,310.65,310.65,308.9,309.5,300,0,9600.0,CE
2017-10-04 09:33:00,309.15,311.1,309.15,311.1,675,0,9600.0,CE
2017-10-04 09:34:00,312.5,312.5,307.45,307.45,600,0,9600.0,CE
2017-10-04 09:35:00,310.0,313.0,309.95,309.95,525,0,9600.0,CE
2017-10-04 09:36:00,311.05,312.5,311.05,312.0,2550,0,9600.0,CE
2017-10-04 09:37:00,311.55,314.0,311.55,314.0,8100,0,9600.0,CE
2017-10-04 09:38:00,315.0,315.0,312.95,312.95,975,0,9600.0,CE
2017-10-04 09:39:00,312.45,312.45,311.75,311.75,825,0,9600.0,CE
2017-10-04 09:40:00,311.0,311.0,311.0,311.0,75,0,9600.0,CE
2017-10-04 09:41:00,312.0,312.0,312.0,312.0,75,0,9600.0,CE
2017-10-04 09:42:00,311.8,312.25,311.8,312.25,600,0,9600.0,CE
2017-10-04 09:43:00,315.0,315.0,315.0,315.0,525,0,9600.0,CE
2017-10-04 09:44:00,315.0,316.1,315.0,316.1,300,0,9600.0,CE
2017-10-04 09:45:00,314.75,314.75,312.75,314.35,1800,0,9600.0,CE
2017-10-04 09:46:00,314.2,314.2,314.2,314.2,375,0,9600.0,CE
2017-10-04 09:47:00,314.5,314.5,314.5,314.5,150,0,9600.0,CE
2017-10-04 09:48:00,312.85,312.85,312.5,312.5,150,0,9600.0,CE
2017-10-04 09:49:00,312.55,312.55,311.8,311.8,150,0,9600.0,CE
2017-10-04 09:50:00,312.0,312.0,311.15,311.15,225,0,9600.0,CE
2017-10-04 09:51:00,312.5,312.5,312.5,312.5,75,0,9600.0,CE
2017-10-04 09:52:00,315.0,315.0,315.0,315.0,75,0,9600.0,CE
2017-10-04 09:53:00,316.55,319.0,316.55,319.0,225,0,9600.0,CE
2017-10-04 09:54:00,318.9,318.9,317.7,317.7,225,0,9600.0,CE
2017-10-04 09:55:00,317.75,317.75,317.0,317.0,525,0,9600.0,CE
2017-10-04 09:56:00,315.2,315.2,315.2,315.2,300,0,9600.0,CE
2017-10-04 09:57:00,318.05,318.05,318.05,318.05,75,0,9600.0,CE
2017-10-04 09:58:00,318.0,318.0,318.0,318.0,225,0,9600.0,CE
2017-10-04 10:01:00,318.0,325.0,318.0,325.0,1800,0,9600.0,CE
2017-10-04 10:02:00,325.6,328.0,325.45,325.45,1125,0,9600.0,CE
2017-10-04 10:03:00,325.8,329.0,325.5,328.0,675,0,9600.0,CE
2017-10-04 10:04:00,330.0,330.5,326.7,326.7,525,0,9600.0,CE
2017-10-04 10:05:00,327.0,327.0,327.0,327.0,75,0,9600.0,CE
2017-10-04 10:06:00,327.65,327.65,325.8,325.8,300,0,9600.0,CE
2017-10-04 10:07:00,323.65,323.65,322.1,322.1,225,0,9600.0,CE
2017-10-04 10:08:00,322.0,322.95,321.0,322.5,1800,0,9600.0,CE
2017-10-04 10:09:00,324.0,325.5,324.0,325.5,375,0,9600.0,CE
2017-10-04 10:11:00,327.0,327.85,327.0,327.85,225,0,9600.0,CE
2017-10-04 10:12:00,330.0,338.0,330.0,333.95,2100,0,9600.0,CE
2017-10-04 10:13:00,333.9,336.55,333.9,336.5,1125,0,9600.0,CE
2017-10-04 10:14:00,337.85,337.85,335.5,336.75,1950,0,9600.0,CE
2017-10-04 10:15:00,334.6,334.6,334.6,334.6,975,0,9600.0,CE
2017-10-04 10:16:00,335.2,335.2,334.9,334.9,225,0,9600.0,CE
2017-10-04 10:17:00,332.65,334.25,332.5,334.25,825,0,9600.0,CE
2017-10-04 10:18:00,334.0,337.5,334.0,337.5,450,0,9600.0,CE
2017-10-04 10:19:00,337.6,338.0,337.6,338.0,150,0,9600.0,CE
2017-10-04 10:21:00,336.15,336.15,336.15,336.15,75,0,9600.0,CE
2017-10-04 10:22:00,336.0,336.0,335.0,335.0,450,0,9600.0,CE
2017-10-04 10:23:00,336.0,336.05,336.0,336.05,150,0,9600.0,CE
2017-10-04 10:24:00,337.0,337.0,337.0,337.0,75,0,9600.0,CE
2017-10-04 10:25:00,335.5,335.5,335.5,335.5,75,0,9600.0,CE
2017-10-04 10:26:00,335.0,335.5,335.0,335.0,750,0,9600.0,CE
2017-10-04 10:27:00,335.5,335.5,335.5,335.5,75,0,9600.0,CE
2017-10-04 10:28:00,337.9,342.7,337.9,342.7,825,0,9600.0,CE
2017-10-04 10:29:00,342.6,343.0,341.9,343.0,1350,0,9600.0,CE
2017-10-04 10:30:00,344.5,345.5,343.5,344.2,1650,0,9600.0,CE
2017-10-04 10:31:00,345.0,348.0,345.0,347.0,1050,0,9600.0,CE
2017-10-04 10:33:00,344.45,345.0,342.25,343.5,600,0,9600.0,CE
2017-10-04 10:35:00,346.0,346.1,346.0,346.1,150,0,9600.0,CE
2017-10-04 10:36:00,346.1,346.1,346.1,346.1,75,0,9600.0,CE
2017-10-04 10:37:00,342.55,342.55,342.55,342.55,75,0,9600.0,CE
2017-10-04 10:39:00,346.8,346.8,346.7,346.7,150,0,9600.0,CE
2017-10-04 10:40:00,348.4,351.45,348.4,351.0,1425,0,9600.0,CE
2017-10-04 10:41:00,349.0,350.5,349.0,349.65,300,0,9600.0,CE
2017-10-04 10:42:00,349.0,349.0,347.0,347.0,525,0,9600.0,CE
2017-10-04 10:43:00,347.75,348.2,347.75,348.2,150,0,9600.0,CE
2017-10-04 10:44:00,348.0,348.0,348.0,348.0,75,0,9600.0,CE
2017-10-04 10:45:00,347.5,347.5,346.65,346.65,225,0,9600.0,CE
2017-10-04 10:46:00,345.0,345.0,343.55,343.7,225,0,9600.0,CE
2017-10-04 10:47:00,342.05,342.05,340.5,341.7,375,0,9600.0,CE
2017-10-04 10:48:00,342.9,345.05,342.9,345.05,300,0,9600.0,CE
2017-10-04 10:49:00,343.0,343.0,341.7,341.7,225,0,9600.0,CE
2017-10-04 10:50:00,342.25,342.25,342.25,342.25,75,0,9600.0,CE
2017-10-04 10:51:00,339.05,339.05,339.05,339.05,225,0,9600.0,CE
2017-10-04 10:52:00,340.5,340.5,340.5,340.5,75,0,9600.0,CE
2017-10-04 10:53:00,339.5,339.5,339.05,339.05,150,0,9600.0,CE
2017-10-04 10:54:00,339.7,339.7,339.7,339.7,750,0,9600.0,CE
2017-10-04 10:57:00,339.0,339.0,339.0,339.0,75,0,9600.0,CE
2017-10-04 11:00:00,344.2,344.2,344.2,344.2,75,0,9600.0,CE
2017-10-04 11:01:00,342.95,342.95,342.7,342.7,375,0,9600.0,CE
2017-10-04 11:05:00,345.5,345.5,345.5,345.5,150,0,9600.0,CE
2017-10-04 11:09:00,348.6,348.6,348.6,348.6,150,0,9600.0,CE
2017-10-04 11:11:00,349.8,349.8,347.85,347.85,225,0,9600.0,CE
2017-10-04 11:12:00,349.3,350.0,349.3,350.0,150,0,9600.0,CE
2017-10-04 11:13:00,350.1,350.1,350.1,350.1,75,0,9600.0,CE
2017-10-04 11:14:00,354.85,354.85,354.05,354.05,975,0,9600.0,CE
2017-10-04 11:15:00,355.0,355.55,353.55,353.55,1275,0,9600.0,CE
2017-10-04 11:16:00,353.0,353.0,352.5,352.65,225,0,9600.0,CE
2017-10-04 11:17:00,351.55,351.55,350.8,350.8,150,0,9600.0,CE
2017-10-04 11:18:00,351.7,351.7,351.7,351.7,75,0,9600.0,CE
2017-10-04 11:19:00,350.5,351.55,350.5,351.55,300,0,9600.0,CE
2017-10-04 11:20:00,350.5,350.5,350.5,350.5,1050,0,9600.0,CE
2017-10-04 11:21:00,349.95,349.95,349.35,349.35,150,0,9600.0,CE
2017-10-04 11:22:00,348.9,348.9,346.85,346.85,600,0,9600.0,CE
2017-10-04 11:23:00,347.65,347.65,347.65,347.65,75,0,9600.0,CE
2017-10-04 11:25:00,348.3,348.3,347.7,347.7,150,0,9600.0,CE
2017-10-04 11:27:00,347.5,347.5,347.5,347.5,75,0,9600.0,CE
2017-10-04 11:32:00,348.45,348.45,348.45,348.45,75,0,9600.0,CE
2017-10-04 11:33:00,348.0,348.0,348.0,348.0,75,0,9600.0,CE
2017-10-04 11:34:00,348.1,348.1,348.1,348.1,75,0,9600.0,CE
2017-10-04 11:35:00,347.0,347.0,347.0,347.0,150,0,9600.0,CE
2017-10-04 11:36:00,345.05,345.05,342.45,342.45,225,0,9600.0,CE
2017-10-04 11:38:00,345.15,345.15,345.15,345.15,150,0,9600.0,CE
2017-10-04 11:39:00,346.85,346.85,346.85,346.85,75,0,9600.0,CE
2017-10-04 11:40:00,346.0,346.0,346.0,346.0,150,0,9600.0,CE
2017-10-04 11:41:00,349.35,349.35,349.35,349.35,75,0,9600.0,CE
2017-10-04 11:42:00,349.6,349.6,349.6,349.6,75,0,9600.0,CE
2017-10-04 11:49:00,348.25,348.25,348.25,348.25,75,0,9600.0,CE
2017-10-04 11:50:00,346.5,346.5,346.05,346.05,150,0,9600.0,CE
2017-10-04 11:52:00,344.6,344.6,343.65,344.05,300,0,9600.0,CE
2017-10-04 11:53:00,344.05,344.05,344.05,344.05,75,0,9600.0,CE
2017-10-04 11:56:00,346.7,348.6,346.7,348.6,225,0,9600.0,CE
2017-10-04 12:01:00,343.95,343.95,343.95,343.95,150,0,9600.0,CE
2017-10-04 12:04:00,343.4,345.5,343.4,345.5,150,0,9600.0,CE
2017-10-04 12:05:00,344.2,344.2,344.2,344.2,75,0,9600.0,CE
2017-10-04 12:07:00,346.8,346.8,346.8,346.8,75,0,9600.0,CE
2017-10-04 12:08:00,346.4,346.95,346.4,346.95,300,0,9600.0,CE
2017-10-04 12:09:00,346.35,346.35,346.35,346.35,150,0,9600.0,CE
2017-10-04 12:10:00,346.6,346.6,346.6,346.6,75,0,9600.0,CE
2017-10-04 12:11:00,348.0,348.25,348.0,348.25,225,0,9600.0,CE
2017-10-04 12:12:00,348.5,348.55,348.5,348.55,300,0,9600.0,CE
2017-10-04 12:13:00,348.25,348.25,348.25,348.25,75,0,9600.0,CE
2017-10-04 12:14:00,348.8,348.9,348.6,348.6,675,0,9600.0,CE
2017-10-04 12:20:00,350.0,350.0,350.0,350.0,75,0,9600.0,CE
2017-10-04 12:21:00,350.3,350.3,349.95,349.95,300,0,9600.0,CE
2017-10-04 12:22:00,350.35,350.85,350.0,350.45,675,0,9600.0,CE
2017-10-04 12:23:00,350.95,350.95,349.9,349.9,450,0,9600.0,CE
2017-10-04 12:24:00,349.25,349.9,349.25,349.9,150,0,9600.0,CE
2017-10-04 12:25:00,350.35,350.35,349.05,349.05,525,0,9600.0,CE
2017-10-04 12:26:00,349.0,349.0,349.0,349.0,150,0,9600.0,CE
2017-10-04 12:27:00,349.6,349.6,349.2,349.2,525,0,9600.0,CE
2017-10-04 12:28:00,349.25,349.25,349.1,349.1,225,0,9600.0,CE
2017-10-04 12:30:00,346.0,347.5,346.0,347.5,450,0,9600.0,CE
2017-10-04 12:31:00,345.5,345.5,344.7,344.7,150,0,9600.0,CE
2017-10-04 12:34:00,348.65,348.65,348.65,348.65,75,0,9600.0,CE
2017-10-04 12:39:00,348.0,348.55,347.85,348.55,225,0,9600.0,CE
2017-10-04 12:40:00,348.95,350.0,348.95,349.5,375,0,9600.0,CE
2017-10-04 12:41:00,349.0,349.0,349.0,349.0,150,0,9600.0,CE
2017-10-04 12:42:00,349.0,349.0,349.0,349.0,150,0,9600.0,CE
2017-10-04 12:43:00,348.75,349.5,348.75,349.5,525,0,9600.0,CE
2017-10-04 12:46:00,349.75,349.75,349.65,349.65,225,0,9600.0,CE
2017-10-04 12:47:00,350.55,350.55,350.05,350.05,375,0,9600.0,CE
2017-10-04 12:48:00,351.4,351.55,351.1,351.55,675,0,9600.0,CE
2017-10-04 12:49:00,351.2,353.3,351.2,352.85,375,0,9600.0,CE
2017-10-04 12:53:00,346.15,346.15,345.85,345.85,450,0,9600.0,CE
2017-10-04 12:56:00,348.65,348.65,348.65,348.65,75,0,9600.0,CE
2017-10-04 12:57:00,348.15,348.15,348.15,348.15,75,0,9600.0,CE
2017-10-04 12:58:00,345.25,345.25,345.25,345.25,150,0,9600.0,CE
2017-10-04 13:00:00,346.25,346.25,346.25,346.25,150,0,9600.0,CE
2017-10-04 13:03:00,345.8,345.8,345.8,345.8,300,0,9600.0,CE
2017-10-04 13:06:00,347.15,347.15,347.05,347.05,225,0,9600.0,CE
2017-10-04 13:07:00,346.3,346.3,346.3,346.3,150,0,9600.0,CE
2017-10-04 13:08:00,346.05,346.05,346.05,346.05,150,0,9600.0,CE
2017-10-04 13:09:00,347.0,347.0,347.0,347.0,375,0,9600.0,CE
2017-10-04 13:13:00,347.0,347.0,347.0,347.0,2550,0,9600.0,CE
2017-10-04 13:14:00,347.0,347.0,347.0,347.0,150,0,9600.0,CE
2017-10-04 13:16:00,347.0,347.0,347.0,347.0,75,0,9600.0,CE
2017-10-04 13:17:00,347.0,347.0,347.0,347.0,1350,0,9600.0,CE
2017-10-04 13:21:00,346.0,349.5,346.0,349.5,375,0,9600.0,CE
2017-10-04 13:23:00,348.15,348.15,348.15,348.15,75,0,9600.0,CE
2017-10-04 13:25:00,348.75,348.75,348.75,348.75,150,0,9600.0,CE
2017-10-04 13:29:00,349.0,350.0,349.0,350.0,375,0,9600.0,CE
2017-10-04 13:36:00,349.8,349.8,349.8,349.8,150,0,9600.0,CE
2017-10-04 13:41:00,349.8,349.8,349.8,349.8,75,0,9600.0,CE
2017-10-04 13:45:00,350.0,350.0,349.85,349.85,225,0,9600.0,CE
2017-10-04 13:46:00,349.5,349.5,349.5,349.5,75,0,9600.0,CE
2017-10-04 13:50:00,349.0,349.0,349.0,349.0,75,0,9600.0,CE
2017-10-04 13:53:00,348.5,348.5,347.55,347.55,225,0,9600.0,CE
2017-10-04 13:54:00,346.75,346.75,338.25,338.25,2250,0,9600.0,CE
2017-10-04 13:55:00,336.15,338.45,336.15,337.5,900,0,9600.0,CE
2017-10-04 13:57:00,338.2,338.2,337.85,337.85,150,0,9600.0,CE
2017-10-04 13:58:00,339.05,339.8,338.85,339.8,1125,0,9600.0,CE
2017-10-04 14:00:00,339.75,339.75,339.75,339.75,75,0,9600.0,CE
2017-10-04 14:01:00,337.2,337.2,335.0,335.0,525,0,9600.0,CE
2017-10-04 14:02:00,335.2,335.2,335.2,335.2,75,0,9600.0,CE
2017-10-04 14:03:00,336.0,336.05,335.85,336.05,300,0,9600.0,CE
2017-10-04 14:04:00,336.25,336.25,336.25,336.25,75,0,9600.0,CE
2017-10-04 14:05:00,338.5,338.9,338.5,338.9,150,0,9600.0,CE
2017-10-04 14:08:00,338.0,338.0,338.0,338.0,75,0,9600.0,CE
2017-10-04 14:09:00,339.5,339.5,339.25,339.25,150,0,9600.0,CE
2017-10-04 14:10:00,339.0,339.0,338.05,338.05,600,0,9600.0,CE
2017-10-04 14:11:00,337.35,337.35,334.0,334.4,1050,0,9600.0,CE
2017-10-04 14:12:00,334.85,334.85,334.8,334.8,150,0,9600.0,CE
2017-10-04 14:15:00,335.2,335.2,333.0,333.0,525,0,9600.0,CE
2017-10-04 14:18:00,337.1,337.5,337.1,337.5,825,0,9600.0,CE
2017-10-04 14:19:00,340.0,340.5,340.0,340.5,150,0,9600.0,CE
2017-10-04 14:20:00,342.0,345.0,342.0,345.0,300,0,9600.0,CE
2017-10-04 14:22:00,342.0,342.0,342.0,342.0,75,0,9600.0,CE
2017-10-04 14:26:00,338.6,338.6,338.6,338.6,75,0,9600.0,CE
2017-10-04 14:27:00,338.5,339.5,338.5,339.2,225,0,9600.0,CE
2017-10-04 14:29:00,345.0,345.0,340.5,340.5,375,0,9600.0,CE
2017-10-04 14:30:00,334.6,338.7,331.85,333.5,1500,0,9600.0,CE
2017-10-04 14:31:00,334.15,340.8,334.15,340.8,300,0,9600.0,CE
2017-10-04 14:32:00,337.0,337.0,337.0,337.0,75,0,9600.0,CE
2017-10-04 14:33:00,332.15,333.65,327.2,327.2,1275,0,9600.0,CE
2017-10-04 14:34:00,330.0,330.0,325.05,325.05,1425,0,9600.0,CE
2017-10-04 14:35:00,333.8,333.8,333.8,333.8,75,0,9600.0,CE
2017-10-04 14:36:00,337.3,337.3,337.3,337.3,75,0,9600.0,CE
2017-10-04 14:38:00,344.15,344.15,344.15,344.15,7725,0,9600.0,CE
2017-10-04 14:39:00,352.3,361.45,352.3,360.05,3450,0,9600.0,CE
2017-10-04 14:40:00,362.0,367.35,360.0,360.0,2475,0,9600.0,CE
2017-10-04 14:41:00,358.0,359.0,354.9,358.0,450,0,9600.0,CE
2017-10-04 14:42:00,360.0,361.0,360.0,361.0,225,0,9600.0,CE
2017-10-04 14:43:00,362.95,362.95,361.0,361.0,450,0,9600.0,CE
2017-10-04 14:44:00,362.85,363.95,361.9,362.95,300,0,9600.0,CE
2017-10-04 14:45:00,361.95,362.05,359.05,362.05,600,0,9600.0,CE
2017-10-04 14:46:00,363.5,363.5,363.5,363.5,225,0,9600.0,CE
2017-10-04 14:47:00,364.5,364.5,358.0,358.0,375,0,9600.0,CE
2017-10-04 14:48:00,356.5,358.0,356.5,358.0,225,0,9600.0,CE
2017-10-04 14:49:00,357.2,358.5,357.2,358.5,225,0,9600.0,CE
2017-10-04 14:51:00,358.5,358.5,355.3,357.8,975,0,9600.0,CE
2017-10-04 14:52:00,353.5,353.5,353.5,353.5,75,0,9600.0,CE
2017-10-04 14:53:00,357.0,357.0,357.0,357.0,75,0,9600.0,CE
2017-10-04 14:55:00,355.6,359.9,355.6,359.9,300,0,9600.0,CE
2017-10-04 14:56:00,359.1,359.1,359.1,359.1,75,0,9600.0,CE
2017-10-04 14:57:00,359.0,359.0,357.0,357.0,450,0,9600.0,CE
2017-10-04 14:58:00,358.0,358.0,357.2,357.2,375,0,9600.0,CE
2017-10-04 15:00:00,358.0,358.0,353.05,353.05,900,0,9600.0,CE
2017-10-04 15:01:00,352.05,352.05,350.75,351.95,600,0,9600.0,CE
2017-10-04 15:02:00,350.0,350.95,349.3,349.3,825,0,9600.0,CE
2017-10-04 15:03:00,350.25,350.25,350.25,350.25,75,0,9600.0,CE
2017-10-04 15:04:00,350.55,351.45,350.55,351.45,150,0,9600.0,CE
2017-10-04 15:05:00,350.05,350.05,346.4,346.4,1050,0,9600.0,CE
2017-10-04 15:06:00,347.05,347.4,344.0,344.0,5850,0,9600.0,CE
2017-10-04 15:07:00,341.6,342.4,341.6,341.65,225,0,9600.0,CE
2017-10-04 15:08:00,342.1,342.1,335.55,335.55,1200,0,9600.0,CE
2017-10-04 15:09:00,339.0,340.0,339.0,340.0,150,0,9600.0,CE
2017-10-04 15:10:00,336.45,336.45,333.5,333.5,525,0,9600.0,CE
2017-10-04 15:11:00,331.55,333.5,331.55,333.5,300,0,9600.0,CE
2017-10-04 15:12:00,333.5,336.8,333.5,335.8,225,0,9600.0,CE
2017-10-04 15:13:00,337.0,339.0,337.0,337.0,600,0,9600.0,CE
2017-10-04 15:14:00,339.05,339.05,339.05,339.05,1050,0,9600.0,CE
2017-10-04 15:15:00,339.35,339.35,339.35,339.35,75,0,9600.0,CE
2017-10-04 15:16:00,341.7,343.0,341.7,343.0,150,0,9600.0,CE
2017-10-04 15:17:00,341.05,342.0,341.05,342.0,525,0,9600.0,CE
2017-10-04 15:18:00,342.95,342.95,341.35,342.85,225,0,9600.0,CE
2017-10-04 15:19:00,342.45,342.45,341.8,341.8,225,0,9600.0,CE
2017-10-04 15:20:00,341.0,342.0,340.7,342.0,525,0,9600.0,CE
2017-10-04 15:21:00,343.95,345.4,343.95,345.4,900,0,9600.0,CE
2017-10-04 15:22:00,346.75,349.4,346.75,348.0,675,0,9600.0,CE
2017-10-04 15:23:00,349.9,351.95,349.4,351.95,1200,0,9600.0,CE
2017-10-04 15:24:00,353.35,354.0,353.35,353.5,1950,0,9600.0,CE
2017-10-04 15:25:00,355.6,357.35,355.0,356.5,2625,0,9600.0,CE
2017-10-04 15:26:00,356.5,360.15,356.5,359.55,3375,0,9600.0,CE
2017-10-04 15:27:00,360.65,361.05,356.7,356.7,4575,0,9600.0,CE
2017-10-04 15:28:00,357.15,357.6,357.15,357.6,150,0,9600.0,CE
2017-10-04 15:29:00,358.25,359.0,358.25,359.0,750,0,9600.0,CE
2017-10-04 15:30:00,358.25,359.0,358.25,350.4,0,0,9600.0,CE
2017-10-05 09:15:00,345.2,345.2,345.15,345.15,150,0,9600.0,CE
2017-10-05 09:16:00,345.55,350.4,345.55,350.2,675,0,9600.0,CE
2017-10-05 09:17:00,350.2,353.4,350.2,350.2,375,0,9600.0,CE
2017-10-05 09:18:00,348.1,348.15,348.1,348.1,750,0,9600.0,CE
2017-10-05 09:20:00,346.0,346.0,344.15,344.15,225,0,9600.0,CE
2017-10-05 09:21:00,343.0,345.05,343.0,345.0,375,0,9600.0,CE
2017-10-05 09:22:00,349.45,349.45,349.45,349.45,75,0,9600.0,CE
2017-10-05 09:23:00,350.75,355.0,350.75,354.7,1125,0,9600.0,CE
2017-10-05 09:24:00,353.95,353.95,353.0,353.0,225,0,9600.0,CE
2017-10-05 09:25:00,353.05,353.05,351.25,352.05,1050,0,9600.0,CE
2017-10-05 09:26:00,351.05,352.05,351.0,352.05,525,0,9600.0,CE
2017-10-05 09:27:00,353.0,353.0,353.0,353.0,600,0,9600.0,CE
2017-10-05 09:28:00,353.2,353.2,352.5,352.5,150,0,9600.0,CE
2017-10-05 09:30:00,351.7,351.7,351.7,351.7,75,0,9600.0,CE
2017-10-05 09:32:00,354.0,354.0,352.5,352.5,375,0,9600.0,CE
2017-10-05 09:35:00,349.75,349.75,349.75,349.75,75,0,9600.0,CE
2017-10-05 09:37:00,351.0,352.0,351.0,352.0,300,0,9600.0,CE
2017-10-05 09:39:00,350.35,351.0,350.35,351.0,225,0,9600.0,CE
2017-10-05 09:40:00,352.0,352.0,352.0,352.0,150,0,9600.0,CE
2017-10-05 09:41:00,353.0,353.0,353.0,353.0,150,0,9600.0,CE
2017-10-05 09:43:00,351.7,351.7,351.7,351.7,150,0,9600.0,CE
2017-10-05 09:44:00,354.0,356.65,354.0,356.65,525,0,9600.0,CE
2017-10-05 09:45:00,355.0,355.0,355.0,355.0,75,0,9600.0,CE
2017-10-05 09:47:00,353.95,353.95,353.95,353.95,75,0,9600.0,CE
2017-10-05 09:48:00,355.05,355.05,355.05,355.05,300,0,9600.0,CE
2017-10-05 09:50:00,359.0,359.0,359.0,359.0,150,0,9600.0,CE
2017-10-05 09:51:00,361.5,362.0,361.5,362.0,150,0,9600.0,CE
2017-10-05 09:52:00,361.5,361.95,361.5,361.95,675,0,9600.0,CE
2017-10-05 09:54:00,362.55,363.0,362.55,362.55,675,0,9600.0,CE
2017-10-05 09:56:00,364.55,365.1,364.55,365.1,150,0,9600.0,CE
2017-10-05 09:59:00,368.5,368.5,368.5,368.5,150,0,9600.0,CE
2017-10-05 10:00:00,368.95,368.95,368.95,368.95,75,0,9600.0,CE
2017-10-05 10:01:00,374.25,374.5,374.0,374.5,525,0,9600.0,CE
2017-10-05 10:02:00,376.0,376.0,376.0,376.0,1275,0,9600.0,CE
2017-10-05 10:03:00,376.0,376.0,376.0,376.0,75,0,9600.0,CE
2017-10-05 10:04:00,374.9,376.9,372.75,375.0,11175,0,9600.0,CE
2017-10-05 10:05:00,372.9,372.9,372.9,372.9,75,0,9600.0,CE
2017-10-05 10:06:00,371.55,372.95,370.5,372.95,825,0,9600.0,CE
2017-10-05 10:07:00,371.95,371.95,371.5,371.5,300,0,9600.0,CE
2017-10-05 10:08:00,370.7,370.7,369.55,369.55,225,0,9600.0,CE
2017-10-05 10:09:00,368.0,368.0,368.0,368.0,600,0,9600.0,CE
2017-10-05 10:10:00,367.45,367.45,367.45,367.45,900,0,9600.0,CE
2017-10-05 10:11:00,364.9,364.9,364.9,364.9,75,0,9600.0,CE
2017-10-05 10:15:00,368.5,368.5,368.5,368.5,225,0,9600.0,CE
2017-10-05 10:16:00,368.0,368.0,364.0,364.0,300,0,9600.0,CE
2017-10-05 10:17:00,362.05,362.95,362.05,362.3,225,0,9600.0,CE
2017-10-05 10:18:00,359.65,360.65,359.65,360.65,600,0,9600.0,CE
2017-10-05 10:19:00,359.95,361.0,359.95,361.0,450,0,9600.0,CE
2017-10-05 10:20:00,362.0,362.0,362.0,362.0,375,0,9600.0,CE
2017-10-05 10:21:00,361.95,361.95,361.95,361.95,225,0,9600.0,CE
2017-10-05 10:26:00,359.0,359.0,359.0,359.0,75,0,9600.0,CE
2017-10-05 10:27:00,358.0,358.0,354.95,354.95,300,0,9600.0,CE
2017-10-05 10:28:00,357.0,357.6,357.0,357.6,150,0,9600.0,CE
2017-10-05 10:29:00,355.5,355.5,355.5,355.5,150,0,9600.0,CE
2017-10-05 10:30:00,355.0,355.0,349.9,349.9,600,0,9600.0,CE
2017-10-05 10:31:00,347.0,347.0,345.25,345.25,150,0,9600.0,CE
2017-10-05 10:32:00,344.0,344.0,344.0,344.0,75,0,9600.0,CE
2017-10-05 10:33:00,341.0,343.0,341.0,343.0,900,0,9600.0,CE
2017-10-05 10:34:00,343.0,344.45,342.2,344.45,900,0,9600.0,CE
2017-10-05 10:35:00,346.0,346.0,346.0,346.0,75,0,9600.0,CE
2017-10-05 10:36:00,348.3,348.3,348.3,348.3,150,0,9600.0,CE
2017-10-05 10:37:00,347.0,347.0,346.5,346.5,300,0,9600.0,CE
2017-10-05 10:38:00,346.35,348.0,346.35,348.0,525,0,9600.0,CE
2017-10-05 10:41:00,341.55,341.55,337.55,337.55,375,0,9600.0,CE
2017-10-05 10:42:00,338.45,339.9,338.45,339.55,225,0,9600.0,CE
2017-10-05 10:43:00,337.15,337.15,337.0,337.0,375,0,9600.0,CE
2017-10-05 10:44:00,336.75,336.75,336.75,336.75,75,0,9600.0,CE
2017-10-05 10:46:00,339.6,339.6,339.6,339.6,150,0,9600.0,CE
2017-10-05 10:47:00,339.1,341.0,339.1,341.0,300,0,9600.0,CE
2017-10-05 10:48:00,343.7,343.7,343.0,343.0,150,0,9600.0,CE
2017-10-05 10:52:00,342.35,342.35,342.35,342.35,225,0,9600.0,CE
2017-10-05 10:54:00,344.5,344.5,344.5,344.5,75,0,9600.0,CE
2017-10-05 10:55:00,344.5,344.5,343.0,343.0,225,0,9600.0,CE
2017-10-05 10:57:00,343.1,343.1,343.1,343.1,75,0,9600.0,CE
2017-10-05 11:00:00,338.0,338.0,338.0,338.0,75,0,9600.0,CE
2017-10-05 11:05:00,334.0,334.0,334.0,334.0,150,0,9600.0,CE
2017-10-05 11:06:00,332.0,338.6,332.0,338.6,225,0,9600.0,CE
2017-10-05 11:07:00,338.0,338.0,338.0,338.0,75,0,9600.0,CE
2017-10-05 11:09:00,340.5,340.5,340.5,340.5,75,0,9600.0,CE
2017-10-05 11:10:00,340.85,340.85,340.85,340.85,900,0,9600.0,CE
2017-10-05 11:11:00,341.5,341.5,341.5,341.5,150,0,9600.0,CE
2017-10-05 11:13:00,337.25,337.25,335.0,335.0,300,0,9600.0,CE
2017-10-05 11:14:00,336.2,336.2,336.0,336.0,750,0,9600.0,CE
2017-10-05 11:17:00,336.0,336.0,336.0,336.0,75,0,9600.0,CE
2017-10-05 11:18:00,335.35,335.35,335.35,335.35,75,0,9600.0,CE
2017-10-05 11:19:00,336.9,338.7,336.9,338.7,150,0,9600.0,CE
2017-10-05 11:23:00,341.0,341.0,341.0,341.0,75,0,9600.0,CE
2017-10-05 11:26:00,342.0,342.0,342.0,342.0,150,0,9600.0,CE
2017-10-05 11:27:00,341.95,341.95,341.95,341.95,75,0,9600.0,CE
2017-10-05 11:32:00,339.1,339.1,339.1,339.1,150,0,9600.0,CE
2017-10-05 11:36:00,341.3,341.3,340.4,340.4,225,0,9600.0,CE
2017-10-05 11:37:00,340.05,340.05,340.05,340.05,75,0,9600.0,CE
2017-10-05 11:39:00,339.2,339.2,339.2,339.2,300,0,9600.0,CE
2017-10-05 11:40:00,338.4,338.4,336.75,336.85,675,0,9600.0,CE
2017-10-05 11:42:00,337.2,337.2,337.2,337.2,75,0,9600.0,CE
2017-10-05 11:44:00,337.0,337.0,337.0,337.0,75,0,9600.0,CE
2017-10-05 11:46:00,334.0,334.0,334.0,334.0,75,0,9600.0,CE
2017-10-05 11:47:00,332.5,332.5,331.15,331.25,750,0,9600.0,CE
2017-10-05 11:49:00,332.2,332.2,332.2,332.2,75,0,9600.0,CE
2017-10-05 11:50:00,333.0,333.0,332.6,332.6,225,0,9600.0,CE
2017-10-05 11:51:00,333.0,333.0,333.0,333.0,225,0,9600.0,CE
2017-10-05 11:52:00,336.8,336.8,336.8,336.8,75,0,9600.0,CE
2017-10-05 11:53:00,335.65,335.65,333.9,333.9,300,0,9600.0,CE
2017-10-05 11:58:00,337.2,337.2,337.2,337.2,150,0,9600.0,CE
2017-10-05 11:59:00,333.2,333.2,333.2,333.2,75,0,9600.0,CE
2017-10-05 12:00:00,334.6,334.6,334.6,334.6,150,0,9600.0,CE
2017-10-05 12:02:00,336.5,336.5,333.5,333.5,375,0,9600.0,CE
2017-10-05 12:03:00,333.7,333.7,332.5,332.5,300,0,9600.0,CE
2017-10-05 12:11:00,330.85,332.0,330.85,332.0,150,0,9600.0,CE
2017-10-05 12:13:00,334.0,334.9,334.0,334.9,300,0,9600.0,CE
2017-10-05 12:15:00,333.95,333.95,333.95,333.95,375,0,9600.0,CE
2017-10-05 12:17:00,332.5,332.5,332.5,332.5,75,0,9600.0,CE
2017-10-05 12:18:00,331.8,331.8,331.8,331.8,75,0,9600.0,CE
2017-10-05 12:21:00,331.6,331.6,331.6,331.6,1800,0,9600.0,CE
2017-10-05 12:23:00,331.25,332.0,331.25,332.0,1950,0,9600.0,CE
2017-10-05 12:25:00,333.0,333.0,333.0,333.0,75,0,9600.0,CE
2017-10-05 12:26:00,333.0,335.0,333.0,335.0,1875,0,9600.0,CE
2017-10-05 12:27:00,335.9,335.9,335.9,335.9,1800,0,9600.0,CE
2017-10-05 12:28:00,338.5,340.8,338.5,340.8,150,0,9600.0,CE
2017-10-05 12:35:00,341.85,341.85,340.8,340.8,150,0,9600.0,CE
2017-10-05 12:36:00,338.4,338.95,338.4,338.95,150,0,9600.0,CE
2017-10-05 12:38:00,340.0,340.0,340.0,340.0,1200,0,9600.0,CE
2017-10-05 12:46:00,337.05,337.05,337.05,337.05,750,0,9600.0,CE
2017-10-05 12:47:00,338.5,338.5,338.5,338.5,600,0,9600.0,CE
2017-10-05 12:48:00,336.0,336.0,336.0,336.0,75,0,9600.0,CE
2017-10-05 12:49:00,336.9,336.9,336.9,336.9,75,0,9600.0,CE
2017-10-05 12:52:00,339.0,340.5,338.75,338.75,450,0,9600.0,CE
2017-10-05 12:54:00,339.5,339.5,339.5,339.5,75,0,9600.0,CE
2017-10-05 12:58:00,338.1,338.1,338.1,338.1,975,0,9600.0,CE
2017-10-05 13:04:00,337.35,337.35,336.95,336.95,1725,0,9600.0,CE
2017-10-05 13:12:00,342.35,342.35,342.35,342.35,75,0,9600.0,CE
2017-10-05 13:13:00,343.7,343.7,343.7,343.7,75,0,9600.0,CE
2017-10-05 13:14:00,342.7,342.7,342.5,342.5,150,0,9600.0,CE
2017-10-05 13:16:00,340.0,340.0,340.0,340.0,300,0,9600.0,CE
2017-10-05 13:18:00,341.0,341.0,341.0,341.0,75,0,9600.0,CE
2017-10-05 13:20:00,339.55,339.55,339.55,339.55,225,0,9600.0,CE
2017-10-05 13:24:00,338.45,338.45,335.0,335.0,1500,0,9600.0,CE
2017-10-05 13:26:00,333.9,334.0,333.9,334.0,600,0,9600.0,CE
2017-10-05 13:33:00,334.25,334.25,334.1,334.1,150,0,9600.0,CE
2017-10-05 13:37:00,337.55,337.55,337.55,337.55,75,0,9600.0,CE
2017-10-05 13:39:00,339.0,339.0,337.05,337.05,150,0,9600.0,CE
2017-10-05 13:40:00,338.45,338.5,338.45,338.5,225,0,9600.0,CE
2017-10-05 13:42:00,342.6,342.6,342.6,342.6,75,0,9600.0,CE
2017-10-05 13:43:00,343.5,343.5,343.5,343.5,75,0,9600.0,CE
2017-10-05 13:45:00,349.0,350.55,349.0,349.6,375,0,9600.0,CE
2017-10-05 13:46:00,351.6,351.6,351.6,351.6,75,0,9600.0,CE
2017-10-05 13:47:00,346.1,346.1,346.1,346.1,75,0,9600.0,CE
2017-10-05 13:48:00,347.0,347.0,347.0,347.0,75,0,9600.0,CE
2017-10-05 13:50:00,346.0,346.0,346.0,346.0,75,0,9600.0,CE
2017-10-05 13:52:00,348.0,348.0,347.05,347.05,450,0,9600.0,CE
2017-10-05 13:53:00,347.0,347.0,347.0,347.0,225,0,9600.0,CE
2017-10-05 13:55:00,345.0,345.0,344.15,344.75,450,0,9600.0,CE
2017-10-05 14:06:00,345.25,347.4,345.25,347.4,675,0,9600.0,CE
2017-10-05 14:08:00,342.4,342.4,337.95,337.95,525,0,9600.0,CE
2017-10-05 14:09:00,337.0,338.15,336.6,336.6,225,0,9600.0,CE
2017-10-05 14:10:00,337.2,337.2,337.2,337.2,150,0,9600.0,CE
2017-10-05 14:11:00,339.4,339.4,339.4,339.4,75,0,9600.0,CE
2017-10-05 14:13:00,338.85,338.85,338.85,338.85,450,0,9600.0,CE
2017-10-05 14:15:00,337.15,337.25,337.15,337.25,225,0,9600.0,CE
2017-10-05 14:16:00,337.55,337.55,337.55,337.55,75,0,9600.0,CE
2017-10-05 14:21:00,341.0,341.0,341.0,341.0,75,0,9600.0,CE
2017-10-05 14:23:00,340.05,340.05,340.0,340.0,150,0,9600.0,CE
2017-10-05 14:24:00,338.55,338.55,334.85,334.85,450,0,9600.0,CE
2017-10-05 14:25:00,337.0,337.0,337.0,337.0,450,0,9600.0,CE
2017-10-05 14:32:00,339.0,339.0,339.0,339.0,75,0,9600.0,CE
2017-10-05 14:37:00,334.05,334.05,334.05,334.05,75,0,9600.0,CE
2017-10-05 14:42:00,339.0,339.0,339.0,339.0,75,0,9600.0,CE
2017-10-05 14:43:00,338.0,338.0,338.0,338.0,1050,0,9600.0,CE
2017-10-05 14:45:00,335.75,335.75,335.75,335.75,225,0,9600.0,CE
2017-10-05 14:46:00,335.25,335.25,335.25,335.25,150,0,9600.0,CE
2017-10-05 14:54:00,336.15,336.15,335.0,335.0,225,0,9600.0,CE
2017-10-05 14:55:00,334.8,334.8,333.75,333.75,675,0,9600.0,CE
2017-10-05 14:58:00,333.7,333.7,333.7,333.7,75,0,9600.0,CE
2017-10-05 14:59:00,334.55,334.55,334.55,334.55,375,0,9600.0,CE
2017-10-05 15:03:00,335.8,336.0,335.8,336.0,450,0,9600.0,CE
2017-10-05 15:06:00,333.5,333.5,333.5,333.5,75,0,9600.0,CE
2017-10-05 15:07:00,333.0,333.0,332.5,332.95,450,0,9600.0,CE
2017-10-05 15:09:00,329.95,329.95,328.0,328.0,300,0,9600.0,CE
2017-10-05 15:10:00,326.95,326.95,323.75,323.75,225,0,9600.0,CE
2017-10-05 15:11:00,323.4,325.0,323.0,325.0,300,0,9600.0,CE
2017-10-05 15:12:00,326.0,327.0,326.0,327.0,600,0,9600.0,CE
2017-10-05 15:13:00,325.45,325.45,325.45,325.45,75,0,9600.0,CE
2017-10-05 15:14:00,321.05,321.05,320.05,320.5,225,0,9600.0,CE
2017-10-05 15:15:00,319.75,323.0,319.75,323.0,600,0,9600.0,CE
2017-10-05 15:16:00,322.95,322.95,322.95,322.95,75,0,9600.0,CE
2017-10-05 15:20:00,327.0,327.0,326.15,326.15,225,0,9600.0,CE
2017-10-05 15:21:00,325.95,325.95,325.95,325.95,300,0,9600.0,CE
2017-10-05 15:22:00,323.85,325.45,323.85,325.25,300,0,9600.0,CE
2017-10-05 15:24:00,326.0,326.3,325.8,326.3,1500,0,9600.0,CE
2017-10-05 15:25:00,325.0,325.0,325.0,325.0,150,0,9600.0,CE
2017-10-05 15:26:00,324.85,324.85,324.85,324.85,75,0,9600.0,CE
2017-10-05 15:27:00,326.35,327.1,326.35,327.1,750,0,9600.0,CE
2017-10-05 15:28:00,327.0,327.0,327.0,327.0,225,0,9600.0,CE
2017-10-05 15:29:00,328.85,331.1,328.85,330.75,1800,0,9600.0,CE
2017-10-05 15:30:00,328.85,331.1,328.85,327.3,0,0,9600.0,CE
2017-10-06 09:15:00,351.45,351.45,350.95,351.0,375,0,9600.0,CE
2017-10-06 09:17:00,351.0,353.5,351.0,353.5,975,0,9600.0,CE
2017-10-06 09:18:00,354.3,354.3,352.4,354.0,300,0,9600.0,CE
2017-10-06 09:19:00,354.5,357.25,354.25,357.25,1650,0,9600.0,CE
2017-10-06 09:20:00,356.05,358.0,356.0,356.0,375,0,9600.0,CE
2017-10-06 09:21:00,356.25,356.25,356.25,356.25,75,0,9600.0,CE
2017-10-06 09:22:00,357.95,358.0,357.95,358.0,150,0,9600.0,CE
2017-10-06 09:24:00,360.0,361.05,359.95,360.0,675,0,9600.0,CE
2017-10-06 09:25:00,358.5,358.5,358.5,358.5,75,0,9600.0,CE
2017-10-06 09:26:00,355.0,355.0,354.95,354.95,225,0,9600.0,CE
2017-10-06 09:27:00,355.95,355.95,354.9,354.9,300,0,9600.0,CE
2017-10-06 09:29:00,355.65,355.65,355.65,355.65,150,0,9600.0,CE
2017-10-06 09:30:00,357.0,357.0,357.0,357.0,150,0,9600.0,CE
2017-10-06 09:32:00,354.5,355.0,354.5,355.0,150,0,9600.0,CE
2017-10-06 09:34:00,355.0,355.0,355.0,355.0,75,0,9600.0,CE
2017-10-06 09:35:00,356.65,356.65,356.65,356.65,225,0,9600.0,CE
2017-10-06 09:38:00,356.0,356.0,355.0,355.0,225,0,9600.0,CE
2017-10-06 09:41:00,358.0,358.0,358.0,358.0,75,0,9600.0,CE
2017-10-06 09:42:00,357.5,357.5,357.5,357.5,150,0,9600.0,CE
2017-10-06 09:43:00,358.0,358.0,358.0,358.0,75,0,9600.0,CE
2017-10-06 09:45:00,362.2,362.2,362.2,362.2,150,0,9600.0,CE
2017-10-06 09:46:00,365.3,367.0,365.3,367.0,225,0,9600.0,CE
2017-10-06 09:47:00,368.0,368.0,368.0,368.0,75,0,9600.0,CE
2017-10-06 09:48:00,368.1,368.15,368.1,368.1,525,0,9600.0,CE
2017-10-06 09:49:00,368.0,368.0,368.0,368.0,150,0,9600.0,CE
2017-10-06 09:50:00,368.0,368.0,368.0,368.0,75,0,9600.0,CE
2017-10-06 09:51:00,370.8,373.0,370.8,373.0,150,0,9600.0,CE
2017-10-06 09:52:00,374.1,380.0,374.1,380.0,1275,0,9600.0,CE
2017-10-06 09:53:00,379.85,380.2,379.25,379.55,750,0,9600.0,CE
2017-10-06 09:54:00,377.0,380.4,375.85,380.4,825,0,9600.0,CE
2017-10-06 09:55:00,381.0,381.2,379.5,380.9,600,0,9600.0,CE
2017-10-06 09:56:00,380.75,380.75,380.75,380.75,75,0,9600.0,CE
2017-10-06 09:57:00,380.55,383.0,380.55,383.0,600,0,9600.0,CE
2017-10-06 09:58:00,383.55,386.5,383.55,386.0,1275,0,9600.0,CE
2017-10-06 09:59:00,388.0,388.0,388.0,388.0,1050,0,9600.0,CE
2017-10-06 10:00:00,388.4,388.4,388.4,388.4,75,0,9600.0,CE
2017-10-06 10:01:00,385.15,385.15,385.15,385.15,75,0,9600.0,CE
2017-10-06 10:04:00,380.1,381.0,380.1,381.0,150,0,9600.0,CE
2017-10-06 10:05:00,382.2,382.5,380.75,380.95,21225,0,9600.0,CE
2017-10-06 10:06:00,381.0,381.0,379.2,379.2,2775,0,9600.0,CE
2017-10-06 10:07:00,380.0,380.0,379.15,379.15,150,0,9600.0,CE
2017-10-06 10:08:00,380.45,380.45,380.45,380.45,75,0,9600.0,CE
2017-10-06 10:09:00,383.4,383.4,383.0,383.0,675,0,9600.0,CE
2017-10-06 10:10:00,385.05,385.05,385.05,385.05,75,0,9600.0,CE
2017-10-06 10:11:00,385.0,385.0,385.0,385.0,975,0,9600.0,CE
2017-10-06 10:14:00,388.0,388.0,388.0,388.0,75,0,9600.0,CE
2017-10-06 10:16:00,390.7,390.75,390.7,390.7,225,0,9600.0,CE
2017-10-06 10:17:00,392.65,392.65,392.0,392.65,900,0,9600.0,CE
2017-10-06 10:18:00,389.9,389.9,388.55,388.55,375,0,9600.0,CE
2017-10-06 10:19:00,386.1,386.1,384.8,384.8,1200,0,9600.0,CE
2017-10-06 10:22:00,384.25,384.25,384.25,384.25,75,0,9600.0,CE
2017-10-06 10:24:00,384.5,384.5,384.5,384.5,75,0,9600.0,CE
2017-10-06 10:26:00,385.45,385.45,385.45,385.45,75,0,9600.0,CE
2017-10-06 10:29:00,387.0,387.0,387.0,387.0,75,0,9600.0,CE
2017-10-06 10:32:00,386.05,386.05,386.05,386.05,75,0,9600.0,CE
2017-10-06 10:34:00,382.1,382.1,382.1,382.1,75,0,9600.0,CE
2017-10-06 10:35:00,381.45,381.45,380.75,380.75,600,0,9600.0,CE
2017-10-06 10:42:00,389.7,389.7,389.7,389.7,75,0,9600.0,CE
2017-10-06 10:44:00,386.25,388.1,385.0,388.1,375,0,9600.0,CE
2017-10-06 10:46:00,387.8,387.8,387.8,387.8,75,0,9600.0,CE
2017-10-06 10:48:00,384.9,384.9,384.05,384.05,150,0,9600.0,CE
2017-10-06 10:49:00,384.65,384.65,384.5,384.5,150,0,9600.0,CE
2017-10-06 10:50:00,388.45,388.45,388.45,388.45,75,0,9600.0,CE
2017-10-06 10:51:00,390.2,390.2,390.2,390.2,75,0,9600.0,CE
2017-10-06 10:52:00,389.3,389.85,389.3,389.85,900,0,9600.0,CE
2017-10-06 10:53:00,389.75,389.75,389.75,389.75,75,0,9600.0,CE
2017-10-06 10:55:00,388.1,388.1,388.1,388.1,150,0,9600.0,CE
2017-10-06 10:59:00,388.0,388.0,388.0,388.0,75,0,9600.0,CE
2017-10-06 11:00:00,389.15,389.9,389.15,389.9,150,0,9600.0,CE
2017-10-06 11:01:00,392.0,398.0,392.0,398.0,1650,0,9600.0,CE
2017-10-06 11:03:00,396.0,396.0,395.0,395.0,750,0,9600.0,CE
2017-10-06 11:04:00,395.75,395.75,395.75,395.75,150,0,9600.0,CE
2017-10-06 11:06:00,396.15,396.15,396.15,396.15,75,0,9600.0,CE
2017-10-06 11:07:00,393.85,394.0,393.85,394.0,300,0,9600.0,CE
2017-10-06 11:08:00,394.25,394.25,394.25,394.25,75,0,9600.0,CE
2017-10-06 11:12:00,392.4,394.65,392.4,394.65,675,0,9600.0,CE
2017-10-06 11:13:00,394.4,394.4,394.4,394.4,75,0,9600.0,CE
2017-10-06 11:14:00,395.0,395.4,395.0,395.4,150,0,9600.0,CE
2017-10-06 11:19:00,395.0,395.0,395.0,395.0,75,0,9600.0,CE
2017-10-06 11:21:00,394.45,394.45,394.45,394.45,750,0,9600.0,CE
2017-10-06 11:25:00,394.0,394.0,393.0,393.0,225,0,9600.0,CE
2017-10-06 11:26:00,392.0,392.0,392.0,392.0,75,0,9600.0,CE
2017-10-06 11:27:00,392.4,392.4,392.4,392.4,75,0,9600.0,CE
2017-10-06 11:28:00,393.7,393.7,393.7,393.7,1425,0,9600.0,CE
2017-10-06 11:31:00,393.7,394.45,393.7,394.45,225,0,9600.0,CE
2017-10-06 11:35:00,395.4,395.4,395.4,395.4,75,0,9600.0,CE
2017-10-06 11:36:00,395.0,395.0,394.0,394.4,525,0,9600.0,CE
2017-10-06 11:38:00,393.95,393.95,393.95,393.95,75,0,9600.0,CE
2017-10-06 11:39:00,394.45,394.45,394.45,394.45,150,0,9600.0,CE
2017-10-06 11:40:00,393.45,393.45,393.45,393.45,75,0,9600.0,CE
2017-10-06 11:41:00,392.5,392.5,392.5,392.5,75,0,9600.0,CE
2017-10-06 11:42:00,394.05,394.05,394.05,394.05,150,0,9600.0,CE
2017-10-06 11:44:00,393.0,393.0,393.0,393.0,300,0,9600.0,CE
2017-10-06 11:47:00,390.75,390.75,390.75,390.75,150,0,9600.0,CE
2017-10-06 11:49:00,389.45,389.45,388.5,388.5,600,0,9600.0,CE
2017-10-06 11:50:00,388.25,388.25,388.05,388.05,150,0,9600.0,CE
2017-10-06 11:51:00,389.7,389.7,389.7,389.7,150,0,9600.0,CE
2017-10-06 11:54:00,390.95,391.95,390.95,391.95,225,0,9600.0,CE
2017-10-06 11:56:00,391.95,391.95,391.95,391.95,300,0,9600.0,CE
2017-10-06 11:57:00,389.0,389.0,389.0,389.0,75,0,9600.0,CE
2017-10-06 11:59:00,387.35,387.35,387.0,387.0,525,0,9600.0,CE
2017-10-06 12:02:00,384.35,384.35,384.35,384.35,225,0,9600.0,CE
2017-10-06 12:03:00,384.0,384.0,384.0,384.0,75,0,9600.0,CE
2017-10-06 12:04:00,385.0,385.2,385.0,385.2,150,0,9600.0,CE
2017-10-06 12:05:00,386.9,388.4,386.9,388.4,150,0,9600.0,CE
2017-10-06 12:07:00,386.0,386.0,386.0,386.0,150,0,9600.0,CE
2017-10-06 12:11:00,386.0,386.0,386.0,386.0,75,0,9600.0,CE
2017-10-06 12:12:00,386.5,386.5,386.5,386.5,75,0,9600.0,CE
2017-10-06 12:13:00,386.5,386.5,386.5,386.5,225,0,9600.0,CE
2017-10-06 12:14:00,384.4,384.4,384.4,384.4,75,0,9600.0,CE
2017-10-06 12:16:00,385.0,385.0,385.0,385.0,150,0,9600.0,CE
2017-10-06 12:24:00,390.5,390.5,390.5,390.5,150,0,9600.0,CE
2017-10-06 12:25:00,391.0,391.0,391.0,391.0,450,0,9600.0,CE
2017-10-06 12:28:00,391.7,391.7,391.7,391.7,150,0,9600.0,CE
2017-10-06 12:30:00,389.05,389.05,387.25,387.45,225,0,9600.0,CE
2017-10-06 12:31:00,388.85,388.85,388.85,388.85,75,0,9600.0,CE
2017-10-06 12:32:00,387.7,387.7,387.7,387.7,75,0,9600.0,CE
2017-10-06 12:35:00,388.85,388.85,388.85,388.85,150,0,9600.0,CE
2017-10-06 12:37:00,387.95,387.95,387.95,387.95,75,0,9600.0,CE
2017-10-06 12:39:00,388.5,388.5,388.5,388.5,75,0,9600.0,CE
2017-10-06 12:42:00,384.75,384.75,382.75,382.75,450,0,9600.0,CE
2017-10-06 12:44:00,381.0,381.0,381.0,381.0,150,0,9600.0,CE
2017-10-06 12:45:00,380.6,380.6,380.6,380.6,75,0,9600.0,CE
2017-10-06 12:47:00,384.35,385.0,384.35,385.0,1575,0,9600.0,CE
2017-10-06 12:48:00,385.0,386.45,385.0,386.45,1500,0,9600.0,CE
2017-10-06 12:49:00,386.75,386.75,382.4,383.55,6450,0,9600.0,CE
2017-10-06 12:50:00,382.1,383.05,382.1,383.05,3750,0,9600.0,CE
2017-10-06 12:51:00,383.3,386.15,383.3,384.2,2550,0,9600.0,CE
2017-10-06 12:52:00,382.9,382.9,381.85,381.85,825,0,9600.0,CE
2017-10-06 12:53:00,382.4,384.0,382.4,384.0,750,0,9600.0,CE
2017-10-06 12:54:00,381.5,381.5,381.5,381.5,150,0,9600.0,CE
2017-10-06 12:55:00,383.0,383.15,380.35,380.35,3975,0,9600.0,CE
2017-10-06 12:56:00,381.75,383.45,379.6,383.45,7950,0,9600.0,CE
2017-10-06 12:58:00,383.95,384.9,383.95,384.9,900,0,9600.0,CE
2017-10-06 12:59:00,385.4,385.4,385.4,385.4,150,0,9600.0,CE
2017-10-06 13:00:00,387.0,387.0,387.0,387.0,525,0,9600.0,CE
2017-10-06 13:01:00,386.9,388.0,386.5,387.6,1650,0,9600.0,CE
2017-10-06 13:02:00,388.15,388.15,388.15,388.15,150,0,9600.0,CE
2017-10-06 13:03:00,389.8,389.9,389.8,389.9,375,0,9600.0,CE
2017-10-06 13:04:00,387.9,387.9,387.9,387.9,75,0,9600.0,CE
2017-10-06 13:05:00,386.7,389.5,386.7,389.5,1050,0,9600.0,CE
2017-10-06 13:09:00,387.0,387.0,387.0,387.0,75,0,9600.0,CE
2017-10-06 13:11:00,387.05,387.05,387.05,387.05,750,0,9600.0,CE
2017-10-06 13:12:00,387.05,387.05,387.05,387.05,675,0,9600.0,CE
2017-10-06 13:13:00,387.7,387.7,387.55,387.55,825,0,9600.0,CE
2017-10-06 13:15:00,388.95,388.95,388.95,388.95,75,0,9600.0,CE
2017-10-06 13:16:00,390.0,390.0,390.0,390.0,75,0,9600.0,CE
2017-10-06 13:17:00,390.3,390.35,387.45,387.45,375,0,9600.0,CE
2017-10-06 13:18:00,387.95,387.95,387.95,387.95,150,0,9600.0,CE
2017-10-06 13:20:00,385.95,388.0,385.95,388.0,750,0,9600.0,CE
2017-10-06 13:22:00,389.95,389.95,389.95,389.95,1575,0,9600.0,CE
2017-10-06 13:24:00,389.8,389.95,389.8,389.95,300,0,9600.0,CE
2017-10-06 13:26:00,391.3,391.3,391.3,391.3,150,0,9600.0,CE
2017-10-06 13:27:00,391.45,391.45,391.45,391.45,150,0,9600.0,CE
2017-10-06 13:28:00,391.95,393.9,391.4,393.9,825,0,9600.0,CE
2017-10-06 13:29:00,395.0,395.0,394.95,394.95,375,0,9600.0,CE
2017-10-06 13:30:00,395.35,395.35,395.35,395.35,225,0,9600.0,CE
2017-10-06 13:31:00,393.95,393.95,393.95,393.95,150,0,9600.0,CE
2017-10-06 13:33:00,389.7,390.15,389.7,390.15,525,0,9600.0,CE
2017-10-06 13:34:00,390.5,391.0,390.5,391.0,1800,0,9600.0,CE
2017-10-06 13:35:00,392.9,393.45,392.9,393.45,825,0,9600.0,CE
2017-10-06 13:36:00,394.0,394.9,394.0,394.9,525,0,9600.0,CE
2017-10-06 13:38:00,394.9,396.0,394.9,396.0,375,0,9600.0,CE
2017-10-06 13:39:00,398.9,398.9,398.9,398.9,225,0,9600.0,CE
2017-10-06 13:40:00,399.8,399.8,399.8,399.8,150,0,9600.0,CE
2017-10-06 13:43:00,396.55,396.55,396.55,396.55,75,0,9600.0,CE
2017-10-06 13:45:00,395.65,395.65,395.65,395.65,75,0,9600.0,CE
2017-10-06 13:49:00,390.3,390.3,390.3,390.3,75,0,9600.0,CE
2017-10-06 13:51:00,388.1,388.1,387.0,387.4,375,0,9600.0,CE
2017-10-06 13:52:00,384.5,384.5,383.5,383.5,300,0,9600.0,CE
2017-10-06 13:53:00,384.5,384.5,384.5,384.5,225,0,9600.0,CE
2017-10-06 13:54:00,381.0,381.0,381.0,381.0,150,0,9600.0,CE
2017-10-06 13:55:00,380.05,380.05,377.05,378.1,450,0,9600.0,CE
2017-10-06 13:56:00,380.3,382.0,380.3,382.0,450,0,9600.0,CE
2017-10-06 13:57:00,381.95,382.95,381.95,382.95,450,0,9600.0,CE
2017-10-06 13:58:00,381.5,381.5,377.5,377.5,375,0,9600.0,CE
2017-10-06 13:59:00,377.95,377.95,377.95,377.95,75,0,9600.0,CE
2017-10-06 14:00:00,380.45,382.5,380.45,382.5,150,0,9600.0,CE
2017-10-06 14:02:00,386.0,386.55,386.0,386.5,450,0,9600.0,CE
2017-10-06 14:04:00,385.55,385.55,385.0,385.0,225,0,9600.0,CE
2017-10-06 14:05:00,385.5,385.5,385.5,385.5,75,0,9600.0,CE
2017-10-06 14:08:00,384.05,384.05,383.6,383.6,300,0,9600.0,CE
2017-10-06 14:09:00,384.3,384.3,383.05,383.05,150,0,9600.0,CE
2017-10-06 14:10:00,383.0,383.95,383.0,383.95,225,0,9600.0,CE
2017-10-06 14:12:00,382.5,382.5,382.5,382.5,75,0,9600.0,CE
2017-10-06 14:14:00,382.0,384.0,382.0,384.0,225,0,9600.0,CE
2017-10-06 14:15:00,384.4,384.4,384.4,384.4,75,0,9600.0,CE
2017-10-06 14:17:00,385.0,385.0,385.0,385.0,75,0,9600.0,CE
2017-10-06 14:20:00,387.0,387.0,387.0,387.0,225,0,9600.0,CE
2017-10-06 14:22:00,385.0,385.0,385.0,385.0,75,0,9600.0,CE
2017-10-06 14:23:00,384.0,384.0,384.0,384.0,150,0,9600.0,CE
2017-10-06 14:24:00,384.5,384.5,384.5,384.5,300,0,9600.0,CE
2017-10-06 14:26:00,382.3,382.3,382.3,382.3,150,0,9600.0,CE
2017-10-06 14:27:00,382.15,382.15,381.0,381.0,300,0,9600.0,CE
2017-10-06 14:29:00,381.0,381.0,377.85,377.85,450,0,9600.0,CE
2017-10-06 14:30:00,378.0,378.0,378.0,378.0,75,0,9600.0,CE
2017-10-06 14:31:00,380.0,380.0,380.0,380.0,75,0,9600.0,CE
2017-10-06 14:32:00,378.9,378.9,378.9,378.9,75,0,9600.0,CE
2017-10-06 14:33:00,381.0,381.0,381.0,381.0,150,0,9600.0,CE
2017-10-06 14:36:00,384.3,384.3,384.3,384.3,150,0,9600.0,CE
2017-10-06 14:37:00,384.4,384.4,384.4,384.4,75,0,9600.0,CE
2017-10-06 14:39:00,382.95,382.95,382.95,382.95,75,0,9600.0,CE
2017-10-06 14:42:00,385.9,385.9,385.9,385.9,75,0,9600.0,CE
2017-10-06 14:44:00,386.0,386.0,386.0,386.0,300,0,9600.0,CE
2017-10-06 14:47:00,386.0,386.0,385.3,385.3,300,0,9600.0,CE
2017-10-06 14:48:00,384.0,384.0,384.0,384.0,525,0,9600.0,CE
2017-10-06 14:49:00,384.0,385.5,384.0,385.5,300,0,9600.0,CE
2017-10-06 14:50:00,386.45,387.4,386.45,387.4,225,0,9600.0,CE
2017-10-06 14:55:00,380.0,380.0,380.0,380.0,450,0,9600.0,CE
2017-10-06 14:56:00,380.3,380.3,380.3,380.3,75,0,9600.0,CE
2017-10-06 15:02:00,388.4,389.0,388.4,389.0,300,0,9600.0,CE
2017-10-06 15:03:00,390.5,390.5,390.5,390.5,75,0,9600.0,CE
2017-10-06 15:04:00,394.0,394.3,393.75,393.75,675,0,9600.0,CE
2017-10-06 15:05:00,394.45,397.4,394.45,396.95,1050,0,9600.0,CE
2017-10-06 15:06:00,397.9,400.05,397.25,397.25,1350,0,9600.0,CE
2017-10-06 15:07:00,398.45,398.45,397.85,397.85,1350,0,9600.0,CE
2017-10-06 15:08:00,398.35,401.7,398.35,401.7,375,0,9600.0,CE
2017-10-06 15:09:00,402.95,402.95,399.7,399.7,300,0,9600.0,CE
2017-10-06 15:11:00,399.45,400.25,399.45,400.25,150,0,9600.0,CE
2017-10-06 15:12:00,402.35,403.25,402.35,403.15,225,0,9600.0,CE
2017-10-06 15:13:00,402.8,404.0,402.8,404.0,600,0,9600.0,CE
2017-10-06 15:14:00,404.25,410.3,404.25,410.3,975,0,9600.0,CE
2017-10-06 15:15:00,409.7,412.65,409.0,412.55,1200,0,9600.0,CE
2017-10-06 15:16:00,412.9,415.0,412.6,415.0,2700,0,9600.0,CE
2017-10-06 15:17:00,415.35,416.4,414.0,414.0,2325,0,9600.0,CE
2017-10-06 15:18:00,415.4,416.45,413.95,413.95,1275,0,9600.0,CE
2017-10-06 15:19:00,413.4,413.4,411.45,411.45,1200,0,9600.0,CE
2017-10-06 15:20:00,412.45,413.0,412.05,412.05,1875,0,9600.0,CE
2017-10-06 15:21:00,411.75,412.05,411.75,412.05,150,0,9600.0,CE
2017-10-06 15:22:00,412.85,414.2,412.85,413.7,1425,0,9600.0,CE
2017-10-06 15:23:00,413.95,414.5,413.95,414.5,1050,0,9600.0,CE
2017-10-06 15:24:00,414.15,414.15,413.75,413.75,450,0,9600.0,CE
2017-10-06 15:25:00,413.6,413.6,413.3,413.45,525,0,9600.0,CE
2017-10-06 15:26:00,414.95,414.95,414.95,414.95,150,0,9600.0,CE
2017-10-06 15:27:00,414.85,416.05,414.1,416.05,450,0,9600.0,CE
2017-10-06 15:28:00,417.2,418.6,417.2,418.6,150,0,9600.0,CE
2017-10-06 15:29:00,419.9,422.0,419.9,421.0,900,0,9600.0,CE
2017-10-06 15:30:00,419.9,422.0,419.9,409.5,0,0,9600.0,CE
2017-10-09 09:15:00,395.0,396.0,394.65,396.0,1650,0,9600.0,CE
2017-10-09 09:17:00,397.4,397.4,392.0,392.45,750,0,9600.0,CE
2017-10-09 09:18:00,398.1,398.1,398.1,398.1,75,0,9600.0,CE
2017-10-09 09:19:00,392.75,392.75,392.75,392.75,75,0,9600.0,CE
2017-10-09 09:21:00,397.05,399.15,396.55,399.15,300,0,9600.0,CE
2017-10-09 09:22:00,395.6,395.6,394.0,394.0,150,0,9600.0,CE
2017-10-09 09:23:00,392.0,392.0,392.0,392.0,150,0,9600.0,CE
2017-10-09 09:24:00,391.2,391.2,391.2,391.2,75,0,9600.0,CE
2017-10-09 09:25:00,395.5,395.5,395.5,395.5,75,0,9600.0,CE
2017-10-09 09:26:00,398.85,398.85,398.85,398.85,75,0,9600.0,CE
2017-10-09 09:27:00,401.0,401.45,401.0,401.45,1575,0,9600.0,CE
2017-10-09 09:28:00,402.3,402.3,400.9,402.0,600,0,9600.0,CE
2017-10-09 09:29:00,402.0,407.8,401.2,407.8,450,0,9600.0,CE
2017-10-09 09:30:00,406.65,410.85,406.65,410.85,750,0,9600.0,CE
2017-10-09 09:31:00,410.1,410.1,410.1,410.1,75,0,9600.0,CE
2017-10-09 09:32:00,413.5,414.6,413.25,413.25,525,0,9600.0,CE
2017-10-09 09:33:00,411.0,413.45,411.0,413.45,225,0,9600.0,CE
2017-10-09 09:34:00,414.7,414.9,413.0,414.9,525,0,9600.0,CE
2017-10-09 09:35:00,417.0,417.0,417.0,417.0,75,0,9600.0,CE
2017-10-09 09:36:00,414.45,414.45,414.45,414.45,75,0,9600.0,CE
2017-10-09 09:37:00,414.65,415.9,414.65,415.45,375,0,9600.0,CE
2017-10-09 09:38:00,419.3,420.0,419.3,420.0,1125,0,9600.0,CE
2017-10-09 09:39:00,420.0,423.4,419.4,423.4,900,0,9600.0,CE
2017-10-09 09:40:00,423.55,424.85,422.0,422.0,825,0,9600.0,CE
2017-10-09 09:41:00,422.75,422.75,422.75,422.75,525,0,9600.0,CE
2017-10-09 09:42:00,423.0,423.0,421.25,421.25,1125,0,9600.0,CE
2017-10-09 09:43:00,422.25,422.25,420.05,420.05,375,0,9600.0,CE
2017-10-09 09:44:00,419.15,419.15,416.95,416.95,300,0,9600.0,CE
2017-10-09 09:45:00,419.8,420.0,419.8,420.0,150,0,9600.0,CE
2017-10-09 09:46:00,425.25,425.45,425.0,425.45,225,0,9600.0,CE
2017-10-09 09:47:00,425.65,428.0,425.65,428.0,2700,0,9600.0,CE
2017-10-09 09:48:00,426.6,426.6,424.0,424.75,2475,0,9600.0,CE
2017-10-09 09:49:00,426.4,426.5,425.0,425.0,900,0,9600.0,CE
2017-10-09 09:50:00,424.75,424.75,422.5,422.5,150,0,9600.0,CE
2017-10-09 09:51:00,422.0,424.05,422.0,423.55,2025,0,9600.0,CE
2017-10-09 09:54:00,427.95,428.7,427.95,428.7,225,0,9600.0,CE
2017-10-09 09:55:00,426.25,426.25,426.25,426.25,300,0,9600.0,CE
2017-10-09 09:56:00,427.0,428.55,427.0,428.55,150,0,9600.0,CE
2017-10-09 09:57:00,428.55,428.55,428.55,428.55,225,0,9600.0,CE
2017-10-09 09:59:00,430.55,430.55,430.55,430.55,1275,0,9600.0,CE
2017-10-09 10:00:00,432.65,434.95,432.65,434.9,525,0,9600.0,CE
2017-10-09 10:02:00,432.75,432.75,432.55,432.55,225,0,9600.0,CE
2017-10-09 10:04:00,435.0,435.0,435.0,435.0,75,0,9600.0,CE
2017-10-09 10:05:00,435.0,436.5,435.0,436.5,1950,0,9600.0,CE
2017-10-09 10:07:00,432.95,432.95,432.95,432.95,1500,0,9600.0,CE
2017-10-09 10:08:00,431.85,433.0,431.85,433.0,675,0,9600.0,CE
2017-10-09 10:09:00,432.75,432.75,432.75,432.75,300,0,9600.0,CE
2017-10-09 10:10:00,430.95,430.95,430.95,430.95,150,0,9600.0,CE
2017-10-09 10:11:00,428.75,428.75,428.75,428.75,150,0,9600.0,CE
2017-10-09 10:12:00,427.5,427.5,425.0,425.0,375,0,9600.0,CE
2017-10-09 10:13:00,425.55,426.0,425.0,426.0,450,0,9600.0,CE
2017-10-09 10:14:00,426.6,429.2,426.55,429.2,600,0,9600.0,CE
2017-10-09 10:15:00,430.2,430.2,430.2,430.2,225,0,9600.0,CE
2017-10-09 10:16:00,431.05,431.05,431.05,431.05,75,0,9600.0,CE
2017-10-09 10:18:00,429.65,429.65,429.65,429.65,450,0,9600.0,CE
2017-10-09 10:19:00,431.0,431.0,431.0,431.0,75,0,9600.0,CE
2017-10-09 10:20:00,429.6,429.6,429.6,429.6,75,0,9600.0,CE
2017-10-09 10:21:00,428.2,428.2,428.0,428.0,300,0,9600.0,CE
2017-10-09 10:29:00,433.5,433.5,433.5,433.5,150,0,9600.0,CE
2017-10-09 10:30:00,435.95,435.95,435.95,435.95,900,0,9600.0,CE
2017-10-09 10:34:00,432.75,432.75,432.0,432.0,150,0,9600.0,CE
2017-10-09 10:39:00,433.25,433.25,433.0,433.25,1125,0,9600.0,CE
2017-10-09 10:44:00,433.95,433.95,433.95,433.95,75,0,9600.0,CE
2017-10-09 10:46:00,431.95,431.95,429.0,430.95,750,0,9600.0,CE
2017-10-09 10:49:00,429.5,429.5,426.85,426.85,300,0,9600.0,CE
2017-10-09 10:51:00,426.5,427.0,426.3,426.5,525,0,9600.0,CE
2017-10-09 10:52:00,426.0,426.0,426.0,426.0,75,0,9600.0,CE
2017-10-09 10:54:00,424.95,424.95,424.0,424.0,600,0,9600.0,CE
2017-10-09 10:55:00,425.0,425.0,425.0,425.0,150,0,9600.0,CE
2017-10-09 11:01:00,422.6,422.6,422.6,422.6,75,0,9600.0,CE
2017-10-09 11:04:00,423.0,423.0,423.0,423.0,75,0,9600.0,CE
2017-10-09 11:05:00,422.95,422.95,422.0,422.0,300,0,9600.0,CE
2017-10-09 11:06:00,420.45,420.45,420.45,420.45,225,0,9600.0,CE
2017-10-09 11:09:00,421.0,421.0,420.0,420.0,225,0,9600.0,CE
2017-10-09 11:11:00,419.95,419.95,419.95,419.95,75,0,9600.0,CE
2017-10-09 11:14:00,416.1,416.35,414.25,414.25,2775,0,9600.0,CE
2017-10-09 11:15:00,413.5,414.0,413.5,414.0,150,0,9600.0,CE
2017-10-09 11:16:00,413.6,414.0,413.6,414.0,225,0,9600.0,CE
2017-10-09 11:17:00,414.0,414.0,414.0,414.0,750,0,9600.0,CE
2017-10-09 11:18:00,412.95,412.95,410.55,410.55,375,0,9600.0,CE
2017-10-09 11:19:00,410.55,410.55,408.55,408.55,2250,0,9600.0,CE
2017-10-09 11:20:00,407.95,407.95,406.5,406.5,900,0,9600.0,CE
2017-10-09 11:21:00,412.55,412.55,412.55,412.55,75,0,9600.0,CE
2017-10-09 11:22:00,413.5,413.5,413.5,413.5,75,0,9600.0,CE
2017-10-09 11:25:00,414.0,414.0,414.0,414.0,75,0,9600.0,CE
2017-10-09 11:26:00,417.0,417.0,417.0,417.0,75,0,9600.0,CE
2017-10-09 11:27:00,416.25,416.25,416.25,416.25,75,0,9600.0,CE
2017-10-09 11:29:00,417.0,417.0,417.0,417.0,75,0,9600.0,CE
2017-10-09 11:33:00,420.0,420.0,420.0,420.0,75,0,9600.0,CE
2017-10-09 11:37:00,416.0,416.0,416.0,416.0,75,0,9600.0,CE
2017-10-09 11:38:00,417.0,417.0,415.5,415.5,1350,0,9600.0,CE
2017-10-09 11:40:00,415.4,415.4,415.4,415.4,3000,0,9600.0,CE
2017-10-09 11:42:00,413.4,413.4,413.4,413.4,75,0,9600.0,CE
2017-10-09 11:47:00,412.95,412.95,412.95,412.95,75,0,9600.0,CE
2017-10-09 11:48:00,414.0,414.0,414.0,414.0,900,0,9600.0,CE
2017-10-09 11:56:00,420.15,420.15,420.15,420.15,225,0,9600.0,CE
2017-10-09 12:02:00,417.5,417.5,417.5,417.5,225,0,9600.0,CE
2017-10-09 12:06:00,412.0,412.0,412.0,412.0,150,0,9600.0,CE
2017-10-09 12:09:00,409.5,409.5,409.25,409.25,225,0,9600.0,CE
2017-10-09 12:11:00,409.05,409.05,409.05,409.05,225,0,9600.0,CE
2017-10-09 12:13:00,405.25,405.25,405.05,405.05,150,0,9600.0,CE
2017-10-09 12:14:00,410.45,410.45,410.45,410.45,75,0,9600.0,CE
2017-10-09 12:15:00,412.0,412.0,412.0,412.0,2100,0,9600.0,CE
2017-10-09 12:16:00,407.35,407.35,407.35,407.35,450,0,9600.0,CE
2017-10-09 12:23:00,406.0,406.0,406.0,406.0,300,0,9600.0,CE
2017-10-09 12:25:00,406.0,406.0,406.0,406.0,75,0,9600.0,CE
2017-10-09 12:26:00,405.5,405.5,405.5,405.5,150,0,9600.0,CE
2017-10-09 12:27:00,404.05,404.05,401.25,402.35,300,0,9600.0,CE
2017-10-09 12:29:00,403.95,403.95,403.95,403.95,150,0,9600.0,CE
2017-10-09 12:30:00,403.0,403.4,403.0,403.4,150,0,9600.0,CE
2017-10-09 12:31:00,402.95,402.95,402.95,402.95,150,0,9600.0,CE
2017-10-09 12:32:00,406.0,406.0,406.0,406.0,150,0,9600.0,CE
2017-10-09 12:36:00,411.1,411.1,411.1,411.1,75,0,9600.0,CE
2017-10-09 12:37:00,410.5,410.5,410.5,410.5,75,0,9600.0,CE
2017-10-09 12:39:00,412.5,412.5,412.5,412.5,75,0,9600.0,CE
2017-10-09 12:42:00,408.6,408.6,408.6,408.6,75,0,9600.0,CE
2017-10-09 12:46:00,409.5,409.5,409.5,409.5,75,0,9600.0,CE
2017-10-09 12:48:00,410.95,410.95,410.95,410.95,300,0,9600.0,CE
2017-10-09 12:49:00,409.05,409.05,409.05,409.05,75,0,9600.0,CE
2017-10-09 12:52:00,414.95,414.95,414.95,414.95,75,0,9600.0,CE
2017-10-09 12:53:00,415.0,415.0,415.0,415.0,75,0,9600.0,CE
2017-10-09 13:01:00,409.8,409.8,409.8,409.8,150,0,9600.0,CE
2017-10-09 13:02:00,409.8,409.8,409.8,409.8,75,0,9600.0,CE
2017-10-09 13:03:00,410.0,410.0,410.0,410.0,150,0,9600.0,CE
2017-10-09 13:07:00,413.45,413.45,413.45,413.45,75,0,9600.0,CE
2017-10-09 13:13:00,416.1,416.1,416.1,416.1,375,0,9600.0,CE
2017-10-09 13:17:00,416.0,416.0,416.0,416.0,75,0,9600.0,CE
2017-10-09 13:18:00,416.95,416.95,416.95,416.95,75,0,9600.0,CE
2017-10-09 13:21:00,419.45,419.45,419.45,419.45,75,0,9600.0,CE
2017-10-09 13:22:00,421.45,421.45,421.45,421.45,75,0,9600.0,CE
2017-10-09 13:30:00,415.05,415.05,415.05,415.05,300,0,9600.0,CE
2017-10-09 13:31:00,415.95,415.95,415.95,415.95,75,0,9600.0,CE
2017-10-09 13:32:00,415.1,415.1,415.1,415.1,75,0,9600.0,CE
2017-10-09 13:33:00,413.15,413.15,413.15,413.15,75,0,9600.0,CE
2017-10-09 13:34:00,413.9,413.9,413.9,413.9,150,0,9600.0,CE
2017-10-09 13:35:00,413.0,413.0,413.0,413.0,1500,0,9600.0,CE
2017-10-09 13:49:00,418.5,418.5,418.5,418.5,75,0,9600.0,CE
2017-10-09 13:50:00,421.0,421.0,421.0,421.0,225,0,9600.0,CE
2017-10-09 13:51:00,422.0,422.2,420.3,420.3,300,0,9600.0,CE
2017-10-09 13:54:00,420.0,420.0,420.0,420.0,150,0,9600.0,CE
2017-10-09 13:55:00,422.95,423.95,422.95,423.95,150,0,9600.0,CE
2017-10-09 13:56:00,424.5,424.8,422.35,422.35,1875,0,9600.0,CE
2017-10-09 13:57:00,421.1,421.1,421.1,421.1,75,0,9600.0,CE
2017-10-09 13:58:00,420.05,420.05,420.0,420.0,3000,0,9600.0,CE
2017-10-09 14:12:00,421.0,421.0,419.0,419.0,225,0,9600.0,CE
2017-10-09 14:18:00,417.0,417.0,415.0,415.0,675,0,9600.0,CE
2017-10-09 14:21:00,416.0,416.0,416.0,416.0,75,0,9600.0,CE
2017-10-09 14:23:00,415.75,416.95,415.75,416.95,225,0,9600.0,CE
2017-10-09 14:27:00,420.45,420.45,420.45,420.45,75,0,9600.0,CE
2017-10-09 14:31:00,423.0,423.0,423.0,423.0,75,0,9600.0,CE
2017-10-09 14:37:00,420.0,420.0,418.9,419.95,825,0,9600.0,CE
2017-10-09 14:38:00,420.95,420.95,420.45,420.45,150,0,9600.0,CE
2017-10-09 14:39:00,421.95,422.0,421.9,421.9,225,0,9600.0,CE
2017-10-09 14:40:00,422.25,423.95,422.25,423.95,450,0,9600.0,CE
2017-10-09 14:42:00,425.7,425.7,425.7,425.7,150,0,9600.0,CE
2017-10-09 14:54:00,410.0,410.0,410.0,410.0,75,0,9600.0,CE
2017-10-09 14:57:00,416.0,416.0,416.0,416.0,75,0,9600.0,CE
2017-10-09 15:03:00,420.0,420.1,420.0,420.1,150,0,9600.0,CE
2017-10-09 15:04:00,420.95,420.95,420.95,420.95,75,0,9600.0,CE
2017-10-09 15:05:00,421.15,421.15,419.0,419.0,4200,0,9600.0,CE
2017-10-09 15:06:00,419.9,419.9,419.9,419.9,75,0,9600.0,CE
2017-10-09 15:07:00,419.0,420.0,419.0,420.0,225,0,9600.0,CE
2017-10-09 15:08:00,420.75,421.6,420.75,421.6,300,0,9600.0,CE
2017-10-09 15:11:00,418.15,418.15,418.15,418.15,375,0,9600.0,CE
2017-10-09 15:13:00,416.95,416.95,416.95,416.95,150,0,9600.0,CE
2017-10-09 15:15:00,418.1,418.1,417.0,417.05,450,0,9600.0,CE
2017-10-09 15:16:00,417.0,417.0,417.0,417.0,150,0,9600.0,CE
2017-10-09 15:17:00,416.05,417.05,416.05,417.0,225,0,9600.0,CE
2017-10-09 15:21:00,421.45,421.45,421.45,421.45,225,0,9600.0,CE
2017-10-09 15:22:00,421.0,421.0,421.0,421.0,300,0,9600.0,CE
2017-10-09 15:24:00,419.5,419.5,419.05,419.05,225,0,9600.0,CE
2017-10-09 15:28:00,422.7,422.7,422.7,422.7,75,0,9600.0,CE
2017-10-09 15:29:00,422.55,424.35,422.55,422.55,450,0,9600.0,CE
2017-10-09 15:30:00,422.55,424.35,422.55,419.8,0,0,9600.0,CE
2017-10-10 09:15:00,432.1,432.1,432.1,432.1,225,0,9600.0,CE
2017-10-10 09:16:00,427.95,427.95,427.95,427.95,75,0,9600.0,CE
2017-10-10 09:17:00,424.85,433.35,424.85,433.35,675,0,9600.0,CE
2017-10-10 09:18:00,433.35,433.35,433.35,433.35,225,0,9600.0,CE
2017-10-10 09:20:00,434.0,434.0,434.0,434.0,75,0,9600.0,CE
2017-10-10 09:21:00,438.65,438.65,438.0,438.0,225,0,9600.0,CE
2017-10-10 09:22:00,440.0,440.0,438.5,438.5,450,0,9600.0,CE
2017-10-10 09:23:00,437.5,438.0,437.5,438.0,150,0,9600.0,CE
2017-10-10 09:25:00,439.9,439.9,438.0,438.0,375,0,9600.0,CE
2017-10-10 09:26:00,437.9,437.9,436.0,436.0,375,0,9600.0,CE
2017-10-10 09:27:00,437.2,437.2,437.2,437.2,225,0,9600.0,CE
2017-10-10 09:29:00,440.0,440.0,440.0,440.0,75,0,9600.0,CE
2017-10-10 09:30:00,440.95,440.95,440.95,440.95,75,0,9600.0,CE
2017-10-10 09:32:00,436.05,436.5,436.05,436.5,150,0,9600.0,CE
2017-10-10 09:33:00,437.5,437.5,437.5,437.5,75,0,9600.0,CE
2017-10-10 09:35:00,430.95,430.95,430.95,430.95,75,0,9600.0,CE
2017-10-10 09:40:00,426.0,426.0,426.0,426.0,75,0,9600.0,CE
2017-10-10 09:43:00,430.5,430.5,430.5,430.5,600,0,9600.0,CE
2017-10-10 09:44:00,429.0,430.85,429.0,430.85,150,0,9600.0,CE
2017-10-10 09:45:00,429.5,429.5,429.5,429.5,75,0,9600.0,CE
2017-10-10 09:51:00,432.55,432.55,431.5,431.5,450,0,9600.0,CE
2017-10-10 09:54:00,430.05,430.05,430.05,430.05,225,0,9600.0,CE
2017-10-10 09:56:00,433.0,433.0,433.0,433.0,75,0,9600.0,CE
2017-10-10 09:57:00,433.0,433.0,432.95,432.95,150,0,9600.0,CE
2017-10-10 10:04:00,434.05,434.05,434.05,434.05,75,0,9600.0,CE
2017-10-10 10:07:00,427.0,427.0,427.0,427.0,300,0,9600.0,CE
2017-10-10 10:17:00,421.0,421.0,421.0,421.0,75,0,9600.0,CE
2017-10-10 10:18:00,421.85,421.85,421.85,421.85,75,0,9600.0,CE
2017-10-10 10:25:00,423.0,423.0,423.0,423.0,75,0,9600.0,CE
2017-10-10 10:26:00,423.8,423.8,423.8,423.8,525,0,9600.0,CE
2017-10-10 10:28:00,424.0,424.0,424.0,424.0,75,0,9600.0,CE
2017-10-10 10:29:00,424.0,424.0,424.0,424.0,150,0,9600.0,CE
2017-10-10 10:33:00,425.9,425.9,425.9,425.9,75,0,9600.0,CE
2017-10-10 10:35:00,426.0,426.0,426.0,426.0,75,0,9600.0,CE
2017-10-10 10:43:00,430.5,430.5,430.5,430.5,75,0,9600.0,CE
2017-10-10 10:44:00,430.05,430.05,430.05,430.05,1125,0,9600.0,CE
2017-10-10 10:50:00,433.05,433.05,433.05,433.05,75,0,9600.0,CE
2017-10-10 10:54:00,435.0,435.0,435.0,435.0,75,0,9600.0,CE
2017-10-10 10:56:00,437.0,437.0,437.0,437.0,225,0,9600.0,CE
2017-10-10 10:58:00,434.0,434.5,434.0,434.5,900,0,9600.0,CE
2017-10-10 10:59:00,434.95,434.95,434.95,434.95,750,0,9600.0,CE
2017-10-10 11:01:00,440.0,440.0,440.0,440.0,150,0,9600.0,CE
2017-10-10 11:02:00,442.0,442.0,440.05,440.05,225,0,9600.0,CE
2017-10-10 11:03:00,442.0,442.05,442.0,442.0,1200,0,9600.0,CE
2017-10-10 11:18:00,445.0,449.5,445.0,449.5,1200,0,9600.0,CE
2017-10-10 11:20:00,445.0,445.0,445.0,445.0,75,0,9600.0,CE
2017-10-10 11:26:00,439.35,439.35,438.75,438.75,600,0,9600.0,CE
2017-10-10 11:27:00,438.4,438.4,438.4,438.4,150,0,9600.0,CE
2017-10-10 11:32:00,440.0,440.0,440.0,440.0,75,0,9600.0,CE
2017-10-10 11:45:00,437.0,437.0,437.0,437.0,75,0,9600.0,CE
2017-10-10 11:54:00,436.0,437.0,436.0,437.0,2550,0,9600.0,CE
2017-10-10 11:56:00,437.0,437.0,437.0,437.0,450,0,9600.0,CE
2017-10-10 12:03:00,437.0,437.0,437.0,437.0,75,0,9600.0,CE
2017-10-10 12:04:00,433.0,433.0,433.0,433.0,150,0,9600.0,CE
2017-10-10 12:05:00,432.5,433.0,432.5,433.0,150,0,9600.0,CE
2017-10-10 12:06:00,434.0,434.0,434.0,434.0,75,0,9600.0,CE
2017-10-10 12:07:00,433.0,433.0,433.0,433.0,75,0,9600.0,CE
2017-10-10 12:16:00,434.0,434.0,434.0,434.0,75,0,9600.0,CE
2017-10-10 12:23:00,438.0,438.0,438.0,438.0,75,0,9600.0,CE
2017-10-10 12:33:00,435.5,435.5,435.5,435.5,75,0,9600.0,CE
2017-10-10 12:55:00,435.0,435.0,435.0,435.0,225,0,9600.0,CE
2017-10-10 12:56:00,435.0,435.0,435.0,435.0,75,0,9600.0,CE
2017-10-10 12:57:00,435.3,435.3,435.3,435.3,75,0,9600.0,CE
2017-10-10 13:02:00,436.3,436.3,436.3,436.3,75,0,9600.0,CE
2017-10-10 13:03:00,436.0,437.5,436.0,437.5,4500,0,9600.0,CE
2017-10-10 13:44:00,434.1,434.1,434.1,434.1,75,0,9600.0,CE
2017-10-10 13:52:00,426.4,426.4,426.4,426.4,75,0,9600.0,CE
2017-10-10 13:53:00,427.7,427.7,427.7,427.7,75,0,9600.0,CE
2017-10-10 13:54:00,428.5,428.5,428.5,428.5,75,0,9600.0,CE
2017-10-10 13:57:00,431.0,431.0,431.0,431.0,75,0,9600.0,CE
2017-10-10 13:58:00,430.0,430.0,430.0,430.0,75,0,9600.0,CE
2017-10-10 14:00:00,429.05,429.05,427.0,427.0,600,0,9600.0,CE
2017-10-10 14:01:00,423.5,424.65,423.5,424.65,600,0,9600.0,CE
2017-10-10 14:02:00,425.0,425.0,423.1,423.1,150,0,9600.0,CE
2017-10-10 14:04:00,424.85,424.85,419.8,419.8,600,0,9600.0,CE
2017-10-10 14:05:00,418.8,418.8,418.5,418.5,600,0,9600.0,CE
2017-10-10 14:06:00,415.45,415.45,415.45,415.45,75,0,9600.0,CE
2017-10-10 14:07:00,417.0,417.0,415.4,415.4,525,0,9600.0,CE
2017-10-10 14:08:00,417.75,417.75,417.75,417.75,75,0,9600.0,CE
2017-10-10 14:09:00,416.0,416.0,416.0,416.0,150,0,9600.0,CE
2017-10-10 14:10:00,416.0,416.0,416.0,416.0,150,0,9600.0,CE
2017-10-10 14:14:00,421.75,421.75,421.5,421.5,150,0,9600.0,CE
2017-10-10 14:16:00,422.0,422.0,422.0,422.0,75,0,9600.0,CE
2017-10-10 14:18:00,421.35,421.35,418.2,418.2,225,0,9600.0,CE
2017-10-10 14:21:00,422.3,422.3,422.3,422.3,225,0,9600.0,CE
2017-10-10 14:25:00,425.0,425.0,425.0,425.0,75,0,9600.0,CE
2017-10-10 14:26:00,425.5,425.5,425.5,425.5,150,0,9600.0,CE
2017-10-10 14:27:00,425.5,425.5,425.5,425.5,75,0,9600.0,CE
2017-10-10 14:30:00,425.6,425.6,425.6,425.6,75,0,9600.0,CE
2017-10-10 14:35:00,425.0,425.0,425.0,425.0,75,0,9600.0,CE
2017-10-10 14:36:00,428.05,428.05,428.05,428.05,450,0,9600.0,CE
2017-10-10 14:37:00,427.9,430.7,427.9,430.7,150,0,9600.0,CE
2017-10-10 14:43:00,432.85,432.85,432.85,432.85,75,0,9600.0,CE
2017-10-10 14:46:00,432.1,432.2,432.1,432.2,150,0,9600.0,CE
2017-10-10 14:49:00,428.4,428.4,428.4,428.4,75,0,9600.0,CE
2017-10-10 14:51:00,431.15,431.15,431.15,431.15,150,0,9600.0,CE
2017-10-10 14:52:00,432.15,432.15,432.15,432.15,300,0,9600.0,CE
2017-10-10 14:53:00,433.1,434.9,433.1,434.9,150,0,9600.0,CE
2017-10-10 14:54:00,434.05,434.05,434.05,434.05,75,0,9600.0,CE
2017-10-10 14:55:00,434.05,434.05,434.05,434.05,75,0,9600.0,CE
2017-10-10 14:57:00,435.75,435.75,435.75,435.75,1650,0,9600.0,CE
2017-10-10 15:02:00,437.6,437.6,437.6,437.6,75,0,9600.0,CE
2017-10-10 15:03:00,438.15,438.15,438.15,438.15,150,0,9600.0,CE
2017-10-10 15:07:00,437.35,437.35,437.35,437.35,225,0,9600.0,CE
2017-10-10 15:10:00,437.1,437.1,436.0,436.0,375,0,9600.0,CE
2017-10-10 15:11:00,436.0,436.0,435.0,435.0,525,0,9600.0,CE
2017-10-10 15:15:00,435.95,435.95,435.25,435.25,225,0,9600.0,CE
2017-10-10 15:16:00,433.05,435.4,433.05,435.4,450,0,9600.0,CE
2017-10-10 15:17:00,435.35,435.35,434.0,434.0,225,0,9600.0,CE
2017-10-10 15:21:00,437.9,437.9,437.9,437.9,225,0,9600.0,CE
2017-10-10 15:24:00,436.5,437.4,436.5,437.4,225,0,9600.0,CE
2017-10-10 15:25:00,436.65,436.65,436.65,436.65,75,0,9600.0,CE
2017-10-10 15:26:00,436.1,436.1,436.1,436.1,75,0,9600.0,CE
2017-10-10 15:27:00,436.5,436.5,436.5,436.5,75,0,9600.0,CE
2017-10-10 15:28:00,439.1,439.1,439.1,439.1,150,0,9600.0,CE
2017-10-10 15:29:00,438.0,438.0,438.0,438.0,2100,0,9600.0,CE
2017-10-10 15:30:00,438.0,438.0,438.0,436.85,0,0,9600.0,CE
2017-10-11 09:15:00,462.0,462.0,462.0,462.0,1500,0,9600.0,CE
2017-10-11 09:16:00,463.5,463.5,463.5,463.5,150,0,9600.0,CE
2017-10-11 09:17:00,461.2,462.45,461.2,462.45,150,0,9600.0,CE
2017-10-11 09:18:00,462.0,463.0,462.0,463.0,750,0,9600.0,CE
2017-10-11 09:19:00,460.0,460.0,460.0,460.0,600,0,9600.0,CE
2017-10-11 09:22:00,462.7,462.7,462.7,462.7,300,0,9600.0,CE
2017-10-11 09:23:00,465.45,465.45,465.45,465.45,150,0,9600.0,CE
2017-10-11 09:24:00,464.65,465.1,464.65,465.1,300,0,9600.0,CE
2017-10-11 09:27:00,460.9,461.2,460.9,461.2,150,0,9600.0,CE
2017-10-11 09:28:00,463.0,463.0,463.0,463.0,150,0,9600.0,CE
2017-10-11 09:29:00,463.2,467.4,463.2,467.4,1125,0,9600.0,CE
2017-10-11 09:30:00,469.0,471.6,469.0,471.6,300,0,9600.0,CE
2017-10-11 09:33:00,473.6,473.6,473.6,473.6,150,0,9600.0,CE
2017-10-11 09:34:00,470.65,470.65,470.65,470.65,75,0,9600.0,CE
2017-10-11 09:41:00,469.0,469.0,469.0,469.0,225,0,9600.0,CE
2017-10-11 09:42:00,471.0,471.0,471.0,471.0,75,0,9600.0,CE
2017-10-11 09:43:00,472.0,472.0,472.0,472.0,150,0,9600.0,CE
2017-10-11 09:54:00,471.1,471.1,471.1,471.1,75,0,9600.0,CE
2017-10-11 09:56:00,473.0,473.0,473.0,473.0,75,0,9600.0,CE
2017-10-11 10:02:00,476.7,478.15,476.7,476.95,375,0,9600.0,CE
2017-10-11 10:15:00,475.0,475.0,475.0,475.0,600,0,9600.0,CE
2017-10-11 10:19:00,478.95,479.25,478.95,478.95,225,0,9600.0,CE
2017-10-11 10:25:00,474.0,474.0,471.5,473.15,225,0,9600.0,CE
2017-10-11 10:26:00,472.55,473.75,472.55,473.75,225,0,9600.0,CE
2017-10-11 10:27:00,474.5,474.5,474.5,474.5,75,0,9600.0,CE
2017-10-11 10:30:00,476.0,476.0,476.0,476.0,150,0,9600.0,CE
2017-10-11 10:35:00,475.0,475.0,474.65,474.65,300,0,9600.0,CE
2017-10-11 10:37:00,477.0,477.0,477.0,477.0,75,0,9600.0,CE
2017-10-11 10:45:00,480.0,480.0,480.0,480.0,150,0,9600.0,CE
2017-10-11 10:46:00,480.0,480.0,480.0,480.0,150,0,9600.0,CE
2017-10-11 10:59:00,478.75,478.75,478.75,478.75,150,0,9600.0,CE
2017-10-11 11:01:00,477.0,477.0,477.0,477.0,75,0,9600.0,CE
2017-10-11 11:03:00,477.0,477.0,477.0,477.0,75,0,9600.0,CE
2017-10-11 11:33:00,470.0,470.0,470.0,470.0,300,0,9600.0,CE
2017-10-11 11:53:00,476.0,476.0,476.0,476.0,150,0,9600.0,CE
2017-10-11 11:57:00,474.0,474.0,474.0,474.0,150,0,9600.0,CE
2017-10-11 12:43:00,473.8,473.8,473.8,473.8,150,0,9600.0,CE
2017-10-11 13:12:00,470.0,470.0,470.0,470.0,75,0,9600.0,CE
2017-10-11 13:21:00,462.5,464.5,462.5,464.5,3975,0,9600.0,CE
2017-10-11 13:22:00,464.0,464.0,464.0,464.0,75,0,9600.0,CE
2017-10-11 13:24:00,460.0,460.0,460.0,460.0,75,0,9600.0,CE
2017-10-11 13:25:00,460.0,460.5,458.5,460.5,2550,0,9600.0,CE
2017-10-11 13:28:00,452.0,452.0,452.0,452.0,300,0,9600.0,CE
2017-10-11 13:29:00,448.0,450.0,448.0,450.0,1575,0,9600.0,CE
2017-10-11 13:30:00,447.9,447.9,440.0,440.95,2175,0,9600.0,CE
2017-10-11 13:31:00,437.0,443.0,436.0,443.0,300,0,9600.0,CE
2017-10-11 13:32:00,441.0,445.95,441.0,445.95,900,0,9600.0,CE
2017-10-11 13:33:00,445.95,447.95,445.95,447.95,1200,0,9600.0,CE
2017-10-11 13:34:00,449.0,450.0,449.0,450.0,1425,0,9600.0,CE
2017-10-11 13:35:00,450.1,450.1,443.05,443.05,675,0,9600.0,CE
2017-10-11 13:37:00,449.9,449.9,448.25,448.25,225,0,9600.0,CE
2017-10-11 13:38:00,446.45,446.95,445.95,446.95,375,0,9600.0,CE
2017-10-11 13:39:00,441.45,442.0,441.45,442.0,150,0,9600.0,CE
2017-10-11 13:40:00,440.95,441.95,439.0,439.0,300,0,9600.0,CE
2017-10-11 13:41:00,436.8,437.0,436.8,437.0,300,0,9600.0,CE
2017-10-11 13:42:00,437.35,437.35,437.35,437.35,75,0,9600.0,CE
2017-10-11 13:43:00,440.0,440.0,437.35,438.75,450,0,9600.0,CE
2017-10-11 13:44:00,438.65,440.5,438.65,440.5,525,0,9600.0,CE
2017-10-11 13:45:00,440.5,440.9,439.8,440.05,1725,0,9600.0,CE
2017-10-11 13:46:00,440.0,440.0,440.0,440.0,75,0,9600.0,CE
2017-10-11 13:50:00,439.5,439.9,439.5,439.9,150,0,9600.0,CE
2017-10-11 13:53:00,439.0,439.0,439.0,439.0,75,0,9600.0,CE
2017-10-11 13:59:00,441.25,441.25,441.25,441.25,150,0,9600.0,CE
2017-10-11 14:00:00,441.0,441.0,441.0,441.0,75,0,9600.0,CE
2017-10-11 14:01:00,436.0,436.0,431.5,431.5,825,0,9600.0,CE
2017-10-11 14:02:00,434.0,434.0,434.0,434.0,75,0,9600.0,CE
2017-10-11 14:03:00,430.45,430.45,429.0,429.0,150,0,9600.0,CE
2017-10-11 14:04:00,428.0,428.0,425.4,425.8,225,0,9600.0,CE
2017-10-11 14:05:00,423.35,423.35,415.0,415.0,1125,0,9600.0,CE
2017-10-11 14:06:00,415.75,418.95,412.55,413.9,5700,0,9600.0,CE
2017-10-11 14:07:00,415.0,415.0,413.0,414.0,3750,0,9600.0,CE
2017-10-11 14:08:00,415.0,415.0,409.0,409.0,600,0,9600.0,CE
2017-10-11 14:09:00,409.0,409.0,403.4,403.4,450,0,9600.0,CE
2017-10-11 14:10:00,410.0,410.0,410.0,410.0,600,0,9600.0,CE
2017-10-11 14:11:00,413.0,413.0,413.0,413.0,375,0,9600.0,CE
2017-10-11 14:12:00,408.95,410.0,408.95,410.0,450,0,9600.0,CE
2017-10-11 14:13:00,414.0,414.0,414.0,414.0,1425,0,9600.0,CE
2017-10-11 14:14:00,417.0,417.65,417.0,417.65,2325,0,9600.0,CE
2017-10-11 14:15:00,417.0,417.0,413.0,413.0,150,0,9600.0,CE
2017-10-11 14:17:00,403.5,404.0,403.5,404.0,225,0,9600.0,CE
2017-10-11 14:18:00,402.0,402.0,402.0,402.0,300,0,9600.0,CE
2017-10-11 14:19:00,402.25,402.25,400.0,400.0,3150,0,9600.0,CE
2017-10-11 14:20:00,394.25,394.25,394.25,394.25,150,0,9600.0,CE
2017-10-11 14:21:00,398.0,398.5,398.0,398.2,675,0,9600.0,CE
2017-10-11 14:22:00,391.55,392.0,391.55,392.0,225,0,9600.0,CE
2017-10-11 14:23:00,388.0,396.0,388.0,396.0,1200,0,9600.0,CE
2017-10-11 14:24:00,397.0,397.0,385.15,385.15,450,0,9600.0,CE
2017-10-11 14:25:00,386.95,388.55,386.95,387.9,1425,0,9600.0,CE
2017-10-11 14:26:00,392.9,392.9,392.9,392.9,150,0,9600.0,CE
2017-10-11 14:27:00,395.55,400.0,395.55,400.0,675,0,9600.0,CE
2017-10-11 14:28:00,400.0,400.0,400.0,400.0,3825,0,9600.0,CE
2017-10-11 14:29:00,402.95,402.95,402.95,402.95,1800,0,9600.0,CE
2017-10-11 14:30:00,401.0,401.0,400.0,400.0,4050,0,9600.0,CE
2017-10-11 14:31:00,403.0,404.0,403.0,404.0,150,0,9600.0,CE
2017-10-11 14:32:00,399.0,399.0,395.1,395.1,6225,0,9600.0,CE
2017-10-11 14:33:00,399.0,399.0,399.0,399.0,75,0,9600.0,CE
2017-10-11 14:35:00,400.0,400.0,400.0,400.0,450,0,9600.0,CE
2017-10-11 14:36:00,403.95,403.95,403.95,403.95,75,0,9600.0,CE
2017-10-11 14:37:00,403.1,403.1,401.0,401.0,3375,0,9600.0,CE
2017-10-11 14:38:00,405.0,405.0,405.0,405.0,150,0,9600.0,CE
2017-10-11 14:39:00,410.0,410.0,410.0,410.0,75,0,9600.0,CE
2017-10-11 14:42:00,412.95,412.95,412.95,412.95,225,0,9600.0,CE
2017-10-11 14:43:00,415.0,415.0,415.0,415.0,75,0,9600.0,CE
2017-10-11 14:44:00,415.5,415.5,413.0,413.0,225,0,9600.0,CE
2017-10-11 14:45:00,413.5,413.5,413.5,413.5,300,0,9600.0,CE
2017-10-11 14:47:00,407.05,409.0,407.05,409.0,300,0,9600.0,CE
2017-10-11 14:48:00,411.05,411.05,411.05,411.05,75,0,9600.0,CE
2017-10-11 14:49:00,411.9,411.9,409.5,409.5,2175,0,9600.0,CE
2017-10-11 14:50:00,409.0,409.0,409.0,409.0,75,0,9600.0,CE
2017-10-11 14:51:00,411.5,411.5,411.5,411.5,75,0,9600.0,CE
2017-10-11 14:52:00,409.1,409.95,409.1,409.95,300,0,9600.0,CE
2017-10-11 14:56:00,402.0,402.0,402.0,402.0,225,0,9600.0,CE
2017-10-11 14:58:00,402.0,402.0,402.0,402.0,300,0,9600.0,CE
2017-10-11 15:01:00,414.0,414.0,414.0,414.0,825,0,9600.0,CE
2017-10-11 15:02:00,412.95,412.95,411.1,411.15,1500,0,9600.0,CE
2017-10-11 15:03:00,414.95,415.0,409.6,409.6,2100,0,9600.0,CE
2017-10-11 15:05:00,405.75,405.75,405.75,405.75,225,0,9600.0,CE
2017-10-11 15:06:00,408.45,408.45,408.15,408.15,300,0,9600.0,CE
2017-10-11 15:12:00,404.0,404.0,404.0,404.0,75,0,9600.0,CE
2017-10-11 15:16:00,400.0,400.0,400.0,400.0,75,0,9600.0,CE
2017-10-11 15:18:00,397.05,397.05,397.05,397.05,375,0,9600.0,CE
2017-10-11 15:20:00,396.8,396.8,396.8,396.8,75,0,9600.0,CE
2017-10-11 15:22:00,399.3,399.3,399.3,399.3,75,0,9600.0,CE
2017-10-11 15:24:00,398.2,399.75,398.2,399.75,150,0,9600.0,CE
2017-10-11 15:27:00,398.0,398.0,397.95,397.95,150,0,9600.0,CE
2017-10-11 15:28:00,397.85,397.85,395.25,395.25,525,0,9600.0,CE
2017-10-11 15:29:00,392.0,392.0,392.0,392.0,900,0,9600.0,CE
2017-10-11 15:30:00,392.0,407.1,392.0,407.1,0,0,9600.0,CE
2017-10-12 09:15:00,429.0,429.0,429.0,429.0,150,0,9600.0,CE
2017-10-12 09:16:00,430.0,430.0,430.0,430.0,75,0,9600.0,CE
2017-10-12 09:18:00,425.0,425.0,425.0,425.0,600,0,9600.0,CE
2017-10-12 09:19:00,425.45,425.45,425.45,425.45,75,0,9600.0,CE
2017-10-12 09:21:00,422.65,422.65,420.0,420.05,600,0,9600.0,CE
2017-10-12 09:22:00,418.0,419.5,417.0,417.0,525,0,9600.0,CE
2017-10-12 09:28:00,410.0,410.0,410.0,410.0,150,0,9600.0,CE
2017-10-12 09:32:00,415.0,415.0,415.0,415.0,75,0,9600.0,CE
2017-10-12 09:36:00,420.1,420.1,420.1,420.1,1500,0,9600.0,CE
2017-10-12 09:41:00,422.0,422.0,422.0,422.0,2100,0,9600.0,CE
2017-10-12 09:42:00,426.0,426.0,426.0,426.0,1500,0,9600.0,CE
2017-10-12 09:45:00,426.8,426.8,426.8,426.8,150,0,9600.0,CE
2017-10-12 09:46:00,428.25,428.25,428.2,428.2,1575,0,9600.0,CE
2017-10-12 09:47:00,429.1,430.0,429.1,430.0,1575,0,9600.0,CE
2017-10-12 09:49:00,432.0,432.0,432.0,432.0,675,0,9600.0,CE
2017-10-12 09:51:00,432.0,434.0,432.0,434.0,525,0,9600.0,CE
2017-10-12 09:52:00,434.65,435.5,434.65,435.0,750,0,9600.0,CE
2017-10-12 09:53:00,435.0,438.1,435.0,436.0,2625,0,9600.0,CE
2017-10-12 09:58:00,436.0,436.0,436.0,436.0,75,0,9600.0,CE
2017-10-12 10:01:00,434.0,434.0,434.0,434.0,1050,0,9600.0,CE
2017-10-12 10:02:00,435.2,435.2,433.0,433.0,1575,0,9600.0,CE
2017-10-12 10:06:00,433.2,433.2,433.2,433.2,1500,0,9600.0,CE
2017-10-12 10:08:00,433.0,433.0,433.0,433.0,225,0,9600.0,CE
2017-10-12 10:10:00,427.95,427.95,427.95,427.95,75,0,9600.0,CE
2017-10-12 10:12:00,429.0,429.0,429.0,429.0,75,0,9600.0,CE
2017-10-12 10:14:00,428.0,428.0,428.0,428.0,75,0,9600.0,CE
2017-10-12 10:15:00,428.0,428.0,428.0,428.0,75,0,9600.0,CE
2017-10-12 10:17:00,428.5,428.5,428.05,428.05,150,0,9600.0,CE
2017-10-12 10:20:00,427.1,427.1,427.1,427.1,1500,0,9600.0,CE
2017-10-12 10:21:00,429.5,429.5,429.5,429.5,75,0,9600.0,CE
2017-10-12 10:23:00,432.5,432.5,432.5,432.5,675,0,9600.0,CE
2017-10-12 10:24:00,432.5,433.0,432.5,432.5,1050,0,9600.0,CE
2017-10-12 10:25:00,432.2,432.2,432.2,432.2,750,0,9600.0,CE
2017-10-12 10:26:00,433.1,433.1,433.1,433.1,750,0,9600.0,CE
2017-10-12 10:27:00,433.1,433.1,432.1,432.1,3450,0,9600.0,CE
2017-10-12 10:28:00,432.2,432.2,432.2,432.2,3000,0,9600.0,CE
2017-10-12 10:29:00,431.0,431.0,431.0,431.0,75,0,9600.0,CE
2017-10-12 10:30:00,433.1,435.1,433.1,434.1,3000,0,9600.0,CE
2017-10-12 10:32:00,432.0,432.0,432.0,432.0,75,0,9600.0,CE
2017-10-12 10:33:00,433.1,434.25,433.1,434.25,975,0,9600.0,CE
2017-10-12 10:34:00,433.1,433.1,433.1,433.1,675,0,9600.0,CE
2017-10-12 10:35:00,433.5,433.65,433.5,433.65,150,0,9600.0,CE
2017-10-12 10:37:00,432.2,434.2,432.2,433.85,3525,0,9600.0,CE
2017-10-12 10:38:00,434.2,435.2,434.2,435.2,1500,0,9600.0,CE
2017-10-12 10:39:00,436.0,436.0,436.0,436.0,75,0,9600.0,CE
2017-10-12 10:40:00,437.15,439.1,437.15,439.1,2100,0,9600.0,CE
2017-10-12 10:42:00,437.2,437.2,437.2,437.2,75,0,9600.0,CE
2017-10-12 10:45:00,440.1,440.1,440.1,440.1,3000,0,9600.0,CE
2017-10-12 10:46:00,440.0,440.0,440.0,440.0,75,0,9600.0,CE
2017-10-12 10:49:00,440.0,440.0,439.4,439.4,375,0,9600.0,CE
2017-10-12 10:50:00,439.4,439.4,439.4,439.4,675,0,9600.0,CE
2017-10-12 10:51:00,440.95,440.95,440.95,440.95,150,0,9600.0,CE
2017-10-12 10:52:00,439.95,440.6,439.95,440.6,975,0,9600.0,CE
2017-10-12 10:53:00,441.1,441.15,441.1,441.15,525,0,9600.0,CE
2017-10-12 10:56:00,440.2,440.2,439.1,439.1,1650,0,9600.0,CE
2017-10-12 10:57:00,439.1,439.1,438.1,438.1,2925,0,9600.0,CE
2017-10-12 10:59:00,435.4,435.6,435.4,435.6,150,0,9600.0,CE
2017-10-12 11:03:00,437.0,437.0,437.0,437.0,375,0,9600.0,CE
2017-10-12 11:08:00,440.05,440.05,440.05,440.05,750,0,9600.0,CE
2017-10-12 11:11:00,438.0,438.0,438.0,438.0,75,0,9600.0,CE
2017-10-12 11:12:00,437.15,437.15,437.15,437.15,75,0,9600.0,CE
2017-10-12 11:13:00,434.8,434.8,434.8,434.8,75,0,9600.0,CE
2017-10-12 11:14:00,435.65,435.65,434.2,435.5,3000,0,9600.0,CE
2017-10-12 11:25:00,435.55,435.55,435.55,435.55,1500,0,9600.0,CE
2017-10-12 11:26:00,436.5,436.5,436.5,436.5,150,0,9600.0,CE
2017-10-12 11:29:00,435.2,435.2,435.2,435.2,75,0,9600.0,CE
2017-10-12 11:35:00,435.45,435.45,435.45,435.45,75,0,9600.0,CE
2017-10-12 11:44:00,443.75,446.5,443.75,446.5,1500,0,9600.0,CE
2017-10-12 11:45:00,448.4,448.5,448.1,448.1,3300,0,9600.0,CE
2017-10-12 11:46:00,448.95,449.0,448.1,448.1,2025,0,9600.0,CE
2017-10-12 11:47:00,448.1,448.1,448.1,448.1,1650,0,9600.0,CE
2017-10-12 11:48:00,447.9,447.9,447.9,447.9,75,0,9600.0,CE
2017-10-12 11:49:00,445.0,445.0,445.0,445.0,150,0,9600.0,CE
2017-10-12 11:59:00,444.05,444.05,444.05,444.05,75,0,9600.0,CE
2017-10-12 12:00:00,445.0,445.0,445.0,445.0,1500,0,9600.0,CE
2017-10-12 12:03:00,446.0,446.25,446.0,446.25,225,0,9600.0,CE
2017-10-12 12:04:00,445.85,445.85,445.85,445.85,75,0,9600.0,CE
2017-10-12 12:05:00,443.05,443.05,443.05,443.05,75,0,9600.0,CE
2017-10-12 12:13:00,444.25,444.25,444.25,444.25,75,0,9600.0,CE
2017-10-12 12:14:00,446.2,446.45,446.0,446.0,900,0,9600.0,CE
2017-10-12 12:16:00,447.6,447.6,446.15,446.15,300,0,9600.0,CE
2017-10-12 12:17:00,446.0,446.0,446.0,446.0,75,0,9600.0,CE
2017-10-12 12:24:00,446.4,446.4,446.4,446.4,75,0,9600.0,CE
2017-10-12 12:29:00,448.95,448.95,448.8,448.8,300,0,9600.0,CE
2017-10-12 12:30:00,448.8,448.8,448.8,448.8,75,0,9600.0,CE
2017-10-12 12:31:00,446.95,446.95,446.95,446.95,150,0,9600.0,CE
2017-10-12 12:44:00,439.05,439.05,439.05,439.05,75,0,9600.0,CE
2017-10-12 12:46:00,438.0,438.0,438.0,438.0,75,0,9600.0,CE
2017-10-12 12:47:00,441.8,441.8,441.8,441.8,1050,0,9600.0,CE
2017-10-12 12:48:00,440.5,440.5,440.5,440.5,450,0,9600.0,CE
2017-10-12 12:49:00,438.0,438.0,438.0,438.0,450,0,9600.0,CE
2017-10-12 12:50:00,435.0,437.95,435.0,437.95,675,0,9600.0,CE
2017-10-12 12:54:00,432.85,432.85,432.85,432.85,150,0,9600.0,CE
2017-10-12 12:55:00,427.7,427.9,425.0,426.9,450,0,9600.0,CE
2017-10-12 12:56:00,427.0,428.0,427.0,428.0,600,0,9600.0,CE
2017-10-12 12:57:00,428.4,430.2,428.4,430.2,300,0,9600.0,CE
2017-10-12 12:58:00,428.3,428.3,428.3,428.3,1125,0,9600.0,CE
2017-10-12 12:59:00,423.0,423.05,423.0,423.05,300,0,9600.0,CE
2017-10-12 13:00:00,424.9,426.05,424.9,426.0,225,0,9600.0,CE
2017-10-12 13:01:00,429.0,429.0,429.0,429.0,150,0,9600.0,CE
2017-10-12 13:02:00,431.0,431.0,431.0,431.0,600,0,9600.0,CE
2017-10-12 13:03:00,429.0,432.3,429.0,432.3,675,0,9600.0,CE
2017-10-12 13:04:00,434.3,435.4,434.3,435.4,450,0,9600.0,CE
2017-10-12 13:16:00,429.0,429.0,429.0,429.0,75,0,9600.0,CE
2017-10-12 13:25:00,436.0,436.0,436.0,436.0,75,0,9600.0,CE
2017-10-12 13:26:00,436.0,436.0,435.5,435.5,150,0,9600.0,CE
2017-10-12 13:32:00,440.35,440.35,440.1,440.1,150,0,9600.0,CE
2017-10-12 13:33:00,441.0,441.0,441.0,441.0,150,0,9600.0,CE
2017-10-12 13:34:00,440.05,440.05,440.05,440.05,375,0,9600.0,CE
2017-10-12 13:35:00,441.0,441.0,438.55,439.0,600,0,9600.0,CE
2017-10-12 13:36:00,439.3,439.3,439.05,439.05,1125,0,9600.0,CE
2017-10-12 13:39:00,437.25,437.25,437.25,437.25,300,0,9600.0,CE
2017-10-12 13:42:00,436.2,436.2,436.2,436.2,150,0,9600.0,CE
2017-10-12 13:43:00,434.2,434.2,434.2,434.2,225,0,9600.0,CE
2017-10-12 13:47:00,438.25,438.25,438.25,438.25,75,0,9600.0,CE
2017-10-12 13:50:00,438.05,438.05,438.05,438.05,75,0,9600.0,CE
2017-10-12 13:53:00,436.0,436.0,436.0,436.0,75,0,9600.0,CE
2017-10-12 13:54:00,435.7,435.7,435.7,435.7,75,0,9600.0,CE
2017-10-12 14:01:00,442.0,446.0,442.0,446.0,300,0,9600.0,CE
2017-10-12 14:02:00,445.0,445.0,445.0,445.0,150,0,9600.0,CE
2017-10-12 14:03:00,446.0,446.0,446.0,446.0,75,0,9600.0,CE
2017-10-12 14:04:00,444.0,444.0,444.0,444.0,300,0,9600.0,CE
2017-10-12 14:05:00,446.2,446.2,446.2,446.2,3000,0,9600.0,CE
2017-10-12 14:08:00,446.0,446.0,445.0,445.0,825,0,9600.0,CE
2017-10-12 14:12:00,448.1,448.1,448.1,448.1,3000,0,9600.0,CE
2017-10-12 14:13:00,449.05,454.45,449.05,454.45,450,0,9600.0,CE
2017-10-12 14:14:00,458.9,458.9,458.9,458.9,150,0,9600.0,CE
2017-10-12 14:15:00,462.55,466.4,462.55,465.5,2250,0,9600.0,CE
2017-10-12 14:16:00,465.15,470.7,465.15,470.7,900,0,9600.0,CE
2017-10-12 14:17:00,470.3,470.3,470.3,470.3,300,0,9600.0,CE
2017-10-12 14:18:00,468.1,468.1,468.1,468.1,3000,0,9600.0,CE
2017-10-12 14:19:00,467.8,469.3,467.8,468.0,375,0,9600.0,CE
2017-10-12 14:20:00,467.5,467.5,467.5,467.5,1500,0,9600.0,CE
2017-10-12 14:23:00,466.0,466.0,466.0,466.0,75,0,9600.0,CE
2017-10-12 14:24:00,465.0,465.0,465.0,465.0,75,0,9600.0,CE
2017-10-12 14:25:00,467.4,467.4,467.4,467.4,150,0,9600.0,CE
2017-10-12 14:27:00,470.1,472.1,470.1,472.1,3000,0,9600.0,CE
2017-10-12 14:28:00,468.45,468.45,468.45,468.45,675,0,9600.0,CE
2017-10-12 14:30:00,474.65,474.7,474.65,474.65,300,0,9600.0,CE
2017-10-12 14:31:00,481.1,481.4,481.1,481.4,5100,0,9600.0,CE
2017-10-12 14:33:00,473.65,473.65,471.65,473.2,3525,0,9600.0,CE
2017-10-12 14:34:00,468.95,468.95,468.95,468.95,150,0,9600.0,CE
2017-10-12 14:36:00,467.05,467.05,467.05,467.05,75,0,9600.0,CE
2017-10-12 14:37:00,466.75,466.75,466.75,466.75,150,0,9600.0,CE
2017-10-12 14:38:00,470.8,470.8,470.8,470.8,75,0,9600.0,CE
2017-10-12 14:39:00,473.35,473.35,472.5,472.5,525,0,9600.0,CE
2017-10-12 14:40:00,475.0,475.9,475.0,475.9,225,0,9600.0,CE
2017-10-12 14:42:00,474.45,477.0,474.45,477.0,825,0,9600.0,CE
2017-10-12 14:43:00,475.55,475.55,475.5,475.5,600,0,9600.0,CE
2017-10-12 14:45:00,478.25,478.25,477.0,477.0,225,0,9600.0,CE
2017-10-12 14:46:00,476.05,476.05,476.05,476.05,75,0,9600.0,CE
2017-10-12 14:47:00,478.1,478.35,478.1,478.2,300,0,9600.0,CE
2017-10-12 14:49:00,485.0,490.75,485.0,490.75,150,0,9600.0,CE
2017-10-12 14:51:00,498.65,498.65,498.65,498.65,75,0,9600.0,CE
2017-10-12 14:52:00,503.05,503.05,503.05,503.05,150,0,9600.0,CE
2017-10-12 14:54:00,500.0,500.0,500.0,500.0,75,0,9600.0,CE
2017-10-12 14:55:00,500.0,500.0,500.0,500.0,1050,0,9600.0,CE
2017-10-12 14:58:00,504.7,504.7,504.7,504.7,150,0,9600.0,CE
2017-10-12 14:59:00,503.4,504.35,503.4,504.35,300,0,9600.0,CE
2017-10-12 15:01:00,506.1,506.1,506.0,506.0,225,0,9600.0,CE
2017-10-12 15:02:00,505.55,511.0,505.55,511.0,2850,0,9600.0,CE
2017-10-12 15:03:00,510.7,510.7,510.7,510.7,150,0,9600.0,CE
2017-10-12 15:04:00,508.0,508.0,508.0,508.0,75,0,9600.0,CE
2017-10-12 15:06:00,506.0,506.0,501.0,501.0,225,0,9600.0,CE
2017-10-12 15:08:00,508.0,508.0,508.0,508.0,75,0,9600.0,CE
2017-10-12 15:11:00,511.25,514.7,511.25,514.7,600,0,9600.0,CE
2017-10-12 15:12:00,512.15,512.15,512.15,512.15,75,0,9600.0,CE
2017-10-12 15:13:00,513.0,513.0,510.15,510.15,1050,0,9600.0,CE
2017-10-12 15:14:00,510.95,510.95,510.7,510.7,1125,0,9600.0,CE
2017-10-12 15:16:00,510.05,511.9,510.05,510.05,2100,0,9600.0,CE
2017-10-12 15:18:00,510.85,510.85,510.85,510.85,75,0,9600.0,CE
2017-10-12 15:20:00,513.85,513.85,513.85,513.85,300,0,9600.0,CE
2017-10-12 15:23:00,512.7,512.7,512.7,512.7,1050,0,9600.0,CE
2017-10-12 15:24:00,512.05,512.05,512.0,512.05,225,0,9600.0,CE
2017-10-12 15:25:00,512.0,513.0,512.0,513.0,375,0,9600.0,CE
2017-10-12 15:27:00,516.35,516.35,516.35,516.35,150,0,9600.0,CE
2017-10-12 15:29:00,517.0,517.0,517.0,517.0,75,0,9600.0,CE
2017-10-12 15:30:00,517.0,517.0,517.0,510.75,0,0,9600.0,CE
2017-10-13 09:17:00,539.0,539.0,539.0,539.0,75,0,9600.0,CE
2017-10-13 09:19:00,539.0,539.0,539.0,539.0,150,0,9600.0,CE
2017-10-13 09:22:00,547.5,547.5,547.5,547.5,75,0,9600.0,CE
2017-10-13 09:23:00,550.0,550.0,550.0,550.0,225,0,9600.0,CE
2017-10-13 09:26:00,553.3,560.0,553.3,560.0,1350,0,9600.0,CE
2017-10-13 09:28:00,560.0,560.0,560.0,560.0,75,0,9600.0,CE
2017-10-13 09:29:00,560.0,562.4,560.0,562.4,675,0,9600.0,CE
2017-10-13 09:31:00,565.1,565.1,565.1,565.1,600,0,9600.0,CE
2017-10-13 09:38:00,574.9,574.9,574.9,574.9,525,0,9600.0,CE
2017-10-13 09:39:00,569.05,569.05,569.05,569.05,300,0,9600.0,CE
2017-10-13 09:41:00,566.2,566.2,563.95,563.95,375,0,9600.0,CE
2017-10-13 09:43:00,561.95,561.95,561.95,561.95,75,0,9600.0,CE
2017-10-13 09:44:00,557.45,557.45,557.45,557.45,150,0,9600.0,CE
2017-10-13 09:47:00,553.9,553.9,553.9,553.9,300,0,9600.0,CE
2017-10-13 09:48:00,556.65,556.65,554.7,554.7,150,0,9600.0,CE
2017-10-13 09:49:00,554.9,556.8,554.9,556.8,450,0,9600.0,CE
2017-10-13 09:50:00,557.25,559.2,557.25,558.6,975,0,9600.0,CE
2017-10-13 09:56:00,562.7,562.7,562.65,562.65,300,0,9600.0,CE
2017-10-13 10:01:00,566.15,566.15,566.15,566.15,150,0,9600.0,CE
2017-10-13 10:07:00,565.0,565.0,565.0,565.0,150,0,9600.0,CE
2017-10-13 10:08:00,568.0,568.0,568.0,568.0,75,0,9600.0,CE
2017-10-13 10:10:00,563.0,563.0,563.0,563.0,75,0,9600.0,CE
2017-10-13 10:11:00,563.6,563.6,563.6,563.6,150,0,9600.0,CE
2017-10-13 10:12:00,561.45,562.0,561.45,562.0,225,0,9600.0,CE
2017-10-13 10:16:00,561.0,561.0,561.0,561.0,150,0,9600.0,CE
2017-10-13 10:17:00,561.6,561.6,561.6,561.6,300,0,9600.0,CE
2017-10-13 10:19:00,559.75,559.75,559.75,559.75,75,0,9600.0,CE
2017-10-13 10:20:00,559.55,559.55,559.55,559.55,225,0,9600.0,CE
2017-10-13 10:25:00,560.0,560.0,560.0,560.0,450,0,9600.0,CE
2017-10-13 10:26:00,561.5,561.5,561.5,561.5,75,0,9600.0,CE
2017-10-13 10:29:00,563.35,565.05,563.35,565.0,675,0,9600.0,CE
2017-10-13 10:33:00,568.0,568.0,568.0,568.0,75,0,9600.0,CE
2017-10-13 10:34:00,567.95,568.0,567.95,568.0,450,0,9600.0,CE
2017-10-13 10:36:00,570.8,572.05,570.8,572.05,225,0,9600.0,CE
2017-10-13 10:37:00,571.55,571.55,571.3,571.3,525,0,9600.0,CE
2017-10-13 10:40:00,574.0,574.0,574.0,574.0,150,0,9600.0,CE
2017-10-13 10:43:00,576.95,577.0,576.95,576.95,450,0,9600.0,CE
2017-10-13 10:44:00,577.7,577.7,577.7,577.7,75,0,9600.0,CE
2017-10-13 10:45:00,579.85,580.9,579.85,580.9,375,0,9600.0,CE
2017-10-13 10:46:00,577.75,577.75,577.0,577.0,525,0,9600.0,CE
2017-10-13 10:47:00,576.45,576.45,576.1,576.1,900,0,9600.0,CE
2017-10-13 10:48:00,577.9,577.9,577.9,577.9,75,0,9600.0,CE
2017-10-13 10:51:00,581.6,581.65,581.6,581.65,225,0,9600.0,CE
2017-10-13 10:52:00,584.65,584.65,584.5,584.5,225,0,9600.0,CE
2017-10-13 10:53:00,580.2,581.2,580.0,581.2,1650,0,9600.0,CE
2017-10-13 10:54:00,584.0,584.0,584.0,584.0,1650,0,9600.0,CE
2017-10-13 10:58:00,580.0,580.0,580.0,580.0,300,0,9600.0,CE
2017-10-13 11:01:00,584.45,584.45,584.45,584.45,75,0,9600.0,CE
2017-10-13 11:04:00,584.9,585.0,584.9,584.9,225,0,9600.0,CE
2017-10-13 11:06:00,583.0,583.0,583.0,583.0,300,0,9600.0,CE
2017-10-13 11:10:00,580.0,580.0,580.0,580.0,75,0,9600.0,CE
2017-10-13 11:11:00,580.0,580.0,580.0,580.0,225,0,9600.0,CE
2017-10-13 11:15:00,578.0,579.2,576.6,576.6,600,0,9600.0,CE
2017-10-13 11:16:00,575.0,575.0,574.7,574.7,900,0,9600.0,CE
2017-10-13 11:20:00,575.3,575.45,574.5,575.45,675,0,9600.0,CE
2017-10-13 11:21:00,576.6,576.6,576.6,576.6,75,0,9600.0,CE
2017-10-13 11:22:00,576.2,576.2,576.2,576.2,75,0,9600.0,CE
2017-10-13 11:23:00,577.3,578.45,577.3,578.45,225,0,9600.0,CE
2017-10-13 11:24:00,579.45,580.2,579.45,580.2,225,0,9600.0,CE
2017-10-13 11:25:00,578.75,578.75,578.45,578.45,375,0,9600.0,CE
2017-10-13 11:26:00,583.05,583.05,583.05,583.05,75,0,9600.0,CE
2017-10-13 11:27:00,581.65,581.65,581.65,581.65,75,0,9600.0,CE
2017-10-13 11:38:00,580.6,580.6,580.6,580.6,225,0,9600.0,CE
2017-10-13 11:40:00,580.75,580.75,580.75,580.75,75,0,9600.0,CE
2017-10-13 11:41:00,582.2,582.2,582.2,582.2,1500,0,9600.0,CE
2017-10-13 11:51:00,578.0,578.0,578.0,578.0,300,0,9600.0,CE
2017-10-13 11:57:00,578.35,578.35,578.35,578.35,300,0,9600.0,CE
2017-10-13 11:59:00,578.0,578.0,578.0,578.0,1350,0,9600.0,CE
2017-10-13 12:00:00,578.0,578.0,578.0,578.0,525,0,9600.0,CE
2017-10-13 12:10:00,573.6,573.6,573.6,573.6,75,0,9600.0,CE
2017-10-13 12:11:00,575.35,576.05,575.35,576.05,3750,0,9600.0,CE
2017-10-13 12:12:00,577.0,578.05,576.55,578.05,4350,0,9600.0,CE
2017-10-13 12:13:00,578.2,579.5,577.95,579.5,3150,0,9600.0,CE
2017-10-13 12:14:00,578.2,578.2,577.05,577.05,3750,0,9600.0,CE
2017-10-13 12:15:00,576.55,576.55,576.55,576.55,975,0,9600.0,CE
2017-10-13 12:16:00,575.1,575.1,575.1,575.1,675,0,9600.0,CE
2017-10-13 12:17:00,576.05,577.05,576.05,576.55,5250,0,9600.0,CE
2017-10-13 12:19:00,575.8,575.8,575.8,575.8,75,0,9600.0,CE
2017-10-13 12:20:00,576.2,576.2,576.2,576.2,300,0,9600.0,CE
2017-10-13 12:21:00,576.35,576.35,576.35,576.35,75,0,9600.0,CE
2017-10-13 12:22:00,575.25,575.25,575.1,575.1,975,0,9600.0,CE
2017-10-13 12:26:00,574.85,574.85,574.5,574.5,600,0,9600.0,CE
2017-10-13 12:27:00,574.5,574.5,574.5,574.5,75,0,9600.0,CE
2017-10-13 12:29:00,573.8,573.8,573.7,573.7,375,0,9600.0,CE
2017-10-13 12:37:00,576.0,577.95,576.0,577.95,900,0,9600.0,CE
2017-10-13 12:38:00,574.9,574.9,574.9,574.9,75,0,9600.0,CE
2017-10-13 12:40:00,577.2,577.2,576.65,576.65,1500,0,9600.0,CE
2017-10-13 12:49:00,577.9,577.9,577.9,577.9,150,0,9600.0,CE
2017-10-13 12:58:00,575.0,575.0,575.0,575.0,75,0,9600.0,CE
2017-10-13 13:07:00,582.1,582.1,582.1,582.1,75,0,9600.0,CE
2017-10-13 13:08:00,582.1,583.05,582.1,583.05,750,0,9600.0,CE
2017-10-13 13:11:00,589.85,590.0,588.35,589.15,1725,0,9600.0,CE
2017-10-13 13:12:00,590.95,591.05,590.05,590.05,300,0,9600.0,CE
2017-10-13 13:13:00,591.8,591.8,591.25,591.25,300,0,9600.0,CE
2017-10-13 13:14:00,591.5,591.5,591.1,591.1,300,0,9600.0,CE
2017-10-13 13:21:00,591.15,591.15,591.15,591.15,3000,0,9600.0,CE
2017-10-13 13:23:00,592.4,594.1,592.4,594.1,150,0,9600.0,CE
2017-10-13 13:24:00,595.95,596.8,595.95,596.8,300,0,9600.0,CE
2017-10-13 13:27:00,591.85,591.85,589.9,589.9,150,0,9600.0,CE
2017-10-13 13:28:00,586.8,586.8,586.8,586.8,75,0,9600.0,CE
2017-10-13 13:30:00,589.7,589.7,589.7,589.7,150,0,9600.0,CE
2017-10-13 13:32:00,591.0,591.0,591.0,591.0,75,0,9600.0,CE
2017-10-13 13:33:00,590.8,590.8,590.5,590.5,150,0,9600.0,CE
2017-10-13 13:35:00,593.1,594.1,593.1,593.1,6000,0,9600.0,CE
2017-10-13 13:36:00,592.0,592.0,592.0,592.0,1425,0,9600.0,CE
2017-10-13 13:37:00,592.0,592.0,592.0,592.0,1575,0,9600.0,CE
2017-10-13 13:41:00,598.7,598.7,596.35,596.35,150,0,9600.0,CE
2017-10-13 13:42:00,595.0,598.0,595.0,598.0,300,0,9600.0,CE
2017-10-13 13:43:00,595.9,595.9,595.9,595.9,75,0,9600.0,CE
2017-10-13 13:48:00,595.7,595.7,592.0,592.0,225,0,9600.0,CE
2017-10-13 13:49:00,592.4,592.4,592.4,592.4,300,0,9600.0,CE
2017-10-13 13:52:00,590.35,590.35,590.35,590.35,225,0,9600.0,CE
2017-10-13 13:58:00,594.3,594.3,594.3,594.3,75,0,9600.0,CE
2017-10-13 13:59:00,595.1,595.1,595.1,595.1,600,0,9600.0,CE
2017-10-13 14:00:00,596.2,596.2,596.2,596.2,975,0,9600.0,CE
2017-10-13 14:02:00,600.5,600.5,600.5,600.5,2475,0,9600.0,CE
2017-10-13 14:04:00,600.45,600.85,597.05,597.05,375,0,9600.0,CE
2017-10-13 14:07:00,603.0,603.0,603.0,603.0,75,0,9600.0,CE
2017-10-13 14:12:00,598.0,598.0,598.0,598.0,675,0,9600.0,CE
2017-10-13 14:13:00,599.85,599.85,599.85,599.85,225,0,9600.0,CE
2017-10-13 14:17:00,599.3,599.3,599.3,599.3,75,0,9600.0,CE
2017-10-13 14:21:00,599.6,599.6,599.6,599.6,75,0,9600.0,CE
2017-10-13 14:22:00,598.65,598.65,598.0,598.0,150,0,9600.0,CE
2017-10-13 14:23:00,599.1,599.85,599.1,599.85,150,0,9600.0,CE
2017-10-13 14:24:00,599.15,599.15,598.7,598.7,2700,0,9600.0,CE
2017-10-13 14:25:00,598.7,598.7,598.7,598.7,150,0,9600.0,CE
2017-10-13 14:26:00,597.25,597.25,597.25,597.25,75,0,9600.0,CE
2017-10-13 14:27:00,601.5,601.5,601.5,601.5,75,0,9600.0,CE
2017-10-13 14:29:00,603.0,603.0,603.0,603.0,75,0,9600.0,CE
2017-10-13 14:30:00,604.05,604.05,604.05,604.05,75,0,9600.0,CE
2017-10-13 14:33:00,605.1,606.7,605.1,606.7,300,0,9600.0,CE
2017-10-13 14:36:00,605.2,605.2,603.95,603.95,450,0,9600.0,CE
2017-10-13 14:37:00,603.95,603.95,603.95,603.95,150,0,9600.0,CE
2017-10-13 14:38:00,610.75,610.75,610.75,610.75,75,0,9600.0,CE
2017-10-13 14:41:00,614.75,614.75,614.75,614.75,1950,0,9600.0,CE
2017-10-13 14:44:00,611.9,611.9,611.9,611.9,75,0,9600.0,CE
2017-10-13 14:45:00,613.95,613.95,613.95,613.95,75,0,9600.0,CE
2017-10-13 14:46:00,611.05,612.0,611.05,612.0,675,0,9600.0,CE
2017-10-13 14:47:00,612.3,619.55,612.3,617.15,1275,0,9600.0,CE
2017-10-13 14:48:00,617.1,617.1,617.1,617.1,75,0,9600.0,CE
2017-10-13 14:49:00,618.85,618.85,618.85,618.85,300,0,9600.0,CE
2017-10-13 14:50:00,614.0,614.0,614.0,614.0,75,0,9600.0,CE
2017-10-13 14:51:00,612.55,612.55,612.55,612.55,75,0,9600.0,CE
2017-10-13 14:56:00,605.25,606.9,605.25,606.9,225,0,9600.0,CE
2017-10-13 14:59:00,602.0,602.0,602.0,602.0,75,0,9600.0,CE
2017-10-13 15:01:00,607.25,607.25,607.25,607.25,75,0,9600.0,CE
2017-10-13 15:02:00,607.9,607.9,607.9,607.9,75,0,9600.0,CE
2017-10-13 15:03:00,607.1,608.35,607.1,608.35,1425,0,9600.0,CE
2017-10-13 15:05:00,599.75,599.75,599.75,599.75,75,0,9600.0,CE
2017-10-13 15:06:00,599.7,599.7,599.7,599.7,75,0,9600.0,CE
2017-10-13 15:08:00,599.0,599.0,599.0,599.0,75,0,9600.0,CE
2017-10-13 15:09:00,593.5,593.5,590.95,590.95,2175,0,9600.0,CE
2017-10-13 15:11:00,591.95,592.0,588.15,588.45,675,0,9600.0,CE
2017-10-13 15:12:00,591.4,591.4,590.95,590.95,225,0,9600.0,CE
2017-10-13 15:13:00,589.0,589.0,589.0,589.0,75,0,9600.0,CE
2017-10-13 15:15:00,593.0,593.0,593.0,593.0,75,0,9600.0,CE
2017-10-13 15:16:00,593.0,593.05,593.0,593.05,225,0,9600.0,CE
2017-10-13 15:18:00,594.2,594.2,594.15,594.15,300,0,9600.0,CE
2017-10-13 15:19:00,591.35,591.35,591.35,591.35,75,0,9600.0,CE
2017-10-13 15:21:00,593.1,595.85,593.1,595.0,1350,0,9600.0,CE
2017-10-13 15:24:00,588.25,590.5,588.25,590.5,225,0,9600.0,CE
2017-10-13 15:25:00,591.1,591.1,591.1,591.1,150,0,9600.0,CE
2017-10-13 15:27:00,589.9,589.9,589.9,589.9,375,0,9600.0,CE
2017-10-13 15:29:00,594.4,594.4,594.4,594.4,150,0,9600.0,CE
2017-10-13 15:30:00,594.4,595.75,594.4,595.75,0,0,9600.0,CE
2017-10-16 09:16:00,640.0,640.5,640.0,640.5,150,0,9600.0,CE
2017-10-16 09:18:00,650.0,650.0,650.0,650.0,75,0,9600.0,CE
2017-10-16 09:21:00,649.6,649.6,649.6,649.6,150,0,9600.0,CE
2017-10-16 09:22:00,646.6,646.6,646.25,646.25,225,0,9600.0,CE
2017-10-16 09:23:00,644.1,644.1,644.1,644.1,600,0,9600.0,CE
2017-10-16 09:24:00,647.75,647.75,647.75,647.75,300,0,9600.0,CE
2017-10-16 09:25:00,648.4,648.4,648.4,648.4,600,0,9600.0,CE
2017-10-16 09:26:00,646.7,646.7,646.7,646.7,75,0,9600.0,CE
2017-10-16 09:28:00,653.0,653.0,653.0,653.0,600,0,9600.0,CE
2017-10-16 09:29:00,653.55,653.55,653.55,653.55,1050,0,9600.0,CE
2017-10-16 09:30:00,653.0,655.05,652.9,653.9,450,0,9600.0,CE
2017-10-16 09:31:00,657.05,657.05,657.05,657.05,75,0,9600.0,CE
2017-10-16 09:35:00,656.0,656.0,656.0,656.0,75,0,9600.0,CE
2017-10-16 09:40:00,653.15,653.15,653.15,653.15,225,0,9600.0,CE
2017-10-16 09:41:00,653.0,653.0,653.0,653.0,150,0,9600.0,CE
2017-10-16 09:46:00,654.3,654.3,654.3,654.3,75,0,9600.0,CE
2017-10-16 09:54:00,640.1,640.1,640.1,640.1,75,0,9600.0,CE
2017-10-16 09:56:00,640.95,640.95,640.95,640.95,75,0,9600.0,CE
2017-10-16 09:58:00,645.3,645.4,644.0,644.0,300,0,9600.0,CE
2017-10-16 09:59:00,645.1,645.1,645.1,645.1,75,0,9600.0,CE
2017-10-16 10:06:00,646.0,648.0,646.0,648.0,2550,0,9600.0,CE
2017-10-16 10:10:00,648.0,648.0,648.0,648.0,75,0,9600.0,CE
2017-10-16 10:11:00,648.0,648.0,648.0,648.0,75,0,9600.0,CE
2017-10-16 10:27:00,645.6,645.6,645.6,645.6,75,0,9600.0,CE
2017-10-16 10:29:00,646.25,646.25,646.25,646.25,150,0,9600.0,CE
2017-10-16 10:32:00,646.0,646.0,646.0,646.0,150,0,9600.0,CE
2017-10-16 10:35:00,642.0,642.0,642.0,642.0,450,0,9600.0,CE
2017-10-16 10:37:00,638.25,638.25,637.95,638.25,150,0,9600.0,CE
2017-10-16 10:38:00,638.6,638.6,638.6,638.6,75,0,9600.0,CE
2017-10-16 10:42:00,632.3,632.3,632.3,632.3,150,0,9600.0,CE
2017-10-16 10:45:00,631.4,632.3,631.4,632.3,150,0,9600.0,CE
2017-10-16 10:49:00,622.7,622.7,622.7,622.7,75,0,9600.0,CE
2017-10-16 10:50:00,619.65,619.8,613.95,615.45,1050,0,9600.0,CE
2017-10-16 10:51:00,614.4,614.4,610.55,610.9,225,0,9600.0,CE
2017-10-16 10:52:00,611.6,613.4,611.6,613.4,225,0,9600.0,CE
2017-10-16 10:54:00,603.4,603.4,598.0,600.4,225,0,9600.0,CE
2017-10-16 11:00:00,600.75,603.5,600.75,603.5,375,0,9600.0,CE
2017-10-16 11:02:00,607.6,607.6,603.55,603.55,375,0,9600.0,CE
2017-10-16 11:03:00,605.4,606.75,605.4,606.75,375,0,9600.0,CE
2017-10-16 11:04:00,604.0,604.0,603.2,603.2,150,0,9600.0,CE
2017-10-16 11:10:00,613.5,613.5,613.5,613.5,75,0,9600.0,CE
2017-10-16 11:29:00,620.9,620.9,620.9,620.9,75,0,9600.0,CE
2017-10-16 11:30:00,620.0,620.0,620.0,620.0,75,0,9600.0,CE
2017-10-16 11:31:00,620.0,620.0,620.0,620.0,75,0,9600.0,CE
2017-10-16 11:39:00,628.0,628.0,628.0,628.0,75,0,9600.0,CE
2017-10-16 11:40:00,626.0,626.0,626.0,626.0,150,0,9600.0,CE
2017-10-16 11:41:00,623.0,623.0,623.0,623.0,75,0,9600.0,CE
2017-10-16 12:07:00,635.0,635.0,635.0,635.0,1050,0,9600.0,CE
2017-10-16 12:11:00,635.0,635.0,635.0,635.0,75,0,9600.0,CE
2017-10-16 12:12:00,635.0,635.0,635.0,635.0,975,0,9600.0,CE
2017-10-16 12:16:00,635.0,635.0,635.0,635.0,75,0,9600.0,CE
2017-10-16 12:17:00,632.0,632.0,632.0,632.0,225,0,9600.0,CE
2017-10-16 12:41:00,630.0,630.0,630.0,630.0,75,0,9600.0,CE
2017-10-16 13:03:00,609.05,609.05,609.05,609.05,75,0,9600.0,CE
2017-10-16 13:22:00,623.95,623.95,623.95,623.95,75,0,9600.0,CE
2017-10-16 13:35:00,623.95,623.95,623.95,623.95,75,0,9600.0,CE
2017-10-16 13:45:00,631.6,631.6,631.6,631.6,75,0,9600.0,CE
2017-10-16 14:02:00,641.4,641.4,641.4,641.4,75,0,9600.0,CE
2017-10-16 14:04:00,645.5,645.5,645.5,645.5,375,0,9600.0,CE
2017-10-16 14:17:00,653.0,653.0,653.0,653.0,225,0,9600.0,CE
2017-10-16 14:47:00,653.0,653.0,653.0,653.0,150,0,9600.0,CE
2017-10-16 14:59:00,654.15,654.15,654.15,654.15,75,0,9600.0,CE
2017-10-16 15:00:00,655.75,655.75,650.55,650.55,225,0,9600.0,CE
2017-10-16 15:01:00,651.0,651.0,651.0,651.0,75,0,9600.0,CE
2017-10-16 15:02:00,654.0,654.0,654.0,654.0,150,0,9600.0,CE
2017-10-16 15:12:00,648.8,649.15,648.8,649.15,150,0,9600.0,CE
2017-10-16 15:13:00,648.95,648.95,648.95,648.95,150,0,9600.0,CE
2017-10-16 15:20:00,658.5,658.5,658.5,658.5,150,0,9600.0,CE
2017-10-16 15:21:00,658.55,658.6,658.55,658.55,225,0,9600.0,CE
2017-10-16 15:25:00,659.4,659.4,659.4,659.4,75,0,9600.0,CE
2017-10-16 15:28:00,657.05,657.05,656.0,656.0,300,0,9600.0,CE
2017-10-16 15:29:00,655.15,656.55,655.0,655.0,675,0,9600.0,CE
2017-10-16 15:30:00,655.15,656.55,655.0,654.85,0,0,9600.0,CE
2017-10-17 09:17:00,636.25,636.25,636.25,636.25,75,0,9600.0,CE
2017-10-17 09:18:00,639.0,639.0,639.0,639.0,75,0,9600.0,CE
2017-10-17 09:27:00,644.9,644.9,639.0,639.0,675,0,9600.0,CE
2017-10-17 09:28:00,644.5,644.5,644.5,644.5,300,0,9600.0,CE
2017-10-17 09:29:00,639.75,639.75,639.75,639.75,600,0,9600.0,CE
2017-10-17 09:46:00,635.0,635.0,635.0,635.0,75,0,9600.0,CE
2017-10-17 09:47:00,633.0,633.0,633.0,633.0,75,0,9600.0,CE
2017-10-17 09:55:00,635.0,635.0,635.0,635.0,75,0,9600.0,CE
2017-10-17 09:56:00,636.0,636.0,636.0,636.0,75,0,9600.0,CE
2017-10-17 10:00:00,642.0,642.0,642.0,642.0,75,0,9600.0,CE
2017-10-17 10:01:00,642.0,642.0,642.0,642.0,225,0,9600.0,CE
2017-10-17 10:20:00,635.0,635.0,635.0,635.0,225,0,9600.0,CE
2017-10-17 10:45:00,651.0,651.0,651.0,651.0,75,0,9600.0,CE
2017-10-17 10:47:00,660.0,660.8,660.0,660.8,225,0,9600.0,CE
2017-10-17 10:51:00,659.45,659.45,659.45,659.45,75,0,9600.0,CE
2017-10-17 11:02:00,660.8,665.0,660.8,665.0,300,0,9600.0,CE
2017-10-17 11:03:00,661.4,661.4,661.4,661.4,75,0,9600.0,CE
2017-10-17 11:04:00,660.95,660.95,660.95,660.95,75,0,9600.0,CE
2017-10-17 11:17:00,666.45,666.45,666.45,666.45,75,0,9600.0,CE
2017-10-17 11:18:00,667.45,667.45,666.05,666.05,150,0,9600.0,CE
2017-10-17 11:29:00,660.2,660.2,660.2,660.2,75,0,9600.0,CE
2017-10-17 11:37:00,662.15,662.15,662.15,662.15,75,0,9600.0,CE
2017-10-17 11:48:00,660.4,660.4,660.4,660.4,75,0,9600.0,CE
2017-10-17 11:50:00,660.1,660.1,660.1,660.1,75,0,9600.0,CE
2017-10-17 11:51:00,660.5,660.5,660.5,660.5,75,0,9600.0,CE
2017-10-17 11:53:00,659.95,659.95,659.95,659.95,75,0,9600.0,CE
2017-10-17 12:15:00,647.0,647.0,646.65,646.65,150,0,9600.0,CE
2017-10-17 12:18:00,650.3,650.3,649.15,649.15,375,0,9600.0,CE
2017-10-17 12:19:00,648.15,648.15,648.15,648.15,75,0,9600.0,CE
2017-10-17 12:20:00,644.25,644.25,644.25,644.25,75,0,9600.0,CE
2017-10-17 12:21:00,646.65,646.65,646.65,646.65,150,0,9600.0,CE
2017-10-17 12:22:00,647.35,648.4,647.35,648.15,225,0,9600.0,CE
2017-10-17 12:28:00,644.75,644.75,644.75,644.75,150,0,9600.0,CE
2017-10-17 12:29:00,643.8,643.8,643.8,643.8,75,0,9600.0,CE
2017-10-17 12:30:00,641.65,641.65,641.65,641.65,150,0,9600.0,CE
2017-10-17 12:31:00,644.65,644.85,644.0,644.85,225,0,9600.0,CE
2017-10-17 12:33:00,644.0,644.3,644.0,644.3,150,0,9600.0,CE
2017-10-17 12:34:00,646.5,646.5,646.5,646.5,75,0,9600.0,CE
2017-10-17 12:37:00,643.0,643.0,643.0,643.0,75,0,9600.0,CE
2017-10-17 12:38:00,642.65,642.65,642.65,642.65,75,0,9600.0,CE
2017-10-17 12:39:00,635.95,637.95,635.95,637.95,225,0,9600.0,CE
2017-10-17 12:40:00,637.5,637.5,635.55,636.55,225,0,9600.0,CE
2017-10-17 12:49:00,641.55,641.55,641.55,641.55,75,0,9600.0,CE
2017-10-17 12:52:00,639.15,639.15,639.15,639.15,150,0,9600.0,CE
2017-10-17 12:59:00,637.0,637.0,637.0,637.0,450,0,9600.0,CE
2017-10-17 13:02:00,637.75,637.75,637.75,637.75,75,0,9600.0,CE
2017-10-17 13:03:00,640.0,640.0,640.0,640.0,75,0,9600.0,CE
2017-10-17 13:06:00,638.0,638.0,638.0,638.0,75,0,9600.0,CE
2017-10-17 13:11:00,645.15,645.15,645.15,645.15,75,0,9600.0,CE
2017-10-17 13:23:00,641.8,641.8,641.8,641.8,75,0,9600.0,CE
2017-10-17 13:28:00,640.0,640.0,639.0,640.0,375,0,9600.0,CE
2017-10-17 13:29:00,638.0,638.5,638.0,638.5,150,0,9600.0,CE
2017-10-17 13:31:00,637.45,637.45,637.45,637.45,75,0,9600.0,CE
2017-10-17 13:34:00,635.9,635.95,635.9,635.95,150,0,9600.0,CE
2017-10-17 13:36:00,636.0,636.0,635.0,635.0,150,0,9600.0,CE
2017-10-17 13:42:00,648.6,648.6,648.6,648.6,75,0,9600.0,CE
2017-10-17 13:44:00,654.45,654.45,654.45,654.45,75,0,9600.0,CE
2017-10-17 13:46:00,645.85,645.85,645.85,645.85,75,0,9600.0,CE
2017-10-17 13:48:00,646.55,646.55,646.55,646.55,75,0,9600.0,CE
2017-10-17 13:51:00,644.0,644.0,644.0,644.0,75,0,9600.0,CE
2017-10-17 13:52:00,644.0,644.0,644.0,644.0,75,0,9600.0,CE
2017-10-17 13:56:00,646.6,646.6,646.6,646.6,75,0,9600.0,CE
2017-10-17 14:04:00,649.55,649.55,649.55,649.55,75,0,9600.0,CE
2017-10-17 14:05:00,651.7,651.85,651.7,651.85,375,0,9600.0,CE
2017-10-17 14:06:00,652.0,652.0,652.0,652.0,150,0,9600.0,CE
2017-10-17 14:08:00,653.35,653.35,653.35,653.35,150,0,9600.0,CE
2017-10-17 14:09:00,651.95,651.95,651.95,651.95,150,0,9600.0,CE
2017-10-17 14:12:00,651.0,651.0,651.0,651.0,75,0,9600.0,CE
2017-10-17 14:13:00,650.9,650.95,650.9,650.95,375,0,9600.0,CE
2017-10-17 14:16:00,644.2,644.2,644.2,644.2,225,0,9600.0,CE
2017-10-17 14:17:00,643.2,643.2,643.2,643.2,225,0,9600.0,CE
2017-10-17 14:18:00,648.15,648.15,647.5,647.5,225,0,9600.0,CE
2017-10-17 14:19:00,650.15,650.15,650.15,650.15,75,0,9600.0,CE
2017-10-17 14:21:00,650.6,650.6,650.6,650.6,75,0,9600.0,CE
2017-10-17 14:22:00,653.95,656.75,653.95,656.75,750,0,9600.0,CE
2017-10-17 14:23:00,658.55,658.55,656.8,656.8,675,0,9600.0,CE
2017-10-17 14:25:00,659.75,659.75,659.75,659.75,150,0,9600.0,CE
2017-10-17 14:26:00,658.1,658.1,658.1,658.1,225,0,9600.0,CE
2017-10-17 14:27:00,652.25,652.25,652.25,652.25,75,0,9600.0,CE
2017-10-17 14:30:00,655.0,655.0,655.0,655.0,75,0,9600.0,CE
2017-10-17 14:31:00,654.65,654.65,654.65,654.65,75,0,9600.0,CE
2017-10-17 14:36:00,650.25,650.25,650.25,650.25,300,0,9600.0,CE
2017-10-17 14:38:00,649.65,649.65,649.65,649.65,75,0,9600.0,CE
2017-10-17 14:40:00,654.7,654.7,654.7,654.7,75,0,9600.0,CE
2017-10-17 14:41:00,654.15,654.15,654.15,654.15,75,0,9600.0,CE
2017-10-17 14:43:00,654.05,654.05,653.65,653.65,225,0,9600.0,CE
2017-10-17 14:45:00,654.2,654.95,654.2,654.95,450,0,9600.0,CE
2017-10-17 14:47:00,655.05,658.75,655.05,658.25,525,0,9600.0,CE
2017-10-17 14:49:00,658.35,658.35,658.35,658.35,75,0,9600.0,CE
2017-10-17 14:52:00,655.0,655.0,655.0,655.0,375,0,9600.0,CE
2017-10-17 14:53:00,656.8,656.8,656.8,656.8,75,0,9600.0,CE
2017-10-17 14:57:00,656.0,656.55,656.0,656.55,750,0,9600.0,CE
2017-10-17 15:00:00,657.9,657.9,657.9,657.9,150,0,9600.0,CE
2017-10-17 15:03:00,653.05,653.05,652.5,652.5,375,0,9600.0,CE
2017-10-17 15:05:00,649.95,651.6,649.95,651.6,525,0,9600.0,CE
2017-10-17 15:07:00,648.45,648.45,648.3,648.3,600,0,9600.0,CE
2017-10-17 15:09:00,653.85,653.85,652.15,652.2,525,0,9600.0,CE
2017-10-17 15:10:00,650.05,650.05,650.05,650.05,75,0,9600.0,CE
2017-10-17 15:11:00,650.2,650.2,650.2,650.2,75,0,9600.0,CE
2017-10-17 15:22:00,651.0,651.0,651.0,651.0,75,0,9600.0,CE
2017-10-17 15:24:00,651.75,651.75,651.75,651.75,75,0,9600.0,CE
2017-10-17 15:30:00,651.75,651.75,651.75,651.5,0,0,9600.0,CE
2017-10-18 09:15:00,626.2,626.2,626.15,626.15,300,0,9600.0,CE
2017-10-18 09:16:00,628.25,630.0,628.25,630.0,300,0,9600.0,CE
2017-10-18 09:17:00,622.05,622.1,622.05,622.1,300,0,9600.0,CE
2017-10-18 09:19:00,630.45,630.45,630.45,630.45,4200,0,9600.0,CE
2017-10-18 09:20:00,628.95,628.95,628.95,628.95,4200,0,9600.0,CE
2017-10-18 09:22:00,631.0,631.0,631.0,631.0,1200,0,9600.0,CE
2017-10-18 09:24:00,623.8,623.8,623.8,623.8,75,0,9600.0,CE
2017-10-18 09:27:00,621.5,622.05,620.8,622.05,900,0,9600.0,CE
2017-10-18 09:29:00,617.05,617.6,615.55,615.55,750,0,9600.0,CE
2017-10-18 09:32:00,621.0,621.0,621.0,621.0,75,0,9600.0,CE
2017-10-18 09:39:00,621.0,621.0,621.0,621.0,75,0,9600.0,CE
2017-10-18 09:44:00,620.0,620.0,620.0,620.0,75,0,9600.0,CE
2017-10-18 09:54:00,616.0,616.0,616.0,616.0,75,0,9600.0,CE
2017-10-18 10:08:00,620.1,620.1,620.0,620.0,300,0,9600.0,CE
2017-10-18 10:09:00,620.0,620.0,620.0,620.0,75,0,9600.0,CE
2017-10-18 10:10:00,620.0,620.0,620.0,620.0,150,0,9600.0,CE
2017-10-18 10:12:00,623.05,623.05,623.05,623.05,1350,0,9600.0,CE
2017-10-18 10:14:00,617.0,617.0,617.0,617.0,150,0,9600.0,CE
2017-10-18 10:21:00,609.65,609.65,609.65,609.65,75,0,9600.0,CE
2017-10-18 10:22:00,609.4,612.35,609.4,612.35,300,0,9600.0,CE
2017-10-18 10:29:00,616.5,616.5,616.5,616.5,75,0,9600.0,CE
2017-10-18 10:34:00,618.0,619.0,618.0,619.0,1650,0,9600.0,CE
2017-10-18 10:35:00,619.0,619.0,618.0,618.0,900,0,9600.0,CE
2017-10-18 10:36:00,620.4,620.4,618.0,618.0,375,0,9600.0,CE
2017-10-18 10:42:00,614.0,614.1,614.0,614.0,225,0,9600.0,CE
2017-10-18 10:58:00,617.0,617.0,617.0,617.0,150,0,9600.0,CE
2017-10-18 11:01:00,615.0,615.0,615.0,615.0,75,0,9600.0,CE
2017-10-18 11:04:00,612.0,612.0,612.0,612.0,75,0,9600.0,CE
2017-10-18 11:10:00,610.95,610.95,609.9,609.9,225,0,9600.0,CE
2017-10-18 11:19:00,616.0,616.0,616.0,616.0,600,0,9600.0,CE
2017-10-18 11:22:00,615.0,615.0,615.0,615.0,150,0,9600.0,CE
2017-10-18 11:28:00,612.2,612.2,612.2,612.2,825,0,9600.0,CE
2017-10-18 11:41:00,612.0,612.0,612.0,612.0,150,0,9600.0,CE
2017-10-18 11:49:00,601.0,601.0,600.65,600.7,600,0,9600.0,CE
2017-10-18 11:50:00,602.0,602.0,602.0,602.0,75,0,9600.0,CE
2017-10-18 11:54:00,600.75,600.75,600.75,600.75,75,0,9600.0,CE
2017-10-18 11:59:00,603.1,603.1,602.65,602.65,9750,0,9600.0,CE
2017-10-18 12:01:00,608.0,608.0,608.0,608.0,450,0,9600.0,CE
2017-10-18 12:09:00,605.6,605.6,605.6,605.6,900,0,9600.0,CE
2017-10-18 12:12:00,608.0,608.0,608.0,608.0,75,0,9600.0,CE
2017-10-18 12:17:00,604.4,604.4,604.3,604.3,1200,0,9600.0,CE
2017-10-18 12:18:00,605.1,605.1,605.1,605.1,225,0,9600.0,CE
2017-10-18 12:25:00,605.0,605.0,604.95,604.95,4575,0,9600.0,CE
2017-10-18 12:26:00,604.95,604.95,604.95,604.95,4500,0,9600.0,CE
2017-10-18 12:27:00,603.0,605.2,603.0,605.2,150,0,9600.0,CE
2017-10-18 12:28:00,605.8,605.8,605.8,605.8,75,0,9600.0,CE
2017-10-18 12:29:00,602.6,602.6,602.6,602.6,75,0,9600.0,CE
2017-10-18 12:40:00,622.4,622.4,622.4,622.4,825,0,9600.0,CE
2017-10-18 12:42:00,629.65,629.65,629.65,629.65,75,0,9600.0,CE
2017-10-18 12:45:00,630.0,630.0,630.0,630.0,1275,0,9600.0,CE
2017-10-18 12:47:00,629.05,629.05,629.05,629.05,225,0,9600.0,CE
2017-10-18 13:29:00,625.6,627.2,625.6,627.0,300,0,9600.0,CE
2017-10-18 13:50:00,642.15,642.15,642.15,642.15,75,0,9600.0,CE
2017-10-18 13:52:00,643.0,643.0,643.0,643.0,150,0,9600.0,CE
2017-10-18 13:53:00,644.85,644.85,644.85,644.85,75,0,9600.0,CE
2017-10-18 13:55:00,642.0,642.0,642.0,642.0,75,0,9600.0,CE
2017-10-18 13:56:00,646.0,646.0,646.0,646.0,75,0,9600.0,CE
2017-10-18 13:59:00,642.95,642.95,642.95,642.95,150,0,9600.0,CE
2017-10-18 14:00:00,646.35,646.35,646.35,646.35,150,0,9600.0,CE
2017-10-18 14:01:00,647.65,647.65,647.65,647.65,150,0,9600.0,CE
2017-10-18 14:05:00,645.05,645.05,645.05,645.05,75,0,9600.0,CE
2017-10-18 14:06:00,641.55,644.2,641.55,644.2,150,0,9600.0,CE
2017-10-18 14:13:00,633.0,633.0,633.0,633.0,75,0,9600.0,CE
2017-10-18 14:16:00,636.2,636.35,636.2,636.35,225,0,9600.0,CE
2017-10-18 14:17:00,637.2,637.2,637.2,637.2,150,0,9600.0,CE
2017-10-18 14:30:00,630.2,630.2,630.2,630.2,150,0,9600.0,CE
2017-10-18 14:42:00,637.25,637.25,637.25,637.25,75,0,9600.0,CE
2017-10-18 14:59:00,640.4,640.4,640.4,640.4,150,0,9600.0,CE
2017-10-18 15:00:00,640.55,641.45,640.55,641.45,375,0,9600.0,CE
2017-10-18 15:07:00,630.35,630.35,627.2,629.9,300,0,9600.0,CE
2017-10-18 15:08:00,630.4,631.9,630.4,631.9,450,0,9600.0,CE
2017-10-18 15:12:00,629.95,629.95,629.95,629.95,75,0,9600.0,CE
2017-10-18 15:13:00,629.25,629.25,629.25,629.25,75,0,9600.0,CE
2017-10-18 15:16:00,633.0,633.0,633.0,633.0,150,0,9600.0,CE
2017-10-18 15:17:00,632.85,632.85,632.85,632.85,75,0,9600.0,CE
2017-10-18 15:18:00,635.5,636.9,635.5,636.9,150,0,9600.0,CE
2017-10-18 15:20:00,634.0,637.5,634.0,637.45,1425,0,9600.0,CE
2017-10-18 15:21:00,636.2,636.2,636.2,636.2,150,0,9600.0,CE
2017-10-18 15:25:00,641.9,642.45,641.9,642.45,600,0,9600.0,CE
2017-10-18 15:27:00,644.45,644.45,644.45,644.45,150,0,9600.0,CE
2017-10-18 15:28:00,645.55,648.05,645.55,648.05,225,0,9600.0,CE
2017-10-18 15:29:00,644.25,644.25,644.25,644.25,75,0,9600.0,CE
2017-10-18 15:30:00,644.25,644.25,644.25,637.0,0,0,9600.0,CE
2017-10-19 18:35:00,586.0,586.0,586.0,586.0,75,0,9600.0,CE
2017-10-19 18:36:00,585.0,585.0,585.0,585.0,150,0,9600.0,CE
2017-10-19 18:43:00,591.0,591.0,591.0,591.0,300,0,9600.0,CE
2017-10-19 18:48:00,580.75,580.75,580.75,580.75,225,0,9600.0,CE
2017-10-19 18:49:00,580.0,580.0,580.0,580.0,75,0,9600.0,CE
2017-10-19 19:07:00,571.0,571.0,571.0,571.0,75,0,9600.0,CE
2017-10-19 19:12:00,543.4,545.2,543.4,545.2,375,0,9600.0,CE
2017-10-19 19:14:00,543.45,549.0,543.45,549.0,450,0,9600.0,CE
2017-10-19 19:15:00,552.6,554.15,552.6,554.15,525,0,9600.0,CE
2017-10-19 19:16:00,554.2,554.2,554.2,554.2,300,0,9600.0,CE
2017-10-19 19:18:00,534.75,534.75,534.75,534.75,150,0,9600.0,CE
2017-10-19 19:29:00,522.85,522.85,514.55,514.55,150,0,9600.0,CE
2017-10-19 19:30:00,522.85,547.05,514.55,547.05,0,0,9600.0,CE
2017-10-23 09:16:00,575.6,575.6,575.6,575.6,75,0,9600.0,CE
2017-10-23 09:17:00,575.6,575.6,575.6,575.6,225,0,9600.0,CE
2017-10-23 09:20:00,594.35,595.0,594.35,595.0,150,0,9600.0,CE
2017-10-23 09:21:00,610.45,611.3,610.45,611.3,300,0,9600.0,CE
2017-10-23 09:23:00,609.4,609.4,609.4,609.4,150,0,9600.0,CE
2017-10-23 09:32:00,605.05,605.05,604.75,604.75,975,0,9600.0,CE
2017-10-23 09:33:00,606.6,606.6,606.6,606.6,150,0,9600.0,CE
2017-10-23 09:36:00,602.6,602.6,597.05,597.05,525,0,9600.0,CE
2017-10-23 09:44:00,588.0,588.0,587.25,587.25,150,0,9600.0,CE
2017-10-23 09:56:00,553.65,553.65,553.65,553.65,75,0,9600.0,CE
2017-10-23 10:02:00,560.7,560.7,560.7,560.7,1350,0,9600.0,CE
2017-10-23 10:03:00,563.4,563.4,563.4,563.4,1875,0,9600.0,CE
2017-10-23 10:09:00,565.0,565.0,565.0,565.0,75,0,9600.0,CE
2017-10-23 10:11:00,566.5,566.5,564.5,564.5,450,0,9600.0,CE
2017-10-23 10:12:00,564.15,565.0,564.0,565.0,1425,0,9600.0,CE
2017-10-23 10:13:00,565.0,565.0,565.0,565.0,600,0,9600.0,CE
2017-10-23 10:15:00,562.0,562.0,562.0,562.0,750,0,9600.0,CE
2017-10-23 10:16:00,561.0,561.0,561.0,561.0,300,0,9600.0,CE
2017-10-23 10:17:00,561.0,562.0,561.0,562.0,600,0,9600.0,CE
2017-10-23 10:18:00,562.0,564.0,562.0,564.0,2025,0,9600.0,CE
2017-10-23 10:19:00,564.0,564.0,564.0,564.0,75,0,9600.0,CE
2017-10-23 10:20:00,565.0,567.0,565.0,567.0,2250,0,9600.0,CE
2017-10-23 10:21:00,568.0,573.0,568.0,573.0,4500,0,9600.0,CE
2017-10-23 10:22:00,575.0,575.0,575.0,575.0,750,0,9600.0,CE
2017-10-23 10:28:00,575.0,575.0,575.0,575.0,75,0,9600.0,CE
2017-10-23 10:41:00,573.0,573.0,573.0,573.0,75,0,9600.0,CE
2017-10-23 10:42:00,573.0,573.0,573.0,573.0,675,0,9600.0,CE
2017-10-23 10:43:00,570.5,570.5,570.5,570.5,75,0,9600.0,CE
2017-10-23 10:44:00,569.1,569.1,569.1,569.1,75,0,9600.0,CE
2017-10-23 10:46:00,571.0,571.0,571.0,571.0,975,0,9600.0,CE
2017-10-23 10:48:00,574.0,574.0,574.0,574.0,75,0,9600.0,CE
2017-10-23 10:49:00,574.0,574.0,574.0,574.0,450,0,9600.0,CE
2017-10-23 10:50:00,574.0,575.0,574.0,575.0,900,0,9600.0,CE
2017-10-23 10:51:00,576.0,576.0,576.0,576.0,750,0,9600.0,CE
2017-10-23 10:52:00,577.0,579.0,577.0,579.0,2250,0,9600.0,CE
2017-10-23 10:54:00,582.0,582.0,582.0,582.0,75,0,9600.0,CE
2017-10-23 10:55:00,577.3,578.8,576.05,578.75,525,0,9600.0,CE
2017-10-23 10:56:00,577.55,577.55,577.55,577.55,75,0,9600.0,CE
2017-10-23 11:06:00,570.0,570.0,570.0,570.0,75,0,9600.0,CE
2017-10-23 11:08:00,570.0,570.0,570.0,570.0,975,0,9600.0,CE
2017-10-23 11:27:00,565.45,567.0,565.15,565.15,225,0,9600.0,CE
2017-10-23 11:31:00,554.3,554.3,554.3,554.3,150,0,9600.0,CE
2017-10-23 11:51:00,551.7,551.7,551.7,551.7,75,0,9600.0,CE
2017-10-23 11:52:00,556.85,556.85,556.85,556.85,300,0,9600.0,CE
2017-10-23 11:53:00,553.7,553.7,550.0,550.0,150,0,9600.0,CE
2017-10-23 11:57:00,550.0,550.0,550.0,550.0,75,0,9600.0,CE
2017-10-23 12:06:00,525.0,525.0,522.3,522.3,150,0,9600.0,CE
2017-10-23 12:10:00,526.35,526.35,526.35,526.35,150,0,9600.0,CE
2017-10-23 12:11:00,524.6,524.6,524.6,524.6,1050,0,9600.0,CE
2017-10-23 12:17:00,527.55,527.55,525.05,525.05,150,0,9600.0,CE
2017-10-23 12:21:00,527.85,527.85,527.85,527.85,150,0,9600.0,CE
2017-10-23 12:29:00,532.8,532.8,532.8,532.8,225,0,9600.0,CE
2017-10-23 12:37:00,528.8,528.8,528.8,528.8,75,0,9600.0,CE
2017-10-23 12:42:00,519.0,522.0,519.0,522.0,975,0,9600.0,CE
2017-10-23 12:43:00,524.0,524.0,524.0,524.0,750,0,9600.0,CE
2017-10-23 12:44:00,526.0,526.0,526.0,526.0,750,0,9600.0,CE
2017-10-23 12:45:00,527.0,527.0,527.0,527.0,75,0,9600.0,CE
2017-10-23 12:46:00,525.0,525.0,525.0,525.0,750,0,9600.0,CE
2017-10-23 12:49:00,526.0,527.0,526.0,527.0,1125,0,9600.0,CE
2017-10-23 12:50:00,527.0,530.0,527.0,530.0,2625,0,9600.0,CE
2017-10-23 12:57:00,529.0,529.0,529.0,529.0,750,0,9600.0,CE
2017-10-23 13:06:00,525.0,525.0,525.0,525.0,75,0,9600.0,CE
2017-10-23 13:13:00,524.7,524.7,524.7,524.7,450,0,9600.0,CE
2017-10-23 13:23:00,528.0,529.0,528.0,529.0,1500,0,9600.0,CE
2017-10-23 13:27:00,548.25,548.25,548.25,548.25,75,0,9600.0,CE
2017-10-23 13:29:00,551.0,551.0,551.0,551.0,75,0,9600.0,CE
2017-10-23 13:39:00,546.0,546.0,546.0,546.0,75,0,9600.0,CE
2017-10-23 13:49:00,539.25,539.25,539.25,539.25,75,0,9600.0,CE
2017-10-23 14:08:00,550.0,550.0,550.0,550.0,75,0,9600.0,CE
2017-10-23 14:13:00,563.3,563.3,563.3,563.3,150,0,9600.0,CE
2017-10-23 14:17:00,560.5,560.5,560.5,560.5,150,0,9600.0,CE
2017-10-23 14:18:00,555.1,555.1,555.1,555.1,75,0,9600.0,CE
2017-10-23 14:19:00,557.85,557.85,557.65,557.65,150,0,9600.0,CE
2017-10-23 14:23:00,557.4,557.4,557.4,557.4,150,0,9600.0,CE
2017-10-23 14:29:00,549.7,551.8,549.7,551.8,1725,0,9600.0,CE
2017-10-23 14:38:00,565.5,565.5,565.5,565.5,75,0,9600.0,CE
2017-10-23 15:10:00,580.7,580.7,580.7,580.7,150,0,9600.0,CE
2017-10-23 15:14:00,587.7,587.7,587.7,587.7,75,0,9600.0,CE
2017-10-23 15:16:00,585.0,585.0,584.25,584.25,1125,0,9600.0,CE
2017-10-23 15:21:00,582.45,582.45,582.45,582.45,75,0,9600.0,CE
2017-10-23 15:23:00,583.8,583.8,583.3,583.3,150,0,9600.0,CE
2017-10-23 15:30:00,583.8,584.45,583.3,584.45,0,0,9600.0,CE
2017-10-24 09:24:00,586.0,586.0,586.0,586.0,75,0,9600.0,CE
2017-10-24 09:26:00,590.0,590.0,590.0,590.0,150,0,9600.0,CE
2017-10-24 09:27:00,588.0,590.0,588.0,590.0,600,0,9600.0,CE
2017-10-24 09:28:00,590.0,590.15,590.0,590.15,450,0,9600.0,CE
2017-10-24 09:39:00,600.0,600.0,600.0,600.0,600,0,9600.0,CE
2017-10-24 09:50:00,607.55,607.55,607.55,607.55,75,0,9600.0,CE
2017-10-24 09:52:00,608.0,608.0,608.0,608.0,150,0,9600.0,CE
2017-10-24 09:57:00,609.9,609.9,609.9,609.9,150,0,9600.0,CE
2017-10-24 10:01:00,606.0,606.0,606.0,606.0,75,0,9600.0,CE
2017-10-24 10:04:00,611.0,611.0,611.0,611.0,75,0,9600.0,CE
2017-10-24 10:05:00,615.4,615.4,615.4,615.4,75,0,9600.0,CE
2017-10-24 10:06:00,613.0,613.0,613.0,613.0,75,0,9600.0,CE
2017-10-24 10:07:00,614.0,614.0,613.0,613.0,675,0,9600.0,CE
2017-10-24 10:08:00,613.5,613.85,613.0,613.85,300,0,9600.0,CE
2017-10-24 10:09:00,614.8,614.8,614.8,614.8,525,0,9600.0,CE
2017-10-24 10:10:00,615.05,615.05,615.05,615.05,1125,0,9600.0,CE
2017-10-24 10:11:00,614.45,616.0,614.45,616.0,1350,0,9600.0,CE
2017-10-24 10:12:00,616.3,616.3,616.3,616.3,75,0,9600.0,CE
2017-10-24 10:13:00,619.15,620.35,619.15,620.35,1950,0,9600.0,CE
2017-10-24 10:14:00,624.85,630.15,624.85,630.15,1125,0,9600.0,CE
2017-10-24 10:15:00,627.05,627.05,627.05,627.05,75,0,9600.0,CE
2017-10-24 10:16:00,633.85,636.9,633.85,636.5,1125,0,9600.0,CE
2017-10-24 10:18:00,627.0,627.0,627.0,627.0,675,0,9600.0,CE
2017-10-24 10:21:00,627.85,627.85,627.85,627.85,600,0,9600.0,CE
2017-10-24 10:22:00,627.0,627.0,627.0,627.0,600,0,9600.0,CE
2017-10-24 10:23:00,626.2,626.2,626.2,626.2,600,0,9600.0,CE
2017-10-24 10:24:00,625.0,625.0,625.0,625.0,225,0,9600.0,CE
2017-10-24 10:26:00,628.0,628.0,628.0,628.0,600,0,9600.0,CE
2017-10-24 10:27:00,627.0,627.4,625.35,625.35,225,0,9600.0,CE
2017-10-24 10:29:00,625.95,627.0,625.95,627.0,750,0,9600.0,CE
2017-10-24 10:32:00,626.8,628.0,626.8,628.0,225,0,9600.0,CE
2017-10-24 10:33:00,628.5,628.5,628.5,628.5,750,0,9600.0,CE
2017-10-24 10:34:00,629.0,629.0,629.0,629.0,750,0,9600.0,CE
2017-10-24 10:36:00,625.0,625.0,625.0,625.0,225,0,9600.0,CE
2017-10-24 10:37:00,623.0,623.0,623.0,623.0,600,0,9600.0,CE
2017-10-24 10:38:00,623.0,623.0,623.0,623.0,150,0,9600.0,CE
2017-10-24 10:39:00,624.0,624.0,624.0,624.0,750,0,9600.0,CE
2017-10-24 10:40:00,625.0,625.0,625.0,625.0,750,0,9600.0,CE
2017-10-24 10:41:00,625.0,625.0,625.0,625.0,75,0,9600.0,CE
2017-10-24 10:42:00,626.0,626.0,626.0,626.0,750,0,9600.0,CE
2017-10-24 10:43:00,626.0,626.0,626.0,626.0,300,0,9600.0,CE
2017-10-24 10:48:00,618.4,618.4,618.4,618.4,600,0,9600.0,CE
2017-10-24 10:49:00,620.0,620.0,620.0,620.0,750,0,9600.0,CE
2017-10-24 10:50:00,618.0,618.0,618.0,618.0,150,0,9600.0,CE
2017-10-24 10:51:00,617.65,617.65,617.2,617.2,675,0,9600.0,CE
2017-10-24 10:54:00,620.1,620.1,620.1,620.1,75,0,9600.0,CE
2017-10-24 10:55:00,620.05,621.0,620.05,621.0,1275,0,9600.0,CE
2017-10-24 10:56:00,621.0,622.0,621.0,622.0,1875,0,9600.0,CE
2017-10-24 10:57:00,621.1,621.1,621.1,621.1,75,0,9600.0,CE
2017-10-24 10:58:00,620.0,620.0,620.0,620.0,75,0,9600.0,CE
2017-10-24 11:00:00,620.05,620.05,620.05,620.05,75,0,9600.0,CE
2017-10-24 11:02:00,622.5,624.0,622.5,624.0,2550,0,9600.0,CE
2017-10-24 11:03:00,624.0,624.5,620.95,624.5,2100,0,9600.0,CE
2017-10-24 11:06:00,622.05,622.05,622.05,622.05,75,0,9600.0,CE
2017-10-24 11:07:00,622.0,622.0,622.0,622.0,150,0,9600.0,CE
2017-10-24 11:08:00,623.05,623.05,623.05,623.05,75,0,9600.0,CE
2017-10-24 11:10:00,618.0,618.0,617.0,617.0,300,0,9600.0,CE
2017-10-24 11:11:00,617.0,617.0,616.95,616.95,525,0,9600.0,CE
2017-10-24 11:12:00,615.0,615.0,615.0,615.0,75,0,9600.0,CE
2017-10-24 11:13:00,616.0,616.0,616.0,616.0,375,0,9600.0,CE
2017-10-24 11:14:00,615.6,616.0,615.6,616.0,1275,0,9600.0,CE
2017-10-24 11:15:00,616.0,617.0,616.0,617.0,675,0,9600.0,CE
2017-10-24 11:16:00,617.0,617.0,617.0,617.0,600,0,9600.0,CE
2017-10-24 11:17:00,617.0,618.5,617.0,618.5,2250,0,9600.0,CE
2017-10-24 11:18:00,618.5,618.5,618.5,618.5,75,0,9600.0,CE
2017-10-24 11:19:00,619.0,619.0,619.0,619.0,600,0,9600.0,CE
2017-10-24 11:25:00,615.0,616.0,615.0,616.0,1875,0,9600.0,CE
2017-10-24 11:28:00,616.5,616.5,616.5,616.5,150,0,9600.0,CE
2017-10-24 11:30:00,616.0,616.0,616.0,616.0,300,0,9600.0,CE
2017-10-24 11:34:00,614.0,614.0,614.0,614.0,1125,0,9600.0,CE
2017-10-24 11:35:00,608.8,608.8,608.8,608.8,150,0,9600.0,CE
2017-10-24 11:36:00,607.85,607.85,607.85,607.85,150,0,9600.0,CE
2017-10-24 11:37:00,610.1,610.1,610.1,610.1,75,0,9600.0,CE
2017-10-24 11:38:00,610.0,610.0,610.0,610.0,675,0,9600.0,CE
2017-10-24 11:40:00,610.3,610.3,610.3,610.3,75,0,9600.0,CE
2017-10-24 11:48:00,608.05,608.05,608.05,608.05,300,0,9600.0,CE
2017-10-24 11:51:00,612.0,614.0,612.0,614.0,2250,0,9600.0,CE
2017-10-24 11:52:00,615.0,616.5,615.0,616.5,1575,0,9600.0,CE
2017-10-24 11:56:00,616.5,617.0,616.5,617.0,2025,0,9600.0,CE
2017-10-24 12:12:00,615.0,615.0,615.0,615.0,75,0,9600.0,CE
2017-10-24 12:13:00,615.3,615.3,615.3,615.3,75,0,9600.0,CE
2017-10-24 12:16:00,615.0,615.0,615.0,615.0,300,0,9600.0,CE
2017-10-24 12:17:00,617.5,617.5,617.5,617.5,750,0,9600.0,CE
2017-10-24 12:19:00,618.0,618.0,618.0,618.0,750,0,9600.0,CE
2017-10-24 12:20:00,618.5,620.0,618.5,620.0,3900,0,9600.0,CE
2017-10-24 12:21:00,620.5,621.5,620.5,621.5,1650,0,9600.0,CE
2017-10-24 12:22:00,621.5,625.0,621.5,625.0,5400,0,9600.0,CE
2017-10-24 12:23:00,625.0,625.5,625.0,625.5,525,0,9600.0,CE
2017-10-24 12:24:00,624.5,624.5,624.0,624.0,1500,0,9600.0,CE
2017-10-24 12:28:00,620.5,620.5,620.5,620.5,1500,0,9600.0,CE
2017-10-24 12:30:00,621.0,621.0,621.0,621.0,750,0,9600.0,CE
2017-10-24 12:32:00,621.5,622.0,621.5,622.0,1050,0,9600.0,CE
2017-10-24 12:33:00,622.0,623.0,622.0,623.0,1275,0,9600.0,CE
2017-10-24 12:36:00,622.0,622.0,622.0,622.0,300,0,9600.0,CE
2017-10-24 12:40:00,621.0,623.0,620.5,623.0,900,0,9600.0,CE
2017-10-24 12:41:00,623.5,623.5,621.8,622.75,1200,0,9600.0,CE
2017-10-24 12:43:00,621.95,621.95,621.95,621.95,75,0,9600.0,CE
2017-10-24 12:44:00,622.0,622.0,622.0,622.0,750,0,9600.0,CE
2017-10-24 12:45:00,622.5,622.5,622.5,622.5,450,0,9600.0,CE
2017-10-24 12:46:00,621.0,622.5,621.0,622.5,375,0,9600.0,CE
2017-10-24 12:47:00,623.0,623.5,623.0,623.5,1050,0,9600.0,CE
2017-10-24 12:48:00,622.0,622.0,619.85,619.85,300,0,9600.0,CE
2017-10-24 12:51:00,617.1,617.1,617.1,617.1,825,0,9600.0,CE
2017-10-24 12:52:00,617.1,617.1,617.1,617.1,75,0,9600.0,CE
2017-10-24 12:57:00,619.15,619.15,619.15,619.15,750,0,9600.0,CE
2017-10-24 13:02:00,617.7,617.7,617.7,617.7,450,0,9600.0,CE
2017-10-24 13:04:00,614.3,614.35,614.3,614.35,825,0,9600.0,CE
2017-10-24 13:05:00,617.1,617.1,617.1,617.1,75,0,9600.0,CE
2017-10-24 13:13:00,612.0,612.0,612.0,612.0,600,0,9600.0,CE
2017-10-24 13:14:00,614.0,615.8,614.0,615.8,825,0,9600.0,CE
2017-10-24 13:20:00,604.0,604.0,604.0,604.0,75,0,9600.0,CE
2017-10-24 13:26:00,609.0,609.0,609.0,609.0,75,0,9600.0,CE
2017-10-24 13:37:00,607.1,607.1,607.1,607.1,825,0,9600.0,CE
2017-10-24 13:40:00,592.0,592.0,592.0,592.0,300,0,9600.0,CE
2017-10-24 13:41:00,591.25,591.25,591.25,591.25,75,0,9600.0,CE
2017-10-24 13:43:00,583.9,583.9,583.9,583.9,75,0,9600.0,CE
2017-10-24 13:44:00,585.25,585.25,585.25,585.25,75,0,9600.0,CE
2017-10-24 13:45:00,587.9,590.55,587.9,590.55,150,0,9600.0,CE
2017-10-24 13:47:00,588.05,588.05,588.05,588.05,975,0,9600.0,CE
2017-10-24 13:53:00,595.0,595.0,595.0,595.0,4350,0,9600.0,CE
2017-10-24 13:54:00,595.0,595.0,595.0,595.0,6150,0,9600.0,CE
2017-10-24 13:59:00,593.2,593.2,593.2,593.2,300,0,9600.0,CE
2017-10-24 14:01:00,593.7,593.7,593.7,593.7,75,0,9600.0,CE
2017-10-24 14:03:00,601.2,601.2,601.2,601.2,525,0,9600.0,CE
2017-10-24 14:04:00,602.0,602.0,602.0,602.0,300,0,9600.0,CE
2017-10-24 14:05:00,599.0,599.0,599.0,599.0,300,0,9600.0,CE
2017-10-24 14:12:00,603.25,603.25,603.25,603.25,150,0,9600.0,CE
2017-10-24 14:20:00,611.6,611.6,611.6,611.6,75,0,9600.0,CE
2017-10-24 14:21:00,612.6,612.6,612.6,612.6,150,0,9600.0,CE
2017-10-24 14:25:00,608.55,608.55,608.55,608.55,75,0,9600.0,CE
2017-10-24 14:29:00,610.5,610.5,610.5,610.5,225,0,9600.0,CE
2017-10-24 14:35:00,617.85,617.85,615.0,615.0,750,0,9600.0,CE
2017-10-24 14:39:00,614.85,614.85,614.85,614.85,75,0,9600.0,CE
2017-10-24 14:46:00,610.0,610.0,610.0,610.0,300,0,9600.0,CE
2017-10-24 14:47:00,609.65,609.65,609.65,609.65,75,0,9600.0,CE
2017-10-24 14:51:00,615.0,615.0,615.0,615.0,225,0,9600.0,CE
2017-10-24 14:52:00,610.25,610.25,610.25,610.25,75,0,9600.0,CE
2017-10-24 14:53:00,610.0,610.0,610.0,610.0,300,0,9600.0,CE
2017-10-24 14:54:00,609.0,609.0,609.0,609.0,675,0,9600.0,CE
2017-10-24 15:02:00,612.25,612.25,612.25,612.25,150,0,9600.0,CE
2017-10-24 15:13:00,610.45,610.45,610.45,610.45,75,0,9600.0,CE
2017-10-24 15:16:00,614.4,614.4,614.4,614.4,450,0,9600.0,CE
2017-10-24 15:28:00,614.15,614.15,614.15,614.15,150,0,9600.0,CE
2017-10-24 15:29:00,615.3,615.3,615.3,615.3,150,0,9600.0,CE
2017-10-24 15:30:00,615.3,615.3,615.3,613.85,0,0,9600.0,CE
2017-10-25 09:18:00,684.45,690.5,684.45,690.5,150,0,9600.0,CE
2017-10-25 09:21:00,694.0,694.0,689.3,689.3,1650,0,9600.0,CE
2017-10-25 09:24:00,696.15,696.15,696.15,696.15,75,0,9600.0,CE
2017-10-25 09:39:00,668.8,668.8,668.8,668.8,2175,0,9600.0,CE
2017-10-25 09:45:00,667.0,667.0,667.0,667.0,750,0,9600.0,CE
2017-10-25 09:46:00,667.0,669.0,667.0,669.0,2475,0,9600.0,CE
2017-10-25 09:49:00,661.3,663.8,661.3,663.8,825,0,9600.0,CE
2017-10-25 09:50:00,665.85,665.85,665.85,665.85,150,0,9600.0,CE
2017-10-25 09:54:00,655.0,655.0,655.0,655.0,75,0,9600.0,CE
2017-10-25 09:56:00,655.45,655.45,655.45,655.45,75,0,9600.0,CE
2017-10-25 09:59:00,660.6,660.6,660.6,660.6,75,0,9600.0,CE
2017-10-25 10:04:00,663.0,663.0,661.0,661.0,150,0,9600.0,CE
2017-10-25 10:06:00,654.65,654.65,654.65,654.65,675,0,9600.0,CE
2017-10-25 10:09:00,654.15,654.15,654.15,654.15,375,0,9600.0,CE
2017-10-25 10:10:00,652.4,652.4,652.4,652.4,450,0,9600.0,CE
2017-10-25 10:11:00,655.5,655.5,655.5,655.5,225,0,9600.0,CE
2017-10-25 10:12:00,654.15,654.15,654.15,654.15,75,0,9600.0,CE
2017-10-25 10:13:00,655.65,655.65,655.65,655.65,150,0,9600.0,CE
2017-10-25 10:14:00,650.8,650.8,650.8,650.8,150,0,9600.0,CE
2017-10-25 10:17:00,645.6,646.5,645.6,646.5,150,0,9600.0,CE
2017-10-25 10:18:00,644.35,645.45,644.35,645.45,375,0,9600.0,CE
2017-10-25 10:19:00,645.9,648.35,645.9,648.35,150,0,9600.0,CE
2017-10-25 10:21:00,641.9,641.9,641.9,641.9,75,0,9600.0,CE
2017-10-25 10:22:00,645.7,645.7,645.7,645.7,675,0,9600.0,CE
2017-10-25 10:27:00,653.75,653.75,653.75,653.75,150,0,9600.0,CE
2017-10-25 10:32:00,655.0,655.0,655.0,655.0,75,0,9600.0,CE
2017-10-25 10:37:00,651.7,651.7,651.7,651.7,75,0,9600.0,CE
2017-10-25 10:43:00,649.2,649.2,649.2,649.2,75,0,9600.0,CE
2017-10-25 10:44:00,648.95,648.95,648.95,648.95,150,0,9600.0,CE
2017-10-25 10:45:00,648.1,651.0,648.1,651.0,1650,0,9600.0,CE
2017-10-25 10:46:00,651.0,651.1,651.0,651.1,4275,0,9600.0,CE
2017-10-25 10:47:00,651.05,651.05,651.05,651.05,150,0,9600.0,CE
2017-10-25 10:51:00,660.0,660.0,660.0,660.0,675,0,9600.0,CE
2017-10-25 10:52:00,659.55,660.0,656.45,659.0,3825,0,9600.0,CE
2017-10-25 10:53:00,659.0,660.0,657.55,657.55,1350,0,9600.0,CE
2017-10-25 10:54:00,660.35,660.35,660.35,660.35,75,0,9600.0,CE
2017-10-25 10:55:00,661.0,667.0,659.25,667.0,16500,0,9600.0,CE
2017-10-25 10:56:00,662.55,663.5,662.55,663.5,1875,0,9600.0,CE
2017-10-25 10:57:00,664.45,664.45,664.45,664.45,1500,0,9600.0,CE
2017-10-25 10:59:00,664.95,664.95,664.95,664.95,225,0,9600.0,CE
2017-10-25 11:00:00,665.55,668.0,663.9,668.0,8325,0,9600.0,CE
2017-10-25 11:02:00,664.25,664.25,664.25,664.25,375,0,9600.0,CE
2017-10-25 11:03:00,661.9,661.9,661.9,661.9,750,0,9600.0,CE
2017-10-25 11:07:00,661.0,661.0,661.0,661.0,150,0,9600.0,CE
2017-10-25 11:15:00,662.95,662.95,662.95,662.95,375,0,9600.0,CE
2017-10-25 11:26:00,667.0,667.0,667.0,667.0,1275,0,9600.0,CE
2017-10-25 11:27:00,667.0,667.0,665.0,665.0,2400,0,9600.0,CE
2017-10-25 11:28:00,665.0,668.5,665.0,668.5,750,0,9600.0,CE
2017-10-25 11:29:00,667.0,667.0,667.0,667.0,1350,0,9600.0,CE
2017-10-25 11:30:00,671.45,671.45,669.0,669.0,225,0,9600.0,CE
2017-10-25 11:31:00,670.0,671.25,670.0,670.0,2250,0,9600.0,CE
2017-10-25 11:32:00,672.0,672.0,672.0,672.0,3000,0,9600.0,CE
2017-10-25 11:33:00,674.0,674.0,668.85,668.85,6900,0,9600.0,CE
2017-10-25 11:38:00,670.0,670.0,670.0,670.0,900,0,9600.0,CE
2017-10-25 11:39:00,670.0,670.0,670.0,670.0,4800,0,9600.0,CE
2017-10-25 11:42:00,667.0,668.5,667.0,667.0,12225,0,9600.0,CE
2017-10-25 11:46:00,670.0,670.45,669.0,669.85,13050,0,9600.0,CE
2017-10-25 11:49:00,668.15,668.15,665.85,665.85,2850,0,9600.0,CE
2017-10-25 11:52:00,671.6,671.6,671.6,671.6,75,0,9600.0,CE
2017-10-25 12:03:00,668.0,668.0,662.4,662.4,1950,0,9600.0,CE
2017-10-25 12:07:00,661.2,661.55,659.85,659.85,2175,0,9600.0,CE
2017-10-25 12:08:00,662.0,662.0,662.0,662.0,1950,0,9600.0,CE
2017-10-25 12:09:00,662.0,663.1,662.0,663.1,4500,0,9600.0,CE
2017-10-25 12:10:00,663.65,663.65,663.65,663.65,2025,0,9600.0,CE
2017-10-25 12:11:00,661.5,661.5,661.5,661.5,1500,0,9600.0,CE
2017-10-25 12:12:00,664.4,664.4,664.4,664.4,1500,0,9600.0,CE
2017-10-25 12:15:00,663.2,663.2,663.2,663.2,750,0,9600.0,CE
2017-10-25 12:21:00,661.55,662.9,661.55,662.9,675,0,9600.0,CE
2017-10-25 12:25:00,663.5,663.5,663.4,663.4,1575,0,9600.0,CE
2017-10-25 12:32:00,661.75,661.75,661.75,661.75,300,0,9600.0,CE
2017-10-25 12:33:00,661.75,661.75,660.0,660.0,225,0,9600.0,CE
2017-10-25 12:34:00,659.1,659.8,659.1,659.8,300,0,9600.0,CE
2017-10-25 12:50:00,662.15,662.15,662.15,662.15,450,0,9600.0,CE
2017-10-25 12:52:00,669.05,670.55,669.05,670.55,375,0,9600.0,CE
2017-10-25 12:53:00,675.65,675.65,675.65,675.65,300,0,9600.0,CE
2017-10-25 13:00:00,680.0,680.0,680.0,680.0,75,0,9600.0,CE
2017-10-25 13:10:00,683.1,683.1,683.1,683.1,75,0,9600.0,CE
2017-10-25 13:11:00,691.35,691.35,691.35,691.35,375,0,9600.0,CE
2017-10-25 13:12:00,693.0,693.0,692.0,692.0,450,0,9600.0,CE
2017-10-25 13:13:00,692.0,692.85,692.0,692.85,300,0,9600.0,CE
2017-10-25 13:15:00,696.5,696.5,693.95,693.95,300,0,9600.0,CE
2017-10-25 13:20:00,685.35,685.35,685.35,685.35,1050,0,9600.0,CE
2017-10-25 13:22:00,685.05,685.65,685.05,685.1,525,0,9600.0,CE
2017-10-25 13:31:00,684.1,684.1,684.1,684.1,1050,0,9600.0,CE
2017-10-25 13:42:00,686.45,687.1,686.0,686.0,750,0,9600.0,CE
2017-10-25 13:48:00,691.2,691.2,691.2,691.2,75,0,9600.0,CE
2017-10-25 13:50:00,692.95,692.95,692.95,692.95,450,0,9600.0,CE
2017-10-25 13:53:00,693.7,693.7,693.7,693.7,300,0,9600.0,CE
2017-10-25 13:55:00,695.95,697.85,695.95,697.85,150,0,9600.0,CE
2017-10-25 13:56:00,696.95,696.95,696.95,696.95,75,0,9600.0,CE
2017-10-25 13:59:00,695.0,695.0,695.0,695.0,75,0,9600.0,CE
2017-10-25 14:02:00,698.4,698.4,698.4,698.4,150,0,9600.0,CE
2017-10-25 14:04:00,706.15,706.15,706.15,706.15,75,0,9600.0,CE
2017-10-25 14:06:00,709.95,709.95,709.95,709.95,75,0,9600.0,CE
2017-10-25 14:08:00,703.25,705.0,703.0,704.0,1350,0,9600.0,CE
2017-10-25 14:09:00,705.45,706.0,705.3,705.65,525,0,9600.0,CE
2017-10-25 14:10:00,708.0,708.0,705.95,707.0,375,0,9600.0,CE
2017-10-25 14:11:00,706.65,710.0,706.0,710.0,1125,0,9600.0,CE
2017-10-25 14:12:00,707.7,708.8,705.3,706.0,1800,0,9600.0,CE
2017-10-25 14:13:00,705.0,709.3,705.0,706.0,2475,0,9600.0,CE
2017-10-25 14:14:00,708.0,708.0,703.75,708.0,2550,0,9600.0,CE
2017-10-25 14:15:00,704.0,704.0,698.9,698.9,2625,0,9600.0,CE
2017-10-25 14:16:00,703.0,704.0,703.0,704.0,1050,0,9600.0,CE
2017-10-25 14:17:00,699.05,700.0,699.05,699.45,3750,0,9600.0,CE
2017-10-25 14:18:00,701.0,701.0,699.45,700.0,5775,0,9600.0,CE
2017-10-25 14:19:00,701.5,703.8,701.05,701.05,2025,0,9600.0,CE
2017-10-25 14:20:00,703.0,705.0,703.0,705.0,1275,0,9600.0,CE
2017-10-25 14:23:00,700.1,700.1,700.1,700.1,75,0,9600.0,CE
2017-10-25 14:26:00,699.95,699.95,699.95,699.95,450,0,9600.0,CE
2017-10-25 14:27:00,699.95,699.95,699.95,699.95,75,0,9600.0,CE
2017-10-25 14:28:00,692.75,692.75,692.75,692.75,525,0,9600.0,CE
2017-10-25 14:29:00,692.8,692.8,692.8,692.8,75,0,9600.0,CE
2017-10-25 14:30:00,700.0,700.9,700.0,700.9,2325,0,9600.0,CE
2017-10-25 14:31:00,700.9,703.3,697.4,703.3,5250,0,9600.0,CE
2017-10-25 14:32:00,703.3,704.0,702.0,702.0,3825,0,9600.0,CE
2017-10-25 14:33:00,703.8,703.8,698.9,699.75,1800,0,9600.0,CE
2017-10-25 14:34:00,698.5,699.0,695.8,695.8,3675,0,9600.0,CE
2017-10-25 14:35:00,697.1,700.0,697.1,700.0,375,0,9600.0,CE
2017-10-25 14:36:00,700.0,700.5,700.0,700.5,3750,0,9600.0,CE
2017-10-25 14:37:00,700.5,700.5,700.0,700.0,1275,0,9600.0,CE
2017-10-25 14:38:00,698.0,698.0,698.0,698.0,2025,0,9600.0,CE
2017-10-25 14:40:00,690.0,690.0,690.0,690.0,75,0,9600.0,CE
2017-10-25 14:41:00,697.05,697.05,696.15,696.15,225,0,9600.0,CE
2017-10-25 14:43:00,695.0,695.0,695.0,695.0,525,0,9600.0,CE
2017-10-25 14:44:00,695.35,695.35,695.35,695.35,1050,0,9600.0,CE
2017-10-25 14:50:00,698.0,698.0,698.0,698.0,75,0,9600.0,CE
2017-10-25 14:57:00,690.45,690.45,690.45,690.45,1125,0,9600.0,CE
2017-10-25 14:58:00,691.0,691.0,690.05,690.05,525,0,9600.0,CE
2017-10-25 14:59:00,689.5,689.5,687.9,687.9,450,0,9600.0,CE
2017-10-25 15:00:00,690.0,690.0,690.0,690.0,1050,0,9600.0,CE
2017-10-25 15:01:00,689.0,689.0,688.45,688.45,450,0,9600.0,CE
2017-10-25 15:02:00,692.25,692.25,686.0,686.0,4350,0,9600.0,CE
2017-10-25 15:03:00,685.85,688.15,685.85,686.4,750,0,9600.0,CE
2017-10-25 15:04:00,686.55,686.55,686.55,686.55,75,0,9600.0,CE
2017-10-25 15:11:00,687.3,689.0,687.3,689.0,1050,0,9600.0,CE
2017-10-25 15:12:00,686.45,686.45,686.45,686.45,75,0,9600.0,CE
2017-10-25 15:14:00,689.6,689.6,689.6,689.6,75,0,9600.0,CE
2017-10-25 15:16:00,685.15,685.15,685.15,685.15,1875,0,9600.0,CE
2017-10-25 15:17:00,682.45,685.3,682.3,685.1,1125,0,9600.0,CE
2017-10-25 15:18:00,684.9,690.05,684.9,690.05,3375,0,9600.0,CE
2017-10-25 15:21:00,679.15,679.15,679.15,679.15,225,0,9600.0,CE
2017-10-25 15:22:00,681.4,681.4,681.4,681.4,75,0,9600.0,CE
2017-10-25 15:23:00,683.0,683.0,680.0,680.0,2025,0,9600.0,CE
2017-10-25 15:26:00,678.0,679.25,678.0,679.2,975,0,9600.0,CE
2017-10-25 15:27:00,677.6,679.4,677.6,679.4,750,0,9600.0,CE
2017-10-25 15:29:00,680.0,680.0,680.0,680.0,75,0,9600.0,CE
2017-10-25 15:30:00,680.0,686.05,680.0,686.05,0,0,9600.0,CE
2017-10-26 09:18:00,675.75,675.75,675.75,675.75,150,0,9600.0,CE
2017-10-26 09:20:00,684.0,684.0,684.0,684.0,150,0,9600.0,CE
2017-10-26 09:23:00,682.0,689.8,682.0,689.8,225,0,9600.0,CE
2017-10-26 09:24:00,684.3,684.3,684.3,684.3,225,0,9600.0,CE
2017-10-26 09:25:00,676.9,676.9,676.9,676.9,450,0,9600.0,CE
2017-10-26 09:28:00,684.25,684.9,684.25,684.9,300,0,9600.0,CE
2017-10-26 09:30:00,677.0,677.0,677.0,677.0,150,0,9600.0,CE
2017-10-26 09:32:00,677.0,677.0,677.0,677.0,150,0,9600.0,CE
2017-10-26 09:36:00,676.4,676.4,676.4,676.4,150,0,9600.0,CE
2017-10-26 09:43:00,675.5,676.0,672.8,673.6,4200,0,9600.0,CE
2017-10-26 09:44:00,671.8,671.8,671.0,671.8,1050,0,9600.0,CE
2017-10-26 09:45:00,671.5,674.5,671.5,674.5,4200,0,9600.0,CE
2017-10-26 09:47:00,675.95,677.1,675.95,677.1,600,0,9600.0,CE
2017-10-26 09:52:00,682.0,682.0,682.0,682.0,300,0,9600.0,CE
2017-10-26 09:53:00,680.15,682.0,680.15,682.0,525,0,9600.0,CE
2017-10-26 09:54:00,683.0,685.0,683.0,685.0,2250,0,9600.0,CE
2017-10-26 09:56:00,684.0,684.5,683.0,683.0,2400,0,9600.0,CE
2017-10-26 09:57:00,682.5,682.5,682.5,682.5,75,0,9600.0,CE
2017-10-26 09:58:00,680.0,680.0,680.0,680.0,300,0,9600.0,CE
2017-10-26 10:00:00,680.0,680.0,680.0,680.0,150,0,9600.0,CE
2017-10-26 10:04:00,674.35,674.35,674.35,674.35,75,0,9600.0,CE
2017-10-26 10:05:00,678.6,678.6,678.6,678.6,3825,0,9600.0,CE
2017-10-26 10:06:00,675.0,675.0,675.0,675.0,300,0,9600.0,CE
2017-10-26 10:08:00,680.0,680.0,680.0,680.0,600,0,9600.0,CE
2017-10-26 10:21:00,680.7,680.7,680.7,680.7,75,0,9600.0,CE
2017-10-26 10:32:00,674.35,674.35,674.35,674.35,75,0,9600.0,CE
2017-10-26 10:33:00,674.2,674.2,674.2,674.2,75,0,9600.0,CE
2017-10-26 10:39:00,671.0,671.0,671.0,671.0,225,0,9600.0,CE
2017-10-26 10:40:00,671.0,671.0,671.0,671.0,525,0,9600.0,CE
2017-10-26 10:41:00,671.5,671.5,671.5,671.5,750,0,9600.0,CE
2017-10-26 10:42:00,671.0,671.0,671.0,671.0,750,0,9600.0,CE
2017-10-26 10:44:00,671.5,672.5,671.5,672.5,2250,0,9600.0,CE
2017-10-26 10:45:00,673.0,676.0,673.0,676.0,6525,0,9600.0,CE
2017-10-26 10:46:00,676.5,678.0,676.5,678.0,3000,0,9600.0,CE
2017-10-26 10:47:00,678.5,679.5,678.5,679.5,1725,0,9600.0,CE
2017-10-26 10:48:00,679.5,679.5,679.5,679.5,300,0,9600.0,CE
2017-10-26 10:50:00,679.5,679.5,679.5,679.5,225,0,9600.0,CE
2017-10-26 10:51:00,680.0,680.1,680.0,680.1,4875,0,9600.0,CE
2017-10-26 10:52:00,679.0,679.0,679.0,679.0,3750,0,9600.0,CE
2017-10-26 10:54:00,678.0,678.0,678.0,678.0,75,0,9600.0,CE
2017-10-26 10:55:00,678.0,678.0,678.0,678.0,150,0,9600.0,CE
2017-10-26 10:56:00,679.0,680.1,679.0,680.1,6975,0,9600.0,CE
2017-10-26 10:57:00,680.1,680.1,680.0,680.0,2550,0,9600.0,CE
2017-10-26 10:58:00,680.0,680.0,680.0,680.0,375,0,9600.0,CE
2017-10-26 10:59:00,680.0,680.0,680.0,680.0,75,0,9600.0,CE
2017-10-26 11:02:00,679.0,679.0,679.0,679.0,750,0,9600.0,CE
2017-10-26 11:03:00,679.0,679.0,679.0,679.0,750,0,9600.0,CE
2017-10-26 11:04:00,679.5,679.5,679.5,679.5,450,0,9600.0,CE
2017-10-26 11:05:00,679.5,679.5,679.5,679.5,300,0,9600.0,CE
2017-10-26 11:06:00,680.25,681.0,680.25,681.0,1800,0,9600.0,CE
2017-10-26 11:07:00,680.35,681.5,680.35,681.5,2175,0,9600.0,CE
2017-10-26 11:08:00,682.0,682.0,682.0,682.0,1050,0,9600.0,CE
2017-10-26 11:09:00,683.0,683.0,682.0,682.0,3300,0,9600.0,CE
2017-10-26 11:10:00,682.75,683.15,682.0,682.0,2400,0,9600.0,CE
2017-10-26 11:12:00,683.0,683.0,683.0,683.0,2025,0,9600.0,CE
2017-10-26 11:13:00,683.35,683.35,682.5,682.5,600,0,9600.0,CE
2017-10-26 11:14:00,681.0,681.0,681.0,681.0,450,0,9600.0,CE
2017-10-26 11:15:00,681.8,681.8,681.25,681.25,1725,0,9600.0,CE
2017-10-26 11:17:00,682.5,682.5,682.5,682.5,225,0,9600.0,CE
2017-10-26 11:18:00,688.0,688.0,688.0,688.0,2100,0,9600.0,CE
2017-10-26 11:21:00,688.0,688.0,688.0,688.0,450,0,9600.0,CE
2017-10-26 11:24:00,683.0,683.0,683.0,683.0,2700,0,9600.0,CE
2017-10-26 11:29:00,686.35,686.35,686.35,686.35,1200,0,9600.0,CE
2017-10-26 11:35:00,688.35,688.35,688.35,688.35,150,0,9600.0,CE
2017-10-26 11:38:00,690.0,690.0,690.0,690.0,750,0,9600.0,CE
2017-10-26 11:39:00,690.0,693.75,690.0,693.75,225,0,9600.0,CE
2017-10-26 11:41:00,696.0,696.0,696.0,696.0,225,0,9600.0,CE
2017-10-26 11:42:00,696.1,698.35,696.1,698.35,375,0,9600.0,CE
2017-10-26 11:43:00,698.0,699.85,697.1,699.85,750,0,9600.0,CE
2017-10-26 11:44:00,701.0,701.0,700.0,700.75,2025,0,9600.0,CE
2017-10-26 11:45:00,704.05,704.05,704.05,704.05,75,0,9600.0,CE
2017-10-26 11:46:00,701.0,701.0,700.0,700.0,225,0,9600.0,CE
2017-10-26 11:49:00,700.0,700.0,694.6,694.6,450,0,9600.0,CE
2017-10-26 11:51:00,700.25,700.25,700.25,700.25,225,0,9600.0,CE
2017-10-26 11:52:00,700.0,700.0,700.0,700.0,75,0,9600.0,CE
2017-10-26 11:57:00,697.3,697.3,697.3,697.3,150,0,9600.0,CE
2017-10-26 11:59:00,694.6,694.6,694.6,694.6,75,0,9600.0,CE
2017-10-26 12:02:00,692.0,692.0,691.95,691.95,225,0,9600.0,CE
2017-10-26 12:04:00,696.9,696.9,696.9,696.9,300,0,9600.0,CE
2017-10-26 12:06:00,698.0,698.0,698.0,698.0,75,0,9600.0,CE
2017-10-26 12:07:00,700.0,700.0,700.0,700.0,75,0,9600.0,CE
2017-10-26 12:08:00,701.0,701.0,701.0,701.0,75,0,9600.0,CE
2017-10-26 12:09:00,701.0,701.0,701.0,701.0,1125,0,9600.0,CE
2017-10-26 12:11:00,700.0,700.0,700.0,700.0,1050,0,9600.0,CE
2017-10-26 12:12:00,699.85,699.85,699.85,699.85,300,0,9600.0,CE
2017-10-26 12:13:00,698.0,698.0,697.0,697.0,225,0,9600.0,CE
2017-10-26 12:15:00,697.0,697.0,697.0,697.0,225,0,9600.0,CE
2017-10-26 12:17:00,697.95,697.95,697.95,697.95,150,0,9600.0,CE
2017-10-26 12:19:00,702.0,702.0,702.0,702.0,1125,0,9600.0,CE
2017-10-26 12:22:00,703.65,703.65,703.65,703.65,150,0,9600.0,CE
2017-10-26 12:24:00,703.75,703.75,703.75,703.75,75,0,9600.0,CE
2017-10-26 12:27:00,703.4,703.4,703.4,703.4,75,0,9600.0,CE
2017-10-26 12:28:00,703.05,703.05,703.05,703.05,375,0,9600.0,CE
2017-10-26 12:30:00,710.1,710.1,710.1,710.1,150,0,9600.0,CE
2017-10-26 12:31:00,705.0,705.0,705.0,705.0,150,0,9600.0,CE
2017-10-26 12:36:00,706.0,706.65,706.0,706.65,150,0,9600.0,CE
2017-10-26 12:38:00,709.4,709.4,709.4,709.4,600,0,9600.0,CE
2017-10-26 12:39:00,708.45,710.8,708.45,710.8,600,0,9600.0,CE
2017-10-26 12:40:00,709.15,709.15,709.15,709.15,300,0,9600.0,CE
2017-10-26 12:41:00,710.4,710.4,708.0,708.0,225,0,9600.0,CE
2017-10-26 12:44:00,705.9,705.9,705.0,705.0,375,0,9600.0,CE
2017-10-26 12:45:00,704.0,704.0,704.0,704.0,1275,0,9600.0,CE
2017-10-26 12:50:00,708.8,708.8,708.8,708.8,300,0,9600.0,CE
2017-10-26 12:51:00,708.0,708.0,708.0,708.0,75,0,9600.0,CE
2017-10-26 12:55:00,707.3,707.3,707.3,707.3,75,0,9600.0,CE
2017-10-26 12:59:00,710.05,715.75,710.05,713.35,825,0,9600.0,CE
2017-10-26 13:01:00,716.05,716.05,713.95,715.0,2625,0,9600.0,CE
2017-10-26 13:03:00,719.4,719.4,719.4,719.4,375,0,9600.0,CE
2017-10-26 13:05:00,715.4,715.5,715.25,715.25,1800,0,9600.0,CE
2017-10-26 13:07:00,716.0,716.0,715.25,715.95,1125,0,9600.0,CE
2017-10-26 13:08:00,717.8,717.8,717.8,717.8,150,0,9600.0,CE
2017-10-26 13:09:00,715.5,719.0,715.5,719.0,1275,0,9600.0,CE
2017-10-26 13:10:00,716.0,716.0,716.0,716.0,75,0,9600.0,CE
2017-10-26 13:11:00,716.0,716.0,716.0,716.0,675,0,9600.0,CE
2017-10-26 13:13:00,716.0,716.0,712.35,712.35,1425,0,9600.0,CE
2017-10-26 13:16:00,709.25,709.25,709.25,709.25,300,0,9600.0,CE
2017-10-26 13:17:00,709.25,709.7,709.25,709.7,600,0,9600.0,CE
2017-10-26 13:20:00,710.55,710.55,710.55,710.55,375,0,9600.0,CE
2017-10-26 13:21:00,710.55,710.55,710.0,710.0,900,0,9600.0,CE
2017-10-26 13:23:00,707.7,707.7,707.7,707.7,750,0,9600.0,CE
2017-10-26 13:30:00,716.0,716.0,716.0,716.0,225,0,9600.0,CE
2017-10-26 13:31:00,715.8,715.8,715.8,715.8,300,0,9600.0,CE
2017-10-26 13:32:00,716.75,716.75,716.75,716.75,75,0,9600.0,CE
2017-10-26 13:36:00,715.9,716.1,715.9,716.1,225,0,9600.0,CE
2017-10-26 13:37:00,720.0,720.55,719.55,719.55,525,0,9600.0,CE
2017-10-26 13:38:00,719.0,719.0,719.0,719.0,75,0,9600.0,CE
2017-10-26 13:39:00,721.0,721.55,718.8,721.55,300,0,9600.0,CE
2017-10-26 13:40:00,716.35,716.35,716.35,716.35,75,0,9600.0,CE
2017-10-26 13:51:00,727.55,727.9,727.55,727.9,150,0,9600.0,CE
2017-10-26 13:52:00,726.0,728.55,726.0,726.0,225,0,9600.0,CE
2017-10-26 13:57:00,732.0,732.0,732.0,732.0,150,0,9600.0,CE
2017-10-26 13:59:00,730.0,730.0,730.0,730.0,75,0,9600.0,CE
2017-10-26 14:02:00,732.05,732.05,732.05,732.05,600,0,9600.0,CE
2017-10-26 14:07:00,738.6,738.6,729.55,729.55,3075,0,9600.0,CE
2017-10-26 14:09:00,728.5,728.5,727.25,727.25,1950,0,9600.0,CE
2017-10-26 14:10:00,726.0,726.0,725.0,725.0,1650,0,9600.0,CE
2017-10-26 14:12:00,722.1,723.0,722.0,723.0,225,0,9600.0,CE
2017-10-26 14:14:00,727.0,727.0,727.0,727.0,150,0,9600.0,CE
2017-10-26 14:15:00,724.4,724.4,724.4,724.4,75,0,9600.0,CE
2017-10-26 14:16:00,726.05,726.05,726.05,726.05,75,0,9600.0,CE
2017-10-26 14:17:00,724.0,724.0,724.0,724.0,75,0,9600.0,CE
2017-10-26 14:18:00,718.75,720.05,718.75,720.05,225,0,9600.0,CE
2017-10-26 14:20:00,722.35,722.35,717.4,718.5,450,0,9600.0,CE
2017-10-26 14:21:00,721.9,721.9,720.4,720.4,375,0,9600.0,CE
2017-10-26 14:22:00,719.25,720.1,719.25,720.1,825,0,9600.0,CE
2017-10-26 14:23:00,721.0,721.0,721.0,721.0,825,0,9600.0,CE
2017-10-26 14:25:00,712.55,712.55,708.0,708.0,1650,0,9600.0,CE
2017-10-26 14:26:00,702.0,702.0,702.0,702.0,75,0,9600.0,CE
2017-10-26 14:27:00,700.0,700.0,700.0,700.0,75,0,9600.0,CE
2017-10-26 14:44:00,717.65,717.65,717.65,717.65,150,0,9600.0,CE
2017-10-26 14:46:00,712.0,712.0,712.0,712.0,300,0,9600.0,CE
2017-10-26 14:47:00,710.0,710.0,709.45,709.45,150,0,9600.0,CE
2017-10-26 14:51:00,715.4,715.4,710.25,710.25,225,0,9600.0,CE
2017-10-26 14:52:00,711.0,713.0,710.25,710.4,3375,0,9600.0,CE
2017-10-26 14:53:00,715.55,715.55,714.0,714.0,450,0,9600.0,CE
2017-10-26 14:56:00,707.95,707.95,706.0,706.0,150,0,9600.0,CE
2017-10-26 14:57:00,706.0,706.0,706.0,706.0,75,0,9600.0,CE
2017-10-26 15:01:00,740.0,740.0,740.0,740.0,300,0,9600.0,CE
2017-10-26 15:02:00,740.0,740.0,740.0,740.0,1500,0,9600.0,CE
2017-10-26 15:03:00,749.9,749.9,749.9,749.9,900,0,9600.0,CE
2017-10-26 15:04:00,750.0,750.0,750.0,750.0,150,0,9600.0,CE
2017-10-26 15:05:00,750.0,752.75,750.0,751.3,225,0,9600.0,CE
2017-10-26 15:06:00,741.2,741.2,741.2,741.2,1200,0,9600.0,CE
2017-10-26 15:07:00,743.35,743.35,743.35,743.35,75,0,9600.0,CE
2017-10-26 15:08:00,745.0,745.0,745.0,745.0,75,0,9600.0,CE
2017-10-26 15:09:00,745.0,745.8,743.0,743.0,825,0,9600.0,CE
2017-10-26 15:11:00,747.0,747.0,745.0,747.0,8700,0,9600.0,CE
2017-10-26 15:12:00,747.0,747.0,744.0,744.0,1800,0,9600.0,CE
2017-10-26 15:13:00,749.55,749.55,749.55,749.55,75,0,9600.0,CE
2017-10-26 15:14:00,748.45,748.45,747.95,747.95,300,0,9600.0,CE
2017-10-26 15:16:00,747.1,747.1,742.5,742.5,825,0,9600.0,CE
2017-10-26 15:20:00,745.0,745.0,745.0,745.0,3000,0,9600.0,CE
2017-10-26 15:21:00,745.0,745.0,743.7,743.7,4050,0,9600.0,CE
2017-10-26 15:22:00,745.8,745.8,745.8,745.8,75,0,9600.0,CE
2017-10-26 15:23:00,746.9,746.9,746.9,746.9,75,0,9600.0,CE
2017-10-26 15:25:00,744.85,744.85,743.0,743.0,1050,0,9600.0,CE
2017-10-26 15:27:00,746.15,746.15,746.15,746.15,225,0,9600.0,CE
2017-10-26 15:28:00,745.0,745.95,745.0,745.95,1950,0,9600.0,CE
2017-10-26 15:29:00,744.8,744.85,744.7,744.75,9375,0,9600.0,CE
