timestamp,open,high,low,close,volume,oi,strike,option_type
2023-12-15 13:02:00,207.2,207.2,207.2,207.2,901,0,21300.0,PE
2023-12-15 13:06:00,207.5,207.55,207.5,207.55,600,900,21300.0,PE
2023-12-15 13:35:00,207.55,207.55,207.55,207.55,150,1500,21300.0,PE
2023-12-15 13:40:00,207.55,207.55,207.55,207.55,50,1500,21300.0,PE
2023-12-15 13:43:00,204.95,204.95,204.95,204.95,50,1500,21300.0,PE
2023-12-15 13:51:00,203.0,203.0,203.0,203.0,200,1550,21300.0,PE
2023-12-15 14:05:00,202.0,202.0,202.0,202.0,150,1550,21300.0,PE
2023-12-15 14:07:00,202.0,202.0,202.0,202.0,50,1550,21300.0,PE
2023-12-15 14:18:00,202.0,202.0,202.0,202.0,200,1550,21300.0,PE
2023-12-15 14:19:00,206.5,206.5,206.5,206.5,100,1800,21300.0,PE
2023-12-15 14:27:00,205.2,205.2,204.65,204.85,250,1900,21300.0,PE
2023-12-15 14:33:00,204.0,204.0,204.0,204.0,50,2150,21300.0,PE
2023-12-15 14:57:00,192.75,192.75,191.0,191.0,200,2150,21300.0,PE
2023-12-15 15:01:00,190.0,190.0,190.0,190.0,50,2200,21300.0,PE
2023-12-15 15:28:00,182.25,182.25,181.2,181.2,150,2200,21300.0,PE
2023-12-15 15:29:00,181.2,181.2,181.1,181.1,100,2200,21300.0,PE
2023-12-18 09:18:00,196.95,196.95,196.95,196.95,101,2250,21300.0,PE
2023-12-18 09:19:00,196.95,201.75,196.95,201.75,200,2250,21300.0,PE
2023-12-18 09:22:00,201.75,201.75,201.75,201.75,50,2350,21300.0,PE
2023-12-18 09:32:00,196.5,196.5,196.5,196.5,50,2400,21300.0,PE
2023-12-18 09:35:00,205.9,205.9,205.9,205.9,50,2400,21300.0,PE
2023-12-18 09:41:00,205.9,205.9,205.9,205.9,50,2450,21300.0,PE
2023-12-18 09:59:00,203.0,203.0,203.0,203.0,100,2500,21300.0,PE
2023-12-18 10:14:00,203.0,203.0,203.0,203.0,50,2500,21300.0,PE
2023-12-18 10:30:00,195.55,195.55,195.55,195.55,600,2550,21300.0,PE
2023-12-18 10:36:00,195.55,195.55,195.55,195.55,50,2300,21300.0,PE
2023-12-18 11:04:00,193.7,193.7,193.7,193.7,500,2350,21300.0,PE
2023-12-18 11:36:00,193.0,193.0,193.0,193.0,100,2750,21300.0,PE
2023-12-18 11:53:00,193.0,193.0,193.0,193.0,50,2850,21300.0,PE
2023-12-18 11:59:00,193.0,193.0,193.0,193.0,50,2900,21300.0,PE
2023-12-18 12:10:00,205.0,205.0,205.0,205.0,50,2950,21300.0,PE
2023-12-18 12:38:00,205.0,205.0,205.0,205.0,50,2950,21300.0,PE
2023-12-18 14:14:00,200.0,200.0,200.0,200.0,50,3000,21300.0,PE
2023-12-18 14:19:00,202.0,202.0,202.0,202.0,50,3050,21300.0,PE
2023-12-18 14:44:00,202.85,202.85,202.85,202.85,50,3000,21300.0,PE
2023-12-18 14:55:00,202.85,202.85,202.85,202.85,50,2950,21300.0,PE
2023-12-18 15:16:00,206.0,206.0,206.0,206.0,100,2950,21300.0,PE
2023-12-19 09:30:00,193.4,193.4,193.4,193.4,51,2950,21300.0,PE
2023-12-19 09:40:00,206.0,206.0,206.0,206.0,50,2950,21300.0,PE
2023-12-19 09:48:00,213.35,213.35,213.35,213.35,100,3000,21300.0,PE
2023-12-19 09:55:00,213.35,213.35,213.35,213.35,100,3100,21300.0,PE
2023-12-19 10:04:00,215.0,215.0,215.0,215.0,50,3200,21300.0,PE
2023-12-19 10:12:00,215.0,215.0,215.0,215.0,50,3250,21300.0,PE
2023-12-19 10:30:00,214.85,214.85,214.85,214.85,50,3250,21300.0,PE
2023-12-19 10:35:00,204.75,204.75,204.75,204.75,50,3300,21300.0,PE
2023-12-19 10:36:00,204.75,204.75,204.75,204.75,50,3350,21300.0,PE
2023-12-19 10:47:00,200.0,200.0,200.0,200.0,450,3300,21300.0,PE
2023-12-19 10:56:00,204.15,204.15,204.15,204.15,100,3750,21300.0,PE
2023-12-19 11:04:00,198.45,198.45,198.45,198.45,350,3850,21300.0,PE
2023-12-19 11:09:00,195.0,195.0,195.0,195.0,50,3850,21300.0,PE
2023-12-19 11:13:00,195.0,195.0,195.0,195.0,50,4250,21300.0,PE
2023-12-19 11:32:00,194.4,194.4,194.4,194.4,50,4300,21300.0,PE
2023-12-19 12:12:00,190.0,190.0,190.0,190.0,50,4300,21300.0,PE
2023-12-19 12:16:00,185.75,185.75,185.75,185.75,1600,4300,21300.0,PE
2023-12-19 12:41:00,178.0,178.0,178.0,178.0,50,5900,21300.0,PE
2023-12-19 13:11:00,178.0,178.0,178.0,178.0,50,5950,21300.0,PE
2023-12-19 14:27:00,177.6,177.6,177.6,177.6,100,5950,21300.0,PE
2023-12-19 14:28:00,174.55,174.55,174.55,174.55,100,5800,21300.0,PE
2023-12-19 14:34:00,174.55,174.55,174.55,174.55,200,5700,21300.0,PE
2023-12-19 14:41:00,177.1,177.1,177.1,177.1,50,5700,21300.0,PE
2023-12-19 14:46:00,177.45,177.45,177.45,177.45,50,5750,21300.0,PE
2023-12-19 14:49:00,180.0,180.0,180.0,180.0,50,5750,21300.0,PE
2023-12-20 09:34:00,159.8,159.8,154.8,154.8,351,5700,21300.0,PE
2023-12-20 09:35:00,154.8,154.8,154.8,154.8,250,5700,21300.0,PE
2023-12-20 09:37:00,154.8,154.8,154.8,154.8,50,5200,21300.0,PE
2023-12-20 09:38:00,155.0,155.0,155.0,155.0,50,5200,21300.0,PE
2023-12-20 09:49:00,155.0,155.0,155.0,155.0,50,5200,21300.0,PE
2023-12-20 10:03:00,164.95,164.95,164.95,164.95,50,5200,21300.0,PE
2023-12-20 10:07:00,164.95,164.95,164.95,164.95,450,5200,21300.0,PE
2023-12-20 10:14:00,155.45,155.45,155.45,155.45,50,5200,21300.0,PE
2023-12-20 10:16:00,155.3,155.3,155.3,155.3,250,5150,21300.0,PE
2023-12-20 10:53:00,146.8,146.8,146.8,146.8,50,4900,21300.0,PE
2023-12-20 11:14:00,146.8,146.8,146.8,146.8,50,4850,21300.0,PE
2023-12-20 11:41:00,160.0,160.0,156.6,156.6,100,4850,21300.0,PE
2023-12-20 11:48:00,161.0,161.0,161.0,161.0,50,4800,21300.0,PE
2023-12-20 11:52:00,165.85,165.85,165.85,165.85,100,4800,21300.0,PE
2023-12-20 12:22:00,170.65,170.65,170.65,170.65,50,4800,21300.0,PE
2023-12-20 12:33:00,170.65,170.65,170.65,170.65,100,4850,21300.0,PE
2023-12-20 12:37:00,165.05,165.05,165.05,165.05,100,4950,21300.0,PE
2023-12-20 13:01:00,163.9,163.9,163.9,163.9,300,4950,21300.0,PE
2023-12-20 13:14:00,175.95,175.95,175.95,175.95,50,5250,21300.0,PE
2023-12-20 13:17:00,175.95,175.95,175.95,175.95,50,5250,21300.0,PE
2023-12-20 13:18:00,177.6,177.7,177.6,177.7,600,4800,21300.0,PE
2023-12-20 13:24:00,187.85,187.85,187.85,187.85,50,4800,21300.0,PE
2023-12-20 13:28:00,192.05,192.05,192.05,192.05,900,4650,21300.0,PE
2023-12-20 13:33:00,200.15,200.15,200.15,200.15,1600,4150,21300.0,PE
2023-12-20 13:34:00,209.35,209.35,209.35,209.35,100,4150,21300.0,PE
2023-12-20 13:36:00,216.95,218.45,216.95,218.45,750,3350,21300.0,PE
2023-12-20 13:37:00,218.45,218.45,218.45,218.45,200,3350,21300.0,PE
2023-12-20 13:38:00,207.75,207.75,207.75,207.75,100,3350,21300.0,PE
2023-12-20 13:39:00,201.5,201.5,193.85,193.85,700,3400,21300.0,PE
2023-12-20 13:41:00,204.35,204.35,200.0,200.0,100,3400,21300.0,PE
2023-12-20 13:45:00,194.9,194.9,194.9,194.9,50,3900,21300.0,PE
2023-12-20 13:46:00,200.0,200.0,200.0,200.0,100,3900,21300.0,PE
2023-12-20 13:47:00,205.0,205.0,205.0,205.0,50,3900,21300.0,PE
2023-12-20 13:58:00,214.8,214.8,214.8,214.8,50,3900,21300.0,PE
2023-12-20 13:59:00,212.7,212.7,212.7,212.7,50,3900,21300.0,PE
2023-12-20 14:01:00,216.05,216.05,216.05,216.05,100,4000,21300.0,PE
2023-12-20 14:03:00,230.2,230.2,230.2,230.2,300,4100,21300.0,PE
2023-12-20 14:05:00,239.25,239.25,239.25,239.25,650,4100,21300.0,PE
2023-12-20 14:06:00,235.9,235.9,235.9,235.9,250,4100,21300.0,PE
2023-12-20 14:07:00,240.65,240.65,240.65,240.65,550,4400,21300.0,PE
2023-12-20 14:10:00,227.5,227.5,227.5,227.5,100,4400,21300.0,PE
2023-12-20 14:12:00,228.35,228.35,228.35,228.35,50,4400,21300.0,PE
2023-12-20 14:14:00,239.25,239.65,239.25,239.65,150,4550,21300.0,PE
2023-12-20 14:15:00,245.75,245.75,245.75,245.75,100,4550,21300.0,PE
2023-12-20 14:16:00,245.75,245.75,245.75,245.75,100,4550,21300.0,PE
2023-12-20 14:17:00,238.7,238.7,238.7,238.7,300,4550,21300.0,PE
2023-12-20 14:18:00,245.2,245.2,245.2,245.2,50,4550,21300.0,PE
2023-12-20 14:25:00,233.55,233.55,233.55,233.55,100,4550,21300.0,PE
2023-12-20 14:26:00,243.9,243.9,243.9,243.9,50,4550,21300.0,PE
2023-12-20 14:38:00,262.6,262.9,262.6,262.9,200,4500,21300.0,PE
2023-12-20 14:41:00,270.5,270.5,268.75,269.15,250,4400,21300.0,PE
2023-12-20 14:44:00,279.0,279.0,277.05,277.05,250,4300,21300.0,PE
2023-12-20 14:49:00,270.6,270.6,270.6,270.6,50,4350,21300.0,PE
2023-12-20 14:54:00,270.15,270.15,270.15,270.15,50,4300,21300.0,PE
2023-12-20 14:57:00,262.45,262.45,262.45,262.45,100,4300,21300.0,PE
2023-12-20 15:00:00,268.05,268.05,268.05,268.05,50,4300,21300.0,PE
2023-12-20 15:01:00,274.65,282.35,274.65,282.35,550,4350,21300.0,PE
2023-12-20 15:03:00,293.2,293.2,293.2,293.2,300,4900,21300.0,PE
2023-12-20 15:04:00,295.45,295.45,295.45,295.45,250,4900,21300.0,PE
2023-12-20 15:10:00,295.9,295.9,295.9,295.9,250,5450,21300.0,PE
2023-12-20 15:11:00,295.9,295.9,295.9,295.9,500,5450,21300.0,PE
2023-12-20 15:12:00,289.4,289.4,289.4,289.4,50,5450,21300.0,PE
2023-12-20 15:17:00,296.8,296.8,296.8,296.8,100,5650,21300.0,PE
2023-12-20 15:19:00,295.05,295.25,295.05,295.25,100,5600,21300.0,PE
2023-12-20 15:22:00,299.45,299.45,299.45,299.45,50,5500,21300.0,PE
2023-12-20 15:23:00,304.45,304.45,304.45,304.45,50,5500,21300.0,PE
2023-12-20 15:27:00,304.45,304.45,304.45,304.45,100,5400,21300.0,PE
2023-12-21 09:18:00,341.5,341.5,341.5,341.5,101,5300,21300.0,PE
2023-12-21 09:19:00,333.1,333.1,333.1,333.1,200,5300,21300.0,PE
2023-12-21 09:20:00,347.2,347.2,347.2,347.2,50,5300,21300.0,PE
2023-12-21 09:26:00,365.0,365.0,365.0,365.0,50,5400,21300.0,PE
2023-12-21 09:28:00,365.0,365.0,365.0,365.0,50,5450,21300.0,PE
2023-12-21 09:45:00,337.05,337.05,337.05,337.05,50,5400,21300.0,PE
2023-12-21 09:48:00,332.3,332.3,332.3,332.3,50,5400,21300.0,PE
2023-12-21 09:49:00,332.3,343.3,332.3,343.3,100,5400,21300.0,PE
2023-12-21 09:51:00,335.5,335.5,335.5,335.5,50,5400,21300.0,PE
2023-12-21 09:53:00,334.4,334.4,332.65,332.65,200,5400,21300.0,PE
2023-12-21 09:54:00,331.25,331.25,331.25,331.25,450,5400,21300.0,PE
2023-12-21 09:55:00,331.25,333.45,331.25,332.4,450,5400,21300.0,PE
2023-12-21 10:08:00,308.6,308.6,308.6,308.6,50,6100,21300.0,PE
2023-12-21 10:09:00,300.0,300.0,300.0,300.0,150,6100,21300.0,PE
2023-12-21 10:24:00,297.4,297.4,297.4,297.4,50,5950,21300.0,PE
2023-12-21 10:33:00,297.4,297.4,297.4,297.4,100,5950,21300.0,PE
2023-12-21 10:34:00,327.0,327.0,327.0,327.0,50,5950,21300.0,PE
2023-12-21 10:35:00,326.5,326.5,326.5,326.5,50,5950,21300.0,PE
2023-12-21 10:37:00,324.95,324.95,324.95,324.95,150,5900,21300.0,PE
2023-12-21 10:43:00,295.15,295.15,289.85,289.85,600,5850,21300.0,PE
2023-12-21 10:44:00,290.65,291.45,290.65,291.45,200,5850,21300.0,PE
2023-12-21 10:56:00,294.0,294.0,294.0,294.0,100,5600,21300.0,PE
2023-12-21 10:59:00,290.05,290.05,290.05,290.05,600,5500,21300.0,PE
2023-12-21 11:02:00,280.9,280.9,280.9,280.9,50,5850,21300.0,PE
2023-12-21 11:07:00,280.9,280.9,280.9,280.9,50,5850,21300.0,PE
2023-12-21 11:10:00,294.6,294.6,294.6,294.6,50,5900,21300.0,PE
2023-12-21 11:30:00,301.45,301.45,301.45,301.45,50,5900,21300.0,PE
2023-12-21 12:04:00,281.9,281.9,281.9,281.9,50,5850,21300.0,PE
2023-12-21 12:10:00,282.0,282.0,282.0,282.0,50,5850,21300.0,PE
2023-12-21 12:12:00,278.05,278.05,278.05,278.05,50,5850,21300.0,PE
2023-12-21 12:16:00,278.05,278.05,278.05,278.05,50,5850,21300.0,PE
2023-12-21 12:24:00,283.2,283.2,283.2,283.2,50,5850,21300.0,PE
2023-12-21 12:27:00,277.55,277.55,277.55,277.55,50,5850,21300.0,PE
2023-12-21 12:45:00,259.5,259.5,259.5,259.5,200,5850,21300.0,PE
2023-12-21 12:51:00,262.55,264.0,262.55,264.0,550,5700,21300.0,PE
2023-12-21 12:53:00,263.0,263.0,263.0,263.0,100,5700,21300.0,PE
2023-12-21 12:54:00,257.3,257.3,257.3,257.3,500,5150,21300.0,PE
2023-12-21 12:55:00,258.6,258.6,258.6,258.6,50,5150,21300.0,PE
2023-12-21 12:56:00,258.9,261.25,258.9,261.25,150,5150,21300.0,PE
2023-12-21 13:01:00,265.4,265.4,265.4,265.4,50,4650,21300.0,PE
2023-12-21 13:18:00,261.6,261.6,261.6,261.6,100,4650,21300.0,PE
2023-12-21 13:19:00,265.55,265.55,265.55,265.55,50,4650,21300.0,PE
2023-12-21 13:21:00,266.85,266.85,266.85,266.85,50,4650,21300.0,PE
2023-12-21 13:23:00,265.9,266.3,265.9,266.3,100,4550,21300.0,PE
2023-12-21 13:34:00,252.55,253.65,252.55,253.65,150,4500,21300.0,PE
2023-12-21 13:50:00,267.2,267.2,267.2,267.2,150,4450,21300.0,PE
2023-12-21 13:54:00,274.3,274.3,274.3,274.3,50,4300,21300.0,PE
2023-12-21 14:03:00,275.2,275.2,275.2,275.2,50,4300,21300.0,PE
2023-12-21 14:11:00,277.2,277.2,277.2,277.2,50,4350,21300.0,PE
2023-12-21 14:15:00,275.25,275.25,275.25,275.25,50,4350,21300.0,PE
2023-12-21 14:16:00,270.65,270.65,270.65,270.65,50,4350,21300.0,PE
2023-12-21 14:40:00,241.7,241.7,241.7,241.7,50,4350,21300.0,PE
2023-12-21 15:00:00,235.0,235.0,235.0,235.0,50,4350,21300.0,PE
2023-12-21 15:01:00,230.0,233.65,230.0,233.65,1000,4350,21300.0,PE
2023-12-21 15:05:00,233.65,233.65,233.65,233.65,50,4900,21300.0,PE
2023-12-21 15:06:00,234.75,234.75,234.75,234.75,100,4900,21300.0,PE
2023-12-21 15:07:00,239.6,239.6,239.6,239.6,50,5000,21300.0,PE
2023-12-21 15:09:00,242.0,242.0,242.0,242.0,50,5000,21300.0,PE
2023-12-21 15:16:00,233.75,233.75,233.75,233.75,50,5000,21300.0,PE
2023-12-21 15:18:00,229.55,229.55,229.55,229.55,50,5000,21300.0,PE
2023-12-21 15:19:00,229.55,229.55,229.55,229.55,50,4950,21300.0,PE
2023-12-21 15:20:00,232.4,232.4,232.4,232.4,50,4950,21300.0,PE
2023-12-21 15:21:00,233.7,233.7,233.7,233.7,50,4950,21300.0,PE
2023-12-22 09:15:00,226.15,232.3,222.3,232.3,202,4900,21300.0,PE
2023-12-22 09:16:00,242.3,242.3,242.3,242.3,100,4900,21300.0,PE
2023-12-22 09:23:00,243.45,243.45,240.05,240.05,550,5200,21300.0,PE
2023-12-22 09:24:00,244.8,244.8,244.8,244.8,550,5450,21300.0,PE
2023-12-22 09:25:00,238.0,238.0,238.0,238.0,100,5450,21300.0,PE
2023-12-22 09:28:00,243.35,243.35,243.35,243.35,100,5350,21300.0,PE
2023-12-22 09:29:00,247.8,247.8,247.8,247.8,50,5350,21300.0,PE
2023-12-22 09:31:00,247.8,247.8,243.15,243.15,300,5300,21300.0,PE
2023-12-22 09:32:00,240.0,240.0,239.55,239.55,100,5550,21300.0,PE
2023-12-22 09:35:00,233.35,233.35,233.35,233.35,300,5500,21300.0,PE
2023-12-22 09:36:00,231.95,231.95,230.2,230.2,300,5500,21300.0,PE
2023-12-22 09:37:00,229.2,229.2,229.2,229.2,50,5500,21300.0,PE
2023-12-22 09:40:00,237.7,237.7,237.7,237.7,500,5500,21300.0,PE
2023-12-22 09:46:00,230.0,230.0,230.0,230.0,50,5550,21300.0,PE
2023-12-22 09:49:00,215.05,215.05,215.05,215.05,50,5550,21300.0,PE
2023-12-22 09:56:00,215.05,215.05,215.05,215.05,100,5450,21300.0,PE
2023-12-22 09:57:00,222.75,222.75,222.75,222.75,100,5450,21300.0,PE
2023-12-22 10:04:00,218.45,218.45,218.45,218.45,100,5550,21300.0,PE
2023-12-22 10:06:00,218.45,218.45,215.05,215.05,750,5650,21300.0,PE
2023-12-22 10:07:00,214.0,214.0,214.0,214.0,250,5650,21300.0,PE
2023-12-22 10:10:00,214.0,214.0,214.0,214.0,50,6350,21300.0,PE
2023-12-22 10:13:00,215.95,215.95,210.95,210.95,150,6400,21300.0,PE
2023-12-22 10:17:00,215.6,215.6,215.6,215.6,50,6350,21300.0,PE
2023-12-22 10:18:00,201.55,201.55,201.55,201.55,450,6400,21300.0,PE
2023-12-22 10:26:00,210.45,210.45,209.9,209.9,300,6650,21300.0,PE
2023-12-22 10:27:00,209.9,209.9,209.9,209.9,50,6600,21300.0,PE
2023-12-22 10:32:00,200.95,200.95,200.95,200.95,50,6600,21300.0,PE
2023-12-22 10:33:00,200.95,200.95,200.95,200.95,50,6550,21300.0,PE
2023-12-22 10:36:00,212.1,212.1,212.1,212.1,200,6550,21300.0,PE
2023-12-22 10:37:00,210.0,212.4,210.0,212.4,450,6550,21300.0,PE
2023-12-22 10:38:00,212.4,212.4,212.4,212.4,250,6550,21300.0,PE
2023-12-22 10:42:00,211.7,211.7,211.7,211.7,100,7200,21300.0,PE
2023-12-22 10:58:00,200.0,200.0,200.0,200.0,250,7550,21300.0,PE
2023-12-22 10:59:00,196.95,196.95,196.95,196.95,250,7550,21300.0,PE
2023-12-22 11:00:00,195.45,195.45,195.45,195.45,900,7450,21300.0,PE
2023-12-22 11:04:00,195.8,195.8,195.8,195.8,50,7450,21300.0,PE
2023-12-22 11:08:00,197.0,197.0,197.0,197.0,50,7500,21300.0,PE
2023-12-22 11:09:00,197.4,197.4,197.4,197.4,50,7500,21300.0,PE
2023-12-22 11:10:00,194.5,194.5,194.5,194.5,100,7500,21300.0,PE
2023-12-22 11:23:00,194.5,194.5,194.5,194.5,50,7450,21300.0,PE
2023-12-22 11:30:00,202.1,202.1,202.1,202.1,500,7450,21300.0,PE
2023-12-22 11:33:00,202.05,202.05,202.05,202.05,300,7950,21300.0,PE
2023-12-22 11:39:00,203.8,203.8,203.8,203.8,100,7950,21300.0,PE
2023-12-22 11:40:00,202.45,202.45,202.45,202.45,500,7950,21300.0,PE
2023-12-22 11:44:00,200.45,200.75,200.45,200.75,650,8500,21300.0,PE
2023-12-22 11:47:00,200.65,200.65,200.65,200.65,950,8800,21300.0,PE
2023-12-22 11:48:00,199.85,199.85,199.85,199.85,300,9750,21300.0,PE
2023-12-22 11:50:00,204.9,204.9,204.9,204.9,50,9750,21300.0,PE
2023-12-22 11:54:00,203.95,203.95,203.95,203.95,250,9800,21300.0,PE
2023-12-22 12:18:00,210.0,210.0,210.0,210.0,200,10050,21300.0,PE
2023-12-22 12:20:00,213.5,213.5,213.5,213.5,50,10050,21300.0,PE
2023-12-22 12:26:00,217.05,217.05,217.05,217.05,100,9800,21300.0,PE
2023-12-22 12:28:00,215.65,215.65,215.65,215.65,50,9900,21300.0,PE
2023-12-22 12:31:00,216.65,216.65,216.65,216.65,200,9950,21300.0,PE
2023-12-22 12:32:00,217.0,217.0,217.0,217.0,50,9950,21300.0,PE
2023-12-22 12:33:00,216.85,222.0,216.85,222.0,200,10150,21300.0,PE
2023-12-22 12:35:00,226.0,227.0,226.0,227.0,150,10150,21300.0,PE
2023-12-22 12:38:00,221.5,221.5,221.5,221.5,50,9800,21300.0,PE
2023-12-22 12:39:00,221.3,221.3,219.75,219.75,200,9750,21300.0,PE
2023-12-22 12:43:00,223.75,223.75,223.75,223.75,100,9550,21300.0,PE
2023-12-22 12:44:00,224.4,224.4,222.15,222.15,150,9550,21300.0,PE
2023-12-22 12:45:00,219.6,219.6,219.6,219.6,50,9500,21300.0,PE
2023-12-22 12:48:00,205.95,205.95,203.45,203.45,100,9550,21300.0,PE
2023-12-22 12:50:00,211.0,211.0,211.0,211.0,50,9550,21300.0,PE
2023-12-22 12:52:00,208.65,208.65,208.65,208.65,50,9500,21300.0,PE
2023-12-22 12:54:00,208.65,208.65,208.65,208.65,50,9550,21300.0,PE
2023-12-22 12:59:00,209.65,209.65,209.6,209.6,100,9600,21300.0,PE
2023-12-22 13:18:00,212.15,212.15,212.0,212.0,100,9700,21300.0,PE
2023-12-22 13:21:00,210.55,210.55,210.55,210.55,50,9700,21300.0,PE
2023-12-22 13:25:00,212.75,212.75,212.75,212.75,50,9700,21300.0,PE
2023-12-22 13:29:00,212.7,212.7,212.7,212.7,100,9650,21300.0,PE
2023-12-22 13:36:00,212.25,212.25,212.25,212.25,100,9650,21300.0,PE
2023-12-22 13:38:00,217.05,217.05,217.05,217.05,100,9650,21300.0,PE
2023-12-22 13:39:00,217.05,217.05,217.05,217.05,50,9600,21300.0,PE
2023-12-22 13:40:00,228.1,228.1,228.1,228.1,200,9600,21300.0,PE
2023-12-22 13:41:00,227.0,233.85,227.0,231.9,350,9600,21300.0,PE
2023-12-22 13:43:00,231.45,231.9,231.45,231.9,200,9250,21300.0,PE
2023-12-22 13:44:00,233.5,233.5,228.2,228.2,300,9250,21300.0,PE
2023-12-22 13:48:00,236.0,243.25,236.0,243.25,100,9100,21300.0,PE
2023-12-22 13:49:00,246.0,246.0,242.1,242.1,1300,9100,21300.0,PE
2023-12-22 13:50:00,247.0,248.1,247.0,248.1,300,9100,21300.0,PE
2023-12-22 13:51:00,250.3,250.3,250.3,250.3,50,9100,21300.0,PE
2023-12-22 13:53:00,250.3,250.3,250.3,250.3,150,7700,21300.0,PE
2023-12-22 13:54:00,230.0,230.0,230.0,230.0,100,7600,21300.0,PE
2023-12-22 13:55:00,233.85,233.85,233.85,233.85,100,7600,21300.0,PE
2023-12-22 13:57:00,247.0,247.0,244.9,244.9,200,7650,21300.0,PE
2023-12-22 14:05:00,236.05,236.05,236.05,236.05,100,7300,21300.0,PE
2023-12-22 14:06:00,231.05,231.05,230.0,230.0,100,7350,21300.0,PE
2023-12-22 14:07:00,231.2,231.2,231.2,231.2,200,7350,21300.0,PE
2023-12-22 14:10:00,219.65,219.65,219.65,219.65,100,7650,21300.0,PE
2023-12-22 14:12:00,220.05,220.05,220.05,220.05,50,7450,21300.0,PE
2023-12-22 14:17:00,225.0,225.0,225.0,225.0,200,7450,21300.0,PE
2023-12-22 14:22:00,217.95,217.95,217.95,217.95,50,7400,21300.0,PE
2023-12-22 14:26:00,219.45,220.6,218.65,218.65,450,7200,21300.0,PE
2023-12-22 14:30:00,217.9,217.9,215.45,215.45,450,7300,21300.0,PE
2023-12-22 14:40:00,195.0,195.0,190.65,190.65,750,7200,21300.0,PE
2023-12-22 14:42:00,190.65,190.65,190.65,190.65,50,7100,21300.0,PE
2023-12-22 14:43:00,199.25,199.25,199.25,199.25,50,7100,21300.0,PE
2023-12-22 14:47:00,199.2,199.2,199.2,199.2,50,7100,21300.0,PE
2023-12-22 14:48:00,199.0,200.0,199.0,200.0,150,7050,21300.0,PE
2023-12-22 14:49:00,203.0,203.0,203.0,203.0,100,7050,21300.0,PE
2023-12-22 14:50:00,199.85,200.0,199.85,200.0,200,7050,21300.0,PE
2023-12-22 14:51:00,200.0,200.0,200.0,200.0,250,7150,21300.0,PE
2023-12-22 14:57:00,197.6,197.6,197.6,197.6,50,7400,21300.0,PE
2023-12-22 15:01:00,200.0,200.0,200.0,200.0,50,7400,21300.0,PE
2023-12-22 15:03:00,196.1,196.1,196.1,196.1,50,7400,21300.0,PE
2023-12-22 15:09:00,199.8,199.8,199.8,199.8,50,7400,21300.0,PE
2023-12-22 15:12:00,200.15,200.15,199.8,199.8,200,7350,21300.0,PE
2023-12-22 15:16:00,201.8,201.8,201.8,201.8,50,7550,21300.0,PE
2023-12-22 15:19:00,200.2,203.55,200.2,203.55,650,7500,21300.0,PE
2023-12-22 15:20:00,203.55,203.55,203.55,203.55,200,7500,21300.0,PE
2023-12-22 15:22:00,206.95,206.95,206.95,206.95,100,7700,21300.0,PE
2023-12-22 15:25:00,208.95,208.95,208.95,208.95,50,7800,21300.0,PE
2023-12-22 15:26:00,206.95,206.95,206.95,206.95,50,7800,21300.0,PE
2023-12-22 15:28:00,206.55,206.55,203.0,203.0,200,7700,21300.0,PE
2023-12-22 15:29:00,202.3,202.3,202.3,202.3,100,7700,21300.0,PE
2023-12-26 09:15:00,192.3,202.3,192.3,202.3,201,6850,21300.0,PE
2023-12-26 09:16:00,207.05,207.05,207.0,207.0,450,6850,21300.0,PE
2023-12-26 09:17:00,204.75,204.75,204.75,204.75,50,6850,21300.0,PE
2023-12-26 09:20:00,207.0,207.0,207.0,207.0,350,6900,21300.0,PE
2023-12-26 09:21:00,204.75,204.75,204.75,204.75,50,6900,21300.0,PE
2023-12-26 09:24:00,207.9,207.9,207.9,207.9,250,6900,21300.0,PE
2023-12-26 09:26:00,205.05,205.05,205.05,205.05,350,6900,21300.0,PE
2023-12-26 09:27:00,211.9,211.9,211.9,211.9,50,6850,21300.0,PE
2023-12-26 09:28:00,211.9,211.9,211.9,211.9,200,6850,21300.0,PE
2023-12-26 09:35:00,208.45,208.45,208.45,208.45,100,6850,21300.0,PE
2023-12-26 09:39:00,206.6,206.6,206.6,206.6,100,6850,21300.0,PE
2023-12-26 09:41:00,206.5,206.5,206.5,206.5,50,6850,21300.0,PE
2023-12-26 09:42:00,203.45,203.7,203.45,203.7,400,6950,21300.0,PE
2023-12-26 09:43:00,201.6,201.6,201.4,201.4,400,6950,21300.0,PE
2023-12-26 09:51:00,206.95,206.95,206.95,206.95,300,7100,21300.0,PE
2023-12-26 09:52:00,203.75,203.75,203.75,203.75,50,7100,21300.0,PE
2023-12-26 09:53:00,203.45,203.45,203.45,203.45,50,7100,21300.0,PE
2023-12-26 09:59:00,200.0,200.0,200.0,200.0,100,7200,21300.0,PE
2023-12-26 10:00:00,193.95,193.95,193.95,193.95,350,7300,21300.0,PE
2023-12-26 10:02:00,193.5,193.5,193.5,193.5,50,7300,21300.0,PE
2023-12-26 10:06:00,190.0,190.05,190.0,190.05,550,7000,21300.0,PE
2023-12-26 10:13:00,196.35,197.25,196.35,197.25,350,7050,21300.0,PE
2023-12-26 10:19:00,192.45,192.45,192.45,192.45,50,7250,21300.0,PE
2023-12-26 10:22:00,190.05,190.05,190.05,190.05,500,7300,21300.0,PE
2023-12-26 10:27:00,189.0,189.0,189.0,189.0,100,7800,21300.0,PE
2023-12-26 10:30:00,183.65,183.65,183.65,183.65,150,7900,21300.0,PE
2023-12-26 10:31:00,183.65,183.65,183.65,183.65,250,7900,21300.0,PE
2023-12-26 10:32:00,187.25,187.25,187.25,187.25,50,7900,21300.0,PE
2023-12-26 10:35:00,187.25,187.25,187.25,187.25,500,7700,21300.0,PE
2023-12-26 10:39:00,180.1,180.1,180.1,180.1,150,7700,21300.0,PE
2023-12-26 10:40:00,178.95,178.95,178.95,178.95,150,8100,21300.0,PE
2023-12-26 10:44:00,179.75,179.75,179.75,179.75,50,8150,21300.0,PE
2023-12-26 10:48:00,187.6,187.6,187.6,187.6,50,8150,21300.0,PE
2023-12-26 10:49:00,183.55,183.55,183.55,183.55,100,8150,21300.0,PE
2023-12-26 10:58:00,186.5,186.5,186.5,186.5,50,8150,21300.0,PE
2023-12-26 11:02:00,189.8,189.8,189.8,189.8,50,8300,21300.0,PE
2023-12-26 11:20:00,186.95,186.95,186.95,186.95,400,8300,21300.0,PE
2023-12-26 11:27:00,186.95,186.95,186.95,186.95,50,8350,21300.0,PE
2023-12-26 11:33:00,189.3,189.3,189.3,189.3,50,8400,21300.0,PE
2023-12-26 11:40:00,190.55,190.55,190.55,190.55,50,8450,21300.0,PE
2023-12-26 11:58:00,183.1,183.1,183.1,183.1,300,8500,21300.0,PE
2023-12-26 11:59:00,183.8,183.8,183.8,183.8,50,8500,21300.0,PE
2023-12-26 12:01:00,180.75,180.75,180.75,180.75,50,8650,21300.0,PE
2023-12-26 12:03:00,185.25,185.25,184.0,184.0,150,8700,21300.0,PE
2023-12-26 12:04:00,184.5,184.5,184.5,184.5,200,8700,21300.0,PE
2023-12-26 12:22:00,182.55,182.55,182.55,182.55,50,8750,21300.0,PE
2023-12-26 12:23:00,182.2,182.2,182.2,182.2,400,8750,21300.0,PE
2023-12-26 12:28:00,180.45,180.45,180.45,180.45,350,9150,21300.0,PE
2023-12-26 12:37:00,188.5,188.5,188.5,188.5,50,9500,21300.0,PE
2023-12-26 12:39:00,187.15,187.15,187.15,187.15,100,9500,21300.0,PE
2023-12-26 12:47:00,194.0,194.0,194.0,194.0,50,9500,21300.0,PE
2023-12-26 12:48:00,192.45,192.45,192.45,192.45,50,9450,21300.0,PE
2023-12-26 12:59:00,188.55,188.55,188.55,188.55,50,9450,21300.0,PE
2023-12-26 13:03:00,194.75,194.75,194.75,194.75,100,9450,21300.0,PE
2023-12-26 13:04:00,197.8,197.8,197.8,197.8,50,9450,21300.0,PE
2023-12-26 13:08:00,188.7,188.7,188.7,188.7,100,9550,21300.0,PE
2023-12-26 13:17:00,188.95,188.95,188.95,188.95,450,9600,21300.0,PE
2023-12-26 13:29:00,192.4,192.4,192.4,192.4,50,9600,21300.0,PE
2023-12-26 14:00:00,187.1,187.1,187.1,187.1,150,9600,21300.0,PE
2023-12-26 14:10:00,187.0,187.0,187.0,187.0,300,9650,21300.0,PE
2023-12-26 14:11:00,191.5,191.5,191.5,191.5,100,9650,21300.0,PE
2023-12-26 14:22:00,174.6,174.6,174.6,174.6,150,9400,21300.0,PE
2023-12-26 14:26:00,174.6,174.6,174.6,174.6,200,9300,21300.0,PE
2023-12-26 14:39:00,180.0,180.0,180.0,180.0,50,9250,21300.0,PE
2023-12-26 14:40:00,180.0,180.0,180.0,180.0,150,9250,21300.0,PE
2023-12-26 14:53:00,190.85,190.85,190.85,190.85,50,9450,21300.0,PE
2023-12-26 14:58:00,188.0,188.0,188.0,188.0,200,9450,21300.0,PE
2023-12-26 14:59:00,190.85,190.85,190.85,190.85,150,9450,21300.0,PE
2023-12-26 15:01:00,181.4,182.75,181.4,182.75,100,9150,21300.0,PE
2023-12-26 15:02:00,193.3,193.3,190.85,190.85,250,9150,21300.0,PE
2023-12-26 15:04:00,188.95,188.95,188.95,188.95,50,9350,21300.0,PE
2023-12-26 15:05:00,186.35,186.35,186.35,186.35,600,9350,21300.0,PE
2023-12-26 15:12:00,186.65,186.65,186.65,186.65,50,9200,21300.0,PE
2023-12-26 15:13:00,188.0,188.0,188.0,188.0,100,9200,21300.0,PE
2023-12-26 15:23:00,180.2,180.2,180.2,180.2,50,9250,21300.0,PE
2023-12-26 15:25:00,180.25,180.25,178.6,178.85,1500,9300,21300.0,PE
2023-12-26 15:26:00,178.95,178.95,178.4,178.4,1500,9300,21300.0,PE
2023-12-26 15:27:00,177.6,177.6,177.6,177.6,100,8850,21300.0,PE
2023-12-26 15:28:00,179.2,179.2,179.2,179.2,200,8850,21300.0,PE
2023-12-26 15:29:00,176.35,176.35,176.3,176.3,350,8850,21300.0,PE
2023-12-27 09:17:00,170.0,170.0,170.0,170.0,51,8850,21300.0,PE
2023-12-27 09:18:00,169.95,169.95,169.95,169.95,300,8850,21300.0,PE
2023-12-27 09:19:00,169.95,169.95,169.95,169.95,50,8850,21300.0,PE
2023-12-27 09:25:00,166.0,166.0,165.45,165.45,150,9000,21300.0,PE
2023-12-27 09:29:00,162.6,162.6,162.6,162.6,50,8900,21300.0,PE
2023-12-27 09:34:00,162.6,162.6,162.6,162.6,50,8950,21300.0,PE
2023-12-27 09:36:00,165.05,165.05,163.55,163.55,350,8950,21300.0,PE
2023-12-27 09:42:00,160.25,160.25,160.25,160.25,50,9300,21300.0,PE
2023-12-27 09:43:00,160.0,160.0,160.0,160.0,100,9300,21300.0,PE
2023-12-27 09:52:00,158.05,158.05,158.05,158.05,50,9450,21300.0,PE
2023-12-27 09:53:00,158.05,158.05,158.05,158.05,50,9450,21300.0,PE
2023-12-27 09:54:00,157.4,157.4,157.4,157.4,600,9500,21300.0,PE
2023-12-27 10:01:00,158.95,158.95,158.95,158.95,50,9750,21300.0,PE
2023-12-27 10:02:00,161.65,161.65,161.65,161.65,200,9750,21300.0,PE
2023-12-27 10:08:00,160.2,160.2,160.2,160.2,100,9900,21300.0,PE
2023-12-27 10:12:00,160.0,160.0,160.0,160.0,50,10000,21300.0,PE
2023-12-27 10:14:00,161.5,161.5,161.5,161.5,50,10000,21300.0,PE
2023-12-27 10:27:00,157.15,157.15,155.7,155.7,100,10000,21300.0,PE
2023-12-27 10:32:00,154.0,154.0,154.0,154.0,200,10000,21300.0,PE
2023-12-27 10:37:00,155.6,155.6,155.6,155.6,50,9950,21300.0,PE
2023-12-27 10:46:00,159.95,159.95,159.95,159.95,50,9950,21300.0,PE
2023-12-27 10:47:00,160.0,160.0,160.0,160.0,50,9950,21300.0,PE
2023-12-27 10:48:00,157.45,157.45,155.6,155.6,100,10000,21300.0,PE
2023-12-27 10:54:00,160.75,160.75,160.75,160.75,50,10100,21300.0,PE
2023-12-27 11:12:00,157.8,157.8,157.8,157.8,100,10150,21300.0,PE
2023-12-27 11:13:00,156.7,156.7,156.7,156.7,100,10150,21300.0,PE
2023-12-27 11:18:00,156.7,156.7,156.7,156.7,100,10350,21300.0,PE
2023-12-27 11:24:00,161.25,161.25,161.25,161.25,100,10450,21300.0,PE
2023-12-27 11:26:00,157.7,157.7,157.7,157.7,500,10450,21300.0,PE
2023-12-27 11:34:00,157.0,157.0,157.0,157.0,150,10100,21300.0,PE
2023-12-27 11:36:00,154.45,154.45,154.45,154.45,900,10250,21300.0,PE
2023-12-27 11:38:00,155.0,155.0,155.0,155.0,50,10250,21300.0,PE
2023-12-27 11:39:00,154.3,154.3,154.3,154.3,100,9450,21300.0,PE
2023-12-27 11:46:00,157.0,157.0,157.0,157.0,50,9550,21300.0,PE
2023-12-27 12:02:00,155.15,155.15,155.15,155.15,150,9550,21300.0,PE
2023-12-27 12:03:00,153.0,153.0,153.0,153.0,300,9700,21300.0,PE
2023-12-27 12:13:00,153.0,155.05,153.0,155.05,150,9900,21300.0,PE
2023-12-27 12:14:00,154.35,154.35,154.35,154.35,50,9900,21300.0,PE
2023-12-27 12:22:00,160.0,160.0,160.0,160.0,50,10000,21300.0,PE
2023-12-27 12:23:00,165.0,165.0,165.0,165.0,250,10000,21300.0,PE
2023-12-27 12:25:00,165.1,165.1,162.6,163.9,750,10000,21300.0,PE
2023-12-27 12:26:00,163.0,163.0,163.0,163.0,50,10000,21300.0,PE
2023-12-27 12:29:00,166.4,166.4,166.4,166.4,50,10550,21300.0,PE
2023-12-27 12:34:00,166.4,166.4,166.4,166.4,50,10600,21300.0,PE
2023-12-27 12:37:00,161.25,161.25,161.25,161.25,150,10600,21300.0,PE
2023-12-27 12:40:00,163.0,163.0,163.0,163.0,50,10550,21300.0,PE
2023-12-27 12:41:00,161.85,161.85,161.85,161.85,50,10550,21300.0,PE
2023-12-27 12:42:00,161.35,161.35,161.35,161.35,300,10550,21300.0,PE
2023-12-27 13:00:00,158.75,158.75,158.75,158.75,50,10250,21300.0,PE
2023-12-27 13:18:00,166.25,166.25,166.25,166.25,50,10300,21300.0,PE
2023-12-27 13:19:00,166.1,168.9,166.1,168.9,150,10300,21300.0,PE
2023-12-27 13:20:00,169.65,169.65,169.65,169.65,100,10300,21300.0,PE
2023-12-27 13:22:00,165.1,165.1,165.1,165.1,50,10250,21300.0,PE
2023-12-27 13:23:00,165.9,165.9,165.9,165.9,100,10250,21300.0,PE
2023-12-27 13:25:00,165.65,165.65,165.65,165.65,50,10150,21300.0,PE
2023-12-27 13:26:00,164.95,164.95,164.95,164.95,100,10150,21300.0,PE
2023-12-27 13:27:00,164.4,164.7,164.4,164.7,200,10100,21300.0,PE
2023-12-27 13:33:00,168.85,168.85,168.85,168.85,50,10050,21300.0,PE
2023-12-27 13:36:00,169.85,169.85,169.85,169.85,50,10100,21300.0,PE
2023-12-27 13:37:00,174.8,174.8,174.8,174.8,50,10050,21300.0,PE
2023-12-27 13:41:00,174.8,174.8,174.8,174.8,50,10100,21300.0,PE
2023-12-27 13:49:00,161.8,161.8,160.0,160.0,150,10100,21300.0,PE
2023-12-27 13:56:00,161.25,161.25,161.25,161.25,100,10250,21300.0,PE
2023-12-27 13:59:00,161.05,161.05,161.05,161.05,50,10150,21300.0,PE
2023-12-27 14:00:00,161.0,161.0,161.0,161.0,200,10200,21300.0,PE
2023-12-27 14:04:00,158.0,158.0,158.0,158.0,50,10400,21300.0,PE
2023-12-27 14:07:00,158.05,158.05,158.05,158.05,50,10450,21300.0,PE
2023-12-27 14:28:00,160.0,160.0,160.0,160.0,450,10400,21300.0,PE
2023-12-27 14:37:00,153.25,153.25,153.25,153.25,300,10850,21300.0,PE
2023-12-27 14:39:00,154.7,154.7,152.5,152.5,600,10850,21300.0,PE
2023-12-27 14:42:00,151.85,151.85,150.8,150.8,500,10300,21300.0,PE
2023-12-27 14:43:00,150.05,150.05,150.05,150.05,200,10300,21300.0,PE
2023-12-27 14:44:00,150.0,150.0,150.0,150.0,200,10300,21300.0,PE
2023-12-27 14:45:00,150.0,150.0,150.0,150.0,50,10500,21300.0,PE
2023-12-27 14:50:00,152.25,152.25,151.95,151.95,100,10450,21300.0,PE
2023-12-27 14:51:00,153.65,153.65,153.65,153.65,100,10450,21300.0,PE
2023-12-27 14:56:00,155.6,155.6,155.6,155.6,100,10400,21300.0,PE
2023-12-27 14:58:00,155.9,156.05,155.9,156.05,250,10400,21300.0,PE
2023-12-27 14:59:00,155.9,155.9,155.9,155.9,550,10400,21300.0,PE
2023-12-27 15:01:00,148.0,148.0,148.0,148.0,50,10950,21300.0,PE
2023-12-27 15:02:00,144.0,144.0,142.05,142.05,350,10950,21300.0,PE
2023-12-27 15:03:00,142.0,142.0,142.0,142.0,500,10950,21300.0,PE
2023-12-27 15:04:00,141.85,141.85,141.85,141.85,200,11600,21300.0,PE
2023-12-27 15:06:00,140.0,140.0,140.0,140.0,50,11700,21300.0,PE
2023-12-27 15:07:00,138.5,138.5,138.5,138.5,100,11700,21300.0,PE
2023-12-27 15:09:00,138.5,141.8,138.5,140.95,450,11700,21300.0,PE
2023-12-27 15:10:00,140.95,140.95,140.9,140.9,100,11700,21300.0,PE
2023-12-27 15:11:00,142.15,142.15,140.25,140.25,300,11700,21300.0,PE
2023-12-27 15:14:00,142.35,142.35,142.35,142.35,50,11800,21300.0,PE
2023-12-27 15:16:00,144.05,144.05,143.45,143.45,650,11850,21300.0,PE
2023-12-27 15:17:00,143.8,144.1,143.25,144.1,550,11850,21300.0,PE
2023-12-27 15:18:00,144.1,144.1,144.1,144.1,50,11850,21300.0,PE
2023-12-27 15:19:00,143.35,143.35,143.25,143.25,150,11650,21300.0,PE
2023-12-27 15:21:00,143.65,143.65,143.65,143.65,100,11650,21300.0,PE
2023-12-27 15:22:00,142.8,142.8,142.8,142.8,100,11800,21300.0,PE
2023-12-27 15:23:00,143.05,143.8,143.05,143.5,150,11800,21300.0,PE
2023-12-27 15:25:00,140.3,140.3,139.25,139.25,200,11950,21300.0,PE
2023-12-27 15:26:00,139.7,139.7,138.0,138.0,400,11950,21300.0,PE
2023-12-27 15:27:00,137.85,137.85,137.8,137.8,100,12450,21300.0,PE
2023-12-27 15:28:00,137.25,137.25,137.25,137.25,50,12450,21300.0,PE
2023-12-27 15:29:00,137.25,137.25,137.25,137.25,50,12450,21300.0,PE
2023-12-28 09:19:00,132.85,132.85,132.85,132.85,51,12500,21300.0,PE
2023-12-28 09:20:00,130.15,130.15,130.15,130.15,250,12500,21300.0,PE
2023-12-28 09:21:00,129.45,129.45,127.85,127.85,100,12500,21300.0,PE
2023-12-28 09:22:00,127.85,127.85,127.85,127.85,50,12500,21300.0,PE
2023-12-28 09:25:00,128.2,128.2,128.2,128.2,150,12400,21300.0,PE
2023-12-28 09:27:00,129.0,129.0,129.0,129.0,150,12400,21300.0,PE
2023-12-28 09:30:00,129.0,129.0,129.0,129.0,100,12300,21300.0,PE
2023-12-28 09:33:00,129.0,129.0,129.0,129.0,150,12200,21300.0,PE
2023-12-28 09:34:00,129.0,129.0,129.0,129.0,50,12200,21300.0,PE
2023-12-28 09:39:00,131.9,131.9,131.9,131.9,250,12100,21300.0,PE
2023-12-28 09:43:00,129.0,129.55,129.0,129.55,100,12350,21300.0,PE
2023-12-28 09:47:00,131.05,131.05,131.05,131.05,50,12350,21300.0,PE
2023-12-28 09:49:00,131.0,131.0,130.75,130.75,550,12400,21300.0,PE
2023-12-28 09:50:00,131.05,131.15,131.0,131.15,1150,12400,21300.0,PE
2023-12-28 09:51:00,129.1,129.1,129.1,129.1,100,11800,21300.0,PE
2023-12-28 09:52:00,132.05,132.05,132.05,132.05,50,11800,21300.0,PE
2023-12-28 09:53:00,132.15,132.15,132.05,132.05,250,11800,21300.0,PE
2023-12-28 10:02:00,138.0,138.0,138.0,138.0,50,11950,21300.0,PE
2023-12-28 10:03:00,139.05,141.0,139.05,141.0,100,12000,21300.0,PE
2023-12-28 10:04:00,141.0,141.0,141.0,141.0,100,12000,21300.0,PE
2023-12-28 10:05:00,145.15,145.15,145.15,145.15,100,12000,21300.0,PE
2023-12-28 10:06:00,145.15,145.15,145.15,145.15,550,11850,21300.0,PE
2023-12-28 10:12:00,147.6,147.6,147.6,147.6,300,12300,21300.0,PE
2023-12-28 10:15:00,147.6,147.6,147.6,147.6,50,12600,21300.0,PE
2023-12-28 10:22:00,145.0,145.0,145.0,145.0,50,12650,21300.0,PE
2023-12-28 10:24:00,141.3,141.3,141.3,141.3,50,12700,21300.0,PE
2023-12-28 10:26:00,140.05,140.05,140.05,140.05,50,12700,21300.0,PE
2023-12-28 10:28:00,139.6,139.6,139.6,139.6,50,12750,21300.0,PE
2023-12-28 10:30:00,136.0,136.0,136.0,136.0,50,12700,21300.0,PE
2023-12-28 10:31:00,139.0,139.0,139.0,139.0,150,12700,21300.0,PE
2023-12-28 10:35:00,139.2,139.2,139.2,139.2,50,12700,21300.0,PE
2023-12-28 10:37:00,142.35,142.35,142.35,142.35,250,12750,21300.0,PE
2023-12-28 10:39:00,139.05,141.0,139.05,141.0,100,13000,21300.0,PE
2023-12-28 10:40:00,139.9,141.45,139.9,141.45,450,13000,21300.0,PE
2023-12-28 10:41:00,142.85,142.85,142.85,142.85,50,13000,21300.0,PE
2023-12-28 10:42:00,139.0,139.0,139.0,139.0,50,13450,21300.0,PE
2023-12-28 10:43:00,140.05,140.05,140.05,140.05,150,13450,21300.0,PE
2023-12-28 10:56:00,140.05,140.05,140.05,140.05,500,13600,21300.0,PE
2023-12-28 10:57:00,140.4,140.4,140.4,140.4,300,13600,21300.0,PE
2023-12-28 11:00:00,143.0,143.0,143.0,143.0,550,13950,21300.0,PE
2023-12-28 11:01:00,141.65,141.65,141.25,141.25,350,13950,21300.0,PE
2023-12-28 11:03:00,143.1,143.1,143.1,143.1,250,14850,21300.0,PE
2023-12-28 11:04:00,141.55,141.55,141.55,141.55,150,14850,21300.0,PE
2023-12-28 11:06:00,140.0,140.0,140.0,140.0,700,15750,21300.0,PE
2023-12-28 11:07:00,139.45,139.45,139.45,139.45,100,15750,21300.0,PE
2023-12-28 11:08:00,130.9,130.9,130.9,130.9,50,15750,21300.0,PE
2023-12-28 11:09:00,129.2,129.2,129.2,129.2,100,15750,21300.0,PE
2023-12-28 11:10:00,133.55,133.55,133.55,133.55,150,16100,21300.0,PE
2023-12-28 11:12:00,133.15,133.15,131.5,131.5,350,16100,21300.0,PE
2023-12-28 11:13:00,133.25,133.25,133.25,133.25,150,16300,21300.0,PE
2023-12-28 11:14:00,131.5,131.5,131.5,131.5,50,16300,21300.0,PE
2023-12-28 11:15:00,133.1,135.0,133.1,135.0,250,16500,21300.0,PE
2023-12-28 11:16:00,133.1,133.8,133.1,133.8,450,16500,21300.0,PE
2023-12-28 11:18:00,136.0,136.0,135.75,135.75,450,16850,21300.0,PE
2023-12-28 11:19:00,135.5,135.5,135.5,135.5,200,16850,21300.0,PE
2023-12-28 11:20:00,135.85,135.85,135.6,135.6,300,16850,21300.0,PE
2023-12-28 11:23:00,135.6,135.6,135.6,135.6,50,17800,21300.0,PE
2023-12-28 11:24:00,135.6,135.6,135.45,135.45,100,17850,21300.0,PE
2023-12-28 11:25:00,134.35,134.35,133.95,133.95,150,17850,21300.0,PE
2023-12-28 11:26:00,133.0,133.0,133.0,133.0,150,17850,21300.0,PE
2023-12-28 11:29:00,133.0,133.0,133.0,133.0,50,18250,21300.0,PE
2023-12-28 11:33:00,132.05,132.05,132.05,132.05,50,18300,21300.0,PE
2023-12-28 11:35:00,130.8,130.8,130.8,130.8,250,18300,21300.0,PE
2023-12-28 11:36:00,130.0,130.0,130.0,130.0,100,18300,21300.0,PE
2023-12-28 11:38:00,131.0,131.0,131.0,131.0,50,18200,21300.0,PE
2023-12-28 11:41:00,130.0,130.0,130.0,130.0,50,18250,21300.0,PE
2023-12-28 11:57:00,130.65,130.65,130.65,130.65,100,18300,21300.0,PE
2023-12-28 12:02:00,128.1,128.1,128.1,128.1,50,18400,21300.0,PE
2023-12-28 12:03:00,128.0,129.2,128.0,129.2,300,18700,21300.0,PE
2023-12-28 12:09:00,128.0,128.0,128.0,128.0,300,18750,21300.0,PE
2023-12-28 12:14:00,131.75,131.75,131.2,131.2,450,18500,21300.0,PE
2023-12-28 12:24:00,125.0,125.0,124.0,124.0,350,19000,21300.0,PE
2023-12-28 12:27:00,124.0,124.0,124.0,124.0,50,19000,21300.0,PE
2023-12-28 12:28:00,121.65,121.65,121.65,121.65,250,18800,21300.0,PE
2023-12-28 12:29:00,123.3,123.3,122.95,123.0,150,18800,21300.0,PE
2023-12-28 12:30:00,123.0,123.0,122.95,122.95,200,18850,21300.0,PE
2023-12-28 12:36:00,124.0,124.0,124.0,124.0,50,18650,21300.0,PE
2023-12-28 12:37:00,122.95,124.35,122.95,123.8,200,18650,21300.0,PE
2023-12-28 12:38:00,124.2,124.2,124.2,124.2,50,18650,21300.0,PE
2023-12-28 12:45:00,124.2,124.2,124.2,124.2,50,18750,21300.0,PE
2023-12-28 12:48:00,123.9,123.9,123.9,123.9,250,18750,21300.0,PE
2023-12-28 12:57:00,122.7,122.7,122.7,122.7,50,19000,21300.0,PE
2023-12-28 12:58:00,122.75,122.75,122.75,122.75,50,19000,21300.0,PE
2023-12-28 12:59:00,123.0,123.0,123.0,123.0,100,19000,21300.0,PE
2023-12-28 13:00:00,125.0,125.0,125.0,125.0,50,19000,21300.0,PE
2023-12-28 13:16:00,124.85,125.1,124.85,125.1,600,18950,21300.0,PE
2023-12-28 13:17:00,124.9,125.0,124.9,125.0,100,18950,21300.0,PE
2023-12-28 13:24:00,126.0,126.0,126.0,126.0,100,19000,21300.0,PE
2023-12-28 13:33:00,128.0,128.0,128.0,128.0,50,19100,21300.0,PE
2023-12-28 13:36:00,126.9,128.0,126.9,128.0,150,19150,21300.0,PE
2023-12-28 13:37:00,127.75,127.75,127.75,127.75,50,19150,21300.0,PE
2023-12-28 13:38:00,124.25,125.05,124.25,125.05,250,19150,21300.0,PE
2023-12-28 13:39:00,123.55,123.85,123.5,123.6,350,19500,21300.0,PE
2023-12-28 13:41:00,122.6,123.15,122.25,122.25,400,19500,21300.0,PE
2023-12-28 13:42:00,122.85,123.05,122.85,123.0,250,19600,21300.0,PE
2023-12-28 13:44:00,124.15,124.15,124.15,124.15,50,19600,21300.0,PE
2023-12-28 13:45:00,126.05,126.05,126.05,126.05,50,19600,21300.0,PE
2023-12-28 13:47:00,125.5,125.5,125.5,125.5,50,19700,21300.0,PE
2023-12-28 13:48:00,123.7,124.6,123.7,124.6,100,19750,21300.0,PE
2023-12-28 13:49:00,125.0,125.0,125.0,125.0,50,19750,21300.0,PE
2023-12-28 13:57:00,125.0,125.0,125.0,125.0,50,19750,21300.0,PE
2023-12-28 14:02:00,124.0,124.0,123.0,123.0,100,19800,21300.0,PE
2023-12-28 14:03:00,119.75,119.75,119.75,119.75,100,19800,21300.0,PE
2023-12-28 14:05:00,119.95,121.45,119.95,121.45,100,19900,21300.0,PE
2023-12-28 14:19:00,125.05,125.05,125.05,125.05,100,19900,21300.0,PE
2023-12-28 14:22:00,125.0,125.0,125.0,125.0,50,20000,21300.0,PE
2023-12-28 14:26:00,124.75,124.75,124.75,124.75,50,20050,21300.0,PE
2023-12-28 14:29:00,122.5,122.5,122.5,122.5,100,20100,21300.0,PE
2023-12-28 14:30:00,124.25,124.25,124.25,124.25,50,20100,21300.0,PE
2023-12-28 14:34:00,122.05,122.05,122.05,122.05,100,20100,21300.0,PE
2023-12-28 14:41:00,122.0,122.0,122.0,122.0,100,20100,21300.0,PE
2023-12-28 14:44:00,121.55,121.55,121.55,121.55,100,20200,21300.0,PE
2023-12-28 14:47:00,122.9,123.1,122.6,123.05,3850,20300,21300.0,PE
2023-12-28 14:48:00,123.05,123.05,123.05,123.05,300,20300,21300.0,PE
2023-12-28 14:49:00,123.05,123.05,123.05,123.05,200,24050,21300.0,PE
2023-12-28 14:50:00,122.7,124.15,122.6,123.9,1150,24050,21300.0,PE
2023-12-28 14:51:00,123.9,123.9,122.45,122.45,1800,24050,21300.0,PE
2023-12-28 14:53:00,121.95,121.95,121.1,121.1,150,27100,21300.0,PE
2023-12-28 14:54:00,122.6,122.7,122.4,122.5,1800,28750,21300.0,PE
2023-12-28 14:55:00,121.65,121.65,118.8,118.8,400,28750,21300.0,PE
2023-12-28 14:56:00,118.8,118.8,118.8,118.8,350,28750,21300.0,PE
2023-12-28 14:57:00,118.8,118.8,116.5,116.5,200,29550,21300.0,PE
2023-12-28 14:58:00,115.0,115.0,115.0,115.0,150,29550,21300.0,PE
2023-12-28 14:59:00,116.95,116.95,116.0,116.0,1150,29550,21300.0,PE
2023-12-28 15:00:00,116.05,116.45,114.55,116.25,1550,30900,21300.0,PE
2023-12-28 15:01:00,116.15,117.1,114.65,117.1,300,30900,21300.0,PE
2023-12-28 15:02:00,117.15,117.15,117.15,117.15,50,30900,21300.0,PE
2023-12-28 15:03:00,117.15,117.15,117.15,117.15,50,30900,21300.0,PE
2023-12-28 15:04:00,117.15,117.15,116.75,116.75,550,31950,21300.0,PE
2023-12-28 15:05:00,115.9,115.9,113.5,113.5,500,31950,21300.0,PE
2023-12-28 15:06:00,113.9,113.9,113.9,113.9,200,31950,21300.0,PE
2023-12-28 15:07:00,114.1,114.1,112.65,112.65,1800,32950,21300.0,PE
2023-12-28 15:08:00,112.2,112.2,112.2,112.2,100,32950,21300.0,PE
2023-12-28 15:09:00,112.2,112.3,111.95,111.95,1000,32950,21300.0,PE
2023-12-28 15:10:00,111.95,111.95,111.95,111.95,150,33100,21300.0,PE
2023-12-28 15:11:00,111.9,111.9,111.9,111.9,100,33100,21300.0,PE
2023-12-28 15:12:00,111.9,111.9,111.9,111.9,350,33100,21300.0,PE
2023-12-28 15:13:00,112.45,113.15,112.45,113.15,250,33250,21300.0,PE
2023-12-28 15:14:00,112.0,112.0,112.0,112.0,250,33250,21300.0,PE
2023-12-28 15:17:00,110.4,110.4,110.4,110.4,50,33400,21300.0,PE
2023-12-28 15:19:00,110.4,110.4,110.4,110.4,50,33350,21300.0,PE
2023-12-28 15:20:00,109.9,109.9,108.6,108.6,2600,33350,21300.0,PE
2023-12-28 15:21:00,109.15,110.0,108.5,110.0,1550,34100,21300.0,PE
2023-12-28 15:22:00,108.9,109.5,108.9,108.95,850,34100,21300.0,PE
2023-12-28 15:23:00,110.25,110.25,110.25,110.25,50,34100,21300.0,PE
2023-12-28 15:24:00,112.5,112.5,110.0,111.45,1500,34050,21300.0,PE
2023-12-28 15:25:00,107.25,107.25,107.15,107.15,750,34050,21300.0,PE
2023-12-28 15:26:00,107.15,110.5,107.15,110.5,550,34050,21300.0,PE
2023-12-28 15:27:00,111.5,111.5,111.5,111.5,350,34050,21300.0,PE
2023-12-28 15:29:00,111.6,111.6,111.6,111.6,50,33400,21300.0,PE
2023-12-29 09:18:00,121.95,122.0,121.95,122.0,502,33400,21300.0,PE
2023-12-29 09:19:00,122.5,123.0,122.5,123.0,350,33400,21300.0,PE
2023-12-29 09:20:00,123.0,123.0,121.5,121.5,1400,32900,21300.0,PE
2023-12-29 09:21:00,123.45,124.15,120.35,124.15,450,32900,21300.0,PE
2023-12-29 09:22:00,121.6,121.6,120.0,120.0,200,32900,21300.0,PE
2023-12-29 09:23:00,120.0,120.15,118.45,118.45,750,33050,21300.0,PE
2023-12-29 09:24:00,117.2,119.15,116.5,119.15,3650,33050,21300.0,PE
2023-12-29 09:25:00,120.1,120.1,119.65,120.05,1350,33050,21300.0,PE
2023-12-29 09:26:00,119.25,119.7,118.15,118.15,1850,33800,21300.0,PE
2023-12-29 09:27:00,119.0,119.0,117.2,117.55,2300,33800,21300.0,PE
2023-12-29 09:28:00,118.3,118.3,117.15,117.15,1750,33800,21300.0,PE
2023-12-29 09:33:00,112.55,112.65,112.55,112.65,300,34750,21300.0,PE
2023-12-29 09:34:00,111.7,111.7,110.8,110.8,300,34750,21300.0,PE
2023-12-29 09:35:00,110.8,113.15,110.8,113.15,2450,35750,21300.0,PE
2023-12-29 09:36:00,112.0,112.7,112.0,112.4,650,35750,21300.0,PE
2023-12-29 09:38:00,115.1,116.55,114.2,116.5,1050,37300,21300.0,PE
2023-12-29 09:39:00,117.2,117.3,115.15,116.7,4250,37300,21300.0,PE
2023-12-29 09:40:00,117.1,117.75,115.75,116.3,5200,37300,21300.0,PE
2023-12-29 09:41:00,117.55,117.55,117.55,117.55,400,37300,21300.0,PE
2023-12-29 09:42:00,118.0,118.5,117.5,118.5,150,36950,21300.0,PE
2023-12-29 09:44:00,117.2,117.2,117.2,117.2,100,36950,21300.0,PE
2023-12-29 09:46:00,118.05,118.05,118.05,118.05,200,36950,21300.0,PE
2023-12-29 09:48:00,118.0,118.0,116.5,116.5,550,37050,21300.0,PE
2023-12-29 09:49:00,115.1,116.8,115.1,116.8,2100,37050,21300.0,PE
2023-12-29 09:50:00,116.8,116.8,116.8,116.8,50,37050,21300.0,PE
2023-12-29 09:52:00,117.1,118.05,117.1,118.05,350,39500,21300.0,PE
2023-12-29 09:53:00,118.55,119.1,117.3,117.3,550,39350,21300.0,PE
2023-12-29 09:54:00,117.65,117.65,116.35,116.35,200,39350,21300.0,PE
2023-12-29 09:55:00,117.55,118.55,117.55,117.55,300,39350,21300.0,PE
2023-12-29 09:56:00,118.15,118.95,118.05,118.95,800,38400,21300.0,PE
2023-12-29 09:58:00,119.55,119.55,119.55,119.55,50,38400,21300.0,PE
2023-12-29 09:59:00,119.5,119.5,119.5,119.5,50,37600,21300.0,PE
2023-12-29 10:00:00,120.2,120.2,119.05,119.05,550,37600,21300.0,PE
2023-12-29 10:01:00,118.75,118.75,117.75,117.75,250,37600,21300.0,PE
2023-12-29 10:02:00,118.0,118.2,118.0,118.2,400,36850,21300.0,PE
2023-12-29 10:03:00,115.15,115.15,115.15,115.15,350,36850,21300.0,PE
2023-12-29 10:10:00,124.45,124.45,124.45,124.45,50,36750,21300.0,PE
2023-12-29 10:11:00,124.45,124.95,124.45,124.95,250,36550,21300.0,PE
2023-12-29 10:12:00,124.95,124.95,124.95,124.95,50,36550,21300.0,PE
2023-12-29 10:13:00,124.95,124.95,124.95,124.95,50,36550,21300.0,PE
2023-12-29 10:14:00,125.55,129.3,125.55,129.3,250,36350,21300.0,PE
2023-12-29 10:15:00,129.3,129.3,127.0,127.0,300,36350,21300.0,PE
2023-12-29 10:16:00,126.55,126.55,126.55,126.55,50,36350,21300.0,PE
2023-12-29 10:17:00,127.0,127.0,127.0,127.0,50,36350,21300.0,PE
2023-12-29 10:19:00,124.55,124.55,124.55,124.55,100,36150,21300.0,PE
2023-12-29 10:22:00,124.35,124.35,124.35,124.35,50,36250,21300.0,PE
2023-12-29 10:23:00,123.0,123.0,120.6,120.6,150,36300,21300.0,PE
2023-12-29 10:24:00,120.6,120.6,120.6,120.6,300,36300,21300.0,PE
2023-12-29 10:25:00,121.7,121.7,120.0,120.0,100,36300,21300.0,PE
2023-12-29 10:26:00,120.0,120.0,120.0,120.0,250,36650,21300.0,PE
2023-12-29 10:31:00,120.0,120.0,120.0,120.0,500,36400,21300.0,PE
2023-12-29 10:32:00,117.0,117.0,117.0,117.0,100,36900,21300.0,PE
2023-12-29 10:33:00,117.0,117.0,117.0,117.0,50,36900,21300.0,PE
2023-12-29 10:36:00,117.0,117.0,117.0,117.0,300,37000,21300.0,PE
2023-12-29 10:41:00,118.2,118.2,118.2,118.2,250,37250,21300.0,PE
2023-12-29 10:44:00,117.15,117.75,116.15,117.75,250,37400,21300.0,PE
2023-12-29 10:46:00,115.4,115.4,113.0,113.0,150,37400,21300.0,PE
2023-12-29 10:47:00,114.1,114.1,114.1,114.1,50,37400,21300.0,PE
2023-12-29 10:49:00,117.85,117.85,117.85,117.85,50,37600,21300.0,PE
2023-12-29 10:54:00,120.0,120.0,120.0,120.0,100,37600,21300.0,PE
2023-12-29 11:00:00,118.9,118.9,118.9,118.9,100,37600,21300.0,PE
2023-12-29 11:02:00,118.9,118.9,118.9,118.9,50,37650,21300.0,PE
2023-12-29 11:03:00,118.9,118.9,118.9,118.9,50,37650,21300.0,PE
2023-12-29 11:04:00,119.0,119.0,119.0,119.0,50,37650,21300.0,PE
2023-12-29 11:06:00,118.9,118.9,118.9,118.9,300,37650,21300.0,PE
2023-12-29 11:09:00,118.6,118.6,118.6,118.6,50,37350,21300.0,PE
2023-12-29 11:14:00,115.25,115.25,115.25,115.25,50,37300,21300.0,PE
2023-12-29 11:17:00,113.15,113.15,113.15,113.15,250,37300,21300.0,PE
2023-12-29 11:18:00,113.4,113.4,112.4,112.55,1150,37300,21300.0,PE
2023-12-29 11:20:00,112.05,112.25,112.05,112.25,200,37000,21300.0,PE
2023-12-29 11:21:00,112.2,112.2,112.2,112.2,50,37000,21300.0,PE
2023-12-29 11:22:00,112.25,112.25,112.25,112.25,100,37000,21300.0,PE
2023-12-29 11:25:00,110.0,110.0,110.0,110.0,350,36950,21300.0,PE
2023-12-29 11:28:00,110.0,110.0,110.0,110.0,250,36700,21300.0,PE
2023-12-29 11:30:00,109.6,109.6,109.6,109.6,50,36950,21300.0,PE
2023-12-29 11:34:00,107.8,107.8,107.8,107.8,200,36950,21300.0,PE
2023-12-29 11:35:00,107.8,107.8,107.8,107.8,150,36900,21300.0,PE
2023-12-29 11:38:00,107.55,107.55,107.5,107.5,100,37000,21300.0,PE
2023-12-29 11:40:00,107.5,110.95,107.5,110.95,200,37000,21300.0,PE
2023-12-29 11:46:00,111.0,111.0,111.0,111.0,50,36950,21300.0,PE
2023-12-29 11:58:00,107.6,107.6,107.6,107.6,50,36950,21300.0,PE
2023-12-29 12:11:00,105.95,105.95,105.95,105.95,50,37000,21300.0,PE
2023-12-29 12:12:00,105.95,105.95,105.65,105.65,100,37000,21300.0,PE
2023-12-29 12:13:00,105.0,105.0,105.0,105.0,300,37000,21300.0,PE
2023-12-29 12:16:00,105.5,105.5,105.5,105.5,250,36900,21300.0,PE
2023-12-29 12:19:00,104.8,104.8,104.8,104.8,50,37100,21300.0,PE
2023-12-29 12:20:00,104.8,104.85,104.8,104.85,100,37200,21300.0,PE
2023-12-29 12:26:00,101.55,101.55,101.55,101.55,500,37200,21300.0,PE
2023-12-29 12:27:00,101.55,101.55,101.55,101.55,100,37200,21300.0,PE
2023-12-29 12:29:00,102.1,103.0,102.1,103.0,200,37300,21300.0,PE
2023-12-29 12:31:00,107.05,107.05,107.0,107.0,350,37300,21300.0,PE
2023-12-29 12:32:00,106.45,106.45,106.45,106.45,100,37300,21300.0,PE
2023-12-29 12:33:00,106.5,106.5,106.5,106.5,300,37500,21300.0,PE
2023-12-29 12:34:00,107.05,107.05,107.05,107.05,50,37500,21300.0,PE
2023-12-29 12:40:00,109.0,109.0,109.0,109.0,50,37500,21300.0,PE
2023-12-29 12:45:00,110.1,110.45,110.1,110.45,350,37500,21300.0,PE
2023-12-29 12:46:00,110.4,110.4,110.4,110.4,50,37500,21300.0,PE
2023-12-29 13:22:00,102.7,102.7,102.7,102.7,50,37400,21300.0,PE
2023-12-29 13:24:00,102.95,102.95,102.85,102.85,100,37400,21300.0,PE
2023-12-29 13:25:00,102.7,102.85,102.7,102.85,100,37400,21300.0,PE
2023-12-29 13:32:00,105.2,105.2,105.2,105.2,50,37450,21300.0,PE
2023-12-29 13:33:00,103.55,103.55,103.55,103.55,250,37500,21300.0,PE
2023-12-29 13:35:00,103.75,103.75,103.75,103.75,100,37500,21300.0,PE
2023-12-29 13:36:00,103.75,103.85,103.75,103.75,200,37550,21300.0,PE
2023-12-29 13:50:00,100.0,100.0,100.0,100.0,350,37750,21300.0,PE
2023-12-29 13:54:00,100.0,100.0,100.0,100.0,50,37400,21300.0,PE
2023-12-29 13:57:00,101.45,101.45,101.45,101.45,100,37450,21300.0,PE
2023-12-29 13:58:00,102.7,102.7,102.7,102.7,50,37450,21300.0,PE
2023-12-29 13:59:00,102.55,102.6,102.55,102.6,450,37450,21300.0,PE
2023-12-29 14:01:00,101.45,101.45,101.2,101.2,150,37700,21300.0,PE
2023-12-29 14:04:00,100.4,100.4,97.8,97.8,550,37800,21300.0,PE
2023-12-29 14:07:00,101.0,101.0,101.0,101.0,50,37550,21300.0,PE
2023-12-29 14:08:00,101.0,101.0,101.0,101.0,50,37550,21300.0,PE
2023-12-29 14:09:00,103.0,103.0,103.0,103.0,250,37500,21300.0,PE
2023-12-29 14:12:00,102.3,102.3,102.3,102.3,150,37750,21300.0,PE
2023-12-29 14:15:00,108.95,108.95,108.95,108.95,50,37800,21300.0,PE
2023-12-29 14:16:00,110.0,110.0,110.0,110.0,100,37800,21300.0,PE
2023-12-29 14:17:00,110.0,110.0,109.0,109.0,1550,37750,21300.0,PE
2023-12-29 14:18:00,108.45,108.45,108.45,108.45,50,37750,21300.0,PE
2023-12-29 14:25:00,112.25,112.25,112.25,112.25,200,37350,21300.0,PE
2023-12-29 14:29:00,110.0,110.0,110.0,110.0,50,37350,21300.0,PE
2023-12-29 14:31:00,106.0,106.0,106.0,106.0,50,37400,21300.0,PE
2023-12-29 14:35:00,101.8,101.8,101.8,101.8,50,37450,21300.0,PE
2023-12-29 14:37:00,98.2,98.2,98.2,98.2,100,37450,21300.0,PE
2023-12-29 14:38:00,99.35,99.35,99.35,99.35,100,37450,21300.0,PE
2023-12-29 14:39:00,100.0,100.0,100.0,100.0,350,37550,21300.0,PE
2023-12-29 14:41:00,99.35,99.35,99.35,99.35,150,37550,21300.0,PE
2023-12-29 14:48:00,101.0,101.0,101.0,101.0,300,37400,21300.0,PE
2023-12-29 14:51:00,100.55,100.55,100.0,100.0,300,37500,21300.0,PE
2023-12-29 14:52:00,97.0,97.0,96.25,96.25,450,37500,21300.0,PE
2023-12-29 14:54:00,96.25,99.85,96.25,99.85,650,37550,21300.0,PE
2023-12-29 14:55:00,99.3,99.3,98.1,98.1,3950,37550,21300.0,PE
2023-12-29 14:57:00,97.05,97.05,97.05,97.05,100,37500,21300.0,PE
2023-12-29 14:58:00,96.35,96.35,96.35,96.35,100,37500,21300.0,PE
2023-12-29 14:59:00,96.35,96.35,96.35,96.35,50,37500,21300.0,PE
2023-12-29 15:00:00,95.0,95.0,95.0,95.0,100,37550,21300.0,PE
2023-12-29 15:02:00,93.6,96.25,93.6,96.25,3400,37550,21300.0,PE
2023-12-29 15:03:00,95.0,95.8,95.0,95.15,1600,37750,21300.0,PE
2023-12-29 15:04:00,96.3,96.55,96.3,96.55,1400,37750,21300.0,PE
2023-12-29 15:05:00,97.25,97.25,96.3,96.3,350,37750,21300.0,PE
2023-12-29 15:06:00,97.7,98.8,97.7,98.7,600,38100,21300.0,PE
2023-12-29 15:07:00,98.45,98.45,96.8,96.95,1700,38100,21300.0,PE
2023-12-29 15:08:00,98.15,99.45,98.15,99.45,300,38100,21300.0,PE
2023-12-29 15:09:00,99.05,99.05,99.05,99.05,900,38050,21300.0,PE
2023-12-29 15:10:00,100.0,100.0,100.0,100.0,250,38050,21300.0,PE
2023-12-29 15:13:00,100.0,100.0,100.0,100.0,100,39200,21300.0,PE
2023-12-29 15:16:00,100.0,100.0,100.0,100.0,50,39300,21300.0,PE
2023-12-29 15:17:00,100.0,100.85,99.7,100.85,1950,39300,21300.0,PE
2023-12-29 15:18:00,100.65,100.65,100.65,100.65,50,41250,21300.0,PE
2023-12-29 15:19:00,101.05,101.05,101.0,101.0,100,41250,21300.0,PE
2023-12-29 15:20:00,102.0,102.0,101.95,101.95,350,41250,21300.0,PE
2023-12-29 15:21:00,102.85,102.85,102.85,102.85,150,41300,21300.0,PE
2023-12-29 15:22:00,101.15,101.15,101.15,101.15,200,41300,21300.0,PE
2023-12-29 15:24:00,102.45,102.45,102.45,102.45,200,41450,21300.0,PE
2023-12-29 15:25:00,102.4,102.4,102.0,102.0,250,41450,21300.0,PE
2023-12-29 15:27:00,102.6,102.6,101.7,101.7,250,41700,21300.0,PE
2023-12-29 15:28:00,101.0,101.0,101.0,101.0,750,41700,21300.0,PE
2023-12-29 15:29:00,102.75,102.75,102.55,102.55,250,41700,21300.0,PE
2024-01-01 09:16:00,104.95,105.0,104.95,105.0,1851,41900,21300.0,PE
2024-01-01 09:17:00,105.0,106.0,102.3,106.0,500,40900,21300.0,PE
2024-01-01 09:18:00,105.0,105.0,105.0,105.0,600,40900,21300.0,PE
2024-01-01 09:20:00,104.0,104.0,104.0,104.0,200,40850,21300.0,PE
2024-01-01 09:21:00,105.65,105.65,105.65,105.65,150,40850,21300.0,PE
2024-01-01 09:31:00,105.0,107.6,105.0,107.6,500,40900,21300.0,PE
2024-01-01 09:32:00,107.25,107.25,107.25,107.25,50,40900,21300.0,PE
2024-01-01 09:33:00,103.0,103.0,102.35,102.35,200,40950,21300.0,PE
2024-01-01 09:34:00,101.75,101.75,101.75,101.75,50,40950,21300.0,PE
2024-01-01 09:45:00,99.15,99.15,99.15,99.15,50,40950,21300.0,PE
2024-01-01 09:46:00,99.0,99.0,99.0,99.0,50,40950,21300.0,PE
2024-01-01 09:48:00,97.0,97.0,97.0,97.0,50,40950,21300.0,PE
2024-01-01 09:49:00,95.5,95.5,95.5,95.5,50,40950,21300.0,PE
2024-01-01 09:52:00,94.8,94.8,94.8,94.8,300,40900,21300.0,PE
2024-01-01 09:55:00,94.65,94.65,94.65,94.65,50,40900,21300.0,PE
2024-01-01 10:00:00,94.65,94.65,94.65,94.65,350,40900,21300.0,PE
2024-01-01 10:05:00,95.0,95.0,95.0,95.0,400,41300,21300.0,PE
2024-01-01 10:07:00,96.65,96.65,96.65,96.65,100,41300,21300.0,PE
2024-01-01 10:08:00,96.0,96.0,94.7,94.7,150,41600,21300.0,PE
2024-01-01 10:10:00,96.0,97.4,95.05,97.4,350,41600,21300.0,PE
2024-01-01 10:13:00,97.4,97.4,97.4,97.4,150,41600,21300.0,PE
2024-01-01 10:16:00,97.4,97.4,97.4,97.4,400,41600,21300.0,PE
2024-01-01 10:17:00,96.4,96.4,96.4,96.4,50,41800,21300.0,PE
2024-01-01 10:19:00,95.7,95.7,95.7,95.7,50,41800,21300.0,PE
2024-01-01 10:20:00,97.0,97.0,97.0,97.0,200,41750,21300.0,PE
2024-01-01 10:21:00,97.5,97.5,97.5,97.5,700,41750,21300.0,PE
2024-01-01 10:22:00,99.5,99.5,99.5,99.5,50,41750,21300.0,PE
2024-01-01 10:23:00,100.0,100.0,100.0,100.0,50,41750,21300.0,PE
2024-01-01 10:24:00,100.0,101.0,100.0,101.0,250,41100,21300.0,PE
2024-01-01 10:26:00,98.9,98.9,98.9,98.9,50,41100,21300.0,PE
2024-01-01 10:32:00,97.4,97.4,96.7,96.7,550,41450,21300.0,PE
2024-01-01 10:33:00,96.7,96.7,96.7,96.7,500,41450,21300.0,PE
2024-01-01 10:34:00,95.0,95.0,95.0,95.0,450,41450,21300.0,PE
2024-01-01 10:35:00,96.35,96.35,96.35,96.35,50,41450,21300.0,PE
2024-01-01 10:38:00,93.35,93.35,93.35,93.35,200,42500,21300.0,PE
2024-01-01 10:44:00,93.35,93.35,93.35,93.35,250,42300,21300.0,PE
2024-01-01 10:45:00,93.2,93.2,93.2,93.2,50,42300,21300.0,PE
2024-01-01 10:46:00,93.2,93.2,93.2,93.2,250,42300,21300.0,PE
2024-01-01 10:49:00,93.45,93.45,93.45,93.45,50,42600,21300.0,PE
2024-01-01 10:56:00,91.65,91.65,91.65,91.65,50,42650,21300.0,PE
2024-01-01 10:59:00,91.65,91.65,91.65,91.65,50,42650,21300.0,PE
2024-01-01 11:03:00,91.3,91.3,91.3,91.3,50,42700,21300.0,PE
2024-01-01 11:04:00,91.3,91.3,91.3,91.3,50,42700,21300.0,PE
2024-01-01 11:05:00,91.7,91.7,91.7,91.7,50,42600,21300.0,PE
2024-01-01 11:06:00,92.2,92.2,92.2,92.2,50,42600,21300.0,PE
2024-01-01 11:08:00,92.0,92.0,92.0,92.0,300,42600,21300.0,PE
2024-01-01 11:11:00,90.85,90.85,90.85,90.85,100,42550,21300.0,PE
2024-01-01 11:12:00,91.3,91.3,91.2,91.2,100,42500,21300.0,PE
2024-01-01 11:13:00,91.3,91.3,91.3,91.3,50,42500,21300.0,PE
2024-01-01 11:14:00,89.95,89.95,89.95,89.95,1800,42400,21300.0,PE
2024-01-01 11:18:00,89.95,92.0,89.95,92.0,200,41250,21300.0,PE
2024-01-01 11:19:00,90.75,90.75,89.3,89.3,150,41250,21300.0,PE
2024-01-01 11:24:00,89.3,91.05,89.3,91.05,550,41350,21300.0,PE
2024-01-01 11:32:00,90.15,90.15,90.0,90.1,300,41800,21300.0,PE
2024-01-01 11:33:00,90.2,90.5,89.65,90.5,1900,41800,21300.0,PE
2024-01-01 11:34:00,90.1,90.6,90.05,90.05,1550,41800,21300.0,PE
2024-01-01 11:35:00,90.15,91.0,89.55,89.55,3900,44000,21300.0,PE
2024-01-01 11:36:00,90.7,90.7,89.8,89.9,650,44000,21300.0,PE
2024-01-01 11:37:00,90.7,90.7,90.7,90.7,50,44000,21300.0,PE
2024-01-01 11:38:00,90.2,90.55,90.2,90.55,650,45100,21300.0,PE
2024-01-01 11:39:00,90.4,90.4,89.35,89.4,1600,45100,21300.0,PE
2024-01-01 11:40:00,89.1,89.1,89.0,89.0,1350,45100,21300.0,PE
2024-01-01 11:41:00,88.7,88.75,88.0,88.3,950,47450,21300.0,PE
2024-01-01 11:42:00,88.2,88.2,88.2,88.2,150,47450,21300.0,PE
2024-01-01 11:43:00,88.9,88.9,88.85,88.85,750,47450,21300.0,PE
2024-01-01 11:44:00,89.1,89.45,88.7,89.45,700,49050,21300.0,PE
2024-01-01 11:45:00,89.7,89.7,89.3,89.3,100,49050,21300.0,PE
2024-01-01 11:47:00,89.95,89.95,89.55,89.55,200,49050,21300.0,PE
2024-01-01 11:49:00,89.95,89.95,89.45,89.45,100,49550,21300.0,PE
2024-01-01 11:50:00,89.45,89.45,88.9,89.0,150,49750,21300.0,PE
2024-01-01 11:51:00,88.8,88.8,88.8,88.8,50,49750,21300.0,PE
2024-01-01 11:57:00,89.2,89.2,88.05,88.05,100,49850,21300.0,PE
2024-01-01 12:04:00,88.0,88.0,88.0,88.0,350,49850,21300.0,PE
2024-01-01 12:08:00,88.25,88.25,88.25,88.25,150,49850,21300.0,PE
2024-01-01 12:09:00,87.85,87.85,87.85,87.85,50,49850,21300.0,PE
2024-01-01 12:10:00,86.75,86.75,86.75,86.75,350,49850,21300.0,PE
2024-01-01 12:11:00,85.75,85.75,85.2,85.2,250,49650,21300.0,PE
2024-01-01 12:12:00,85.05,85.05,85.05,85.05,100,49650,21300.0,PE
2024-01-01 12:13:00,85.0,85.0,85.0,85.0,350,49650,21300.0,PE
2024-01-01 12:14:00,83.95,83.95,83.95,83.95,50,49650,21300.0,PE
2024-01-01 12:15:00,82.7,83.9,82.7,83.9,350,49300,21300.0,PE
2024-01-01 12:18:00,84.65,85.3,84.65,85.3,1350,49050,21300.0,PE
2024-01-01 12:19:00,85.6,85.6,85.55,85.55,950,49050,21300.0,PE
2024-01-01 12:20:00,87.15,87.35,87.15,87.35,300,47000,21300.0,PE
2024-01-01 12:21:00,87.3,87.95,87.3,87.95,300,47000,21300.0,PE
2024-01-01 12:22:00,87.9,87.9,87.2,87.2,200,47000,21300.0,PE
2024-01-01 12:23:00,88.15,88.3,87.9,88.15,2450,46050,21300.0,PE
2024-01-01 12:24:00,87.9,87.9,87.9,87.9,150,46050,21300.0,PE
2024-01-01 12:28:00,87.9,87.9,87.9,87.9,50,45650,21300.0,PE
2024-01-01 12:39:00,86.5,86.5,86.5,86.5,50,45600,21300.0,PE
2024-01-01 12:43:00,86.5,86.5,86.5,86.5,50,45650,21300.0,PE
2024-01-01 12:45:00,86.5,86.5,86.5,86.5,50,45700,21300.0,PE
2024-01-01 12:51:00,84.35,84.35,84.35,84.35,50,45650,21300.0,PE
2024-01-01 13:02:00,83.0,83.0,83.0,83.0,150,45650,21300.0,PE
2024-01-01 13:03:00,83.0,83.0,83.0,83.0,50,45800,21300.0,PE
2024-01-01 13:09:00,84.7,84.7,84.7,84.7,150,45850,21300.0,PE
2024-01-01 13:10:00,84.5,84.5,84.5,84.5,100,45850,21300.0,PE
2024-01-01 13:11:00,83.75,83.75,83.75,83.75,150,45850,21300.0,PE
2024-01-01 13:17:00,82.5,82.5,82.5,82.5,50,45850,21300.0,PE
2024-01-01 13:18:00,82.0,82.0,82.0,82.0,500,45900,21300.0,PE
2024-01-01 13:19:00,82.0,82.0,82.0,82.0,500,45900,21300.0,PE
2024-01-01 13:24:00,82.55,82.55,82.55,82.55,50,45950,21300.0,PE
2024-01-01 13:30:00,81.4,81.4,81.2,81.2,300,45950,21300.0,PE
2024-01-01 13:32:00,81.35,81.35,81.35,81.35,100,45950,21300.0,PE
2024-01-01 13:33:00,81.4,81.4,81.4,81.4,50,45950,21300.0,PE
2024-01-01 13:38:00,80.9,80.9,80.9,80.9,100,46250,21300.0,PE
2024-01-01 13:46:00,80.9,80.9,80.9,80.9,100,46250,21300.0,PE
2024-01-01 13:50:00,80.0,80.0,80.0,80.0,100,46350,21300.0,PE
2024-01-01 13:55:00,80.0,80.0,80.0,80.0,150,46300,21300.0,PE
2024-01-01 13:56:00,80.0,80.0,80.0,80.0,250,46300,21300.0,PE
2024-01-01 13:57:00,77.3,77.3,77.3,77.3,100,46550,21300.0,PE
2024-01-01 13:58:00,77.0,77.0,77.0,77.0,150,46550,21300.0,PE
2024-01-01 14:00:00,77.0,77.0,77.0,77.0,50,46800,21300.0,PE
2024-01-01 14:01:00,77.0,77.0,75.85,75.85,250,46800,21300.0,PE
2024-01-01 14:02:00,75.85,75.85,74.4,74.4,200,46800,21300.0,PE
2024-01-01 14:03:00,74.4,75.25,74.4,75.25,950,46650,21300.0,PE
2024-01-01 14:05:00,73.85,75.55,73.85,75.55,450,46650,21300.0,PE
2024-01-01 14:09:00,75.15,75.15,75.15,75.15,600,46600,21300.0,PE
2024-01-01 14:12:00,73.25,73.25,73.15,73.15,600,46600,21300.0,PE
2024-01-01 14:13:00,73.15,74.0,73.15,74.0,100,46600,21300.0,PE
2024-01-01 14:14:00,73.1,73.1,72.2,72.2,2750,46600,21300.0,PE
2024-01-01 14:21:00,72.2,74.55,72.2,74.55,1000,44200,21300.0,PE
2024-01-01 14:22:00,75.0,75.3,75.0,75.3,950,44200,21300.0,PE
2024-01-01 14:24:00,74.0,74.0,74.0,74.0,50,44200,21300.0,PE
2024-01-01 14:27:00,75.4,75.4,75.4,75.4,100,45000,21300.0,PE
2024-01-01 14:28:00,74.85,74.85,74.85,74.85,50,45000,21300.0,PE
2024-01-01 14:29:00,74.7,74.7,74.7,74.7,50,45000,21300.0,PE
2024-01-01 14:32:00,74.95,75.0,74.95,75.0,250,45150,21300.0,PE
2024-01-01 14:36:00,74.8,74.8,73.8,73.8,450,45700,21300.0,PE
2024-01-01 14:38:00,74.15,74.15,74.15,74.15,100,45700,21300.0,PE
2024-01-01 14:40:00,74.0,74.15,73.8,74.15,1200,45650,21300.0,PE
2024-01-01 14:42:00,71.25,71.25,70.0,70.0,1150,46650,21300.0,PE
2024-01-01 14:43:00,70.0,70.0,69.65,69.65,200,46650,21300.0,PE
2024-01-01 14:44:00,68.75,68.75,68.75,68.75,100,46650,21300.0,PE
2024-01-01 14:46:00,69.45,70.2,69.45,70.2,4000,47850,21300.0,PE
2024-01-01 14:47:00,70.2,70.2,70.0,70.1,300,47850,21300.0,PE
2024-01-01 14:48:00,70.35,70.35,70.35,70.35,400,47850,21300.0,PE
2024-01-01 14:49:00,68.9,68.9,68.2,68.2,3500,50200,21300.0,PE
2024-01-01 14:51:00,68.2,68.75,68.2,68.75,500,52700,21300.0,PE
2024-01-01 14:53:00,69.5,70.0,69.5,70.0,650,52700,21300.0,PE
2024-01-01 14:54:00,70.0,70.4,70.0,70.4,200,52950,21300.0,PE
2024-01-01 14:55:00,70.5,70.5,70.5,70.5,50,52950,21300.0,PE
2024-01-01 14:58:00,70.15,70.15,70.15,70.15,500,53000,21300.0,PE
2024-01-01 15:01:00,71.5,72.65,71.5,72.65,800,53500,21300.0,PE
2024-01-01 15:03:00,72.65,72.65,72.65,72.65,100,53500,21300.0,PE
2024-01-01 15:06:00,73.5,73.5,73.5,73.5,300,53500,21300.0,PE
2024-01-01 15:07:00,73.65,74.5,73.65,74.5,350,53500,21300.0,PE
2024-01-01 15:08:00,74.5,76.55,74.5,76.05,800,53500,21300.0,PE
2024-01-01 15:09:00,77.0,77.0,77.0,77.0,350,53850,21300.0,PE
2024-01-01 15:10:00,79.9,80.35,79.9,80.35,2250,53850,21300.0,PE
2024-01-01 15:11:00,84.55,84.55,84.55,84.55,2000,53850,21300.0,PE
2024-01-01 15:12:00,83.7,85.5,83.7,85.5,700,57050,21300.0,PE
2024-01-01 15:14:00,87.65,87.65,86.45,87.0,700,57050,21300.0,PE
2024-01-01 15:15:00,87.45,87.45,87.45,87.45,300,56150,21300.0,PE
2024-01-01 15:16:00,85.15,86.15,84.7,86.15,1700,56150,21300.0,PE
2024-01-01 15:17:00,86.45,86.45,86.45,86.45,50,56150,21300.0,PE
2024-01-01 15:20:00,87.5,91.2,87.5,91.2,3850,54600,21300.0,PE
2024-01-01 15:21:00,91.0,92.0,90.9,92.0,550,54250,21300.0,PE
2024-01-01 15:22:00,95.1,96.3,94.1,95.6,3600,54250,21300.0,PE
2024-01-01 15:23:00,94.45,98.1,94.45,96.55,350,54250,21300.0,PE
2024-01-01 15:24:00,98.05,98.45,97.45,97.45,4000,54400,21300.0,PE
2024-01-01 15:25:00,97.65,97.65,95.35,95.35,600,54400,21300.0,PE
2024-01-01 15:26:00,97.6,97.6,97.6,97.6,200,54400,21300.0,PE
2024-01-01 15:27:00,97.6,97.6,95.95,95.95,300,55100,21300.0,PE
2024-01-01 15:28:00,97.95,99.1,97.95,99.1,300,55100,21300.0,PE
2024-01-01 15:29:00,100.7,102.2,100.3,102.2,450,55100,21300.0,PE
2024-01-02 09:16:00,92.9,92.9,92.9,92.9,101,55100,21300.0,PE
2024-01-02 09:17:00,93.95,94.0,93.95,94.0,750,55250,21300.0,PE
2024-01-02 09:18:00,94.0,94.0,91.75,91.75,600,55250,21300.0,PE
2024-01-02 09:19:00,91.75,91.75,91.75,91.75,50,55250,21300.0,PE
2024-01-02 09:20:00,90.75,92.0,90.75,91.05,950,54600,21300.0,PE
2024-01-02 09:21:00,91.85,91.85,89.95,90.35,5450,54600,21300.0,PE
2024-01-02 09:22:00,92.35,92.35,91.45,91.65,400,54600,21300.0,PE
2024-01-02 09:24:00,94.95,94.95,94.95,94.95,100,54850,21300.0,PE
2024-01-02 09:25:00,94.95,94.95,93.0,93.0,10200,54850,21300.0,PE
2024-01-02 09:26:00,92.65,92.65,92.65,92.65,100,54850,21300.0,PE
2024-01-02 09:27:00,89.95,89.95,89.95,89.95,50,56000,21300.0,PE
2024-01-02 09:28:00,89.75,98.45,89.75,95.25,6400,56000,21300.0,PE
2024-01-02 09:29:00,93.05,93.05,93.05,93.05,100,58250,21300.0,PE
2024-01-02 09:30:00,89.25,89.25,88.55,88.55,650,58250,21300.0,PE
2024-01-02 09:32:00,88.55,93.0,88.55,93.0,1000,58650,21300.0,PE
2024-01-02 09:33:00,93.5,93.5,93.5,93.5,1350,58650,21300.0,PE
2024-01-02 09:34:00,92.8,93.8,92.8,93.8,150,58650,21300.0,PE
2024-01-02 09:35:00,92.15,93.0,92.15,93.0,100,60050,21300.0,PE
2024-01-02 09:37:00,93.8,93.8,93.4,93.4,100,60050,21300.0,PE
2024-01-02 09:38:00,92.0,92.0,92.0,92.0,50,60050,21300.0,PE
2024-01-02 09:40:00,88.7,88.7,88.1,88.1,200,60150,21300.0,PE
2024-01-02 09:41:00,87.7,87.7,86.3,86.95,250,60200,21300.0,PE
2024-01-02 09:42:00,87.0,87.0,86.0,86.0,550,60200,21300.0,PE
2024-01-02 09:43:00,85.65,85.65,85.65,85.65,150,60200,21300.0,PE
2024-01-02 09:45:00,86.95,86.95,86.95,86.95,100,59900,21300.0,PE
2024-01-02 09:46:00,87.2,87.2,87.2,87.2,150,59900,21300.0,PE
2024-01-02 09:47:00,86.05,86.55,86.05,86.45,300,59750,21300.0,PE
2024-01-02 09:50:00,87.5,87.5,87.5,87.5,100,59750,21300.0,PE
2024-01-02 09:51:00,87.8,87.8,87.8,87.8,50,59550,21300.0,PE
2024-01-02 09:52:00,87.7,87.7,87.7,87.7,50,59550,21300.0,PE
2024-01-02 09:54:00,88.35,89.6,87.55,89.6,300,59550,21300.0,PE
2024-01-02 09:55:00,91.4,92.55,91.05,92.55,450,59550,21300.0,PE
2024-01-02 09:56:00,93.3,98.7,93.3,98.7,1350,59150,21300.0,PE
2024-01-02 09:57:00,100.0,105.0,100.0,105.0,400,59150,21300.0,PE
2024-01-02 09:58:00,104.95,104.95,104.95,104.95,250,59150,21300.0,PE
2024-01-02 09:59:00,105.95,106.9,105.95,106.9,350,59150,21300.0,PE
2024-01-02 10:00:00,107.95,108.9,106.05,106.05,1750,59200,21300.0,PE
2024-01-02 10:01:00,108.2,109.5,108.2,109.5,400,59200,21300.0,PE
2024-01-02 10:02:00,106.2,106.2,106.2,106.2,100,59200,21300.0,PE
2024-01-02 10:03:00,100.0,101.6,99.35,101.6,1350,57350,21300.0,PE
2024-01-02 10:04:00,103.85,103.85,102.35,102.35,200,57350,21300.0,PE
2024-01-02 10:05:00,100.25,101.0,100.25,101.0,650,56650,21300.0,PE
2024-01-02 10:06:00,101.0,101.0,101.0,101.0,100,56650,21300.0,PE
2024-01-02 10:07:00,98.05,99.0,98.05,98.2,1150,56650,21300.0,PE
2024-01-02 10:08:00,97.0,97.0,96.45,96.45,250,56650,21300.0,PE
2024-01-02 10:09:00,99.0,99.0,99.0,99.0,100,55900,21300.0,PE
2024-01-02 10:10:00,101.4,103.65,101.0,103.65,1100,55900,21300.0,PE
2024-01-02 10:11:00,102.4,102.4,102.4,102.4,150,56550,21300.0,PE
2024-01-02 10:12:00,104.15,105.3,104.15,104.15,1500,56550,21300.0,PE
2024-01-02 10:15:00,102.4,102.4,102.4,102.4,50,57450,21300.0,PE
2024-01-02 10:17:00,103.0,104.6,103.0,104.6,600,57450,21300.0,PE
2024-01-02 10:18:00,104.6,104.6,103.45,103.45,350,57750,21300.0,PE
2024-01-02 10:19:00,103.65,104.55,103.65,104.0,400,57750,21300.0,PE
2024-01-02 10:20:00,103.25,103.7,103.25,103.7,150,58200,21300.0,PE
2024-01-02 10:21:00,103.7,103.7,103.7,103.7,50,58200,21300.0,PE
2024-01-02 10:22:00,105.75,105.75,105.75,105.75,300,58200,21300.0,PE
2024-01-02 10:23:00,108.45,110.3,108.45,110.3,600,58350,21300.0,PE
2024-01-02 10:24:00,110.3,111.45,109.9,111.45,1250,58350,21300.0,PE
2024-01-02 10:25:00,112.5,115.0,112.5,114.9,800,58350,21300.0,PE
2024-01-02 10:26:00,115.15,116.8,115.15,116.8,400,58650,21300.0,PE
2024-01-02 10:27:00,116.8,116.8,112.5,112.5,100,58650,21300.0,PE
2024-01-02 10:28:00,114.0,114.75,114.0,114.75,300,58650,21300.0,PE
2024-01-02 10:29:00,114.85,115.2,114.85,115.2,100,58250,21300.0,PE
2024-01-02 10:30:00,117.0,117.0,115.8,115.8,500,58250,21300.0,PE
2024-01-02 10:31:00,115.0,115.8,111.25,112.0,1250,58250,21300.0,PE
2024-01-02 10:33:00,116.85,118.75,116.85,118.75,1250,58050,21300.0,PE
2024-01-02 10:34:00,118.75,118.75,115.2,116.05,350,58050,21300.0,PE
2024-01-02 10:36:00,116.05,122.95,116.05,122.95,1550,57200,21300.0,PE
2024-01-02 10:37:00,126.45,126.95,124.1,124.1,1100,57200,21300.0,PE
2024-01-02 10:39:00,127.0,131.0,127.0,131.0,1900,55700,21300.0,PE
2024-01-02 10:40:00,132.35,132.6,132.35,132.6,250,55700,21300.0,PE
2024-01-02 10:41:00,135.8,135.8,125.85,125.85,700,56000,21300.0,PE
2024-01-02 10:42:00,128.0,128.0,126.0,126.0,200,56000,21300.0,PE
2024-01-02 10:43:00,120.65,122.55,120.65,122.55,150,56000,21300.0,PE
2024-01-02 10:44:00,125.55,125.55,125.55,125.55,400,56000,21300.0,PE
2024-01-02 10:45:00,121.65,125.0,121.65,124.9,300,56250,21300.0,PE
2024-01-02 10:46:00,124.55,124.55,123.05,123.45,950,56250,21300.0,PE
2024-01-02 10:47:00,121.3,121.3,120.9,120.9,150,56250,21300.0,PE
2024-01-02 10:48:00,120.9,120.9,117.65,117.65,150,55850,21300.0,PE
2024-01-02 10:49:00,116.85,117.8,116.05,116.05,200,55850,21300.0,PE
2024-01-02 10:50:00,115.8,118.85,115.8,118.85,450,55850,21300.0,PE
2024-01-02 10:51:00,120.0,120.15,119.25,120.15,600,56150,21300.0,PE
2024-01-02 10:52:00,120.4,120.65,120.05,120.65,400,56150,21300.0,PE
2024-01-02 10:53:00,119.55,119.55,119.35,119.35,200,56000,21300.0,PE
2024-01-02 10:54:00,118.7,118.7,117.15,117.15,250,56000,21300.0,PE
2024-01-02 10:55:00,118.1,118.1,117.25,117.25,100,56000,21300.0,PE
2024-01-02 10:56:00,118.0,120.05,118.0,120.05,200,56050,21300.0,PE
2024-01-02 10:57:00,121.55,121.55,119.55,119.55,600,56050,21300.0,PE
2024-01-02 10:58:00,118.0,118.0,118.0,118.0,50,56050,21300.0,PE
2024-01-02 10:59:00,115.0,115.0,115.0,115.0,50,56050,21300.0,PE
2024-01-02 11:01:00,118.0,118.0,118.0,118.0,50,56250,21300.0,PE
2024-01-02 11:02:00,118.0,118.0,118.0,118.0,50,56250,21300.0,PE
2024-01-02 11:04:00,117.7,117.7,117.7,117.7,50,56250,21300.0,PE
2024-01-02 11:05:00,120.0,120.0,120.0,120.0,50,56300,21300.0,PE
2024-01-02 11:07:00,121.55,121.55,119.75,119.75,750,56300,21300.0,PE
2024-01-02 11:13:00,121.95,123.1,121.95,121.95,250,56950,21300.0,PE
2024-01-02 11:14:00,121.6,123.65,121.6,123.65,2050,56850,21300.0,PE
2024-01-02 11:15:00,121.9,125.0,121.9,125.0,1550,56850,21300.0,PE
2024-01-02 11:21:00,120.15,120.9,118.4,119.2,1000,59650,21300.0,PE
2024-01-02 11:23:00,117.55,117.55,117.55,117.55,50,59350,21300.0,PE
2024-01-02 11:25:00,117.0,117.0,116.45,116.45,800,59350,21300.0,PE
2024-01-02 11:26:00,120.8,120.8,120.8,120.8,200,60100,21300.0,PE
2024-01-02 11:29:00,118.0,119.6,118.0,119.6,1800,60100,21300.0,PE
2024-01-02 11:35:00,124.2,124.2,124.2,124.2,50,60250,21300.0,PE
2024-01-02 11:36:00,125.7,125.7,125.7,125.7,250,60300,21300.0,PE
2024-01-02 11:38:00,121.05,121.05,119.55,119.55,200,60300,21300.0,PE
2024-01-02 11:39:00,116.75,116.75,116.75,116.75,250,60650,21300.0,PE
2024-01-02 11:40:00,117.0,118.0,117.0,118.0,150,60650,21300.0,PE
2024-01-02 11:41:00,123.0,123.0,123.0,123.0,250,60650,21300.0,PE
2024-01-02 11:46:00,120.0,120.7,120.0,120.7,7300,60100,21300.0,PE
2024-01-02 11:48:00,121.35,121.35,121.35,121.35,150,54400,21300.0,PE
2024-01-02 11:49:00,121.05,123.0,121.05,123.0,300,54400,21300.0,PE
2024-01-02 11:50:00,123.8,123.8,123.8,123.8,100,54400,21300.0,PE
2024-01-02 11:51:00,120.65,120.65,120.65,120.65,50,54450,21300.0,PE
2024-01-02 11:57:00,119.5,119.5,119.5,119.5,150,54500,21300.0,PE
2024-01-02 11:58:00,121.05,121.05,120.0,120.0,100,54500,21300.0,PE
2024-01-02 11:59:00,120.45,120.45,120.45,120.45,50,54400,21300.0,PE
2024-01-02 12:00:00,118.0,118.0,118.0,118.0,50,54400,21300.0,PE
2024-01-02 12:02:00,117.8,117.8,117.8,117.8,150,54400,21300.0,PE
2024-01-02 12:03:00,118.75,118.75,118.0,118.0,250,54550,21300.0,PE
2024-01-02 12:04:00,118.0,118.0,118.0,118.0,100,54550,21300.0,PE
2024-01-02 12:05:00,120.0,120.0,120.0,120.0,50,54550,21300.0,PE
2024-01-02 12:07:00,116.6,116.6,116.0,116.0,100,54550,21300.0,PE
2024-01-02 12:08:00,117.6,117.6,117.6,117.6,150,54600,21300.0,PE
2024-01-02 12:09:00,117.35,117.35,117.35,117.35,50,54600,21300.0,PE
2024-01-02 12:10:00,114.4,114.4,114.4,114.4,350,54600,21300.0,PE
2024-01-02 12:14:00,117.0,117.0,116.5,116.5,100,54650,21300.0,PE
2024-01-02 12:15:00,115.0,115.0,114.0,114.0,350,54650,21300.0,PE
2024-01-02 12:16:00,112.0,112.0,108.8,108.8,1050,54650,21300.0,PE
2024-01-02 12:17:00,108.2,108.2,107.05,107.05,700,54650,21300.0,PE
2024-01-02 12:18:00,107.1,107.1,107.0,107.0,200,56100,21300.0,PE
2024-01-02 12:19:00,106.9,106.9,106.9,106.9,50,56100,21300.0,PE
2024-01-02 12:23:00,111.65,111.65,111.65,111.65,500,56100,21300.0,PE
2024-01-02 12:24:00,110.6,110.6,108.0,108.0,300,56500,21300.0,PE
2024-01-02 12:25:00,108.35,108.35,108.25,108.25,250,56500,21300.0,PE
2024-01-02 12:26:00,109.25,109.25,109.25,109.25,100,56500,21300.0,PE
2024-01-02 12:27:00,109.85,109.85,109.85,109.85,250,56550,21300.0,PE
2024-01-02 12:28:00,110.7,110.7,110.7,110.7,100,56550,21300.0,PE
2024-01-02 12:29:00,110.05,110.05,110.05,110.05,500,56550,21300.0,PE
2024-01-02 12:30:00,110.75,110.75,110.75,110.75,50,56800,21300.0,PE
2024-01-02 12:33:00,110.7,110.7,110.7,110.7,150,56750,21300.0,PE
2024-01-02 12:34:00,108.65,108.65,108.65,108.65,50,56750,21300.0,PE
2024-01-02 12:35:00,107.5,107.5,106.95,106.95,150,56750,21300.0,PE
2024-01-02 12:37:00,107.0,107.4,107.0,107.3,350,56700,21300.0,PE
2024-01-02 12:38:00,108.45,108.95,108.4,108.95,300,56700,21300.0,PE
2024-01-02 12:39:00,106.25,106.25,106.25,106.25,50,56800,21300.0,PE
2024-01-02 12:40:00,106.55,106.55,106.55,106.55,100,56800,21300.0,PE
2024-01-02 12:41:00,104.05,104.05,104.05,104.05,100,56800,21300.0,PE
2024-01-02 12:42:00,105.0,105.0,105.0,105.0,50,56700,21300.0,PE
2024-01-02 12:47:00,106.3,106.3,106.3,106.3,50,56700,21300.0,PE
2024-01-02 12:49:00,108.05,109.5,108.05,109.5,200,56700,21300.0,PE
2024-01-02 12:50:00,109.75,110.0,109.75,110.0,350,56700,21300.0,PE
2024-01-02 12:51:00,109.1,109.1,108.05,108.05,200,56900,21300.0,PE
2024-01-02 12:54:00,107.6,107.6,107.6,107.6,50,56900,21300.0,PE
2024-01-02 12:56:00,109.6,109.6,109.6,109.6,50,56900,21300.0,PE
2024-01-02 12:57:00,110.25,110.25,110.25,110.25,50,56950,21300.0,PE
2024-01-02 12:59:00,110.25,110.25,110.25,110.25,250,56950,21300.0,PE
2024-01-02 13:01:00,113.3,113.3,113.3,113.3,250,56950,21300.0,PE
2024-01-02 13:02:00,113.75,115.2,113.75,115.2,450,56950,21300.0,PE
2024-01-02 13:03:00,116.0,116.0,116.0,116.0,100,56850,21300.0,PE
2024-01-02 13:07:00,114.65,114.65,113.0,113.0,100,56750,21300.0,PE
2024-01-02 13:08:00,113.1,113.55,113.1,113.55,350,56750,21300.0,PE
2024-01-02 13:10:00,112.75,114.2,112.75,114.15,450,56750,21300.0,PE
2024-01-02 13:11:00,114.45,116.5,114.45,116.5,400,56750,21300.0,PE
2024-01-02 13:12:00,116.05,116.05,116.05,116.05,50,56600,21300.0,PE
2024-01-02 13:14:00,116.3,117.0,116.3,117.0,150,56600,21300.0,PE
2024-01-02 13:15:00,115.05,115.05,112.85,112.85,450,56450,21300.0,PE
2024-01-02 13:18:00,112.3,112.3,112.3,112.3,50,56650,21300.0,PE
2024-01-02 13:24:00,114.6,114.6,114.6,114.6,200,56650,21300.0,PE
2024-01-02 13:25:00,113.25,113.25,112.0,112.0,500,56650,21300.0,PE
2024-01-02 13:30:00,114.15,114.15,112.45,112.45,300,56950,21300.0,PE
2024-01-02 13:31:00,110.9,110.9,110.35,110.35,700,56950,21300.0,PE
2024-01-02 13:35:00,109.05,109.05,109.05,109.05,50,57500,21300.0,PE
2024-01-02 13:36:00,107.8,107.8,106.0,106.0,250,57500,21300.0,PE
2024-01-02 13:44:00,108.65,108.65,108.65,108.65,50,57550,21300.0,PE
2024-01-02 13:53:00,109.15,109.15,109.15,109.15,200,57600,21300.0,PE
2024-01-02 14:01:00,108.55,108.55,108.55,108.55,100,57400,21300.0,PE
2024-01-02 14:02:00,107.85,107.85,107.85,107.85,50,57400,21300.0,PE
2024-01-02 14:03:00,108.15,108.15,108.15,108.15,50,57550,21300.0,PE
2024-01-02 14:04:00,111.1,111.1,106.1,106.1,250,57550,21300.0,PE
2024-01-02 14:07:00,108.0,108.0,107.65,107.65,650,57700,21300.0,PE
2024-01-02 14:09:00,102.65,102.65,102.65,102.65,100,57700,21300.0,PE
2024-01-02 14:10:00,102.25,102.25,100.4,100.4,550,58050,21300.0,PE
2024-01-02 14:11:00,101.45,101.45,98.75,100.4,1700,58050,21300.0,PE
2024-01-02 14:14:00,96.0,96.0,96.0,96.0,250,59000,21300.0,PE
2024-01-02 14:15:00,98.0,98.0,98.0,98.0,50,58950,21300.0,PE
2024-01-02 14:16:00,98.2,98.2,98.2,98.2,200,58950,21300.0,PE
2024-01-02 14:18:00,99.85,101.5,99.85,101.5,150,59100,21300.0,PE
2024-01-02 14:20:00,103.15,103.15,103.15,103.15,50,59100,21300.0,PE
2024-01-02 14:21:00,102.0,102.0,102.0,102.0,50,59200,21300.0,PE
2024-01-02 14:22:00,101.85,101.85,101.85,101.85,100,59200,21300.0,PE
2024-01-02 14:24:00,102.3,102.3,102.3,102.3,150,59200,21300.0,PE
2024-01-02 14:27:00,103.6,103.6,103.6,103.6,50,59300,21300.0,PE
2024-01-02 14:30:00,99.0,99.0,99.0,99.0,50,59350,21300.0,PE
2024-01-02 14:31:00,98.0,98.0,98.0,98.0,1500,59350,21300.0,PE
2024-01-02 14:33:00,96.55,97.0,96.55,97.0,200,59300,21300.0,PE
2024-01-02 14:35:00,97.15,97.15,97.15,97.15,100,59300,21300.0,PE
2024-01-02 14:37:00,96.85,96.85,94.65,94.65,300,59500,21300.0,PE
2024-01-02 14:38:00,91.45,91.45,90.1,90.1,200,59500,21300.0,PE
2024-01-02 14:39:00,90.25,91.0,90.25,91.0,500,59800,21300.0,PE
2024-01-02 14:40:00,90.65,90.65,89.3,89.3,400,59800,21300.0,PE
2024-01-02 14:41:00,90.25,91.45,90.25,91.45,250,59800,21300.0,PE
2024-01-02 14:42:00,91.05,91.05,91.05,91.05,100,60050,21300.0,PE
2024-01-02 14:44:00,94.95,95.0,94.95,95.0,150,60050,21300.0,PE
2024-01-02 14:45:00,93.75,93.95,93.75,93.95,100,60050,21300.0,PE
2024-01-02 14:46:00,92.55,92.55,91.8,91.8,200,60050,21300.0,PE
2024-01-02 14:47:00,92.0,92.0,92.0,92.0,50,60050,21300.0,PE
2024-01-02 14:48:00,93.4,93.4,93.4,93.4,50,59900,21300.0,PE
2024-01-02 14:50:00,95.9,95.9,95.9,95.9,50,59900,21300.0,PE
2024-01-02 14:51:00,93.8,94.55,93.8,94.55,400,59900,21300.0,PE
2024-01-02 14:52:00,94.65,96.0,94.65,96.0,350,59900,21300.0,PE
2024-01-02 14:54:00,98.95,98.95,98.95,98.95,50,60050,21300.0,PE
2024-01-02 14:55:00,99.1,99.1,96.7,97.85,250,60050,21300.0,PE
2024-01-02 14:56:00,96.05,96.05,96.05,96.05,100,60050,21300.0,PE
2024-01-02 14:57:00,100.55,100.55,100.55,100.55,1000,59950,21300.0,PE
2024-01-02 14:58:00,98.6,98.6,98.6,98.6,350,59950,21300.0,PE
2024-01-02 14:59:00,101.0,101.0,101.0,101.0,1100,59950,21300.0,PE
2024-01-02 15:00:00,97.45,97.45,94.7,94.7,450,60150,21300.0,PE
2024-01-02 15:01:00,98.3,98.3,96.0,96.0,300,60150,21300.0,PE
2024-01-02 15:03:00,95.45,95.45,95.45,95.45,50,60200,21300.0,PE
2024-01-02 15:04:00,93.35,94.05,93.35,94.05,250,60200,21300.0,PE
2024-01-02 15:06:00,94.95,94.95,94.95,94.95,150,60250,21300.0,PE
2024-01-02 15:07:00,99.15,99.15,99.15,99.15,250,60250,21300.0,PE
2024-01-02 15:08:00,101.65,101.65,101.65,101.65,50,60250,21300.0,PE
2024-01-02 15:09:00,103.4,105.0,103.4,105.0,100,60300,21300.0,PE
2024-01-02 15:10:00,105.85,109.45,105.85,109.45,850,60300,21300.0,PE
2024-01-02 15:11:00,109.0,109.0,109.0,109.0,100,60300,21300.0,PE
2024-01-02 15:13:00,109.0,109.0,109.0,109.0,50,60100,21300.0,PE
2024-01-02 15:14:00,104.05,104.4,104.05,104.4,100,60100,21300.0,PE
2024-01-02 15:15:00,100.55,100.55,100.55,100.55,50,60100,21300.0,PE
2024-01-02 15:17:00,103.15,103.15,103.15,103.15,150,60000,21300.0,PE
2024-01-02 15:18:00,100.8,102.0,100.6,102.0,1700,59950,21300.0,PE
2024-01-02 15:19:00,102.7,104.75,102.55,104.75,450,59950,21300.0,PE
2024-01-02 15:20:00,104.65,105.1,104.4,104.75,550,59950,21300.0,PE
2024-01-02 15:21:00,105.45,105.45,104.05,104.05,150,59850,21300.0,PE
2024-01-02 15:22:00,103.4,105.25,103.4,105.0,550,59850,21300.0,PE
2024-01-02 15:23:00,105.4,105.4,105.4,105.4,50,59850,21300.0,PE
2024-01-02 15:24:00,104.0,105.25,104.0,105.25,150,59950,21300.0,PE
2024-01-02 15:25:00,104.5,104.5,104.5,104.5,250,59950,21300.0,PE
2024-01-02 15:26:00,106.05,106.05,106.0,106.0,900,59950,21300.0,PE
2024-01-02 15:27:00,105.0,105.0,105.0,105.0,250,60150,21300.0,PE
2024-01-02 15:29:00,104.65,104.65,104.65,104.65,150,60150,21300.0,PE
2024-01-03 09:15:00,117.85,117.85,111.05,111.05,1353,59900,21300.0,PE
2024-01-03 09:16:00,111.05,114.65,111.05,114.65,400,59900,21300.0,PE
2024-01-03 09:17:00,113.35,113.35,113.35,113.35,50,59900,21300.0,PE
2024-01-03 09:18:00,113.35,113.35,112.0,112.0,250,59650,21300.0,PE
2024-01-03 09:19:00,113.0,113.0,112.0,113.0,700,59650,21300.0,PE
2024-01-03 09:20:00,112.0,113.0,112.0,113.0,700,59650,21300.0,PE
2024-01-03 09:21:00,111.65,113.0,111.65,113.0,300,59650,21300.0,PE
2024-01-03 09:22:00,114.95,114.95,114.95,114.95,50,59650,21300.0,PE
2024-01-03 09:24:00,114.95,114.95,114.95,114.95,100,59900,21300.0,PE
2024-01-03 09:25:00,113.45,114.55,113.0,114.55,550,59900,21300.0,PE
2024-01-03 09:26:00,114.05,114.2,113.75,114.2,650,59950,21300.0,PE
2024-01-03 09:27:00,114.25,114.25,111.4,111.4,1100,59950,21300.0,PE
2024-01-03 09:28:00,111.05,111.05,111.05,111.05,300,59950,21300.0,PE
2024-01-03 09:29:00,112.65,112.75,112.65,112.75,300,59950,21300.0,PE
2024-01-03 09:30:00,112.0,112.0,112.0,112.0,50,60750,21300.0,PE
2024-01-03 09:32:00,110.35,110.35,109.85,109.85,250,60800,21300.0,PE
2024-01-03 09:33:00,109.85,109.85,109.85,109.85,1000,60800,21300.0,PE
2024-01-03 09:34:00,112.95,114.05,112.95,114.05,850,60800,21300.0,PE
2024-01-03 09:35:00,114.05,114.05,113.0,114.05,200,59650,21300.0,PE
2024-01-03 09:36:00,116.0,116.0,116.0,116.0,500,59650,21300.0,PE
2024-01-03 09:37:00,117.0,120.0,117.0,120.0,600,59650,21300.0,PE
2024-01-03 09:38:00,120.0,120.95,119.0,120.4,2150,59000,21300.0,PE
2024-01-03 09:39:00,121.15,121.15,121.15,121.15,500,59000,21300.0,PE
2024-01-03 09:40:00,121.15,122.0,120.95,122.0,650,59000,21300.0,PE
2024-01-03 09:41:00,122.0,125.3,121.4,124.7,1200,59650,21300.0,PE
2024-01-03 09:42:00,124.0,124.0,124.0,124.0,50,59650,21300.0,PE
2024-01-03 09:43:00,125.65,126.85,125.65,126.85,250,59650,21300.0,PE
2024-01-03 09:44:00,125.1,125.4,125.1,125.4,500,59900,21300.0,PE
2024-01-03 09:45:00,125.7,126.85,122.8,122.8,250,59900,21300.0,PE
2024-01-03 09:46:00,122.0,123.1,120.2,123.1,400,59900,21300.0,PE
2024-01-03 09:47:00,123.05,123.05,122.6,123.0,250,60150,21300.0,PE
2024-01-03 09:48:00,123.0,124.15,122.55,122.55,250,60150,21300.0,PE
2024-01-03 09:50:00,120.0,120.5,118.5,120.5,200,60250,21300.0,PE
2024-01-03 09:51:00,120.0,120.0,120.0,120.0,250,60250,21300.0,PE
2024-01-03 09:52:00,119.8,119.8,116.65,116.65,250,60250,21300.0,PE
2024-01-03 09:53:00,116.2,118.45,116.05,118.45,250,60600,21300.0,PE
2024-01-03 09:54:00,118.0,118.0,118.0,118.0,50,60600,21300.0,PE
2024-01-03 09:55:00,116.45,116.45,116.45,116.45,50,60600,21300.0,PE
2024-01-03 09:56:00,118.05,118.05,115.0,115.0,150,60600,21300.0,PE
2024-01-03 09:57:00,113.75,113.75,113.75,113.75,300,60800,21300.0,PE
2024-01-03 09:58:00,114.35,115.0,114.35,115.0,150,60800,21300.0,PE
2024-01-03 09:59:00,114.95,114.95,114.7,114.7,150,60800,21300.0,PE
2024-01-03 10:00:00,117.1,119.1,117.1,119.1,550,61050,21300.0,PE
2024-01-03 10:01:00,120.25,120.25,118.3,118.3,850,61050,21300.0,PE
2024-01-03 10:03:00,122.05,122.05,119.5,119.55,350,61150,21300.0,PE
2024-01-03 10:04:00,115.8,115.8,110.15,110.65,1350,61150,21300.0,PE
2024-01-03 10:05:00,120.05,120.05,118.85,118.85,100,61150,21300.0,PE
2024-01-03 10:06:00,118.85,118.85,118.85,118.85,150,61750,21300.0,PE
2024-01-03 10:07:00,115.85,115.85,114.75,114.75,100,61750,21300.0,PE
2024-01-03 10:09:00,114.75,114.75,114.2,114.2,150,61850,21300.0,PE
2024-01-03 10:10:00,112.55,112.55,112.55,112.55,200,61850,21300.0,PE
2024-01-03 10:11:00,113.1,113.3,113.1,113.3,100,61850,21300.0,PE
2024-01-03 10:17:00,115.0,115.05,115.0,115.05,100,62150,21300.0,PE
2024-01-03 10:18:00,115.5,115.5,115.5,115.5,50,62200,21300.0,PE
2024-01-03 10:20:00,123.0,123.0,123.0,123.0,50,62200,21300.0,PE
2024-01-03 10:21:00,124.35,124.35,121.85,121.85,800,62200,21300.0,PE
2024-01-03 10:22:00,124.2,126.85,123.55,126.0,1300,62200,21300.0,PE
2024-01-03 10:23:00,125.6,125.6,125.25,125.25,100,62200,21300.0,PE
2024-01-03 10:24:00,125.65,125.65,124.8,125.5,450,63350,21300.0,PE
2024-01-03 10:25:00,125.65,125.65,120.0,120.0,150,63350,21300.0,PE
2024-01-03 10:26:00,121.1,121.1,120.0,120.0,100,63550,21300.0,PE
2024-01-03 10:27:00,119.4,119.4,119.4,119.4,50,63550,21300.0,PE
2024-01-03 10:28:00,117.0,117.0,117.0,117.0,100,63550,21300.0,PE
2024-01-03 10:29:00,117.05,118.0,116.35,118.0,200,63550,21300.0,PE
2024-01-03 10:31:00,114.85,114.85,114.85,114.85,500,63550,21300.0,PE
2024-01-03 10:32:00,114.7,114.7,114.7,114.7,50,63550,21300.0,PE
2024-01-03 10:33:00,114.7,114.7,114.7,114.7,500,63300,21300.0,PE
2024-01-03 10:34:00,114.0,114.0,114.0,114.0,50,63300,21300.0,PE
2024-01-03 10:35:00,114.5,114.5,114.5,114.5,50,63800,21300.0,PE
2024-01-03 10:36:00,114.0,114.0,114.0,114.0,250,63800,21300.0,PE
2024-01-03 10:37:00,113.2,113.2,113.2,113.2,200,63800,21300.0,PE
2024-01-03 10:39:00,111.45,112.15,111.45,112.15,300,63850,21300.0,PE
2024-01-03 10:41:00,115.6,115.6,115.6,115.6,50,63850,21300.0,PE
2024-01-03 10:43:00,117.45,118.75,117.45,118.75,100,63850,21300.0,PE
2024-01-03 10:44:00,118.05,121.0,118.05,121.0,700,63750,21300.0,PE
2024-01-03 10:45:00,121.1,122.65,120.4,122.65,250,63750,21300.0,PE
2024-01-03 10:46:00,122.65,122.65,122.65,122.65,100,63750,21300.0,PE
2024-01-03 10:47:00,121.4,121.4,119.6,119.6,400,63650,21300.0,PE
2024-01-03 10:50:00,121.0,122.0,121.0,122.0,250,63650,21300.0,PE
2024-01-03 10:56:00,117.55,117.55,117.55,117.55,500,63400,21300.0,PE
2024-01-03 10:57:00,116.6,116.6,116.6,116.6,50,63100,21300.0,PE
2024-01-03 11:02:00,118.0,118.0,118.0,118.0,50,63100,21300.0,PE
2024-01-03 11:04:00,117.55,117.55,117.55,117.55,50,63100,21300.0,PE
2024-01-03 11:07:00,116.0,116.0,116.0,116.0,200,63100,21300.0,PE
2024-01-03 11:08:00,115.35,116.5,115.0,116.5,350,63100,21300.0,PE
2024-01-03 11:09:00,117.05,117.05,117.0,117.0,350,63250,21300.0,PE
2024-01-03 11:10:00,116.7,116.95,116.65,116.65,200,63250,21300.0,PE
2024-01-03 11:11:00,117.7,117.7,117.7,117.7,100,63250,21300.0,PE
2024-01-03 11:15:00,116.15,116.15,115.5,115.5,150,63150,21300.0,PE
2024-01-03 11:16:00,115.8,116.0,115.8,116.0,100,63150,21300.0,PE
2024-01-03 11:18:00,116.45,116.45,116.45,116.45,100,63150,21300.0,PE
2024-01-03 11:19:00,114.0,114.0,114.0,114.0,50,63150,21300.0,PE
2024-01-03 11:21:00,113.05,113.05,112.2,112.95,200,63200,21300.0,PE
2024-01-03 11:22:00,111.3,111.75,111.3,111.75,200,63200,21300.0,PE
2024-01-03 11:23:00,111.75,112.0,111.65,112.0,150,63200,21300.0,PE
2024-01-03 11:24:00,113.5,113.55,113.5,113.55,150,63150,21300.0,PE
2024-01-03 11:26:00,113.55,113.55,113.55,113.55,50,63150,21300.0,PE
2024-01-03 11:27:00,112.0,112.7,112.0,112.7,300,63250,21300.0,PE
2024-01-03 11:28:00,112.75,113.75,112.75,113.75,200,63250,21300.0,PE
2024-01-03 11:33:00,119.05,119.05,118.65,118.65,100,63050,21300.0,PE
2024-01-03 11:34:00,115.7,115.7,115.7,115.7,100,63050,21300.0,PE
2024-01-03 11:38:00,115.7,115.7,114.0,114.0,150,62950,21300.0,PE
2024-01-03 11:40:00,114.2,114.2,114.2,114.2,50,62950,21300.0,PE
2024-01-03 11:44:00,111.95,111.95,111.55,111.55,800,62950,21300.0,PE
2024-01-03 11:45:00,111.0,111.0,111.0,111.0,100,62850,21300.0,PE
2024-01-03 11:46:00,110.65,110.7,110.65,110.7,650,62850,21300.0,PE
2024-01-03 11:47:00,110.7,110.7,107.35,107.35,2400,62850,21300.0,PE
2024-01-03 11:48:00,106.95,106.95,105.05,105.05,1400,65550,21300.0,PE
2024-01-03 11:50:00,105.05,105.1,105.05,105.1,300,65550,21300.0,PE
2024-01-03 11:51:00,105.7,105.7,104.0,104.0,300,65250,21300.0,PE
2024-01-03 11:52:00,103.7,103.7,103.7,103.7,250,65250,21300.0,PE
2024-01-03 11:54:00,106.0,106.0,106.0,106.0,100,65350,21300.0,PE
2024-01-03 11:55:00,106.5,107.0,106.4,106.8,250,65350,21300.0,PE
2024-01-03 11:56:00,107.25,107.25,107.05,107.2,250,65350,21300.0,PE
2024-01-03 11:59:00,108.7,108.7,108.7,108.7,150,65150,21300.0,PE
2024-01-03 12:00:00,110.0,110.0,110.0,110.0,200,65050,21300.0,PE
2024-01-03 12:01:00,105.5,105.5,105.5,105.5,50,65050,21300.0,PE
2024-01-03 12:05:00,111.0,111.0,111.0,111.0,100,64850,21300.0,PE
2024-01-03 12:07:00,112.0,112.0,112.0,112.0,100,64850,21300.0,PE
2024-01-03 12:08:00,113.8,114.6,113.8,114.6,100,64850,21300.0,PE
2024-01-03 12:11:00,114.05,114.05,114.05,114.05,50,64750,21300.0,PE
2024-01-03 12:13:00,113.45,113.45,113.15,113.15,100,64800,21300.0,PE
2024-01-03 12:14:00,115.1,115.1,112.0,112.0,150,64800,21300.0,PE
2024-01-03 12:15:00,113.5,114.0,113.5,114.0,500,64750,21300.0,PE
2024-01-03 12:18:00,111.0,111.0,110.2,110.2,300,64900,21300.0,PE
2024-01-03 12:20:00,108.35,108.35,108.35,108.35,50,64900,21300.0,PE
2024-01-03 12:21:00,112.3,116.05,112.1,116.05,800,64850,21300.0,PE
2024-01-03 12:22:00,117.0,117.65,116.75,117.65,500,64850,21300.0,PE
2024-01-03 12:23:00,117.45,119.5,117.45,119.3,550,64850,21300.0,PE
2024-01-03 12:24:00,122.1,125.3,122.1,124.6,1400,64250,21300.0,PE
2024-01-03 12:25:00,124.6,126.0,123.3,123.3,3250,64250,21300.0,PE
2024-01-03 12:26:00,124.0,127.6,124.0,127.6,650,64250,21300.0,PE
2024-01-03 12:27:00,129.2,130.0,128.05,128.05,600,63300,21300.0,PE
2024-01-03 12:28:00,128.5,128.5,127.65,127.65,700,63300,21300.0,PE
2024-01-03 12:29:00,127.15,128.95,127.15,128.75,1300,63300,21300.0,PE
2024-01-03 12:30:00,126.9,126.9,125.6,126.3,1300,63550,21300.0,PE
2024-01-03 12:31:00,127.9,128.15,127.75,128.15,200,63550,21300.0,PE
2024-01-03 12:32:00,128.75,131.0,128.75,131.0,1050,63550,21300.0,PE
2024-01-03 12:33:00,127.85,127.85,127.8,127.8,100,63350,21300.0,PE
2024-01-03 12:34:00,122.8,124.0,122.05,124.0,1250,63350,21300.0,PE
2024-01-03 12:35:00,126.2,127.35,126.2,127.35,300,63350,21300.0,PE
2024-01-03 12:36:00,125.0,125.0,125.0,125.0,50,62600,21300.0,PE
2024-01-03 12:38:00,122.8,122.8,120.6,120.6,300,62600,21300.0,PE
2024-01-03 12:39:00,120.6,120.6,120.6,120.6,50,62650,21300.0,PE
2024-01-03 12:41:00,122.8,122.8,122.8,122.8,50,62650,21300.0,PE
2024-01-03 12:43:00,120.1,120.1,120.0,120.0,100,62600,21300.0,PE
2024-01-03 12:47:00,122.0,122.0,122.0,122.0,150,62700,21300.0,PE
2024-01-03 12:49:00,119.95,119.95,119.95,119.95,50,62700,21300.0,PE
2024-01-03 12:52:00,116.0,116.0,116.0,116.0,50,62700,21300.0,PE
2024-01-03 12:53:00,115.1,115.1,115.1,115.1,50,62700,21300.0,PE
2024-01-03 12:55:00,113.7,113.9,113.7,113.9,100,62700,21300.0,PE
2024-01-03 12:58:00,113.4,113.4,113.4,113.4,400,62750,21300.0,PE
2024-01-03 12:59:00,111.05,112.1,111.05,112.1,700,62750,21300.0,PE
2024-01-03 13:01:00,109.5,109.5,109.5,109.5,250,62550,21300.0,PE
2024-01-03 13:04:00,110.0,110.0,110.0,110.0,50,62550,21300.0,PE
2024-01-03 13:05:00,109.5,109.5,109.5,109.5,50,62550,21300.0,PE
2024-01-03 13:09:00,111.05,111.05,111.05,111.05,500,62650,21300.0,PE
2024-01-03 13:10:00,111.05,112.5,111.05,112.5,350,62650,21300.0,PE
2024-01-03 13:13:00,110.5,110.5,109.6,109.6,750,62700,21300.0,PE
2024-01-03 13:14:00,110.45,110.45,110.45,110.45,50,62700,21300.0,PE
2024-01-03 13:15:00,110.0,110.95,110.0,110.95,100,62700,21300.0,PE
2024-01-03 13:16:00,111.3,111.3,111.3,111.3,50,62700,21300.0,PE
2024-01-03 13:19:00,110.0,112.75,110.0,112.75,800,62700,21300.0,PE
2024-01-03 13:20:00,110.0,110.0,109.45,109.45,250,62700,21300.0,PE
2024-01-03 13:21:00,110.05,110.05,110.05,110.05,250,63450,21300.0,PE
2024-01-03 13:24:00,110.2,110.2,110.2,110.2,50,63200,21300.0,PE
2024-01-03 13:26:00,110.15,110.15,110.15,110.15,100,63200,21300.0,PE
2024-01-03 13:27:00,109.55,109.55,109.55,109.55,100,63250,21300.0,PE
2024-01-03 13:28:00,111.05,111.05,111.05,111.05,500,63250,21300.0,PE
2024-01-03 13:29:00,111.0,111.0,111.0,111.0,150,63250,21300.0,PE
2024-01-03 13:32:00,110.15,111.9,110.15,111.9,250,63300,21300.0,PE
2024-01-03 13:33:00,111.75,113.0,111.75,113.0,200,63300,21300.0,PE
2024-01-03 13:35:00,110.7,112.3,110.7,112.3,100,63300,21300.0,PE
2024-01-03 13:36:00,110.95,110.95,110.5,110.5,150,63450,21300.0,PE
2024-01-03 13:37:00,108.8,108.8,108.8,108.8,50,63450,21300.0,PE
2024-01-03 13:38:00,108.8,108.8,108.8,108.8,50,63450,21300.0,PE
2024-01-03 13:40:00,105.9,106.05,105.9,106.05,100,63450,21300.0,PE
2024-01-03 13:41:00,106.05,107.35,106.05,106.1,200,63450,21300.0,PE
2024-01-03 13:43:00,107.3,107.3,107.3,107.3,50,63500,21300.0,PE
2024-01-03 13:45:00,108.05,108.05,108.05,108.05,100,63500,21300.0,PE
2024-01-03 13:46:00,110.35,110.35,110.35,110.35,50,63450,21300.0,PE
2024-01-03 13:52:00,109.0,109.0,109.0,109.0,100,63500,21300.0,PE
2024-01-03 13:53:00,107.5,107.5,107.5,107.5,500,63500,21300.0,PE
2024-01-03 13:58:00,111.45,111.45,111.45,111.45,200,63150,21300.0,PE
2024-01-03 13:59:00,112.25,112.25,110.95,110.95,200,63150,21300.0,PE
2024-01-03 14:00:00,112.05,112.05,112.05,112.05,200,63150,21300.0,PE
2024-01-03 14:04:00,111.4,111.4,110.0,110.0,1600,63000,21300.0,PE
2024-01-03 14:06:00,108.75,108.75,108.75,108.75,250,64300,21300.0,PE
2024-01-03 14:07:00,109.35,109.35,108.9,108.9,2550,64300,21300.0,PE
2024-01-03 14:09:00,107.45,107.45,106.45,106.45,450,66400,21300.0,PE
2024-01-03 14:10:00,106.35,107.35,106.35,107.35,150,66400,21300.0,PE
2024-01-03 14:11:00,107.7,107.7,107.7,107.7,400,66400,21300.0,PE
2024-01-03 14:12:00,108.0,108.0,108.0,108.0,350,66250,21300.0,PE
2024-01-03 14:15:00,110.2,110.8,109.95,109.95,300,66600,21300.0,PE
2024-01-03 14:16:00,112.0,112.4,110.9,112.4,800,66600,21300.0,PE
2024-01-03 14:17:00,111.1,111.1,110.85,110.85,100,66600,21300.0,PE
2024-01-03 14:18:00,112.25,112.25,112.25,112.25,100,66600,21300.0,PE
2024-01-03 14:19:00,114.9,116.05,114.9,116.05,700,66600,21300.0,PE
2024-01-03 14:20:00,115.0,116.05,115.0,116.05,300,66600,21300.0,PE
2024-01-03 14:21:00,111.25,111.25,111.25,111.25,50,67350,21300.0,PE
2024-01-03 14:22:00,108.95,108.95,108.95,108.95,100,67350,21300.0,PE
2024-01-03 14:26:00,113.0,113.0,112.3,112.3,100,67250,21300.0,PE
2024-01-03 14:30:00,111.15,111.15,111.15,111.15,400,67250,21300.0,PE
2024-01-03 14:31:00,111.7,115.1,111.7,115.1,100,67250,21300.0,PE
2024-01-03 14:33:00,113.7,113.7,113.7,113.7,100,67250,21300.0,PE
2024-01-03 14:34:00,113.15,113.15,113.15,113.15,100,67250,21300.0,PE
2024-01-03 14:35:00,116.2,116.2,116.2,116.2,500,67250,21300.0,PE
2024-01-03 14:36:00,117.0,118.0,116.5,116.5,800,67250,21300.0,PE
2024-01-03 14:37:00,120.0,120.0,118.65,118.65,350,68150,21300.0,PE
2024-01-03 14:38:00,119.05,119.25,119.05,119.25,150,68150,21300.0,PE
2024-01-03 14:39:00,119.05,119.05,119.05,119.05,50,68150,21300.0,PE
2024-01-03 14:40:00,118.95,120.8,118.95,120.8,1050,67950,21300.0,PE
2024-01-03 14:41:00,116.95,116.95,116.95,116.95,300,67950,21300.0,PE
2024-01-03 14:42:00,117.05,117.05,117.05,117.05,350,68400,21300.0,PE
2024-01-03 14:43:00,116.0,116.7,116.0,116.7,400,68400,21300.0,PE
2024-01-03 14:47:00,116.1,116.1,116.1,116.1,50,68900,21300.0,PE
2024-01-03 14:50:00,117.7,117.7,115.15,115.15,250,68950,21300.0,PE
2024-01-03 14:52:00,113.0,113.3,113.0,113.3,100,69150,21300.0,PE
2024-01-03 14:54:00,111.0,111.0,110.1,110.1,100,69150,21300.0,PE
2024-01-03 14:55:00,109.6,110.1,109.6,110.1,700,69200,21300.0,PE
2024-01-03 15:00:00,115.0,118.15,114.85,117.45,800,69450,21300.0,PE
2024-01-03 15:01:00,119.45,122.4,119.45,119.95,1150,69450,21300.0,PE
2024-01-03 15:02:00,120.75,120.75,118.0,118.55,1200,69450,21300.0,PE
2024-01-03 15:03:00,118.7,118.7,118.7,118.7,200,69450,21300.0,PE
2024-01-03 15:04:00,119.9,119.9,119.9,119.9,200,69850,21300.0,PE
2024-01-03 15:05:00,119.9,121.0,119.9,121.0,2050,69850,21300.0,PE
2024-01-03 15:06:00,120.45,121.7,120.45,121.3,500,71300,21300.0,PE
2024-01-03 15:07:00,122.3,125.05,121.9,124.55,1200,71300,21300.0,PE
2024-01-03 15:08:00,125.5,127.35,124.9,127.35,950,71300,21300.0,PE
2024-01-03 15:09:00,126.65,126.65,124.85,124.85,1400,72450,21300.0,PE
2024-01-03 15:10:00,125.0,127.1,125.0,125.55,450,72450,21300.0,PE
2024-01-03 15:11:00,126.0,126.95,126.0,126.95,150,72450,21300.0,PE
2024-01-03 15:12:00,123.95,124.05,123.95,124.05,300,72800,21300.0,PE
2024-01-03 15:13:00,124.3,124.3,120.15,122.0,200,72800,21300.0,PE
2024-01-03 15:14:00,122.7,126.55,122.7,125.55,4000,72800,21300.0,PE
2024-01-03 15:15:00,126.8,126.8,125.35,125.95,300,69350,21300.0,PE
2024-01-03 15:16:00,125.85,128.55,125.85,128.05,1650,69350,21300.0,PE
2024-01-03 15:17:00,128.35,130.45,128.35,128.35,2400,69350,21300.0,PE
2024-01-03 15:18:00,128.8,128.8,126.0,126.0,700,69400,21300.0,PE
2024-01-03 15:19:00,125.0,125.0,124.25,124.55,350,69400,21300.0,PE
2024-01-03 15:20:00,124.55,126.55,124.55,126.15,4900,69400,21300.0,PE
2024-01-03 15:21:00,124.15,125.85,124.0,124.0,1450,72150,21300.0,PE
2024-01-03 15:22:00,123.6,125.85,123.6,125.85,100,72150,21300.0,PE
2024-01-03 15:23:00,126.0,126.45,124.75,126.35,1500,72150,21300.0,PE
2024-01-03 15:24:00,124.85,125.1,123.0,125.1,1250,72400,21300.0,PE
2024-01-03 15:25:00,123.5,123.5,123.5,123.5,200,72400,21300.0,PE
2024-01-03 15:26:00,121.6,124.75,121.6,124.75,850,72400,21300.0,PE
2024-01-03 15:27:00,123.05,123.3,122.0,123.3,950,72600,21300.0,PE
2024-01-03 15:28:00,124.75,125.9,124.75,125.9,3000,72600,21300.0,PE
2024-01-03 15:29:00,123.3,124.9,123.3,123.3,1150,72600,21300.0,PE
2024-01-04 09:16:00,103.35,103.35,97.95,97.95,2653,71500,21300.0,PE
2024-01-04 09:17:00,98.1,98.9,97.1,98.9,1900,71050,21300.0,PE
2024-01-04 09:18:00,99.35,99.4,96.7,96.7,1550,71050,21300.0,PE
2024-01-04 09:19:00,96.7,98.65,96.65,98.2,2350,71050,21300.0,PE
2024-01-04 09:20:00,96.7,96.7,94.0,94.0,3400,72650,21300.0,PE
2024-01-04 09:21:00,92.1,92.1,91.1,91.1,15550,72650,21300.0,PE
2024-01-04 09:22:00,91.0,91.0,90.05,90.05,7400,72650,21300.0,PE
2024-01-04 09:23:00,92.1,92.1,90.35,91.0,1050,88550,21300.0,PE
2024-01-04 09:24:00,91.0,91.6,91.0,91.6,350,88550,21300.0,PE
2024-01-04 09:25:00,91.1,91.75,91.1,91.75,950,88550,21300.0,PE
2024-01-04 09:26:00,91.1,91.1,90.0,90.45,7000,91400,21300.0,PE
2024-01-04 09:27:00,90.75,91.25,89.65,91.15,1200,91400,21300.0,PE
2024-01-04 09:28:00,90.0,90.75,89.85,89.85,2850,91400,21300.0,PE
2024-01-04 09:29:00,89.75,89.75,86.6,86.6,950,90950,21300.0,PE
2024-01-04 09:30:00,86.9,86.9,85.95,86.0,1100,90950,21300.0,PE
2024-01-04 09:31:00,85.45,87.35,85.45,87.35,1200,90950,21300.0,PE
2024-01-04 09:32:00,86.4,87.65,86.3,87.65,2600,89350,21300.0,PE
2024-01-04 09:33:00,88.55,89.2,88.15,89.2,1700,89350,21300.0,PE
2024-01-04 09:34:00,89.0,89.9,89.0,89.9,2200,89350,21300.0,PE
2024-01-04 09:35:00,90.05,90.15,89.85,90.15,850,87800,21300.0,PE
2024-01-04 09:36:00,90.4,90.4,90.0,90.3,1200,87800,21300.0,PE
2024-01-04 09:37:00,90.3,90.3,85.5,85.5,450,87800,21300.0,PE
2024-01-04 09:38:00,86.35,86.35,85.0,85.0,1000,88150,21300.0,PE
2024-01-04 09:39:00,86.0,86.0,86.0,86.0,900,88150,21300.0,PE
2024-01-04 09:40:00,86.0,86.0,85.5,85.85,500,88150,21300.0,PE
2024-01-04 09:41:00,85.9,86.15,85.9,86.15,1200,87900,21300.0,PE
2024-01-04 09:42:00,85.85,86.4,85.6,86.4,950,87900,21300.0,PE
2024-01-04 09:43:00,86.35,86.35,85.7,86.35,550,87900,21300.0,PE
2024-01-04 09:44:00,85.45,86.15,85.3,85.3,950,88100,21300.0,PE
2024-01-04 09:45:00,84.0,84.3,83.45,83.7,1450,88100,21300.0,PE
2024-01-04 09:46:00,83.05,83.7,83.05,83.7,900,88100,21300.0,PE
2024-01-04 09:47:00,84.3,85.1,84.3,85.1,200,89950,21300.0,PE
2024-01-04 09:48:00,85.15,85.3,85.15,85.3,250,89950,21300.0,PE
2024-01-04 09:49:00,85.85,85.85,85.85,85.85,50,89950,21300.0,PE
2024-01-04 09:50:00,86.0,86.0,85.15,85.35,200,90150,21300.0,PE
2024-01-04 09:52:00,85.35,85.35,85.35,85.35,150,90150,21300.0,PE
2024-01-04 09:53:00,87.75,87.75,83.0,83.0,600,90200,21300.0,PE
2024-01-04 09:56:00,83.65,83.65,83.05,83.05,150,90300,21300.0,PE
2024-01-04 09:57:00,83.05,83.05,82.65,82.65,200,90300,21300.0,PE
2024-01-04 09:58:00,82.6,85.35,82.35,85.35,500,90300,21300.0,PE
2024-01-04 09:59:00,84.55,84.55,83.9,83.9,250,90300,21300.0,PE
2024-01-04 10:00:00,83.9,83.9,83.4,83.4,450,90800,21300.0,PE
2024-01-04 10:01:00,83.15,83.15,83.0,83.0,500,90800,21300.0,PE
2024-01-04 10:02:00,83.35,83.5,83.35,83.5,300,90450,21300.0,PE
2024-01-04 10:03:00,83.25,83.45,83.25,83.45,200,90450,21300.0,PE
2024-01-04 10:04:00,83.0,83.0,82.0,82.0,250,90450,21300.0,PE
2024-01-04 10:05:00,80.0,82.0,79.4,82.0,1400,90400,21300.0,PE
2024-01-04 10:06:00,82.0,82.0,81.1,81.25,1100,90400,21300.0,PE
2024-01-04 10:07:00,81.35,81.35,80.8,81.1,2050,90400,21300.0,PE
2024-01-04 10:08:00,81.3,81.3,80.6,80.6,2650,94050,21300.0,PE
2024-01-04 10:09:00,80.65,80.75,79.85,80.75,200,94050,21300.0,PE
2024-01-04 10:10:00,80.85,80.9,80.25,80.75,1300,94050,21300.0,PE
2024-01-04 10:11:00,80.25,80.25,80.25,80.25,650,94750,21300.0,PE
2024-01-04 10:12:00,79.8,79.8,79.2,79.2,1600,94750,21300.0,PE
2024-01-04 10:13:00,79.5,79.5,79.15,79.15,500,94750,21300.0,PE
2024-01-04 10:14:00,76.15,76.15,74.9,74.9,1450,94750,21300.0,PE
2024-01-04 10:15:00,74.9,74.9,74.8,74.8,400,95250,21300.0,PE
2024-01-04 10:16:00,74.4,74.5,74.4,74.45,2200,95250,21300.0,PE
2024-01-04 10:17:00,74.8,74.8,74.0,74.0,250,96350,21300.0,PE
2024-01-04 10:18:00,73.95,73.95,73.35,73.35,250,96350,21300.0,PE
2024-01-04 10:19:00,73.0,74.4,73.0,74.2,3000,96350,21300.0,PE
2024-01-04 10:20:00,74.1,74.1,72.9,72.9,1800,93750,21300.0,PE
2024-01-04 10:21:00,71.75,72.7,71.75,72.7,1200,93750,21300.0,PE
2024-01-04 10:22:00,73.35,73.65,73.35,73.65,400,93750,21300.0,PE
2024-01-04 10:23:00,73.55,74.35,73.05,74.35,200,92850,21300.0,PE
2024-01-04 10:24:00,74.7,74.7,74.0,74.0,350,92850,21300.0,PE
2024-01-04 10:25:00,74.05,74.85,74.05,74.15,550,92850,21300.0,PE
2024-01-04 10:26:00,74.5,74.5,74.35,74.35,250,92650,21300.0,PE
2024-01-04 10:27:00,74.35,74.35,74.1,74.1,100,92650,21300.0,PE
2024-01-04 10:28:00,74.6,74.6,74.6,74.6,50,92650,21300.0,PE
2024-01-04 10:29:00,73.6,73.6,73.6,73.6,250,92650,21300.0,PE
2024-01-04 10:30:00,72.45,72.45,72.45,72.45,550,92650,21300.0,PE
2024-01-04 10:31:00,72.9,72.9,72.3,72.5,1550,92650,21300.0,PE
2024-01-04 10:32:00,72.55,72.9,72.55,72.9,400,93750,21300.0,PE
2024-01-04 10:33:00,73.15,73.15,73.15,73.15,300,93750,21300.0,PE
2024-01-04 10:34:00,73.15,73.15,73.0,73.0,200,93750,21300.0,PE
2024-01-04 10:35:00,72.3,73.25,72.3,72.95,250,93500,21300.0,PE
2024-01-04 10:36:00,73.0,73.0,71.75,71.75,800,93500,21300.0,PE
2024-01-04 10:37:00,71.7,72.9,71.7,72.9,1650,93500,21300.0,PE
2024-01-04 10:38:00,72.4,73.3,72.2,72.2,850,91650,21300.0,PE
2024-01-04 10:39:00,71.9,73.2,71.9,72.95,500,91650,21300.0,PE
2024-01-04 10:40:00,73.1,73.1,72.6,73.0,650,91650,21300.0,PE
2024-01-04 10:41:00,72.1,72.1,71.4,71.4,100,91650,21300.0,PE
2024-01-04 10:42:00,71.4,71.6,71.4,71.6,950,91300,21300.0,PE
2024-01-04 10:43:00,72.3,72.3,71.7,71.7,450,91300,21300.0,PE
2024-01-04 10:44:00,72.3,72.45,72.1,72.1,650,91400,21300.0,PE
2024-01-04 10:45:00,72.0,72.0,72.0,72.0,50,91400,21300.0,PE
2024-01-04 10:46:00,72.65,72.65,72.65,72.65,500,91400,21300.0,PE
2024-01-04 10:47:00,72.9,72.9,72.45,72.45,200,91550,21300.0,PE
2024-01-04 10:48:00,73.05,73.1,72.7,72.85,900,91550,21300.0,PE
2024-01-04 10:49:00,72.85,73.65,72.85,73.5,700,91550,21300.0,PE
2024-01-04 10:50:00,73.1,73.95,73.1,73.95,350,90650,21300.0,PE
2024-01-04 10:51:00,74.0,74.1,73.7,74.1,450,90650,21300.0,PE
2024-01-04 10:52:00,74.05,74.25,74.05,74.05,1100,90650,21300.0,PE
2024-01-04 10:53:00,74.5,74.5,74.5,74.5,150,90650,21300.0,PE
2024-01-04 10:54:00,73.85,73.85,73.85,73.85,100,90800,21300.0,PE
2024-01-04 10:55:00,73.55,73.65,73.5,73.65,250,90800,21300.0,PE
2024-01-04 10:56:00,73.4,73.4,73.4,73.4,150,90800,21300.0,PE
2024-01-04 10:57:00,73.05,73.05,73.05,73.05,850,90650,21300.0,PE
2024-01-04 10:58:00,73.85,73.85,73.75,73.8,600,90650,21300.0,PE
2024-01-04 11:00:00,73.95,73.95,72.9,72.9,1900,90500,21300.0,PE
2024-01-04 11:02:00,72.9,73.7,72.9,73.05,500,91150,21300.0,PE
2024-01-04 11:03:00,73.4,73.65,72.0,72.0,1250,91150,21300.0,PE
2024-01-04 11:04:00,72.35,72.35,72.35,72.35,100,91150,21300.0,PE
2024-01-04 11:05:00,72.25,72.65,72.15,72.15,550,91500,21300.0,PE
2024-01-04 11:06:00,72.75,72.85,72.75,72.85,100,91500,21300.0,PE
2024-01-04 11:07:00,72.75,72.75,72.2,72.65,500,91500,21300.0,PE
2024-01-04 11:08:00,72.2,72.4,71.7,71.7,700,91650,21300.0,PE
2024-01-04 11:09:00,72.25,72.25,72.2,72.2,200,91650,21300.0,PE
2024-01-04 11:10:00,72.0,72.0,72.0,72.0,50,91650,21300.0,PE
2024-01-04 11:11:00,72.0,72.0,72.0,72.0,900,91650,21300.0,PE
2024-01-04 11:12:00,71.65,71.65,71.65,71.65,100,91850,21300.0,PE
2024-01-04 11:13:00,71.0,71.0,71.0,71.0,550,91850,21300.0,PE
2024-01-04 11:14:00,71.35,71.6,71.15,71.6,250,91850,21300.0,PE
2024-01-04 11:15:00,70.55,70.55,70.55,70.55,150,91700,21300.0,PE
2024-01-04 11:16:00,70.1,70.1,70.1,70.1,1200,91700,21300.0,PE
2024-01-04 11:17:00,70.1,70.1,70.1,70.1,150,91700,21300.0,PE
2024-01-04 11:18:00,70.9,71.1,70.9,71.1,1350,92000,21300.0,PE
2024-01-04 11:19:00,70.95,72.1,70.95,72.0,3150,92000,21300.0,PE
2024-01-04 11:20:00,71.65,72.0,71.4,71.55,700,92000,21300.0,PE
2024-01-04 11:21:00,72.3,72.3,72.3,72.3,450,90450,21300.0,PE
2024-01-04 11:22:00,72.25,72.25,71.55,71.55,550,90450,21300.0,PE
2024-01-04 11:23:00,71.55,71.55,71.4,71.4,400,90050,21300.0,PE
2024-01-04 11:24:00,71.95,71.95,71.8,71.8,300,90050,21300.0,PE
2024-01-04 11:25:00,71.95,72.0,71.95,72.0,100,90050,21300.0,PE
2024-01-04 11:26:00,71.95,72.15,71.85,72.15,250,90050,21300.0,PE
2024-01-04 11:27:00,72.15,72.5,71.95,72.5,900,89950,21300.0,PE
2024-01-04 11:28:00,72.5,72.5,72.5,72.5,200,89950,21300.0,PE
2024-01-04 11:29:00,72.25,72.25,71.4,72.2,750,89950,21300.0,PE
2024-01-04 11:30:00,72.25,72.25,72.0,72.0,600,90200,21300.0,PE
2024-01-04 11:31:00,72.0,72.0,72.0,72.0,100,90200,21300.0,PE
2024-01-04 11:32:00,71.5,71.55,71.3,71.3,1750,88700,21300.0,PE
2024-01-04 11:33:00,71.5,72.0,71.5,72.0,200,88700,21300.0,PE
2024-01-04 11:34:00,72.25,72.25,72.2,72.2,450,88700,21300.0,PE
2024-01-04 11:35:00,72.25,72.25,71.8,71.8,400,88700,21300.0,PE
2024-01-04 11:36:00,71.15,71.15,71.15,71.15,200,88700,21300.0,PE
2024-01-04 11:37:00,71.15,71.65,71.15,71.65,400,88500,21300.0,PE
2024-01-04 11:41:00,70.7,70.85,70.6,70.85,500,88750,21300.0,PE
2024-01-04 11:42:00,70.8,70.8,70.8,70.8,100,88750,21300.0,PE
2024-01-04 11:43:00,71.0,71.0,71.0,71.0,50,88750,21300.0,PE
2024-01-04 11:44:00,70.85,70.85,70.6,70.6,100,88750,21300.0,PE
2024-01-04 11:46:00,70.85,70.9,70.6,70.6,150,88850,21300.0,PE
2024-01-04 11:47:00,70.0,70.0,70.0,70.0,100,88850,21300.0,PE
2024-01-04 11:49:00,69.0,69.0,69.0,69.0,350,88850,21300.0,PE
2024-01-04 11:50:00,68.35,68.35,68.3,68.3,500,88850,21300.0,PE
2024-01-04 11:52:00,68.0,68.0,68.0,68.0,2250,88950,21300.0,PE
2024-01-04 11:55:00,68.5,68.5,68.5,68.5,150,90000,21300.0,PE
2024-01-04 11:56:00,68.6,68.6,68.6,68.6,250,90000,21300.0,PE
2024-01-04 11:57:00,68.65,68.65,68.65,68.65,100,89750,21300.0,PE
2024-01-04 12:00:00,68.0,68.0,67.25,67.25,400,89850,21300.0,PE
2024-01-04 12:01:00,68.2,68.25,68.0,68.0,300,89850,21300.0,PE
2024-01-04 12:02:00,67.9,68.2,67.85,67.95,2300,88250,21300.0,PE
2024-01-04 12:03:00,67.95,67.95,67.05,67.55,2100,88250,21300.0,PE
2024-01-04 12:04:00,67.2,67.2,67.2,67.2,50,88250,21300.0,PE
2024-01-04 12:05:00,67.0,67.65,67.0,67.65,350,87000,21300.0,PE
2024-01-04 12:06:00,67.65,67.65,67.65,67.65,50,87000,21300.0,PE
2024-01-04 12:07:00,67.75,68.1,67.7,67.85,650,87000,21300.0,PE
2024-01-04 12:09:00,68.6,68.6,68.6,68.6,50,87400,21300.0,PE
2024-01-04 12:10:00,68.35,68.35,68.35,68.35,100,87400,21300.0,PE
2024-01-04 12:11:00,67.9,67.9,67.9,67.9,100,87400,21300.0,PE
2024-01-04 12:13:00,68.4,68.4,68.4,68.4,50,87450,21300.0,PE
2024-01-04 12:15:00,68.25,68.25,68.25,68.25,50,87450,21300.0,PE
2024-01-04 12:18:00,68.0,68.25,68.0,68.25,500,87500,21300.0,PE
2024-01-04 12:19:00,67.95,67.95,67.85,67.85,100,87500,21300.0,PE
2024-01-04 12:20:00,68.0,68.0,67.8,67.8,300,87500,21300.0,PE
2024-01-04 12:21:00,67.8,67.85,67.3,67.3,2150,87850,21300.0,PE
2024-01-04 12:22:00,67.3,67.3,67.0,67.0,2100,87850,21300.0,PE
2024-01-04 12:23:00,66.0,66.0,65.25,65.25,2700,87850,21300.0,PE
2024-01-04 12:24:00,65.15,65.15,65.0,65.0,400,91150,21300.0,PE
2024-01-04 12:25:00,64.65,64.65,64.2,64.2,300,91150,21300.0,PE
2024-01-04 12:28:00,64.0,64.0,64.0,64.0,50,91400,21300.0,PE
2024-01-04 12:29:00,64.0,64.0,64.0,64.0,50,91400,21300.0,PE
2024-01-04 12:31:00,64.65,64.95,64.65,64.95,750,91500,21300.0,PE
2024-01-04 12:32:00,64.45,65.0,64.45,65.0,350,91500,21300.0,PE
2024-01-04 12:33:00,65.0,65.15,65.0,65.15,200,91600,21300.0,PE
2024-01-04 12:34:00,65.65,65.65,65.2,65.4,200,91600,21300.0,PE
2024-01-04 12:35:00,65.95,65.95,65.95,65.95,200,91600,21300.0,PE
2024-01-04 12:36:00,66.0,66.0,66.0,66.0,450,91500,21300.0,PE
2024-01-04 12:37:00,66.0,66.45,66.0,66.45,350,91500,21300.0,PE
2024-01-04 12:38:00,66.45,66.45,66.15,66.15,350,91500,21300.0,PE
2024-01-04 12:39:00,65.55,65.55,65.55,65.55,300,92150,21300.0,PE
2024-01-04 12:40:00,65.55,65.55,65.55,65.55,250,92150,21300.0,PE
2024-01-04 12:42:00,65.3,65.3,65.0,65.0,300,92400,21300.0,PE
2024-01-04 12:45:00,64.65,65.25,64.65,65.2,2500,92700,21300.0,PE
2024-01-04 12:46:00,64.95,64.95,64.95,64.95,200,92700,21300.0,PE
2024-01-04 12:48:00,65.0,65.0,65.0,65.0,1900,93100,21300.0,PE
2024-01-04 12:51:00,65.2,65.5,65.2,65.5,150,91600,21300.0,PE
2024-01-04 12:52:00,65.25,65.25,65.25,65.25,50,91600,21300.0,PE
2024-01-04 12:53:00,65.65,65.65,65.65,65.65,50,91600,21300.0,PE
2024-01-04 12:54:00,65.0,65.0,65.0,65.0,250,91750,21300.0,PE
2024-01-04 12:56:00,65.0,65.0,65.0,65.0,50,91750,21300.0,PE
2024-01-04 12:57:00,65.05,65.05,64.9,64.95,450,91750,21300.0,PE
2024-01-04 12:58:00,65.0,65.0,65.0,65.0,200,91750,21300.0,PE
2024-01-04 13:00:00,66.15,66.15,66.15,66.15,50,91850,21300.0,PE
2024-01-04 13:01:00,65.4,65.4,65.4,65.4,750,91850,21300.0,PE
2024-01-04 13:06:00,64.85,65.15,64.85,65.15,850,92000,21300.0,PE
2024-01-04 13:09:00,65.35,65.35,65.2,65.2,200,92650,21300.0,PE
2024-01-04 13:10:00,65.05,65.05,65.05,65.05,300,92650,21300.0,PE
2024-01-04 13:11:00,64.8,64.8,64.8,64.8,100,92650,21300.0,PE
2024-01-04 13:12:00,65.4,65.4,65.4,65.4,300,93050,21300.0,PE
2024-01-04 13:13:00,64.85,64.85,64.85,64.85,50,93050,21300.0,PE
2024-01-04 13:14:00,64.95,65.05,64.8,64.8,7100,93050,21300.0,PE
2024-01-04 13:15:00,65.0,65.05,64.8,65.0,3950,99350,21300.0,PE
2024-01-04 13:16:00,64.5,65.15,64.5,65.15,850,99350,21300.0,PE
2024-01-04 13:18:00,65.5,65.5,65.5,65.5,300,102650,21300.0,PE
2024-01-04 13:19:00,65.95,66.05,65.95,66.05,200,102650,21300.0,PE
2024-01-04 13:20:00,65.85,66.15,65.55,65.55,450,102650,21300.0,PE
2024-01-04 13:22:00,65.8,65.8,65.8,65.8,50,102600,21300.0,PE
2024-01-04 13:24:00,65.9,65.9,65.9,65.9,50,102550,21300.0,PE
2024-01-04 13:25:00,65.5,65.6,65.5,65.6,100,102550,21300.0,PE
2024-01-04 13:26:00,65.5,65.75,65.5,65.75,150,102550,21300.0,PE
2024-01-04 13:27:00,65.25,65.25,65.25,65.25,50,102250,21300.0,PE
2024-01-04 13:30:00,65.85,66.55,65.85,66.55,250,102300,21300.0,PE
2024-01-04 13:31:00,66.2,66.6,66.05,66.4,650,102300,21300.0,PE
2024-01-04 13:32:00,66.1,66.2,66.1,66.2,200,102300,21300.0,PE
2024-01-04 13:34:00,65.1,65.5,65.1,65.5,450,102500,21300.0,PE
2024-01-04 13:35:00,65.2,65.2,65.2,65.2,100,102500,21300.0,PE
2024-01-04 13:36:00,65.15,65.45,65.0,65.0,500,102600,21300.0,PE
2024-01-04 13:37:00,64.7,64.7,64.7,64.7,100,102600,21300.0,PE
2024-01-04 13:38:00,64.5,64.5,63.75,63.75,800,102600,21300.0,PE
2024-01-04 13:39:00,63.0,63.0,62.95,62.95,650,101750,21300.0,PE
2024-01-04 13:40:00,62.0,62.0,61.4,61.4,200,101750,21300.0,PE
2024-01-04 13:41:00,61.4,61.8,61.4,61.55,350,101750,21300.0,PE
2024-01-04 13:42:00,62.05,62.05,62.05,62.05,100,101950,21300.0,PE
2024-01-04 13:43:00,62.15,62.5,62.1,62.3,300,101950,21300.0,PE
2024-01-04 13:45:00,62.75,63.0,62.75,63.0,150,102050,21300.0,PE
2024-01-04 13:46:00,63.0,63.0,63.0,63.0,750,102050,21300.0,PE
2024-01-04 13:47:00,62.85,62.85,62.85,62.85,50,102050,21300.0,PE
2024-01-04 13:49:00,63.15,63.15,62.95,62.95,150,102800,21300.0,PE
2024-01-04 13:50:00,62.75,62.75,62.7,62.7,100,102800,21300.0,PE
2024-01-04 13:51:00,62.8,62.8,62.8,62.8,50,102800,21300.0,PE
2024-01-04 13:52:00,62.15,62.15,62.15,62.15,50,102800,21300.0,PE
2024-01-04 13:53:00,62.15,62.2,62.15,62.2,100,102800,21300.0,PE
2024-01-04 13:54:00,62.2,62.3,62.2,62.3,100,102900,21300.0,PE
2024-01-04 13:55:00,62.2,62.2,62.0,62.05,350,102900,21300.0,PE
2024-01-04 13:56:00,62.0,62.0,62.0,62.0,50,102900,21300.0,PE
2024-01-04 13:57:00,62.15,62.15,62.0,62.0,150,102900,21300.0,PE
2024-01-04 13:58:00,62.5,62.5,62.5,62.5,50,102900,21300.0,PE
2024-01-04 13:59:00,62.45,62.45,62.45,62.45,200,102900,21300.0,PE
2024-01-04 14:00:00,62.5,62.5,62.5,62.5,450,102700,21300.0,PE
2024-01-04 14:01:00,62.95,62.95,62.95,62.95,50,102700,21300.0,PE
2024-01-04 14:02:00,62.95,64.0,62.95,64.0,1050,102700,21300.0,PE
2024-01-04 14:03:00,63.85,64.1,63.85,64.1,450,102600,21300.0,PE
2024-01-04 14:04:00,63.7,63.7,63.7,63.7,50,102600,21300.0,PE
2024-01-04 14:05:00,63.7,63.7,63.7,63.7,50,102600,21300.0,PE
2024-01-04 14:06:00,63.5,63.5,63.5,63.5,50,102900,21300.0,PE
2024-01-04 14:07:00,63.4,63.4,63.4,63.4,100,102900,21300.0,PE
2024-01-04 14:08:00,63.9,63.9,63.9,63.9,50,102900,21300.0,PE
2024-01-04 14:09:00,64.0,64.0,64.0,64.0,50,102900,21300.0,PE
2024-01-04 14:10:00,63.9,63.9,63.0,63.0,400,102900,21300.0,PE
2024-01-04 14:11:00,62.65,62.65,62.35,62.35,150,102900,21300.0,PE
2024-01-04 14:13:00,62.65,62.65,62.65,62.65,50,102850,21300.0,PE
2024-01-04 14:15:00,63.7,63.9,63.7,63.9,100,102850,21300.0,PE
2024-01-04 14:16:00,63.35,63.35,62.85,62.85,1150,102850,21300.0,PE
2024-01-04 14:17:00,62.8,64.05,62.8,64.05,1200,102850,21300.0,PE
2024-01-04 14:18:00,64.0,64.05,64.0,64.05,200,104300,21300.0,PE
2024-01-04 14:20:00,63.25,63.25,63.1,63.25,150,104300,21300.0,PE
2024-01-04 14:21:00,63.25,63.25,62.45,62.45,550,104400,21300.0,PE
2024-01-04 14:24:00,62.2,62.2,62.2,62.2,200,104500,21300.0,PE
2024-01-04 14:25:00,62.3,62.3,62.3,62.3,100,104500,21300.0,PE
2024-01-04 14:26:00,63.0,63.55,63.0,63.55,300,104500,21300.0,PE
2024-01-04 14:27:00,63.7,63.7,63.7,63.7,150,104500,21300.0,PE
2024-01-04 14:28:00,65.75,65.75,64.95,65.25,1600,104400,21300.0,PE
2024-01-04 14:29:00,64.4,64.4,64.4,64.4,50,104400,21300.0,PE
2024-01-04 14:30:00,64.15,64.6,63.55,63.55,450,105000,21300.0,PE
2024-01-04 14:31:00,63.55,63.55,63.15,63.2,750,105000,21300.0,PE
2024-01-04 14:32:00,62.8,63.0,62.8,63.0,150,105000,21300.0,PE
2024-01-04 14:33:00,63.0,64.0,63.0,64.0,500,105150,21300.0,PE
2024-01-04 14:35:00,64.95,65.0,64.95,65.0,300,105150,21300.0,PE
2024-01-04 14:37:00,64.8,64.9,64.8,64.9,150,105050,21300.0,PE
2024-01-04 14:38:00,64.0,64.2,64.0,64.2,750,105050,21300.0,PE
2024-01-04 14:39:00,64.95,64.95,64.95,64.95,150,105350,21300.0,PE
2024-01-04 14:40:00,65.0,65.0,65.0,65.0,450,105350,21300.0,PE
2024-01-04 14:41:00,64.2,64.2,64.2,64.2,50,105350,21300.0,PE
2024-01-04 14:42:00,64.0,64.0,64.0,64.0,1650,105400,21300.0,PE
2024-01-04 14:43:00,63.75,63.75,63.75,63.75,100,105400,21300.0,PE
2024-01-04 14:44:00,64.2,64.2,64.2,64.2,50,105400,21300.0,PE
2024-01-04 14:45:00,64.8,64.8,64.8,64.8,50,105400,21300.0,PE
2024-01-04 14:46:00,64.5,64.5,64.5,64.5,350,105400,21300.0,PE
2024-01-04 14:47:00,64.7,64.7,64.7,64.7,450,105400,21300.0,PE
2024-01-04 14:49:00,64.2,64.2,63.5,63.5,550,105450,21300.0,PE
2024-01-04 14:50:00,63.65,63.65,63.65,63.65,300,105450,21300.0,PE
2024-01-04 14:51:00,65.7,65.7,65.7,65.7,200,105850,21300.0,PE
2024-01-04 14:52:00,64.35,64.9,64.35,64.9,500,105850,21300.0,PE
2024-01-04 14:53:00,65.0,65.0,65.0,65.0,250,105850,21300.0,PE
2024-01-04 14:54:00,65.0,65.0,64.75,64.75,100,106400,21300.0,PE
2024-01-04 14:55:00,65.2,65.2,65.2,65.2,750,106400,21300.0,PE
2024-01-04 14:57:00,65.0,65.0,65.0,65.0,100,106450,21300.0,PE
2024-01-04 14:58:00,64.7,64.7,64.7,64.7,50,106450,21300.0,PE
2024-01-04 14:59:00,64.1,64.1,64.1,64.1,250,106450,21300.0,PE
2024-01-04 15:00:00,63.15,63.15,62.35,62.35,200,106600,21300.0,PE
2024-01-04 15:01:00,63.25,63.25,62.65,62.65,250,106600,21300.0,PE
2024-01-04 15:02:00,63.05,63.05,62.95,62.95,100,106600,21300.0,PE
2024-01-04 15:03:00,62.5,62.5,62.5,62.5,50,106600,21300.0,PE
2024-01-04 15:04:00,62.4,62.4,61.85,62.05,850,106800,21300.0,PE
2024-01-04 15:05:00,61.9,62.15,61.45,61.85,1150,106800,21300.0,PE
2024-01-04 15:06:00,61.75,61.75,61.3,61.3,400,107450,21300.0,PE
2024-01-04 15:07:00,59.55,59.55,58.7,58.7,950,107450,21300.0,PE
2024-01-04 15:08:00,58.7,60.3,58.7,60.3,850,107450,21300.0,PE
2024-01-04 15:09:00,60.2,61.4,60.2,61.4,750,109400,21300.0,PE
2024-01-04 15:10:00,60.85,61.05,60.4,60.4,4400,109400,21300.0,PE
2024-01-04 15:11:00,60.4,60.4,59.15,59.9,3300,109400,21300.0,PE
2024-01-04 15:12:00,59.1,59.1,58.5,58.5,2650,114750,21300.0,PE
2024-01-04 15:13:00,58.1,58.65,58.0,58.65,5950,114750,21300.0,PE
2024-01-04 15:14:00,58.65,58.65,58.1,58.1,950,114750,21300.0,PE
2024-01-04 15:15:00,58.0,58.0,56.55,56.55,3000,121350,21300.0,PE
2024-01-04 15:16:00,56.3,56.6,56.2,56.6,3550,121350,21300.0,PE
2024-01-04 15:17:00,56.6,56.6,56.0,56.0,2750,121350,21300.0,PE
2024-01-04 15:18:00,56.0,56.15,56.0,56.15,1650,125750,21300.0,PE
2024-01-04 15:19:00,56.15,56.15,56.05,56.15,250,125750,21300.0,PE
2024-01-04 15:20:00,56.2,56.2,55.6,56.05,4800,125750,21300.0,PE
2024-01-04 15:21:00,54.9,55.05,54.65,54.65,950,129300,21300.0,PE
2024-01-04 15:22:00,54.0,54.0,53.25,53.25,3400,129300,21300.0,PE
2024-01-04 15:23:00,53.25,53.55,53.25,53.55,2200,129300,21300.0,PE
2024-01-04 15:24:00,52.75,52.8,52.75,52.8,1150,131900,21300.0,PE
2024-01-04 15:25:00,52.45,52.8,51.95,51.95,15200,131900,21300.0,PE
2024-01-04 15:26:00,51.95,51.95,51.1,51.15,3800,131900,21300.0,PE
2024-01-04 15:27:00,51.0,51.75,50.4,50.4,4750,125350,21300.0,PE
2024-01-04 15:28:00,50.2,51.1,50.1,50.1,5750,125350,21300.0,PE
2024-01-04 15:29:00,50.05,50.05,49.0,49.0,4850,125350,21300.0,PE
2024-01-05 09:15:00,46.5,51.45,45.45,45.45,21902,128400,21300.0,PE
2024-01-05 09:16:00,45.3,45.85,44.6,45.35,7950,128400,21300.0,PE
2024-01-05 09:17:00,45.25,45.4,44.55,44.55,13850,135750,21300.0,PE
2024-01-05 09:18:00,44.55,45.3,44.55,44.85,4150,135750,21300.0,PE
2024-01-05 09:19:00,45.0,45.6,44.75,45.0,3300,135750,21300.0,PE
2024-01-05 09:20:00,45.55,46.15,45.05,45.45,3100,136800,21300.0,PE
2024-01-05 09:21:00,45.5,46.0,45.3,45.9,1900,136800,21300.0,PE
2024-01-05 09:22:00,45.75,46.35,45.75,45.8,2250,136800,21300.0,PE
2024-01-05 09:23:00,46.0,46.25,45.9,46.25,2450,137900,21300.0,PE
2024-01-05 09:24:00,46.25,46.65,46.2,46.5,1800,137900,21300.0,PE
2024-01-05 09:25:00,46.7,47.05,46.55,47.05,26400,137900,21300.0,PE
2024-01-05 09:26:00,46.85,47.5,46.85,46.95,6300,120650,21300.0,PE
2024-01-05 09:27:00,46.85,46.85,46.2,46.2,700,120650,21300.0,PE
2024-01-05 09:28:00,45.95,47.05,45.95,47.05,2600,120650,21300.0,PE
2024-01-05 09:29:00,47.2,47.2,45.8,46.05,41900,157250,21300.0,PE
2024-01-05 09:30:00,46.25,46.45,44.7,44.7,3450,157250,21300.0,PE
2024-01-05 09:31:00,44.65,44.75,43.75,43.75,3050,157250,21300.0,PE
2024-01-05 09:32:00,43.75,44.45,43.75,44.4,3550,159800,21300.0,PE
2024-01-05 09:33:00,44.8,45.9,44.7,45.9,7250,159800,21300.0,PE
2024-01-05 09:34:00,45.95,46.5,45.35,45.55,2700,159800,21300.0,PE
2024-01-05 09:35:00,45.95,45.95,45.0,45.0,1300,163800,21300.0,PE
2024-01-05 09:36:00,44.6,45.3,44.6,45.25,2050,163800,21300.0,PE
2024-01-05 09:37:00,45.0,45.2,44.8,45.1,4450,163800,21300.0,PE
2024-01-05 09:38:00,45.0,45.0,45.0,45.0,1550,164550,21300.0,PE
2024-01-05 09:39:00,44.5,44.6,44.45,44.5,2300,164550,21300.0,PE
2024-01-05 09:40:00,44.5,45.45,44.2,45.0,2950,164550,21300.0,PE
2024-01-05 09:41:00,44.7,45.0,44.5,45.0,550,167050,21300.0,PE
2024-01-05 09:42:00,44.45,44.8,44.3,44.5,950,167050,21300.0,PE
2024-01-05 09:43:00,44.5,44.5,43.9,44.0,850,167050,21300.0,PE
2024-01-05 09:44:00,45.0,45.0,44.35,44.4,650,167500,21300.0,PE
2024-01-05 09:45:00,44.2,45.15,44.2,45.15,1750,167500,21300.0,PE
2024-01-05 09:46:00,45.05,45.1,44.2,44.2,3400,167500,21300.0,PE
2024-01-05 09:47:00,44.05,44.1,43.7,43.75,10250,174650,21300.0,PE
2024-01-05 09:48:00,44.0,44.7,43.9,44.4,2650,174650,21300.0,PE
2024-01-05 09:49:00,45.15,45.6,44.7,45.2,2650,174650,21300.0,PE
2024-01-05 09:50:00,45.0,45.0,44.25,44.35,2600,179950,21300.0,PE
2024-01-05 09:51:00,44.15,44.4,43.8,44.2,2850,179950,21300.0,PE
2024-01-05 09:52:00,44.25,44.6,43.4,44.0,5400,179950,21300.0,PE
2024-01-05 09:53:00,44.05,44.4,43.65,44.15,4650,183300,21300.0,PE
2024-01-05 09:54:00,43.85,44.5,43.75,44.1,5100,183300,21300.0,PE
2024-01-05 09:55:00,44.2,44.5,44.0,44.3,4300,183300,21300.0,PE
2024-01-05 09:56:00,44.2,44.75,43.95,44.2,5750,186700,21300.0,PE
2024-01-05 09:57:00,44.15,44.5,44.05,44.35,3600,186700,21300.0,PE
2024-01-05 09:58:00,44.45,44.45,43.95,44.15,3700,186700,21300.0,PE
2024-01-05 09:59:00,44.15,45.15,43.85,44.35,4000,193600,21300.0,PE
2024-01-05 10:00:00,44.6,44.6,44.2,44.3,1050,193600,21300.0,PE
2024-01-05 10:01:00,44.85,45.45,44.85,45.05,2650,193600,21300.0,PE
2024-01-05 10:02:00,45.05,45.05,44.25,44.25,1200,193150,21300.0,PE
2024-01-05 10:03:00,44.55,44.65,44.2,44.2,3700,193150,21300.0,PE
2024-01-05 10:04:00,44.2,44.3,44.2,44.3,950,193150,21300.0,PE
2024-01-05 10:05:00,44.6,44.85,44.6,44.85,250,193150,21300.0,PE
2024-01-05 10:06:00,45.0,45.0,43.7,43.75,3850,193400,21300.0,PE
2024-01-05 10:07:00,44.05,44.5,44.05,44.35,650,193400,21300.0,PE
2024-01-05 10:08:00,44.3,44.4,43.95,43.95,3800,194900,21300.0,PE
2024-01-05 10:09:00,44.0,44.0,44.0,44.0,200,194900,21300.0,PE
2024-01-05 10:10:00,44.0,44.1,43.85,43.95,1300,194900,21300.0,PE
2024-01-05 10:12:00,44.15,44.5,44.15,44.5,800,192950,21300.0,PE
2024-01-05 10:13:00,43.65,43.65,43.65,43.65,50,192950,21300.0,PE
2024-01-05 10:14:00,44.4,44.45,44.35,44.4,2250,193050,21300.0,PE
2024-01-05 10:15:00,45.0,45.55,44.1,44.35,16150,193050,21300.0,PE
2024-01-05 10:16:00,44.35,44.55,44.1,44.45,3450,193050,21300.0,PE
2024-01-05 10:17:00,45.05,45.2,45.0,45.0,350,208200,21300.0,PE
2024-01-05 10:18:00,45.3,46.15,45.25,46.15,2500,208200,21300.0,PE
2024-01-05 10:19:00,46.0,46.25,45.45,46.0,4150,208200,21300.0,PE
2024-01-05 10:20:00,46.2,46.6,46.15,46.4,3650,208250,21300.0,PE
2024-01-05 10:21:00,46.1,46.45,45.1,45.1,11500,208250,21300.0,PE
2024-01-05 10:22:00,45.35,45.35,44.45,44.6,9100,208250,21300.0,PE
2024-01-05 10:23:00,45.75,45.75,45.6,45.6,100,208250,21300.0,PE
2024-01-05 10:24:00,46.0,46.0,45.6,45.6,400,207450,21300.0,PE
2024-01-05 10:25:00,45.7,45.7,45.7,45.7,400,207450,21300.0,PE
2024-01-05 10:26:00,45.35,46.0,45.3,45.95,3200,208450,21300.0,PE
2024-01-05 10:27:00,45.85,46.3,45.85,46.0,250,208450,21300.0,PE
2024-01-05 10:28:00,45.75,45.75,45.0,45.2,1450,208450,21300.0,PE
2024-01-05 10:29:00,45.1,45.2,44.65,44.85,4400,210700,21300.0,PE
2024-01-05 10:30:00,44.4,44.5,44.15,44.15,600,210700,21300.0,PE
2024-01-05 10:31:00,43.95,44.15,43.85,43.95,1650,210700,21300.0,PE
2024-01-05 10:32:00,43.85,44.05,43.2,44.05,4100,211700,21300.0,PE
2024-01-05 10:33:00,43.65,43.85,43.55,43.85,1450,211700,21300.0,PE
2024-01-05 10:34:00,43.9,43.9,43.65,43.65,4750,211700,21300.0,PE
2024-01-05 10:35:00,43.7,43.85,43.3,43.55,3550,214900,21300.0,PE
2024-01-05 10:36:00,43.5,43.9,43.3,43.9,3250,214900,21300.0,PE
2024-01-05 10:37:00,43.7,44.0,43.35,43.6,3600,214900,21300.0,PE
2024-01-05 10:38:00,43.5,44.0,43.5,43.8,1600,217350,21300.0,PE
2024-01-05 10:39:00,43.85,44.25,43.75,43.75,1150,217350,21300.0,PE
2024-01-05 10:40:00,44.3,44.5,44.3,44.45,500,217350,21300.0,PE
2024-01-05 10:41:00,44.5,44.5,44.1,44.1,2200,217300,21300.0,PE
2024-01-05 10:42:00,44.3,44.9,44.3,44.9,850,217300,21300.0,PE
2024-01-05 10:43:00,45.0,46.75,45.0,46.75,1650,217300,21300.0,PE
2024-01-05 10:44:00,46.75,48.45,46.6,47.55,8800,218700,21300.0,PE
2024-01-05 10:45:00,47.85,49.9,47.6,49.15,2250,218700,21300.0,PE
2024-01-05 10:46:00,49.2,50.0,48.9,48.9,5100,218700,21300.0,PE
2024-01-05 10:47:00,48.85,51.45,48.85,51.45,1400,219200,21300.0,PE
2024-01-05 10:48:00,51.8,52.6,50.85,52.0,2450,219200,21300.0,PE
2024-01-05 10:49:00,52.15,53.2,50.7,52.95,7750,219200,21300.0,PE
2024-01-05 10:50:00,53.0,53.25,51.35,51.8,7700,215150,21300.0,PE
2024-01-05 10:51:00,51.6,54.15,51.6,54.15,3700,215150,21300.0,PE
2024-01-05 10:52:00,52.95,53.4,52.55,53.4,950,215150,21300.0,PE
2024-01-05 10:53:00,54.2,55.65,53.65,55.6,6850,213450,21300.0,PE
2024-01-05 10:54:00,56.25,59.95,56.25,59.6,17050,213450,21300.0,PE
2024-01-05 10:55:00,60.0,60.85,58.85,59.8,10200,213450,21300.0,PE
2024-01-05 10:56:00,59.45,60.0,57.3,59.05,10750,217100,21300.0,PE
2024-01-05 10:57:00,58.45,58.45,55.65,55.75,9650,217100,21300.0,PE
2024-01-05 10:58:00,55.95,56.25,55.0,55.45,8650,217100,21300.0,PE
2024-01-05 10:59:00,55.05,55.05,54.2,54.6,3100,213900,21300.0,PE
2024-01-05 11:00:00,54.6,56.35,53.9,56.15,6600,213900,21300.0,PE
2024-01-05 11:01:00,56.15,58.0,56.05,57.15,8800,213900,21300.0,PE
2024-01-05 11:02:00,57.0,57.05,55.7,56.6,4650,215300,21300.0,PE
2024-01-05 11:03:00,55.75,55.85,54.85,55.15,5000,215300,21300.0,PE
2024-01-05 11:04:00,54.9,55.05,53.85,54.15,4550,215300,21300.0,PE
2024-01-05 11:05:00,54.85,54.85,53.7,54.0,800,212550,21300.0,PE
2024-01-05 11:06:00,53.85,54.85,53.8,53.8,500,212550,21300.0,PE
2024-01-05 11:07:00,52.9,53.0,52.9,53.0,600,212550,21300.0,PE
2024-01-05 11:08:00,53.35,53.35,52.55,52.55,1950,212450,21300.0,PE
2024-01-05 11:09:00,52.35,52.35,51.45,52.15,1950,212450,21300.0,PE
2024-01-05 11:10:00,51.55,51.55,50.95,50.95,1500,212450,21300.0,PE
2024-01-05 11:11:00,50.45,50.8,50.2,50.65,3300,209100,21300.0,PE
2024-01-05 11:12:00,50.35,50.35,49.9,49.9,2100,209100,21300.0,PE
2024-01-05 11:13:00,49.7,51.25,49.6,51.0,3600,209100,21300.0,PE
2024-01-05 11:14:00,50.4,51.6,50.25,51.6,2900,209850,21300.0,PE
2024-01-05 11:15:00,51.65,52.35,51.3,52.35,2550,209850,21300.0,PE
2024-01-05 11:16:00,52.35,53.1,52.0,53.1,2300,209850,21300.0,PE
2024-01-05 11:17:00,53.1,55.5,53.1,55.5,600,212800,21300.0,PE
2024-01-05 11:18:00,55.0,57.0,54.6,57.0,4050,212800,21300.0,PE
2024-01-05 11:19:00,57.1,58.05,56.75,56.75,4900,212800,21300.0,PE
2024-01-05 11:20:00,56.55,56.55,55.0,55.3,6650,215600,21300.0,PE
2024-01-05 11:21:00,55.7,56.65,55.7,56.65,1300,215600,21300.0,PE
2024-01-05 11:22:00,55.85,56.3,55.3,55.85,4900,215600,21300.0,PE
2024-01-05 11:23:00,56.0,56.0,54.8,54.8,1250,217550,21300.0,PE
2024-01-05 11:24:00,54.75,54.75,53.75,54.45,550,217550,21300.0,PE
2024-01-05 11:25:00,54.65,54.75,54.1,54.1,700,217550,21300.0,PE
2024-01-05 11:26:00,54.15,54.6,53.9,54.4,950,217400,21300.0,PE
2024-01-05 11:27:00,53.6,53.95,53.5,53.8,1150,217400,21300.0,PE
2024-01-05 11:28:00,53.8,53.95,52.9,52.9,1750,217400,21300.0,PE
2024-01-05 11:29:00,53.45,53.55,53.15,53.15,2050,220500,21300.0,PE
2024-01-05 11:30:00,52.9,53.7,52.9,53.7,250,220500,21300.0,PE
2024-01-05 11:31:00,53.3,53.4,53.3,53.4,200,220500,21300.0,PE
2024-01-05 11:32:00,52.2,52.2,51.6,51.6,400,220500,21300.0,PE
2024-01-05 11:33:00,52.25,52.35,52.25,52.35,400,220450,21300.0,PE
2024-01-05 11:34:00,52.65,53.0,52.65,53.0,200,220450,21300.0,PE
2024-01-05 11:35:00,53.6,53.6,53.4,53.5,750,220950,21300.0,PE
2024-01-05 11:36:00,53.6,54.55,53.6,54.1,3350,220950,21300.0,PE
2024-01-05 11:37:00,54.3,54.55,54.2,54.45,950,220950,21300.0,PE
2024-01-05 11:38:00,54.8,54.8,53.8,54.3,2850,222950,21300.0,PE
2024-01-05 11:39:00,54.0,54.35,53.5,54.35,5050,222950,21300.0,PE
2024-01-05 11:40:00,54.45,55.4,54.45,54.95,7700,222950,21300.0,PE
2024-01-05 11:41:00,54.8,56.6,54.8,56.2,2450,227650,21300.0,PE
2024-01-05 11:42:00,56.25,57.15,55.95,57.15,2700,227650,21300.0,PE
2024-01-05 11:43:00,56.85,56.85,56.0,56.85,10850,227650,21300.0,PE
2024-01-05 11:44:00,56.75,56.75,55.05,55.2,2700,228650,21300.0,PE
2024-01-05 11:45:00,55.0,56.15,54.8,55.75,6300,228650,21300.0,PE
2024-01-05 11:46:00,55.75,56.75,55.35,56.6,4550,228650,21300.0,PE
2024-01-05 11:47:00,56.05,58.35,56.05,58.35,5200,227650,21300.0,PE
2024-01-05 11:48:00,57.75,57.8,56.5,57.35,3600,227650,21300.0,PE
2024-01-05 11:49:00,56.7,57.0,56.35,56.6,750,227650,21300.0,PE
2024-01-05 11:50:00,56.3,56.55,56.25,56.25,450,227650,21300.0,PE
2024-01-05 11:51:00,54.25,55.0,53.85,55.0,3300,229000,21300.0,PE
2024-01-05 11:52:00,54.8,54.8,54.05,54.05,1300,229000,21300.0,PE
2024-01-05 11:53:00,54.2,54.2,53.15,53.15,1900,227400,21300.0,PE
2024-01-05 11:54:00,53.45,53.8,53.25,53.75,550,227400,21300.0,PE
2024-01-05 11:55:00,53.65,53.7,53.4,53.4,1950,227400,21300.0,PE
2024-01-05 11:56:00,52.3,53.65,52.3,53.65,1200,229050,21300.0,PE
2024-01-05 11:57:00,53.45,53.45,52.65,53.4,800,229050,21300.0,PE
2024-01-05 11:58:00,53.5,53.95,53.5,53.5,750,229050,21300.0,PE
2024-01-05 11:59:00,52.9,53.5,52.9,53.5,150,229500,21300.0,PE
2024-01-05 12:00:00,52.75,53.65,52.75,53.6,800,229500,21300.0,PE
2024-01-05 12:01:00,53.7,53.7,52.8,53.5,10150,229500,21300.0,PE
2024-01-05 12:02:00,53.6,53.6,53.25,53.25,850,234800,21300.0,PE
2024-01-05 12:03:00,53.85,54.75,53.4,53.4,3350,234800,21300.0,PE
2024-01-05 12:04:00,53.0,53.0,51.65,51.65,2800,234800,21300.0,PE
2024-01-05 12:05:00,50.8,51.55,50.05,51.55,4150,236200,21300.0,PE
2024-01-05 12:06:00,51.65,52.5,51.5,52.5,1600,236200,21300.0,PE
2024-01-05 12:07:00,52.55,52.55,52.0,52.0,1350,236200,21300.0,PE
2024-01-05 12:08:00,51.2,51.3,50.9,51.0,650,234950,21300.0,PE
2024-01-05 12:09:00,51.0,51.0,49.5,49.5,700,234950,21300.0,PE
2024-01-05 12:10:00,48.55,49.75,48.55,49.75,6900,234950,21300.0,PE
2024-01-05 12:11:00,49.65,50.9,48.6,50.9,5150,234950,21300.0,PE
2024-01-05 12:12:00,50.45,50.45,50.25,50.25,300,236600,21300.0,PE
2024-01-05 12:13:00,51.0,51.2,51.0,51.05,850,236600,21300.0,PE
2024-01-05 12:14:00,51.15,51.15,51.0,51.0,300,236600,21300.0,PE
2024-01-05 12:15:00,50.85,50.85,50.85,50.85,50,236850,21300.0,PE
2024-01-05 12:16:00,50.55,50.55,49.6,49.6,1050,236850,21300.0,PE
2024-01-05 12:17:00,49.4,49.4,48.45,48.5,900,238050,21300.0,PE
2024-01-05 12:18:00,48.8,48.8,47.85,47.85,250,238050,21300.0,PE
2024-01-05 12:19:00,48.0,48.0,47.5,47.65,2950,238050,21300.0,PE
2024-01-05 12:20:00,47.45,48.55,47.0,48.55,4650,242450,21300.0,PE
2024-01-05 12:21:00,48.05,48.3,48.05,48.3,750,242450,21300.0,PE
2024-01-05 12:22:00,48.0,48.2,47.25,47.25,1900,242450,21300.0,PE
2024-01-05 12:23:00,47.25,47.65,47.0,47.2,1700,242300,21300.0,PE
2024-01-05 12:24:00,47.45,47.85,47.0,47.45,1150,242300,21300.0,PE
2024-01-05 12:25:00,47.15,48.05,47.15,47.6,3950,242300,21300.0,PE
2024-01-05 12:26:00,47.4,47.65,47.15,47.5,5050,245950,21300.0,PE
2024-01-05 12:27:00,47.55,48.4,47.55,48.4,2250,245950,21300.0,PE
2024-01-05 12:28:00,48.25,48.55,48.0,48.55,1400,245950,21300.0,PE
2024-01-05 12:29:00,48.4,48.6,48.25,48.6,300,246050,21300.0,PE
2024-01-05 12:30:00,48.55,49.2,48.55,49.05,2350,246050,21300.0,PE
2024-01-05 12:31:00,49.55,49.7,49.55,49.65,400,246050,21300.0,PE
2024-01-05 12:32:00,47.9,48.3,47.5,48.3,550,246600,21300.0,PE
2024-01-05 12:33:00,48.4,48.4,48.4,48.4,500,246600,21300.0,PE
2024-01-05 12:34:00,48.6,49.9,48.6,49.9,1900,246600,21300.0,PE
2024-01-05 12:35:00,49.95,50.5,49.75,49.95,850,246600,21300.0,PE
2024-01-05 12:36:00,50.0,50.0,50.0,50.0,100,245700,21300.0,PE
2024-01-05 12:37:00,49.6,49.6,49.6,49.6,200,245700,21300.0,PE
2024-01-05 12:38:00,48.65,48.9,48.65,48.9,1250,245700,21300.0,PE
2024-01-05 12:40:00,49.45,49.6,49.45,49.6,400,246350,21300.0,PE
2024-01-05 12:41:00,49.35,50.3,49.35,50.1,2450,246350,21300.0,PE
2024-01-05 12:42:00,50.4,50.75,50.3,50.75,2000,247700,21300.0,PE
2024-01-05 12:43:00,50.6,50.75,50.6,50.75,250,247700,21300.0,PE
2024-01-05 12:44:00,50.4,50.75,49.6,49.6,2600,249550,21300.0,PE
2024-01-05 12:45:00,49.4,49.75,49.0,49.75,4900,249550,21300.0,PE
2024-01-05 12:46:00,49.9,50.55,49.85,50.1,2650,249550,21300.0,PE
2024-01-05 12:47:00,49.85,50.25,49.75,49.8,900,250400,21300.0,PE
2024-01-05 12:48:00,49.85,49.85,48.9,49.2,3550,250400,21300.0,PE
2024-01-05 12:49:00,48.95,49.0,48.4,48.9,3700,250400,21300.0,PE
2024-01-05 12:50:00,48.9,49.0,48.9,49.0,2650,250400,21300.0,PE
2024-01-05 12:51:00,49.5,50.0,49.4,49.5,1650,254500,21300.0,PE
2024-01-05 12:52:00,49.7,50.0,49.35,49.5,6600,254500,21300.0,PE
2024-01-05 12:53:00,49.8,50.0,49.45,49.95,2000,260850,21300.0,PE
2024-01-05 12:54:00,50.25,50.3,49.8,50.05,2900,260850,21300.0,PE
2024-01-05 12:55:00,50.25,51.2,49.45,50.25,3600,260850,21300.0,PE
2024-01-05 12:56:00,50.0,50.4,50.0,50.25,3000,264200,21300.0,PE
2024-01-05 12:57:00,50.0,50.2,49.85,50.05,1400,264200,21300.0,PE
2024-01-05 12:58:00,50.25,50.9,50.25,50.7,1100,264200,21300.0,PE
2024-01-05 12:59:00,50.8,51.7,50.35,51.7,3250,269200,21300.0,PE
2024-01-05 13:00:00,51.75,52.1,50.6,51.65,3100,269200,21300.0,PE
2024-01-05 13:01:00,51.6,51.6,50.15,50.15,2050,269200,21300.0,PE
2024-01-05 13:02:00,49.85,49.9,49.15,49.15,2750,268600,21300.0,PE
2024-01-05 13:03:00,49.15,49.8,48.8,49.6,3700,268600,21300.0,PE
2024-01-05 13:04:00,49.65,50.1,49.65,49.75,1450,268600,21300.0,PE
2024-01-05 13:05:00,49.85,49.95,49.85,49.95,150,268600,21300.0,PE
2024-01-05 13:06:00,49.6,50.9,49.6,50.9,700,269600,21300.0,PE
2024-01-05 13:07:00,50.0,50.5,49.65,50.05,800,269600,21300.0,PE
2024-01-05 13:08:00,50.25,50.25,49.25,49.25,1300,270250,21300.0,PE
2024-01-05 13:09:00,48.95,49.4,48.95,49.3,850,270250,21300.0,PE
2024-01-05 13:10:00,49.35,49.65,49.1,49.65,1000,270250,21300.0,PE
2024-01-05 13:11:00,49.7,50.05,49.55,49.6,450,271600,21300.0,PE
2024-01-05 13:12:00,49.15,49.3,49.0,49.0,4700,271600,21300.0,PE
2024-01-05 13:13:00,49.45,49.45,48.2,48.2,1650,271600,21300.0,PE
2024-01-05 13:14:00,48.7,48.7,48.7,48.7,50,271600,21300.0,PE
2024-01-05 13:15:00,49.0,49.6,49.0,49.4,950,269650,21300.0,PE
2024-01-05 13:16:00,49.6,50.0,49.55,49.9,2050,269650,21300.0,PE
2024-01-05 13:17:00,50.1,50.3,50.1,50.1,600,272450,21300.0,PE
2024-01-05 13:18:00,50.0,50.0,49.2,49.3,2050,272450,21300.0,PE
2024-01-05 13:19:00,49.0,49.0,49.0,49.0,400,272450,21300.0,PE
2024-01-05 13:20:00,48.3,49.15,48.3,49.15,250,272450,21300.0,PE
2024-01-05 13:21:00,48.9,48.9,48.25,48.45,1000,274150,21300.0,PE
2024-01-05 13:22:00,48.6,48.6,48.35,48.45,650,274150,21300.0,PE
2024-01-05 13:23:00,48.8,49.05,47.65,47.65,3750,274600,21300.0,PE
2024-01-05 13:24:00,48.1,48.45,48.1,48.45,450,274600,21300.0,PE
2024-01-05 13:25:00,48.6,49.1,48.6,49.1,300,274600,21300.0,PE
2024-01-05 13:26:00,49.45,49.75,49.4,49.75,850,274600,21300.0,PE
2024-01-05 13:27:00,49.85,49.85,48.9,48.9,1350,275500,21300.0,PE
2024-01-05 13:28:00,49.05,49.75,49.05,49.75,750,275500,21300.0,PE
2024-01-05 13:29:00,49.95,50.35,49.95,49.95,500,276450,21300.0,PE
2024-01-05 13:30:00,50.4,50.4,50.2,50.2,200,276450,21300.0,PE
2024-01-05 13:31:00,50.1,50.2,50.1,50.2,550,276450,21300.0,PE
2024-01-05 13:32:00,50.3,50.5,50.3,50.5,700,276450,21300.0,PE
2024-01-05 13:33:00,49.9,51.5,49.9,51.2,2350,276550,21300.0,PE
2024-01-05 13:34:00,51.2,52.1,51.15,51.15,950,276550,21300.0,PE
2024-01-05 13:35:00,51.8,51.8,50.55,51.25,1950,276550,21300.0,PE
2024-01-05 13:36:00,51.45,51.95,51.15,51.15,1650,277550,21300.0,PE
2024-01-05 13:37:00,52.0,52.35,51.9,52.35,1500,277550,21300.0,PE
2024-01-05 13:38:00,52.0,52.0,51.75,51.85,1750,276600,21300.0,PE
2024-01-05 13:39:00,51.8,51.8,51.6,51.6,1700,276600,21300.0,PE
2024-01-05 13:40:00,52.0,54.05,52.0,54.05,2000,276600,21300.0,PE
2024-01-05 13:41:00,54.5,55.8,54.3,55.75,13850,276600,21300.0,PE
2024-01-05 13:42:00,55.55,55.9,54.55,54.55,3700,290900,21300.0,PE
2024-01-05 13:43:00,54.5,54.5,52.7,53.15,750,290900,21300.0,PE
2024-01-05 13:44:00,53.1,53.1,52.35,52.35,1900,290900,21300.0,PE
2024-01-05 13:45:00,52.65,52.9,51.95,51.95,2400,287450,21300.0,PE
2024-01-05 13:46:00,52.25,52.9,52.25,52.25,1250,287450,21300.0,PE
2024-01-05 13:47:00,52.1,52.65,52.1,52.65,950,287450,21300.0,PE
2024-01-05 13:48:00,51.65,51.65,51.65,51.65,150,286850,21300.0,PE
2024-01-05 13:49:00,52.25,52.45,52.05,52.45,750,286850,21300.0,PE
2024-01-05 13:50:00,52.4,52.4,51.95,51.95,400,286850,21300.0,PE
2024-01-05 13:52:00,53.1,53.1,53.1,53.1,100,287350,21300.0,PE
2024-01-05 13:53:00,52.7,52.9,52.7,52.9,150,287350,21300.0,PE
2024-01-05 13:54:00,53.2,53.2,52.5,52.8,750,287250,21300.0,PE
2024-01-05 13:55:00,52.8,54.05,52.65,54.05,1050,287250,21300.0,PE
2024-01-05 13:56:00,54.6,56.25,54.6,55.3,3150,289350,21300.0,PE
2024-01-05 13:57:00,55.25,55.25,52.95,53.0,1600,289350,21300.0,PE
2024-01-05 13:58:00,52.9,52.9,50.2,50.6,5100,289350,21300.0,PE
2024-01-05 13:59:00,50.8,51.75,50.8,51.35,2500,289350,21300.0,PE
2024-01-05 14:00:00,51.4,52.45,50.75,52.45,1300,290600,21300.0,PE
2024-01-05 14:01:00,52.2,52.9,52.2,52.6,450,290600,21300.0,PE
2024-01-05 14:02:00,53.85,54.1,53.85,54.1,100,290600,21300.0,PE
2024-01-05 14:03:00,54.6,56.2,53.95,56.2,1250,289950,21300.0,PE
2024-01-05 14:04:00,56.1,57.25,56.1,57.25,2650,289950,21300.0,PE
2024-01-05 14:05:00,56.3,58.25,56.3,56.3,3900,289950,21300.0,PE
2024-01-05 14:06:00,56.0,56.05,56.0,56.05,400,290750,21300.0,PE
2024-01-05 14:07:00,55.2,57.1,55.2,57.1,2850,290750,21300.0,PE
2024-01-05 14:08:00,57.15,58.2,57.15,58.2,250,289800,21300.0,PE
2024-01-05 14:09:00,57.7,61.25,57.7,60.9,6100,289800,21300.0,PE
2024-01-05 14:10:00,60.95,60.95,58.25,59.4,1950,289800,21300.0,PE
2024-01-05 14:11:00,59.85,60.75,58.25,60.2,4550,285500,21300.0,PE
2024-01-05 14:12:00,60.1,61.45,59.8,61.2,3100,285500,21300.0,PE
2024-01-05 14:13:00,61.0,63.15,61.0,62.55,6350,285500,21300.0,PE
2024-01-05 14:14:00,62.55,62.55,61.2,61.4,5400,285500,21300.0,PE
2024-01-05 14:15:00,61.25,62.35,59.95,59.95,5500,285450,21300.0,PE
2024-01-05 14:16:00,59.4,61.55,59.05,61.35,3600,285450,21300.0,PE
2024-01-05 14:17:00,61.35,64.3,61.35,64.3,5500,285450,21300.0,PE
2024-01-05 14:18:00,64.3,66.8,62.8,66.8,8050,284100,21300.0,PE
2024-01-05 14:19:00,66.8,68.15,64.5,64.95,9150,284100,21300.0,PE
2024-01-05 14:20:00,66.0,68.0,66.0,66.75,8750,284100,21300.0,PE
2024-01-05 14:21:00,66.6,69.0,65.95,67.0,5550,273700,21300.0,PE
2024-01-05 14:22:00,68.0,68.0,65.3,66.0,6100,273700,21300.0,PE
2024-01-05 14:23:00,65.3,65.45,63.45,63.45,4450,273700,21300.0,PE
2024-01-05 14:24:00,63.5,63.8,61.55,63.55,3150,275400,21300.0,PE
2024-01-05 14:25:00,64.2,65.0,63.85,64.05,2900,275400,21300.0,PE
2024-01-05 14:26:00,64.0,65.35,63.8,65.35,4350,275400,21300.0,PE
2024-01-05 14:27:00,65.1,65.5,64.85,65.5,800,272800,21300.0,PE
2024-01-05 14:28:00,65.0,65.0,64.15,64.15,150,272800,21300.0,PE
2024-01-05 14:29:00,64.55,64.55,63.1,63.7,550,272800,21300.0,PE
2024-01-05 14:30:00,64.0,64.0,62.6,62.6,600,273100,21300.0,PE
2024-01-05 14:31:00,60.65,60.65,59.25,59.6,14600,273100,21300.0,PE
2024-01-05 14:32:00,60.15,61.2,59.9,61.2,2000,273100,21300.0,PE
2024-01-05 14:33:00,61.55,61.55,58.7,58.7,2900,264850,21300.0,PE
2024-01-05 14:34:00,58.8,60.0,58.8,59.6,1700,264850,21300.0,PE
2024-01-05 14:35:00,59.6,61.05,59.6,60.4,2450,264850,21300.0,PE
2024-01-05 14:36:00,60.6,61.3,60.6,61.3,1150,267600,21300.0,PE
2024-01-05 14:37:00,61.8,62.75,61.0,61.0,1900,267600,21300.0,PE
2024-01-05 14:38:00,61.85,61.85,60.05,60.05,900,267600,21300.0,PE
2024-01-05 14:39:00,59.5,60.0,57.9,58.3,2950,268100,21300.0,PE
2024-01-05 14:40:00,58.05,58.1,57.1,58.1,4050,268100,21300.0,PE
2024-01-05 14:41:00,58.8,58.8,58.8,58.8,200,268100,21300.0,PE
2024-01-05 14:42:00,58.3,58.3,55.95,56.4,8950,269700,21300.0,PE
2024-01-05 14:43:00,56.65,56.65,54.75,54.75,7450,269700,21300.0,PE
2024-01-05 14:44:00,54.85,54.85,53.1,53.2,11950,269700,21300.0,PE
2024-01-05 14:45:00,53.6,53.6,52.1,53.0,7100,284850,21300.0,PE
2024-01-05 14:46:00,52.8,52.8,51.3,52.2,10800,284850,21300.0,PE
2024-01-05 14:47:00,52.25,53.05,51.95,51.95,7450,284850,21300.0,PE
2024-01-05 14:48:00,51.55,51.85,51.0,51.4,6150,275300,21300.0,PE
2024-01-05 14:49:00,51.0,51.0,47.75,47.85,9200,275300,21300.0,PE
2024-01-05 14:50:00,47.25,47.6,43.2,43.35,28400,275300,21300.0,PE
2024-01-05 14:51:00,43.3,45.8,42.45,45.05,6650,282000,21300.0,PE
2024-01-05 14:52:00,45.2,45.4,43.35,43.5,11000,282000,21300.0,PE
2024-01-05 14:53:00,42.55,45.6,42.55,45.6,4300,282000,21300.0,PE
2024-01-05 14:54:00,45.4,45.45,44.15,44.15,5900,282700,21300.0,PE
2024-01-05 14:55:00,43.3,44.05,42.95,43.15,8650,282700,21300.0,PE
2024-01-05 14:56:00,43.2,44.6,43.2,44.2,11350,282700,21300.0,PE
2024-01-05 14:57:00,44.3,45.2,44.0,44.0,5200,284750,21300.0,PE
2024-01-05 14:58:00,44.1,45.1,44.1,45.1,5250,284750,21300.0,PE
2024-01-05 14:59:00,45.6,45.6,43.4,44.25,3500,284750,21300.0,PE
2024-01-05 15:00:00,43.8,43.8,41.05,43.05,7150,289150,21300.0,PE
2024-01-05 15:01:00,42.3,42.3,40.5,40.5,6100,289150,21300.0,PE
2024-01-05 15:02:00,40.8,40.8,38.1,38.65,12800,289150,21300.0,PE
2024-01-05 15:03:00,38.65,40.55,38.4,40.35,5550,292700,21300.0,PE
2024-01-05 15:04:00,40.3,40.55,39.1,39.1,7250,292700,21300.0,PE
2024-01-05 15:05:00,39.1,39.2,38.35,39.2,5600,292700,21300.0,PE
2024-01-05 15:06:00,39.0,40.95,39.0,40.7,4350,295100,21300.0,PE
2024-01-05 15:07:00,40.7,40.8,39.45,39.75,5800,295100,21300.0,PE
2024-01-05 15:08:00,39.2,39.55,38.9,39.4,8500,295100,21300.0,PE
2024-01-05 15:09:00,39.45,41.4,39.45,40.65,5300,300850,21300.0,PE
2024-01-05 15:10:00,40.65,41.05,40.3,40.6,27650,300850,21300.0,PE
2024-01-05 15:11:00,40.35,40.8,39.95,40.7,5500,300850,21300.0,PE
2024-01-05 15:12:00,40.8,42.7,40.8,42.7,6500,310500,21300.0,PE
2024-01-05 15:13:00,42.15,42.8,42.0,42.65,4750,310500,21300.0,PE
2024-01-05 15:14:00,42.4,42.4,41.05,41.05,2800,310500,21300.0,PE
2024-01-05 15:15:00,41.0,43.15,41.0,43.15,10250,308350,21300.0,PE
2024-01-05 15:16:00,43.0,44.5,43.0,44.0,3950,308350,21300.0,PE
2024-01-05 15:17:00,44.4,45.3,44.3,45.3,4750,308350,21300.0,PE
2024-01-05 15:18:00,45.1,45.8,44.95,45.6,7100,303900,21300.0,PE
2024-01-05 15:19:00,44.75,45.05,43.6,44.35,9150,303900,21300.0,PE
2024-01-05 15:20:00,44.3,44.95,43.85,43.85,7250,303900,21300.0,PE
2024-01-05 15:21:00,43.15,43.65,42.6,42.9,4850,305550,21300.0,PE
2024-01-05 15:22:00,42.9,43.95,42.9,43.85,8850,305550,21300.0,PE
2024-01-05 15:23:00,43.5,43.9,43.25,43.9,4550,305550,21300.0,PE
2024-01-05 15:24:00,44.0,44.3,43.0,43.0,7050,303200,21300.0,PE
2024-01-05 15:25:00,43.2,43.55,42.0,42.0,7950,303200,21300.0,PE
2024-01-05 15:26:00,42.05,42.2,40.6,40.6,7600,303200,21300.0,PE
2024-01-05 15:27:00,40.6,40.65,39.65,40.05,17000,304000,21300.0,PE
2024-01-05 15:28:00,39.65,39.95,39.2,39.75,12050,304000,21300.0,PE
2024-01-05 15:29:00,39.45,40.3,36.25,36.25,3250,304000,21300.0,PE
2024-01-08 09:15:00,42.0,42.85,41.05,41.75,13601,313500,21300.0,PE
2024-01-08 09:16:00,41.5,41.8,39.0,39.0,22550,313500,21300.0,PE
2024-01-08 09:17:00,39.75,40.15,39.0,40.15,7100,308000,21300.0,PE
2024-01-08 09:18:00,40.05,40.2,38.85,40.2,13200,308000,21300.0,PE
2024-01-08 09:19:00,39.45,40.1,39.4,39.4,7400,308000,21300.0,PE
2024-01-08 09:20:00,39.15,40.3,38.55,40.3,3400,311200,21300.0,PE
2024-01-08 09:21:00,41.0,41.7,41.0,41.2,6100,311200,21300.0,PE
2024-01-08 09:22:00,41.2,41.2,39.6,39.6,2050,311200,21300.0,PE
2024-01-08 09:23:00,39.4,39.4,38.45,38.45,6400,315500,21300.0,PE
2024-01-08 09:24:00,38.45,38.95,37.65,37.65,5250,315500,21300.0,PE
2024-01-08 09:25:00,37.65,38.05,37.0,37.7,6900,315500,21300.0,PE
2024-01-08 09:26:00,37.95,38.55,37.65,37.8,12000,318050,21300.0,PE
2024-01-08 09:27:00,38.05,38.25,37.7,38.1,3250,318050,21300.0,PE
2024-01-08 09:28:00,38.4,39.3,38.4,39.2,3400,318050,21300.0,PE
2024-01-08 09:29:00,39.4,40.0,38.95,40.0,3400,315650,21300.0,PE
2024-01-08 09:30:00,39.75,41.25,39.4,41.25,8750,315650,21300.0,PE
2024-01-08 09:31:00,41.6,41.8,40.4,41.8,7950,315650,21300.0,PE
2024-01-08 09:32:00,42.2,42.2,40.7,41.35,8900,318300,21300.0,PE
2024-01-08 09:33:00,41.6,44.0,41.6,44.0,4900,318300,21300.0,PE
2024-01-08 09:34:00,44.1,45.15,43.8,44.75,11100,318300,21300.0,PE
2024-01-08 09:35:00,44.4,45.9,44.1,45.6,11350,317250,21300.0,PE
2024-01-08 09:36:00,45.5,47.15,45.5,46.15,7350,317250,21300.0,PE
2024-01-08 09:37:00,45.25,47.1,44.45,46.65,5450,317250,21300.0,PE
2024-01-08 09:38:00,46.3,48.05,46.3,48.05,7350,321900,21300.0,PE
2024-01-08 09:39:00,48.6,49.0,47.25,48.3,5150,321900,21300.0,PE
2024-01-08 09:40:00,48.5,51.4,48.05,51.4,4300,321900,21300.0,PE
2024-01-08 09:41:00,51.4,51.4,47.85,48.3,6900,326450,21300.0,PE
2024-01-08 09:42:00,48.2,49.3,47.8,49.0,5550,326450,21300.0,PE
2024-01-08 09:43:00,49.05,51.05,49.05,50.85,6150,326450,21300.0,PE
2024-01-08 09:44:00,50.45,50.6,49.45,49.75,2900,326150,21300.0,PE
2024-01-08 09:45:00,49.45,52.6,49.25,52.6,7050,326150,21300.0,PE
2024-01-08 09:46:00,52.75,52.75,50.05,50.15,15600,326150,21300.0,PE
2024-01-08 09:47:00,50.85,52.55,50.65,52.45,6750,320500,21300.0,PE
2024-01-08 09:48:00,52.35,52.5,51.45,52.1,3100,320500,21300.0,PE
2024-01-08 09:49:00,52.05,54.0,52.05,53.9,14700,320500,21300.0,PE
2024-01-08 09:50:00,53.35,53.7,51.65,51.9,5850,314200,21300.0,PE
2024-01-08 09:51:00,52.15,52.15,50.0,50.05,2300,314200,21300.0,PE
2024-01-08 09:52:00,49.95,50.2,48.65,48.65,5400,314200,21300.0,PE
2024-01-08 09:53:00,48.75,50.5,48.75,49.4,5500,310550,21300.0,PE
2024-01-08 09:54:00,49.55,49.55,46.95,48.1,4250,310550,21300.0,PE
2024-01-08 09:55:00,47.7,48.3,47.25,48.0,2750,310550,21300.0,PE
2024-01-08 09:56:00,47.7,48.1,46.8,46.8,1600,309650,21300.0,PE
2024-01-08 09:57:00,46.4,47.3,45.8,46.25,4100,309650,21300.0,PE
2024-01-08 09:58:00,46.9,48.1,46.9,48.1,300,309650,21300.0,PE
2024-01-08 09:59:00,47.35,48.4,47.35,48.4,650,311400,21300.0,PE
2024-01-08 10:00:00,48.8,50.0,48.25,49.95,2100,311400,21300.0,PE
2024-01-08 10:01:00,48.15,48.15,46.2,46.2,2000,311400,21300.0,PE
2024-01-08 10:02:00,46.2,46.8,44.95,46.55,3350,312100,21300.0,PE
2024-01-08 10:03:00,47.0,47.0,45.15,45.6,5700,312100,21300.0,PE
2024-01-08 10:04:00,45.35,46.55,44.15,46.55,5650,312100,21300.0,PE
2024-01-08 10:05:00,47.1,47.7,46.75,46.75,2550,310250,21300.0,PE
2024-01-08 10:06:00,48.5,48.9,47.9,48.4,1950,310250,21300.0,PE
2024-01-08 10:07:00,47.85,47.85,46.95,46.95,3050,310250,21300.0,PE
2024-01-08 10:08:00,47.95,48.15,46.75,46.95,2500,310050,21300.0,PE
2024-01-08 10:09:00,47.1,47.1,46.95,46.95,1050,310050,21300.0,PE
2024-01-08 10:10:00,46.4,46.4,46.0,46.05,1150,310050,21300.0,PE
2024-01-08 10:11:00,46.4,46.85,46.15,46.85,2550,310250,21300.0,PE
2024-01-08 10:12:00,46.8,46.8,46.0,46.0,800,310250,21300.0,PE
2024-01-08 10:13:00,45.7,46.0,45.7,46.0,100,310250,21300.0,PE
2024-01-08 10:14:00,45.0,45.0,44.2,45.0,1250,307650,21300.0,PE
2024-01-08 10:15:00,45.0,46.0,44.55,46.0,950,307650,21300.0,PE
2024-01-08 10:16:00,45.0,46.2,44.0,45.8,5500,307650,21300.0,PE
2024-01-08 10:17:00,46.15,46.5,46.15,46.3,300,306050,21300.0,PE
2024-01-08 10:18:00,46.2,47.05,46.2,47.05,1600,306050,21300.0,PE
2024-01-08 10:19:00,47.45,48.55,47.45,48.0,2300,306050,21300.0,PE
2024-01-08 10:20:00,48.0,48.9,47.3,47.3,3550,306550,21300.0,PE
2024-01-08 10:21:00,47.4,47.4,46.9,47.2,3150,306550,21300.0,PE
2024-01-08 10:22:00,47.15,47.75,46.7,47.2,3450,306550,21300.0,PE
2024-01-08 10:23:00,46.95,47.4,45.85,45.85,2850,305450,21300.0,PE
2024-01-08 10:24:00,45.9,46.95,45.3,46.95,2150,305450,21300.0,PE
2024-01-08 10:25:00,46.65,47.1,46.5,46.5,3200,305450,21300.0,PE
2024-01-08 10:26:00,45.75,45.85,44.6,44.8,5700,311950,21300.0,PE
2024-01-08 10:27:00,45.2,45.2,44.75,44.9,1150,311950,21300.0,PE
2024-01-08 10:28:00,44.6,44.6,44.3,44.55,1200,311950,21300.0,PE
2024-01-08 10:29:00,44.35,44.35,43.55,43.95,4500,312150,21300.0,PE
2024-01-08 10:30:00,43.95,44.45,42.75,42.85,5250,312150,21300.0,PE
2024-01-08 10:31:00,42.6,43.2,42.0,42.25,3300,312150,21300.0,PE
2024-01-08 10:32:00,42.8,42.8,41.2,41.3,4100,310400,21300.0,PE
2024-01-08 10:33:00,41.0,41.0,39.4,39.4,2250,310400,21300.0,PE
2024-01-08 10:34:00,39.35,39.85,38.6,38.65,5450,310400,21300.0,PE
2024-01-08 10:35:00,38.85,39.4,38.65,39.35,8950,313600,21300.0,PE
2024-01-08 10:36:00,39.55,40.2,39.25,40.2,1600,313600,21300.0,PE
2024-01-08 10:37:00,40.0,40.25,39.9,40.25,450,313600,21300.0,PE
2024-01-08 10:38:00,39.8,39.9,39.0,39.5,2450,314750,21300.0,PE
2024-01-08 10:39:00,39.45,40.85,39.45,40.85,500,314750,21300.0,PE
2024-01-08 10:40:00,40.7,42.0,40.7,42.0,2600,314750,21300.0,PE
2024-01-08 10:41:00,42.0,44.5,41.95,44.5,4550,315900,21300.0,PE
2024-01-08 10:42:00,45.0,46.5,44.85,45.65,4200,315900,21300.0,PE
2024-01-08 10:43:00,45.75,47.05,45.05,46.9,9750,315900,21300.0,PE
2024-01-08 10:44:00,46.5,46.9,45.9,45.9,6300,321150,21300.0,PE
2024-01-08 10:45:00,46.2,46.2,45.6,46.15,1800,321150,21300.0,PE
2024-01-08 10:46:00,46.65,47.25,46.65,47.15,4500,321150,21300.0,PE
2024-01-08 10:47:00,46.0,47.0,46.0,47.0,1050,325050,21300.0,PE
2024-01-08 10:48:00,46.1,46.2,45.85,46.0,750,325050,21300.0,PE
2024-01-08 10:49:00,46.35,47.55,46.35,47.4,2950,325050,21300.0,PE
2024-01-08 10:50:00,48.25,48.7,46.5,48.55,7000,327750,21300.0,PE
2024-01-08 10:51:00,48.45,49.5,48.4,49.2,5500,327750,21300.0,PE
2024-01-08 10:52:00,49.9,51.15,49.9,50.0,4250,327750,21300.0,PE
2024-01-08 10:53:00,50.4,51.9,50.4,51.75,7000,328150,21300.0,PE
2024-01-08 10:54:00,51.1,52.9,51.1,52.65,4800,328150,21300.0,PE
2024-01-08 10:55:00,53.35,54.6,52.4,52.4,9250,328150,21300.0,PE
2024-01-08 10:56:00,52.2,55.1,52.2,54.5,4550,329550,21300.0,PE
2024-01-08 10:57:00,55.05,55.15,53.0,54.05,6250,329550,21300.0,PE
2024-01-08 10:58:00,53.9,54.35,53.4,53.9,5400,329550,21300.0,PE
2024-01-08 10:59:00,54.1,55.3,53.45,55.0,8200,327250,21300.0,PE
2024-01-08 11:00:00,54.75,55.0,52.55,52.75,6450,327250,21300.0,PE
2024-01-08 11:01:00,53.0,53.0,51.5,52.25,6400,327250,21300.0,PE
2024-01-08 11:02:00,52.9,53.05,52.65,52.95,1700,326150,21300.0,PE
2024-01-08 11:03:00,53.6,54.1,53.0,53.0,3200,326150,21300.0,PE
2024-01-08 11:04:00,52.95,53.25,50.7,50.7,2100,326150,21300.0,PE
2024-01-08 11:05:00,51.3,54.25,51.3,54.15,4000,329050,21300.0,PE
2024-01-08 11:06:00,54.3,59.9,54.3,59.9,12950,329050,21300.0,PE
2024-01-08 11:07:00,59.9,63.2,59.15,63.2,15500,329050,21300.0,PE
2024-01-08 11:08:00,62.45,64.0,58.45,59.05,24550,332050,21300.0,PE
2024-01-08 11:09:00,59.6,60.55,56.6,58.2,6200,332050,21300.0,PE
2024-01-08 11:10:00,59.2,62.35,59.2,61.05,16200,332050,21300.0,PE
2024-01-08 11:11:00,61.5,61.95,60.9,61.9,2000,332050,21300.0,PE
2024-01-08 11:12:00,61.6,63.1,61.55,62.3,52750,334050,21300.0,PE
2024-01-08 11:13:00,61.95,61.95,59.85,61.0,5050,334050,21300.0,PE
2024-01-08 11:14:00,61.55,61.55,57.2,57.8,8950,327500,21300.0,PE
2024-01-08 11:15:00,58.25,61.7,58.25,61.55,6400,327500,21300.0,PE
2024-01-08 11:16:00,60.8,62.5,60.8,60.85,4050,327500,21300.0,PE
2024-01-08 11:17:00,58.5,58.5,58.0,58.0,1300,325350,21300.0,PE
2024-01-08 11:18:00,57.95,58.1,56.6,57.05,5450,325350,21300.0,PE
2024-01-08 11:19:00,57.4,57.4,55.95,55.95,2800,325350,21300.0,PE
2024-01-08 11:20:00,56.25,58.15,55.5,58.1,4300,320250,21300.0,PE
2024-01-08 11:21:00,58.15,58.15,56.4,57.3,2250,320250,21300.0,PE
2024-01-08 11:22:00,59.05,59.05,56.15,56.7,5600,320250,21300.0,PE
2024-01-08 11:23:00,56.15,57.2,56.15,57.2,4850,323500,21300.0,PE
2024-01-08 11:24:00,57.5,57.5,54.4,54.4,4300,323500,21300.0,PE
2024-01-08 11:25:00,54.9,55.9,54.4,55.35,3300,323500,21300.0,PE
2024-01-08 11:26:00,55.7,57.5,55.7,57.5,4950,327300,21300.0,PE
2024-01-08 11:27:00,57.8,57.8,55.5,55.5,2000,327300,21300.0,PE
2024-01-08 11:28:00,55.25,56.15,54.6,55.3,1150,327300,21300.0,PE
2024-01-08 11:29:00,55.7,56.45,53.95,54.2,2350,329550,21300.0,PE
2024-01-08 11:30:00,54.1,56.1,54.1,56.1,6100,329550,21300.0,PE
2024-01-08 11:31:00,56.3,58.45,56.25,57.0,1950,329550,21300.0,PE
2024-01-08 11:32:00,56.35,57.2,55.95,57.1,3200,330800,21300.0,PE
2024-01-08 11:33:00,57.7,58.4,56.45,56.45,4950,330800,21300.0,PE
2024-01-08 11:34:00,55.8,56.25,54.0,54.0,3350,330800,21300.0,PE
2024-01-08 11:35:00,54.45,55.0,52.3,52.3,5300,335100,21300.0,PE
2024-01-08 11:36:00,52.25,52.25,51.35,51.45,6850,335100,21300.0,PE
2024-01-08 11:37:00,51.65,51.9,51.0,51.65,2300,335100,21300.0,PE
2024-01-08 11:38:00,51.65,52.1,51.0,51.0,6050,336750,21300.0,PE
2024-01-08 11:39:00,51.45,52.65,51.3,52.65,4600,336750,21300.0,PE
2024-01-08 11:40:00,51.65,52.3,51.6,51.8,1400,336750,21300.0,PE
2024-01-08 11:41:00,52.0,53.0,52.0,52.75,700,337750,21300.0,PE
2024-01-08 11:42:00,52.75,52.75,50.35,51.05,4450,337750,21300.0,PE
2024-01-08 11:43:00,51.6,52.0,51.6,52.0,1650,337750,21300.0,PE
2024-01-08 11:44:00,51.0,51.2,50.45,50.45,1950,337750,21300.0,PE
2024-01-08 11:45:00,50.9,51.0,50.9,51.0,350,339100,21300.0,PE
2024-01-08 11:46:00,51.1,53.3,51.1,53.3,4150,339100,21300.0,PE
2024-01-08 11:47:00,53.35,55.1,53.1,55.1,6950,337050,21300.0,PE
2024-01-08 11:48:00,54.9,55.85,54.75,54.75,2200,337050,21300.0,PE
2024-01-08 11:49:00,54.5,54.6,53.4,53.4,2900,337050,21300.0,PE
2024-01-08 11:50:00,53.3,56.6,53.25,56.6,3600,335150,21300.0,PE
2024-01-08 11:51:00,57.0,58.5,57.0,58.1,3400,335150,21300.0,PE
2024-01-08 11:52:00,57.25,61.4,57.2,61.4,9200,335150,21300.0,PE
2024-01-08 11:53:00,61.35,64.1,60.95,62.4,11450,331200,21300.0,PE
2024-01-08 11:54:00,62.95,67.65,62.95,66.6,21550,331200,21300.0,PE
2024-01-08 11:55:00,66.95,68.1,65.3,66.65,11200,331200,21300.0,PE
2024-01-08 11:56:00,65.7,69.35,64.75,69.35,21800,319550,21300.0,PE
2024-01-08 11:57:00,69.35,75.35,69.0,75.35,43650,319550,21300.0,PE
2024-01-08 11:58:00,75.75,78.0,74.2,76.75,43550,319550,21300.0,PE
2024-01-08 11:59:00,76.6,79.25,75.8,75.95,25900,337150,21300.0,PE
2024-01-08 12:00:00,75.2,76.7,72.0,72.0,10900,337150,21300.0,PE
2024-01-08 12:01:00,71.55,72.05,69.25,72.05,10100,337150,21300.0,PE
2024-01-08 12:02:00,71.2,72.6,69.6,71.5,6450,336100,21300.0,PE
2024-01-08 12:03:00,71.05,72.1,69.75,70.0,3600,336100,21300.0,PE
2024-01-08 12:04:00,70.1,70.85,68.05,70.85,4500,336100,21300.0,PE
2024-01-08 12:05:00,71.9,73.0,71.25,72.3,9700,337750,21300.0,PE
2024-01-08 12:06:00,73.0,73.0,69.05,69.05,2250,337750,21300.0,PE
2024-01-08 12:07:00,68.8,69.6,67.55,68.4,2350,337750,21300.0,PE
2024-01-08 12:08:00,68.1,68.1,66.0,66.85,4300,335800,21300.0,PE
2024-01-08 12:09:00,66.45,68.5,66.0,68.15,4800,335800,21300.0,PE
2024-01-08 12:10:00,68.0,70.6,67.9,70.6,3450,335800,21300.0,PE
2024-01-08 12:11:00,70.7,70.7,69.45,69.7,6800,336450,21300.0,PE
2024-01-08 12:12:00,69.5,69.55,67.2,67.2,5150,336450,21300.0,PE
2024-01-08 12:13:00,67.75,67.75,66.7,66.7,4500,336450,21300.0,PE
2024-01-08 12:14:00,66.6,67.95,65.9,67.95,6800,340250,21300.0,PE
2024-01-08 12:15:00,67.95,68.5,64.2,65.0,42650,340250,21300.0,PE
2024-01-08 12:16:00,65.2,65.2,64.05,65.0,30150,340250,21300.0,PE
2024-01-08 12:17:00,65.2,68.45,64.2,68.45,1900,376000,21300.0,PE
2024-01-08 12:18:00,68.0,68.8,66.45,66.95,4200,376000,21300.0,PE
2024-01-08 12:19:00,67.25,67.25,65.55,66.0,1550,376000,21300.0,PE
2024-01-08 12:20:00,65.9,67.6,65.45,67.6,4300,376650,21300.0,PE
2024-01-08 12:21:00,67.65,68.5,67.15,67.15,2200,376650,21300.0,PE
2024-01-08 12:22:00,67.15,68.85,67.15,68.2,3050,376650,21300.0,PE
2024-01-08 12:23:00,67.75,69.25,66.75,67.0,8900,375900,21300.0,PE
2024-01-08 12:24:00,66.6,66.6,65.8,66.05,750,375900,21300.0,PE
2024-01-08 12:25:00,66.0,66.4,65.0,66.4,3600,375900,21300.0,PE
2024-01-08 12:26:00,65.6,66.75,65.6,66.15,2150,374450,21300.0,PE
2024-01-08 12:27:00,67.0,67.5,67.0,67.3,2600,374450,21300.0,PE
2024-01-08 12:28:00,66.35,67.4,66.35,66.9,600,374450,21300.0,PE
2024-01-08 12:29:00,68.55,68.55,66.85,67.0,2450,373200,21300.0,PE
2024-01-08 12:30:00,66.9,67.15,65.8,66.25,3350,373200,21300.0,PE
2024-01-08 12:31:00,66.45,66.45,64.8,65.0,2500,373200,21300.0,PE
2024-01-08 12:32:00,63.35,63.35,57.95,57.95,15050,367000,21300.0,PE
2024-01-08 12:33:00,57.2,57.25,55.95,57.15,8800,367000,21300.0,PE
2024-01-08 12:34:00,57.35,58.05,56.35,57.35,4100,367000,21300.0,PE
2024-01-08 12:35:00,58.15,58.15,56.45,57.35,6550,364100,21300.0,PE
2024-01-08 12:36:00,57.45,60.2,57.4,59.0,5400,364100,21300.0,PE
2024-01-08 12:37:00,59.15,59.15,57.55,58.4,3150,364100,21300.0,PE
2024-01-08 12:38:00,58.1,58.45,57.85,57.85,2050,364550,21300.0,PE
2024-01-08 12:39:00,57.0,57.0,56.2,56.3,1550,364550,21300.0,PE
2024-01-08 12:40:00,57.7,58.95,57.7,58.95,2050,364550,21300.0,PE
2024-01-08 12:41:00,58.75,60.2,58.7,59.9,1250,364500,21300.0,PE
2024-01-08 12:42:00,60.2,60.2,57.5,57.5,1500,364500,21300.0,PE
2024-01-08 12:43:00,57.65,58.45,57.55,58.45,1450,364500,21300.0,PE
2024-01-08 12:44:00,58.8,59.1,58.2,58.65,900,365400,21300.0,PE
2024-01-08 12:45:00,59.1,59.55,58.9,59.55,950,365400,21300.0,PE
2024-01-08 12:46:00,59.7,61.95,59.7,61.55,1750,365400,21300.0,PE
2024-01-08 12:47:00,62.25,62.55,61.15,61.15,6050,365400,21300.0,PE
2024-01-08 12:48:00,61.4,61.4,58.15,58.15,850,367750,21300.0,PE
2024-01-08 12:49:00,58.6,61.7,58.55,61.7,3100,367750,21300.0,PE
2024-01-08 12:50:00,61.65,64.8,61.65,63.85,2000,367400,21300.0,PE
2024-01-08 12:51:00,62.5,64.55,62.4,62.75,7100,367400,21300.0,PE
2024-01-08 12:52:00,62.75,63.9,61.65,63.9,3500,367400,21300.0,PE
2024-01-08 12:53:00,63.8,64.5,63.7,64.45,1800,367400,21300.0,PE
2024-01-08 12:54:00,63.65,66.0,63.65,65.15,5000,368950,21300.0,PE
2024-01-08 12:55:00,65.75,66.8,65.45,66.2,1800,368950,21300.0,PE
2024-01-08 12:56:00,65.75,66.5,65.75,65.9,650,369250,21300.0,PE
2024-01-08 12:57:00,65.65,67.55,65.65,67.45,2800,369250,21300.0,PE
2024-01-08 12:58:00,68.0,70.8,68.0,68.3,8300,369250,21300.0,PE
2024-01-08 12:59:00,68.0,70.0,67.95,69.15,1200,369250,21300.0,PE
2024-01-08 13:00:00,69.4,69.4,65.35,66.6,2050,369900,21300.0,PE
2024-01-08 13:01:00,66.6,67.05,64.8,65.95,2700,369900,21300.0,PE
2024-01-08 13:02:00,66.3,66.3,63.35,64.0,7950,372350,21300.0,PE
2024-01-08 13:03:00,63.45,63.45,60.55,62.1,5650,372350,21300.0,PE
2024-01-08 13:04:00,62.7,64.0,62.3,64.0,2500,372350,21300.0,PE
2024-01-08 13:05:00,64.0,64.7,62.7,64.7,6500,372350,21300.0,PE
2024-01-08 13:06:00,64.8,64.8,62.95,64.6,7500,372350,21300.0,PE
2024-01-08 13:07:00,64.6,64.6,63.5,63.5,2450,372350,21300.0,PE
2024-01-08 13:08:00,64.9,65.6,64.9,65.2,1750,372350,21300.0,PE
2024-01-08 13:09:00,65.4,66.0,65.25,65.4,450,374050,21300.0,PE
2024-01-08 13:10:00,65.45,66.7,65.45,65.95,2450,374050,21300.0,PE
2024-01-08 13:11:00,65.1,65.1,63.7,63.7,1200,372850,21300.0,PE
2024-01-08 13:12:00,63.7,64.85,63.55,64.85,300,372850,21300.0,PE
2024-01-08 13:13:00,63.9,64.0,62.85,62.85,350,372850,21300.0,PE
2024-01-08 13:14:00,62.5,63.2,61.85,62.7,1800,372850,21300.0,PE
2024-01-08 13:15:00,62.8,63.3,62.8,63.3,300,373000,21300.0,PE
2024-01-08 13:16:00,63.6,63.6,62.7,63.35,800,373000,21300.0,PE
2024-01-08 13:17:00,63.05,64.1,63.05,63.15,1600,372200,21300.0,PE
2024-01-08 13:18:00,62.65,62.8,62.0,62.55,1200,372200,21300.0,PE
2024-01-08 13:19:00,62.3,62.55,62.3,62.4,550,372200,21300.0,PE
2024-01-08 13:20:00,60.75,60.75,58.95,59.4,7950,374100,21300.0,PE
2024-01-08 13:21:00,59.45,59.8,57.05,58.45,9750,374100,21300.0,PE
2024-01-08 13:22:00,58.5,60.05,58.0,59.85,4650,374100,21300.0,PE
2024-01-08 13:23:00,60.6,62.7,60.0,62.1,4250,374100,21300.0,PE
2024-01-08 13:24:00,62.1,62.7,61.45,62.7,1100,373650,21300.0,PE
2024-01-08 13:25:00,61.85,62.0,59.65,60.15,2450,373650,21300.0,PE
2024-01-08 13:26:00,60.15,60.15,58.15,59.05,1300,373650,21300.0,PE
2024-01-08 13:27:00,59.0,60.0,59.0,60.0,1500,374300,21300.0,PE
2024-01-08 13:28:00,59.9,60.25,59.85,60.0,3650,374300,21300.0,PE
2024-01-08 13:29:00,60.6,61.0,60.55,61.0,700,374300,21300.0,PE
2024-01-08 13:30:00,60.95,60.95,60.15,60.3,750,374650,21300.0,PE
2024-01-08 13:31:00,59.3,60.0,59.0,59.45,750,374650,21300.0,PE
2024-01-08 13:32:00,58.35,59.75,58.0,59.75,900,374650,21300.0,PE
2024-01-08 13:33:00,61.4,63.8,61.4,63.3,4850,375850,21300.0,PE
2024-01-08 13:34:00,63.0,63.0,61.55,61.55,750,375850,21300.0,PE
2024-01-08 13:35:00,63.2,65.0,63.2,65.0,1650,374200,21300.0,PE
2024-01-08 13:36:00,64.55,66.35,64.0,66.15,3350,374200,21300.0,PE
2024-01-08 13:37:00,66.45,66.45,64.9,65.0,1750,374200,21300.0,PE
2024-01-08 13:38:00,64.75,64.75,63.65,64.2,2000,373200,21300.0,PE
2024-01-08 13:39:00,63.7,65.0,63.7,65.0,200,373200,21300.0,PE
2024-01-08 13:40:00,64.6,64.6,64.05,64.05,100,373200,21300.0,PE
2024-01-08 13:41:00,62.9,63.05,62.55,63.05,1650,373200,21300.0,PE
2024-01-08 13:42:00,64.1,65.6,64.1,65.25,5050,374050,21300.0,PE
2024-01-08 13:43:00,65.7,67.35,65.7,66.6,1950,374050,21300.0,PE
2024-01-08 13:44:00,66.5,70.15,66.5,67.9,6150,374050,21300.0,PE
2024-01-08 13:45:00,69.25,72.5,69.2,72.5,45300,374300,21300.0,PE
2024-01-08 13:46:00,71.8,72.75,65.2,66.8,14350,374300,21300.0,PE
2024-01-08 13:47:00,67.45,69.25,66.5,69.25,6100,396500,21300.0,PE
2024-01-08 13:48:00,68.5,68.55,64.7,64.75,2950,396500,21300.0,PE
2024-01-08 13:49:00,65.9,65.9,64.2,65.25,2950,396500,21300.0,PE
2024-01-08 13:50:00,64.5,66.35,64.5,65.75,2050,396500,21300.0,PE
2024-01-08 13:51:00,65.5,65.75,64.85,65.1,17450,395600,21300.0,PE
2024-01-08 13:52:00,65.3,66.95,65.2,66.95,48900,395600,21300.0,PE
2024-01-08 13:53:00,66.2,68.0,66.2,67.15,10100,399200,21300.0,PE
2024-01-08 13:54:00,67.1,67.1,64.45,64.45,2700,399200,21300.0,PE
2024-01-08 13:55:00,64.4,65.6,64.4,64.7,4400,399200,21300.0,PE
2024-01-08 13:56:00,64.0,64.5,62.4,62.75,33550,386100,21300.0,PE
2024-01-08 13:57:00,62.7,63.1,61.0,61.0,19800,386100,21300.0,PE
2024-01-08 13:58:00,60.9,60.9,58.95,59.65,9850,386100,21300.0,PE
2024-01-08 13:59:00,59.6,59.6,56.95,57.5,12800,378500,21300.0,PE
2024-01-08 14:00:00,56.9,58.2,56.5,57.4,15700,378500,21300.0,PE
2024-01-08 14:01:00,57.1,58.0,56.75,57.4,6900,378500,21300.0,PE
2024-01-08 14:02:00,57.3,57.3,54.95,54.95,8300,378500,21300.0,PE
2024-01-08 14:03:00,54.7,55.35,53.5,53.6,6050,381400,21300.0,PE
2024-01-08 14:04:00,53.0,54.5,52.45,54.3,9600,381400,21300.0,PE
2024-01-08 14:05:00,54.4,55.7,53.95,55.4,5200,381400,21300.0,PE
2024-01-08 14:06:00,55.3,56.9,55.3,55.9,3550,386350,21300.0,PE
2024-01-08 14:07:00,55.8,57.2,55.65,56.65,49100,386350,21300.0,PE
2024-01-08 14:08:00,56.6,58.85,56.6,58.85,18650,386350,21300.0,PE
2024-01-08 14:09:00,58.65,61.05,58.05,59.85,10700,410650,21300.0,PE
2024-01-08 14:10:00,59.35,59.95,56.9,57.25,20000,410650,21300.0,PE
2024-01-08 14:11:00,57.1,57.1,55.7,56.35,7250,410650,21300.0,PE
2024-01-08 14:12:00,56.7,58.25,56.2,57.0,12900,420650,21300.0,PE
2024-01-08 14:13:00,56.9,57.45,56.5,56.85,7200,420650,21300.0,PE
2024-01-08 14:14:00,57.2,57.25,56.45,56.95,1000,420650,21300.0,PE
2024-01-08 14:15:00,56.5,58.35,56.5,58.2,4150,423000,21300.0,PE
2024-01-08 14:16:00,58.1,58.1,56.45,56.9,5350,423000,21300.0,PE
2024-01-08 14:17:00,57.05,57.1,56.0,56.75,7100,423000,21300.0,PE
2024-01-08 14:18:00,56.55,57.4,56.1,56.8,2950,429650,21300.0,PE
2024-01-08 14:19:00,56.65,56.65,55.6,55.6,2000,429650,21300.0,PE
2024-01-08 14:20:00,55.45,57.0,55.45,57.0,2350,429650,21300.0,PE
2024-01-08 14:21:00,56.65,57.2,56.65,56.8,1050,429150,21300.0,PE
2024-01-08 14:22:00,56.5,57.7,56.5,57.7,1800,429150,21300.0,PE
2024-01-08 14:23:00,58.55,63.85,58.55,63.85,11900,429150,21300.0,PE
2024-01-08 14:24:00,62.8,65.4,62.15,63.35,13450,429650,21300.0,PE
2024-01-08 14:25:00,63.35,63.85,61.15,63.85,5650,429650,21300.0,PE
2024-01-08 14:26:00,65.2,67.5,65.05,66.0,7650,429650,21300.0,PE
2024-01-08 14:27:00,66.3,67.4,64.7,65.35,8400,432300,21300.0,PE
2024-01-08 14:28:00,64.25,66.85,63.65,65.4,2850,432300,21300.0,PE
2024-01-08 14:29:00,64.9,68.75,64.9,67.5,4650,432300,21300.0,PE
2024-01-08 14:30:00,67.5,68.65,65.85,68.65,4200,431950,21300.0,PE
2024-01-08 14:31:00,68.7,72.75,66.95,70.75,10950,431950,21300.0,PE
2024-01-08 14:32:00,70.45,72.0,68.75,71.6,12500,431950,21300.0,PE
2024-01-08 14:33:00,72.3,74.35,71.25,73.15,7000,429150,21300.0,PE
2024-01-08 14:34:00,72.55,75.4,72.55,74.45,11250,429150,21300.0,PE
2024-01-08 14:35:00,74.85,75.4,70.25,73.95,14350,429150,21300.0,PE
2024-01-08 14:36:00,74.6,75.1,70.8,71.85,7350,425900,21300.0,PE
2024-01-08 14:37:00,71.7,74.45,68.3,74.45,7900,425900,21300.0,PE
2024-01-08 14:38:00,74.25,79.8,73.95,77.35,18800,425900,21300.0,PE
2024-01-08 14:39:00,77.75,77.75,73.0,73.5,12300,424500,21300.0,PE
2024-01-08 14:40:00,75.0,75.0,71.45,72.0,16250,424500,21300.0,PE
2024-01-08 14:41:00,72.15,75.5,69.85,75.05,13800,424500,21300.0,PE
2024-01-08 14:42:00,74.65,74.65,71.3,74.05,10050,424050,21300.0,PE
2024-01-08 14:43:00,73.5,74.85,72.65,72.7,4450,424050,21300.0,PE
2024-01-08 14:44:00,72.9,75.0,72.9,74.45,4200,424050,21300.0,PE
2024-01-08 14:45:00,74.55,74.75,71.9,72.5,9150,426150,21300.0,PE
2024-01-08 14:46:00,73.2,75.6,72.75,74.5,7400,426150,21300.0,PE
2024-01-08 14:47:00,74.25,75.3,74.25,74.8,1900,426150,21300.0,PE
2024-01-08 14:48:00,74.85,76.3,74.85,75.9,3800,426900,21300.0,PE
2024-01-08 14:49:00,75.95,76.05,71.15,71.9,5550,426900,21300.0,PE
2024-01-08 14:50:00,71.25,73.05,70.0,73.05,6050,426900,21300.0,PE
2024-01-08 14:51:00,73.1,73.5,71.45,71.45,3350,429450,21300.0,PE
2024-01-08 14:52:00,72.25,72.25,70.0,70.75,2550,429450,21300.0,PE
2024-01-08 14:53:00,71.0,72.4,70.0,72.35,2850,429450,21300.0,PE
2024-01-08 14:54:00,72.4,74.2,71.1,74.2,3150,429100,21300.0,PE
2024-01-08 14:55:00,73.8,76.3,73.55,75.8,9500,429100,21300.0,PE
2024-01-08 14:56:00,75.4,75.6,72.1,73.2,6850,429100,21300.0,PE
2024-01-08 14:57:00,72.75,74.75,71.75,72.9,4950,435050,21300.0,PE
2024-01-08 14:58:00,74.05,74.05,73.1,73.85,1700,435050,21300.0,PE
2024-01-08 14:59:00,73.65,74.0,72.35,72.7,6500,435050,21300.0,PE
2024-01-08 15:00:00,72.65,73.25,68.0,72.15,79200,430050,21300.0,PE
2024-01-08 15:01:00,72.7,77.5,71.6,75.8,32000,430050,21300.0,PE
2024-01-08 15:02:00,76.2,77.0,72.15,75.8,23100,430050,21300.0,PE
2024-01-08 15:03:00,75.95,79.1,74.85,79.1,61150,419650,21300.0,PE
2024-01-08 15:04:00,79.6,81.7,77.15,78.45,11000,419650,21300.0,PE
2024-01-08 15:05:00,78.8,79.9,78.0,79.4,30450,419650,21300.0,PE
2024-01-08 15:06:00,79.35,80.15,78.75,79.0,11850,453400,21300.0,PE
2024-01-08 15:07:00,78.9,78.9,75.0,75.2,38500,453400,21300.0,PE
2024-01-08 15:08:00,74.6,77.3,74.55,76.95,8550,453400,21300.0,PE
2024-01-08 15:09:00,77.3,79.2,75.25,75.25,10500,461400,21300.0,PE
2024-01-08 15:10:00,75.25,79.9,74.8,79.65,17600,461400,21300.0,PE
2024-01-08 15:11:00,79.0,80.25,77.8,78.7,6150,461400,21300.0,PE
2024-01-08 15:12:00,78.8,82.4,78.8,82.4,7150,445100,21300.0,PE
2024-01-08 15:13:00,82.7,85.5,82.2,84.65,11050,445100,21300.0,PE
2024-01-08 15:14:00,85.0,85.8,83.15,83.6,14650,445100,21300.0,PE
2024-01-08 15:15:00,82.6,82.8,80.0,81.25,15500,448350,21300.0,PE
2024-01-08 15:16:00,82.0,85.4,82.0,85.35,6900,448350,21300.0,PE
2024-01-08 15:17:00,85.25,86.4,84.65,85.8,17450,448350,21300.0,PE
2024-01-08 15:18:00,85.75,89.55,85.75,87.3,11050,459250,21300.0,PE
2024-01-08 15:19:00,86.95,87.8,84.75,86.0,16100,459250,21300.0,PE
2024-01-08 15:20:00,85.6,88.2,84.8,88.2,8700,459250,21300.0,PE
2024-01-08 15:21:00,87.0,88.0,85.55,85.6,33000,432700,21300.0,PE
2024-01-08 15:22:00,86.15,86.3,84.75,85.55,9150,432700,21300.0,PE
2024-01-08 15:23:00,85.5,85.5,84.55,84.55,2750,432700,21300.0,PE
2024-01-08 15:24:00,84.65,86.0,84.5,85.5,14400,430550,21300.0,PE
2024-01-08 15:25:00,85.05,85.25,84.25,84.8,32500,430550,21300.0,PE
2024-01-08 15:26:00,85.0,85.25,83.4,84.05,31550,430550,21300.0,PE
2024-01-08 15:27:00,84.4,84.8,83.95,84.7,18950,434800,21300.0,PE
2024-01-08 15:28:00,84.0,86.55,84.0,86.15,19750,434800,21300.0,PE
2024-01-08 15:29:00,86.15,86.8,85.35,86.7,12800,434800,21300.0,PE
2024-01-09 09:15:00,60.0,60.0,41.8,43.4,30851,431700,21300.0,PE
2024-01-09 09:16:00,43.75,43.75,38.85,41.5,37650,431700,21300.0,PE
2024-01-09 09:17:00,41.0,43.75,41.0,43.75,12300,427150,21300.0,PE
2024-01-09 09:18:00,44.0,44.0,42.15,42.7,14150,427150,21300.0,PE
2024-01-09 09:19:00,43.15,45.65,42.75,45.6,11250,427150,21300.0,PE
2024-01-09 09:20:00,45.05,46.0,43.25,43.25,19250,425800,21300.0,PE
2024-01-09 09:21:00,43.0,43.45,42.4,43.3,12700,425800,21300.0,PE
2024-01-09 09:22:00,43.2,43.2,41.5,42.0,9300,425800,21300.0,PE
2024-01-09 09:23:00,42.25,43.4,42.1,43.25,11650,427900,21300.0,PE
2024-01-09 09:24:00,43.15,43.2,42.2,43.15,9400,427900,21300.0,PE
2024-01-09 09:25:00,42.65,42.8,41.0,41.0,3100,427900,21300.0,PE
2024-01-09 09:26:00,41.0,41.05,40.45,41.05,16450,436400,21300.0,PE
2024-01-09 09:27:00,41.0,41.0,40.45,40.7,5200,436400,21300.0,PE
2024-01-09 09:28:00,40.55,40.6,39.9,40.5,7550,436400,21300.0,PE
2024-01-09 09:29:00,40.25,41.05,40.0,40.75,16950,442350,21300.0,PE
2024-01-09 09:30:00,40.6,41.8,40.4,40.4,14850,442350,21300.0,PE
2024-01-09 09:31:00,40.6,41.6,40.5,41.55,9800,442350,21300.0,PE
2024-01-09 09:32:00,41.6,42.25,41.6,42.2,13750,446700,21300.0,PE
2024-01-09 09:33:00,42.15,42.75,41.9,42.5,13650,446700,21300.0,PE
2024-01-09 09:34:00,42.45,43.85,42.45,43.55,12450,446700,21300.0,PE
2024-01-09 09:35:00,43.65,44.3,42.7,44.3,18500,461100,21300.0,PE
2024-01-09 09:36:00,44.3,48.1,44.3,47.85,20700,461100,21300.0,PE
2024-01-09 09:37:00,48.05,48.35,45.5,45.5,16950,461100,21300.0,PE
2024-01-09 09:38:00,45.85,45.85,44.75,44.75,6300,463500,21300.0,PE
2024-01-09 09:39:00,44.5,47.7,44.45,47.7,8800,463500,21300.0,PE
2024-01-09 09:40:00,47.9,49.6,47.9,48.25,15900,463500,21300.0,PE
2024-01-09 09:41:00,48.65,52.0,48.65,51.15,16750,475650,21300.0,PE
2024-01-09 09:42:00,51.25,52.2,49.45,49.55,20900,475650,21300.0,PE
2024-01-09 09:43:00,49.5,52.7,49.4,52.7,4200,475650,21300.0,PE
2024-01-09 09:44:00,52.8,54.8,52.7,54.05,15200,481650,21300.0,PE
2024-01-09 09:45:00,54.7,54.7,51.4,51.4,10950,481650,21300.0,PE
2024-01-09 09:46:00,51.15,51.7,49.25,51.7,17600,481650,21300.0,PE
2024-01-09 09:47:00,52.1,52.8,52.0,52.05,4400,488250,21300.0,PE
2024-01-09 09:48:00,52.05,52.8,52.05,52.75,4500,488250,21300.0,PE
2024-01-09 09:49:00,52.3,52.3,50.3,50.3,3800,488250,21300.0,PE
2024-01-09 09:50:00,50.55,50.95,49.65,50.4,8350,486700,21300.0,PE
2024-01-09 09:51:00,50.35,52.55,50.35,52.5,9400,486700,21300.0,PE
2024-01-09 09:52:00,52.35,56.65,52.25,55.3,30200,486700,21300.0,PE
2024-01-09 09:53:00,55.55,55.55,52.65,52.65,5100,498300,21300.0,PE
2024-01-09 09:54:00,51.9,53.2,50.9,51.7,8200,498300,21300.0,PE
2024-01-09 09:55:00,51.45,52.6,50.35,50.35,3200,498300,21300.0,PE
2024-01-09 09:56:00,50.2,50.8,49.25,50.35,4100,498750,21300.0,PE
2024-01-09 09:57:00,50.5,50.6,49.2,50.5,2950,498750,21300.0,PE
2024-01-09 09:58:00,50.45,51.35,50.25,50.7,11750,498750,21300.0,PE
2024-01-09 09:59:00,50.95,52.75,50.95,51.7,9900,497650,21300.0,PE
2024-01-09 10:00:00,51.15,51.15,48.85,49.15,6550,497650,21300.0,PE
2024-01-09 10:01:00,48.95,50.4,47.75,47.75,5350,497650,21300.0,PE
2024-01-09 10:02:00,48.15,49.5,48.15,49.0,8450,497950,21300.0,PE
2024-01-09 10:03:00,49.15,51.85,49.15,51.0,8900,497950,21300.0,PE
2024-01-09 10:04:00,51.0,51.1,49.55,49.65,3550,497950,21300.0,PE
2024-01-09 10:05:00,49.75,50.1,49.15,49.55,2450,503800,21300.0,PE
2024-01-09 10:06:00,49.95,49.95,47.3,47.3,7850,503800,21300.0,PE
2024-01-09 10:07:00,47.3,48.2,46.7,47.65,7000,503800,21300.0,PE
2024-01-09 10:08:00,47.9,48.6,47.45,48.6,5550,505250,21300.0,PE
2024-01-09 10:09:00,47.9,48.65,47.9,48.65,2550,505250,21300.0,PE
2024-01-09 10:10:00,48.85,48.85,47.3,47.45,2600,505250,21300.0,PE
2024-01-09 10:11:00,46.95,47.7,46.6,47.55,4500,510000,21300.0,PE
2024-01-09 10:12:00,47.5,47.5,46.55,46.55,2550,510000,21300.0,PE
2024-01-09 10:13:00,46.6,46.95,45.7,46.4,5500,510000,21300.0,PE
2024-01-09 10:14:00,46.6,46.6,45.65,45.8,5200,512750,21300.0,PE
2024-01-09 10:15:00,45.15,45.75,45.0,45.5,3350,512750,21300.0,PE
2024-01-09 10:16:00,45.6,47.85,45.6,47.25,13050,512750,21300.0,PE
2024-01-09 10:17:00,47.65,47.85,46.7,47.0,3250,514100,21300.0,PE
2024-01-09 10:18:00,46.65,46.65,44.85,45.45,5650,514100,21300.0,PE
2024-01-09 10:19:00,45.2,45.2,43.2,43.2,16950,514100,21300.0,PE
2024-01-09 10:20:00,42.85,42.9,40.5,41.0,18600,523950,21300.0,PE
2024-01-09 10:21:00,40.35,41.25,40.35,40.9,9200,523950,21300.0,PE
2024-01-09 10:22:00,40.75,41.35,40.5,40.85,6150,523950,21300.0,PE
2024-01-09 10:23:00,40.65,40.65,39.75,40.15,7050,528400,21300.0,PE
2024-01-09 10:24:00,40.4,40.9,40.15,40.85,13000,528400,21300.0,PE
2024-01-09 10:25:00,41.05,41.7,40.3,41.5,6350,528400,21300.0,PE
2024-01-09 10:26:00,41.8,42.2,41.25,41.9,3950,521900,21300.0,PE
2024-01-09 10:27:00,41.9,43.0,41.9,43.0,2900,521900,21300.0,PE
2024-01-09 10:28:00,42.85,43.15,41.75,41.75,3350,521900,21300.0,PE
2024-01-09 10:29:00,41.55,42.2,41.4,42.2,1800,521000,21300.0,PE
2024-01-09 10:30:00,42.65,43.1,41.5,41.5,11150,521000,21300.0,PE
2024-01-09 10:31:00,41.75,41.8,41.15,41.8,8550,521000,21300.0,PE
2024-01-09 10:32:00,42.15,42.55,42.05,42.4,1300,520200,21300.0,PE
2024-01-09 10:33:00,43.15,43.15,41.55,42.1,4250,520200,21300.0,PE
2024-01-09 10:34:00,41.85,41.95,41.75,41.75,750,520200,21300.0,PE
2024-01-09 10:35:00,42.0,42.05,41.8,41.8,1350,521300,21300.0,PE
2024-01-09 10:36:00,41.85,42.3,41.2,41.45,4000,521300,21300.0,PE
2024-01-09 10:37:00,41.55,42.15,41.55,42.05,4750,521300,21300.0,PE
2024-01-09 10:38:00,42.0,42.45,41.6,42.45,2450,521950,21300.0,PE
2024-01-09 10:39:00,42.05,42.45,41.35,41.45,2450,521950,21300.0,PE
2024-01-09 10:40:00,41.3,41.3,40.8,41.15,1000,521950,21300.0,PE
2024-01-09 10:41:00,40.85,41.05,40.6,40.9,5200,524000,21300.0,PE
2024-01-09 10:42:00,41.0,41.15,39.6,39.6,21350,524000,21300.0,PE
2024-01-09 10:43:00,39.45,40.1,39.4,39.5,5850,524000,21300.0,PE
2024-01-09 10:44:00,39.0,39.55,39.0,39.2,25250,518850,21300.0,PE
2024-01-09 10:45:00,39.05,39.45,38.9,39.45,8550,518850,21300.0,PE
2024-01-09 10:46:00,38.95,41.15,38.95,41.15,18850,518850,21300.0,PE
2024-01-09 10:47:00,41.1,41.1,40.4,40.4,10850,514300,21300.0,PE
2024-01-09 10:48:00,40.15,40.2,40.0,40.0,7000,514300,21300.0,PE
2024-01-09 10:49:00,40.0,40.0,39.45,39.95,3000,514300,21300.0,PE
2024-01-09 10:50:00,39.85,40.25,39.5,40.05,2250,515600,21300.0,PE
2024-01-09 10:51:00,39.75,40.5,39.75,40.0,6500,515600,21300.0,PE
2024-01-09 10:52:00,40.35,40.35,39.45,39.45,11650,515600,21300.0,PE
2024-01-09 10:53:00,39.6,40.05,39.35,39.6,4600,520600,21300.0,PE
2024-01-09 10:54:00,39.35,39.45,39.0,39.2,6350,520600,21300.0,PE
2024-01-09 10:55:00,39.45,39.9,39.45,39.9,4300,520600,21300.0,PE
2024-01-09 10:56:00,39.9,40.15,39.7,40.15,1350,520600,21300.0,PE
2024-01-09 10:57:00,40.35,41.05,40.3,41.0,5000,527700,21300.0,PE
2024-01-09 10:58:00,41.0,41.3,40.3,40.3,2950,527700,21300.0,PE
2024-01-09 10:59:00,40.25,40.8,40.25,40.7,3650,529600,21300.0,PE
2024-01-09 11:00:00,41.15,41.3,41.0,41.0,1000,529600,21300.0,PE
2024-01-09 11:01:00,40.5,40.5,40.0,40.0,900,529600,21300.0,PE
2024-01-09 11:02:00,41.35,41.35,40.1,40.1,1400,529900,21300.0,PE
2024-01-09 11:03:00,40.4,40.8,40.2,40.6,3550,529900,21300.0,PE
2024-01-09 11:04:00,41.0,41.0,40.45,40.95,1400,529900,21300.0,PE
2024-01-09 11:05:00,40.45,40.45,39.75,39.75,900,529900,21300.0,PE
2024-01-09 11:06:00,39.6,39.6,39.4,39.4,700,528750,21300.0,PE
2024-01-09 11:07:00,39.65,39.65,38.9,38.9,4400,528750,21300.0,PE
2024-01-09 11:08:00,39.05,39.5,38.8,39.05,2850,527850,21300.0,PE
2024-01-09 11:09:00,39.0,39.45,38.35,38.45,13900,527850,21300.0,PE
2024-01-09 11:10:00,38.75,38.75,38.05,38.55,7250,527850,21300.0,PE
2024-01-09 11:11:00,38.5,39.1,38.25,39.05,6050,527250,21300.0,PE
2024-01-09 11:12:00,39.0,39.45,39.0,39.1,3050,527250,21300.0,PE
2024-01-09 11:13:00,38.95,39.1,38.55,38.8,1750,527250,21300.0,PE
2024-01-09 11:14:00,38.8,39.4,38.75,39.15,4750,530000,21300.0,PE
2024-01-09 11:15:00,39.2,39.2,38.5,38.7,10400,530000,21300.0,PE
2024-01-09 11:16:00,38.8,39.55,38.75,39.55,12000,530000,21300.0,PE
2024-01-09 11:17:00,39.4,39.9,39.4,39.5,2500,545700,21300.0,PE
2024-01-09 11:18:00,39.45,40.35,39.45,39.9,8200,545700,21300.0,PE
2024-01-09 11:19:00,40.35,40.65,40.35,40.4,800,545700,21300.0,PE
2024-01-09 11:20:00,40.85,41.15,40.75,41.0,1000,544850,21300.0,PE
2024-01-09 11:21:00,41.15,41.5,39.75,40.05,3800,544850,21300.0,PE
2024-01-09 11:22:00,40.15,40.15,39.6,39.65,1700,544850,21300.0,PE
2024-01-09 11:23:00,39.4,39.45,39.05,39.15,900,545850,21300.0,PE
2024-01-09 11:24:00,39.25,39.95,39.25,39.95,1550,545850,21300.0,PE
2024-01-09 11:25:00,40.5,41.2,40.5,41.1,2100,545850,21300.0,PE
2024-01-09 11:26:00,41.25,41.25,40.3,40.3,1100,545850,21300.0,PE
2024-01-09 11:27:00,39.9,40.65,39.9,40.55,650,546150,21300.0,PE
2024-01-09 11:28:00,40.55,40.6,39.9,39.9,500,546150,21300.0,PE
2024-01-09 11:29:00,39.65,39.75,39.4,39.6,3950,547000,21300.0,PE
2024-01-09 11:30:00,39.6,39.6,38.6,38.95,5100,547000,21300.0,PE
2024-01-09 11:31:00,38.95,38.95,38.8,38.8,500,547000,21300.0,PE
2024-01-09 11:32:00,38.85,38.85,37.65,37.9,15200,547300,21300.0,PE
2024-01-09 11:33:00,37.9,37.9,37.15,37.55,13000,547300,21300.0,PE
2024-01-09 11:34:00,37.4,37.55,37.0,37.0,2500,547300,21300.0,PE
2024-01-09 11:35:00,37.3,37.65,37.25,37.5,3550,548800,21300.0,PE
2024-01-09 11:36:00,38.0,38.35,37.65,37.95,2800,548800,21300.0,PE
2024-01-09 11:37:00,38.2,38.3,38.15,38.15,250,548800,21300.0,PE
2024-01-09 11:38:00,38.2,38.25,37.8,37.8,2400,550450,21300.0,PE
2024-01-09 11:39:00,37.8,38.15,37.75,38.15,2850,550450,21300.0,PE
2024-01-09 11:40:00,37.75,38.2,37.6,38.2,1800,550450,21300.0,PE
2024-01-09 11:41:00,38.3,38.3,37.85,38.0,4900,550150,21300.0,PE
2024-01-09 11:42:00,37.9,38.0,37.9,37.9,2150,550150,21300.0,PE
2024-01-09 11:43:00,38.1,38.1,38.1,38.1,200,550150,21300.0,PE
2024-01-09 11:44:00,38.0,38.1,38.0,38.1,1050,550150,21300.0,PE
2024-01-09 11:45:00,38.1,38.1,37.55,37.55,850,550650,21300.0,PE
2024-01-09 11:46:00,37.6,37.65,36.9,36.9,4250,550650,21300.0,PE
2024-01-09 11:47:00,37.15,37.4,37.0,37.2,13550,547850,21300.0,PE
2024-01-09 11:48:00,37.05,37.05,36.75,36.95,3850,547850,21300.0,PE
2024-01-09 11:49:00,37.0,37.7,37.0,37.5,5000,547850,21300.0,PE
2024-01-09 11:50:00,37.45,37.95,37.2,37.95,900,554100,21300.0,PE
2024-01-09 11:51:00,38.15,38.5,38.15,38.5,1100,554100,21300.0,PE
2024-01-09 11:52:00,38.3,38.3,38.15,38.3,700,554100,21300.0,PE
2024-01-09 11:53:00,38.1,38.1,38.1,38.1,1450,554100,21300.0,PE
2024-01-09 11:54:00,38.55,38.55,38.4,38.4,2000,555400,21300.0,PE
2024-01-09 11:55:00,38.45,38.6,37.95,38.15,2950,555400,21300.0,PE
2024-01-09 11:56:00,38.05,38.05,37.45,37.45,800,553200,21300.0,PE
2024-01-09 11:57:00,37.75,38.05,37.75,38.05,100,553200,21300.0,PE
2024-01-09 11:58:00,38.0,38.0,37.9,38.0,1650,553200,21300.0,PE
2024-01-09 11:59:00,37.85,37.85,37.2,37.3,700,554450,21300.0,PE
2024-01-09 12:00:00,37.1,38.6,37.0,38.6,1800,554450,21300.0,PE
2024-01-09 12:01:00,38.45,38.75,38.1,38.1,1100,554450,21300.0,PE
2024-01-09 12:02:00,37.55,37.55,37.15,37.5,600,555250,21300.0,PE
2024-01-09 12:03:00,37.7,37.8,37.6,37.8,600,555250,21300.0,PE
2024-01-09 12:04:00,38.35,38.5,38.35,38.45,1000,555250,21300.0,PE
2024-01-09 12:05:00,38.45,38.45,38.15,38.15,500,555250,21300.0,PE
2024-01-09 12:06:00,38.8,38.8,37.35,37.35,2550,556000,21300.0,PE
2024-01-09 12:07:00,38.15,38.95,38.15,38.5,1500,556000,21300.0,PE
2024-01-09 12:08:00,38.5,38.85,38.45,38.55,1400,556450,21300.0,PE
2024-01-09 12:09:00,38.6,39.2,38.6,39.2,2500,556450,21300.0,PE
2024-01-09 12:10:00,39.25,39.7,38.7,38.7,7150,556450,21300.0,PE
2024-01-09 12:11:00,38.45,38.45,37.8,38.35,3250,555900,21300.0,PE
2024-01-09 12:12:00,38.05,39.0,37.95,39.0,2900,555900,21300.0,PE
2024-01-09 12:13:00,39.0,39.15,38.8,38.95,3000,555900,21300.0,PE
2024-01-09 12:14:00,39.0,39.0,38.3,38.3,2400,555250,21300.0,PE
2024-01-09 12:15:00,38.4,38.6,38.25,38.6,2350,555250,21300.0,PE
2024-01-09 12:16:00,38.55,38.9,38.55,38.9,250,555250,21300.0,PE
2024-01-09 12:17:00,38.35,38.75,38.1,38.1,1250,554950,21300.0,PE
2024-01-09 12:18:00,38.25,38.25,37.4,37.4,1350,554950,21300.0,PE
2024-01-09 12:19:00,37.3,37.5,37.3,37.5,3100,554950,21300.0,PE
2024-01-09 12:20:00,37.6,38.2,37.5,38.15,2300,554500,21300.0,PE
2024-01-09 12:21:00,38.5,39.1,38.5,39.1,800,554500,21300.0,PE
2024-01-09 12:22:00,39.2,39.3,38.4,38.4,22900,554500,21300.0,PE
2024-01-09 12:23:00,38.1,38.1,37.85,37.85,1900,554500,21300.0,PE
2024-01-09 12:24:00,37.9,37.95,37.9,37.95,300,561300,21300.0,PE
2024-01-09 12:25:00,37.95,37.95,37.0,37.05,2900,561300,21300.0,PE
2024-01-09 12:26:00,37.4,37.7,37.3,37.5,1750,561300,21300.0,PE
2024-01-09 12:27:00,37.65,37.85,37.35,37.35,3750,561100,21300.0,PE
2024-01-09 12:28:00,37.3,37.75,37.25,37.65,7000,561100,21300.0,PE
2024-01-09 12:29:00,37.8,37.8,37.5,37.7,4100,562300,21300.0,PE
2024-01-09 12:30:00,37.6,38.0,37.35,38.0,4500,562300,21300.0,PE
2024-01-09 12:31:00,38.35,38.55,38.05,38.05,3100,562300,21300.0,PE
2024-01-09 12:32:00,38.05,38.55,38.05,38.4,650,563150,21300.0,PE
2024-01-09 12:33:00,38.5,38.9,38.5,38.65,1900,563150,21300.0,PE
2024-01-09 12:34:00,38.6,38.6,37.9,37.9,800,563150,21300.0,PE
2024-01-09 12:35:00,38.2,38.2,37.75,37.8,1550,563350,21300.0,PE
2024-01-09 12:36:00,38.0,38.0,37.5,37.7,1600,563350,21300.0,PE
2024-01-09 12:37:00,37.7,37.7,37.25,37.25,2550,563350,21300.0,PE
2024-01-09 12:38:00,37.35,37.55,36.15,36.2,8450,566700,21300.0,PE
2024-01-09 12:39:00,36.65,38.35,36.6,38.35,13150,566700,21300.0,PE
2024-01-09 12:40:00,38.2,38.35,37.55,38.1,9900,566700,21300.0,PE
2024-01-09 12:41:00,38.15,38.3,37.9,38.25,2100,566700,21300.0,PE
2024-01-09 12:42:00,37.95,38.15,37.6,37.65,6900,567700,21300.0,PE
2024-01-09 12:43:00,37.9,37.9,37.3,37.6,3650,567700,21300.0,PE
2024-01-09 12:44:00,37.95,37.95,37.3,37.3,5600,567700,21300.0,PE
2024-01-09 12:45:00,37.5,37.8,37.3,37.65,3000,565850,21300.0,PE
2024-01-09 12:46:00,37.7,37.8,37.35,37.5,1350,565850,21300.0,PE
2024-01-09 12:47:00,37.5,37.7,37.45,37.6,2100,565850,21300.0,PE
2024-01-09 12:48:00,37.75,37.75,36.85,37.25,4700,565250,21300.0,PE
2024-01-09 12:49:00,37.2,37.8,37.2,37.65,1450,565250,21300.0,PE
2024-01-09 12:50:00,37.75,37.8,37.6,37.75,12800,565250,21300.0,PE
2024-01-09 12:51:00,37.85,37.85,37.7,37.85,5050,565300,21300.0,PE
2024-01-09 12:52:00,37.85,37.85,37.6,37.8,750,565300,21300.0,PE
2024-01-09 12:53:00,37.8,37.8,37.6,37.65,700,565250,21300.0,PE
2024-01-09 12:54:00,37.55,37.65,37.1,37.3,1850,565250,21300.0,PE
2024-01-09 12:55:00,37.3,37.7,37.3,37.7,800,565250,21300.0,PE
2024-01-09 12:56:00,37.5,37.8,37.15,37.25,5500,565250,21300.0,PE
2024-01-09 12:57:00,37.15,37.65,36.7,36.7,1800,565750,21300.0,PE
2024-01-09 12:58:00,37.15,37.15,36.4,36.65,3550,565750,21300.0,PE
2024-01-09 12:59:00,36.7,37.2,36.5,37.05,5700,565750,21300.0,PE
2024-01-09 13:00:00,37.3,37.4,37.05,37.25,1850,568500,21300.0,PE
2024-01-09 13:01:00,37.45,37.45,37.2,37.25,1800,568500,21300.0,PE
2024-01-09 13:02:00,37.25,37.45,36.85,36.9,1200,568500,21300.0,PE
2024-01-09 13:03:00,36.9,37.0,36.85,36.9,650,567650,21300.0,PE
2024-01-09 13:04:00,36.9,36.95,36.65,36.85,1050,567650,21300.0,PE
2024-01-09 13:05:00,36.9,37.05,36.75,36.8,850,567650,21300.0,PE
2024-01-09 13:06:00,36.5,36.6,36.35,36.45,2700,567850,21300.0,PE
2024-01-09 13:07:00,36.55,36.75,36.5,36.7,3600,567850,21300.0,PE
2024-01-09 13:08:00,36.85,37.05,36.55,36.55,950,567850,21300.0,PE
2024-01-09 13:09:00,36.55,36.8,36.4,36.4,1100,566050,21300.0,PE
2024-01-09 13:10:00,36.5,36.7,36.4,36.6,4700,566050,21300.0,PE
2024-01-09 13:11:00,36.65,37.6,36.65,37.5,3300,566050,21300.0,PE
2024-01-09 13:12:00,37.55,37.85,37.3,37.35,11050,566000,21300.0,PE
2024-01-09 13:13:00,37.45,37.8,37.05,37.65,8700,566000,21300.0,PE
2024-01-09 13:14:00,37.65,37.65,37.25,37.25,1700,566000,21300.0,PE
2024-01-09 13:15:00,37.25,37.55,37.25,37.55,1350,577200,21300.0,PE
2024-01-09 13:16:00,37.5,37.55,37.4,37.55,700,577200,21300.0,PE
2024-01-09 13:17:00,37.55,38.0,37.55,37.75,1850,577200,21300.0,PE
2024-01-09 13:18:00,37.9,37.9,37.15,37.5,3800,578000,21300.0,PE
2024-01-09 13:19:00,37.7,38.0,37.35,37.35,850,578000,21300.0,PE
2024-01-09 13:20:00,37.35,37.5,37.3,37.45,1150,578000,21300.0,PE
2024-01-09 13:21:00,37.45,37.45,36.95,37.15,1500,578750,21300.0,PE
2024-01-09 13:22:00,37.35,37.35,37.1,37.35,1200,578750,21300.0,PE
2024-01-09 13:23:00,37.35,38.3,37.35,38.2,2150,578750,21300.0,PE
2024-01-09 13:24:00,38.55,38.55,37.75,37.75,2350,579400,21300.0,PE
2024-01-09 13:25:00,37.65,37.65,36.5,36.6,2950,579400,21300.0,PE
2024-01-09 13:26:00,36.6,37.0,36.35,36.75,1450,579400,21300.0,PE
2024-01-09 13:27:00,36.95,37.2,36.5,37.2,1500,578050,21300.0,PE
2024-01-09 13:28:00,37.2,37.3,36.85,36.95,1150,578050,21300.0,PE
2024-01-09 13:29:00,36.95,37.25,36.95,37.25,24600,578050,21300.0,PE
2024-01-09 13:30:00,36.95,37.25,36.95,37.0,750,576300,21300.0,PE
2024-01-09 13:31:00,36.95,37.65,36.95,37.1,5300,576300,21300.0,PE
2024-01-09 13:32:00,37.05,37.1,36.9,37.1,3450,576300,21300.0,PE
2024-01-09 13:33:00,37.25,37.6,37.25,37.6,550,576350,21300.0,PE
2024-01-09 13:34:00,37.95,37.95,37.95,37.95,250,576350,21300.0,PE
2024-01-09 13:35:00,37.25,37.75,37.25,37.75,300,576350,21300.0,PE
2024-01-09 13:36:00,37.75,38.05,37.75,38.05,800,576400,21300.0,PE
2024-01-09 13:37:00,37.75,38.15,37.45,38.15,1550,576400,21300.0,PE
2024-01-09 13:38:00,38.2,39.4,38.2,39.35,12450,576400,21300.0,PE
2024-01-09 13:39:00,39.3,39.6,38.3,38.3,9300,575350,21300.0,PE
2024-01-09 13:40:00,38.25,38.9,38.25,38.9,3050,575350,21300.0,PE
2024-01-09 13:41:00,38.5,38.75,38.5,38.5,200,575350,21300.0,PE
2024-01-09 13:42:00,38.8,38.8,38.2,38.5,1400,576550,21300.0,PE
2024-01-09 13:43:00,38.3,38.4,38.05,38.4,1900,576550,21300.0,PE
2024-01-09 13:44:00,37.85,38.0,37.85,38.0,250,576550,21300.0,PE
2024-01-09 13:45:00,38.0,38.15,37.95,38.0,6400,575200,21300.0,PE
2024-01-09 13:46:00,38.25,38.5,38.25,38.5,950,575200,21300.0,PE
2024-01-09 13:47:00,38.5,38.55,38.5,38.55,300,575200,21300.0,PE
2024-01-09 13:48:00,38.8,38.8,38.65,38.65,350,575450,21300.0,PE
2024-01-09 13:49:00,39.0,39.0,38.6,38.7,350,575450,21300.0,PE
2024-01-09 13:50:00,38.6,38.9,38.6,38.9,650,575450,21300.0,PE
2024-01-09 13:51:00,38.9,39.65,38.9,39.65,550,575150,21300.0,PE
2024-01-09 13:52:00,39.75,40.25,39.75,39.95,3600,575150,21300.0,PE
2024-01-09 13:53:00,40.25,40.25,38.3,38.3,3450,575150,21300.0,PE
2024-01-09 13:54:00,38.35,38.95,38.3,38.95,1000,573050,21300.0,PE
2024-01-09 13:55:00,39.3,39.85,39.3,39.85,1200,573050,21300.0,PE
2024-01-09 13:56:00,40.25,40.55,40.25,40.5,1850,573050,21300.0,PE
2024-01-09 13:57:00,40.95,40.95,39.9,40.6,5850,573500,21300.0,PE
2024-01-09 13:58:00,40.8,41.35,40.65,41.0,3800,573500,21300.0,PE
2024-01-09 13:59:00,41.0,41.25,39.5,39.95,4150,573500,21300.0,PE
2024-01-09 14:00:00,40.0,40.5,39.2,39.65,3850,572100,21300.0,PE
2024-01-09 14:01:00,39.3,40.0,39.3,39.7,750,572100,21300.0,PE
2024-01-09 14:02:00,39.4,40.0,39.4,39.6,4400,572100,21300.0,PE
2024-01-09 14:03:00,40.25,40.35,39.9,39.9,3800,572200,21300.0,PE
2024-01-09 14:04:00,39.95,39.95,39.05,39.5,2400,572200,21300.0,PE
2024-01-09 14:05:00,39.0,39.0,38.15,38.25,4300,572200,21300.0,PE
2024-01-09 14:06:00,38.75,38.9,38.75,38.75,1100,571350,21300.0,PE
2024-01-09 14:07:00,39.8,41.1,39.8,41.1,2650,571350,21300.0,PE
2024-01-09 14:08:00,41.15,42.55,40.9,41.5,14600,571350,21300.0,PE
2024-01-09 14:09:00,42.0,42.6,42.0,42.55,18750,569750,21300.0,PE
2024-01-09 14:10:00,42.35,42.55,40.9,41.0,4750,569750,21300.0,PE
2024-01-09 14:11:00,41.6,43.2,41.4,43.05,7650,569750,21300.0,PE
2024-01-09 14:12:00,43.35,44.45,43.15,43.9,20350,565300,21300.0,PE
2024-01-09 14:13:00,43.45,45.0,43.45,44.05,10950,565300,21300.0,PE
2024-01-09 14:14:00,44.25,44.8,42.9,43.15,9050,565300,21300.0,PE
2024-01-09 14:15:00,43.8,44.8,43.05,43.05,4050,557950,21300.0,PE
2024-01-09 14:16:00,43.05,44.45,42.3,44.35,9200,557950,21300.0,PE
2024-01-09 14:17:00,44.4,47.5,44.25,45.05,32250,557950,21300.0,PE
2024-01-09 14:18:00,46.15,47.0,45.7,46.2,14100,552950,21300.0,PE
2024-01-09 14:19:00,46.4,49.25,46.1,49.25,6350,552950,21300.0,PE
2024-01-09 14:20:00,48.35,50.6,48.35,50.6,5250,552950,21300.0,PE
2024-01-09 14:21:00,52.4,54.8,52.4,54.7,38950,548300,21300.0,PE
2024-01-09 14:22:00,54.85,55.45,54.45,54.8,17000,548300,21300.0,PE
2024-01-09 14:23:00,54.75,54.75,49.75,51.3,30250,548300,21300.0,PE
2024-01-09 14:24:00,51.75,52.4,50.85,50.85,11700,550900,21300.0,PE
2024-01-09 14:25:00,51.95,56.15,51.95,54.8,30450,0,21300.0,PE
2024-01-09 14:26:00,55.2,55.2,53.7,54.05,13100,0,21300.0,PE
2024-01-09 14:27:00,54.3,60.0,54.3,60.0,23100,548900,21300.0,PE
2024-01-09 14:28:00,60.15,63.85,58.95,62.55,38200,548900,21300.0,PE
2024-01-09 14:29:00,62.05,64.25,61.5,63.1,31800,548900,21300.0,PE
2024-01-09 14:30:00,63.6,65.7,61.0,65.05,33450,548350,21300.0,PE
2024-01-09 14:31:00,65.0,65.25,61.0,61.8,39700,548350,21300.0,PE
2024-01-09 14:32:00,61.05,61.05,54.65,56.0,53550,548350,21300.0,PE
2024-01-09 14:33:00,55.5,60.0,54.3,59.25,33300,569200,21300.0,PE
2024-01-09 14:34:00,60.55,61.0,59.1,59.1,13150,569200,21300.0,PE
2024-01-09 14:35:00,58.8,58.9,56.5,57.05,18000,569200,21300.0,PE
2024-01-09 14:36:00,57.2,65.1,57.2,64.45,16150,578650,21300.0,PE
2024-01-09 14:37:00,63.9,65.0,63.55,64.0,17000,0,21300.0,PE
2024-01-09 14:38:00,63.75,66.6,63.75,65.15,29600,0,21300.0,PE
2024-01-09 14:39:00,65.05,65.05,58.0,58.0,20900,578250,21300.0,PE
2024-01-09 14:40:00,58.6,64.95,57.95,64.95,17100,578250,21300.0,PE
2024-01-09 14:41:00,65.1,67.0,64.8,65.5,28300,0,21300.0,PE
2024-01-09 14:42:00,64.95,70.8,64.95,69.85,17700,588900,21300.0,PE
2024-01-09 14:43:00,68.75,69.65,65.4,66.95,22500,588900,21300.0,PE
2024-01-09 14:44:00,66.15,69.55,65.45,68.65,17000,588900,21300.0,PE
2024-01-09 14:45:00,68.0,68.3,64.6,66.75,23100,589950,21300.0,PE
2024-01-09 14:46:00,67.2,67.2,60.7,61.05,11350,589950,21300.0,PE
2024-01-09 14:47:00,62.0,65.25,62.0,63.5,6400,589950,21300.0,PE
2024-01-09 14:48:00,64.25,65.6,63.0,65.05,9050,580150,21300.0,PE
2024-01-09 14:49:00,65.0,66.8,65.0,66.8,10950,580150,21300.0,PE
2024-01-09 14:50:00,66.5,70.3,66.2,70.3,9500,580150,21300.0,PE
2024-01-09 14:51:00,70.75,70.75,64.65,65.65,15200,580400,21300.0,PE
2024-01-09 14:52:00,65.4,65.65,63.3,63.5,5200,580400,21300.0,PE
2024-01-09 14:53:00,63.75,63.75,60.25,60.75,8850,580400,21300.0,PE
2024-01-09 14:54:00,61.05,61.45,59.7,60.95,6350,578100,21300.0,PE
2024-01-09 14:55:00,61.15,61.9,59.55,61.0,8750,578100,21300.0,PE
2024-01-09 14:56:00,61.65,64.75,61.65,62.5,3450,578100,21300.0,PE
2024-01-09 14:57:00,63.15,65.3,63.15,64.75,2750,582200,21300.0,PE
2024-01-09 14:58:00,63.35,64.05,61.0,61.3,7250,582200,21300.0,PE
2024-01-09 14:59:00,61.5,63.95,61.5,63.5,5200,582200,21300.0,PE
2024-01-09 15:00:00,63.35,71.05,62.9,68.8,38600,576600,21300.0,PE
2024-01-09 15:01:00,68.1,68.45,64.2,65.6,26050,576600,21300.0,PE
2024-01-09 15:02:00,65.05,65.1,62.55,64.85,10350,576600,21300.0,PE
2024-01-09 15:03:00,64.75,68.35,63.95,67.05,24300,577600,21300.0,PE
2024-01-09 15:04:00,66.95,67.0,63.85,65.15,12300,577600,21300.0,PE
2024-01-09 15:05:00,65.7,65.7,63.0,64.0,12300,577600,21300.0,PE
2024-01-09 15:06:00,63.8,66.15,62.65,66.15,9250,581800,21300.0,PE
2024-01-09 15:07:00,66.95,68.8,65.9,67.45,18200,581800,21300.0,PE
2024-01-09 15:08:00,67.35,67.35,64.1,65.75,13350,581800,21300.0,PE
2024-01-09 15:09:00,66.35,66.6,64.7,64.9,5450,586500,21300.0,PE
2024-01-09 15:10:00,63.9,66.8,63.9,66.8,7850,586500,21300.0,PE
2024-01-09 15:11:00,66.8,68.65,66.6,68.65,11700,586500,21300.0,PE
2024-01-09 15:12:00,66.8,68.45,66.4,67.95,16700,589900,21300.0,PE
2024-01-09 15:13:00,67.75,70.2,67.75,69.3,23000,589900,21300.0,PE
2024-01-09 15:14:00,69.4,69.9,64.35,64.35,85400,589900,21300.0,PE
2024-01-09 15:15:00,64.95,67.3,63.25,67.3,17800,600400,21300.0,PE
2024-01-09 15:16:00,67.4,68.1,67.05,68.0,22850,600400,21300.0,PE
2024-01-09 15:17:00,67.65,67.9,65.25,65.5,15700,600400,21300.0,PE
2024-01-09 15:18:00,65.0,66.45,65.0,66.45,7800,603500,21300.0,PE
2024-01-09 15:19:00,65.85,66.5,65.85,66.4,6050,603500,21300.0,PE
2024-01-09 15:20:00,66.45,67.7,66.45,67.5,20300,603500,21300.0,PE
2024-01-09 15:21:00,67.65,67.65,66.7,67.45,21800,596700,21300.0,PE
2024-01-09 15:22:00,67.4,67.85,67.05,67.05,16650,596700,21300.0,PE
2024-01-09 15:23:00,66.4,67.45,64.2,64.2,17050,596700,21300.0,PE
2024-01-09 15:24:00,64.1,64.25,62.0,63.5,12150,592900,21300.0,PE
2024-01-09 15:25:00,63.35,63.9,61.55,61.65,22750,592900,21300.0,PE
2024-01-09 15:26:00,61.4,62.55,61.1,62.2,35550,592900,21300.0,PE
2024-01-09 15:27:00,62.85,62.85,62.35,62.8,8800,603050,21300.0,PE
2024-01-09 15:28:00,62.85,64.6,62.85,63.55,12550,603050,21300.0,PE
2024-01-09 15:29:00,63.7,64.15,62.8,62.8,13750,603050,21300.0,PE
2024-01-09 15:30:00,63.0,63.0,63.0,63.0,100,603050,21300.0,PE
2024-01-10 09:15:00,65.95,79.95,60.75,69.55,48052,600800,21300.0,PE
2024-01-10 09:16:00,69.15,69.15,66.7,67.7,41450,600800,21300.0,PE
2024-01-10 09:17:00,68.0,69.4,67.25,69.2,53500,605650,21300.0,PE
2024-01-10 09:18:00,69.4,70.4,67.0,68.15,34600,605650,21300.0,PE
2024-01-10 09:19:00,68.1,69.1,67.6,68.35,21000,605650,21300.0,PE
2024-01-10 09:20:00,68.1,70.95,67.25,69.25,29550,625500,21300.0,PE
2024-01-10 09:21:00,70.25,70.65,68.95,69.5,17900,625500,21300.0,PE
2024-01-10 09:22:00,69.35,73.0,68.9,71.45,17750,625500,21300.0,PE
2024-01-10 09:23:00,70.65,72.0,70.6,72.0,9100,625700,21300.0,PE
2024-01-10 09:24:00,71.2,72.35,70.8,72.35,16850,625700,21300.0,PE
2024-01-10 09:25:00,72.3,74.85,71.75,72.3,61350,625700,21300.0,PE
2024-01-10 09:26:00,72.55,73.35,70.2,73.35,17550,611700,21300.0,PE
2024-01-10 09:27:00,73.15,80.0,73.05,80.0,28200,611700,21300.0,PE
2024-01-10 09:28:00,81.25,87.0,78.85,86.8,61450,611700,21300.0,PE
2024-01-10 09:29:00,87.4,91.4,85.75,91.4,55700,600450,21300.0,PE
2024-01-10 09:30:00,91.45,104.3,83.4,83.4,117400,600450,21300.0,PE
2024-01-10 09:31:00,84.5,90.45,82.7,88.05,81950,600450,21300.0,PE
2024-01-10 09:32:00,86.8,90.0,84.45,85.65,36850,589000,21300.0,PE
2024-01-10 09:33:00,85.0,85.0,76.95,78.2,48650,589000,21300.0,PE
2024-01-10 09:34:00,79.0,80.6,74.5,74.75,27300,589000,21300.0,PE
2024-01-10 09:35:00,74.75,80.5,71.25,80.4,34950,600250,21300.0,PE
2024-01-10 09:36:00,80.45,83.75,79.0,81.0,30000,600250,21300.0,PE
2024-01-10 09:37:00,81.0,83.0,79.0,81.3,21950,600250,21300.0,PE
2024-01-10 09:38:00,80.6,81.2,78.4,80.65,12800,610000,21300.0,PE
2024-01-10 09:39:00,81.8,82.05,79.15,79.15,6600,610000,21300.0,PE
2024-01-10 09:40:00,79.0,79.0,76.65,77.55,13800,610000,21300.0,PE
2024-01-10 09:41:00,77.75,80.8,77.6,80.2,12600,613050,21300.0,PE
2024-01-10 09:42:00,80.75,80.75,75.75,75.85,15400,613050,21300.0,PE
2024-01-10 09:43:00,75.85,76.15,71.95,73.75,28300,613050,21300.0,PE
2024-01-10 09:44:00,71.45,71.7,67.0,67.0,38650,620000,21300.0,PE
2024-01-10 09:45:00,66.25,72.65,65.5,71.2,83800,620000,21300.0,PE
2024-01-10 09:46:00,72.45,75.1,71.7,75.1,16150,620000,21300.0,PE
2024-01-10 09:47:00,74.7,74.7,72.45,73.95,5150,637350,21300.0,PE
2024-01-10 09:48:00,75.6,78.3,74.25,74.8,17950,637350,21300.0,PE
2024-01-10 09:49:00,75.05,75.05,70.0,71.5,22250,637350,21300.0,PE
2024-01-10 09:50:00,71.25,73.75,71.25,72.85,8850,638850,21300.0,PE
2024-01-10 09:51:00,73.15,73.85,71.25,72.95,7350,638850,21300.0,PE
2024-01-10 09:52:00,72.45,74.7,71.85,71.9,13500,638850,21300.0,PE
2024-01-10 09:53:00,72.05,72.35,69.75,69.75,7150,635650,21300.0,PE
2024-01-10 09:54:00,70.45,72.0,69.8,71.35,12800,635650,21300.0,PE
2024-01-10 09:55:00,71.75,74.4,71.75,74.35,3250,635650,21300.0,PE
2024-01-10 09:56:00,74.55,74.55,73.1,73.85,6750,637450,21300.0,PE
2024-01-10 09:57:00,74.3,74.3,71.5,73.0,9400,637450,21300.0,PE
2024-01-10 09:58:00,73.1,79.7,73.1,77.55,32050,637450,21300.0,PE
2024-01-10 09:59:00,77.25,77.25,70.3,72.5,19950,627600,21300.0,PE
2024-01-10 10:00:00,73.65,76.55,73.65,74.7,14400,627600,21300.0,PE
2024-01-10 10:01:00,74.8,77.0,74.5,76.65,10750,627600,21300.0,PE
2024-01-10 10:02:00,77.0,78.15,74.6,76.4,15750,621000,21300.0,PE
2024-01-10 10:03:00,76.3,79.0,75.75,78.8,7550,621000,21300.0,PE
2024-01-10 10:04:00,78.3,80.95,77.2,78.15,13450,621000,21300.0,PE
2024-01-10 10:05:00,78.45,79.55,76.7,77.3,2900,618300,21300.0,PE
2024-01-10 10:06:00,79.4,80.85,76.95,80.65,12150,618300,21300.0,PE
2024-01-10 10:07:00,80.25,81.25,78.8,79.9,13750,618300,21300.0,PE
2024-01-10 10:08:00,78.8,79.4,74.85,76.5,10700,623150,21300.0,PE
2024-01-10 10:09:00,77.0,77.55,74.3,77.55,8350,623150,21300.0,PE
2024-01-10 10:10:00,77.55,77.55,74.0,75.0,2800,623150,21300.0,PE
2024-01-10 10:11:00,74.5,77.0,74.5,75.65,3050,622950,21300.0,PE
2024-01-10 10:12:00,76.55,77.3,73.15,77.3,7900,622950,21300.0,PE
2024-01-10 10:13:00,76.9,77.15,75.0,76.0,5400,622950,21300.0,PE
2024-01-10 10:14:00,76.2,76.35,71.3,72.25,27050,637200,21300.0,PE
2024-01-10 10:15:00,72.0,72.45,68.0,68.3,59500,637200,21300.0,PE
2024-01-10 10:16:00,67.3,68.05,66.55,66.55,9400,637200,21300.0,PE
2024-01-10 10:17:00,65.8,68.2,65.8,66.0,6800,670650,21300.0,PE
2024-01-10 10:18:00,66.0,67.55,63.0,63.0,13600,670650,21300.0,PE
2024-01-10 10:19:00,62.7,64.8,62.1,64.7,14350,670650,21300.0,PE
2024-01-10 10:20:00,64.0,66.95,63.8,65.5,12000,674700,21300.0,PE
2024-01-10 10:21:00,64.85,67.6,64.85,67.15,3050,674700,21300.0,PE
2024-01-10 10:22:00,67.1,70.0,67.1,68.55,17250,674700,21300.0,PE
2024-01-10 10:23:00,67.85,72.65,67.85,72.2,25150,675600,21300.0,PE
2024-01-10 10:24:00,71.8,75.05,71.6,74.2,10200,675600,21300.0,PE
2024-01-10 10:25:00,75.4,78.0,74.4,76.9,23200,675600,21300.0,PE
2024-01-10 10:26:00,75.55,76.2,73.9,75.65,7200,672300,21300.0,PE
2024-01-10 10:27:00,75.15,77.2,74.75,77.15,4600,672300,21300.0,PE
2024-01-10 10:28:00,76.35,78.35,75.6,75.6,3600,672300,21300.0,PE
2024-01-10 10:29:00,75.25,75.9,73.95,74.2,3850,670950,21300.0,PE
2024-01-10 10:30:00,73.1,73.5,71.65,72.8,6950,670950,21300.0,PE
2024-01-10 10:31:00,72.75,75.1,72.15,73.4,4600,670950,21300.0,PE
2024-01-10 10:32:00,72.75,73.15,71.1,71.25,6450,671150,21300.0,PE
2024-01-10 10:33:00,71.55,72.8,69.2,69.25,12100,671150,21300.0,PE
2024-01-10 10:34:00,68.65,69.75,68.6,68.95,7100,671150,21300.0,PE
2024-01-10 10:35:00,69.1,71.1,68.75,71.0,9850,684350,21300.0,PE
2024-01-10 10:36:00,71.1,71.1,69.1,69.1,2700,684350,21300.0,PE
2024-01-10 10:37:00,68.8,69.5,67.85,69.5,6500,684350,21300.0,PE
2024-01-10 10:38:00,70.35,70.35,69.05,69.45,1850,691100,21300.0,PE
2024-01-10 10:39:00,69.35,69.35,66.9,67.2,6250,691100,21300.0,PE
2024-01-10 10:40:00,67.75,71.3,67.75,70.75,24600,691100,21300.0,PE
2024-01-10 10:41:00,70.65,73.2,70.65,73.2,6350,677400,21300.0,PE
2024-01-10 10:42:00,72.75,75.0,72.75,75.0,6400,677400,21300.0,PE
2024-01-10 10:43:00,74.95,74.95,71.65,73.1,6650,677400,21300.0,PE
2024-01-10 10:44:00,72.75,75.65,72.3,75.25,2850,678100,21300.0,PE
2024-01-10 10:45:00,74.9,74.95,73.65,73.75,3300,678100,21300.0,PE
2024-01-10 10:46:00,73.6,76.85,73.25,74.25,6200,678100,21300.0,PE
2024-01-10 10:47:00,73.55,74.7,72.2,74.5,1700,679100,21300.0,PE
2024-01-10 10:48:00,74.95,79.85,74.95,79.55,17650,679100,21300.0,PE
2024-01-10 10:49:00,79.6,80.0,78.05,78.35,11350,679100,21300.0,PE
2024-01-10 10:50:00,77.95,78.75,77.0,77.25,8400,672850,21300.0,PE
2024-01-10 10:51:00,77.8,77.8,74.65,74.65,5050,672850,21300.0,PE
2024-01-10 10:52:00,74.65,75.35,73.85,75.05,6400,672850,21300.0,PE
2024-01-10 10:53:00,74.85,75.5,73.7,73.8,8700,670800,21300.0,PE
2024-01-10 10:54:00,74.0,75.1,73.8,75.1,4850,670800,21300.0,PE
2024-01-10 10:55:00,75.3,78.0,75.3,78.0,5600,670800,21300.0,PE
2024-01-10 10:56:00,77.0,77.0,73.0,74.1,4100,671900,21300.0,PE
2024-01-10 10:57:00,74.45,76.4,74.35,76.35,4550,671900,21300.0,PE
2024-01-10 10:58:00,76.0,77.65,75.8,76.05,10400,671900,21300.0,PE
2024-01-10 10:59:00,75.65,77.1,75.05,77.1,5650,673600,21300.0,PE
2024-01-10 11:00:00,76.15,77.3,75.8,77.15,3300,673600,21300.0,PE
2024-01-10 11:01:00,77.15,79.4,76.85,77.9,13800,673600,21300.0,PE
2024-01-10 11:02:00,78.15,78.15,76.4,76.75,3700,671250,21300.0,PE
2024-01-10 11:03:00,76.65,76.9,74.5,74.85,4800,671250,21300.0,PE
2024-01-10 11:04:00,74.5,75.7,74.0,75.7,5450,671250,21300.0,PE
2024-01-10 11:05:00,75.55,79.6,75.0,79.2,21500,670250,21300.0,PE
2024-01-10 11:06:00,78.6,79.8,77.35,79.0,3700,670250,21300.0,PE
2024-01-10 11:07:00,79.15,79.25,78.0,78.95,4450,670250,21300.0,PE
2024-01-10 11:08:00,78.95,78.95,77.2,77.3,2800,668500,21300.0,PE
2024-01-10 11:09:00,77.65,77.65,76.45,76.45,4050,668500,21300.0,PE
2024-01-10 11:10:00,76.7,78.65,75.0,75.0,7300,668500,21300.0,PE
2024-01-10 11:11:00,75.35,76.4,73.85,74.0,4150,668900,21300.0,PE
2024-01-10 11:12:00,74.55,74.55,73.9,74.05,6350,668900,21300.0,PE
2024-01-10 11:13:00,73.9,74.1,72.2,72.2,1750,668900,21300.0,PE
2024-01-10 11:14:00,71.2,71.9,70.0,70.3,11650,669800,21300.0,PE
2024-01-10 11:15:00,70.3,72.1,68.65,71.5,7400,669800,21300.0,PE
2024-01-10 11:16:00,71.9,73.25,71.9,72.9,2300,669800,21300.0,PE
2024-01-10 11:17:00,72.0,72.75,71.8,72.75,14300,673750,21300.0,PE
2024-01-10 11:18:00,72.7,72.85,71.45,72.65,5150,673750,21300.0,PE
2024-01-10 11:19:00,72.0,72.15,71.0,71.9,1600,673750,21300.0,PE
2024-01-10 11:20:00,71.8,71.8,70.85,71.35,1300,673900,21300.0,PE
2024-01-10 11:21:00,71.5,71.5,69.55,69.75,8750,673900,21300.0,PE
2024-01-10 11:22:00,69.35,71.0,69.0,70.35,2000,673900,21300.0,PE
2024-01-10 11:23:00,70.6,70.95,68.35,68.75,2550,673650,21300.0,PE
2024-01-10 11:24:00,68.85,70.0,67.9,68.1,10300,673650,21300.0,PE
2024-01-10 11:25:00,68.25,69.75,68.25,69.1,6650,673650,21300.0,PE
2024-01-10 11:26:00,69.75,70.0,68.55,68.55,2500,675700,21300.0,PE
2024-01-10 11:27:00,68.55,69.9,68.3,69.45,6150,675700,21300.0,PE
2024-01-10 11:28:00,69.35,70.15,69.1,70.05,2300,675700,21300.0,PE
2024-01-10 11:29:00,70.75,70.75,69.4,69.85,3400,674800,21300.0,PE
2024-01-10 11:30:00,69.05,70.15,68.85,69.9,2250,674800,21300.0,PE
2024-01-10 11:31:00,69.9,70.1,68.85,69.9,14450,674800,21300.0,PE
2024-01-10 11:32:00,70.25,71.1,70.25,71.1,3700,669500,21300.0,PE
2024-01-10 11:33:00,71.2,73.0,71.1,73.0,1900,669500,21300.0,PE
2024-01-10 11:34:00,73.9,73.9,72.05,72.25,7400,669500,21300.0,PE
2024-01-10 11:35:00,72.55,72.95,71.75,72.25,5150,669500,21300.0,PE
2024-01-10 11:36:00,71.55,71.55,69.55,70.0,10650,671100,21300.0,PE
2024-01-10 11:37:00,69.3,69.3,67.95,67.95,4450,671100,21300.0,PE
2024-01-10 11:38:00,68.55,69.25,68.35,69.05,17400,665900,21300.0,PE
2024-01-10 11:39:00,68.7,68.75,65.8,66.5,6350,665900,21300.0,PE
2024-01-10 11:40:00,66.85,67.05,66.15,67.0,3650,665900,21300.0,PE
2024-01-10 11:41:00,67.3,67.35,63.8,65.6,11250,666100,21300.0,PE
2024-01-10 11:42:00,65.55,68.25,65.55,68.25,5000,666100,21300.0,PE
2024-01-10 11:43:00,68.25,68.25,67.5,68.0,2750,666100,21300.0,PE
2024-01-10 11:44:00,68.0,69.55,67.95,69.55,2500,667650,21300.0,PE
2024-01-10 11:45:00,69.75,70.25,69.3,69.7,2300,667650,21300.0,PE
2024-01-10 11:46:00,69.45,71.15,69.0,71.15,2450,667650,21300.0,PE
2024-01-10 11:47:00,70.25,70.7,69.6,69.6,2700,669100,21300.0,PE
2024-01-10 11:48:00,69.45,71.25,69.4,71.25,1850,669100,21300.0,PE
2024-01-10 11:49:00,71.7,72.15,69.85,69.9,7500,669100,21300.0,PE
2024-01-10 11:50:00,69.85,70.45,69.65,70.3,7800,665250,21300.0,PE
2024-01-10 11:51:00,69.95,70.85,69.95,70.85,4050,665250,21300.0,PE
2024-01-10 11:52:00,70.55,71.0,70.15,70.7,2000,665250,21300.0,PE
2024-01-10 11:53:00,70.25,72.7,69.75,72.7,8850,665250,21300.0,PE
2024-01-10 11:54:00,71.75,71.75,69.35,70.05,5850,667150,21300.0,PE
2024-01-10 11:55:00,69.75,70.2,69.7,70.2,700,667150,21300.0,PE
2024-01-10 11:56:00,70.6,71.45,70.6,71.45,1300,667150,21300.0,PE
2024-01-10 11:57:00,71.7,73.0,71.45,73.0,10950,666000,21300.0,PE
2024-01-10 11:58:00,72.9,73.85,70.95,71.15,11350,666000,21300.0,PE
2024-01-10 11:59:00,71.25,71.6,71.1,71.35,12300,678000,21300.0,PE
2024-01-10 12:00:00,71.2,72.5,71.2,71.9,10750,678000,21300.0,PE
2024-01-10 12:01:00,71.85,71.85,70.4,70.4,9050,678000,21300.0,PE
2024-01-10 12:02:00,70.9,72.05,70.6,72.05,8950,689600,21300.0,PE
2024-01-10 12:03:00,72.2,74.05,72.2,73.25,17150,689600,21300.0,PE
2024-01-10 12:04:00,73.05,75.1,73.05,75.0,9950,689600,21300.0,PE
2024-01-10 12:05:00,75.25,77.7,74.5,77.7,13050,701650,21300.0,PE
2024-01-10 12:06:00,78.0,80.55,78.0,80.15,34650,701650,21300.0,PE
2024-01-10 12:07:00,80.75,81.0,76.8,77.55,18400,701650,21300.0,PE
2024-01-10 12:08:00,77.35,79.45,77.3,78.95,7200,701650,21300.0,PE
2024-01-10 12:09:00,79.2,79.2,75.95,75.95,8200,693150,21300.0,PE
2024-01-10 12:10:00,75.85,77.2,75.8,75.8,4650,693150,21300.0,PE
2024-01-10 12:11:00,75.0,76.95,73.4,74.25,19300,696000,21300.0,PE
2024-01-10 12:12:00,72.85,74.95,72.85,74.95,13450,696000,21300.0,PE
2024-01-10 12:13:00,74.7,77.65,74.7,77.5,3200,696000,21300.0,PE
2024-01-10 12:14:00,77.7,77.7,74.5,74.5,8300,696000,21300.0,PE
2024-01-10 12:15:00,75.45,76.2,75.15,76.2,1350,701200,21300.0,PE
2024-01-10 12:16:00,76.3,76.3,75.65,76.1,4050,701200,21300.0,PE
2024-01-10 12:17:00,76.1,77.05,76.0,77.05,3900,701200,21300.0,PE
2024-01-10 12:18:00,77.5,77.5,74.85,75.2,4950,702700,21300.0,PE
2024-01-10 12:19:00,75.5,78.2,75.5,77.05,4250,702700,21300.0,PE
2024-01-10 12:20:00,77.25,79.4,77.25,78.85,3850,702700,21300.0,PE
2024-01-10 12:21:00,79.1,82.5,77.9,82.4,24250,701950,21300.0,PE
2024-01-10 12:22:00,82.05,82.15,78.0,78.4,7000,701950,21300.0,PE
2024-01-10 12:23:00,77.95,78.1,75.2,76.4,9650,696550,21300.0,PE
2024-01-10 12:24:00,76.0,78.25,76.0,78.15,5250,696550,21300.0,PE
2024-01-10 12:25:00,77.8,79.25,77.8,79.1,1350,696550,21300.0,PE
2024-01-10 12:26:00,78.75,81.0,78.75,80.0,11450,702350,21300.0,PE
2024-01-10 12:27:00,79.75,80.45,78.75,79.3,26400,702350,21300.0,PE
2024-01-10 12:28:00,80.35,80.9,79.0,80.9,26350,702350,21300.0,PE
2024-01-10 12:29:00,80.5,80.6,78.55,78.55,14500,702350,21300.0,PE
2024-01-10 12:30:00,79.0,79.85,78.65,78.9,16600,745250,21300.0,PE
2024-01-10 12:31:00,79.05,79.85,78.95,79.45,9850,745250,21300.0,PE
2024-01-10 12:32:00,78.9,78.95,78.4,78.75,1050,745250,21300.0,PE
2024-01-10 12:33:00,78.7,78.7,74.0,74.15,16750,743250,21300.0,PE
2024-01-10 12:34:00,74.2,75.15,74.2,74.45,5150,743250,21300.0,PE
2024-01-10 12:35:00,74.45,74.45,72.3,73.55,7150,743250,21300.0,PE
2024-01-10 12:36:00,73.4,73.55,70.0,70.95,13500,747100,21300.0,PE
2024-01-10 12:37:00,69.95,71.4,69.95,71.3,7350,747100,21300.0,PE
2024-01-10 12:38:00,71.25,72.5,71.25,72.3,9950,747100,21300.0,PE
2024-01-10 12:39:00,72.05,73.25,72.0,73.15,8400,746400,21300.0,PE
2024-01-10 12:40:00,72.8,74.25,72.8,73.95,6200,746400,21300.0,PE
2024-01-10 12:41:00,74.25,74.7,73.8,74.55,2450,746400,21300.0,PE
2024-01-10 12:42:00,74.25,75.4,74.25,75.25,2600,751000,21300.0,PE
2024-01-10 12:43:00,75.55,77.8,75.4,77.8,11700,751000,21300.0,PE
2024-01-10 12:44:00,78.05,81.5,77.75,81.5,14500,751000,21300.0,PE
2024-01-10 12:45:00,81.25,93.1,81.25,90.6,88850,748800,21300.0,PE
2024-01-10 12:46:00,90.6,92.2,87.3,87.3,38950,748800,21300.0,PE
2024-01-10 12:47:00,85.4,85.55,75.6,76.0,58750,748800,21300.0,PE
2024-01-10 12:48:00,74.35,80.75,68.85,78.9,76950,725200,21300.0,PE
2024-01-10 12:49:00,78.5,83.85,78.5,81.45,30100,725200,21300.0,PE
2024-01-10 12:50:00,82.05,85.15,80.4,83.9,17550,725200,21300.0,PE
2024-01-10 12:51:00,84.0,85.55,82.35,84.05,10600,716800,21300.0,PE
2024-01-10 12:52:00,84.0,84.95,82.7,84.95,4350,716800,21300.0,PE
2024-01-10 12:53:00,84.55,86.35,84.35,84.65,14000,716800,21300.0,PE
2024-01-10 12:54:00,83.25,83.25,78.3,80.2,12700,720150,21300.0,PE
2024-01-10 12:55:00,79.65,84.2,79.65,83.3,30500,720150,21300.0,PE
2024-01-10 12:56:00,82.9,85.35,82.9,85.0,11250,720150,21300.0,PE
2024-01-10 12:57:00,83.95,85.6,83.95,84.6,7850,706400,21300.0,PE
2024-01-10 12:58:00,84.0,84.6,83.0,83.65,3600,706400,21300.0,PE
2024-01-10 12:59:00,83.5,83.65,81.2,82.45,6600,706400,21300.0,PE
2024-01-10 13:00:00,83.05,84.35,82.7,84.1,5300,711200,21300.0,PE
2024-01-10 13:01:00,84.1,85.15,82.5,82.5,8800,711200,21300.0,PE
2024-01-10 13:02:00,82.2,82.5,81.15,82.0,14050,711200,21300.0,PE
2024-01-10 13:03:00,81.7,83.5,81.7,83.1,5150,714700,21300.0,PE
2024-01-10 13:04:00,82.65,83.0,81.6,81.6,3800,714700,21300.0,PE
2024-01-10 13:05:00,81.95,82.25,78.55,78.65,9550,714700,21300.0,PE
2024-01-10 13:06:00,79.0,79.3,75.2,76.05,10850,714150,21300.0,PE
2024-01-10 13:07:00,76.2,78.65,75.55,78.0,7200,714150,21300.0,PE
2024-01-10 13:08:00,78.25,78.5,76.6,77.1,10050,714150,21300.0,PE
2024-01-10 13:09:00,77.05,77.95,76.0,77.75,6300,708650,21300.0,PE
2024-01-10 13:10:00,77.7,78.55,77.7,78.55,2250,708650,21300.0,PE
2024-01-10 13:11:00,78.2,78.25,76.75,77.0,900,708650,21300.0,PE
2024-01-10 13:12:00,77.15,77.6,75.2,75.2,5200,709400,21300.0,PE
2024-01-10 13:13:00,76.25,76.4,73.4,75.15,5800,709400,21300.0,PE
2024-01-10 13:14:00,75.2,76.55,75.15,76.4,4300,709400,21300.0,PE
2024-01-10 13:15:00,76.35,77.15,75.1,75.55,2400,709450,21300.0,PE
2024-01-10 13:16:00,75.1,77.1,75.1,77.1,2850,709450,21300.0,PE
2024-01-10 13:17:00,77.8,79.3,77.6,78.8,9350,709450,21300.0,PE
2024-01-10 13:18:00,79.25,80.25,78.8,79.8,6550,707150,21300.0,PE
2024-01-10 13:19:00,79.0,80.7,79.0,79.65,6900,707150,21300.0,PE
2024-01-10 13:20:00,80.4,84.0,80.3,83.25,8450,707150,21300.0,PE
2024-01-10 13:21:00,82.3,82.85,80.95,81.35,10350,704800,21300.0,PE
2024-01-10 13:22:00,80.85,80.85,77.8,77.8,7850,704800,21300.0,PE
2024-01-10 13:23:00,77.85,79.55,77.5,79.2,3450,704800,21300.0,PE
2024-01-10 13:24:00,79.55,79.55,78.6,79.4,2250,702900,21300.0,PE
2024-01-10 13:25:00,79.35,81.6,79.1,81.6,6650,702900,21300.0,PE
2024-01-10 13:26:00,81.45,82.0,80.85,81.7,4300,702900,21300.0,PE
2024-01-10 13:27:00,81.3,82.25,81.3,81.65,2000,703000,21300.0,PE
2024-01-10 13:28:00,81.55,81.55,80.0,80.6,2850,703000,21300.0,PE
2024-01-10 13:29:00,80.0,80.75,80.0,80.0,7350,703000,21300.0,PE
2024-01-10 13:30:00,80.0,80.05,78.75,78.75,4600,703400,21300.0,PE
2024-01-10 13:31:00,78.95,79.15,77.4,77.4,6350,703400,21300.0,PE
2024-01-10 13:32:00,77.35,78.3,77.35,78.3,3000,703400,21300.0,PE
2024-01-10 13:33:00,78.1,81.75,78.1,81.75,8300,705800,21300.0,PE
2024-01-10 13:34:00,82.0,85.0,80.95,84.55,8400,705800,21300.0,PE
2024-01-10 13:35:00,83.95,85.2,83.5,83.55,12950,705800,21300.0,PE
2024-01-10 13:36:00,83.75,85.25,82.05,85.1,12700,709550,21300.0,PE
2024-01-10 13:37:00,84.95,85.25,83.95,84.85,7750,709550,21300.0,PE
2024-01-10 13:38:00,84.7,86.95,84.3,85.05,36050,709550,21300.0,PE
2024-01-10 13:39:00,84.5,84.5,81.4,82.7,17700,710150,21300.0,PE
2024-01-10 13:40:00,81.8,84.2,81.15,84.2,18300,710150,21300.0,PE
2024-01-10 13:41:00,84.1,85.8,83.45,84.8,9400,710150,21300.0,PE
2024-01-10 13:42:00,85.0,85.35,83.0,83.15,10850,711450,21300.0,PE
2024-01-10 13:43:00,83.1,83.15,81.55,81.6,42800,711450,21300.0,PE
2024-01-10 13:44:00,81.2,81.2,76.7,76.7,15150,711450,21300.0,PE
2024-01-10 13:45:00,75.5,77.75,75.45,77.3,12750,734350,21300.0,PE
2024-01-10 13:46:00,78.0,79.5,76.55,79.5,6050,734350,21300.0,PE
2024-01-10 13:47:00,79.95,80.15,78.2,78.2,4750,734350,21300.0,PE
2024-01-10 13:48:00,79.05,80.0,78.8,80.0,4350,732350,21300.0,PE
2024-01-10 13:49:00,80.7,80.7,78.8,79.3,11300,732350,21300.0,PE
2024-01-10 13:50:00,78.1,79.6,78.0,79.6,3500,732350,21300.0,PE
2024-01-10 13:51:00,79.4,80.4,78.4,78.75,5350,733000,21300.0,PE
2024-01-10 13:52:00,78.25,78.4,75.95,77.05,9800,733000,21300.0,PE
2024-01-10 13:53:00,77.2,77.3,76.85,77.25,3000,733000,21300.0,PE
2024-01-10 13:54:00,77.45,79.0,74.8,74.8,12400,733700,21300.0,PE
2024-01-10 13:55:00,75.15,76.0,74.15,74.6,11400,733700,21300.0,PE
2024-01-10 13:56:00,75.0,75.25,70.0,70.7,16550,733700,21300.0,PE
2024-01-10 13:57:00,70.7,73.35,68.8,72.3,22700,732450,21300.0,PE
2024-01-10 13:58:00,72.75,73.25,71.8,73.25,6800,732450,21300.0,PE
2024-01-10 13:59:00,71.6,72.45,68.85,69.75,6750,732450,21300.0,PE
2024-01-10 14:00:00,69.85,69.85,64.45,64.85,33750,742500,21300.0,PE
2024-01-10 14:01:00,64.0,67.15,64.0,66.9,13600,742500,21300.0,PE
2024-01-10 14:02:00,67.0,67.9,66.5,67.4,7600,742500,21300.0,PE
2024-01-10 14:03:00,67.75,70.6,67.55,69.5,16250,744150,21300.0,PE
2024-01-10 14:04:00,69.45,74.2,68.3,74.1,25500,744150,21300.0,PE
2024-01-10 14:05:00,73.1,73.4,71.25,71.25,29750,744150,21300.0,PE
2024-01-10 14:06:00,71.0,74.25,68.95,74.25,16500,753750,21300.0,PE
2024-01-10 14:07:00,74.05,74.05,71.45,72.0,13650,753750,21300.0,PE
2024-01-10 14:08:00,71.3,72.25,69.7,69.7,8150,753750,21300.0,PE
2024-01-10 14:09:00,69.75,70.0,68.55,69.45,18150,755100,21300.0,PE
2024-01-10 14:10:00,69.25,69.25,67.5,68.05,7250,755100,21300.0,PE
2024-01-10 14:11:00,68.25,69.25,68.25,68.6,5250,755100,21300.0,PE
2024-01-10 14:12:00,68.5,69.4,67.05,67.2,2000,761950,21300.0,PE
2024-01-10 14:13:00,67.7,67.75,65.0,65.5,13700,761950,21300.0,PE
2024-01-10 14:14:00,65.2,66.45,64.15,66.1,8650,761950,21300.0,PE
2024-01-10 14:15:00,66.15,66.15,62.35,66.05,14600,761400,21300.0,PE
2024-01-10 14:16:00,66.25,66.9,64.3,65.05,7200,761400,21300.0,PE
2024-01-10 14:17:00,64.1,64.1,60.8,62.6,13450,761400,21300.0,PE
2024-01-10 14:18:00,62.95,63.1,59.85,60.5,29950,760250,21300.0,PE
2024-01-10 14:19:00,59.15,60.5,57.1,60.3,32250,760250,21300.0,PE
2024-01-10 14:20:00,60.15,60.3,58.25,60.05,13100,760250,21300.0,PE
2024-01-10 14:21:00,59.85,62.55,59.85,62.45,11450,780350,21300.0,PE
2024-01-10 14:22:00,63.0,66.15,63.0,66.0,13200,780350,21300.0,PE
2024-01-10 14:23:00,65.2,66.0,63.9,63.9,11350,780350,21300.0,PE
2024-01-10 14:24:00,63.6,67.7,62.85,67.3,18400,777950,21300.0,PE
2024-01-10 14:25:00,67.3,68.6,65.95,66.1,11250,777950,21300.0,PE
2024-01-10 14:26:00,65.65,68.3,64.6,67.8,9650,777950,21300.0,PE
2024-01-10 14:27:00,68.2,71.05,66.4,67.4,26300,777450,21300.0,PE
2024-01-10 14:28:00,67.7,68.4,66.45,66.5,5300,777450,21300.0,PE
2024-01-10 14:29:00,66.6,68.8,65.45,68.25,12900,777450,21300.0,PE
2024-01-10 14:30:00,67.95,68.0,65.0,65.85,4800,775950,21300.0,PE
2024-01-10 14:31:00,66.3,68.35,63.95,66.95,9450,775950,21300.0,PE
2024-01-10 14:32:00,66.15,66.95,65.4,66.5,9650,775950,21300.0,PE
2024-01-10 14:33:00,65.1,65.2,62.4,62.45,8650,783000,21300.0,PE
2024-01-10 14:34:00,61.6,62.45,60.05,60.45,15200,783000,21300.0,PE
2024-01-10 14:35:00,60.05,62.0,58.85,61.75,50700,783000,21300.0,PE
2024-01-10 14:36:00,61.4,61.4,56.55,56.55,12200,813700,21300.0,PE
2024-01-10 14:37:00,56.5,58.35,55.05,57.75,11750,813700,21300.0,PE
2024-01-10 14:38:00,57.5,57.5,52.9,52.9,26650,813700,21300.0,PE
2024-01-10 14:39:00,52.15,53.6,51.45,53.6,128950,841550,21300.0,PE
2024-01-10 14:40:00,53.35,53.35,49.35,51.2,41950,841550,21300.0,PE
2024-01-10 14:41:00,50.2,53.5,49.9,52.95,24650,841550,21300.0,PE
2024-01-10 14:42:00,52.6,52.6,51.0,51.75,35900,906200,21300.0,PE
2024-01-10 14:43:00,51.8,52.45,50.15,52.25,70800,906200,21300.0,PE
2024-01-10 14:44:00,52.6,54.1,52.1,52.2,13400,906200,21300.0,PE
2024-01-10 14:45:00,52.2,53.0,50.8,52.35,8950,948950,21300.0,PE
2024-01-10 14:46:00,52.1,54.1,51.9,53.6,18650,948950,21300.0,PE
2024-01-10 14:47:00,53.85,54.4,52.45,53.65,10100,948950,21300.0,PE
2024-01-10 14:48:00,53.6,54.9,53.0,54.75,6650,946000,21300.0,PE
2024-01-10 14:49:00,54.5,54.5,53.0,54.2,15600,946000,21300.0,PE
2024-01-10 14:50:00,54.0,54.0,51.1,51.1,11250,946000,21300.0,PE
2024-01-10 14:51:00,51.5,53.9,50.35,50.35,9050,944200,21300.0,PE
2024-01-10 14:52:00,50.25,51.15,49.95,50.6,8200,944200,21300.0,PE
2024-01-10 14:53:00,51.1,51.2,49.1,49.2,10100,944200,21300.0,PE
2024-01-10 14:54:00,49.3,49.35,46.6,46.6,32150,939500,21300.0,PE
2024-01-10 14:55:00,47.45,48.25,46.75,48.05,38600,939500,21300.0,PE
2024-01-10 14:56:00,47.4,47.8,43.45,43.45,71850,939500,21300.0,PE
2024-01-10 14:57:00,43.35,44.65,42.8,43.55,188800,941400,21300.0,PE
2024-01-10 14:58:00,43.5,44.0,40.7,40.9,110000,941400,21300.0,PE
2024-01-10 14:59:00,40.45,41.9,40.1,41.85,60500,941400,21300.0,PE
2024-01-10 15:00:00,41.75,41.75,38.0,38.9,69250,988100,21300.0,PE
2024-01-10 15:01:00,38.9,38.9,37.25,37.35,59000,988100,21300.0,PE
2024-01-10 15:02:00,37.5,37.7,35.2,36.55,52300,988100,21300.0,PE
2024-01-10 15:03:00,35.85,36.25,35.15,35.8,51750,997700,21300.0,PE
2024-01-10 15:04:00,35.35,35.4,32.9,32.9,37100,997700,21300.0,PE
2024-01-10 15:05:00,33.2,35.4,32.85,35.35,62400,997700,21300.0,PE
2024-01-10 15:06:00,35.65,38.4,34.95,38.4,66300,1006400,21300.0,PE
2024-01-10 15:07:00,38.5,40.9,38.0,39.15,62450,1006400,21300.0,PE
2024-01-10 15:08:00,39.15,40.5,38.3,40.15,22000,1006400,21300.0,PE
2024-01-10 15:09:00,39.95,39.95,35.5,35.5,97950,1027150,21300.0,PE
2024-01-10 15:10:00,35.55,39.6,35.55,38.6,56600,1027150,21300.0,PE
2024-01-10 15:11:00,38.8,39.6,36.6,36.8,45000,1027150,21300.0,PE
2024-01-10 15:12:00,36.55,37.2,36.15,36.45,61100,1057500,21300.0,PE
2024-01-10 15:13:00,36.9,37.25,36.5,37.2,22600,1057500,21300.0,PE
2024-01-10 15:14:00,37.15,37.75,36.75,37.3,8300,1057500,21300.0,PE
2024-01-10 15:15:00,37.6,37.6,36.0,36.0,25050,1078200,21300.0,PE
2024-01-10 15:16:00,35.65,36.95,34.7,36.95,38500,1078200,21300.0,PE
2024-01-10 15:17:00,36.7,36.75,35.75,36.1,20650,1078200,21300.0,PE
2024-01-10 15:18:00,36.25,36.55,34.45,34.45,16500,1076500,21300.0,PE
2024-01-10 15:19:00,34.35,34.8,34.05,34.65,68800,1076500,21300.0,PE
2024-01-10 15:20:00,34.7,34.9,34.5,34.7,73950,1076500,21300.0,PE
2024-01-10 15:21:00,34.7,34.8,33.45,33.55,35650,1069700,21300.0,PE
2024-01-10 15:22:00,33.75,33.75,32.75,33.45,32950,1069700,21300.0,PE
2024-01-10 15:23:00,33.25,33.55,33.0,33.0,20100,1069700,21300.0,PE
2024-01-10 15:24:00,32.95,33.25,32.0,32.0,45500,1070150,21300.0,PE
2024-01-10 15:25:00,32.2,32.2,31.6,31.6,24700,1070150,21300.0,PE
2024-01-10 15:26:00,31.55,31.65,31.1,31.2,28550,1070150,21300.0,PE
2024-01-10 15:27:00,31.3,31.35,31.0,31.05,19550,1059300,21300.0,PE
2024-01-10 15:28:00,31.0,31.3,30.6,30.75,28300,1059300,21300.0,PE
2024-01-10 15:29:00,30.85,31.0,30.0,30.5,49550,1059300,21300.0,PE
2024-01-10 15:30:00,30.0,30.0,30.0,30.0,850,1059300,21300.0,PE
2024-01-11 09:15:00,28.55,28.55,23.45,24.85,63051,1070450,21300.0,PE
2024-01-11 09:16:00,24.9,25.65,24.4,25.5,50950,1070450,21300.0,PE
2024-01-11 09:17:00,25.45,25.9,25.3,25.6,136900,1095300,21300.0,PE
2024-01-11 09:18:00,25.6,26.2,25.05,25.45,77800,1095300,21300.0,PE
2024-01-11 09:19:00,25.45,25.45,24.8,25.35,108300,1095300,21300.0,PE
2024-01-11 09:20:00,25.25,25.6,24.75,24.9,54800,1089800,21300.0,PE
2024-01-11 09:21:00,24.9,25.05,24.55,24.8,57850,1089800,21300.0,PE
2024-01-11 09:22:00,24.75,25.15,24.6,24.9,30600,1089800,21300.0,PE
2024-01-11 09:23:00,24.95,24.95,24.45,24.65,26550,1089950,21300.0,PE
2024-01-11 09:24:00,24.5,25.2,24.5,25.2,39950,1089950,21300.0,PE
2024-01-11 09:25:00,25.15,25.6,24.7,25.0,43200,1089950,21300.0,PE
2024-01-11 09:26:00,24.7,25.1,24.1,24.75,24150,1088100,21300.0,PE
2024-01-11 09:27:00,24.7,25.55,24.15,24.25,38200,1088100,21300.0,PE
2024-01-11 09:28:00,24.15,24.9,24.05,24.6,35050,1088100,21300.0,PE
2024-01-11 09:29:00,24.5,24.9,24.4,24.65,7800,1083950,21300.0,PE
2024-01-11 09:30:00,24.75,24.85,24.25,24.85,23250,1083950,21300.0,PE
2024-01-11 09:31:00,24.75,25.5,24.75,25.35,32950,1083950,21300.0,PE
2024-01-11 09:32:00,25.25,26.7,25.25,26.3,36100,1083450,21300.0,PE
2024-01-11 09:33:00,26.6,27.4,26.2,27.35,47000,1083450,21300.0,PE
2024-01-11 09:34:00,27.25,27.8,25.9,26.0,40450,1083450,21300.0,PE
2024-01-11 09:35:00,26.0,26.0,24.95,25.5,31400,1090800,21300.0,PE
2024-01-11 09:36:00,25.1,28.35,25.1,28.25,46600,1090800,21300.0,PE
2024-01-11 09:37:00,28.6,29.0,26.75,27.3,22850,1090800,21300.0,PE
2024-01-11 09:38:00,27.5,28.35,27.3,27.85,20750,1115350,21300.0,PE
2024-01-11 09:39:00,28.0,28.45,27.35,27.35,22500,1115350,21300.0,PE
2024-01-11 09:40:00,26.95,28.25,26.6,27.4,28900,1115350,21300.0,PE
2024-01-11 09:41:00,27.4,28.7,27.4,28.7,21000,1126850,21300.0,PE
2024-01-11 09:42:00,28.8,30.6,28.8,29.65,70050,1126850,21300.0,PE
2024-01-11 09:43:00,29.6,30.0,27.7,27.7,35050,1126850,21300.0,PE
2024-01-11 09:44:00,28.0,30.55,28.0,30.55,22300,1116100,21300.0,PE
2024-01-11 09:45:00,30.35,32.1,30.2,30.8,34750,1116100,21300.0,PE
2024-01-11 09:46:00,30.45,30.8,29.5,30.8,29450,1116100,21300.0,PE
2024-01-11 09:47:00,30.65,31.0,30.15,30.2,41050,1128450,21300.0,PE
2024-01-11 09:48:00,30.0,31.1,29.7,30.8,31550,1128450,21300.0,PE
2024-01-11 09:49:00,30.8,31.8,30.4,31.2,9150,1128450,21300.0,PE
2024-01-11 09:50:00,31.0,31.2,30.1,30.9,7250,1131250,21300.0,PE
2024-01-11 09:51:00,30.45,31.1,30.0,30.9,16500,1131250,21300.0,PE
2024-01-11 09:52:00,31.1,31.15,30.55,31.0,14400,1131250,21300.0,PE
2024-01-11 09:53:00,30.7,31.45,30.3,31.45,19750,1135800,21300.0,PE
2024-01-11 09:54:00,31.4,33.2,31.4,33.2,28950,1135800,21300.0,PE
2024-01-11 09:55:00,34.05,34.05,32.4,32.4,40000,1135800,21300.0,PE
2024-01-11 09:56:00,32.65,32.65,31.35,32.25,23750,1158600,21300.0,PE
2024-01-11 09:57:00,32.3,33.95,31.85,33.7,21800,1158600,21300.0,PE
2024-01-11 09:58:00,33.8,34.1,33.4,33.65,31950,1158600,21300.0,PE
2024-01-11 09:59:00,33.25,33.25,32.1,33.0,40850,1156800,21300.0,PE
2024-01-11 10:00:00,32.85,33.8,32.7,33.7,13000,1156800,21300.0,PE
2024-01-11 10:01:00,33.7,33.75,33.0,33.3,23550,1156800,21300.0,PE
2024-01-11 10:02:00,33.3,34.0,33.0,34.0,11300,1165000,21300.0,PE
2024-01-11 10:03:00,34.4,35.4,34.1,34.35,27700,1165000,21300.0,PE
2024-01-11 10:04:00,34.35,35.0,33.45,33.95,15900,1165000,21300.0,PE
2024-01-11 10:05:00,34.4,34.4,33.5,33.6,20850,1176050,21300.0,PE
2024-01-11 10:06:00,33.8,33.85,32.8,33.0,17800,1176050,21300.0,PE
2024-01-11 10:07:00,32.45,33.9,31.8,33.85,25000,1176050,21300.0,PE
2024-01-11 10:08:00,34.0,34.25,33.0,33.0,7850,1187150,21300.0,PE
2024-01-11 10:09:00,32.85,34.2,32.45,33.9,17500,1187150,21300.0,PE
2024-01-11 10:10:00,34.0,34.0,33.4,33.9,5200,1187150,21300.0,PE
2024-01-11 10:11:00,33.95,34.2,32.95,34.05,16950,1191900,21300.0,PE
2024-01-11 10:12:00,33.95,34.05,33.2,33.2,31850,1191900,21300.0,PE
2024-01-11 10:13:00,33.2,33.3,32.25,32.25,27750,1191900,21300.0,PE
2024-01-11 10:14:00,32.35,32.35,31.15,31.8,21250,1230050,21300.0,PE
2024-01-11 10:15:00,31.85,31.85,29.7,29.95,35450,1230050,21300.0,PE
2024-01-11 10:16:00,30.05,31.8,30.05,31.8,14750,1230050,21300.0,PE
2024-01-11 10:17:00,32.2,33.7,32.2,32.8,9650,1255650,21300.0,PE
2024-01-11 10:18:00,33.05,33.3,32.2,33.2,11550,1255650,21300.0,PE
2024-01-11 10:19:00,33.4,33.45,32.85,33.3,8700,1255650,21300.0,PE
2024-01-11 10:20:00,33.5,34.35,33.15,34.0,20050,1269300,21300.0,PE
2024-01-11 10:21:00,34.15,34.2,32.4,32.4,18550,1269300,21300.0,PE
2024-01-11 10:22:00,32.35,33.45,32.35,32.6,11450,1269300,21300.0,PE
2024-01-11 10:23:00,32.75,33.05,32.1,32.15,7850,1277150,21300.0,PE
2024-01-11 10:24:00,32.1,32.1,31.75,31.8,9450,1277150,21300.0,PE
2024-01-11 10:25:00,32.25,32.6,31.75,32.6,7350,1277150,21300.0,PE
2024-01-11 10:26:00,32.6,32.6,31.35,31.85,12800,1282200,21300.0,PE
2024-01-11 10:27:00,31.9,32.7,31.75,32.4,13800,1282200,21300.0,PE
2024-01-11 10:28:00,32.15,32.4,31.75,32.05,5100,1282200,21300.0,PE
2024-01-11 10:29:00,31.9,32.25,31.9,31.95,2500,1292800,21300.0,PE
2024-01-11 10:30:00,32.4,33.15,31.4,32.6,6200,1292800,21300.0,PE
2024-01-11 10:31:00,32.95,34.45,32.85,33.95,18550,1292800,21300.0,PE
2024-01-11 10:32:00,34.0,34.7,33.55,33.75,12100,1297800,21300.0,PE
2024-01-11 10:33:00,33.5,34.15,31.8,32.05,14100,1297800,21300.0,PE
2024-01-11 10:34:00,31.8,32.2,30.65,31.4,19600,1297800,21300.0,PE
2024-01-11 10:35:00,31.85,31.85,30.9,31.3,9600,1302750,21300.0,PE
2024-01-11 10:36:00,31.55,31.8,30.9,30.9,10200,1302750,21300.0,PE
2024-01-11 10:37:00,31.25,31.55,31.05,31.05,5550,1302750,21300.0,PE
2024-01-11 10:38:00,31.05,31.05,30.25,30.55,13800,1305250,21300.0,PE
2024-01-11 10:39:00,30.6,30.9,30.5,30.9,4300,1305250,21300.0,PE
2024-01-11 10:40:00,31.05,31.5,30.65,31.25,6800,1305250,21300.0,PE
2024-01-11 10:41:00,31.15,31.5,30.8,31.4,12500,1301950,21300.0,PE
2024-01-11 10:42:00,31.35,32.05,31.3,31.9,10900,1301950,21300.0,PE
2024-01-11 10:43:00,32.1,32.2,31.75,31.8,7650,1301950,21300.0,PE
2024-01-11 10:44:00,31.3,31.35,30.95,31.15,8700,1304450,21300.0,PE
2024-01-11 10:45:00,31.2,31.2,30.6,30.95,4100,1304450,21300.0,PE
2024-01-11 10:46:00,30.75,31.9,30.75,31.8,6600,1304450,21300.0,PE
2024-01-11 10:47:00,31.55,32.6,31.4,32.35,11350,1300400,21300.0,PE
2024-01-11 10:48:00,32.35,32.5,31.9,32.1,5050,1300400,21300.0,PE
2024-01-11 10:49:00,32.15,32.6,31.85,32.5,4950,1300400,21300.0,PE
2024-01-11 10:50:00,32.15,32.55,32.1,32.5,6800,1300800,21300.0,PE
2024-01-11 10:51:00,32.15,32.15,31.45,31.85,10200,1300800,21300.0,PE
2024-01-11 10:52:00,31.95,32.15,31.9,32.0,2250,1300800,21300.0,PE
2024-01-11 10:53:00,32.0,32.9,31.8,32.45,19600,1295000,21300.0,PE
2024-01-11 10:54:00,32.4,34.95,32.3,34.95,26800,1295000,21300.0,PE
2024-01-11 10:55:00,34.95,35.85,33.3,33.3,46400,1295000,21300.0,PE
2024-01-11 10:56:00,33.3,34.15,33.15,34.0,8600,1295700,21300.0,PE
2024-01-11 10:57:00,34.25,34.55,33.4,33.45,14750,1295700,21300.0,PE
2024-01-11 10:58:00,33.8,33.8,32.9,33.05,7600,1295700,21300.0,PE
2024-01-11 10:59:00,32.9,33.05,32.25,32.45,8400,1301250,21300.0,PE
2024-01-11 11:00:00,32.4,33.3,32.4,33.0,4600,1301250,21300.0,PE
2024-01-11 11:01:00,33.0,33.4,32.95,33.25,7900,1301250,21300.0,PE
2024-01-11 11:02:00,33.15,33.3,32.85,33.3,2900,1305500,21300.0,PE
2024-01-11 11:03:00,33.2,33.9,32.7,33.9,8300,1305500,21300.0,PE
2024-01-11 11:04:00,33.85,33.85,33.3,33.45,6950,1305500,21300.0,PE
2024-01-11 11:05:00,33.25,34.4,33.25,34.4,53950,1331250,21300.0,PE
2024-01-11 11:06:00,34.55,34.65,34.05,34.45,51150,1331250,21300.0,PE
2024-01-11 11:07:00,34.45,34.45,33.9,34.05,8000,1331250,21300.0,PE
2024-01-11 11:08:00,33.95,34.6,33.95,34.45,10850,1369700,21300.0,PE
2024-01-11 11:09:00,34.55,34.55,34.15,34.3,10950,1369700,21300.0,PE
2024-01-11 11:10:00,34.3,34.65,33.9,34.65,39750,1369700,21300.0,PE
2024-01-11 11:11:00,34.6,34.7,33.7,33.9,19350,1343350,21300.0,PE
2024-01-11 11:12:00,33.8,34.15,33.65,33.9,12600,1343350,21300.0,PE
2024-01-11 11:13:00,34.1,34.1,33.95,34.05,4150,1343350,21300.0,PE
2024-01-11 11:14:00,33.75,33.9,33.15,33.15,4350,1328350,21300.0,PE
2024-01-11 11:15:00,33.1,33.4,32.65,33.4,11700,1328350,21300.0,PE
2024-01-11 11:16:00,33.45,33.45,31.55,32.3,12950,1328350,21300.0,PE
2024-01-11 11:17:00,32.3,33.05,32.3,33.05,6850,1325450,21300.0,PE
2024-01-11 11:18:00,32.85,33.0,32.45,32.6,5250,1325450,21300.0,PE
2024-01-11 11:19:00,32.6,32.95,32.45,32.75,6800,1325450,21300.0,PE
2024-01-11 11:20:00,32.75,33.5,32.45,33.2,2900,1331600,21300.0,PE
2024-01-11 11:21:00,33.95,33.95,33.5,33.75,2800,1331600,21300.0,PE
2024-01-11 11:22:00,33.85,34.2,33.5,33.5,10100,1331600,21300.0,PE
2024-01-11 11:23:00,33.8,34.0,33.4,33.65,3200,1330550,21300.0,PE
2024-01-11 11:24:00,33.65,34.05,33.65,33.85,4550,1330550,21300.0,PE
2024-01-11 11:25:00,33.65,34.05,33.55,34.05,1150,1330550,21300.0,PE
2024-01-11 11:26:00,34.0,34.1,33.85,34.1,5800,1327750,21300.0,PE
2024-01-11 11:27:00,34.1,34.25,33.5,33.6,2550,1327750,21300.0,PE
2024-01-11 11:28:00,33.65,33.7,33.0,33.55,4050,1327750,21300.0,PE
2024-01-11 11:29:00,33.9,33.9,33.35,33.6,4000,1326550,21300.0,PE
2024-01-11 11:30:00,33.35,35.15,33.3,33.65,20350,1326550,21300.0,PE
2024-01-11 11:31:00,33.65,34.1,33.15,33.2,5250,1326550,21300.0,PE
2024-01-11 11:32:00,33.0,33.25,32.85,32.95,2800,1320550,21300.0,PE
2024-01-11 11:33:00,33.15,33.3,33.05,33.15,3200,1320550,21300.0,PE
2024-01-11 11:34:00,33.15,33.3,32.75,33.3,5800,1320550,21300.0,PE
2024-01-11 11:35:00,33.25,33.25,32.9,33.0,5550,1321600,21300.0,PE
2024-01-11 11:36:00,33.35,33.35,32.85,33.0,8550,1321600,21300.0,PE
2024-01-11 11:37:00,33.1,33.1,32.7,32.8,15400,1321600,21300.0,PE
2024-01-11 11:38:00,32.8,33.5,32.75,32.95,7600,1325850,21300.0,PE
2024-01-11 11:39:00,33.15,33.15,32.5,32.8,3750,1325850,21300.0,PE
2024-01-11 11:40:00,32.55,33.0,32.5,32.65,6550,1325850,21300.0,PE
2024-01-11 11:41:00,32.65,32.7,31.95,32.3,12400,1321900,21300.0,PE
2024-01-11 11:42:00,32.0,32.05,31.2,31.2,13600,1321900,21300.0,PE
2024-01-11 11:43:00,30.9,31.6,30.65,30.95,22950,1321900,21300.0,PE
2024-01-11 11:44:00,31.0,31.15,30.7,31.0,5700,1324700,21300.0,PE
2024-01-11 11:45:00,30.8,30.8,30.1,30.45,10550,1324700,21300.0,PE
2024-01-11 11:46:00,30.35,31.1,30.3,30.6,30350,1324700,21300.0,PE
2024-01-11 11:47:00,30.7,30.9,30.45,30.8,8100,1335550,21300.0,PE
2024-01-11 11:48:00,30.9,31.25,30.65,30.75,5750,1335550,21300.0,PE
2024-01-11 11:49:00,30.7,31.15,30.7,31.05,8700,1335550,21300.0,PE
2024-01-11 11:50:00,31.0,31.5,30.95,31.15,19500,1340150,21300.0,PE
2024-01-11 11:51:00,31.15,31.2,30.75,30.95,9650,1340150,21300.0,PE
2024-01-11 11:52:00,30.75,30.85,30.6,30.6,4300,1340150,21300.0,PE
2024-01-11 11:53:00,30.5,30.7,30.3,30.35,13000,1350800,21300.0,PE
2024-01-11 11:54:00,30.55,30.55,29.95,30.5,11200,1350800,21300.0,PE
2024-01-11 11:55:00,30.5,30.85,30.25,30.25,9350,1350800,21300.0,PE
2024-01-11 11:56:00,30.45,31.05,30.45,30.8,7800,1349400,21300.0,PE
2024-01-11 11:57:00,30.7,30.9,30.7,30.85,3350,1349400,21300.0,PE
2024-01-11 11:58:00,31.15,31.15,30.4,30.6,7300,1349400,21300.0,PE
2024-01-11 11:59:00,30.9,31.0,30.9,30.9,5150,1348000,21300.0,PE
2024-01-11 12:00:00,31.2,31.35,30.85,30.95,27650,1348000,21300.0,PE
2024-01-11 12:01:00,30.9,31.0,30.45,30.75,7750,1348000,21300.0,PE
2024-01-11 12:02:00,30.8,31.0,30.75,30.8,4200,1359300,21300.0,PE
2024-01-11 12:03:00,30.8,31.55,30.8,31.55,8400,1359300,21300.0,PE
2024-01-11 12:04:00,31.55,31.6,30.95,30.95,5500,1359300,21300.0,PE
2024-01-11 12:05:00,30.9,31.8,30.5,31.65,11600,1367150,21300.0,PE
2024-01-11 12:06:00,31.6,31.6,30.95,31.3,6300,1367150,21300.0,PE
2024-01-11 12:07:00,31.2,31.2,30.4,30.85,7350,1367150,21300.0,PE
2024-01-11 12:08:00,30.95,30.95,30.45,30.85,1750,1368050,21300.0,PE
2024-01-11 12:09:00,30.85,31.0,30.0,30.0,6950,1368050,21300.0,PE
2024-01-11 12:10:00,29.8,30.4,29.5,30.2,9750,1368050,21300.0,PE
2024-01-11 12:11:00,30.35,31.15,30.2,31.15,4800,1365900,21300.0,PE
2024-01-11 12:12:00,30.85,31.15,30.8,31.05,3050,1365900,21300.0,PE
2024-01-11 12:13:00,31.05,31.25,31.0,31.0,850,1365900,21300.0,PE
2024-01-11 12:14:00,31.45,31.45,31.1,31.35,4300,1365900,21300.0,PE
2024-01-11 12:15:00,31.5,31.65,31.45,31.65,3200,1364250,21300.0,PE
2024-01-11 12:16:00,31.55,32.3,31.55,32.1,5150,1364250,21300.0,PE
2024-01-11 12:17:00,31.9,31.9,31.0,31.15,5550,1365300,21300.0,PE
2024-01-11 12:18:00,31.1,31.25,31.1,31.25,750,1365300,21300.0,PE
2024-01-11 12:19:00,31.1,31.2,30.5,30.5,3750,1365300,21300.0,PE
2024-01-11 12:20:00,30.6,30.6,30.35,30.55,2200,1365300,21300.0,PE
2024-01-11 12:21:00,30.35,30.45,30.2,30.2,5350,1363700,21300.0,PE
2024-01-11 12:22:00,30.2,30.2,29.7,29.95,9950,1363700,21300.0,PE
2024-01-11 12:23:00,30.15,30.2,30.0,30.15,1550,1363700,21300.0,PE
2024-01-11 12:24:00,30.1,30.2,30.0,30.1,8250,1365250,21300.0,PE
2024-01-11 12:25:00,30.05,30.45,30.05,30.1,3600,1365250,21300.0,PE
2024-01-11 12:26:00,30.15,30.3,30.1,30.25,5400,1367850,21300.0,PE
2024-01-11 12:27:00,30.2,30.35,30.15,30.3,1300,1367850,21300.0,PE
2024-01-11 12:28:00,29.7,30.1,29.65,29.95,25650,1367850,21300.0,PE
2024-01-11 12:29:00,29.9,30.15,29.8,30.0,6800,1363900,21300.0,PE
2024-01-11 12:30:00,30.2,30.55,29.65,29.65,10200,1363900,21300.0,PE
2024-01-11 12:31:00,29.6,29.65,28.65,29.1,20050,1363900,21300.0,PE
2024-01-11 12:32:00,29.15,29.15,28.65,28.95,17550,1363900,21300.0,PE
2024-01-11 12:33:00,29.0,29.45,29.0,29.35,9700,1369200,21300.0,PE
2024-01-11 12:34:00,29.25,29.9,29.25,29.9,11650,1369200,21300.0,PE
2024-01-11 12:35:00,29.9,30.05,29.65,29.75,9150,1369200,21300.0,PE
2024-01-11 12:36:00,29.75,29.85,29.2,29.2,3600,1366300,21300.0,PE
2024-01-11 12:37:00,29.1,29.25,28.8,29.25,6700,1366300,21300.0,PE
2024-01-11 12:38:00,29.1,29.1,28.65,28.8,3000,1368650,21300.0,PE
2024-01-11 12:39:00,28.85,28.9,28.35,28.8,53000,1368650,21300.0,PE
2024-01-11 12:40:00,28.85,28.85,28.5,28.6,10450,1368650,21300.0,PE
2024-01-11 12:41:00,28.65,29.0,28.55,28.9,9000,1368650,21300.0,PE
2024-01-11 12:42:00,28.95,29.25,28.95,29.1,8700,1362500,21300.0,PE
2024-01-11 12:43:00,29.05,29.45,28.95,29.25,3800,1362500,21300.0,PE
2024-01-11 12:44:00,29.5,29.8,28.65,28.65,5700,1362500,21300.0,PE
2024-01-11 12:45:00,28.7,29.35,28.65,29.1,3800,1365900,21300.0,PE
2024-01-11 12:46:00,29.65,29.9,29.35,29.9,3700,1365900,21300.0,PE
2024-01-11 12:47:00,29.95,29.95,29.65,29.7,5100,1365900,21300.0,PE
2024-01-11 12:48:00,29.55,29.65,29.45,29.45,3250,1366650,21300.0,PE
2024-01-11 12:49:00,29.6,29.6,29.0,29.15,1350,1366650,21300.0,PE
2024-01-11 12:50:00,29.1,29.45,29.05,29.25,1600,1366650,21300.0,PE
2024-01-11 12:51:00,29.25,29.3,28.85,29.05,7100,1366300,21300.0,PE
2024-01-11 12:52:00,29.05,29.15,28.9,28.95,12450,1366300,21300.0,PE
2024-01-11 12:53:00,29.0,29.0,28.2,28.4,4200,1366300,21300.0,PE
2024-01-11 12:54:00,28.6,28.8,28.25,28.25,4700,1372400,21300.0,PE
2024-01-11 12:55:00,28.25,28.25,26.5,26.5,11300,1372400,21300.0,PE
2024-01-11 12:56:00,26.45,27.0,26.0,26.95,18900,1372400,21300.0,PE
2024-01-11 12:57:00,26.8,27.1,26.4,26.55,15650,1379850,21300.0,PE
2024-01-11 12:58:00,26.55,26.8,26.25,26.65,7600,1379850,21300.0,PE
2024-01-11 12:59:00,26.8,27.15,26.6,26.8,10250,1379850,21300.0,PE
2024-01-11 13:00:00,27.0,27.1,26.8,26.8,6250,1382900,21300.0,PE
2024-01-11 13:01:00,27.0,27.0,26.6,26.75,2200,1382900,21300.0,PE
2024-01-11 13:02:00,26.9,27.75,26.8,27.7,6450,1382900,21300.0,PE
2024-01-11 13:03:00,27.8,28.2,27.55,28.0,5300,1382150,21300.0,PE
2024-01-11 13:04:00,28.1,28.15,27.65,28.1,11950,1382150,21300.0,PE
2024-01-11 13:05:00,28.1,28.2,27.4,27.5,8850,1382150,21300.0,PE
2024-01-11 13:06:00,27.35,27.75,27.0,27.5,3800,1388000,21300.0,PE
2024-01-11 13:07:00,27.65,27.75,27.2,27.35,8150,1388000,21300.0,PE
2024-01-11 13:08:00,27.3,27.65,27.25,27.35,12100,1388000,21300.0,PE
2024-01-11 13:09:00,27.35,27.6,27.35,27.55,6500,1387200,21300.0,PE
2024-01-11 13:10:00,27.4,27.45,26.7,26.8,19450,1387200,21300.0,PE
2024-01-11 13:11:00,26.65,27.25,26.65,27.15,13050,1387200,21300.0,PE
2024-01-11 13:12:00,27.3,27.3,26.7,26.8,11050,1408250,21300.0,PE
2024-01-11 13:13:00,26.65,27.55,26.6,27.25,10550,1408250,21300.0,PE
2024-01-11 13:14:00,27.4,27.4,27.2,27.25,2450,1408250,21300.0,PE
2024-01-11 13:15:00,27.2,27.6,27.2,27.45,3700,1417250,21300.0,PE
2024-01-11 13:16:00,27.55,28.0,27.55,27.7,4050,1417250,21300.0,PE
2024-01-11 13:17:00,27.75,28.0,27.75,27.95,7150,1417250,21300.0,PE
2024-01-11 13:18:00,27.95,27.95,27.6,27.9,6650,1418600,21300.0,PE
2024-01-11 13:19:00,27.8,27.85,27.3,27.4,5150,1418600,21300.0,PE
2024-01-11 13:20:00,27.4,27.6,27.3,27.5,4950,1418600,21300.0,PE
2024-01-11 13:21:00,27.4,27.4,27.0,27.05,10000,1422900,21300.0,PE
2024-01-11 13:22:00,26.95,26.95,26.4,26.55,7200,1422900,21300.0,PE
2024-01-11 13:23:00,26.4,28.15,26.3,26.9,27350,1422900,21300.0,PE
2024-01-11 13:24:00,26.85,27.4,26.85,27.15,6400,1429800,21300.0,PE
2024-01-11 13:25:00,27.35,28.0,27.3,27.7,11250,1429800,21300.0,PE
2024-01-11 13:26:00,27.7,27.75,27.5,27.65,2700,1429800,21300.0,PE
2024-01-11 13:27:00,27.6,28.0,27.25,28.0,5050,1430350,21300.0,PE
2024-01-11 13:28:00,27.95,28.05,27.55,28.05,9900,1430350,21300.0,PE
2024-01-11 13:29:00,28.2,28.45,27.85,28.45,9550,1430350,21300.0,PE
2024-01-11 13:30:00,28.4,28.9,27.75,27.85,9550,1431550,21300.0,PE
2024-01-11 13:31:00,28.05,28.75,27.95,28.75,8350,1431550,21300.0,PE
2024-01-11 13:32:00,28.65,29.6,28.5,29.4,12500,1431550,21300.0,PE
2024-01-11 13:33:00,29.4,29.85,29.3,29.85,5900,1438100,21300.0,PE
2024-01-11 13:34:00,29.8,30.0,29.35,29.7,18250,1438100,21300.0,PE
2024-01-11 13:35:00,29.55,29.8,29.3,29.65,11700,1438100,21300.0,PE
2024-01-11 13:36:00,29.65,30.85,29.6,30.4,35600,1434150,21300.0,PE
2024-01-11 13:37:00,30.35,30.5,29.5,29.5,20650,1434150,21300.0,PE
2024-01-11 13:38:00,29.3,29.5,28.8,29.1,14100,1434150,21300.0,PE
2024-01-11 13:39:00,29.15,29.2,28.5,28.65,5100,1432400,21300.0,PE
2024-01-11 13:40:00,28.75,29.05,28.35,28.5,9800,1432400,21300.0,PE
2024-01-11 13:41:00,28.7,28.75,28.4,28.65,5600,1432400,21300.0,PE
2024-01-11 13:42:00,28.55,28.75,28.45,28.75,4650,1431700,21300.0,PE
2024-01-11 13:43:00,28.65,28.75,28.35,28.75,6300,1431700,21300.0,PE
2024-01-11 13:44:00,28.95,28.95,28.3,28.4,1000,1431700,21300.0,PE
2024-01-11 13:45:00,28.05,29.6,28.05,29.6,4750,1431000,21300.0,PE
2024-01-11 13:46:00,29.55,29.8,29.5,29.75,3350,1431000,21300.0,PE
2024-01-11 13:47:00,29.8,29.8,29.55,29.8,3100,1431000,21300.0,PE
2024-01-11 13:48:00,29.8,29.95,29.7,29.75,4750,1430200,21300.0,PE
2024-01-11 13:49:00,29.75,30.1,29.35,29.6,8900,1430200,21300.0,PE
2024-01-11 13:50:00,29.1,30.1,29.0,29.85,11550,1430200,21300.0,PE
2024-01-11 13:51:00,29.75,30.05,29.7,29.75,9000,1431300,21300.0,PE
2024-01-11 13:52:00,29.75,29.85,29.3,29.35,6550,1431300,21300.0,PE
2024-01-11 13:53:00,29.25,29.65,29.2,29.55,5850,1431300,21300.0,PE
2024-01-11 13:54:00,29.55,29.55,28.8,29.05,5850,1438750,21300.0,PE
2024-01-11 13:55:00,29.2,29.2,28.65,28.8,5750,1438750,21300.0,PE
2024-01-11 13:56:00,28.8,29.0,28.3,28.35,4900,1438750,21300.0,PE
2024-01-11 13:57:00,28.45,28.45,27.45,27.7,12050,1443050,21300.0,PE
2024-01-11 13:58:00,27.75,28.15,27.6,27.9,3300,1443050,21300.0,PE
2024-01-11 13:59:00,28.05,28.2,27.9,28.2,3150,1443050,21300.0,PE
2024-01-11 14:00:00,28.15,28.5,28.15,28.45,4150,1444350,21300.0,PE
2024-01-11 14:01:00,28.4,28.7,28.4,28.45,10850,1444350,21300.0,PE
2024-01-11 14:02:00,28.45,28.45,28.2,28.2,7100,1444350,21300.0,PE
2024-01-11 14:03:00,28.15,29.0,28.1,28.85,4900,1454100,21300.0,PE
2024-01-11 14:04:00,28.7,29.1,28.7,28.75,5800,1454100,21300.0,PE
2024-01-11 14:05:00,28.7,29.1,28.65,29.1,2100,1454100,21300.0,PE
2024-01-11 14:06:00,29.05,29.05,28.65,28.75,5300,1455400,21300.0,PE
2024-01-11 14:07:00,28.9,29.4,28.9,29.15,4000,1455400,21300.0,PE
2024-01-11 14:08:00,29.3,29.6,29.25,29.55,4350,1455400,21300.0,PE
2024-01-11 14:09:00,29.65,32.0,29.65,32.0,29400,1453750,21300.0,PE
2024-01-11 14:10:00,32.0,34.0,32.0,34.0,56000,1453750,21300.0,PE
2024-01-11 14:11:00,34.0,36.45,33.6,33.8,93350,1453750,21300.0,PE
2024-01-11 14:12:00,34.2,36.55,34.2,36.1,52500,1448700,21300.0,PE
2024-01-11 14:13:00,36.15,38.95,35.9,38.95,53650,1448700,21300.0,PE
2024-01-11 14:14:00,38.95,43.3,38.6,39.85,141850,1448700,21300.0,PE
2024-01-11 14:15:00,40.3,41.9,37.3,37.55,86800,1407150,21300.0,PE
2024-01-11 14:16:00,37.7,40.85,37.55,40.0,81850,1407150,21300.0,PE
2024-01-11 14:17:00,39.75,42.05,39.4,42.05,44000,1407150,21300.0,PE
2024-01-11 14:18:00,41.65,43.0,39.5,40.45,43350,1411300,21300.0,PE
2024-01-11 14:19:00,40.35,40.95,38.55,38.75,33300,1411300,21300.0,PE
2024-01-11 14:20:00,38.75,38.75,36.7,37.15,43500,1411300,21300.0,PE
2024-01-11 14:21:00,37.4,38.35,36.75,37.6,21750,1434900,21300.0,PE
2024-01-11 14:22:00,38.1,39.7,37.85,39.0,25150,1434900,21300.0,PE
2024-01-11 14:23:00,39.15,39.15,35.5,36.7,24900,1434900,21300.0,PE
2024-01-11 14:24:00,36.75,36.9,33.45,34.85,52900,1439950,21300.0,PE
2024-01-11 14:25:00,34.2,36.85,34.2,35.6,31400,1439950,21300.0,PE
2024-01-11 14:26:00,35.4,35.5,33.65,35.05,47050,1439950,21300.0,PE
2024-01-11 14:27:00,34.9,35.05,33.0,33.0,23400,1470850,21300.0,PE
2024-01-11 14:28:00,32.35,32.35,29.2,29.2,57400,1470850,21300.0,PE
2024-01-11 14:29:00,29.0,31.2,29.0,31.2,78000,1470850,21300.0,PE
2024-01-11 14:30:00,31.3,31.3,29.7,30.15,41850,1528850,21300.0,PE
2024-01-11 14:31:00,30.2,31.0,30.0,30.55,69850,1528850,21300.0,PE
2024-01-11 14:32:00,30.5,30.95,30.4,30.4,19750,1528850,21300.0,PE
2024-01-11 14:33:00,30.3,30.45,29.8,30.3,27750,1577250,21300.0,PE
2024-01-11 14:34:00,30.2,30.55,29.75,30.55,32200,1577250,21300.0,PE
2024-01-11 14:35:00,30.55,31.1,30.1,31.1,29850,1577250,21300.0,PE
2024-01-11 14:36:00,31.15,33.4,30.7,33.25,72850,1583550,21300.0,PE
2024-01-11 14:37:00,32.95,33.35,31.8,32.6,122900,1583550,21300.0,PE
2024-01-11 14:38:00,32.6,33.15,31.9,32.85,68050,1583550,21300.0,PE
2024-01-11 14:39:00,32.7,32.8,31.9,32.5,24100,1704300,21300.0,PE
2024-01-11 14:40:00,32.4,32.5,31.35,31.6,22600,1704300,21300.0,PE
2024-01-11 14:41:00,31.55,32.05,31.55,31.9,28700,1704300,21300.0,PE
2024-01-11 14:42:00,31.9,33.35,31.9,33.3,28950,1703100,21300.0,PE
2024-01-11 14:43:00,33.35,33.55,32.75,32.75,16100,1703100,21300.0,PE
2024-01-11 14:44:00,32.9,32.9,31.7,31.95,20200,1703100,21300.0,PE
2024-01-11 14:45:00,31.95,32.85,31.95,32.2,14300,1697550,21300.0,PE
2024-01-11 14:46:00,32.4,32.7,32.25,32.5,8900,1697550,21300.0,PE
2024-01-11 14:47:00,32.45,32.55,31.65,31.9,29200,1697550,21300.0,PE
2024-01-11 14:48:00,32.0,32.3,31.7,31.8,16000,1712750,21300.0,PE
2024-01-11 14:49:00,31.85,31.9,30.95,31.15,32750,1712750,21300.0,PE
2024-01-11 14:50:00,31.2,31.55,31.1,31.4,12400,1712750,21300.0,PE
2024-01-11 14:51:00,31.15,31.15,29.9,30.85,42050,1729900,21300.0,PE
2024-01-11 14:52:00,30.9,31.1,30.7,30.85,11600,1729900,21300.0,PE
2024-01-11 14:53:00,30.8,30.8,30.25,30.65,15900,1729900,21300.0,PE
2024-01-11 14:54:00,30.5,30.95,30.5,30.9,8650,1735850,21300.0,PE
2024-01-11 14:55:00,30.85,31.0,30.45,30.6,34400,1735850,21300.0,PE
2024-01-11 14:56:00,30.65,30.7,30.4,30.4,12700,1735850,21300.0,PE
2024-01-11 14:57:00,30.45,31.0,30.1,30.15,24600,1751900,21300.0,PE
2024-01-11 14:58:00,30.2,30.25,29.45,29.45,34100,1751900,21300.0,PE
2024-01-11 14:59:00,29.15,29.6,28.55,29.45,39450,1751900,21300.0,PE
2024-01-11 15:00:00,29.6,32.5,29.15,32.45,110450,1764900,21300.0,PE
2024-01-11 15:01:00,32.2,33.55,30.95,31.5,92200,1764900,21300.0,PE
2024-01-11 15:02:00,31.55,32.65,31.4,31.55,60150,1764900,21300.0,PE
2024-01-11 15:03:00,31.65,32.4,31.4,32.4,183550,1807000,21300.0,PE
2024-01-11 15:04:00,31.95,32.0,30.9,31.6,488300,1807000,21300.0,PE
2024-01-11 15:05:00,31.6,32.6,31.6,32.0,131900,1807000,21300.0,PE
2024-01-11 15:06:00,32.1,32.25,31.75,32.25,20050,2112150,21300.0,PE
2024-01-11 15:07:00,32.2,32.95,32.2,32.8,35150,2112150,21300.0,PE
2024-01-11 15:08:00,32.85,35.45,32.85,35.1,72950,2112150,21300.0,PE
2024-01-11 15:09:00,34.45,35.4,33.25,33.3,98800,2108450,21300.0,PE
2024-01-11 15:10:00,33.15,33.7,32.8,33.7,42000,2108450,21300.0,PE
2024-01-11 15:11:00,33.6,34.7,33.6,33.9,62950,2108450,21300.0,PE
2024-01-11 15:12:00,33.65,33.95,32.35,32.35,23400,2116950,21300.0,PE
2024-01-11 15:13:00,32.4,32.5,31.85,32.25,42800,2116950,21300.0,PE
2024-01-11 15:14:00,32.55,33.65,32.55,32.85,34550,2116950,21300.0,PE
2024-01-11 15:15:00,32.85,33.1,32.8,33.1,39750,2134350,21300.0,PE
2024-01-11 15:16:00,33.05,33.15,32.9,33.1,34750,2134350,21300.0,PE
2024-01-11 15:17:00,33.0,33.15,32.4,33.05,33800,2134350,21300.0,PE
2024-01-11 15:18:00,33.05,33.55,32.5,33.55,31200,2156550,21300.0,PE
2024-01-11 15:19:00,33.0,33.0,32.5,32.9,93950,2156550,21300.0,PE
2024-01-11 15:20:00,32.9,32.9,31.85,31.9,63650,2156550,21300.0,PE
2024-01-11 15:21:00,31.8,32.4,31.65,32.35,52800,2203900,21300.0,PE
2024-01-11 15:22:00,32.4,32.7,31.2,31.5,107900,2203900,21300.0,PE
2024-01-11 15:23:00,31.5,31.75,31.2,31.25,27450,2203900,21300.0,PE
2024-01-11 15:24:00,31.2,31.4,31.05,31.25,32600,2203850,21300.0,PE
2024-01-11 15:25:00,31.4,32.1,31.25,32.05,47100,2203850,21300.0,PE
2024-01-11 15:26:00,32.2,32.9,32.15,32.9,46300,2203850,21300.0,PE
2024-01-11 15:27:00,33.0,33.7,32.75,33.2,170550,2251050,21300.0,PE
2024-01-11 15:28:00,33.2,33.2,32.15,32.8,134300,2251050,21300.0,PE
2024-01-11 15:29:00,32.9,33.1,32.35,32.35,73800,2251050,21300.0,PE
2024-01-11 15:30:00,32.8,32.8,32.8,32.8,50,2251050,21300.0,PE
2024-01-12 09:15:00,25.8,26.55,18.7,22.05,332553,2137550,21300.0,PE
2024-01-12 09:16:00,22.0,22.0,19.9,20.35,265200,2137550,21300.0,PE
2024-01-12 09:17:00,20.4,21.25,19.9,20.4,184750,2242800,21300.0,PE
2024-01-12 09:18:00,20.05,20.25,18.95,18.95,310650,2242800,21300.0,PE
2024-01-12 09:19:00,18.85,19.65,18.55,19.6,237350,2242800,21300.0,PE
2024-01-12 09:20:00,19.35,19.35,18.4,18.6,296600,2237300,21300.0,PE
2024-01-12 09:21:00,18.35,19.15,18.35,18.45,210350,2237300,21300.0,PE
2024-01-12 09:22:00,18.5,18.6,18.05,18.05,161000,2237300,21300.0,PE
2024-01-12 09:23:00,18.25,18.65,17.8,17.85,196500,2276750,21300.0,PE
2024-01-12 09:24:00,17.9,19.1,17.7,19.0,148850,2276750,21300.0,PE
2024-01-12 09:25:00,18.95,19.9,18.85,19.85,192850,2276750,21300.0,PE
2024-01-12 09:26:00,19.75,19.9,19.4,19.6,169850,2344050,21300.0,PE
2024-01-12 09:27:00,19.45,19.75,19.1,19.7,100700,2344050,21300.0,PE
2024-01-12 09:28:00,19.55,19.8,19.3,19.5,115350,2344050,21300.0,PE
2024-01-12 09:29:00,19.4,19.4,18.9,19.25,117400,2295250,21300.0,PE
2024-01-12 09:30:00,19.1,20.15,18.8,18.8,724400,2295250,21300.0,PE
2024-01-12 09:31:00,18.95,19.05,18.15,18.45,372900,2295250,21300.0,PE
2024-01-12 09:32:00,18.25,18.75,18.2,18.7,143450,2592750,21300.0,PE
2024-01-12 09:33:00,18.7,19.25,18.7,19.25,137100,2592750,21300.0,PE
2024-01-12 09:34:00,19.25,19.4,19.05,19.25,68000,2592750,21300.0,PE
2024-01-12 09:35:00,19.25,19.25,18.65,19.05,47150,2595250,21300.0,PE
2024-01-12 09:36:00,19.05,19.6,18.9,19.5,45450,2595250,21300.0,PE
2024-01-12 09:37:00,19.3,20.0,19.15,19.75,54600,2595250,21300.0,PE
2024-01-12 09:38:00,19.65,20.0,19.35,19.45,55900,2601600,21300.0,PE
2024-01-12 09:39:00,19.4,19.85,19.35,19.4,57750,2601600,21300.0,PE
2024-01-12 09:40:00,19.35,19.55,18.9,19.15,62250,2601600,21300.0,PE
2024-01-12 09:41:00,19.05,19.2,18.65,18.8,61850,2597100,21300.0,PE
2024-01-12 09:42:00,18.85,19.35,18.6,19.0,46100,2597100,21300.0,PE
2024-01-12 09:43:00,19.0,19.3,18.55,18.55,41450,2597100,21300.0,PE
2024-01-12 09:44:00,18.55,19.2,18.55,19.15,63500,2589450,21300.0,PE
2024-01-12 09:45:00,19.05,19.2,18.65,18.8,165000,2589450,21300.0,PE
2024-01-12 09:46:00,18.75,19.4,18.6,18.85,351100,2589450,21300.0,PE
2024-01-12 09:47:00,18.85,19.55,18.85,19.25,103150,2726450,21300.0,PE
2024-01-12 09:48:00,19.2,19.35,19.05,19.3,183350,2726450,21300.0,PE
2024-01-12 09:49:00,19.25,19.3,18.8,18.9,128500,2726450,21300.0,PE
2024-01-12 09:50:00,18.95,19.0,18.7,18.75,225200,2921400,21300.0,PE
2024-01-12 09:51:00,18.75,19.1,18.6,19.0,191750,2921400,21300.0,PE
2024-01-12 09:52:00,19.0,19.0,18.4,18.85,149350,2921400,21300.0,PE
2024-01-12 09:53:00,18.85,19.1,18.7,19.0,49600,3140100,21300.0,PE
2024-01-12 09:54:00,18.9,19.0,18.55,18.65,220050,3140100,21300.0,PE
2024-01-12 09:55:00,18.75,18.75,18.35,18.6,119550,3140100,21300.0,PE
2024-01-12 09:56:00,18.7,18.8,18.5,18.6,48150,3205600,21300.0,PE
2024-01-12 09:57:00,18.7,18.75,18.35,18.7,53600,3205600,21300.0,PE
2024-01-12 09:58:00,18.65,18.8,18.35,18.4,48500,3205600,21300.0,PE
2024-01-12 09:59:00,18.45,18.7,18.3,18.45,103400,3273300,21300.0,PE
2024-01-12 10:00:00,18.25,18.25,17.75,17.85,105300,3273300,21300.0,PE
2024-01-12 10:01:00,17.8,17.95,17.55,17.6,73350,3273300,21300.0,PE
2024-01-12 10:02:00,17.65,17.8,17.55,17.65,53000,3278450,21300.0,PE
2024-01-12 10:03:00,17.65,17.65,16.85,16.85,148600,3278450,21300.0,PE
2024-01-12 10:04:00,16.8,17.15,16.65,16.7,139000,3278450,21300.0,PE
2024-01-12 10:05:00,16.7,17.4,16.7,17.35,201450,3296850,21300.0,PE
2024-01-12 10:06:00,17.4,17.5,17.05,17.3,234400,3296850,21300.0,PE
2024-01-12 10:07:00,17.4,17.6,17.25,17.45,221000,3296850,21300.0,PE
2024-01-12 10:08:00,17.45,17.7,17.4,17.55,345450,3319950,21300.0,PE
2024-01-12 10:09:00,17.5,18.05,17.25,17.65,329200,3319950,21300.0,PE
2024-01-12 10:10:00,17.7,18.05,17.35,17.55,555950,3319950,21300.0,PE
2024-01-12 10:11:00,17.6,18.0,17.55,17.65,573150,3469600,21300.0,PE
2024-01-12 10:12:00,17.7,17.95,17.5,17.5,172400,3469600,21300.0,PE
2024-01-12 10:13:00,17.55,17.75,17.45,17.55,119300,3469600,21300.0,PE
2024-01-12 10:14:00,17.5,17.8,17.5,17.8,69300,3692200,21300.0,PE
2024-01-12 10:15:00,17.8,17.9,17.75,17.8,102700,3692200,21300.0,PE
2024-01-12 10:16:00,17.7,17.8,17.4,17.75,87250,3692200,21300.0,PE
2024-01-12 10:17:00,17.65,17.7,17.45,17.65,294150,3671900,21300.0,PE
2024-01-12 10:18:00,17.65,17.85,17.6,17.85,80150,3671900,21300.0,PE
2024-01-12 10:19:00,17.9,18.15,17.65,17.8,137600,3671900,21300.0,PE
2024-01-12 10:20:00,17.8,18.1,17.65,17.9,166600,3657000,21300.0,PE
2024-01-12 10:21:00,17.95,18.0,17.6,17.8,141950,3657000,21300.0,PE
2024-01-12 10:22:00,17.85,17.85,17.65,17.75,77450,3657000,21300.0,PE
2024-01-12 10:23:00,17.7,17.85,17.65,17.75,23250,3674050,21300.0,PE
2024-01-12 10:24:00,17.65,17.8,17.65,17.75,36600,3674050,21300.0,PE
2024-01-12 10:25:00,17.7,17.85,17.5,17.6,57250,3674050,21300.0,PE
2024-01-12 10:26:00,17.6,18.2,17.4,17.7,167950,3661350,21300.0,PE
2024-01-12 10:27:00,17.65,18.05,17.55,17.7,139350,3661350,21300.0,PE
2024-01-12 10:28:00,17.7,17.85,17.55,17.55,88700,3661350,21300.0,PE
2024-01-12 10:29:00,17.55,18.0,17.5,17.95,145100,3672750,21300.0,PE
2024-01-12 10:30:00,18.0,18.4,17.9,18.1,166500,3672750,21300.0,PE
2024-01-12 10:31:00,18.15,18.35,18.0,18.0,228750,3672750,21300.0,PE
2024-01-12 10:32:00,17.9,18.15,17.85,17.85,220050,3829200,21300.0,PE
2024-01-12 10:33:00,17.8,18.05,17.75,17.75,110250,3829200,21300.0,PE
2024-01-12 10:34:00,17.8,17.85,17.55,17.7,75200,3829200,21300.0,PE
2024-01-12 10:35:00,17.7,18.0,17.7,17.9,89750,3943550,21300.0,PE
2024-01-12 10:36:00,17.9,17.9,17.6,17.75,265800,3943550,21300.0,PE
2024-01-12 10:37:00,17.75,17.9,17.7,17.85,139150,3943550,21300.0,PE
2024-01-12 10:38:00,17.75,17.9,17.55,17.65,149500,4041200,21300.0,PE
2024-01-12 10:39:00,17.6,17.7,17.5,17.7,38650,4041200,21300.0,PE
2024-01-12 10:40:00,17.65,17.75,17.25,17.65,75250,4041200,21300.0,PE
2024-01-12 10:41:00,17.55,17.55,17.1,17.5,98900,4087650,21300.0,PE
2024-01-12 10:42:00,17.6,17.9,17.55,17.85,58100,4087650,21300.0,PE
2024-01-12 10:43:00,17.85,17.95,17.75,17.85,18650,4087650,21300.0,PE
2024-01-12 10:44:00,17.85,17.9,17.7,17.85,43400,4084700,21300.0,PE
2024-01-12 10:45:00,17.85,17.9,17.65,17.7,52700,4084700,21300.0,PE
2024-01-12 10:46:00,17.65,17.8,17.5,17.65,65800,4084700,21300.0,PE
2024-01-12 10:47:00,17.7,17.75,17.5,17.55,113750,4097200,21300.0,PE
2024-01-12 10:48:00,17.6,17.85,17.5,17.8,70900,4097200,21300.0,PE
2024-01-12 10:49:00,17.8,17.95,17.75,17.9,57400,4097200,21300.0,PE
2024-01-12 10:50:00,17.85,17.9,17.5,17.55,85150,4088600,21300.0,PE
2024-01-12 10:51:00,17.65,17.7,17.4,17.5,37550,4088600,21300.0,PE
2024-01-12 10:52:00,17.55,17.65,17.45,17.6,29650,4088600,21300.0,PE
2024-01-12 10:53:00,17.55,17.9,17.55,17.85,27150,4092500,21300.0,PE
2024-01-12 10:54:00,17.8,17.8,17.55,17.55,24400,4092500,21300.0,PE
2024-01-12 10:55:00,17.5,17.65,17.35,17.35,22200,4092500,21300.0,PE
2024-01-12 10:56:00,17.4,17.65,17.3,17.65,36550,4109500,21300.0,PE
2024-01-12 10:57:00,17.6,17.7,17.35,17.45,38200,4109500,21300.0,PE
2024-01-12 10:58:00,17.5,17.6,17.35,17.55,136200,4109500,21300.0,PE
2024-01-12 10:59:00,17.55,17.55,17.3,17.5,141650,4095850,21300.0,PE
2024-01-12 11:00:00,17.45,17.65,16.95,16.95,152200,4095850,21300.0,PE
2024-01-12 11:01:00,16.95,17.55,16.95,17.3,176300,4095850,21300.0,PE
2024-01-12 11:02:00,17.35,17.8,17.35,17.75,83700,4123550,21300.0,PE
2024-01-12 11:03:00,17.8,18.0,17.75,17.9,38650,4123550,21300.0,PE
2024-01-12 11:04:00,18.0,18.1,17.9,18.05,75050,4123550,21300.0,PE
2024-01-12 11:05:00,18.0,18.05,17.75,17.95,33050,4143000,21300.0,PE
2024-01-12 11:06:00,17.9,18.1,17.9,18.0,53700,4143000,21300.0,PE
2024-01-12 11:07:00,18.0,18.3,17.95,18.3,33950,4143000,21300.0,PE
2024-01-12 11:08:00,18.25,18.3,18.0,18.1,61000,4129500,21300.0,PE
2024-01-12 11:09:00,18.05,18.05,17.7,17.9,36900,4129500,21300.0,PE
2024-01-12 11:10:00,17.85,18.0,17.7,17.7,40750,4129500,21300.0,PE
2024-01-12 11:11:00,17.6,17.8,17.5,17.7,17950,4126050,21300.0,PE
2024-01-12 11:12:00,17.65,17.9,17.65,17.85,22650,4126050,21300.0,PE
2024-01-12 11:13:00,17.85,17.85,17.65,17.75,18400,4126050,21300.0,PE
2024-01-12 11:14:00,17.8,17.9,17.65,17.9,11450,4129250,21300.0,PE
2024-01-12 11:15:00,17.85,17.9,17.55,17.65,28550,4129250,21300.0,PE
2024-01-12 11:16:00,17.6,17.65,17.5,17.55,33400,4129250,21300.0,PE
2024-01-12 11:17:00,17.5,17.6,17.35,17.55,32400,4127550,21300.0,PE
2024-01-12 11:18:00,17.6,17.65,17.2,17.25,37150,4127550,21300.0,PE
2024-01-12 11:19:00,17.2,17.4,17.1,17.3,27550,4127550,21300.0,PE
2024-01-12 11:20:00,17.4,17.5,17.3,17.35,43700,4113800,21300.0,PE
2024-01-12 11:21:00,17.35,17.35,16.85,17.25,68550,4113800,21300.0,PE
2024-01-12 11:22:00,17.3,17.6,17.2,17.55,53350,4113800,21300.0,PE
2024-01-12 11:23:00,17.55,17.6,17.35,17.5,49000,4129650,21300.0,PE
2024-01-12 11:24:00,17.45,17.6,17.35,17.5,22650,4129650,21300.0,PE
2024-01-12 11:25:00,17.5,17.6,17.45,17.6,42250,4129650,21300.0,PE
2024-01-12 11:26:00,17.55,17.75,17.45,17.65,18800,4134900,21300.0,PE
2024-01-12 11:27:00,17.6,17.65,17.45,17.6,9250,4134900,21300.0,PE
2024-01-12 11:28:00,17.6,17.6,17.4,17.5,45300,4134900,21300.0,PE
2024-01-12 11:29:00,17.5,17.55,17.25,17.3,132650,4138550,21300.0,PE
2024-01-12 11:30:00,17.3,17.65,17.3,17.5,117150,4138550,21300.0,PE
2024-01-12 11:31:00,17.45,17.6,17.35,17.5,28450,4138550,21300.0,PE
2024-01-12 11:32:00,17.55,17.6,17.35,17.5,31200,4220900,21300.0,PE
2024-01-12 11:33:00,17.55,17.55,17.4,17.5,29000,4220900,21300.0,PE
2024-01-12 11:34:00,17.5,17.55,17.25,17.4,35250,4220900,21300.0,PE
2024-01-12 11:35:00,17.4,17.4,17.1,17.1,27350,4246400,21300.0,PE
2024-01-12 11:36:00,17.15,17.35,17.1,17.3,323900,4246400,21300.0,PE
2024-01-12 11:37:00,17.3,17.4,17.2,17.25,99300,4246400,21300.0,PE
2024-01-12 11:38:00,17.3,17.35,17.05,17.15,20850,4484750,21300.0,PE
2024-01-12 11:39:00,17.15,17.2,16.85,16.85,36650,4484750,21300.0,PE
2024-01-12 11:40:00,16.9,17.25,16.75,17.25,49500,4484750,21300.0,PE
2024-01-12 11:41:00,17.15,17.3,17.15,17.2,21600,4480800,21300.0,PE
2024-01-12 11:42:00,17.15,17.15,17.0,17.1,19150,4480800,21300.0,PE
2024-01-12 11:43:00,17.15,17.2,17.0,17.15,58400,4480800,21300.0,PE
2024-01-12 11:44:00,17.1,17.35,17.1,17.35,82850,4524350,21300.0,PE
2024-01-12 11:45:00,17.3,17.45,17.25,17.35,14100,4524350,21300.0,PE
2024-01-12 11:46:00,17.3,17.45,17.25,17.35,33700,4524350,21300.0,PE
2024-01-12 11:47:00,17.35,17.4,17.2,17.25,43900,4532250,21300.0,PE
2024-01-12 11:48:00,17.2,17.4,17.15,17.3,18850,4532250,21300.0,PE
2024-01-12 11:49:00,17.3,17.45,17.25,17.4,14150,4532250,21300.0,PE
2024-01-12 11:50:00,17.4,17.4,17.05,17.2,33550,4561650,21300.0,PE
2024-01-12 11:51:00,17.2,17.3,17.0,17.2,44950,4561650,21300.0,PE
2024-01-12 11:52:00,17.2,17.4,17.2,17.2,45450,4561650,21300.0,PE
2024-01-12 11:53:00,17.2,17.4,17.2,17.2,15600,4566550,21300.0,PE
2024-01-12 11:54:00,17.3,17.35,17.2,17.25,46550,4566550,21300.0,PE
2024-01-12 11:55:00,17.25,17.35,17.15,17.3,16650,4566550,21300.0,PE
2024-01-12 11:56:00,17.25,17.35,17.1,17.2,40200,4551800,21300.0,PE
2024-01-12 11:57:00,17.2,17.25,17.1,17.2,20700,4551800,21300.0,PE
2024-01-12 11:58:00,17.2,17.2,17.0,17.2,45100,4551800,21300.0,PE
2024-01-12 11:59:00,17.2,17.3,17.05,17.3,62700,4573450,21300.0,PE
2024-01-12 12:00:00,17.25,17.4,17.25,17.35,120150,4573450,21300.0,PE
2024-01-12 12:01:00,17.3,17.75,17.3,17.7,41100,4573450,21300.0,PE
2024-01-12 12:02:00,17.7,18.15,17.6,17.9,71100,4579450,21300.0,PE
2024-01-12 12:03:00,17.9,18.35,17.8,18.3,87700,4579450,21300.0,PE
2024-01-12 12:04:00,18.25,18.25,17.8,18.0,145350,4579450,21300.0,PE
2024-01-12 12:05:00,17.95,18.25,17.85,18.05,32700,4553300,21300.0,PE
2024-01-12 12:06:00,18.1,18.35,18.0,18.35,51300,4553300,21300.0,PE
2024-01-12 12:07:00,18.3,18.35,17.55,17.7,127150,4553300,21300.0,PE
2024-01-12 12:08:00,17.75,17.75,17.2,17.4,62100,4609900,21300.0,PE
2024-01-12 12:09:00,17.4,17.8,17.3,17.55,68250,4609900,21300.0,PE
2024-01-12 12:10:00,17.6,17.7,17.35,17.4,160650,4609900,21300.0,PE
2024-01-12 12:11:00,17.4,17.75,17.4,17.65,106300,4780950,21300.0,PE
2024-01-12 12:12:00,17.7,17.8,17.45,17.5,30800,4780950,21300.0,PE
2024-01-12 12:13:00,17.4,17.5,17.2,17.3,23900,4780950,21300.0,PE
2024-01-12 12:14:00,17.35,17.5,17.25,17.4,22600,4771450,21300.0,PE
2024-01-12 12:15:00,17.35,17.55,17.2,17.45,24650,4771450,21300.0,PE
2024-01-12 12:16:00,17.45,17.5,17.25,17.3,15850,4771450,21300.0,PE
2024-01-12 12:17:00,17.3,17.45,17.1,17.1,22200,4757350,21300.0,PE
2024-01-12 12:18:00,17.1,17.45,17.05,17.4,50700,4757350,21300.0,PE
2024-01-12 12:19:00,17.35,17.45,17.0,17.2,35450,4757350,21300.0,PE
2024-01-12 12:20:00,17.2,17.45,17.05,17.35,23400,4737750,21300.0,PE
2024-01-12 12:21:00,17.3,17.4,17.15,17.4,20000,4737750,21300.0,PE
2024-01-12 12:22:00,17.35,17.35,17.15,17.2,13350,4737750,21300.0,PE
2024-01-12 12:23:00,17.2,17.2,17.05,17.2,13250,4738300,21300.0,PE
2024-01-12 12:24:00,17.2,17.25,17.05,17.15,13800,4738300,21300.0,PE
2024-01-12 12:25:00,17.1,17.3,17.1,17.2,18850,4738300,21300.0,PE
2024-01-12 12:26:00,17.2,17.25,17.05,17.05,8400,4727750,21300.0,PE
2024-01-12 12:27:00,17.0,17.25,17.0,17.2,18950,4727750,21300.0,PE
2024-01-12 12:28:00,17.25,17.35,16.9,17.3,27900,4727750,21300.0,PE
2024-01-12 12:29:00,17.25,17.3,17.0,17.0,16550,4725350,21300.0,PE
2024-01-12 12:30:00,17.0,17.15,16.95,17.1,49350,4725350,21300.0,PE
2024-01-12 12:31:00,17.1,17.1,16.85,17.0,28000,4725350,21300.0,PE
2024-01-12 12:32:00,16.95,17.0,16.6,16.75,45950,4738400,21300.0,PE
2024-01-12 12:33:00,16.85,17.0,16.7,16.95,29950,4738400,21300.0,PE
2024-01-12 12:34:00,16.85,17.0,16.75,16.85,46100,4738400,21300.0,PE
2024-01-12 12:35:00,16.75,16.95,16.75,16.9,32300,4717900,21300.0,PE
2024-01-12 12:36:00,16.9,16.9,16.75,16.85,26000,4717900,21300.0,PE
2024-01-12 12:37:00,16.9,16.95,16.85,16.85,68800,4717900,21300.0,PE
2024-01-12 12:38:00,16.85,16.9,16.8,16.9,11050,4703900,21300.0,PE
2024-01-12 12:39:00,16.9,17.05,16.85,17.0,26800,4703900,21300.0,PE
2024-01-12 12:40:00,17.05,17.15,16.95,16.95,17500,4703900,21300.0,PE
2024-01-12 12:41:00,17.0,17.0,16.85,16.85,18500,4700100,21300.0,PE
2024-01-12 12:42:00,16.9,17.0,16.8,17.0,34100,4700100,21300.0,PE
2024-01-12 12:43:00,16.9,17.3,16.8,17.25,50750,4700100,21300.0,PE
2024-01-12 12:44:00,17.2,17.25,17.05,17.2,23550,4672550,21300.0,PE
2024-01-12 12:45:00,17.15,17.15,16.8,16.8,17600,4672550,21300.0,PE
2024-01-12 12:46:00,16.8,17.0,16.8,16.95,16400,4672550,21300.0,PE
2024-01-12 12:47:00,16.9,17.0,16.7,16.75,14450,4656150,21300.0,PE
2024-01-12 12:48:00,16.7,17.0,16.7,16.8,8500,4656150,21300.0,PE
2024-01-12 12:49:00,16.85,16.95,16.7,16.85,24650,4656150,21300.0,PE
2024-01-12 12:50:00,16.9,16.95,16.65,16.65,22950,4659950,21300.0,PE
2024-01-12 12:51:00,16.55,16.95,16.35,16.65,63300,4659950,21300.0,PE
2024-01-12 12:52:00,16.65,17.0,16.5,16.7,54750,4659950,21300.0,PE
2024-01-12 12:53:00,16.7,16.8,16.35,16.4,77050,4680800,21300.0,PE
2024-01-12 12:54:00,16.45,16.5,15.85,16.45,171300,4680800,21300.0,PE
2024-01-12 12:55:00,16.35,16.9,16.35,16.85,116400,4680800,21300.0,PE
2024-01-12 12:56:00,16.75,16.9,16.4,16.75,163200,4668600,21300.0,PE
2024-01-12 12:57:00,16.7,16.75,16.55,16.7,127800,4668600,21300.0,PE
2024-01-12 12:58:00,16.65,17.0,16.65,17.0,98950,4668600,21300.0,PE
2024-01-12 12:59:00,17.0,17.1,16.75,16.9,170250,4733400,21300.0,PE
2024-01-12 13:00:00,16.85,17.1,16.8,16.95,46850,4733400,21300.0,PE
2024-01-12 13:01:00,16.9,17.05,16.8,16.9,40850,4733400,21300.0,PE
2024-01-12 13:02:00,16.95,16.95,16.7,16.85,43650,4743600,21300.0,PE
2024-01-12 13:03:00,16.9,16.95,16.8,16.95,29450,4743600,21300.0,PE
2024-01-12 13:04:00,16.85,17.05,16.8,17.0,35050,4743600,21300.0,PE
2024-01-12 13:05:00,17.0,17.05,16.85,16.85,38600,4755000,21300.0,PE
2024-01-12 13:06:00,16.85,17.0,16.75,17.0,26050,4755000,21300.0,PE
2024-01-12 13:07:00,16.95,17.0,16.8,16.9,40250,4755000,21300.0,PE
2024-01-12 13:08:00,16.8,16.8,16.6,16.6,35800,4754800,21300.0,PE
2024-01-12 13:09:00,16.6,16.75,16.55,16.65,30650,4754800,21300.0,PE
2024-01-12 13:10:00,16.65,16.7,16.35,16.35,37150,4754800,21300.0,PE
2024-01-12 13:11:00,16.35,16.45,16.2,16.2,37400,4760950,21300.0,PE
2024-01-12 13:12:00,16.25,16.45,16.2,16.45,28300,4760950,21300.0,PE
2024-01-12 13:13:00,16.4,16.45,16.3,16.35,15500,4760950,21300.0,PE
2024-01-12 13:14:00,16.25,16.5,16.25,16.5,24100,4756700,21300.0,PE
2024-01-12 13:15:00,16.45,16.5,15.65,16.05,73950,4756700,21300.0,PE
2024-01-12 13:16:00,16.1,16.5,16.05,16.4,40250,4756700,21300.0,PE
2024-01-12 13:17:00,16.3,16.45,16.3,16.4,21400,4757250,21300.0,PE
2024-01-12 13:18:00,16.45,16.6,16.35,16.45,30500,4757250,21300.0,PE
2024-01-12 13:19:00,16.4,16.65,16.3,16.65,50350,4757250,21300.0,PE
2024-01-12 13:20:00,16.65,16.7,16.25,16.25,47800,4764800,21300.0,PE
2024-01-12 13:21:00,16.25,16.3,16.1,16.25,25750,4764800,21300.0,PE
2024-01-12 13:22:00,16.25,16.35,16.05,16.25,25650,4764800,21300.0,PE
2024-01-12 13:23:00,16.2,16.3,15.9,15.95,29800,4767800,21300.0,PE
2024-01-12 13:24:00,15.95,16.35,15.95,16.35,15550,4767800,21300.0,PE
2024-01-12 13:25:00,16.35,16.5,16.3,16.4,12200,4767800,21300.0,PE
2024-01-12 13:26:00,16.5,16.5,16.0,16.1,29600,4757800,21300.0,PE
2024-01-12 13:27:00,16.0,16.1,15.8,15.85,42800,4757800,21300.0,PE
2024-01-12 13:28:00,15.85,16.25,15.6,16.25,47750,4757800,21300.0,PE
2024-01-12 13:29:00,16.2,16.2,16.05,16.2,25950,4765150,21300.0,PE
2024-01-12 13:30:00,16.2,16.3,16.05,16.15,38900,4765150,21300.0,PE
2024-01-12 13:31:00,16.15,16.2,15.9,16.0,36250,4765150,21300.0,PE
2024-01-12 13:32:00,16.15,16.15,15.9,16.15,101750,4801300,21300.0,PE
2024-01-12 13:33:00,16.05,16.15,16.0,16.1,105450,4801300,21300.0,PE
2024-01-12 13:34:00,16.1,16.25,16.1,16.15,37350,4801300,21300.0,PE
2024-01-12 13:35:00,16.15,16.25,15.95,15.95,52250,4801300,21300.0,PE
2024-01-12 13:36:00,16.0,16.0,15.65,15.7,143050,4762500,21300.0,PE
2024-01-12 13:37:00,15.75,15.8,15.5,15.5,75800,4762500,21300.0,PE
2024-01-12 13:38:00,15.55,15.7,15.35,15.45,88850,4681100,21300.0,PE
2024-01-12 13:39:00,15.45,15.55,15.1,15.3,37900,4681100,21300.0,PE
2024-01-12 13:40:00,15.25,15.35,15.1,15.2,221000,4681100,21300.0,PE
2024-01-12 13:41:00,15.2,15.45,15.05,15.3,136100,4674800,21300.0,PE
2024-01-12 13:42:00,15.45,15.6,15.2,15.55,128000,4674800,21300.0,PE
2024-01-12 13:43:00,15.55,15.7,15.4,15.7,142150,4674800,21300.0,PE
2024-01-12 13:44:00,15.65,15.8,15.5,15.75,66400,4674800,21300.0,PE
2024-01-12 13:45:00,15.75,15.8,15.65,15.7,147350,4737250,21300.0,PE
2024-01-12 13:46:00,15.75,15.75,15.55,15.6,87250,4737250,21300.0,PE
2024-01-12 13:47:00,15.65,15.75,15.6,15.6,52400,4737250,21300.0,PE
2024-01-12 13:48:00,15.6,15.7,15.45,15.45,192450,4715100,21300.0,PE
2024-01-12 13:49:00,15.5,15.7,15.4,15.55,88350,4715100,21300.0,PE
2024-01-12 13:50:00,15.55,15.75,15.5,15.65,87550,4715100,21300.0,PE
2024-01-12 13:51:00,15.7,15.9,15.55,15.7,112500,4743450,21300.0,PE
2024-01-12 13:52:00,15.7,15.8,15.5,15.5,53200,4743450,21300.0,PE
2024-01-12 13:53:00,15.6,15.85,15.6,15.85,53500,4743450,21300.0,PE
2024-01-12 13:54:00,15.85,16.0,15.65,15.9,100850,4783800,21300.0,PE
2024-01-12 13:55:00,15.95,16.15,15.85,16.05,54500,4783800,21300.0,PE
2024-01-12 13:56:00,16.0,16.3,16.0,16.2,99950,4783800,21300.0,PE
2024-01-12 13:57:00,16.2,16.5,16.2,16.3,132050,4797400,21300.0,PE
2024-01-12 13:58:00,16.3,16.35,16.2,16.3,46850,4797400,21300.0,PE
2024-01-12 13:59:00,16.25,16.4,16.1,16.1,131650,4797400,21300.0,PE
2024-01-12 14:00:00,16.1,16.75,16.1,16.5,318450,4799900,21300.0,PE
2024-01-12 14:01:00,16.55,16.85,16.35,16.4,228800,4799900,21300.0,PE
2024-01-12 14:02:00,16.35,16.7,16.35,16.7,82650,4799900,21300.0,PE
2024-01-12 14:03:00,16.65,16.9,16.5,16.85,47450,4715700,21300.0,PE
2024-01-12 14:04:00,16.85,16.9,16.65,16.85,38800,4715700,21300.0,PE
2024-01-12 14:05:00,16.9,17.35,16.85,17.3,115200,4715700,21300.0,PE
2024-01-12 14:06:00,17.35,17.7,17.25,17.7,91550,4682500,21300.0,PE
2024-01-12 14:07:00,17.6,17.6,17.05,17.2,120000,4682500,21300.0,PE
2024-01-12 14:08:00,17.15,17.15,16.9,16.95,241900,4682500,21300.0,PE
2024-01-12 14:09:00,16.9,17.05,16.65,16.7,94300,4743900,21300.0,PE
2024-01-12 14:10:00,16.8,16.8,16.2,16.3,50450,4743900,21300.0,PE
2024-01-12 14:11:00,16.25,16.45,16.15,16.35,86100,4743900,21300.0,PE
2024-01-12 14:12:00,16.25,16.6,16.25,16.4,38100,4733350,21300.0,PE
2024-01-12 14:13:00,16.55,16.55,16.35,16.5,21700,4733350,21300.0,PE
2024-01-12 14:14:00,16.4,16.5,16.15,16.3,109050,4733350,21300.0,PE
2024-01-12 14:15:00,16.3,16.45,16.2,16.3,155600,4671800,21300.0,PE
2024-01-12 14:16:00,16.3,16.3,15.9,15.95,52600,4671800,21300.0,PE
2024-01-12 14:17:00,15.9,15.95,15.5,15.5,57650,4671800,21300.0,PE
2024-01-12 14:18:00,15.45,15.7,15.45,15.6,27150,4558350,21300.0,PE
2024-01-12 14:19:00,15.65,15.85,15.45,15.8,23850,4558350,21300.0,PE
2024-01-12 14:20:00,15.8,15.9,15.6,15.6,24350,4558350,21300.0,PE
2024-01-12 14:21:00,15.55,15.8,15.55,15.7,23500,4565150,21300.0,PE
2024-01-12 14:22:00,15.7,15.8,15.25,15.25,56400,4565150,21300.0,PE
2024-01-12 14:23:00,15.35,15.5,15.3,15.3,60350,4565150,21300.0,PE
2024-01-12 14:24:00,15.3,15.3,15.05,15.25,71300,4556600,21300.0,PE
2024-01-12 14:25:00,15.25,15.5,15.2,15.5,32300,4556600,21300.0,PE
2024-01-12 14:26:00,15.4,15.45,15.25,15.3,22200,4556600,21300.0,PE
2024-01-12 14:27:00,15.3,15.5,15.25,15.35,53900,4544550,21300.0,PE
2024-01-12 14:28:00,15.35,15.95,15.35,15.8,87350,4544550,21300.0,PE
2024-01-12 14:29:00,15.75,16.05,15.75,16.0,252400,4544550,21300.0,PE
2024-01-12 14:30:00,16.0,16.25,15.85,16.25,118500,4394550,21300.0,PE
2024-01-12 14:31:00,16.3,16.35,15.95,15.95,54600,4394550,21300.0,PE
2024-01-12 14:32:00,15.95,16.0,15.8,15.9,50800,4394550,21300.0,PE
2024-01-12 14:33:00,15.9,16.0,15.85,15.85,89950,4460150,21300.0,PE
2024-01-12 14:34:00,15.85,16.0,15.85,15.85,27700,4460150,21300.0,PE
2024-01-12 14:35:00,15.9,15.9,15.7,15.8,64550,4460150,21300.0,PE
2024-01-12 14:36:00,15.85,15.9,15.3,15.7,118750,4502250,21300.0,PE
2024-01-12 14:37:00,15.7,15.85,15.3,15.5,109600,4502250,21300.0,PE
2024-01-12 14:38:00,15.4,15.5,14.9,14.9,151150,4502250,21300.0,PE
2024-01-12 14:39:00,14.85,15.1,14.65,14.85,172550,4540300,21300.0,PE
2024-01-12 14:40:00,14.9,15.3,14.85,15.15,116850,4540300,21300.0,PE
2024-01-12 14:41:00,15.25,15.75,15.25,15.5,157550,4540300,21300.0,PE
2024-01-12 14:42:00,15.4,15.9,15.4,15.75,78050,4524750,21300.0,PE
2024-01-12 14:43:00,15.75,16.0,15.7,16.0,142500,4524750,21300.0,PE
2024-01-12 14:44:00,16.0,16.1,15.6,15.7,249850,4524750,21300.0,PE
2024-01-12 14:45:00,15.65,15.75,15.5,15.65,98900,4325900,21300.0,PE
2024-01-12 14:46:00,15.7,16.0,15.65,15.85,54900,4325900,21300.0,PE
2024-01-12 14:47:00,15.9,15.9,15.5,15.55,26150,4325900,21300.0,PE
2024-01-12 14:48:00,15.6,15.65,15.25,15.35,78750,4335750,21300.0,PE
2024-01-12 14:49:00,15.35,15.75,15.3,15.75,103950,4335750,21300.0,PE
2024-01-12 14:50:00,15.75,15.9,15.45,15.75,90150,4335750,21300.0,PE
2024-01-12 14:51:00,15.65,15.8,15.25,15.5,61450,4438800,21300.0,PE
2024-01-12 14:52:00,15.5,15.55,15.25,15.5,82650,4438800,21300.0,PE
2024-01-12 14:53:00,15.45,15.6,15.3,15.55,85850,4438800,21300.0,PE
2024-01-12 14:54:00,15.45,15.55,15.25,15.45,41000,4477200,21300.0,PE
2024-01-12 14:55:00,15.45,15.45,15.25,15.4,105000,4477200,21300.0,PE
2024-01-12 14:56:00,15.35,15.45,15.1,15.45,63100,4477200,21300.0,PE
2024-01-12 14:57:00,15.35,15.45,15.1,15.1,96450,4484750,21300.0,PE
2024-01-12 14:58:00,15.15,15.35,15.0,15.05,84200,4484750,21300.0,PE
2024-01-12 14:59:00,15.0,15.4,15.0,15.2,100050,4484750,21300.0,PE
2024-01-12 15:00:00,15.25,15.3,14.75,14.9,128350,4535800,21300.0,PE
2024-01-12 15:01:00,15.0,15.1,14.8,14.85,84950,4535800,21300.0,PE
2024-01-12 15:02:00,14.85,15.1,14.75,14.85,52850,4535800,21300.0,PE
2024-01-12 15:03:00,14.75,14.9,13.95,14.15,113150,4536800,21300.0,PE
2024-01-12 15:04:00,14.1,14.6,14.05,14.55,205550,4536800,21300.0,PE
2024-01-12 15:05:00,14.55,14.9,14.35,14.7,203300,4536800,21300.0,PE
2024-01-12 15:06:00,14.7,15.15,14.55,15.15,164600,4566650,21300.0,PE
2024-01-12 15:07:00,15.05,15.1,14.6,15.1,211650,4566650,21300.0,PE
2024-01-12 15:08:00,15.0,15.8,15.0,15.55,205650,4566650,21300.0,PE
2024-01-12 15:09:00,15.6,15.95,15.5,15.8,198150,4572250,21300.0,PE
2024-01-12 15:10:00,15.85,15.85,14.35,14.35,186800,4572250,21300.0,PE
2024-01-12 15:11:00,14.3,14.3,13.15,13.45,258300,4572250,21300.0,PE
2024-01-12 15:12:00,13.45,14.3,13.45,14.3,161800,4488900,21300.0,PE
2024-01-12 15:13:00,14.35,14.45,13.95,14.0,100300,4488900,21300.0,PE
2024-01-12 15:14:00,14.05,14.2,13.4,13.6,138900,4488900,21300.0,PE
2024-01-12 15:15:00,13.55,13.65,12.65,12.95,234950,4443100,21300.0,PE
2024-01-12 15:16:00,12.95,13.3,12.75,13.25,212850,4443100,21300.0,PE
2024-01-12 15:17:00,13.25,13.45,13.15,13.3,120950,4443100,21300.0,PE
2024-01-12 15:18:00,13.35,13.4,13.2,13.35,128550,4465150,21300.0,PE
2024-01-12 15:19:00,13.3,13.45,13.25,13.25,143700,4465150,21300.0,PE
2024-01-12 15:20:00,13.35,13.45,12.5,12.65,135250,4465150,21300.0,PE
2024-01-12 15:21:00,12.6,12.7,12.2,12.4,162900,4495450,21300.0,PE
2024-01-12 15:22:00,12.4,12.65,12.25,12.6,224250,4495450,21300.0,PE
2024-01-12 15:23:00,12.6,12.75,12.35,12.7,262700,4495450,21300.0,PE
2024-01-12 15:24:00,12.75,12.75,12.25,12.35,206800,4497250,21300.0,PE
2024-01-12 15:25:00,12.35,12.65,11.5,11.8,299750,4497250,21300.0,PE
2024-01-12 15:26:00,11.85,12.4,11.8,12.3,362600,4497250,21300.0,PE
2024-01-12 15:27:00,12.4,12.4,11.9,12.3,299250,4331400,21300.0,PE
2024-01-12 15:28:00,12.3,12.65,12.25,12.35,285600,4331400,21300.0,PE
2024-01-12 15:29:00,12.5,12.65,11.15,11.15,240850,4331400,21300.0,PE
2024-01-12 15:30:00,11.8,11.8,11.8,11.8,50,4331400,21300.0,PE
2024-01-15 09:15:00,8.1,8.65,5.95,7.6,404652,3882700,21300.0,PE
2024-01-15 09:16:00,7.55,7.55,6.95,7.1,564650,3882700,21300.0,PE
2024-01-15 09:17:00,7.1,7.15,6.9,6.9,451350,3854100,21300.0,PE
2024-01-15 09:18:00,6.95,7.0,6.65,6.75,552700,3854100,21300.0,PE
2024-01-15 09:19:00,6.8,6.95,6.7,6.95,267200,3854100,21300.0,PE
2024-01-15 09:20:00,6.95,7.2,6.85,7.2,273350,3986300,21300.0,PE
2024-01-15 09:21:00,7.2,7.35,7.15,7.25,250550,3986300,21300.0,PE
2024-01-15 09:22:00,7.25,7.35,6.95,7.0,242400,3986300,21300.0,PE
2024-01-15 09:23:00,7.0,7.15,6.9,7.05,291900,4074150,21300.0,PE
2024-01-15 09:24:00,7.1,7.15,7.05,7.1,402950,4074150,21300.0,PE
2024-01-15 09:25:00,7.1,7.25,7.0,7.2,438550,4074150,21300.0,PE
2024-01-15 09:26:00,7.2,7.25,7.05,7.15,146250,4259450,21300.0,PE
2024-01-15 09:27:00,7.15,7.2,7.05,7.1,134900,4259450,21300.0,PE
2024-01-15 09:28:00,7.2,7.2,7.0,7.0,126200,4259450,21300.0,PE
2024-01-15 09:29:00,7.05,7.25,7.05,7.2,192800,4365900,21300.0,PE
2024-01-15 09:30:00,7.25,7.25,7.1,7.15,158650,4365900,21300.0,PE
2024-01-15 09:31:00,7.15,7.3,7.15,7.3,171800,4365900,21300.0,PE
2024-01-15 09:32:00,7.25,7.35,7.15,7.25,148750,4423450,21300.0,PE
2024-01-15 09:33:00,7.2,7.3,7.05,7.05,84900,4423450,21300.0,PE
2024-01-15 09:34:00,7.05,7.2,7.0,7.15,126400,4423450,21300.0,PE
2024-01-15 09:35:00,7.15,7.2,7.1,7.15,121850,4457900,21300.0,PE
2024-01-15 09:36:00,7.15,7.25,7.1,7.15,72650,4457900,21300.0,PE
2024-01-15 09:37:00,7.15,7.25,7.1,7.2,81750,4457900,21300.0,PE
2024-01-15 09:38:00,7.2,7.25,7.1,7.25,111450,4451050,21300.0,PE
2024-01-15 09:39:00,7.2,7.25,7.1,7.2,79200,4451050,21300.0,PE
2024-01-15 09:40:00,7.2,7.25,7.15,7.2,75950,4451050,21300.0,PE
2024-01-15 09:41:00,7.2,7.35,7.2,7.35,88450,4423950,21300.0,PE
2024-01-15 09:42:00,7.35,7.45,7.3,7.45,87750,4423950,21300.0,PE
2024-01-15 09:43:00,7.5,7.5,7.4,7.45,44500,4423950,21300.0,PE
2024-01-15 09:44:00,7.4,7.4,7.3,7.4,43200,4430700,21300.0,PE
2024-01-15 09:45:00,7.4,7.5,7.35,7.4,51450,4430700,21300.0,PE
2024-01-15 09:46:00,7.35,7.65,7.35,7.45,42250,4430700,21300.0,PE
2024-01-15 09:47:00,7.45,7.6,7.45,7.5,72250,4418850,21300.0,PE
2024-01-15 09:48:00,7.45,7.9,7.45,7.85,113500,4418850,21300.0,PE
2024-01-15 09:49:00,7.8,8.1,7.8,8.1,115950,4418850,21300.0,PE
2024-01-15 09:50:00,8.0,8.1,7.75,8.0,111900,4391100,21300.0,PE
2024-01-15 09:51:00,8.0,9.3,7.95,9.15,186300,4391100,21300.0,PE
2024-01-15 09:52:00,9.1,9.4,8.55,8.65,195100,4391100,21300.0,PE
2024-01-15 09:53:00,8.6,8.65,7.8,8.0,160600,4333850,21300.0,PE
2024-01-15 09:54:00,8.0,9.05,7.95,8.95,113950,4333850,21300.0,PE
2024-01-15 09:55:00,8.9,9.3,8.0,8.15,144050,4333850,21300.0,PE
2024-01-15 09:56:00,8.1,8.4,8.0,8.3,129550,4274300,21300.0,PE
2024-01-15 09:57:00,8.25,8.8,8.25,8.8,100400,4274300,21300.0,PE
2024-01-15 09:58:00,8.7,8.95,8.2,8.3,108650,4274300,21300.0,PE
2024-01-15 09:59:00,8.25,8.75,8.25,8.7,45650,4304150,21300.0,PE
2024-01-15 10:00:00,8.75,9.05,8.55,8.8,95900,4304150,21300.0,PE
2024-01-15 10:01:00,8.75,8.85,8.5,8.55,121800,4304150,21300.0,PE
2024-01-15 10:02:00,8.4,8.45,7.65,7.8,140700,4317350,21300.0,PE
2024-01-15 10:03:00,7.7,8.05,7.6,7.65,83850,4317350,21300.0,PE
2024-01-15 10:04:00,7.7,7.8,7.35,7.4,68250,4317350,21300.0,PE
2024-01-15 10:05:00,7.35,7.65,7.35,7.5,68250,4349000,21300.0,PE
2024-01-15 10:06:00,7.5,7.5,7.15,7.25,69150,4349000,21300.0,PE
2024-01-15 10:07:00,7.25,7.45,7.2,7.35,56850,4349000,21300.0,PE
2024-01-15 10:08:00,7.4,7.55,7.3,7.55,27950,4348150,21300.0,PE
2024-01-15 10:09:00,7.5,7.55,7.25,7.25,38750,4348150,21300.0,PE
2024-01-15 10:10:00,7.3,7.7,7.2,7.5,74650,4348150,21300.0,PE
2024-01-15 10:11:00,7.55,7.55,7.35,7.4,77600,4392200,21300.0,PE
2024-01-15 10:12:00,7.45,7.45,7.2,7.3,63050,4392200,21300.0,PE
2024-01-15 10:13:00,7.25,7.5,7.25,7.45,33550,4392200,21300.0,PE
2024-01-15 10:14:00,7.45,7.75,7.4,7.55,36850,4441100,21300.0,PE
2024-01-15 10:15:00,7.6,7.7,7.5,7.6,61000,4441100,21300.0,PE
2024-01-15 10:16:00,7.65,7.75,7.5,7.6,12550,4441100,21300.0,PE
2024-01-15 10:17:00,7.65,7.75,7.6,7.65,19250,4460700,21300.0,PE
2024-01-15 10:18:00,7.65,7.65,7.5,7.5,8500,4460700,21300.0,PE
2024-01-15 10:19:00,7.6,7.6,7.35,7.45,31050,4460700,21300.0,PE
2024-01-15 10:20:00,7.5,7.5,7.25,7.3,28500,4470950,21300.0,PE
2024-01-15 10:21:00,7.3,7.45,7.3,7.4,13850,4470950,21300.0,PE
2024-01-15 10:22:00,7.4,7.45,7.3,7.4,16000,4470950,21300.0,PE
2024-01-15 10:23:00,7.5,7.6,7.45,7.55,54200,4464850,21300.0,PE
2024-01-15 10:24:00,7.55,7.65,7.5,7.5,81350,4464850,21300.0,PE
2024-01-15 10:25:00,7.5,7.65,7.4,7.6,55300,4464850,21300.0,PE
2024-01-15 10:26:00,7.6,7.65,7.5,7.5,58100,4336700,21300.0,PE
2024-01-15 10:27:00,7.5,7.55,7.35,7.35,17300,4336700,21300.0,PE
2024-01-15 10:28:00,7.35,7.45,7.3,7.35,11100,4336700,21300.0,PE
2024-01-15 10:29:00,7.35,7.35,7.25,7.3,38050,4343400,21300.0,PE
2024-01-15 10:30:00,7.3,7.3,7.2,7.25,49550,4343400,21300.0,PE
2024-01-15 10:31:00,7.25,7.3,7.15,7.25,56350,4343400,21300.0,PE
2024-01-15 10:32:00,7.15,7.25,6.95,7.0,97300,4320900,21300.0,PE
2024-01-15 10:33:00,6.95,7.1,6.85,7.05,61600,4320900,21300.0,PE
2024-01-15 10:34:00,7.05,7.2,7.0,7.2,33700,4320900,21300.0,PE
2024-01-15 10:35:00,7.2,7.25,7.1,7.15,18400,4303600,21300.0,PE
2024-01-15 10:36:00,7.1,7.2,7.0,7.05,28550,4303600,21300.0,PE
2024-01-15 10:37:00,7.05,7.15,6.95,7.15,23950,4303600,21300.0,PE
2024-01-15 10:38:00,7.1,7.25,7.1,7.25,30100,4309800,21300.0,PE
2024-01-15 10:39:00,7.25,7.3,7.05,7.05,31150,4309800,21300.0,PE
2024-01-15 10:40:00,7.15,7.25,7.05,7.25,32000,4309800,21300.0,PE
2024-01-15 10:41:00,7.25,7.3,7.15,7.2,30650,4295950,21300.0,PE
2024-01-15 10:42:00,7.2,7.25,7.1,7.25,21150,4295950,21300.0,PE
2024-01-15 10:43:00,7.2,7.25,7.1,7.1,12200,4295950,21300.0,PE
2024-01-15 10:44:00,7.1,7.1,6.95,7.0,17200,4300650,21300.0,PE
2024-01-15 10:45:00,7.05,7.15,6.95,7.1,25700,4300650,21300.0,PE
2024-01-15 10:46:00,7.15,7.3,7.1,7.25,13850,4300650,21300.0,PE
2024-01-15 10:47:00,7.25,7.35,7.25,7.3,19300,4306400,21300.0,PE
2024-01-15 10:48:00,7.3,7.4,7.25,7.3,13850,4306400,21300.0,PE
2024-01-15 10:49:00,7.3,7.3,7.15,7.25,15500,4306400,21300.0,PE
2024-01-15 10:50:00,7.2,7.25,7.05,7.1,10600,4302250,21300.0,PE
2024-01-15 10:51:00,7.1,7.15,7.05,7.05,18700,4302250,21300.0,PE
2024-01-15 10:52:00,7.1,7.15,7.0,7.1,8300,4302250,21300.0,PE
2024-01-15 10:53:00,7.05,7.15,7.0,7.0,4950,4292100,21300.0,PE
2024-01-15 10:54:00,7.05,7.1,6.95,7.0,7000,4292100,21300.0,PE
2024-01-15 10:55:00,6.95,7.1,6.95,7.1,24600,4292100,21300.0,PE
2024-01-15 10:56:00,7.1,7.15,7.05,7.1,5850,4276850,21300.0,PE
2024-01-15 10:57:00,7.15,7.15,7.05,7.05,7100,4276850,21300.0,PE
2024-01-15 10:58:00,7.05,7.05,6.9,6.9,19350,4276850,21300.0,PE
2024-01-15 10:59:00,6.9,6.9,6.7,6.75,74050,4277750,21300.0,PE
2024-01-15 11:00:00,6.75,6.95,6.7,6.85,50100,4277750,21300.0,PE
2024-01-15 11:01:00,6.85,6.95,6.8,6.9,44950,4277750,21300.0,PE
2024-01-15 11:02:00,6.85,6.95,6.85,6.95,39200,4282700,21300.0,PE
2024-01-15 11:03:00,6.95,7.05,6.9,7.0,24150,4282700,21300.0,PE
2024-01-15 11:04:00,7.0,7.05,6.9,6.95,17300,4282700,21300.0,PE
2024-01-15 11:05:00,7.0,7.0,6.8,6.85,28500,4268800,21300.0,PE
2024-01-15 11:06:00,6.85,6.9,6.75,6.8,21250,4268800,21300.0,PE
2024-01-15 11:07:00,6.8,6.85,6.75,6.75,39300,4268800,21300.0,PE
2024-01-15 11:08:00,6.7,6.85,6.65,6.75,61750,4265650,21300.0,PE
2024-01-15 11:09:00,6.7,6.7,6.6,6.7,29200,4265650,21300.0,PE
2024-01-15 11:10:00,6.7,6.85,6.6,6.75,41350,4265650,21300.0,PE
2024-01-15 11:11:00,6.75,6.75,6.55,6.55,23350,4253950,21300.0,PE
2024-01-15 11:12:00,6.55,6.65,6.55,6.65,8000,4253950,21300.0,PE
2024-01-15 11:13:00,6.65,6.7,6.6,6.6,9850,4253950,21300.0,PE
2024-01-15 11:14:00,6.6,6.7,6.6,6.6,5900,4248300,21300.0,PE
2024-01-15 11:15:00,6.6,6.7,6.55,6.7,12050,4248300,21300.0,PE
2024-01-15 11:16:00,6.7,6.85,6.65,6.85,8600,4248300,21300.0,PE
2024-01-15 11:17:00,6.85,6.85,6.7,6.75,18400,4246050,21300.0,PE
2024-01-15 11:18:00,6.8,7.0,6.75,6.95,24050,4246050,21300.0,PE
2024-01-15 11:19:00,6.95,6.95,6.85,6.9,12000,4246050,21300.0,PE
2024-01-15 11:20:00,6.9,6.95,6.85,6.9,15250,4250400,21300.0,PE
2024-01-15 11:21:00,6.9,7.0,6.9,7.0,70600,4250400,21300.0,PE
2024-01-15 11:22:00,6.9,6.95,6.85,6.95,83650,4250400,21300.0,PE
2024-01-15 11:23:00,6.95,6.95,6.75,6.8,268200,4212750,21300.0,PE
2024-01-15 11:24:00,6.85,6.95,6.8,6.85,126550,4212750,21300.0,PE
2024-01-15 11:25:00,6.9,7.0,6.8,6.95,43100,4212750,21300.0,PE
2024-01-15 11:26:00,6.85,7.1,6.85,7.0,119100,4172750,21300.0,PE
2024-01-15 11:27:00,7.05,7.15,7.0,7.1,179750,4172750,21300.0,PE
2024-01-15 11:28:00,7.1,7.15,7.05,7.1,88900,4172750,21300.0,PE
2024-01-15 11:29:00,7.1,7.15,7.05,7.1,44150,3888900,21300.0,PE
2024-01-15 11:30:00,7.1,7.15,7.0,7.05,20300,3888900,21300.0,PE
2024-01-15 11:31:00,7.0,7.05,7.0,7.0,7200,3888900,21300.0,PE
2024-01-15 11:32:00,7.05,7.1,7.0,7.05,41650,3884850,21300.0,PE
2024-01-15 11:33:00,7.05,7.05,6.95,7.05,22600,3884850,21300.0,PE
2024-01-15 11:34:00,7.15,7.15,7.05,7.05,24900,3884850,21300.0,PE
2024-01-15 11:35:00,7.05,7.1,7.0,7.05,31300,3885150,21300.0,PE
2024-01-15 11:36:00,7.1,7.1,6.95,7.0,8250,3885150,21300.0,PE
2024-01-15 11:37:00,7.0,7.1,6.95,7.1,15600,3885150,21300.0,PE
2024-01-15 11:38:00,7.1,7.2,7.1,7.15,41800,3881000,21300.0,PE
2024-01-15 11:39:00,7.15,7.25,7.1,7.15,51350,3881000,21300.0,PE
2024-01-15 11:40:00,7.15,7.3,7.15,7.15,41100,3881000,21300.0,PE
2024-01-15 11:41:00,7.1,7.2,7.05,7.05,52650,3892900,21300.0,PE
2024-01-15 11:42:00,7.05,7.05,6.8,6.85,19100,3892900,21300.0,PE
2024-01-15 11:43:00,6.8,6.85,6.7,6.7,29050,3892900,21300.0,PE
2024-01-15 11:44:00,6.65,6.75,6.55,6.65,17400,3893700,21300.0,PE
2024-01-15 11:45:00,6.7,6.75,6.6,6.7,29850,3893700,21300.0,PE
2024-01-15 11:46:00,6.7,6.75,6.65,6.75,12650,3893700,21300.0,PE
2024-01-15 11:47:00,6.7,6.7,6.65,6.7,24850,3892650,21300.0,PE
2024-01-15 11:48:00,6.6,6.7,6.6,6.7,16400,3892650,21300.0,PE
2024-01-15 11:49:00,6.65,6.7,6.65,6.7,12050,3892650,21300.0,PE
2024-01-15 11:50:00,6.7,6.7,6.65,6.65,48250,3850150,21300.0,PE
2024-01-15 11:51:00,6.7,6.7,6.6,6.65,18650,3850150,21300.0,PE
2024-01-15 11:52:00,6.6,6.75,6.6,6.7,13650,3850150,21300.0,PE
2024-01-15 11:53:00,6.75,6.8,6.7,6.75,76000,3796800,21300.0,PE
2024-01-15 11:54:00,6.75,6.8,6.75,6.8,39500,3796800,21300.0,PE
2024-01-15 11:55:00,6.8,6.8,6.75,6.75,22350,3796800,21300.0,PE
2024-01-15 11:56:00,6.8,6.8,6.75,6.75,10600,3744300,21300.0,PE
2024-01-15 11:57:00,6.75,6.9,6.75,6.85,16250,3744300,21300.0,PE
2024-01-15 11:58:00,6.8,6.9,6.8,6.85,18450,3744300,21300.0,PE
2024-01-15 11:59:00,6.85,6.9,6.85,6.9,7950,3753900,21300.0,PE
2024-01-15 12:00:00,6.9,6.9,6.7,6.8,26200,3753900,21300.0,PE
2024-01-15 12:01:00,6.75,6.85,6.75,6.75,11400,3753900,21300.0,PE
2024-01-15 12:02:00,6.75,6.9,6.75,6.85,13100,3760350,21300.0,PE
2024-01-15 12:03:00,6.9,6.9,6.8,6.9,16250,3760350,21300.0,PE
2024-01-15 12:04:00,6.9,6.9,6.8,6.9,15350,3760350,21300.0,PE
2024-01-15 12:05:00,6.85,6.9,6.8,6.8,11550,3755600,21300.0,PE
2024-01-15 12:06:00,6.85,6.9,6.8,6.85,3750,3755600,21300.0,PE
2024-01-15 12:07:00,6.85,6.85,6.75,6.8,6450,3755600,21300.0,PE
2024-01-15 12:08:00,6.75,6.85,6.75,6.8,10400,3757200,21300.0,PE
2024-01-15 12:09:00,6.8,6.9,6.75,6.85,49050,3757200,21300.0,PE
2024-01-15 12:10:00,6.85,7.0,6.85,7.0,31300,3757200,21300.0,PE
2024-01-15 12:11:00,6.95,7.0,6.95,7.0,15750,3787800,21300.0,PE
2024-01-15 12:12:00,6.95,7.0,6.95,6.95,30100,3787800,21300.0,PE
2024-01-15 12:13:00,6.95,7.0,6.95,7.0,6900,3787800,21300.0,PE
2024-01-15 12:14:00,6.95,7.0,6.9,7.0,11500,3800100,21300.0,PE
2024-01-15 12:15:00,7.05,7.05,6.9,6.9,28450,3800100,21300.0,PE
2024-01-15 12:16:00,6.9,6.95,6.85,6.85,43400,3800100,21300.0,PE
2024-01-15 12:17:00,6.85,6.95,6.75,6.8,101850,3818650,21300.0,PE
2024-01-15 12:18:00,6.85,7.0,6.8,6.9,58250,3818650,21300.0,PE
2024-01-15 12:19:00,6.9,6.9,6.8,6.9,33600,3818650,21300.0,PE
2024-01-15 12:20:00,6.9,6.9,6.8,6.9,20150,3820300,21300.0,PE
2024-01-15 12:21:00,6.9,7.0,6.85,7.0,13050,3820300,21300.0,PE
2024-01-15 12:22:00,6.95,7.1,6.95,7.05,16300,3820300,21300.0,PE
2024-01-15 12:23:00,7.05,7.1,6.95,6.95,16450,3834300,21300.0,PE
2024-01-15 12:24:00,6.95,7.0,6.85,6.85,24400,3834300,21300.0,PE
2024-01-15 12:25:00,6.9,7.1,6.8,7.05,56900,3834300,21300.0,PE
2024-01-15 12:26:00,7.05,7.1,7.0,7.0,44100,3870400,21300.0,PE
2024-01-15 12:27:00,7.05,7.1,7.0,7.1,38750,3870400,21300.0,PE
2024-01-15 12:28:00,7.05,7.05,7.0,7.05,23000,3870400,21300.0,PE
2024-01-15 12:29:00,7.05,7.05,6.85,6.9,36000,3893050,21300.0,PE
2024-01-15 12:30:00,6.95,7.05,6.9,7.0,8500,3893050,21300.0,PE
2024-01-15 12:31:00,6.95,7.15,6.95,7.15,12050,3893050,21300.0,PE
2024-01-15 12:32:00,7.1,7.2,7.1,7.15,13450,3892400,21300.0,PE
2024-01-15 12:33:00,7.15,7.25,7.1,7.25,9150,3892400,21300.0,PE
2024-01-15 12:34:00,7.25,7.3,7.2,7.25,47550,3892400,21300.0,PE
2024-01-15 12:35:00,7.3,7.3,7.15,7.25,47300,3878100,21300.0,PE
2024-01-15 12:36:00,7.2,7.25,7.15,7.15,25600,3878100,21300.0,PE
2024-01-15 12:37:00,7.2,7.2,7.1,7.15,26200,3878100,21300.0,PE
2024-01-15 12:38:00,7.1,7.15,6.9,6.95,21950,3892750,21300.0,PE
2024-01-15 12:39:00,6.95,6.95,6.85,6.9,17850,3892750,21300.0,PE
2024-01-15 12:40:00,6.9,7.0,6.9,6.95,7100,3892750,21300.0,PE
2024-01-15 12:41:00,6.9,7.05,6.9,7.05,14600,3891150,21300.0,PE
2024-01-15 12:42:00,7.0,7.05,6.95,6.95,21650,3891150,21300.0,PE
2024-01-15 12:43:00,7.0,7.05,6.9,6.95,16100,3891150,21300.0,PE
2024-01-15 12:44:00,7.0,7.05,6.95,6.95,6050,3903400,21300.0,PE
2024-01-15 12:45:00,6.95,7.05,6.95,7.0,9650,3903400,21300.0,PE
2024-01-15 12:46:00,6.95,7.0,6.9,7.0,22200,3903400,21300.0,PE
2024-01-15 12:47:00,6.95,7.0,6.9,7.0,17350,3912400,21300.0,PE
2024-01-15 12:48:00,7.0,7.0,6.9,6.95,39850,3912400,21300.0,PE
2024-01-15 12:49:00,6.95,7.0,6.9,6.95,26300,3912400,21300.0,PE
2024-01-15 12:50:00,7.0,7.0,6.95,7.0,8150,3912400,21300.0,PE
2024-01-15 12:51:00,7.0,7.05,6.95,7.0,10950,3869150,21300.0,PE
2024-01-15 12:52:00,6.95,7.0,6.95,6.95,10000,3869150,21300.0,PE
2024-01-15 12:53:00,7.0,7.0,6.95,7.0,9300,3869150,21300.0,PE
2024-01-15 12:54:00,6.95,7.0,6.85,6.9,9600,3864150,21300.0,PE
2024-01-15 12:55:00,6.9,6.9,6.8,6.9,17100,3864150,21300.0,PE
2024-01-15 12:56:00,6.9,6.9,6.85,6.85,11500,3864150,21300.0,PE
2024-01-15 12:57:00,6.85,6.9,6.85,6.85,1650,3870250,21300.0,PE
2024-01-15 12:58:00,6.85,6.9,6.85,6.85,6100,3870250,21300.0,PE
2024-01-15 12:59:00,6.85,6.95,6.85,6.9,25950,3866450,21300.0,PE
2024-01-15 13:00:00,6.95,6.95,6.9,6.9,2950,3866450,21300.0,PE
2024-01-15 13:01:00,6.95,6.95,6.9,6.95,5900,3866450,21300.0,PE
2024-01-15 13:02:00,6.95,6.95,6.9,6.95,16250,3866450,21300.0,PE
2024-01-15 13:03:00,6.9,6.95,6.8,6.9,49300,3865350,21300.0,PE
2024-01-15 13:04:00,6.9,7.0,6.9,6.9,14000,3865350,21300.0,PE
2024-01-15 13:05:00,6.95,7.0,6.9,6.95,6850,3881400,21300.0,PE
2024-01-15 13:06:00,6.95,7.05,6.95,7.0,14100,3881400,21300.0,PE
2024-01-15 13:07:00,6.95,7.1,6.95,7.05,11150,3881400,21300.0,PE
2024-01-15 13:08:00,7.05,7.15,7.05,7.05,11450,3885700,21300.0,PE
2024-01-15 13:09:00,7.05,7.1,6.95,7.05,9450,3885700,21300.0,PE
2024-01-15 13:10:00,7.0,7.1,7.0,7.05,4100,3885700,21300.0,PE
2024-01-15 13:11:00,7.05,7.1,6.95,7.0,19050,3885700,21300.0,PE
2024-01-15 13:12:00,7.0,7.05,6.9,7.0,18600,3889500,21300.0,PE
2024-01-15 13:13:00,7.0,7.05,6.95,7.0,8950,3889500,21300.0,PE
2024-01-15 13:14:00,6.95,7.0,6.9,6.9,13700,3889500,21300.0,PE
2024-01-15 13:15:00,6.9,7.05,6.9,7.0,14350,3899600,21300.0,PE
2024-01-15 13:16:00,7.0,7.1,7.0,7.05,7550,3899600,21300.0,PE
2024-01-15 13:17:00,7.05,7.05,6.95,7.0,19150,3899600,21300.0,PE
2024-01-15 13:18:00,6.95,7.0,6.75,6.9,99550,3913350,21300.0,PE
2024-01-15 13:19:00,6.9,7.05,6.9,7.0,42700,3913350,21300.0,PE
2024-01-15 13:20:00,7.05,7.05,6.95,6.95,29550,3913350,21300.0,PE
2024-01-15 13:21:00,6.95,7.0,6.9,6.9,16950,3871000,21300.0,PE
2024-01-15 13:22:00,6.9,6.95,6.85,6.95,21900,3871000,21300.0,PE
2024-01-15 13:23:00,6.95,6.95,6.9,6.9,29400,3871000,21300.0,PE
2024-01-15 13:24:00,6.85,6.95,6.85,6.95,15750,3877300,21300.0,PE
2024-01-15 13:25:00,6.95,6.95,6.9,6.9,9750,3877300,21300.0,PE
2024-01-15 13:26:00,6.9,6.95,6.85,6.9,9450,3877300,21300.0,PE
2024-01-15 13:27:00,6.9,6.9,6.85,6.9,12500,3871450,21300.0,PE
2024-01-15 13:28:00,6.9,6.9,6.8,6.9,14700,3871450,21300.0,PE
2024-01-15 13:29:00,6.9,6.95,6.85,6.95,27350,3871450,21300.0,PE
2024-01-15 13:30:00,6.95,7.1,6.95,7.05,39650,3881650,21300.0,PE
2024-01-15 13:31:00,7.1,7.15,6.95,7.05,39150,3881650,21300.0,PE
2024-01-15 13:32:00,7.05,7.05,6.95,6.95,13600,3881650,21300.0,PE
2024-01-15 13:33:00,7.0,7.05,6.9,7.0,9600,3892600,21300.0,PE
2024-01-15 13:34:00,6.95,7.1,6.95,7.05,15750,3892600,21300.0,PE
2024-01-15 13:35:00,7.1,7.1,7.0,7.0,13150,3892600,21300.0,PE
2024-01-15 13:36:00,7.0,7.0,6.85,6.9,16650,3894200,21300.0,PE
2024-01-15 13:37:00,6.9,6.95,6.85,6.95,4150,3894200,21300.0,PE
2024-01-15 13:38:00,6.95,7.0,6.95,6.95,10400,3894200,21300.0,PE
2024-01-15 13:39:00,6.95,7.0,6.85,6.9,10200,3881100,21300.0,PE
2024-01-15 13:40:00,6.95,6.95,6.85,6.85,8550,3881100,21300.0,PE
2024-01-15 13:41:00,6.9,7.0,6.85,6.9,6950,3881100,21300.0,PE
2024-01-15 13:42:00,6.9,6.95,6.85,6.95,4850,3881150,21300.0,PE
2024-01-15 13:43:00,6.9,6.95,6.9,6.95,4200,3881150,21300.0,PE
2024-01-15 13:44:00,7.0,7.0,6.9,6.95,20100,3881150,21300.0,PE
2024-01-15 13:45:00,6.95,7.05,6.95,7.0,13700,3888700,21300.0,PE
2024-01-15 13:46:00,7.05,7.15,7.0,7.15,17300,3888700,21300.0,PE
2024-01-15 13:47:00,7.1,7.2,7.05,7.2,21250,3888700,21300.0,PE
2024-01-15 13:48:00,7.2,7.2,7.1,7.2,17900,3887400,21300.0,PE
2024-01-15 13:49:00,7.15,7.5,7.15,7.4,35750,3887400,21300.0,PE
2024-01-15 13:50:00,7.4,7.5,6.95,6.95,28150,3887400,21300.0,PE
2024-01-15 13:51:00,6.85,6.85,6.6,6.75,38100,3886650,21300.0,PE
2024-01-15 13:52:00,6.8,6.8,6.65,6.65,8950,3886650,21300.0,PE
2024-01-15 13:53:00,6.65,6.75,6.65,6.65,12100,3886650,21300.0,PE
2024-01-15 13:54:00,6.6,6.7,6.55,6.6,13150,3883050,21300.0,PE
2024-01-15 13:55:00,6.55,6.65,6.55,6.65,13600,3883050,21300.0,PE
2024-01-15 13:56:00,6.65,6.75,6.6,6.7,14850,3883050,21300.0,PE
2024-01-15 13:57:00,6.6,6.75,6.6,6.75,8150,3879650,21300.0,PE
2024-01-15 13:58:00,6.75,6.8,6.65,6.65,22150,3879650,21300.0,PE
2024-01-15 13:59:00,6.55,6.7,6.55,6.65,29750,3879650,21300.0,PE
2024-01-15 14:00:00,6.65,6.85,6.55,6.85,56100,3881500,21300.0,PE
2024-01-15 14:01:00,6.85,6.9,6.8,6.9,24450,3881500,21300.0,PE
2024-01-15 14:02:00,6.9,6.95,6.85,6.9,33100,3881500,21300.0,PE
2024-01-15 14:03:00,6.9,7.05,6.9,6.95,35250,3886000,21300.0,PE
2024-01-15 14:04:00,6.95,7.0,6.85,6.9,100650,3886000,21300.0,PE
2024-01-15 14:05:00,7.05,7.2,6.95,7.15,69250,3886000,21300.0,PE
2024-01-15 14:06:00,7.25,7.4,7.2,7.25,94400,3861800,21300.0,PE
2024-01-15 14:07:00,7.2,7.3,7.1,7.2,27100,3861800,21300.0,PE
2024-01-15 14:08:00,7.15,7.3,7.1,7.3,39100,3861800,21300.0,PE
2024-01-15 14:09:00,7.25,7.3,7.15,7.3,52050,3839950,21300.0,PE
2024-01-15 14:10:00,7.25,7.4,7.2,7.4,77700,3839950,21300.0,PE
2024-01-15 14:11:00,7.4,7.4,7.3,7.35,23100,3839950,21300.0,PE
2024-01-15 14:12:00,7.4,7.6,7.35,7.6,46500,3828550,21300.0,PE
2024-01-15 14:13:00,7.6,7.7,7.55,7.7,47200,3828550,21300.0,PE
2024-01-15 14:14:00,7.6,7.65,7.4,7.4,47450,3828550,21300.0,PE
2024-01-15 14:15:00,7.45,7.45,7.3,7.35,60450,3860200,21300.0,PE
2024-01-15 14:16:00,7.35,7.45,7.3,7.35,49000,3860200,21300.0,PE
2024-01-15 14:17:00,7.3,7.3,7.2,7.25,20000,3860200,21300.0,PE
2024-01-15 14:18:00,7.25,7.3,7.1,7.15,19550,3846650,21300.0,PE
2024-01-15 14:19:00,7.15,7.2,7.1,7.15,27400,3846650,21300.0,PE
2024-01-15 14:20:00,7.15,7.2,7.05,7.05,25000,3846650,21300.0,PE
2024-01-15 14:21:00,7.05,7.15,7.05,7.15,18250,3839950,21300.0,PE
2024-01-15 14:22:00,7.15,7.2,7.1,7.15,38000,3839950,21300.0,PE
2024-01-15 14:23:00,7.15,7.2,7.15,7.15,26300,3839950,21300.0,PE
2024-01-15 14:24:00,7.15,7.25,7.15,7.2,18800,3799200,21300.0,PE
2024-01-15 14:25:00,7.1,7.2,7.1,7.1,44100,3799200,21300.0,PE
2024-01-15 14:26:00,7.2,7.2,7.1,7.2,31850,3799200,21300.0,PE
2024-01-15 14:27:00,7.15,7.25,7.15,7.25,19550,3846950,21300.0,PE
2024-01-15 14:28:00,7.15,7.2,7.1,7.2,14150,3846950,21300.0,PE
2024-01-15 14:29:00,7.2,7.2,7.1,7.15,36650,3846950,21300.0,PE
2024-01-15 14:30:00,7.1,7.2,7.1,7.15,11750,3855150,21300.0,PE
2024-01-15 14:31:00,7.1,7.2,7.1,7.15,14700,3855150,21300.0,PE
2024-01-15 14:32:00,7.15,7.35,7.15,7.35,39800,3855150,21300.0,PE
2024-01-15 14:33:00,7.35,7.35,7.1,7.15,38150,3875250,21300.0,PE
2024-01-15 14:34:00,7.15,7.2,7.1,7.15,20200,3875250,21300.0,PE
2024-01-15 14:35:00,7.1,7.15,6.85,6.85,20250,3875250,21300.0,PE
2024-01-15 14:36:00,6.85,6.9,6.7,6.75,22800,3886650,21300.0,PE
2024-01-15 14:37:00,6.8,6.85,6.75,6.85,30900,3886650,21300.0,PE
2024-01-15 14:38:00,6.8,6.85,6.75,6.75,11700,3886650,21300.0,PE
2024-01-15 14:39:00,6.8,6.8,6.7,6.8,26900,3886950,21300.0,PE
2024-01-15 14:40:00,6.75,6.8,6.7,6.8,21900,3886950,21300.0,PE
2024-01-15 14:41:00,6.75,6.85,6.7,6.8,16950,3886950,21300.0,PE
2024-01-15 14:42:00,6.75,6.85,6.75,6.8,13450,3880450,21300.0,PE
2024-01-15 14:43:00,6.8,6.8,6.75,6.75,15950,3880450,21300.0,PE
2024-01-15 14:44:00,6.7,6.8,6.65,6.7,5800,3880450,21300.0,PE
2024-01-15 14:45:00,6.75,6.75,6.65,6.7,9050,3868500,21300.0,PE
2024-01-15 14:46:00,6.65,6.65,6.55,6.65,103950,3868500,21300.0,PE
2024-01-15 14:47:00,6.6,6.65,6.45,6.5,42100,3868500,21300.0,PE
2024-01-15 14:48:00,6.5,6.65,6.35,6.55,92800,3831850,21300.0,PE
2024-01-15 14:49:00,6.5,6.7,6.5,6.7,55600,3831850,21300.0,PE
2024-01-15 14:50:00,6.7,6.85,6.65,6.75,44500,3831850,21300.0,PE
2024-01-15 14:51:00,6.8,6.85,6.75,6.8,20700,3787250,21300.0,PE
2024-01-15 14:52:00,6.8,6.8,6.75,6.8,76500,3787250,21300.0,PE
2024-01-15 14:53:00,6.8,6.85,6.8,6.85,14750,3787250,21300.0,PE
2024-01-15 14:54:00,6.85,6.85,6.75,6.75,23050,3761350,21300.0,PE
2024-01-15 14:55:00,6.8,6.9,6.8,6.85,17100,3761350,21300.0,PE
2024-01-15 14:56:00,6.9,6.9,6.75,6.85,29900,3761350,21300.0,PE
2024-01-15 14:57:00,6.75,6.9,6.75,6.75,54200,3755200,21300.0,PE
2024-01-15 14:58:00,6.75,6.85,6.75,6.85,41800,3755200,21300.0,PE
2024-01-15 14:59:00,6.85,6.85,6.75,6.85,53250,3755200,21300.0,PE
2024-01-15 15:00:00,6.8,6.95,6.8,6.9,72600,3785600,21300.0,PE
2024-01-15 15:01:00,6.8,7.05,6.7,6.9,92500,3785600,21300.0,PE
2024-01-15 15:02:00,6.9,6.9,6.7,6.75,56850,3785600,21300.0,PE
2024-01-15 15:03:00,6.75,6.75,6.65,6.75,44100,3810350,21300.0,PE
2024-01-15 15:04:00,6.75,6.8,6.6,6.7,57500,3810350,21300.0,PE
2024-01-15 15:05:00,6.7,6.9,6.6,6.9,263150,3810350,21300.0,PE
2024-01-15 15:06:00,6.85,6.9,6.75,6.9,142050,3848750,21300.0,PE
2024-01-15 15:07:00,6.85,7.0,6.85,6.85,52450,3848750,21300.0,PE
2024-01-15 15:08:00,6.85,6.95,6.8,6.8,105350,3848750,21300.0,PE
2024-01-15 15:09:00,6.85,6.9,6.75,6.8,50950,3884350,21300.0,PE
2024-01-15 15:10:00,6.85,6.9,6.8,6.85,45900,3884350,21300.0,PE
2024-01-15 15:11:00,6.8,6.9,6.65,6.65,28550,3884350,21300.0,PE
2024-01-15 15:12:00,6.65,6.8,6.65,6.75,58100,3866800,21300.0,PE
2024-01-15 15:13:00,6.75,6.8,6.65,6.7,69000,3866800,21300.0,PE
2024-01-15 15:14:00,6.7,6.85,6.7,6.8,190200,3866800,21300.0,PE
2024-01-15 15:15:00,6.8,6.9,6.75,6.75,144100,3888300,21300.0,PE
2024-01-15 15:16:00,6.75,6.9,6.75,6.8,82200,3888300,21300.0,PE
2024-01-15 15:17:00,6.75,6.85,6.75,6.75,206150,3888300,21300.0,PE
2024-01-15 15:18:00,6.75,6.75,6.65,6.7,132900,3927550,21300.0,PE
2024-01-15 15:19:00,6.7,6.7,6.55,6.6,131350,3927550,21300.0,PE
2024-01-15 15:20:00,6.6,6.8,6.6,6.7,209350,3927550,21300.0,PE
2024-01-15 15:21:00,6.75,6.8,6.65,6.65,150750,3849300,21300.0,PE
2024-01-15 15:22:00,6.65,6.7,6.6,6.6,144650,3849300,21300.0,PE
2024-01-15 15:23:00,6.55,6.7,6.55,6.6,153800,3849300,21300.0,PE
2024-01-15 15:24:00,6.65,6.9,6.6,6.85,128350,3795600,21300.0,PE
2024-01-15 15:25:00,6.85,7.05,6.5,6.55,183300,3795600,21300.0,PE
2024-01-15 15:26:00,6.55,6.85,6.5,6.7,131400,3795600,21300.0,PE
2024-01-15 15:27:00,6.75,6.95,6.7,6.9,124900,3762700,21300.0,PE
2024-01-15 15:28:00,6.9,7.05,6.85,6.9,154450,3762700,21300.0,PE
2024-01-15 15:29:00,6.9,7.0,6.55,6.55,168250,3762700,21300.0,PE
2024-01-15 15:30:00,6.5,6.5,6.5,6.5,100,3762700,21300.0,PE
2024-01-16 09:15:00,5.1,6.55,4.1,5.55,157252,3775750,21300.0,PE
2024-01-16 09:16:00,5.55,5.55,5.25,5.35,163050,3775750,21300.0,PE
2024-01-16 09:17:00,5.4,5.4,4.95,4.95,363200,3791050,21300.0,PE
2024-01-16 09:18:00,4.9,4.95,4.75,4.8,195950,3791050,21300.0,PE
2024-01-16 09:19:00,4.85,5.1,4.85,5.1,309850,3791050,21300.0,PE
2024-01-16 09:20:00,5.2,6.0,5.15,5.95,1149850,3893600,21300.0,PE
2024-01-16 09:21:00,5.95,6.05,5.85,5.85,201550,3893600,21300.0,PE
2024-01-16 09:22:00,5.85,6.15,5.85,6.0,212250,3893600,21300.0,PE
2024-01-16 09:23:00,6.05,6.1,5.9,5.95,133550,3872550,21300.0,PE
2024-01-16 09:24:00,5.95,5.95,5.7,5.7,104550,3872550,21300.0,PE
2024-01-16 09:25:00,5.7,5.9,5.7,5.8,90400,3872550,21300.0,PE
2024-01-16 09:26:00,5.85,5.9,5.7,5.7,90600,3904200,21300.0,PE
2024-01-16 09:27:00,5.7,5.7,5.4,5.45,109950,3904200,21300.0,PE
2024-01-16 09:28:00,5.45,5.6,5.3,5.35,93000,3904200,21300.0,PE
2024-01-16 09:29:00,5.35,5.5,5.3,5.5,212250,3995450,21300.0,PE
2024-01-16 09:30:00,5.45,5.6,5.4,5.5,124650,3995450,21300.0,PE
2024-01-16 09:31:00,5.5,5.55,5.45,5.5,60050,3995450,21300.0,PE
2024-01-16 09:32:00,5.5,5.6,5.45,5.5,48500,3955300,21300.0,PE
2024-01-16 09:33:00,5.5,5.65,5.5,5.6,62450,3955300,21300.0,PE
2024-01-16 09:34:00,5.65,5.65,5.5,5.6,51050,3955300,21300.0,PE
2024-01-16 09:35:00,5.6,5.65,5.55,5.6,33700,3920750,21300.0,PE
2024-01-16 09:36:00,5.6,5.65,5.5,5.55,39650,3920750,21300.0,PE
2024-01-16 09:37:00,5.55,5.65,5.5,5.6,72400,3920750,21300.0,PE
2024-01-16 09:38:00,5.6,5.65,5.5,5.6,68800,3912700,21300.0,PE
2024-01-16 09:39:00,5.55,5.65,5.5,5.65,66450,3912700,21300.0,PE
2024-01-16 09:40:00,5.6,5.6,5.5,5.55,55200,3912700,21300.0,PE
2024-01-16 09:41:00,5.6,5.65,5.55,5.65,47950,3943350,21300.0,PE
2024-01-16 09:42:00,5.6,5.7,5.55,5.65,61900,3943350,21300.0,PE
2024-01-16 09:43:00,5.7,5.7,5.5,5.55,37350,3943350,21300.0,PE
2024-01-16 09:44:00,5.55,5.6,5.5,5.5,161850,4000400,21300.0,PE
2024-01-16 09:45:00,5.55,5.6,5.5,5.5,71000,4000400,21300.0,PE
2024-01-16 09:46:00,5.5,5.55,5.4,5.4,106450,4000400,21300.0,PE
2024-01-16 09:47:00,5.45,5.5,5.4,5.45,71450,3947250,21300.0,PE
2024-01-16 09:48:00,5.45,5.5,5.3,5.5,278700,3947250,21300.0,PE
2024-01-16 09:49:00,5.45,5.55,5.4,5.4,84750,3947250,21300.0,PE
2024-01-16 09:50:00,5.45,5.5,5.4,5.45,146350,4059650,21300.0,PE
2024-01-16 09:51:00,5.5,5.5,5.4,5.45,91800,4059650,21300.0,PE
2024-01-16 09:52:00,5.5,5.55,5.45,5.55,69850,4059650,21300.0,PE
2024-01-16 09:53:00,5.5,5.55,5.5,5.55,91150,4059950,21300.0,PE
2024-01-16 09:54:00,5.55,5.55,5.5,5.55,87050,4059950,21300.0,PE
2024-01-16 09:55:00,5.55,5.55,5.45,5.45,74850,4059950,21300.0,PE
2024-01-16 09:56:00,5.45,5.5,5.4,5.45,53650,4033850,21300.0,PE
2024-01-16 09:57:00,5.4,5.45,5.4,5.4,136650,4033850,21300.0,PE
2024-01-16 09:58:00,5.4,5.5,5.4,5.45,54450,4033850,21300.0,PE
2024-01-16 09:59:00,5.45,5.5,5.4,5.4,69850,4106650,21300.0,PE
2024-01-16 10:00:00,5.4,5.45,5.4,5.45,84200,4106650,21300.0,PE
2024-01-16 10:01:00,5.4,5.45,5.4,5.4,56700,4106650,21300.0,PE
2024-01-16 10:02:00,5.4,5.45,5.25,5.35,105800,4244450,21300.0,PE
2024-01-16 10:03:00,5.25,5.3,5.15,5.2,40150,4244450,21300.0,PE
2024-01-16 10:04:00,5.2,5.3,5.15,5.25,194250,4244450,21300.0,PE
2024-01-16 10:05:00,5.25,5.3,5.25,5.3,371000,4438650,21300.0,PE
2024-01-16 10:06:00,5.25,5.3,5.2,5.2,88050,4438650,21300.0,PE
2024-01-16 10:07:00,5.25,5.35,5.2,5.3,183800,4438650,21300.0,PE
2024-01-16 10:08:00,5.3,5.35,5.2,5.25,165800,4737100,21300.0,PE
2024-01-16 10:09:00,5.25,5.45,5.25,5.4,67050,4737100,21300.0,PE
2024-01-16 10:10:00,5.45,5.45,5.3,5.4,144450,4737100,21300.0,PE
2024-01-16 10:11:00,5.45,5.5,5.35,5.5,71700,4780350,21300.0,PE
2024-01-16 10:12:00,5.5,5.55,5.45,5.55,147100,4780350,21300.0,PE
2024-01-16 10:13:00,5.55,5.6,5.5,5.5,140350,4780350,21300.0,PE
2024-01-16 10:14:00,5.5,5.55,5.4,5.5,126450,4750150,21300.0,PE
2024-01-16 10:15:00,5.5,5.55,5.45,5.5,77450,4750150,21300.0,PE
2024-01-16 10:16:00,5.5,5.55,5.45,5.5,60250,4750150,21300.0,PE
2024-01-16 10:17:00,5.55,5.55,5.5,5.55,45000,4774350,21300.0,PE
2024-01-16 10:18:00,5.55,5.6,5.45,5.6,36450,4774350,21300.0,PE
2024-01-16 10:19:00,5.55,5.6,5.55,5.6,25050,4774350,21300.0,PE
2024-01-16 10:20:00,5.6,5.7,5.55,5.65,37750,4769450,21300.0,PE
2024-01-16 10:21:00,5.65,5.75,5.6,5.75,44900,4769450,21300.0,PE
2024-01-16 10:22:00,5.75,5.8,5.7,5.75,56000,4769450,21300.0,PE
2024-01-16 10:23:00,5.75,5.8,5.7,5.8,46900,4790000,21300.0,PE
2024-01-16 10:24:00,5.8,5.8,5.7,5.75,133550,4790000,21300.0,PE
2024-01-16 10:25:00,5.75,5.8,5.75,5.8,37150,4790000,21300.0,PE
2024-01-16 10:26:00,5.75,5.8,5.7,5.7,42500,4810450,21300.0,PE
2024-01-16 10:27:00,5.7,5.75,5.7,5.75,25050,4810450,21300.0,PE
2024-01-16 10:28:00,5.75,5.75,5.7,5.75,23350,4810450,21300.0,PE
2024-01-16 10:29:00,5.7,5.75,5.65,5.75,49350,4819650,21300.0,PE
2024-01-16 10:30:00,5.7,5.75,5.7,5.7,49100,4819650,21300.0,PE
2024-01-16 10:31:00,5.7,5.75,5.65,5.7,33800,4819650,21300.0,PE
2024-01-16 10:32:00,5.7,5.75,5.65,5.7,67000,4838050,21300.0,PE
2024-01-16 10:33:00,5.7,5.75,5.65,5.7,41050,4838050,21300.0,PE
2024-01-16 10:34:00,5.7,5.75,5.65,5.75,35750,4838050,21300.0,PE
2024-01-16 10:35:00,5.75,5.75,5.6,5.65,38650,4838600,21300.0,PE
2024-01-16 10:36:00,5.7,5.75,5.65,5.7,48350,4838600,21300.0,PE
2024-01-16 10:37:00,5.65,5.75,5.65,5.7,51750,4838600,21300.0,PE
2024-01-16 10:38:00,5.7,5.75,5.6,5.7,38300,4851650,21300.0,PE
2024-01-16 10:39:00,5.6,5.65,5.5,5.6,78000,4851650,21300.0,PE
2024-01-16 10:40:00,5.6,5.7,5.55,5.7,190400,4851650,21300.0,PE
2024-01-16 10:41:00,5.65,5.7,5.6,5.7,47100,4775450,21300.0,PE
2024-01-16 10:42:00,5.65,5.75,5.6,5.7,16100,4775450,21300.0,PE
2024-01-16 10:43:00,5.7,5.75,5.6,5.7,53250,4775450,21300.0,PE
2024-01-16 10:44:00,5.75,5.75,5.7,5.7,77250,4802050,21300.0,PE
2024-01-16 10:45:00,5.7,5.75,5.7,5.7,133850,4802050,21300.0,PE
2024-01-16 10:46:00,5.7,5.75,5.7,5.75,54500,4802050,21300.0,PE
2024-01-16 10:47:00,5.7,5.8,5.65,5.8,31850,4870650,21300.0,PE
2024-01-16 10:48:00,5.8,5.85,5.7,5.75,90550,4870650,21300.0,PE
2024-01-16 10:49:00,5.7,5.85,5.7,5.8,51250,4870650,21300.0,PE
2024-01-16 10:50:00,5.8,5.85,5.75,5.75,22250,4809250,21300.0,PE
2024-01-16 10:51:00,5.8,5.95,5.75,5.9,348200,4809250,21300.0,PE
2024-01-16 10:52:00,5.9,5.95,5.8,5.85,170700,4809250,21300.0,PE
2024-01-16 10:53:00,5.85,5.9,5.8,5.85,77700,5103300,21300.0,PE
2024-01-16 10:54:00,5.85,5.9,5.8,5.85,23400,5103300,21300.0,PE
2024-01-16 10:55:00,5.85,5.9,5.8,5.85,40500,5103300,21300.0,PE
2024-01-16 10:56:00,5.85,5.9,5.8,5.8,24950,5105100,21300.0,PE
2024-01-16 10:57:00,5.8,5.9,5.75,5.75,45150,5105100,21300.0,PE
2024-01-16 10:58:00,5.75,5.85,5.75,5.8,26500,5105100,21300.0,PE
2024-01-16 10:59:00,5.85,5.85,5.75,5.8,53800,5089550,21300.0,PE
2024-01-16 11:00:00,5.85,5.85,5.8,5.85,53150,5089550,21300.0,PE
2024-01-16 11:01:00,5.85,5.9,5.85,5.9,33000,5089550,21300.0,PE
2024-01-16 11:02:00,5.9,6.1,5.85,5.95,339800,5268250,21300.0,PE
2024-01-16 11:03:00,5.9,5.95,5.9,5.95,26800,5268250,21300.0,PE
2024-01-16 11:04:00,5.9,6.0,5.9,6.0,217000,5268250,21300.0,PE
2024-01-16 11:05:00,5.95,6.05,5.9,5.95,65600,5416550,21300.0,PE
2024-01-16 11:06:00,5.9,5.95,5.85,5.95,32200,5416550,21300.0,PE
2024-01-16 11:07:00,5.95,5.95,5.85,5.95,69700,5416550,21300.0,PE
2024-01-16 11:08:00,5.9,5.95,5.9,5.9,18450,5425150,21300.0,PE
2024-01-16 11:09:00,5.95,5.95,5.85,5.95,31000,5425150,21300.0,PE
2024-01-16 11:10:00,5.95,5.95,5.85,5.95,40600,5425150,21300.0,PE
2024-01-16 11:11:00,5.85,5.95,5.85,5.95,53550,5449400,21300.0,PE
2024-01-16 11:12:00,5.95,5.95,5.9,5.9,55950,5449400,21300.0,PE
2024-01-16 11:13:00,5.9,5.95,5.85,5.9,26000,5449400,21300.0,PE
2024-01-16 11:14:00,5.85,5.9,5.85,5.9,20650,5446350,21300.0,PE
2024-01-16 11:15:00,5.9,5.9,5.85,5.9,35800,5446350,21300.0,PE
2024-01-16 11:16:00,5.9,5.9,5.8,5.9,65050,5446350,21300.0,PE
2024-01-16 11:17:00,5.9,5.9,5.8,5.85,86800,5473700,21300.0,PE
2024-01-16 11:18:00,5.8,5.85,5.8,5.85,24800,5473700,21300.0,PE
2024-01-16 11:19:00,5.85,5.85,5.7,5.7,119950,5473700,21300.0,PE
2024-01-16 11:20:00,5.7,5.8,5.65,5.8,145050,5500350,21300.0,PE
2024-01-16 11:21:00,5.8,5.85,5.75,5.85,26550,5500350,21300.0,PE
2024-01-16 11:22:00,5.8,5.9,5.8,5.85,32050,5500350,21300.0,PE
2024-01-16 11:23:00,5.85,5.9,5.8,5.9,44900,5509250,21300.0,PE
2024-01-16 11:24:00,5.9,5.9,5.8,5.9,24300,5509250,21300.0,PE
2024-01-16 11:25:00,5.8,5.9,5.8,5.85,40800,5509250,21300.0,PE
2024-01-16 11:26:00,5.85,5.9,5.8,5.8,31150,5508600,21300.0,PE
2024-01-16 11:27:00,5.85,5.85,5.75,5.75,27000,5508600,21300.0,PE
2024-01-16 11:28:00,5.75,5.8,5.75,5.75,46250,5508600,21300.0,PE
2024-01-16 11:29:00,5.8,5.8,5.75,5.8,37450,5531250,21300.0,PE
2024-01-16 11:30:00,5.8,5.9,5.75,5.8,32600,5531250,21300.0,PE
2024-01-16 11:31:00,5.8,5.9,5.8,5.9,45050,5531250,21300.0,PE
2024-01-16 11:32:00,5.85,5.9,5.8,5.85,27400,5556700,21300.0,PE
2024-01-16 11:33:00,5.85,5.85,5.75,5.8,23250,5556700,21300.0,PE
2024-01-16 11:34:00,5.8,5.85,5.75,5.8,51850,5556700,21300.0,PE
2024-01-16 11:35:00,5.8,5.85,5.75,5.8,16000,5567250,21300.0,PE
2024-01-16 11:36:00,5.8,5.85,5.75,5.85,26850,5567250,21300.0,PE
2024-01-16 11:37:00,5.8,5.85,5.8,5.85,12100,5567250,21300.0,PE
2024-01-16 11:38:00,5.85,5.85,5.75,5.85,13050,5591050,21300.0,PE
2024-01-16 11:39:00,5.85,5.85,5.8,5.85,9750,5591050,21300.0,PE
2024-01-16 11:40:00,5.8,5.9,5.8,5.85,17600,5591050,21300.0,PE
2024-01-16 11:41:00,5.9,5.95,5.9,5.95,10600,5591050,21300.0,PE
2024-01-16 11:42:00,5.95,6.05,5.9,6.0,64400,5600000,21300.0,PE
2024-01-16 11:43:00,6.0,6.15,6.0,6.0,21050,5600000,21300.0,PE
2024-01-16 11:44:00,6.0,6.05,5.95,6.05,34050,5616000,21300.0,PE
2024-01-16 11:45:00,6.05,6.15,6.0,6.05,56900,5616000,21300.0,PE
2024-01-16 11:46:00,6.05,6.1,6.05,6.05,35350,5616000,21300.0,PE
2024-01-16 11:47:00,6.1,6.1,6.0,6.0,90000,5669950,21300.0,PE
2024-01-16 11:48:00,6.0,6.0,5.85,5.85,64550,5669950,21300.0,PE
2024-01-16 11:49:00,5.85,5.85,5.7,5.75,49650,5669950,21300.0,PE
2024-01-16 11:50:00,5.75,5.85,5.7,5.85,42750,5679900,21300.0,PE
2024-01-16 11:51:00,5.8,5.85,5.8,5.8,18400,5679900,21300.0,PE
2024-01-16 11:52:00,5.85,5.9,5.75,5.9,41050,5679900,21300.0,PE
2024-01-16 11:53:00,5.9,5.9,5.85,5.9,18750,5697400,21300.0,PE
2024-01-16 11:54:00,5.9,5.9,5.85,5.9,23650,5697400,21300.0,PE
2024-01-16 11:55:00,5.9,5.9,5.8,5.8,29000,5697400,21300.0,PE
2024-01-16 11:56:00,5.85,5.85,5.8,5.8,32400,5719550,21300.0,PE
2024-01-16 11:57:00,5.8,5.8,5.65,5.65,22500,5719550,21300.0,PE
2024-01-16 11:58:00,5.7,5.7,5.55,5.55,29900,5719550,21300.0,PE
2024-01-16 11:59:00,5.55,5.6,5.5,5.6,37650,5738750,21300.0,PE
2024-01-16 12:00:00,5.6,5.6,5.55,5.6,8450,5738750,21300.0,PE
2024-01-16 12:01:00,5.6,5.6,5.55,5.55,19650,5738750,21300.0,PE
2024-01-16 12:02:00,5.55,5.6,5.55,5.6,30350,5756300,21300.0,PE
2024-01-16 12:03:00,5.55,5.6,5.55,5.6,29650,5756300,21300.0,PE
2024-01-16 12:04:00,5.6,5.6,5.5,5.55,36550,5756300,21300.0,PE
2024-01-16 12:05:00,5.55,5.6,5.55,5.6,23550,5769350,21300.0,PE
2024-01-16 12:06:00,5.6,5.65,5.55,5.6,26750,5769350,21300.0,PE
2024-01-16 12:07:00,5.6,5.65,5.55,5.65,25050,5769350,21300.0,PE
2024-01-16 12:08:00,5.65,5.95,5.65,5.9,41450,5800000,21300.0,PE
2024-01-16 12:09:00,5.95,6.05,5.85,6.0,51350,5800000,21300.0,PE
2024-01-16 12:10:00,6.0,6.05,5.9,5.95,61150,5800000,21300.0,PE
2024-01-16 12:11:00,5.95,6.0,5.7,5.7,40400,5821650,21300.0,PE
2024-01-16 12:12:00,5.7,5.75,5.65,5.75,16200,5821650,21300.0,PE
2024-01-16 12:13:00,5.7,5.75,5.65,5.7,9900,5821650,21300.0,PE
2024-01-16 12:14:00,5.7,5.75,5.65,5.7,21600,5813500,21300.0,PE
2024-01-16 12:15:00,5.7,5.8,5.7,5.75,11000,5813500,21300.0,PE
2024-01-16 12:16:00,5.8,5.85,5.75,5.75,33350,5813500,21300.0,PE
2024-01-16 12:17:00,5.75,5.8,5.65,5.65,82000,5768800,21300.0,PE
2024-01-16 12:18:00,5.6,5.8,5.6,5.75,24600,5768800,21300.0,PE
2024-01-16 12:19:00,5.8,5.9,5.75,5.8,109400,5768800,21300.0,PE
2024-01-16 12:20:00,5.8,5.8,5.65,5.7,115100,5768000,21300.0,PE
2024-01-16 12:21:00,5.65,5.65,5.55,5.6,23500,5768000,21300.0,PE
2024-01-16 12:22:00,5.6,5.65,5.5,5.6,49900,5768000,21300.0,PE
2024-01-16 12:23:00,5.6,5.6,5.55,5.6,6300,5781600,21300.0,PE
2024-01-16 12:24:00,5.6,5.65,5.55,5.6,14200,5781600,21300.0,PE
2024-01-16 12:25:00,5.65,5.65,5.55,5.55,2500,5781600,21300.0,PE
2024-01-16 12:26:00,5.55,5.55,5.45,5.5,24700,5788650,21300.0,PE
2024-01-16 12:27:00,5.5,5.55,5.45,5.5,27750,5788650,21300.0,PE
2024-01-16 12:28:00,5.5,5.5,5.4,5.45,19250,5788650,21300.0,PE
2024-01-16 12:29:00,5.5,5.5,5.45,5.45,34200,5788650,21300.0,PE
2024-01-16 12:30:00,5.45,5.5,5.4,5.4,16750,5792350,21300.0,PE
2024-01-16 12:31:00,5.4,5.45,5.4,5.4,55400,5792350,21300.0,PE
2024-01-16 12:32:00,5.4,5.45,5.4,5.4,82800,5894650,21300.0,PE
2024-01-16 12:33:00,5.4,5.55,5.4,5.55,47800,5894650,21300.0,PE
2024-01-16 12:34:00,5.5,5.55,5.5,5.5,19850,5894650,21300.0,PE
2024-01-16 12:35:00,5.5,5.55,5.5,5.5,36300,5896600,21300.0,PE
2024-01-16 12:36:00,5.5,5.55,5.5,5.5,6750,5896600,21300.0,PE
2024-01-16 12:37:00,5.55,5.55,5.5,5.55,4750,5896600,21300.0,PE
2024-01-16 12:38:00,5.55,5.6,5.55,5.6,9600,5896150,21300.0,PE
2024-01-16 12:39:00,5.6,5.6,5.55,5.6,10200,5896150,21300.0,PE
2024-01-16 12:40:00,5.55,5.65,5.55,5.6,26300,5896150,21300.0,PE
2024-01-16 12:41:00,5.6,5.6,5.55,5.6,7800,5896150,21300.0,PE
2024-01-16 12:42:00,5.6,5.6,5.55,5.55,12500,5895050,21300.0,PE
2024-01-16 12:43:00,5.55,5.65,5.55,5.65,11100,5895050,21300.0,PE
2024-01-16 12:44:00,5.65,5.65,5.6,5.65,7950,5895350,21300.0,PE
2024-01-16 12:45:00,5.6,5.65,5.55,5.55,22950,5895350,21300.0,PE
2024-01-16 12:46:00,5.55,5.65,5.55,5.6,10900,5895350,21300.0,PE
2024-01-16 12:47:00,5.6,5.65,5.55,5.6,45750,5895350,21300.0,PE
2024-01-16 12:48:00,5.65,5.9,5.65,5.7,21400,5891950,21300.0,PE
2024-01-16 12:49:00,5.7,5.8,5.7,5.75,36250,5891950,21300.0,PE
2024-01-16 12:50:00,5.8,5.8,5.55,5.55,37250,5891950,21300.0,PE
2024-01-16 12:51:00,5.55,5.6,5.5,5.5,38700,5923350,21300.0,PE
2024-01-16 12:52:00,5.55,5.55,5.4,5.4,128100,5923350,21300.0,PE
2024-01-16 12:53:00,5.4,5.4,5.25,5.3,151650,5923350,21300.0,PE
2024-01-16 12:54:00,5.3,5.35,5.25,5.35,35000,6100450,21300.0,PE
2024-01-16 12:55:00,5.35,5.35,5.25,5.3,28700,6100450,21300.0,PE
2024-01-16 12:56:00,5.3,5.4,5.3,5.35,24750,6100450,21300.0,PE
2024-01-16 12:57:00,5.35,5.4,5.3,5.35,25650,6109350,21300.0,PE
2024-01-16 12:58:00,5.4,5.4,5.25,5.35,20200,6109350,21300.0,PE
2024-01-16 12:59:00,5.35,5.45,5.35,5.45,25400,6109350,21300.0,PE
2024-01-16 13:00:00,5.45,5.5,5.35,5.5,31850,6123950,21300.0,PE
2024-01-16 13:01:00,5.5,5.5,5.25,5.35,35150,6123950,21300.0,PE
2024-01-16 13:02:00,5.35,5.45,5.3,5.4,30550,6123950,21300.0,PE
2024-01-16 13:03:00,5.45,5.5,5.4,5.45,23000,6118150,21300.0,PE
2024-01-16 13:04:00,5.45,5.5,5.4,5.45,39200,6118150,21300.0,PE
2024-01-16 13:05:00,5.45,5.45,5.3,5.3,47200,6118150,21300.0,PE
2024-01-16 13:06:00,5.3,5.55,5.3,5.5,58000,6106350,21300.0,PE
2024-01-16 13:07:00,5.4,5.45,5.35,5.4,27600,6106350,21300.0,PE
2024-01-16 13:08:00,5.45,5.5,5.35,5.4,61250,6106350,21300.0,PE
2024-01-16 13:09:00,5.45,5.5,5.35,5.5,36900,6064500,21300.0,PE
2024-01-16 13:10:00,5.5,5.5,5.4,5.45,40500,6064500,21300.0,PE
2024-01-16 13:11:00,5.45,5.45,5.35,5.4,50100,6064500,21300.0,PE
2024-01-16 13:12:00,5.3,5.5,5.25,5.5,41400,6069550,21300.0,PE
2024-01-16 13:13:00,5.5,5.55,5.35,5.4,53900,6069550,21300.0,PE
2024-01-16 13:14:00,5.45,5.5,5.4,5.45,33950,6069550,21300.0,PE
2024-01-16 13:15:00,5.4,5.55,5.35,5.5,56100,6052600,21300.0,PE
2024-01-16 13:16:00,5.5,5.6,5.3,5.3,92400,6052600,21300.0,PE
2024-01-16 13:17:00,5.35,5.35,5.25,5.35,75600,6052600,21300.0,PE
2024-01-16 13:18:00,5.35,5.35,5.2,5.3,39250,6029300,21300.0,PE
2024-01-16 13:19:00,5.3,5.45,5.3,5.4,40800,6029300,21300.0,PE
2024-01-16 13:20:00,5.4,5.5,5.35,5.45,46700,6029300,21300.0,PE
2024-01-16 13:21:00,5.45,5.5,5.4,5.5,32100,6039400,21300.0,PE
2024-01-16 13:22:00,5.45,5.55,5.4,5.45,17600,6039400,21300.0,PE
2024-01-16 13:23:00,5.45,5.55,5.4,5.55,12300,6039400,21300.0,PE
2024-01-16 13:24:00,5.55,5.6,5.5,5.55,21050,6032650,21300.0,PE
2024-01-16 13:25:00,5.55,5.8,5.55,5.65,35050,6032650,21300.0,PE
2024-01-16 13:26:00,5.65,5.65,5.55,5.55,26800,6032650,21300.0,PE
2024-01-16 13:27:00,5.6,5.7,5.5,5.7,36550,6025800,21300.0,PE
2024-01-16 13:28:00,5.65,5.65,5.5,5.55,62150,6025800,21300.0,PE
2024-01-16 13:29:00,5.6,5.6,5.4,5.45,22150,6025800,21300.0,PE
2024-01-16 13:30:00,5.45,5.6,5.45,5.5,28200,5995500,21300.0,PE
2024-01-16 13:31:00,5.5,5.65,5.5,5.65,28450,5995500,21300.0,PE
2024-01-16 13:32:00,5.55,5.75,5.55,5.75,31650,5995500,21300.0,PE
2024-01-16 13:33:00,5.75,6.3,5.75,6.3,98850,5998550,21300.0,PE
2024-01-16 13:34:00,6.25,6.45,6.0,6.15,130700,5998550,21300.0,PE
2024-01-16 13:35:00,6.15,6.5,6.1,6.45,138300,5998550,21300.0,PE
2024-01-16 13:36:00,6.45,7.35,6.4,7.05,244200,6036750,21300.0,PE
2024-01-16 13:37:00,7.05,7.15,6.75,6.9,179700,6036750,21300.0,PE
2024-01-16 13:38:00,6.95,7.0,6.45,6.45,341350,6036750,21300.0,PE
2024-01-16 13:39:00,6.45,6.5,6.0,6.0,451300,6015600,21300.0,PE
2024-01-16 13:40:00,5.9,5.9,5.4,5.5,164350,6015600,21300.0,PE
2024-01-16 13:41:00,5.5,5.6,5.3,5.45,499950,6015600,21300.0,PE
2024-01-16 13:42:00,5.45,5.45,5.3,5.4,272450,5474450,21300.0,PE
2024-01-16 13:43:00,5.4,5.5,4.95,4.95,638000,5474450,21300.0,PE
2024-01-16 13:44:00,4.95,4.95,4.7,4.8,325000,5474450,21300.0,PE
2024-01-16 13:45:00,4.8,5.0,4.7,4.7,234300,4928100,21300.0,PE
2024-01-16 13:46:00,4.65,4.75,4.4,4.4,155900,4928100,21300.0,PE
2024-01-16 13:47:00,4.4,4.4,4.2,4.3,157400,4928100,21300.0,PE
2024-01-16 13:48:00,4.3,4.45,4.3,4.4,165500,4756650,21300.0,PE
2024-01-16 13:49:00,4.4,4.65,4.4,4.65,60050,4756650,21300.0,PE
2024-01-16 13:50:00,4.6,4.8,4.6,4.75,106550,4756650,21300.0,PE
2024-01-16 13:51:00,4.85,5.0,4.75,4.75,71900,4661150,21300.0,PE
2024-01-16 13:52:00,4.8,4.85,4.55,4.65,59050,4661150,21300.0,PE
2024-01-16 13:53:00,4.7,4.8,4.7,4.75,38650,4661150,21300.0,PE
2024-01-16 13:54:00,4.8,4.8,4.6,4.65,23150,4651900,21300.0,PE
2024-01-16 13:55:00,4.6,4.7,4.55,4.65,35050,4651900,21300.0,PE
2024-01-16 13:56:00,4.65,4.65,4.45,4.5,43800,4651900,21300.0,PE
2024-01-16 13:57:00,4.5,4.6,4.45,4.55,49800,4629750,21300.0,PE
2024-01-16 13:58:00,4.55,4.6,4.45,4.5,44100,4629750,21300.0,PE
2024-01-16 13:59:00,4.45,4.5,4.4,4.5,63700,4629750,21300.0,PE
2024-01-16 14:00:00,4.5,4.55,4.45,4.45,47100,4623950,21300.0,PE
2024-01-16 14:01:00,4.45,4.45,4.35,4.45,45250,4623950,21300.0,PE
2024-01-16 14:02:00,4.45,4.6,4.4,4.5,35100,4623950,21300.0,PE
2024-01-16 14:03:00,4.55,4.6,4.55,4.55,39150,4611200,21300.0,PE
2024-01-16 14:04:00,4.55,4.6,4.55,4.55,19400,4611200,21300.0,PE
2024-01-16 14:05:00,4.55,4.6,4.5,4.55,32850,4611200,21300.0,PE
2024-01-16 14:06:00,4.55,4.85,4.55,4.8,56400,4589300,21300.0,PE
2024-01-16 14:07:00,4.75,4.75,4.5,4.55,47900,4589300,21300.0,PE
2024-01-16 14:08:00,4.55,4.6,4.5,4.55,14400,4589300,21300.0,PE
2024-01-16 14:09:00,4.55,4.55,4.45,4.55,24900,4556900,21300.0,PE
2024-01-16 14:10:00,4.55,4.6,4.45,4.55,34550,4556900,21300.0,PE
2024-01-16 14:11:00,4.55,4.55,4.45,4.5,18450,4556900,21300.0,PE
2024-01-16 14:12:00,4.45,4.45,4.35,4.35,19300,4530550,21300.0,PE
2024-01-16 14:13:00,4.4,4.45,4.3,4.35,180800,4530550,21300.0,PE
2024-01-16 14:14:00,4.35,4.45,4.35,4.4,20250,4530550,21300.0,PE
2024-01-16 14:15:00,4.4,4.4,4.3,4.3,39700,4596600,21300.0,PE
2024-01-16 14:16:00,4.35,4.4,4.3,4.35,37400,4596600,21300.0,PE
2024-01-16 14:17:00,4.35,4.4,4.3,4.4,37750,4596600,21300.0,PE
2024-01-16 14:18:00,4.35,4.4,4.3,4.3,31450,4584100,21300.0,PE
2024-01-16 14:19:00,4.35,4.35,4.3,4.3,4850,4584100,21300.0,PE
2024-01-16 14:20:00,4.35,4.4,4.25,4.3,59850,4584100,21300.0,PE
2024-01-16 14:21:00,4.25,4.45,4.25,4.45,81350,4579950,21300.0,PE
2024-01-16 14:22:00,4.45,4.5,4.4,4.45,93350,4579950,21300.0,PE
2024-01-16 14:23:00,4.45,4.5,4.4,4.45,19250,4579950,21300.0,PE
2024-01-16 14:24:00,4.45,4.5,4.4,4.45,62150,4621400,21300.0,PE
2024-01-16 14:25:00,4.45,4.55,4.45,4.5,71300,4621400,21300.0,PE
2024-01-16 14:26:00,4.5,4.6,4.5,4.6,25650,4621400,21300.0,PE
2024-01-16 14:27:00,4.55,4.6,4.55,4.55,11400,4597400,21300.0,PE
2024-01-16 14:28:00,4.5,4.55,4.45,4.55,44500,4597400,21300.0,PE
2024-01-16 14:29:00,4.5,4.55,4.4,4.4,16000,4597400,21300.0,PE
2024-01-16 14:30:00,4.35,4.4,4.3,4.35,12700,4592500,21300.0,PE
2024-01-16 14:31:00,4.35,4.45,4.35,4.4,55250,4592500,21300.0,PE
2024-01-16 14:32:00,4.45,4.6,4.4,4.55,55300,4592500,21300.0,PE
2024-01-16 14:33:00,4.55,4.6,4.45,4.55,76150,4569800,21300.0,PE
2024-01-16 14:34:00,4.6,4.6,4.5,4.55,17250,4569800,21300.0,PE
2024-01-16 14:35:00,4.5,4.6,4.45,4.55,15100,4569800,21300.0,PE
2024-01-16 14:36:00,4.6,5.05,4.6,4.8,185100,4529800,21300.0,PE
2024-01-16 14:37:00,4.9,4.9,4.45,4.45,82950,4529800,21300.0,PE
2024-01-16 14:38:00,4.45,4.6,4.4,4.4,94550,4529800,21300.0,PE
2024-01-16 14:39:00,4.4,4.45,4.35,4.4,82550,4450100,21300.0,PE
2024-01-16 14:40:00,4.35,4.35,4.25,4.35,32300,4450100,21300.0,PE
2024-01-16 14:41:00,4.3,4.35,4.2,4.3,27650,4450100,21300.0,PE
2024-01-16 14:42:00,4.35,4.35,4.15,4.2,46100,4468200,21300.0,PE
2024-01-16 14:43:00,4.2,4.25,4.2,4.2,137850,4468200,21300.0,PE
2024-01-16 14:44:00,4.2,4.25,4.2,4.2,45400,4468200,21300.0,PE
2024-01-16 14:45:00,4.25,4.25,4.2,4.2,74000,4621550,21300.0,PE
2024-01-16 14:46:00,4.2,4.5,4.2,4.4,408300,4621550,21300.0,PE
2024-01-16 14:47:00,4.45,4.6,4.45,4.5,278600,4621550,21300.0,PE
2024-01-16 14:48:00,4.45,4.6,4.45,4.55,78300,4970100,21300.0,PE
2024-01-16 14:49:00,4.6,4.65,4.55,4.6,66150,4970100,21300.0,PE
2024-01-16 14:50:00,4.55,4.6,4.5,4.6,66200,4970100,21300.0,PE
2024-01-16 14:51:00,4.6,4.6,4.45,4.5,42200,5006800,21300.0,PE
2024-01-16 14:52:00,4.5,4.55,4.4,4.5,60200,5006800,21300.0,PE
2024-01-16 14:53:00,4.45,4.5,4.45,4.5,24100,5006800,21300.0,PE
2024-01-16 14:54:00,4.45,4.45,4.4,4.45,82800,5036350,21300.0,PE
2024-01-16 14:55:00,4.4,4.45,4.35,4.4,61650,5036350,21300.0,PE
2024-01-16 14:56:00,4.4,4.5,4.4,4.4,72500,5036350,21300.0,PE
2024-01-16 14:57:00,4.4,4.45,4.35,4.35,47900,4984750,21300.0,PE
2024-01-16 14:58:00,4.35,4.45,4.3,4.35,44700,4984750,21300.0,PE
2024-01-16 14:59:00,4.35,4.4,4.3,4.4,45350,4984750,21300.0,PE
2024-01-16 15:00:00,4.35,4.45,4.35,4.4,44650,4984500,21300.0,PE
2024-01-16 15:01:00,4.4,4.45,4.3,4.3,59000,4984500,21300.0,PE
2024-01-16 15:02:00,4.3,4.35,4.25,4.3,32150,4984500,21300.0,PE
2024-01-16 15:03:00,4.3,4.35,4.2,4.3,173350,4985700,21300.0,PE
2024-01-16 15:04:00,4.25,4.3,4.2,4.2,62150,4985700,21300.0,PE
2024-01-16 15:05:00,4.2,4.25,4.15,4.2,269000,4985700,21300.0,PE
2024-01-16 15:06:00,4.15,4.2,4.1,4.15,99400,5246700,21300.0,PE
2024-01-16 15:07:00,4.15,4.15,4.05,4.05,117300,5246700,21300.0,PE
2024-01-16 15:08:00,4.05,4.1,3.95,4.05,300250,5246700,21300.0,PE
2024-01-16 15:09:00,4.0,4.05,3.95,4.0,194200,5177500,21300.0,PE
2024-01-16 15:10:00,4.0,4.1,4.0,4.05,168250,5177500,21300.0,PE
2024-01-16 15:11:00,4.1,4.15,4.05,4.05,135750,5177500,21300.0,PE
2024-01-16 15:12:00,4.05,4.1,4.0,4.05,139150,5287900,21300.0,PE
2024-01-16 15:13:00,4.0,4.05,3.9,3.9,112550,5287900,21300.0,PE
2024-01-16 15:14:00,3.9,4.0,3.85,3.9,232200,5287900,21300.0,PE
2024-01-16 15:15:00,3.9,3.95,3.9,3.9,105650,5282700,21300.0,PE
2024-01-16 15:16:00,3.9,4.0,3.9,3.95,215550,5282700,21300.0,PE
2024-01-16 15:17:00,4.0,4.05,3.9,3.95,179600,5282700,21300.0,PE
2024-01-16 15:18:00,3.9,4.0,3.9,3.95,303150,5115550,21300.0,PE
2024-01-16 15:19:00,3.95,4.0,3.85,3.9,147750,5115550,21300.0,PE
2024-01-16 15:20:00,3.9,3.95,3.85,3.95,177450,5115550,21300.0,PE
2024-01-16 15:21:00,3.95,4.0,3.9,3.95,189500,5166150,21300.0,PE
2024-01-16 15:22:00,3.9,3.95,3.85,3.85,88500,5166150,21300.0,PE
2024-01-16 15:23:00,3.9,3.9,3.8,3.8,181150,5166150,21300.0,PE
2024-01-16 15:24:00,3.85,3.9,3.8,3.85,106300,5242650,21300.0,PE
2024-01-16 15:25:00,3.85,3.95,3.7,3.75,196850,5242650,21300.0,PE
2024-01-16 15:26:00,3.7,3.8,3.7,3.7,180900,5242650,21300.0,PE
2024-01-16 15:27:00,3.7,3.95,3.7,3.9,133500,5132650,21300.0,PE
2024-01-16 15:28:00,3.9,3.95,3.8,3.85,112000,5132650,21300.0,PE
2024-01-16 15:29:00,3.8,3.9,3.55,3.9,165050,5132650,21300.0,PE
2024-01-16 15:30:00,3.9,3.9,3.9,3.9,500,5132650,21300.0,PE
2024-01-17 09:15:00,16.5,22.45,11.45,12.1,1091553,5074050,21300.0,PE
2024-01-17 09:16:00,12.0,12.15,7.95,7.95,769550,5074050,21300.0,PE
2024-01-17 09:17:00,7.8,7.85,7.2,7.75,939850,4818550,21300.0,PE
2024-01-17 09:18:00,7.75,8.45,7.65,8.4,980700,4818550,21300.0,PE
2024-01-17 09:19:00,8.25,8.35,7.9,7.9,556800,4818550,21300.0,PE
2024-01-17 09:20:00,7.85,8.5,7.85,8.3,322600,4400700,21300.0,PE
2024-01-17 09:21:00,8.3,8.35,7.15,7.25,518450,4400700,21300.0,PE
2024-01-17 09:22:00,7.1,7.25,7.1,7.25,342450,4400700,21300.0,PE
2024-01-17 09:23:00,7.3,7.8,7.3,7.35,520550,4278600,21300.0,PE
2024-01-17 09:24:00,7.3,7.4,7.0,7.3,349700,4278600,21300.0,PE
2024-01-17 09:25:00,7.35,7.95,7.05,7.95,601250,4278600,21300.0,PE
2024-01-17 09:26:00,8.0,8.25,7.8,8.0,1030500,4625700,21300.0,PE
2024-01-17 09:27:00,7.95,8.15,7.8,7.85,485250,4625700,21300.0,PE
2024-01-17 09:28:00,7.8,7.8,7.1,7.3,408500,4625700,21300.0,PE
2024-01-17 09:29:00,7.3,7.95,7.2,7.75,534500,4563850,21300.0,PE
2024-01-17 09:30:00,7.75,8.0,7.5,7.65,672250,4563850,21300.0,PE
2024-01-17 09:31:00,7.65,7.7,7.15,7.35,712000,4563850,21300.0,PE
2024-01-17 09:32:00,7.3,7.3,6.75,6.95,642450,4240550,21300.0,PE
2024-01-17 09:33:00,7.05,7.15,6.85,7.1,432800,4240550,21300.0,PE
2024-01-17 09:34:00,7.05,7.1,6.1,6.15,329250,4240550,21300.0,PE
2024-01-17 09:35:00,6.25,6.25,5.65,5.85,330150,4124950,21300.0,PE
2024-01-17 09:36:00,5.8,6.45,5.8,6.4,242300,4124950,21300.0,PE
2024-01-17 09:37:00,6.4,6.6,5.9,6.1,148450,4124950,21300.0,PE
2024-01-17 09:38:00,6.05,6.25,5.9,6.0,151850,4154250,21300.0,PE
2024-01-17 09:39:00,6.0,6.1,5.7,5.8,244750,4154250,21300.0,PE
2024-01-17 09:40:00,5.75,5.75,5.2,5.3,518900,4154250,21300.0,PE
2024-01-17 09:41:00,5.3,5.35,4.95,4.95,204650,3966450,21300.0,PE
2024-01-17 09:42:00,4.95,5.1,4.9,4.95,125200,3966450,21300.0,PE
2024-01-17 09:43:00,4.9,4.95,4.65,4.7,120700,3966450,21300.0,PE
2024-01-17 09:44:00,4.7,4.9,4.65,4.8,206350,3936300,21300.0,PE
2024-01-17 09:45:00,4.7,4.85,4.6,4.7,108900,3936300,21300.0,PE
2024-01-17 09:46:00,4.65,4.7,4.55,4.55,128900,3936300,21300.0,PE
2024-01-17 09:47:00,4.55,4.6,4.3,4.35,109950,3949900,21300.0,PE
2024-01-17 09:48:00,4.3,4.35,3.95,3.95,240850,3949900,21300.0,PE
2024-01-17 09:49:00,3.9,3.95,3.85,3.95,531050,3949900,21300.0,PE
2024-01-17 09:50:00,3.95,3.95,3.9,3.9,50100,4039550,21300.0,PE
2024-01-17 09:51:00,3.9,3.9,3.65,3.7,98350,4039550,21300.0,PE
2024-01-17 09:52:00,3.75,4.1,3.7,4.1,150750,4039550,21300.0,PE
2024-01-17 09:53:00,4.1,4.45,4.05,4.35,316850,4043750,21300.0,PE
2024-01-17 09:54:00,4.35,4.4,4.0,4.0,181600,4043750,21300.0,PE
2024-01-17 09:55:00,4.0,4.05,3.7,3.9,207050,4043750,21300.0,PE
2024-01-17 09:56:00,3.95,4.2,3.85,4.2,234250,3944000,21300.0,PE
2024-01-17 09:57:00,4.15,4.25,3.9,4.05,294450,3944000,21300.0,PE
2024-01-17 09:58:00,4.05,4.15,3.65,3.7,217300,3944000,21300.0,PE
2024-01-17 09:59:00,3.7,3.75,3.4,3.75,249400,4042450,21300.0,PE
2024-01-17 10:00:00,3.75,3.95,3.7,3.85,351350,4042450,21300.0,PE
2024-01-17 10:01:00,3.9,4.0,3.8,3.95,238650,4042450,21300.0,PE
2024-01-17 10:02:00,3.9,4.0,3.85,4.0,103900,4032800,21300.0,PE
2024-01-17 10:03:00,4.0,4.0,3.8,3.85,76150,4032800,21300.0,PE
2024-01-17 10:04:00,3.9,3.9,3.55,3.65,78200,4032800,21300.0,PE
2024-01-17 10:05:00,3.75,4.05,3.6,3.95,140800,4002900,21300.0,PE
2024-01-17 10:06:00,4.0,4.1,3.85,4.1,92700,4002900,21300.0,PE
2024-01-17 10:07:00,4.2,4.3,3.75,3.75,312350,4002900,21300.0,PE
2024-01-17 10:08:00,3.85,4.0,3.75,3.95,115200,3993100,21300.0,PE
2024-01-17 10:09:00,3.95,4.0,3.8,3.9,60850,3993100,21300.0,PE
2024-01-17 10:10:00,3.95,4.3,3.9,4.2,146200,3993100,21300.0,PE
2024-01-17 10:11:00,4.1,4.15,3.95,4.0,105100,3964550,21300.0,PE
2024-01-17 10:12:00,4.0,4.1,3.95,4.0,106750,3964550,21300.0,PE
2024-01-17 10:13:00,3.95,4.0,3.95,3.95,85700,3964550,21300.0,PE
2024-01-17 10:14:00,3.95,4.05,3.9,4.0,108550,4003900,21300.0,PE
2024-01-17 10:15:00,4.0,4.15,3.95,4.0,79200,4003900,21300.0,PE
2024-01-17 10:16:00,4.05,4.2,4.05,4.05,133850,4003900,21300.0,PE
2024-01-17 10:17:00,4.1,4.1,3.95,4.05,87450,4009050,21300.0,PE
2024-01-17 10:18:00,4.05,4.1,4.0,4.1,77850,4009050,21300.0,PE
2024-01-17 10:19:00,4.1,4.1,4.0,4.05,103350,4009050,21300.0,PE
2024-01-17 10:20:00,4.05,4.15,4.0,4.05,128350,3971600,21300.0,PE
2024-01-17 10:21:00,4.05,4.1,4.0,4.0,89600,3971600,21300.0,PE
2024-01-17 10:22:00,4.05,4.1,3.95,4.05,60000,3971600,21300.0,PE
2024-01-17 10:23:00,4.0,4.15,3.95,4.0,101050,3949700,21300.0,PE
2024-01-17 10:24:00,4.0,4.1,3.95,4.0,57200,3949700,21300.0,PE
2024-01-17 10:25:00,4.05,4.1,3.95,4.05,51700,3949700,21300.0,PE
2024-01-17 10:26:00,4.05,4.15,4.0,4.15,101950,3920950,21300.0,PE
2024-01-17 10:27:00,4.15,4.4,3.95,4.15,222650,3920950,21300.0,PE
2024-01-17 10:28:00,4.1,4.15,3.95,4.0,288300,3920950,21300.0,PE
2024-01-17 10:29:00,4.1,4.1,3.95,3.95,90050,4053050,21300.0,PE
2024-01-17 10:30:00,4.0,4.0,3.8,3.8,212600,4053050,21300.0,PE
2024-01-17 10:31:00,3.8,3.9,3.7,3.9,129600,4053050,21300.0,PE
2024-01-17 10:32:00,3.85,3.9,3.75,3.75,52650,4131500,21300.0,PE
2024-01-17 10:33:00,3.8,3.8,3.7,3.8,68900,4131500,21300.0,PE
2024-01-17 10:34:00,3.75,3.8,3.65,3.75,69250,4131500,21300.0,PE
2024-01-17 10:35:00,3.75,4.05,3.7,3.95,108350,4142400,21300.0,PE
2024-01-17 10:36:00,3.95,4.05,3.9,4.0,137700,4142400,21300.0,PE
2024-01-17 10:37:00,4.0,4.65,4.0,4.5,503050,4142400,21300.0,PE
2024-01-17 10:38:00,4.45,4.9,4.45,4.8,203500,4168000,21300.0,PE
2024-01-17 10:39:00,4.85,4.95,4.4,4.65,246950,4168000,21300.0,PE
2024-01-17 10:40:00,4.65,4.7,4.4,4.5,211700,4168000,21300.0,PE
2024-01-17 10:41:00,4.45,4.5,4.25,4.45,100050,4169350,21300.0,PE
2024-01-17 10:42:00,4.45,4.55,4.35,4.5,93000,4169350,21300.0,PE
2024-01-17 10:43:00,4.4,4.95,4.4,4.9,182100,4169350,21300.0,PE
2024-01-17 10:44:00,4.9,4.95,4.45,4.6,283550,4142450,21300.0,PE
2024-01-17 10:45:00,4.55,5.0,4.55,4.65,179150,4142450,21300.0,PE
2024-01-17 10:46:00,4.65,4.8,4.6,4.7,176900,4142450,21300.0,PE
2024-01-17 10:47:00,4.75,4.9,4.75,4.75,74800,4174050,21300.0,PE
2024-01-17 10:48:00,4.75,4.8,4.45,4.45,123700,4174050,21300.0,PE
2024-01-17 10:49:00,4.5,4.65,4.3,4.65,273000,4174050,21300.0,PE
2024-01-17 10:50:00,4.6,4.65,4.4,4.6,68200,4270800,21300.0,PE
2024-01-17 10:51:00,4.7,4.7,4.5,4.65,93000,4270800,21300.0,PE
2024-01-17 10:52:00,4.7,4.75,4.6,4.7,66500,4270800,21300.0,PE
2024-01-17 10:53:00,4.7,4.75,4.55,4.6,108200,4265400,21300.0,PE
2024-01-17 10:54:00,4.6,4.75,4.55,4.7,87250,4265400,21300.0,PE
2024-01-17 10:55:00,4.7,4.9,4.7,4.7,60700,4265400,21300.0,PE
2024-01-17 10:56:00,4.7,4.95,4.6,4.75,95400,4277000,21300.0,PE
2024-01-17 10:57:00,4.8,5.05,4.8,5.05,110250,4277000,21300.0,PE
2024-01-17 10:58:00,5.05,5.1,4.9,4.95,103600,4277000,21300.0,PE
2024-01-17 10:59:00,5.0,5.15,4.95,5.1,137550,4240950,21300.0,PE
2024-01-17 11:00:00,5.05,5.1,5.0,5.0,72600,4240950,21300.0,PE
2024-01-17 11:01:00,5.05,5.2,4.9,5.2,101200,4240950,21300.0,PE
2024-01-17 11:02:00,5.15,5.25,5.05,5.15,220100,4095300,21300.0,PE
2024-01-17 11:03:00,5.15,5.2,5.1,5.2,72650,4095300,21300.0,PE
2024-01-17 11:04:00,5.1,5.2,5.1,5.2,61050,4095300,21300.0,PE
2024-01-17 11:05:00,5.15,5.2,5.1,5.15,58950,4132150,21300.0,PE
2024-01-17 11:06:00,5.15,5.35,5.1,5.15,92400,4132150,21300.0,PE
2024-01-17 11:07:00,5.1,5.2,5.05,5.1,87650,4132150,21300.0,PE
2024-01-17 11:08:00,5.1,5.1,5.0,5.05,59700,4157450,21300.0,PE
2024-01-17 11:09:00,5.05,5.05,4.75,4.75,69250,4157450,21300.0,PE
2024-01-17 11:10:00,4.75,4.75,4.6,4.65,146350,4157450,21300.0,PE
2024-01-17 11:11:00,4.65,4.85,4.6,4.6,161850,4154050,21300.0,PE
2024-01-17 11:12:00,4.6,4.85,4.6,4.7,74250,4154050,21300.0,PE
2024-01-17 11:13:00,4.7,4.7,4.6,4.6,46750,4154050,21300.0,PE
2024-01-17 11:14:00,4.6,4.75,4.6,4.75,30350,4166500,21300.0,PE
2024-01-17 11:15:00,4.75,4.8,4.65,4.7,59350,4166500,21300.0,PE
2024-01-17 11:16:00,4.7,4.95,4.7,4.8,73300,4166500,21300.0,PE
2024-01-17 11:17:00,4.8,4.85,4.65,4.8,101950,4176150,21300.0,PE
2024-01-17 11:18:00,4.75,4.8,4.65,4.7,117250,4176150,21300.0,PE
2024-01-17 11:19:00,4.65,4.7,4.5,4.5,112350,4176150,21300.0,PE
2024-01-17 11:20:00,4.6,4.6,4.45,4.5,157200,4256650,21300.0,PE
2024-01-17 11:21:00,4.5,4.6,4.45,4.55,43850,4256650,21300.0,PE
2024-01-17 11:22:00,4.55,4.7,4.5,4.7,105200,4256650,21300.0,PE
2024-01-17 11:23:00,4.7,4.7,4.55,4.55,76950,4253900,21300.0,PE
2024-01-17 11:24:00,4.55,4.65,4.55,4.6,58450,4253900,21300.0,PE
2024-01-17 11:25:00,4.6,4.75,4.55,4.7,38400,4253900,21300.0,PE
2024-01-17 11:26:00,4.65,4.65,4.55,4.55,109850,4267950,21300.0,PE
2024-01-17 11:27:00,4.6,4.7,4.55,4.7,36900,4267950,21300.0,PE
2024-01-17 11:28:00,4.7,4.75,4.6,4.6,26200,4267950,21300.0,PE
2024-01-17 11:29:00,4.65,4.75,4.65,4.7,19500,4274250,21300.0,PE
2024-01-17 11:30:00,4.7,4.9,4.7,4.85,56350,4274250,21300.0,PE
2024-01-17 11:31:00,4.85,4.9,4.65,4.7,60650,4274250,21300.0,PE
2024-01-17 11:32:00,4.7,4.85,4.65,4.85,97400,4281500,21300.0,PE
2024-01-17 11:33:00,4.8,4.9,4.8,4.9,33600,4281500,21300.0,PE
2024-01-17 11:34:00,4.85,5.4,4.85,4.95,291300,4281500,21300.0,PE
2024-01-17 11:35:00,4.95,5.0,4.8,4.95,216850,4451700,21300.0,PE
2024-01-17 11:36:00,4.95,5.3,4.9,5.0,210950,4451700,21300.0,PE
2024-01-17 11:37:00,5.05,5.2,4.85,5.0,242950,4451700,21300.0,PE
2024-01-17 11:38:00,5.0,5.75,5.0,5.25,337600,4436000,21300.0,PE
2024-01-17 11:39:00,5.15,6.85,5.15,6.8,431950,4436000,21300.0,PE
2024-01-17 11:40:00,6.9,7.55,6.3,6.9,869300,4436000,21300.0,PE
2024-01-17 11:41:00,7.1,8.0,7.1,7.3,665850,4368300,21300.0,PE
2024-01-17 11:42:00,7.35,8.9,7.35,8.2,646150,4368300,21300.0,PE
2024-01-17 11:43:00,7.95,9.4,7.95,8.7,537600,4368300,21300.0,PE
2024-01-17 11:44:00,8.9,9.25,7.55,7.55,485950,4343800,21300.0,PE
2024-01-17 11:45:00,7.7,8.65,7.6,7.9,448050,4343800,21300.0,PE
2024-01-17 11:46:00,8.0,8.55,7.7,8.55,195650,4343800,21300.0,PE
2024-01-17 11:47:00,8.3,8.45,7.9,8.2,290000,4351150,21300.0,PE
2024-01-17 11:48:00,8.2,8.65,7.9,8.25,265350,4351150,21300.0,PE
2024-01-17 11:49:00,8.2,8.7,8.2,8.55,122050,4351150,21300.0,PE
2024-01-17 11:50:00,8.55,8.7,8.35,8.55,172150,4344000,21300.0,PE
2024-01-17 11:51:00,8.55,8.65,8.3,8.6,102250,4344000,21300.0,PE
2024-01-17 11:52:00,8.55,9.2,8.45,8.85,447350,4344000,21300.0,PE
2024-01-17 11:53:00,8.75,8.95,8.4,8.5,315850,4388050,21300.0,PE
2024-01-17 11:54:00,8.45,8.5,8.1,8.5,150300,4388050,21300.0,PE
2024-01-17 11:55:00,8.35,8.5,8.3,8.5,69900,4388050,21300.0,PE
2024-01-17 11:56:00,8.5,8.8,8.45,8.55,103400,4381450,21300.0,PE
2024-01-17 11:57:00,8.5,8.8,8.3,8.7,86450,4381450,21300.0,PE
2024-01-17 11:58:00,8.75,8.9,8.65,8.8,107400,4381450,21300.0,PE
2024-01-17 11:59:00,8.75,8.9,8.4,8.55,191450,4430300,21300.0,PE
2024-01-17 12:00:00,8.7,9.2,8.55,9.1,129550,4430300,21300.0,PE
2024-01-17 12:01:00,9.05,9.45,9.05,9.25,238650,4430300,21300.0,PE
2024-01-17 12:02:00,9.15,10.3,9.15,10.3,319850,4334250,21300.0,PE
2024-01-17 12:03:00,10.45,11.5,10.15,10.3,598650,4334250,21300.0,PE
2024-01-17 12:04:00,10.5,11.6,9.85,9.9,587600,4334250,21300.0,PE
2024-01-17 12:05:00,9.9,13.1,9.85,13.1,688250,4299000,21300.0,PE
2024-01-17 12:06:00,13.1,13.25,11.15,12.05,738350,4299000,21300.0,PE
2024-01-17 12:07:00,12.15,12.5,11.0,11.05,392950,4299000,21300.0,PE
2024-01-17 12:08:00,10.8,11.15,10.05,10.5,522250,4278400,21300.0,PE
2024-01-17 12:09:00,10.45,11.45,10.0,11.45,514800,4278400,21300.0,PE
2024-01-17 12:10:00,11.2,11.55,9.8,10.35,680550,4278400,21300.0,PE
2024-01-17 12:11:00,10.45,10.75,10.05,10.05,327950,4206100,21300.0,PE
2024-01-17 12:12:00,10.15,10.4,9.15,9.4,344000,4206100,21300.0,PE
2024-01-17 12:13:00,9.5,10.25,9.3,10.2,151500,4206100,21300.0,PE
2024-01-17 12:14:00,10.25,10.35,8.95,9.35,390400,4202750,21300.0,PE
2024-01-17 12:15:00,9.1,9.25,7.8,8.1,604900,4202750,21300.0,PE
2024-01-17 12:16:00,8.1,8.1,6.8,6.8,604150,4202750,21300.0,PE
2024-01-17 12:17:00,6.8,8.45,6.8,8.3,358350,4171550,21300.0,PE
2024-01-17 12:18:00,8.3,8.3,7.05,7.05,223050,4171550,21300.0,PE
2024-01-17 12:19:00,7.15,7.5,6.8,7.0,236150,4171550,21300.0,PE
2024-01-17 12:20:00,7.15,7.55,6.95,7.35,234200,4171550,21300.0,PE
2024-01-17 12:21:00,7.3,7.5,7.1,7.35,271150,4133850,21300.0,PE
2024-01-17 12:22:00,7.35,7.4,7.0,7.15,154450,4133850,21300.0,PE
2024-01-17 12:23:00,7.15,7.15,6.85,6.9,145400,4225300,21300.0,PE
2024-01-17 12:24:00,7.0,7.8,6.8,7.75,134600,4225300,21300.0,PE
2024-01-17 12:25:00,7.75,8.15,7.5,7.8,246000,4225300,21300.0,PE
2024-01-17 12:26:00,7.8,8.75,7.75,8.2,239100,4225300,21300.0,PE
2024-01-17 12:27:00,8.25,8.9,8.2,8.7,173300,4308000,21300.0,PE
2024-01-17 12:28:00,8.8,9.85,8.65,9.7,295600,4308000,21300.0,PE
2024-01-17 12:29:00,10.0,10.15,9.2,9.7,312450,4308000,21300.0,PE
2024-01-17 12:30:00,9.55,10.15,9.55,9.9,185250,4337000,21300.0,PE
2024-01-17 12:31:00,9.75,9.8,8.75,9.05,240000,4337000,21300.0,PE
2024-01-17 12:32:00,8.95,9.05,8.15,8.35,199850,4337000,21300.0,PE
2024-01-17 12:33:00,8.3,8.5,7.75,7.85,287400,4324700,21300.0,PE
2024-01-17 12:34:00,7.9,8.8,7.85,8.4,238000,4324700,21300.0,PE
2024-01-17 12:35:00,8.35,8.6,8.3,8.55,139900,4324700,21300.0,PE
2024-01-17 12:36:00,8.45,9.0,8.45,8.95,130950,4397100,21300.0,PE
2024-01-17 12:37:00,8.95,9.9,8.95,9.7,303050,4397100,21300.0,PE
2024-01-17 12:38:00,9.6,9.6,8.75,8.95,187650,4397100,21300.0,PE
2024-01-17 12:39:00,8.95,9.45,8.65,8.75,233850,4476200,21300.0,PE
2024-01-17 12:40:00,8.75,9.15,8.55,9.05,133800,4476200,21300.0,PE
2024-01-17 12:41:00,9.05,9.55,9.0,9.4,170050,4476200,21300.0,PE
2024-01-17 12:42:00,9.45,10.05,9.35,9.9,247750,4505400,21300.0,PE
2024-01-17 12:43:00,9.8,10.35,9.15,9.4,385450,4505400,21300.0,PE
2024-01-17 12:44:00,9.3,9.9,8.95,9.9,264600,4505400,21300.0,PE
2024-01-17 12:45:00,9.9,10.85,9.7,9.9,352800,4537750,21300.0,PE
2024-01-17 12:46:00,9.8,10.35,9.7,10.0,166200,4537750,21300.0,PE
2024-01-17 12:47:00,9.95,10.35,9.65,9.7,229100,4537750,21300.0,PE
2024-01-17 12:48:00,9.6,9.65,9.0,9.25,285300,4587350,21300.0,PE
2024-01-17 12:49:00,9.2,10.25,9.05,10.05,228550,4587350,21300.0,PE
2024-01-17 12:50:00,10.1,10.35,9.85,10.05,155850,4587350,21300.0,PE
2024-01-17 12:51:00,10.0,10.6,9.85,10.6,237150,4592900,21300.0,PE
2024-01-17 12:52:00,10.6,11.2,10.35,10.35,372200,4592900,21300.0,PE
2024-01-17 12:53:00,10.3,10.4,8.95,9.1,484950,4592900,21300.0,PE
2024-01-17 12:54:00,9.15,11.0,9.1,10.85,321100,4704600,21300.0,PE
2024-01-17 12:55:00,11.0,11.5,10.0,10.05,329150,4704600,21300.0,PE
2024-01-17 12:56:00,10.0,11.5,9.85,11.2,285800,4704600,21300.0,PE
2024-01-17 12:57:00,10.75,11.55,10.75,10.95,263050,4781500,21300.0,PE
2024-01-17 12:58:00,11.05,11.3,10.8,11.15,192300,4781500,21300.0,PE
2024-01-17 12:59:00,10.9,12.0,10.85,11.55,354900,4781500,21300.0,PE
2024-01-17 13:00:00,11.55,11.6,10.4,10.75,366550,4807150,21300.0,PE
2024-01-17 13:01:00,10.9,10.9,9.25,9.4,490900,4807150,21300.0,PE
2024-01-17 13:02:00,9.35,9.55,8.75,9.55,444650,4807150,21300.0,PE
2024-01-17 13:03:00,9.5,10.4,9.5,9.6,321100,4809100,21300.0,PE
2024-01-17 13:04:00,9.6,9.65,9.0,9.6,263000,4809100,21300.0,PE
2024-01-17 13:05:00,9.7,9.7,9.1,9.35,133250,4809100,21300.0,PE
2024-01-17 13:06:00,9.35,10.2,9.25,9.75,151000,4844450,21300.0,PE
2024-01-17 13:07:00,9.7,9.75,9.05,9.7,152800,4844450,21300.0,PE
2024-01-17 13:08:00,9.6,10.15,9.6,9.8,153450,4844450,21300.0,PE
2024-01-17 13:09:00,9.85,10.05,9.6,9.75,133000,4828100,21300.0,PE
2024-01-17 13:10:00,9.75,10.4,9.35,10.35,179550,4828100,21300.0,PE
2024-01-17 13:11:00,10.15,11.0,10.15,10.95,241800,4828100,21300.0,PE
2024-01-17 13:12:00,10.8,11.85,10.75,11.85,350400,4829650,21300.0,PE
2024-01-17 13:13:00,11.6,11.95,10.75,11.2,321250,4829650,21300.0,PE
2024-01-17 13:14:00,11.15,11.8,11.15,11.3,186350,4829650,21300.0,PE
2024-01-17 13:15:00,10.95,12.05,10.75,11.45,305450,4857450,21300.0,PE
2024-01-17 13:16:00,11.25,11.25,9.95,11.0,393400,4857450,21300.0,PE
2024-01-17 13:17:00,11.1,11.45,10.65,11.05,156350,4857450,21300.0,PE
2024-01-17 13:18:00,11.1,11.1,9.95,10.3,181600,4865900,21300.0,PE
2024-01-17 13:19:00,10.2,11.4,10.2,11.4,175050,4865900,21300.0,PE
2024-01-17 13:20:00,11.5,11.65,10.95,10.95,120050,4865900,21300.0,PE
2024-01-17 13:21:00,10.85,11.6,10.55,11.45,159550,4874750,21300.0,PE
2024-01-17 13:22:00,11.5,11.65,10.8,10.8,160500,4874750,21300.0,PE
2024-01-17 13:23:00,10.75,11.0,10.65,11.0,133000,4874750,21300.0,PE
2024-01-17 13:24:00,10.9,11.3,10.4,10.8,205450,4861700,21300.0,PE
2024-01-17 13:25:00,10.85,11.25,10.45,10.95,177350,4861700,21300.0,PE
2024-01-17 13:26:00,10.9,11.0,10.45,10.65,146950,4861700,21300.0,PE
2024-01-17 13:27:00,10.45,10.85,10.0,10.8,176550,4896900,21300.0,PE
2024-01-17 13:28:00,10.5,10.65,10.05,10.05,100400,4896900,21300.0,PE
2024-01-17 13:29:00,10.05,10.45,9.7,10.45,190350,4896900,21300.0,PE
2024-01-17 13:30:00,10.35,11.15,10.2,11.0,190550,4859450,21300.0,PE
2024-01-17 13:31:00,11.05,11.2,10.75,11.15,160000,4859450,21300.0,PE
2024-01-17 13:32:00,10.9,11.2,10.45,10.6,133950,4859450,21300.0,PE
2024-01-17 13:33:00,10.45,11.0,10.4,10.65,143000,4857750,21300.0,PE
2024-01-17 13:34:00,10.6,11.05,10.4,10.8,157200,4857750,21300.0,PE
2024-01-17 13:35:00,10.8,11.15,10.6,10.8,135050,4857750,21300.0,PE
2024-01-17 13:36:00,10.95,11.25,10.8,11.25,108150,4830500,21300.0,PE
2024-01-17 13:37:00,11.2,12.65,10.9,12.3,361300,4830500,21300.0,PE
2024-01-17 13:38:00,12.6,13.45,12.05,12.9,722950,4830500,21300.0,PE
2024-01-17 13:39:00,12.95,13.3,10.15,10.15,627650,4903200,21300.0,PE
2024-01-17 13:40:00,10.1,10.4,9.25,10.0,886050,4903200,21300.0,PE
2024-01-17 13:41:00,9.95,9.95,8.6,8.8,469000,4903200,21300.0,PE
2024-01-17 13:42:00,8.4,9.2,7.3,9.05,622250,4811650,21300.0,PE
2024-01-17 13:43:00,9.2,9.2,8.2,8.3,316950,4811650,21300.0,PE
2024-01-17 13:44:00,8.4,9.2,8.3,9.0,179550,4811650,21300.0,PE
2024-01-17 13:45:00,9.1,9.25,8.65,9.25,164750,4679900,21300.0,PE
2024-01-17 13:46:00,9.45,9.7,9.05,9.05,179550,4679900,21300.0,PE
2024-01-17 13:47:00,9.05,9.45,8.95,9.35,164450,4679900,21300.0,PE
2024-01-17 13:48:00,9.2,9.45,9.0,9.15,103050,4613700,21300.0,PE
2024-01-17 13:49:00,9.25,9.3,8.5,8.65,247400,4613700,21300.0,PE
2024-01-17 13:50:00,8.6,8.65,7.0,7.0,437700,4613700,21300.0,PE
2024-01-17 13:51:00,7.0,7.3,6.25,7.3,368150,4638750,21300.0,PE
2024-01-17 13:52:00,7.25,7.6,7.15,7.3,283100,4638750,21300.0,PE
2024-01-17 13:53:00,7.25,7.6,7.05,7.45,265400,4638750,21300.0,PE
2024-01-17 13:54:00,7.35,8.0,7.35,7.8,251450,4565350,21300.0,PE
2024-01-17 13:55:00,7.8,7.95,7.65,7.85,189150,4565350,21300.0,PE
2024-01-17 13:56:00,7.8,8.3,7.75,8.3,139850,4565350,21300.0,PE
2024-01-17 13:57:00,8.1,8.15,7.7,7.7,138150,4604850,21300.0,PE
2024-01-17 13:58:00,7.8,8.85,7.75,8.75,118700,4604850,21300.0,PE
2024-01-17 13:59:00,8.75,8.9,8.5,8.55,191250,4604850,21300.0,PE
2024-01-17 14:00:00,8.5,8.55,7.7,8.55,241950,4639250,21300.0,PE
2024-01-17 14:01:00,8.55,8.85,8.3,8.5,119050,4639250,21300.0,PE
2024-01-17 14:02:00,8.4,8.45,8.05,8.2,83400,4639250,21300.0,PE
2024-01-17 14:03:00,8.25,8.85,8.25,8.65,65800,4667700,21300.0,PE
2024-01-17 14:04:00,8.55,9.75,8.55,9.1,333000,4667700,21300.0,PE
2024-01-17 14:05:00,9.1,9.25,7.95,8.05,260600,4667700,21300.0,PE
2024-01-17 14:06:00,7.95,8.1,7.4,7.55,259700,4643550,21300.0,PE
2024-01-17 14:07:00,7.75,7.9,7.2,7.45,186600,4643550,21300.0,PE
2024-01-17 14:08:00,7.4,7.75,7.3,7.4,131000,4643550,21300.0,PE
2024-01-17 14:09:00,7.5,7.8,7.15,7.8,195050,4649200,21300.0,PE
2024-01-17 14:10:00,7.7,8.0,7.65,7.7,132650,4649200,21300.0,PE
2024-01-17 14:11:00,7.7,7.8,7.3,7.5,79250,4649200,21300.0,PE
2024-01-17 14:12:00,7.55,7.85,7.4,7.75,95750,4652050,21300.0,PE
2024-01-17 14:13:00,7.75,7.85,7.5,7.55,66150,4652050,21300.0,PE
2024-01-17 14:14:00,7.5,7.55,7.0,7.1,162950,4652050,21300.0,PE
2024-01-17 14:15:00,7.0,7.2,6.75,7.15,195800,4654200,21300.0,PE
2024-01-17 14:16:00,7.1,7.7,6.95,7.3,173650,4654200,21300.0,PE
2024-01-17 14:17:00,7.35,8.15,7.15,8.1,152850,4654200,21300.0,PE
2024-01-17 14:18:00,8.1,8.15,7.45,7.55,134200,4659700,21300.0,PE
2024-01-17 14:19:00,7.55,8.3,7.55,7.75,152300,4659700,21300.0,PE
2024-01-17 14:20:00,7.75,8.85,7.7,8.8,195150,4659700,21300.0,PE
2024-01-17 14:21:00,8.85,9.0,8.0,8.7,291300,4662950,21300.0,PE
2024-01-17 14:22:00,8.6,8.65,8.0,8.6,282700,4662950,21300.0,PE
2024-01-17 14:23:00,8.55,8.65,8.05,8.25,111800,4662950,21300.0,PE
2024-01-17 14:24:00,8.15,8.85,8.15,8.85,146850,4702600,21300.0,PE
2024-01-17 14:25:00,8.75,9.4,8.05,9.3,204000,4702600,21300.0,PE
2024-01-17 14:26:00,9.6,9.7,9.05,9.2,337900,4702600,21300.0,PE
2024-01-17 14:27:00,9.25,9.9,8.65,9.85,560100,4702100,21300.0,PE
2024-01-17 14:28:00,9.75,10.4,9.5,10.15,659350,4702100,21300.0,PE
2024-01-17 14:29:00,10.35,10.6,9.4,10.5,642350,4702100,21300.0,PE
2024-01-17 14:30:00,10.3,10.5,9.3,9.9,557700,4718850,21300.0,PE
2024-01-17 14:31:00,10.1,11.55,9.8,11.3,569100,4718850,21300.0,PE
2024-01-17 14:32:00,11.35,11.35,8.75,9.0,758750,4718850,21300.0,PE
2024-01-17 14:33:00,9.05,10.55,8.85,10.55,423350,4782650,21300.0,PE
2024-01-17 14:34:00,10.3,10.35,9.2,9.55,383150,4782650,21300.0,PE
2024-01-17 14:35:00,9.45,10.0,9.05,9.25,274900,4782650,21300.0,PE
2024-01-17 14:36:00,9.45,9.9,9.3,9.65,258900,4765700,21300.0,PE
2024-01-17 14:37:00,9.9,10.25,9.4,10.25,261900,4765700,21300.0,PE
2024-01-17 14:38:00,10.2,10.45,9.5,9.95,319350,4765700,21300.0,PE
2024-01-17 14:39:00,9.8,10.6,9.8,10.3,194200,4788050,21300.0,PE
2024-01-17 14:40:00,10.4,10.65,9.9,10.65,242100,4788050,21300.0,PE
2024-01-17 14:41:00,10.6,12.5,10.6,12.35,579500,4788050,21300.0,PE
2024-01-17 14:42:00,12.85,13.9,10.05,11.2,1272600,4686800,21300.0,PE
2024-01-17 14:43:00,11.05,12.75,11.05,12.75,1233100,4686800,21300.0,PE
2024-01-17 14:44:00,12.65,12.9,11.8,12.3,685950,4686800,21300.0,PE
2024-01-17 14:45:00,12.1,13.45,11.95,13.25,669150,4903900,21300.0,PE
2024-01-17 14:46:00,13.2,13.5,11.7,11.7,782700,4903900,21300.0,PE
2024-01-17 14:47:00,11.6,12.3,11.25,12.2,722100,4903900,21300.0,PE
2024-01-17 14:48:00,12.2,12.6,11.55,12.25,454400,5003200,21300.0,PE
2024-01-17 14:49:00,12.5,13.95,12.25,13.85,515150,5003200,21300.0,PE
2024-01-17 14:50:00,13.95,14.1,11.1,11.25,748650,5003200,21300.0,PE
2024-01-17 14:51:00,11.1,12.8,11.1,12.35,453300,4996450,21300.0,PE
2024-01-17 14:52:00,12.75,12.85,12.0,12.25,351450,4996450,21300.0,PE
2024-01-17 14:53:00,12.3,12.5,11.65,11.8,339700,4996450,21300.0,PE
2024-01-17 14:54:00,12.0,12.3,11.15,12.25,435650,5014600,21300.0,PE
2024-01-17 14:55:00,12.35,12.35,11.6,12.15,257100,5014600,21300.0,PE
2024-01-17 14:56:00,12.1,12.15,11.25,11.9,300750,5014600,21300.0,PE
2024-01-17 14:57:00,12.1,12.5,11.5,12.2,314850,5079750,21300.0,PE
2024-01-17 14:58:00,12.3,13.1,12.0,12.6,382850,5079750,21300.0,PE
2024-01-17 14:59:00,12.7,12.8,11.85,12.6,415350,5079750,21300.0,PE
2024-01-17 15:00:00,12.5,12.9,11.5,12.6,649550,5106050,21300.0,PE
2024-01-17 15:01:00,11.85,12.75,11.85,12.75,610450,5106050,21300.0,PE
2024-01-17 15:02:00,12.7,13.2,11.75,12.15,658600,5106050,21300.0,PE
2024-01-17 15:03:00,12.05,12.25,11.25,12.15,451550,5061650,21300.0,PE
2024-01-17 15:04:00,12.05,12.65,11.75,12.0,387600,5061650,21300.0,PE
2024-01-17 15:05:00,12.2,12.2,11.2,12.15,524450,5061650,21300.0,PE
2024-01-17 15:06:00,12.0,13.0,11.85,12.85,516750,4999800,21300.0,PE
2024-01-17 15:07:00,12.85,13.0,11.9,11.9,507100,4999800,21300.0,PE
2024-01-17 15:08:00,11.95,12.1,11.35,11.65,484950,4999800,21300.0,PE
2024-01-17 15:09:00,11.8,11.8,11.05,11.5,354700,5009250,21300.0,PE
2024-01-17 15:10:00,11.45,11.45,10.8,11.15,503900,5009250,21300.0,PE
2024-01-17 15:11:00,11.25,11.25,10.0,10.25,754100,5009250,21300.0,PE
2024-01-17 15:12:00,10.2,10.2,8.45,9.8,808800,4962400,21300.0,PE
2024-01-17 15:13:00,9.7,10.65,9.3,9.55,616850,4962400,21300.0,PE
2024-01-17 15:14:00,9.55,10.55,9.5,10.45,702750,4962400,21300.0,PE
2024-01-17 15:15:00,9.95,10.65,9.65,10.5,627800,5005200,21300.0,PE
2024-01-17 15:16:00,10.5,10.8,10.2,10.5,735350,5005200,21300.0,PE
2024-01-17 15:17:00,10.45,11.0,10.4,10.95,774550,5005200,21300.0,PE
2024-01-17 15:18:00,11.0,11.8,10.75,11.5,742750,5150350,21300.0,PE
2024-01-17 15:19:00,11.5,12.2,11.25,12.05,684950,5150350,21300.0,PE
2024-01-17 15:20:00,12.1,12.2,11.8,12.15,471250,5150350,21300.0,PE
2024-01-17 15:21:00,12.05,12.25,11.45,11.6,435450,5357650,21300.0,PE
2024-01-17 15:22:00,11.6,12.05,11.35,11.95,579100,5357650,21300.0,PE
2024-01-17 15:23:00,12.0,12.65,11.95,12.5,637450,5357650,21300.0,PE
2024-01-17 15:24:00,12.55,12.75,12.35,12.4,746500,5475350,21300.0,PE
2024-01-17 15:25:00,12.4,12.9,12.3,12.8,1070250,5475350,21300.0,PE
2024-01-17 15:26:00,12.85,13.25,12.65,13.25,710250,5475350,21300.0,PE
2024-01-17 15:27:00,13.25,13.8,13.2,13.65,678800,5495400,21300.0,PE
2024-01-17 15:28:00,13.65,13.8,13.4,13.6,846650,5495400,21300.0,PE
2024-01-17 15:29:00,13.55,14.9,13.55,14.0,841000,5495400,21300.0,PE
2024-01-17 15:30:00,14.25,14.25,14.25,14.25,2300,5495400,21300.0,PE
2024-01-18 09:15:00,30.0,35.0,15.05,18.15,5725303,5393400,21300.0,PE
2024-01-18 09:16:00,17.9,25.35,17.75,24.2,5692850,5393400,21300.0,PE
2024-01-18 09:17:00,23.8,24.65,17.55,18.85,4803900,6803700,21300.0,PE
2024-01-18 09:18:00,18.8,19.55,17.15,18.5,4519100,6803700,21300.0,PE
2024-01-18 09:19:00,18.5,19.85,17.95,19.55,3180150,6803700,21300.0,PE
2024-01-18 09:20:00,18.85,19.55,17.05,17.05,3555550,8471950,21300.0,PE
2024-01-18 09:21:00,17.1,18.05,16.85,17.55,3101250,8471950,21300.0,PE
2024-01-18 09:22:00,17.65,18.2,16.75,17.15,2380750,8471950,21300.0,PE
2024-01-18 09:23:00,17.55,18.4,16.95,16.95,2665000,9361350,21300.0,PE
2024-01-18 09:24:00,16.8,17.8,15.75,15.75,3077900,9361350,21300.0,PE
2024-01-18 09:25:00,15.6,17.15,15.6,16.3,2525900,9361350,21300.0,PE
2024-01-18 09:26:00,16.05,21.4,16.0,18.95,4985700,10141750,21300.0,PE
2024-01-18 09:27:00,19.0,19.95,17.2,17.2,3271400,10141750,21300.0,PE
2024-01-18 09:28:00,17.25,19.0,16.95,19.0,2092700,10141750,21300.0,PE
2024-01-18 09:29:00,18.45,19.85,17.75,17.8,2708450,10362850,21300.0,PE
2024-01-18 09:30:00,18.1,20.1,17.45,20.1,2371650,10362850,21300.0,PE
2024-01-18 09:31:00,20.25,22.35,18.75,18.75,3855200,10362850,21300.0,PE
2024-01-18 09:32:00,18.7,22.8,18.55,21.05,3331000,10683750,21300.0,PE
2024-01-18 09:33:00,20.9,22.2,20.45,20.8,3275000,10683750,21300.0,PE
2024-01-18 09:34:00,20.8,22.1,20.35,20.45,2240100,10683750,21300.0,PE
2024-01-18 09:35:00,20.6,24.8,20.5,23.95,4853800,11234550,21300.0,PE
2024-01-18 09:36:00,23.65,34.3,23.65,31.3,10842000,11234550,21300.0,PE
2024-01-18 09:37:00,32.8,32.85,30.95,32.05,6375300,11234550,21300.0,PE
2024-01-18 09:38:00,32.65,33.2,27.45,29.95,6174000,10627150,21300.0,PE
2024-01-18 09:39:00,30.15,32.5,29.55,30.4,3631750,10627150,21300.0,PE
2024-01-18 09:40:00,31.75,32.15,30.65,31.05,3615550,10627150,21300.0,PE
2024-01-18 09:41:00,30.95,31.35,29.45,29.8,3072700,11927300,21300.0,PE
2024-01-18 09:42:00,29.4,30.3,26.6,28.95,4205900,11927300,21300.0,PE
2024-01-18 09:43:00,29.7,31.45,29.0,30.05,2358000,11927300,21300.0,PE
2024-01-18 09:44:00,30.0,30.85,28.5,29.85,2474150,12562850,21300.0,PE
2024-01-18 09:45:00,29.65,30.15,28.25,28.8,2091150,12562850,21300.0,PE
2024-01-18 09:46:00,29.3,36.5,28.75,36.5,4359150,12562850,21300.0,PE
2024-01-18 09:47:00,38.0,38.0,33.05,34.9,7033050,12237000,21300.0,PE
2024-01-18 09:48:00,35.25,39.0,33.75,36.65,5503050,12237000,21300.0,PE
2024-01-18 09:49:00,36.9,37.55,35.2,36.4,4097600,12237000,21300.0,PE
2024-01-18 09:50:00,36.35,39.5,36.35,37.75,5198100,13335700,21300.0,PE
2024-01-18 09:51:00,37.35,44.9,37.35,42.8,8513400,13335700,21300.0,PE
2024-01-18 09:52:00,43.35,61.0,43.1,57.35,11306400,13335700,21300.0,PE
2024-01-18 09:53:00,55.75,55.75,48.15,52.5,7885400,11823150,21300.0,PE
2024-01-18 09:54:00,53.4,53.9,47.6,50.35,5261850,11823150,21300.0,PE
2024-01-18 09:55:00,51.25,54.7,49.75,51.55,5329500,11823150,21300.0,PE
2024-01-18 09:56:00,52.4,58.9,50.05,58.4,5803750,13135200,21300.0,PE
2024-01-18 09:57:00,58.3,67.0,57.05,64.15,9510850,13135200,21300.0,PE
2024-01-18 09:58:00,64.1,64.7,60.05,63.75,4984100,13135200,21300.0,PE
2024-01-18 09:59:00,63.35,63.85,58.9,61.2,3995350,12942400,21300.0,PE
2024-01-18 10:00:00,60.8,60.8,49.05,50.05,6897950,12942400,21300.0,PE
2024-01-18 10:01:00,50.25,50.25,42.0,47.15,6997200,12942400,21300.0,PE
2024-01-18 10:02:00,47.6,51.45,45.05,45.1,4458150,14550450,21300.0,PE
2024-01-18 10:03:00,44.45,48.1,43.2,44.9,4197900,14550450,21300.0,PE
2024-01-18 10:04:00,45.0,48.05,43.6,44.7,3088300,14550450,21300.0,PE
2024-01-18 10:05:00,44.8,45.8,42.75,43.05,2595550,16289400,21300.0,PE
2024-01-18 10:06:00,42.85,42.85,35.0,35.0,6524550,16289400,21300.0,PE
2024-01-18 10:07:00,35.25,37.15,27.45,34.1,10881850,16289400,21300.0,PE
2024-01-18 10:08:00,33.8,34.0,28.7,29.1,4743750,17042900,21300.0,PE
2024-01-18 10:09:00,28.7,28.7,17.95,17.95,9918500,17042900,21300.0,PE
2024-01-18 10:10:00,17.05,20.4,13.8,20.1,10377750,17042900,21300.0,PE
2024-01-18 10:11:00,20.2,29.5,19.9,23.85,8580100,17325900,21300.0,PE
2024-01-18 10:12:00,22.25,24.65,20.55,21.95,5323700,17325900,21300.0,PE
2024-01-18 10:13:00,22.0,25.9,21.75,24.35,4904700,17325900,21300.0,PE
2024-01-18 10:14:00,24.55,27.0,23.05,24.5,4934700,18361200,21300.0,PE
2024-01-18 10:15:00,24.3,31.7,23.95,30.0,6277300,18361200,21300.0,PE
2024-01-18 10:16:00,30.15,33.3,29.9,32.1,5510700,18361200,21300.0,PE
2024-01-18 10:17:00,31.55,32.05,26.4,26.5,4692150,18574900,21300.0,PE
2024-01-18 10:18:00,26.6,28.55,26.1,27.45,3437350,18574900,21300.0,PE
2024-01-18 10:19:00,27.85,28.45,25.2,25.2,2406500,18574900,21300.0,PE
2024-01-18 10:20:00,25.5,26.65,21.45,21.45,4601050,19222850,21300.0,PE
2024-01-18 10:21:00,21.05,23.1,18.4,19.1,5556500,19222850,21300.0,PE
2024-01-18 10:22:00,19.85,20.85,19.15,19.2,3417350,19222850,21300.0,PE
2024-01-18 10:23:00,19.65,20.45,18.95,19.65,2508650,19956300,21300.0,PE
2024-01-18 10:24:00,19.95,22.7,19.95,20.8,2748800,19956300,21300.0,PE
2024-01-18 10:25:00,20.0,20.2,18.75,18.8,2138900,19956300,21300.0,PE
2024-01-18 10:26:00,18.6,18.7,15.35,15.8,5465700,20789150,21300.0,PE
2024-01-18 10:27:00,15.85,17.6,15.45,16.05,3368850,20789150,21300.0,PE
2024-01-18 10:28:00,16.1,16.25,14.65,14.75,3406600,20789150,21300.0,PE
2024-01-18 10:29:00,14.4,16.25,13.7,15.95,4083150,21650100,21300.0,PE
2024-01-18 10:30:00,15.65,15.9,12.35,13.25,5209800,21650100,21300.0,PE
2024-01-18 10:31:00,13.3,13.4,12.1,12.7,4147200,21650100,21300.0,PE
2024-01-18 10:32:00,13.05,15.1,12.8,14.3,4830800,23330350,21300.0,PE
2024-01-18 10:33:00,14.1,15.55,13.6,15.55,2996950,23330350,21300.0,PE
2024-01-18 10:34:00,15.8,20.75,15.8,18.9,6889300,23330350,21300.0,PE
2024-01-18 10:35:00,18.85,20.75,16.9,18.55,4621300,23343050,21300.0,PE
2024-01-18 10:36:00,18.15,18.55,14.25,14.4,4067100,23343050,21300.0,PE
2024-01-18 10:37:00,13.75,14.6,13.1,14.15,3485950,23343050,21300.0,PE
2024-01-18 10:38:00,14.0,14.35,13.35,13.6,3166050,24065500,21300.0,PE
2024-01-18 10:39:00,13.65,13.95,12.45,13.0,3302500,24065500,21300.0,PE
2024-01-18 10:40:00,12.65,13.1,12.0,12.95,3068400,24065500,21300.0,PE
2024-01-18 10:41:00,13.2,13.95,12.5,12.7,2647150,24662800,21300.0,PE
2024-01-18 10:42:00,12.5,12.7,10.8,11.15,4311800,24662800,21300.0,PE
2024-01-18 10:43:00,11.05,12.0,10.65,11.65,3797900,24662800,21300.0,PE
2024-01-18 10:44:00,11.75,11.75,9.8,10.15,4316600,24264400,21300.0,PE
2024-01-18 10:45:00,9.75,10.15,9.1,9.8,4347400,24264400,21300.0,PE
2024-01-18 10:46:00,9.55,11.2,9.5,10.8,3064400,24264400,21300.0,PE
2024-01-18 10:47:00,11.15,11.35,8.85,8.85,3072400,24271500,21300.0,PE
2024-01-18 10:48:00,8.55,10.2,8.15,8.25,6431950,24271500,21300.0,PE
2024-01-18 10:49:00,8.4,8.4,7.35,8.05,5086100,24271500,21300.0,PE
2024-01-18 10:50:00,7.8,7.95,7.35,7.75,2694500,23787600,21300.0,PE
2024-01-18 10:51:00,7.7,9.0,7.65,8.85,2980900,23787600,21300.0,PE
2024-01-18 10:52:00,8.95,9.8,8.2,8.45,3267400,23787600,21300.0,PE
2024-01-18 10:53:00,8.25,8.45,7.95,8.2,2148300,24285700,21300.0,PE
2024-01-18 10:54:00,8.1,9.15,8.0,8.65,1916300,24285700,21300.0,PE
2024-01-18 10:55:00,8.65,10.8,8.65,10.0,3739250,24285700,21300.0,PE
2024-01-18 10:56:00,10.05,10.05,8.65,9.0,2710050,24511600,21300.0,PE
2024-01-18 10:57:00,9.1,9.5,8.9,9.2,1936750,24511600,21300.0,PE
2024-01-18 10:58:00,9.2,9.3,8.45,8.5,1873700,24511600,21300.0,PE
2024-01-18 10:59:00,8.4,8.5,7.75,7.75,2019950,24749700,21300.0,PE
2024-01-18 11:00:00,7.8,8.0,7.2,7.5,2627950,24749700,21300.0,PE
2024-01-18 11:01:00,7.45,8.8,7.45,8.8,2105550,24749700,21300.0,PE
2024-01-18 11:02:00,9.05,9.05,8.4,8.6,2127950,24866250,21300.0,PE
2024-01-18 11:03:00,8.6,9.7,8.45,9.3,2681550,24866250,21300.0,PE
2024-01-18 11:04:00,9.25,9.45,8.45,8.6,2039250,24866250,21300.0,PE
2024-01-18 11:05:00,8.45,9.25,8.4,9.05,1413400,25173600,21300.0,PE
2024-01-18 11:06:00,9.15,9.15,7.75,7.95,1812500,25173600,21300.0,PE
2024-01-18 11:07:00,7.9,8.1,7.7,7.7,2012850,25173600,21300.0,PE
2024-01-18 11:08:00,7.8,7.95,7.45,7.5,1546750,25270550,21300.0,PE
2024-01-18 11:09:00,7.45,7.45,5.4,5.55,6234100,25270550,21300.0,PE
2024-01-18 11:10:00,5.6,5.95,5.55,5.7,3615750,25270550,21300.0,PE
2024-01-18 11:11:00,5.7,5.7,5.05,5.15,3223350,24175850,21300.0,PE
2024-01-18 11:12:00,5.25,5.8,5.15,5.7,3358500,24175850,21300.0,PE
2024-01-18 11:13:00,5.8,6.1,5.35,5.55,2485450,24175850,21300.0,PE
2024-01-18 11:14:00,5.5,5.65,5.35,5.65,1779100,23838250,21300.0,PE
2024-01-18 11:15:00,5.6,6.6,5.6,6.2,3111450,23838250,21300.0,PE
2024-01-18 11:16:00,6.15,6.8,5.9,6.8,3127200,23838250,21300.0,PE
2024-01-18 11:17:00,7.05,7.3,6.15,6.55,3618250,24179450,21300.0,PE
2024-01-18 11:18:00,6.55,7.25,6.25,7.05,1891300,24179450,21300.0,PE
2024-01-18 11:19:00,7.1,7.1,6.4,6.5,2010650,24179450,21300.0,PE
2024-01-18 11:20:00,6.4,6.85,6.2,6.85,1484100,24361700,21300.0,PE
2024-01-18 11:21:00,6.8,7.25,6.7,6.7,2243600,24361700,21300.0,PE
2024-01-18 11:22:00,6.7,6.7,5.7,5.7,2730500,24361700,21300.0,PE
2024-01-18 11:23:00,5.65,5.75,5.0,5.0,3209850,24024700,21300.0,PE
2024-01-18 11:24:00,5.2,5.35,5.05,5.1,2067400,24024700,21300.0,PE
2024-01-18 11:25:00,5.05,5.35,4.85,5.3,2201400,24024700,21300.0,PE
2024-01-18 11:26:00,5.3,5.5,5.2,5.4,1306400,23962200,21300.0,PE
2024-01-18 11:27:00,5.5,5.9,5.45,5.75,1623050,23962200,21300.0,PE
2024-01-18 11:28:00,5.65,5.7,5.3,5.35,1407050,23962200,21300.0,PE
2024-01-18 11:29:00,5.35,5.5,5.2,5.2,1173900,24155550,21300.0,PE
2024-01-18 11:30:00,5.2,5.5,5.05,5.45,1374800,24155550,21300.0,PE
2024-01-18 11:31:00,5.3,5.3,4.9,5.0,1711350,24155550,21300.0,PE
2024-01-18 11:32:00,4.75,4.85,4.35,4.85,3451350,23985350,21300.0,PE
2024-01-18 11:33:00,4.95,4.95,4.5,4.75,2216750,23985350,21300.0,PE
2024-01-18 11:34:00,4.75,4.9,4.65,4.85,1056900,23985350,21300.0,PE
2024-01-18 11:35:00,4.8,5.3,4.75,5.3,2125800,23917100,21300.0,PE
2024-01-18 11:36:00,5.3,5.3,5.0,5.05,2178950,23917100,21300.0,PE
2024-01-18 11:37:00,5.05,5.55,5.05,5.3,2498400,23917100,21300.0,PE
2024-01-18 11:38:00,5.1,5.35,5.05,5.25,1541100,24165450,21300.0,PE
2024-01-18 11:39:00,5.25,5.55,5.2,5.2,1400800,24165450,21300.0,PE
2024-01-18 11:40:00,5.2,5.55,5.1,5.55,1378100,24165450,21300.0,PE
2024-01-18 11:41:00,5.5,5.85,5.25,5.85,1579700,24210350,21300.0,PE
2024-01-18 11:42:00,5.85,7.3,5.6,7.1,4205450,24210350,21300.0,PE
2024-01-18 11:43:00,7.05,7.25,5.65,5.75,3286900,24210350,21300.0,PE
2024-01-18 11:44:00,5.8,5.85,5.3,5.35,2351750,24240050,21300.0,PE
2024-01-18 11:45:00,5.35,5.7,5.3,5.6,1305750,24240050,21300.0,PE
2024-01-18 11:46:00,5.6,5.6,5.05,5.15,1828500,24240050,21300.0,PE
2024-01-18 11:47:00,5.1,5.35,4.95,5.0,1405750,24315000,21300.0,PE
2024-01-18 11:48:00,4.9,4.95,4.6,4.85,1398650,24315000,21300.0,PE
2024-01-18 11:49:00,4.85,5.15,4.7,4.9,1204800,24315000,21300.0,PE
2024-01-18 11:50:00,4.85,5.05,4.8,4.9,1242000,24253150,21300.0,PE
2024-01-18 11:51:00,4.9,4.95,4.65,4.9,1453150,24253150,21300.0,PE
2024-01-18 11:52:00,4.95,5.15,4.75,4.85,1180850,24253150,21300.0,PE
2024-01-18 11:53:00,4.75,4.8,4.45,4.5,2096450,24132700,21300.0,PE
2024-01-18 11:54:00,4.5,4.5,3.65,3.65,3290900,24132700,21300.0,PE
2024-01-18 11:55:00,3.85,3.9,3.75,3.8,1877200,24132700,21300.0,PE
2024-01-18 11:56:00,3.8,3.85,3.25,3.3,2113300,23742850,21300.0,PE
2024-01-18 11:57:00,3.25,3.3,2.9,2.95,3728700,23742850,21300.0,PE
2024-01-18 11:58:00,3.0,3.0,2.8,2.95,2711450,23742850,21300.0,PE
2024-01-18 11:59:00,3.0,3.2,2.95,3.05,3500500,22448050,21300.0,PE
2024-01-18 12:00:00,3.05,3.4,3.0,3.15,2945750,22448050,21300.0,PE
2024-01-18 12:01:00,3.15,3.35,3.1,3.3,2492900,22448050,21300.0,PE
2024-01-18 12:02:00,3.4,3.65,3.3,3.55,2226550,22326450,21300.0,PE
2024-01-18 12:03:00,3.5,3.6,3.15,3.2,1422350,22326450,21300.0,PE
2024-01-18 12:04:00,3.35,3.5,3.3,3.35,1603000,22326450,21300.0,PE
2024-01-18 12:05:00,3.3,3.55,3.25,3.45,1634100,22164850,21300.0,PE
2024-01-18 12:06:00,3.4,3.55,3.2,3.3,1775850,22164850,21300.0,PE
2024-01-18 12:07:00,3.5,3.5,3.25,3.3,1793800,22164850,21300.0,PE
2024-01-18 12:08:00,3.2,3.25,3.05,3.05,1413150,21836600,21300.0,PE
2024-01-18 12:09:00,3.05,3.1,2.75,2.8,1505000,21836600,21300.0,PE
2024-01-18 12:10:00,2.75,2.85,2.6,2.6,1377700,21836600,21300.0,PE
2024-01-18 12:11:00,2.55,2.6,2.3,2.35,2045550,21836600,21300.0,PE
2024-01-18 12:12:00,2.35,2.45,2.3,2.4,1335700,21308300,21300.0,PE
2024-01-18 12:13:00,2.4,2.4,2.25,2.3,1256450,21308300,21300.0,PE
2024-01-18 12:14:00,2.25,2.35,2.15,2.2,1911800,21308300,21300.0,PE
2024-01-18 12:15:00,2.15,2.25,2.1,2.2,1600400,20824550,21300.0,PE
2024-01-18 12:16:00,2.25,2.25,2.15,2.25,1483350,20824550,21300.0,PE
2024-01-18 12:17:00,2.25,2.25,2.2,2.2,817950,20824550,21300.0,PE
2024-01-18 12:18:00,2.25,2.35,2.2,2.3,1433950,20551300,21300.0,PE
2024-01-18 12:19:00,2.25,2.35,2.2,2.25,1532350,20551300,21300.0,PE
2024-01-18 12:20:00,2.25,2.25,2.05,2.2,1490650,20551300,21300.0,PE
2024-01-18 12:21:00,2.2,2.25,2.1,2.15,587550,20610500,21300.0,PE
2024-01-18 12:22:00,2.1,2.2,2.1,2.15,1737200,20610500,21300.0,PE
2024-01-18 12:23:00,2.15,2.2,1.95,2.0,1862650,20610500,21300.0,PE
2024-01-18 12:24:00,1.9,2.0,1.9,1.95,1915750,20671900,21300.0,PE
2024-01-18 12:25:00,1.95,1.95,1.9,1.9,768350,20671900,21300.0,PE
2024-01-18 12:26:00,1.9,1.9,1.8,1.9,1604600,20671900,21300.0,PE
2024-01-18 12:27:00,1.85,2.0,1.8,1.95,1705800,20114000,21300.0,PE
2024-01-18 12:28:00,2.0,2.15,1.95,2.05,1755600,20114000,21300.0,PE
2024-01-18 12:29:00,2.05,2.15,2.0,2.1,1576750,20114000,21300.0,PE
2024-01-18 12:30:00,2.1,2.3,2.05,2.3,2526300,19791550,21300.0,PE
2024-01-18 12:31:00,2.3,2.3,2.05,2.1,2027150,19791550,21300.0,PE
2024-01-18 12:32:00,2.15,2.25,2.15,2.25,1033450,19791550,21300.0,PE
2024-01-18 12:33:00,2.25,2.85,2.2,2.85,5635800,19815200,21300.0,PE
2024-01-18 12:34:00,2.95,4.15,2.9,4.15,7783850,19815200,21300.0,PE
2024-01-18 12:35:00,4.2,4.2,3.15,3.25,5453200,19815200,21300.0,PE
2024-01-18 12:36:00,3.3,3.5,3.1,3.45,4820100,20014550,21300.0,PE
2024-01-18 12:37:00,3.5,4.0,3.45,3.55,3100050,20014550,21300.0,PE
2024-01-18 12:38:00,3.45,3.6,3.15,3.35,2805400,20014550,21300.0,PE
2024-01-18 12:39:00,3.35,3.45,3.3,3.35,1551250,20411150,21300.0,PE
2024-01-18 12:40:00,3.35,4.05,3.3,3.35,2897100,20411150,21300.0,PE
2024-01-18 12:41:00,3.3,3.4,2.95,3.25,3017500,20411150,21300.0,PE
2024-01-18 12:42:00,3.3,4.9,3.3,4.8,4421200,20612800,21300.0,PE
2024-01-18 12:43:00,4.75,4.85,4.25,4.35,4614400,20612800,21300.0,PE
2024-01-18 12:44:00,4.45,5.0,4.3,4.8,4494450,20612800,21300.0,PE
2024-01-18 12:45:00,4.85,5.05,3.8,3.95,3982700,20895900,21300.0,PE
2024-01-18 12:46:00,3.95,4.5,3.65,4.5,2415200,20895900,21300.0,PE
2024-01-18 12:47:00,4.5,4.7,3.95,4.2,2359150,20895900,21300.0,PE
2024-01-18 12:48:00,4.15,5.5,4.05,5.15,3439100,21181100,21300.0,PE
2024-01-18 12:49:00,5.35,6.35,4.6,4.7,5826450,21181100,21300.0,PE
2024-01-18 12:50:00,4.85,4.95,3.8,4.0,4337650,21181100,21300.0,PE
2024-01-18 12:51:00,3.95,4.6,3.85,4.6,1696100,20967500,21300.0,PE
2024-01-18 12:52:00,4.55,4.8,4.05,4.05,1981200,20967500,21300.0,PE
2024-01-18 12:53:00,4.1,4.2,3.65,3.7,1961500,20967500,21300.0,PE
2024-01-18 12:54:00,3.65,4.2,3.45,4.05,2205850,21256000,21300.0,PE
2024-01-18 12:55:00,4.15,4.15,3.4,3.65,2112300,21256000,21300.0,PE
2024-01-18 12:56:00,3.65,4.0,3.45,3.9,1514850,21256000,21300.0,PE
2024-01-18 12:57:00,3.85,4.1,3.75,4.1,1285150,21273800,21300.0,PE
2024-01-18 12:58:00,4.0,4.8,3.95,4.4,2663850,21273800,21300.0,PE
2024-01-18 12:59:00,4.4,5.35,4.3,5.0,2431800,21273800,21300.0,PE
2024-01-18 13:00:00,4.95,5.2,4.45,4.5,2824400,21385600,21300.0,PE
2024-01-18 13:01:00,4.55,4.95,4.35,4.5,1541200,21385600,21300.0,PE
2024-01-18 13:02:00,4.45,4.85,4.4,4.5,1371500,21385600,21300.0,PE
2024-01-18 13:03:00,4.55,5.0,4.4,4.85,1501400,21616600,21300.0,PE
2024-01-18 13:04:00,4.85,5.05,4.65,4.7,1725500,21616600,21300.0,PE
2024-01-18 13:05:00,4.65,4.65,3.55,3.75,2369000,21616600,21300.0,PE
2024-01-18 13:06:00,3.65,4.15,3.65,4.0,1558350,21339300,21300.0,PE
2024-01-18 13:07:00,3.95,4.05,3.6,3.65,1466600,21339300,21300.0,PE
2024-01-18 13:08:00,3.65,3.7,3.35,3.45,1478250,21339300,21300.0,PE
2024-01-18 13:09:00,3.35,3.45,2.95,3.45,2482950,21342350,21300.0,PE
2024-01-18 13:10:00,3.45,3.45,2.95,3.05,1569950,21342350,21300.0,PE
2024-01-18 13:11:00,3.2,3.5,3.2,3.45,1979500,21342350,21300.0,PE
2024-01-18 13:12:00,3.4,4.0,3.4,3.75,2567250,21224000,21300.0,PE
2024-01-18 13:13:00,3.7,4.15,3.45,3.55,2541550,21224000,21300.0,PE
2024-01-18 13:14:00,3.5,3.6,3.25,3.4,1796850,21224000,21300.0,PE
2024-01-18 13:15:00,3.4,3.5,3.2,3.45,1387100,21396900,21300.0,PE
2024-01-18 13:16:00,3.4,3.45,3.15,3.3,987600,21396900,21300.0,PE
2024-01-18 13:17:00,3.25,3.85,3.25,3.7,1739150,21396900,21300.0,PE
2024-01-18 13:18:00,3.55,3.65,3.25,3.3,1295800,21367350,21300.0,PE
2024-01-18 13:19:00,3.3,3.35,3.15,3.3,1461850,21367350,21300.0,PE
2024-01-18 13:20:00,3.3,3.3,2.7,2.75,2903100,21367350,21300.0,PE
2024-01-18 13:21:00,2.75,3.0,2.7,2.9,1889000,21384900,21300.0,PE
2024-01-18 13:22:00,2.9,3.05,2.7,3.05,1509800,21384900,21300.0,PE
2024-01-18 13:23:00,3.05,3.05,2.6,2.6,1452300,21384900,21300.0,PE
2024-01-18 13:24:00,2.5,2.7,2.3,2.35,4404300,21446700,21300.0,PE
2024-01-18 13:25:00,2.35,2.6,2.35,2.5,2542200,21446700,21300.0,PE
2024-01-18 13:26:00,2.5,2.75,2.4,2.55,2078050,21446700,21300.0,PE
2024-01-18 13:27:00,2.6,2.8,2.5,2.65,2103950,21336850,21300.0,PE
2024-01-18 13:28:00,2.65,2.8,2.6,2.7,1643250,21336850,21300.0,PE
2024-01-18 13:29:00,2.75,3.35,2.7,3.2,4194500,21336850,21300.0,PE
2024-01-18 13:30:00,3.15,3.2,2.75,3.05,2205650,21229900,21300.0,PE
2024-01-18 13:31:00,3.0,3.1,2.8,2.9,1693300,21229900,21300.0,PE
2024-01-18 13:32:00,3.0,3.35,2.85,3.3,3168400,21229900,21300.0,PE
2024-01-18 13:33:00,3.3,3.4,3.05,3.2,3997250,21145650,21300.0,PE
2024-01-18 13:34:00,3.25,3.3,2.9,2.9,1692000,21145650,21300.0,PE
2024-01-18 13:35:00,2.85,2.95,2.65,2.85,1616950,21145650,21300.0,PE
2024-01-18 13:36:00,2.75,3.0,2.75,3.0,1101500,21078050,21300.0,PE
2024-01-18 13:37:00,3.0,3.9,2.95,3.9,3744950,21078050,21300.0,PE
2024-01-18 13:38:00,3.75,4.05,3.15,3.8,3772950,21078050,21300.0,PE
2024-01-18 13:39:00,3.85,3.85,3.1,3.25,2430650,21075950,21300.0,PE
2024-01-18 13:40:00,3.25,3.6,3.2,3.3,2069200,21075950,21300.0,PE
2024-01-18 13:41:00,3.3,3.9,2.95,3.7,2877350,21075950,21300.0,PE
2024-01-18 13:42:00,3.65,4.05,3.4,3.6,3996000,21108400,21300.0,PE
2024-01-18 13:43:00,3.55,3.55,3.1,3.25,2208550,21108400,21300.0,PE
2024-01-18 13:44:00,3.2,3.45,3.1,3.45,1852650,21108400,21300.0,PE
2024-01-18 13:45:00,3.45,3.9,3.25,3.65,2226800,21494700,21300.0,PE
2024-01-18 13:46:00,3.7,3.7,3.25,3.4,1641550,21494700,21300.0,PE
2024-01-18 13:47:00,3.35,3.55,3.15,3.15,1284050,21494700,21300.0,PE
2024-01-18 13:48:00,3.2,3.4,3.0,3.2,1855150,21601350,21300.0,PE
2024-01-18 13:49:00,3.15,3.35,3.05,3.35,1125850,21601350,21300.0,PE
2024-01-18 13:50:00,3.2,3.45,3.2,3.45,1543750,21601350,21300.0,PE
2024-01-18 13:51:00,3.4,3.4,3.0,3.0,1276250,21572150,21300.0,PE
2024-01-18 13:52:00,2.9,3.15,2.8,2.95,1452550,21572150,21300.0,PE
2024-01-18 13:53:00,2.9,2.95,2.5,2.55,2189150,21572150,21300.0,PE
2024-01-18 13:54:00,2.45,2.55,2.0,2.2,4702350,21337000,21300.0,PE
2024-01-18 13:55:00,2.15,2.25,2.0,2.05,2067650,21337000,21300.0,PE
2024-01-18 13:56:00,2.1,2.15,2.0,2.1,1852400,21337000,21300.0,PE
2024-01-18 13:57:00,2.15,2.35,2.15,2.2,2097250,20681350,21300.0,PE
2024-01-18 13:58:00,2.25,2.25,1.95,2.05,1711550,20681350,21300.0,PE
2024-01-18 13:59:00,2.05,2.2,2.05,2.15,1517400,20681350,21300.0,PE
2024-01-18 14:00:00,2.1,2.55,2.1,2.55,2021350,20593500,21300.0,PE
2024-01-18 14:01:00,2.5,2.7,2.3,2.5,2937050,20593500,21300.0,PE
2024-01-18 14:02:00,2.45,2.45,2.05,2.05,1673800,20593500,21300.0,PE
2024-01-18 14:03:00,2.05,2.25,2.0,2.2,1182250,20489550,21300.0,PE
2024-01-18 14:04:00,2.15,2.4,2.05,2.3,2272050,20489550,21300.0,PE
2024-01-18 14:05:00,2.25,2.55,2.2,2.45,1821900,20489550,21300.0,PE
2024-01-18 14:06:00,2.5,2.7,2.35,2.4,2051300,20507450,21300.0,PE
2024-01-18 14:07:00,2.35,2.9,2.3,2.55,3299850,20507450,21300.0,PE
2024-01-18 14:08:00,2.55,2.7,2.35,2.6,2124700,20507450,21300.0,PE
2024-01-18 14:09:00,2.55,2.65,2.45,2.5,1092000,20646950,21300.0,PE
2024-01-18 14:10:00,2.55,2.85,2.4,2.6,2972100,20646950,21300.0,PE
2024-01-18 14:11:00,2.55,2.8,2.45,2.55,1923200,20646950,21300.0,PE
2024-01-18 14:12:00,2.6,2.65,2.1,2.2,3112800,20804100,21300.0,PE
2024-01-18 14:13:00,2.25,2.25,1.55,1.65,3316450,20804100,21300.0,PE
2024-01-18 14:14:00,1.7,1.75,1.6,1.7,2089850,20804100,21300.0,PE
2024-01-18 14:15:00,1.75,1.75,1.55,1.65,2489300,20422900,21300.0,PE
2024-01-18 14:16:00,1.65,1.65,1.35,1.45,2631750,20422900,21300.0,PE
2024-01-18 14:17:00,1.5,1.75,1.45,1.65,2716000,20422900,21300.0,PE
2024-01-18 14:18:00,1.7,1.75,1.5,1.5,3560350,19864450,21300.0,PE
2024-01-18 14:19:00,1.5,1.65,1.5,1.6,2607000,19864450,21300.0,PE
2024-01-18 14:20:00,1.55,1.7,1.55,1.55,2043600,19864450,21300.0,PE
2024-01-18 14:21:00,1.55,1.65,1.5,1.65,2267750,19941650,21300.0,PE
2024-01-18 14:22:00,1.6,1.6,1.35,1.4,1732300,19941650,21300.0,PE
2024-01-18 14:23:00,1.35,1.55,1.35,1.45,2992900,19941650,21300.0,PE
2024-01-18 14:24:00,1.55,1.55,1.4,1.5,2260200,19551000,21300.0,PE
2024-01-18 14:25:00,1.45,1.7,1.45,1.6,4240450,19551000,21300.0,PE
2024-01-18 14:26:00,1.55,1.95,1.45,1.9,5538050,19551000,21300.0,PE
2024-01-18 14:27:00,1.95,2.7,1.8,1.8,9049200,19066150,21300.0,PE
2024-01-18 14:28:00,1.85,2.2,1.65,1.8,4606550,19066150,21300.0,PE
2024-01-18 14:29:00,1.8,2.25,1.75,2.1,3646400,19066150,21300.0,PE
2024-01-18 14:30:00,2.05,2.95,1.85,2.95,9064300,19434450,21300.0,PE
2024-01-18 14:31:00,3.0,3.65,1.85,2.25,8503000,19434450,21300.0,PE
2024-01-18 14:32:00,2.2,2.3,1.95,2.15,4006350,19434450,21300.0,PE
2024-01-18 14:33:00,2.1,2.15,1.8,1.95,3236050,19250750,21300.0,PE
2024-01-18 14:34:00,1.85,2.0,1.4,1.55,3095050,19250750,21300.0,PE
2024-01-18 14:35:00,1.55,1.85,1.45,1.75,3615350,19250750,21300.0,PE
2024-01-18 14:36:00,1.75,1.85,1.55,1.6,3447850,19367400,21300.0,PE
2024-01-18 14:37:00,1.6,1.6,1.0,1.05,4729900,19367400,21300.0,PE
2024-01-18 14:38:00,1.05,1.1,0.8,0.8,3795450,19367400,21300.0,PE
2024-01-18 14:39:00,0.8,0.85,0.8,0.8,2779650,18822800,21300.0,PE
2024-01-18 14:40:00,0.85,0.95,0.75,0.8,2953000,18822800,21300.0,PE
2024-01-18 14:41:00,0.8,0.8,0.6,0.6,3571550,18822800,21300.0,PE
2024-01-18 14:42:00,0.65,0.65,0.55,0.6,2426550,17603650,21300.0,PE
2024-01-18 14:43:00,0.55,0.6,0.45,0.45,2907300,17603650,21300.0,PE
2024-01-18 14:44:00,0.5,0.5,0.45,0.5,1527650,17603650,21300.0,PE
2024-01-18 14:45:00,0.45,0.55,0.45,0.5,1982450,15876850,21300.0,PE
2024-01-18 14:46:00,0.5,0.55,0.45,0.45,6092400,15876850,21300.0,PE
2024-01-18 14:47:00,0.45,0.5,0.35,0.4,6111200,15876850,21300.0,PE
2024-01-18 14:48:00,0.4,0.4,0.3,0.3,4298700,15510450,21300.0,PE
2024-01-18 14:49:00,0.3,0.35,0.3,0.35,1305400,15510450,21300.0,PE
2024-01-18 14:50:00,0.3,0.35,0.3,0.3,1175700,15510450,21300.0,PE
2024-01-18 14:51:00,0.3,0.35,0.3,0.3,1213350,14902650,21300.0,PE
2024-01-18 14:52:00,0.3,0.35,0.3,0.3,700300,14902650,21300.0,PE
2024-01-18 14:53:00,0.3,0.35,0.25,0.35,2190150,14902650,21300.0,PE
2024-01-18 14:54:00,0.35,0.35,0.3,0.35,584850,14972400,21300.0,PE
2024-01-18 14:55:00,0.3,0.35,0.3,0.35,1613300,14972400,21300.0,PE
2024-01-18 14:56:00,0.35,0.35,0.25,0.25,2459250,14972400,21300.0,PE
2024-01-18 14:57:00,0.25,0.3,0.25,0.25,3188300,14899650,21300.0,PE
2024-01-18 14:58:00,0.3,0.3,0.25,0.25,1459550,14899650,21300.0,PE
2024-01-18 14:59:00,0.3,0.3,0.25,0.3,476650,14899650,21300.0,PE
2024-01-18 15:00:00,0.25,0.3,0.25,0.3,762900,14481400,21300.0,PE
2024-01-18 15:01:00,0.3,0.3,0.2,0.2,1623100,14481400,21300.0,PE
2024-01-18 15:02:00,0.25,0.25,0.2,0.25,794850,14481400,21300.0,PE
2024-01-18 15:03:00,0.25,0.25,0.2,0.25,664850,13964150,21300.0,PE
2024-01-18 15:04:00,0.25,0.25,0.15,0.15,2735700,13964150,21300.0,PE
2024-01-18 15:05:00,0.2,0.2,0.15,0.15,1108150,13964150,21300.0,PE
2024-01-18 15:06:00,0.15,0.2,0.1,0.15,2422850,13045450,21300.0,PE
2024-01-18 15:07:00,0.1,0.2,0.1,0.15,2125300,13045450,21300.0,PE
2024-01-18 15:08:00,0.15,0.2,0.1,0.15,1227500,13045450,21300.0,PE
2024-01-18 15:09:00,0.1,0.15,0.1,0.15,1279350,12898850,21300.0,PE
2024-01-18 15:10:00,0.15,0.15,0.05,0.1,2414800,12898850,21300.0,PE
2024-01-18 15:11:00,0.1,0.1,0.05,0.1,645150,12898850,21300.0,PE
2024-01-18 15:12:00,0.05,0.1,0.05,0.05,825150,11681650,21300.0,PE
2024-01-18 15:13:00,0.05,0.1,0.05,0.1,508200,11681650,21300.0,PE
2024-01-18 15:14:00,0.1,0.15,0.05,0.15,1470700,11681650,21300.0,PE
2024-01-18 15:15:00,0.1,0.15,0.1,0.1,562350,11268250,21300.0,PE
2024-01-18 15:16:00,0.1,0.15,0.1,0.15,411400,11268250,21300.0,PE
2024-01-18 15:17:00,0.15,0.15,0.1,0.15,331000,11268250,21300.0,PE
2024-01-18 15:18:00,0.15,0.15,0.05,0.1,708250,11108450,21300.0,PE
2024-01-18 15:19:00,0.05,0.1,0.05,0.1,892900,11108450,21300.0,PE
2024-01-18 15:20:00,0.1,0.1,0.05,0.1,376000,11108450,21300.0,PE
2024-01-18 15:21:00,0.05,0.1,0.05,0.05,366650,10795800,21300.0,PE
2024-01-18 15:22:00,0.1,0.1,0.05,0.1,433250,10795800,21300.0,PE
2024-01-18 15:23:00,0.1,0.1,0.05,0.05,626550,10795800,21300.0,PE
2024-01-18 15:24:00,0.05,0.1,0.05,0.05,357000,10379750,21300.0,PE
2024-01-18 15:25:00,0.1,0.1,0.05,0.05,1250900,10379750,21300.0,PE
2024-01-18 15:26:00,0.05,0.05,0.05,0.05,167500,10379750,21300.0,PE
2024-01-18 15:27:00,0.05,0.05,0.05,0.05,311150,8823600,21300.0,PE
2024-01-18 15:28:00,0.05,0.05,0.05,0.05,69950,8823600,21300.0,PE
2024-01-18 15:29:00,0.05,0.05,0.05,0.05,89850,8823600,21300.0,PE
2024-01-18 15:30:00,0.05,0.05,0.05,0.05,500,8823600,21300.0,PE
