timestamp,open,high,low,close,volume,oi,strike,option_type
2016-06-28 09:15:00,67.8,67.8,67.8,67.8,1200,0,8350.0,CE
2016-06-28 09:20:00,68.45,68.45,68.45,68.45,75,0,8350.0,CE
2016-06-28 09:35:00,71.8,71.8,71.8,71.8,225,0,8350.0,CE
2016-06-28 09:40:00,72.0,72.0,72.0,72.0,75,0,8350.0,CE
2016-06-28 09:41:00,72.5,72.5,72.5,72.5,75,0,8350.0,CE
2016-06-28 09:46:00,71.9,71.9,71.9,71.9,75,0,8350.0,CE
2016-06-28 09:52:00,67.9,67.9,67.9,67.9,300,0,8350.0,CE
2016-06-28 09:53:00,67.0,67.0,67.0,67.0,75,0,8350.0,CE
2016-06-28 09:54:00,67.0,67.0,67.0,67.0,225,0,8350.0,CE
2016-06-28 09:57:00,66.5,66.5,66.5,66.5,75,0,8350.0,CE
2016-06-28 10:15:00,69.05,69.05,69.05,69.05,750,0,8350.0,CE
2016-06-28 10:20:00,68.5,68.5,68.5,68.5,375,0,8350.0,CE
2016-06-28 10:21:00,68.6,68.6,68.6,68.6,375,0,8350.0,CE
2016-06-28 10:22:00,68.6,68.6,68.6,68.6,75,0,8350.0,CE
2016-06-28 10:23:00,68.2,68.2,68.2,68.2,375,0,8350.0,CE
2016-06-28 10:52:00,68.25,68.25,68.2,68.2,150,0,8350.0,CE
2016-06-28 11:03:00,68.0,68.0,67.0,67.0,225,0,8350.0,CE
2016-06-28 11:04:00,66.5,66.5,66.5,66.5,75,0,8350.0,CE
2016-06-28 11:13:00,65.4,65.6,65.4,65.6,150,0,8350.0,CE
2016-06-28 11:29:00,68.0,68.0,68.0,68.0,75,0,8350.0,CE
2016-06-28 11:50:00,67.25,67.25,67.25,67.25,225,0,8350.0,CE
2016-06-28 12:06:00,69.1,69.1,69.1,69.1,150,0,8350.0,CE
2016-06-28 12:13:00,69.95,69.95,69.95,69.95,75,0,8350.0,CE
2016-06-28 12:33:00,72.5,72.5,72.5,72.5,75,0,8350.0,CE
2016-06-28 12:36:00,74.5,74.5,73.65,73.65,150,0,8350.0,CE
2016-06-28 12:39:00,71.35,71.35,71.35,71.35,75,0,8350.0,CE
2016-06-28 12:41:00,73.15,73.15,73.15,73.15,300,0,8350.0,CE
2016-06-28 12:42:00,72.3,72.3,72.3,72.3,75,0,8350.0,CE
2016-06-28 12:50:00,74.55,74.55,74.15,74.15,150,0,8350.0,CE
2016-06-28 12:51:00,73.0,73.0,73.0,73.0,375,0,8350.0,CE
2016-06-28 13:00:00,75.0,75.0,75.0,75.0,75,0,8350.0,CE
2016-06-28 13:03:00,75.0,75.0,75.0,75.0,75,0,8350.0,CE
2016-06-28 13:07:00,75.0,75.0,75.0,75.0,75,0,8350.0,CE
2016-06-28 13:10:00,72.65,72.65,72.65,72.65,75,0,8350.0,CE
2016-06-28 13:16:00,76.5,76.5,76.5,76.5,225,0,8350.0,CE
2016-06-28 13:19:00,76.45,76.45,76.45,76.45,75,0,8350.0,CE
2016-06-28 13:20:00,76.4,76.4,76.4,76.4,75,0,8350.0,CE
2016-06-28 13:34:00,74.1,74.1,74.1,74.1,75,0,8350.0,CE
2016-06-28 13:46:00,72.0,72.0,72.0,72.0,75,0,8350.0,CE
2016-06-28 13:51:00,70.35,70.35,70.35,70.35,150,0,8350.0,CE
2016-06-28 13:54:00,72.5,72.5,72.5,72.5,75,0,8350.0,CE
2016-06-28 13:58:00,75.0,75.0,75.0,75.0,75,0,8350.0,CE
2016-06-28 14:01:00,76.1,76.1,76.1,76.1,75,0,8350.0,CE
2016-06-28 14:18:00,68.7,68.7,68.7,68.7,75,0,8350.0,CE
2016-06-28 14:19:00,68.0,68.0,67.05,67.05,675,0,8350.0,CE
2016-06-28 14:28:00,68.3,68.3,68.3,68.3,75,0,8350.0,CE
2016-06-28 14:31:00,71.25,71.25,71.25,71.25,75,0,8350.0,CE
2016-06-28 14:32:00,71.25,71.25,71.25,71.25,225,0,8350.0,CE
2016-06-28 14:34:00,72.35,72.35,72.35,72.35,75,0,8350.0,CE
2016-06-28 14:46:00,69.65,72.85,69.65,72.85,975,0,8350.0,CE
2016-06-28 14:49:00,72.85,72.85,72.85,72.85,75,0,8350.0,CE
2016-06-28 14:53:00,72.85,72.85,72.85,72.85,75,0,8350.0,CE
2016-06-28 15:05:00,73.9,73.9,73.9,73.9,75,0,8350.0,CE
2016-06-28 15:21:00,68.3,70.7,68.3,70.7,825,0,8350.0,CE
2016-06-28 15:26:00,72.95,72.95,72.95,72.95,75,0,8350.0,CE
2016-06-28 15:27:00,72.95,73.0,72.95,73.0,300,0,8350.0,CE
2016-06-29 09:16:00,76.35,76.4,74.3,74.65,525,0,8350.0,CE
2016-06-29 09:19:00,77.8,77.8,76.7,76.7,450,0,8350.0,CE
2016-06-29 09:20:00,77.0,78.0,77.0,78.0,225,0,8350.0,CE
2016-06-29 09:23:00,78.0,78.0,78.0,78.0,150,0,8350.0,CE
2016-06-29 09:24:00,78.35,78.35,78.35,78.35,75,0,8350.0,CE
2016-06-29 09:26:00,79.0,79.0,78.85,78.85,150,0,8350.0,CE
2016-06-29 09:27:00,79.85,79.85,79.85,79.85,150,0,8350.0,CE
2016-06-29 09:28:00,78.5,78.5,78.5,78.5,75,0,8350.0,CE
2016-06-29 09:31:00,77.0,77.0,77.0,77.0,75,0,8350.0,CE
2016-06-29 09:33:00,76.15,76.15,76.15,76.15,75,0,8350.0,CE
2016-06-29 09:41:00,79.95,79.95,79.95,79.95,150,0,8350.0,CE
2016-06-29 09:42:00,77.95,77.95,77.95,77.95,75,0,8350.0,CE
2016-06-29 09:43:00,79.95,79.95,79.95,79.95,75,0,8350.0,CE
2016-06-29 09:44:00,77.35,77.35,77.35,77.35,2175,0,8350.0,CE
2016-06-29 09:46:00,77.5,77.5,77.5,77.5,1050,0,8350.0,CE
2016-06-29 09:49:00,77.35,77.35,77.35,77.35,75,0,8350.0,CE
2016-06-29 09:54:00,78.0,78.0,78.0,78.0,75,0,8350.0,CE
2016-06-29 09:55:00,77.6,77.6,77.5,77.5,225,0,8350.0,CE
2016-06-29 09:56:00,77.55,77.55,77.55,77.55,75,0,8350.0,CE
2016-06-29 10:10:00,77.55,77.55,77.55,77.55,75,0,8350.0,CE
2016-06-29 10:11:00,79.0,79.0,79.0,79.0,75,0,8350.0,CE
2016-06-29 10:15:00,79.0,79.0,79.0,79.0,75,0,8350.0,CE
2016-06-29 10:18:00,79.95,79.95,79.95,79.95,75,0,8350.0,CE
2016-06-29 10:22:00,80.0,80.0,80.0,80.0,225,0,8350.0,CE
2016-06-29 10:23:00,80.0,80.0,80.0,80.0,75,0,8350.0,CE
2016-06-29 10:28:00,80.0,80.0,80.0,80.0,75,0,8350.0,CE
2016-06-29 10:30:00,79.0,79.0,79.0,79.0,75,0,8350.0,CE
2016-06-29 10:34:00,78.1,78.1,78.1,78.1,75,0,8350.0,CE
2016-06-29 10:47:00,78.6,78.6,78.6,78.6,300,0,8350.0,CE
2016-06-29 10:54:00,78.8,78.8,78.1,78.1,150,0,8350.0,CE
2016-06-29 10:55:00,78.5,78.5,78.5,78.5,75,0,8350.0,CE
2016-06-29 10:56:00,77.55,78.4,77.55,77.95,450,0,8350.0,CE
2016-06-29 10:57:00,76.15,76.15,76.15,76.15,75,0,8350.0,CE
2016-06-29 10:58:00,76.8,76.8,76.8,76.8,150,0,8350.0,CE
2016-06-29 11:04:00,76.0,76.0,76.0,76.0,75,0,8350.0,CE
2016-06-29 11:06:00,75.0,75.0,74.0,74.0,225,0,8350.0,CE
2016-06-29 11:10:00,74.9,74.9,74.9,74.9,225,0,8350.0,CE
2016-06-29 11:13:00,74.0,74.0,74.0,74.0,900,0,8350.0,CE
2016-06-29 11:14:00,74.0,74.0,72.95,72.95,225,0,8350.0,CE
2016-06-29 11:16:00,74.6,74.6,74.6,74.6,75,0,8350.0,CE
2016-06-29 11:17:00,72.0,72.0,72.0,72.0,75,0,8350.0,CE
2016-06-29 11:20:00,70.95,71.25,70.95,71.25,375,0,8350.0,CE
2016-06-29 11:21:00,71.4,72.0,71.4,72.0,450,0,8350.0,CE
2016-06-29 11:22:00,71.65,71.65,71.4,71.4,450,0,8350.0,CE
2016-06-29 11:23:00,71.75,72.0,71.4,72.0,2025,0,8350.0,CE
2016-06-29 11:24:00,72.0,72.55,71.95,72.15,450,0,8350.0,CE
2016-06-29 11:25:00,72.5,72.5,71.75,71.85,450,0,8350.0,CE
2016-06-29 11:26:00,71.25,71.55,70.75,71.55,450,0,8350.0,CE
2016-06-29 11:29:00,71.7,71.8,71.7,71.8,150,0,8350.0,CE
2016-06-29 11:34:00,71.8,71.8,71.8,71.8,75,0,8350.0,CE
2016-06-29 11:36:00,70.6,70.6,70.6,70.6,75,0,8350.0,CE
2016-06-29 11:37:00,70.0,70.0,70.0,70.0,600,0,8350.0,CE
2016-06-29 11:40:00,70.0,70.0,70.0,70.0,75,0,8350.0,CE
2016-06-29 11:41:00,72.0,72.0,72.0,72.0,75,0,8350.0,CE
2016-06-29 11:43:00,72.0,72.0,72.0,72.0,75,0,8350.0,CE
2016-06-29 11:49:00,72.0,72.0,72.0,72.0,150,0,8350.0,CE
2016-06-29 11:54:00,71.45,71.45,71.45,71.45,150,0,8350.0,CE
2016-06-29 12:08:00,77.0,77.0,77.0,77.0,75,0,8350.0,CE
2016-06-29 12:18:00,77.0,77.0,77.0,77.0,150,0,8350.0,CE
2016-06-29 12:27:00,77.3,77.3,77.3,77.3,75,0,8350.0,CE
2016-06-29 12:35:00,77.3,77.3,77.3,77.3,150,0,8350.0,CE
2016-06-29 12:38:00,77.3,77.3,77.3,77.3,75,0,8350.0,CE
2016-06-29 12:39:00,78.0,78.0,78.0,78.0,75,0,8350.0,CE
2016-06-29 12:45:00,77.9,77.9,77.9,77.9,75,0,8350.0,CE
2016-06-29 12:49:00,78.15,78.15,78.15,78.15,75,0,8350.0,CE
2016-06-29 12:53:00,78.95,79.0,78.95,79.0,225,0,8350.0,CE
2016-06-29 12:58:00,77.5,78.95,77.5,78.95,225,0,8350.0,CE
2016-06-29 12:59:00,78.85,78.85,78.85,78.85,75,0,8350.0,CE
2016-06-29 13:07:00,75.95,75.95,75.95,75.95,150,0,8350.0,CE
2016-06-29 13:11:00,77.0,77.0,77.0,77.0,225,0,8350.0,CE
2016-06-29 13:22:00,79.0,79.65,79.0,79.65,300,0,8350.0,CE
2016-06-29 13:23:00,79.75,79.8,79.75,79.8,300,0,8350.0,CE
2016-06-29 13:24:00,78.3,78.3,78.3,78.3,75,0,8350.0,CE
2016-06-29 13:26:00,79.95,80.0,79.95,80.0,1725,0,8350.0,CE
2016-06-29 13:27:00,80.0,80.0,80.0,80.0,75,0,8350.0,CE
2016-06-29 13:30:00,79.0,79.3,79.0,79.3,225,0,8350.0,CE
2016-06-29 13:32:00,79.0,79.0,79.0,79.0,75,0,8350.0,CE
2016-06-29 13:34:00,79.95,79.95,79.95,79.95,75,0,8350.0,CE
2016-06-29 13:35:00,80.0,80.0,80.0,80.0,75,0,8350.0,CE
2016-06-29 13:37:00,80.0,80.0,80.0,80.0,75,0,8350.0,CE
2016-06-29 13:47:00,78.85,78.85,78.85,78.85,75,0,8350.0,CE
2016-06-29 13:49:00,76.55,76.55,76.55,76.55,4050,0,8350.0,CE
2016-06-29 13:53:00,76.55,76.55,76.55,76.55,75,0,8350.0,CE
2016-06-29 14:00:00,78.35,78.35,78.35,78.35,75,0,8350.0,CE
2016-06-29 14:14:00,79.9,79.9,79.9,79.9,300,0,8350.0,CE
2016-06-29 14:16:00,80.0,80.0,80.0,80.0,150,0,8350.0,CE
2016-06-29 14:17:00,80.4,80.4,80.4,80.4,150,0,8350.0,CE
2016-06-29 14:18:00,81.0,81.6,80.9,80.9,1350,0,8350.0,CE
2016-06-29 14:20:00,81.0,81.0,81.0,81.0,300,0,8350.0,CE
2016-06-29 14:21:00,82.6,82.6,82.6,82.6,300,0,8350.0,CE
2016-06-29 14:22:00,82.05,82.05,82.05,82.05,75,0,8350.0,CE
2016-06-29 14:23:00,81.5,81.5,81.5,81.5,525,0,8350.0,CE
2016-06-29 14:25:00,78.95,78.95,78.95,78.95,75,0,8350.0,CE
2016-06-29 14:27:00,79.95,79.95,79.95,79.95,75,0,8350.0,CE
2016-06-29 14:30:00,82.75,83.0,82.75,83.0,225,0,8350.0,CE
2016-06-29 14:31:00,83.05,83.05,83.05,83.05,75,0,8350.0,CE
2016-06-29 14:32:00,83.0,83.0,83.0,83.0,75,0,8350.0,CE
2016-06-29 14:34:00,82.0,82.0,82.0,82.0,150,0,8350.0,CE
2016-06-29 14:35:00,81.65,81.65,81.65,81.65,75,0,8350.0,CE
2016-06-29 14:36:00,81.8,82.85,81.8,82.1,1575,0,8350.0,CE
2016-06-29 14:38:00,82.0,82.0,82.0,82.0,300,0,8350.0,CE
2016-06-29 14:40:00,82.75,82.75,82.05,82.05,150,0,8350.0,CE
2016-06-29 14:41:00,83.0,83.0,82.65,82.65,225,0,8350.0,CE
2016-06-29 14:43:00,82.5,82.5,82.5,82.5,75,0,8350.0,CE
2016-06-29 14:45:00,81.6,81.6,81.6,81.6,75,0,8350.0,CE
2016-06-29 14:47:00,83.5,83.5,83.5,83.5,75,0,8350.0,CE
2016-06-29 14:48:00,83.6,84.9,83.6,84.9,375,0,8350.0,CE
2016-06-29 14:51:00,83.0,83.0,83.0,83.0,75,0,8350.0,CE
2016-06-29 14:53:00,83.5,83.5,83.5,83.5,75,0,8350.0,CE
2016-06-29 14:56:00,82.65,84.0,82.65,84.0,150,0,8350.0,CE
2016-06-29 14:57:00,84.8,84.8,84.8,84.8,525,0,8350.0,CE
2016-06-29 14:58:00,85.0,86.0,85.0,86.0,525,0,8350.0,CE
2016-06-29 14:59:00,85.75,86.0,85.75,86.0,300,0,8350.0,CE
2016-06-29 15:00:00,87.2,87.2,87.2,87.2,75,0,8350.0,CE
2016-06-29 15:02:00,86.0,86.0,86.0,86.0,75,0,8350.0,CE
2016-06-29 15:03:00,86.0,86.0,86.0,86.0,2850,0,8350.0,CE
2016-06-29 15:04:00,86.25,86.25,86.25,86.25,75,0,8350.0,CE
2016-06-29 15:05:00,86.0,86.2,86.0,86.0,300,0,8350.0,CE
2016-06-29 15:06:00,85.5,85.5,85.1,85.1,525,0,8350.0,CE
2016-06-29 15:07:00,84.5,85.2,84.5,85.2,1800,0,8350.0,CE
2016-06-29 15:08:00,85.2,85.7,85.2,85.2,8700,0,8350.0,CE
2016-06-29 15:10:00,85.0,85.7,84.75,85.5,450,0,8350.0,CE
2016-06-29 15:11:00,84.8,84.9,83.0,83.0,450,0,8350.0,CE
2016-06-29 15:12:00,82.0,84.9,82.0,84.9,375,0,8350.0,CE
2016-06-29 15:15:00,83.0,83.0,83.0,83.0,600,0,8350.0,CE
2016-06-29 15:16:00,83.0,83.0,83.0,83.0,150,0,8350.0,CE
2016-06-29 15:18:00,83.95,83.95,83.95,83.95,75,0,8350.0,CE
2016-06-29 15:21:00,83.05,83.05,81.85,81.95,600,0,8350.0,CE
2016-06-29 15:22:00,81.75,83.85,81.75,82.2,375,0,8350.0,CE
2016-06-29 15:23:00,82.3,84.35,82.3,84.35,225,0,8350.0,CE
2016-06-29 15:24:00,84.55,84.6,84.55,84.6,150,0,8350.0,CE
2016-06-29 15:25:00,84.6,84.6,84.6,84.6,75,0,8350.0,CE
2016-06-29 15:26:00,84.0,85.0,84.0,85.0,525,0,8350.0,CE
2016-06-29 15:27:00,85.85,85.85,85.85,85.85,150,0,8350.0,CE
2016-06-29 15:28:00,85.55,86.0,85.5,85.85,2475,0,8350.0,CE
2016-06-29 15:29:00,84.2,84.4,84.2,84.4,150,0,8350.0,CE
2016-06-30 09:15:00,99.0,113.95,99.0,101.2,675,0,8350.0,CE
2016-06-30 09:16:00,107.0,107.0,103.2,106.85,1575,0,8350.0,CE
2016-06-30 09:17:00,105.5,106.9,105.0,105.0,975,0,8350.0,CE
2016-06-30 09:18:00,104.9,104.9,103.0,103.0,375,0,8350.0,CE
2016-06-30 09:19:00,102.65,104.8,101.9,102.15,375,0,8350.0,CE
2016-06-30 09:20:00,102.4,102.4,102.0,102.0,675,0,8350.0,CE
2016-06-30 09:21:00,102.25,103.0,102.25,103.0,150,0,8350.0,CE
2016-06-30 09:22:00,104.0,104.0,103.75,103.75,225,0,8350.0,CE
2016-06-30 09:23:00,102.25,102.25,102.0,102.0,450,0,8350.0,CE
2016-06-30 09:24:00,103.55,103.55,101.0,101.0,1425,0,8350.0,CE
2016-06-30 09:25:00,100.95,101.2,100.95,101.2,375,0,8350.0,CE
2016-06-30 09:26:00,103.0,103.0,103.0,103.0,600,0,8350.0,CE
2016-06-30 09:27:00,103.95,104.0,101.95,104.0,3225,0,8350.0,CE
2016-06-30 09:28:00,105.05,105.5,104.0,105.0,450,0,8350.0,CE
2016-06-30 09:29:00,106.25,107.55,105.5,107.55,750,0,8350.0,CE
2016-06-30 09:30:00,105.6,106.8,105.6,106.8,150,0,8350.0,CE
2016-06-30 09:31:00,105.75,105.75,105.75,105.75,75,0,8350.0,CE
2016-06-30 09:32:00,107.0,108.0,107.0,108.0,375,0,8350.0,CE
2016-06-30 09:33:00,108.0,108.0,108.0,108.0,150,0,8350.0,CE
2016-06-30 09:34:00,108.0,108.0,107.2,107.2,150,0,8350.0,CE
2016-06-30 09:35:00,106.5,107.25,106.5,107.25,375,0,8350.0,CE
2016-06-30 09:36:00,107.0,107.0,105.5,106.9,1500,0,8350.0,CE
2016-06-30 09:37:00,105.6,105.6,105.0,105.0,300,0,8350.0,CE
2016-06-30 09:38:00,105.05,105.05,105.05,105.05,75,0,8350.0,CE
2016-06-30 09:39:00,106.0,106.05,106.0,106.0,1425,0,8350.0,CE
2016-06-30 09:40:00,106.0,106.0,106.0,106.0,150,0,8350.0,CE
2016-06-30 09:41:00,107.0,107.0,107.0,107.0,975,0,8350.0,CE
2016-06-30 09:42:00,106.0,107.0,106.0,107.0,300,0,8350.0,CE
2016-06-30 09:43:00,106.0,106.6,106.0,106.6,750,0,8350.0,CE
2016-06-30 09:44:00,105.25,105.25,104.8,105.0,675,0,8350.0,CE
2016-06-30 09:46:00,106.3,106.3,106.3,106.3,75,0,8350.0,CE
2016-06-30 09:47:00,105.0,105.0,105.0,105.0,75,0,8350.0,CE
2016-06-30 09:48:00,105.5,105.5,105.5,105.5,75,0,8350.0,CE
2016-06-30 09:54:00,105.5,105.5,105.5,105.5,150,0,8350.0,CE
2016-06-30 09:55:00,106.6,106.6,106.6,106.6,750,0,8350.0,CE
2016-06-30 09:56:00,106.4,106.4,106.4,106.4,75,0,8350.0,CE
2016-06-30 09:57:00,106.85,106.9,106.85,106.9,150,0,8350.0,CE
2016-06-30 09:58:00,105.25,105.4,105.25,105.4,600,0,8350.0,CE
2016-06-30 09:59:00,106.7,106.85,106.7,106.85,225,0,8350.0,CE
2016-06-30 10:01:00,107.0,107.0,107.0,107.0,75,0,8350.0,CE
2016-06-30 10:02:00,107.0,107.0,107.0,107.0,75,0,8350.0,CE
2016-06-30 10:03:00,106.5,106.5,106.5,106.5,600,0,8350.0,CE
2016-06-30 10:04:00,106.0,106.0,106.0,106.0,525,0,8350.0,CE
2016-06-30 10:05:00,107.0,107.0,107.0,107.0,150,0,8350.0,CE
2016-06-30 10:06:00,107.0,107.0,107.0,107.0,75,0,8350.0,CE
2016-06-30 10:07:00,107.45,107.45,107.45,107.45,75,0,8350.0,CE
2016-06-30 10:08:00,107.05,107.05,107.05,107.05,75,0,8350.0,CE
2016-06-30 10:09:00,108.0,108.0,108.0,108.0,4875,0,8350.0,CE
2016-06-30 10:11:00,109.0,109.0,107.65,107.65,150,0,8350.0,CE
2016-06-30 10:14:00,108.6,108.6,108.6,108.6,150,0,8350.0,CE
2016-06-30 10:15:00,109.25,109.25,107.9,108.0,1050,0,8350.0,CE
2016-06-30 10:16:00,108.0,108.0,108.0,108.0,150,0,8350.0,CE
2016-06-30 10:18:00,108.0,108.0,107.5,107.5,375,0,8350.0,CE
2016-06-30 10:19:00,107.5,107.5,107.5,107.5,75,0,8350.0,CE
2016-06-30 10:20:00,107.3,107.3,107.3,107.3,75,0,8350.0,CE
2016-06-30 10:21:00,107.0,107.0,107.0,107.0,2175,0,8350.0,CE
2016-06-30 10:23:00,107.0,107.0,106.35,106.35,150,0,8350.0,CE
2016-06-30 10:24:00,107.0,108.4,107.0,108.4,1125,0,8350.0,CE
2016-06-30 10:26:00,107.1,107.1,107.05,107.05,3825,0,8350.0,CE
2016-06-30 10:27:00,108.2,108.2,108.2,108.2,75,0,8350.0,CE
2016-06-30 10:28:00,108.35,108.35,108.35,108.35,150,0,8350.0,CE
2016-06-30 10:30:00,108.25,108.25,108.25,108.25,75,0,8350.0,CE
2016-06-30 10:31:00,108.35,108.35,108.35,108.35,75,0,8350.0,CE
2016-06-30 10:33:00,107.9,107.9,107.9,107.9,75,0,8350.0,CE
2016-06-30 10:34:00,107.9,107.95,107.9,107.95,150,0,8350.0,CE
2016-06-30 10:35:00,107.15,107.15,107.15,107.15,150,0,8350.0,CE
2016-06-30 10:36:00,107.45,107.45,106.3,106.3,150,0,8350.0,CE
2016-06-30 10:37:00,106.6,106.6,106.5,106.5,150,0,8350.0,CE
2016-06-30 10:39:00,107.0,107.65,107.0,107.65,375,0,8350.0,CE
2016-06-30 10:41:00,107.0,107.8,107.0,107.65,450,0,8350.0,CE
2016-06-30 10:45:00,106.35,106.35,105.1,105.1,225,0,8350.0,CE
2016-06-30 10:46:00,106.25,106.25,106.25,106.25,75,0,8350.0,CE
2016-06-30 10:47:00,106.0,106.0,106.0,106.0,75,0,8350.0,CE
2016-06-30 10:48:00,105.0,105.0,104.0,104.0,1200,0,8350.0,CE
2016-06-30 10:49:00,104.0,104.0,103.0,103.0,900,0,8350.0,CE
2016-06-30 10:50:00,102.0,102.0,102.0,102.0,375,0,8350.0,CE
2016-06-30 10:51:00,101.05,102.0,101.05,102.0,150,0,8350.0,CE
2016-06-30 10:52:00,101.0,103.0,101.0,102.15,600,0,8350.0,CE
2016-06-30 10:53:00,102.3,104.0,102.3,104.0,1425,0,8350.0,CE
2016-06-30 10:54:00,104.0,104.0,104.0,104.0,825,0,8350.0,CE
2016-06-30 10:55:00,104.55,104.55,104.2,104.2,150,0,8350.0,CE
2016-06-30 10:56:00,105.8,105.8,103.55,103.55,300,0,8350.0,CE
2016-06-30 10:57:00,104.3,106.5,104.3,106.5,225,0,8350.0,CE
2016-06-30 10:59:00,105.85,105.85,103.5,103.5,150,0,8350.0,CE
2016-06-30 11:00:00,103.0,104.0,103.0,104.0,525,0,8350.0,CE
2016-06-30 11:01:00,103.75,103.75,103.05,103.05,825,0,8350.0,CE
2016-06-30 11:02:00,103.15,103.15,103.15,103.15,75,0,8350.0,CE
2016-06-30 11:07:00,103.45,103.6,103.45,103.6,150,0,8350.0,CE
2016-06-30 11:08:00,105.0,105.0,105.0,105.0,300,0,8350.0,CE
2016-06-30 11:09:00,103.95,105.0,103.5,105.0,300,0,8350.0,CE
2016-06-30 11:10:00,105.0,105.0,105.0,105.0,375,0,8350.0,CE
2016-06-30 11:11:00,105.0,105.0,105.0,105.0,150,0,8350.0,CE
2016-06-30 11:12:00,106.0,106.0,106.0,106.0,75,0,8350.0,CE
2016-06-30 11:14:00,107.7,107.7,107.0,107.0,525,0,8350.0,CE
2016-06-30 11:15:00,107.0,107.0,107.0,107.0,150,0,8350.0,CE
2016-06-30 11:17:00,107.0,107.0,107.0,107.0,300,0,8350.0,CE
2016-06-30 11:20:00,107.5,107.5,107.5,107.5,150,0,8350.0,CE
2016-06-30 11:21:00,106.55,106.55,106.55,106.55,75,0,8350.0,CE
2016-06-30 11:23:00,106.45,107.5,106.45,107.5,450,0,8350.0,CE
2016-06-30 11:27:00,106.05,106.05,106.05,106.05,75,0,8350.0,CE
2016-06-30 11:29:00,107.5,107.5,107.5,107.5,1500,0,8350.0,CE
2016-06-30 11:30:00,106.65,106.65,106.65,106.65,225,0,8350.0,CE
2016-06-30 11:34:00,105.0,105.0,105.0,105.0,75,0,8350.0,CE
2016-06-30 11:35:00,103.85,103.85,103.85,103.85,75,0,8350.0,CE
2016-06-30 11:37:00,104.05,104.05,104.05,104.05,150,0,8350.0,CE
2016-06-30 11:38:00,105.0,105.0,105.0,105.0,75,0,8350.0,CE
2016-06-30 11:39:00,105.0,105.0,105.0,105.0,75,0,8350.0,CE
2016-06-30 11:41:00,105.0,105.0,104.05,104.05,1500,0,8350.0,CE
2016-06-30 11:42:00,104.05,104.05,103.45,103.5,900,0,8350.0,CE
2016-06-30 11:43:00,104.0,104.0,103.0,103.0,150,0,8350.0,CE
2016-06-30 11:45:00,103.0,103.5,102.0,102.0,600,0,8350.0,CE
2016-06-30 11:47:00,103.0,103.0,103.0,103.0,75,0,8350.0,CE
2016-06-30 11:49:00,103.1,103.1,103.1,103.1,75,0,8350.0,CE
2016-06-30 11:51:00,103.1,103.1,103.1,103.1,75,0,8350.0,CE
2016-06-30 11:53:00,103.35,103.35,102.5,102.5,150,0,8350.0,CE
2016-06-30 11:54:00,102.0,102.0,102.0,102.0,75,0,8350.0,CE
2016-06-30 11:55:00,102.0,102.0,101.95,101.95,150,0,8350.0,CE
2016-06-30 11:57:00,103.2,103.2,103.2,103.2,75,0,8350.0,CE
2016-06-30 12:00:00,103.0,103.0,103.0,103.0,75,0,8350.0,CE
2016-06-30 12:02:00,102.0,102.0,101.1,101.1,525,0,8350.0,CE
2016-06-30 12:03:00,101.0,101.0,100.05,100.05,375,0,8350.0,CE
2016-06-30 12:04:00,100.0,100.0,100.0,100.0,1575,0,8350.0,CE
2016-06-30 12:06:00,100.0,100.0,99.0,99.0,600,0,8350.0,CE
2016-06-30 12:07:00,99.0,99.0,99.0,99.0,75,0,8350.0,CE
2016-06-30 12:08:00,101.05,101.05,101.05,101.05,75,0,8350.0,CE
2016-06-30 12:09:00,101.35,101.35,101.35,101.35,75,0,8350.0,CE
2016-06-30 12:10:00,100.4,101.5,100.4,101.5,750,0,8350.0,CE
2016-06-30 12:11:00,101.75,101.75,101.75,101.75,75,0,8350.0,CE
2016-06-30 12:12:00,101.0,101.0,101.0,101.0,450,0,8350.0,CE
2016-06-30 12:16:00,102.95,103.75,102.95,103.75,150,0,8350.0,CE
2016-06-30 12:19:00,103.85,103.85,103.85,103.85,150,0,8350.0,CE
2016-06-30 12:21:00,103.95,104.0,103.95,104.0,150,0,8350.0,CE
2016-06-30 12:28:00,104.0,104.0,104.0,104.0,225,0,8350.0,CE
2016-06-30 12:29:00,104.9,104.9,104.9,104.9,75,0,8350.0,CE
2016-06-30 12:32:00,103.0,103.0,102.0,102.0,525,0,8350.0,CE
2016-06-30 12:33:00,102.0,102.0,102.0,102.0,375,0,8350.0,CE
2016-06-30 12:35:00,101.0,101.0,101.0,101.0,75,0,8350.0,CE
2016-06-30 12:36:00,100.5,100.5,100.0,100.0,300,0,8350.0,CE
2016-06-30 12:37:00,100.0,100.0,99.55,99.55,150,0,8350.0,CE
2016-06-30 12:38:00,101.0,101.0,101.0,101.0,75,0,8350.0,CE
2016-06-30 12:40:00,100.05,100.05,100.05,100.05,150,0,8350.0,CE
2016-06-30 12:41:00,100.0,100.0,99.0,99.0,525,0,8350.0,CE
2016-06-30 12:42:00,99.25,99.25,99.25,99.25,75,0,8350.0,CE
2016-06-30 12:43:00,99.0,99.0,99.0,99.0,300,0,8350.0,CE
2016-06-30 12:44:00,99.0,99.0,96.85,97.0,1875,0,8350.0,CE
2016-06-30 12:45:00,97.25,97.25,97.25,97.25,150,0,8350.0,CE
2016-06-30 12:46:00,98.0,98.0,97.1,97.1,1125,0,8350.0,CE
2016-06-30 12:47:00,98.0,98.0,98.0,98.0,75,0,8350.0,CE
2016-06-30 12:50:00,100.45,100.45,99.0,100.15,600,0,8350.0,CE
2016-06-30 12:51:00,100.1,100.1,100.1,100.1,75,0,8350.0,CE
2016-06-30 12:52:00,100.05,100.05,100.0,100.0,150,0,8350.0,CE
2016-06-30 12:54:00,100.0,100.0,100.0,100.0,300,0,8350.0,CE
2016-06-30 12:55:00,98.0,98.0,98.0,98.0,225,0,8350.0,CE
2016-06-30 12:56:00,99.0,99.05,99.0,99.05,150,0,8350.0,CE
2016-06-30 13:03:00,101.5,101.5,101.45,101.45,150,0,8350.0,CE
2016-06-30 13:04:00,100.1,100.1,99.15,99.15,225,0,8350.0,CE
2016-06-30 13:05:00,99.0,99.0,99.0,99.0,75,0,8350.0,CE
2016-06-30 13:06:00,100.0,100.0,100.0,100.0,75,0,8350.0,CE
2016-06-30 13:07:00,100.0,100.0,99.35,100.0,600,0,8350.0,CE
2016-06-30 13:08:00,100.0,100.0,100.0,100.0,675,0,8350.0,CE
2016-06-30 13:09:00,102.0,102.0,102.0,102.0,375,0,8350.0,CE
2016-06-30 13:10:00,103.25,103.25,103.25,103.25,300,0,8350.0,CE
2016-06-30 13:11:00,105.0,105.0,105.0,105.0,375,0,8350.0,CE
2016-06-30 13:12:00,105.0,105.25,105.0,105.25,375,0,8350.0,CE
2016-06-30 13:13:00,106.0,106.0,105.0,105.0,375,0,8350.0,CE
2016-06-30 13:15:00,104.45,106.0,104.45,106.0,300,0,8350.0,CE
2016-06-30 13:16:00,106.0,106.3,106.0,106.15,300,0,8350.0,CE
2016-06-30 13:18:00,106.6,106.6,106.6,106.6,75,0,8350.0,CE
2016-06-30 13:19:00,106.0,106.0,106.0,106.0,75,0,8350.0,CE
2016-06-30 13:20:00,104.9,104.9,104.9,104.9,150,0,8350.0,CE
2016-06-30 13:21:00,104.9,104.9,104.9,104.9,75,0,8350.0,CE
2016-06-30 13:22:00,106.0,106.0,106.0,106.0,1575,0,8350.0,CE
2016-06-30 13:23:00,107.25,107.25,107.25,107.25,75,0,8350.0,CE
2016-06-30 13:24:00,107.95,108.0,107.95,108.0,1575,0,8350.0,CE
2016-06-30 13:25:00,109.0,110.0,109.0,110.0,1875,0,8350.0,CE
2016-06-30 13:26:00,109.95,111.5,109.95,111.5,4725,0,8350.0,CE
2016-06-30 13:27:00,111.0,111.15,111.0,111.15,225,0,8350.0,CE
2016-06-30 13:28:00,112.0,113.4,112.0,112.95,1200,0,8350.0,CE
2016-06-30 13:29:00,113.95,114.0,113.2,113.2,225,0,8350.0,CE
2016-06-30 13:30:00,113.5,115.95,113.5,115.0,3300,0,8350.0,CE
2016-06-30 13:31:00,115.65,115.65,115.65,115.65,75,0,8350.0,CE
2016-06-30 13:32:00,113.75,115.55,113.75,115.55,1125,0,8350.0,CE
2016-06-30 13:33:00,115.55,116.0,115.0,116.0,750,0,8350.0,CE
2016-06-30 13:34:00,116.0,117.2,116.0,116.4,525,0,8350.0,CE
2016-06-30 13:35:00,117.3,118.35,117.3,117.75,450,0,8350.0,CE
2016-06-30 13:36:00,116.0,117.4,116.0,117.4,1125,0,8350.0,CE
2016-06-30 13:37:00,118.0,118.0,118.0,118.0,825,0,8350.0,CE
2016-06-30 13:38:00,118.0,118.0,118.0,118.0,525,0,8350.0,CE
2016-06-30 13:39:00,116.4,116.4,116.4,116.4,75,0,8350.0,CE
2016-06-30 13:40:00,117.0,118.8,117.0,118.15,2325,0,8350.0,CE
2016-06-30 13:41:00,118.3,121.0,118.3,121.0,1725,0,8350.0,CE
2016-06-30 13:42:00,120.0,120.45,118.55,120.0,750,0,8350.0,CE
2016-06-30 13:43:00,120.0,121.9,120.0,121.9,375,0,8350.0,CE
2016-06-30 13:44:00,122.0,122.0,120.0,120.0,225,0,8350.0,CE
2016-06-30 13:45:00,120.15,120.15,119.8,119.8,375,0,8350.0,CE
2016-06-30 13:46:00,117.3,120.0,117.3,119.4,1350,0,8350.0,CE
2016-06-30 13:47:00,118.95,118.95,118.95,118.95,75,0,8350.0,CE
2016-06-30 13:48:00,118.6,118.6,118.6,118.6,225,0,8350.0,CE
2016-06-30 13:49:00,118.5,118.5,117.0,117.0,450,0,8350.0,CE
2016-06-30 13:50:00,118.5,118.5,118.0,118.0,150,0,8350.0,CE
2016-06-30 13:51:00,118.5,119.1,118.5,119.1,2625,0,8350.0,CE
2016-06-30 13:52:00,120.0,120.0,120.0,120.0,600,0,8350.0,CE
2016-06-30 13:53:00,120.25,120.25,120.0,120.0,300,0,8350.0,CE
2016-06-30 13:54:00,120.6,120.6,119.75,119.75,1500,0,8350.0,CE
2016-06-30 13:55:00,119.65,119.65,119.65,119.65,150,0,8350.0,CE
2016-06-30 13:56:00,118.0,118.0,118.0,118.0,300,0,8350.0,CE
2016-06-30 14:00:00,120.0,120.0,119.0,119.0,150,0,8350.0,CE
2016-06-30 14:01:00,119.0,119.0,119.0,119.0,1425,0,8350.0,CE
2016-06-30 14:03:00,120.45,120.45,120.45,120.45,150,0,8350.0,CE
2016-06-30 14:04:00,120.45,121.0,120.2,120.45,4350,0,8350.0,CE
2016-06-30 14:05:00,120.5,120.5,118.5,118.5,600,0,8350.0,CE
2016-06-30 14:06:00,119.0,121.0,119.0,121.0,225,0,8350.0,CE
2016-06-30 14:08:00,122.0,124.0,122.0,124.0,2250,0,8350.0,CE
2016-06-30 14:09:00,124.0,124.4,122.15,122.15,825,0,8350.0,CE
2016-06-30 14:10:00,124.3,124.3,122.55,124.25,525,0,8350.0,CE
2016-06-30 14:11:00,122.55,123.05,122.55,123.05,300,0,8350.0,CE
2016-06-30 14:12:00,124.8,124.9,124.8,124.9,1050,0,8350.0,CE
2016-06-30 14:13:00,124.9,125.0,124.9,125.0,1650,0,8350.0,CE
2016-06-30 14:14:00,124.7,125.0,124.7,125.0,150,0,8350.0,CE
2016-06-30 14:15:00,124.0,124.65,124.0,124.0,675,0,8350.0,CE
2016-06-30 14:16:00,124.0,124.0,122.55,122.55,450,0,8350.0,CE
2016-06-30 14:17:00,122.0,122.0,121.8,121.8,750,0,8350.0,CE
2016-06-30 14:18:00,121.2,121.2,118.6,118.6,1050,0,8350.0,CE
2016-06-30 14:19:00,118.65,121.45,118.65,121.15,525,0,8350.0,CE
2016-06-30 14:20:00,121.85,121.85,120.5,120.5,225,0,8350.0,CE
2016-06-30 14:21:00,120.0,120.0,120.0,120.0,75,0,8350.0,CE
2016-06-30 14:22:00,119.0,120.2,119.0,120.15,300,0,8350.0,CE
2016-06-30 14:23:00,120.45,120.45,119.0,119.0,150,0,8350.0,CE
2016-06-30 14:24:00,118.5,119.25,118.0,119.25,900,0,8350.0,CE
2016-06-30 14:25:00,119.0,119.0,119.0,119.0,75,0,8350.0,CE
2016-06-30 14:26:00,119.0,119.0,119.0,119.0,375,0,8350.0,CE
2016-06-30 14:27:00,119.5,119.5,119.0,119.0,300,0,8350.0,CE
2016-06-30 14:28:00,119.0,119.0,119.0,119.0,75,0,8350.0,CE
2016-06-30 14:30:00,120.0,121.0,120.0,121.0,675,0,8350.0,CE
2016-06-30 14:31:00,121.2,121.7,121.0,121.0,300,0,8350.0,CE
2016-06-30 14:32:00,120.0,120.05,120.0,120.05,5325,0,8350.0,CE
2016-06-30 14:33:00,120.05,120.05,120.0,120.0,150,0,8350.0,CE
2016-06-30 14:36:00,120.15,121.0,120.15,121.0,225,0,8350.0,CE
2016-06-30 14:37:00,121.1,121.1,121.1,121.1,150,0,8350.0,CE
2016-06-30 14:38:00,122.15,122.35,122.15,122.35,375,0,8350.0,CE
2016-06-30 14:40:00,120.2,120.2,118.0,118.0,3825,0,8350.0,CE
2016-06-30 14:41:00,119.35,119.35,119.35,119.35,75,0,8350.0,CE
2016-06-30 14:42:00,117.85,117.85,117.85,117.85,300,0,8350.0,CE
2016-06-30 14:43:00,118.0,118.0,118.0,118.0,75,0,8350.0,CE
2016-06-30 14:45:00,116.6,116.6,116.6,116.6,75,0,8350.0,CE
2016-06-30 14:46:00,119.0,119.0,119.0,119.0,75,0,8350.0,CE
2016-06-30 14:47:00,119.0,119.0,119.0,119.0,375,0,8350.0,CE
2016-06-30 14:48:00,119.0,119.0,119.0,119.0,75,0,8350.0,CE
2016-06-30 14:49:00,120.0,121.95,120.0,121.95,1875,0,8350.0,CE
2016-06-30 14:51:00,122.0,122.0,122.0,122.0,75,0,8350.0,CE
2016-06-30 14:52:00,120.85,122.0,120.85,122.0,150,0,8350.0,CE
2016-06-30 14:53:00,121.85,121.85,120.0,120.0,150,0,8350.0,CE
2016-06-30 14:54:00,119.05,119.95,119.0,119.0,825,0,8350.0,CE
2016-06-30 14:55:00,118.15,118.15,118.15,118.15,75,0,8350.0,CE
2016-06-30 14:56:00,118.5,118.5,118.5,118.5,75,0,8350.0,CE
2016-06-30 14:57:00,119.7,120.8,119.7,120.8,675,0,8350.0,CE
2016-06-30 14:59:00,120.8,121.7,120.8,121.7,300,0,8350.0,CE
2016-06-30 15:00:00,122.0,122.0,116.0,116.0,2025,0,8350.0,CE
2016-06-30 15:01:00,115.1,115.1,114.8,114.8,450,0,8350.0,CE
2016-06-30 15:02:00,112.5,112.5,110.95,112.1,1500,0,8350.0,CE
2016-06-30 15:03:00,112.55,116.6,112.55,116.6,900,0,8350.0,CE
2016-06-30 15:04:00,116.9,116.95,116.9,116.95,375,0,8350.0,CE
2016-06-30 15:05:00,116.0,118.85,116.0,118.85,525,0,8350.0,CE
2016-06-30 15:06:00,117.5,119.3,116.45,119.3,750,0,8350.0,CE
2016-06-30 15:07:00,118.65,120.0,118.65,120.0,300,0,8350.0,CE
2016-06-30 15:08:00,120.4,121.0,120.4,121.0,300,0,8350.0,CE
2016-06-30 15:09:00,121.0,121.0,120.4,120.4,225,0,8350.0,CE
2016-06-30 15:10:00,120.75,120.75,120.0,120.0,1800,0,8350.0,CE
2016-06-30 15:11:00,120.2,120.2,120.2,120.2,75,0,8350.0,CE
2016-06-30 15:12:00,120.95,122.0,120.95,122.0,450,0,8350.0,CE
2016-06-30 15:13:00,123.0,124.0,123.0,123.95,6750,0,8350.0,CE
2016-06-30 15:14:00,122.95,124.65,122.9,124.65,825,0,8350.0,CE
2016-06-30 15:15:00,125.0,125.0,125.0,125.0,1200,0,8350.0,CE
2016-06-30 15:16:00,123.9,124.5,123.5,123.65,600,0,8350.0,CE
2016-06-30 15:17:00,123.0,123.0,122.0,122.0,225,0,8350.0,CE
2016-06-30 15:18:00,122.95,122.95,122.95,122.95,75,0,8350.0,CE
2016-06-30 15:19:00,122.95,122.95,121.6,122.0,975,0,8350.0,CE
2016-06-30 15:20:00,123.0,123.7,123.0,123.0,300,0,8350.0,CE
2016-06-30 15:21:00,123.0,123.05,122.0,122.0,525,0,8350.0,CE
2016-06-30 15:22:00,122.0,122.0,122.0,122.0,75,0,8350.0,CE
2016-06-30 15:23:00,123.0,123.0,122.0,122.0,525,0,8350.0,CE
2016-06-30 15:24:00,123.0,123.0,122.0,122.0,750,0,8350.0,CE
2016-06-30 15:25:00,122.85,122.85,121.1,121.1,375,0,8350.0,CE
2016-06-30 15:26:00,121.95,121.95,120.9,121.5,1050,0,8350.0,CE
2016-06-30 15:27:00,122.0,122.0,121.5,122.0,600,0,8350.0,CE
2016-06-30 15:28:00,122.0,122.9,122.0,122.0,3150,0,8350.0,CE
2016-06-30 15:29:00,122.0,123.6,122.0,123.5,2925,0,8350.0,CE
2016-07-01 09:15:00,124.6,133.1,124.6,129.15,8400,0,8350.0,CE
2016-07-01 09:16:00,129.0,130.0,128.4,130.0,3825,0,8350.0,CE
2016-07-01 09:17:00,129.95,134.8,129.75,134.8,5025,0,8350.0,CE
2016-07-01 09:18:00,134.9,135.4,133.05,133.55,4500,0,8350.0,CE
2016-07-01 09:19:00,133.0,133.0,129.15,130.05,6825,0,8350.0,CE
2016-07-01 09:20:00,129.9,131.9,129.0,131.0,2625,0,8350.0,CE
2016-07-01 09:21:00,130.45,131.2,130.0,130.95,2400,0,8350.0,CE
2016-07-01 09:22:00,130.55,131.7,130.4,131.4,3825,0,8350.0,CE
2016-07-01 09:23:00,131.35,134.9,131.35,134.9,1050,0,8350.0,CE
2016-07-01 09:24:00,135.0,135.1,133.6,134.05,2475,0,8350.0,CE
2016-07-01 09:25:00,134.95,137.85,134.95,137.85,7350,0,8350.0,CE
2016-07-01 09:26:00,138.0,139.0,136.9,136.9,7575,0,8350.0,CE
2016-07-01 09:27:00,136.5,136.5,134.8,134.8,8025,0,8350.0,CE
2016-07-01 09:28:00,134.5,135.85,133.65,135.85,4500,0,8350.0,CE
2016-07-01 09:29:00,135.6,137.45,134.9,137.0,1125,0,8350.0,CE
2016-07-01 09:30:00,137.25,138.4,137.0,137.75,4050,0,8350.0,CE
2016-07-01 09:31:00,138.0,138.5,137.35,138.35,1500,0,8350.0,CE
2016-07-01 09:32:00,138.4,139.9,136.55,139.9,3525,0,8350.0,CE
2016-07-01 09:33:00,139.75,139.95,139.05,139.95,2400,0,8350.0,CE
2016-07-01 09:34:00,140.0,142.0,139.95,142.0,4500,0,8350.0,CE
2016-07-01 09:35:00,141.0,141.05,138.8,139.05,3225,0,8350.0,CE
2016-07-01 09:36:00,139.05,139.5,138.75,139.5,1575,0,8350.0,CE
2016-07-01 09:37:00,139.75,139.8,137.0,137.75,6975,0,8350.0,CE
2016-07-01 09:38:00,137.7,140.0,137.7,139.45,6150,0,8350.0,CE
2016-07-01 09:39:00,138.85,141.05,138.85,140.55,9900,0,8350.0,CE
2016-07-01 09:40:00,140.05,141.5,140.05,141.5,675,0,8350.0,CE
2016-07-01 09:41:00,140.8,141.0,140.0,141.0,1500,0,8350.0,CE
2016-07-01 09:42:00,141.0,141.0,140.0,140.05,825,0,8350.0,CE
2016-07-01 09:43:00,140.0,141.15,140.0,140.25,3675,0,8350.0,CE
2016-07-01 09:44:00,140.35,140.35,139.5,139.5,600,0,8350.0,CE
2016-07-01 09:45:00,139.7,139.95,139.0,139.25,825,0,8350.0,CE
2016-07-01 09:46:00,139.8,139.8,137.85,138.25,1200,0,8350.0,CE
2016-07-01 09:47:00,139.0,139.0,137.6,138.05,1200,0,8350.0,CE
2016-07-01 09:48:00,137.5,137.5,136.0,136.0,4050,0,8350.0,CE
2016-07-01 09:49:00,136.0,136.5,135.15,136.5,8775,0,8350.0,CE
2016-07-01 09:50:00,136.4,138.15,136.4,136.75,1800,0,8350.0,CE
2016-07-01 09:51:00,137.75,138.75,137.75,138.1,525,0,8350.0,CE
2016-07-01 09:52:00,138.5,138.8,137.5,137.75,1650,0,8350.0,CE
2016-07-01 09:53:00,137.75,138.0,137.45,138.0,225,0,8350.0,CE
2016-07-01 09:54:00,137.3,138.8,137.3,138.0,2250,0,8350.0,CE
2016-07-01 09:55:00,139.2,139.65,138.8,138.8,525,0,8350.0,CE
2016-07-01 09:56:00,139.0,139.5,139.0,139.5,1275,0,8350.0,CE
2016-07-01 09:57:00,139.3,140.5,139.3,140.5,2625,0,8350.0,CE
2016-07-01 09:58:00,140.5,141.0,140.2,141.0,3300,0,8350.0,CE
2016-07-01 09:59:00,141.0,141.95,141.0,141.95,750,0,8350.0,CE
2016-07-01 10:00:00,141.95,142.0,141.2,142.0,5325,0,8350.0,CE
2016-07-01 10:01:00,142.0,142.0,140.3,140.3,1125,0,8350.0,CE
2016-07-01 10:02:00,140.9,141.8,140.9,141.0,750,0,8350.0,CE
2016-07-01 10:03:00,141.9,142.0,141.1,142.0,6600,0,8350.0,CE
2016-07-01 10:04:00,142.5,146.0,142.5,146.0,7650,0,8350.0,CE
2016-07-01 10:05:00,146.0,146.5,144.9,146.0,8400,0,8350.0,CE
2016-07-01 10:06:00,146.0,146.9,144.9,144.9,6375,0,8350.0,CE
2016-07-01 10:07:00,144.5,145.8,144.25,145.75,825,0,8350.0,CE
2016-07-01 10:08:00,146.0,146.0,144.0,145.4,1650,0,8350.0,CE
2016-07-01 10:09:00,145.6,146.0,143.25,146.0,3000,0,8350.0,CE
2016-07-01 10:10:00,146.0,146.2,145.0,145.0,675,0,8350.0,CE
2016-07-01 10:11:00,143.15,145.5,143.15,145.15,1500,0,8350.0,CE
2016-07-01 10:12:00,144.5,145.05,144.5,145.0,675,0,8350.0,CE
2016-07-01 10:13:00,144.0,144.3,143.05,143.05,975,0,8350.0,CE
2016-07-01 10:14:00,143.4,144.0,142.5,143.0,1500,0,8350.0,CE
2016-07-01 10:15:00,143.0,143.0,142.5,143.0,300,0,8350.0,CE
2016-07-01 10:16:00,143.0,143.5,142.75,143.1,675,0,8350.0,CE
2016-07-01 10:18:00,143.2,143.75,142.5,142.5,3600,0,8350.0,CE
2016-07-01 10:19:00,142.6,142.8,142.0,142.0,1500,0,8350.0,CE
2016-07-01 10:20:00,142.0,142.0,139.9,139.9,5100,0,8350.0,CE
2016-07-01 10:21:00,138.8,140.0,138.2,138.55,2025,0,8350.0,CE
2016-07-01 10:22:00,139.55,140.0,139.5,140.0,1350,0,8350.0,CE
2016-07-01 10:23:00,141.0,141.0,141.0,141.0,75,0,8350.0,CE
2016-07-01 10:24:00,142.0,142.0,142.0,142.0,75,0,8350.0,CE
2016-07-01 10:25:00,142.1,142.1,142.0,142.0,300,0,8350.0,CE
2016-07-01 10:26:00,142.1,142.1,141.5,141.9,450,0,8350.0,CE
2016-07-01 10:27:00,141.75,141.75,141.25,141.6,375,0,8350.0,CE
2016-07-01 10:28:00,142.85,143.15,142.85,143.0,300,0,8350.0,CE
2016-07-01 10:29:00,141.55,143.05,141.55,143.05,375,0,8350.0,CE
2016-07-01 10:30:00,143.1,143.1,143.0,143.0,1200,0,8350.0,CE
2016-07-01 10:31:00,143.5,143.5,143.0,143.0,225,0,8350.0,CE
2016-07-01 10:32:00,143.0,143.0,142.45,142.45,300,0,8350.0,CE
2016-07-01 10:33:00,142.4,142.4,141.25,141.25,1425,0,8350.0,CE
2016-07-01 10:34:00,141.35,141.35,141.35,141.35,150,0,8350.0,CE
2016-07-01 10:35:00,141.5,141.5,141.0,141.0,375,0,8350.0,CE
2016-07-01 10:36:00,141.0,141.3,140.6,140.6,375,0,8350.0,CE
2016-07-01 10:37:00,141.0,141.0,140.45,140.45,150,0,8350.0,CE
2016-07-01 10:38:00,140.0,140.15,140.0,140.15,1875,0,8350.0,CE
2016-07-01 10:39:00,140.15,140.35,140.15,140.35,150,0,8350.0,CE
2016-07-01 10:40:00,140.95,142.4,140.95,142.4,1575,0,8350.0,CE
2016-07-01 10:41:00,141.4,141.9,141.1,141.1,600,0,8350.0,CE
2016-07-01 10:42:00,141.1,142.05,141.1,141.85,675,0,8350.0,CE
2016-07-01 10:43:00,141.75,141.85,141.45,141.85,300,0,8350.0,CE
2016-07-01 10:44:00,142.0,142.0,142.0,142.0,75,0,8350.0,CE
2016-07-01 10:45:00,142.0,142.0,142.0,142.0,150,0,8350.0,CE
2016-07-01 10:46:00,142.5,143.0,142.5,143.0,975,0,8350.0,CE
2016-07-01 10:47:00,142.7,142.7,141.9,142.3,750,0,8350.0,CE
2016-07-01 10:48:00,143.0,143.0,142.65,142.65,150,0,8350.0,CE
2016-07-01 10:49:00,143.0,143.0,142.0,142.0,150,0,8350.0,CE
2016-07-01 10:50:00,142.0,142.0,141.5,141.5,5325,0,8350.0,CE
2016-07-01 10:51:00,142.95,143.0,142.05,142.05,750,0,8350.0,CE
2016-07-01 10:52:00,142.35,143.85,142.35,143.85,525,0,8350.0,CE
2016-07-01 10:54:00,143.8,144.3,143.65,143.65,1125,0,8350.0,CE
2016-07-01 10:55:00,142.7,143.65,142.7,143.65,150,0,8350.0,CE
2016-07-01 10:56:00,144.2,144.2,144.0,144.0,600,0,8350.0,CE
2016-07-01 10:57:00,144.8,144.8,144.8,144.8,75,0,8350.0,CE
2016-07-01 10:58:00,144.9,145.15,144.5,144.5,1950,0,8350.0,CE
2016-07-01 10:59:00,145.95,146.0,145.0,146.0,2925,0,8350.0,CE
2016-07-01 11:00:00,146.0,146.0,145.25,145.4,975,0,8350.0,CE
2016-07-01 11:01:00,145.95,145.95,145.85,145.85,450,0,8350.0,CE
2016-07-01 11:02:00,145.05,145.75,144.0,144.0,975,0,8350.0,CE
2016-07-01 11:03:00,144.0,144.35,143.4,143.6,375,0,8350.0,CE
2016-07-01 11:04:00,144.45,145.0,144.45,145.0,300,0,8350.0,CE
2016-07-01 11:05:00,145.25,145.25,144.4,145.2,1800,0,8350.0,CE
2016-07-01 11:06:00,145.7,145.7,144.0,144.85,375,0,8350.0,CE
2016-07-01 11:07:00,144.05,144.05,144.0,144.0,225,0,8350.0,CE
2016-07-01 11:08:00,144.95,145.0,144.95,145.0,1125,0,8350.0,CE
2016-07-01 11:09:00,145.0,145.0,143.0,143.0,900,0,8350.0,CE
2016-07-01 11:11:00,143.0,143.1,143.0,143.1,300,0,8350.0,CE
2016-07-01 11:12:00,143.6,143.6,142.3,143.2,1200,0,8350.0,CE
2016-07-01 11:13:00,143.2,143.2,143.2,143.2,75,0,8350.0,CE
2016-07-01 11:15:00,143.0,143.2,143.0,143.2,150,0,8350.0,CE
2016-07-01 11:16:00,144.0,144.0,144.0,144.0,75,0,8350.0,CE
2016-07-01 11:17:00,143.25,143.25,142.5,142.5,375,0,8350.0,CE
2016-07-01 11:18:00,142.2,143.1,142.05,143.0,375,0,8350.0,CE
2016-07-01 11:19:00,143.05,143.05,143.05,143.05,150,0,8350.0,CE
2016-07-01 11:20:00,143.9,143.95,143.9,143.95,1050,0,8350.0,CE
2016-07-01 11:21:00,142.6,143.75,142.6,142.7,3600,0,8350.0,CE
2016-07-01 11:22:00,142.7,143.5,142.7,143.5,900,0,8350.0,CE
2016-07-01 11:23:00,144.1,144.15,144.0,144.15,450,0,8350.0,CE
2016-07-01 11:24:00,144.8,145.0,144.35,145.0,1950,0,8350.0,CE
2016-07-01 11:25:00,145.0,145.0,145.0,145.0,750,0,8350.0,CE
2016-07-01 11:26:00,145.85,145.85,145.35,145.65,375,0,8350.0,CE
2016-07-01 11:27:00,145.25,146.0,144.45,144.45,1500,0,8350.0,CE
2016-07-01 11:28:00,145.0,145.0,145.0,145.0,150,0,8350.0,CE
2016-07-01 11:29:00,145.5,145.75,144.0,144.0,4200,0,8350.0,CE
2016-07-01 11:30:00,143.1,143.25,143.1,143.25,150,0,8350.0,CE
2016-07-01 11:31:00,142.5,143.2,142.5,143.2,1575,0,8350.0,CE
2016-07-01 11:32:00,142.75,143.0,142.75,143.0,150,0,8350.0,CE
2016-07-01 11:33:00,142.2,142.9,142.2,142.5,750,0,8350.0,CE
2016-07-01 11:34:00,142.85,143.1,142.25,143.1,375,0,8350.0,CE
2016-07-01 11:35:00,142.25,142.65,141.15,141.15,1350,0,8350.0,CE
2016-07-01 11:36:00,141.1,141.1,141.1,141.1,150,0,8350.0,CE
2016-07-01 11:37:00,142.5,142.5,141.8,142.0,375,0,8350.0,CE
2016-07-01 11:39:00,142.5,142.5,142.5,142.5,75,0,8350.0,CE
2016-07-01 11:40:00,142.0,142.4,141.0,141.0,2625,0,8350.0,CE
2016-07-01 11:41:00,141.1,141.1,140.5,140.5,2250,0,8350.0,CE
2016-07-01 11:42:00,140.1,140.6,139.0,139.0,2250,0,8350.0,CE
2016-07-01 11:43:00,139.0,139.0,138.0,138.0,1275,0,8350.0,CE
2016-07-01 11:44:00,138.0,139.75,137.4,139.75,975,0,8350.0,CE
2016-07-01 11:45:00,139.95,140.0,139.95,140.0,225,0,8350.0,CE
2016-07-01 11:46:00,139.65,139.7,139.65,139.7,225,0,8350.0,CE
2016-07-01 11:47:00,139.6,139.6,139.6,139.6,150,0,8350.0,CE
2016-07-01 11:48:00,141.15,141.2,141.15,141.2,450,0,8350.0,CE
2016-07-01 11:51:00,141.9,141.9,141.9,141.9,75,0,8350.0,CE
2016-07-01 11:52:00,141.95,141.95,141.95,141.95,300,0,8350.0,CE
2016-07-01 11:53:00,141.7,143.0,141.7,143.0,600,0,8350.0,CE
2016-07-01 11:54:00,142.75,142.75,142.75,142.75,75,0,8350.0,CE
2016-07-01 11:55:00,142.05,142.05,142.05,142.05,300,0,8350.0,CE
2016-07-01 11:56:00,142.45,142.5,142.45,142.5,300,0,8350.0,CE
2016-07-01 11:57:00,143.15,143.15,143.15,143.15,75,0,8350.0,CE
2016-07-01 11:58:00,143.6,143.6,143.6,143.6,150,0,8350.0,CE
2016-07-01 12:00:00,142.4,142.4,142.4,142.4,75,0,8350.0,CE
2016-07-01 12:01:00,141.9,142.0,141.9,142.0,375,0,8350.0,CE
2016-07-01 12:05:00,143.45,143.45,142.3,143.0,225,0,8350.0,CE
2016-07-01 12:06:00,143.6,143.6,143.6,143.6,600,0,8350.0,CE
2016-07-01 12:07:00,144.0,144.3,144.0,144.0,1275,0,8350.0,CE
2016-07-01 12:08:00,144.7,144.95,144.7,144.95,600,0,8350.0,CE
2016-07-01 12:09:00,144.65,144.75,144.65,144.75,150,0,8350.0,CE
2016-07-01 12:10:00,144.85,145.0,144.75,145.0,1575,0,8350.0,CE
2016-07-01 12:11:00,144.75,145.0,143.75,143.75,2100,0,8350.0,CE
2016-07-01 12:12:00,145.0,145.0,144.85,145.0,450,0,8350.0,CE
2016-07-01 12:13:00,145.15,145.15,144.9,145.0,1275,0,8350.0,CE
2016-07-01 12:14:00,144.9,147.0,144.9,146.35,8025,0,8350.0,CE
2016-07-01 12:15:00,145.55,145.55,144.9,144.9,1275,0,8350.0,CE
2016-07-01 12:16:00,144.65,144.7,144.15,144.35,300,0,8350.0,CE
2016-07-01 12:17:00,144.3,144.65,144.2,144.65,600,0,8350.0,CE
2016-07-01 12:18:00,145.5,145.5,144.2,144.2,1275,0,8350.0,CE
2016-07-01 12:19:00,144.35,144.4,144.35,144.4,300,0,8350.0,CE
2016-07-01 12:20:00,144.4,145.0,144.2,144.2,1800,0,8350.0,CE
2016-07-01 12:21:00,144.0,144.2,144.0,144.2,900,0,8350.0,CE
2016-07-01 12:22:00,143.55,143.55,143.55,143.55,75,0,8350.0,CE
2016-07-01 12:23:00,143.75,144.05,143.75,144.05,150,0,8350.0,CE
2016-07-01 12:24:00,145.0,145.0,145.0,145.0,75,0,8350.0,CE
2016-07-01 12:26:00,144.6,144.6,144.3,144.3,300,0,8350.0,CE
2016-07-01 12:27:00,144.35,144.35,144.35,144.35,75,0,8350.0,CE
2016-07-01 12:28:00,144.85,144.85,144.45,144.45,375,0,8350.0,CE
2016-07-01 12:29:00,144.45,145.3,144.45,144.6,225,0,8350.0,CE
2016-07-01 12:30:00,145.0,146.0,143.5,144.1,3375,0,8350.0,CE
2016-07-01 12:31:00,142.55,142.65,141.0,142.65,3075,0,8350.0,CE
2016-07-01 12:32:00,142.55,142.55,142.55,142.55,300,0,8350.0,CE
2016-07-01 12:33:00,143.55,144.2,143.55,144.2,525,0,8350.0,CE
2016-07-01 12:34:00,142.55,143.0,142.55,142.6,525,0,8350.0,CE
2016-07-01 12:35:00,142.9,142.9,142.0,142.0,750,0,8350.0,CE
2016-07-01 12:36:00,142.3,142.55,142.3,142.55,225,0,8350.0,CE
2016-07-01 12:37:00,142.35,142.35,142.2,142.2,150,0,8350.0,CE
2016-07-01 12:38:00,142.25,142.55,142.25,142.55,450,0,8350.0,CE
2016-07-01 12:39:00,142.0,142.0,141.3,141.3,525,0,8350.0,CE
2016-07-01 12:40:00,141.05,141.05,140.9,140.9,3150,0,8350.0,CE
2016-07-01 12:41:00,140.85,142.35,140.5,142.35,600,0,8350.0,CE
2016-07-01 12:42:00,142.35,142.35,142.0,142.0,300,0,8350.0,CE
2016-07-01 12:43:00,142.0,142.0,140.5,140.5,675,0,8350.0,CE
2016-07-01 12:44:00,140.6,140.7,140.6,140.7,150,0,8350.0,CE
2016-07-01 12:45:00,140.6,140.95,140.5,140.95,750,0,8350.0,CE
2016-07-01 12:46:00,141.6,141.6,141.1,141.1,300,0,8350.0,CE
2016-07-01 12:47:00,141.35,141.95,141.35,141.95,375,0,8350.0,CE
2016-07-01 12:48:00,141.35,142.5,141.0,142.5,300,0,8350.0,CE
2016-07-01 12:49:00,143.35,143.35,141.0,142.2,225,0,8350.0,CE
2016-07-01 12:50:00,141.3,143.25,141.3,142.05,300,0,8350.0,CE
2016-07-01 12:51:00,143.0,143.8,143.0,143.8,450,0,8350.0,CE
2016-07-01 12:52:00,143.1,143.7,143.1,143.7,225,0,8350.0,CE
2016-07-01 12:53:00,143.6,143.6,143.0,143.0,225,0,8350.0,CE
2016-07-01 12:54:00,144.0,144.0,142.0,142.0,675,0,8350.0,CE
2016-07-01 12:55:00,142.0,143.0,142.0,143.0,750,0,8350.0,CE
2016-07-01 12:56:00,144.0,144.0,143.4,143.4,225,0,8350.0,CE
2016-07-01 12:57:00,143.0,143.0,142.9,142.9,150,0,8350.0,CE
2016-07-01 12:58:00,143.95,143.95,143.5,143.5,600,0,8350.0,CE
2016-07-01 12:59:00,144.0,144.0,144.0,144.0,600,0,8350.0,CE
2016-07-01 13:00:00,144.1,144.5,143.05,143.05,600,0,8350.0,CE
2016-07-01 13:01:00,143.25,143.5,143.25,143.25,225,0,8350.0,CE
2016-07-01 13:02:00,144.4,144.4,144.4,144.4,75,0,8350.0,CE
2016-07-01 13:04:00,142.85,142.85,142.85,142.85,75,0,8350.0,CE
2016-07-01 13:05:00,142.0,142.1,141.5,142.1,1800,0,8350.0,CE
2016-07-01 13:07:00,143.25,144.0,143.0,143.0,975,0,8350.0,CE
2016-07-01 13:08:00,142.9,142.9,142.0,142.9,450,0,8350.0,CE
2016-07-01 13:09:00,142.3,142.3,141.5,141.75,750,0,8350.0,CE
2016-07-01 13:10:00,141.55,141.6,141.55,141.6,225,0,8350.0,CE
2016-07-01 13:11:00,143.0,143.35,140.7,140.7,1425,0,8350.0,CE
2016-07-01 13:12:00,140.7,140.8,140.5,140.5,525,0,8350.0,CE
2016-07-01 13:14:00,141.0,141.0,138.0,138.0,4800,0,8350.0,CE
2016-07-01 13:15:00,137.5,137.5,136.0,136.0,2925,0,8350.0,CE
2016-07-01 13:16:00,136.8,136.8,135.0,135.75,5550,0,8350.0,CE
2016-07-01 13:17:00,136.25,137.15,136.0,136.0,900,0,8350.0,CE
2016-07-01 13:18:00,136.3,136.3,133.6,134.0,3450,0,8350.0,CE
2016-07-01 13:19:00,134.0,135.65,133.55,134.0,2400,0,8350.0,CE
2016-07-01 13:20:00,134.0,134.0,131.7,132.0,5100,0,8350.0,CE
2016-07-01 13:21:00,133.55,135.0,132.25,133.0,6300,0,8350.0,CE
2016-07-01 13:22:00,132.0,133.5,131.3,133.1,1125,0,8350.0,CE
2016-07-01 13:23:00,134.25,136.95,134.25,136.5,2775,0,8350.0,CE
2016-07-01 13:24:00,136.15,136.85,135.2,136.0,975,0,8350.0,CE
2016-07-01 13:25:00,136.95,137.0,136.95,137.0,375,0,8350.0,CE
2016-07-01 13:26:00,137.0,138.9,137.0,138.6,750,0,8350.0,CE
2016-07-01 13:27:00,139.0,139.1,139.0,139.0,2175,0,8350.0,CE
2016-07-01 13:28:00,139.5,139.5,139.0,139.0,2625,0,8350.0,CE
2016-07-01 13:29:00,138.45,139.0,138.45,138.55,225,0,8350.0,CE
2016-07-01 13:30:00,138.0,138.3,137.0,137.0,1350,0,8350.0,CE
2016-07-01 13:31:00,137.05,137.7,137.05,137.05,375,0,8350.0,CE
2016-07-01 13:32:00,136.45,136.45,136.0,136.0,225,0,8350.0,CE
2016-07-01 13:34:00,136.25,136.25,136.25,136.25,150,0,8350.0,CE
2016-07-01 13:35:00,136.45,136.45,136.45,136.45,300,0,8350.0,CE
2016-07-01 13:36:00,135.55,137.0,135.55,137.0,300,0,8350.0,CE
2016-07-01 13:37:00,137.5,137.5,137.05,137.05,375,0,8350.0,CE
2016-07-01 13:38:00,137.9,137.9,137.0,137.9,300,0,8350.0,CE
2016-07-01 13:40:00,137.0,137.0,137.0,137.0,225,0,8350.0,CE
2016-07-01 13:42:00,135.9,136.75,135.9,136.75,150,0,8350.0,CE
2016-07-01 13:43:00,137.0,137.25,137.0,137.25,300,0,8350.0,CE
2016-07-01 13:44:00,137.1,138.55,137.1,137.95,300,0,8350.0,CE
2016-07-01 13:45:00,138.8,138.9,138.25,138.9,450,0,8350.0,CE
2016-07-01 13:46:00,139.4,139.5,138.4,139.5,1125,0,8350.0,CE
2016-07-01 13:48:00,139.65,141.0,139.65,141.0,1200,0,8350.0,CE
2016-07-01 13:49:00,141.0,143.0,141.0,142.0,1200,0,8350.0,CE
2016-07-01 13:50:00,141.35,141.95,141.35,141.95,750,0,8350.0,CE
2016-07-01 13:51:00,140.85,142.0,140.85,142.0,450,0,8350.0,CE
2016-07-01 13:52:00,141.7,142.0,141.25,142.0,300,0,8350.0,CE
2016-07-01 13:53:00,142.05,142.95,142.05,142.95,300,0,8350.0,CE
2016-07-01 13:54:00,142.5,143.0,142.05,142.05,1125,0,8350.0,CE
2016-07-01 13:55:00,142.05,142.65,141.45,142.65,1050,0,8350.0,CE
2016-07-01 13:56:00,141.0,141.1,140.95,141.1,225,0,8350.0,CE
2016-07-01 13:57:00,141.0,141.0,141.0,141.0,75,0,8350.0,CE
2016-07-01 13:59:00,141.5,142.2,141.5,142.2,150,0,8350.0,CE
2016-07-01 14:00:00,142.0,142.1,142.0,142.1,150,0,8350.0,CE
2016-07-01 14:01:00,142.3,143.0,142.0,142.5,675,0,8350.0,CE
2016-07-01 14:02:00,143.05,143.5,142.0,143.0,1725,0,8350.0,CE
2016-07-01 14:03:00,143.8,143.8,142.0,142.0,675,0,8350.0,CE
2016-07-01 14:04:00,143.3,143.3,142.0,142.0,150,0,8350.0,CE
2016-07-01 14:05:00,142.25,142.25,142.25,142.25,150,0,8350.0,CE
2016-07-01 14:06:00,141.1,141.45,141.1,141.45,150,0,8350.0,CE
2016-07-01 14:07:00,140.65,140.65,140.0,140.0,1125,0,8350.0,CE
2016-07-01 14:08:00,140.0,140.0,139.75,139.75,675,0,8350.0,CE
2016-07-01 14:09:00,139.0,142.0,139.0,141.85,4800,0,8350.0,CE
2016-07-01 14:10:00,141.1,141.1,139.9,139.9,450,0,8350.0,CE
2016-07-01 14:11:00,139.95,141.7,139.95,140.2,750,0,8350.0,CE
2016-07-01 14:12:00,141.45,141.45,141.45,141.45,300,0,8350.0,CE
2016-07-01 14:13:00,140.9,140.9,140.9,140.9,150,0,8350.0,CE
2016-07-01 14:15:00,138.45,140.0,136.95,140.0,900,0,8350.0,CE
2016-07-01 14:16:00,139.25,139.25,139.0,139.0,300,0,8350.0,CE
2016-07-01 14:18:00,139.65,139.65,137.25,137.25,4050,0,8350.0,CE
2016-07-01 14:19:00,138.25,138.25,138.25,138.25,75,0,8350.0,CE
2016-07-01 14:20:00,139.35,139.35,139.35,139.35,75,0,8350.0,CE
2016-07-01 14:21:00,137.8,138.25,137.8,138.25,975,0,8350.0,CE
2016-07-01 14:22:00,138.0,139.25,138.0,139.25,2100,0,8350.0,CE
2016-07-01 14:23:00,138.65,138.65,138.65,138.65,75,0,8350.0,CE
2016-07-01 14:25:00,138.0,138.0,136.8,136.8,1575,0,8350.0,CE
2016-07-01 14:27:00,138.6,138.6,137.65,137.65,300,0,8350.0,CE
2016-07-01 14:28:00,138.3,138.3,138.15,138.2,300,0,8350.0,CE
2016-07-01 14:29:00,138.05,138.15,137.2,138.15,375,0,8350.0,CE
2016-07-01 14:30:00,137.05,137.05,137.05,137.05,75,0,8350.0,CE
2016-07-01 14:31:00,136.9,137.3,136.9,137.2,525,0,8350.0,CE
2016-07-01 14:32:00,137.45,138.0,137.45,138.0,225,0,8350.0,CE
2016-07-01 14:33:00,138.0,138.95,138.0,138.95,150,0,8350.0,CE
2016-07-01 14:34:00,138.05,138.05,138.0,138.0,600,0,8350.0,CE
2016-07-01 14:35:00,138.0,138.0,134.15,134.15,1650,0,8350.0,CE
2016-07-01 14:36:00,135.3,135.3,134.0,134.0,225,0,8350.0,CE
2016-07-01 14:37:00,134.95,135.0,134.95,135.0,375,0,8350.0,CE
2016-07-01 14:38:00,136.3,136.3,135.95,135.95,750,0,8350.0,CE
2016-07-01 14:39:00,136.0,136.5,136.0,136.5,300,0,8350.0,CE
2016-07-01 14:40:00,136.55,136.55,135.45,135.45,1425,0,8350.0,CE
2016-07-01 14:41:00,137.25,138.0,136.85,137.8,1500,0,8350.0,CE
2016-07-01 14:42:00,137.75,138.95,137.75,138.95,375,0,8350.0,CE
2016-07-01 14:43:00,138.2,138.4,138.0,138.0,300,0,8350.0,CE
2016-07-01 14:44:00,138.4,138.8,138.4,138.8,675,0,8350.0,CE
2016-07-01 14:45:00,137.0,137.95,137.0,137.95,450,0,8350.0,CE
2016-07-01 14:46:00,137.05,137.4,136.6,136.6,1800,0,8350.0,CE
2016-07-01 14:48:00,137.8,137.8,137.8,137.8,75,0,8350.0,CE
2016-07-01 14:49:00,137.0,137.0,136.0,136.0,525,0,8350.0,CE
2016-07-01 14:50:00,135.5,136.5,134.3,136.5,1350,0,8350.0,CE
2016-07-01 14:52:00,136.0,136.2,136.0,136.2,225,0,8350.0,CE
2016-07-01 14:53:00,136.0,136.0,134.1,134.1,375,0,8350.0,CE
2016-07-01 14:54:00,133.4,134.25,132.3,132.3,1800,0,8350.0,CE
2016-07-01 14:55:00,132.0,132.35,131.05,131.45,2100,0,8350.0,CE
2016-07-01 14:56:00,131.05,132.5,131.05,132.5,1050,0,8350.0,CE
2016-07-01 14:57:00,133.45,134.0,132.7,134.0,975,0,8350.0,CE
2016-07-01 14:58:00,134.9,134.95,133.75,134.75,825,0,8350.0,CE
2016-07-01 14:59:00,133.45,133.45,133.3,133.3,150,0,8350.0,CE
2016-07-01 15:00:00,133.1,134.5,133.0,134.5,600,0,8350.0,CE
2016-07-01 15:01:00,134.7,135.0,132.25,132.25,525,0,8350.0,CE
2016-07-01 15:02:00,132.9,132.9,130.25,130.25,1275,0,8350.0,CE
2016-07-01 15:03:00,131.2,132.0,130.3,132.0,1125,0,8350.0,CE
2016-07-01 15:04:00,131.0,131.4,130.95,131.0,1050,0,8350.0,CE
2016-07-01 15:05:00,131.55,131.55,130.55,131.55,675,0,8350.0,CE
2016-07-01 15:06:00,131.35,132.0,131.15,132.0,300,0,8350.0,CE
2016-07-01 15:08:00,133.1,133.25,131.8,133.0,1125,0,8350.0,CE
2016-07-01 15:09:00,132.95,132.95,131.2,131.2,525,0,8350.0,CE
2016-07-01 15:10:00,131.05,132.0,130.5,131.55,1050,0,8350.0,CE
2016-07-01 15:11:00,131.5,132.0,131.5,132.0,375,0,8350.0,CE
2016-07-01 15:12:00,131.65,132.5,131.15,132.0,300,0,8350.0,CE
2016-07-01 15:13:00,132.0,132.65,131.8,132.65,975,0,8350.0,CE
2016-07-01 15:14:00,133.0,133.0,132.95,132.95,600,0,8350.0,CE
2016-07-01 15:15:00,132.95,132.95,131.45,131.5,900,0,8350.0,CE
2016-07-01 15:16:00,132.3,132.45,131.5,132.0,750,0,8350.0,CE
2016-07-01 15:17:00,132.0,132.3,131.5,131.5,450,0,8350.0,CE
2016-07-01 15:18:00,131.15,131.9,130.6,130.95,3900,0,8350.0,CE
2016-07-01 15:19:00,131.0,131.0,129.9,129.9,5550,0,8350.0,CE
2016-07-01 15:20:00,130.0,131.0,129.85,130.65,2700,0,8350.0,CE
2016-07-01 15:21:00,130.0,130.0,128.5,129.95,3750,0,8350.0,CE
2016-07-01 15:22:00,130.0,130.95,129.45,130.95,1875,0,8350.0,CE
2016-07-01 15:23:00,129.8,131.0,129.8,130.65,1200,0,8350.0,CE
2016-07-01 15:24:00,131.0,131.0,130.1,131.0,900,0,8350.0,CE
2016-07-01 15:25:00,130.6,131.5,130.6,131.4,1275,0,8350.0,CE
2016-07-01 15:26:00,131.4,132.0,131.1,131.95,2100,0,8350.0,CE
2016-07-01 15:27:00,131.95,132.0,131.0,132.0,3600,0,8350.0,CE
2016-07-01 15:28:00,131.4,132.05,131.4,132.05,10050,0,8350.0,CE
2016-07-01 15:29:00,132.0,134.0,131.4,134.0,14025,0,8350.0,CE
2016-07-04 09:15:00,149.5,158.1,146.4,151.75,4350,0,8350.0,CE
2016-07-04 09:16:00,149.6,151.4,149.6,150.0,3075,0,8350.0,CE
2016-07-04 09:17:00,150.05,150.85,149.05,149.05,1875,0,8350.0,CE
2016-07-04 09:18:00,149.0,151.0,149.0,151.0,3150,0,8350.0,CE
2016-07-04 09:19:00,152.0,153.5,151.1,152.35,2700,0,8350.0,CE
2016-07-04 09:20:00,152.3,153.9,152.3,152.8,1800,0,8350.0,CE
2016-07-04 09:21:00,152.3,152.3,149.05,150.0,10200,0,8350.0,CE
2016-07-04 09:22:00,149.0,150.0,149.0,149.05,5550,0,8350.0,CE
2016-07-04 09:23:00,150.0,151.6,149.75,150.5,3675,0,8350.0,CE
2016-07-04 09:24:00,150.05,151.3,150.0,150.0,2325,0,8350.0,CE
2016-07-04 09:25:00,150.0,150.9,150.0,150.0,2025,0,8350.0,CE
2016-07-04 09:26:00,149.35,150.0,149.0,149.0,600,0,8350.0,CE
2016-07-04 09:27:00,149.0,149.0,149.0,149.0,600,0,8350.0,CE
2016-07-04 09:28:00,149.85,151.05,149.5,149.75,900,0,8350.0,CE
2016-07-04 09:29:00,149.6,149.95,148.0,148.0,3000,0,8350.0,CE
2016-07-04 09:30:00,148.8,149.55,148.4,149.35,450,0,8350.0,CE
2016-07-04 09:31:00,149.0,149.0,148.1,148.45,600,0,8350.0,CE
2016-07-04 09:32:00,149.45,149.8,148.5,148.65,1200,0,8350.0,CE
2016-07-04 09:33:00,149.6,151.95,149.0,151.25,7050,0,8350.0,CE
2016-07-04 09:34:00,152.0,154.0,151.25,154.0,2850,0,8350.0,CE
2016-07-04 09:35:00,153.45,155.0,153.45,155.0,4425,0,8350.0,CE
2016-07-04 09:36:00,155.0,155.35,154.4,155.0,8925,0,8350.0,CE
2016-07-04 09:37:00,154.4,154.6,152.25,153.8,2100,0,8350.0,CE
2016-07-04 09:38:00,153.0,153.45,152.2,152.2,450,0,8350.0,CE
2016-07-04 09:39:00,152.05,152.05,151.0,152.0,1425,0,8350.0,CE
2016-07-04 09:40:00,152.0,152.55,150.3,150.3,675,0,8350.0,CE
2016-07-04 09:41:00,151.8,151.8,150.45,151.5,2325,0,8350.0,CE
2016-07-04 09:42:00,151.0,152.0,151.0,151.55,2025,0,8350.0,CE
2016-07-04 09:43:00,152.0,152.0,151.5,151.5,225,0,8350.0,CE
2016-07-04 09:45:00,152.45,152.45,152.45,152.45,150,0,8350.0,CE
2016-07-04 09:46:00,152.0,152.95,151.85,152.95,1425,0,8350.0,CE
2016-07-04 09:47:00,152.05,152.3,152.0,152.3,450,0,8350.0,CE
2016-07-04 09:48:00,151.5,152.0,151.5,152.0,300,0,8350.0,CE
2016-07-04 09:49:00,151.5,151.5,151.5,151.5,1125,0,8350.0,CE
2016-07-04 09:50:00,152.0,152.5,151.75,151.75,300,0,8350.0,CE
2016-07-04 09:51:00,152.0,152.8,152.0,152.2,300,0,8350.0,CE
2016-07-04 09:52:00,151.8,152.2,151.7,152.2,525,0,8350.0,CE
2016-07-04 09:53:00,150.8,151.05,150.15,150.15,525,0,8350.0,CE
2016-07-04 09:54:00,150.15,151.5,150.05,151.5,675,0,8350.0,CE
2016-07-04 09:55:00,150.0,150.6,149.0,149.0,450,0,8350.0,CE
2016-07-04 09:56:00,149.05,149.65,149.05,149.1,375,0,8350.0,CE
2016-07-04 09:57:00,149.95,150.0,149.0,149.95,2100,0,8350.0,CE
2016-07-04 09:58:00,148.45,148.55,147.15,147.15,2325,0,8350.0,CE
2016-07-04 09:59:00,147.1,148.0,147.1,147.3,675,0,8350.0,CE
2016-07-04 10:00:00,147.3,147.3,146.0,146.0,2775,0,8350.0,CE
2016-07-04 10:01:00,145.0,145.0,143.35,144.95,1650,0,8350.0,CE
2016-07-04 10:02:00,144.0,146.0,144.0,144.05,1125,0,8350.0,CE
2016-07-04 10:03:00,144.7,146.0,144.7,146.0,600,0,8350.0,CE
2016-07-04 10:04:00,146.05,146.05,145.0,145.0,825,0,8350.0,CE
2016-07-04 10:05:00,145.0,146.7,144.5,146.7,2925,0,8350.0,CE
2016-07-04 10:06:00,146.75,148.0,146.75,148.0,4125,0,8350.0,CE
2016-07-04 10:07:00,147.5,148.45,147.1,148.35,600,0,8350.0,CE
2016-07-04 10:08:00,147.8,148.45,147.8,148.45,225,0,8350.0,CE
2016-07-04 10:09:00,147.5,147.95,147.5,147.95,300,0,8350.0,CE
2016-07-04 10:10:00,148.0,149.45,148.0,149.35,375,0,8350.0,CE
2016-07-04 10:11:00,149.0,149.0,149.0,149.0,75,0,8350.0,CE
2016-07-04 10:12:00,149.0,149.2,149.0,149.2,150,0,8350.0,CE
2016-07-04 10:13:00,148.25,148.5,148.1,148.5,450,0,8350.0,CE
2016-07-04 10:14:00,149.0,149.0,148.25,148.25,675,0,8350.0,CE
2016-07-04 10:15:00,148.25,148.95,148.1,148.95,600,0,8350.0,CE
2016-07-04 10:16:00,149.0,149.8,148.2,148.9,1950,0,8350.0,CE
2016-07-04 10:17:00,149.25,149.25,149.25,149.25,75,0,8350.0,CE
2016-07-04 10:18:00,149.5,149.5,149.5,149.5,150,0,8350.0,CE
2016-07-04 10:19:00,150.0,150.95,149.0,149.85,1875,0,8350.0,CE
2016-07-04 10:20:00,149.5,149.7,149.5,149.7,450,0,8350.0,CE
2016-07-04 10:21:00,148.9,149.9,148.9,149.9,150,0,8350.0,CE
2016-07-04 10:23:00,149.95,152.0,149.95,151.2,1650,0,8350.0,CE
2016-07-04 10:24:00,152.0,153.0,152.0,152.0,825,0,8350.0,CE
2016-07-04 10:25:00,152.1,152.1,150.65,150.65,1125,0,8350.0,CE
2016-07-04 10:26:00,150.75,150.8,150.75,150.8,300,0,8350.0,CE
2016-07-04 10:27:00,153.95,153.95,153.0,153.0,3150,0,8350.0,CE
2016-07-04 10:28:00,154.0,154.0,152.8,152.8,825,0,8350.0,CE
2016-07-04 10:29:00,153.45,153.9,152.05,152.05,825,0,8350.0,CE
2016-07-04 10:30:00,152.8,152.8,149.8,149.8,675,0,8350.0,CE
2016-07-04 10:31:00,149.95,149.95,148.5,148.5,450,0,8350.0,CE
2016-07-04 10:32:00,149.5,149.5,149.4,149.4,150,0,8350.0,CE
2016-07-04 10:33:00,149.95,151.0,148.6,151.0,825,0,8350.0,CE
2016-07-04 10:34:00,150.25,150.25,150.25,150.25,75,0,8350.0,CE
2016-07-04 10:35:00,149.5,149.5,148.85,148.85,375,0,8350.0,CE
2016-07-04 10:36:00,149.85,149.85,149.85,149.85,75,0,8350.0,CE
2016-07-04 10:37:00,149.5,150.0,149.5,150.0,300,0,8350.0,CE
2016-07-04 10:38:00,151.0,151.3,150.55,150.55,600,0,8350.0,CE
2016-07-04 10:39:00,151.95,152.0,151.0,151.0,450,0,8350.0,CE
2016-07-04 10:40:00,151.0,151.0,150.5,150.5,150,0,8350.0,CE
2016-07-04 10:41:00,150.0,151.1,150.0,150.05,225,0,8350.0,CE
2016-07-04 10:42:00,151.45,151.45,151.45,151.45,150,0,8350.0,CE
2016-07-04 10:43:00,151.1,151.1,151.1,151.1,75,0,8350.0,CE
2016-07-04 10:44:00,151.0,151.0,150.3,150.3,225,0,8350.0,CE
2016-07-04 10:46:00,150.3,150.3,150.3,150.3,375,0,8350.0,CE
2016-07-04 10:47:00,151.0,151.25,151.0,151.25,150,0,8350.0,CE
2016-07-04 10:48:00,151.8,151.8,151.8,151.8,75,0,8350.0,CE
2016-07-04 10:49:00,150.7,150.7,150.7,150.7,75,0,8350.0,CE
2016-07-04 10:50:00,151.3,151.3,150.85,150.95,1350,0,8350.0,CE
2016-07-04 10:51:00,152.0,152.0,152.0,152.0,75,0,8350.0,CE
2016-07-04 10:52:00,151.85,151.9,151.85,151.9,375,0,8350.0,CE
2016-07-04 10:53:00,152.5,152.85,152.5,152.85,150,0,8350.0,CE
2016-07-04 10:54:00,153.0,153.45,152.0,152.0,1275,0,8350.0,CE
2016-07-04 10:55:00,152.0,152.0,152.0,152.0,75,0,8350.0,CE
2016-07-04 10:57:00,152.0,152.5,151.0,151.0,450,0,8350.0,CE
2016-07-04 10:58:00,150.0,150.0,150.0,150.0,75,0,8350.0,CE
2016-07-04 10:59:00,151.45,151.45,150.05,150.05,1125,0,8350.0,CE
2016-07-04 11:00:00,151.2,151.2,151.2,151.2,150,0,8350.0,CE
2016-07-04 11:01:00,151.0,151.0,151.0,151.0,75,0,8350.0,CE
2016-07-04 11:02:00,151.85,151.85,151.85,151.85,75,0,8350.0,CE
2016-07-04 11:04:00,151.5,151.55,151.0,151.3,1050,0,8350.0,CE
2016-07-04 11:05:00,151.05,151.4,151.05,151.4,300,0,8350.0,CE
2016-07-04 11:06:00,151.2,151.2,151.2,151.2,450,0,8350.0,CE
2016-07-04 11:07:00,151.8,152.5,151.6,152.0,750,0,8350.0,CE
2016-07-04 11:08:00,152.5,152.5,151.05,151.05,225,0,8350.0,CE
2016-07-04 11:10:00,152.95,153.9,152.95,153.9,1650,0,8350.0,CE
2016-07-04 11:14:00,151.55,151.55,151.55,151.55,75,0,8350.0,CE
2016-07-04 11:15:00,151.0,151.0,149.8,149.8,450,0,8350.0,CE
2016-07-04 11:16:00,149.0,149.0,148.85,148.85,525,0,8350.0,CE
2016-07-04 11:17:00,150.0,150.0,150.0,150.0,525,0,8350.0,CE
2016-07-04 11:18:00,149.7,149.8,149.7,149.8,675,0,8350.0,CE
2016-07-04 11:20:00,149.25,149.25,149.25,149.25,75,0,8350.0,CE
2016-07-04 11:22:00,149.0,149.0,149.0,149.0,75,0,8350.0,CE
2016-07-04 11:23:00,150.0,151.0,150.0,151.0,225,0,8350.0,CE
2016-07-04 11:24:00,150.0,150.0,150.0,150.0,150,0,8350.0,CE
2016-07-04 11:26:00,148.55,148.55,148.55,148.55,75,0,8350.0,CE
2016-07-04 11:28:00,150.0,150.95,150.0,150.95,225,0,8350.0,CE
2016-07-04 11:29:00,151.0,151.1,151.0,151.1,225,0,8350.0,CE
2016-07-04 11:30:00,152.05,153.0,152.0,152.05,600,0,8350.0,CE
2016-07-04 11:31:00,153.0,153.0,152.05,152.95,1050,0,8350.0,CE
2016-07-04 11:32:00,151.45,151.45,151.45,151.45,375,0,8350.0,CE
2016-07-04 11:34:00,150.0,150.0,150.0,150.0,150,0,8350.0,CE
2016-07-04 11:35:00,150.0,150.0,150.0,150.0,75,0,8350.0,CE
2016-07-04 11:36:00,150.0,150.0,149.3,150.0,750,0,8350.0,CE
2016-07-04 11:37:00,150.0,150.25,150.0,150.25,900,0,8350.0,CE
2016-07-04 11:38:00,149.05,149.05,149.05,149.05,75,0,8350.0,CE
2016-07-04 11:39:00,149.25,149.25,148.8,149.0,525,0,8350.0,CE
2016-07-04 11:40:00,149.5,149.5,148.7,149.0,825,0,8350.0,CE
2016-07-04 11:41:00,149.35,149.35,149.35,149.35,75,0,8350.0,CE
2016-07-04 11:42:00,149.0,149.5,149.0,149.5,675,0,8350.0,CE
2016-07-04 11:43:00,149.5,149.5,149.5,149.5,75,0,8350.0,CE
2016-07-04 11:44:00,150.7,150.7,150.7,150.7,225,0,8350.0,CE
2016-07-04 11:45:00,151.15,151.5,151.15,151.5,375,0,8350.0,CE
2016-07-04 11:46:00,152.0,152.65,152.0,152.65,150,0,8350.0,CE
2016-07-04 11:48:00,151.5,151.5,151.5,151.5,150,0,8350.0,CE
2016-07-04 11:49:00,152.65,152.65,152.6,152.6,600,0,8350.0,CE
2016-07-04 11:50:00,152.65,152.65,152.2,152.2,450,0,8350.0,CE
2016-07-04 11:52:00,151.55,152.0,150.9,150.9,825,0,8350.0,CE
2016-07-04 11:53:00,150.0,150.0,150.0,150.0,600,0,8350.0,CE
2016-07-04 11:55:00,150.05,150.05,150.0,150.0,150,0,8350.0,CE
2016-07-04 11:56:00,150.55,150.55,150.55,150.55,75,0,8350.0,CE
2016-07-04 11:57:00,151.0,151.0,150.05,150.05,150,0,8350.0,CE
2016-07-04 11:58:00,150.0,150.0,150.0,150.0,225,0,8350.0,CE
2016-07-04 12:00:00,150.05,150.05,150.05,150.05,75,0,8350.0,CE
2016-07-04 12:01:00,150.0,151.3,150.0,151.3,600,0,8350.0,CE
2016-07-04 12:03:00,150.5,150.5,150.5,150.5,75,0,8350.0,CE
2016-07-04 12:04:00,150.95,151.5,150.95,151.5,1275,0,8350.0,CE
2016-07-04 12:05:00,150.9,150.9,150.9,150.9,75,0,8350.0,CE
2016-07-04 12:07:00,151.2,151.2,151.2,151.2,75,0,8350.0,CE
2016-07-04 12:08:00,150.5,150.5,150.5,150.5,75,0,8350.0,CE
2016-07-04 12:09:00,151.0,151.0,151.0,151.0,150,0,8350.0,CE
2016-07-04 12:10:00,150.05,150.05,150.05,150.05,75,0,8350.0,CE
2016-07-04 12:11:00,150.0,150.0,150.0,150.0,450,0,8350.0,CE
2016-07-04 12:14:00,151.5,151.5,151.5,151.5,225,0,8350.0,CE
2016-07-04 12:15:00,151.55,153.0,151.55,152.95,1275,0,8350.0,CE
2016-07-04 12:16:00,152.15,152.2,152.15,152.2,150,0,8350.0,CE
2016-07-04 12:17:00,152.05,152.05,152.05,152.05,75,0,8350.0,CE
2016-07-04 12:19:00,152.7,153.0,152.7,153.0,300,0,8350.0,CE
2016-07-04 12:20:00,153.05,155.9,153.05,154.55,7275,0,8350.0,CE
2016-07-04 12:21:00,154.0,154.0,154.0,154.0,150,0,8350.0,CE
2016-07-04 12:22:00,154.0,155.0,154.0,155.0,225,0,8350.0,CE
2016-07-04 12:23:00,155.0,155.75,155.0,155.75,675,0,8350.0,CE
2016-07-04 12:24:00,155.7,155.7,155.35,155.7,2400,0,8350.0,CE
2016-07-04 12:25:00,155.0,155.0,153.55,153.55,300,0,8350.0,CE
2016-07-04 12:26:00,153.6,154.15,153.6,154.15,225,0,8350.0,CE
2016-07-04 12:29:00,153.95,153.95,153.95,153.95,75,0,8350.0,CE
2016-07-04 12:30:00,152.5,152.5,152.5,152.5,75,0,8350.0,CE
2016-07-04 12:31:00,152.45,152.45,151.3,151.35,675,0,8350.0,CE
2016-07-04 12:33:00,152.1,153.0,152.1,153.0,450,0,8350.0,CE
2016-07-04 12:34:00,151.6,151.6,151.6,151.6,75,0,8350.0,CE
2016-07-04 12:35:00,151.35,151.35,151.35,151.35,75,0,8350.0,CE
2016-07-04 12:37:00,152.05,152.05,152.05,152.05,75,0,8350.0,CE
2016-07-04 12:38:00,151.8,151.8,151.8,151.8,75,0,8350.0,CE
2016-07-04 12:39:00,152.05,152.25,151.15,152.25,300,0,8350.0,CE
2016-07-04 12:40:00,151.65,151.65,151.65,151.65,75,0,8350.0,CE
2016-07-04 12:41:00,151.1,153.55,151.1,153.55,525,0,8350.0,CE
2016-07-04 12:42:00,153.2,153.2,152.55,152.55,525,0,8350.0,CE
2016-07-04 12:44:00,151.5,151.5,151.1,151.1,150,0,8350.0,CE
2016-07-04 12:45:00,149.2,150.0,149.05,150.0,1200,0,8350.0,CE
2016-07-04 12:47:00,149.0,149.3,148.5,148.5,600,0,8350.0,CE
2016-07-04 12:48:00,148.5,149.2,148.5,148.5,225,0,8350.0,CE
2016-07-04 12:49:00,148.55,148.55,147.0,147.95,450,0,8350.0,CE
2016-07-04 12:50:00,148.0,148.0,148.0,148.0,75,0,8350.0,CE
2016-07-04 12:51:00,145.8,145.8,145.8,145.8,150,0,8350.0,CE
2016-07-04 12:52:00,146.0,146.0,145.6,145.6,300,0,8350.0,CE
2016-07-04 12:53:00,145.0,146.0,145.0,146.0,375,0,8350.0,CE
2016-07-04 12:54:00,145.8,145.8,144.5,144.5,600,0,8350.0,CE
2016-07-04 12:55:00,147.0,147.0,146.25,146.25,150,0,8350.0,CE
2016-07-04 12:56:00,146.8,147.1,146.25,147.1,225,0,8350.0,CE
2016-07-04 12:57:00,146.65,147.5,146.1,147.5,825,0,8350.0,CE
2016-07-04 12:58:00,146.55,147.3,145.55,146.3,1200,0,8350.0,CE
2016-07-04 12:59:00,145.9,145.9,145.9,145.9,150,0,8350.0,CE
2016-07-04 13:01:00,146.0,146.0,146.0,146.0,225,0,8350.0,CE
2016-07-04 13:02:00,147.2,147.2,147.2,147.2,75,0,8350.0,CE
2016-07-04 13:03:00,147.5,147.5,147.35,147.35,600,0,8350.0,CE
2016-07-04 13:04:00,146.7,146.7,146.5,146.5,300,0,8350.0,CE
2016-07-04 13:06:00,147.4,147.4,147.4,147.4,150,0,8350.0,CE
2016-07-04 13:07:00,146.0,146.0,146.0,146.0,300,0,8350.0,CE
2016-07-04 13:08:00,145.35,146.2,145.0,145.0,900,0,8350.0,CE
2016-07-04 13:09:00,145.5,145.5,145.2,145.2,375,0,8350.0,CE
2016-07-04 13:10:00,145.0,145.0,142.6,142.6,1950,0,8350.0,CE
2016-07-04 13:11:00,142.5,142.5,141.0,141.0,450,0,8350.0,CE
2016-07-04 13:12:00,140.7,140.7,139.7,140.7,1875,0,8350.0,CE
2016-07-04 13:13:00,140.55,141.4,140.55,141.4,150,0,8350.0,CE
2016-07-04 13:14:00,141.65,143.6,141.0,143.6,675,0,8350.0,CE
2016-07-04 13:15:00,142.45,143.4,142.45,143.4,225,0,8350.0,CE
2016-07-04 13:16:00,143.0,143.0,143.0,143.0,525,0,8350.0,CE
2016-07-04 13:17:00,144.25,144.25,144.25,144.25,300,0,8350.0,CE
2016-07-04 13:18:00,144.65,144.65,143.0,143.0,300,0,8350.0,CE
2016-07-04 13:19:00,143.55,143.55,143.55,143.55,75,0,8350.0,CE
2016-07-04 13:20:00,144.0,144.0,144.0,144.0,75,0,8350.0,CE
2016-07-04 13:21:00,144.5,144.85,144.5,144.5,375,0,8350.0,CE
2016-07-04 13:22:00,145.95,145.95,144.3,144.3,675,0,8350.0,CE
2016-07-04 13:23:00,144.0,144.3,144.0,144.0,1650,0,8350.0,CE
2016-07-04 13:26:00,143.5,143.5,143.5,143.5,150,0,8350.0,CE
2016-07-04 13:27:00,141.4,141.4,141.4,141.4,75,0,8350.0,CE
2016-07-04 13:30:00,142.0,142.0,142.0,142.0,75,0,8350.0,CE
2016-07-04 13:31:00,143.95,143.95,143.55,143.55,150,0,8350.0,CE
2016-07-04 13:34:00,143.65,143.65,143.65,143.65,75,0,8350.0,CE
2016-07-04 13:36:00,145.15,145.15,145.15,145.15,600,0,8350.0,CE
2016-07-04 13:37:00,145.0,145.6,144.15,145.55,750,0,8350.0,CE
2016-07-04 13:38:00,145.0,145.0,145.0,145.0,75,0,8350.0,CE
2016-07-04 13:39:00,144.0,144.0,144.0,144.0,75,0,8350.0,CE
2016-07-04 13:40:00,143.75,143.75,143.7,143.7,825,0,8350.0,CE
2016-07-04 13:42:00,143.0,143.0,136.75,136.75,2025,0,8350.0,CE
2016-07-04 13:43:00,138.85,138.85,138.85,138.85,75,0,8350.0,CE
2016-07-04 13:44:00,140.55,140.55,138.0,138.0,2100,0,8350.0,CE
2016-07-04 13:45:00,138.0,140.05,138.0,140.05,2250,0,8350.0,CE
2016-07-04 13:46:00,139.9,139.9,139.9,139.9,75,0,8350.0,CE
2016-07-04 13:47:00,140.0,141.0,139.95,141.0,375,0,8350.0,CE
2016-07-04 13:48:00,141.5,141.5,141.5,141.5,225,0,8350.0,CE
2016-07-04 13:50:00,141.35,143.0,141.35,143.0,300,0,8350.0,CE
2016-07-04 13:52:00,142.9,142.9,141.95,141.95,3600,0,8350.0,CE
2016-07-04 13:53:00,141.1,141.1,140.15,140.15,450,0,8350.0,CE
2016-07-04 13:54:00,140.55,141.05,140.55,141.05,150,0,8350.0,CE
2016-07-04 13:55:00,141.0,141.75,141.0,141.75,150,0,8350.0,CE
2016-07-04 13:56:00,140.05,140.05,140.05,140.05,75,0,8350.0,CE
2016-07-04 13:57:00,141.0,141.8,141.0,141.8,525,0,8350.0,CE
2016-07-04 13:58:00,141.2,141.2,141.2,141.2,450,0,8350.0,CE
2016-07-04 13:59:00,141.45,142.5,141.45,142.5,375,0,8350.0,CE
2016-07-04 14:00:00,143.0,144.0,143.0,144.0,1950,0,8350.0,CE
2016-07-04 14:01:00,146.0,147.95,146.0,146.55,1500,0,8350.0,CE
2016-07-04 14:02:00,146.0,146.0,145.15,145.75,375,0,8350.0,CE
2016-07-04 14:03:00,145.65,147.2,145.65,146.85,225,0,8350.0,CE
2016-07-04 14:04:00,146.5,147.25,146.1,146.1,600,0,8350.0,CE
2016-07-04 14:05:00,143.45,143.45,143.45,143.45,150,0,8350.0,CE
2016-07-04 14:06:00,144.0,144.0,144.0,144.0,75,0,8350.0,CE
2016-07-04 14:10:00,142.25,142.25,142.1,142.1,150,0,8350.0,CE
2016-07-04 14:12:00,142.5,142.5,142.5,142.5,75,0,8350.0,CE
2016-07-04 14:13:00,143.0,143.0,143.0,143.0,75,0,8350.0,CE
2016-07-04 14:14:00,144.85,145.0,143.9,143.9,525,0,8350.0,CE
2016-07-04 14:15:00,143.9,143.9,143.9,143.9,75,0,8350.0,CE
2016-07-04 14:16:00,144.9,144.9,144.75,144.75,1875,0,8350.0,CE
2016-07-04 14:17:00,144.8,145.0,144.8,145.0,300,0,8350.0,CE
2016-07-04 14:18:00,144.9,145.0,144.9,145.0,150,0,8350.0,CE
2016-07-04 14:19:00,146.3,146.3,146.3,146.3,150,0,8350.0,CE
2016-07-04 14:20:00,146.3,146.5,146.3,146.5,150,0,8350.0,CE
2016-07-04 14:21:00,146.3,146.3,145.15,145.15,675,0,8350.0,CE
2016-07-04 14:22:00,145.1,145.1,142.5,142.5,300,0,8350.0,CE
2016-07-04 14:23:00,143.0,143.0,140.0,141.05,2325,0,8350.0,CE
2016-07-04 14:24:00,141.75,142.85,141.75,142.85,225,0,8350.0,CE
2016-07-04 14:27:00,144.0,144.0,144.0,144.0,75,0,8350.0,CE
2016-07-04 14:28:00,143.75,143.75,143.35,143.35,2250,0,8350.0,CE
2016-07-04 14:29:00,143.0,143.0,141.8,141.8,300,0,8350.0,CE
2016-07-04 14:30:00,141.8,142.8,141.8,142.65,225,0,8350.0,CE
2016-07-04 14:31:00,142.95,142.95,142.95,142.95,150,0,8350.0,CE
2016-07-04 14:33:00,142.0,142.0,141.8,141.8,450,0,8350.0,CE
2016-07-04 14:34:00,143.0,143.0,143.0,143.0,75,0,8350.0,CE
2016-07-04 14:35:00,143.85,144.0,142.75,144.0,1200,0,8350.0,CE
2016-07-04 14:36:00,143.15,143.15,143.15,143.15,150,0,8350.0,CE
2016-07-04 14:39:00,141.0,141.55,141.0,141.55,1050,0,8350.0,CE
2016-07-04 14:42:00,141.95,142.0,141.95,141.95,150,0,8350.0,CE
2016-07-04 14:43:00,143.15,144.3,143.15,144.25,300,0,8350.0,CE
2016-07-04 14:44:00,143.5,143.5,143.5,143.5,150,0,8350.0,CE
2016-07-04 14:45:00,142.85,142.85,142.85,142.85,75,0,8350.0,CE
2016-07-04 14:46:00,143.2,143.2,142.5,142.5,225,0,8350.0,CE
2016-07-04 14:47:00,142.6,142.6,142.6,142.6,75,0,8350.0,CE
2016-07-04 14:49:00,142.6,142.9,142.6,142.85,225,0,8350.0,CE
2016-07-04 14:50:00,142.0,142.0,140.5,140.5,450,0,8350.0,CE
2016-07-04 14:52:00,140.05,141.2,140.05,141.2,525,0,8350.0,CE
2016-07-04 14:53:00,140.15,141.0,140.1,141.0,375,0,8350.0,CE
2016-07-04 14:54:00,140.05,141.0,140.05,141.0,7575,0,8350.0,CE
2016-07-04 14:55:00,140.95,141.0,140.95,141.0,150,0,8350.0,CE
2016-07-04 14:56:00,142.2,142.2,142.2,142.2,75,0,8350.0,CE
2016-07-04 14:57:00,142.95,142.95,142.95,142.95,75,0,8350.0,CE
2016-07-04 14:59:00,142.9,142.9,141.5,141.5,225,0,8350.0,CE
2016-07-04 15:00:00,142.8,143.5,142.8,143.5,300,0,8350.0,CE
2016-07-04 15:01:00,143.9,143.9,142.65,142.95,450,0,8350.0,CE
2016-07-04 15:02:00,143.1,143.1,141.75,141.75,375,0,8350.0,CE
2016-07-04 15:03:00,143.5,143.5,141.5,142.15,2400,0,8350.0,CE
2016-07-04 15:05:00,143.3,143.3,143.3,143.3,150,0,8350.0,CE
2016-07-04 15:06:00,142.65,142.65,141.05,141.05,300,0,8350.0,CE
2016-07-04 15:08:00,141.65,142.65,141.65,142.65,225,0,8350.0,CE
2016-07-04 15:09:00,143.25,143.25,142.05,142.1,450,0,8350.0,CE
2016-07-04 15:10:00,142.05,142.05,142.05,142.05,75,0,8350.0,CE
2016-07-04 15:11:00,142.05,142.15,141.9,142.15,1425,0,8350.0,CE
2016-07-04 15:12:00,141.9,142.95,141.4,141.4,975,0,8350.0,CE
2016-07-04 15:13:00,141.05,141.05,140.85,140.85,2025,0,8350.0,CE
2016-07-04 15:14:00,141.0,141.8,141.0,141.8,300,0,8350.0,CE
2016-07-04 15:15:00,141.25,141.8,140.8,141.7,750,0,8350.0,CE
2016-07-04 15:16:00,141.95,141.95,140.9,140.9,750,0,8350.0,CE
2016-07-04 15:17:00,140.9,141.0,140.5,141.0,1500,0,8350.0,CE
2016-07-04 15:18:00,140.6,140.6,140.6,140.6,300,0,8350.0,CE
2016-07-04 15:19:00,141.0,142.8,140.95,141.8,2625,0,8350.0,CE
2016-07-04 15:20:00,142.0,142.0,141.75,141.95,525,0,8350.0,CE
2016-07-04 15:21:00,142.4,142.8,142.0,142.8,1800,0,8350.0,CE
2016-07-04 15:22:00,143.0,143.55,142.45,143.0,1275,0,8350.0,CE
2016-07-04 15:23:00,143.45,143.45,142.5,143.0,525,0,8350.0,CE
2016-07-04 15:24:00,143.0,143.0,142.5,142.85,900,0,8350.0,CE
2016-07-04 15:25:00,142.05,142.05,141.9,141.95,4800,0,8350.0,CE
2016-07-04 15:26:00,141.9,141.9,141.25,141.75,1725,0,8350.0,CE
2016-07-04 15:27:00,141.65,142.7,140.35,142.7,2175,0,8350.0,CE
2016-07-04 15:28:00,142.75,142.75,140.25,140.5,2100,0,8350.0,CE
2016-07-04 15:29:00,140.25,142.8,140.25,142.0,750,0,8350.0,CE
2016-07-05 09:15:00,133.65,133.65,125.05,130.0,4275,0,8350.0,CE
2016-07-05 09:16:00,129.9,129.9,126.75,128.7,4275,0,8350.0,CE
2016-07-05 09:17:00,128.65,129.95,128.5,129.95,1350,0,8350.0,CE
2016-07-05 09:18:00,130.0,130.0,129.5,130.0,1575,0,8350.0,CE
2016-07-05 09:19:00,130.0,130.45,129.25,129.25,1125,0,8350.0,CE
2016-07-05 09:20:00,128.65,129.0,127.65,128.15,1650,0,8350.0,CE
2016-07-05 09:21:00,127.6,128.0,126.85,127.9,4350,0,8350.0,CE
2016-07-05 09:22:00,127.9,130.0,127.9,129.7,3300,0,8350.0,CE
2016-07-05 09:23:00,130.15,130.15,129.0,129.0,3000,0,8350.0,CE
2016-07-05 09:24:00,129.0,129.0,128.5,128.5,225,0,8350.0,CE
2016-07-05 09:25:00,129.0,129.0,126.8,126.85,2325,0,8350.0,CE
2016-07-05 09:26:00,126.0,127.8,126.0,126.95,1200,0,8350.0,CE
2016-07-05 09:27:00,126.0,126.0,125.0,125.55,975,0,8350.0,CE
2016-07-05 09:28:00,125.5,126.8,125.5,126.8,375,0,8350.0,CE
2016-07-05 09:29:00,126.3,126.55,126.05,126.55,375,0,8350.0,CE
2016-07-05 09:30:00,127.2,127.4,126.65,127.0,375,0,8350.0,CE
2016-07-05 09:31:00,126.5,126.5,126.5,126.5,750,0,8350.0,CE
2016-07-05 09:32:00,126.5,126.5,125.0,126.1,7725,0,8350.0,CE
2016-07-05 09:33:00,125.7,126.05,124.0,125.7,4275,0,8350.0,CE
2016-07-05 09:34:00,125.35,126.65,125.35,126.0,2100,0,8350.0,CE
2016-07-05 09:35:00,126.25,126.65,126.25,126.65,150,0,8350.0,CE
2016-07-05 09:36:00,126.65,126.65,126.2,126.2,300,0,8350.0,CE
2016-07-05 09:37:00,127.05,127.95,127.05,127.95,675,0,8350.0,CE
2016-07-05 09:38:00,128.0,128.0,127.7,127.7,900,0,8350.0,CE
2016-07-05 09:39:00,128.5,129.15,128.5,129.15,750,0,8350.0,CE
2016-07-05 09:40:00,127.4,128.15,127.4,128.15,900,0,8350.0,CE
2016-07-05 09:41:00,128.15,128.5,127.5,128.5,1875,0,8350.0,CE
2016-07-05 09:42:00,129.15,129.6,129.0,129.4,2775,0,8350.0,CE
2016-07-05 09:43:00,129.45,129.45,129.1,129.1,225,0,8350.0,CE
2016-07-05 09:44:00,129.45,129.45,128.15,128.15,600,0,8350.0,CE
2016-07-05 09:45:00,128.9,128.9,128.1,128.1,375,0,8350.0,CE
2016-07-05 09:46:00,129.15,129.15,129.15,129.15,150,0,8350.0,CE
2016-07-05 09:47:00,128.8,129.85,128.8,129.85,375,0,8350.0,CE
2016-07-05 09:48:00,129.85,129.9,129.8,129.9,375,0,8350.0,CE
2016-07-05 09:49:00,129.75,129.75,129.0,129.0,675,0,8350.0,CE
2016-07-05 09:50:00,129.1,129.1,127.95,128.7,975,0,8350.0,CE
2016-07-05 09:51:00,127.5,127.5,127.5,127.5,150,0,8350.0,CE
2016-07-05 09:52:00,127.5,128.3,127.5,128.3,450,0,8350.0,CE
2016-07-05 09:53:00,129.7,129.7,129.7,129.7,300,0,8350.0,CE
2016-07-05 09:54:00,128.75,128.75,128.0,128.0,225,0,8350.0,CE
2016-07-05 09:55:00,127.4,128.4,127.4,128.4,3450,0,8350.0,CE
2016-07-05 09:57:00,127.55,127.95,127.55,127.95,1650,0,8350.0,CE
2016-07-05 09:58:00,127.55,127.55,127.55,127.55,75,0,8350.0,CE
2016-07-05 09:59:00,127.5,127.5,127.5,127.5,150,0,8350.0,CE
2016-07-05 10:00:00,128.0,129.7,128.0,129.7,450,0,8350.0,CE
2016-07-05 10:01:00,129.95,129.95,128.0,128.0,300,0,8350.0,CE
2016-07-05 10:02:00,128.5,129.2,128.5,129.2,300,0,8350.0,CE
2016-07-05 10:03:00,128.7,128.7,128.2,128.2,300,0,8350.0,CE
2016-07-05 10:05:00,128.45,129.0,128.45,129.0,450,0,8350.0,CE
2016-07-05 10:06:00,127.75,127.75,127.75,127.75,75,0,8350.0,CE
2016-07-05 10:07:00,128.3,128.3,127.5,127.5,3600,0,8350.0,CE
2016-07-05 10:08:00,128.1,128.25,127.5,127.5,1425,0,8350.0,CE
2016-07-05 10:09:00,127.5,127.5,125.95,126.0,1950,0,8350.0,CE
2016-07-05 10:10:00,126.6,126.6,126.6,126.6,75,0,8350.0,CE
2016-07-05 10:11:00,126.9,126.9,125.75,125.75,300,0,8350.0,CE
2016-07-05 10:12:00,126.85,127.25,126.5,127.25,375,0,8350.0,CE
2016-07-05 10:13:00,126.7,126.7,126.7,126.7,900,0,8350.0,CE
2016-07-05 10:14:00,128.55,128.55,128.55,128.55,450,0,8350.0,CE
2016-07-05 10:15:00,127.6,127.6,127.6,127.6,75,0,8350.0,CE
2016-07-05 10:16:00,128.1,128.1,127.05,127.05,450,0,8350.0,CE
2016-07-05 10:18:00,127.2,128.0,127.2,128.0,2550,0,8350.0,CE
2016-07-05 10:19:00,128.0,128.0,127.65,127.65,1350,0,8350.0,CE
2016-07-05 10:21:00,128.5,128.5,127.65,127.65,300,0,8350.0,CE
2016-07-05 10:22:00,128.5,128.5,128.05,128.05,1200,0,8350.0,CE
2016-07-05 10:23:00,128.55,128.55,128.55,128.55,75,0,8350.0,CE
2016-07-05 10:24:00,128.5,128.5,128.0,128.0,450,0,8350.0,CE
2016-07-05 10:25:00,127.8,127.8,127.8,127.8,75,0,8350.0,CE
2016-07-05 10:26:00,128.5,128.5,127.1,127.55,675,0,8350.0,CE
2016-07-05 10:27:00,127.5,127.5,126.8,126.8,1050,0,8350.0,CE
2016-07-05 10:28:00,127.0,127.85,127.0,127.85,375,0,8350.0,CE
2016-07-05 10:29:00,127.05,127.05,126.55,126.6,825,0,8350.0,CE
2016-07-05 10:30:00,126.7,127.45,126.7,127.45,225,0,8350.0,CE
2016-07-05 10:31:00,127.0,127.4,127.0,127.4,375,0,8350.0,CE
2016-07-05 10:32:00,127.5,127.85,127.1,127.1,2100,0,8350.0,CE
2016-07-05 10:33:00,127.2,127.2,127.0,127.0,900,0,8350.0,CE
2016-07-05 10:34:00,127.0,128.15,127.0,127.6,1125,0,8350.0,CE
2016-07-05 10:35:00,127.6,128.45,127.5,127.5,900,0,8350.0,CE
2016-07-05 10:36:00,127.0,127.0,127.0,127.0,225,0,8350.0,CE
2016-07-05 10:37:00,126.5,126.85,119.9,123.1,6975,0,8350.0,CE
2016-07-05 10:38:00,123.0,123.0,122.4,122.75,1350,0,8350.0,CE
2016-07-05 10:39:00,124.2,124.2,124.0,124.0,300,0,8350.0,CE
2016-07-05 10:40:00,123.15,123.15,122.0,123.0,825,0,8350.0,CE
2016-07-05 10:41:00,122.5,122.5,122.25,122.25,150,0,8350.0,CE
2016-07-05 10:42:00,122.0,124.0,122.0,124.0,1875,0,8350.0,CE
2016-07-05 10:43:00,124.0,125.0,124.0,124.9,750,0,8350.0,CE
2016-07-05 10:44:00,124.9,125.0,124.9,124.9,2175,0,8350.0,CE
2016-07-05 10:45:00,126.0,126.0,125.0,125.4,450,0,8350.0,CE
2016-07-05 10:46:00,124.4,125.2,124.05,124.05,600,0,8350.0,CE
2016-07-05 10:47:00,124.0,125.9,124.0,125.55,1500,0,8350.0,CE
2016-07-05 10:48:00,126.0,126.0,125.9,126.0,375,0,8350.0,CE
2016-07-05 10:49:00,126.0,126.0,126.0,126.0,225,0,8350.0,CE
2016-07-05 10:50:00,125.75,125.75,124.45,124.45,600,0,8350.0,CE
2016-07-05 10:51:00,125.6,125.8,125.6,125.6,375,0,8350.0,CE
2016-07-05 10:52:00,125.0,125.0,125.0,125.0,300,0,8350.0,CE
2016-07-05 10:53:00,125.0,125.0,124.6,124.6,375,0,8350.0,CE
2016-07-05 10:54:00,124.6,124.6,124.6,124.6,375,0,8350.0,CE
2016-07-05 10:55:00,124.95,124.95,124.6,124.6,225,0,8350.0,CE
2016-07-05 10:56:00,124.4,124.6,124.4,124.6,150,0,8350.0,CE
2016-07-05 10:57:00,124.75,124.75,124.75,124.75,150,0,8350.0,CE
2016-07-05 10:58:00,124.8,124.8,124.6,124.6,150,0,8350.0,CE
2016-07-05 10:59:00,124.8,126.5,124.8,126.5,375,0,8350.0,CE
2016-07-05 11:00:00,125.2,126.8,125.2,126.8,1950,0,8350.0,CE
2016-07-05 11:02:00,126.25,126.25,126.0,126.0,300,0,8350.0,CE
2016-07-05 11:04:00,125.85,125.85,124.9,125.45,600,0,8350.0,CE
2016-07-05 11:05:00,126.3,126.3,126.3,126.3,150,0,8350.0,CE
2016-07-05 11:06:00,126.6,126.85,126.6,126.85,150,0,8350.0,CE
2016-07-05 11:07:00,126.8,126.8,126.8,126.8,600,0,8350.0,CE
2016-07-05 11:08:00,126.85,128.25,126.8,126.8,600,0,8350.0,CE
2016-07-05 11:10:00,127.7,127.7,127.0,127.0,300,0,8350.0,CE
2016-07-05 11:13:00,127.05,127.05,127.05,127.05,150,0,8350.0,CE
2016-07-05 11:14:00,127.1,127.1,127.1,127.1,750,0,8350.0,CE
2016-07-05 11:15:00,125.9,125.9,125.9,125.9,75,0,8350.0,CE
2016-07-05 11:16:00,126.3,126.3,126.3,126.3,150,0,8350.0,CE
2016-07-05 11:17:00,126.6,127.3,126.6,127.3,300,0,8350.0,CE
2016-07-05 11:19:00,125.9,125.9,125.9,125.9,75,0,8350.0,CE
2016-07-05 11:21:00,126.15,126.15,126.15,126.15,75,0,8350.0,CE
2016-07-05 11:23:00,126.15,126.15,126.15,126.15,75,0,8350.0,CE
2016-07-05 11:25:00,126.35,127.5,126.35,127.5,225,0,8350.0,CE
2016-07-05 11:26:00,127.55,127.55,127.55,127.55,225,0,8350.0,CE
2016-07-05 11:27:00,126.5,126.5,126.5,126.5,150,0,8350.0,CE
2016-07-05 11:29:00,127.0,128.0,127.0,128.0,225,0,8350.0,CE
2016-07-05 11:30:00,127.35,129.0,126.95,128.95,1125,0,8350.0,CE
2016-07-05 11:32:00,128.5,128.85,128.5,128.85,375,0,8350.0,CE
2016-07-05 11:33:00,128.5,128.5,128.5,128.5,150,0,8350.0,CE
2016-07-05 11:34:00,129.0,129.0,129.0,129.0,450,0,8350.0,CE
2016-07-05 11:35:00,129.4,131.0,129.4,131.0,9675,0,8350.0,CE
2016-07-05 11:36:00,131.0,133.0,131.0,131.45,5025,0,8350.0,CE
2016-07-05 11:37:00,132.0,132.5,131.45,132.5,525,0,8350.0,CE
2016-07-05 11:39:00,132.5,132.5,131.55,132.5,675,0,8350.0,CE
2016-07-05 11:40:00,131.65,132.0,131.5,132.0,975,0,8350.0,CE
2016-07-05 11:42:00,131.0,131.0,130.0,130.35,975,0,8350.0,CE
2016-07-05 11:43:00,131.5,131.95,130.15,131.95,12450,0,8350.0,CE
2016-07-05 11:44:00,131.35,131.85,131.35,131.85,300,0,8350.0,CE
2016-07-05 11:45:00,131.5,131.95,131.5,131.95,450,0,8350.0,CE
2016-07-05 11:46:00,132.0,132.0,132.0,132.0,225,0,8350.0,CE
2016-07-05 11:48:00,131.75,131.8,130.65,131.75,1725,0,8350.0,CE
2016-07-05 11:49:00,131.95,132.4,131.95,132.4,450,0,8350.0,CE
2016-07-05 11:51:00,132.0,132.0,132.0,132.0,150,0,8350.0,CE
2016-07-05 11:52:00,132.0,132.3,132.0,132.3,1200,0,8350.0,CE
2016-07-05 11:53:00,132.4,134.5,132.4,134.5,3525,0,8350.0,CE
2016-07-05 11:54:00,134.45,134.45,132.35,132.35,225,0,8350.0,CE
2016-07-05 11:55:00,133.0,134.0,133.0,134.0,975,0,8350.0,CE
2016-07-05 11:56:00,132.95,133.9,132.95,133.9,300,0,8350.0,CE
2016-07-05 11:57:00,132.75,135.1,132.75,134.55,3450,0,8350.0,CE
2016-07-05 11:58:00,134.55,134.55,134.55,134.55,300,0,8350.0,CE
2016-07-05 11:59:00,134.0,135.0,133.95,135.0,12225,0,8350.0,CE
2016-07-05 12:00:00,135.2,136.0,135.2,135.3,900,0,8350.0,CE
2016-07-05 12:01:00,134.7,135.35,132.55,134.6,1275,0,8350.0,CE
2016-07-05 12:02:00,133.85,133.85,132.05,132.05,375,0,8350.0,CE
2016-07-05 12:03:00,131.5,131.5,130.2,130.2,1200,0,8350.0,CE
2016-07-05 12:04:00,131.0,131.25,131.0,131.25,150,0,8350.0,CE
2016-07-05 12:05:00,130.25,131.35,130.25,131.35,150,0,8350.0,CE
2016-07-05 12:06:00,130.45,131.15,130.45,131.1,225,0,8350.0,CE
2016-07-05 12:07:00,131.2,131.4,131.2,131.4,750,0,8350.0,CE
2016-07-05 12:08:00,131.05,131.05,130.2,130.9,1125,0,8350.0,CE
2016-07-05 12:09:00,130.2,130.2,128.95,128.95,900,0,8350.0,CE
2016-07-05 12:11:00,129.5,129.65,129.0,129.0,375,0,8350.0,CE
2016-07-05 12:12:00,128.05,129.85,128.0,129.85,300,0,8350.0,CE
2016-07-05 12:13:00,127.95,127.95,126.45,126.45,2250,0,8350.0,CE
2016-07-05 12:14:00,126.25,126.25,125.5,125.75,3075,0,8350.0,CE
2016-07-05 12:15:00,125.5,125.8,125.0,125.2,1200,0,8350.0,CE
2016-07-05 12:16:00,125.95,127.3,125.95,127.0,375,0,8350.0,CE
2016-07-05 12:17:00,127.1,127.25,127.1,127.25,450,0,8350.0,CE
2016-07-05 12:18:00,127.05,127.05,127.05,127.05,150,0,8350.0,CE
2016-07-05 12:19:00,127.45,127.5,126.7,126.7,525,0,8350.0,CE
2016-07-05 12:20:00,126.6,126.6,125.5,125.5,1050,0,8350.0,CE
2016-07-05 12:21:00,125.05,125.05,124.0,124.6,7725,0,8350.0,CE
2016-07-05 12:22:00,124.0,124.15,124.0,124.15,225,0,8350.0,CE
2016-07-05 12:23:00,124.3,124.3,124.15,124.15,300,0,8350.0,CE
2016-07-05 12:24:00,124.2,124.35,124.0,124.35,2475,0,8350.0,CE
2016-07-05 12:25:00,124.0,124.0,123.0,123.55,2100,0,8350.0,CE
2016-07-05 12:26:00,123.1,123.95,121.9,123.1,975,0,8350.0,CE
2016-07-05 12:27:00,123.45,123.75,122.95,123.75,300,0,8350.0,CE
2016-07-05 12:28:00,124.25,124.65,124.25,124.6,300,0,8350.0,CE
2016-07-05 12:29:00,125.05,126.0,124.8,124.8,3450,0,8350.0,CE
2016-07-05 12:30:00,124.9,127.0,124.9,127.0,750,0,8350.0,CE
2016-07-05 12:31:00,127.25,127.95,126.6,126.95,975,0,8350.0,CE
2016-07-05 12:32:00,126.15,126.75,125.5,125.5,525,0,8350.0,CE
2016-07-05 12:33:00,126.0,126.4,126.0,126.4,600,0,8350.0,CE
2016-07-05 12:34:00,127.65,127.7,126.8,126.8,1425,0,8350.0,CE
2016-07-05 12:35:00,127.3,127.3,126.0,126.0,900,0,8350.0,CE
2016-07-05 12:37:00,126.25,126.25,126.0,126.0,225,0,8350.0,CE
2016-07-05 12:38:00,127.0,127.0,127.0,127.0,75,0,8350.0,CE
2016-07-05 12:39:00,127.0,127.0,125.95,125.95,2550,0,8350.0,CE
2016-07-05 12:40:00,126.4,126.4,125.0,125.0,750,0,8350.0,CE
2016-07-05 12:41:00,124.5,125.7,124.5,125.7,300,0,8350.0,CE
2016-07-05 12:42:00,124.3,124.3,122.0,122.0,2475,0,8350.0,CE
2016-07-05 12:43:00,122.0,123.75,122.0,123.75,750,0,8350.0,CE
2016-07-05 12:44:00,123.25,123.25,123.25,123.25,75,0,8350.0,CE
2016-07-05 12:45:00,123.25,123.25,123.25,123.25,150,0,8350.0,CE
2016-07-05 12:46:00,123.35,123.85,123.35,123.55,375,0,8350.0,CE
2016-07-05 12:47:00,123.1,123.1,122.2,123.1,375,0,8350.0,CE
2016-07-05 12:48:00,122.7,122.7,122.7,122.7,150,0,8350.0,CE
2016-07-05 12:49:00,123.05,123.05,122.2,122.6,525,0,8350.0,CE
2016-07-05 12:50:00,122.2,123.05,122.0,123.05,525,0,8350.0,CE
2016-07-05 12:51:00,124.2,124.2,124.2,124.2,150,0,8350.0,CE
2016-07-05 12:52:00,124.7,126.0,124.7,125.0,525,0,8350.0,CE
2016-07-05 12:53:00,125.95,125.95,125.95,125.95,75,0,8350.0,CE
2016-07-05 12:54:00,125.4,125.4,125.05,125.05,150,0,8350.0,CE
2016-07-05 12:55:00,125.05,125.35,125.05,125.35,225,0,8350.0,CE
2016-07-05 12:57:00,126.0,126.1,126.0,126.1,600,0,8350.0,CE
2016-07-05 12:58:00,126.5,128.0,126.5,126.85,2850,0,8350.0,CE
2016-07-05 12:59:00,127.1,127.8,126.9,127.4,825,0,8350.0,CE
2016-07-05 13:00:00,128.0,128.5,128.0,128.5,375,0,8350.0,CE
2016-07-05 13:01:00,129.0,129.85,128.5,129.85,750,0,8350.0,CE
2016-07-05 13:02:00,129.9,130.85,129.9,130.1,1950,0,8350.0,CE
2016-07-05 13:03:00,130.1,130.1,128.25,128.25,825,0,8350.0,CE
2016-07-05 13:04:00,128.7,128.95,128.15,128.15,6900,0,8350.0,CE
2016-07-05 13:05:00,128.8,128.8,128.0,128.0,675,0,8350.0,CE
2016-07-05 13:06:00,125.45,126.45,125.0,126.45,1350,0,8350.0,CE
2016-07-05 13:07:00,126.0,126.0,123.35,125.05,1350,0,8350.0,CE
2016-07-05 13:08:00,124.35,125.25,124.35,125.25,450,0,8350.0,CE
2016-07-05 13:09:00,126.1,126.2,126.1,126.2,150,0,8350.0,CE
2016-07-05 13:12:00,127.3,128.5,127.3,128.35,900,0,8350.0,CE
2016-07-05 13:18:00,128.9,128.9,128.9,128.9,75,0,8350.0,CE
2016-07-05 13:19:00,127.15,127.15,126.6,126.6,225,0,8350.0,CE
2016-07-05 13:20:00,124.4,124.8,124.4,124.8,375,0,8350.0,CE
2016-07-05 13:21:00,125.2,125.2,125.0,125.0,525,0,8350.0,CE
2016-07-05 13:22:00,124.15,125.05,124.15,124.6,450,0,8350.0,CE
2016-07-05 13:23:00,124.6,124.6,123.6,123.6,150,0,8350.0,CE
2016-07-05 13:24:00,123.8,125.4,123.8,125.4,5925,0,8350.0,CE
2016-07-05 13:25:00,125.3,125.8,125.3,125.7,8925,0,8350.0,CE
2016-07-05 13:26:00,125.85,126.05,125.65,125.65,4875,0,8350.0,CE
2016-07-05 13:27:00,125.65,126.0,124.05,124.05,3900,0,8350.0,CE
2016-07-05 13:28:00,124.9,125.15,124.9,125.15,1200,0,8350.0,CE
2016-07-05 13:29:00,124.7,124.7,124.65,124.65,150,0,8350.0,CE
2016-07-05 13:30:00,125.0,125.0,124.0,124.0,450,0,8350.0,CE
2016-07-05 13:31:00,123.45,123.5,123.15,123.5,2550,0,8350.0,CE
2016-07-05 13:32:00,123.3,123.85,122.6,122.6,1050,0,8350.0,CE
2016-07-05 13:33:00,122.95,122.95,122.7,122.7,150,0,8350.0,CE
2016-07-05 13:34:00,122.6,122.65,120.5,120.65,8325,0,8350.0,CE
2016-07-05 13:35:00,121.0,122.0,121.0,122.0,2250,0,8350.0,CE
2016-07-05 13:36:00,122.9,124.95,122.9,124.8,3450,0,8350.0,CE
2016-07-05 13:37:00,124.25,126.45,124.25,125.0,600,0,8350.0,CE
2016-07-05 13:38:00,124.15,124.3,123.5,124.2,4425,0,8350.0,CE
2016-07-05 13:39:00,124.3,124.3,124.3,124.3,75,0,8350.0,CE
2016-07-05 13:40:00,124.3,124.55,124.3,124.55,150,0,8350.0,CE
2016-07-05 13:41:00,124.55,124.55,124.55,124.55,75,0,8350.0,CE
2016-07-05 13:42:00,125.15,125.15,124.3,124.3,150,0,8350.0,CE
2016-07-05 13:44:00,123.5,123.95,123.5,123.95,225,0,8350.0,CE
2016-07-05 13:45:00,124.2,124.55,124.0,124.0,675,0,8350.0,CE
2016-07-05 13:46:00,123.15,123.15,123.0,123.0,375,0,8350.0,CE
2016-07-05 13:47:00,123.2,123.2,122.5,122.8,2175,0,8350.0,CE
2016-07-05 13:48:00,123.25,123.25,122.15,122.15,1350,0,8350.0,CE
2016-07-05 13:49:00,122.1,122.1,120.0,120.7,6300,0,8350.0,CE
2016-07-05 13:50:00,120.65,120.65,118.05,119.4,5250,0,8350.0,CE
2016-07-05 13:51:00,120.15,121.35,120.15,121.0,750,0,8350.0,CE
2016-07-05 13:52:00,122.0,123.0,121.6,121.6,2100,0,8350.0,CE
2016-07-05 13:53:00,121.6,121.6,121.0,121.0,150,0,8350.0,CE
2016-07-05 13:54:00,121.0,121.55,121.0,121.0,600,0,8350.0,CE
2016-07-05 13:57:00,122.1,123.8,122.1,122.85,525,0,8350.0,CE
2016-07-05 13:58:00,124.85,124.85,123.95,124.0,1650,0,8350.0,CE
2016-07-05 13:59:00,123.1,123.1,121.5,121.5,300,0,8350.0,CE
2016-07-05 14:00:00,120.7,120.7,120.0,120.6,600,0,8350.0,CE
2016-07-05 14:01:00,120.9,121.1,120.9,121.1,225,0,8350.0,CE
2016-07-05 14:02:00,120.0,120.0,119.0,119.0,675,0,8350.0,CE
2016-07-05 14:03:00,118.5,119.85,118.05,119.85,1725,0,8350.0,CE
2016-07-05 14:04:00,119.35,119.9,118.5,119.4,2175,0,8350.0,CE
2016-07-05 14:05:00,120.0,120.6,120.0,120.5,1125,0,8350.0,CE
2016-07-05 14:06:00,120.3,122.0,120.3,122.0,525,0,8350.0,CE
2016-07-05 14:07:00,121.0,121.5,121.0,121.5,225,0,8350.0,CE
2016-07-05 14:08:00,121.05,121.05,119.6,120.35,1425,0,8350.0,CE
2016-07-05 14:09:00,121.0,121.3,120.55,120.55,1500,0,8350.0,CE
2016-07-05 14:10:00,118.7,119.8,116.0,118.95,5400,0,8350.0,CE
2016-07-05 14:11:00,118.5,118.5,118.5,118.5,150,0,8350.0,CE
2016-07-05 14:12:00,118.55,120.0,118.55,120.0,750,0,8350.0,CE
2016-07-05 14:13:00,120.95,121.05,120.0,121.05,1425,0,8350.0,CE
2016-07-05 14:14:00,121.2,121.2,120.7,120.7,150,0,8350.0,CE
2016-07-05 14:15:00,121.0,121.4,121.0,121.3,375,0,8350.0,CE
2016-07-05 14:16:00,122.2,123.7,122.2,123.7,2775,0,8350.0,CE
2016-07-05 14:17:00,122.7,123.6,122.05,123.6,525,0,8350.0,CE
2016-07-05 14:18:00,123.5,123.5,122.0,122.65,1575,0,8350.0,CE
2016-07-05 14:19:00,122.6,122.6,122.0,122.0,1500,0,8350.0,CE
2016-07-05 14:20:00,121.5,122.4,120.0,122.4,1275,0,8350.0,CE
2016-07-05 14:21:00,122.4,122.4,122.4,122.4,75,0,8350.0,CE
2016-07-05 14:23:00,121.75,121.75,120.7,120.7,525,0,8350.0,CE
2016-07-05 14:24:00,121.4,121.4,121.0,121.0,225,0,8350.0,CE
2016-07-05 14:25:00,120.95,121.0,120.7,120.7,1275,0,8350.0,CE
2016-07-05 14:27:00,120.05,120.45,120.0,120.0,2250,0,8350.0,CE
2016-07-05 14:28:00,120.0,120.5,120.0,120.0,2550,0,8350.0,CE
2016-07-05 14:29:00,120.0,120.35,120.0,120.05,1575,0,8350.0,CE
2016-07-05 14:30:00,120.6,120.6,120.6,120.6,1200,0,8350.0,CE
2016-07-05 14:31:00,121.35,121.35,120.45,121.3,300,0,8350.0,CE
2016-07-05 14:32:00,121.3,121.5,121.3,121.5,225,0,8350.0,CE
2016-07-05 14:33:00,120.95,121.25,120.95,121.25,150,0,8350.0,CE
2016-07-05 14:34:00,121.45,121.5,121.45,121.5,2475,0,8350.0,CE
2016-07-05 14:35:00,121.9,122.45,121.55,121.7,1500,0,8350.0,CE
2016-07-05 14:36:00,122.45,122.45,121.05,121.05,375,0,8350.0,CE
2016-07-05 14:37:00,121.1,121.9,121.1,121.4,675,0,8350.0,CE
2016-07-05 14:38:00,122.0,122.05,121.95,121.95,225,0,8350.0,CE
2016-07-05 14:39:00,121.1,121.1,120.0,120.65,2325,0,8350.0,CE
2016-07-05 14:40:00,120.75,121.4,120.75,121.4,1350,0,8350.0,CE
2016-07-05 14:41:00,121.55,121.55,120.5,120.5,450,0,8350.0,CE
2016-07-05 14:42:00,121.15,122.0,120.8,120.8,225,0,8350.0,CE
2016-07-05 14:43:00,121.0,121.0,120.5,120.5,450,0,8350.0,CE
2016-07-05 14:44:00,120.5,120.5,119.55,119.55,2850,0,8350.0,CE
2016-07-05 14:45:00,119.0,120.7,119.0,120.7,1425,0,8350.0,CE
2016-07-05 14:46:00,120.15,120.9,118.7,120.0,2475,0,8350.0,CE
2016-07-05 14:47:00,118.85,118.85,117.4,117.4,525,0,8350.0,CE
2016-07-05 14:48:00,116.8,117.15,116.05,116.05,1425,0,8350.0,CE
2016-07-05 14:49:00,116.0,116.45,115.4,116.45,1650,0,8350.0,CE
2016-07-05 14:50:00,116.45,118.7,116.45,118.7,1200,0,8350.0,CE
2016-07-05 14:51:00,118.7,118.7,118.3,118.3,1650,0,8350.0,CE
2016-07-05 14:52:00,118.85,119.1,118.7,119.0,2325,0,8350.0,CE
2016-07-05 14:53:00,118.8,119.1,117.9,117.9,2250,0,8350.0,CE
2016-07-05 14:54:00,118.45,119.0,118.35,118.35,1275,0,8350.0,CE
2016-07-05 14:55:00,119.1,119.1,118.95,119.0,525,0,8350.0,CE
2016-07-05 14:56:00,118.95,119.5,118.95,119.5,675,0,8350.0,CE
2016-07-05 14:57:00,119.6,120.9,119.0,120.9,1200,0,8350.0,CE
2016-07-05 14:58:00,120.95,121.4,119.55,119.6,1050,0,8350.0,CE
2016-07-05 14:59:00,120.75,121.0,120.75,120.85,825,0,8350.0,CE
2016-07-05 15:00:00,120.45,121.0,120.15,120.15,2475,0,8350.0,CE
2016-07-05 15:01:00,120.0,120.85,120.0,120.0,1275,0,8350.0,CE
2016-07-05 15:02:00,120.15,121.1,120.15,120.5,14325,0,8350.0,CE
2016-07-05 15:03:00,120.5,121.75,120.5,121.6,12375,0,8350.0,CE
2016-07-05 15:04:00,121.25,122.0,120.75,120.75,10125,0,8350.0,CE
2016-07-05 15:05:00,120.7,120.8,120.7,120.8,600,0,8350.0,CE
2016-07-05 15:06:00,120.45,121.0,120.0,120.0,3450,0,8350.0,CE
2016-07-05 15:07:00,119.8,120.25,119.2,119.2,1875,0,8350.0,CE
2016-07-05 15:08:00,119.2,119.3,119.1,119.2,675,0,8350.0,CE
2016-07-05 15:09:00,119.05,119.05,119.05,119.05,75,0,8350.0,CE
2016-07-05 15:10:00,119.25,119.35,119.0,119.0,375,0,8350.0,CE
2016-07-05 15:11:00,119.0,119.3,118.0,118.0,1725,0,8350.0,CE
2016-07-05 15:12:00,117.95,118.0,117.5,117.5,675,0,8350.0,CE
2016-07-05 15:13:00,117.1,118.65,117.1,117.9,525,0,8350.0,CE
2016-07-05 15:14:00,118.55,119.3,118.55,119.15,975,0,8350.0,CE
2016-07-05 15:15:00,118.2,119.55,118.2,118.85,750,0,8350.0,CE
2016-07-05 15:16:00,119.65,119.65,118.65,119.0,675,0,8350.0,CE
2016-07-05 15:17:00,118.5,119.35,118.45,119.1,6825,0,8350.0,CE
2016-07-05 15:18:00,119.4,119.4,118.5,118.5,225,0,8350.0,CE
2016-07-05 15:19:00,118.6,120.45,118.6,120.45,825,0,8350.0,CE
2016-07-05 15:20:00,120.35,120.55,119.6,120.55,3300,0,8350.0,CE
2016-07-05 15:21:00,121.2,121.25,118.5,120.2,4425,0,8350.0,CE
2016-07-05 15:22:00,120.25,120.95,120.15,120.55,1800,0,8350.0,CE
2016-07-05 15:23:00,120.05,120.65,119.9,120.35,51975,0,8350.0,CE
2016-07-05 15:24:00,121.85,121.85,120.5,120.5,2550,0,8350.0,CE
2016-07-05 15:25:00,120.55,121.5,120.4,121.0,3525,0,8350.0,CE
2016-07-05 15:26:00,121.5,121.8,120.75,120.9,1425,0,8350.0,CE
2016-07-05 15:27:00,120.9,121.25,120.8,121.25,900,0,8350.0,CE
2016-07-05 15:28:00,121.25,121.35,120.0,120.0,2850,0,8350.0,CE
2016-07-05 15:29:00,120.0,120.65,118.0,118.0,6675,0,8350.0,CE
2016-07-07 09:15:00,119.8,119.8,109.1,112.0,12000,0,8350.0,CE
2016-07-07 09:16:00,111.0,112.9,111.0,112.1,2175,0,8350.0,CE
2016-07-07 09:17:00,111.35,112.15,109.95,110.0,5175,0,8350.0,CE
2016-07-07 09:18:00,110.0,110.5,110.0,110.5,375,0,8350.0,CE
2016-07-07 09:19:00,110.0,110.85,108.9,109.85,2025,0,8350.0,CE
2016-07-07 09:20:00,109.9,110.75,108.45,110.0,2925,0,8350.0,CE
2016-07-07 09:21:00,110.5,110.7,110.0,110.5,1425,0,8350.0,CE
2016-07-07 09:22:00,110.5,112.45,110.5,112.0,1050,0,8350.0,CE
2016-07-07 09:23:00,112.0,115.0,111.85,115.0,1500,0,8350.0,CE
2016-07-07 09:24:00,114.65,116.9,114.0,116.9,7650,0,8350.0,CE
2016-07-07 09:25:00,116.7,116.95,114.05,115.0,5025,0,8350.0,CE
2016-07-07 09:26:00,114.0,114.0,113.0,113.5,375,0,8350.0,CE
2016-07-07 09:27:00,114.35,114.4,114.35,114.4,150,0,8350.0,CE
2016-07-07 09:28:00,113.0,113.7,112.0,112.0,1350,0,8350.0,CE
2016-07-07 09:29:00,112.45,113.7,112.45,113.5,1350,0,8350.0,CE
2016-07-07 09:30:00,113.45,113.45,113.45,113.45,75,0,8350.0,CE
2016-07-07 09:31:00,113.0,114.7,113.0,114.0,1500,0,8350.0,CE
2016-07-07 09:32:00,114.9,115.5,114.5,115.0,1425,0,8350.0,CE
2016-07-07 09:33:00,116.25,116.25,115.9,116.0,600,0,8350.0,CE
2016-07-07 09:34:00,116.0,116.85,115.0,116.0,3075,0,8350.0,CE
2016-07-07 09:35:00,116.0,117.0,115.05,117.0,4275,0,8350.0,CE
2016-07-07 09:36:00,116.0,117.0,116.0,117.0,3375,0,8350.0,CE
2016-07-07 09:37:00,117.95,117.95,117.0,117.0,300,0,8350.0,CE
2016-07-07 09:38:00,117.0,118.45,116.05,118.0,6375,0,8350.0,CE
2016-07-07 09:39:00,117.95,117.95,117.0,117.4,1575,0,8350.0,CE
2016-07-07 09:40:00,118.0,119.8,118.0,119.0,3675,0,8350.0,CE
2016-07-07 09:41:00,116.65,118.9,116.65,116.95,375,0,8350.0,CE
2016-07-07 09:42:00,117.0,118.5,117.0,117.0,450,0,8350.0,CE
2016-07-07 09:43:00,116.8,117.3,116.65,116.95,975,0,8350.0,CE
2016-07-07 09:44:00,116.1,117.65,116.1,117.55,600,0,8350.0,CE
2016-07-07 09:45:00,117.45,117.5,116.55,117.0,675,0,8350.0,CE
2016-07-07 09:46:00,117.0,117.7,117.0,117.7,675,0,8350.0,CE
2016-07-07 09:47:00,117.0,118.15,116.55,116.55,1050,0,8350.0,CE
2016-07-07 09:48:00,116.55,116.55,115.0,115.0,2475,0,8350.0,CE
2016-07-07 09:49:00,115.45,115.45,114.0,114.0,300,0,8350.0,CE
2016-07-07 09:50:00,113.6,114.65,113.6,113.7,750,0,8350.0,CE
2016-07-07 09:51:00,113.65,114.95,113.65,114.15,675,0,8350.0,CE
2016-07-07 09:52:00,115.0,115.7,114.5,115.55,1950,0,8350.0,CE
2016-07-07 09:53:00,116.05,116.1,116.05,116.1,450,0,8350.0,CE
2016-07-07 09:54:00,116.1,116.95,116.1,116.95,225,0,8350.0,CE
2016-07-07 09:55:00,117.15,117.15,116.4,116.4,375,0,8350.0,CE
2016-07-07 09:56:00,115.95,116.0,115.75,116.0,225,0,8350.0,CE
2016-07-07 09:57:00,116.0,116.0,115.3,115.9,975,0,8350.0,CE
2016-07-07 09:58:00,115.95,116.0,115.95,116.0,2025,0,8350.0,CE
2016-07-07 09:59:00,115.5,116.8,115.5,116.8,225,0,8350.0,CE
2016-07-07 10:00:00,116.5,117.3,115.9,115.9,825,0,8350.0,CE
2016-07-07 10:01:00,117.55,117.55,116.6,116.6,375,0,8350.0,CE
2016-07-07 10:02:00,116.6,116.6,115.55,115.7,975,0,8350.0,CE
2016-07-07 10:03:00,116.55,116.55,114.75,114.75,675,0,8350.0,CE
2016-07-07 10:04:00,116.1,116.1,114.8,114.8,225,0,8350.0,CE
2016-07-07 10:05:00,115.85,115.85,114.0,114.0,300,0,8350.0,CE
2016-07-07 10:06:00,114.0,114.0,113.6,114.0,2025,0,8350.0,CE
2016-07-07 10:07:00,114.6,114.6,114.6,114.6,450,0,8350.0,CE
2016-07-07 10:08:00,114.0,114.8,113.55,114.8,1425,0,8350.0,CE
2016-07-07 10:09:00,114.45,114.45,113.55,114.45,975,0,8350.0,CE
2016-07-07 10:10:00,113.35,113.8,113.2,113.2,300,0,8350.0,CE
2016-07-07 10:11:00,113.0,113.0,112.8,112.8,225,0,8350.0,CE
2016-07-07 10:12:00,113.35,113.35,113.0,113.0,300,0,8350.0,CE
2016-07-07 10:13:00,113.0,113.0,113.0,113.0,525,0,8350.0,CE
2016-07-07 10:14:00,113.0,113.0,113.0,113.0,450,0,8350.0,CE
2016-07-07 10:15:00,113.5,114.05,113.35,113.45,525,0,8350.0,CE
2016-07-07 10:16:00,113.55,114.9,113.55,114.9,375,0,8350.0,CE
2016-07-07 10:17:00,114.6,114.95,114.6,114.95,150,0,8350.0,CE
2016-07-07 10:19:00,114.9,114.9,114.0,114.0,150,0,8350.0,CE
2016-07-07 10:20:00,114.95,114.95,114.95,114.95,75,0,8350.0,CE
2016-07-07 10:21:00,114.25,114.25,114.25,114.25,75,0,8350.0,CE
2016-07-07 10:22:00,114.5,114.5,114.5,114.5,150,0,8350.0,CE
2016-07-07 10:23:00,114.0,114.0,113.0,113.5,1350,0,8350.0,CE
2016-07-07 10:24:00,113.0,113.6,112.8,112.8,825,0,8350.0,CE
2016-07-07 10:25:00,112.9,112.9,112.1,112.1,1050,0,8350.0,CE
2016-07-07 10:26:00,112.0,112.0,110.5,111.0,4425,0,8350.0,CE
2016-07-07 10:27:00,112.0,112.45,111.1,112.45,675,0,8350.0,CE
2016-07-07 10:28:00,112.1,112.5,111.45,111.45,300,0,8350.0,CE
2016-07-07 10:29:00,111.9,111.9,110.0,110.0,1200,0,8350.0,CE
2016-07-07 10:30:00,111.25,111.25,111.25,111.25,75,0,8350.0,CE
2016-07-07 10:31:00,112.25,112.25,111.65,111.65,450,0,8350.0,CE
2016-07-07 10:32:00,112.0,112.5,111.65,112.5,9150,0,8350.0,CE
2016-07-07 10:33:00,111.05,111.65,110.85,111.65,375,0,8350.0,CE
2016-07-07 10:34:00,111.35,112.0,111.3,111.85,1800,0,8350.0,CE
2016-07-07 10:35:00,112.0,114.0,112.0,114.0,7725,0,8350.0,CE
2016-07-07 10:36:00,112.9,113.6,112.9,113.6,1725,0,8350.0,CE
2016-07-07 10:37:00,113.8,113.8,113.8,113.8,1050,0,8350.0,CE
2016-07-07 10:38:00,113.45,113.45,113.05,113.05,225,0,8350.0,CE
2016-07-07 10:39:00,113.0,113.0,113.0,113.0,150,0,8350.0,CE
2016-07-07 10:40:00,113.6,114.8,113.6,114.8,1425,0,8350.0,CE
2016-07-07 10:41:00,114.8,114.8,114.0,114.0,600,0,8350.0,CE
2016-07-07 10:42:00,114.85,114.85,114.05,114.8,225,0,8350.0,CE
2016-07-07 10:43:00,115.0,115.7,114.95,115.7,600,0,8350.0,CE
2016-07-07 10:44:00,115.35,116.05,115.35,116.05,2325,0,8350.0,CE
2016-07-07 10:45:00,116.4,116.4,114.2,114.2,2100,0,8350.0,CE
2016-07-07 10:46:00,114.95,115.0,114.0,114.2,8100,0,8350.0,CE
2016-07-07 10:47:00,114.45,114.45,114.4,114.45,675,0,8350.0,CE
2016-07-07 10:48:00,115.15,115.15,114.35,114.4,525,0,8350.0,CE
2016-07-07 10:49:00,115.0,115.0,115.0,115.0,75,0,8350.0,CE
2016-07-07 10:50:00,115.0,115.95,115.0,115.95,750,0,8350.0,CE
2016-07-07 10:51:00,115.85,116.3,115.85,116.3,1050,0,8350.0,CE
2016-07-07 10:52:00,115.55,116.4,115.0,116.4,6675,0,8350.0,CE
2016-07-07 10:53:00,115.45,116.4,115.45,116.4,975,0,8350.0,CE
2016-07-07 10:54:00,116.4,116.6,115.7,115.7,975,0,8350.0,CE
2016-07-07 10:55:00,116.2,116.5,115.7,116.5,1275,0,8350.0,CE
2016-07-07 10:56:00,116.5,116.6,116.5,116.6,225,0,8350.0,CE
2016-07-07 10:57:00,116.6,116.6,115.1,115.35,225,0,8350.0,CE
2016-07-07 10:58:00,115.9,116.35,115.9,116.35,225,0,8350.0,CE
2016-07-07 11:00:00,115.95,115.95,115.95,115.95,150,0,8350.0,CE
2016-07-07 11:01:00,115.0,115.65,114.55,114.55,1950,0,8350.0,CE
2016-07-07 11:02:00,114.85,114.85,114.85,114.85,75,0,8350.0,CE
2016-07-07 11:03:00,115.8,115.8,115.8,115.8,150,0,8350.0,CE
2016-07-07 11:04:00,115.0,115.6,115.0,115.1,375,0,8350.0,CE
2016-07-07 11:06:00,114.55,114.55,114.25,114.25,225,0,8350.0,CE
2016-07-07 11:07:00,113.9,114.85,113.9,114.85,375,0,8350.0,CE
2016-07-07 11:08:00,114.0,114.0,113.4,113.95,450,0,8350.0,CE
2016-07-07 11:09:00,113.4,113.4,113.0,113.0,450,0,8350.0,CE
2016-07-07 11:11:00,113.25,113.25,112.4,112.4,225,0,8350.0,CE
2016-07-07 11:12:00,112.4,112.4,111.75,111.75,450,0,8350.0,CE
2016-07-07 11:13:00,111.8,113.0,111.8,112.5,1125,0,8350.0,CE
2016-07-07 11:14:00,112.0,112.8,112.0,112.4,900,0,8350.0,CE
2016-07-07 11:15:00,112.0,112.3,111.8,112.3,1500,0,8350.0,CE
2016-07-07 11:16:00,111.7,112.0,111.6,111.6,1050,0,8350.0,CE
2016-07-07 11:17:00,111.6,111.8,111.25,111.8,900,0,8350.0,CE
2016-07-07 11:18:00,112.0,112.4,112.0,112.4,300,0,8350.0,CE
2016-07-07 11:19:00,112.9,112.9,112.9,112.9,450,0,8350.0,CE
2016-07-07 11:20:00,112.9,113.0,112.9,112.9,900,0,8350.0,CE
2016-07-07 11:21:00,112.55,113.0,112.55,113.0,525,0,8350.0,CE
2016-07-07 11:22:00,114.0,114.2,114.0,114.05,300,0,8350.0,CE
2016-07-07 11:23:00,114.2,114.2,114.2,114.2,300,0,8350.0,CE
2016-07-07 11:24:00,115.0,116.0,114.7,116.0,2700,0,8350.0,CE
2016-07-07 11:25:00,116.35,116.35,115.45,115.45,450,0,8350.0,CE
2016-07-07 11:26:00,115.75,115.75,115.75,115.75,150,0,8350.0,CE
2016-07-07 11:27:00,116.0,116.0,116.0,116.0,600,0,8350.0,CE
2016-07-07 11:28:00,115.95,115.95,115.5,115.5,150,0,8350.0,CE
2016-07-07 11:31:00,115.95,116.1,115.95,116.0,525,0,8350.0,CE
2016-07-07 11:32:00,115.4,115.45,115.0,115.0,750,0,8350.0,CE
2016-07-07 11:33:00,114.05,115.1,114.05,114.25,900,0,8350.0,CE
2016-07-07 11:35:00,114.25,114.25,114.25,114.25,150,0,8350.0,CE
2016-07-07 11:36:00,113.35,114.4,113.35,114.25,300,0,8350.0,CE
2016-07-07 11:37:00,114.0,114.9,114.0,114.9,375,0,8350.0,CE
2016-07-07 11:38:00,116.0,116.0,116.0,116.0,75,0,8350.0,CE
2016-07-07 11:39:00,115.75,115.75,115.2,115.55,450,0,8350.0,CE
2016-07-07 11:40:00,115.45,115.75,114.6,115.75,450,0,8350.0,CE
2016-07-07 11:41:00,115.3,115.65,115.3,115.65,375,0,8350.0,CE
2016-07-07 11:42:00,115.95,115.95,114.4,114.4,150,0,8350.0,CE
2016-07-07 11:44:00,114.1,114.1,114.1,114.1,75,0,8350.0,CE
2016-07-07 11:46:00,115.0,115.15,115.0,115.1,300,0,8350.0,CE
2016-07-07 11:47:00,115.2,115.2,115.2,115.2,75,0,8350.0,CE
2016-07-07 11:49:00,114.1,114.1,113.1,113.1,975,0,8350.0,CE
2016-07-07 11:50:00,115.0,115.0,115.0,115.0,150,0,8350.0,CE
2016-07-07 11:51:00,114.4,114.4,114.35,114.35,225,0,8350.0,CE
2016-07-07 11:53:00,115.35,115.35,115.3,115.3,150,0,8350.0,CE
2016-07-07 11:55:00,115.2,115.2,115.0,115.0,225,0,8350.0,CE
2016-07-07 11:56:00,115.7,116.0,115.7,116.0,150,0,8350.0,CE
2016-07-07 11:57:00,116.0,116.0,116.0,116.0,150,0,8350.0,CE
2016-07-07 11:58:00,116.4,116.6,115.9,115.9,1425,0,8350.0,CE
2016-07-07 11:59:00,116.25,116.5,116.0,116.0,825,0,8350.0,CE
2016-07-07 12:00:00,115.75,115.75,115.65,115.65,150,0,8350.0,CE
2016-07-07 12:01:00,115.6,115.6,115.6,115.6,75,0,8350.0,CE
2016-07-07 12:02:00,115.0,115.0,115.0,115.0,450,0,8350.0,CE
2016-07-07 12:03:00,114.85,114.85,114.85,114.85,75,0,8350.0,CE
2016-07-07 12:05:00,115.15,115.15,114.7,114.7,150,0,8350.0,CE
2016-07-07 12:06:00,114.9,114.9,114.9,114.9,75,0,8350.0,CE
2016-07-07 12:07:00,115.5,115.5,114.85,114.85,225,0,8350.0,CE
2016-07-07 12:09:00,114.6,114.6,114.6,114.6,75,0,8350.0,CE
2016-07-07 12:11:00,114.15,114.15,113.75,113.95,675,0,8350.0,CE
2016-07-07 12:12:00,113.0,113.35,112.0,112.05,825,0,8350.0,CE
2016-07-07 12:13:00,111.75,111.75,110.75,110.75,4575,0,8350.0,CE
2016-07-07 12:14:00,111.0,111.45,111.0,111.45,225,0,8350.0,CE
2016-07-07 12:15:00,111.75,111.75,111.75,111.75,150,0,8350.0,CE
2016-07-07 12:16:00,111.75,112.6,111.25,112.0,825,0,8350.0,CE
2016-07-07 12:17:00,112.0,112.3,111.45,112.2,525,0,8350.0,CE
2016-07-07 12:18:00,112.0,112.7,112.0,112.7,300,0,8350.0,CE
2016-07-07 12:19:00,112.15,112.6,111.85,111.85,675,0,8350.0,CE
2016-07-07 12:20:00,112.45,112.45,111.55,111.55,675,0,8350.0,CE
2016-07-07 12:21:00,111.55,111.95,111.5,111.6,1125,0,8350.0,CE
2016-07-07 12:22:00,111.4,111.4,111.4,111.4,75,0,8350.0,CE
2016-07-07 12:23:00,111.7,111.7,109.35,109.35,4350,0,8350.0,CE
2016-07-07 12:24:00,109.95,110.3,109.5,110.05,2025,0,8350.0,CE
2016-07-07 12:25:00,110.0,111.55,110.0,111.55,750,0,8350.0,CE
2016-07-07 12:26:00,111.6,111.8,111.55,111.6,1575,0,8350.0,CE
2016-07-07 12:27:00,112.0,112.75,111.8,112.75,600,0,8350.0,CE
2016-07-07 12:28:00,112.75,112.75,112.1,112.1,1200,0,8350.0,CE
2016-07-07 12:29:00,112.95,112.95,112.95,112.95,75,0,8350.0,CE
2016-07-07 12:30:00,113.0,113.6,112.5,113.5,1275,0,8350.0,CE
2016-07-07 12:31:00,113.0,114.0,113.0,113.05,1950,0,8350.0,CE
2016-07-07 12:32:00,113.95,114.3,113.65,114.3,1500,0,8350.0,CE
2016-07-07 12:33:00,114.35,114.8,114.0,114.8,1125,0,8350.0,CE
2016-07-07 12:34:00,115.0,116.7,115.0,116.7,3225,0,8350.0,CE
2016-07-07 12:35:00,116.15,119.65,116.15,119.6,4050,0,8350.0,CE
2016-07-07 12:36:00,119.0,121.45,119.0,121.05,6075,0,8350.0,CE
2016-07-07 12:37:00,121.35,122.0,120.05,121.0,3525,0,8350.0,CE
2016-07-07 12:38:00,120.2,120.2,119.0,119.0,825,0,8350.0,CE
2016-07-07 12:39:00,119.9,119.9,119.4,119.4,1200,0,8350.0,CE
2016-07-07 12:40:00,119.55,121.0,119.55,120.55,4125,0,8350.0,CE
2016-07-07 12:41:00,120.55,120.8,119.25,120.0,5175,0,8350.0,CE
2016-07-07 12:42:00,120.0,120.0,119.0,119.8,1350,0,8350.0,CE
2016-07-07 12:43:00,119.0,119.35,118.35,118.35,750,0,8350.0,CE
2016-07-07 12:44:00,118.85,119.0,118.85,119.0,150,0,8350.0,CE
2016-07-07 12:45:00,120.0,120.5,119.5,120.1,3375,0,8350.0,CE
2016-07-07 12:46:00,120.45,120.45,118.3,118.3,1275,0,8350.0,CE
2016-07-07 12:47:00,118.45,118.9,118.3,118.3,900,0,8350.0,CE
2016-07-07 12:48:00,118.0,118.2,117.5,117.6,750,0,8350.0,CE
2016-07-07 12:49:00,117.55,117.55,116.5,116.5,750,0,8350.0,CE
2016-07-07 12:50:00,116.85,117.6,116.5,117.0,3225,0,8350.0,CE
2016-07-07 12:51:00,116.85,117.9,116.85,117.2,525,0,8350.0,CE
2016-07-07 12:52:00,117.05,117.95,117.0,117.85,1275,0,8350.0,CE
2016-07-07 12:53:00,117.5,117.5,117.4,117.4,450,0,8350.0,CE
2016-07-07 12:54:00,117.95,118.35,117.5,118.35,675,0,8350.0,CE
2016-07-07 12:55:00,118.0,118.5,118.0,118.0,900,0,8350.0,CE
2016-07-07 12:56:00,118.0,118.0,117.6,117.6,1050,0,8350.0,CE
2016-07-07 12:57:00,118.3,118.5,118.3,118.5,225,0,8350.0,CE
2016-07-07 12:58:00,118.9,118.9,117.3,117.3,375,0,8350.0,CE
2016-07-07 13:00:00,117.6,117.7,117.2,117.4,300,0,8350.0,CE
2016-07-07 13:01:00,117.2,117.2,114.5,114.5,2550,0,8350.0,CE
2016-07-07 13:02:00,115.15,116.2,115.15,116.2,450,0,8350.0,CE
2016-07-07 13:03:00,116.7,116.95,116.7,116.95,150,0,8350.0,CE
2016-07-07 13:04:00,117.25,117.25,117.1,117.1,150,0,8350.0,CE
2016-07-07 13:06:00,117.05,117.9,117.0,117.0,1050,0,8350.0,CE
2016-07-07 13:07:00,117.0,117.65,117.0,117.0,375,0,8350.0,CE
2016-07-07 13:08:00,117.15,117.15,117.0,117.0,150,0,8350.0,CE
2016-07-07 13:09:00,117.5,117.5,117.5,117.5,375,0,8350.0,CE
2016-07-07 13:10:00,117.85,118.0,117.85,118.0,150,0,8350.0,CE
2016-07-07 13:12:00,118.5,118.5,118.5,118.5,1050,0,8350.0,CE
2016-07-07 13:13:00,118.0,118.0,118.0,118.0,150,0,8350.0,CE
2016-07-07 13:14:00,118.3,118.3,118.0,118.0,600,0,8350.0,CE
2016-07-07 13:15:00,117.15,117.15,117.15,117.15,300,0,8350.0,CE
2016-07-07 13:16:00,118.65,118.65,118.65,118.65,75,0,8350.0,CE
2016-07-07 13:17:00,118.15,118.15,118.15,118.15,75,0,8350.0,CE
2016-07-07 13:18:00,118.0,118.0,118.0,118.0,75,0,8350.0,CE
2016-07-07 13:19:00,117.45,118.0,117.45,118.0,525,0,8350.0,CE
2016-07-07 13:20:00,118.55,120.0,118.55,119.45,2250,0,8350.0,CE
2016-07-07 13:21:00,119.65,119.9,119.0,119.6,1050,0,8350.0,CE
2016-07-07 13:22:00,119.15,120.5,119.15,120.5,1050,0,8350.0,CE
2016-07-07 13:23:00,120.5,120.5,120.35,120.4,1425,0,8350.0,CE
2016-07-07 13:24:00,120.6,121.85,120.6,121.0,1500,0,8350.0,CE
2016-07-07 13:25:00,120.0,120.8,119.8,119.8,375,0,8350.0,CE
2016-07-07 13:26:00,119.1,119.1,119.1,119.1,375,0,8350.0,CE
2016-07-07 13:27:00,119.4,119.95,119.15,119.95,1650,0,8350.0,CE
2016-07-07 13:28:00,120.0,120.0,119.65,119.65,225,0,8350.0,CE
2016-07-07 13:29:00,120.0,120.75,120.0,120.5,300,0,8350.0,CE
2016-07-07 13:30:00,120.3,120.55,120.0,120.55,450,0,8350.0,CE
2016-07-07 13:31:00,120.15,124.0,120.15,124.0,3900,0,8350.0,CE
2016-07-07 13:32:00,123.55,126.45,122.9,125.55,7725,0,8350.0,CE
2016-07-07 13:33:00,125.35,126.0,123.1,123.45,2700,0,8350.0,CE
2016-07-07 13:34:00,123.5,124.5,123.5,124.5,13125,0,8350.0,CE
2016-07-07 13:35:00,124.3,124.3,122.0,122.0,7800,0,8350.0,CE
2016-07-07 13:36:00,121.1,121.95,121.0,121.25,7650,0,8350.0,CE
2016-07-07 13:37:00,120.15,120.85,120.15,120.15,675,0,8350.0,CE
2016-07-07 13:38:00,120.55,120.9,119.95,120.1,3225,0,8350.0,CE
2016-07-07 13:39:00,120.7,121.7,120.7,120.7,225,0,8350.0,CE
2016-07-07 13:40:00,120.25,120.25,120.0,120.0,375,0,8350.0,CE
2016-07-07 13:41:00,120.0,120.85,120.0,120.85,375,0,8350.0,CE
2016-07-07 13:42:00,120.45,121.05,120.45,121.05,150,0,8350.0,CE
2016-07-07 13:43:00,122.5,123.0,122.5,122.7,1425,0,8350.0,CE
2016-07-07 13:44:00,122.5,122.5,121.8,121.8,1425,0,8350.0,CE
2016-07-07 13:45:00,121.8,121.8,121.0,121.0,300,0,8350.0,CE
2016-07-07 13:46:00,121.0,121.3,120.75,121.3,300,0,8350.0,CE
2016-07-07 13:47:00,121.1,122.35,121.1,122.35,525,0,8350.0,CE
2016-07-07 13:48:00,122.0,122.0,122.0,122.0,375,0,8350.0,CE
2016-07-07 13:49:00,120.05,120.2,120.0,120.2,900,0,8350.0,CE
2016-07-07 13:50:00,120.55,120.55,119.0,119.0,2100,0,8350.0,CE
2016-07-07 13:51:00,119.55,119.55,118.8,119.5,600,0,8350.0,CE
2016-07-07 13:52:00,119.5,119.5,119.5,119.5,75,0,8350.0,CE
2016-07-07 13:55:00,121.9,121.9,121.9,121.9,225,0,8350.0,CE
2016-07-07 13:56:00,122.0,122.0,122.0,122.0,225,0,8350.0,CE
2016-07-07 13:57:00,122.45,122.45,122.45,122.45,75,0,8350.0,CE
2016-07-07 13:58:00,122.05,122.05,122.05,122.05,75,0,8350.0,CE
2016-07-07 13:59:00,122.05,123.5,122.05,123.0,1200,0,8350.0,CE
2016-07-07 14:00:00,122.0,123.75,122.0,123.75,375,0,8350.0,CE
2016-07-07 14:01:00,123.2,124.0,123.05,123.65,2850,0,8350.0,CE
2016-07-07 14:02:00,123.95,125.0,123.65,125.0,2625,0,8350.0,CE
2016-07-07 14:03:00,125.0,126.5,124.9,126.4,3375,0,8350.0,CE
2016-07-07 14:04:00,126.85,127.15,125.5,125.5,4050,0,8350.0,CE
2016-07-07 14:05:00,125.15,126.3,125.0,126.0,1425,0,8350.0,CE
2016-07-07 14:06:00,126.0,133.0,125.75,130.2,12750,0,8350.0,CE
2016-07-07 14:07:00,132.0,132.0,129.4,130.0,6375,0,8350.0,CE
2016-07-07 14:08:00,130.5,131.15,129.25,129.55,3750,0,8350.0,CE
2016-07-07 14:09:00,129.5,129.55,127.85,129.25,3075,0,8350.0,CE
2016-07-07 14:10:00,130.0,130.1,129.0,129.7,1425,0,8350.0,CE
2016-07-07 14:11:00,130.55,130.85,129.4,130.35,3075,0,8350.0,CE
2016-07-07 14:12:00,131.1,131.1,129.6,130.75,1125,0,8350.0,CE
2016-07-07 14:13:00,130.25,131.15,130.25,131.1,2250,0,8350.0,CE
2016-07-07 14:14:00,130.5,131.5,130.0,130.45,1050,0,8350.0,CE
2016-07-07 14:15:00,130.45,130.5,129.0,129.95,2775,0,8350.0,CE
2016-07-07 14:16:00,129.95,130.5,129.9,130.5,600,0,8350.0,CE
2016-07-07 14:17:00,130.95,131.45,130.95,131.45,300,0,8350.0,CE
2016-07-07 14:18:00,130.0,130.0,128.25,128.4,1500,0,8350.0,CE
2016-07-07 14:19:00,129.0,129.1,128.65,128.7,1050,0,8350.0,CE
2016-07-07 14:20:00,128.55,129.95,128.55,129.95,450,0,8350.0,CE
2016-07-07 14:21:00,130.0,130.7,130.0,130.7,525,0,8350.0,CE
2016-07-07 14:22:00,129.9,129.9,129.9,129.9,75,0,8350.0,CE
2016-07-07 14:23:00,129.05,129.05,126.65,127.0,6975,0,8350.0,CE
2016-07-07 14:24:00,127.0,128.0,126.4,127.6,2025,0,8350.0,CE
2016-07-07 14:25:00,127.6,128.2,127.55,128.0,900,0,8350.0,CE
2016-07-07 14:26:00,127.4,127.9,126.35,127.9,525,0,8350.0,CE
2016-07-07 14:27:00,127.6,128.5,127.6,128.4,900,0,8350.0,CE
2016-07-07 14:28:00,128.0,128.15,127.95,128.15,1800,0,8350.0,CE
2016-07-07 14:29:00,127.55,127.55,127.55,127.55,75,0,8350.0,CE
2016-07-07 14:30:00,127.8,127.8,126.85,126.85,1350,0,8350.0,CE
2016-07-07 14:31:00,126.15,127.0,125.8,126.8,1575,0,8350.0,CE
2016-07-07 14:32:00,127.0,127.55,127.0,127.5,375,0,8350.0,CE
2016-07-07 14:33:00,126.5,126.5,125.15,125.95,225,0,8350.0,CE
2016-07-07 14:34:00,126.5,126.5,125.85,125.85,600,0,8350.0,CE
2016-07-07 14:35:00,125.65,126.7,125.5,125.5,825,0,8350.0,CE
2016-07-07 14:36:00,125.0,125.0,124.5,124.5,2100,0,8350.0,CE
2016-07-07 14:37:00,125.2,126.55,125.2,126.55,825,0,8350.0,CE
2016-07-07 14:38:00,126.55,126.55,126.5,126.5,225,0,8350.0,CE
2016-07-07 14:39:00,125.35,125.35,125.35,125.35,150,0,8350.0,CE
2016-07-07 14:40:00,125.8,125.8,125.8,125.8,75,0,8350.0,CE
2016-07-07 14:41:00,125.8,125.8,125.8,125.8,450,0,8350.0,CE
2016-07-07 14:42:00,125.35,126.0,125.35,126.0,150,0,8350.0,CE
2016-07-07 14:43:00,125.45,125.45,125.45,125.45,150,0,8350.0,CE
2016-07-07 14:44:00,124.75,124.75,124.6,124.6,225,0,8350.0,CE
2016-07-07 14:45:00,124.6,124.6,123.5,123.85,1125,0,8350.0,CE
2016-07-07 14:46:00,124.7,124.7,123.2,123.8,1200,0,8350.0,CE
2016-07-07 14:47:00,124.8,125.0,124.0,124.0,750,0,8350.0,CE
2016-07-07 14:48:00,123.0,123.0,122.5,123.0,1050,0,8350.0,CE
2016-07-07 14:49:00,122.8,123.65,122.65,123.65,1425,0,8350.0,CE
2016-07-07 14:51:00,122.95,122.95,121.0,121.25,3150,0,8350.0,CE
2016-07-07 14:52:00,121.85,122.0,120.1,120.85,600,0,8350.0,CE
2016-07-07 14:53:00,120.05,121.3,120.05,121.0,1725,0,8350.0,CE
2016-07-07 14:54:00,121.85,122.8,121.0,122.8,900,0,8350.0,CE
2016-07-07 14:55:00,122.0,122.75,122.0,122.75,150,0,8350.0,CE
2016-07-07 14:56:00,122.45,122.45,121.45,122.35,375,0,8350.0,CE
2016-07-07 14:57:00,121.4,121.4,120.0,120.65,1275,0,8350.0,CE
2016-07-07 14:58:00,120.8,120.85,119.5,120.45,1725,0,8350.0,CE
2016-07-07 14:59:00,120.0,120.0,117.45,117.55,2325,0,8350.0,CE
2016-07-07 15:00:00,117.65,119.0,117.55,118.7,10350,0,8350.0,CE
2016-07-07 15:01:00,117.8,117.8,113.9,113.9,5850,0,8350.0,CE
2016-07-07 15:02:00,114.65,115.0,113.3,115.0,3825,0,8350.0,CE
2016-07-07 15:03:00,116.05,116.6,115.7,116.0,2925,0,8350.0,CE
2016-07-07 15:04:00,116.95,117.75,116.6,116.75,675,0,8350.0,CE
2016-07-07 15:05:00,117.0,117.0,116.0,116.25,1950,0,8350.0,CE
2016-07-07 15:06:00,118.0,118.0,117.0,117.35,1125,0,8350.0,CE
2016-07-07 15:07:00,117.3,117.3,116.0,116.1,5175,0,8350.0,CE
2016-07-07 15:08:00,116.0,116.5,115.85,115.85,3900,0,8350.0,CE
2016-07-07 15:09:00,115.65,115.65,115.0,115.5,675,0,8350.0,CE
2016-07-07 15:10:00,115.45,116.0,115.25,115.75,825,0,8350.0,CE
2016-07-07 15:11:00,115.7,115.7,114.15,114.15,2175,0,8350.0,CE
2016-07-07 15:12:00,115.3,115.3,115.0,115.0,1575,0,8350.0,CE
2016-07-07 15:13:00,115.0,115.0,114.0,114.05,8400,0,8350.0,CE
2016-07-07 15:14:00,114.8,115.45,114.75,115.45,1575,0,8350.0,CE
2016-07-07 15:15:00,116.0,117.3,116.0,117.0,1575,0,8350.0,CE
2016-07-07 15:16:00,116.2,117.55,116.2,117.0,750,0,8350.0,CE
2016-07-07 15:17:00,118.0,118.15,117.45,117.5,750,0,8350.0,CE
2016-07-07 15:18:00,118.05,118.8,117.5,118.55,2100,0,8350.0,CE
2016-07-07 15:19:00,118.8,118.8,118.0,118.5,2175,0,8350.0,CE
2016-07-07 15:20:00,118.0,118.05,117.1,118.0,2475,0,8350.0,CE
2016-07-07 15:21:00,118.4,118.5,117.6,118.5,1350,0,8350.0,CE
2016-07-07 15:22:00,118.5,119.9,117.8,119.7,10350,0,8350.0,CE
2016-07-07 15:23:00,119.9,120.0,119.25,119.7,1050,0,8350.0,CE
2016-07-07 15:24:00,120.0,120.55,119.45,120.45,2175,0,8350.0,CE
2016-07-07 15:25:00,120.05,120.5,120.05,120.45,975,0,8350.0,CE
2016-07-07 15:26:00,120.3,121.95,120.0,121.55,2550,0,8350.0,CE
2016-07-07 15:27:00,121.75,122.1,121.75,122.0,2700,0,8350.0,CE
2016-07-07 15:28:00,122.0,122.5,121.75,121.75,4800,0,8350.0,CE
2016-07-07 15:29:00,121.75,122.0,120.9,122.0,2775,0,8350.0,CE
2016-07-08 09:15:00,109.25,109.25,107.05,108.7,4350,0,8350.0,CE
2016-07-08 09:16:00,109.35,112.5,109.35,112.5,9600,0,8350.0,CE
2016-07-08 09:17:00,113.7,113.7,111.0,111.0,6450,0,8350.0,CE
2016-07-08 09:18:00,110.1,111.0,108.5,108.5,8175,0,8350.0,CE
2016-07-08 09:19:00,108.55,110.0,108.3,109.45,3600,0,8350.0,CE
2016-07-08 09:20:00,109.0,110.25,108.0,109.5,2850,0,8350.0,CE
2016-07-08 09:21:00,109.0,109.2,108.5,108.7,1950,0,8350.0,CE
2016-07-08 09:22:00,108.05,109.5,108.05,109.5,1650,0,8350.0,CE
2016-07-08 09:23:00,110.0,110.0,108.4,108.5,8625,0,8350.0,CE
2016-07-08 09:24:00,108.4,108.9,108.0,108.9,3975,0,8350.0,CE
2016-07-08 09:25:00,108.0,108.0,107.05,108.0,2475,0,8350.0,CE
2016-07-08 09:26:00,107.7,108.0,104.0,105.3,19800,0,8350.0,CE
2016-07-08 09:27:00,104.75,104.75,101.1,103.85,4350,0,8350.0,CE
2016-07-08 09:28:00,103.9,104.15,102.9,104.15,2025,0,8350.0,CE
2016-07-08 09:29:00,103.7,103.7,102.5,103.0,2250,0,8350.0,CE
2016-07-08 09:30:00,102.65,102.65,90.95,93.5,41775,0,8350.0,CE
2016-07-08 09:31:00,93.6,94.7,93.6,94.2,9150,0,8350.0,CE
2016-07-08 09:32:00,93.5,94.1,92.2,92.2,5325,0,8350.0,CE
2016-07-08 09:33:00,92.15,93.9,92.15,93.25,1875,0,8350.0,CE
2016-07-08 09:34:00,93.3,94.0,91.2,92.0,4200,0,8350.0,CE
2016-07-08 09:35:00,91.25,91.9,90.95,91.5,2100,0,8350.0,CE
2016-07-08 09:36:00,91.5,91.5,90.1,90.1,6900,0,8350.0,CE
2016-07-08 09:37:00,90.1,90.1,87.85,89.4,5325,0,8350.0,CE
2016-07-08 09:38:00,90.0,91.3,89.0,91.25,1425,0,8350.0,CE
2016-07-08 09:39:00,91.5,92.85,91.0,92.85,3600,0,8350.0,CE
2016-07-08 09:40:00,92.85,92.9,92.0,92.25,1800,0,8350.0,CE
2016-07-08 09:41:00,92.1,92.85,91.4,92.1,6450,0,8350.0,CE
2016-07-08 09:42:00,92.15,92.7,91.6,92.6,3375,0,8350.0,CE
2016-07-08 09:43:00,92.65,92.65,91.5,91.5,2250,0,8350.0,CE
2016-07-08 09:44:00,91.4,91.6,90.8,90.95,1650,0,8350.0,CE
2016-07-08 09:45:00,90.4,91.25,90.4,91.25,2550,0,8350.0,CE
2016-07-08 09:46:00,90.9,91.2,90.55,90.55,900,0,8350.0,CE
2016-07-08 09:47:00,90.5,92.1,90.5,92.1,375,0,8350.0,CE
2016-07-08 09:48:00,92.2,93.0,91.8,93.0,1425,0,8350.0,CE
2016-07-08 09:49:00,92.9,93.45,92.1,93.45,3450,0,8350.0,CE
2016-07-08 09:50:00,93.5,93.6,92.6,93.1,5025,0,8350.0,CE
2016-07-08 09:51:00,92.9,92.9,92.2,92.7,1275,0,8350.0,CE
2016-07-08 09:52:00,92.7,92.9,91.8,91.8,2175,0,8350.0,CE
2016-07-08 09:53:00,91.45,91.45,90.0,90.0,2100,0,8350.0,CE
2016-07-08 09:54:00,90.65,91.55,90.05,90.05,2175,0,8350.0,CE
2016-07-08 09:55:00,90.0,90.05,88.5,89.2,13500,0,8350.0,CE
2016-07-08 09:56:00,89.55,91.2,88.6,91.0,2100,0,8350.0,CE
2016-07-08 09:57:00,91.0,91.75,90.45,91.2,2550,0,8350.0,CE
2016-07-08 09:58:00,91.0,91.7,90.6,91.7,1650,0,8350.0,CE
2016-07-08 09:59:00,91.4,91.4,90.8,91.35,825,0,8350.0,CE
2016-07-08 10:00:00,91.35,92.2,91.35,92.0,600,0,8350.0,CE
2016-07-08 10:01:00,92.0,92.8,92.0,92.0,1500,0,8350.0,CE
2016-07-08 10:02:00,92.0,92.0,92.0,92.0,5250,0,8350.0,CE
2016-07-08 10:03:00,92.55,93.0,92.05,93.0,3075,0,8350.0,CE
2016-07-08 10:04:00,93.0,93.0,92.65,93.0,825,0,8350.0,CE
2016-07-08 10:05:00,93.0,93.95,93.0,93.2,3900,0,8350.0,CE
2016-07-08 10:06:00,93.6,94.1,93.0,94.1,3600,0,8350.0,CE
2016-07-08 10:07:00,93.25,94.35,93.1,93.65,1275,0,8350.0,CE
2016-07-08 10:08:00,94.1,94.15,93.6,93.6,975,0,8350.0,CE
2016-07-08 10:09:00,94.0,94.95,94.0,94.95,1650,0,8350.0,CE
2016-07-08 10:10:00,94.65,95.0,94.3,94.3,3150,0,8350.0,CE
2016-07-08 10:11:00,94.95,94.95,93.8,93.8,1800,0,8350.0,CE
2016-07-08 10:12:00,94.2,94.25,94.0,94.25,825,0,8350.0,CE
2016-07-08 10:13:00,94.25,94.25,93.0,93.0,1125,0,8350.0,CE
2016-07-08 10:14:00,92.9,93.25,92.9,93.25,825,0,8350.0,CE
2016-07-08 10:15:00,92.15,92.6,91.0,91.5,3000,0,8350.0,CE
2016-07-08 10:16:00,91.0,91.45,90.65,90.65,975,0,8350.0,CE
2016-07-08 10:17:00,90.5,90.85,90.1,90.6,1425,0,8350.0,CE
2016-07-08 10:18:00,90.7,90.9,90.5,90.9,1725,0,8350.0,CE
2016-07-08 10:19:00,91.3,91.6,90.75,90.75,375,0,8350.0,CE
2016-07-08 10:20:00,91.35,91.35,90.75,90.9,1050,0,8350.0,CE
2016-07-08 10:21:00,90.85,91.5,90.85,91.5,225,0,8350.0,CE
2016-07-08 10:22:00,91.5,91.5,90.9,91.15,675,0,8350.0,CE
2016-07-08 10:23:00,91.4,92.05,91.4,91.65,750,0,8350.0,CE
2016-07-08 10:24:00,91.3,91.9,91.3,91.9,150,0,8350.0,CE
2016-07-08 10:25:00,91.45,92.1,91.4,92.1,450,0,8350.0,CE
2016-07-08 10:26:00,92.6,92.75,92.05,92.7,825,0,8350.0,CE
2016-07-08 10:27:00,93.2,93.2,93.2,93.2,75,0,8350.0,CE
2016-07-08 10:28:00,93.0,93.0,92.0,92.0,600,0,8350.0,CE
2016-07-08 10:29:00,92.15,92.15,92.1,92.1,150,0,8350.0,CE
2016-07-08 10:30:00,92.0,92.25,92.0,92.25,1050,0,8350.0,CE
2016-07-08 10:31:00,92.75,93.4,92.75,93.4,1200,0,8350.0,CE
2016-07-08 10:32:00,93.15,94.45,93.15,94.45,1275,0,8350.0,CE
2016-07-08 10:33:00,94.5,95.5,94.5,95.15,2625,0,8350.0,CE
2016-07-08 10:34:00,94.75,95.45,94.75,95.05,825,0,8350.0,CE
2016-07-08 10:35:00,95.0,95.3,94.8,95.3,2925,0,8350.0,CE
2016-07-08 10:36:00,95.5,95.85,94.7,94.7,750,0,8350.0,CE
2016-07-08 10:37:00,95.0,95.25,94.55,95.15,1350,0,8350.0,CE
2016-07-08 10:38:00,95.0,95.1,94.25,94.75,1425,0,8350.0,CE
2016-07-08 10:39:00,94.6,95.45,94.6,95.45,300,0,8350.0,CE
2016-07-08 10:40:00,94.5,95.55,94.5,94.7,675,0,8350.0,CE
2016-07-08 10:41:00,95.35,95.35,94.5,94.5,225,0,8350.0,CE
2016-07-08 10:42:00,94.95,95.0,94.0,94.0,750,0,8350.0,CE
2016-07-08 10:43:00,93.25,93.25,93.0,93.0,1650,0,8350.0,CE
2016-07-08 10:44:00,93.0,93.0,92.05,92.7,6450,0,8350.0,CE
2016-07-08 10:45:00,92.8,93.0,92.8,92.95,225,0,8350.0,CE
2016-07-08 10:46:00,92.5,92.85,92.15,92.8,1125,0,8350.0,CE
2016-07-08 10:47:00,92.9,92.9,92.9,92.9,75,0,8350.0,CE
2016-07-08 10:48:00,92.9,93.0,92.9,93.0,375,0,8350.0,CE
2016-07-08 10:49:00,92.8,93.0,92.8,93.0,1200,0,8350.0,CE
2016-07-08 10:50:00,93.0,93.05,92.7,93.05,450,0,8350.0,CE
2016-07-08 10:51:00,92.15,92.25,92.0,92.25,1650,0,8350.0,CE
2016-07-08 10:52:00,92.15,92.6,92.0,92.6,975,0,8350.0,CE
2016-07-08 10:53:00,92.7,92.7,92.35,92.35,225,0,8350.0,CE
2016-07-08 10:54:00,92.2,92.2,92.0,92.0,150,0,8350.0,CE
2016-07-08 10:55:00,91.9,92.0,91.5,91.5,1125,0,8350.0,CE
2016-07-08 10:57:00,91.5,91.75,91.5,91.75,1875,0,8350.0,CE
2016-07-08 10:58:00,91.85,91.85,91.0,91.0,1575,0,8350.0,CE
2016-07-08 10:59:00,91.55,91.55,90.9,91.0,825,0,8350.0,CE
2016-07-08 11:00:00,90.0,91.0,89.6,91.0,4500,0,8350.0,CE
2016-07-08 11:02:00,92.0,92.3,92.0,92.3,1200,0,8350.0,CE
2016-07-08 11:03:00,92.85,93.0,92.85,93.0,600,0,8350.0,CE
2016-07-08 11:04:00,92.35,93.0,92.35,92.5,600,0,8350.0,CE
2016-07-08 11:05:00,92.0,92.25,92.0,92.25,225,0,8350.0,CE
2016-07-08 11:06:00,92.7,93.0,92.7,93.0,300,0,8350.0,CE
2016-07-08 11:07:00,93.0,93.0,92.25,92.25,300,0,8350.0,CE
2016-07-08 11:08:00,91.95,92.0,91.75,91.75,300,0,8350.0,CE
2016-07-08 11:10:00,91.9,91.9,91.0,91.05,1200,0,8350.0,CE
2016-07-08 11:11:00,91.5,92.1,91.1,91.1,600,0,8350.0,CE
2016-07-08 11:12:00,90.6,91.7,90.6,91.7,375,0,8350.0,CE
2016-07-08 11:13:00,92.1,92.5,92.0,92.25,1125,0,8350.0,CE
2016-07-08 11:15:00,92.55,93.0,92.55,93.0,600,0,8350.0,CE
2016-07-08 11:16:00,93.0,93.0,93.0,93.0,525,0,8350.0,CE
2016-07-08 11:17:00,92.55,92.9,92.0,92.0,375,0,8350.0,CE
2016-07-08 11:18:00,91.9,92.15,91.85,92.15,300,0,8350.0,CE
2016-07-08 11:19:00,92.65,92.65,92.65,92.65,75,0,8350.0,CE
2016-07-08 11:20:00,92.2,92.2,92.1,92.1,225,0,8350.0,CE
2016-07-08 11:21:00,92.85,92.85,92.2,92.65,300,0,8350.0,CE
2016-07-08 11:22:00,92.5,93.95,92.5,93.95,450,0,8350.0,CE
2016-07-08 11:23:00,93.95,94.5,93.95,94.5,1350,0,8350.0,CE
2016-07-08 11:24:00,94.35,94.5,94.3,94.3,300,0,8350.0,CE
2016-07-08 11:25:00,94.45,94.45,93.65,93.65,375,0,8350.0,CE
2016-07-08 11:26:00,94.0,94.45,94.0,94.45,375,0,8350.0,CE
2016-07-08 11:27:00,94.5,95.05,94.5,95.0,1050,0,8350.0,CE
2016-07-08 11:28:00,94.0,94.45,93.65,93.65,675,0,8350.0,CE
2016-07-08 11:29:00,93.5,93.6,93.15,93.55,1050,0,8350.0,CE
2016-07-08 11:30:00,93.5,94.15,93.0,94.15,375,0,8350.0,CE
2016-07-08 11:31:00,94.0,94.0,93.5,93.5,150,0,8350.0,CE
2016-07-08 11:32:00,93.8,94.1,93.8,94.1,225,0,8350.0,CE
2016-07-08 11:33:00,94.5,94.5,94.0,94.4,1425,0,8350.0,CE
2016-07-08 11:34:00,94.35,94.7,94.25,94.25,225,0,8350.0,CE
2016-07-08 11:35:00,94.5,94.8,94.5,94.8,150,0,8350.0,CE
2016-07-08 11:36:00,94.3,94.95,94.25,94.25,750,0,8350.0,CE
2016-07-08 11:37:00,94.05,94.25,94.05,94.25,225,0,8350.0,CE
2016-07-08 11:38:00,94.0,94.65,94.0,94.65,450,0,8350.0,CE
2016-07-08 11:39:00,94.4,94.4,93.95,93.95,1125,0,8350.0,CE
2016-07-08 11:40:00,93.75,94.05,93.75,94.05,150,0,8350.0,CE
2016-07-08 11:41:00,94.05,94.05,93.0,93.0,375,0,8350.0,CE
2016-07-08 11:42:00,93.0,93.4,92.1,93.4,1200,0,8350.0,CE
2016-07-08 11:45:00,92.45,93.0,92.05,93.0,900,0,8350.0,CE
2016-07-08 11:46:00,93.4,93.4,92.5,92.5,525,0,8350.0,CE
2016-07-08 11:47:00,92.5,92.5,92.0,92.45,1200,0,8350.0,CE
2016-07-08 11:49:00,92.8,92.8,91.7,91.95,600,0,8350.0,CE
2016-07-08 11:50:00,92.35,92.45,91.75,92.45,600,0,8350.0,CE
2016-07-08 11:51:00,92.2,92.2,91.6,91.6,525,0,8350.0,CE
2016-07-08 11:52:00,91.7,91.7,91.5,91.5,675,0,8350.0,CE
2016-07-08 11:53:00,91.5,91.5,90.9,90.9,1200,0,8350.0,CE
2016-07-08 11:54:00,91.0,91.0,91.0,91.0,300,0,8350.0,CE
2016-07-08 11:55:00,91.65,91.65,91.65,91.65,150,0,8350.0,CE
2016-07-08 11:56:00,92.25,92.25,91.95,92.25,225,0,8350.0,CE
2016-07-08 11:57:00,91.6,92.0,91.0,91.95,1125,0,8350.0,CE
2016-07-08 11:58:00,91.45,92.05,91.0,91.9,1650,0,8350.0,CE
2016-07-08 11:59:00,91.9,92.3,91.9,92.3,525,0,8350.0,CE
2016-07-08 12:00:00,92.1,92.1,92.0,92.0,375,0,8350.0,CE
2016-07-08 12:01:00,91.9,92.45,91.9,91.9,1200,0,8350.0,CE
2016-07-08 12:02:00,92.0,92.0,92.0,92.0,150,0,8350.0,CE
2016-07-08 12:03:00,92.1,92.5,92.1,92.35,1200,0,8350.0,CE
2016-07-08 12:04:00,92.0,92.45,92.0,92.45,375,0,8350.0,CE
2016-07-08 12:05:00,92.45,92.5,92.05,92.5,750,0,8350.0,CE
2016-07-08 12:06:00,92.1,92.5,92.1,92.5,225,0,8350.0,CE
2016-07-08 12:07:00,92.65,92.65,92.65,92.65,75,0,8350.0,CE
2016-07-08 12:08:00,92.9,92.9,92.9,92.9,150,0,8350.0,CE
2016-07-08 12:09:00,93.0,93.5,92.45,92.6,825,0,8350.0,CE
2016-07-08 12:10:00,94.0,94.0,93.75,93.75,675,0,8350.0,CE
2016-07-08 12:11:00,94.0,94.2,93.5,93.5,825,0,8350.0,CE
2016-07-08 12:12:00,93.95,93.95,93.55,93.9,1050,0,8350.0,CE
2016-07-08 12:13:00,93.35,93.7,93.35,93.7,300,0,8350.0,CE
2016-07-08 12:14:00,93.25,93.25,92.95,92.95,225,0,8350.0,CE
2016-07-08 12:15:00,92.95,92.95,92.0,92.6,2925,0,8350.0,CE
2016-07-08 12:16:00,92.0,92.4,92.0,92.0,1425,0,8350.0,CE
2016-07-08 12:17:00,92.5,92.5,92.5,92.5,750,0,8350.0,CE
2016-07-08 12:18:00,91.75,91.75,91.55,91.75,525,0,8350.0,CE
2016-07-08 12:19:00,91.8,91.9,91.75,91.75,450,0,8350.0,CE
2016-07-08 12:20:00,91.9,92.5,91.9,92.5,825,0,8350.0,CE
2016-07-08 12:22:00,91.7,92.0,91.5,91.5,750,0,8350.0,CE
2016-07-08 12:23:00,91.8,91.85,91.05,91.85,900,0,8350.0,CE
2016-07-08 12:24:00,91.4,92.05,91.4,91.7,2025,0,8350.0,CE
2016-07-08 12:25:00,91.75,91.75,91.3,91.3,1350,0,8350.0,CE
2016-07-08 12:26:00,91.7,91.7,91.2,91.2,600,0,8350.0,CE
2016-07-08 12:27:00,90.4,91.2,90.4,91.2,3075,0,8350.0,CE
2016-07-08 12:28:00,91.4,91.4,91.2,91.3,600,0,8350.0,CE
2016-07-08 12:29:00,91.5,92.05,91.5,92.05,150,0,8350.0,CE
2016-07-08 12:30:00,91.2,91.2,90.4,90.85,2775,0,8350.0,CE
2016-07-08 12:31:00,90.55,91.65,90.0,91.65,3900,0,8350.0,CE
2016-07-08 12:32:00,91.65,94.45,91.65,94.45,3150,0,8350.0,CE
2016-07-08 12:33:00,94.5,96.5,94.4,96.5,11550,0,8350.0,CE
2016-07-08 12:34:00,96.05,97.0,96.0,96.7,1950,0,8350.0,CE
2016-07-08 12:35:00,97.0,99.4,97.0,99.05,12300,0,8350.0,CE
2016-07-08 12:36:00,99.0,99.0,97.05,97.35,2775,0,8350.0,CE
2016-07-08 12:37:00,97.35,99.0,96.9,99.0,3975,0,8350.0,CE
2016-07-08 12:38:00,99.15,99.45,98.15,98.15,1950,0,8350.0,CE
2016-07-08 12:39:00,98.0,98.0,97.1,97.5,975,0,8350.0,CE
2016-07-08 12:40:00,98.0,98.0,97.0,97.0,2400,0,8350.0,CE
2016-07-08 12:41:00,97.0,97.8,96.6,97.8,975,0,8350.0,CE
2016-07-08 12:42:00,97.2,97.35,97.0,97.0,600,0,8350.0,CE
2016-07-08 12:43:00,96.6,97.1,95.05,96.05,1950,0,8350.0,CE
2016-07-08 12:44:00,96.3,97.0,96.0,97.0,1050,0,8350.0,CE
2016-07-08 12:45:00,97.45,97.7,96.8,97.0,675,0,8350.0,CE
2016-07-08 12:46:00,97.0,97.5,96.7,97.5,900,0,8350.0,CE
2016-07-08 12:47:00,97.25,98.0,96.3,96.3,1650,0,8350.0,CE
2016-07-08 12:48:00,96.25,96.3,96.0,96.3,1800,0,8350.0,CE
2016-07-08 12:49:00,96.25,96.3,96.0,96.3,2700,0,8350.0,CE
2016-07-08 12:50:00,96.0,97.0,96.0,96.95,3300,0,8350.0,CE
2016-07-08 12:51:00,97.3,98.0,97.0,98.0,4875,0,8350.0,CE
2016-07-08 12:52:00,98.0,98.8,98.0,98.8,750,0,8350.0,CE
2016-07-08 12:53:00,98.85,98.9,97.75,98.0,2625,0,8350.0,CE
2016-07-08 12:54:00,98.0,100.8,98.0,100.0,6150,0,8350.0,CE
2016-07-08 12:55:00,99.45,101.0,99.45,100.5,4500,0,8350.0,CE
2016-07-08 12:56:00,100.65,100.65,99.65,99.65,1275,0,8350.0,CE
2016-07-08 12:57:00,99.65,99.65,98.95,98.95,600,0,8350.0,CE
2016-07-08 12:58:00,97.5,98.05,97.5,97.5,1275,0,8350.0,CE
2016-07-08 12:59:00,96.65,97.3,96.4,97.05,4350,0,8350.0,CE
2016-07-08 13:00:00,96.6,97.0,96.0,96.1,1200,0,8350.0,CE
2016-07-08 13:01:00,96.0,96.55,94.1,96.55,3600,0,8350.0,CE
2016-07-08 13:02:00,96.0,96.95,96.0,96.9,975,0,8350.0,CE
2016-07-08 13:03:00,96.05,97.3,95.65,97.25,3750,0,8350.0,CE
2016-07-08 13:04:00,97.1,97.15,96.1,97.15,1575,0,8350.0,CE
2016-07-08 13:05:00,96.7,97.6,96.7,97.0,525,0,8350.0,CE
2016-07-08 13:06:00,97.0,97.65,97.0,97.65,1725,0,8350.0,CE
2016-07-08 13:07:00,98.0,98.0,97.2,97.55,2775,0,8350.0,CE
2016-07-08 13:08:00,98.0,98.6,97.65,97.65,1950,0,8350.0,CE
2016-07-08 13:09:00,97.65,98.05,97.5,97.55,825,0,8350.0,CE
2016-07-08 13:10:00,98.0,98.0,97.0,97.0,450,0,8350.0,CE
2016-07-08 13:11:00,97.0,97.1,97.0,97.1,2850,0,8350.0,CE
2016-07-08 13:12:00,98.25,98.25,98.25,98.25,75,0,8350.0,CE
2016-07-08 13:13:00,98.4,98.65,98.4,98.65,525,0,8350.0,CE
2016-07-08 13:14:00,98.5,98.65,98.5,98.5,1425,0,8350.0,CE
2016-07-08 13:15:00,98.35,99.2,98.0,98.0,2250,0,8350.0,CE
2016-07-08 13:16:00,98.2,98.25,97.65,97.65,750,0,8350.0,CE
2016-07-08 13:17:00,98.0,98.55,98.0,98.55,375,0,8350.0,CE
2016-07-08 13:18:00,98.55,98.65,98.2,98.55,1275,0,8350.0,CE
2016-07-08 13:19:00,98.1,99.0,98.1,98.4,450,0,8350.0,CE
2016-07-08 13:20:00,98.5,100.0,98.4,100.0,1875,0,8350.0,CE
2016-07-08 13:21:00,100.0,100.65,100.0,100.0,2400,0,8350.0,CE
2016-07-08 13:22:00,99.45,99.7,99.25,99.7,825,0,8350.0,CE
2016-07-08 13:23:00,99.45,100.1,99.1,100.1,600,0,8350.0,CE
2016-07-08 13:24:00,99.5,100.1,99.5,100.0,1275,0,8350.0,CE
2016-07-08 13:25:00,100.05,100.8,100.0,100.6,1500,0,8350.0,CE
2016-07-08 13:26:00,100.0,100.8,99.8,99.8,1050,0,8350.0,CE
2016-07-08 13:27:00,99.75,100.65,99.75,99.85,975,0,8350.0,CE
2016-07-08 13:28:00,99.75,100.0,99.5,100.0,1800,0,8350.0,CE
2016-07-08 13:29:00,99.4,99.4,99.0,99.0,375,0,8350.0,CE
2016-07-08 13:30:00,98.5,98.5,97.55,97.55,900,0,8350.0,CE
2016-07-08 13:31:00,98.25,99.25,98.25,98.35,600,0,8350.0,CE
2016-07-08 13:33:00,98.85,98.85,97.05,97.05,1125,0,8350.0,CE
2016-07-08 13:34:00,97.55,97.6,97.55,97.6,150,0,8350.0,CE
2016-07-08 13:35:00,98.85,99.0,98.85,99.0,150,0,8350.0,CE
2016-07-08 13:36:00,98.2,98.2,98.2,98.2,75,0,8350.0,CE
2016-07-08 13:38:00,97.75,98.6,97.75,97.95,450,0,8350.0,CE
2016-07-08 13:39:00,97.9,98.45,97.9,98.45,450,0,8350.0,CE
2016-07-08 13:40:00,98.7,102.9,98.7,102.35,7350,0,8350.0,CE
2016-07-08 13:41:00,101.95,104.0,101.95,103.6,7575,0,8350.0,CE
2016-07-08 13:42:00,103.9,105.0,103.75,104.3,7575,0,8350.0,CE
2016-07-08 13:43:00,105.0,105.55,104.9,105.5,2775,0,8350.0,CE
2016-07-08 13:44:00,105.05,105.05,102.7,102.7,1875,0,8350.0,CE
2016-07-08 13:45:00,103.0,104.3,103.0,104.0,2100,0,8350.0,CE
2016-07-08 13:46:00,103.0,103.8,103.0,103.0,2325,0,8350.0,CE
2016-07-08 13:47:00,103.7,103.7,101.65,101.65,2625,0,8350.0,CE
2016-07-08 13:48:00,101.65,102.85,101.65,102.5,1425,0,8350.0,CE
2016-07-08 13:49:00,102.95,105.0,102.95,105.0,2100,0,8350.0,CE
2016-07-08 13:50:00,105.0,105.3,104.0,104.4,2025,0,8350.0,CE
2016-07-08 13:51:00,104.4,105.0,104.1,104.1,1050,0,8350.0,CE
2016-07-08 13:52:00,104.0,105.15,103.75,104.4,975,0,8350.0,CE
2016-07-08 13:53:00,104.45,104.45,104.45,104.45,75,0,8350.0,CE
2016-07-08 13:54:00,103.5,104.45,102.6,102.75,1875,0,8350.0,CE
2016-07-08 13:55:00,102.65,102.7,101.75,101.9,750,0,8350.0,CE
2016-07-08 13:56:00,102.3,102.95,102.2,102.95,300,0,8350.0,CE
2016-07-08 13:57:00,102.3,102.3,102.3,102.3,300,0,8350.0,CE
2016-07-08 13:58:00,101.65,101.95,101.4,101.6,1500,0,8350.0,CE
2016-07-08 13:59:00,102.0,102.0,100.8,100.9,1425,0,8350.0,CE
2016-07-08 14:00:00,100.6,100.6,100.0,100.0,375,0,8350.0,CE
2016-07-08 14:01:00,99.6,100.05,98.2,98.2,975,0,8350.0,CE
2016-07-08 14:02:00,98.65,99.55,98.5,99.05,2625,0,8350.0,CE
2016-07-08 14:03:00,99.0,99.0,98.95,99.0,300,0,8350.0,CE
2016-07-08 14:04:00,98.95,99.35,98.25,98.25,5625,0,8350.0,CE
2016-07-08 14:05:00,98.45,98.55,98.0,98.15,825,0,8350.0,CE
2016-07-08 14:06:00,98.0,98.0,95.5,95.7,2550,0,8350.0,CE
2016-07-08 14:07:00,95.55,95.85,95.2,95.85,1275,0,8350.0,CE
2016-07-08 14:08:00,96.25,97.7,96.25,97.7,750,0,8350.0,CE
2016-07-08 14:09:00,96.8,97.55,96.8,97.05,900,0,8350.0,CE
2016-07-08 14:10:00,96.5,97.15,96.15,96.5,3450,0,8350.0,CE
2016-07-08 14:11:00,96.5,97.0,96.5,96.8,675,0,8350.0,CE
2016-07-08 14:12:00,97.0,97.0,97.0,97.0,225,0,8350.0,CE
2016-07-08 14:13:00,97.25,97.25,96.5,96.5,225,0,8350.0,CE
2016-07-08 14:14:00,95.85,95.85,95.0,95.0,1125,0,8350.0,CE
2016-07-08 14:15:00,94.75,95.0,94.6,94.6,900,0,8350.0,CE
2016-07-08 14:16:00,94.35,95.85,94.35,95.65,525,0,8350.0,CE
2016-07-08 14:17:00,95.2,95.7,95.0,95.05,600,0,8350.0,CE
2016-07-08 14:18:00,95.0,95.0,94.8,95.0,525,0,8350.0,CE
2016-07-08 14:19:00,94.45,95.1,94.45,95.1,225,0,8350.0,CE
2016-07-08 14:20:00,95.6,96.25,95.35,96.25,450,0,8350.0,CE
2016-07-08 14:21:00,95.6,96.8,95.6,96.8,675,0,8350.0,CE
2016-07-08 14:22:00,96.8,97.85,96.8,97.3,1125,0,8350.0,CE
2016-07-08 14:23:00,97.05,97.3,97.05,97.3,825,0,8350.0,CE
2016-07-08 14:24:00,97.55,98.35,97.55,98.0,1500,0,8350.0,CE
2016-07-08 14:25:00,98.65,99.6,98.65,99.6,825,0,8350.0,CE
2016-07-08 14:26:00,99.0,99.2,98.65,99.0,1575,0,8350.0,CE
2016-07-08 14:27:00,98.15,98.85,98.05,98.05,4050,0,8350.0,CE
2016-07-08 14:28:00,98.0,98.3,97.5,97.95,4275,0,8350.0,CE
2016-07-08 14:29:00,98.0,98.0,97.3,97.3,300,0,8350.0,CE
2016-07-08 14:30:00,98.05,98.05,98.05,98.05,75,0,8350.0,CE
2016-07-08 14:31:00,98.05,98.05,97.5,97.5,900,0,8350.0,CE
2016-07-08 14:32:00,97.0,97.5,96.6,96.6,675,0,8350.0,CE
2016-07-08 14:33:00,96.3,96.3,95.1,95.35,525,0,8350.0,CE
2016-07-08 14:34:00,95.0,95.6,95.0,95.6,1350,0,8350.0,CE
2016-07-08 14:35:00,95.45,95.45,91.9,92.0,6150,0,8350.0,CE
2016-07-08 14:36:00,91.2,93.8,90.45,93.8,3150,0,8350.0,CE
2016-07-08 14:37:00,93.8,94.4,93.5,94.4,450,0,8350.0,CE
2016-07-08 14:38:00,94.4,94.4,93.0,93.0,1200,0,8350.0,CE
2016-07-08 14:39:00,93.0,93.0,93.0,93.0,150,0,8350.0,CE
2016-07-08 14:40:00,93.5,95.25,93.5,95.25,525,0,8350.0,CE
2016-07-08 14:41:00,94.6,95.9,94.6,94.75,600,0,8350.0,CE
2016-07-08 14:42:00,94.95,96.0,94.55,96.0,1500,0,8350.0,CE
2016-07-08 14:43:00,95.8,95.8,94.85,95.1,450,0,8350.0,CE
2016-07-08 14:44:00,95.0,95.0,95.0,95.0,150,0,8350.0,CE
2016-07-08 14:45:00,94.0,94.55,94.0,94.4,375,0,8350.0,CE
2016-07-08 14:46:00,94.25,95.25,94.25,95.25,525,0,8350.0,CE
2016-07-08 14:47:00,95.8,95.8,95.0,95.1,900,0,8350.0,CE
2016-07-08 14:48:00,95.0,95.0,95.0,95.0,75,0,8350.0,CE
2016-07-08 14:49:00,94.8,94.8,94.45,94.45,225,0,8350.0,CE
2016-07-08 14:50:00,94.3,94.3,94.3,94.3,300,0,8350.0,CE
2016-07-08 14:51:00,94.4,94.45,93.45,93.9,4125,0,8350.0,CE
2016-07-08 14:52:00,94.75,94.9,94.05,94.9,375,0,8350.0,CE
2016-07-08 14:53:00,94.8,95.85,94.8,95.5,1125,0,8350.0,CE
2016-07-08 14:54:00,96.0,96.2,95.75,95.75,1500,0,8350.0,CE
2016-07-08 14:55:00,96.5,97.7,96.5,97.35,750,0,8350.0,CE
2016-07-08 14:56:00,97.8,97.95,97.8,97.8,375,0,8350.0,CE
2016-07-08 14:57:00,97.8,98.35,97.5,98.0,5025,0,8350.0,CE
2016-07-08 14:58:00,97.0,97.4,97.0,97.0,375,0,8350.0,CE
2016-07-08 14:59:00,97.3,98.0,97.3,98.0,3075,0,8350.0,CE
2016-07-08 15:00:00,97.9,97.9,97.35,97.35,3825,0,8350.0,CE
2016-07-08 15:01:00,98.05,99.6,98.05,99.6,3075,0,8350.0,CE
2016-07-08 15:02:00,99.6,99.65,98.1,98.1,1425,0,8350.0,CE
2016-07-08 15:03:00,98.95,98.95,97.35,98.0,600,0,8350.0,CE
2016-07-08 15:04:00,97.7,98.0,97.3,98.0,300,0,8350.0,CE
2016-07-08 15:05:00,98.4,98.5,97.65,97.65,375,0,8350.0,CE
2016-07-08 15:06:00,97.5,97.5,97.0,97.0,375,0,8350.0,CE
2016-07-08 15:07:00,96.35,97.25,96.35,97.15,600,0,8350.0,CE
2016-07-08 15:08:00,97.95,98.1,97.55,98.1,1200,0,8350.0,CE
2016-07-08 15:09:00,97.5,97.85,97.05,97.2,600,0,8350.0,CE
2016-07-08 15:10:00,98.1,98.25,97.0,97.0,1350,0,8350.0,CE
2016-07-08 15:11:00,96.9,97.3,96.55,97.15,1125,0,8350.0,CE
2016-07-08 15:12:00,97.4,97.75,97.2,97.4,525,0,8350.0,CE
2016-07-08 15:13:00,96.4,97.0,96.35,97.0,825,0,8350.0,CE
2016-07-08 15:14:00,97.4,97.8,96.95,96.95,450,0,8350.0,CE
2016-07-08 15:15:00,97.45,97.95,97.0,97.5,1650,0,8350.0,CE
2016-07-08 15:16:00,97.95,98.5,97.5,97.8,3825,0,8350.0,CE
2016-07-08 15:17:00,98.0,98.0,97.7,98.0,3675,0,8350.0,CE
2016-07-08 15:18:00,97.9,98.4,97.85,98.4,1125,0,8350.0,CE
2016-07-08 15:19:00,98.5,99.7,98.5,98.95,2250,0,8350.0,CE
2016-07-08 15:20:00,98.95,99.05,98.3,98.3,5925,0,8350.0,CE
2016-07-08 15:21:00,98.5,99.2,98.5,98.55,2550,0,8350.0,CE
2016-07-08 15:22:00,98.6,99.55,98.5,99.5,2025,0,8350.0,CE
2016-07-08 15:23:00,99.85,100.0,99.55,100.0,6825,0,8350.0,CE
2016-07-08 15:24:00,100.0,100.0,98.8,99.0,2100,0,8350.0,CE
2016-07-08 15:25:00,99.05,100.0,99.05,100.0,4200,0,8350.0,CE
2016-07-08 15:26:00,100.0,100.95,99.8,100.9,3375,0,8350.0,CE
2016-07-08 15:27:00,101.0,101.0,99.6,101.0,5850,0,8350.0,CE
2016-07-08 15:28:00,101.0,101.5,100.55,101.3,6600,0,8350.0,CE
2016-07-08 15:29:00,101.5,102.0,100.25,102.0,12600,0,8350.0,CE
2016-07-11 09:15:00,148.5,160.9,141.7,156.65,23700,0,8350.0,CE
2016-07-11 09:16:00,156.65,157.0,154.15,156.45,15075,0,8350.0,CE
2016-07-11 09:17:00,156.45,157.6,154.3,154.9,12150,0,8350.0,CE
2016-07-11 09:18:00,157.0,157.5,154.95,156.15,10500,0,8350.0,CE
2016-07-11 09:19:00,157.5,159.0,155.9,159.0,17925,0,8350.0,CE
2016-07-11 09:20:00,159.0,162.8,156.7,161.6,16500,0,8350.0,CE
2016-07-11 09:21:00,159.55,163.0,157.85,159.55,12225,0,8350.0,CE
2016-07-11 09:22:00,160.0,161.8,159.05,159.15,3750,0,8350.0,CE
2016-07-11 09:23:00,160.95,163.6,160.95,161.4,7725,0,8350.0,CE
2016-07-11 09:24:00,162.0,165.5,161.65,165.5,12975,0,8350.0,CE
2016-07-11 09:25:00,165.0,165.0,162.0,162.85,3375,0,8350.0,CE
2016-07-11 09:26:00,162.9,163.0,160.0,161.0,4050,0,8350.0,CE
2016-07-11 09:27:00,160.25,162.0,160.05,161.85,5775,0,8350.0,CE
2016-07-11 09:28:00,160.6,162.25,160.6,161.0,1875,0,8350.0,CE
2016-07-11 09:29:00,161.15,161.8,160.05,160.8,2775,0,8350.0,CE
2016-07-11 09:30:00,161.0,163.0,160.6,161.85,1800,0,8350.0,CE
2016-07-11 09:31:00,163.7,163.7,161.85,162.0,1725,0,8350.0,CE
2016-07-11 09:32:00,161.6,162.6,161.2,162.0,1500,0,8350.0,CE
2016-07-11 09:33:00,162.0,163.0,161.55,163.0,1575,0,8350.0,CE
2016-07-11 09:34:00,162.55,173.4,162.55,168.4,21450,0,8350.0,CE
2016-07-11 09:35:00,170.0,173.3,168.2,173.3,3375,0,8350.0,CE
2016-07-11 09:36:00,173.6,174.0,171.65,173.5,2550,0,8350.0,CE
2016-07-11 09:37:00,174.0,175.0,173.65,173.8,3675,0,8350.0,CE
2016-07-11 09:38:00,172.7,174.05,172.7,172.8,3300,0,8350.0,CE
2016-07-11 09:39:00,172.3,173.0,172.0,172.0,1350,0,8350.0,CE
2016-07-11 09:40:00,173.0,173.0,170.7,170.7,6675,0,8350.0,CE
2016-07-11 09:41:00,170.6,170.6,169.5,169.5,600,0,8350.0,CE
2016-07-11 09:42:00,169.6,169.6,168.2,168.2,1425,0,8350.0,CE
2016-07-11 09:43:00,168.0,168.45,167.2,168.45,750,0,8350.0,CE
2016-07-11 09:44:00,168.0,170.3,167.75,170.0,1650,0,8350.0,CE
2016-07-11 09:45:00,170.5,170.5,169.0,169.0,1800,0,8350.0,CE
2016-07-11 09:46:00,168.8,170.5,168.8,169.0,1425,0,8350.0,CE
2016-07-11 09:47:00,168.5,169.95,167.8,168.4,2250,0,8350.0,CE
2016-07-11 09:48:00,168.2,169.45,168.0,169.45,1050,0,8350.0,CE
2016-07-11 09:49:00,169.0,169.15,168.8,168.8,1275,0,8350.0,CE
2016-07-11 09:50:00,169.5,169.65,169.0,169.0,750,0,8350.0,CE
2016-07-11 09:51:00,169.6,169.65,168.65,168.65,1275,0,8350.0,CE
2016-07-11 09:52:00,168.4,168.4,168.0,168.0,375,0,8350.0,CE
2016-07-11 09:53:00,169.3,170.0,169.0,169.55,2100,0,8350.0,CE
2016-07-11 09:54:00,170.65,173.5,170.0,173.5,3150,0,8350.0,CE
2016-07-11 09:55:00,174.0,174.0,173.15,173.2,1125,0,8350.0,CE
2016-07-11 09:56:00,172.45,172.45,172.45,172.45,225,0,8350.0,CE
2016-07-11 09:57:00,172.85,173.0,172.3,173.0,450,0,8350.0,CE
2016-07-11 09:58:00,173.1,175.0,173.1,175.0,4050,0,8350.0,CE
2016-07-11 09:59:00,173.4,173.6,173.4,173.45,600,0,8350.0,CE
2016-07-11 10:00:00,174.0,175.0,174.0,175.0,675,0,8350.0,CE
2016-07-11 10:01:00,175.0,175.0,174.45,175.0,3300,0,8350.0,CE
2016-07-11 10:02:00,176.0,176.8,175.5,176.8,975,0,8350.0,CE
2016-07-11 10:03:00,175.45,175.45,175.0,175.2,300,0,8350.0,CE
2016-07-11 10:04:00,175.3,175.3,175.0,175.0,300,0,8350.0,CE
2016-07-11 10:05:00,175.0,175.1,175.0,175.1,225,0,8350.0,CE
2016-07-11 10:06:00,175.0,175.0,173.3,173.3,900,0,8350.0,CE
2016-07-11 10:07:00,173.3,173.3,172.15,172.15,150,0,8350.0,CE
2016-07-11 10:08:00,173.05,174.35,173.05,174.35,150,0,8350.0,CE
2016-07-11 10:09:00,173.0,173.0,172.6,172.6,375,0,8350.0,CE
2016-07-11 10:10:00,170.3,171.0,170.3,170.55,525,0,8350.0,CE
2016-07-11 10:11:00,171.0,172.0,170.55,172.0,450,0,8350.0,CE
2016-07-11 10:12:00,172.5,172.5,171.65,171.65,300,0,8350.0,CE
2016-07-11 10:13:00,172.65,172.65,172.65,172.65,75,0,8350.0,CE
2016-07-11 10:14:00,173.45,173.45,172.4,173.0,675,0,8350.0,CE
2016-07-11 10:15:00,172.7,175.0,172.7,175.0,675,0,8350.0,CE
2016-07-11 10:16:00,174.05,178.0,174.05,178.0,2550,0,8350.0,CE
2016-07-11 10:17:00,178.3,179.0,177.5,178.25,2775,0,8350.0,CE
2016-07-11 10:18:00,179.05,179.05,177.55,177.6,1350,0,8350.0,CE
2016-07-11 10:19:00,178.5,178.8,178.15,178.8,600,0,8350.0,CE
2016-07-11 10:20:00,178.85,180.0,177.95,177.95,1350,0,8350.0,CE
2016-07-11 10:21:00,176.7,176.75,176.4,176.4,975,0,8350.0,CE
2016-07-11 10:22:00,178.3,178.4,176.4,176.4,675,0,8350.0,CE
2016-07-11 10:23:00,176.3,176.4,175.3,176.4,1275,0,8350.0,CE
2016-07-11 10:24:00,175.55,176.35,175.5,175.5,675,0,8350.0,CE
2016-07-11 10:25:00,175.95,175.95,174.9,174.9,225,0,8350.0,CE
2016-07-11 10:26:00,174.9,175.0,174.9,174.95,525,0,8350.0,CE
2016-07-11 10:27:00,175.65,175.65,174.8,174.8,300,0,8350.0,CE
2016-07-11 10:28:00,173.95,175.9,173.95,174.6,600,0,8350.0,CE
2016-07-11 10:29:00,174.5,175.0,174.5,175.0,375,0,8350.0,CE
2016-07-11 10:30:00,174.75,174.95,174.5,174.95,375,0,8350.0,CE
2016-07-11 10:31:00,174.95,175.0,173.55,174.5,600,0,8350.0,CE
2016-07-11 10:32:00,175.0,175.0,175.0,175.0,75,0,8350.0,CE
2016-07-11 10:33:00,175.0,175.0,175.0,175.0,900,0,8350.0,CE
2016-07-11 10:35:00,176.0,176.0,174.8,175.05,1200,0,8350.0,CE
2016-07-11 10:36:00,176.5,176.5,175.1,176.5,750,0,8350.0,CE
2016-07-11 10:37:00,175.0,175.0,175.0,175.0,75,0,8350.0,CE
2016-07-11 10:38:00,174.8,174.8,173.9,173.9,225,0,8350.0,CE
2016-07-11 10:39:00,174.25,174.25,173.5,173.5,2775,0,8350.0,CE
2016-07-11 10:40:00,173.5,175.0,173.45,173.75,1725,0,8350.0,CE
2016-07-11 10:42:00,173.25,173.25,173.2,173.2,150,0,8350.0,CE
2016-07-11 10:43:00,174.95,175.0,174.85,174.85,900,0,8350.0,CE
2016-07-11 10:44:00,175.0,175.0,174.25,174.25,375,0,8350.0,CE
2016-07-11 10:45:00,175.45,175.45,175.45,175.45,375,0,8350.0,CE
2016-07-11 10:46:00,175.0,175.0,174.5,174.5,300,0,8350.0,CE
2016-07-11 10:47:00,174.5,174.5,174.0,174.0,375,0,8350.0,CE
2016-07-11 10:48:00,172.75,172.75,172.75,172.75,300,0,8350.0,CE
2016-07-11 10:49:00,172.6,173.5,172.6,173.5,150,0,8350.0,CE
2016-07-11 10:50:00,173.85,173.85,172.0,172.0,375,0,8350.0,CE
2016-07-11 10:51:00,173.3,173.3,172.3,172.3,900,0,8350.0,CE
2016-07-11 10:52:00,172.5,173.3,172.5,173.0,1275,0,8350.0,CE
2016-07-11 10:53:00,172.0,172.2,171.95,171.95,1275,0,8350.0,CE
2016-07-11 10:54:00,171.95,171.95,171.0,171.0,450,0,8350.0,CE
2016-07-11 10:55:00,173.0,173.0,171.85,172.95,975,0,8350.0,CE
2016-07-11 10:56:00,171.9,172.0,171.9,172.0,225,0,8350.0,CE
2016-07-11 10:57:00,172.95,173.45,171.85,173.45,900,0,8350.0,CE
2016-07-11 10:58:00,172.45,174.0,172.35,173.0,1050,0,8350.0,CE
2016-07-11 10:59:00,172.3,172.3,172.3,172.3,75,0,8350.0,CE
2016-07-11 11:01:00,175.2,176.0,174.25,175.0,675,0,8350.0,CE
2016-07-11 11:02:00,174.4,175.85,174.4,175.85,525,0,8350.0,CE
2016-07-11 11:03:00,175.4,175.4,175.4,175.4,75,0,8350.0,CE
2016-07-11 11:04:00,174.55,175.0,174.55,175.0,150,0,8350.0,CE
2016-07-11 11:05:00,175.45,176.0,175.45,176.0,1725,0,8350.0,CE
2016-07-11 11:06:00,175.5,175.5,175.5,175.5,150,0,8350.0,CE
2016-07-11 11:07:00,175.75,175.75,175.5,175.75,375,0,8350.0,CE
2016-07-11 11:08:00,175.8,175.8,175.5,175.5,525,0,8350.0,CE
2016-07-11 11:09:00,175.85,175.85,175.85,175.85,600,0,8350.0,CE
2016-07-11 11:10:00,176.0,176.0,176.0,176.0,225,0,8350.0,CE
2016-07-11 11:11:00,175.0,175.0,175.0,175.0,300,0,8350.0,CE
2016-07-11 11:12:00,174.5,174.5,174.5,174.5,375,0,8350.0,CE
2016-07-11 11:15:00,172.4,172.4,172.4,172.4,75,0,8350.0,CE
2016-07-11 11:17:00,173.0,173.0,173.0,173.0,75,0,8350.0,CE
2016-07-11 11:18:00,173.05,173.05,173.05,173.05,75,0,8350.0,CE
2016-07-11 11:19:00,173.0,173.0,173.0,173.0,75,0,8350.0,CE
2016-07-11 11:20:00,171.25,171.25,171.25,171.25,225,0,8350.0,CE
2016-07-11 11:21:00,171.5,171.5,171.5,171.5,75,0,8350.0,CE
2016-07-11 11:22:00,172.95,172.95,172.95,172.95,75,0,8350.0,CE
2016-07-11 11:23:00,171.75,171.75,171.7,171.7,375,0,8350.0,CE
2016-07-11 11:24:00,171.3,171.3,171.3,171.3,150,0,8350.0,CE
2016-07-11 11:25:00,171.85,171.85,171.85,171.85,75,0,8350.0,CE
2016-07-11 11:27:00,173.35,173.4,173.35,173.4,150,0,8350.0,CE
2016-07-11 11:28:00,173.35,173.35,173.35,173.35,75,0,8350.0,CE
2016-07-11 11:30:00,173.4,173.4,173.4,173.4,75,0,8350.0,CE
2016-07-11 11:31:00,173.3,173.3,173.3,173.3,750,0,8350.0,CE
2016-07-11 11:32:00,174.8,174.9,174.7,174.7,225,0,8350.0,CE
2016-07-11 11:33:00,172.7,172.7,172.7,172.7,75,0,8350.0,CE
2016-07-11 11:34:00,172.7,172.7,172.7,172.7,300,0,8350.0,CE
2016-07-11 11:35:00,174.95,174.95,174.95,174.95,75,0,8350.0,CE
2016-07-11 11:38:00,172.35,172.35,172.35,172.35,525,0,8350.0,CE
2016-07-11 11:40:00,171.5,174.45,171.5,174.45,225,0,8350.0,CE
2016-07-11 11:44:00,174.05,175.7,174.05,175.7,1050,0,8350.0,CE
2016-07-11 11:45:00,174.25,174.25,174.25,174.25,75,0,8350.0,CE
2016-07-11 11:46:00,176.1,176.15,176.1,176.15,975,0,8350.0,CE
2016-07-11 11:47:00,176.15,176.15,175.0,176.15,2925,0,8350.0,CE
2016-07-11 11:48:00,177.5,177.5,176.9,176.9,225,0,8350.0,CE
2016-07-11 11:49:00,177.95,177.95,177.95,177.95,75,0,8350.0,CE
2016-07-11 11:50:00,176.1,176.1,176.1,176.1,225,0,8350.0,CE
2016-07-11 11:52:00,176.05,176.05,176.05,176.05,75,0,8350.0,CE
2016-07-11 11:53:00,176.1,176.1,176.1,176.1,150,0,8350.0,CE
2016-07-11 11:54:00,176.0,176.0,174.85,175.0,825,0,8350.0,CE
2016-07-11 11:56:00,176.0,176.95,176.0,176.95,900,0,8350.0,CE
2016-07-11 11:57:00,177.0,177.1,177.0,177.1,150,0,8350.0,CE
2016-07-11 11:58:00,177.2,178.3,177.2,178.3,675,0,8350.0,CE
2016-07-11 11:59:00,177.3,177.3,177.3,177.3,300,0,8350.0,CE
2016-07-11 12:00:00,177.2,177.2,177.2,177.2,75,0,8350.0,CE
2016-07-11 12:01:00,177.7,177.7,177.7,177.7,75,0,8350.0,CE
2016-07-11 12:03:00,177.3,177.3,176.4,176.4,375,0,8350.0,CE
2016-07-11 12:04:00,174.8,175.35,174.8,175.35,150,0,8350.0,CE
2016-07-11 12:05:00,175.4,175.4,175.4,175.4,750,0,8350.0,CE
2016-07-11 12:06:00,174.65,175.0,174.65,175.0,150,0,8350.0,CE
2016-07-11 12:10:00,174.0,174.0,174.0,174.0,75,0,8350.0,CE
2016-07-11 12:12:00,175.15,176.1,175.15,176.1,225,0,8350.0,CE
2016-07-11 12:13:00,176.0,176.4,176.0,176.4,1650,0,8350.0,CE
2016-07-11 12:15:00,177.0,177.0,177.0,177.0,300,0,8350.0,CE
2016-07-11 12:16:00,177.0,178.0,177.0,177.3,1725,0,8350.0,CE
2016-07-11 12:17:00,177.15,177.15,176.75,176.75,225,0,8350.0,CE
2016-07-11 12:19:00,178.0,178.4,177.7,178.4,450,0,8350.0,CE
2016-07-11 12:20:00,177.1,177.1,177.1,177.1,75,0,8350.0,CE
2016-07-11 12:22:00,176.85,177.0,176.85,177.0,825,0,8350.0,CE
2016-07-11 12:25:00,174.9,174.9,174.9,174.9,75,0,8350.0,CE
2016-07-11 12:27:00,174.55,174.55,174.55,174.55,75,0,8350.0,CE
2016-07-11 12:29:00,176.3,176.3,176.3,176.3,75,0,8350.0,CE
2016-07-11 12:30:00,175.2,175.2,175.2,175.2,75,0,8350.0,CE
2016-07-11 12:31:00,176.1,176.1,176.1,176.1,375,0,8350.0,CE
2016-07-11 12:32:00,174.0,174.0,174.0,174.0,225,0,8350.0,CE
2016-07-11 12:33:00,174.0,174.0,173.95,173.95,825,0,8350.0,CE
2016-07-11 12:34:00,173.55,174.2,173.55,174.2,150,0,8350.0,CE
2016-07-11 12:35:00,174.9,174.9,174.9,174.9,75,0,8350.0,CE
2016-07-11 12:36:00,177.0,177.15,176.8,176.8,3225,0,8350.0,CE
2016-07-11 12:37:00,178.0,178.0,178.0,178.0,450,0,8350.0,CE
2016-07-11 12:38:00,177.35,177.35,177.35,177.35,75,0,8350.0,CE
2016-07-11 12:40:00,176.8,176.8,176.8,176.8,1125,0,8350.0,CE
2016-07-11 12:41:00,174.95,174.95,174.6,174.6,300,0,8350.0,CE
2016-07-11 12:42:00,175.4,176.35,175.4,176.35,225,0,8350.0,CE
2016-07-11 12:43:00,176.6,176.6,176.6,176.6,75,0,8350.0,CE
2016-07-11 12:44:00,176.1,176.1,176.1,176.1,75,0,8350.0,CE
2016-07-11 12:46:00,176.5,176.5,176.3,176.5,450,0,8350.0,CE
2016-07-11 12:47:00,176.0,176.0,176.0,176.0,375,0,8350.0,CE
2016-07-11 12:48:00,176.0,177.0,176.0,177.0,300,0,8350.0,CE
2016-07-11 12:49:00,177.45,178.25,176.5,178.25,3450,0,8350.0,CE
2016-07-11 12:50:00,178.0,178.45,178.0,178.0,675,0,8350.0,CE
2016-07-11 12:51:00,177.45,178.5,177.45,178.5,1725,0,8350.0,CE
2016-07-11 12:52:00,177.85,177.85,177.05,177.05,150,0,8350.0,CE
2016-07-11 12:53:00,178.0,178.0,178.0,178.0,75,0,8350.0,CE
2016-07-11 12:54:00,176.0,176.0,176.0,176.0,150,0,8350.0,CE
2016-07-11 12:55:00,177.9,177.95,177.9,177.95,150,0,8350.0,CE
2016-07-11 12:56:00,177.45,177.45,177.45,177.45,375,0,8350.0,CE
2016-07-11 12:57:00,176.65,177.4,176.65,177.4,225,0,8350.0,CE
2016-07-11 12:58:00,176.6,176.6,176.6,176.6,75,0,8350.0,CE
2016-07-11 12:59:00,176.3,176.3,176.3,176.3,150,0,8350.0,CE
2016-07-11 13:00:00,176.3,176.3,175.3,175.3,150,0,8350.0,CE
2016-07-11 13:01:00,175.3,175.3,175.3,175.3,1125,0,8350.0,CE
2016-07-11 13:02:00,176.1,176.1,176.1,176.1,150,0,8350.0,CE
2016-07-11 13:03:00,176.1,176.1,175.4,175.4,225,0,8350.0,CE
2016-07-11 13:04:00,175.25,175.25,175.25,175.25,75,0,8350.0,CE
2016-07-11 13:05:00,174.0,174.0,173.0,173.0,600,0,8350.0,CE
2016-07-11 13:06:00,172.95,172.95,171.2,171.2,1425,0,8350.0,CE
2016-07-11 13:07:00,169.95,170.0,168.75,169.95,3450,0,8350.0,CE
2016-07-11 13:08:00,170.3,170.3,170.3,170.3,75,0,8350.0,CE
2016-07-11 13:10:00,170.0,170.0,170.0,170.0,5025,0,8350.0,CE
2016-07-11 13:11:00,173.25,173.25,173.25,173.25,150,0,8350.0,CE
2016-07-11 13:12:00,173.0,173.4,173.0,173.4,300,0,8350.0,CE
2016-07-11 13:13:00,174.0,174.9,174.0,174.9,150,0,8350.0,CE
2016-07-11 13:14:00,172.5,172.5,172.2,172.2,225,0,8350.0,CE
2016-07-11 13:16:00,173.15,173.15,172.45,172.45,150,0,8350.0,CE
2016-07-11 13:17:00,172.2,172.2,170.6,172.0,450,0,8350.0,CE
2016-07-11 13:18:00,171.85,171.85,171.85,171.85,75,0,8350.0,CE
2016-07-11 13:19:00,173.4,173.4,173.4,173.4,225,0,8350.0,CE
2016-07-11 13:20:00,172.7,172.7,172.7,172.7,75,0,8350.0,CE
2016-07-11 13:21:00,172.2,172.2,172.2,172.2,75,0,8350.0,CE
2016-07-11 13:22:00,172.65,172.65,171.85,171.85,225,0,8350.0,CE
2016-07-11 13:23:00,171.5,171.5,171.5,171.5,75,0,8350.0,CE
2016-07-11 13:24:00,171.55,172.0,171.55,172.0,375,0,8350.0,CE
2016-07-11 13:25:00,170.85,170.85,170.85,170.85,75,0,8350.0,CE
2016-07-11 13:26:00,170.0,171.05,170.0,170.0,300,0,8350.0,CE
2016-07-11 13:27:00,170.3,170.3,168.3,169.7,1200,0,8350.0,CE
2016-07-11 13:28:00,170.5,171.5,170.5,171.35,825,0,8350.0,CE
2016-07-11 13:29:00,170.5,170.9,170.05,170.9,225,0,8350.0,CE
2016-07-11 13:30:00,170.2,170.2,170.2,170.2,75,0,8350.0,CE
2016-07-11 13:31:00,171.1,171.15,171.1,171.15,150,0,8350.0,CE
2016-07-11 13:32:00,171.5,171.9,171.5,171.9,525,0,8350.0,CE
2016-07-11 13:33:00,171.9,171.9,171.9,171.9,300,0,8350.0,CE
2016-07-11 13:34:00,173.0,173.0,173.0,173.0,75,0,8350.0,CE
2016-07-11 13:36:00,172.3,172.5,172.3,172.5,150,0,8350.0,CE
2016-07-11 13:37:00,173.35,173.35,172.3,172.3,225,0,8350.0,CE
2016-07-11 13:38:00,172.5,172.5,172.5,172.5,75,0,8350.0,CE
2016-07-11 13:39:00,174.5,174.5,174.5,174.5,600,0,8350.0,CE
2016-07-11 13:40:00,173.75,173.75,173.75,173.75,75,0,8350.0,CE
2016-07-11 13:41:00,175.0,175.0,175.0,175.0,75,0,8350.0,CE
2016-07-11 13:42:00,175.3,175.5,174.5,175.5,600,0,8350.0,CE
2016-07-11 13:44:00,176.3,176.3,176.3,176.3,75,0,8350.0,CE
2016-07-11 13:45:00,177.25,177.5,177.25,177.5,225,0,8350.0,CE
2016-07-11 13:46:00,178.0,178.0,178.0,178.0,150,0,8350.0,CE
2016-07-11 13:49:00,177.5,178.0,177.2,177.2,300,0,8350.0,CE
2016-07-11 13:50:00,177.15,177.15,177.15,177.15,75,0,8350.0,CE
2016-07-11 13:51:00,177.6,177.6,177.6,177.6,300,0,8350.0,CE
2016-07-11 13:52:00,177.55,177.55,177.55,177.55,75,0,8350.0,CE
2016-07-11 13:55:00,175.0,175.0,175.0,175.0,75,0,8350.0,CE
2016-07-11 13:59:00,177.0,177.0,177.0,177.0,375,0,8350.0,CE
2016-07-11 14:00:00,176.5,176.5,176.5,176.5,225,0,8350.0,CE
2016-07-11 14:03:00,176.0,177.0,176.0,177.0,225,0,8350.0,CE
2016-07-11 14:05:00,178.5,179.0,178.5,179.0,900,0,8350.0,CE
2016-07-11 14:06:00,179.0,180.8,179.0,180.8,3300,0,8350.0,CE
2016-07-11 14:07:00,180.0,180.0,180.0,180.0,75,0,8350.0,CE
2016-07-11 14:08:00,179.55,179.55,179.55,179.55,75,0,8350.0,CE
2016-07-11 14:09:00,179.55,180.0,179.55,180.0,150,0,8350.0,CE
2016-07-11 14:10:00,180.0,180.0,180.0,180.0,75,0,8350.0,CE
2016-07-11 14:12:00,179.3,179.3,179.3,179.3,225,0,8350.0,CE
2016-07-11 14:14:00,180.0,180.0,180.0,180.0,300,0,8350.0,CE
2016-07-11 14:19:00,176.7,177.95,176.7,177.95,225,0,8350.0,CE
2016-07-11 14:22:00,177.65,177.65,177.65,177.65,75,0,8350.0,CE
2016-07-11 14:25:00,175.45,176.7,175.45,176.7,300,0,8350.0,CE
2016-07-11 14:26:00,174.45,174.45,174.45,174.45,150,0,8350.0,CE
2016-07-11 14:27:00,172.35,172.7,172.35,172.7,150,0,8350.0,CE
2016-07-11 14:28:00,173.05,173.25,173.05,173.25,375,0,8350.0,CE
2016-07-11 14:29:00,171.2,171.2,169.85,169.85,600,0,8350.0,CE
2016-07-11 14:30:00,168.65,168.65,166.3,167.2,7125,0,8350.0,CE
2016-07-11 14:31:00,167.5,167.5,167.5,167.5,450,0,8350.0,CE
2016-07-11 14:32:00,169.5,170.0,169.5,170.0,600,0,8350.0,CE
2016-07-11 14:33:00,169.0,170.7,169.0,169.85,675,0,8350.0,CE
2016-07-11 14:34:00,170.85,171.0,170.85,171.0,150,0,8350.0,CE
2016-07-11 14:35:00,171.45,171.45,171.45,171.45,375,0,8350.0,CE
2016-07-11 14:36:00,171.3,172.65,171.3,172.65,375,0,8350.0,CE
2016-07-11 14:37:00,172.65,172.85,171.4,171.7,450,0,8350.0,CE
2016-07-11 14:38:00,171.1,171.1,171.1,171.1,75,0,8350.0,CE
2016-07-11 14:39:00,172.25,172.25,172.1,172.1,225,0,8350.0,CE
2016-07-11 14:40:00,171.0,171.05,170.55,171.05,225,0,8350.0,CE
2016-07-11 14:41:00,171.0,171.0,171.0,171.0,150,0,8350.0,CE
2016-07-11 14:42:00,170.1,170.1,170.0,170.0,150,0,8350.0,CE
2016-07-11 14:44:00,170.0,170.5,170.0,170.5,300,0,8350.0,CE
2016-07-11 14:45:00,171.5,173.0,171.5,172.0,975,0,8350.0,CE
2016-07-11 14:47:00,170.0,170.9,170.0,170.9,150,0,8350.0,CE
2016-07-11 14:48:00,171.1,172.15,171.1,172.15,225,0,8350.0,CE
2016-07-11 14:49:00,171.8,171.8,171.8,171.8,375,0,8350.0,CE
2016-07-11 14:51:00,173.7,173.7,173.7,173.7,300,0,8350.0,CE
2016-07-11 14:52:00,173.1,173.1,173.1,173.1,300,0,8350.0,CE
2016-07-11 14:53:00,174.0,174.0,172.1,172.1,600,0,8350.0,CE
2016-07-11 14:54:00,172.85,172.85,172.1,172.1,450,0,8350.0,CE
2016-07-11 14:56:00,172.65,172.65,172.65,172.65,75,0,8350.0,CE
2016-07-11 14:57:00,171.5,171.55,171.5,171.55,300,0,8350.0,CE
2016-07-11 14:58:00,172.55,173.5,172.55,173.5,375,0,8350.0,CE
2016-07-11 14:59:00,174.25,174.85,174.25,174.85,825,0,8350.0,CE
2016-07-11 15:00:00,175.0,175.0,175.0,175.0,1725,0,8350.0,CE
2016-07-11 15:01:00,175.95,176.0,175.95,176.0,150,0,8350.0,CE
2016-07-11 15:02:00,177.0,177.0,176.95,176.95,375,0,8350.0,CE
2016-07-11 15:03:00,177.45,177.45,177.0,177.0,300,0,8350.0,CE
2016-07-11 15:04:00,177.45,178.25,176.75,178.25,1575,0,8350.0,CE
2016-07-11 15:05:00,177.35,178.3,177.35,177.5,1575,0,8350.0,CE
2016-07-11 15:06:00,177.5,178.4,177.5,177.5,300,0,8350.0,CE
2016-07-11 15:07:00,177.25,178.3,176.5,178.3,750,0,8350.0,CE
2016-07-11 15:08:00,178.45,178.45,177.6,178.0,525,0,8350.0,CE
2016-07-11 15:09:00,178.25,178.25,177.8,178.2,600,0,8350.0,CE
2016-07-11 15:10:00,177.5,178.2,177.5,178.2,2100,0,8350.0,CE
2016-07-11 15:11:00,178.5,178.5,177.15,177.45,1875,0,8350.0,CE
2016-07-11 15:12:00,178.4,181.3,178.4,181.3,3150,0,8350.0,CE
2016-07-11 15:13:00,181.2,182.0,181.2,181.7,825,0,8350.0,CE
2016-07-11 15:14:00,182.25,182.3,182.25,182.3,300,0,8350.0,CE
2016-07-11 15:15:00,182.05,182.05,182.05,182.05,75,0,8350.0,CE
2016-07-11 15:16:00,182.45,184.0,182.45,183.3,900,0,8350.0,CE
2016-07-11 15:17:00,182.95,184.0,182.95,183.45,450,0,8350.0,CE
2016-07-11 15:18:00,183.3,184.95,183.3,184.0,1200,0,8350.0,CE
2016-07-11 15:19:00,184.1,186.0,184.1,185.3,2175,0,8350.0,CE
2016-07-11 15:20:00,185.7,187.5,185.7,187.4,1500,0,8350.0,CE
2016-07-11 15:21:00,186.3,187.75,186.3,187.75,1500,0,8350.0,CE
2016-07-11 15:22:00,187.1,187.25,185.35,186.15,1425,0,8350.0,CE
2016-07-11 15:23:00,185.25,185.25,185.25,185.25,150,0,8350.0,CE
2016-07-11 15:24:00,185.25,186.4,183.55,183.8,3225,0,8350.0,CE
2016-07-11 15:25:00,184.55,184.6,183.55,184.0,2100,0,8350.0,CE
2016-07-11 15:26:00,184.25,184.25,182.6,183.4,1500,0,8350.0,CE
2016-07-11 15:27:00,184.9,185.65,183.95,185.25,3450,0,8350.0,CE
2016-07-11 15:28:00,186.0,186.0,184.95,185.4,3150,0,8350.0,CE
2016-07-11 15:29:00,184.4,185.05,184.4,185.0,6000,0,8350.0,CE
2016-07-12 09:15:00,218.2,218.2,192.4,196.0,975,0,8350.0,CE
2016-07-12 09:16:00,198.85,201.3,196.05,201.3,2400,0,8350.0,CE
2016-07-12 09:17:00,199.25,199.25,193.1,196.6,1125,0,8350.0,CE
2016-07-12 09:18:00,198.55,198.55,195.0,197.8,2400,0,8350.0,CE
2016-07-12 09:19:00,195.0,195.0,190.5,192.5,2325,0,8350.0,CE
2016-07-12 09:20:00,195.0,195.0,193.55,193.55,525,0,8350.0,CE
2016-07-12 09:21:00,190.75,192.8,190.75,192.8,150,0,8350.0,CE
2016-07-12 09:22:00,191.0,192.3,190.0,192.3,1500,0,8350.0,CE
2016-07-12 09:23:00,192.0,193.0,191.2,191.2,825,0,8350.0,CE
2016-07-12 09:24:00,193.65,193.65,193.65,193.65,75,0,8350.0,CE
2016-07-12 09:25:00,193.85,196.15,193.3,193.3,675,0,8350.0,CE
2016-07-12 09:26:00,193.7,194.85,193.05,194.6,900,0,8350.0,CE
2016-07-12 09:27:00,193.15,193.15,193.15,193.15,75,0,8350.0,CE
2016-07-12 09:28:00,194.45,194.5,193.6,193.6,450,0,8350.0,CE
2016-07-12 09:29:00,193.65,193.65,193.65,193.65,75,0,8350.0,CE
2016-07-12 09:30:00,193.6,193.6,193.45,193.5,225,0,8350.0,CE
2016-07-12 09:31:00,193.5,193.5,193.5,193.5,75,0,8350.0,CE
2016-07-12 09:32:00,193.45,193.45,193.45,193.45,300,0,8350.0,CE
2016-07-12 09:33:00,193.45,194.75,193.45,193.45,450,0,8350.0,CE
2016-07-12 09:34:00,193.45,193.45,190.25,191.85,1650,0,8350.0,CE
2016-07-12 09:39:00,194.7,194.7,192.4,194.6,825,0,8350.0,CE
2016-07-12 09:40:00,194.1,194.1,194.1,194.1,75,0,8350.0,CE
2016-07-12 09:41:00,195.0,195.0,195.0,195.0,150,0,8350.0,CE
2016-07-12 09:44:00,192.0,192.0,190.85,190.85,150,0,8350.0,CE
2016-07-12 09:45:00,190.4,190.5,190.05,190.15,675,0,8350.0,CE
2016-07-12 09:46:00,190.15,190.15,189.0,189.0,225,0,8350.0,CE
2016-07-12 09:47:00,189.05,189.15,189.05,189.15,225,0,8350.0,CE
2016-07-12 09:49:00,189.75,189.75,189.55,189.55,300,0,8350.0,CE
2016-07-12 09:50:00,190.0,190.0,190.0,190.0,450,0,8350.0,CE
2016-07-12 09:51:00,190.0,190.0,190.0,190.0,75,0,8350.0,CE
2016-07-12 09:53:00,189.05,189.05,189.05,189.05,75,0,8350.0,CE
2016-07-12 09:56:00,189.95,189.95,189.95,189.95,75,0,8350.0,CE
2016-07-12 09:58:00,188.6,188.6,188.0,188.0,150,0,8350.0,CE
2016-07-12 10:00:00,187.05,187.05,186.95,186.95,150,0,8350.0,CE
2016-07-12 10:01:00,186.25,186.7,185.1,186.7,525,0,8350.0,CE
2016-07-12 10:05:00,189.0,189.0,188.3,188.3,525,0,8350.0,CE
2016-07-12 10:07:00,189.95,190.0,189.95,190.0,150,0,8350.0,CE
2016-07-12 10:08:00,190.0,190.0,190.0,190.0,600,0,8350.0,CE
2016-07-12 10:10:00,192.0,192.0,192.0,192.0,75,0,8350.0,CE
2016-07-12 10:12:00,192.0,192.0,192.0,192.0,75,0,8350.0,CE
2016-07-12 10:15:00,191.0,191.0,191.0,191.0,75,0,8350.0,CE
2016-07-12 10:17:00,190.55,191.95,190.55,191.95,150,0,8350.0,CE
2016-07-12 10:18:00,192.0,192.0,192.0,192.0,75,0,8350.0,CE
2016-07-12 10:20:00,192.0,192.0,192.0,192.0,75,0,8350.0,CE
2016-07-12 10:21:00,190.7,190.7,190.7,190.7,75,0,8350.0,CE
2016-07-12 10:24:00,192.0,192.0,192.0,192.0,150,0,8350.0,CE
2016-07-12 10:26:00,192.0,192.0,192.0,192.0,75,0,8350.0,CE
2016-07-12 10:27:00,192.0,192.0,192.0,192.0,1200,0,8350.0,CE
2016-07-12 10:29:00,193.4,193.4,193.0,193.0,1575,0,8350.0,CE
2016-07-12 10:30:00,192.55,193.0,192.55,193.0,1350,0,8350.0,CE
2016-07-12 10:31:00,191.55,193.1,191.55,193.1,150,0,8350.0,CE
2016-07-12 10:33:00,193.5,193.5,193.5,193.5,75,0,8350.0,CE
2016-07-12 10:46:00,190.0,190.0,190.0,190.0,75,0,8350.0,CE
2016-07-12 10:48:00,191.0,191.05,191.0,191.05,150,0,8350.0,CE
2016-07-12 10:56:00,190.8,190.8,190.8,190.8,75,0,8350.0,CE
2016-07-12 10:59:00,190.5,190.5,190.5,190.5,75,0,8350.0,CE
2016-07-12 11:04:00,189.45,189.45,189.45,189.45,75,0,8350.0,CE
2016-07-12 11:05:00,191.4,191.4,191.4,191.4,75,0,8350.0,CE
2016-07-12 11:06:00,191.4,191.4,191.4,191.4,75,0,8350.0,CE
2016-07-12 11:10:00,190.1,190.2,190.1,190.2,225,0,8350.0,CE
2016-07-12 11:11:00,190.4,190.4,190.4,190.4,75,0,8350.0,CE
2016-07-12 11:16:00,191.25,191.25,191.25,191.25,75,0,8350.0,CE
2016-07-12 11:30:00,193.2,193.2,193.2,193.2,375,0,8350.0,CE
2016-07-12 11:32:00,192.35,192.35,192.35,192.35,75,0,8350.0,CE
2016-07-12 11:34:00,193.8,193.8,193.8,193.8,225,0,8350.0,CE
2016-07-12 11:35:00,194.0,195.0,194.0,195.0,525,0,8350.0,CE
2016-07-12 11:47:00,195.8,195.8,195.8,195.8,75,0,8350.0,CE
2016-07-12 11:48:00,196.7,196.7,196.7,196.7,75,0,8350.0,CE
2016-07-12 11:49:00,197.0,197.0,197.0,197.0,75,0,8350.0,CE
2016-07-12 11:51:00,195.2,195.2,195.2,195.2,75,0,8350.0,CE
2016-07-12 11:53:00,195.05,195.05,195.05,195.05,375,0,8350.0,CE
2016-07-12 11:56:00,194.6,195.35,194.6,195.35,675,0,8350.0,CE
2016-07-12 11:58:00,196.65,196.65,196.65,196.65,75,0,8350.0,CE
2016-07-12 11:59:00,196.95,197.7,196.95,197.7,300,0,8350.0,CE
2016-07-12 12:00:00,196.25,196.25,196.25,196.25,75,0,8350.0,CE
2016-07-12 12:01:00,198.0,198.7,198.0,198.7,375,0,8350.0,CE
2016-07-12 12:02:00,201.0,203.15,201.0,203.15,1125,0,8350.0,CE
2016-07-12 12:03:00,200.0,200.0,200.0,200.0,150,0,8350.0,CE
2016-07-12 12:04:00,199.0,199.0,199.0,199.0,150,0,8350.0,CE
2016-07-12 12:07:00,199.65,199.65,199.65,199.65,375,0,8350.0,CE
2016-07-12 12:08:00,199.95,199.95,198.85,198.85,300,0,8350.0,CE
2016-07-12 12:09:00,199.8,199.8,199.8,199.8,150,0,8350.0,CE
2016-07-12 12:10:00,198.55,198.55,198.55,198.55,75,0,8350.0,CE
2016-07-12 12:11:00,200.0,200.0,200.0,200.0,525,0,8350.0,CE
2016-07-12 12:13:00,200.25,200.3,200.2,200.2,450,0,8350.0,CE
2016-07-12 12:16:00,198.3,198.3,198.3,198.3,825,0,8350.0,CE
2016-07-12 12:17:00,198.4,198.4,198.4,198.4,75,0,8350.0,CE
2016-07-12 12:23:00,202.05,202.05,202.05,202.05,75,0,8350.0,CE
2016-07-12 12:24:00,200.5,201.0,200.5,201.0,2325,0,8350.0,CE
2016-07-12 12:25:00,201.0,201.0,201.0,201.0,75,0,8350.0,CE
2016-07-12 12:28:00,198.7,200.95,198.7,200.95,150,0,8350.0,CE
2016-07-12 12:29:00,197.7,197.7,197.7,197.7,75,0,8350.0,CE
2016-07-12 12:30:00,196.2,200.0,196.2,200.0,600,0,8350.0,CE
2016-07-12 12:32:00,199.0,199.0,199.0,199.0,75,0,8350.0,CE
2016-07-12 12:34:00,199.5,200.05,199.5,200.0,300,0,8350.0,CE
2016-07-12 12:35:00,201.65,203.0,201.65,202.7,300,0,8350.0,CE
2016-07-12 12:37:00,202.0,202.0,202.0,202.0,75,0,8350.0,CE
2016-07-12 12:38:00,201.45,201.45,201.45,201.45,75,0,8350.0,CE
2016-07-12 12:40:00,203.0,203.0,203.0,203.0,150,0,8350.0,CE
2016-07-12 12:50:00,201.8,201.8,198.05,198.05,150,0,8350.0,CE
2016-07-12 12:51:00,200.0,200.0,200.0,200.0,600,0,8350.0,CE
2016-07-12 12:55:00,203.0,204.0,203.0,204.0,525,0,8350.0,CE
2016-07-12 12:59:00,202.6,202.6,202.6,202.6,75,0,8350.0,CE
2016-07-12 13:01:00,200.05,201.0,200.05,201.0,150,0,8350.0,CE
2016-07-12 13:05:00,200.1,200.1,200.0,200.0,150,0,8350.0,CE
2016-07-12 13:08:00,198.0,198.0,198.0,198.0,150,0,8350.0,CE
2016-07-12 13:10:00,198.0,198.0,198.0,198.0,75,0,8350.0,CE
2016-07-12 13:13:00,197.0,197.0,197.0,197.0,75,0,8350.0,CE
2016-07-12 13:14:00,196.0,196.0,196.0,196.0,75,0,8350.0,CE
2016-07-12 13:18:00,194.0,194.0,191.0,191.0,375,0,8350.0,CE
2016-07-12 13:19:00,190.0,190.25,186.25,187.3,525,0,8350.0,CE
2016-07-12 13:20:00,191.3,191.3,191.3,191.3,225,0,8350.0,CE
2016-07-12 13:22:00,190.0,190.0,188.5,188.5,225,0,8350.0,CE
2016-07-12 13:26:00,190.2,190.2,190.1,190.1,150,0,8350.0,CE
2016-07-12 13:28:00,188.5,188.5,187.5,187.5,225,0,8350.0,CE
2016-07-12 13:29:00,186.0,186.0,185.25,185.8,225,0,8350.0,CE
2016-07-12 13:30:00,189.0,189.0,189.0,189.0,75,0,8350.0,CE
2016-07-12 13:33:00,190.7,190.7,190.2,190.2,150,0,8350.0,CE
2016-07-12 13:34:00,190.0,190.0,190.0,190.0,150,0,8350.0,CE
2016-07-12 13:35:00,191.3,192.0,191.3,192.0,150,0,8350.0,CE
2016-07-12 13:37:00,195.9,195.9,195.9,195.9,75,0,8350.0,CE
2016-07-12 13:38:00,195.85,195.85,195.85,195.85,75,0,8350.0,CE
2016-07-12 13:39:00,194.35,194.35,194.35,194.35,75,0,8350.0,CE
2016-07-12 13:40:00,192.15,192.15,192.15,192.15,75,0,8350.0,CE
2016-07-12 13:44:00,194.25,195.0,194.25,195.0,225,0,8350.0,CE
2016-07-12 13:45:00,195.95,196.5,195.95,196.5,225,0,8350.0,CE
2016-07-12 13:47:00,196.55,196.55,196.55,196.55,150,0,8350.0,CE
2016-07-12 13:52:00,195.0,195.0,195.0,195.0,75,0,8350.0,CE
2016-07-12 13:56:00,198.5,198.5,198.5,198.5,75,0,8350.0,CE
2016-07-12 13:57:00,195.9,197.0,195.9,197.0,150,0,8350.0,CE
2016-07-12 14:02:00,198.0,198.0,198.0,198.0,75,0,8350.0,CE
2016-07-12 14:04:00,197.5,197.5,197.5,197.5,75,0,8350.0,CE
2016-07-12 14:05:00,197.0,197.0,197.0,197.0,75,0,8350.0,CE
2016-07-12 14:09:00,198.0,198.0,198.0,198.0,75,0,8350.0,CE
2016-07-12 14:10:00,199.4,199.4,199.4,199.4,75,0,8350.0,CE
2016-07-12 14:12:00,199.4,200.0,198.7,198.7,600,0,8350.0,CE
2016-07-12 14:13:00,200.0,200.5,200.0,200.5,3225,0,8350.0,CE
2016-07-12 14:14:00,201.0,202.5,201.0,202.5,1125,0,8350.0,CE
2016-07-12 14:15:00,202.5,202.5,202.5,202.5,450,0,8350.0,CE
2016-07-12 14:16:00,203.0,204.0,203.0,204.0,1050,0,8350.0,CE
2016-07-12 14:17:00,205.0,205.0,205.0,205.0,150,0,8350.0,CE
2016-07-12 14:18:00,203.05,204.0,203.05,204.0,150,0,8350.0,CE
2016-07-12 14:19:00,200.7,200.7,200.7,200.7,75,0,8350.0,CE
2016-07-12 14:20:00,201.9,201.9,201.9,201.9,75,0,8350.0,CE
2016-07-12 14:21:00,199.85,199.85,199.85,199.85,300,0,8350.0,CE
2016-07-12 14:23:00,197.75,197.85,197.75,197.85,750,0,8350.0,CE
2016-07-12 14:24:00,197.95,197.95,197.95,197.95,75,0,8350.0,CE
2016-07-12 14:29:00,200.8,200.8,200.8,200.8,75,0,8350.0,CE
2016-07-12 14:31:00,202.85,202.85,202.85,202.85,75,0,8350.0,CE
2016-07-12 14:33:00,201.3,201.3,201.3,201.3,75,0,8350.0,CE
2016-07-12 14:34:00,202.9,202.9,202.9,202.9,75,0,8350.0,CE
2016-07-12 14:37:00,201.0,201.0,201.0,201.0,150,0,8350.0,CE
2016-07-12 14:38:00,202.0,202.0,202.0,202.0,75,0,8350.0,CE
2016-07-12 14:41:00,202.85,202.9,202.15,202.9,450,0,8350.0,CE
2016-07-12 14:42:00,204.0,205.0,204.0,205.0,300,0,8350.0,CE
2016-07-12 14:43:00,203.3,203.3,203.0,203.0,375,0,8350.0,CE
2016-07-12 14:46:00,202.05,202.05,202.05,202.05,75,0,8350.0,CE
2016-07-12 14:47:00,202.65,202.65,202.65,202.65,75,0,8350.0,CE
2016-07-12 14:48:00,203.0,203.0,203.0,203.0,75,0,8350.0,CE
2016-07-12 14:49:00,202.4,202.4,202.4,202.4,75,0,8350.0,CE
2016-07-12 14:51:00,202.0,202.0,202.0,202.0,300,0,8350.0,CE
2016-07-12 14:53:00,203.25,203.25,203.25,203.25,75,0,8350.0,CE
2016-07-12 14:55:00,205.0,205.0,205.0,205.0,300,0,8350.0,CE
2016-07-12 14:56:00,205.0,205.0,205.0,205.0,75,0,8350.0,CE
2016-07-12 14:57:00,205.1,205.1,205.1,205.1,75,0,8350.0,CE
2016-07-12 14:59:00,207.0,207.0,207.0,207.0,375,0,8350.0,CE
2016-07-12 15:01:00,206.05,206.05,206.0,206.0,150,0,8350.0,CE
2016-07-12 15:03:00,207.0,207.0,207.0,207.0,75,0,8350.0,CE
2016-07-12 15:04:00,208.6,208.75,208.6,208.75,225,0,8350.0,CE
2016-07-12 15:05:00,209.95,213.55,209.95,211.1,975,0,8350.0,CE
2016-07-12 15:06:00,211.95,211.95,210.55,210.55,225,0,8350.0,CE
2016-07-12 15:08:00,213.4,213.4,213.4,213.4,150,0,8350.0,CE
2016-07-12 15:09:00,212.35,212.35,210.0,210.0,375,0,8350.0,CE
2016-07-12 15:10:00,208.7,209.0,208.7,209.0,225,0,8350.0,CE
2016-07-12 15:11:00,209.05,210.0,209.05,209.3,525,0,8350.0,CE
2016-07-12 15:13:00,211.0,211.0,211.0,211.0,75,0,8350.0,CE
2016-07-12 15:14:00,211.95,211.95,211.0,211.0,150,0,8350.0,CE
2016-07-12 15:15:00,211.0,212.0,210.45,212.0,1125,0,8350.0,CE
2016-07-12 15:16:00,212.2,212.35,211.3,211.3,225,0,8350.0,CE
2016-07-12 15:18:00,210.15,210.15,210.15,210.15,75,0,8350.0,CE
2016-07-12 15:19:00,210.25,210.25,210.25,210.25,75,0,8350.0,CE
2016-07-12 15:20:00,210.9,211.7,210.55,211.7,975,0,8350.0,CE
2016-07-12 15:21:00,209.75,212.15,209.75,210.55,375,0,8350.0,CE
2016-07-12 15:22:00,209.1,209.1,209.0,209.0,300,0,8350.0,CE
2016-07-12 15:23:00,208.65,208.65,208.65,208.65,75,0,8350.0,CE
2016-07-12 15:25:00,206.0,206.0,206.0,206.0,150,0,8350.0,CE
2016-07-12 15:26:00,206.95,209.3,206.95,209.3,1725,0,8350.0,CE
2016-07-12 15:27:00,209.05,209.8,209.0,209.8,600,0,8350.0,CE
2016-07-12 15:28:00,209.95,210.0,208.55,209.0,10575,0,8350.0,CE
2016-07-12 15:29:00,209.25,210.0,205.1,205.1,900,0,8350.0,CE
2016-07-13 09:15:00,237.05,237.05,207.35,208.5,600,0,8350.0,CE
2016-07-13 09:16:00,210.6,210.6,210.6,210.6,75,0,8350.0,CE
2016-07-13 09:17:00,208.55,208.55,208.55,208.55,75,0,8350.0,CE
2016-07-13 09:18:00,210.75,210.75,205.75,205.75,150,0,8350.0,CE
2016-07-13 09:20:00,211.95,212.0,211.95,212.0,150,0,8350.0,CE
2016-07-13 09:21:00,210.55,210.55,210.55,210.55,75,0,8350.0,CE
2016-07-13 09:22:00,209.0,209.0,209.0,209.0,150,0,8350.0,CE
2016-07-13 09:23:00,208.0,208.0,208.0,208.0,75,0,8350.0,CE
2016-07-13 09:24:00,209.0,210.0,209.0,210.0,5100,0,8350.0,CE
2016-07-13 09:25:00,213.65,213.65,213.65,213.65,300,0,8350.0,CE
2016-07-13 09:26:00,213.65,213.65,213.65,213.65,225,0,8350.0,CE
2016-07-13 09:27:00,213.55,213.55,213.55,213.55,75,0,8350.0,CE
2016-07-13 09:29:00,212.05,212.05,212.05,212.05,225,0,8350.0,CE
2016-07-13 09:32:00,212.45,212.45,211.0,211.0,375,0,8350.0,CE
2016-07-13 09:33:00,210.0,210.0,210.0,210.0,75,0,8350.0,CE
2016-07-13 09:35:00,211.0,211.0,211.0,211.0,75,0,8350.0,CE
2016-07-13 09:37:00,208.4,208.4,208.4,208.4,75,0,8350.0,CE
2016-07-13 09:43:00,211.6,211.6,211.6,211.6,75,0,8350.0,CE
2016-07-13 09:57:00,212.6,212.6,212.6,212.6,75,0,8350.0,CE
2016-07-13 09:59:00,210.1,210.1,210.1,210.1,150,0,8350.0,CE
2016-07-13 10:00:00,210.1,210.1,210.1,210.1,600,0,8350.0,CE
2016-07-13 10:01:00,208.3,208.3,208.3,208.3,75,0,8350.0,CE
2016-07-13 10:03:00,206.0,206.0,206.0,206.0,75,0,8350.0,CE
2016-07-13 10:04:00,202.8,203.6,202.8,203.6,525,0,8350.0,CE
2016-07-13 10:05:00,201.2,201.2,201.2,201.2,300,0,8350.0,CE
2016-07-13 10:06:00,203.0,203.0,203.0,203.0,75,0,8350.0,CE
2016-07-13 10:09:00,210.55,210.55,210.55,210.55,75,0,8350.0,CE
2016-07-13 10:10:00,208.05,208.05,208.05,208.05,75,0,8350.0,CE
2016-07-13 10:11:00,208.0,208.0,208.0,208.0,75,0,8350.0,CE
2016-07-13 10:16:00,207.95,208.65,207.95,208.65,1050,0,8350.0,CE
2016-07-13 10:18:00,207.75,207.75,207.75,207.75,75,0,8350.0,CE
2016-07-13 10:19:00,208.25,208.25,208.25,208.25,75,0,8350.0,CE
2016-07-13 10:23:00,209.0,209.0,209.0,209.0,300,0,8350.0,CE
2016-07-13 10:26:00,207.35,207.35,207.35,207.35,375,0,8350.0,CE
2016-07-13 10:29:00,205.0,205.0,205.0,205.0,1575,0,8350.0,CE
2016-07-13 10:30:00,204.2,204.2,204.2,204.2,375,0,8350.0,CE
2016-07-13 10:31:00,203.4,203.4,203.4,203.4,375,0,8350.0,CE
2016-07-13 10:32:00,206.95,207.0,206.25,206.25,300,0,8350.0,CE
2016-07-13 10:34:00,207.0,207.55,207.0,207.55,1800,0,8350.0,CE
2016-07-13 10:39:00,207.0,207.0,207.0,207.0,75,0,8350.0,CE
2016-07-13 10:40:00,207.0,207.0,207.0,207.0,75,0,8350.0,CE
2016-07-13 10:44:00,208.1,208.1,208.1,208.1,300,0,8350.0,CE
2016-07-13 10:46:00,207.7,207.7,207.7,207.7,300,0,8350.0,CE
2016-07-13 10:47:00,205.8,205.8,205.8,205.8,75,0,8350.0,CE
2016-07-13 10:50:00,203.0,203.7,203.0,203.7,225,0,8350.0,CE
2016-07-13 10:54:00,199.85,199.85,198.6,198.6,1200,0,8350.0,CE
2016-07-13 10:55:00,196.75,196.8,196.75,196.8,150,0,8350.0,CE
2016-07-13 11:00:00,201.0,201.0,200.0,200.0,150,0,8350.0,CE
2016-07-13 11:03:00,196.15,196.15,196.15,196.15,75,0,8350.0,CE
2016-07-13 11:05:00,198.0,198.0,198.0,198.0,75,0,8350.0,CE
2016-07-13 11:13:00,199.0,199.0,199.0,199.0,150,0,8350.0,CE
2016-07-13 11:14:00,200.0,201.1,200.0,201.1,900,0,8350.0,CE
2016-07-13 11:15:00,201.1,201.1,200.7,200.7,225,0,8350.0,CE
2016-07-13 11:20:00,201.2,201.2,199.0,199.0,225,0,8350.0,CE
2016-07-13 11:25:00,193.95,193.95,193.95,193.95,75,0,8350.0,CE
2016-07-13 11:26:00,193.0,193.0,192.2,192.2,225,0,8350.0,CE
2016-07-13 11:27:00,193.0,193.0,191.55,191.55,750,0,8350.0,CE
2016-07-13 11:28:00,192.4,193.7,192.4,193.7,150,0,8350.0,CE
2016-07-13 11:30:00,196.0,196.0,196.0,196.0,300,0,8350.0,CE
2016-07-13 11:49:00,198.0,198.0,198.0,198.0,150,0,8350.0,CE
2016-07-13 11:52:00,196.1,196.1,196.1,196.1,75,0,8350.0,CE
2016-07-13 12:03:00,201.0,201.0,201.0,201.0,225,0,8350.0,CE
2016-07-13 12:06:00,197.5,197.5,197.5,197.5,75,0,8350.0,CE
2016-07-13 12:16:00,201.95,201.95,201.95,201.95,225,0,8350.0,CE
2016-07-13 12:19:00,200.5,200.5,200.5,200.5,150,0,8350.0,CE
2016-07-13 12:20:00,200.1,200.1,200.1,200.1,150,0,8350.0,CE
2016-07-13 12:23:00,197.55,197.55,197.55,197.55,375,0,8350.0,CE
2016-07-13 12:24:00,197.55,197.55,195.65,195.65,375,0,8350.0,CE
2016-07-13 12:28:00,197.0,197.0,197.0,197.0,75,0,8350.0,CE
2016-07-13 12:32:00,200.5,200.5,200.5,200.5,150,0,8350.0,CE
2016-07-13 12:33:00,199.6,199.6,199.6,199.6,75,0,8350.0,CE
2016-07-13 12:34:00,199.25,199.25,199.25,199.25,75,0,8350.0,CE
2016-07-13 12:38:00,202.2,202.2,202.2,202.2,75,0,8350.0,CE
2016-07-13 12:48:00,197.6,197.6,197.6,197.6,75,0,8350.0,CE
2016-07-13 12:49:00,196.55,196.55,196.55,196.55,75,0,8350.0,CE
2016-07-13 12:53:00,200.0,200.0,200.0,200.0,75,0,8350.0,CE
2016-07-13 13:19:00,200.0,200.0,200.0,200.0,75,0,8350.0,CE
2016-07-13 13:22:00,205.0,205.0,205.0,205.0,150,0,8350.0,CE
2016-07-13 13:23:00,209.55,209.55,209.55,209.55,150,0,8350.0,CE
2016-07-13 13:24:00,209.25,209.25,209.25,209.25,150,0,8350.0,CE
2016-07-13 13:27:00,205.05,205.05,205.05,205.05,150,0,8350.0,CE
2016-07-13 13:30:00,203.7,203.7,203.7,203.7,150,0,8350.0,CE
2016-07-13 13:51:00,207.0,207.0,207.0,207.0,75,0,8350.0,CE
2016-07-13 14:04:00,204.5,204.5,204.5,204.5,150,0,8350.0,CE
2016-07-13 14:06:00,209.95,210.0,209.95,210.0,300,0,8350.0,CE
2016-07-13 14:12:00,207.6,208.25,207.6,208.25,150,0,8350.0,CE
2016-07-13 14:23:00,212.35,212.35,212.35,212.35,375,0,8350.0,CE
2016-07-13 14:24:00,210.8,210.8,210.8,210.8,75,0,8350.0,CE
2016-07-13 14:25:00,212.0,212.0,212.0,212.0,75,0,8350.0,CE
2016-07-13 14:26:00,210.7,210.7,210.7,210.7,150,0,8350.0,CE
2016-07-13 14:33:00,202.3,202.3,202.3,202.3,75,0,8350.0,CE
2016-07-13 14:42:00,201.4,201.4,201.4,201.4,150,0,8350.0,CE
2016-07-13 15:06:00,209.95,210.0,209.95,210.0,150,0,8350.0,CE
2016-07-13 15:08:00,208.6,208.6,208.6,208.6,75,0,8350.0,CE
2016-07-13 15:11:00,207.1,207.1,205.6,205.6,300,0,8350.0,CE
2016-07-13 15:14:00,202.75,202.75,202.75,202.75,150,0,8350.0,CE
2016-07-13 15:15:00,202.55,202.55,201.7,201.7,300,0,8350.0,CE
2016-07-13 15:17:00,204.0,204.0,202.85,202.85,375,0,8350.0,CE
2016-07-13 15:18:00,202.2,202.2,202.2,202.2,75,0,8350.0,CE
2016-07-13 15:19:00,203.95,205.0,203.95,205.0,825,0,8350.0,CE
2016-07-13 15:21:00,205.55,205.55,203.9,203.9,750,0,8350.0,CE
2016-07-13 15:24:00,201.4,201.4,201.4,201.4,150,0,8350.0,CE
2016-07-13 15:25:00,200.45,201.05,200.45,201.05,600,0,8350.0,CE
2016-07-13 15:26:00,200.0,201.0,200.0,201.0,975,0,8350.0,CE
2016-07-13 15:27:00,201.0,201.0,201.0,201.0,1650,0,8350.0,CE
2016-07-13 15:28:00,203.25,203.25,200.0,200.0,375,0,8350.0,CE
2016-07-13 15:29:00,200.0,200.0,196.05,196.05,150,0,8350.0,CE
2016-07-14 09:16:00,197.2,197.2,197.2,197.2,375,0,8350.0,CE
2016-07-14 09:17:00,198.1,201.0,198.1,201.0,225,0,8350.0,CE
2016-07-14 09:19:00,202.5,202.5,200.35,200.35,225,0,8350.0,CE
2016-07-14 09:20:00,200.95,200.95,198.9,198.9,150,0,8350.0,CE
2016-07-14 09:21:00,198.4,199.0,198.4,199.0,150,0,8350.0,CE
2016-07-14 09:22:00,199.0,199.0,199.0,199.0,225,0,8350.0,CE
2016-07-14 09:23:00,200.25,200.25,200.25,200.25,75,0,8350.0,CE
2016-07-14 09:24:00,202.45,202.45,202.45,202.45,75,0,8350.0,CE
2016-07-14 09:28:00,205.0,205.0,205.0,205.0,75,0,8350.0,CE
2016-07-14 09:37:00,203.0,203.0,203.0,203.0,75,0,8350.0,CE
2016-07-14 09:41:00,202.0,202.0,202.0,202.0,150,0,8350.0,CE
2016-07-14 09:46:00,210.55,210.55,210.55,210.55,900,0,8350.0,CE
2016-07-14 09:47:00,202.75,203.1,202.7,203.05,675,0,8350.0,CE
2016-07-14 09:54:00,203.5,203.5,203.5,203.5,750,0,8350.0,CE
2016-07-14 10:00:00,203.1,203.1,203.1,203.1,75,0,8350.0,CE
2016-07-14 10:01:00,202.85,202.85,202.85,202.85,75,0,8350.0,CE
2016-07-14 10:09:00,198.4,198.85,198.4,198.85,975,0,8350.0,CE
2016-07-14 10:27:00,202.0,202.0,202.0,202.0,75,0,8350.0,CE
2016-07-14 10:38:00,201.0,202.0,201.0,202.0,375,0,8350.0,CE
2016-07-14 10:47:00,202.0,202.0,202.0,202.0,225,0,8350.0,CE
2016-07-14 10:53:00,206.0,206.0,206.0,206.0,150,0,8350.0,CE
2016-07-14 10:54:00,204.4,204.4,204.4,204.4,150,0,8350.0,CE
2016-07-14 10:55:00,205.0,205.0,205.0,205.0,150,0,8350.0,CE
2016-07-14 10:56:00,204.3,204.3,204.15,204.15,225,0,8350.0,CE
2016-07-14 10:57:00,206.3,206.3,204.7,204.7,150,0,8350.0,CE
2016-07-14 11:06:00,204.4,204.4,204.4,204.4,75,0,8350.0,CE
2016-07-14 11:10:00,204.05,204.05,204.05,204.05,75,0,8350.0,CE
2016-07-14 11:14:00,203.45,203.45,203.45,203.45,75,0,8350.0,CE
2016-07-14 11:16:00,203.1,203.1,203.1,203.1,75,0,8350.0,CE
2016-07-14 11:20:00,203.15,203.15,203.15,203.15,75,0,8350.0,CE
2016-07-14 11:22:00,204.0,204.0,204.0,204.0,75,0,8350.0,CE
2016-07-14 11:25:00,204.7,204.7,204.7,204.7,75,0,8350.0,CE
2016-07-14 11:39:00,205.0,205.0,205.0,205.0,75,0,8350.0,CE
2016-07-14 11:43:00,210.7,210.7,210.3,210.3,150,0,8350.0,CE
2016-07-14 11:44:00,209.85,209.85,209.85,209.85,75,0,8350.0,CE
2016-07-14 11:50:00,215.8,215.8,215.55,215.55,150,0,8350.0,CE
2016-07-14 11:52:00,216.35,217.0,216.35,217.0,300,0,8350.0,CE
2016-07-14 11:53:00,225.0,225.0,220.65,220.65,750,0,8350.0,CE
2016-07-14 11:55:00,220.8,220.8,220.8,220.8,150,0,8350.0,CE
2016-07-14 11:57:00,225.5,225.5,225.5,225.5,75,0,8350.0,CE
2016-07-14 11:58:00,229.15,230.0,227.75,230.0,675,0,8350.0,CE
2016-07-14 11:59:00,225.6,225.6,225.6,225.6,75,0,8350.0,CE
2016-07-14 12:00:00,226.3,228.75,226.3,226.95,1200,0,8350.0,CE
2016-07-14 12:01:00,232.05,232.05,232.05,232.05,225,0,8350.0,CE
2016-07-14 12:02:00,232.2,232.9,231.85,231.85,375,0,8350.0,CE
2016-07-14 12:03:00,228.0,228.0,228.0,228.0,75,0,8350.0,CE
2016-07-14 12:04:00,229.1,229.1,229.1,229.1,75,0,8350.0,CE
2016-07-14 12:08:00,227.75,227.75,226.45,226.45,150,0,8350.0,CE
2016-07-14 12:09:00,227.35,228.0,227.35,228.0,150,0,8350.0,CE
2016-07-14 12:11:00,227.0,229.75,227.0,229.75,525,0,8350.0,CE
2016-07-14 12:19:00,230.25,230.25,230.25,230.25,75,0,8350.0,CE
2016-07-14 12:21:00,229.95,229.95,229.95,229.95,75,0,8350.0,CE
2016-07-14 12:23:00,229.1,229.1,229.1,229.1,75,0,8350.0,CE
2016-07-14 12:24:00,229.1,229.1,229.1,229.1,75,0,8350.0,CE
2016-07-14 12:26:00,229.2,229.2,229.2,229.2,75,0,8350.0,CE
2016-07-14 12:27:00,231.75,231.75,231.75,231.75,75,0,8350.0,CE
2016-07-14 12:29:00,233.3,233.3,233.3,233.3,75,0,8350.0,CE
2016-07-14 12:35:00,236.95,236.95,236.95,236.95,75,0,8350.0,CE
2016-07-14 12:36:00,235.8,235.8,235.8,235.8,75,0,8350.0,CE
2016-07-14 12:40:00,239.35,239.35,239.35,239.35,150,0,8350.0,CE
2016-07-14 12:41:00,237.45,237.45,237.45,237.45,75,0,8350.0,CE
2016-07-14 12:44:00,236.05,236.05,236.05,236.05,75,0,8350.0,CE
2016-07-14 12:45:00,237.5,237.5,237.5,237.5,75,0,8350.0,CE
2016-07-14 12:46:00,234.85,234.85,234.85,234.85,150,0,8350.0,CE
2016-07-14 12:51:00,230.1,230.1,230.1,230.1,75,0,8350.0,CE
2016-07-14 12:54:00,229.3,229.3,229.3,229.3,75,0,8350.0,CE
2016-07-14 12:57:00,227.9,227.9,227.9,227.9,375,0,8350.0,CE
2016-07-14 12:59:00,232.0,232.0,232.0,232.0,75,0,8350.0,CE
2016-07-14 13:05:00,230.6,230.6,230.6,230.6,150,0,8350.0,CE
2016-07-14 13:06:00,233.6,233.6,233.6,233.6,75,0,8350.0,CE
2016-07-14 13:13:00,230.55,230.55,230.55,230.55,75,0,8350.0,CE
2016-07-14 13:14:00,230.55,230.55,230.55,230.55,75,0,8350.0,CE
2016-07-14 13:19:00,230.1,230.65,230.1,230.65,225,0,8350.0,CE
2016-07-14 13:20:00,230.15,230.15,230.15,230.15,150,0,8350.0,CE
2016-07-14 13:30:00,237.4,237.85,237.4,237.85,150,0,8350.0,CE
2016-07-14 13:35:00,237.0,237.0,237.0,237.0,225,0,8350.0,CE
2016-07-14 13:40:00,238.75,238.75,238.75,238.75,75,0,8350.0,CE
2016-07-14 14:05:00,234.65,234.65,234.65,234.65,150,0,8350.0,CE
2016-07-14 14:08:00,234.95,234.95,234.95,234.95,75,0,8350.0,CE
2016-07-14 14:09:00,235.5,237.2,235.5,237.2,150,0,8350.0,CE
2016-07-14 14:10:00,239.0,239.0,239.0,239.0,150,0,8350.0,CE
2016-07-14 14:19:00,231.65,231.65,231.65,231.65,150,0,8350.0,CE
2016-07-14 14:22:00,228.0,228.0,228.0,228.0,75,0,8350.0,CE
2016-07-14 14:25:00,232.0,232.0,232.0,232.0,75,0,8350.0,CE
2016-07-14 14:31:00,234.65,237.7,234.65,237.7,150,0,8350.0,CE
2016-07-14 14:33:00,235.95,235.95,235.95,235.95,300,0,8350.0,CE
2016-07-14 14:35:00,234.0,234.0,234.0,234.0,75,0,8350.0,CE
2016-07-14 14:40:00,236.25,236.25,236.25,236.25,150,0,8350.0,CE
2016-07-14 14:45:00,236.0,236.0,236.0,236.0,75,0,8350.0,CE
2016-07-14 14:46:00,235.0,235.0,234.55,234.55,300,0,8350.0,CE
2016-07-14 14:49:00,233.5,233.5,233.45,233.45,300,0,8350.0,CE
2016-07-14 14:50:00,232.35,232.35,232.35,232.35,75,0,8350.0,CE
2016-07-14 14:52:00,234.0,234.0,234.0,234.0,75,0,8350.0,CE
2016-07-14 14:56:00,235.3,235.3,235.3,235.3,75,0,8350.0,CE
2016-07-14 14:58:00,235.95,237.35,235.95,237.35,150,0,8350.0,CE
2016-07-14 14:59:00,237.35,237.4,237.35,237.4,150,0,8350.0,CE
2016-07-14 15:00:00,236.45,237.85,236.45,237.85,750,0,8350.0,CE
2016-07-14 15:02:00,238.0,238.0,238.0,238.0,75,0,8350.0,CE
2016-07-14 15:04:00,239.85,243.0,239.85,243.0,225,0,8350.0,CE
2016-07-14 15:06:00,244.9,244.95,244.9,244.95,300,0,8350.0,CE
2016-07-14 15:07:00,247.0,247.05,247.0,247.05,225,0,8350.0,CE
2016-07-14 15:08:00,248.0,248.0,248.0,248.0,75,0,8350.0,CE
2016-07-14 15:09:00,248.0,249.0,248.0,249.0,5025,0,8350.0,CE
2016-07-14 15:10:00,249.7,250.0,249.7,250.0,150,0,8350.0,CE
2016-07-14 15:12:00,250.15,250.15,250.15,250.15,75,0,8350.0,CE
2016-07-14 15:13:00,251.75,254.75,251.75,251.85,600,0,8350.0,CE
2016-07-14 15:14:00,251.85,251.85,251.85,251.85,75,0,8350.0,CE
2016-07-14 15:16:00,250.6,250.6,250.6,250.6,450,0,8350.0,CE
2016-07-14 15:17:00,250.0,250.0,250.0,250.0,375,0,8350.0,CE
2016-07-14 15:19:00,245.65,245.65,245.65,245.65,75,0,8350.0,CE
2016-07-14 15:20:00,247.0,250.0,247.0,249.2,4125,0,8350.0,CE
2016-07-14 15:24:00,253.25,253.25,253.25,253.25,75,0,8350.0,CE
2016-07-14 15:26:00,251.95,252.55,251.95,251.95,225,0,8350.0,CE
2016-07-14 15:27:00,253.4,253.4,253.4,253.4,75,0,8350.0,CE
2016-07-14 15:28:00,253.0,253.0,253.0,253.0,450,0,8350.0,CE
2016-07-14 15:29:00,249.15,249.15,249.15,249.15,75,0,8350.0,CE
2016-07-15 09:16:00,267.1,268.5,267.1,268.5,225,0,8350.0,CE
2016-07-15 09:17:00,263.3,263.3,263.3,263.3,5025,0,8350.0,CE
2016-07-15 09:18:00,260.4,260.4,260.4,260.4,75,0,8350.0,CE
2016-07-15 09:19:00,270.25,270.25,265.45,265.6,1725,0,8350.0,CE
2016-07-15 09:20:00,265.7,266.0,265.7,266.0,225,0,8350.0,CE
2016-07-15 09:21:00,265.55,265.55,265.55,265.55,75,0,8350.0,CE
2016-07-15 09:22:00,269.9,269.9,269.9,269.9,75,0,8350.0,CE
2016-07-15 09:23:00,269.0,269.0,269.0,269.0,150,0,8350.0,CE
2016-07-15 09:25:00,270.0,270.7,270.0,270.7,225,0,8350.0,CE
2016-07-15 09:26:00,271.3,271.3,271.3,271.3,150,0,8350.0,CE
2016-07-15 09:28:00,271.0,271.0,271.0,271.0,75,0,8350.0,CE
2016-07-15 09:29:00,270.0,270.0,270.0,270.0,75,0,8350.0,CE
2016-07-15 09:30:00,268.0,268.0,268.0,268.0,75,0,8350.0,CE
2016-07-15 09:32:00,268.0,268.0,268.0,268.0,225,0,8350.0,CE
2016-07-15 09:33:00,265.0,265.0,265.0,265.0,75,0,8350.0,CE
2016-07-15 09:34:00,260.0,260.0,260.0,260.0,75,0,8350.0,CE
2016-07-15 09:36:00,252.1,252.1,252.1,252.1,150,0,8350.0,CE
2016-07-15 09:37:00,250.0,250.0,247.0,247.7,1575,0,8350.0,CE
2016-07-15 09:38:00,252.0,252.0,251.8,251.8,375,0,8350.0,CE
2016-07-15 09:39:00,244.15,244.15,244.15,244.15,75,0,8350.0,CE
2016-07-15 09:40:00,245.0,245.0,244.0,244.0,225,0,8350.0,CE
2016-07-15 09:41:00,247.8,248.85,247.8,248.85,225,0,8350.0,CE
2016-07-15 09:42:00,251.0,251.0,251.0,251.0,75,0,8350.0,CE
2016-07-15 09:47:00,251.05,251.05,251.05,251.05,75,0,8350.0,CE
2016-07-15 09:48:00,251.75,251.75,251.0,251.0,225,0,8350.0,CE
2016-07-15 09:49:00,252.0,252.05,252.0,252.05,150,0,8350.0,CE
2016-07-15 09:54:00,253.6,253.6,253.6,253.6,75,0,8350.0,CE
2016-07-15 09:58:00,252.75,252.75,252.75,252.75,150,0,8350.0,CE
2016-07-15 10:01:00,251.25,251.25,250.95,250.95,525,0,8350.0,CE
2016-07-15 10:03:00,248.35,248.35,247.3,247.3,225,0,8350.0,CE
2016-07-15 10:06:00,238.05,243.65,238.05,243.65,150,0,8350.0,CE
2016-07-15 10:07:00,238.0,238.0,238.0,238.0,150,0,8350.0,CE
2016-07-15 10:08:00,240.2,240.2,234.5,234.5,675,0,8350.0,CE
2016-07-15 10:09:00,237.4,237.4,237.4,237.4,75,0,8350.0,CE
2016-07-15 10:10:00,231.3,231.5,231.3,231.5,150,0,8350.0,CE
2016-07-15 10:13:00,231.4,231.4,231.4,231.4,75,0,8350.0,CE
2016-07-15 10:14:00,235.9,235.9,235.9,235.9,75,0,8350.0,CE
2016-07-15 10:15:00,233.4,233.4,233.4,233.4,75,0,8350.0,CE
2016-07-15 10:16:00,231.85,231.85,231.85,231.85,75,0,8350.0,CE
2016-07-15 10:17:00,225.0,225.0,217.7,217.7,375,0,8350.0,CE
2016-07-15 10:18:00,215.0,215.0,215.0,215.0,150,0,8350.0,CE
2016-07-15 10:19:00,216.05,221.95,216.05,221.95,225,0,8350.0,CE
2016-07-15 10:20:00,222.0,227.75,222.0,227.75,450,0,8350.0,CE
2016-07-15 10:22:00,232.0,232.0,230.0,230.0,150,0,8350.0,CE
2016-07-15 10:24:00,226.0,226.0,226.0,226.0,75,0,8350.0,CE
2016-07-15 10:27:00,229.65,229.65,229.65,229.65,150,0,8350.0,CE
2016-07-15 10:32:00,230.5,230.5,230.5,230.5,75,0,8350.0,CE
2016-07-15 10:34:00,229.5,229.5,229.5,229.5,75,0,8350.0,CE
2016-07-15 10:57:00,218.0,218.0,218.0,218.0,300,0,8350.0,CE
2016-07-15 11:01:00,217.7,217.7,217.45,217.45,150,0,8350.0,CE
2016-07-15 11:02:00,217.75,217.75,217.75,217.75,75,0,8350.0,CE
2016-07-15 11:18:00,225.1,226.9,225.1,226.9,150,0,8350.0,CE
2016-07-15 11:27:00,226.8,226.8,226.8,226.8,75,0,8350.0,CE
2016-07-15 11:28:00,225.3,225.3,225.3,225.3,75,0,8350.0,CE
2016-07-15 11:29:00,223.6,223.6,223.6,223.6,75,0,8350.0,CE
2016-07-15 11:30:00,222.5,222.5,222.5,222.5,75,0,8350.0,CE
2016-07-15 11:31:00,223.0,223.0,223.0,223.0,300,0,8350.0,CE
2016-07-15 11:35:00,222.25,222.25,222.25,222.25,75,0,8350.0,CE
2016-07-15 11:36:00,222.8,222.8,222.8,222.8,75,0,8350.0,CE
2016-07-15 11:38:00,222.8,222.8,222.8,222.8,225,0,8350.0,CE
2016-07-15 11:42:00,220.2,220.2,220.2,220.2,75,0,8350.0,CE
2016-07-15 11:44:00,222.0,222.0,222.0,222.0,75,0,8350.0,CE
2016-07-15 11:46:00,220.0,220.0,220.0,220.0,75,0,8350.0,CE
2016-07-15 11:49:00,214.05,214.05,214.05,214.05,75,0,8350.0,CE
2016-07-15 11:50:00,216.0,216.0,215.1,215.1,150,0,8350.0,CE
2016-07-15 11:53:00,206.85,206.85,206.5,206.5,1425,0,8350.0,CE
2016-07-15 11:54:00,209.95,209.95,209.95,209.95,150,0,8350.0,CE
2016-07-15 11:55:00,210.0,210.0,210.0,210.0,75,0,8350.0,CE
2016-07-15 12:03:00,214.65,214.65,214.65,214.65,225,0,8350.0,CE
2016-07-15 12:07:00,213.45,214.55,213.45,214.55,450,0,8350.0,CE
2016-07-15 12:08:00,214.7,215.3,214.7,215.3,300,0,8350.0,CE
2016-07-15 12:13:00,216.2,216.2,216.2,216.2,75,0,8350.0,CE
2016-07-15 12:15:00,214.55,214.55,214.55,214.55,75,0,8350.0,CE
2016-07-15 12:20:00,213.1,213.1,213.1,213.1,75,0,8350.0,CE
2016-07-15 12:24:00,216.5,216.5,216.5,216.5,75,0,8350.0,CE
2016-07-15 12:25:00,213.2,213.2,213.2,213.2,75,0,8350.0,CE
2016-07-15 12:40:00,220.8,221.2,216.85,216.85,225,0,8350.0,CE
2016-07-15 12:48:00,223.8,223.8,223.8,223.8,75,0,8350.0,CE
2016-07-15 12:49:00,224.4,225.3,222.65,222.65,375,0,8350.0,CE
2016-07-15 12:50:00,226.0,227.95,226.0,227.95,150,0,8350.0,CE
2016-07-15 12:58:00,233.35,233.35,228.45,228.45,1275,0,8350.0,CE
2016-07-15 13:03:00,230.35,230.35,230.35,230.35,150,0,8350.0,CE
2016-07-15 13:07:00,241.65,241.65,241.65,241.65,150,0,8350.0,CE
2016-07-15 13:10:00,243.4,243.4,243.4,243.4,75,0,8350.0,CE
2016-07-15 13:12:00,243.7,243.7,243.7,243.7,75,0,8350.0,CE
2016-07-15 13:16:00,246.85,246.85,244.5,244.5,225,0,8350.0,CE
2016-07-15 13:18:00,240.95,240.95,240.95,240.95,75,0,8350.0,CE
2016-07-15 13:22:00,248.0,248.0,248.0,248.0,75,0,8350.0,CE
2016-07-15 13:25:00,241.85,241.85,241.85,241.85,75,0,8350.0,CE
2016-07-15 13:32:00,235.0,235.0,235.0,235.0,75,0,8350.0,CE
2016-07-15 13:47:00,244.0,244.0,244.0,244.0,75,0,8350.0,CE
2016-07-15 13:48:00,246.05,246.05,246.05,246.05,150,0,8350.0,CE
2016-07-15 13:51:00,241.7,241.7,241.7,241.7,75,0,8350.0,CE
2016-07-15 13:55:00,238.0,238.0,238.0,238.0,150,0,8350.0,CE
2016-07-15 14:00:00,240.9,240.9,240.9,240.9,75,0,8350.0,CE
2016-07-15 14:01:00,241.3,241.3,241.3,241.3,75,0,8350.0,CE
2016-07-15 14:15:00,234.15,234.15,234.15,234.15,75,0,8350.0,CE
2016-07-15 14:18:00,233.7,233.7,233.7,233.7,75,0,8350.0,CE
2016-07-15 14:20:00,229.7,229.7,229.7,229.7,75,0,8350.0,CE
2016-07-15 14:25:00,236.2,236.2,236.2,236.2,75,0,8350.0,CE
2016-07-15 14:28:00,237.75,237.75,237.35,237.35,150,0,8350.0,CE
2016-07-15 14:30:00,238.6,238.6,238.6,238.6,75,0,8350.0,CE
2016-07-15 14:31:00,236.45,236.45,236.45,236.45,75,0,8350.0,CE
2016-07-15 14:32:00,235.85,235.85,235.85,235.85,150,0,8350.0,CE
2016-07-15 14:35:00,230.55,230.55,230.55,230.55,150,0,8350.0,CE
2016-07-15 14:36:00,227.55,227.55,227.55,227.55,150,0,8350.0,CE
2016-07-15 14:37:00,225.8,226.75,225.75,225.75,300,0,8350.0,CE
2016-07-15 14:40:00,218.0,218.0,213.25,213.25,150,0,8350.0,CE
2016-07-15 14:42:00,220.25,220.25,220.25,220.25,150,0,8350.0,CE
2016-07-15 14:43:00,223.65,223.65,223.65,223.65,150,0,8350.0,CE
2016-07-15 14:46:00,223.7,223.7,223.7,223.7,75,0,8350.0,CE
2016-07-15 14:47:00,222.45,222.45,222.45,222.45,75,0,8350.0,CE
2016-07-15 14:52:00,219.0,219.0,218.05,218.05,300,0,8350.0,CE
2016-07-15 14:53:00,217.0,218.6,214.0,214.0,300,0,8350.0,CE
2016-07-15 14:54:00,214.65,214.65,214.65,214.65,150,0,8350.0,CE
2016-07-15 14:55:00,217.15,217.15,217.15,217.15,150,0,8350.0,CE
2016-07-15 14:57:00,215.5,215.5,215.5,215.5,75,0,8350.0,CE
2016-07-15 14:58:00,216.55,216.55,216.55,216.55,150,0,8350.0,CE
2016-07-15 14:59:00,220.7,220.7,220.7,220.7,300,0,8350.0,CE
2016-07-15 15:01:00,228.35,228.35,228.3,228.3,150,0,8350.0,CE
2016-07-15 15:08:00,228.0,228.0,228.0,228.0,300,0,8350.0,CE
2016-07-15 15:20:00,226.05,226.3,226.05,226.3,225,0,8350.0,CE
2016-07-15 15:22:00,227.6,227.6,227.15,227.15,150,0,8350.0,CE
2016-07-15 15:23:00,228.05,228.05,228.05,228.05,75,0,8350.0,CE
2016-07-15 15:29:00,227.95,227.95,227.1,227.1,150,0,8350.0,CE
2016-07-18 09:15:00,240.7,240.7,240.7,240.7,75,0,8350.0,CE
2016-07-18 09:16:00,242.3,245.0,242.3,245.0,225,0,8350.0,CE
2016-07-18 09:19:00,246.5,246.5,245.95,245.95,150,0,8350.0,CE
2016-07-18 09:21:00,243.9,243.9,243.9,243.9,75,0,8350.0,CE
2016-07-18 09:23:00,244.05,244.05,244.05,244.05,75,0,8350.0,CE
2016-07-18 09:26:00,251.9,251.9,251.9,251.9,75,0,8350.0,CE
2016-07-18 09:30:00,250.0,250.0,250.0,250.0,150,0,8350.0,CE
2016-07-18 09:44:00,254.0,254.0,254.0,254.0,75,0,8350.0,CE
2016-07-18 09:45:00,252.95,252.95,252.95,252.95,75,0,8350.0,CE
2016-07-18 09:51:00,255.1,255.1,255.1,255.1,75,0,8350.0,CE
2016-07-18 09:52:00,257.85,257.85,257.85,257.85,150,0,8350.0,CE
2016-07-18 09:57:00,253.0,253.0,253.0,253.0,75,0,8350.0,CE
2016-07-18 10:02:00,250.0,250.0,250.0,250.0,75,0,8350.0,CE
2016-07-18 10:03:00,248.9,250.0,248.9,250.0,150,0,8350.0,CE
2016-07-18 10:05:00,250.0,250.0,250.0,250.0,75,0,8350.0,CE
2016-07-18 10:07:00,250.0,250.0,250.0,250.0,75,0,8350.0,CE
2016-07-18 10:17:00,249.1,249.5,249.1,249.5,150,0,8350.0,CE
2016-07-18 10:20:00,251.3,251.3,251.3,251.3,75,0,8350.0,CE
2016-07-18 10:23:00,249.9,249.9,249.9,249.9,150,0,8350.0,CE
2016-07-18 10:24:00,249.6,249.6,249.6,249.6,150,0,8350.0,CE
2016-07-18 10:29:00,252.8,252.8,252.8,252.8,75,0,8350.0,CE
2016-07-18 10:42:00,258.25,258.25,258.25,258.25,75,0,8350.0,CE
2016-07-18 10:59:00,256.0,256.0,256.0,256.0,150,0,8350.0,CE
2016-07-18 11:15:00,256.65,256.65,256.65,256.65,75,0,8350.0,CE
2016-07-18 11:17:00,254.15,254.15,254.15,254.15,75,0,8350.0,CE
2016-07-18 11:18:00,250.8,250.8,250.8,250.8,150,0,8350.0,CE
2016-07-18 11:37:00,255.25,255.25,255.25,255.25,75,0,8350.0,CE
2016-07-18 11:44:00,256.0,256.0,256.0,256.0,150,0,8350.0,CE
2016-07-18 11:50:00,254.0,254.0,254.0,254.0,75,0,8350.0,CE
2016-07-18 12:01:00,253.05,253.05,253.05,253.05,75,0,8350.0,CE
2016-07-18 12:36:00,259.65,259.65,259.65,259.65,75,0,8350.0,CE
2016-07-18 12:52:00,261.05,261.05,261.05,261.05,150,0,8350.0,CE
2016-07-18 12:56:00,262.45,262.45,262.45,262.45,75,0,8350.0,CE
2016-07-18 13:03:00,260.0,260.0,260.0,260.0,75,0,8350.0,CE
2016-07-18 13:13:00,245.65,248.0,245.65,248.0,150,0,8350.0,CE
2016-07-18 13:19:00,244.35,244.35,244.35,244.35,75,0,8350.0,CE
2016-07-18 13:21:00,230.55,233.0,230.55,233.0,600,0,8350.0,CE
2016-07-18 13:24:00,238.1,238.1,238.1,238.1,75,0,8350.0,CE
2016-07-18 13:25:00,239.0,239.0,239.0,239.0,525,0,8350.0,CE
2016-07-18 13:26:00,240.0,240.0,240.0,240.0,75,0,8350.0,CE
2016-07-18 13:27:00,239.75,239.75,239.75,239.75,75,0,8350.0,CE
2016-07-18 13:30:00,234.0,234.0,234.0,234.0,225,0,8350.0,CE
2016-07-18 13:31:00,231.55,231.55,231.55,231.55,75,0,8350.0,CE
2016-07-18 13:32:00,234.45,234.45,234.45,234.45,75,0,8350.0,CE
2016-07-18 13:33:00,236.75,236.75,236.75,236.75,150,0,8350.0,CE
2016-07-18 13:49:00,229.0,229.0,229.0,229.0,1500,0,8350.0,CE
2016-07-18 13:50:00,230.0,230.0,230.0,230.0,75,0,8350.0,CE
2016-07-18 13:52:00,225.0,225.0,225.0,225.0,75,0,8350.0,CE
2016-07-18 13:53:00,223.95,223.95,223.95,223.95,150,0,8350.0,CE
2016-07-18 13:54:00,222.55,222.55,222.55,222.55,150,0,8350.0,CE
2016-07-18 13:55:00,225.05,225.05,225.05,225.05,225,0,8350.0,CE
2016-07-18 13:58:00,227.05,227.05,227.05,227.05,75,0,8350.0,CE
2016-07-18 13:59:00,232.0,232.0,232.0,232.0,150,0,8350.0,CE
2016-07-18 14:00:00,232.0,232.0,232.0,232.0,1350,0,8350.0,CE
2016-07-18 14:01:00,230.0,230.0,230.0,230.0,150,0,8350.0,CE
2016-07-18 14:04:00,231.0,231.0,231.0,231.0,300,0,8350.0,CE
2016-07-18 14:07:00,230.0,230.0,230.0,230.0,150,0,8350.0,CE
2016-07-18 14:11:00,236.0,236.0,236.0,236.0,1050,0,8350.0,CE
2016-07-18 14:17:00,229.0,229.0,229.0,229.0,225,0,8350.0,CE
2016-07-18 14:21:00,231.0,231.0,231.0,231.0,225,0,8350.0,CE
2016-07-18 14:24:00,225.05,225.05,225.0,225.05,225,0,8350.0,CE
2016-07-18 14:26:00,223.0,223.0,223.0,223.0,75,0,8350.0,CE
2016-07-18 14:41:00,224.25,224.25,224.25,224.25,75,0,8350.0,CE
2016-07-18 14:46:00,220.0,220.0,220.0,220.0,75,0,8350.0,CE
2016-07-18 14:48:00,217.55,217.55,217.55,217.55,75,0,8350.0,CE
2016-07-18 14:49:00,211.0,212.15,211.0,212.15,150,0,8350.0,CE
2016-07-18 14:50:00,211.85,211.85,211.85,211.85,75,0,8350.0,CE
2016-07-18 14:52:00,212.1,212.1,212.1,212.1,75,0,8350.0,CE
2016-07-18 15:00:00,207.0,209.65,207.0,209.65,150,0,8350.0,CE
2016-07-18 15:01:00,205.9,206.05,203.1,206.05,225,0,8350.0,CE
2016-07-18 15:03:00,203.0,203.0,203.0,203.0,225,0,8350.0,CE
2016-07-18 15:04:00,200.8,200.8,200.8,200.8,75,0,8350.0,CE
2016-07-18 15:05:00,199.5,199.5,199.5,199.5,150,0,8350.0,CE
2016-07-18 15:07:00,193.25,193.25,192.8,192.8,225,0,8350.0,CE
2016-07-18 15:08:00,198.15,198.15,198.15,198.15,75,0,8350.0,CE
2016-07-18 15:09:00,201.1,201.1,199.35,199.35,150,0,8350.0,CE
2016-07-18 15:10:00,200.05,200.05,200.05,200.05,75,0,8350.0,CE
2016-07-18 15:11:00,202.95,202.95,202.95,202.95,150,0,8350.0,CE
2016-07-18 15:12:00,201.0,201.0,201.0,201.0,75,0,8350.0,CE
2016-07-18 15:13:00,196.55,196.55,196.5,196.5,225,0,8350.0,CE
2016-07-18 15:14:00,194.95,194.95,194.95,194.95,75,0,8350.0,CE
2016-07-18 15:15:00,193.35,193.35,193.35,193.35,150,0,8350.0,CE
2016-07-18 15:16:00,194.85,194.85,194.85,194.85,150,0,8350.0,CE
2016-07-18 15:18:00,190.0,190.0,189.35,189.35,450,0,8350.0,CE
2016-07-18 15:20:00,191.95,192.0,191.95,192.0,225,0,8350.0,CE
2016-07-18 15:22:00,188.05,188.05,188.0,188.0,225,0,8350.0,CE
2016-07-18 15:24:00,189.95,189.95,188.4,188.4,150,0,8350.0,CE
2016-07-18 15:25:00,190.0,190.0,190.0,190.0,75,0,8350.0,CE
2016-07-18 15:28:00,188.0,188.0,187.0,187.0,300,0,8350.0,CE
2016-07-18 15:29:00,185.7,185.7,185.7,185.7,300,0,8350.0,CE
2016-07-19 09:16:00,200.7,200.7,200.35,200.35,300,0,8350.0,CE
2016-07-19 09:17:00,199.7,203.0,199.7,203.0,150,0,8350.0,CE
2016-07-19 09:18:00,200.1,200.1,197.7,197.7,300,0,8350.0,CE
2016-07-19 09:21:00,197.6,197.6,197.6,197.6,150,0,8350.0,CE
2016-07-19 09:22:00,193.7,193.7,193.7,193.7,150,0,8350.0,CE
2016-07-19 09:26:00,201.4,201.4,195.95,195.95,225,0,8350.0,CE
2016-07-19 09:28:00,196.55,196.55,196.55,196.55,150,0,8350.0,CE
2016-07-19 09:29:00,195.55,195.55,195.55,195.55,225,0,8350.0,CE
2016-07-19 09:30:00,196.6,196.6,196.6,196.6,75,0,8350.0,CE
2016-07-19 09:31:00,195.15,195.15,194.0,194.0,525,0,8350.0,CE
2016-07-19 09:32:00,191.85,191.85,180.0,180.0,375,0,8350.0,CE
2016-07-19 09:33:00,182.9,182.9,182.9,182.9,525,0,8350.0,CE
2016-07-19 09:34:00,182.5,182.5,181.95,181.95,300,0,8350.0,CE
2016-07-19 09:36:00,182.05,185.0,182.05,185.0,525,0,8350.0,CE
2016-07-19 09:37:00,182.0,182.0,180.2,180.2,150,0,8350.0,CE
2016-07-19 09:39:00,181.85,181.85,180.5,180.5,225,0,8350.0,CE
2016-07-19 09:44:00,188.9,188.9,187.85,187.85,300,0,8350.0,CE
2016-07-19 09:45:00,187.15,187.15,185.2,185.2,375,0,8350.0,CE
2016-07-19 09:48:00,186.85,186.85,186.85,186.85,150,0,8350.0,CE
2016-07-19 09:49:00,186.55,186.55,186.55,186.55,225,0,8350.0,CE
2016-07-19 09:50:00,186.65,186.65,185.75,185.75,300,0,8350.0,CE
2016-07-19 09:51:00,184.8,185.8,183.4,183.4,600,0,8350.0,CE
2016-07-19 09:56:00,182.1,182.1,182.1,182.1,75,0,8350.0,CE
2016-07-19 10:05:00,193.1,193.1,193.1,193.1,75,0,8350.0,CE
2016-07-19 10:10:00,195.5,195.5,195.5,195.5,75,0,8350.0,CE
2016-07-19 10:11:00,195.65,196.65,195.65,196.65,225,0,8350.0,CE
2016-07-19 10:12:00,193.55,193.55,193.55,193.55,225,0,8350.0,CE
2016-07-19 10:16:00,195.75,195.75,195.2,195.2,150,0,8350.0,CE
2016-07-19 10:17:00,194.4,194.4,194.4,194.4,75,0,8350.0,CE
2016-07-19 10:24:00,198.85,198.85,198.85,198.85,75,0,8350.0,CE
2016-07-19 10:26:00,197.95,197.95,197.95,197.95,75,0,8350.0,CE
2016-07-19 10:44:00,202.0,202.0,202.0,202.0,75,0,8350.0,CE
2016-07-19 10:48:00,198.85,198.85,198.85,198.85,150,0,8350.0,CE
2016-07-19 10:53:00,195.95,203.45,194.3,194.3,450,0,8350.0,CE
2016-07-19 10:56:00,201.0,201.0,201.0,201.0,75,0,8350.0,CE
2016-07-19 11:10:00,196.4,196.4,196.4,196.4,75,0,8350.0,CE
2016-07-19 11:17:00,196.1,196.1,196.1,196.1,75,0,8350.0,CE
2016-07-19 11:23:00,196.1,196.1,196.1,196.1,75,0,8350.0,CE
2016-07-19 11:24:00,199.0,199.0,199.0,199.0,225,0,8350.0,CE
2016-07-19 11:26:00,195.0,195.0,195.0,195.0,150,0,8350.0,CE
2016-07-19 11:39:00,196.35,196.35,195.85,195.85,225,0,8350.0,CE
2016-07-19 11:40:00,196.3,196.3,194.45,194.45,375,0,8350.0,CE
2016-07-19 11:46:00,192.1,192.1,192.1,192.1,900,0,8350.0,CE
2016-07-19 11:47:00,190.45,190.45,190.45,190.45,75,0,8350.0,CE
2016-07-19 11:52:00,192.0,192.0,192.0,192.0,150,0,8350.0,CE
2016-07-19 12:00:00,196.7,196.7,196.7,196.7,75,0,8350.0,CE
2016-07-19 12:04:00,193.45,193.45,191.95,191.95,225,0,8350.0,CE
2016-07-19 12:11:00,192.65,192.65,192.65,192.65,150,0,8350.0,CE
2016-07-19 12:14:00,192.0,192.0,192.0,192.0,75,0,8350.0,CE
2016-07-19 12:22:00,193.0,193.0,193.0,193.0,225,0,8350.0,CE
2016-07-19 12:23:00,190.7,190.7,190.7,190.7,525,0,8350.0,CE
2016-07-19 12:24:00,193.4,193.4,193.4,193.4,150,0,8350.0,CE
2016-07-19 12:27:00,193.15,193.15,192.25,192.25,375,0,8350.0,CE
2016-07-19 12:29:00,198.4,198.4,198.4,198.4,300,0,8350.0,CE
2016-07-19 12:33:00,195.0,195.0,195.0,195.0,1050,0,8350.0,CE
2016-07-19 12:46:00,196.95,196.95,196.95,196.95,75,0,8350.0,CE
2016-07-19 12:47:00,196.4,196.4,196.4,196.4,75,0,8350.0,CE
2016-07-19 12:48:00,197.0,197.55,197.0,197.55,450,0,8350.0,CE
2016-07-19 12:49:00,196.9,196.9,196.9,196.9,75,0,8350.0,CE
2016-07-19 12:50:00,196.9,196.9,196.9,196.9,150,0,8350.0,CE
2016-07-19 12:52:00,210.0,210.0,210.0,210.0,450,0,8350.0,CE
2016-07-19 12:55:00,209.4,209.4,209.4,209.4,225,0,8350.0,CE
2016-07-19 12:56:00,203.55,204.0,203.55,204.0,225,0,8350.0,CE
2016-07-19 12:58:00,208.35,208.35,208.35,208.35,75,0,8350.0,CE
2016-07-19 13:06:00,199.75,199.75,199.75,199.75,300,0,8350.0,CE
2016-07-19 13:07:00,191.4,191.4,191.4,191.4,75,0,8350.0,CE
2016-07-19 13:12:00,188.55,188.55,188.55,188.55,75,0,8350.0,CE
2016-07-19 13:14:00,186.35,186.35,185.6,185.6,675,0,8350.0,CE
2016-07-19 13:16:00,181.55,182.45,181.55,182.45,300,0,8350.0,CE
2016-07-19 13:17:00,180.5,180.5,178.25,178.25,375,0,8350.0,CE
2016-07-19 13:20:00,180.3,181.75,180.3,181.75,225,0,8350.0,CE
2016-07-19 13:21:00,178.1,178.1,178.1,178.1,150,0,8350.0,CE
2016-07-19 13:24:00,175.0,175.0,174.0,174.0,225,0,8350.0,CE
2016-07-19 13:25:00,174.0,174.0,174.0,174.0,75,0,8350.0,CE
2016-07-19 13:30:00,169.3,169.3,168.0,168.0,150,0,8350.0,CE
2016-07-19 13:31:00,167.9,167.9,167.9,167.9,75,0,8350.0,CE
2016-07-19 13:39:00,170.5,170.5,170.5,170.5,75,0,8350.0,CE
2016-07-19 13:41:00,176.0,176.0,176.0,176.0,75,0,8350.0,CE
2016-07-19 13:42:00,175.9,175.9,175.9,175.9,75,0,8350.0,CE
2016-07-19 13:59:00,177.0,177.0,177.0,177.0,150,0,8350.0,CE
2016-07-19 14:00:00,178.55,178.55,178.55,178.55,75,0,8350.0,CE
2016-07-19 14:01:00,183.35,183.35,183.3,183.3,150,0,8350.0,CE
2016-07-19 14:05:00,178.05,178.05,178.05,178.05,75,0,8350.0,CE
2016-07-19 14:07:00,179.5,179.5,179.5,179.5,75,0,8350.0,CE
2016-07-19 14:10:00,180.0,180.0,180.0,180.0,75,0,8350.0,CE
2016-07-19 14:11:00,180.0,180.0,180.0,180.0,75,0,8350.0,CE
2016-07-19 14:13:00,173.35,174.6,173.35,174.6,150,0,8350.0,CE
2016-07-19 14:16:00,170.75,170.75,170.75,170.75,75,0,8350.0,CE
2016-07-19 14:17:00,171.0,171.0,171.0,171.0,75,0,8350.0,CE
2016-07-19 14:25:00,175.25,175.25,175.25,175.25,75,0,8350.0,CE
2016-07-19 14:32:00,173.75,173.75,173.75,173.75,75,0,8350.0,CE
2016-07-19 14:33:00,178.2,178.2,178.2,178.2,75,0,8350.0,CE
2016-07-19 14:37:00,179.85,179.85,179.85,179.85,75,0,8350.0,CE
2016-07-19 14:38:00,180.0,180.0,176.4,176.4,225,0,8350.0,CE
2016-07-19 14:40:00,175.3,175.3,175.3,175.3,150,0,8350.0,CE
2016-07-19 14:42:00,173.75,174.7,172.5,172.5,525,0,8350.0,CE
2016-07-19 14:44:00,177.8,177.8,177.8,177.8,75,0,8350.0,CE
2016-07-19 14:45:00,177.2,177.2,177.2,177.2,75,0,8350.0,CE
2016-07-19 14:50:00,178.8,178.95,177.55,177.55,600,0,8350.0,CE
2016-07-19 14:52:00,179.55,179.55,179.55,179.55,75,0,8350.0,CE
2016-07-19 14:53:00,185.65,188.0,185.65,188.0,600,0,8350.0,CE
2016-07-19 14:55:00,189.2,189.2,189.2,189.2,150,0,8350.0,CE
2016-07-19 15:01:00,187.25,187.3,187.25,187.25,300,0,8350.0,CE
2016-07-19 15:03:00,189.95,189.95,189.95,189.95,75,0,8350.0,CE
2016-07-19 15:04:00,190.65,191.15,190.65,191.15,150,0,8350.0,CE
2016-07-19 15:05:00,190.55,190.55,190.55,190.55,225,0,8350.0,CE
2016-07-19 15:07:00,190.4,190.4,189.7,189.7,225,0,8350.0,CE
2016-07-19 15:08:00,194.1,194.6,194.1,194.6,150,0,8350.0,CE
2016-07-19 15:09:00,199.25,200.6,199.25,199.25,750,0,8350.0,CE
2016-07-19 15:10:00,202.9,209.35,202.9,209.35,375,0,8350.0,CE
2016-07-19 15:14:00,210.75,210.75,210.75,210.75,75,0,8350.0,CE
2016-07-19 15:15:00,215.65,215.65,215.65,215.65,75,0,8350.0,CE
2016-07-19 15:18:00,209.45,209.45,209.45,209.45,300,0,8350.0,CE
2016-07-19 15:20:00,209.35,209.35,209.35,209.35,75,0,8350.0,CE
2016-07-19 15:22:00,209.3,209.3,209.3,209.3,150,0,8350.0,CE
2016-07-19 15:24:00,209.0,209.0,209.0,209.0,75,0,8350.0,CE
2016-07-19 15:27:00,211.0,211.0,211.0,211.0,225,0,8350.0,CE
2016-07-19 15:29:00,212.05,212.05,209.75,209.75,375,0,8350.0,CE
2016-07-20 09:16:00,225.25,225.25,225.25,225.25,75,0,8350.0,CE
2016-07-20 09:17:00,222.15,222.15,222.15,222.15,75,0,8350.0,CE
2016-07-20 09:18:00,217.05,217.05,217.05,217.05,375,0,8350.0,CE
2016-07-20 09:19:00,223.2,227.55,223.2,227.55,225,0,8350.0,CE
2016-07-20 09:23:00,229.9,229.9,229.9,229.9,75,0,8350.0,CE
2016-07-20 09:24:00,229.0,229.0,229.0,229.0,75,0,8350.0,CE
2016-07-20 09:29:00,226.0,226.0,226.0,226.0,75,0,8350.0,CE
2016-07-20 09:36:00,227.0,227.0,227.0,227.0,75,0,8350.0,CE
2016-07-20 09:37:00,226.0,226.0,226.0,226.0,150,0,8350.0,CE
2016-07-20 09:39:00,224.6,224.6,224.6,224.6,75,0,8350.0,CE
2016-07-20 09:41:00,222.0,222.0,222.0,222.0,75,0,8350.0,CE
2016-07-20 09:57:00,222.8,222.8,222.0,222.0,150,0,8350.0,CE
2016-07-20 10:01:00,224.1,224.1,224.1,224.1,75,0,8350.0,CE
2016-07-20 10:11:00,226.55,226.55,226.55,226.55,75,0,8350.0,CE
2016-07-20 10:17:00,224.7,224.7,224.7,224.7,75,0,8350.0,CE
2016-07-20 10:26:00,224.35,224.35,224.35,224.35,75,0,8350.0,CE
2016-07-20 10:27:00,221.5,221.5,221.5,221.5,75,0,8350.0,CE
2016-07-20 10:33:00,224.65,224.7,224.65,224.7,300,0,8350.0,CE
2016-07-20 10:36:00,230.75,230.75,230.75,230.75,75,0,8350.0,CE
2016-07-20 10:38:00,227.15,227.15,227.15,227.15,225,0,8350.0,CE
2016-07-20 10:47:00,224.85,224.85,224.85,224.85,150,0,8350.0,CE
2016-07-20 10:48:00,227.5,227.5,227.5,227.5,75,0,8350.0,CE
2016-07-20 10:53:00,225.25,225.25,225.25,225.25,75,0,8350.0,CE
2016-07-20 10:59:00,226.0,226.0,226.0,226.0,75,0,8350.0,CE
2016-07-20 11:10:00,224.0,224.0,224.0,224.0,75,0,8350.0,CE
2016-07-20 11:11:00,224.8,224.85,224.8,224.85,150,0,8350.0,CE
2016-07-20 11:12:00,225.15,225.15,225.15,225.15,75,0,8350.0,CE
2016-07-20 11:14:00,224.4,224.4,224.4,224.4,75,0,8350.0,CE
2016-07-20 11:19:00,226.3,226.3,226.3,226.3,75,0,8350.0,CE
2016-07-20 11:22:00,228.0,228.0,228.0,228.0,75,0,8350.0,CE
2016-07-20 11:43:00,235.45,235.45,235.45,235.45,75,0,8350.0,CE
2016-07-20 11:44:00,236.9,236.9,236.9,236.9,150,0,8350.0,CE
2016-07-20 11:45:00,241.85,241.85,241.05,241.05,225,0,8350.0,CE
2016-07-20 11:47:00,236.85,236.85,236.85,236.85,75,0,8350.0,CE
2016-07-20 12:04:00,240.45,240.45,240.45,240.45,75,0,8350.0,CE
2016-07-20 12:20:00,239.6,239.6,239.6,239.6,150,0,8350.0,CE
2016-07-20 12:21:00,238.6,238.6,238.6,238.6,75,0,8350.0,CE
2016-07-20 12:30:00,239.0,239.0,239.0,239.0,75,0,8350.0,CE
2016-07-20 12:35:00,232.8,232.8,232.8,232.8,75,0,8350.0,CE
2016-07-20 12:36:00,231.55,231.55,229.5,229.5,150,0,8350.0,CE
2016-07-20 12:37:00,232.25,232.25,232.25,232.25,75,0,8350.0,CE
2016-07-20 12:39:00,231.55,231.55,231.55,231.55,300,0,8350.0,CE
2016-07-20 12:44:00,227.0,227.0,225.0,225.5,375,0,8350.0,CE
2016-07-20 12:48:00,226.95,226.95,226.95,226.95,75,0,8350.0,CE
2016-07-20 12:49:00,225.5,230.0,225.5,230.0,150,0,8350.0,CE
2016-07-20 12:52:00,230.85,230.85,230.75,230.75,150,0,8350.0,CE
2016-07-20 12:55:00,229.3,229.3,229.3,229.3,75,0,8350.0,CE
2016-07-20 13:20:00,230.6,230.6,230.6,230.6,75,0,8350.0,CE
2016-07-20 13:22:00,234.15,234.15,234.15,234.15,75,0,8350.0,CE
2016-07-20 13:56:00,229.5,229.5,229.5,229.5,75,0,8350.0,CE
2016-07-20 14:02:00,233.2,233.2,232.65,232.65,150,0,8350.0,CE
2016-07-20 14:07:00,235.75,235.75,235.75,235.75,75,0,8350.0,CE
2016-07-20 14:22:00,238.25,238.25,238.25,238.25,75,0,8350.0,CE
2016-07-20 14:30:00,239.95,239.95,239.95,239.95,75,0,8350.0,CE
2016-07-20 14:44:00,241.0,241.0,241.0,241.0,150,0,8350.0,CE
2016-07-20 14:46:00,238.5,238.5,238.5,238.5,150,0,8350.0,CE
2016-07-20 14:56:00,240.0,240.0,240.0,240.0,150,0,8350.0,CE
2016-07-20 15:02:00,241.75,241.75,241.75,241.75,75,0,8350.0,CE
2016-07-20 15:15:00,240.8,240.8,240.2,240.2,150,0,8350.0,CE
2016-07-20 15:16:00,240.15,240.15,240.15,240.15,150,0,8350.0,CE
2016-07-20 15:21:00,241.45,241.45,241.45,241.45,75,0,8350.0,CE
2016-07-20 15:22:00,238.95,238.95,238.95,238.95,225,0,8350.0,CE
2016-07-20 15:28:00,244.65,245.0,242.0,245.0,300,0,8350.0,CE
2016-07-20 15:29:00,247.9,247.9,247.9,247.9,75,0,8350.0,CE
2016-07-21 09:16:00,238.45,238.45,238.45,238.45,75,0,8350.0,CE
2016-07-21 09:21:00,235.05,235.05,230.6,230.6,375,0,8350.0,CE
2016-07-21 09:22:00,235.0,235.0,235.0,235.0,150,0,8350.0,CE
2016-07-21 09:23:00,230.85,230.85,230.85,230.85,150,0,8350.0,CE
2016-07-21 09:48:00,230.9,230.9,230.85,230.85,450,0,8350.0,CE
2016-07-21 09:52:00,227.85,227.85,227.85,227.85,75,0,8350.0,CE
2016-07-21 09:55:00,226.35,226.35,226.35,226.35,75,0,8350.0,CE
2016-07-21 10:01:00,228.8,228.8,228.8,228.8,75,0,8350.0,CE
2016-07-21 10:13:00,223.15,223.15,223.15,223.15,225,0,8350.0,CE
2016-07-21 10:17:00,226.25,226.25,226.25,226.25,75,0,8350.0,CE
2016-07-21 10:27:00,233.55,233.55,232.6,232.6,150,0,8350.0,CE
2016-07-21 10:40:00,229.4,229.65,229.4,229.65,150,0,8350.0,CE
2016-07-21 10:57:00,230.8,230.8,230.8,230.8,75,0,8350.0,CE
2016-07-21 11:02:00,236.15,236.15,235.75,235.75,225,0,8350.0,CE
2016-07-21 11:03:00,236.7,236.7,236.7,236.7,75,0,8350.0,CE
2016-07-21 11:40:00,233.2,233.2,233.2,233.2,75,0,8350.0,CE
2016-07-21 11:41:00,235.0,235.0,235.0,235.0,75,0,8350.0,CE
2016-07-21 11:56:00,234.15,234.15,234.15,234.15,75,0,8350.0,CE
2016-07-21 12:00:00,229.95,229.95,229.95,229.95,75,0,8350.0,CE
2016-07-21 12:03:00,223.0,223.0,223.0,223.0,75,0,8350.0,CE
2016-07-21 12:04:00,225.5,225.5,225.5,225.5,75,0,8350.0,CE
2016-07-21 12:10:00,217.35,217.35,217.35,217.35,150,0,8350.0,CE
2016-07-21 12:17:00,218.75,218.75,218.75,218.75,75,0,8350.0,CE
2016-07-21 12:27:00,223.6,223.6,223.6,223.6,75,0,8350.0,CE
2016-07-21 12:45:00,213.0,214.65,213.0,213.0,225,0,8350.0,CE
2016-07-21 12:47:00,211.15,211.15,211.15,211.15,75,0,8350.0,CE
2016-07-21 12:52:00,212.95,212.95,212.3,212.35,300,0,8350.0,CE
2016-07-21 12:54:00,215.05,215.2,215.05,215.2,225,0,8350.0,CE
2016-07-21 12:56:00,217.65,217.95,216.55,216.55,375,0,8350.0,CE
2016-07-21 12:57:00,216.55,218.5,216.55,218.2,675,0,8350.0,CE
2016-07-21 13:03:00,210.1,210.1,210.1,210.1,225,0,8350.0,CE
2016-07-21 13:04:00,214.55,214.55,214.55,214.55,75,0,8350.0,CE
2016-07-21 13:06:00,214.75,214.75,213.2,213.2,150,0,8350.0,CE
2016-07-21 13:08:00,214.8,215.8,214.8,215.8,450,0,8350.0,CE
2016-07-21 13:12:00,210.1,210.1,210.1,210.1,225,0,8350.0,CE
2016-07-21 13:13:00,202.05,202.05,202.0,202.0,225,0,8350.0,CE
2016-07-21 13:14:00,203.25,203.25,203.25,203.25,75,0,8350.0,CE
2016-07-21 13:18:00,200.3,200.3,200.3,200.3,1050,0,8350.0,CE
2016-07-21 13:19:00,195.0,195.0,195.0,195.0,225,0,8350.0,CE
2016-07-21 13:27:00,202.5,202.5,202.3,202.3,225,0,8350.0,CE
2016-07-21 13:30:00,201.1,201.1,200.0,200.0,750,0,8350.0,CE
2016-07-21 13:31:00,200.2,200.2,200.2,200.2,75,0,8350.0,CE
2016-07-21 13:45:00,210.9,210.9,210.9,210.9,75,0,8350.0,CE
2016-07-21 13:46:00,210.15,210.15,206.2,206.2,1350,0,8350.0,CE
2016-07-21 13:48:00,210.0,210.0,210.0,210.0,75,0,8350.0,CE
2016-07-21 13:52:00,210.0,210.0,210.0,210.0,300,0,8350.0,CE
2016-07-21 13:55:00,221.8,221.8,221.8,221.8,225,0,8350.0,CE
2016-07-21 14:05:00,205.2,205.2,205.2,205.2,150,0,8350.0,CE
2016-07-21 14:06:00,202.65,202.65,202.65,202.65,75,0,8350.0,CE
2016-07-21 14:08:00,201.05,201.05,201.05,201.05,75,0,8350.0,CE
2016-07-21 14:09:00,201.1,201.1,201.1,201.1,150,0,8350.0,CE
2016-07-21 14:10:00,201.1,201.1,201.1,201.1,150,0,8350.0,CE
2016-07-21 14:14:00,203.0,203.0,203.0,203.0,75,0,8350.0,CE
2016-07-21 14:19:00,204.95,205.0,204.95,205.0,375,0,8350.0,CE
2016-07-21 14:24:00,201.0,201.0,201.0,201.0,75,0,8350.0,CE
2016-07-21 14:27:00,204.0,204.0,204.0,204.0,300,0,8350.0,CE
2016-07-21 14:36:00,205.0,205.0,205.0,205.0,225,0,8350.0,CE
2016-07-21 14:37:00,205.0,206.0,205.0,206.0,150,0,8350.0,CE
2016-07-21 14:41:00,206.0,206.0,206.0,206.0,150,0,8350.0,CE
2016-07-21 14:57:00,196.45,196.45,196.0,196.0,300,0,8350.0,CE
2016-07-21 14:58:00,190.0,190.0,185.45,185.45,450,0,8350.0,CE
2016-07-21 15:00:00,181.0,181.0,181.0,181.0,150,0,8350.0,CE
2016-07-21 15:02:00,174.15,182.15,174.15,182.15,150,0,8350.0,CE
2016-07-21 15:03:00,180.0,180.0,180.0,180.0,150,0,8350.0,CE
2016-07-21 15:13:00,184.75,184.75,184.75,184.75,75,0,8350.0,CE
2016-07-21 15:14:00,182.0,182.0,182.0,182.0,150,0,8350.0,CE
2016-07-21 15:15:00,182.0,182.0,182.0,182.0,150,0,8350.0,CE
2016-07-21 15:19:00,182.0,182.0,182.0,182.0,300,0,8350.0,CE
2016-07-21 15:20:00,180.2,182.0,180.2,182.0,225,0,8350.0,CE
2016-07-21 15:29:00,179.8,179.8,179.8,179.8,75,0,8350.0,CE
2016-07-22 09:15:00,170.0,170.0,170.0,170.0,75,0,8350.0,CE
2016-07-22 09:17:00,183.0,183.0,183.0,183.0,75,0,8350.0,CE
2016-07-22 09:21:00,182.1,182.1,182.1,182.1,150,0,8350.0,CE
2016-07-22 09:22:00,180.0,180.0,180.0,180.0,450,0,8350.0,CE
2016-07-22 09:25:00,178.8,178.8,178.8,178.8,75,0,8350.0,CE
2016-07-22 09:26:00,179.95,180.0,179.95,180.0,150,0,8350.0,CE
2016-07-22 09:40:00,171.1,171.1,171.1,171.1,75,0,8350.0,CE
2016-07-22 09:41:00,170.75,170.75,167.0,167.0,375,0,8350.0,CE
2016-07-22 09:47:00,174.0,174.0,174.0,174.0,525,0,8350.0,CE
2016-07-22 09:50:00,175.0,175.0,175.0,175.0,300,0,8350.0,CE
2016-07-22 10:01:00,176.5,176.5,176.5,176.5,75,0,8350.0,CE
2016-07-22 10:02:00,177.1,177.1,177.1,177.1,75,0,8350.0,CE
2016-07-22 10:12:00,184.25,184.25,184.25,184.25,75,0,8350.0,CE
2016-07-22 10:19:00,177.75,177.75,177.75,177.75,75,0,8350.0,CE
2016-07-22 10:22:00,177.0,177.0,177.0,177.0,75,0,8350.0,CE
2016-07-22 10:29:00,177.05,177.05,177.05,177.05,75,0,8350.0,CE
2016-07-22 10:31:00,174.0,174.0,174.0,174.0,75,0,8350.0,CE
2016-07-22 10:32:00,172.3,173.9,172.3,173.9,150,0,8350.0,CE
2016-07-22 10:34:00,171.8,171.8,171.8,171.8,75,0,8350.0,CE
2016-07-22 10:35:00,174.0,174.0,174.0,174.0,75,0,8350.0,CE
2016-07-22 10:38:00,170.65,172.35,170.65,172.35,150,0,8350.0,CE
2016-07-22 10:41:00,172.35,172.35,172.35,172.35,75,0,8350.0,CE
2016-07-22 10:44:00,174.0,174.0,174.0,174.0,150,0,8350.0,CE
2016-07-22 10:46:00,174.85,174.85,174.85,174.85,75,0,8350.0,CE
2016-07-22 10:54:00,177.75,180.6,177.75,180.6,150,0,8350.0,CE
2016-07-22 11:03:00,174.0,174.0,174.0,174.0,75,0,8350.0,CE
2016-07-22 11:10:00,178.0,178.0,178.0,178.0,75,0,8350.0,CE
2016-07-22 11:12:00,179.0,179.0,179.0,179.0,225,0,8350.0,CE
2016-07-22 11:13:00,179.8,179.8,179.8,179.8,225,0,8350.0,CE
2016-07-22 11:16:00,178.0,178.0,178.0,178.0,75,0,8350.0,CE
2016-07-22 11:27:00,177.0,177.0,177.0,177.0,150,0,8350.0,CE
2016-07-22 11:30:00,187.0,187.0,187.0,187.0,300,0,8350.0,CE
2016-07-22 11:34:00,187.55,195.65,187.55,195.65,225,0,8350.0,CE
2016-07-22 11:37:00,195.05,195.05,195.05,195.05,75,0,8350.0,CE
2016-07-22 11:38:00,194.1,194.1,194.1,194.1,75,0,8350.0,CE
2016-07-22 11:39:00,193.95,193.95,193.95,193.95,75,0,8350.0,CE
2016-07-22 11:41:00,196.0,196.0,196.0,196.0,300,0,8350.0,CE
2016-07-22 11:42:00,198.9,198.9,198.9,198.9,75,0,8350.0,CE
2016-07-22 11:44:00,197.5,197.5,197.5,197.5,150,0,8350.0,CE
2016-07-22 11:51:00,191.65,191.65,191.6,191.6,225,0,8350.0,CE
2016-07-22 11:56:00,191.05,191.05,191.05,191.05,75,0,8350.0,CE
2016-07-22 11:58:00,192.45,192.45,192.45,192.45,75,0,8350.0,CE
2016-07-22 12:02:00,191.5,191.5,191.5,191.5,150,0,8350.0,CE
2016-07-22 12:06:00,194.8,195.9,194.8,195.9,150,0,8350.0,CE
2016-07-22 12:07:00,195.0,195.0,195.0,195.0,75,0,8350.0,CE
2016-07-22 12:11:00,210.45,210.45,210.45,210.45,75,0,8350.0,CE
2016-07-22 12:12:00,208.05,208.05,208.05,208.05,75,0,8350.0,CE
2016-07-22 12:13:00,206.25,206.25,205.5,205.5,375,0,8350.0,CE
2016-07-22 12:15:00,210.0,210.0,210.0,210.0,150,0,8350.0,CE
2016-07-22 12:19:00,207.0,207.0,207.0,207.0,300,0,8350.0,CE
2016-07-22 12:20:00,206.75,206.75,206.75,206.75,150,0,8350.0,CE
2016-07-22 12:22:00,206.0,206.0,206.0,206.0,300,0,8350.0,CE
2016-07-22 12:23:00,208.0,208.0,208.0,208.0,375,0,8350.0,CE
2016-07-22 12:24:00,206.5,206.5,205.05,205.05,225,0,8350.0,CE
2016-07-22 12:30:00,207.0,207.0,207.0,207.0,300,0,8350.0,CE
2016-07-22 12:32:00,205.0,205.0,205.0,205.0,225,0,8350.0,CE
2016-07-22 12:33:00,201.7,201.7,201.7,201.7,75,0,8350.0,CE
2016-07-22 12:34:00,195.0,195.0,195.0,195.0,225,0,8350.0,CE
2016-07-22 12:36:00,196.95,198.0,196.95,198.0,450,0,8350.0,CE
2016-07-22 12:37:00,198.0,198.0,198.0,198.0,75,0,8350.0,CE
2016-07-22 12:38:00,199.15,199.15,199.15,199.15,75,0,8350.0,CE
2016-07-22 12:52:00,194.5,194.5,193.9,193.9,150,0,8350.0,CE
2016-07-22 13:04:00,201.85,201.85,201.85,201.85,75,0,8350.0,CE
2016-07-22 13:06:00,208.15,209.3,208.15,209.3,450,0,8350.0,CE
2016-07-22 13:09:00,208.15,211.85,208.15,211.85,825,0,8350.0,CE
2016-07-22 13:10:00,211.3,211.3,211.3,211.3,75,0,8350.0,CE
2016-07-22 13:11:00,211.0,211.0,211.0,211.0,750,0,8350.0,CE
2016-07-22 13:16:00,207.2,207.2,207.2,207.2,75,0,8350.0,CE
2016-07-22 13:20:00,206.5,206.5,206.5,206.5,75,0,8350.0,CE
2016-07-22 13:27:00,207.0,207.0,207.0,207.0,75,0,8350.0,CE
2016-07-22 13:55:00,186.1,186.15,186.1,186.15,150,0,8350.0,CE
2016-07-22 13:56:00,183.3,183.3,177.95,178.1,225,0,8350.0,CE
2016-07-22 13:58:00,182.45,182.45,182.45,182.45,75,0,8350.0,CE
2016-07-22 13:59:00,175.65,175.9,175.65,175.9,150,0,8350.0,CE
2016-07-22 14:00:00,171.0,177.8,171.0,177.8,150,0,8350.0,CE
2016-07-22 14:01:00,180.65,181.5,180.65,180.65,300,0,8350.0,CE
2016-07-22 14:02:00,181.65,183.2,181.65,183.2,225,0,8350.0,CE
2016-07-22 14:03:00,182.95,183.35,182.55,183.35,450,0,8350.0,CE
2016-07-22 14:04:00,181.9,181.9,177.5,177.5,150,0,8350.0,CE
2016-07-22 14:06:00,190.65,190.65,190.65,190.65,75,0,8350.0,CE
2016-07-22 14:09:00,195.4,195.4,194.15,194.15,150,0,8350.0,CE
2016-07-22 14:11:00,198.75,198.75,198.75,198.75,150,0,8350.0,CE
2016-07-22 14:16:00,210.0,210.0,201.4,201.4,150,0,8350.0,CE
2016-07-22 14:17:00,199.95,199.95,199.95,199.95,75,0,8350.0,CE
2016-07-22 14:18:00,207.6,207.6,207.6,207.6,75,0,8350.0,CE
2016-07-22 14:35:00,205.0,205.0,205.0,205.0,150,0,8350.0,CE
2016-07-22 15:07:00,207.75,208.7,207.75,208.7,225,0,8350.0,CE
2016-07-22 15:08:00,208.35,208.4,208.2,208.2,600,0,8350.0,CE
2016-07-22 15:09:00,209.45,209.45,209.45,209.45,375,0,8350.0,CE
2016-07-22 15:10:00,207.5,208.15,207.5,208.15,225,0,8350.0,CE
2016-07-22 15:11:00,209.3,209.3,206.9,206.9,450,0,8350.0,CE
2016-07-22 15:12:00,206.6,206.6,206.6,206.6,75,0,8350.0,CE
2016-07-22 15:22:00,209.95,210.0,209.95,210.0,225,0,8350.0,CE
2016-07-25 09:15:00,196.1,196.1,194.3,194.3,450,0,8350.0,CE
2016-07-25 09:16:00,188.15,188.15,188.15,188.15,900,0,8350.0,CE
2016-07-25 09:19:00,195.65,197.95,195.65,197.95,600,0,8350.0,CE
2016-07-25 09:20:00,200.0,200.0,199.2,199.2,150,0,8350.0,CE
2016-07-25 09:28:00,200.0,200.0,200.0,200.0,75,0,8350.0,CE
2016-07-25 09:30:00,195.6,195.6,195.6,195.6,300,0,8350.0,CE
2016-07-25 09:31:00,191.9,195.4,191.9,195.4,2250,0,8350.0,CE
2016-07-25 09:32:00,189.85,189.85,189.85,189.85,75,0,8350.0,CE
2016-07-25 09:38:00,194.5,194.95,193.95,194.95,225,0,8350.0,CE
2016-07-25 09:41:00,191.75,191.75,191.75,191.75,75,0,8350.0,CE
2016-07-25 09:42:00,191.25,191.25,189.9,189.9,375,0,8350.0,CE
2016-07-25 09:43:00,187.35,187.5,187.35,187.5,300,0,8350.0,CE
2016-07-25 09:47:00,186.0,186.0,186.0,186.0,75,0,8350.0,CE
2016-07-25 09:54:00,193.0,193.0,193.0,193.0,75,0,8350.0,CE
2016-07-25 09:57:00,192.95,192.95,192.95,192.95,150,0,8350.0,CE
2016-07-25 09:59:00,195.0,196.0,195.0,196.0,150,0,8350.0,CE
2016-07-25 10:01:00,197.45,197.45,197.45,197.45,75,0,8350.0,CE
2016-07-25 10:04:00,196.55,196.55,195.6,195.6,150,0,8350.0,CE
2016-07-25 10:19:00,197.05,197.05,197.05,197.05,75,0,8350.0,CE
2016-07-25 10:21:00,194.2,194.2,194.2,194.2,75,0,8350.0,CE
2016-07-25 10:30:00,207.45,207.45,207.45,207.45,300,0,8350.0,CE
2016-07-25 10:31:00,207.2,207.75,207.2,207.75,300,0,8350.0,CE
2016-07-25 10:32:00,206.15,206.15,206.15,206.15,300,0,8350.0,CE
2016-07-25 10:39:00,205.0,205.0,205.0,205.0,75,0,8350.0,CE
2016-07-25 10:50:00,204.7,204.7,204.7,204.7,525,0,8350.0,CE
2016-07-25 11:04:00,205.0,205.0,205.0,205.0,150,0,8350.0,CE
2016-07-25 11:08:00,204.15,204.15,204.15,204.15,75,0,8350.0,CE
2016-07-25 11:10:00,216.45,222.0,216.45,222.0,300,0,8350.0,CE
2016-07-25 11:11:00,220.95,229.9,220.4,220.95,675,0,8350.0,CE
2016-07-25 11:15:00,226.95,227.0,226.95,227.0,300,0,8350.0,CE
2016-07-25 11:17:00,222.0,222.0,222.0,222.0,10050,0,8350.0,CE
2016-07-25 11:18:00,227.0,232.7,227.0,232.7,450,0,8350.0,CE
2016-07-25 11:21:00,228.85,228.85,228.85,228.85,75,0,8350.0,CE
2016-07-25 11:24:00,243.15,243.15,243.15,243.15,75,0,8350.0,CE
2016-07-25 11:25:00,239.05,239.05,239.05,239.05,1125,0,8350.0,CE
2016-07-25 11:29:00,238.0,238.0,238.0,238.0,75,0,8350.0,CE
2016-07-25 11:32:00,240.65,240.65,240.65,240.65,75,0,8350.0,CE
2016-07-25 11:33:00,242.9,242.9,240.0,240.0,300,0,8350.0,CE
2016-07-25 11:34:00,240.0,240.0,240.0,240.0,75,0,8350.0,CE
2016-07-25 11:36:00,241.9,241.9,241.9,241.9,75,0,8350.0,CE
2016-07-25 11:38:00,240.05,240.05,240.05,240.05,75,0,8350.0,CE
2016-07-25 11:45:00,241.2,241.2,240.0,240.0,225,0,8350.0,CE
2016-07-25 11:46:00,241.0,241.0,241.0,241.0,525,0,8350.0,CE
2016-07-25 11:47:00,232.8,232.8,232.8,232.8,75,0,8350.0,CE
2016-07-25 11:50:00,235.0,235.0,235.0,235.0,225,0,8350.0,CE
2016-07-25 11:54:00,237.0,237.0,236.65,236.65,150,0,8350.0,CE
2016-07-25 11:59:00,238.35,238.35,238.35,238.35,75,0,8350.0,CE
2016-07-25 12:10:00,240.0,240.0,240.0,240.0,75,0,8350.0,CE
2016-07-25 12:13:00,242.0,242.0,242.0,242.0,150,0,8350.0,CE
2016-07-25 12:14:00,240.3,240.3,240.3,240.3,75,0,8350.0,CE
2016-07-25 12:19:00,243.0,243.0,242.65,242.65,150,0,8350.0,CE
2016-07-25 12:26:00,236.3,236.3,236.3,236.3,75,0,8350.0,CE
2016-07-25 12:28:00,238.0,238.6,238.0,238.4,450,0,8350.0,CE
2016-07-25 12:29:00,239.0,239.0,239.0,239.0,225,0,8350.0,CE
2016-07-25 12:31:00,235.0,240.55,235.0,240.55,600,0,8350.0,CE
2016-07-25 12:35:00,239.65,239.65,235.2,236.85,300,0,8350.0,CE
2016-07-25 12:41:00,241.4,241.4,241.4,241.4,75,0,8350.0,CE
2016-07-25 12:46:00,240.45,240.45,240.45,240.45,600,0,8350.0,CE
2016-07-25 12:48:00,239.15,239.15,239.15,239.15,75,0,8350.0,CE
2016-07-25 12:51:00,237.45,237.7,237.45,237.7,150,0,8350.0,CE
2016-07-25 12:53:00,238.95,238.95,238.95,238.95,450,0,8350.0,CE
2016-07-25 12:59:00,241.0,241.2,241.0,241.2,300,0,8350.0,CE
2016-07-25 13:00:00,243.5,245.05,243.5,245.05,600,0,8350.0,CE
2016-07-25 13:03:00,245.0,255.0,245.0,255.0,675,0,8350.0,CE
2016-07-25 13:04:00,253.25,253.8,252.9,253.8,1275,0,8350.0,CE
2016-07-25 13:05:00,253.75,255.65,253.75,255.65,2025,0,8350.0,CE
2016-07-25 13:06:00,256.1,256.1,255.4,255.55,5025,0,8350.0,CE
2016-07-25 13:07:00,256.2,256.2,256.2,256.2,1200,0,8350.0,CE
2016-07-25 13:08:00,253.25,253.7,253.25,253.7,300,0,8350.0,CE
2016-07-25 13:12:00,251.3,251.3,251.3,251.3,150,0,8350.0,CE
2016-07-25 13:14:00,257.25,257.25,257.25,257.25,75,0,8350.0,CE
2016-07-25 13:16:00,258.75,262.0,258.75,261.75,600,0,8350.0,CE
2016-07-25 13:17:00,260.0,260.8,260.0,260.8,375,0,8350.0,CE
2016-07-25 13:19:00,261.55,264.7,261.55,264.7,675,0,8350.0,CE
2016-07-25 13:20:00,263.4,263.4,263.4,263.4,75,0,8350.0,CE
2016-07-25 13:21:00,263.25,263.25,262.9,262.9,225,0,8350.0,CE
2016-07-25 13:23:00,262.95,264.0,262.95,263.35,450,0,8350.0,CE
2016-07-25 13:25:00,265.55,265.55,265.55,265.55,150,0,8350.0,CE
2016-07-25 13:26:00,264.25,265.5,264.25,265.5,600,0,8350.0,CE
2016-07-25 13:27:00,266.4,266.4,266.4,266.4,300,0,8350.0,CE
2016-07-25 13:28:00,268.95,268.95,267.0,267.0,1125,0,8350.0,CE
2016-07-25 13:29:00,264.95,264.95,264.95,264.95,75,0,8350.0,CE
2016-07-25 13:30:00,269.45,270.5,269.0,270.5,525,0,8350.0,CE
2016-07-25 13:33:00,266.85,266.85,266.85,266.85,150,0,8350.0,CE
2016-07-25 13:34:00,267.4,267.4,267.4,267.4,300,0,8350.0,CE
2016-07-25 13:36:00,268.5,268.5,268.45,268.45,450,0,8350.0,CE
2016-07-25 13:38:00,269.55,269.55,269.55,269.55,150,0,8350.0,CE
2016-07-25 13:39:00,265.8,265.8,265.8,265.8,150,0,8350.0,CE
2016-07-25 13:41:00,270.7,272.3,270.7,272.3,2850,0,8350.0,CE
2016-07-25 13:44:00,273.7,273.7,273.7,273.7,75,0,8350.0,CE
2016-07-25 13:46:00,275.65,275.65,275.65,275.65,300,0,8350.0,CE
2016-07-25 13:47:00,270.0,270.0,270.0,270.0,75,0,8350.0,CE
2016-07-25 13:49:00,277.8,277.8,277.8,277.8,750,0,8350.0,CE
2016-07-25 13:50:00,289.9,289.9,289.9,289.9,300,0,8350.0,CE
2016-07-25 13:51:00,278.05,278.05,276.7,276.7,1650,0,8350.0,CE
2016-07-25 13:52:00,276.1,276.1,273.85,273.85,225,0,8350.0,CE
2016-07-25 13:59:00,280.0,280.0,280.0,280.0,75,0,8350.0,CE
2016-07-25 14:01:00,291.1,291.1,291.1,291.1,225,0,8350.0,CE
2016-07-25 14:02:00,282.7,282.7,282.7,282.7,75,0,8350.0,CE
2016-07-25 14:04:00,283.2,283.2,283.2,283.2,600,0,8350.0,CE
2016-07-25 14:05:00,286.85,286.85,286.85,286.85,75,0,8350.0,CE
2016-07-25 14:06:00,287.5,287.5,287.5,287.5,75,0,8350.0,CE
2016-07-25 14:13:00,282.65,282.65,282.65,282.65,75,0,8350.0,CE
2016-07-25 14:14:00,282.0,282.0,281.2,281.2,150,0,8350.0,CE
2016-07-25 14:15:00,281.0,281.0,281.0,281.0,150,0,8350.0,CE
2016-07-25 14:18:00,284.85,284.85,284.85,284.85,150,0,8350.0,CE
2016-07-25 14:19:00,285.0,285.0,285.0,285.0,75,0,8350.0,CE
2016-07-25 14:20:00,286.5,286.5,286.5,286.5,75,0,8350.0,CE
2016-07-25 14:21:00,287.5,287.75,287.2,287.75,975,0,8350.0,CE
2016-07-25 14:22:00,287.7,287.7,286.8,286.85,525,0,8350.0,CE
2016-07-25 14:26:00,285.2,285.2,285.2,285.2,375,0,8350.0,CE
2016-07-25 14:27:00,286.35,286.35,286.0,286.0,375,0,8350.0,CE
2016-07-25 14:28:00,286.25,286.25,286.0,286.0,300,0,8350.0,CE
2016-07-25 14:29:00,287.65,288.5,287.65,288.5,150,0,8350.0,CE
2016-07-25 14:34:00,284.2,284.2,284.2,284.2,75,0,8350.0,CE
2016-07-25 14:44:00,282.45,282.45,282.45,282.45,75,0,8350.0,CE
2016-07-25 14:48:00,304.3,304.3,304.3,304.3,750,0,8350.0,CE
2016-07-25 14:49:00,284.65,284.65,284.65,284.65,75,0,8350.0,CE
2016-07-25 14:51:00,282.55,282.55,282.55,282.55,150,0,8350.0,CE
2016-07-25 14:53:00,286.05,286.05,286.05,286.05,75,0,8350.0,CE
2016-07-25 14:56:00,287.2,287.2,287.2,287.2,75,0,8350.0,CE
2016-07-25 14:58:00,288.65,288.65,288.65,288.65,75,0,8350.0,CE
2016-07-25 15:04:00,289.75,289.75,289.75,289.75,75,0,8350.0,CE
2016-07-25 15:05:00,286.6,286.6,286.6,286.6,75,0,8350.0,CE
2016-07-25 15:09:00,285.0,285.0,285.0,285.0,375,0,8350.0,CE
2016-07-25 15:15:00,287.85,287.85,287.85,287.85,225,0,8350.0,CE
2016-07-25 15:22:00,282.7,282.7,282.7,282.7,75,0,8350.0,CE
2016-07-25 15:27:00,279.6,279.6,279.6,279.6,75,0,8350.0,CE
2016-07-25 15:29:00,280.6,284.6,280.6,284.6,150,0,8350.0,CE
2016-07-26 09:20:00,283.0,283.0,283.0,283.0,75,0,8350.0,CE
2016-07-26 09:24:00,292.95,292.95,292.95,292.95,75,0,8350.0,CE
2016-07-26 09:25:00,292.2,292.2,292.2,292.2,525,0,8350.0,CE
2016-07-26 09:26:00,293.0,293.0,291.0,291.0,5550,0,8350.0,CE
2016-07-26 09:27:00,291.0,291.0,289.0,289.0,600,0,8350.0,CE
2016-07-26 09:31:00,293.6,293.6,293.6,293.6,75,0,8350.0,CE
2016-07-26 09:37:00,285.2,285.2,285.2,285.2,75,0,8350.0,CE
2016-07-26 09:41:00,280.0,280.0,280.0,280.0,75,0,8350.0,CE
2016-07-26 09:51:00,286.2,286.2,286.2,286.2,150,0,8350.0,CE
2016-07-26 10:18:00,283.9,283.9,283.9,283.9,150,0,8350.0,CE
2016-07-26 10:24:00,280.0,280.0,280.0,280.0,150,0,8350.0,CE
2016-07-26 10:44:00,280.0,280.0,280.0,280.0,75,0,8350.0,CE
2016-07-26 11:01:00,280.0,280.0,280.0,280.0,75,0,8350.0,CE
2016-07-26 11:21:00,289.85,289.85,286.5,286.5,150,0,8350.0,CE
2016-07-26 11:48:00,287.0,287.0,287.0,287.0,225,0,8350.0,CE
2016-07-26 12:09:00,287.0,287.0,287.0,287.0,75,0,8350.0,CE
2016-07-26 12:50:00,282.25,282.25,282.25,282.25,150,0,8350.0,CE
2016-07-26 12:58:00,282.5,283.25,282.5,283.25,300,0,8350.0,CE
2016-07-26 12:59:00,283.5,285.0,283.5,285.0,525,0,8350.0,CE
2016-07-26 13:04:00,284.0,284.0,284.0,284.0,75,0,8350.0,CE
2016-07-26 13:07:00,277.5,277.5,277.5,277.5,75,0,8350.0,CE
2016-07-26 13:15:00,276.6,276.6,276.6,276.6,150,0,8350.0,CE
2016-07-26 13:16:00,272.25,272.25,272.25,272.25,75,0,8350.0,CE
2016-07-26 13:23:00,275.0,278.0,275.0,278.0,375,0,8350.0,CE
2016-07-26 13:28:00,278.0,278.0,278.0,278.0,225,0,8350.0,CE
2016-07-26 13:42:00,284.6,284.6,284.6,284.6,675,0,8350.0,CE
2016-07-26 13:46:00,282.0,282.0,282.0,282.0,75,0,8350.0,CE
2016-07-26 14:34:00,280.85,280.85,280.85,280.85,150,0,8350.0,CE
2016-07-26 14:46:00,284.5,284.5,284.5,284.5,150,0,8350.0,CE
2016-07-26 14:48:00,270.0,270.0,270.0,270.0,75,0,8350.0,CE
2016-07-26 14:49:00,263.3,263.3,263.3,263.3,150,0,8350.0,CE
2016-07-26 14:51:00,260.0,260.0,260.0,260.0,75,0,8350.0,CE
2016-07-26 14:52:00,258.0,258.0,258.0,258.0,75,0,8350.0,CE
2016-07-26 14:53:00,261.75,261.75,261.75,261.75,150,0,8350.0,CE
2016-07-26 14:54:00,269.45,269.45,269.45,269.45,150,0,8350.0,CE
2016-07-26 14:58:00,262.0,262.0,262.0,262.0,75,0,8350.0,CE
2016-07-26 15:01:00,255.45,255.45,255.45,255.45,75,0,8350.0,CE
2016-07-26 15:07:00,253.25,253.25,253.25,253.25,150,0,8350.0,CE
2016-07-26 15:10:00,238.0,238.0,231.95,231.95,225,0,8350.0,CE
2016-07-26 15:11:00,238.0,238.0,238.0,238.0,150,0,8350.0,CE
2016-07-26 15:12:00,241.25,241.25,241.25,241.25,150,0,8350.0,CE
2016-07-26 15:13:00,230.0,230.0,230.0,230.0,75,0,8350.0,CE
2016-07-26 15:18:00,225.0,225.0,225.0,225.0,75,0,8350.0,CE
2016-07-26 15:20:00,232.0,232.0,232.0,232.0,75,0,8350.0,CE
2016-07-26 15:21:00,233.0,233.0,233.0,233.0,75,0,8350.0,CE
2016-07-27 09:18:00,265.55,267.7,263.2,267.7,300,0,8350.0,CE
2016-07-27 09:22:00,269.15,269.15,269.15,269.15,300,0,8350.0,CE
2016-07-27 09:27:00,281.1,281.1,281.1,281.1,75,0,8350.0,CE
2016-07-27 09:30:00,277.7,277.7,277.7,277.7,75,0,8350.0,CE
2016-07-27 09:46:00,295.1,295.1,295.1,295.1,75,0,8350.0,CE
2016-07-27 09:50:00,293.2,293.2,293.2,293.2,75,0,8350.0,CE
2016-07-27 09:51:00,295.25,295.25,295.25,295.25,75,0,8350.0,CE
2016-07-27 09:55:00,304.55,306.15,304.55,306.15,150,0,8350.0,CE
2016-07-27 09:58:00,304.45,304.45,304.45,304.45,75,0,8350.0,CE
2016-07-27 10:04:00,304.45,304.45,304.45,304.45,75,0,8350.0,CE
2016-07-27 10:08:00,309.55,309.55,309.55,309.55,75,0,8350.0,CE
2016-07-27 10:19:00,301.2,301.2,301.2,301.2,150,0,8350.0,CE
2016-07-27 10:43:00,286.5,286.5,286.5,286.5,75,0,8350.0,CE
2016-07-27 10:44:00,285.4,285.4,285.4,285.4,75,0,8350.0,CE
2016-07-27 10:56:00,309.75,309.75,309.75,309.75,675,0,8350.0,CE
2016-07-27 10:59:00,292.0,294.65,292.0,294.65,150,0,8350.0,CE
2016-07-27 11:02:00,293.25,293.25,293.25,293.25,150,0,8350.0,CE
2016-07-27 11:03:00,292.0,292.0,292.0,292.0,75,0,8350.0,CE
2016-07-27 11:06:00,305.55,305.55,305.55,305.55,450,0,8350.0,CE
2016-07-27 11:08:00,291.1,291.1,291.1,291.1,225,0,8350.0,CE
2016-07-27 11:16:00,282.0,282.0,280.0,280.0,150,0,8350.0,CE
2016-07-27 11:18:00,270.0,270.0,270.0,270.0,150,0,8350.0,CE
2016-07-27 11:19:00,265.0,265.0,265.0,265.0,75,0,8350.0,CE
2016-07-27 11:20:00,262.9,262.9,262.9,262.9,75,0,8350.0,CE
2016-07-27 11:28:00,257.5,257.5,257.5,257.5,75,0,8350.0,CE
2016-07-27 11:30:00,231.0,231.0,231.0,231.0,600,0,8350.0,CE
2016-07-27 11:31:00,218.1,218.1,218.1,218.1,75,0,8350.0,CE
2016-07-27 11:34:00,219.25,219.25,218.4,218.4,150,0,8350.0,CE
2016-07-27 11:40:00,240.0,240.0,240.0,240.0,300,0,8350.0,CE
2016-07-27 11:41:00,240.0,240.0,239.0,240.0,900,0,8350.0,CE
2016-07-27 11:45:00,233.0,233.0,233.0,233.0,75,0,8350.0,CE
2016-07-27 11:50:00,241.0,241.0,241.0,241.0,75,0,8350.0,CE
2016-07-27 11:56:00,244.25,244.25,244.25,244.25,75,0,8350.0,CE
2016-07-27 11:57:00,249.0,249.0,249.0,249.0,450,0,8350.0,CE
2016-07-27 11:58:00,244.25,244.25,244.25,244.25,75,0,8350.0,CE
2016-07-27 12:07:00,233.15,233.15,233.15,233.15,150,0,8350.0,CE
2016-07-27 12:20:00,215.0,215.0,215.0,215.0,75,0,8350.0,CE
2016-07-27 12:32:00,240.0,240.0,240.0,240.0,75,0,8350.0,CE
2016-07-27 12:42:00,248.0,248.0,248.0,248.0,75,0,8350.0,CE
2016-07-27 13:11:00,231.0,231.0,231.0,231.0,75,0,8350.0,CE
2016-07-27 13:13:00,231.0,231.0,231.0,231.0,75,0,8350.0,CE
2016-07-27 13:40:00,235.0,235.0,235.0,235.0,75,0,8350.0,CE
2016-07-27 13:57:00,242.5,242.5,242.5,242.5,150,0,8350.0,CE
2016-07-27 14:12:00,237.85,237.9,231.2,231.2,1200,0,8350.0,CE
2016-07-27 14:22:00,238.9,238.9,238.9,238.9,525,0,8350.0,CE
2016-07-27 14:30:00,237.85,237.85,237.85,237.85,75,0,8350.0,CE
2016-07-27 14:33:00,237.9,237.9,237.9,237.9,150,0,8350.0,CE
2016-07-27 14:38:00,239.6,239.6,237.9,237.9,450,0,8350.0,CE
2016-07-27 14:39:00,237.85,237.85,237.85,237.85,75,0,8350.0,CE
2016-07-27 14:42:00,233.55,233.55,233.55,233.55,75,0,8350.0,CE
2016-07-27 14:47:00,240.7,240.7,239.9,239.9,300,0,8350.0,CE
2016-07-27 14:51:00,242.25,242.25,242.25,242.25,75,0,8350.0,CE
2016-07-27 14:52:00,241.2,241.2,241.2,241.2,75,0,8350.0,CE
2016-07-27 15:00:00,235.35,235.35,235.35,235.35,75,0,8350.0,CE
2016-07-27 15:05:00,253.75,253.75,253.75,253.75,150,0,8350.0,CE
2016-07-27 15:06:00,253.85,253.85,253.85,253.85,75,0,8350.0,CE
2016-07-27 15:12:00,264.65,264.65,264.65,264.65,75,0,8350.0,CE
2016-07-27 15:16:00,266.5,266.5,266.5,266.5,150,0,8350.0,CE
2016-07-27 15:26:00,254.7,254.7,254.7,254.7,300,0,8350.0,CE
2016-07-28 09:20:00,273.25,273.25,273.25,273.25,150,0,8350.0,CE
2016-07-28 09:21:00,280.9,280.9,280.45,280.45,150,0,8350.0,CE
2016-07-28 09:22:00,279.8,279.8,279.8,279.8,150,0,8350.0,CE
2016-07-28 09:23:00,281.85,281.9,281.85,281.9,150,0,8350.0,CE
2016-07-28 09:25:00,285.0,285.0,285.0,285.0,75,0,8350.0,CE
2016-07-28 09:29:00,285.85,285.85,285.85,285.85,75,0,8350.0,CE
2016-07-28 09:42:00,285.9,285.9,285.9,285.9,150,0,8350.0,CE
2016-07-28 09:45:00,281.55,281.55,281.55,281.55,75,0,8350.0,CE
2016-07-28 09:48:00,279.6,279.6,279.6,279.6,75,0,8350.0,CE
2016-07-28 09:49:00,281.5,281.5,281.5,281.5,225,0,8350.0,CE
2016-07-28 09:50:00,280.0,281.55,280.0,281.55,525,0,8350.0,CE
2016-07-28 09:52:00,282.5,285.05,282.05,282.05,600,0,8350.0,CE
2016-07-28 09:53:00,283.25,283.25,279.95,279.95,600,0,8350.0,CE
2016-07-28 09:54:00,279.7,279.7,279.7,279.7,225,0,8350.0,CE
2016-07-28 09:55:00,279.55,279.55,279.55,279.55,225,0,8350.0,CE
2016-07-28 09:56:00,278.0,278.0,278.0,278.0,75,0,8350.0,CE
2016-07-28 09:59:00,278.0,278.65,275.0,275.0,225,0,8350.0,CE
2016-07-28 10:04:00,280.0,280.0,280.0,280.0,1500,0,8350.0,CE
2016-07-28 10:05:00,280.85,280.85,280.85,280.85,75,0,8350.0,CE
2016-07-28 10:06:00,280.0,280.0,280.0,280.0,525,0,8350.0,CE
2016-07-28 10:08:00,278.0,278.0,278.0,278.0,1500,0,8350.0,CE
2016-07-28 10:10:00,280.0,280.0,280.0,280.0,1275,0,8350.0,CE
2016-07-28 10:11:00,279.0,279.0,279.0,279.0,750,0,8350.0,CE
2016-07-28 10:14:00,279.65,282.2,279.65,282.2,150,0,8350.0,CE
2016-07-28 10:15:00,282.9,282.9,281.8,281.8,750,0,8350.0,CE
2016-07-28 10:20:00,281.2,281.75,281.2,281.75,225,0,8350.0,CE
2016-07-28 10:22:00,283.15,283.15,282.95,282.95,1575,0,8350.0,CE
2016-07-28 10:23:00,282.95,283.05,282.85,283.05,2025,0,8350.0,CE
2016-07-28 10:24:00,282.95,283.0,282.95,283.0,750,0,8350.0,CE
2016-07-28 10:25:00,282.7,282.7,280.65,280.7,1500,0,8350.0,CE
2016-07-28 10:26:00,279.25,280.1,278.3,280.1,2250,0,8350.0,CE
2016-07-28 10:27:00,278.95,280.0,278.85,279.1,3000,0,8350.0,CE
2016-07-28 10:29:00,280.5,281.75,280.5,281.75,600,0,8350.0,CE
2016-07-28 10:30:00,279.5,279.5,279.5,279.5,75,0,8350.0,CE
2016-07-28 10:32:00,279.0,279.0,279.0,279.0,75,0,8350.0,CE
2016-07-28 10:33:00,278.7,278.85,278.7,278.85,600,0,8350.0,CE
2016-07-28 10:35:00,280.85,280.85,280.85,280.85,150,0,8350.0,CE
2016-07-28 10:36:00,279.5,279.5,279.5,279.5,75,0,8350.0,CE
2016-07-28 10:39:00,281.25,281.25,281.25,281.25,150,0,8350.0,CE
2016-07-28 10:40:00,278.5,278.5,278.25,278.3,375,0,8350.0,CE
2016-07-28 10:42:00,279.75,279.75,278.5,278.75,750,0,8350.0,CE
2016-07-28 10:45:00,279.85,279.85,279.85,279.85,300,0,8350.0,CE
2016-07-28 10:46:00,280.6,280.6,277.3,277.45,2025,0,8350.0,CE
2016-07-28 10:47:00,281.2,281.2,281.2,281.2,225,0,8350.0,CE
2016-07-28 10:48:00,278.75,278.75,278.75,278.75,75,0,8350.0,CE
2016-07-28 10:51:00,286.5,286.5,283.1,285.85,2850,0,8350.0,CE
2016-07-28 10:52:00,288.45,288.45,288.45,288.45,375,0,8350.0,CE
2016-07-28 10:53:00,287.95,288.4,286.95,287.6,2025,0,8350.0,CE
2016-07-28 10:54:00,286.9,287.25,286.9,287.1,750,0,8350.0,CE
2016-07-28 10:55:00,286.55,286.55,286.55,286.55,150,0,8350.0,CE
2016-07-28 10:59:00,288.6,290.05,288.6,289.45,1500,0,8350.0,CE
2016-07-28 11:00:00,290.65,290.65,289.5,289.5,225,0,8350.0,CE
2016-07-28 11:02:00,288.65,288.65,288.4,288.4,750,0,8350.0,CE
2016-07-28 11:03:00,287.55,287.55,287.15,287.15,375,0,8350.0,CE
2016-07-28 11:04:00,288.15,288.15,286.2,286.2,1875,0,8350.0,CE
2016-07-28 11:05:00,287.5,287.5,287.0,287.0,225,0,8350.0,CE
2016-07-28 11:06:00,286.8,286.8,285.95,285.95,225,0,8350.0,CE
2016-07-28 11:07:00,288.2,288.2,288.2,288.2,150,0,8350.0,CE
2016-07-28 11:08:00,288.2,288.25,287.1,287.1,900,0,8350.0,CE
2016-07-28 11:09:00,286.9,288.25,286.9,288.0,525,0,8350.0,CE
2016-07-28 11:10:00,288.55,290.3,288.2,288.2,1425,0,8350.0,CE
2016-07-28 11:11:00,288.2,288.6,288.2,288.6,600,0,8350.0,CE
2016-07-28 11:12:00,288.85,288.85,288.85,288.85,150,0,8350.0,CE
2016-07-28 11:13:00,290.55,290.55,290.55,290.55,75,0,8350.0,CE
2016-07-28 11:14:00,290.1,290.1,288.0,288.0,900,0,8350.0,CE
2016-07-28 11:15:00,289.2,289.2,289.2,289.2,300,0,8350.0,CE
2016-07-28 11:16:00,291.75,291.75,290.8,290.8,1500,0,8350.0,CE
2016-07-28 11:17:00,287.2,287.2,287.2,287.2,225,0,8350.0,CE
2016-07-28 11:19:00,287.5,287.5,287.5,287.5,225,0,8350.0,CE
2016-07-28 11:22:00,288.25,288.25,286.45,286.45,150,0,8350.0,CE
2016-07-28 11:23:00,286.65,286.7,286.6,286.6,675,0,8350.0,CE
2016-07-28 11:24:00,284.15,284.15,283.3,283.3,750,0,8350.0,CE
2016-07-28 11:26:00,285.0,285.15,283.9,284.6,375,0,8350.0,CE
2016-07-28 11:27:00,283.0,283.25,283.0,283.25,525,0,8350.0,CE
2016-07-28 11:29:00,285.25,285.25,285.25,285.25,75,0,8350.0,CE
2016-07-28 11:30:00,285.8,285.85,285.8,285.85,600,0,8350.0,CE
2016-07-28 11:33:00,286.05,286.05,286.05,286.05,75,0,8350.0,CE
2016-07-28 11:35:00,287.05,287.05,287.05,287.05,75,0,8350.0,CE
2016-07-28 11:44:00,286.55,286.55,286.55,286.55,75,0,8350.0,CE
2016-07-28 11:49:00,293.8,293.8,292.1,292.1,375,0,8350.0,CE
2016-07-28 11:50:00,291.75,291.75,290.6,290.6,225,0,8350.0,CE
2016-07-28 11:51:00,288.15,288.15,288.15,288.15,150,0,8350.0,CE
2016-07-28 11:52:00,288.0,288.0,286.65,286.65,450,0,8350.0,CE
2016-07-28 11:54:00,288.0,288.0,288.0,288.0,75,0,8350.0,CE
2016-07-28 11:55:00,289.15,289.15,288.25,288.35,900,0,8350.0,CE
2016-07-28 11:57:00,287.4,287.95,287.4,287.95,525,0,8350.0,CE
2016-07-28 11:58:00,289.5,289.5,289.5,289.5,150,0,8350.0,CE
2016-07-28 12:00:00,288.5,288.5,288.5,288.5,75,0,8350.0,CE
2016-07-28 12:01:00,289.35,289.35,288.95,288.95,150,0,8350.0,CE
2016-07-28 12:02:00,289.0,289.0,289.0,289.0,75,0,8350.0,CE
2016-07-28 12:03:00,287.5,287.5,287.5,287.5,150,0,8350.0,CE
2016-07-28 12:04:00,287.4,287.4,287.4,287.4,300,0,8350.0,CE
2016-07-28 12:06:00,287.35,287.45,286.6,286.6,1350,0,8350.0,CE
2016-07-28 12:11:00,288.75,288.75,288.75,288.75,600,0,8350.0,CE
2016-07-28 12:12:00,289.3,289.3,289.3,289.3,150,0,8350.0,CE
2016-07-28 12:13:00,289.0,290.95,289.0,290.95,975,0,8350.0,CE
2016-07-28 12:14:00,290.75,290.85,290.0,290.3,525,0,8350.0,CE
2016-07-28 12:15:00,290.5,290.5,290.5,290.5,975,0,8350.0,CE
2016-07-28 12:16:00,289.95,289.95,289.95,289.95,75,0,8350.0,CE
2016-07-28 12:17:00,289.7,289.8,289.7,289.8,150,0,8350.0,CE
2016-07-28 12:19:00,289.15,291.0,289.15,290.0,300,0,8350.0,CE
2016-07-28 12:20:00,290.75,290.9,290.7,290.9,975,0,8350.0,CE
2016-07-28 12:21:00,293.1,293.1,293.1,293.1,75,0,8350.0,CE
2016-07-28 12:23:00,292.5,292.7,291.75,291.75,1425,0,8350.0,CE
2016-07-28 12:25:00,291.4,291.65,291.4,291.6,375,0,8350.0,CE
2016-07-28 12:27:00,292.1,292.1,291.5,291.5,375,0,8350.0,CE
2016-07-28 12:29:00,291.75,291.75,291.75,291.75,450,0,8350.0,CE
2016-07-28 12:30:00,292.35,293.45,292.35,293.4,525,0,8350.0,CE
2016-07-28 12:31:00,293.0,293.0,293.0,293.0,375,0,8350.0,CE
2016-07-28 12:33:00,292.0,292.0,292.0,292.0,675,0,8350.0,CE
2016-07-28 12:35:00,290.55,290.55,289.75,289.75,300,0,8350.0,CE
2016-07-28 12:36:00,290.3,290.3,290.1,290.1,150,0,8350.0,CE
2016-07-28 12:37:00,289.9,289.9,287.65,287.65,225,0,8350.0,CE
2016-07-28 12:38:00,283.25,283.25,281.35,282.65,450,0,8350.0,CE
2016-07-28 12:39:00,280.0,280.0,276.55,276.55,300,0,8350.0,CE
2016-07-28 12:40:00,282.0,282.0,282.0,282.0,150,0,8350.0,CE
2016-07-28 12:41:00,285.95,285.95,285.95,285.95,75,0,8350.0,CE
2016-07-28 12:42:00,285.6,286.1,283.2,283.2,900,0,8350.0,CE
2016-07-28 12:44:00,285.0,285.0,285.0,285.0,75,0,8350.0,CE
2016-07-28 12:45:00,283.55,284.0,283.55,284.0,225,0,8350.0,CE
2016-07-28 12:47:00,284.75,284.75,283.55,283.55,375,0,8350.0,CE
2016-07-28 12:48:00,284.3,284.3,284.2,284.2,825,0,8350.0,CE
2016-07-28 12:49:00,283.6,283.6,283.6,283.6,75,0,8350.0,CE
2016-07-28 12:50:00,283.3,283.3,282.5,282.5,225,0,8350.0,CE
2016-07-28 12:59:00,288.95,288.95,288.95,288.95,75,0,8350.0,CE
2016-07-28 13:00:00,291.8,292.55,291.8,292.55,1200,0,8350.0,CE
2016-07-28 13:01:00,292.45,294.2,292.45,294.2,225,0,8350.0,CE
2016-07-28 13:04:00,290.95,290.95,290.95,290.95,150,0,8350.0,CE
2016-07-28 13:09:00,297.45,299.0,297.45,299.0,1275,0,8350.0,CE
2016-07-28 13:11:00,296.2,296.2,296.2,296.2,75,0,8350.0,CE
2016-07-28 13:12:00,295.0,295.0,295.0,295.0,75,0,8350.0,CE
2016-07-28 13:17:00,295.35,295.35,295.35,295.35,75,0,8350.0,CE
2016-07-28 13:18:00,297.0,297.0,297.0,297.0,225,0,8350.0,CE
2016-07-28 13:21:00,296.9,296.9,296.9,296.9,75,0,8350.0,CE
2016-07-28 13:25:00,296.1,296.1,296.1,296.1,75,0,8350.0,CE
2016-07-28 13:28:00,293.2,293.2,291.25,291.25,300,0,8350.0,CE
2016-07-28 13:30:00,290.35,290.35,287.65,287.65,450,0,8350.0,CE
2016-07-28 13:31:00,290.85,290.85,290.85,290.85,75,0,8350.0,CE
2016-07-28 13:32:00,290.9,290.9,290.9,290.9,150,0,8350.0,CE
2016-07-28 13:36:00,290.9,290.9,290.9,290.9,150,0,8350.0,CE
2016-07-28 13:37:00,286.45,286.45,286.45,286.45,300,0,8350.0,CE
2016-07-28 13:41:00,285.85,285.85,285.85,285.85,75,0,8350.0,CE
2016-07-28 13:42:00,285.9,285.9,285.9,285.9,75,0,8350.0,CE
2016-07-28 13:48:00,286.5,286.5,286.5,286.5,75,0,8350.0,CE
2016-07-28 13:54:00,282.9,282.9,282.65,282.65,300,0,8350.0,CE
2016-07-28 13:55:00,280.75,280.75,280.75,280.75,150,0,8350.0,CE
2016-07-28 13:57:00,284.5,284.5,284.5,284.5,150,0,8350.0,CE
2016-07-28 13:58:00,284.55,284.55,284.55,284.55,150,0,8350.0,CE
2016-07-28 14:06:00,291.0,291.0,288.25,288.25,975,0,8350.0,CE
2016-07-28 14:09:00,287.8,287.8,287.8,287.8,450,0,8350.0,CE
2016-07-28 14:10:00,286.55,288.55,286.55,288.55,225,0,8350.0,CE
2016-07-28 14:13:00,284.6,284.6,284.6,284.6,75,0,8350.0,CE
2016-07-28 14:15:00,282.05,282.05,280.5,280.5,675,0,8350.0,CE
2016-07-28 14:20:00,281.55,281.55,281.55,281.55,75,0,8350.0,CE
2016-07-28 14:31:00,283.6,283.6,283.6,283.6,375,0,8350.0,CE
2016-07-28 14:32:00,284.0,284.0,284.0,284.0,75,0,8350.0,CE
2016-07-28 14:37:00,286.25,286.25,286.25,286.25,75,0,8350.0,CE
2016-07-28 14:38:00,288.0,288.0,288.0,288.0,225,0,8350.0,CE
2016-07-28 14:42:00,283.5,283.5,283.35,283.35,450,0,8350.0,CE
2016-07-28 14:46:00,282.9,282.9,282.15,282.15,300,0,8350.0,CE
2016-07-28 14:52:00,279.45,279.45,279.45,279.45,75,0,8350.0,CE
2016-07-28 14:53:00,279.6,279.6,279.6,279.6,75,0,8350.0,CE
2016-07-28 14:54:00,281.65,281.65,281.65,281.65,75,0,8350.0,CE
2016-07-28 14:56:00,280.05,280.05,280.05,280.05,75,0,8350.0,CE
2016-07-28 14:57:00,280.3,280.3,280.3,280.3,75,0,8350.0,CE
2016-07-28 15:03:00,299.0,299.0,298.25,298.25,150,0,8350.0,CE
2016-07-28 15:04:00,295.15,295.15,295.15,295.15,75,0,8350.0,CE
2016-07-28 15:05:00,297.95,297.95,297.95,297.95,6525,0,8350.0,CE
2016-07-28 15:07:00,299.85,302.0,299.85,302.0,1350,0,8350.0,CE
2016-07-28 15:08:00,302.75,304.0,302.75,304.0,675,0,8350.0,CE
2016-07-28 15:09:00,306.0,306.0,306.0,306.0,75,0,8350.0,CE
2016-07-28 15:10:00,303.25,303.25,303.25,303.25,75,0,8350.0,CE
2016-07-28 15:15:00,304.1,304.3,304.1,304.3,300,0,8350.0,CE
2016-07-28 15:16:00,304.75,304.75,304.75,304.75,150,0,8350.0,CE
2016-07-28 15:17:00,303.95,303.95,303.95,303.95,150,0,8350.0,CE
2016-07-28 15:18:00,302.8,302.8,302.8,302.8,75,0,8350.0,CE
2016-07-28 15:19:00,304.65,304.65,304.65,304.65,225,0,8350.0,CE
2016-07-28 15:20:00,304.05,304.05,304.05,304.05,150,0,8350.0,CE
