timestamp,open,high,low,close,volume,oi,strike,option_type
2021-03-17 10:15:00,130.0,130.0,130.0,130.0,76,0,15400.0,CE
2021-03-17 10:27:00,125.85,125.85,125.85,125.85,75,75,15400.0,CE
2021-03-17 11:11:00,124.2,124.2,124.2,124.2,75,150,15400.0,CE
2021-03-17 13:50:00,120.0,120.0,120.0,120.0,75,150,15400.0,CE
2021-03-17 13:57:00,113.45,113.45,113.45,113.45,75,225,15400.0,CE
2021-03-17 14:25:00,110.35,110.35,110.35,110.35,75,225,15400.0,CE
2021-03-17 15:07:00,92.75,92.75,92.75,92.75,450,300,15400.0,CE
2021-03-18 09:16:00,100.0,100.0,100.0,100.0,301,675,15400.0,CE
2021-03-18 09:17:00,100.0,100.0,100.0,100.0,450,975,15400.0,CE
2021-03-18 09:48:00,102.75,102.75,102.75,102.75,75,975,15400.0,CE
2021-03-18 09:50:00,102.75,102.75,102.75,102.75,75,975,15400.0,CE
2021-03-18 10:00:00,98.8,98.8,97.7,97.7,525,975,15400.0,CE
2021-03-18 10:03:00,100.0,100.0,100.0,100.0,225,1350,15400.0,CE
2021-03-18 10:04:00,101.05,101.05,101.05,101.05,150,1350,15400.0,CE
2021-03-18 10:06:00,102.7,102.7,102.7,102.7,375,1725,15400.0,CE
2021-03-18 10:09:00,99.5,99.5,99.5,99.5,75,2100,15400.0,CE
2021-03-18 10:10:00,99.65,99.65,99.65,99.65,150,2100,15400.0,CE
2021-03-18 10:20:00,92.55,92.55,92.55,92.55,75,2325,15400.0,CE
2021-03-18 10:21:00,92.15,92.15,92.15,92.15,300,2325,15400.0,CE
2021-03-18 10:28:00,88.85,88.85,88.85,88.85,150,2325,15400.0,CE
2021-03-18 10:30:00,89.45,89.45,89.45,89.45,225,2475,15400.0,CE
2021-03-18 10:35:00,88.15,88.15,88.15,88.15,75,2700,15400.0,CE
2021-03-18 10:41:00,85.9,85.9,85.9,85.9,75,2700,15400.0,CE
2021-03-18 10:43:00,85.9,85.9,85.9,85.9,225,2775,15400.0,CE
2021-03-18 10:48:00,90.55,90.55,90.55,90.55,75,3075,15400.0,CE
2021-03-18 10:50:00,91.75,92.1,91.75,92.1,150,3225,15400.0,CE
2021-03-18 11:07:00,86.0,86.0,84.0,84.0,450,3300,15400.0,CE
2021-03-18 11:42:00,84.45,84.45,84.45,84.45,75,3450,15400.0,CE
2021-03-18 11:55:00,89.4,89.4,89.4,89.4,600,3525,15400.0,CE
2021-03-18 11:59:00,85.0,85.0,85.0,85.0,300,4125,15400.0,CE
2021-03-18 12:08:00,86.4,86.4,86.4,86.4,75,4200,15400.0,CE
2021-03-18 12:12:00,88.0,88.0,88.0,88.0,675,4125,15400.0,CE
2021-03-18 12:14:00,88.0,88.0,88.0,88.0,525,4125,15400.0,CE
2021-03-18 13:07:00,78.8,78.8,78.8,78.8,150,4950,15400.0,CE
2021-03-18 13:08:00,75.0,75.0,75.0,75.0,750,4950,15400.0,CE
2021-03-18 13:09:00,75.0,75.0,75.0,75.0,150,4950,15400.0,CE
2021-03-18 13:23:00,66.55,66.55,66.55,66.55,75,5700,15400.0,CE
2021-03-18 13:30:00,61.7,61.7,61.7,61.7,450,5775,15400.0,CE
2021-03-18 13:32:00,61.7,61.7,61.7,61.7,75,5775,15400.0,CE
2021-03-18 14:05:00,59.6,59.6,59.6,59.6,75,6225,15400.0,CE
2021-03-18 14:08:00,57.95,57.95,57.95,57.95,75,6225,15400.0,CE
2021-03-18 14:13:00,53.55,53.55,53.55,53.55,75,6225,15400.0,CE
2021-03-18 14:17:00,53.5,53.5,53.5,53.5,75,6225,15400.0,CE
2021-03-18 14:18:00,53.5,53.65,53.5,53.65,150,6225,15400.0,CE
2021-03-18 14:20:00,55.0,55.0,55.0,55.0,75,6150,15400.0,CE
2021-03-18 14:26:00,55.2,55.2,55.0,55.0,150,6075,15400.0,CE
2021-03-18 14:29:00,55.0,55.0,55.0,55.0,75,6075,15400.0,CE
2021-03-18 14:30:00,56.0,56.0,56.0,56.0,75,6075,15400.0,CE
2021-03-18 14:33:00,58.1,58.1,58.1,58.1,150,6075,15400.0,CE
2021-03-18 14:39:00,58.2,58.2,58.2,58.2,75,5925,15400.0,CE
2021-03-18 14:43:00,53.25,53.25,53.25,53.25,75,6000,15400.0,CE
2021-03-18 14:45:00,50.1,50.1,50.1,50.1,75,6000,15400.0,CE
2021-03-18 14:52:00,50.0,50.0,50.0,50.0,600,5925,15400.0,CE
2021-03-18 14:56:00,50.0,50.0,50.0,50.0,75,6525,15400.0,CE
2021-03-18 14:59:00,54.0,54.0,54.0,54.0,75,6600,15400.0,CE
2021-03-18 15:02:00,52.0,52.0,52.0,52.0,75,6450,15400.0,CE
2021-03-18 15:04:00,54.55,54.75,54.55,54.75,150,6375,15400.0,CE
2021-03-18 15:10:00,53.1,53.1,53.1,53.1,225,6375,15400.0,CE
2021-03-18 15:22:00,53.2,53.2,53.2,53.2,75,6375,15400.0,CE
2021-03-18 15:23:00,52.0,52.0,52.0,52.0,225,6375,15400.0,CE
2021-03-18 15:25:00,52.95,52.95,52.95,52.95,75,6375,15400.0,CE
2021-03-18 15:27:00,52.6,52.6,52.6,52.6,75,6375,15400.0,CE
2021-03-18 15:28:00,51.0,51.0,51.0,51.0,900,6375,15400.0,CE
2021-03-18 15:29:00,51.0,51.0,51.0,51.0,150,6375,15400.0,CE
2021-03-19 09:15:00,38.6,38.6,38.6,38.6,151,7200,15400.0,CE
2021-03-19 09:20:00,37.4,37.4,37.4,37.4,300,7050,15400.0,CE
2021-03-19 09:27:00,37.25,37.25,36.75,36.75,300,7050,15400.0,CE
2021-03-19 09:29:00,36.75,36.75,36.75,36.75,75,7050,15400.0,CE
2021-03-19 09:34:00,38.75,38.75,38.75,38.75,75,7050,15400.0,CE
2021-03-19 09:38:00,38.75,38.75,38.0,38.0,375,6975,15400.0,CE
2021-03-19 09:45:00,39.3,39.3,39.3,39.3,75,6900,15400.0,CE
2021-03-19 09:46:00,39.3,39.3,23.5,38.95,1125,6900,15400.0,CE
2021-03-19 09:49:00,41.65,41.65,41.65,41.65,225,7275,15400.0,CE
2021-03-19 09:50:00,41.5,41.5,41.5,41.5,75,7275,15400.0,CE
2021-03-19 09:52:00,41.6,41.6,41.6,41.6,75,7275,15400.0,CE
2021-03-19 10:02:00,42.0,42.0,42.0,42.0,75,8025,15400.0,CE
2021-03-19 10:10:00,46.0,46.0,46.0,46.0,150,8025,15400.0,CE
2021-03-19 10:15:00,46.0,46.0,46.0,46.0,75,8025,15400.0,CE
2021-03-19 10:16:00,25.65,50.55,25.65,50.55,300,8025,15400.0,CE
2021-03-19 10:19:00,50.55,50.55,50.55,50.55,75,8025,15400.0,CE
2021-03-19 10:21:00,43.65,43.65,43.65,43.65,75,8025,15400.0,CE
2021-03-19 10:22:00,42.15,42.15,42.15,42.15,75,8025,15400.0,CE
2021-03-19 10:23:00,46.0,46.0,46.0,46.0,75,8025,15400.0,CE
2021-03-19 10:31:00,47.5,47.5,47.5,47.5,75,8175,15400.0,CE
2021-03-19 10:35:00,47.5,47.5,47.5,47.5,75,8175,15400.0,CE
2021-03-19 10:45:00,47.8,47.8,47.5,47.5,150,8175,15400.0,CE
2021-03-19 10:46:00,51.05,51.05,51.05,51.05,150,8175,15400.0,CE
2021-03-19 10:49:00,55.0,57.0,55.0,57.0,225,8175,15400.0,CE
2021-03-19 10:50:00,57.0,57.0,52.15,52.15,150,8175,15400.0,CE
2021-03-19 10:51:00,51.0,51.0,51.0,51.0,150,8100,15400.0,CE
2021-03-19 10:55:00,52.25,52.25,52.25,52.25,75,8250,15400.0,CE
2021-03-19 10:57:00,50.65,50.65,50.65,50.65,75,8250,15400.0,CE
2021-03-19 10:58:00,50.65,50.7,50.65,50.7,150,8250,15400.0,CE
2021-03-19 10:59:00,52.55,52.55,52.55,52.55,75,8100,15400.0,CE
2021-03-19 11:02:00,54.0,54.0,54.0,54.0,75,8100,15400.0,CE
2021-03-19 11:05:00,55.65,55.65,55.65,55.65,75,8175,15400.0,CE
2021-03-19 11:08:00,60.0,60.0,60.0,60.0,75,8175,15400.0,CE
2021-03-19 11:11:00,60.0,60.0,60.0,60.0,75,8175,15400.0,CE
2021-03-19 11:13:00,59.2,59.2,59.2,59.2,75,8175,15400.0,CE
2021-03-19 11:18:00,50.8,50.8,50.0,50.0,150,8175,15400.0,CE
2021-03-19 11:25:00,50.0,50.0,50.0,50.0,150,8175,15400.0,CE
2021-03-19 11:26:00,49.0,49.0,49.0,49.0,75,8175,15400.0,CE
2021-03-19 11:28:00,48.95,48.95,48.95,48.95,75,8025,15400.0,CE
2021-03-19 11:37:00,48.15,48.6,48.15,48.6,150,8025,15400.0,CE
2021-03-19 11:45:00,44.5,44.5,44.5,44.5,75,8025,15400.0,CE
2021-03-19 11:50:00,45.7,45.7,45.7,45.7,75,8025,15400.0,CE
2021-03-19 11:53:00,45.4,45.4,45.4,45.4,75,8025,15400.0,CE
2021-03-19 11:54:00,47.05,48.3,47.05,48.3,225,8025,15400.0,CE
2021-03-19 11:59:00,50.0,50.0,50.0,50.0,75,8025,15400.0,CE
2021-03-19 12:02:00,48.95,48.95,48.95,48.95,150,8100,15400.0,CE
2021-03-19 12:10:00,48.95,48.95,48.95,48.95,75,8175,15400.0,CE
2021-03-19 12:24:00,48.0,48.0,48.0,48.0,75,8175,15400.0,CE
2021-03-19 12:25:00,43.05,43.05,43.05,43.05,75,8175,15400.0,CE
2021-03-19 12:28:00,49.9,50.4,49.9,50.4,150,8250,15400.0,CE
2021-03-19 12:30:00,44.25,44.25,44.25,44.25,75,8325,15400.0,CE
2021-03-19 12:40:00,52.5,52.5,52.5,52.5,75,8250,15400.0,CE
2021-03-19 12:45:00,47.9,47.9,47.9,47.9,150,8250,15400.0,CE
2021-03-19 12:49:00,48.0,48.0,48.0,48.0,75,8250,15400.0,CE
2021-03-19 12:51:00,47.95,48.0,47.95,48.0,150,8250,15400.0,CE
2021-03-19 13:18:00,49.9,49.9,49.9,49.9,75,8400,15400.0,CE
2021-03-19 13:22:00,53.0,53.0,53.0,53.0,75,8475,15400.0,CE
2021-03-19 13:42:00,52.0,52.0,52.0,52.0,600,8475,15400.0,CE
2021-03-19 13:43:00,52.0,52.0,52.0,52.0,600,8475,15400.0,CE
2021-03-19 13:44:00,52.0,52.5,52.0,52.5,3675,8475,15400.0,CE
2021-03-19 13:45:00,52.4,52.4,52.4,52.4,150,13200,15400.0,CE
2021-03-19 13:53:00,54.2,54.2,54.2,54.2,75,13350,15400.0,CE
2021-03-19 13:54:00,53.9,53.9,53.0,53.0,450,13650,15400.0,CE
2021-03-19 13:56:00,55.1,55.1,55.1,55.1,75,13650,15400.0,CE
2021-03-19 14:01:00,62.15,62.15,62.0,62.0,225,13500,15400.0,CE
2021-03-19 14:03:00,59.95,59.95,59.95,59.95,150,13650,15400.0,CE
2021-03-19 14:05:00,60.15,60.15,60.15,60.15,150,13650,15400.0,CE
2021-03-19 14:06:00,62.1,62.5,62.1,62.5,150,13500,15400.0,CE
2021-03-19 14:08:00,62.5,62.5,62.5,62.5,75,13500,15400.0,CE
2021-03-19 14:15:00,61.45,61.45,61.45,61.45,75,13275,15400.0,CE
2021-03-19 14:16:00,66.0,66.0,65.15,65.15,225,13350,15400.0,CE
2021-03-19 14:18:00,58.0,58.0,58.0,58.0,75,13350,15400.0,CE
2021-03-19 14:22:00,61.35,61.35,61.35,61.35,75,13425,15400.0,CE
2021-03-19 14:23:00,60.8,60.8,60.8,60.8,75,13425,15400.0,CE
2021-03-19 14:30:00,65.0,65.0,65.0,65.0,300,13350,15400.0,CE
2021-03-19 14:32:00,66.3,66.3,66.3,66.3,75,13500,15400.0,CE
2021-03-19 14:34:00,70.0,70.0,70.0,70.0,75,13500,15400.0,CE
2021-03-19 14:38:00,70.0,70.0,70.0,70.0,75,13500,15400.0,CE
2021-03-19 14:40:00,72.4,72.4,71.5,71.5,750,13500,15400.0,CE
2021-03-19 14:44:00,69.55,69.55,69.55,69.55,150,13500,15400.0,CE
2021-03-19 14:45:00,75.45,75.45,75.45,75.45,300,13425,15400.0,CE
2021-03-19 14:50:00,73.55,73.55,73.55,73.55,150,13500,15400.0,CE
2021-03-19 14:51:00,72.1,72.1,72.1,72.1,75,13500,15400.0,CE
2021-03-19 14:52:00,70.35,70.8,70.35,70.8,225,13500,15400.0,CE
2021-03-19 14:54:00,71.0,71.0,71.0,71.0,75,13500,15400.0,CE
2021-03-19 14:55:00,69.15,69.15,69.15,69.15,75,13500,15400.0,CE
2021-03-19 14:56:00,70.7,70.7,70.7,70.7,75,13500,15400.0,CE
2021-03-19 14:57:00,73.9,73.9,73.9,73.9,75,13500,15400.0,CE
2021-03-19 14:58:00,71.65,71.65,71.65,71.65,75,13500,15400.0,CE
2021-03-19 14:59:00,73.45,73.45,73.45,73.45,225,13500,15400.0,CE
2021-03-19 15:00:00,75.15,75.15,75.15,75.15,150,13500,15400.0,CE
2021-03-19 15:03:00,75.0,75.0,75.0,75.0,1350,13575,15400.0,CE
2021-03-19 15:05:00,77.05,77.05,74.8,74.8,2025,13575,15400.0,CE
2021-03-19 15:06:00,74.8,74.85,73.6,73.7,2100,13575,15400.0,CE
2021-03-19 15:07:00,72.55,72.85,71.5,72.05,7275,16875,15400.0,CE
2021-03-19 15:08:00,71.5,71.9,71.5,71.9,975,16875,15400.0,CE
2021-03-19 15:10:00,65.65,65.65,65.65,65.65,375,24900,15400.0,CE
2021-03-19 15:11:00,65.0,65.0,65.0,65.0,75,24900,15400.0,CE
2021-03-19 15:12:00,64.25,64.25,64.25,64.25,300,24900,15400.0,CE
2021-03-19 15:16:00,60.65,60.65,60.5,60.5,2400,19875,15400.0,CE
2021-03-19 15:17:00,60.35,60.5,60.35,60.5,150,19875,15400.0,CE
2021-03-19 15:20:00,62.0,62.0,62.0,62.0,75,22200,15400.0,CE
2021-03-19 15:21:00,60.6,60.6,60.6,60.6,150,22200,15400.0,CE
2021-03-19 15:22:00,59.75,59.75,59.75,59.75,150,22200,15400.0,CE
2021-03-19 15:23:00,59.4,59.4,59.4,59.4,75,22200,15400.0,CE
2021-03-19 15:25:00,60.15,60.15,59.95,59.95,900,19950,15400.0,CE
2021-03-19 15:26:00,59.65,59.65,59.65,59.65,225,19950,15400.0,CE
2021-03-19 15:28:00,59.4,59.4,59.35,59.35,225,19875,15400.0,CE
2021-03-19 15:29:00,59.6,59.9,59.6,59.9,450,19875,15400.0,CE
2021-03-22 09:15:00,56.95,56.95,56.95,56.95,76,0,15400.0,CE
2021-03-22 09:16:00,55.05,55.05,55.0,55.0,150,18300,15400.0,CE
2021-03-22 09:22:00,55.0,60.0,55.0,60.0,150,18450,15400.0,CE
2021-03-22 09:23:00,58.95,58.95,58.95,58.95,75,18450,15400.0,CE
2021-03-22 09:25:00,56.85,56.85,56.85,56.85,75,18450,15400.0,CE
2021-03-22 09:26:00,53.0,53.0,53.0,53.0,75,18450,15400.0,CE
2021-03-22 09:27:00,53.0,54.0,53.0,54.0,2025,18450,15400.0,CE
2021-03-22 09:28:00,54.0,54.0,54.0,54.0,1125,18450,15400.0,CE
2021-03-22 09:33:00,58.7,58.7,58.7,58.7,75,20475,15400.0,CE
2021-03-22 09:34:00,58.7,58.7,58.7,58.7,75,20475,15400.0,CE
2021-03-22 09:36:00,56.8,57.0,56.8,57.0,4950,19125,15400.0,CE
2021-03-22 09:37:00,58.0,58.35,58.0,58.35,5250,19125,15400.0,CE
2021-03-22 09:38:00,59.0,59.0,59.0,59.0,1575,28875,15400.0,CE
2021-03-22 09:40:00,58.6,59.0,58.15,58.15,1575,28875,15400.0,CE
2021-03-22 09:42:00,58.0,58.0,58.0,58.0,3000,30750,15400.0,CE
2021-03-22 09:43:00,59.55,61.0,59.35,61.0,2250,30750,15400.0,CE
2021-03-22 09:45:00,62.0,62.0,62.0,62.0,75,33525,15400.0,CE
2021-03-22 09:48:00,64.35,64.35,64.35,64.35,150,33525,15400.0,CE
2021-03-22 09:49:00,67.5,67.5,66.5,66.5,300,33525,15400.0,CE
2021-03-22 09:52:00,68.5,68.5,68.5,68.5,75,33600,15400.0,CE
2021-03-22 09:53:00,68.5,68.5,67.95,67.95,300,33600,15400.0,CE
2021-03-22 09:54:00,68.05,68.05,67.7,67.7,825,33600,15400.0,CE
2021-03-22 09:55:00,66.8,66.8,65.1,65.1,450,33600,15400.0,CE
2021-03-22 09:56:00,62.0,62.0,61.7,61.75,525,34200,15400.0,CE
2021-03-22 09:57:00,60.55,62.1,60.55,62.1,300,34200,15400.0,CE
2021-03-22 09:58:00,62.85,62.85,62.85,62.85,225,34200,15400.0,CE
2021-03-22 10:00:00,59.3,59.3,59.3,59.3,600,33600,15400.0,CE
2021-03-22 10:02:00,59.4,59.4,59.4,59.4,150,33600,15400.0,CE
2021-03-22 10:03:00,60.1,60.1,60.1,60.1,75,33750,15400.0,CE
2021-03-22 10:06:00,59.7,59.7,59.7,59.7,75,33675,15400.0,CE
2021-03-22 10:07:00,61.8,61.8,61.7,61.7,600,33675,15400.0,CE
2021-03-22 10:10:00,63.45,63.45,63.45,63.45,150,33600,15400.0,CE
2021-03-22 10:13:00,63.5,63.5,63.5,63.5,75,33600,15400.0,CE
2021-03-22 10:14:00,63.2,63.55,63.2,63.2,300,33675,15400.0,CE
2021-03-22 10:16:00,63.2,63.95,63.2,63.7,600,33675,15400.0,CE
2021-03-22 10:17:00,62.2,62.5,61.85,61.85,300,33525,15400.0,CE
2021-03-22 10:18:00,62.25,62.25,62.25,62.25,150,33525,15400.0,CE
2021-03-22 10:20:00,58.8,59.85,58.8,59.85,225,33525,15400.0,CE
2021-03-22 10:25:00,58.45,58.5,58.35,58.35,225,33525,15400.0,CE
2021-03-22 10:26:00,58.95,59.25,58.95,59.25,225,33525,15400.0,CE
2021-03-22 10:29:00,58.0,58.0,58.0,58.0,75,33525,15400.0,CE
2021-03-22 10:31:00,61.4,61.4,61.4,61.4,75,33525,15400.0,CE
2021-03-22 10:34:00,57.6,57.6,57.6,57.6,75,33525,15400.0,CE
2021-03-22 10:38:00,58.2,58.65,58.2,58.2,825,33525,15400.0,CE
2021-03-22 10:39:00,58.65,58.65,58.65,58.65,150,33525,15400.0,CE
2021-03-22 10:40:00,58.2,58.2,58.2,58.2,75,33525,15400.0,CE
2021-03-22 10:43:00,55.05,55.05,55.05,55.05,75,33750,15400.0,CE
2021-03-22 10:50:00,53.7,54.25,53.7,54.15,1050,33600,15400.0,CE
2021-03-22 10:51:00,54.3,54.3,54.15,54.3,1350,33600,15400.0,CE
2021-03-22 10:53:00,53.45,53.45,53.45,53.45,75,33600,15400.0,CE
2021-03-22 10:57:00,54.95,54.95,54.95,54.95,75,33600,15400.0,CE
2021-03-22 10:58:00,54.85,54.85,54.85,54.85,75,33600,15400.0,CE
2021-03-22 11:01:00,51.9,51.9,51.85,51.85,225,33600,15400.0,CE
2021-03-22 11:02:00,51.85,52.0,51.85,52.0,5250,33600,15400.0,CE
2021-03-22 11:03:00,51.8,52.55,51.75,52.55,1050,38550,15400.0,CE
2021-03-22 11:04:00,52.85,52.85,52.85,52.85,75,38550,15400.0,CE
2021-03-22 11:05:00,53.6,53.6,53.6,53.6,150,38550,15400.0,CE
2021-03-22 11:07:00,54.75,55.0,54.75,55.0,2100,38550,15400.0,CE
2021-03-22 11:29:00,53.05,53.05,53.05,53.05,75,38400,15400.0,CE
2021-03-22 11:31:00,52.0,52.0,52.0,52.0,75,38400,15400.0,CE
2021-03-22 11:34:00,53.4,53.4,53.4,53.4,300,38400,15400.0,CE
2021-03-22 11:36:00,55.4,55.5,55.4,55.5,150,38550,15400.0,CE
2021-03-22 11:50:00,55.8,55.8,55.35,55.35,300,38475,15400.0,CE
2021-03-22 11:53:00,56.5,56.5,56.5,56.5,75,38625,15400.0,CE
2021-03-22 11:54:00,56.65,57.1,56.65,56.9,1425,38700,15400.0,CE
2021-03-22 11:57:00,57.6,57.6,57.6,57.6,75,38625,15400.0,CE
2021-03-22 11:58:00,57.95,57.95,57.95,57.95,225,38625,15400.0,CE
2021-03-22 12:17:00,52.95,52.95,52.95,52.95,225,38625,15400.0,CE
2021-03-22 12:21:00,51.85,51.85,51.85,51.85,75,38775,15400.0,CE
2021-03-22 12:22:00,51.85,51.85,51.85,51.85,750,38775,15400.0,CE
2021-03-22 12:23:00,51.2,51.2,51.2,51.2,75,38775,15400.0,CE
2021-03-22 12:24:00,50.95,50.95,50.95,50.95,75,38775,15400.0,CE
2021-03-22 12:27:00,50.95,50.95,50.95,50.95,150,38775,15400.0,CE
2021-03-22 12:30:00,50.95,51.0,49.0,49.0,2175,38850,15400.0,CE
2021-03-22 12:31:00,49.0,49.0,49.0,49.0,675,38850,15400.0,CE
2021-03-22 12:32:00,50.0,50.0,50.0,50.0,75,38850,15400.0,CE
2021-03-22 12:39:00,50.2,50.2,50.2,50.2,75,40725,15400.0,CE
2021-03-22 12:40:00,48.25,48.25,48.25,48.25,75,40725,15400.0,CE
2021-03-22 12:41:00,48.25,48.25,48.25,48.25,75,40725,15400.0,CE
2021-03-22 12:43:00,47.9,47.9,47.9,47.9,150,40875,15400.0,CE
2021-03-22 12:45:00,48.55,48.55,47.75,47.75,150,40950,15400.0,CE
2021-03-22 12:53:00,47.75,47.75,47.75,47.75,75,40875,15400.0,CE
2021-03-22 12:56:00,48.0,48.0,48.0,48.0,75,40875,15400.0,CE
2021-03-22 13:02:00,47.6,47.6,46.75,46.75,525,40950,15400.0,CE
2021-03-22 13:07:00,46.75,46.75,46.75,46.75,75,41250,15400.0,CE
2021-03-22 13:09:00,47.95,47.95,47.9,47.9,225,41250,15400.0,CE
2021-03-22 13:12:00,48.8,48.8,47.4,47.4,150,41175,15400.0,CE
2021-03-22 13:17:00,47.4,47.4,47.4,47.4,150,41175,15400.0,CE
2021-03-22 13:23:00,47.55,47.55,47.55,47.55,75,41025,15400.0,CE
2021-03-22 13:35:00,50.5,51.15,50.5,51.15,150,41100,15400.0,CE
2021-03-22 13:37:00,51.7,51.7,51.7,51.7,75,41100,15400.0,CE
2021-03-22 13:41:00,52.85,52.85,52.85,52.85,75,41100,15400.0,CE
2021-03-22 13:42:00,53.1,53.1,53.1,53.1,75,41025,15400.0,CE
2021-03-22 13:52:00,53.0,53.0,51.95,51.95,225,41100,15400.0,CE
2021-03-22 13:55:00,53.05,53.05,53.05,53.05,150,41100,15400.0,CE
2021-03-22 13:56:00,48.0,48.0,48.0,48.0,225,41100,15400.0,CE
2021-03-22 13:57:00,48.0,48.0,48.0,48.0,75,41100,15400.0,CE
2021-03-22 13:58:00,47.45,49.85,47.45,49.85,300,41100,15400.0,CE
2021-03-22 14:03:00,49.65,49.65,49.55,49.55,225,41175,15400.0,CE
2021-03-22 14:04:00,49.55,50.45,49.55,50.45,450,41175,15400.0,CE
2021-03-22 14:05:00,52.25,52.95,52.25,52.95,375,41175,15400.0,CE
2021-03-22 14:06:00,53.05,53.75,53.05,53.75,150,41400,15400.0,CE
2021-03-22 14:07:00,53.75,53.75,53.75,53.75,150,41400,15400.0,CE
2021-03-22 14:09:00,53.7,53.7,53.7,53.7,300,41475,15400.0,CE
2021-03-22 14:10:00,52.8,53.0,52.8,53.0,450,41475,15400.0,CE
2021-03-22 14:12:00,54.3,54.3,54.3,54.3,375,41400,15400.0,CE
2021-03-22 14:15:00,54.85,54.85,54.85,54.85,75,41925,15400.0,CE
2021-03-22 14:20:00,48.65,48.65,48.5,48.5,600,41850,15400.0,CE
2021-03-22 14:21:00,46.9,46.9,46.9,46.9,225,41850,15400.0,CE
2021-03-22 14:22:00,48.0,48.0,48.0,48.0,150,41775,15400.0,CE
2021-03-22 14:28:00,51.0,51.0,51.0,51.0,75,41400,15400.0,CE
2021-03-22 14:31:00,53.7,53.7,53.7,53.7,300,41250,15400.0,CE
2021-03-22 14:32:00,53.9,54.0,53.9,54.0,825,41250,15400.0,CE
2021-03-22 14:34:00,52.8,52.8,52.8,52.8,75,41400,15400.0,CE
2021-03-22 14:37:00,51.9,51.9,51.9,51.9,525,41475,15400.0,CE
2021-03-22 14:41:00,52.5,52.5,49.7,49.7,225,41925,15400.0,CE
2021-03-22 14:52:00,48.2,48.2,48.2,48.2,75,41325,15400.0,CE
2021-03-22 14:54:00,49.55,49.55,49.55,49.55,75,41325,15400.0,CE
2021-03-22 15:00:00,50.5,50.5,50.5,50.5,75,41325,15400.0,CE
2021-03-22 15:01:00,48.15,48.15,48.15,48.15,75,41250,15400.0,CE
2021-03-22 15:07:00,53.1,53.1,53.1,53.1,75,41325,15400.0,CE
2021-03-22 15:08:00,53.3,53.3,53.3,53.3,75,41325,15400.0,CE
2021-03-22 15:09:00,54.35,54.35,54.35,54.35,75,41325,15400.0,CE
2021-03-22 15:10:00,55.0,55.0,54.6,54.6,1050,41400,15400.0,CE
2021-03-22 15:11:00,55.45,55.45,55.45,55.45,150,41400,15400.0,CE
2021-03-22 15:12:00,55.5,55.5,55.5,55.5,225,41400,15400.0,CE
2021-03-22 15:14:00,54.95,54.95,54.95,54.95,75,41475,15400.0,CE
2021-03-22 15:15:00,55.7,55.7,55.7,55.7,600,41475,15400.0,CE
2021-03-22 15:16:00,55.6,55.6,55.6,55.6,75,41550,15400.0,CE
2021-03-22 15:20:00,53.45,53.45,53.45,53.45,150,41550,15400.0,CE
2021-03-22 15:21:00,53.0,53.0,53.0,53.0,75,41550,15400.0,CE
2021-03-22 15:22:00,52.7,52.75,52.6,52.75,900,41550,15400.0,CE
2021-03-22 15:28:00,55.7,55.7,55.7,55.7,300,41400,15400.0,CE
2021-03-22 15:29:00,50.5,55.7,50.5,55.7,150,41400,15400.0,CE
2021-03-23 09:20:00,59.0,59.9,59.0,59.9,376,41325,15400.0,CE
2021-03-23 09:21:00,61.0,62.0,61.0,62.0,900,41325,15400.0,CE
2021-03-23 09:22:00,62.0,62.0,62.0,62.0,75,41325,15400.0,CE
2021-03-23 09:23:00,61.0,62.0,61.0,62.0,2775,41475,15400.0,CE
2021-03-23 09:24:00,62.0,62.0,61.05,61.6,300,41475,15400.0,CE
2021-03-23 09:25:00,62.5,63.85,62.5,63.85,375,41475,15400.0,CE
2021-03-23 09:26:00,65.15,65.55,65.15,65.55,2025,43650,15400.0,CE
2021-03-23 09:27:00,66.4,67.95,64.55,67.95,2625,43650,15400.0,CE
2021-03-23 09:29:00,67.95,67.95,67.95,67.95,75,43650,15400.0,CE
2021-03-23 09:30:00,66.55,66.55,64.3,65.2,1275,41775,15400.0,CE
2021-03-23 09:31:00,65.9,66.15,64.0,64.0,2175,41775,15400.0,CE
2021-03-23 09:33:00,66.0,66.0,66.0,66.0,150,41400,15400.0,CE
2021-03-23 09:34:00,66.6,66.6,65.5,66.5,600,41400,15400.0,CE
2021-03-23 09:36:00,66.0,66.0,66.0,66.0,2775,41700,15400.0,CE
2021-03-23 09:38:00,66.0,66.0,64.45,64.45,450,41925,15400.0,CE
2021-03-23 09:39:00,64.45,64.45,63.85,63.85,525,41925,15400.0,CE
2021-03-23 09:40:00,64.8,64.8,64.8,64.8,225,41925,15400.0,CE
2021-03-23 09:41:00,63.55,63.55,62.9,62.9,150,41700,15400.0,CE
2021-03-23 09:43:00,65.45,65.8,65.2,65.8,375,41700,15400.0,CE
2021-03-23 09:44:00,63.75,63.8,63.75,63.8,1950,41850,15400.0,CE
2021-03-23 09:45:00,62.9,62.9,62.9,62.9,300,41850,15400.0,CE
2021-03-23 09:46:00,62.0,62.6,62.0,62.6,1650,41850,15400.0,CE
2021-03-23 09:50:00,62.0,63.8,62.0,63.8,675,42225,15400.0,CE
2021-03-23 09:51:00,63.8,64.55,63.8,64.55,1200,42225,15400.0,CE
2021-03-23 09:53:00,65.4,65.4,65.35,65.4,375,43050,15400.0,CE
2021-03-23 09:55:00,67.15,67.15,67.15,67.15,225,43050,15400.0,CE
2021-03-23 09:57:00,66.8,67.85,66.8,67.85,375,43125,15400.0,CE
2021-03-23 09:58:00,67.6,67.6,67.35,67.4,375,43125,15400.0,CE
2021-03-23 09:59:00,67.65,67.65,67.65,67.65,75,43125,15400.0,CE
2021-03-23 10:02:00,65.25,65.25,65.25,65.25,75,43125,15400.0,CE
2021-03-23 10:03:00,65.55,66.8,65.55,66.8,675,43125,15400.0,CE
2021-03-23 10:04:00,65.2,65.2,64.6,64.6,675,43125,15400.0,CE
2021-03-23 10:06:00,64.25,65.1,64.05,64.05,450,43275,15400.0,CE
2021-03-23 10:07:00,64.0,64.0,63.7,63.7,375,43275,15400.0,CE
2021-03-23 10:08:00,62.95,62.95,62.95,62.95,75,43275,15400.0,CE
2021-03-23 10:12:00,61.1,61.1,61.1,61.1,1275,43050,15400.0,CE
2021-03-23 10:16:00,61.2,61.2,61.2,61.2,225,43125,15400.0,CE
2021-03-23 10:17:00,61.45,61.45,61.45,61.45,75,43125,15400.0,CE
2021-03-23 10:18:00,59.15,59.15,59.15,59.15,75,43350,15400.0,CE
2021-03-23 10:19:00,58.55,59.8,58.3,59.25,900,43350,15400.0,CE
2021-03-23 10:20:00,59.4,61.1,59.4,61.1,375,43350,15400.0,CE
2021-03-23 10:21:00,62.2,62.95,62.2,62.95,375,43800,15400.0,CE
2021-03-23 10:22:00,63.6,63.6,61.65,61.65,225,43800,15400.0,CE
2021-03-23 10:24:00,61.2,61.2,60.7,60.7,600,43950,15400.0,CE
2021-03-23 10:25:00,60.45,66.65,58.9,58.9,1500,43950,15400.0,CE
2021-03-23 10:26:00,58.85,60.25,58.85,59.5,600,43950,15400.0,CE
2021-03-23 10:27:00,59.45,60.7,59.45,60.7,150,44325,15400.0,CE
2021-03-23 10:28:00,59.55,60.05,58.8,60.05,375,44325,15400.0,CE
2021-03-23 10:29:00,60.2,60.2,60.2,60.2,150,44325,15400.0,CE
2021-03-23 10:30:00,58.7,58.7,57.15,57.85,1050,44325,15400.0,CE
2021-03-23 10:33:00,58.95,59.6,58.4,59.6,600,44700,15400.0,CE
2021-03-23 10:34:00,59.3,62.7,59.3,61.65,1800,44700,15400.0,CE
2021-03-23 10:35:00,61.95,62.9,61.95,62.9,225,44700,15400.0,CE
2021-03-23 10:36:00,62.7,65.0,62.7,62.95,525,44850,15400.0,CE
2021-03-23 10:37:00,63.45,67.5,62.85,62.85,1800,44850,15400.0,CE
2021-03-23 10:39:00,64.4,64.6,63.8,63.8,450,44775,15400.0,CE
2021-03-23 10:40:00,65.1,65.1,65.1,65.1,300,44775,15400.0,CE
2021-03-23 10:42:00,62.3,66.4,62.3,63.25,1875,44775,15400.0,CE
2021-03-23 10:43:00,61.35,63.15,61.0,63.15,1125,44775,15400.0,CE
2021-03-23 10:44:00,62.75,63.8,62.25,63.15,1875,46350,15400.0,CE
2021-03-23 10:45:00,63.15,64.25,62.95,63.9,2850,46350,15400.0,CE
2021-03-23 10:46:00,63.9,64.2,63.9,64.2,300,46350,15400.0,CE
2021-03-23 10:47:00,63.25,63.25,61.8,61.8,1650,45150,15400.0,CE
2021-03-23 10:48:00,61.55,63.9,60.75,61.4,1875,45150,15400.0,CE
2021-03-23 10:49:00,61.35,61.5,61.3,61.3,675,45150,15400.0,CE
2021-03-23 10:50:00,60.95,62.3,60.95,62.3,375,45225,15400.0,CE
2021-03-23 10:51:00,62.4,62.4,62.4,62.4,300,45225,15400.0,CE
2021-03-23 10:52:00,63.3,64.85,63.3,64.85,1050,45225,15400.0,CE
2021-03-23 10:53:00,65.95,69.4,65.95,67.0,2850,45750,15400.0,CE
2021-03-23 10:54:00,72.0,72.0,72.0,72.0,1950,45750,15400.0,CE
2021-03-23 10:55:00,76.95,76.95,68.05,68.05,1275,45750,15400.0,CE
2021-03-23 10:56:00,70.0,70.05,70.0,70.05,225,44175,15400.0,CE
2021-03-23 10:59:00,69.6,69.6,69.6,69.6,75,44175,15400.0,CE
2021-03-23 11:00:00,69.55,69.55,69.5,69.5,225,42825,15400.0,CE
2021-03-23 11:01:00,70.0,70.0,70.0,70.0,225,42825,15400.0,CE
2021-03-23 11:03:00,69.95,70.0,69.95,70.0,450,42825,15400.0,CE
2021-03-23 11:08:00,63.1,63.1,62.35,62.35,525,43500,15400.0,CE
2021-03-23 11:09:00,65.45,65.45,65.45,65.45,150,43500,15400.0,CE
2021-03-23 11:10:00,62.9,64.55,62.5,64.0,900,43500,15400.0,CE
2021-03-23 11:11:00,65.75,65.85,64.95,64.95,450,43350,15400.0,CE
2021-03-23 11:13:00,63.85,64.1,62.4,64.1,300,43350,15400.0,CE
2021-03-23 11:14:00,65.0,65.0,64.8,64.9,525,43650,15400.0,CE
2021-03-23 11:15:00,62.1,66.45,61.45,66.45,1500,43650,15400.0,CE
2021-03-23 11:16:00,62.3,62.6,61.0,61.0,1950,43650,15400.0,CE
2021-03-23 11:17:00,61.0,63.4,61.0,62.15,1575,43650,15400.0,CE
2021-03-23 11:18:00,62.05,64.95,62.05,62.9,3300,45225,15400.0,CE
2021-03-23 11:19:00,62.35,65.0,62.35,64.15,1125,45225,15400.0,CE
2021-03-23 11:20:00,64.75,69.7,64.75,65.45,675,45225,15400.0,CE
2021-03-23 11:21:00,64.65,65.7,62.5,63.0,3150,46425,15400.0,CE
2021-03-23 11:22:00,63.05,66.75,63.05,64.0,2775,46425,15400.0,CE
2021-03-23 11:23:00,64.2,65.25,63.7,63.7,450,46425,15400.0,CE
2021-03-23 11:24:00,63.8,63.8,63.6,63.6,225,48825,15400.0,CE
2021-03-23 11:25:00,64.8,65.05,63.1,63.1,1200,48825,15400.0,CE
2021-03-23 11:26:00,65.2,65.2,63.15,64.1,750,48825,15400.0,CE
2021-03-23 11:27:00,63.9,64.45,62.8,62.8,600,49425,15400.0,CE
2021-03-23 11:28:00,63.95,63.95,63.95,63.95,75,49425,15400.0,CE
2021-03-23 11:29:00,62.75,63.2,61.3,62.4,2025,50100,15400.0,CE
2021-03-23 11:30:00,61.55,62.6,60.1,60.1,1725,50100,15400.0,CE
2021-03-23 11:31:00,60.65,61.35,59.15,59.15,4050,50100,15400.0,CE
2021-03-23 11:32:00,57.95,58.65,56.0,56.0,675,54525,15400.0,CE
2021-03-23 11:33:00,56.25,56.25,51.35,51.35,2325,54525,15400.0,CE
2021-03-23 11:34:00,53.2,53.2,51.4,51.4,150,54525,15400.0,CE
2021-03-23 11:36:00,55.55,55.55,53.55,53.55,900,55425,15400.0,CE
2021-03-23 11:37:00,52.5,55.3,52.5,55.3,600,55425,15400.0,CE
2021-03-23 11:38:00,55.15,55.15,54.75,54.75,675,55425,15400.0,CE
2021-03-23 11:39:00,56.1,57.35,56.05,57.35,600,55425,15400.0,CE
2021-03-23 11:40:00,56.6,56.6,55.0,55.0,525,55425,15400.0,CE
2021-03-23 11:41:00,55.55,55.8,54.75,55.2,1350,55950,15400.0,CE
2021-03-23 11:42:00,55.3,56.6,55.3,56.6,525,55950,15400.0,CE
2021-03-23 11:43:00,56.0,56.4,55.9,56.4,375,55950,15400.0,CE
2021-03-23 11:44:00,54.9,55.1,54.9,55.1,525,55950,15400.0,CE
2021-03-23 11:45:00,55.15,55.4,54.95,54.95,900,57225,15400.0,CE
2021-03-23 11:46:00,55.4,56.0,55.0,56.0,600,57225,15400.0,CE
2021-03-23 11:47:00,56.45,56.45,55.65,55.65,375,57225,15400.0,CE
2021-03-23 11:48:00,56.0,56.55,55.25,55.45,1125,58425,15400.0,CE
2021-03-23 11:49:00,55.05,58.05,54.85,54.85,1050,58425,15400.0,CE
2021-03-23 11:50:00,54.65,55.65,54.65,55.65,600,58425,15400.0,CE
2021-03-23 11:51:00,55.8,56.3,55.15,56.3,750,59775,15400.0,CE
2021-03-23 11:52:00,55.7,56.1,55.45,55.7,450,59775,15400.0,CE
2021-03-23 11:54:00,55.0,55.0,55.0,55.0,225,60225,15400.0,CE
2021-03-23 11:55:00,55.5,55.6,55.5,55.6,300,60225,15400.0,CE
2021-03-23 11:57:00,56.55,58.95,56.55,58.95,450,60600,15400.0,CE
2021-03-23 11:58:00,58.5,58.85,58.05,58.05,975,60600,15400.0,CE
2021-03-23 11:59:00,58.0,58.0,58.0,58.0,1500,60600,15400.0,CE
2021-03-23 12:01:00,57.0,57.5,57.0,57.5,450,61950,15400.0,CE
2021-03-23 12:02:00,57.0,57.0,57.0,57.0,750,61950,15400.0,CE
2021-03-23 12:03:00,60.0,60.4,60.0,60.1,750,61200,15400.0,CE
2021-03-23 12:05:00,59.05,59.05,59.0,59.0,900,61200,15400.0,CE
2021-03-23 12:06:00,60.0,60.0,60.0,60.0,375,61650,15400.0,CE
2021-03-23 12:10:00,59.05,59.05,58.6,58.6,300,61425,15400.0,CE
2021-03-23 12:11:00,57.1,57.1,56.85,56.85,450,61425,15400.0,CE
2021-03-23 12:12:00,57.05,57.05,57.05,57.05,150,61650,15400.0,CE
2021-03-23 12:15:00,58.05,58.05,58.05,58.05,75,61650,15400.0,CE
2021-03-23 12:17:00,55.5,55.5,55.5,55.5,1500,61650,15400.0,CE
2021-03-23 12:32:00,58.95,58.95,58.95,58.95,150,62025,15400.0,CE
2021-03-23 12:33:00,58.6,60.3,58.6,59.6,900,61875,15400.0,CE
2021-03-23 12:35:00,60.0,60.0,60.0,60.0,75,61875,15400.0,CE
2021-03-23 12:38:00,60.0,60.0,60.0,60.0,150,61875,15400.0,CE
2021-03-23 12:45:00,61.0,62.95,61.0,62.7,1350,61725,15400.0,CE
2021-03-23 12:47:00,61.9,62.9,61.9,62.15,600,61725,15400.0,CE
2021-03-23 12:51:00,61.25,61.25,61.25,61.25,150,61725,15400.0,CE
2021-03-23 12:55:00,65.6,65.6,65.6,65.6,450,61800,15400.0,CE
2021-03-23 12:56:00,62.8,62.8,62.75,62.75,2250,61800,15400.0,CE
2021-03-23 12:57:00,62.4,62.4,60.95,60.95,300,60075,15400.0,CE
2021-03-23 12:59:00,62.45,62.45,62.0,62.0,300,60075,15400.0,CE
2021-03-23 13:00:00,60.95,60.95,60.95,60.95,75,60075,15400.0,CE
2021-03-23 13:01:00,61.3,61.3,57.6,61.05,375,60150,15400.0,CE
2021-03-23 13:02:00,63.85,63.9,63.2,63.2,525,60150,15400.0,CE
2021-03-23 13:03:00,62.75,62.75,62.4,62.4,375,60150,15400.0,CE
2021-03-23 13:04:00,62.95,62.95,62.95,62.95,75,60150,15400.0,CE
2021-03-23 13:05:00,61.5,61.5,61.5,61.5,75,60150,15400.0,CE
2021-03-23 13:09:00,60.75,60.75,60.75,60.75,75,60150,15400.0,CE
2021-03-23 13:10:00,61.9,61.9,61.6,61.6,1200,60150,15400.0,CE
2021-03-23 13:11:00,61.75,61.75,61.75,61.75,75,60150,15400.0,CE
2021-03-23 13:12:00,62.55,62.75,61.7,61.7,825,60975,15400.0,CE
2021-03-23 13:17:00,61.0,61.0,59.6,59.65,525,60975,15400.0,CE
2021-03-23 13:18:00,61.0,61.0,61.0,61.0,225,61050,15400.0,CE
2021-03-23 13:19:00,60.0,60.0,60.0,60.0,75,61050,15400.0,CE
2021-03-23 13:20:00,59.6,59.6,59.6,59.6,75,61050,15400.0,CE
2021-03-23 13:21:00,59.25,59.25,58.35,58.95,1200,61050,15400.0,CE
2021-03-23 13:23:00,60.75,60.75,60.75,60.75,75,61050,15400.0,CE
2021-03-23 13:25:00,62.05,63.0,62.05,63.0,375,61200,15400.0,CE
2021-03-23 13:27:00,63.25,65.4,63.25,65.4,2250,60225,15400.0,CE
2021-03-23 13:28:00,65.0,65.0,65.0,65.0,300,60225,15400.0,CE
2021-03-23 13:30:00,62.6,62.6,61.85,61.85,525,60225,15400.0,CE
2021-03-23 13:31:00,62.8,62.8,62.8,62.8,75,60225,15400.0,CE
2021-03-23 13:36:00,58.1,58.45,57.0,57.0,2475,60675,15400.0,CE
2021-03-23 13:37:00,56.35,57.5,56.1,57.5,825,60675,15400.0,CE
2021-03-23 13:39:00,58.5,58.85,58.5,58.85,300,62250,15400.0,CE
2021-03-23 13:40:00,59.9,59.9,59.9,59.9,225,62250,15400.0,CE
2021-03-23 13:41:00,59.0,59.0,59.0,59.0,75,62250,15400.0,CE
2021-03-23 13:42:00,59.05,59.05,58.95,59.0,2400,62250,15400.0,CE
2021-03-23 13:43:00,59.05,59.5,59.05,59.5,300,62250,15400.0,CE
2021-03-23 13:44:00,61.05,61.05,61.05,61.05,75,62250,15400.0,CE
2021-03-23 13:45:00,62.15,62.15,62.15,62.15,75,62250,15400.0,CE
2021-03-23 13:48:00,61.5,61.55,61.5,61.55,375,61950,15400.0,CE
2021-03-23 13:50:00,64.7,65.15,64.7,65.15,600,61950,15400.0,CE
2021-03-23 13:51:00,65.45,65.45,65.1,65.1,825,61950,15400.0,CE
2021-03-23 13:52:00,65.0,65.0,64.0,64.0,300,60900,15400.0,CE
2021-03-23 13:53:00,66.0,67.9,66.0,67.9,975,60900,15400.0,CE
2021-03-23 13:54:00,67.45,67.45,67.15,67.2,1200,60900,15400.0,CE
2021-03-23 13:55:00,67.15,67.65,66.4,66.4,525,61275,15400.0,CE
2021-03-23 13:56:00,65.55,71.0,65.55,66.15,1425,61275,15400.0,CE
2021-03-23 13:57:00,65.85,65.85,65.85,65.85,75,61275,15400.0,CE
2021-03-23 13:58:00,65.5,66.8,65.5,66.8,225,61950,15400.0,CE
2021-03-23 14:01:00,63.0,63.0,61.85,61.85,225,61875,15400.0,CE
2021-03-23 14:02:00,62.2,62.2,62.2,62.2,225,61875,15400.0,CE
2021-03-23 14:03:00,62.1,63.0,62.1,63.0,825,61875,15400.0,CE
2021-03-23 14:04:00,62.3,63.05,62.3,63.05,300,61875,15400.0,CE
2021-03-23 14:05:00,63.1,64.0,63.1,64.0,675,61875,15400.0,CE
2021-03-23 14:07:00,65.4,65.4,65.4,65.4,75,61950,15400.0,CE
2021-03-23 14:08:00,65.3,65.3,65.3,65.3,75,61950,15400.0,CE
2021-03-23 14:09:00,66.0,66.0,66.0,66.0,75,62025,15400.0,CE
2021-03-23 14:11:00,66.8,67.25,66.8,67.25,750,62025,15400.0,CE
2021-03-23 14:12:00,67.05,67.75,65.3,65.3,300,62550,15400.0,CE
2021-03-23 14:13:00,65.25,65.5,65.25,65.5,450,62550,15400.0,CE
2021-03-23 14:14:00,65.75,68.0,65.75,68.0,150,62550,15400.0,CE
2021-03-23 14:15:00,67.15,68.7,67.0,67.0,825,62775,15400.0,CE
2021-03-23 14:16:00,66.55,66.55,66.0,66.0,225,62775,15400.0,CE
2021-03-23 14:17:00,66.5,70.45,66.5,69.65,1350,62775,15400.0,CE
2021-03-23 14:18:00,70.0,70.15,70.0,70.15,825,62700,15400.0,CE
2021-03-23 14:19:00,69.4,69.4,69.4,69.4,75,62700,15400.0,CE
2021-03-23 14:20:00,71.35,73.2,71.35,72.8,900,62700,15400.0,CE
2021-03-23 14:21:00,73.0,73.0,73.0,73.0,450,62700,15400.0,CE
2021-03-23 14:22:00,70.05,70.15,70.0,70.15,225,62325,15400.0,CE
2021-03-23 14:23:00,71.55,72.2,71.55,71.6,450,62325,15400.0,CE
2021-03-23 14:24:00,71.85,71.85,71.0,71.7,1050,63075,15400.0,CE
2021-03-23 14:25:00,71.55,72.9,71.55,71.95,1575,63075,15400.0,CE
2021-03-23 14:26:00,72.7,73.65,72.5,72.5,1575,63075,15400.0,CE
2021-03-23 14:27:00,72.55,72.55,70.95,70.95,1200,65700,15400.0,CE
2021-03-23 14:28:00,71.8,71.8,70.85,70.85,225,65700,15400.0,CE
2021-03-23 14:29:00,70.85,70.85,70.85,70.85,150,65700,15400.0,CE
2021-03-23 14:30:00,71.0,71.0,69.0,69.0,450,65625,15400.0,CE
2021-03-23 14:31:00,67.5,67.95,67.45,67.95,675,65625,15400.0,CE
2021-03-23 14:32:00,68.95,69.95,68.95,69.95,375,65625,15400.0,CE
2021-03-23 14:34:00,69.4,70.0,69.4,70.0,825,65250,15400.0,CE
2021-03-23 14:35:00,68.6,68.6,67.5,67.5,2475,65250,15400.0,CE
2021-03-23 14:36:00,67.8,67.8,67.8,67.8,75,65775,15400.0,CE
2021-03-23 14:37:00,70.15,70.15,68.15,68.15,150,65775,15400.0,CE
2021-03-23 14:39:00,67.45,67.45,67.45,67.45,150,65775,15400.0,CE
2021-03-23 14:41:00,70.0,70.0,70.0,70.0,150,65850,15400.0,CE
2021-03-23 14:42:00,71.15,71.15,71.15,71.15,150,65850,15400.0,CE
2021-03-23 14:43:00,70.6,70.6,70.6,70.6,150,65850,15400.0,CE
2021-03-23 14:45:00,71.25,71.65,69.35,70.15,900,65400,15400.0,CE
2021-03-23 14:46:00,69.8,70.4,68.95,68.95,750,65400,15400.0,CE
2021-03-23 14:48:00,68.0,68.0,68.0,68.0,300,65400,15400.0,CE
2021-03-23 14:51:00,70.8,70.95,70.4,70.4,675,64425,15400.0,CE
2021-03-23 14:52:00,69.85,69.85,69.65,69.65,375,64350,15400.0,CE
2021-03-23 14:53:00,69.9,70.3,69.9,70.2,450,64350,15400.0,CE
2021-03-23 14:54:00,68.45,68.6,68.25,68.25,300,64275,15400.0,CE
2021-03-23 14:55:00,66.6,67.65,66.6,67.65,225,64275,15400.0,CE
2021-03-23 14:56:00,67.55,67.55,67.55,67.55,75,64275,15400.0,CE
2021-03-23 14:57:00,67.0,67.0,67.0,67.0,600,64275,15400.0,CE
2021-03-23 14:58:00,68.5,68.5,68.5,68.5,300,64725,15400.0,CE
2021-03-23 14:59:00,68.25,68.25,67.2,67.2,225,64725,15400.0,CE
2021-03-23 15:00:00,65.75,67.75,64.65,64.65,1350,64425,15400.0,CE
2021-03-23 15:01:00,65.1,67.15,63.2,63.2,750,64425,15400.0,CE
2021-03-23 15:02:00,63.05,63.05,63.0,63.0,675,64425,15400.0,CE
2021-03-23 15:03:00,63.15,63.15,61.5,62.1,1050,64425,15400.0,CE
2021-03-23 15:04:00,61.95,61.95,61.2,61.9,2700,65025,15400.0,CE
2021-03-23 15:05:00,61.6,61.6,60.0,60.0,1725,65025,15400.0,CE
2021-03-23 15:06:00,60.55,60.55,59.9,59.9,150,65025,15400.0,CE
2021-03-23 15:07:00,62.2,62.2,61.6,61.9,900,66375,15400.0,CE
2021-03-23 15:08:00,62.25,62.25,62.25,62.25,225,66375,15400.0,CE
2021-03-23 15:09:00,60.0,60.0,59.0,59.6,600,66225,15400.0,CE
2021-03-23 15:11:00,59.5,59.9,59.2,59.9,750,66225,15400.0,CE
2021-03-23 15:13:00,60.0,60.5,59.0,59.0,1725,65250,15400.0,CE
2021-03-23 15:14:00,58.5,59.6,58.5,59.6,150,65250,15400.0,CE
2021-03-23 15:15:00,59.5,59.5,58.9,58.9,300,65250,15400.0,CE
2021-03-23 15:16:00,60.05,60.05,60.05,60.05,75,65550,15400.0,CE
2021-03-23 15:17:00,59.5,59.5,58.9,59.45,225,65550,15400.0,CE
2021-03-23 15:18:00,59.55,59.55,58.85,58.85,450,65550,15400.0,CE
2021-03-23 15:19:00,56.05,56.05,56.0,56.0,450,66075,15400.0,CE
2021-03-23 15:20:00,55.0,55.45,54.9,55.45,750,66075,15400.0,CE
2021-03-23 15:21:00,55.05,55.55,54.5,54.5,2925,66600,15400.0,CE
2021-03-23 15:22:00,54.5,54.5,54.35,54.35,375,66600,15400.0,CE
2021-03-23 15:24:00,53.8,54.05,53.8,54.05,225,66525,15400.0,CE
2021-03-23 15:25:00,54.7,55.75,54.7,55.75,150,66525,15400.0,CE
2021-03-23 15:26:00,55.7,55.7,55.0,55.0,150,66525,15400.0,CE
2021-03-23 15:27:00,56.75,56.75,56.75,56.75,75,66525,15400.0,CE
2021-03-23 15:28:00,55.5,56.65,55.5,56.05,375,66750,15400.0,CE
2021-03-23 15:29:00,56.05,58.5,56.05,58.5,375,66750,15400.0,CE
2021-03-24 09:16:00,45.35,47.0,45.3,47.0,1876,66750,15400.0,CE
2021-03-24 09:17:00,46.35,46.9,46.25,46.25,450,68025,15400.0,CE
2021-03-24 09:18:00,46.8,46.8,46.8,46.8,225,68025,15400.0,CE
2021-03-24 09:19:00,47.25,47.25,46.2,46.2,525,68025,15400.0,CE
2021-03-24 09:20:00,46.05,48.0,46.05,48.0,1350,68025,15400.0,CE
2021-03-24 09:22:00,48.2,48.2,48.2,48.2,150,68025,15400.0,CE
2021-03-24 09:23:00,48.2,48.2,48.2,48.2,450,68025,15400.0,CE
2021-03-24 09:24:00,47.1,47.1,47.1,47.1,75,67350,15400.0,CE
2021-03-24 09:25:00,47.6,47.6,46.0,46.1,1575,67350,15400.0,CE
2021-03-24 09:26:00,46.35,46.55,46.35,46.55,150,67500,15400.0,CE
2021-03-24 09:27:00,47.1,47.1,47.1,47.1,75,67500,15400.0,CE
2021-03-24 09:28:00,47.05,47.05,47.05,47.05,75,67500,15400.0,CE
2021-03-24 09:30:00,45.95,49.7,45.95,49.7,1650,67425,15400.0,CE
2021-03-24 09:31:00,51.0,52.3,51.0,52.3,150,67425,15400.0,CE
2021-03-24 09:32:00,52.3,52.3,52.3,52.3,75,67425,15400.0,CE
2021-03-24 09:35:00,47.65,47.65,47.65,47.65,75,68100,15400.0,CE
2021-03-24 09:36:00,47.7,47.7,47.2,47.5,525,68100,15400.0,CE
2021-03-24 09:37:00,47.45,47.5,46.95,47.05,3525,68100,15400.0,CE
2021-03-24 09:38:00,47.5,47.5,47.35,47.35,1275,68100,15400.0,CE
2021-03-24 09:41:00,47.25,47.8,47.25,47.8,1200,68400,15400.0,CE
2021-03-24 09:43:00,47.3,47.3,47.2,47.2,225,68400,15400.0,CE
2021-03-24 09:44:00,47.0,47.0,46.0,46.0,225,68400,15400.0,CE
2021-03-24 09:47:00,46.0,46.0,46.0,46.0,675,69150,15400.0,CE
2021-03-24 09:48:00,46.8,46.8,46.8,46.8,75,69150,15400.0,CE
2021-03-24 09:50:00,46.0,46.0,45.7,45.7,1050,69525,15400.0,CE
2021-03-24 09:51:00,46.45,46.45,46.45,46.45,150,69525,15400.0,CE
2021-03-24 09:52:00,46.8,46.8,46.45,46.45,600,69525,15400.0,CE
2021-03-24 09:53:00,45.8,45.95,45.7,45.95,225,69600,15400.0,CE
2021-03-24 09:54:00,45.7,45.7,45.7,45.7,525,69600,15400.0,CE
2021-03-24 09:55:00,45.0,45.0,44.8,44.8,975,69600,15400.0,CE
2021-03-24 09:56:00,44.75,44.75,44.2,44.2,150,70575,15400.0,CE
2021-03-24 09:59:00,44.2,44.2,44.2,44.2,450,70575,15400.0,CE
2021-03-24 10:00:00,44.6,44.6,44.0,44.0,1125,70575,15400.0,CE
2021-03-24 10:01:00,43.55,43.55,42.5,42.5,300,70575,15400.0,CE
2021-03-24 10:02:00,42.45,42.45,42.45,42.45,1575,70575,15400.0,CE
2021-03-24 10:03:00,42.6,43.0,42.6,43.0,375,71325,15400.0,CE
2021-03-24 10:04:00,43.5,43.5,42.5,42.5,225,71325,15400.0,CE
2021-03-24 10:05:00,41.85,41.85,41.85,41.85,225,71325,15400.0,CE
2021-03-24 10:06:00,41.9,41.95,41.9,41.95,675,71700,15400.0,CE
2021-03-24 10:07:00,41.85,41.85,41.85,41.85,75,71700,15400.0,CE
2021-03-24 10:09:00,41.2,41.45,41.2,41.35,750,71850,15400.0,CE
2021-03-24 10:10:00,43.25,43.25,41.2,41.2,300,71850,15400.0,CE
2021-03-24 10:12:00,41.7,41.8,41.7,41.8,150,71625,15400.0,CE
2021-03-24 10:15:00,42.0,42.0,42.0,42.0,225,71775,15400.0,CE
2021-03-24 10:16:00,40.0,40.0,40.0,40.0,600,71775,15400.0,CE
2021-03-24 10:17:00,40.55,41.0,40.55,41.0,525,72150,15400.0,CE
2021-03-24 10:18:00,40.95,41.1,40.95,41.0,300,72150,15400.0,CE
2021-03-24 10:19:00,40.95,41.95,40.95,41.95,375,72150,15400.0,CE
2021-03-24 10:20:00,40.5,42.0,40.5,42.0,900,72300,15400.0,CE
2021-03-24 10:21:00,42.0,42.0,42.0,42.0,375,72300,15400.0,CE
2021-03-24 10:22:00,42.05,42.05,42.05,42.05,75,72300,15400.0,CE
2021-03-24 10:23:00,42.2,42.2,42.2,42.2,75,72300,15400.0,CE
2021-03-24 10:25:00,43.3,43.3,43.3,43.3,150,72450,15400.0,CE
2021-03-24 10:26:00,44.5,44.5,44.5,44.5,75,72450,15400.0,CE
2021-03-24 10:27:00,45.2,45.2,43.15,43.15,150,72450,15400.0,CE
2021-03-24 10:28:00,43.35,43.35,43.0,43.0,450,72450,15400.0,CE
2021-03-24 10:29:00,42.5,42.5,42.05,42.05,450,72450,15400.0,CE
2021-03-24 10:30:00,41.55,41.55,41.5,41.5,975,72750,15400.0,CE
2021-03-24 10:31:00,41.5,42.3,41.2,42.3,1650,72750,15400.0,CE
2021-03-24 10:32:00,42.0,42.0,41.6,41.7,2025,72750,15400.0,CE
2021-03-24 10:33:00,42.0,42.0,42.0,42.0,150,72750,15400.0,CE
2021-03-24 10:34:00,41.3,41.3,41.3,41.3,150,72750,15400.0,CE
2021-03-24 10:35:00,42.4,42.4,42.25,42.25,225,72750,15400.0,CE
2021-03-24 10:36:00,43.05,43.05,43.05,43.05,75,70650,15400.0,CE
2021-03-24 10:37:00,41.95,41.95,41.0,41.5,750,70650,15400.0,CE
2021-03-24 10:38:00,40.5,41.6,40.5,41.6,450,70800,15400.0,CE
2021-03-24 10:40:00,40.15,40.9,40.0,40.0,525,70800,15400.0,CE
2021-03-24 10:41:00,40.15,41.05,40.15,41.05,375,70425,15400.0,CE
2021-03-24 10:43:00,42.05,42.05,42.05,42.05,150,70425,15400.0,CE
2021-03-24 10:45:00,42.2,42.2,42.2,42.2,225,70050,15400.0,CE
2021-03-24 10:46:00,42.2,42.2,42.2,42.2,75,70050,15400.0,CE
2021-03-24 10:49:00,42.25,42.25,42.25,42.25,150,70125,15400.0,CE
2021-03-24 10:51:00,42.25,42.4,40.0,40.0,1200,70275,15400.0,CE
2021-03-24 10:52:00,40.0,40.0,39.55,39.55,1275,70275,15400.0,CE
2021-03-24 10:53:00,39.55,40.4,39.55,40.4,1200,70275,15400.0,CE
2021-03-24 10:55:00,40.0,40.0,40.0,40.0,300,69375,15400.0,CE
2021-03-24 10:59:00,41.45,41.45,41.25,41.25,150,69375,15400.0,CE
2021-03-24 11:00:00,41.2,41.45,41.0,41.45,225,69375,15400.0,CE
2021-03-24 11:01:00,41.95,41.95,41.95,41.95,75,69375,15400.0,CE
2021-03-24 11:03:00,42.0,42.0,42.0,42.0,150,69150,15400.0,CE
2021-03-24 11:05:00,42.85,42.85,42.85,42.85,75,69150,15400.0,CE
2021-03-24 11:06:00,41.8,42.0,41.8,41.9,675,69150,15400.0,CE
2021-03-24 11:07:00,42.0,42.0,42.0,42.0,75,69150,15400.0,CE
2021-03-24 11:09:00,41.8,41.8,41.8,41.8,75,68700,15400.0,CE
2021-03-24 11:10:00,40.25,40.3,40.25,40.3,525,68700,15400.0,CE
2021-03-24 11:11:00,40.8,40.8,40.8,40.8,150,68700,15400.0,CE
2021-03-24 11:13:00,41.95,41.95,41.95,41.95,300,68475,15400.0,CE
2021-03-24 11:14:00,41.3,42.0,41.3,42.0,600,68475,15400.0,CE
2021-03-24 11:16:00,41.15,42.0,41.15,42.0,225,67875,15400.0,CE
2021-03-24 11:20:00,41.55,41.55,41.0,41.0,450,67650,15400.0,CE
2021-03-24 11:21:00,41.0,41.0,41.0,41.0,75,67800,15400.0,CE
2021-03-24 11:25:00,41.95,41.95,41.95,41.95,75,67725,15400.0,CE
2021-03-24 11:27:00,41.8,41.8,41.8,41.8,300,67650,15400.0,CE
2021-03-24 11:31:00,41.05,41.05,40.0,40.0,300,67650,15400.0,CE
2021-03-24 11:32:00,40.0,40.0,39.75,39.8,525,67650,15400.0,CE
2021-03-24 11:33:00,40.05,40.25,40.0,40.0,1350,67950,15400.0,CE
2021-03-24 11:34:00,39.6,39.6,39.6,39.6,225,67950,15400.0,CE
2021-03-24 11:35:00,39.35,39.35,39.35,39.35,75,67950,15400.0,CE
2021-03-24 11:36:00,39.35,39.7,39.35,39.7,300,67800,15400.0,CE
2021-03-24 11:37:00,40.0,40.0,40.0,40.0,900,67800,15400.0,CE
2021-03-24 11:38:00,40.0,40.5,40.0,40.5,450,67800,15400.0,CE
2021-03-24 11:39:00,41.0,41.0,41.0,41.0,150,68025,15400.0,CE
2021-03-24 11:40:00,39.95,40.1,39.95,40.1,1950,68025,15400.0,CE
2021-03-24 11:41:00,40.0,40.0,40.0,40.0,150,68025,15400.0,CE
2021-03-24 11:42:00,39.3,40.5,39.3,40.5,4875,68250,15400.0,CE
2021-03-24 11:43:00,40.05,40.05,40.05,40.05,75,68250,15400.0,CE
2021-03-24 11:44:00,40.3,40.95,40.3,40.3,225,68250,15400.0,CE
2021-03-24 11:45:00,40.4,40.4,40.15,40.15,150,69150,15400.0,CE
2021-03-24 11:46:00,39.85,40.15,39.85,40.15,150,69150,15400.0,CE
2021-03-24 11:47:00,40.65,40.65,40.5,40.5,375,69150,15400.0,CE
2021-03-24 11:49:00,42.0,42.0,40.9,40.95,1275,69600,15400.0,CE
2021-03-24 11:50:00,41.4,41.4,41.4,41.4,150,69600,15400.0,CE
2021-03-24 11:51:00,40.75,40.8,40.7,40.8,300,69750,15400.0,CE
2021-03-24 11:53:00,40.65,40.65,40.0,40.05,2625,69750,15400.0,CE
2021-03-24 11:56:00,40.0,40.4,40.0,40.4,300,71175,15400.0,CE
2021-03-24 11:57:00,40.2,41.1,40.2,41.1,675,71175,15400.0,CE
2021-03-24 11:59:00,40.85,40.85,40.85,40.85,750,71175,15400.0,CE
2021-03-24 12:03:00,41.5,41.5,41.5,41.5,600,71175,15400.0,CE
2021-03-24 12:04:00,40.95,40.95,40.0,40.6,2025,71175,15400.0,CE
2021-03-24 12:05:00,40.5,40.5,40.5,40.5,75,71175,15400.0,CE
2021-03-24 12:11:00,40.0,40.0,40.0,40.0,150,73425,15400.0,CE
2021-03-24 12:15:00,41.7,41.7,41.7,41.7,225,73425,15400.0,CE
2021-03-24 12:16:00,41.6,41.6,41.45,41.45,225,73425,15400.0,CE
2021-03-24 12:18:00,41.15,41.15,41.15,41.15,150,73425,15400.0,CE
2021-03-24 12:21:00,42.05,42.05,42.05,42.05,75,73575,15400.0,CE
2021-03-24 12:22:00,41.35,42.0,41.35,42.0,825,73575,15400.0,CE
2021-03-24 12:23:00,41.55,41.55,41.5,41.5,300,73575,15400.0,CE
2021-03-24 12:25:00,42.0,42.0,42.0,42.0,150,73425,15400.0,CE
2021-03-24 12:30:00,42.0,42.0,42.0,42.0,75,73425,15400.0,CE
2021-03-24 12:31:00,41.35,41.35,41.35,41.35,225,73425,15400.0,CE
2021-03-24 12:32:00,42.3,43.5,41.95,43.5,900,73425,15400.0,CE
2021-03-24 12:33:00,43.0,43.3,42.85,43.0,1725,73200,15400.0,CE
2021-03-24 12:34:00,43.0,43.0,43.0,43.0,300,73200,15400.0,CE
2021-03-24 12:35:00,43.1,43.1,43.1,43.1,450,73200,15400.0,CE
2021-03-24 12:37:00,42.75,42.75,42.75,42.75,75,73500,15400.0,CE
2021-03-24 12:38:00,41.9,41.9,41.9,41.9,225,73500,15400.0,CE
2021-03-24 12:39:00,42.5,42.5,42.5,42.5,75,73500,15400.0,CE
2021-03-24 12:41:00,41.05,41.05,41.0,41.0,150,73725,15400.0,CE
2021-03-24 12:43:00,42.8,42.8,42.8,42.8,75,73725,15400.0,CE
2021-03-24 12:44:00,42.15,42.15,42.15,42.15,375,73875,15400.0,CE
2021-03-24 12:47:00,40.8,40.8,40.8,40.8,75,74100,15400.0,CE
2021-03-24 12:48:00,41.0,41.75,41.0,41.75,600,74100,15400.0,CE
2021-03-24 12:50:00,41.05,41.25,41.05,41.25,1050,74100,15400.0,CE
2021-03-24 12:51:00,40.7,40.75,40.4,40.75,675,74175,15400.0,CE
2021-03-24 12:53:00,40.95,40.95,40.95,40.95,150,74175,15400.0,CE
2021-03-24 12:55:00,40.55,40.55,40.55,40.55,75,74025,15400.0,CE
2021-03-24 12:56:00,40.95,40.95,40.95,40.95,75,74025,15400.0,CE
2021-03-24 12:57:00,40.6,40.6,40.6,40.6,75,74025,15400.0,CE
2021-03-24 12:58:00,40.75,40.75,40.75,40.75,75,74100,15400.0,CE
2021-03-24 12:59:00,40.0,40.0,40.0,40.0,75,74100,15400.0,CE
2021-03-24 13:00:00,39.15,39.15,39.15,39.15,150,74100,15400.0,CE
2021-03-24 13:02:00,38.9,38.9,38.9,38.9,1275,74100,15400.0,CE
2021-03-24 13:04:00,38.9,38.9,38.9,38.9,75,74100,15400.0,CE
2021-03-24 13:06:00,40.3,41.75,40.3,41.75,300,74100,15400.0,CE
2021-03-24 13:10:00,39.7,39.7,39.7,39.7,75,74100,15400.0,CE
2021-03-24 13:14:00,39.75,39.75,39.75,39.75,150,74100,15400.0,CE
2021-03-24 13:15:00,40.05,40.05,40.05,40.05,300,74100,15400.0,CE
2021-03-24 13:16:00,40.85,40.85,39.65,39.65,1575,74550,15400.0,CE
2021-03-24 13:17:00,39.8,39.8,39.35,39.35,300,74550,15400.0,CE
2021-03-24 13:19:00,40.5,40.5,40.5,40.5,75,73500,15400.0,CE
2021-03-24 13:20:00,41.5,42.3,41.5,42.3,975,73500,15400.0,CE
2021-03-24 13:21:00,41.5,41.5,41.5,41.5,300,73500,15400.0,CE
2021-03-24 13:26:00,40.15,40.3,40.15,40.15,375,73500,15400.0,CE
2021-03-24 13:30:00,40.5,40.85,40.5,40.85,375,73425,15400.0,CE
2021-03-24 13:31:00,40.15,42.05,39.9,41.1,1050,73425,15400.0,CE
2021-03-24 13:33:00,40.15,40.15,39.85,39.85,150,73575,15400.0,CE
2021-03-24 13:36:00,39.0,39.0,39.0,39.0,75,73575,15400.0,CE
2021-03-24 13:37:00,39.7,40.0,39.7,40.0,225,73575,15400.0,CE
2021-03-24 13:38:00,40.0,40.0,40.0,40.0,225,73575,15400.0,CE
2021-03-24 13:43:00,40.6,40.6,40.6,40.6,75,73350,15400.0,CE
2021-03-24 13:45:00,40.7,40.7,40.5,40.6,225,73350,15400.0,CE
2021-03-24 13:54:00,40.1,40.1,40.1,40.1,75,73275,15400.0,CE
2021-03-24 13:55:00,40.25,40.35,40.25,40.35,150,73275,15400.0,CE
2021-03-24 13:56:00,42.0,42.0,42.0,42.0,75,73275,15400.0,CE
2021-03-24 13:57:00,40.65,40.9,40.65,40.9,150,73350,15400.0,CE
2021-03-24 13:58:00,42.1,42.1,40.5,41.6,375,73350,15400.0,CE
2021-03-24 13:59:00,40.85,40.85,40.85,40.85,75,73350,15400.0,CE
2021-03-24 14:00:00,40.75,40.75,40.75,40.75,150,73350,15400.0,CE
2021-03-24 14:02:00,41.55,41.55,41.55,41.55,75,73350,15400.0,CE
2021-03-24 14:03:00,41.65,41.65,41.65,41.65,75,73350,15400.0,CE
2021-03-24 14:05:00,41.65,41.65,41.65,41.65,75,73350,15400.0,CE
2021-03-24 14:06:00,42.2,42.2,42.2,42.2,75,73425,15400.0,CE
2021-03-24 14:07:00,41.25,41.25,41.25,41.25,900,73425,15400.0,CE
2021-03-24 14:09:00,40.0,40.0,40.0,40.0,900,73725,15400.0,CE
2021-03-24 14:10:00,40.25,40.25,40.25,40.25,375,73725,15400.0,CE
2021-03-24 14:12:00,40.3,40.3,40.3,40.3,1050,73725,15400.0,CE
2021-03-24 14:13:00,41.0,41.0,41.0,41.0,150,73425,15400.0,CE
2021-03-24 14:14:00,41.0,41.0,41.0,41.0,1275,73425,15400.0,CE
2021-03-24 14:15:00,41.2,41.25,41.2,41.25,150,73575,15400.0,CE
2021-03-24 14:20:00,40.95,40.95,40.95,40.95,75,73575,15400.0,CE
2021-03-24 14:22:00,40.5,40.5,40.5,40.5,750,73575,15400.0,CE
2021-03-24 14:23:00,40.45,40.45,40.0,40.0,225,73575,15400.0,CE
2021-03-24 14:25:00,40.2,40.95,40.2,40.95,150,73725,15400.0,CE
2021-03-24 14:30:00,41.95,41.95,41.95,41.95,75,73650,15400.0,CE
2021-03-24 14:32:00,40.45,40.45,40.45,40.45,150,73725,15400.0,CE
2021-03-24 14:33:00,40.4,40.4,40.4,40.4,75,73575,15400.0,CE
2021-03-24 14:35:00,40.55,40.55,40.55,40.55,225,73575,15400.0,CE
2021-03-24 14:36:00,40.6,42.35,40.6,41.8,1050,74250,15400.0,CE
2021-03-24 14:40:00,41.0,41.0,41.0,41.0,225,73950,15400.0,CE
2021-03-24 14:41:00,41.05,41.05,41.05,41.05,150,73950,15400.0,CE
2021-03-24 14:42:00,41.6,41.6,40.35,40.35,450,74100,15400.0,CE
2021-03-24 14:45:00,41.4,41.4,41.4,41.4,75,74100,15400.0,CE
2021-03-24 14:46:00,40.3,40.3,40.3,40.3,75,74100,15400.0,CE
2021-03-24 14:47:00,39.05,39.05,37.5,37.5,1800,74100,15400.0,CE
2021-03-24 14:48:00,36.8,36.8,35.65,35.65,525,75300,15400.0,CE
2021-03-24 14:49:00,35.65,35.65,35.25,35.25,225,75300,15400.0,CE
2021-03-24 14:50:00,35.35,35.6,35.35,35.6,600,75300,15400.0,CE
2021-03-24 14:51:00,35.05,36.1,35.05,36.1,1050,75300,15400.0,CE
2021-03-24 14:55:00,35.5,35.7,35.5,35.7,1350,73950,15400.0,CE
2021-03-24 14:56:00,36.35,37.2,36.0,36.0,900,73950,15400.0,CE
2021-03-24 14:57:00,36.25,36.25,35.95,35.95,525,73950,15400.0,CE
2021-03-24 14:58:00,35.45,35.95,35.45,35.45,2925,73950,15400.0,CE
2021-03-24 14:59:00,35.9,35.9,35.4,35.55,450,73950,15400.0,CE
2021-03-24 15:00:00,35.45,36.45,34.6,34.6,1725,73650,15400.0,CE
2021-03-24 15:01:00,34.6,35.65,34.5,34.5,375,73650,15400.0,CE
2021-03-24 15:02:00,33.9,34.6,33.9,34.5,675,73650,15400.0,CE
2021-03-24 15:05:00,38.75,38.75,33.55,33.55,1950,74400,15400.0,CE
2021-03-24 15:06:00,33.55,33.55,33.55,33.55,225,74250,15400.0,CE
2021-03-24 15:07:00,33.55,33.8,33.55,33.8,825,74250,15400.0,CE
2021-03-24 15:08:00,33.8,33.95,33.8,33.95,900,74250,15400.0,CE
2021-03-24 15:09:00,33.7,33.7,33.7,33.7,75,74250,15400.0,CE
2021-03-24 15:10:00,34.5,34.5,34.0,34.0,1200,74925,15400.0,CE
2021-03-24 15:11:00,34.8,35.15,34.8,35.1,750,74925,15400.0,CE
2021-03-24 15:13:00,34.1,34.5,33.55,33.55,3450,74925,15400.0,CE
2021-03-24 15:14:00,32.2,34.0,32.2,34.0,375,74925,15400.0,CE
2021-03-24 15:15:00,34.45,34.55,34.45,34.5,225,74925,15400.0,CE
2021-03-24 15:16:00,33.7,33.75,33.7,33.75,225,76050,15400.0,CE
2021-03-24 15:17:00,33.5,34.15,33.5,34.15,2325,76050,15400.0,CE
2021-03-24 15:18:00,34.25,34.25,34.15,34.15,225,76050,15400.0,CE
2021-03-24 15:20:00,34.0,34.0,34.0,34.0,150,76425,15400.0,CE
2021-03-24 15:21:00,34.05,34.05,34.05,34.05,150,76425,15400.0,CE
2021-03-24 15:22:00,34.35,34.35,34.35,34.35,375,78750,15400.0,CE
2021-03-24 15:23:00,33.75,34.55,33.6,34.0,600,78750,15400.0,CE
2021-03-24 15:24:00,34.8,34.8,34.05,34.05,225,78750,15400.0,CE
2021-03-24 15:25:00,34.8,34.9,34.05,34.1,450,80550,15400.0,CE
2021-03-24 15:26:00,34.5,34.95,34.5,34.95,525,80550,15400.0,CE
2021-03-24 15:27:00,34.95,35.0,34.5,35.0,675,80550,15400.0,CE
2021-03-24 15:28:00,34.85,34.85,34.55,34.55,225,81825,15400.0,CE
2021-03-24 15:29:00,34.7,34.7,31.15,31.15,450,81825,15400.0,CE
2021-03-25 09:15:00,22.7,32.9,22.7,32.9,302,81750,15400.0,CE
2021-03-25 09:16:00,32.9,32.9,20.5,26.25,3975,81750,15400.0,CE
2021-03-25 09:17:00,26.75,26.75,26.3,26.3,750,81675,15400.0,CE
2021-03-25 09:18:00,27.65,27.65,26.35,27.0,1500,81675,15400.0,CE
2021-03-25 09:19:00,27.55,27.55,27.55,27.55,225,81675,15400.0,CE
2021-03-25 09:20:00,27.0,27.0,27.0,27.0,150,81675,15400.0,CE
2021-03-25 09:21:00,26.9,26.9,25.05,25.45,825,80250,15400.0,CE
2021-03-25 09:22:00,25.65,26.7,25.35,26.7,3075,80250,15400.0,CE
2021-03-25 09:23:00,25.8,26.65,23.1,26.0,6450,80175,15400.0,CE
2021-03-25 09:24:00,25.9,25.9,25.9,25.9,1200,80175,15400.0,CE
2021-03-25 09:25:00,25.85,26.35,25.85,26.0,1350,80175,15400.0,CE
2021-03-25 09:26:00,25.2,25.95,25.2,25.95,225,79125,15400.0,CE
2021-03-25 09:27:00,25.0,25.9,25.0,25.9,1425,79125,15400.0,CE
2021-03-25 09:28:00,25.15,25.9,25.15,25.9,1875,79125,15400.0,CE
2021-03-25 09:29:00,25.85,25.95,24.65,25.35,1575,74850,15400.0,CE
2021-03-25 09:30:00,25.35,25.95,24.5,25.85,1425,74850,15400.0,CE
2021-03-25 09:31:00,26.25,26.25,24.75,25.35,2025,74850,15400.0,CE
2021-03-25 09:32:00,25.95,25.95,25.5,25.5,600,74925,15400.0,CE
2021-03-25 09:33:00,25.5,25.5,25.25,25.5,750,74925,15400.0,CE
2021-03-25 09:34:00,24.9,24.9,24.9,24.9,225,74925,15400.0,CE
2021-03-25 09:35:00,24.85,27.0,24.75,27.0,1275,75525,15400.0,CE
2021-03-25 09:36:00,25.1,25.15,24.75,24.75,1200,75525,15400.0,CE
2021-03-25 09:37:00,24.6,24.7,24.6,24.65,525,75525,15400.0,CE
2021-03-25 09:38:00,24.5,25.0,24.5,24.7,900,74100,15400.0,CE
2021-03-25 09:39:00,24.75,24.9,24.55,24.55,675,74100,15400.0,CE
2021-03-25 09:40:00,24.7,24.7,24.7,24.7,75,74100,15400.0,CE
2021-03-25 09:41:00,27.1,27.1,24.6,24.6,1200,74100,15400.0,CE
2021-03-25 09:42:00,25.3,25.3,25.0,25.0,150,73125,15400.0,CE
2021-03-25 09:43:00,25.0,25.0,25.0,25.0,900,73125,15400.0,CE
2021-03-25 09:44:00,24.35,25.0,24.25,24.55,2025,72375,15400.0,CE
2021-03-25 09:45:00,24.35,24.85,23.5,23.5,2325,72375,15400.0,CE
2021-03-25 09:46:00,23.5,24.2,23.4,23.85,1875,72375,15400.0,CE
2021-03-25 09:47:00,23.7,23.7,22.9,22.9,1125,70725,15400.0,CE
2021-03-25 09:48:00,22.85,22.85,22.85,22.85,75,70725,15400.0,CE
2021-03-25 09:49:00,22.2,22.4,22.2,22.4,600,70725,15400.0,CE
2021-03-25 09:50:00,22.7,22.85,22.55,22.55,2625,70350,15400.0,CE
2021-03-25 09:51:00,22.35,22.5,22.25,22.35,1200,70350,15400.0,CE
2021-03-25 09:52:00,22.1,22.3,22.0,22.2,1275,70350,15400.0,CE
2021-03-25 09:53:00,22.65,22.85,22.55,22.85,600,69975,15400.0,CE
2021-03-25 09:54:00,22.9,22.9,22.4,22.5,450,69975,15400.0,CE
2021-03-25 09:55:00,22.5,22.55,22.5,22.5,675,69975,15400.0,CE
2021-03-25 09:56:00,22.35,22.35,22.2,22.3,975,70125,15400.0,CE
2021-03-25 09:57:00,22.85,22.85,21.75,21.8,1050,70125,15400.0,CE
2021-03-25 09:58:00,21.6,22.4,21.6,22.4,225,70125,15400.0,CE
2021-03-25 09:59:00,21.95,21.95,21.95,21.95,150,70125,15400.0,CE
2021-03-25 10:00:00,21.95,21.95,21.95,21.95,75,69300,15400.0,CE
2021-03-25 10:01:00,22.1,22.1,21.9,21.9,225,69300,15400.0,CE
2021-03-25 10:02:00,22.15,23.35,21.95,23.35,1575,69075,15400.0,CE
2021-03-25 10:03:00,22.35,22.35,22.35,22.35,75,69075,15400.0,CE
2021-03-25 10:04:00,22.35,22.35,22.35,22.35,750,69075,15400.0,CE
2021-03-25 10:06:00,22.75,22.75,22.75,22.75,225,67050,15400.0,CE
2021-03-25 10:09:00,23.0,23.35,22.95,23.35,600,67125,15400.0,CE
2021-03-25 10:10:00,23.45,23.5,23.3,23.3,525,67125,15400.0,CE
2021-03-25 10:11:00,23.3,23.5,23.2,23.2,1350,66900,15400.0,CE
2021-03-25 10:12:00,22.9,23.1,20.0,22.55,1350,66900,15400.0,CE
2021-03-25 10:13:00,22.6,22.6,22.6,22.6,150,66900,15400.0,CE
2021-03-25 10:14:00,22.95,23.0,22.55,22.55,825,66675,15400.0,CE
2021-03-25 10:15:00,20.9,23.2,20.9,23.2,825,66675,15400.0,CE
2021-03-25 10:16:00,23.05,23.05,22.85,22.85,525,66675,15400.0,CE
2021-03-25 10:19:00,22.85,22.9,22.85,22.85,825,66675,15400.0,CE
2021-03-25 10:20:00,21.15,21.25,21.15,21.25,150,67200,15400.0,CE
2021-03-25 10:21:00,21.25,21.5,21.25,21.5,675,67200,15400.0,CE
2021-03-25 10:22:00,21.0,21.0,21.0,21.0,225,67200,15400.0,CE
2021-03-25 10:23:00,21.5,21.7,21.5,21.7,150,67200,15400.0,CE
2021-03-25 10:24:00,21.25,21.25,21.25,21.25,75,67200,15400.0,CE
2021-03-25 10:25:00,21.0,23.7,21.0,23.7,150,67200,15400.0,CE
2021-03-25 10:27:00,21.8,21.8,21.8,21.8,150,67200,15400.0,CE
2021-03-25 10:28:00,21.3,21.3,21.3,21.3,75,67200,15400.0,CE
2021-03-25 10:29:00,21.1,21.1,20.9,20.9,900,67800,15400.0,CE
2021-03-25 10:30:00,21.0,21.0,21.0,21.0,150,67800,15400.0,CE
2021-03-25 10:31:00,21.5,21.5,21.5,21.5,75,67800,15400.0,CE
2021-03-25 10:32:00,21.65,21.65,21.4,21.4,525,67875,15400.0,CE
2021-03-25 10:33:00,21.3,21.3,21.3,21.3,75,67875,15400.0,CE
2021-03-25 10:34:00,21.35,21.35,21.1,21.25,2175,67875,15400.0,CE
2021-03-25 10:35:00,21.05,21.25,18.5,18.5,2775,67950,15400.0,CE
2021-03-25 10:36:00,21.0,21.1,20.85,20.9,2700,67950,15400.0,CE
2021-03-25 10:37:00,21.1,21.2,21.1,21.2,375,67950,15400.0,CE
2021-03-25 10:38:00,21.2,21.2,21.2,21.2,375,67950,15400.0,CE
2021-03-25 10:39:00,21.6,21.9,21.6,21.9,1125,68175,15400.0,CE
2021-03-25 10:40:00,21.95,21.95,21.95,21.95,225,68175,15400.0,CE
2021-03-25 10:41:00,21.85,21.85,21.85,21.85,75,68175,15400.0,CE
2021-03-25 10:42:00,21.4,21.4,21.15,21.15,1200,68175,15400.0,CE
2021-03-25 10:43:00,20.95,20.95,18.45,20.85,1200,68175,15400.0,CE
2021-03-25 10:44:00,21.1,21.1,21.1,21.1,75,68175,15400.0,CE
2021-03-25 10:45:00,20.75,21.4,20.75,21.4,525,68100,15400.0,CE
2021-03-25 10:46:00,21.45,21.55,21.45,21.55,750,68100,15400.0,CE
2021-03-25 10:47:00,21.55,21.55,21.5,21.55,1500,68100,15400.0,CE
2021-03-25 10:48:00,21.2,21.2,21.15,21.2,1125,68100,15400.0,CE
2021-03-25 10:49:00,21.05,21.05,21.05,21.05,300,68100,15400.0,CE
2021-03-25 10:50:00,21.05,21.3,21.05,21.3,450,68100,15400.0,CE
2021-03-25 10:51:00,21.3,21.35,21.3,21.35,525,67950,15400.0,CE
2021-03-25 10:52:00,21.25,21.25,16.8,16.8,300,67950,15400.0,CE
2021-03-25 10:54:00,20.15,20.55,20.15,20.45,225,69825,15400.0,CE
2021-03-25 10:55:00,20.15,20.15,20.15,20.15,75,69825,15400.0,CE
2021-03-25 10:56:00,20.2,20.2,20.0,20.1,375,71400,15400.0,CE
2021-03-25 10:57:00,20.05,20.05,20.05,20.05,150,71400,15400.0,CE
2021-03-25 10:58:00,20.35,20.35,20.0,20.0,525,71400,15400.0,CE
2021-03-25 10:59:00,19.95,20.5,19.95,20.5,1725,71700,15400.0,CE
2021-03-25 11:01:00,20.55,20.55,20.55,20.55,150,71700,15400.0,CE
2021-03-25 11:02:00,20.85,20.85,20.75,20.75,525,70875,15400.0,CE
2021-03-25 11:03:00,20.75,20.85,20.75,20.85,675,70875,15400.0,CE
2021-03-25 11:04:00,18.05,18.05,18.05,18.05,75,70875,15400.0,CE
2021-03-25 11:05:00,20.75,20.75,20.25,20.25,1200,70875,15400.0,CE
2021-03-25 11:06:00,20.5,20.5,20.5,20.5,150,71850,15400.0,CE
2021-03-25 11:07:00,20.0,20.05,20.0,20.05,225,71850,15400.0,CE
2021-03-25 11:09:00,21.05,21.15,20.65,20.65,900,72150,15400.0,CE
2021-03-25 11:10:00,20.5,20.9,20.45,20.9,525,72150,15400.0,CE
2021-03-25 11:11:00,20.7,20.85,20.7,20.85,150,72150,15400.0,CE
2021-03-25 11:12:00,20.55,20.55,20.55,20.55,75,72225,15400.0,CE
2021-03-25 11:14:00,20.6,20.6,19.3,19.3,1050,72225,15400.0,CE
2021-03-25 11:15:00,20.5,20.5,19.8,19.8,450,72375,15400.0,CE
2021-03-25 11:17:00,20.55,20.65,20.55,20.6,975,72375,15400.0,CE
2021-03-25 11:18:00,20.7,20.9,20.7,20.9,450,72900,15400.0,CE
2021-03-25 11:20:00,19.55,19.55,19.55,19.55,75,72900,15400.0,CE
2021-03-25 11:21:00,20.7,20.7,20.6,20.6,450,72975,15400.0,CE
2021-03-25 11:22:00,21.1,21.5,21.0,21.25,1200,72975,15400.0,CE
2021-03-25 11:23:00,21.55,21.55,21.5,21.5,225,72975,15400.0,CE
2021-03-25 11:29:00,21.0,21.2,21.0,21.15,225,73050,15400.0,CE
2021-03-25 11:34:00,21.3,21.35,21.3,21.35,300,73575,15400.0,CE
2021-03-25 11:35:00,21.55,21.7,21.5,21.5,600,73575,15400.0,CE
2021-03-25 11:36:00,20.6,20.6,20.6,20.6,150,73725,15400.0,CE
2021-03-25 11:37:00,21.25,21.25,21.25,21.25,525,73725,15400.0,CE
2021-03-25 11:38:00,21.4,21.4,20.55,20.55,600,73725,15400.0,CE
2021-03-25 11:39:00,21.35,21.4,21.35,21.4,600,73950,15400.0,CE
2021-03-25 11:40:00,20.45,20.45,20.45,20.45,150,73950,15400.0,CE
2021-03-25 11:41:00,20.3,20.3,20.2,20.2,225,73950,15400.0,CE
2021-03-25 11:43:00,19.9,19.9,19.9,19.9,150,73950,15400.0,CE
2021-03-25 11:44:00,20.3,20.3,20.3,20.3,450,73950,15400.0,CE
2021-03-25 11:45:00,19.7,19.7,19.7,19.7,300,73950,15400.0,CE
2021-03-25 11:46:00,20.65,20.65,19.7,20.1,1050,73950,15400.0,CE
2021-03-25 11:47:00,19.7,19.7,19.65,19.65,1125,73950,15400.0,CE
2021-03-25 11:48:00,19.4,19.45,19.35,19.35,750,73725,15400.0,CE
2021-03-25 11:50:00,19.25,19.25,19.25,19.25,375,73725,15400.0,CE
2021-03-25 11:52:00,19.25,19.25,19.25,19.25,75,74100,15400.0,CE
2021-03-25 11:53:00,19.75,19.75,19.1,19.1,225,74100,15400.0,CE
2021-03-25 11:54:00,18.7,18.7,18.7,18.7,600,74550,15400.0,CE
2021-03-25 11:56:00,18.3,18.7,18.3,18.7,1050,74550,15400.0,CE
2021-03-25 11:57:00,17.6,17.6,17.6,17.6,825,72675,15400.0,CE
2021-03-25 11:58:00,17.85,17.85,17.85,17.85,150,72675,15400.0,CE
2021-03-25 11:59:00,18.7,18.7,18.15,18.15,450,72675,15400.0,CE
2021-03-25 12:00:00,17.5,18.05,17.5,18.0,525,73050,15400.0,CE
2021-03-25 12:01:00,17.05,17.7,17.05,17.45,600,73050,15400.0,CE
2021-03-25 12:02:00,17.45,17.6,17.45,17.6,225,73050,15400.0,CE
2021-03-25 12:03:00,17.4,17.4,17.1,17.1,300,72825,15400.0,CE
2021-03-25 12:04:00,17.0,17.0,17.0,17.0,75,72825,15400.0,CE
2021-03-25 12:05:00,17.55,17.55,17.55,17.55,150,72825,15400.0,CE
2021-03-25 12:06:00,17.85,17.9,17.85,17.9,225,74175,15400.0,CE
2021-03-25 12:07:00,17.5,17.5,17.5,17.5,75,74175,15400.0,CE
2021-03-25 12:09:00,17.7,17.7,17.7,17.7,75,74325,15400.0,CE
2021-03-25 12:10:00,16.7,16.7,16.7,16.7,450,74325,15400.0,CE
2021-03-25 12:11:00,16.7,16.7,16.7,16.7,150,74325,15400.0,CE
2021-03-25 12:13:00,17.5,17.5,17.5,17.5,525,74175,15400.0,CE
2021-03-25 12:14:00,18.0,18.0,17.8,18.0,1725,74175,15400.0,CE
2021-03-25 12:15:00,17.7,17.7,17.7,17.7,525,74625,15400.0,CE
2021-03-25 12:16:00,17.7,17.7,17.7,17.7,75,74625,15400.0,CE
2021-03-25 12:20:00,18.15,18.15,18.15,18.15,675,74400,15400.0,CE
2021-03-25 12:21:00,18.3,18.3,17.7,17.7,450,74550,15400.0,CE
2021-03-25 12:22:00,17.75,18.15,17.75,18.15,375,74550,15400.0,CE
2021-03-25 12:25:00,18.4,18.45,18.4,18.45,525,74400,15400.0,CE
2021-03-25 12:26:00,18.45,18.45,18.45,18.45,150,74400,15400.0,CE
2021-03-25 12:29:00,18.45,18.45,18.45,18.45,75,74475,15400.0,CE
2021-03-25 12:30:00,17.9,17.9,17.9,17.9,150,75075,15400.0,CE
2021-03-25 12:31:00,17.5,17.5,17.25,17.3,1725,75075,15400.0,CE
2021-03-25 12:32:00,17.85,17.85,17.5,17.5,1650,75075,15400.0,CE
2021-03-25 12:34:00,17.9,17.9,16.75,16.75,375,75150,15400.0,CE
2021-03-25 12:36:00,18.1,18.85,18.1,18.2,300,74475,15400.0,CE
2021-03-25 12:37:00,17.6,17.6,17.6,17.6,75,74475,15400.0,CE
2021-03-25 12:38:00,17.75,17.75,17.75,17.75,300,74475,15400.0,CE
2021-03-25 12:40:00,17.7,17.75,17.7,17.75,225,74175,15400.0,CE
2021-03-25 12:41:00,17.75,17.75,17.75,17.75,375,74175,15400.0,CE
2021-03-25 12:42:00,17.75,17.75,17.75,17.75,150,73950,15400.0,CE
2021-03-25 12:45:00,17.9,17.9,17.9,17.9,225,73875,15400.0,CE
2021-03-25 12:48:00,17.8,17.8,17.8,17.8,225,73725,15400.0,CE
2021-03-25 12:49:00,17.85,17.85,16.65,17.65,750,73725,15400.0,CE
2021-03-25 12:50:00,17.65,17.8,17.65,17.8,1425,73725,15400.0,CE
2021-03-25 12:51:00,17.75,17.8,17.75,17.8,825,73350,15400.0,CE
2021-03-25 12:52:00,17.8,17.8,16.1,17.6,1500,73350,15400.0,CE
2021-03-25 12:53:00,17.85,17.85,17.75,17.75,225,73350,15400.0,CE
2021-03-25 12:55:00,17.7,18.35,17.7,18.35,225,73275,15400.0,CE
2021-03-25 12:56:00,17.65,18.7,17.65,18.7,225,73275,15400.0,CE
2021-03-25 12:57:00,17.45,17.8,17.4,17.4,3975,73500,15400.0,CE
2021-03-25 12:58:00,17.75,17.75,16.3,17.75,1950,73500,15400.0,CE
2021-03-25 12:59:00,17.3,17.3,17.3,17.3,375,73500,15400.0,CE
2021-03-25 13:00:00,17.15,17.15,16.95,16.95,375,73725,15400.0,CE
2021-03-25 13:03:00,17.2,17.35,17.2,17.35,450,73800,15400.0,CE
2021-03-25 13:04:00,17.3,17.3,17.3,17.3,225,73800,15400.0,CE
2021-03-25 13:05:00,17.05,17.05,16.05,16.05,750,73800,15400.0,CE
2021-03-25 13:06:00,16.0,17.05,16.0,17.05,600,74025,15400.0,CE
2021-03-25 13:07:00,17.25,17.3,17.25,17.3,975,74025,15400.0,CE
2021-03-25 13:08:00,16.0,17.0,16.0,17.0,750,74025,15400.0,CE
2021-03-25 13:09:00,17.75,17.85,17.75,17.85,525,73725,15400.0,CE
2021-03-25 13:10:00,17.9,17.9,17.3,17.4,2100,73725,15400.0,CE
2021-03-25 13:11:00,16.2,17.65,16.2,17.65,1425,73725,15400.0,CE
2021-03-25 13:12:00,17.2,17.65,16.3,17.65,1725,73350,15400.0,CE
2021-03-25 13:13:00,17.75,17.75,17.1,17.6,2100,73350,15400.0,CE
2021-03-25 13:17:00,18.35,18.55,17.9,18.55,975,73350,15400.0,CE
2021-03-25 13:18:00,18.05,18.35,18.05,18.35,675,73200,15400.0,CE
2021-03-25 13:19:00,18.55,18.7,18.55,18.7,1125,73200,15400.0,CE
2021-03-25 13:22:00,18.35,18.35,18.35,18.35,225,73650,15400.0,CE
2021-03-25 13:23:00,18.3,18.3,18.3,18.3,150,73650,15400.0,CE
2021-03-25 13:24:00,18.8,18.8,18.0,18.0,375,72375,15400.0,CE
2021-03-25 13:25:00,16.3,18.35,16.3,18.35,450,72375,15400.0,CE
2021-03-25 13:26:00,18.45,18.45,18.45,18.45,225,72375,15400.0,CE
2021-03-25 13:27:00,18.1,18.55,18.1,18.55,450,71700,15400.0,CE
2021-03-25 13:28:00,17.0,18.65,17.0,18.65,225,71700,15400.0,CE
2021-03-25 13:29:00,18.65,19.75,18.5,19.65,3900,71700,15400.0,CE
2021-03-25 13:30:00,18.7,19.5,18.7,19.5,5175,71700,15400.0,CE
2021-03-25 13:32:00,19.2,19.2,19.2,19.2,150,71700,15400.0,CE
2021-03-25 13:33:00,19.3,19.95,19.1,19.1,975,71475,15400.0,CE
2021-03-25 13:34:00,18.9,19.05,18.6,19.05,825,71475,15400.0,CE
2021-03-25 13:35:00,19.85,19.85,19.0,19.35,300,71475,15400.0,CE
2021-03-25 13:36:00,19.3,19.3,19.1,19.1,600,72075,15400.0,CE
2021-03-25 13:37:00,18.6,19.05,18.6,19.05,225,72075,15400.0,CE
2021-03-25 13:38:00,18.55,18.75,18.55,18.75,225,72075,15400.0,CE
2021-03-25 13:39:00,19.5,19.5,19.5,19.5,75,72300,15400.0,CE
2021-03-25 13:41:00,19.8,20.0,19.8,19.95,375,72300,15400.0,CE
2021-03-25 13:42:00,19.95,20.0,19.0,19.25,1350,72900,15400.0,CE
2021-03-25 13:43:00,19.35,19.9,19.35,19.9,375,72900,15400.0,CE
2021-03-25 13:44:00,19.8,20.0,19.6,19.6,525,72900,15400.0,CE
2021-03-25 13:45:00,19.7,19.7,19.7,19.7,375,73125,15400.0,CE
2021-03-25 13:46:00,20.15,21.0,20.15,21.0,1125,73125,15400.0,CE
2021-03-25 13:47:00,20.7,20.7,20.05,20.05,1350,73125,15400.0,CE
2021-03-25 13:48:00,20.0,20.25,18.15,20.25,750,73050,15400.0,CE
2021-03-25 13:50:00,20.25,20.25,20.25,20.25,75,73050,15400.0,CE
2021-03-25 13:51:00,19.05,19.3,19.05,19.3,225,73275,15400.0,CE
2021-03-25 13:52:00,18.65,18.65,18.65,18.65,75,73275,15400.0,CE
2021-03-25 13:53:00,18.65,20.0,18.65,19.85,900,73275,15400.0,CE
2021-03-25 13:54:00,19.45,19.45,19.45,19.45,75,73275,15400.0,CE
2021-03-25 13:55:00,19.45,19.45,19.45,19.45,525,73800,15400.0,CE
2021-03-25 13:58:00,20.4,20.4,19.35,19.35,225,73950,15400.0,CE
2021-03-25 13:59:00,19.35,19.35,19.35,19.35,75,73950,15400.0,CE
2021-03-25 14:01:00,20.0,20.0,20.0,20.0,150,74700,15400.0,CE
2021-03-25 14:05:00,20.2,20.2,20.15,20.15,750,74700,15400.0,CE
2021-03-25 14:07:00,19.45,19.45,19.45,19.45,75,74025,15400.0,CE
2021-03-25 14:08:00,19.55,19.55,19.4,19.4,825,74025,15400.0,CE
2021-03-25 14:09:00,19.4,19.75,19.4,19.75,450,74175,15400.0,CE
2021-03-25 14:10:00,19.7,21.15,19.4,21.15,1500,74175,15400.0,CE
2021-03-25 14:11:00,20.15,20.15,19.65,19.65,450,74175,15400.0,CE
2021-03-25 14:13:00,20.0,20.0,19.0,19.0,1275,74325,15400.0,CE
2021-03-25 14:15:00,19.9,19.9,19.8,19.8,300,74325,15400.0,CE
2021-03-25 14:16:00,19.95,19.95,18.7,18.7,900,74475,15400.0,CE
2021-03-25 14:18:00,19.65,19.65,19.65,19.65,75,74475,15400.0,CE
2021-03-25 14:19:00,19.85,19.85,18.15,18.15,150,74475,15400.0,CE
2021-03-25 14:20:00,18.85,18.85,18.15,18.15,450,74475,15400.0,CE
2021-03-25 14:21:00,18.75,18.75,17.95,17.95,675,74550,15400.0,CE
2021-03-25 14:22:00,18.55,18.55,18.5,18.5,150,74550,15400.0,CE
2021-03-25 14:23:00,18.15,18.15,18.15,18.15,750,74550,15400.0,CE
2021-03-25 14:26:00,18.15,18.45,18.15,18.45,375,74550,15400.0,CE
2021-03-25 14:27:00,18.35,19.45,18.35,18.35,675,74550,15400.0,CE
2021-03-25 14:28:00,17.45,18.5,17.45,18.5,3525,75300,15400.0,CE
2021-03-25 14:29:00,18.8,18.8,18.8,18.8,450,75300,15400.0,CE
2021-03-25 14:32:00,19.8,19.8,19.8,19.8,150,75300,15400.0,CE
2021-03-25 14:33:00,19.8,19.8,19.8,19.8,300,75300,15400.0,CE
2021-03-25 14:34:00,19.4,19.4,19.4,19.4,300,75300,15400.0,CE
2021-03-25 14:35:00,19.4,19.4,19.1,19.1,375,75300,15400.0,CE
2021-03-25 14:37:00,19.5,19.55,19.3,19.3,375,75525,15400.0,CE
2021-03-25 14:39:00,19.2,19.2,19.2,19.2,150,75525,15400.0,CE
2021-03-25 14:40:00,18.95,19.0,18.95,19.0,750,75525,15400.0,CE
2021-03-25 14:41:00,19.9,20.0,19.9,19.9,1125,75525,15400.0,CE
2021-03-25 14:43:00,20.0,20.0,19.65,19.65,450,76275,15400.0,CE
2021-03-25 14:44:00,20.0,20.4,19.7,19.9,3075,76275,15400.0,CE
2021-03-25 14:45:00,20.3,20.4,19.8,19.8,1425,76275,15400.0,CE
2021-03-25 14:46:00,19.85,19.85,19.85,19.85,375,77400,15400.0,CE
2021-03-25 14:47:00,19.8,20.8,19.8,20.75,2025,77400,15400.0,CE
2021-03-25 14:48:00,21.3,21.35,21.05,21.35,300,77400,15400.0,CE
2021-03-25 14:49:00,21.35,21.35,21.3,21.3,600,79050,15400.0,CE
2021-03-25 14:50:00,21.3,21.5,20.5,21.5,4125,79050,15400.0,CE
2021-03-25 14:51:00,21.9,22.1,21.15,21.15,3825,79050,15400.0,CE
2021-03-25 14:52:00,21.0,21.25,21.0,21.25,825,78975,15400.0,CE
2021-03-25 14:53:00,21.1,21.1,20.5,20.5,675,78975,15400.0,CE
2021-03-25 14:55:00,20.7,20.7,19.2,19.2,1200,78525,15400.0,CE
2021-03-25 14:56:00,19.2,19.8,19.2,19.8,1125,78525,15400.0,CE
2021-03-25 14:57:00,19.6,19.6,18.7,18.7,1800,78375,15400.0,CE
2021-03-25 14:58:00,18.7,18.7,18.45,18.45,225,78375,15400.0,CE
2021-03-25 14:59:00,18.85,19.0,18.0,18.0,1575,78375,15400.0,CE
2021-03-25 15:00:00,18.1,18.1,17.75,17.75,150,78375,15400.0,CE
2021-03-25 15:01:00,18.45,18.45,17.2,17.7,675,78975,15400.0,CE
2021-03-25 15:02:00,17.9,17.9,17.9,17.9,150,78975,15400.0,CE
2021-03-25 15:03:00,17.65,18.45,17.2,17.2,750,79500,15400.0,CE
2021-03-25 15:04:00,17.2,17.2,17.15,17.15,375,79500,15400.0,CE
2021-03-25 15:05:00,17.1,17.15,17.1,17.15,1050,79500,15400.0,CE
2021-03-25 15:06:00,17.0,17.0,16.95,17.0,450,79500,15400.0,CE
2021-03-25 15:07:00,17.0,17.2,17.0,17.2,525,79500,15400.0,CE
2021-03-25 15:09:00,16.55,17.4,16.55,17.4,225,79500,15400.0,CE
2021-03-25 15:10:00,17.1,17.1,16.45,16.45,600,81300,15400.0,CE
2021-03-25 15:11:00,16.4,16.4,16.2,16.2,150,81300,15400.0,CE
2021-03-25 15:12:00,16.75,17.35,16.2,17.35,1875,81375,15400.0,CE
2021-03-25 15:13:00,16.0,16.6,16.0,16.6,900,81375,15400.0,CE
2021-03-25 15:14:00,18.65,18.65,15.95,15.95,525,81375,15400.0,CE
2021-03-25 15:15:00,15.95,15.95,15.95,15.95,300,81375,15400.0,CE
2021-03-25 15:16:00,17.0,17.0,17.0,17.0,1425,81825,15400.0,CE
2021-03-25 15:17:00,16.7,17.3,16.65,17.3,1575,81825,15400.0,CE
2021-03-25 15:18:00,16.7,16.7,16.7,16.7,1200,81825,15400.0,CE
2021-03-25 15:20:00,16.5,16.85,16.5,16.85,150,82125,15400.0,CE
2021-03-25 15:21:00,16.8,16.8,16.8,16.8,150,82125,15400.0,CE
2021-03-25 15:22:00,16.8,16.8,15.75,15.75,375,82200,15400.0,CE
2021-03-25 15:23:00,15.75,15.75,15.75,15.75,150,82200,15400.0,CE
2021-03-25 15:24:00,17.35,17.35,17.35,17.35,150,82200,15400.0,CE
2021-03-25 15:25:00,17.15,17.25,15.3,17.25,825,81150,15400.0,CE
2021-03-25 15:26:00,17.3,17.45,17.25,17.45,525,81150,15400.0,CE
2021-03-25 15:27:00,17.0,17.0,16.85,17.0,1575,81150,15400.0,CE
2021-03-25 15:29:00,18.05,18.4,15.3,15.3,675,82725,15400.0,CE
2021-03-26 09:15:00,14.55,23.5,14.55,22.45,1651,84675,15400.0,CE
2021-03-26 09:16:00,22.0,22.0,20.0,20.0,4125,84675,15400.0,CE
2021-03-26 09:17:00,18.65,20.8,18.6,19.7,1950,86250,15400.0,CE
2021-03-26 09:18:00,17.85,18.95,17.85,18.5,5025,86250,15400.0,CE
2021-03-26 09:19:00,18.5,18.5,18.05,18.05,1200,86250,15400.0,CE
2021-03-26 09:20:00,17.4,17.4,17.4,17.4,75,88575,15400.0,CE
2021-03-26 09:21:00,16.6,17.3,16.6,17.15,3450,88575,15400.0,CE
2021-03-26 09:22:00,16.65,17.05,16.1,16.1,4425,88575,15400.0,CE
2021-03-26 09:23:00,16.05,16.25,16.05,16.25,1650,92325,15400.0,CE
2021-03-26 09:24:00,16.0,16.25,15.95,16.25,1950,92325,15400.0,CE
2021-03-26 09:25:00,16.15,16.15,15.2,15.25,1200,92325,15400.0,CE
2021-03-26 09:26:00,15.2,15.5,14.7,14.7,6000,95775,15400.0,CE
2021-03-26 09:27:00,14.95,15.45,14.95,15.45,1350,95775,15400.0,CE
2021-03-26 09:28:00,15.2,15.2,14.35,14.35,1500,95775,15400.0,CE
2021-03-26 09:29:00,14.25,14.6,14.25,14.55,1650,94800,15400.0,CE
2021-03-26 09:30:00,14.95,15.0,14.55,14.55,2325,94800,15400.0,CE
2021-03-26 09:31:00,14.55,15.25,14.55,14.7,2550,94800,15400.0,CE
2021-03-26 09:32:00,14.7,14.9,14.4,14.55,2400,95400,15400.0,CE
2021-03-26 09:33:00,14.4,14.55,14.1,14.1,1725,95400,15400.0,CE
2021-03-26 09:34:00,14.3,15.1,14.15,14.9,3975,95400,15400.0,CE
2021-03-26 09:35:00,15.0,15.3,14.35,14.35,1575,93150,15400.0,CE
2021-03-26 09:36:00,14.45,14.45,14.05,14.05,525,93150,15400.0,CE
2021-03-26 09:37:00,14.05,14.25,13.95,14.25,750,93150,15400.0,CE
2021-03-26 09:38:00,14.25,14.25,14.05,14.05,450,94050,15400.0,CE
2021-03-26 09:39:00,13.75,14.05,13.75,13.75,2025,94050,15400.0,CE
2021-03-26 09:40:00,14.1,14.1,13.8,13.85,1350,94050,15400.0,CE
2021-03-26 09:41:00,13.6,13.6,13.15,13.25,750,93975,15400.0,CE
2021-03-26 09:42:00,13.75,13.8,13.45,13.7,825,93975,15400.0,CE
2021-03-26 09:43:00,13.6,13.6,13.6,13.6,150,93975,15400.0,CE
2021-03-26 09:44:00,13.5,13.65,13.35,13.35,750,94275,15400.0,CE
2021-03-26 09:45:00,13.35,13.35,12.75,13.0,3075,94275,15400.0,CE
2021-03-26 09:46:00,13.1,13.15,13.1,13.1,600,94275,15400.0,CE
2021-03-26 09:47:00,13.2,13.5,13.2,13.4,900,94875,15400.0,CE
2021-03-26 09:48:00,13.7,13.7,13.35,13.5,3000,94875,15400.0,CE
2021-03-26 09:49:00,13.65,13.95,13.6,13.65,900,94875,15400.0,CE
2021-03-26 09:50:00,13.55,13.55,13.35,13.55,375,94125,15400.0,CE
2021-03-26 09:51:00,13.4,13.55,13.3,13.35,1800,94125,15400.0,CE
2021-03-26 09:53:00,13.25,13.25,12.7,12.7,2100,94875,15400.0,CE
2021-03-26 09:54:00,12.7,12.95,12.7,12.9,525,94875,15400.0,CE
2021-03-26 09:55:00,13.1,13.3,13.1,13.3,975,94875,15400.0,CE
2021-03-26 09:56:00,13.4,13.4,13.2,13.2,300,95100,15400.0,CE
2021-03-26 09:57:00,13.3,13.35,13.05,13.35,1500,95100,15400.0,CE
2021-03-26 09:58:00,13.4,13.5,13.35,13.35,1050,95100,15400.0,CE
2021-03-26 09:59:00,13.1,13.35,13.1,13.25,1350,95250,15400.0,CE
2021-03-26 10:00:00,13.2,13.3,13.0,13.3,975,95250,15400.0,CE
2021-03-26 10:01:00,13.45,13.45,13.35,13.35,1500,95250,15400.0,CE
2021-03-26 10:02:00,13.5,13.85,13.5,13.8,300,95700,15400.0,CE
2021-03-26 10:03:00,13.7,13.9,13.7,13.85,2250,95700,15400.0,CE
2021-03-26 10:04:00,13.85,13.85,13.65,13.7,2400,95700,15400.0,CE
2021-03-26 10:05:00,13.9,13.9,13.75,13.75,825,95400,15400.0,CE
2021-03-26 10:07:00,13.7,14.2,13.7,14.15,1350,95400,15400.0,CE
2021-03-26 10:08:00,14.25,14.25,13.7,13.7,900,94275,15400.0,CE
2021-03-26 10:09:00,13.65,14.05,13.65,14.0,2100,94275,15400.0,CE
2021-03-26 10:10:00,13.8,14.0,13.6,14.0,1650,94275,15400.0,CE
2021-03-26 10:11:00,13.8,14.05,13.8,13.9,675,94800,15400.0,CE
2021-03-26 10:12:00,13.9,14.25,13.9,13.95,825,94800,15400.0,CE
2021-03-26 10:13:00,14.0,14.0,14.0,14.0,75,94800,15400.0,CE
2021-03-26 10:14:00,14.1,14.1,14.1,14.1,75,94425,15400.0,CE
2021-03-26 10:15:00,14.25,14.3,14.15,14.15,375,94425,15400.0,CE
2021-03-26 10:16:00,14.1,14.25,14.1,14.25,225,94425,15400.0,CE
2021-03-26 10:17:00,14.05,14.05,14.0,14.0,375,94425,15400.0,CE
2021-03-26 10:18:00,13.95,14.1,13.95,14.1,1050,94200,15400.0,CE
2021-03-26 10:19:00,14.15,14.45,13.7,13.7,975,94200,15400.0,CE
2021-03-26 10:20:00,13.75,13.9,13.7,13.75,1350,93975,15400.0,CE
2021-03-26 10:21:00,13.75,13.9,13.75,13.8,1650,93975,15400.0,CE
2021-03-26 10:22:00,14.05,14.65,14.05,14.65,900,93975,15400.0,CE
2021-03-26 10:23:00,14.7,14.9,14.65,14.8,825,94500,15400.0,CE
2021-03-26 10:24:00,14.75,14.75,14.45,14.45,150,94500,15400.0,CE
2021-03-26 10:25:00,14.15,14.15,13.8,13.8,450,94500,15400.0,CE
2021-03-26 10:26:00,14.1,14.2,13.9,14.15,450,94800,15400.0,CE
2021-03-26 10:28:00,14.4,14.6,14.3,14.45,750,94800,15400.0,CE
2021-03-26 10:29:00,14.45,14.45,14.45,14.45,150,94800,15400.0,CE
2021-03-26 10:30:00,14.85,14.85,14.65,14.65,375,98325,15400.0,CE
2021-03-26 10:31:00,14.35,14.45,14.0,14.0,1500,98325,15400.0,CE
2021-03-26 10:32:00,14.0,14.0,13.65,13.65,1650,94575,15400.0,CE
2021-03-26 10:33:00,13.65,14.2,13.5,14.2,1425,94575,15400.0,CE
2021-03-26 10:34:00,14.25,14.4,14.15,14.25,1275,94575,15400.0,CE
2021-03-26 10:35:00,14.15,14.3,14.15,14.3,825,94575,15400.0,CE
2021-03-26 10:36:00,13.95,14.15,13.5,13.5,1875,93900,15400.0,CE
2021-03-26 10:37:00,13.5,13.55,13.5,13.55,150,93900,15400.0,CE
2021-03-26 10:38:00,13.55,13.7,13.55,13.7,300,93375,15400.0,CE
2021-03-26 10:40:00,14.35,14.55,14.35,14.55,225,93375,15400.0,CE
2021-03-26 10:41:00,14.2,14.3,14.2,14.3,150,93375,15400.0,CE
2021-03-26 10:42:00,14.7,14.7,14.55,14.65,300,93375,15400.0,CE
2021-03-26 10:43:00,14.75,14.75,13.9,13.9,600,93375,15400.0,CE
2021-03-26 10:44:00,14.1,14.1,14.1,14.1,75,93825,15400.0,CE
2021-03-26 10:45:00,14.35,14.35,14.35,14.35,75,93825,15400.0,CE
2021-03-26 10:46:00,14.25,14.3,14.0,14.0,300,93825,15400.0,CE
2021-03-26 10:47:00,13.95,14.1,13.95,13.95,450,93900,15400.0,CE
2021-03-26 10:48:00,13.6,13.7,13.6,13.7,300,93900,15400.0,CE
2021-03-26 10:50:00,13.1,13.1,13.1,13.1,75,93900,15400.0,CE
2021-03-26 10:51:00,13.3,13.3,13.2,13.2,150,93450,15400.0,CE
2021-03-26 10:52:00,13.15,13.6,13.15,13.6,150,93450,15400.0,CE
2021-03-26 10:53:00,13.55,13.55,13.55,13.55,75,93300,15400.0,CE
2021-03-26 10:54:00,13.65,13.65,13.65,13.65,75,93300,15400.0,CE
2021-03-26 10:55:00,13.75,13.85,13.65,13.65,525,93300,15400.0,CE
2021-03-26 10:56:00,13.65,13.65,13.65,13.65,75,93300,15400.0,CE
2021-03-26 10:57:00,13.0,13.0,13.0,13.0,150,93450,15400.0,CE
2021-03-26 10:59:00,13.6,13.6,13.6,13.6,1875,93450,15400.0,CE
2021-03-26 11:00:00,13.45,13.7,13.45,13.7,300,94950,15400.0,CE
2021-03-26 11:02:00,13.3,13.55,13.3,13.55,675,94725,15400.0,CE
2021-03-26 11:03:00,13.7,13.7,13.5,13.55,225,94725,15400.0,CE
2021-03-26 11:04:00,13.6,13.6,13.55,13.55,600,94725,15400.0,CE
2021-03-26 11:05:00,13.35,13.6,13.35,13.6,225,94725,15400.0,CE
2021-03-26 11:06:00,12.9,12.9,12.9,12.9,375,94650,15400.0,CE
2021-03-26 11:08:00,13.05,13.05,13.05,13.05,225,94650,15400.0,CE
2021-03-26 11:11:00,13.0,13.0,13.0,13.0,525,93075,15400.0,CE
2021-03-26 11:12:00,13.05,13.2,13.05,13.05,450,93075,15400.0,CE
2021-03-26 11:13:00,12.95,12.95,12.85,12.85,150,93075,15400.0,CE
2021-03-26 11:14:00,12.8,13.05,12.8,13.05,375,93075,15400.0,CE
2021-03-26 11:15:00,12.8,12.95,12.8,12.9,450,93075,15400.0,CE
2021-03-26 11:17:00,12.95,12.95,12.95,12.95,150,93075,15400.0,CE
2021-03-26 11:18:00,12.95,13.0,12.95,13.0,225,93075,15400.0,CE
2021-03-26 11:19:00,13.2,13.2,13.05,13.05,150,93075,15400.0,CE
2021-03-26 11:20:00,13.1,13.1,13.05,13.05,750,92925,15400.0,CE
2021-03-26 11:21:00,13.05,13.05,12.3,12.65,1200,92925,15400.0,CE
2021-03-26 11:22:00,12.6,12.6,12.6,12.6,150,92925,15400.0,CE
2021-03-26 11:23:00,12.8,12.8,12.8,12.8,150,92925,15400.0,CE
2021-03-26 11:24:00,12.75,12.75,12.75,12.75,75,92700,15400.0,CE
2021-03-26 11:25:00,12.9,13.05,12.9,13.05,450,92700,15400.0,CE
2021-03-26 11:26:00,13.0,13.0,12.9,12.9,150,92700,15400.0,CE
2021-03-26 11:27:00,12.95,12.95,12.95,12.95,225,92625,15400.0,CE
2021-03-26 11:28:00,13.15,13.15,13.15,13.15,150,92625,15400.0,CE
2021-03-26 11:29:00,13.0,13.1,13.0,13.1,375,92700,15400.0,CE
2021-03-26 11:30:00,13.15,14.0,13.15,13.75,1125,92700,15400.0,CE
2021-03-26 11:33:00,13.5,13.5,13.05,13.05,450,92850,15400.0,CE
2021-03-26 11:34:00,13.2,13.2,13.2,13.2,75,92850,15400.0,CE
2021-03-26 11:36:00,14.0,14.0,14.0,14.0,75,93000,15400.0,CE
2021-03-26 11:37:00,14.25,14.25,14.25,14.25,225,93000,15400.0,CE
2021-03-26 11:38:00,13.7,13.7,13.7,13.7,150,93000,15400.0,CE
2021-03-26 11:40:00,14.2,14.35,14.2,14.35,225,92775,15400.0,CE
2021-03-26 11:41:00,14.4,14.4,14.2,14.2,525,92775,15400.0,CE
2021-03-26 11:42:00,14.45,14.6,14.25,14.25,600,92775,15400.0,CE
2021-03-26 11:43:00,14.0,14.0,14.0,14.0,75,92775,15400.0,CE
2021-03-26 11:44:00,13.0,13.05,13.0,13.05,150,92775,15400.0,CE
2021-03-26 11:46:00,13.8,13.8,13.8,13.8,150,92775,15400.0,CE
2021-03-26 11:47:00,13.85,13.85,13.15,13.15,525,92775,15400.0,CE
2021-03-26 11:48:00,13.1,13.4,13.1,13.25,750,92550,15400.0,CE
2021-03-26 11:49:00,13.2,13.2,13.1,13.1,375,92550,15400.0,CE
2021-03-26 11:50:00,13.0,13.0,13.0,13.0,450,92550,15400.0,CE
2021-03-26 11:51:00,12.75,12.75,12.75,12.75,300,92475,15400.0,CE
2021-03-26 11:52:00,13.0,13.2,13.0,13.15,225,92475,15400.0,CE
2021-03-26 11:53:00,13.45,13.45,13.4,13.4,1125,92475,15400.0,CE
2021-03-26 11:54:00,12.9,13.6,12.9,13.6,1500,93300,15400.0,CE
2021-03-26 11:55:00,13.8,13.8,13.8,13.8,225,93300,15400.0,CE
2021-03-26 11:56:00,13.55,13.6,13.55,13.6,150,93300,15400.0,CE
2021-03-26 11:57:00,13.35,13.65,13.35,13.65,750,92400,15400.0,CE
2021-03-26 11:59:00,13.15,13.15,12.9,12.9,300,91125,15400.0,CE
2021-03-26 12:00:00,12.85,12.85,12.65,12.85,675,91125,15400.0,CE
2021-03-26 12:02:00,12.95,12.95,12.8,12.8,225,91125,15400.0,CE
2021-03-26 12:03:00,13.0,13.0,13.0,13.0,75,91575,15400.0,CE
2021-03-26 12:04:00,12.9,12.9,12.9,12.9,75,91575,15400.0,CE
2021-03-26 12:06:00,13.3,13.5,13.1,13.1,750,91500,15400.0,CE
2021-03-26 12:07:00,13.15,13.15,13.15,13.15,150,91500,15400.0,CE
2021-03-26 12:08:00,13.0,13.0,13.0,13.0,75,91500,15400.0,CE
2021-03-26 12:09:00,13.0,13.25,13.0,13.25,300,91575,15400.0,CE
2021-03-26 12:10:00,13.45,13.45,13.45,13.45,150,91575,15400.0,CE
2021-03-26 12:11:00,13.25,13.3,13.25,13.25,975,91575,15400.0,CE
2021-03-26 12:13:00,13.2,13.2,13.0,13.0,300,92400,15400.0,CE
2021-03-26 12:14:00,13.2,13.4,13.05,13.4,525,92400,15400.0,CE
2021-03-26 12:15:00,13.4,13.6,13.4,13.6,225,92250,15400.0,CE
2021-03-26 12:16:00,13.65,13.65,13.65,13.65,225,92250,15400.0,CE
2021-03-26 12:17:00,13.5,13.5,13.3,13.5,450,92250,15400.0,CE
2021-03-26 12:18:00,13.25,13.25,12.95,13.0,525,92625,15400.0,CE
2021-03-26 12:19:00,13.05,13.05,12.65,12.75,900,92625,15400.0,CE
2021-03-26 12:20:00,12.4,12.4,10.0,11.55,4725,92625,15400.0,CE
2021-03-26 12:21:00,11.85,11.85,11.6,11.6,150,93975,15400.0,CE
2021-03-26 12:22:00,11.95,12.2,11.95,12.1,450,93975,15400.0,CE
2021-03-26 12:23:00,12.05,12.1,11.75,11.9,600,93975,15400.0,CE
2021-03-26 12:24:00,11.9,11.9,11.9,11.9,150,91950,15400.0,CE
2021-03-26 12:25:00,11.95,11.95,11.7,11.7,225,91950,15400.0,CE
2021-03-26 12:26:00,11.6,11.6,11.5,11.6,2475,91950,15400.0,CE
2021-03-26 12:27:00,11.6,11.6,11.6,11.6,225,93750,15400.0,CE
2021-03-26 12:28:00,11.65,11.65,11.6,11.6,300,93750,15400.0,CE
2021-03-26 12:30:00,11.75,11.75,11.75,11.75,75,93000,15400.0,CE
2021-03-26 12:31:00,11.85,11.85,11.75,11.75,150,93000,15400.0,CE
2021-03-26 12:32:00,12.0,12.0,11.9,11.95,375,93000,15400.0,CE
2021-03-26 12:33:00,12.05,12.05,12.0,12.0,150,93075,15400.0,CE
2021-03-26 12:36:00,12.25,12.3,12.25,12.3,225,93075,15400.0,CE
2021-03-26 12:37:00,12.3,12.3,12.05,12.05,1350,93075,15400.0,CE
2021-03-26 12:38:00,11.85,11.85,11.85,11.85,75,93075,15400.0,CE
2021-03-26 12:39:00,12.0,12.0,11.75,11.75,450,92700,15400.0,CE
2021-03-26 12:40:00,12.35,12.35,12.3,12.3,150,92700,15400.0,CE
2021-03-26 12:41:00,12.45,12.75,12.45,12.75,900,92700,15400.0,CE
2021-03-26 12:43:00,12.4,12.4,12.25,12.25,225,92325,15400.0,CE
2021-03-26 12:44:00,12.25,12.25,12.15,12.15,150,92325,15400.0,CE
2021-03-26 12:45:00,12.45,12.45,12.45,12.45,75,92550,15400.0,CE
2021-03-26 12:46:00,12.0,12.0,11.1,11.25,1050,92550,15400.0,CE
2021-03-26 12:47:00,11.55,11.55,11.55,11.55,300,92550,15400.0,CE
2021-03-26 12:48:00,11.75,11.85,11.75,11.85,600,92775,15400.0,CE
2021-03-26 12:49:00,11.95,11.95,11.95,11.95,525,92775,15400.0,CE
2021-03-26 12:50:00,12.15,12.2,12.15,12.2,150,92775,15400.0,CE
2021-03-26 12:51:00,12.25,12.25,12.05,12.1,2325,92325,15400.0,CE
2021-03-26 12:52:00,12.3,12.3,12.3,12.3,1200,92325,15400.0,CE
2021-03-26 12:53:00,12.0,12.1,11.8,11.8,600,92325,15400.0,CE
2021-03-26 12:54:00,11.6,11.6,11.6,11.6,225,94500,15400.0,CE
2021-03-26 12:55:00,11.7,11.7,11.7,11.7,75,94500,15400.0,CE
2021-03-26 12:57:00,11.5,11.5,11.5,11.5,75,94575,15400.0,CE
2021-03-26 12:59:00,11.55,11.65,11.55,11.65,1425,94575,15400.0,CE
2021-03-26 13:00:00,11.55,11.55,11.55,11.55,150,94500,15400.0,CE
2021-03-26 13:01:00,11.7,11.85,11.25,11.25,525,94500,15400.0,CE
2021-03-26 13:02:00,11.1,11.1,11.1,11.1,150,94500,15400.0,CE
2021-03-26 13:03:00,11.1,11.1,11.1,11.1,75,94350,15400.0,CE
2021-03-26 13:04:00,11.25,11.65,11.25,11.65,3750,94350,15400.0,CE
2021-03-26 13:05:00,11.6,11.65,11.6,11.6,300,94350,15400.0,CE
2021-03-26 13:06:00,11.65,11.8,11.65,11.8,450,93675,15400.0,CE
2021-03-26 13:07:00,11.6,11.6,11.45,11.45,300,93675,15400.0,CE
2021-03-26 13:08:00,11.4,11.6,11.4,11.5,375,93675,15400.0,CE
2021-03-26 13:09:00,11.3,11.4,11.3,11.4,300,93450,15400.0,CE
2021-03-26 13:10:00,11.5,11.5,11.45,11.45,675,93450,15400.0,CE
2021-03-26 13:11:00,11.6,11.65,11.6,11.65,600,93450,15400.0,CE
2021-03-26 13:12:00,11.55,11.55,11.3,11.3,2775,94350,15400.0,CE
2021-03-26 13:13:00,11.1,11.5,11.1,11.5,150,94350,15400.0,CE
2021-03-26 13:14:00,11.6,11.6,11.6,11.6,825,94350,15400.0,CE
2021-03-26 13:15:00,11.65,11.65,11.65,11.65,75,94725,15400.0,CE
2021-03-26 13:16:00,11.5,11.5,11.5,11.5,225,94725,15400.0,CE
2021-03-26 13:17:00,11.0,11.0,10.95,11.0,750,94725,15400.0,CE
2021-03-26 13:18:00,10.65,10.8,10.5,10.75,1800,94950,15400.0,CE
2021-03-26 13:19:00,11.3,11.3,11.3,11.3,225,94950,15400.0,CE
2021-03-26 13:21:00,11.2,11.2,11.2,11.2,75,94950,15400.0,CE
2021-03-26 13:22:00,11.0,11.6,11.0,11.6,975,95250,15400.0,CE
2021-03-26 13:25:00,11.75,12.05,11.75,12.05,1875,95925,15400.0,CE
2021-03-26 13:26:00,11.7,11.8,11.7,11.8,375,95925,15400.0,CE
2021-03-26 13:27:00,11.65,11.65,11.65,11.65,75,95625,15400.0,CE
2021-03-26 13:28:00,11.75,11.75,11.75,11.75,75,95625,15400.0,CE
2021-03-26 13:29:00,11.85,11.95,11.85,11.95,150,95625,15400.0,CE
2021-03-26 13:30:00,11.8,12.25,11.8,12.25,150,95625,15400.0,CE
2021-03-26 13:31:00,12.0,12.3,12.0,12.15,900,95625,15400.0,CE
2021-03-26 13:32:00,12.05,12.05,12.05,12.05,150,95625,15400.0,CE
2021-03-26 13:33:00,12.1,12.25,12.1,12.25,1050,95250,15400.0,CE
2021-03-26 13:34:00,12.2,12.2,12.2,12.2,150,95250,15400.0,CE
2021-03-26 13:36:00,12.3,12.3,12.25,12.3,375,95925,15400.0,CE
2021-03-26 13:37:00,11.85,12.0,11.85,12.0,225,95925,15400.0,CE
2021-03-26 13:38:00,11.95,11.95,11.95,11.95,225,95925,15400.0,CE
2021-03-26 13:40:00,12.15,12.15,12.15,12.15,75,95925,15400.0,CE
2021-03-26 13:42:00,12.05,12.2,12.05,12.2,150,95925,15400.0,CE
2021-03-26 13:43:00,12.5,12.55,12.5,12.5,375,95925,15400.0,CE
2021-03-26 13:44:00,11.95,11.95,11.95,11.95,75,95925,15400.0,CE
2021-03-26 13:46:00,12.25,12.25,12.25,12.25,75,96225,15400.0,CE
2021-03-26 13:49:00,12.1,12.1,12.1,12.1,75,96150,15400.0,CE
2021-03-26 13:50:00,12.1,12.35,12.1,12.35,225,96150,15400.0,CE
2021-03-26 13:51:00,12.4,12.4,12.4,12.4,75,96150,15400.0,CE
2021-03-26 13:52:00,12.2,12.2,11.9,12.1,1275,96150,15400.0,CE
2021-03-26 13:53:00,12.1,12.35,12.1,12.35,300,96150,15400.0,CE
2021-03-26 13:55:00,12.1,12.1,12.1,12.1,75,96000,15400.0,CE
2021-03-26 13:56:00,12.0,12.0,12.0,12.0,75,96000,15400.0,CE
2021-03-26 13:58:00,12.0,12.05,11.8,11.8,975,95625,15400.0,CE
2021-03-26 13:59:00,11.95,12.25,11.95,12.2,525,95625,15400.0,CE
2021-03-26 14:00:00,12.15,12.8,12.15,12.5,900,95100,15400.0,CE
2021-03-26 14:01:00,12.75,12.75,12.45,12.45,1050,95100,15400.0,CE
2021-03-26 14:02:00,12.4,12.5,11.9,11.9,600,95100,15400.0,CE
2021-03-26 14:04:00,11.7,11.9,11.7,11.9,1875,95100,15400.0,CE
2021-03-26 14:05:00,11.8,11.8,11.8,11.8,150,95100,15400.0,CE
2021-03-26 14:06:00,11.9,12.05,11.65,12.05,375,95850,15400.0,CE
2021-03-26 14:07:00,12.0,12.0,11.85,11.85,750,95850,15400.0,CE
2021-03-26 14:08:00,12.0,12.0,11.55,11.55,975,95850,15400.0,CE
2021-03-26 14:09:00,11.75,12.05,11.7,11.7,1275,96375,15400.0,CE
2021-03-26 14:10:00,11.8,11.8,11.1,11.65,750,96375,15400.0,CE
2021-03-26 14:11:00,11.6,11.6,11.4,11.4,225,96375,15400.0,CE
2021-03-26 14:12:00,11.65,11.75,11.55,11.75,600,95700,15400.0,CE
2021-03-26 14:13:00,11.7,11.7,11.7,11.7,75,95700,15400.0,CE
2021-03-26 14:15:00,11.65,11.85,11.6,11.6,600,95850,15400.0,CE
2021-03-26 14:16:00,11.0,11.15,10.85,11.15,375,95850,15400.0,CE
2021-03-26 14:17:00,11.2,11.25,11.15,11.15,225,95850,15400.0,CE
2021-03-26 14:18:00,11.4,11.4,11.4,11.4,75,96075,15400.0,CE
2021-03-26 14:19:00,11.35,11.35,11.35,11.35,150,96075,15400.0,CE
2021-03-26 14:20:00,11.15,11.2,11.15,11.2,900,96075,15400.0,CE
2021-03-26 14:21:00,11.4,11.4,11.15,11.35,450,96600,15400.0,CE
2021-03-26 14:22:00,11.25,11.25,11.25,11.25,75,96600,15400.0,CE
2021-03-26 14:23:00,11.0,11.3,11.0,11.3,900,96600,15400.0,CE
2021-03-26 14:24:00,11.15,11.15,11.15,11.15,150,96900,15400.0,CE
2021-03-26 14:25:00,11.2,11.5,11.1,11.4,825,96900,15400.0,CE
2021-03-26 14:26:00,11.45,11.65,11.35,11.35,1200,96900,15400.0,CE
2021-03-26 14:27:00,11.55,11.55,11.4,11.4,225,96525,15400.0,CE
2021-03-26 14:28:00,11.4,11.4,11.15,11.15,1800,96525,15400.0,CE
2021-03-26 14:29:00,11.2,11.35,11.2,11.35,225,96525,15400.0,CE
2021-03-26 14:30:00,11.15,11.15,10.95,10.95,750,96375,15400.0,CE
2021-03-26 14:31:00,10.9,11.3,10.9,11.25,1125,96375,15400.0,CE
2021-03-26 14:33:00,11.25,11.35,11.1,11.35,2025,97500,15400.0,CE
2021-03-26 14:34:00,11.35,11.35,11.25,11.25,525,97500,15400.0,CE
2021-03-26 14:37:00,11.45,11.45,11.2,11.25,1125,96600,15400.0,CE
2021-03-26 14:38:00,11.3,11.3,11.1,11.1,2700,96600,15400.0,CE
2021-03-26 14:39:00,10.9,11.15,10.9,11.0,375,98025,15400.0,CE
2021-03-26 14:40:00,11.0,11.0,10.8,10.8,300,98025,15400.0,CE
2021-03-26 14:41:00,10.9,11.05,10.9,11.0,11625,98025,15400.0,CE
2021-03-26 14:42:00,10.7,11.2,10.7,11.2,1575,98100,15400.0,CE
2021-03-26 14:43:00,11.25,11.25,11.0,11.0,750,98100,15400.0,CE
2021-03-26 14:44:00,11.05,11.1,10.8,10.8,825,98100,15400.0,CE
2021-03-26 14:45:00,10.5,10.9,10.35,10.75,3600,98625,15400.0,CE
2021-03-26 14:46:00,10.7,10.8,10.55,10.8,3075,98625,15400.0,CE
2021-03-26 14:47:00,10.85,11.1,10.7,10.85,4950,98625,15400.0,CE
2021-03-26 14:48:00,10.75,11.2,10.75,11.15,2625,100500,15400.0,CE
2021-03-26 14:49:00,10.75,10.75,10.75,10.75,225,100500,15400.0,CE
2021-03-26 14:50:00,11.0,11.0,10.65,10.7,3750,100500,15400.0,CE
2021-03-26 14:51:00,10.8,10.85,10.7,10.85,1725,101850,15400.0,CE
2021-03-26 14:52:00,10.85,11.05,10.8,11.05,3375,101850,15400.0,CE
2021-03-26 14:53:00,10.7,10.85,10.7,10.8,1200,101850,15400.0,CE
2021-03-26 14:54:00,10.9,10.95,10.65,10.65,1275,101925,15400.0,CE
2021-03-26 14:55:00,10.7,10.85,10.7,10.7,825,101925,15400.0,CE
2021-03-26 14:56:00,10.9,11.1,10.85,11.1,900,101925,15400.0,CE
2021-03-26 14:57:00,11.05,11.05,10.75,10.75,2400,97575,15400.0,CE
2021-03-26 14:58:00,10.9,10.9,10.75,10.75,600,97575,15400.0,CE
2021-03-26 14:59:00,10.75,10.75,10.45,10.7,1650,97575,15400.0,CE
2021-03-26 15:00:00,10.7,10.7,10.3,10.65,1650,98550,15400.0,CE
2021-03-26 15:01:00,10.65,10.65,10.3,10.3,1875,98550,15400.0,CE
2021-03-26 15:02:00,10.25,10.3,10.1,10.1,1425,98550,15400.0,CE
2021-03-26 15:03:00,10.05,10.1,10.05,10.1,525,99000,15400.0,CE
2021-03-26 15:04:00,10.05,10.05,9.9,9.9,4200,99000,15400.0,CE
2021-03-26 15:05:00,10.1,10.1,9.9,10.1,750,99000,15400.0,CE
2021-03-26 15:06:00,9.95,9.95,9.95,9.95,75,99000,15400.0,CE
2021-03-26 15:07:00,9.9,9.9,9.65,9.65,600,100500,15400.0,CE
2021-03-26 15:08:00,9.55,9.6,9.3,9.6,5100,100500,15400.0,CE
2021-03-26 15:09:00,9.3,9.65,9.3,9.6,5700,104175,15400.0,CE
2021-03-26 15:10:00,9.5,9.6,9.45,9.6,750,104175,15400.0,CE
2021-03-26 15:11:00,9.4,9.4,9.0,9.2,3150,104175,15400.0,CE
2021-03-26 15:12:00,9.2,9.25,9.2,9.25,750,104175,15400.0,CE
2021-03-26 15:13:00,9.3,9.4,9.25,9.35,2175,103875,15400.0,CE
2021-03-26 15:14:00,9.35,9.45,9.25,9.45,3750,103875,15400.0,CE
2021-03-26 15:15:00,9.3,9.3,9.0,9.1,1650,101400,15400.0,CE
2021-03-26 15:16:00,9.2,9.2,8.9,8.9,2100,101400,15400.0,CE
2021-03-26 15:17:00,8.9,9.0,8.75,8.75,750,101400,15400.0,CE
2021-03-26 15:18:00,8.7,8.9,8.65,8.9,1650,99750,15400.0,CE
2021-03-26 15:19:00,8.7,8.8,8.45,8.8,4800,99750,15400.0,CE
2021-03-26 15:20:00,8.8,8.9,8.7,8.8,1050,99750,15400.0,CE
2021-03-26 15:21:00,8.85,8.85,8.7,8.8,1950,99750,15400.0,CE
2021-03-26 15:22:00,8.85,9.05,8.75,9.05,5550,101775,15400.0,CE
2021-03-26 15:23:00,9.2,9.7,9.2,9.7,8100,101775,15400.0,CE
2021-03-26 15:24:00,9.5,9.55,9.45,9.55,525,101625,15400.0,CE
2021-03-26 15:25:00,9.55,9.6,9.35,9.35,900,101625,15400.0,CE
2021-03-26 15:26:00,9.5,9.6,9.35,9.35,3300,101625,15400.0,CE
2021-03-26 15:27:00,9.4,9.7,9.4,9.6,4125,102075,15400.0,CE
2021-03-26 15:28:00,9.7,9.7,9.45,9.45,7125,102075,15400.0,CE
2021-03-26 15:29:00,9.45,9.55,9.35,9.35,3600,102075,15400.0,CE
2021-03-30 09:15:00,12.9,12.9,9.55,11.1,4126,99900,15400.0,CE
2021-03-30 09:16:00,11.95,11.95,10.9,11.5,11025,99900,15400.0,CE
2021-03-30 09:17:00,11.1,11.3,10.05,10.05,3600,106500,15400.0,CE
2021-03-30 09:18:00,10.0,10.1,9.6,9.7,2325,106500,15400.0,CE
2021-03-30 09:19:00,9.7,9.9,8.7,9.5,22425,106500,15400.0,CE
2021-03-30 09:20:00,9.4,9.4,9.0,9.1,23400,119925,15400.0,CE
2021-03-30 09:21:00,9.3,9.35,8.9,8.9,4875,119925,15400.0,CE
2021-03-30 09:22:00,8.85,9.1,8.6,8.9,9825,119925,15400.0,CE
2021-03-30 09:23:00,8.6,8.9,8.4,8.4,4125,131400,15400.0,CE
2021-03-30 09:24:00,8.6,8.95,8.5,8.65,5325,131400,15400.0,CE
2021-03-30 09:25:00,8.6,8.65,8.2,8.3,3975,131400,15400.0,CE
2021-03-30 09:26:00,8.45,9.0,8.45,8.8,15750,133650,15400.0,CE
2021-03-30 09:27:00,8.75,9.0,8.75,8.8,5100,133650,15400.0,CE
2021-03-30 09:28:00,8.8,9.1,8.8,9.1,3300,133650,15400.0,CE
2021-03-30 09:29:00,8.9,9.2,8.9,9.0,4950,133200,15400.0,CE
2021-03-30 09:30:00,9.15,9.65,9.1,9.35,5850,133200,15400.0,CE
2021-03-30 09:31:00,9.0,9.4,8.85,9.35,6750,133200,15400.0,CE
2021-03-30 09:32:00,9.35,9.5,9.25,9.25,2475,138075,15400.0,CE
2021-03-30 09:33:00,9.4,9.9,9.4,9.85,4275,138075,15400.0,CE
2021-03-30 09:34:00,9.9,10.45,9.9,10.3,10950,138075,15400.0,CE
2021-03-30 09:35:00,10.4,10.95,10.3,10.3,11850,130875,15400.0,CE
2021-03-30 09:36:00,10.4,10.65,10.35,10.6,7500,130875,15400.0,CE
2021-03-30 09:37:00,10.25,10.35,10.05,10.2,6225,130875,15400.0,CE
2021-03-30 09:38:00,10.1,10.55,10.1,10.25,5850,133500,15400.0,CE
2021-03-30 09:39:00,10.4,10.4,10.1,10.2,1500,133500,15400.0,CE
2021-03-30 09:40:00,10.35,10.35,10.0,10.0,1275,133500,15400.0,CE
2021-03-30 09:41:00,10.1,10.3,10.1,10.2,5325,136725,15400.0,CE
2021-03-30 09:42:00,10.15,10.15,9.75,10.1,2250,136725,15400.0,CE
2021-03-30 09:43:00,10.15,10.2,9.8,10.15,5775,136725,15400.0,CE
2021-03-30 09:44:00,10.15,10.15,10.0,10.05,3600,137700,15400.0,CE
2021-03-30 09:45:00,10.1,10.65,10.1,10.4,5025,137700,15400.0,CE
2021-03-30 09:46:00,10.55,10.55,10.25,10.25,1350,137700,15400.0,CE
2021-03-30 09:47:00,10.5,10.8,10.35,10.75,2850,140850,15400.0,CE
2021-03-30 09:48:00,10.55,10.75,10.55,10.6,2325,140850,15400.0,CE
2021-03-30 09:49:00,10.75,10.8,10.7,10.75,975,140850,15400.0,CE
2021-03-30 09:50:00,10.8,12.35,10.8,12.35,3900,140550,15400.0,CE
2021-03-30 09:51:00,12.45,12.5,12.2,12.3,975,140550,15400.0,CE
2021-03-30 09:52:00,12.25,12.5,12.2,12.5,2550,140550,15400.0,CE
2021-03-30 09:53:00,12.45,12.65,12.4,12.4,2100,139575,15400.0,CE
2021-03-30 09:54:00,12.45,12.7,12.3,12.4,2100,139575,15400.0,CE
2021-03-30 09:55:00,12.25,12.3,12.1,12.1,2850,139575,15400.0,CE
2021-03-30 09:56:00,12.1,12.1,11.75,11.85,9450,138375,15400.0,CE
2021-03-30 09:57:00,12.0,12.0,11.8,11.8,225,138375,15400.0,CE
2021-03-30 09:58:00,11.75,11.8,11.5,11.8,1275,138375,15400.0,CE
2021-03-30 09:59:00,11.8,11.8,11.6,11.6,300,137925,15400.0,CE
2021-03-30 10:00:00,11.75,11.85,11.7,11.85,525,137925,15400.0,CE
2021-03-30 10:01:00,11.8,12.05,11.75,12.0,1125,137925,15400.0,CE
2021-03-30 10:02:00,12.2,12.3,12.2,12.25,1950,136200,15400.0,CE
2021-03-30 10:03:00,12.25,12.25,12.2,12.2,4950,136200,15400.0,CE
2021-03-30 10:04:00,12.15,12.35,12.0,12.35,3825,136200,15400.0,CE
2021-03-30 10:05:00,12.2,12.35,12.2,12.25,300,133650,15400.0,CE
2021-03-30 10:06:00,12.25,12.35,12.1,12.25,1425,133650,15400.0,CE
2021-03-30 10:07:00,12.25,12.3,11.85,11.85,2475,133650,15400.0,CE
2021-03-30 10:08:00,11.6,11.85,11.6,11.65,1500,132225,15400.0,CE
2021-03-30 10:09:00,11.7,11.75,11.6,11.65,1650,132225,15400.0,CE
2021-03-30 10:10:00,11.8,11.8,11.6,11.6,600,132225,15400.0,CE
2021-03-30 10:11:00,11.65,12.05,11.65,11.85,3450,131400,15400.0,CE
2021-03-30 10:12:00,12.1,12.15,11.65,12.15,450,131400,15400.0,CE
2021-03-30 10:13:00,12.0,12.3,11.7,11.7,1275,131400,15400.0,CE
2021-03-30 10:14:00,12.05,12.25,11.75,12.15,2400,131175,15400.0,CE
2021-03-30 10:15:00,11.95,12.3,11.7,11.7,2925,131175,15400.0,CE
2021-03-30 10:16:00,12.0,12.55,12.0,12.5,8175,131175,15400.0,CE
2021-03-30 10:17:00,12.75,12.75,12.3,12.4,1575,137325,15400.0,CE
2021-03-30 10:18:00,12.45,13.05,12.45,13.05,1125,137325,15400.0,CE
2021-03-30 10:19:00,13.05,13.8,12.95,13.2,7725,137325,15400.0,CE
2021-03-30 10:20:00,13.2,13.6,13.0,13.6,1350,137325,15400.0,CE
2021-03-30 10:21:00,13.1,13.15,13.0,13.0,1575,137775,15400.0,CE
2021-03-30 10:22:00,13.1,13.85,13.1,13.65,2025,137775,15400.0,CE
2021-03-30 10:23:00,13.55,13.75,13.05,13.05,1950,138075,15400.0,CE
2021-03-30 10:24:00,13.0,13.0,12.8,13.0,1125,138075,15400.0,CE
2021-03-30 10:25:00,12.4,12.95,12.1,12.1,975,138075,15400.0,CE
2021-03-30 10:26:00,12.1,12.85,12.1,12.7,525,138075,15400.0,CE
2021-03-30 10:27:00,12.65,12.7,12.15,12.45,2400,139425,15400.0,CE
2021-03-30 10:28:00,12.6,12.95,12.55,12.8,4350,139425,15400.0,CE
2021-03-30 10:29:00,12.95,13.05,12.75,13.0,2100,139350,15400.0,CE
2021-03-30 10:30:00,13.0,13.05,12.95,13.0,750,139350,15400.0,CE
2021-03-30 10:31:00,12.95,13.15,12.95,13.15,375,139350,15400.0,CE
2021-03-30 10:32:00,13.2,13.2,12.75,12.9,2025,138675,15400.0,CE
2021-03-30 10:33:00,13.05,13.1,12.7,12.7,1800,138675,15400.0,CE
2021-03-30 10:34:00,12.7,12.7,12.3,12.55,825,138675,15400.0,CE
2021-03-30 10:35:00,12.5,12.5,12.5,12.5,300,139200,15400.0,CE
2021-03-30 10:36:00,12.9,13.05,12.9,13.0,825,139200,15400.0,CE
2021-03-30 10:37:00,13.0,13.0,13.0,13.0,450,139200,15400.0,CE
2021-03-30 10:38:00,13.5,13.5,12.95,13.25,825,139800,15400.0,CE
2021-03-30 10:39:00,13.25,13.55,13.25,13.55,2925,139800,15400.0,CE
2021-03-30 10:40:00,13.6,13.95,13.45,13.5,2250,139800,15400.0,CE
2021-03-30 10:41:00,13.5,13.5,12.95,12.95,450,139800,15400.0,CE
2021-03-30 10:42:00,13.1,13.2,12.95,13.05,1650,138525,15400.0,CE
2021-03-30 10:43:00,13.0,13.0,12.65,12.8,750,138525,15400.0,CE
2021-03-30 10:44:00,12.85,12.85,12.15,12.55,2100,139500,15400.0,CE
2021-03-30 10:45:00,12.65,12.75,12.4,12.75,450,139500,15400.0,CE
2021-03-30 10:46:00,12.75,12.95,12.5,12.5,825,139500,15400.0,CE
2021-03-30 10:47:00,12.55,12.85,12.55,12.85,300,139200,15400.0,CE
2021-03-30 10:48:00,12.6,12.8,12.55,12.8,675,139200,15400.0,CE
2021-03-30 10:49:00,12.7,13.45,12.7,13.05,1275,139200,15400.0,CE
2021-03-30 10:50:00,13.3,13.4,12.5,12.7,4950,139725,15400.0,CE
2021-03-30 10:51:00,12.8,12.95,12.5,12.7,3225,139725,15400.0,CE
2021-03-30 10:52:00,12.9,13.1,12.75,12.75,975,139725,15400.0,CE
2021-03-30 10:53:00,12.85,13.1,12.85,13.1,375,139725,15400.0,CE
2021-03-30 10:54:00,12.95,12.95,12.9,12.9,375,139125,15400.0,CE
2021-03-30 10:55:00,13.0,13.05,13.0,13.05,225,139125,15400.0,CE
2021-03-30 10:56:00,12.75,13.0,12.75,12.75,375,139125,15400.0,CE
2021-03-30 10:57:00,13.1,13.1,12.6,12.7,1650,138825,15400.0,CE
2021-03-30 10:58:00,12.4,12.65,12.35,12.35,1950,138825,15400.0,CE
2021-03-30 10:59:00,12.45,12.55,12.4,12.5,2100,139275,15400.0,CE
2021-03-30 11:00:00,12.35,12.5,12.05,12.05,3975,139275,15400.0,CE
2021-03-30 11:01:00,12.3,12.45,12.3,12.35,1200,139275,15400.0,CE
2021-03-30 11:02:00,12.4,12.45,12.1,12.1,2025,142050,15400.0,CE
2021-03-30 11:03:00,12.35,12.5,12.3,12.4,5325,142050,15400.0,CE
2021-03-30 11:04:00,12.4,12.5,12.3,12.4,7650,142050,15400.0,CE
2021-03-30 11:05:00,12.35,12.45,12.35,12.4,1725,148350,15400.0,CE
2021-03-30 11:06:00,12.15,12.2,12.05,12.05,300,148350,15400.0,CE
2021-03-30 11:07:00,12.3,12.35,12.3,12.35,1875,148350,15400.0,CE
2021-03-30 11:08:00,12.25,12.3,12.15,12.3,3375,151050,15400.0,CE
2021-03-30 11:09:00,12.35,12.35,12.3,12.3,1125,151050,15400.0,CE
2021-03-30 11:10:00,12.25,12.25,12.0,12.0,1500,151050,15400.0,CE
2021-03-30 11:11:00,12.0,12.15,12.0,12.05,7725,158475,15400.0,CE
2021-03-30 11:12:00,12.05,12.1,12.05,12.1,2775,158475,15400.0,CE
2021-03-30 11:13:00,12.1,12.15,11.95,12.15,5325,158475,15400.0,CE
2021-03-30 11:14:00,12.15,12.3,12.15,12.3,2625,158475,15400.0,CE
2021-03-30 11:15:00,12.45,12.6,12.45,12.6,225,163725,15400.0,CE
2021-03-30 11:16:00,12.6,12.6,12.6,12.6,75,163725,15400.0,CE
2021-03-30 11:17:00,12.75,12.75,12.65,12.65,1800,163725,15400.0,CE
2021-03-30 11:18:00,12.8,12.8,12.7,12.8,1350,163725,15400.0,CE
2021-03-30 11:19:00,13.0,13.0,12.9,12.9,2925,163725,15400.0,CE
2021-03-30 11:20:00,12.75,12.95,12.75,12.8,750,167325,15400.0,CE
2021-03-30 11:21:00,12.75,13.2,12.7,13.0,2100,167325,15400.0,CE
2021-03-30 11:22:00,12.7,12.7,12.5,12.5,525,167325,15400.0,CE
2021-03-30 11:23:00,12.5,12.5,12.35,12.4,300,167325,15400.0,CE
2021-03-30 11:24:00,12.5,13.0,12.5,13.0,4425,167325,15400.0,CE
2021-03-30 11:25:00,13.0,13.15,13.0,13.1,1275,167325,15400.0,CE
2021-03-30 11:26:00,12.85,12.85,12.55,12.55,2925,173100,15400.0,CE
2021-03-30 11:27:00,12.6,12.6,12.5,12.5,750,173100,15400.0,CE
2021-03-30 11:28:00,12.55,12.55,12.4,12.55,1125,173100,15400.0,CE
2021-03-30 11:29:00,12.5,12.5,12.2,12.2,525,173025,15400.0,CE
2021-03-30 11:30:00,12.15,12.3,12.15,12.3,1500,173025,15400.0,CE
2021-03-30 11:31:00,12.25,12.25,12.25,12.25,150,173025,15400.0,CE
2021-03-30 11:32:00,12.35,12.55,12.25,12.25,900,173025,15400.0,CE
2021-03-30 11:33:00,12.2,12.2,12.2,12.2,1500,173925,15400.0,CE
2021-03-30 11:34:00,12.45,12.5,12.2,12.4,13950,173925,15400.0,CE
2021-03-30 11:35:00,12.55,12.8,12.5,12.65,16725,173925,15400.0,CE
2021-03-30 11:36:00,12.6,12.65,12.6,12.65,525,156525,15400.0,CE
2021-03-30 11:37:00,12.6,12.6,12.6,12.6,75,156525,15400.0,CE
2021-03-30 11:38:00,12.7,12.7,12.7,12.7,450,156300,15400.0,CE
2021-03-30 11:39:00,12.6,13.1,12.6,12.95,1275,156300,15400.0,CE
2021-03-30 11:40:00,12.8,12.95,12.8,12.95,300,156300,15400.0,CE
2021-03-30 11:41:00,12.85,12.85,12.8,12.8,150,156675,15400.0,CE
2021-03-30 11:42:00,12.85,12.85,12.8,12.8,1050,156675,15400.0,CE
2021-03-30 11:43:00,12.95,12.95,12.75,12.75,525,156675,15400.0,CE
2021-03-30 11:44:00,12.9,13.1,12.9,13.1,450,156675,15400.0,CE
2021-03-30 11:45:00,13.25,13.25,12.7,12.75,4350,157425,15400.0,CE
2021-03-30 11:46:00,12.65,12.65,12.6,12.6,975,157425,15400.0,CE
2021-03-30 11:48:00,12.75,12.8,12.6,12.6,4275,159225,15400.0,CE
2021-03-30 11:49:00,12.6,12.75,12.6,12.7,600,159225,15400.0,CE
2021-03-30 11:50:00,12.75,12.9,12.75,12.85,675,159225,15400.0,CE
2021-03-30 11:51:00,12.85,12.9,12.85,12.85,2475,161775,15400.0,CE
2021-03-30 11:52:00,12.85,12.85,12.85,12.85,225,161775,15400.0,CE
2021-03-30 11:53:00,12.8,12.8,12.45,12.45,525,161775,15400.0,CE
2021-03-30 11:54:00,12.55,12.6,12.45,12.5,300,163950,15400.0,CE
2021-03-30 11:55:00,12.2,12.4,12.2,12.4,750,163950,15400.0,CE
2021-03-30 11:56:00,12.35,12.55,12.35,12.55,2400,163950,15400.0,CE
2021-03-30 11:57:00,12.6,12.6,12.5,12.55,1200,165150,15400.0,CE
2021-03-30 11:58:00,12.55,12.7,12.4,12.45,825,165150,15400.0,CE
2021-03-30 11:59:00,12.5,12.5,12.3,12.5,2175,165150,15400.0,CE
2021-03-30 12:00:00,12.6,12.6,12.35,12.45,375,164400,15400.0,CE
2021-03-30 12:01:00,12.45,12.45,12.05,12.05,525,164400,15400.0,CE
2021-03-30 12:02:00,12.25,12.4,12.25,12.4,525,164400,15400.0,CE
2021-03-30 12:03:00,12.35,12.35,12.0,12.0,825,164250,15400.0,CE
2021-03-30 12:04:00,11.9,12.0,11.75,12.0,2025,164250,15400.0,CE
2021-03-30 12:05:00,12.05,12.05,11.65,11.65,450,164250,15400.0,CE
2021-03-30 12:06:00,11.55,11.55,10.3,10.4,1575,164400,15400.0,CE
2021-03-30 12:07:00,10.6,11.35,10.6,11.35,5925,164400,15400.0,CE
2021-03-30 12:08:00,11.0,11.0,10.5,10.8,1950,164400,15400.0,CE
2021-03-30 12:09:00,11.0,11.1,10.9,11.1,375,165000,15400.0,CE
2021-03-30 12:10:00,11.15,11.15,11.15,11.15,150,165000,15400.0,CE
2021-03-30 12:11:00,11.0,11.35,11.0,11.2,1200,165000,15400.0,CE
2021-03-30 12:12:00,11.15,11.15,10.95,10.95,750,165075,15400.0,CE
2021-03-30 12:13:00,11.1,11.25,11.1,11.25,375,165075,15400.0,CE
2021-03-30 12:14:00,11.05,11.25,10.85,11.2,2475,165075,15400.0,CE
2021-03-30 12:15:00,10.95,11.1,10.9,10.9,3000,164775,15400.0,CE
2021-03-30 12:16:00,10.9,11.15,10.9,10.9,825,164775,15400.0,CE
2021-03-30 12:17:00,11.1,11.15,11.1,11.15,300,164775,15400.0,CE
2021-03-30 12:18:00,11.25,11.3,11.15,11.3,450,163350,15400.0,CE
2021-03-30 12:19:00,11.1,11.1,11.1,11.1,150,163350,15400.0,CE
2021-03-30 12:20:00,11.0,11.0,11.0,11.0,300,163350,15400.0,CE
2021-03-30 12:21:00,11.1,11.1,11.1,11.1,75,163350,15400.0,CE
2021-03-30 12:22:00,11.25,11.55,11.25,11.4,1800,163200,15400.0,CE
2021-03-30 12:23:00,11.55,11.95,11.55,11.9,975,163200,15400.0,CE
2021-03-30 12:24:00,11.95,12.15,11.45,11.45,1875,161325,15400.0,CE
2021-03-30 12:25:00,11.6,11.6,11.3,11.3,600,161325,15400.0,CE
2021-03-30 12:26:00,11.5,11.5,11.5,11.5,225,161325,15400.0,CE
2021-03-30 12:27:00,11.45,11.55,11.45,11.45,975,161325,15400.0,CE
2021-03-30 12:28:00,11.55,11.55,11.55,11.55,150,161325,15400.0,CE
2021-03-30 12:29:00,11.5,11.55,11.35,11.55,750,161325,15400.0,CE
2021-03-30 12:30:00,11.85,12.15,11.85,12.0,1350,161550,15400.0,CE
2021-03-30 12:31:00,11.8,12.0,11.7,11.7,825,161550,15400.0,CE
2021-03-30 12:32:00,11.75,11.9,11.75,11.9,525,161550,15400.0,CE
2021-03-30 12:33:00,11.9,12.25,11.9,12.25,1650,161100,15400.0,CE
2021-03-30 12:34:00,12.0,12.2,12.0,12.05,2100,161100,15400.0,CE
2021-03-30 12:35:00,12.15,12.15,11.95,12.15,900,161100,15400.0,CE
2021-03-30 12:36:00,12.05,12.05,11.85,11.85,1800,161550,15400.0,CE
2021-03-30 12:37:00,11.85,11.85,11.85,11.85,300,161550,15400.0,CE
2021-03-30 12:38:00,11.8,11.9,11.8,11.85,1425,161550,15400.0,CE
2021-03-30 12:39:00,11.8,11.8,11.6,11.6,675,161850,15400.0,CE
2021-03-30 12:40:00,11.4,11.4,11.0,11.25,1050,161850,15400.0,CE
2021-03-30 12:41:00,11.3,11.65,11.3,11.65,3375,161850,15400.0,CE
2021-03-30 12:42:00,11.65,11.65,11.5,11.5,1425,162525,15400.0,CE
2021-03-30 12:43:00,11.5,11.65,11.45,11.45,6300,162525,15400.0,CE
2021-03-30 12:44:00,11.5,11.55,11.3,11.4,675,162525,15400.0,CE
2021-03-30 12:45:00,11.45,11.65,11.25,11.6,975,163275,15400.0,CE
2021-03-30 12:47:00,11.75,11.85,11.7,11.7,975,163275,15400.0,CE
2021-03-30 12:48:00,11.55,11.75,11.55,11.75,450,163950,15400.0,CE
2021-03-30 12:49:00,11.75,11.75,11.75,11.75,450,163950,15400.0,CE
2021-03-30 12:50:00,11.65,11.85,11.6,11.85,1200,163950,15400.0,CE
2021-03-30 12:51:00,11.8,11.85,11.3,11.4,1200,163800,15400.0,CE
2021-03-30 12:52:00,11.15,11.5,11.05,11.5,1575,163800,15400.0,CE
2021-03-30 12:53:00,11.55,11.55,11.55,11.55,375,163800,15400.0,CE
2021-03-30 12:54:00,11.45,11.45,11.3,11.3,675,164250,15400.0,CE
2021-03-30 12:55:00,11.4,11.5,11.25,11.25,1125,164250,15400.0,CE
2021-03-30 12:56:00,11.25,11.3,11.2,11.3,225,164250,15400.0,CE
2021-03-30 12:57:00,11.4,11.45,11.05,11.45,975,164175,15400.0,CE
2021-03-30 12:59:00,11.55,11.65,11.55,11.65,150,164175,15400.0,CE
2021-03-30 13:00:00,11.35,11.35,10.85,10.85,600,164175,15400.0,CE
2021-03-30 13:01:00,10.95,11.15,10.8,10.95,900,164175,15400.0,CE
2021-03-30 13:02:00,11.15,11.2,11.1,11.2,300,164175,15400.0,CE
2021-03-30 13:03:00,11.2,11.45,11.15,11.15,1200,163950,15400.0,CE
2021-03-30 13:04:00,11.6,12.75,11.15,11.15,2625,163950,15400.0,CE
2021-03-30 13:05:00,12.75,12.75,11.1,11.1,1275,163950,15400.0,CE
2021-03-30 13:06:00,11.15,11.15,11.0,11.0,975,165000,15400.0,CE
2021-03-30 13:07:00,11.1,11.1,10.95,10.95,300,165000,15400.0,CE
2021-03-30 13:08:00,11.1,11.1,10.6,10.6,225,165000,15400.0,CE
2021-03-30 13:09:00,10.6,10.95,10.6,10.85,1200,165750,15400.0,CE
2021-03-30 13:10:00,10.85,11.2,10.85,11.2,525,165750,15400.0,CE
2021-03-30 13:11:00,10.75,10.75,10.75,10.75,75,165750,15400.0,CE
2021-03-30 13:12:00,11.0,11.0,11.0,11.0,75,166425,15400.0,CE
2021-03-30 13:14:00,10.7,10.75,10.7,10.75,600,166425,15400.0,CE
2021-03-30 13:15:00,11.1,11.2,11.1,11.1,675,166500,15400.0,CE
2021-03-30 13:16:00,11.8,11.8,11.05,11.2,7350,166500,15400.0,CE
2021-03-30 13:17:00,11.15,11.15,11.0,11.15,1425,166500,15400.0,CE
2021-03-30 13:18:00,11.15,11.25,11.1,11.1,450,166800,15400.0,CE
2021-03-30 13:19:00,11.15,11.15,11.15,11.15,75,166800,15400.0,CE
2021-03-30 13:20:00,11.0,11.1,10.9,11.1,675,166800,15400.0,CE
2021-03-30 13:21:00,11.15,11.2,11.15,11.2,300,166800,15400.0,CE
2021-03-30 13:22:00,11.3,11.3,11.3,11.3,300,167250,15400.0,CE
2021-03-30 13:23:00,11.15,11.65,11.15,11.65,375,167250,15400.0,CE
2021-03-30 13:24:00,11.65,11.65,11.45,11.65,1650,167775,15400.0,CE
2021-03-30 13:25:00,11.85,12.25,11.8,12.05,2250,167775,15400.0,CE
2021-03-30 13:26:00,11.9,12.05,11.75,11.9,1575,167775,15400.0,CE
2021-03-30 13:27:00,11.85,12.1,11.85,12.1,900,168975,15400.0,CE
2021-03-30 13:28:00,12.1,12.1,12.0,12.1,300,168975,15400.0,CE
2021-03-30 13:29:00,12.25,12.25,11.95,11.95,2025,168975,15400.0,CE
2021-03-30 13:30:00,11.95,12.05,11.9,12.05,975,169875,15400.0,CE
2021-03-30 13:31:00,12.05,12.15,12.0,12.1,975,169875,15400.0,CE
2021-03-30 13:32:00,12.3,12.5,12.3,12.45,1725,169875,15400.0,CE
2021-03-30 13:33:00,12.35,12.9,12.35,12.9,6600,172200,15400.0,CE
2021-03-30 13:34:00,12.9,13.05,12.7,12.85,9300,172200,15400.0,CE
2021-03-30 13:35:00,12.7,12.8,12.5,12.7,3075,172200,15400.0,CE
2021-03-30 13:36:00,12.85,12.85,12.85,12.85,75,181575,15400.0,CE
2021-03-30 13:37:00,12.8,12.8,12.55,12.75,1950,181575,15400.0,CE
2021-03-30 13:38:00,12.75,13.0,12.7,13.0,600,181575,15400.0,CE
2021-03-30 13:39:00,12.9,12.9,12.45,12.75,675,183450,15400.0,CE
2021-03-30 13:40:00,12.8,12.95,12.8,12.95,825,183450,15400.0,CE
2021-03-30 13:41:00,12.95,13.25,12.95,13.25,2025,183450,15400.0,CE
2021-03-30 13:42:00,13.3,14.0,13.3,14.0,5400,184275,15400.0,CE
2021-03-30 13:43:00,14.05,14.75,13.9,14.75,5700,184275,15400.0,CE
2021-03-30 13:44:00,14.75,14.75,13.45,13.6,7425,184275,15400.0,CE
2021-03-30 13:45:00,13.5,13.8,13.5,13.6,1650,184575,15400.0,CE
2021-03-30 13:46:00,13.6,13.8,13.5,13.75,1125,184575,15400.0,CE
2021-03-30 13:47:00,13.85,13.85,13.6,13.65,2100,184575,15400.0,CE
2021-03-30 13:48:00,13.65,13.8,13.5,13.75,1350,184350,15400.0,CE
2021-03-30 13:49:00,13.75,14.1,13.55,14.1,1500,184350,15400.0,CE
2021-03-30 13:50:00,13.9,14.3,13.9,14.0,1200,184350,15400.0,CE
2021-03-30 13:51:00,14.75,15.0,14.5,14.55,1425,183900,15400.0,CE
2021-03-30 13:52:00,14.55,14.95,14.55,14.95,2850,183900,15400.0,CE
2021-03-30 13:53:00,14.55,14.6,14.55,14.6,675,183900,15400.0,CE
2021-03-30 13:54:00,14.55,15.1,14.55,15.1,1575,186225,15400.0,CE
2021-03-30 13:55:00,14.55,14.75,14.55,14.7,1500,186225,15400.0,CE
2021-03-30 13:56:00,15.0,15.0,14.55,14.55,2775,186225,15400.0,CE
2021-03-30 13:57:00,14.55,14.7,14.35,14.35,3000,187800,15400.0,CE
2021-03-30 13:58:00,14.3,14.6,14.25,14.45,1350,187800,15400.0,CE
2021-03-30 13:59:00,14.65,14.75,14.45,14.55,2550,187800,15400.0,CE
2021-03-30 14:00:00,14.4,14.55,14.2,14.5,3750,185775,15400.0,CE
2021-03-30 14:01:00,14.5,14.75,14.25,14.7,5775,185775,15400.0,CE
2021-03-30 14:02:00,14.95,16.15,14.95,16.1,22650,185775,15400.0,CE
2021-03-30 14:03:00,16.65,18.45,16.25,18.45,14925,192075,15400.0,CE
2021-03-30 14:04:00,18.85,18.95,18.4,18.4,20925,192075,15400.0,CE
2021-03-30 14:05:00,18.35,20.5,18.35,20.25,34275,192075,15400.0,CE
2021-03-30 14:06:00,20.35,21.25,19.5,19.75,16425,205575,15400.0,CE
2021-03-30 14:07:00,19.55,19.9,18.85,19.0,9450,205575,15400.0,CE
2021-03-30 14:08:00,19.3,20.05,19.25,20.05,14100,205575,15400.0,CE
2021-03-30 14:09:00,20.15,21.5,20.05,21.5,27900,230175,15400.0,CE
2021-03-30 14:10:00,21.5,22.0,21.3,21.8,11625,230175,15400.0,CE
2021-03-30 14:11:00,21.95,22.15,21.1,21.4,13350,230175,15400.0,CE
2021-03-30 14:12:00,21.6,22.05,21.45,22.05,8775,232875,15400.0,CE
2021-03-30 14:13:00,22.0,22.3,21.7,22.15,3600,232875,15400.0,CE
2021-03-30 14:14:00,22.15,22.15,21.6,21.8,4575,232875,15400.0,CE
2021-03-30 14:15:00,21.75,21.75,21.3,21.5,4275,230250,15400.0,CE
2021-03-30 14:16:00,22.2,24.05,22.15,24.05,15525,230250,15400.0,CE
2021-03-30 14:17:00,24.05,27.0,24.05,27.0,10650,230250,15400.0,CE
2021-03-30 14:18:00,27.25,27.25,26.1,26.45,15450,236400,15400.0,CE
2021-03-30 14:19:00,26.5,26.5,24.7,25.15,10800,236400,15400.0,CE
2021-03-30 14:20:00,24.85,25.15,23.55,23.65,9450,236400,15400.0,CE
2021-03-30 14:21:00,23.45,23.75,22.95,22.95,4575,238575,15400.0,CE
2021-03-30 14:22:00,22.95,23.75,22.95,23.5,4125,238575,15400.0,CE
2021-03-30 14:23:00,23.6,24.2,23.55,23.95,1800,238575,15400.0,CE
2021-03-30 14:24:00,23.95,24.95,23.95,24.95,9450,239325,15400.0,CE
2021-03-30 14:25:00,25.3,25.6,24.75,24.95,7800,239325,15400.0,CE
2021-03-30 14:26:00,25.0,25.3,24.5,24.65,6750,239325,15400.0,CE
2021-03-30 14:27:00,24.65,24.75,23.15,23.2,8775,248475,15400.0,CE
2021-03-30 14:28:00,23.4,23.45,22.5,22.9,9000,248475,15400.0,CE
2021-03-30 14:29:00,23.05,23.45,22.4,22.5,10650,248475,15400.0,CE
2021-03-30 14:30:00,22.55,22.7,21.1,21.6,5925,251775,15400.0,CE
2021-03-30 14:31:00,21.65,22.0,21.2,21.8,12150,251775,15400.0,CE
2021-03-30 14:32:00,21.8,23.0,21.8,23.0,14100,251775,15400.0,CE
2021-03-30 14:33:00,23.0,23.3,22.85,23.25,5250,255975,15400.0,CE
2021-03-30 14:34:00,23.3,24.0,23.15,23.75,6300,255975,15400.0,CE
2021-03-30 14:35:00,23.6,23.65,23.1,23.45,4650,255975,15400.0,CE
2021-03-30 14:36:00,23.3,23.6,23.1,23.55,5775,254850,15400.0,CE
2021-03-30 14:37:00,23.45,24.05,23.45,24.05,4875,254850,15400.0,CE
2021-03-30 14:38:00,24.05,24.45,23.7,23.9,6600,254850,15400.0,CE
2021-03-30 14:39:00,23.9,24.35,23.75,23.85,4050,254700,15400.0,CE
2021-03-30 14:40:00,23.95,24.25,23.6,23.6,2025,254700,15400.0,CE
2021-03-30 14:41:00,23.9,23.9,23.65,23.65,2625,254700,15400.0,CE
2021-03-30 14:42:00,23.65,23.8,23.0,23.0,1350,255600,15400.0,CE
2021-03-30 14:43:00,23.1,23.65,22.5,22.5,4500,255600,15400.0,CE
2021-03-30 14:44:00,22.75,23.15,22.65,23.0,2775,255600,15400.0,CE
2021-03-30 14:45:00,23.25,23.75,23.25,23.55,3900,257625,15400.0,CE
2021-03-30 14:46:00,23.55,23.55,22.15,22.15,11550,257625,15400.0,CE
2021-03-30 14:47:00,22.1,22.45,21.45,21.45,8100,257625,15400.0,CE
2021-03-30 14:48:00,21.6,21.75,21.15,21.65,12525,275550,15400.0,CE
2021-03-30 14:49:00,21.75,22.25,21.45,21.9,5025,275550,15400.0,CE
2021-03-30 14:50:00,21.85,22.3,21.6,21.85,2550,275550,15400.0,CE
2021-03-30 14:51:00,21.75,22.85,21.75,22.8,6675,270750,15400.0,CE
2021-03-30 14:52:00,22.95,24.4,22.95,24.1,16875,270750,15400.0,CE
2021-03-30 14:53:00,24.25,24.85,24.0,24.0,23175,270750,15400.0,CE
2021-03-30 14:54:00,24.15,24.6,23.85,24.5,6750,281775,15400.0,CE
2021-03-30 14:55:00,24.45,24.5,23.65,23.75,3900,281775,15400.0,CE
2021-03-30 14:56:00,23.75,24.3,23.65,23.85,9300,281775,15400.0,CE
2021-03-30 14:57:00,23.9,24.05,23.45,23.8,6675,292650,15400.0,CE
2021-03-30 14:58:00,23.65,23.8,22.7,23.15,17025,292650,15400.0,CE
2021-03-30 14:59:00,23.1,23.6,22.9,23.55,3675,292650,15400.0,CE
2021-03-30 15:00:00,23.75,23.75,21.8,21.8,7200,301500,15400.0,CE
2021-03-30 15:01:00,21.85,21.85,20.0,20.4,8025,301500,15400.0,CE
2021-03-30 15:02:00,20.25,21.8,20.25,21.7,5775,301500,15400.0,CE
2021-03-30 15:03:00,21.8,22.65,21.8,22.25,6000,300750,15400.0,CE
2021-03-30 15:04:00,22.4,22.4,21.85,21.95,4725,300750,15400.0,CE
2021-03-30 15:05:00,21.5,22.05,21.45,21.55,3750,300750,15400.0,CE
2021-03-30 15:06:00,21.3,21.3,20.8,20.9,4875,302175,15400.0,CE
2021-03-30 15:07:00,21.15,21.7,21.15,21.25,8475,302175,15400.0,CE
2021-03-30 15:08:00,21.25,21.9,21.25,21.8,5175,302175,15400.0,CE
2021-03-30 15:09:00,21.75,22.05,21.4,21.8,7200,302175,15400.0,CE
2021-03-30 15:10:00,21.85,22.35,21.55,21.55,7350,306750,15400.0,CE
2021-03-30 15:11:00,21.45,22.0,21.45,21.5,3225,306750,15400.0,CE
2021-03-30 15:12:00,21.65,21.8,21.45,21.55,3225,306150,15400.0,CE
2021-03-30 15:13:00,21.7,22.1,21.5,21.85,2550,306150,15400.0,CE
2021-03-30 15:14:00,21.8,21.9,21.7,21.7,1050,306150,15400.0,CE
2021-03-30 15:15:00,21.55,21.85,21.35,21.35,2925,306150,15400.0,CE
2021-03-30 15:16:00,21.2,21.25,20.75,20.9,2400,308100,15400.0,CE
2021-03-30 15:17:00,20.95,21.05,20.8,20.9,9000,308100,15400.0,CE
2021-03-30 15:18:00,20.75,21.45,20.7,21.45,5400,308100,15400.0,CE
2021-03-30 15:19:00,21.1,21.4,20.95,21.25,4500,303450,15400.0,CE
2021-03-30 15:20:00,21.25,21.55,21.15,21.5,5475,303450,15400.0,CE
2021-03-30 15:21:00,21.5,22.15,21.5,22.1,5175,303450,15400.0,CE
2021-03-30 15:22:00,22.1,22.1,21.55,21.55,2550,307350,15400.0,CE
2021-03-30 15:23:00,21.7,21.75,21.5,21.6,1650,307350,15400.0,CE
2021-03-30 15:24:00,21.7,21.75,21.6,21.75,1650,307350,15400.0,CE
2021-03-30 15:25:00,21.75,22.3,21.75,22.2,6075,306525,15400.0,CE
2021-03-30 15:26:00,22.3,22.4,21.95,22.15,4200,306525,15400.0,CE
2021-03-30 15:27:00,22.05,22.25,21.85,22.1,1725,306525,15400.0,CE
2021-03-30 15:28:00,22.35,23.05,21.5,23.05,8700,306300,15400.0,CE
2021-03-30 15:29:00,23.5,25.0,23.2,23.85,5175,306300,15400.0,CE
2021-03-31 09:15:00,25.6,25.6,12.85,15.8,10577,304050,15400.0,CE
2021-03-31 09:16:00,15.95,16.4,15.25,15.25,16350,304050,15400.0,CE
2021-03-31 09:17:00,15.25,15.45,15.0,15.45,14550,305925,15400.0,CE
2021-03-31 09:18:00,15.5,15.55,14.0,14.2,19575,305925,15400.0,CE
2021-03-31 09:19:00,13.9,14.15,13.75,14.15,5700,305925,15400.0,CE
2021-03-31 09:20:00,14.1,14.15,13.55,13.55,15675,300300,15400.0,CE
2021-03-31 09:21:00,13.5,13.6,13.05,13.45,5550,300300,15400.0,CE
2021-03-31 09:22:00,13.55,13.55,13.0,13.15,3075,300300,15400.0,CE
2021-03-31 09:23:00,13.15,13.45,13.0,13.3,6000,295800,15400.0,CE
2021-03-31 09:24:00,13.3,14.25,13.25,14.25,8325,295800,15400.0,CE
2021-03-31 09:25:00,14.25,14.35,13.7,13.7,9600,295800,15400.0,CE
2021-03-31 09:26:00,13.35,13.4,12.0,12.3,22275,291975,15400.0,CE
2021-03-31 09:27:00,12.2,12.75,11.9,11.9,10950,291975,15400.0,CE
2021-03-31 09:28:00,12.3,12.3,11.25,11.85,6225,291975,15400.0,CE
2021-03-31 09:29:00,11.85,12.05,11.6,12.05,3375,291375,15400.0,CE
2021-03-31 09:30:00,11.95,12.1,11.8,12.0,1875,291375,15400.0,CE
2021-03-31 09:31:00,11.9,12.6,11.9,12.6,4125,291375,15400.0,CE
2021-03-31 09:32:00,12.6,12.6,12.3,12.4,3450,288975,15400.0,CE
2021-03-31 09:33:00,12.5,12.75,12.4,12.75,5175,288975,15400.0,CE
2021-03-31 09:34:00,12.9,12.95,12.6,12.75,3150,288975,15400.0,CE
2021-03-31 09:35:00,12.7,12.85,12.35,12.7,7950,286350,15400.0,CE
2021-03-31 09:36:00,12.85,13.2,12.85,13.0,3600,286350,15400.0,CE
2021-03-31 09:37:00,13.15,13.65,13.15,13.65,1650,286350,15400.0,CE
2021-03-31 09:38:00,13.7,13.85,13.5,13.7,4425,287175,15400.0,CE
2021-03-31 09:39:00,13.65,13.85,13.55,13.75,5175,287175,15400.0,CE
2021-03-31 09:40:00,13.7,14.15,13.7,14.15,2850,287175,15400.0,CE
2021-03-31 09:41:00,14.2,14.55,14.2,14.55,1950,288000,15400.0,CE
2021-03-31 09:42:00,14.75,14.85,14.3,14.5,7050,288000,15400.0,CE
2021-03-31 09:43:00,14.55,14.85,14.55,14.85,3000,288000,15400.0,CE
2021-03-31 09:44:00,14.85,15.2,14.85,14.9,2025,288150,15400.0,CE
2021-03-31 09:45:00,14.75,15.25,14.75,15.0,3900,288150,15400.0,CE
2021-03-31 09:46:00,14.75,14.9,14.55,14.9,1125,288150,15400.0,CE
2021-03-31 09:47:00,14.7,14.95,14.7,14.75,2625,290025,15400.0,CE
2021-03-31 09:48:00,14.65,14.65,13.7,13.85,3375,290025,15400.0,CE
2021-03-31 09:49:00,13.7,13.7,13.15,13.15,9375,290025,15400.0,CE
2021-03-31 09:50:00,13.2,13.7,12.9,13.5,10650,282675,15400.0,CE
2021-03-31 09:51:00,13.5,13.7,13.4,13.5,2850,282675,15400.0,CE
2021-03-31 09:52:00,13.5,13.75,13.5,13.55,3300,282675,15400.0,CE
2021-03-31 09:53:00,13.75,13.75,13.3,13.45,2100,285075,15400.0,CE
2021-03-31 09:54:00,13.45,13.5,12.9,13.05,8100,285075,15400.0,CE
2021-03-31 09:55:00,13.15,13.15,12.6,12.7,7350,285075,15400.0,CE
2021-03-31 09:56:00,12.95,13.05,12.9,12.9,2025,285750,15400.0,CE
2021-03-31 09:57:00,12.9,13.15,12.8,13.1,3375,285750,15400.0,CE
2021-03-31 09:58:00,13.35,13.6,13.35,13.4,4650,285750,15400.0,CE
2021-03-31 09:59:00,13.6,13.6,13.1,13.1,4050,287700,15400.0,CE
2021-03-31 10:00:00,13.0,13.0,12.45,12.55,4725,287700,15400.0,CE
2021-03-31 10:01:00,12.5,12.6,12.4,12.4,1125,287700,15400.0,CE
2021-03-31 10:02:00,12.4,12.65,12.4,12.65,675,289650,15400.0,CE
2021-03-31 10:03:00,12.4,12.45,12.35,12.35,675,289650,15400.0,CE
2021-03-31 10:04:00,12.4,12.55,12.25,12.55,5100,289650,15400.0,CE
2021-03-31 10:05:00,12.35,13.2,12.3,13.2,12000,287775,15400.0,CE
2021-03-31 10:06:00,13.15,13.2,12.65,12.75,8175,287775,15400.0,CE
2021-03-31 10:07:00,12.85,12.85,12.45,12.45,8625,287775,15400.0,CE
2021-03-31 10:08:00,12.6,12.7,12.25,12.65,5175,288150,15400.0,CE
2021-03-31 10:09:00,12.65,12.75,12.35,12.6,5700,288150,15400.0,CE
2021-03-31 10:10:00,12.55,12.7,12.5,12.5,4050,288150,15400.0,CE
2021-03-31 10:11:00,12.45,12.7,12.4,12.7,2625,291825,15400.0,CE
2021-03-31 10:12:00,12.55,12.55,12.1,12.15,3750,291825,15400.0,CE
2021-03-31 10:13:00,12.15,12.65,12.15,12.5,1050,291825,15400.0,CE
2021-03-31 10:14:00,12.35,12.45,12.2,12.25,4200,291150,15400.0,CE
2021-03-31 10:15:00,12.2,12.3,12.0,12.2,6000,291150,15400.0,CE
2021-03-31 10:16:00,12.25,12.35,12.15,12.15,3000,291150,15400.0,CE
2021-03-31 10:17:00,12.0,12.1,11.65,11.65,10650,290175,15400.0,CE
2021-03-31 10:18:00,11.65,12.05,11.35,12.05,4500,290175,15400.0,CE
2021-03-31 10:19:00,11.5,12.5,11.45,11.45,2325,290175,15400.0,CE
2021-03-31 10:20:00,11.85,13.3,11.65,11.7,4575,297675,15400.0,CE
2021-03-31 10:21:00,12.55,14.0,11.45,11.45,3600,297675,15400.0,CE
2021-03-31 10:22:00,13.5,13.5,11.45,12.0,6375,297675,15400.0,CE
2021-03-31 10:23:00,11.6,12.15,11.55,11.6,3825,298350,15400.0,CE
2021-03-31 10:24:00,11.85,11.95,11.6,11.7,2475,298350,15400.0,CE
2021-03-31 10:25:00,11.7,11.85,11.5,11.8,4125,298350,15400.0,CE
2021-03-31 10:26:00,11.85,12.3,11.75,12.3,2400,300450,15400.0,CE
2021-03-31 10:27:00,12.05,12.3,12.0,12.2,2625,300450,15400.0,CE
2021-03-31 10:28:00,12.2,12.35,12.2,12.2,825,300450,15400.0,CE
2021-03-31 10:29:00,12.2,12.3,12.15,12.3,975,300675,15400.0,CE
2021-03-31 10:30:00,12.25,12.25,11.85,12.05,1575,300675,15400.0,CE
2021-03-31 10:31:00,12.0,12.1,12.0,12.0,1125,300675,15400.0,CE
2021-03-31 10:32:00,12.25,12.25,12.15,12.15,1875,300375,15400.0,CE
2021-03-31 10:33:00,12.1,12.2,12.05,12.05,975,300375,15400.0,CE
2021-03-31 10:34:00,12.05,12.35,12.05,12.2,5550,300375,15400.0,CE
2021-03-31 10:35:00,12.2,12.2,11.9,11.95,1425,299400,15400.0,CE
2021-03-31 10:36:00,12.0,12.0,11.7,11.7,975,299400,15400.0,CE
2021-03-31 10:37:00,11.65,11.65,10.9,11.15,5100,299400,15400.0,CE
2021-03-31 10:38:00,11.2,11.85,11.15,11.7,3600,300375,15400.0,CE
2021-03-31 10:39:00,11.7,11.7,11.2,11.3,7875,300375,15400.0,CE
2021-03-31 10:40:00,11.3,11.3,10.8,10.95,3600,300375,15400.0,CE
2021-03-31 10:41:00,11.0,11.35,10.95,11.15,3975,300375,15400.0,CE
2021-03-31 10:42:00,11.35,11.5,11.2,11.35,1050,294525,15400.0,CE
2021-03-31 10:43:00,11.4,11.65,11.4,11.65,1725,294525,15400.0,CE
2021-03-31 10:44:00,11.55,11.65,11.5,11.6,2175,294975,15400.0,CE
2021-03-31 10:45:00,11.4,11.6,11.4,11.45,225,294975,15400.0,CE
2021-03-31 10:46:00,11.6,11.65,11.4,11.65,750,294975,15400.0,CE
2021-03-31 10:47:00,11.7,11.95,11.55,11.95,2250,294375,15400.0,CE
2021-03-31 10:48:00,11.9,12.3,11.9,12.0,3300,294375,15400.0,CE
2021-03-31 10:49:00,12.1,12.1,11.85,12.0,1125,294375,15400.0,CE
2021-03-31 10:50:00,12.1,12.35,12.1,12.25,600,294225,15400.0,CE
2021-03-31 10:51:00,12.2,12.2,11.85,11.85,3000,294225,15400.0,CE
2021-03-31 10:52:00,11.85,11.85,11.5,11.5,2400,294225,15400.0,CE
2021-03-31 10:53:00,11.65,11.65,11.6,11.6,225,292500,15400.0,CE
2021-03-31 10:54:00,11.55,11.8,11.55,11.65,3225,292500,15400.0,CE
2021-03-31 10:55:00,11.75,11.95,11.75,11.85,900,292500,15400.0,CE
2021-03-31 10:56:00,11.8,11.9,11.8,11.9,750,291450,15400.0,CE
2021-03-31 10:57:00,11.75,11.9,11.7,11.8,1875,291450,15400.0,CE
2021-03-31 10:58:00,11.55,11.65,11.35,11.65,1050,291450,15400.0,CE
2021-03-31 10:59:00,11.55,11.7,11.5,11.55,1575,294000,15400.0,CE
2021-03-31 11:00:00,11.35,11.35,11.2,11.35,900,294000,15400.0,CE
2021-03-31 11:01:00,11.1,11.3,11.1,11.3,675,294000,15400.0,CE
2021-03-31 11:02:00,11.45,11.7,11.45,11.7,450,294450,15400.0,CE
2021-03-31 11:03:00,11.7,11.8,11.7,11.8,375,294450,15400.0,CE
2021-03-31 11:04:00,12.05,12.05,11.85,11.95,1200,294450,15400.0,CE
2021-03-31 11:05:00,12.1,12.3,12.1,12.2,1350,294075,15400.0,CE
2021-03-31 11:06:00,12.1,12.55,12.1,12.45,1950,294075,15400.0,CE
2021-03-31 11:07:00,12.45,12.5,12.25,12.25,1875,294075,15400.0,CE
2021-03-31 11:08:00,12.1,12.35,12.0,12.0,24000,289725,15400.0,CE
2021-03-31 11:09:00,12.0,12.0,11.45,11.6,7950,289725,15400.0,CE
2021-03-31 11:10:00,11.45,11.55,11.25,11.3,1125,289725,15400.0,CE
2021-03-31 11:11:00,11.25,11.6,11.2,11.55,2775,288600,15400.0,CE
2021-03-31 11:12:00,11.65,11.95,11.65,11.95,1350,288600,15400.0,CE
2021-03-31 11:13:00,11.9,12.1,11.75,12.0,9825,288600,15400.0,CE
2021-03-31 11:14:00,11.95,12.0,11.9,12.0,1050,288225,15400.0,CE
2021-03-31 11:15:00,12.05,12.1,11.85,11.85,2850,288225,15400.0,CE
2021-03-31 11:16:00,11.95,12.0,11.65,11.85,3825,288225,15400.0,CE
2021-03-31 11:17:00,11.75,11.75,11.6,11.7,3375,288150,15400.0,CE
2021-03-31 11:18:00,11.6,11.75,11.5,11.75,1425,288150,15400.0,CE
2021-03-31 11:19:00,11.8,11.9,11.8,11.9,375,288150,15400.0,CE
2021-03-31 11:20:00,11.95,12.0,11.85,11.9,3300,287850,15400.0,CE
2021-03-31 11:21:00,11.8,11.85,11.35,11.4,3750,287850,15400.0,CE
2021-03-31 11:22:00,11.6,11.75,11.35,11.7,4350,287850,15400.0,CE
2021-03-31 11:23:00,11.65,11.7,11.55,11.55,675,287100,15400.0,CE
2021-03-31 11:24:00,11.6,11.7,11.6,11.7,1650,287100,15400.0,CE
2021-03-31 11:25:00,11.55,11.7,11.55,11.7,450,287100,15400.0,CE
2021-03-31 11:26:00,11.6,11.75,11.55,11.55,375,287925,15400.0,CE
2021-03-31 11:27:00,11.7,12.05,11.7,11.95,4200,287925,15400.0,CE
2021-03-31 11:28:00,11.85,11.9,11.85,11.9,900,287925,15400.0,CE
2021-03-31 11:29:00,11.85,12.05,11.85,12.05,1500,285600,15400.0,CE
2021-03-31 11:30:00,12.1,12.1,11.7,11.75,675,285600,15400.0,CE
2021-03-31 11:31:00,11.6,11.8,11.6,11.65,675,285600,15400.0,CE
2021-03-31 11:32:00,11.6,11.95,11.55,11.95,1575,285600,15400.0,CE
2021-03-31 11:34:00,11.65,11.65,11.4,11.4,450,285300,15400.0,CE
2021-03-31 11:35:00,11.6,11.6,11.4,11.5,375,285300,15400.0,CE
2021-03-31 11:36:00,11.4,11.85,11.4,11.85,2400,285450,15400.0,CE
2021-03-31 11:37:00,11.9,11.95,11.9,11.9,450,285450,15400.0,CE
2021-03-31 11:38:00,11.9,11.9,11.7,11.85,975,285450,15400.0,CE
2021-03-31 11:39:00,11.85,11.85,11.6,11.6,1275,284700,15400.0,CE
2021-03-31 11:40:00,11.45,11.65,11.4,11.4,1125,284700,15400.0,CE
2021-03-31 11:41:00,11.4,11.8,11.4,11.8,1500,284700,15400.0,CE
2021-03-31 11:42:00,11.65,11.75,11.65,11.75,150,286125,15400.0,CE
2021-03-31 11:43:00,11.7,11.9,11.65,11.9,1575,286125,15400.0,CE
2021-03-31 11:44:00,11.7,11.9,11.7,11.8,3675,286125,15400.0,CE
2021-03-31 11:45:00,11.9,12.25,11.9,12.05,1500,286425,15400.0,CE
2021-03-31 11:46:00,12.15,12.15,12.0,12.15,1125,286425,15400.0,CE
2021-03-31 11:47:00,12.15,12.15,12.15,12.15,375,286425,15400.0,CE
2021-03-31 11:48:00,12.0,12.25,12.0,12.1,1200,300975,15400.0,CE
2021-03-31 11:49:00,12.1,12.1,12.05,12.1,1125,300975,15400.0,CE
2021-03-31 11:50:00,12.15,12.5,12.15,12.5,525,300975,15400.0,CE
2021-03-31 11:51:00,12.45,12.7,12.25,12.25,3300,302400,15400.0,CE
2021-03-31 11:52:00,12.2,12.2,12.0,12.1,1125,302400,15400.0,CE
2021-03-31 11:53:00,12.45,12.45,12.45,12.45,75,302400,15400.0,CE
2021-03-31 11:54:00,12.3,12.45,12.3,12.4,4125,303300,15400.0,CE
2021-03-31 11:55:00,12.4,12.7,12.3,12.6,1350,303300,15400.0,CE
2021-03-31 11:56:00,12.55,12.55,12.05,12.15,4350,303300,15400.0,CE
2021-03-31 11:57:00,12.15,12.3,12.0,12.25,1200,300900,15400.0,CE
2021-03-31 11:58:00,12.2,12.2,11.8,11.8,525,300900,15400.0,CE
2021-03-31 11:59:00,12.0,12.35,11.95,12.35,825,300900,15400.0,CE
2021-03-31 12:00:00,12.45,12.45,12.0,12.0,750,300750,15400.0,CE
2021-03-31 12:01:00,12.15,12.15,12.05,12.05,150,300750,15400.0,CE
2021-03-31 12:02:00,12.05,12.3,12.05,12.3,450,300750,15400.0,CE
2021-03-31 12:03:00,12.3,12.4,12.2,12.4,450,301125,15400.0,CE
2021-03-31 12:04:00,12.3,12.35,12.15,12.3,1125,301125,15400.0,CE
2021-03-31 12:05:00,12.2,12.6,12.2,12.6,1350,301125,15400.0,CE
2021-03-31 12:06:00,12.4,12.4,12.3,12.3,450,303975,15400.0,CE
2021-03-31 12:07:00,12.25,12.35,12.25,12.3,225,303975,15400.0,CE
2021-03-31 12:08:00,12.3,12.3,12.25,12.3,1500,303975,15400.0,CE
2021-03-31 12:09:00,12.25,12.35,12.25,12.35,675,303150,15400.0,CE
2021-03-31 12:10:00,12.3,12.3,12.1,12.1,450,303150,15400.0,CE
2021-03-31 12:11:00,12.05,12.2,12.0,12.05,1650,303150,15400.0,CE
2021-03-31 12:12:00,12.2,12.2,12.2,12.2,825,302700,15400.0,CE
2021-03-31 12:13:00,12.2,12.5,12.2,12.5,675,302700,15400.0,CE
2021-03-31 12:14:00,12.55,12.55,12.15,12.15,2550,302700,15400.0,CE
2021-03-31 12:15:00,12.15,12.15,12.05,12.1,1200,303000,15400.0,CE
2021-03-31 12:16:00,12.3,12.3,12.2,12.2,225,303000,15400.0,CE
2021-03-31 12:17:00,12.2,12.35,12.2,12.3,600,303000,15400.0,CE
2021-03-31 12:18:00,12.5,12.65,12.25,12.25,1650,303675,15400.0,CE
2021-03-31 12:19:00,12.3,12.55,12.3,12.3,1425,303675,15400.0,CE
2021-03-31 12:20:00,12.4,12.55,12.15,12.25,2100,303675,15400.0,CE
2021-03-31 12:21:00,12.2,12.35,12.2,12.25,2100,303225,15400.0,CE
2021-03-31 12:22:00,12.05,12.2,12.0,12.0,1050,303225,15400.0,CE
2021-03-31 12:23:00,12.0,12.1,12.0,12.0,600,303225,15400.0,CE
2021-03-31 12:24:00,12.2,12.2,12.05,12.1,600,303000,15400.0,CE
2021-03-31 12:25:00,12.1,12.15,12.1,12.15,750,303000,15400.0,CE
2021-03-31 12:26:00,12.2,12.2,12.2,12.2,150,303000,15400.0,CE
2021-03-31 12:27:00,12.25,12.25,12.2,12.2,150,302325,15400.0,CE
2021-03-31 12:28:00,12.1,12.1,12.1,12.1,600,302325,15400.0,CE
2021-03-31 12:29:00,12.0,12.15,11.8,12.1,1050,302325,15400.0,CE
2021-03-31 12:30:00,12.15,12.15,12.15,12.15,75,303000,15400.0,CE
2021-03-31 12:31:00,12.05,12.1,12.05,12.1,300,303000,15400.0,CE
2021-03-31 12:32:00,12.2,12.2,12.2,12.2,75,303000,15400.0,CE
2021-03-31 12:33:00,12.2,12.3,12.2,12.3,450,302925,15400.0,CE
2021-03-31 12:34:00,12.05,12.2,12.05,12.15,1050,302925,15400.0,CE
2021-03-31 12:35:00,12.3,12.5,12.2,12.5,1125,302925,15400.0,CE
2021-03-31 12:36:00,12.3,12.3,12.2,12.2,450,303375,15400.0,CE
2021-03-31 12:37:00,12.5,12.5,12.4,12.45,825,303375,15400.0,CE
2021-03-31 12:38:00,12.5,12.6,12.45,12.55,2250,303375,15400.0,CE
2021-03-31 12:39:00,12.55,12.65,12.4,12.4,825,304050,15400.0,CE
2021-03-31 12:40:00,12.3,12.3,12.05,12.05,375,304050,15400.0,CE
2021-03-31 12:41:00,12.1,12.25,12.1,12.25,825,304050,15400.0,CE
2021-03-31 12:42:00,12.6,12.6,12.3,12.3,1275,304350,15400.0,CE
2021-03-31 12:43:00,12.4,12.65,12.4,12.4,525,304350,15400.0,CE
2021-03-31 12:44:00,12.55,12.55,12.4,12.4,825,304350,15400.0,CE
2021-03-31 12:45:00,12.6,12.8,12.55,12.7,600,303525,15400.0,CE
2021-03-31 12:46:00,12.65,12.65,12.3,12.35,825,303525,15400.0,CE
2021-03-31 12:47:00,12.45,12.45,12.45,12.45,900,303525,15400.0,CE
2021-03-31 12:48:00,12.55,12.55,12.5,12.5,525,302925,15400.0,CE
2021-03-31 12:49:00,12.2,12.25,12.2,12.25,450,302925,15400.0,CE
2021-03-31 12:50:00,12.25,12.35,11.95,11.95,1500,302925,15400.0,CE
2021-03-31 12:51:00,12.1,12.15,11.95,11.95,225,302925,15400.0,CE
2021-03-31 12:52:00,12.05,12.1,12.05,12.1,450,303600,15400.0,CE
2021-03-31 12:53:00,12.05,12.55,12.0,12.0,900,303600,15400.0,CE
2021-03-31 12:54:00,12.05,12.05,12.05,12.05,75,303600,15400.0,CE
2021-03-31 12:55:00,12.25,12.45,12.25,12.45,1200,303075,15400.0,CE
2021-03-31 12:56:00,12.4,12.4,12.1,12.3,1950,303075,15400.0,CE
2021-03-31 12:57:00,12.35,12.45,12.25,12.45,1725,302700,15400.0,CE
2021-03-31 12:58:00,12.35,12.5,12.35,12.4,1575,302700,15400.0,CE
2021-03-31 12:59:00,12.4,12.65,12.4,12.5,1350,302700,15400.0,CE
2021-03-31 13:00:00,12.4,12.45,12.15,12.2,1200,302475,15400.0,CE
2021-03-31 13:02:00,12.25,12.45,12.1,12.3,1575,302475,15400.0,CE
2021-03-31 13:03:00,12.2,12.75,12.05,12.55,1425,302700,15400.0,CE
2021-03-31 13:04:00,12.9,13.6,12.9,13.45,4050,302700,15400.0,CE
2021-03-31 13:05:00,13.65,14.0,13.35,13.4,4875,302700,15400.0,CE
2021-03-31 13:06:00,13.6,13.8,13.45,13.45,4875,301950,15400.0,CE
2021-03-31 13:07:00,13.75,13.75,13.5,13.55,2925,301950,15400.0,CE
2021-03-31 13:08:00,13.6,14.0,13.5,14.0,3450,301950,15400.0,CE
2021-03-31 13:09:00,14.05,14.25,13.95,13.95,2325,301425,15400.0,CE
2021-03-31 13:10:00,13.95,13.95,13.8,13.8,150,301425,15400.0,CE
2021-03-31 13:11:00,13.95,13.95,13.3,13.3,450,301425,15400.0,CE
2021-03-31 13:12:00,13.0,13.05,12.7,12.95,2550,302025,15400.0,CE
2021-03-31 13:13:00,12.95,12.95,12.75,12.75,4125,302025,15400.0,CE
2021-03-31 13:14:00,12.3,12.35,12.3,12.35,450,302025,15400.0,CE
2021-03-31 13:15:00,12.45,12.6,11.85,11.85,2925,300825,15400.0,CE
2021-03-31 13:16:00,12.2,12.2,10.5,10.7,10875,300825,15400.0,CE
2021-03-31 13:17:00,10.75,10.95,10.65,10.85,3825,300825,15400.0,CE
2021-03-31 13:18:00,10.95,11.1,10.6,10.65,1575,301050,15400.0,CE
2021-03-31 13:19:00,10.65,10.65,10.45,10.55,1275,301050,15400.0,CE
2021-03-31 13:20:00,10.55,10.7,10.2,10.2,3450,301050,15400.0,CE
2021-03-31 13:21:00,10.2,10.75,10.0,10.0,2850,302250,15400.0,CE
2021-03-31 13:22:00,10.0,11.2,10.0,11.2,675,302250,15400.0,CE
2021-03-31 13:23:00,10.5,11.2,10.0,10.7,2325,302250,15400.0,CE
2021-03-31 13:24:00,10.7,11.0,10.6,10.65,2550,303825,15400.0,CE
2021-03-31 13:25:00,10.7,10.7,10.45,10.5,4050,303825,15400.0,CE
2021-03-31 13:26:00,10.75,10.75,10.35,10.7,1950,303825,15400.0,CE
2021-03-31 13:27:00,10.55,10.55,10.55,10.55,300,302175,15400.0,CE
2021-03-31 13:28:00,10.55,10.7,10.5,10.5,1425,302175,15400.0,CE
2021-03-31 13:29:00,10.3,10.3,10.25,10.3,3150,302175,15400.0,CE
2021-03-31 13:30:00,10.2,10.7,10.05,10.7,4875,304275,15400.0,CE
2021-03-31 13:31:00,10.4,11.0,10.3,11.0,3450,304275,15400.0,CE
2021-03-31 13:32:00,10.7,11.0,10.55,10.7,1425,304275,15400.0,CE
2021-03-31 13:33:00,10.8,11.0,10.7,10.7,2250,302850,15400.0,CE
2021-03-31 13:34:00,10.8,10.95,10.7,10.75,1725,302850,15400.0,CE
2021-03-31 13:35:00,10.65,10.95,10.6,10.65,1950,302850,15400.0,CE
2021-03-31 13:36:00,10.9,10.9,10.75,10.75,225,300900,15400.0,CE
2021-03-31 13:37:00,10.55,10.65,10.5,10.55,1050,300900,15400.0,CE
2021-03-31 13:38:00,10.55,10.55,10.2,10.2,525,300900,15400.0,CE
2021-03-31 13:39:00,10.1,10.4,10.05,10.4,1425,298200,15400.0,CE
2021-03-31 13:41:00,10.7,10.85,10.65,10.65,525,298200,15400.0,CE
2021-03-31 13:42:00,10.8,10.8,10.5,10.5,825,298575,15400.0,CE
2021-03-31 13:43:00,10.35,10.8,10.35,10.8,2025,298575,15400.0,CE
2021-03-31 13:44:00,10.85,10.85,10.55,10.65,2400,298575,15400.0,CE
2021-03-31 13:45:00,10.65,10.65,10.55,10.55,1950,298950,15400.0,CE
2021-03-31 13:46:00,10.3,10.35,10.1,10.1,2775,298950,15400.0,CE
2021-03-31 13:47:00,10.2,10.3,10.2,10.3,975,298950,15400.0,CE
2021-03-31 13:48:00,10.35,10.35,10.15,10.25,1125,300150,15400.0,CE
2021-03-31 13:49:00,10.2,10.25,10.05,10.2,675,300150,15400.0,CE
2021-03-31 13:50:00,10.25,10.3,10.2,10.3,1425,300150,15400.0,CE
2021-03-31 13:51:00,10.3,10.4,10.3,10.4,375,299550,15400.0,CE
2021-03-31 13:52:00,10.45,10.5,10.35,10.4,825,299550,15400.0,CE
2021-03-31 13:53:00,10.45,10.55,10.45,10.55,2700,299550,15400.0,CE
2021-03-31 13:54:00,10.7,10.7,10.4,10.55,1425,303300,15400.0,CE
2021-03-31 13:55:00,10.5,10.8,10.4,10.4,2250,303300,15400.0,CE
2021-03-31 13:56:00,10.55,10.6,10.2,10.2,1575,303300,15400.0,CE
2021-03-31 13:57:00,10.05,10.35,10.05,10.35,2550,303300,15400.0,CE
2021-03-31 13:58:00,10.7,10.7,10.6,10.65,1575,300000,15400.0,CE
2021-03-31 13:59:00,10.85,10.85,10.6,10.85,1800,300000,15400.0,CE
2021-03-31 14:00:00,10.85,10.95,10.7,10.9,900,301575,15400.0,CE
2021-03-31 14:01:00,10.85,11.0,10.7,10.7,1575,301575,15400.0,CE
2021-03-31 14:02:00,10.5,10.5,10.45,10.45,300,301575,15400.0,CE
2021-03-31 14:03:00,10.45,10.8,10.45,10.6,2025,299400,15400.0,CE
2021-03-31 14:05:00,10.8,10.85,10.75,10.75,750,299400,15400.0,CE
2021-03-31 14:06:00,10.5,10.5,10.35,10.35,225,300450,15400.0,CE
2021-03-31 14:07:00,10.35,10.6,10.35,10.55,300,300450,15400.0,CE
2021-03-31 14:08:00,10.75,10.75,10.75,10.75,375,300450,15400.0,CE
2021-03-31 14:09:00,10.6,11.1,10.6,11.1,1725,298950,15400.0,CE
2021-03-31 14:10:00,10.9,11.0,10.85,10.85,4050,298950,15400.0,CE
2021-03-31 14:11:00,10.95,10.95,10.95,10.95,150,298950,15400.0,CE
2021-03-31 14:12:00,11.15,11.15,10.9,10.9,675,295575,15400.0,CE
2021-03-31 14:13:00,10.9,10.95,10.9,10.95,975,295575,15400.0,CE
2021-03-31 14:14:00,11.15,11.35,11.15,11.2,1800,295575,15400.0,CE
2021-03-31 14:15:00,11.2,11.4,11.05,11.25,1050,295650,15400.0,CE
2021-03-31 14:16:00,11.2,11.45,11.0,11.25,2475,295650,15400.0,CE
2021-03-31 14:17:00,11.3,11.3,11.15,11.15,675,295650,15400.0,CE
2021-03-31 14:18:00,11.1,11.1,10.5,10.5,525,297375,15400.0,CE
2021-03-31 14:19:00,10.5,10.7,10.45,10.7,1125,297375,15400.0,CE
2021-03-31 14:20:00,10.75,10.9,10.75,10.75,750,297375,15400.0,CE
2021-03-31 14:21:00,10.55,10.55,10.35,10.35,1050,297375,15400.0,CE
2021-03-31 14:22:00,10.75,10.75,10.75,10.75,225,297675,15400.0,CE
2021-03-31 14:23:00,10.7,10.7,10.1,10.1,1800,297675,15400.0,CE
2021-03-31 14:24:00,10.1,10.3,10.0,10.3,5550,297675,15400.0,CE
2021-03-31 14:25:00,10.3,10.55,10.3,10.5,3675,297825,15400.0,CE
2021-03-31 14:26:00,10.4,10.4,9.8,9.8,6600,297825,15400.0,CE
2021-03-31 14:27:00,9.8,9.95,9.65,9.65,5250,300825,15400.0,CE
2021-03-31 14:28:00,9.65,9.8,9.65,9.75,3900,300825,15400.0,CE
2021-03-31 14:29:00,9.75,9.75,9.1,9.35,18375,300825,15400.0,CE
2021-03-31 14:30:00,9.25,9.25,8.95,9.0,7575,299475,15400.0,CE
2021-03-31 14:31:00,9.2,9.4,9.15,9.15,3450,299475,15400.0,CE
2021-03-31 14:32:00,9.25,9.3,9.2,9.2,3225,299475,15400.0,CE
2021-03-31 14:33:00,9.4,9.55,9.15,9.35,2775,295800,15400.0,CE
2021-03-31 14:34:00,9.25,9.4,9.25,9.4,1500,295800,15400.0,CE
2021-03-31 14:35:00,9.2,9.4,9.2,9.25,3225,295800,15400.0,CE
2021-03-31 14:36:00,9.2,9.25,9.2,9.2,2175,297975,15400.0,CE
2021-03-31 14:37:00,9.25,9.25,9.15,9.15,3675,297975,15400.0,CE
2021-03-31 14:38:00,9.15,9.15,8.95,8.95,3600,297975,15400.0,CE
2021-03-31 14:39:00,8.85,8.85,8.7,8.7,7200,298725,15400.0,CE
2021-03-31 14:40:00,8.8,8.95,8.8,8.85,6450,298725,15400.0,CE
2021-03-31 14:41:00,8.95,8.95,8.75,8.85,6075,298725,15400.0,CE
2021-03-31 14:42:00,8.75,8.8,8.7,8.75,3750,300075,15400.0,CE
2021-03-31 14:43:00,8.65,8.7,8.4,8.4,6825,300075,15400.0,CE
2021-03-31 14:44:00,8.45,8.6,8.35,8.6,7725,300075,15400.0,CE
2021-03-31 14:45:00,8.6,8.6,8.5,8.5,4725,295575,15400.0,CE
2021-03-31 14:46:00,8.65,8.75,8.5,8.75,5325,295575,15400.0,CE
2021-03-31 14:47:00,8.75,8.85,8.75,8.85,1575,295575,15400.0,CE
2021-03-31 14:48:00,8.9,9.15,8.85,9.1,6525,295575,15400.0,CE
2021-03-31 14:49:00,9.15,9.15,9.0,9.0,3975,288975,15400.0,CE
2021-03-31 14:50:00,9.1,9.15,9.0,9.0,2100,288975,15400.0,CE
2021-03-31 14:51:00,9.15,9.15,8.85,8.9,7200,288975,15400.0,CE
2021-03-31 14:52:00,8.9,8.95,8.6,8.65,5700,287550,15400.0,CE
2021-03-31 14:53:00,8.55,8.6,8.55,8.6,450,287550,15400.0,CE
2021-03-31 14:54:00,8.55,8.9,8.55,8.6,5250,290175,15400.0,CE
2021-03-31 14:55:00,8.55,8.7,8.55,8.6,4500,290175,15400.0,CE
2021-03-31 14:56:00,8.8,8.8,8.55,8.55,2625,290175,15400.0,CE
2021-03-31 14:57:00,8.7,9.0,8.6,9.0,3075,289050,15400.0,CE
2021-03-31 14:58:00,8.9,9.05,8.9,9.0,2250,289050,15400.0,CE
2021-03-31 14:59:00,9.0,9.15,9.0,9.1,1650,289050,15400.0,CE
2021-03-31 15:00:00,9.1,9.1,8.8,8.85,4425,291975,15400.0,CE
2021-03-31 15:01:00,9.0,9.0,8.45,8.6,6075,291975,15400.0,CE
2021-03-31 15:02:00,8.65,8.8,8.35,8.45,4350,291975,15400.0,CE
2021-03-31 15:03:00,8.5,8.7,8.25,8.7,9075,293475,15400.0,CE
2021-03-31 15:04:00,8.55,8.8,8.35,8.55,8775,293475,15400.0,CE
2021-03-31 15:05:00,8.55,8.7,8.35,8.55,7575,293475,15400.0,CE
2021-03-31 15:06:00,8.65,8.75,8.45,8.55,8025,293475,15400.0,CE
2021-03-31 15:07:00,8.6,8.9,8.6,8.7,2175,291000,15400.0,CE
2021-03-31 15:08:00,8.8,8.95,8.6,8.6,6600,291000,15400.0,CE
2021-03-31 15:09:00,8.65,8.95,8.65,8.95,3600,291000,15400.0,CE
2021-03-31 15:10:00,8.8,9.0,8.7,8.7,5400,287850,15400.0,CE
2021-03-31 15:11:00,8.75,8.9,8.5,8.55,2550,287850,15400.0,CE
2021-03-31 15:12:00,8.55,8.65,8.4,8.65,12525,289950,15400.0,CE
2021-03-31 15:13:00,8.6,8.7,8.5,8.7,13725,289950,15400.0,CE
2021-03-31 15:14:00,8.65,8.7,8.5,8.65,6225,289950,15400.0,CE
2021-03-31 15:15:00,8.65,8.7,8.5,8.6,1425,289950,15400.0,CE
2021-03-31 15:16:00,8.6,8.7,8.55,8.7,3000,288000,15400.0,CE
2021-03-31 15:17:00,8.6,8.65,8.4,8.4,4650,288000,15400.0,CE
2021-03-31 15:18:00,8.35,8.5,8.35,8.35,1350,288000,15400.0,CE
2021-03-31 15:19:00,8.5,8.5,8.3,8.4,975,283275,15400.0,CE
2021-03-31 15:20:00,8.4,8.4,8.3,8.3,5550,283275,15400.0,CE
2021-03-31 15:21:00,8.35,8.9,8.35,8.8,42300,283275,15400.0,CE
2021-03-31 15:22:00,8.85,8.85,8.55,8.55,1500,284100,15400.0,CE
2021-03-31 15:23:00,8.65,8.7,8.5,8.5,2400,284100,15400.0,CE
2021-03-31 15:24:00,8.5,8.5,8.4,8.5,1050,284100,15400.0,CE
2021-03-31 15:25:00,8.45,8.5,8.25,8.25,7950,280575,15400.0,CE
2021-03-31 15:26:00,8.3,8.35,8.1,8.25,5025,280575,15400.0,CE
2021-03-31 15:27:00,8.2,8.45,8.2,8.3,4425,280575,15400.0,CE
2021-03-31 15:28:00,8.25,8.4,8.2,8.4,14025,276600,15400.0,CE
2021-03-31 15:29:00,8.4,8.5,8.15,8.4,5625,276600,15400.0,CE
2021-04-01 09:15:00,11.5,11.95,6.9,6.9,12676,290250,15400.0,CE
2021-04-01 09:16:00,6.9,7.9,6.9,7.35,14325,290250,15400.0,CE
2021-04-01 09:17:00,7.3,8.3,7.3,8.05,11850,302775,15400.0,CE
2021-04-01 09:18:00,8.05,8.4,7.9,8.4,14025,302775,15400.0,CE
2021-04-01 09:19:00,8.25,8.35,8.0,8.2,7875,302775,15400.0,CE
2021-04-01 09:20:00,8.2,8.45,8.0,8.15,14625,299175,15400.0,CE
2021-04-01 09:21:00,8.1,8.35,7.95,8.3,16950,299175,15400.0,CE
2021-04-01 09:22:00,8.4,8.5,8.0,8.15,11925,299175,15400.0,CE
2021-04-01 09:23:00,8.2,8.3,8.0,8.1,7950,304500,15400.0,CE
2021-04-01 09:24:00,8.15,8.15,7.9,8.0,7575,304500,15400.0,CE
2021-04-01 09:25:00,8.0,8.35,8.0,8.15,15300,304500,15400.0,CE
2021-04-01 09:26:00,8.2,8.2,7.6,7.6,5925,305775,15400.0,CE
2021-04-01 09:27:00,7.55,7.55,7.1,7.2,6000,305775,15400.0,CE
2021-04-01 09:28:00,7.25,7.55,7.25,7.3,9900,305775,15400.0,CE
2021-04-01 09:29:00,7.35,7.8,7.35,7.8,4275,309600,15400.0,CE
2021-04-01 09:30:00,7.8,7.9,7.65,7.65,10425,309600,15400.0,CE
2021-04-01 09:31:00,7.55,7.8,7.55,7.75,5700,309600,15400.0,CE
2021-04-01 09:32:00,7.75,7.75,7.5,7.55,9150,308550,15400.0,CE
2021-04-01 09:33:00,7.6,7.6,7.45,7.5,2925,308550,15400.0,CE
2021-04-01 09:34:00,7.6,7.6,7.25,7.35,3600,308550,15400.0,CE
2021-04-01 09:35:00,7.3,7.35,7.25,7.25,3900,308850,15400.0,CE
2021-04-01 09:36:00,7.25,7.4,7.25,7.3,3525,308850,15400.0,CE
2021-04-01 09:37:00,7.4,7.6,7.3,7.6,4950,308850,15400.0,CE
2021-04-01 09:38:00,7.5,7.55,7.45,7.45,2925,303675,15400.0,CE
2021-04-01 09:39:00,7.5,7.5,6.85,7.0,7425,303675,15400.0,CE
2021-04-01 09:40:00,6.95,7.1,6.95,7.05,3300,303675,15400.0,CE
2021-04-01 09:41:00,7.05,7.1,7.0,7.0,2775,304275,15400.0,CE
2021-04-01 09:42:00,7.0,7.15,7.0,7.1,3075,304275,15400.0,CE
2021-04-01 09:43:00,7.15,7.25,7.1,7.1,4500,304275,15400.0,CE
2021-04-01 09:44:00,7.15,7.15,7.05,7.15,2625,302625,15400.0,CE
2021-04-01 09:45:00,7.2,7.2,7.2,7.2,2100,302625,15400.0,CE
2021-04-01 09:46:00,7.2,7.25,7.2,7.25,2925,302625,15400.0,CE
2021-04-01 09:47:00,7.3,7.3,7.1,7.15,5550,300975,15400.0,CE
2021-04-01 09:48:00,7.15,7.15,6.8,7.0,6300,300975,15400.0,CE
2021-04-01 09:49:00,7.05,7.15,6.95,6.95,3975,300975,15400.0,CE
2021-04-01 09:50:00,6.95,7.1,6.95,7.0,1800,300900,15400.0,CE
2021-04-01 09:51:00,6.95,7.1,6.95,7.1,3450,300900,15400.0,CE
2021-04-01 09:52:00,7.3,7.4,7.25,7.4,1725,300900,15400.0,CE
2021-04-01 09:53:00,7.35,7.35,7.05,7.05,3300,306600,15400.0,CE
2021-04-01 09:54:00,7.0,7.1,6.85,6.95,7200,306600,15400.0,CE
2021-04-01 09:55:00,6.9,7.0,6.9,6.95,2925,306600,15400.0,CE
2021-04-01 09:56:00,6.95,6.95,6.9,6.95,1725,305775,15400.0,CE
2021-04-01 09:57:00,6.95,7.1,6.95,7.0,1350,305775,15400.0,CE
2021-04-01 09:58:00,7.0,7.15,6.95,7.1,1950,305775,15400.0,CE
2021-04-01 09:59:00,7.3,7.3,7.15,7.15,600,305850,15400.0,CE
2021-04-01 10:00:00,7.2,7.3,7.2,7.25,1050,305850,15400.0,CE
2021-04-01 10:01:00,7.25,7.3,7.2,7.3,675,305850,15400.0,CE
2021-04-01 10:02:00,7.15,7.25,7.05,7.1,3900,305700,15400.0,CE
2021-04-01 10:03:00,7.1,7.25,7.05,7.15,1125,305700,15400.0,CE
2021-04-01 10:04:00,7.05,7.15,7.05,7.15,1875,305700,15400.0,CE
2021-04-01 10:05:00,7.15,7.15,7.1,7.1,675,305925,15400.0,CE
2021-04-01 10:06:00,7.1,7.2,7.1,7.2,750,305925,15400.0,CE
2021-04-01 10:07:00,7.25,7.25,7.2,7.2,1125,305925,15400.0,CE
2021-04-01 10:08:00,7.15,7.2,7.1,7.2,3300,306300,15400.0,CE
2021-04-01 10:09:00,7.2,7.2,7.0,7.0,1500,306300,15400.0,CE
2021-04-01 10:10:00,7.0,7.0,6.75,7.0,1425,306300,15400.0,CE
2021-04-01 10:11:00,6.95,7.05,6.95,7.05,2475,309150,15400.0,CE
2021-04-01 10:12:00,6.95,6.95,6.85,6.9,975,309150,15400.0,CE
2021-04-01 10:13:00,6.85,6.9,6.85,6.85,975,309150,15400.0,CE
2021-04-01 10:14:00,6.9,6.9,6.65,6.65,4350,310350,15400.0,CE
2021-04-01 10:15:00,6.6,6.85,6.6,6.85,1200,310350,15400.0,CE
2021-04-01 10:16:00,6.8,6.85,6.75,6.85,1950,310350,15400.0,CE
2021-04-01 10:17:00,6.8,6.8,6.65,6.65,3450,313350,15400.0,CE
2021-04-01 10:18:00,6.65,6.85,6.65,6.8,6975,313350,15400.0,CE
2021-04-01 10:19:00,6.75,6.8,6.7,6.7,375,313350,15400.0,CE
2021-04-01 10:20:00,6.75,6.85,6.7,6.7,825,316875,15400.0,CE
2021-04-01 10:21:00,6.8,6.8,6.6,6.6,2400,316875,15400.0,CE
2021-04-01 10:22:00,6.6,6.75,6.55,6.75,3675,316875,15400.0,CE
2021-04-01 10:23:00,6.75,6.8,6.65,6.75,3000,318450,15400.0,CE
2021-04-01 10:24:00,6.8,6.8,6.7,6.7,2025,318450,15400.0,CE
2021-04-01 10:25:00,6.75,6.75,6.55,6.65,1950,318450,15400.0,CE
2021-04-01 10:26:00,6.45,6.7,6.3,6.5,7275,319650,15400.0,CE
2021-04-01 10:27:00,6.45,6.55,6.35,6.5,2250,319650,15400.0,CE
2021-04-01 10:28:00,6.45,6.5,6.4,6.4,2550,319650,15400.0,CE
2021-04-01 10:29:00,6.35,6.4,6.25,6.25,1575,321825,15400.0,CE
2021-04-01 10:30:00,6.25,6.35,6.15,6.3,8550,321825,15400.0,CE
2021-04-01 10:31:00,6.25,6.35,6.2,6.2,2100,321825,15400.0,CE
2021-04-01 10:32:00,6.3,6.3,6.25,6.3,525,323625,15400.0,CE
2021-04-01 10:33:00,6.3,6.4,6.2,6.4,1725,323625,15400.0,CE
2021-04-01 10:34:00,6.35,6.35,6.1,6.1,8250,323625,15400.0,CE
2021-04-01 10:35:00,6.15,6.2,6.1,6.1,3750,323925,15400.0,CE
2021-04-01 10:36:00,6.1,6.2,6.0,6.0,2400,323925,15400.0,CE
2021-04-01 10:37:00,6.0,6.15,5.95,6.05,4650,323925,15400.0,CE
2021-04-01 10:38:00,6.1,6.35,6.1,6.3,4050,322500,15400.0,CE
2021-04-01 10:39:00,6.3,6.4,6.25,6.35,7425,322500,15400.0,CE
2021-04-01 10:40:00,6.2,6.25,6.05,6.2,4575,322500,15400.0,CE
2021-04-01 10:41:00,6.3,6.35,6.2,6.2,675,323775,15400.0,CE
2021-04-01 10:42:00,6.2,6.2,6.0,6.0,1050,323775,15400.0,CE
2021-04-01 10:43:00,6.2,6.2,6.0,6.0,2025,323775,15400.0,CE
2021-04-01 10:44:00,6.1,6.2,6.05,6.2,1050,325125,15400.0,CE
2021-04-01 10:45:00,6.15,6.15,5.95,6.1,6075,325125,15400.0,CE
2021-04-01 10:46:00,6.0,6.1,5.9,5.9,2175,325125,15400.0,CE
2021-04-01 10:47:00,5.9,6.1,5.9,6.1,1500,323100,15400.0,CE
2021-04-01 10:48:00,6.1,6.1,5.9,5.95,2925,323100,15400.0,CE
2021-04-01 10:49:00,5.95,5.95,5.8,5.85,3675,323100,15400.0,CE
2021-04-01 10:50:00,5.85,5.95,5.85,5.85,4125,321375,15400.0,CE
2021-04-01 10:51:00,5.9,6.0,5.85,6.0,7950,321375,15400.0,CE
2021-04-01 10:52:00,5.95,5.95,5.95,5.95,300,321375,15400.0,CE
2021-04-01 10:53:00,5.85,5.95,5.85,5.95,825,324975,15400.0,CE
2021-04-01 10:54:00,5.85,5.9,5.8,5.9,1575,324975,15400.0,CE
2021-04-01 10:55:00,5.9,5.95,5.8,5.85,2475,324975,15400.0,CE
2021-04-01 10:56:00,5.85,6.15,5.85,5.95,5775,322950,15400.0,CE
2021-04-01 10:57:00,5.9,6.0,5.85,5.9,2700,322950,15400.0,CE
2021-04-01 10:58:00,5.9,6.0,5.9,5.95,675,322950,15400.0,CE
2021-04-01 10:59:00,5.85,6.05,5.85,6.05,1725,323925,15400.0,CE
2021-04-01 11:00:00,6.0,6.05,5.95,5.95,825,323925,15400.0,CE
2021-04-01 11:01:00,6.0,6.0,5.75,5.85,3750,323925,15400.0,CE
2021-04-01 11:02:00,5.85,5.95,5.8,5.9,1050,321750,15400.0,CE
2021-04-01 11:03:00,5.9,5.95,5.9,5.95,225,321750,15400.0,CE
2021-04-01 11:04:00,5.85,6.0,5.8,6.0,2625,321750,15400.0,CE
2021-04-01 11:05:00,5.95,6.05,5.95,6.0,1950,323550,15400.0,CE
2021-04-01 11:06:00,6.0,6.1,6.0,6.05,3150,323550,15400.0,CE
2021-04-01 11:07:00,6.05,6.05,5.95,5.95,2700,323550,15400.0,CE
2021-04-01 11:08:00,6.05,6.2,6.0,6.05,2925,321300,15400.0,CE
2021-04-01 11:09:00,6.0,6.2,6.0,6.05,5175,321300,15400.0,CE
2021-04-01 11:10:00,6.1,6.1,6.0,6.0,225,321300,15400.0,CE
2021-04-01 11:11:00,6.05,6.15,6.0,6.1,1125,321150,15400.0,CE
2021-04-01 11:12:00,6.1,6.2,6.1,6.2,2775,321150,15400.0,CE
2021-04-01 11:13:00,6.15,6.35,6.05,6.25,7575,321150,15400.0,CE
2021-04-01 11:14:00,6.25,6.4,6.2,6.3,2250,322350,15400.0,CE
2021-04-01 11:15:00,6.4,6.4,6.15,6.15,900,322350,15400.0,CE
2021-04-01 11:16:00,6.1,6.15,6.05,6.15,3075,322350,15400.0,CE
2021-04-01 11:17:00,6.3,6.3,6.15,6.3,4950,321150,15400.0,CE
2021-04-01 11:18:00,6.25,6.25,6.15,6.25,1275,321150,15400.0,CE
2021-04-01 11:19:00,6.2,6.3,6.2,6.25,2175,321150,15400.0,CE
2021-04-01 11:20:00,6.2,6.3,6.2,6.3,675,324600,15400.0,CE
2021-04-01 11:21:00,6.25,6.3,6.25,6.25,1200,324600,15400.0,CE
2021-04-01 11:22:00,6.2,6.25,6.1,6.25,1275,324600,15400.0,CE
2021-04-01 11:23:00,6.1,6.15,6.05,6.15,750,324150,15400.0,CE
2021-04-01 11:24:00,6.15,6.25,6.1,6.2,3000,324150,15400.0,CE
2021-04-01 11:25:00,6.2,6.2,6.1,6.2,1200,324150,15400.0,CE
2021-04-01 11:26:00,6.15,6.15,6.15,6.15,750,324150,15400.0,CE
2021-04-01 11:27:00,6.05,6.3,6.0,6.3,6750,324900,15400.0,CE
2021-04-01 11:28:00,6.25,6.35,6.2,6.35,6825,324900,15400.0,CE
2021-04-01 11:29:00,6.3,6.3,6.25,6.25,7725,324900,15400.0,CE
2021-04-01 11:30:00,6.2,6.3,6.15,6.2,12075,320625,15400.0,CE
2021-04-01 11:31:00,6.25,6.25,6.15,6.2,1275,320625,15400.0,CE
2021-04-01 11:32:00,6.2,6.25,6.15,6.15,3000,318825,15400.0,CE
2021-04-01 11:33:00,6.2,6.2,6.15,6.2,825,318825,15400.0,CE
2021-04-01 11:34:00,6.25,6.25,6.25,6.25,375,318825,15400.0,CE
2021-04-01 11:35:00,6.2,6.2,6.15,6.15,975,319200,15400.0,CE
2021-04-01 11:36:00,6.25,6.25,6.2,6.2,3600,319200,15400.0,CE
2021-04-01 11:37:00,6.25,6.25,6.2,6.2,1950,319200,15400.0,CE
2021-04-01 11:38:00,6.15,6.15,6.05,6.15,1800,321900,15400.0,CE
2021-04-01 11:39:00,6.15,6.2,6.15,6.2,975,321900,15400.0,CE
2021-04-01 11:40:00,6.2,6.2,6.15,6.15,1650,321900,15400.0,CE
2021-04-01 11:41:00,6.1,6.1,6.0,6.0,1725,323400,15400.0,CE
2021-04-01 11:42:00,6.05,6.05,6.05,6.05,300,323400,15400.0,CE
2021-04-01 11:43:00,6.1,6.1,5.6,5.6,4800,323400,15400.0,CE
2021-04-01 11:44:00,5.9,5.9,5.85,5.9,1350,323400,15400.0,CE
2021-04-01 11:45:00,5.9,5.9,5.85,5.9,1350,324450,15400.0,CE
2021-04-01 11:46:00,6.0,6.0,5.9,5.9,2175,324450,15400.0,CE
2021-04-01 11:47:00,6.0,6.05,5.95,6.0,1875,322575,15400.0,CE
2021-04-01 11:48:00,6.0,6.0,5.75,5.85,3750,322575,15400.0,CE
2021-04-01 11:50:00,5.75,5.85,5.75,5.85,150,322575,15400.0,CE
2021-04-01 11:51:00,5.8,5.8,5.7,5.8,1575,321600,15400.0,CE
2021-04-01 11:52:00,5.85,6.05,5.7,6.05,3900,321600,15400.0,CE
2021-04-01 11:53:00,5.95,6.05,5.7,5.95,2325,321450,15400.0,CE
2021-04-01 11:54:00,5.95,6.05,5.65,5.8,3225,321450,15400.0,CE
2021-04-01 11:55:00,6.0,6.1,5.9,6.0,3450,321450,15400.0,CE
2021-04-01 11:56:00,6.0,6.1,6.0,6.05,1200,322500,15400.0,CE
2021-04-01 11:57:00,6.1,6.15,5.95,6.0,4650,322500,15400.0,CE
2021-04-01 11:58:00,5.9,6.05,5.9,6.0,1050,322500,15400.0,CE
2021-04-01 11:59:00,6.05,6.2,6.05,6.05,525,320100,15400.0,CE
2021-04-01 12:00:00,6.2,6.2,6.05,6.1,600,320100,15400.0,CE
2021-04-01 12:01:00,5.95,5.95,5.8,5.9,1350,320100,15400.0,CE
2021-04-01 12:02:00,5.9,6.05,5.9,5.95,5325,320100,15400.0,CE
2021-04-01 12:03:00,5.9,5.95,5.85,5.95,2100,321000,15400.0,CE
2021-04-01 12:04:00,6.0,6.0,5.85,5.85,300,321000,15400.0,CE
2021-04-01 12:05:00,5.9,6.05,5.9,6.0,2100,320775,15400.0,CE
2021-04-01 12:06:00,6.05,6.15,5.9,5.9,1500,320775,15400.0,CE
2021-04-01 12:07:00,5.95,6.0,5.95,6.0,1125,320775,15400.0,CE
2021-04-01 12:08:00,6.0,6.1,6.0,6.1,525,320700,15400.0,CE
2021-04-01 12:09:00,6.15,6.15,5.95,6.05,2400,320700,15400.0,CE
2021-04-01 12:10:00,6.15,6.25,6.1,6.25,2175,320700,15400.0,CE
2021-04-01 12:11:00,6.2,6.2,6.2,6.2,75,320700,15400.0,CE
2021-04-01 12:12:00,6.15,6.35,5.9,6.1,8175,321375,15400.0,CE
2021-04-01 12:13:00,6.1,6.15,6.0,6.1,2025,321375,15400.0,CE
2021-04-01 12:14:00,6.1,6.3,6.1,6.3,6975,321375,15400.0,CE
2021-04-01 12:15:00,6.25,6.3,6.2,6.2,1575,314250,15400.0,CE
2021-04-01 12:16:00,6.2,6.3,6.15,6.2,4425,314250,15400.0,CE
2021-04-01 12:17:00,6.2,6.35,6.2,6.3,2625,314400,15400.0,CE
2021-04-01 12:18:00,6.35,6.4,6.2,6.2,675,314400,15400.0,CE
2021-04-01 12:19:00,6.3,6.3,6.05,6.15,1125,314400,15400.0,CE
2021-04-01 12:20:00,6.15,6.2,6.0,6.0,1125,314400,15400.0,CE
2021-04-01 12:21:00,6.0,6.0,5.85,5.85,3675,314850,15400.0,CE
2021-04-01 12:22:00,5.85,5.9,5.75,5.75,8325,314850,15400.0,CE
2021-04-01 12:23:00,5.8,5.8,5.7,5.8,1875,314850,15400.0,CE
2021-04-01 12:24:00,5.85,5.85,5.65,5.8,3225,311475,15400.0,CE
2021-04-01 12:25:00,5.8,5.9,5.8,5.85,7050,311475,15400.0,CE
2021-04-01 12:26:00,5.85,5.95,5.8,5.9,4125,311475,15400.0,CE
2021-04-01 12:27:00,5.95,5.95,5.75,5.95,5700,312675,15400.0,CE
2021-04-01 12:28:00,5.85,6.0,5.85,5.9,2850,312675,15400.0,CE
2021-04-01 12:29:00,5.95,6.05,5.9,6.05,1050,311925,15400.0,CE
2021-04-01 12:30:00,5.95,6.0,5.9,6.0,1200,311925,15400.0,CE
2021-04-01 12:31:00,5.95,6.05,5.9,6.0,3600,311925,15400.0,CE
2021-04-01 12:32:00,5.95,6.05,5.95,6.0,450,313575,15400.0,CE
2021-04-01 12:33:00,5.95,5.95,5.9,5.95,750,313575,15400.0,CE
2021-04-01 12:34:00,5.85,5.95,5.7,5.9,8325,313575,15400.0,CE
2021-04-01 12:35:00,5.8,5.85,5.8,5.85,450,313575,15400.0,CE
2021-04-01 12:36:00,5.75,5.8,5.7,5.75,4275,313650,15400.0,CE
2021-04-01 12:37:00,5.7,5.75,5.7,5.7,375,313650,15400.0,CE
2021-04-01 12:38:00,5.75,5.75,5.6,5.75,975,313650,15400.0,CE
2021-04-01 12:39:00,5.7,5.7,5.65,5.65,2400,315900,15400.0,CE
2021-04-01 12:40:00,5.6,5.7,5.55,5.65,2400,315900,15400.0,CE
2021-04-01 12:41:00,5.7,5.85,5.7,5.85,2550,315900,15400.0,CE
2021-04-01 12:42:00,5.75,5.95,5.75,5.95,4725,316800,15400.0,CE
2021-04-01 12:43:00,5.9,5.95,5.85,5.95,3150,316800,15400.0,CE
2021-04-01 12:44:00,5.9,5.95,5.85,5.85,1200,316800,15400.0,CE
2021-04-01 12:45:00,5.9,5.9,5.65,5.85,6750,315300,15400.0,CE
2021-04-01 12:46:00,5.75,5.8,5.65,5.8,11025,315300,15400.0,CE
2021-04-01 12:47:00,5.8,5.85,5.7,5.7,5100,315300,15400.0,CE
2021-04-01 12:48:00,5.65,5.75,5.65,5.65,3975,316050,15400.0,CE
2021-04-01 12:49:00,5.7,5.75,5.65,5.7,2250,316050,15400.0,CE
2021-04-01 12:50:00,5.65,5.75,5.65,5.75,1425,316050,15400.0,CE
2021-04-01 12:51:00,5.8,5.8,5.75,5.75,2925,315000,15400.0,CE
2021-04-01 12:52:00,5.75,5.8,5.65,5.7,2925,315000,15400.0,CE
2021-04-01 12:53:00,5.7,5.75,5.7,5.7,1650,315000,15400.0,CE
2021-04-01 12:54:00,5.75,5.75,5.7,5.7,450,314625,15400.0,CE
2021-04-01 12:55:00,5.65,5.75,5.6,5.6,1200,314625,15400.0,CE
2021-04-01 12:56:00,5.75,5.8,5.7,5.7,3525,314625,15400.0,CE
2021-04-01 12:57:00,5.6,5.6,5.55,5.55,900,312975,15400.0,CE
2021-04-01 12:58:00,5.55,5.7,5.45,5.5,4200,312975,15400.0,CE
2021-04-01 12:59:00,5.45,5.65,5.4,5.65,7800,312975,15400.0,CE
2021-04-01 13:00:00,5.7,5.85,5.5,5.65,15975,315600,15400.0,CE
2021-04-01 13:01:00,5.6,5.85,5.6,5.8,17250,315600,15400.0,CE
2021-04-01 13:02:00,5.85,5.9,5.75,5.75,900,315600,15400.0,CE
2021-04-01 13:03:00,5.7,5.7,5.55,5.65,3525,328650,15400.0,CE
2021-04-01 13:04:00,5.75,5.85,5.6,5.7,1950,328650,15400.0,CE
2021-04-01 13:05:00,5.7,5.8,5.55,5.55,975,328650,15400.0,CE
2021-04-01 13:06:00,5.65,5.65,5.5,5.6,975,327750,15400.0,CE
2021-04-01 13:07:00,5.5,5.7,5.5,5.6,2850,327750,15400.0,CE
2021-04-01 13:08:00,5.6,5.6,5.4,5.55,3525,327750,15400.0,CE
2021-04-01 13:09:00,5.65,5.65,5.5,5.55,1350,329250,15400.0,CE
2021-04-01 13:10:00,5.55,5.65,5.55,5.6,1950,329250,15400.0,CE
2021-04-01 13:11:00,5.55,5.65,5.5,5.65,2700,329250,15400.0,CE
2021-04-01 13:12:00,5.7,5.7,5.7,5.7,225,329175,15400.0,CE
2021-04-01 13:13:00,5.7,5.7,5.65,5.65,150,329175,15400.0,CE
2021-04-01 13:14:00,5.7,5.85,5.6,5.85,14925,329175,15400.0,CE
2021-04-01 13:15:00,5.75,6.2,5.25,6.15,44250,327450,15400.0,CE
2021-04-01 13:16:00,6.15,6.5,6.05,6.5,10575,327450,15400.0,CE
2021-04-01 13:17:00,6.5,7.1,6.5,7.1,7650,327450,15400.0,CE
2021-04-01 13:18:00,7.0,7.35,7.0,7.25,7200,321450,15400.0,CE
2021-04-01 13:19:00,7.3,7.5,7.3,7.45,2250,321450,15400.0,CE
2021-04-01 13:20:00,7.5,7.75,7.5,7.7,2400,321450,15400.0,CE
2021-04-01 13:21:00,7.65,7.65,7.1,7.2,10575,315600,15400.0,CE
2021-04-01 13:22:00,7.05,7.65,7.05,7.65,8475,315600,15400.0,CE
2021-04-01 13:23:00,7.65,8.2,7.65,8.15,7125,315600,15400.0,CE
2021-04-01 13:24:00,8.15,8.35,8.15,8.35,3600,317925,15400.0,CE
2021-04-01 13:25:00,8.25,8.6,8.15,8.6,9600,317925,15400.0,CE
2021-04-01 13:26:00,8.7,9.05,8.7,9.05,9750,317925,15400.0,CE
2021-04-01 13:27:00,9.05,9.7,9.05,9.4,14700,321000,15400.0,CE
2021-04-01 13:28:00,9.65,9.7,9.35,9.4,3525,321000,15400.0,CE
2021-04-01 13:29:00,9.4,9.5,8.1,8.55,7200,321000,15400.0,CE
2021-04-01 13:30:00,8.55,8.7,7.35,7.35,5250,325200,15400.0,CE
2021-04-01 13:31:00,7.3,7.35,7.0,7.2,4875,325200,15400.0,CE
2021-04-01 13:32:00,7.3,7.45,7.3,7.3,1725,325200,15400.0,CE
2021-04-01 13:33:00,7.3,7.55,7.3,7.55,4575,327900,15400.0,CE
2021-04-01 13:34:00,7.45,7.55,7.45,7.55,1050,327900,15400.0,CE
2021-04-01 13:35:00,7.5,7.65,7.5,7.65,3450,327900,15400.0,CE
2021-04-01 13:36:00,7.5,7.9,7.5,7.9,4950,329550,15400.0,CE
2021-04-01 13:37:00,7.9,8.15,7.9,7.95,2175,329550,15400.0,CE
2021-04-01 13:38:00,8.0,8.4,7.95,8.25,4500,329550,15400.0,CE
2021-04-01 13:39:00,8.4,8.4,8.2,8.2,8625,332925,15400.0,CE
2021-04-01 13:40:00,8.2,8.95,8.15,8.95,7875,332925,15400.0,CE
2021-04-01 13:41:00,8.9,9.15,8.65,8.65,8700,332925,15400.0,CE
2021-04-01 13:42:00,8.75,9.25,8.75,9.2,6075,346425,15400.0,CE
2021-04-01 13:43:00,9.0,9.0,8.2,8.4,6450,346425,15400.0,CE
2021-04-01 13:44:00,8.45,8.65,8.4,8.55,8775,346425,15400.0,CE
2021-04-01 13:45:00,8.55,8.75,8.5,8.55,7425,354900,15400.0,CE
2021-04-01 13:46:00,8.65,8.65,8.5,8.5,9000,354900,15400.0,CE
2021-04-01 13:47:00,8.65,8.7,8.5,8.5,3825,354900,15400.0,CE
2021-04-01 13:48:00,8.55,8.6,8.5,8.6,2250,359775,15400.0,CE
2021-04-01 13:49:00,8.55,8.6,8.4,8.6,5025,359775,15400.0,CE
2021-04-01 13:50:00,8.55,8.6,8.45,8.6,7800,359775,15400.0,CE
2021-04-01 13:51:00,8.6,8.65,8.45,8.65,6150,365775,15400.0,CE
2021-04-01 13:52:00,8.5,8.6,7.9,8.3,8250,365775,15400.0,CE
2021-04-01 13:53:00,8.35,8.35,7.35,7.35,12150,365775,15400.0,CE
2021-04-01 13:54:00,7.4,8.2,7.35,8.2,6075,372900,15400.0,CE
2021-04-01 13:55:00,8.2,8.25,7.85,8.25,6600,372900,15400.0,CE
2021-04-01 13:56:00,8.15,8.3,8.15,8.3,1275,372900,15400.0,CE
2021-04-01 13:57:00,8.25,8.45,8.15,8.35,10950,376800,15400.0,CE
2021-04-01 13:58:00,8.5,8.5,8.25,8.4,6975,376800,15400.0,CE
2021-04-01 13:59:00,8.4,8.4,8.1,8.25,750,376800,15400.0,CE
2021-04-01 14:00:00,8.25,8.35,8.15,8.35,4425,380100,15400.0,CE
2021-04-01 14:01:00,8.3,8.55,8.1,8.35,6975,380100,15400.0,CE
2021-04-01 14:02:00,8.45,8.7,8.45,8.7,4425,380100,15400.0,CE
2021-04-01 14:03:00,8.8,9.15,8.7,9.0,4350,382575,15400.0,CE
2021-04-01 14:04:00,9.1,9.15,8.8,8.9,5175,382575,15400.0,CE
2021-04-01 14:05:00,8.95,9.25,8.75,9.25,7725,382575,15400.0,CE
2021-04-01 14:06:00,9.15,9.55,9.15,9.5,6675,383925,15400.0,CE
2021-04-01 14:07:00,9.5,9.95,9.5,9.55,4200,383925,15400.0,CE
2021-04-01 14:08:00,9.6,9.75,9.55,9.55,5100,383925,15400.0,CE
2021-04-01 14:09:00,9.6,9.65,9.4,9.5,3450,384450,15400.0,CE
2021-04-01 14:10:00,9.55,9.75,9.4,9.45,7725,384450,15400.0,CE
2021-04-01 14:11:00,9.45,9.6,9.0,9.3,8250,384450,15400.0,CE
2021-04-01 14:12:00,9.4,9.5,9.2,9.4,16125,390450,15400.0,CE
2021-04-01 14:13:00,9.45,9.6,9.35,9.35,2850,390450,15400.0,CE
2021-04-01 14:14:00,9.35,9.6,9.3,9.35,2850,390450,15400.0,CE
2021-04-01 14:15:00,9.3,9.7,9.0,9.2,12675,396075,15400.0,CE
2021-04-01 14:16:00,9.4,9.4,8.7,9.0,12075,396075,15400.0,CE
2021-04-01 14:17:00,9.0,9.2,9.0,9.0,5775,396075,15400.0,CE
2021-04-01 14:18:00,9.1,9.1,9.0,9.0,2175,399825,15400.0,CE
2021-04-01 14:19:00,9.0,9.45,9.0,9.3,6900,399825,15400.0,CE
2021-04-01 14:20:00,9.4,9.6,9.35,9.4,5850,399825,15400.0,CE
2021-04-01 14:21:00,9.3,9.45,9.0,9.0,8400,402450,15400.0,CE
2021-04-01 14:22:00,8.95,9.2,8.95,9.1,3675,402450,15400.0,CE
2021-04-01 14:23:00,9.25,9.45,9.25,9.4,3000,402450,15400.0,CE
2021-04-01 14:24:00,9.3,9.8,9.3,9.6,9600,408975,15400.0,CE
2021-04-01 14:25:00,9.7,9.8,9.1,9.2,10650,408975,15400.0,CE
2021-04-01 14:26:00,9.2,9.2,8.5,8.65,5400,408975,15400.0,CE
2021-04-01 14:27:00,8.5,9.2,8.4,8.95,11175,415125,15400.0,CE
2021-04-01 14:28:00,8.9,9.05,8.6,9.0,6450,415125,15400.0,CE
2021-04-01 14:29:00,9.15,9.55,8.95,9.5,5475,415125,15400.0,CE
2021-04-01 14:30:00,9.4,9.45,9.05,9.2,3075,413175,15400.0,CE
2021-04-01 14:31:00,9.2,9.35,9.05,9.2,3225,413175,15400.0,CE
2021-04-01 14:32:00,9.3,9.3,9.2,9.25,2850,413175,15400.0,CE
2021-04-01 14:33:00,9.3,9.4,9.25,9.3,4575,413625,15400.0,CE
2021-04-01 14:34:00,9.3,9.45,9.3,9.35,10200,413625,15400.0,CE
2021-04-01 14:35:00,9.3,9.3,9.1,9.1,5025,413625,15400.0,CE
2021-04-01 14:36:00,9.15,9.25,9.1,9.1,4875,413850,15400.0,CE
2021-04-01 14:37:00,9.15,9.35,9.15,9.3,7275,413850,15400.0,CE
2021-04-01 14:38:00,9.3,9.35,9.2,9.35,8550,413850,15400.0,CE
2021-04-01 14:39:00,9.25,9.4,9.25,9.3,3375,403575,15400.0,CE
2021-04-01 14:40:00,9.35,9.4,9.15,9.3,7350,403575,15400.0,CE
2021-04-01 14:41:00,9.2,9.4,9.0,9.0,12975,403575,15400.0,CE
2021-04-01 14:42:00,8.95,8.95,8.45,8.6,15975,411300,15400.0,CE
2021-04-01 14:43:00,8.65,8.65,8.1,8.35,8925,411300,15400.0,CE
2021-04-01 14:44:00,8.4,8.4,7.9,8.0,12825,411300,15400.0,CE
2021-04-01 14:45:00,7.95,7.95,7.65,7.85,27600,429525,15400.0,CE
2021-04-01 14:46:00,7.75,7.9,7.75,7.9,3750,429525,15400.0,CE
2021-04-01 14:47:00,8.0,8.05,7.9,7.95,9825,429525,15400.0,CE
2021-04-01 14:48:00,7.95,8.2,7.85,8.1,4050,442950,15400.0,CE
2021-04-01 14:49:00,8.1,8.2,8.05,8.2,5925,442950,15400.0,CE
2021-04-01 14:50:00,8.05,8.2,8.05,8.05,3675,442950,15400.0,CE
2021-04-01 14:51:00,8.05,8.1,7.85,8.05,10050,444525,15400.0,CE
2021-04-01 14:52:00,7.95,8.25,7.95,8.25,9750,444525,15400.0,CE
2021-04-01 14:53:00,8.3,8.35,8.05,8.25,10200,444525,15400.0,CE
2021-04-01 14:54:00,8.15,8.25,8.1,8.2,7650,453300,15400.0,CE
2021-04-01 14:55:00,8.1,8.1,7.95,8.05,9075,453300,15400.0,CE
2021-04-01 14:56:00,8.05,8.05,7.8,7.9,14175,453300,15400.0,CE
2021-04-01 14:57:00,7.75,7.9,7.65,7.85,11025,461925,15400.0,CE
2021-04-01 14:58:00,7.8,7.9,7.75,7.9,7050,461925,15400.0,CE
2021-04-01 14:59:00,7.85,7.9,7.55,7.55,17550,461925,15400.0,CE
2021-04-01 15:00:00,7.5,7.6,7.0,7.45,15450,457875,15400.0,CE
2021-04-01 15:01:00,7.5,7.5,7.05,7.2,12675,457875,15400.0,CE
2021-04-01 15:02:00,7.2,7.25,7.0,7.0,14550,457875,15400.0,CE
2021-04-01 15:03:00,7.1,7.1,6.75,6.95,22575,459675,15400.0,CE
2021-04-01 15:04:00,6.95,7.05,6.85,6.9,23925,459675,15400.0,CE
2021-04-01 15:05:00,6.85,6.95,6.7,6.75,24375,459675,15400.0,CE
2021-04-01 15:06:00,6.7,6.9,6.65,6.85,19425,466650,15400.0,CE
2021-04-01 15:07:00,6.85,6.85,6.75,6.8,16200,466650,15400.0,CE
2021-04-01 15:08:00,6.85,7.0,6.75,6.9,24000,466650,15400.0,CE
2021-04-01 15:09:00,6.85,7.1,6.85,7.05,13875,465900,15400.0,CE
2021-04-01 15:10:00,7.1,7.15,7.0,7.1,10725,465900,15400.0,CE
2021-04-01 15:11:00,7.1,7.3,6.9,7.15,19875,465900,15400.0,CE
2021-04-01 15:12:00,7.15,7.8,7.15,7.65,32100,474075,15400.0,CE
2021-04-01 15:13:00,7.65,7.9,7.6,7.65,21975,474075,15400.0,CE
2021-04-01 15:14:00,7.65,7.7,7.6,7.65,19050,474075,15400.0,CE
2021-04-01 15:15:00,7.7,7.7,7.55,7.6,24450,497550,15400.0,CE
2021-04-01 15:16:00,7.6,7.75,7.55,7.65,21150,497550,15400.0,CE
2021-04-01 15:17:00,7.6,7.65,7.3,7.4,28275,497550,15400.0,CE
2021-04-01 15:18:00,7.3,7.4,7.1,7.1,18150,507450,15400.0,CE
2021-04-01 15:19:00,7.1,7.3,7.05,7.3,23700,507450,15400.0,CE
2021-04-01 15:20:00,7.3,7.3,6.75,6.8,33150,507450,15400.0,CE
2021-04-01 15:21:00,6.8,6.9,6.7,6.75,27450,512925,15400.0,CE
2021-04-01 15:22:00,6.75,6.85,6.55,6.6,32925,512925,15400.0,CE
2021-04-01 15:23:00,6.5,6.5,6.1,6.3,199050,512925,15400.0,CE
2021-04-01 15:24:00,6.2,6.2,5.95,6.1,219000,635475,15400.0,CE
2021-04-01 15:25:00,6.15,6.25,5.9,6.0,151275,635475,15400.0,CE
2021-04-01 15:26:00,6.05,6.35,5.9,5.9,183000,635475,15400.0,CE
2021-04-01 15:27:00,6.0,6.15,3.7,5.55,226425,863175,15400.0,CE
2021-04-01 15:28:00,5.7,5.8,5.15,5.55,89400,863175,15400.0,CE
2021-04-01 15:29:00,5.65,5.65,3.7,5.0,41100,863175,15400.0,CE
2021-04-05 09:15:00,3.5,5.9,3.5,3.9,114603,933975,15400.0,CE
2021-04-05 09:16:00,3.85,3.9,3.8,3.85,140925,933975,15400.0,CE
2021-04-05 09:17:00,3.85,3.85,3.5,3.55,126075,955350,15400.0,CE
2021-04-05 09:18:00,3.55,3.65,3.4,3.65,77775,955350,15400.0,CE
2021-04-05 09:19:00,3.65,3.7,3.55,3.6,105750,955350,15400.0,CE
2021-04-05 09:20:00,3.6,3.6,3.45,3.45,82875,991275,15400.0,CE
2021-04-05 09:21:00,3.4,3.45,3.35,3.35,89775,991275,15400.0,CE
2021-04-05 09:22:00,3.3,3.35,3.2,3.2,58050,991275,15400.0,CE
2021-04-05 09:23:00,3.25,3.35,3.25,3.35,63225,1013925,15400.0,CE
2021-04-05 09:24:00,3.3,3.45,3.3,3.4,76425,1013925,15400.0,CE
2021-04-05 09:25:00,3.4,3.45,3.35,3.4,25050,1013925,15400.0,CE
2021-04-05 09:26:00,3.4,3.45,3.4,3.4,46500,1008675,15400.0,CE
2021-04-05 09:27:00,3.4,3.45,3.35,3.4,37275,1008675,15400.0,CE
2021-04-05 09:28:00,3.45,3.5,3.4,3.5,39450,1008675,15400.0,CE
2021-04-05 09:29:00,3.45,3.5,3.4,3.5,31500,1033875,15400.0,CE
2021-04-05 09:30:00,3.45,3.5,3.45,3.5,28350,1033875,15400.0,CE
2021-04-05 09:31:00,3.5,3.55,3.5,3.55,111375,1033875,15400.0,CE
2021-04-05 09:32:00,3.55,3.55,3.45,3.5,58275,1024125,15400.0,CE
2021-04-05 09:33:00,3.45,3.45,3.4,3.4,19350,1024125,15400.0,CE
2021-04-05 09:34:00,3.4,3.5,3.4,3.45,43875,1024125,15400.0,CE
2021-04-05 09:35:00,3.45,3.45,3.35,3.4,28275,1023900,15400.0,CE
2021-04-05 09:36:00,3.4,3.4,3.3,3.3,66675,1023900,15400.0,CE
2021-04-05 09:37:00,3.3,3.35,3.25,3.3,30225,1023900,15400.0,CE
2021-04-05 09:38:00,3.3,3.35,3.3,3.35,41850,1027275,15400.0,CE
2021-04-05 09:39:00,3.35,3.4,3.25,3.25,56625,1027275,15400.0,CE
2021-04-05 09:40:00,3.3,3.35,3.25,3.35,21750,1027275,15400.0,CE
2021-04-05 09:41:00,3.3,3.35,3.3,3.35,20775,1022925,15400.0,CE
2021-04-05 09:42:00,3.4,3.4,3.35,3.4,18600,1022925,15400.0,CE
2021-04-05 09:43:00,3.4,3.4,3.35,3.35,13350,1022925,15400.0,CE
2021-04-05 09:44:00,3.35,3.4,3.35,3.4,21150,1023150,15400.0,CE
2021-04-05 09:45:00,3.35,3.4,3.3,3.3,26400,1023150,15400.0,CE
2021-04-05 09:46:00,3.35,3.35,3.3,3.35,6300,1023150,15400.0,CE
2021-04-05 09:47:00,3.3,3.35,3.3,3.35,8100,1030800,15400.0,CE
2021-04-05 09:48:00,3.35,3.35,3.3,3.35,27750,1030800,15400.0,CE
2021-04-05 09:49:00,3.35,3.35,3.3,3.35,14550,1030800,15400.0,CE
2021-04-05 09:50:00,3.3,3.35,3.25,3.3,17700,1046625,15400.0,CE
2021-04-05 09:51:00,3.3,3.4,3.3,3.4,42750,1046625,15400.0,CE
2021-04-05 09:52:00,3.35,3.4,3.35,3.4,7200,1046625,15400.0,CE
2021-04-05 09:53:00,3.4,3.4,3.3,3.35,28800,1046775,15400.0,CE
2021-04-05 09:54:00,3.35,3.35,3.2,3.2,99900,1046775,15400.0,CE
2021-04-05 09:55:00,3.2,3.25,3.1,3.2,79425,1046775,15400.0,CE
2021-04-05 09:56:00,3.25,3.35,3.2,3.35,82725,1040850,15400.0,CE
2021-04-05 09:57:00,3.35,3.45,3.3,3.4,133125,1040850,15400.0,CE
2021-04-05 09:58:00,3.4,3.4,3.3,3.3,100800,1040850,15400.0,CE
2021-04-05 09:59:00,3.3,3.35,3.15,3.15,184575,1039425,15400.0,CE
2021-04-05 10:00:00,3.2,3.2,3.05,3.15,131400,1039425,15400.0,CE
2021-04-05 10:01:00,3.15,3.15,3.05,3.15,58050,1039425,15400.0,CE
2021-04-05 10:02:00,3.1,3.15,3.05,3.05,152025,1005375,15400.0,CE
2021-04-05 10:03:00,3.05,3.1,3.0,3.05,109575,1005375,15400.0,CE
2021-04-05 10:04:00,3.1,3.1,2.95,3.05,110250,1005375,15400.0,CE
2021-04-05 10:05:00,3.05,3.1,2.95,3.0,86625,1012800,15400.0,CE
2021-04-05 10:06:00,2.95,3.0,2.95,2.95,66825,1012800,15400.0,CE
2021-04-05 10:07:00,3.0,3.1,3.0,3.1,72675,1012800,15400.0,CE
2021-04-05 10:08:00,3.05,3.15,3.05,3.1,89175,1017525,15400.0,CE
2021-04-05 10:09:00,3.1,3.25,3.1,3.2,55275,1017525,15400.0,CE
2021-04-05 10:10:00,3.2,3.25,3.15,3.2,48975,1017525,15400.0,CE
2021-04-05 10:11:00,3.15,3.2,3.05,3.05,54000,1010625,15400.0,CE
2021-04-05 10:12:00,3.05,3.1,3.05,3.1,38700,1010625,15400.0,CE
2021-04-05 10:13:00,3.1,3.15,3.05,3.1,47025,1010625,15400.0,CE
2021-04-05 10:14:00,3.05,3.15,3.05,3.15,76875,1038600,15400.0,CE
2021-04-05 10:15:00,3.15,3.15,3.05,3.05,52800,1038600,15400.0,CE
2021-04-05 10:16:00,3.1,3.15,3.05,3.1,59025,1038600,15400.0,CE
2021-04-05 10:17:00,3.1,3.1,3.05,3.1,54975,1049925,15400.0,CE
2021-04-05 10:18:00,3.1,3.1,3.05,3.05,69300,1049925,15400.0,CE
2021-04-05 10:19:00,3.1,3.25,3.1,3.2,112125,1049925,15400.0,CE
2021-04-05 10:20:00,3.25,3.25,3.15,3.2,38175,1091850,15400.0,CE
2021-04-05 10:21:00,3.15,3.25,3.15,3.25,52200,1091850,15400.0,CE
2021-04-05 10:22:00,3.25,3.25,3.15,3.15,48375,1091850,15400.0,CE
2021-04-05 10:23:00,3.15,3.3,3.15,3.25,114825,1105725,15400.0,CE
2021-04-05 10:24:00,3.25,3.3,3.2,3.3,129825,1105725,15400.0,CE
2021-04-05 10:25:00,3.25,3.3,3.25,3.3,160575,1105725,15400.0,CE
2021-04-05 10:26:00,3.25,3.3,3.25,3.25,57825,1146600,15400.0,CE
2021-04-05 10:27:00,3.25,3.3,3.25,3.3,21150,1146600,15400.0,CE
2021-04-05 10:28:00,3.3,3.3,3.25,3.25,15900,1146600,15400.0,CE
2021-04-05 10:29:00,3.25,3.3,3.25,3.25,34650,1139850,15400.0,CE
2021-04-05 10:30:00,3.25,3.25,3.2,3.2,35850,1139850,15400.0,CE
2021-04-05 10:31:00,3.2,3.25,3.15,3.2,53475,1139850,15400.0,CE
2021-04-05 10:32:00,3.2,3.3,3.2,3.3,23850,1162050,15400.0,CE
2021-04-05 10:33:00,3.3,3.3,3.25,3.3,71250,1162050,15400.0,CE
2021-04-05 10:34:00,3.3,3.3,3.25,3.3,12750,1162050,15400.0,CE
2021-04-05 10:35:00,3.3,3.3,3.25,3.3,10275,1277775,15400.0,CE
2021-04-05 10:36:00,3.3,3.3,3.25,3.25,30675,1277775,15400.0,CE
2021-04-05 10:37:00,3.3,3.3,3.25,3.25,21300,1277775,15400.0,CE
2021-04-05 10:38:00,3.3,3.3,3.25,3.25,14325,1295925,15400.0,CE
2021-04-05 10:39:00,3.3,3.3,3.3,3.3,26625,1295925,15400.0,CE
2021-04-05 10:40:00,3.3,3.35,3.3,3.3,16500,1295925,15400.0,CE
2021-04-05 10:41:00,3.3,3.35,3.3,3.35,6600,1326675,15400.0,CE
2021-04-05 10:42:00,3.35,3.35,3.3,3.3,23325,1326675,15400.0,CE
2021-04-05 10:43:00,3.35,3.35,3.3,3.35,7725,1326675,15400.0,CE
2021-04-05 10:44:00,3.3,3.35,3.3,3.35,53325,1361475,15400.0,CE
2021-04-05 10:45:00,3.3,3.35,3.3,3.35,10650,1361475,15400.0,CE
2021-04-05 10:46:00,3.3,3.35,3.3,3.35,4950,1361475,15400.0,CE
2021-04-05 10:47:00,3.35,3.35,3.3,3.35,27000,1377525,15400.0,CE
2021-04-05 10:48:00,3.35,3.4,3.3,3.35,24300,1377525,15400.0,CE
2021-04-05 10:49:00,3.35,3.4,3.3,3.35,58050,1377525,15400.0,CE
2021-04-05 10:50:00,3.35,3.4,3.35,3.4,1875,1393650,15400.0,CE
2021-04-05 10:51:00,3.4,3.4,3.35,3.4,3675,1393650,15400.0,CE
2021-04-05 10:52:00,3.4,3.4,3.35,3.4,55350,1393650,15400.0,CE
2021-04-05 10:53:00,3.4,3.45,3.4,3.4,18900,1444350,15400.0,CE
2021-04-05 10:54:00,3.45,3.45,3.35,3.4,16425,1444350,15400.0,CE
2021-04-05 10:55:00,3.35,3.4,3.35,3.35,12900,1444350,15400.0,CE
2021-04-05 10:56:00,3.35,3.4,3.35,3.35,11475,1469475,15400.0,CE
2021-04-05 10:57:00,3.35,3.4,3.35,3.4,11775,1469475,15400.0,CE
2021-04-05 10:58:00,3.35,3.4,3.35,3.35,13650,1469475,15400.0,CE
2021-04-05 10:59:00,3.35,3.4,3.35,3.4,20250,1514550,15400.0,CE
2021-04-05 11:00:00,3.35,3.4,3.35,3.4,27000,1514550,15400.0,CE
2021-04-05 11:01:00,3.4,3.4,3.35,3.4,32775,1514550,15400.0,CE
2021-04-05 11:02:00,3.4,3.4,3.35,3.35,29175,1534950,15400.0,CE
2021-04-05 11:03:00,3.4,3.4,3.35,3.35,5925,1534950,15400.0,CE
2021-04-05 11:04:00,3.35,3.4,3.35,3.35,6600,1534950,15400.0,CE
2021-04-05 11:05:00,3.4,3.4,3.35,3.4,4725,1562775,15400.0,CE
2021-04-05 11:06:00,3.35,3.4,3.35,3.4,15600,1562775,15400.0,CE
2021-04-05 11:07:00,3.4,3.4,3.35,3.4,72075,1562775,15400.0,CE
2021-04-05 11:08:00,3.4,3.4,3.35,3.35,3075,1611375,15400.0,CE
2021-04-05 11:09:00,3.35,3.4,3.35,3.35,12600,1611375,15400.0,CE
2021-04-05 11:10:00,3.35,3.4,3.35,3.35,18075,1611375,15400.0,CE
2021-04-05 11:11:00,3.35,3.35,3.3,3.35,29175,1605675,15400.0,CE
2021-04-05 11:12:00,3.35,3.35,3.3,3.3,15975,1605675,15400.0,CE
2021-04-05 11:13:00,3.3,3.35,3.3,3.35,18150,1605675,15400.0,CE
2021-04-05 11:14:00,3.4,3.4,3.35,3.35,34725,1632900,15400.0,CE
2021-04-05 11:15:00,3.35,3.4,3.35,3.35,8025,1632900,15400.0,CE
2021-04-05 11:16:00,3.35,3.4,3.35,3.4,27825,1632900,15400.0,CE
2021-04-05 11:17:00,3.4,3.45,3.35,3.4,85500,1666500,15400.0,CE
2021-04-05 11:18:00,3.45,3.45,3.35,3.4,24150,1666500,15400.0,CE
2021-04-05 11:19:00,3.35,3.4,3.35,3.4,101400,1666500,15400.0,CE
2021-04-05 11:20:00,3.4,3.45,3.35,3.4,47400,1745100,15400.0,CE
2021-04-05 11:21:00,3.4,3.4,3.4,3.4,27225,1745100,15400.0,CE
2021-04-05 11:22:00,3.4,3.45,3.4,3.45,21750,1745100,15400.0,CE
2021-04-05 11:23:00,3.45,3.45,3.4,3.4,6225,1776075,15400.0,CE
2021-04-05 11:24:00,3.4,3.45,3.4,3.45,11400,1776075,15400.0,CE
2021-04-05 11:25:00,3.45,3.45,3.45,3.45,27000,1776075,15400.0,CE
2021-04-05 11:26:00,3.4,3.45,3.4,3.45,2625,1805025,15400.0,CE
2021-04-05 11:27:00,3.45,3.45,3.4,3.45,6600,1805025,15400.0,CE
2021-04-05 11:28:00,3.45,3.45,3.4,3.45,1800,1805025,15400.0,CE
2021-04-05 11:29:00,3.45,3.5,3.45,3.5,67125,1851225,15400.0,CE
2021-04-05 11:30:00,3.45,3.5,3.4,3.4,46275,1851225,15400.0,CE
2021-04-05 11:31:00,3.4,3.45,3.4,3.45,21000,1851225,15400.0,CE
2021-04-05 11:32:00,3.45,3.45,3.4,3.45,33600,1890525,15400.0,CE
2021-04-05 11:33:00,3.4,3.45,3.4,3.45,45975,1890525,15400.0,CE
2021-04-05 11:34:00,3.4,3.45,3.4,3.45,26250,1890525,15400.0,CE
2021-04-05 11:35:00,3.45,3.45,3.4,3.45,12525,1924575,15400.0,CE
2021-04-05 11:36:00,3.45,3.55,3.45,3.45,235800,1924575,15400.0,CE
2021-04-05 11:37:00,3.45,3.55,3.45,3.55,145725,1924575,15400.0,CE
2021-04-05 11:38:00,3.5,3.5,3.45,3.45,73050,1966650,15400.0,CE
2021-04-05 11:39:00,3.5,3.5,3.45,3.45,169650,1966650,15400.0,CE
2021-04-05 11:40:00,3.5,3.5,3.4,3.4,45750,1966650,15400.0,CE
2021-04-05 11:41:00,3.45,3.45,3.4,3.45,85575,1973100,15400.0,CE
2021-04-05 11:42:00,3.45,3.45,3.4,3.45,36375,1973100,15400.0,CE
2021-04-05 11:43:00,3.45,3.45,3.4,3.45,34800,1973100,15400.0,CE
2021-04-05 11:44:00,3.45,3.45,3.4,3.4,22950,1976850,15400.0,CE
2021-04-05 11:45:00,3.45,3.45,3.4,3.45,40350,1976850,15400.0,CE
2021-04-05 11:46:00,3.4,3.45,3.4,3.4,30675,1976850,15400.0,CE
2021-04-05 11:47:00,3.4,3.4,3.35,3.35,17625,1976850,15400.0,CE
2021-04-05 11:48:00,3.4,3.4,3.35,3.35,11175,1979700,15400.0,CE
2021-04-05 11:49:00,3.35,3.4,3.35,3.35,30675,1979700,15400.0,CE
2021-04-05 11:50:00,3.4,3.4,3.35,3.4,32550,2006175,15400.0,CE
2021-04-05 11:51:00,3.35,3.4,3.35,3.35,42375,2006175,15400.0,CE
2021-04-05 11:52:00,3.35,3.45,3.35,3.4,82500,2006175,15400.0,CE
2021-04-05 11:53:00,3.4,3.4,3.35,3.35,16125,2006175,15400.0,CE
2021-04-05 11:54:00,3.4,3.4,3.35,3.35,47550,2016900,15400.0,CE
2021-04-05 11:55:00,3.4,3.4,3.35,3.35,22350,2016900,15400.0,CE
2021-04-05 11:56:00,3.35,3.4,3.35,3.35,27075,2016900,15400.0,CE
2021-04-05 11:57:00,3.35,3.4,3.3,3.3,20025,2047950,15400.0,CE
2021-04-05 11:58:00,3.3,3.3,3.3,3.3,38025,2047950,15400.0,CE
2021-04-05 11:59:00,3.25,3.25,3.25,3.25,17025,2082750,15400.0,CE
2021-04-05 12:00:00,3.25,3.3,3.25,3.3,22650,2082750,15400.0,CE
2021-04-05 12:01:00,3.3,3.3,3.25,3.25,900,2082750,15400.0,CE
2021-04-05 12:02:00,3.25,3.25,3.2,3.2,20025,2082750,15400.0,CE
2021-04-05 12:03:00,3.25,3.25,3.25,3.25,1725,2078475,15400.0,CE
2021-04-05 12:04:00,3.25,3.25,3.2,3.2,4350,2078475,15400.0,CE
2021-04-05 12:05:00,3.2,3.2,3.2,3.2,2700,2078475,15400.0,CE
2021-04-05 12:06:00,3.2,3.25,3.2,3.25,9750,2084325,15400.0,CE
2021-04-05 12:07:00,3.2,3.25,3.2,3.25,10275,2084325,15400.0,CE
2021-04-05 12:08:00,3.25,3.25,3.2,3.2,2625,2100675,15400.0,CE
2021-04-05 12:09:00,3.25,3.25,3.2,3.25,5400,2100675,15400.0,CE
2021-04-05 12:10:00,3.25,3.25,3.2,3.2,9075,2100675,15400.0,CE
2021-04-05 12:11:00,3.2,3.2,3.15,3.15,55350,2100675,15400.0,CE
2021-04-05 12:12:00,3.15,3.15,3.1,3.1,9150,2107875,15400.0,CE
2021-04-05 12:13:00,3.1,3.15,3.1,3.1,31575,2107875,15400.0,CE
2021-04-05 12:14:00,3.1,3.15,3.1,3.1,19950,2107875,15400.0,CE
2021-04-05 12:15:00,3.1,3.1,3.05,3.05,28425,2108175,15400.0,CE
2021-04-05 12:16:00,3.05,3.1,3.05,3.05,12300,2108175,15400.0,CE
2021-04-05 12:17:00,3.1,3.1,3.05,3.05,10200,2108175,15400.0,CE
2021-04-05 12:18:00,3.1,3.1,3.05,3.1,13950,2103975,15400.0,CE
2021-04-05 12:19:00,3.05,3.05,3.05,3.05,150,2103975,15400.0,CE
2021-04-05 12:20:00,3.05,3.1,3.05,3.05,3900,2103975,15400.0,CE
2021-04-05 12:21:00,3.1,3.1,3.1,3.1,75,2109975,15400.0,CE
2021-04-05 12:22:00,3.1,3.1,3.05,3.05,2850,2109975,15400.0,CE
2021-04-05 12:23:00,3.1,3.1,3.05,3.05,4125,2109975,15400.0,CE
2021-04-05 12:24:00,3.05,3.1,3.05,3.05,23400,2110875,15400.0,CE
2021-04-05 12:25:00,3.05,3.1,3.05,3.1,11025,2110875,15400.0,CE
2021-04-05 12:26:00,3.05,3.1,3.05,3.05,2025,2110875,15400.0,CE
2021-04-05 12:27:00,3.1,3.1,3.05,3.1,8175,2109300,15400.0,CE
2021-04-05 12:28:00,3.05,3.1,3.05,3.1,2550,2109300,15400.0,CE
2021-04-05 12:29:00,3.05,3.1,3.05,3.1,4350,2109300,15400.0,CE
2021-04-05 12:30:00,3.1,3.1,3.1,3.1,2775,2108700,15400.0,CE
2021-04-05 12:31:00,3.1,3.1,3.1,3.1,8475,2108700,15400.0,CE
2021-04-05 12:32:00,3.05,3.15,3.05,3.15,25350,2108700,15400.0,CE
2021-04-05 12:33:00,3.15,3.15,3.05,3.1,46950,2128950,15400.0,CE
2021-04-05 12:34:00,3.1,3.1,3.05,3.1,25050,2128950,15400.0,CE
2021-04-05 12:35:00,3.1,3.1,3.05,3.1,17100,2128950,15400.0,CE
2021-04-05 12:36:00,3.1,3.1,3.05,3.1,5625,2151750,15400.0,CE
2021-04-05 12:37:00,3.1,3.1,3.05,3.1,9675,2151750,15400.0,CE
2021-04-05 12:38:00,3.1,3.1,3.05,3.05,20250,2151750,15400.0,CE
2021-04-05 12:39:00,3.05,3.1,3.05,3.1,5175,2143425,15400.0,CE
2021-04-05 12:40:00,3.05,3.1,3.05,3.05,7500,2143425,15400.0,CE
2021-04-05 12:41:00,3.05,3.1,3.05,3.1,3300,2143425,15400.0,CE
2021-04-05 12:42:00,3.1,3.1,3.05,3.05,1050,2141850,15400.0,CE
2021-04-05 12:43:00,3.1,3.1,3.05,3.1,1125,2141850,15400.0,CE
2021-04-05 12:44:00,3.05,3.1,3.05,3.05,3375,2141850,15400.0,CE
2021-04-05 12:45:00,3.05,3.1,3.05,3.1,7050,2140500,15400.0,CE
2021-04-05 12:46:00,3.05,3.05,3.0,3.05,36075,2140500,15400.0,CE
2021-04-05 12:47:00,3.0,3.05,3.0,3.05,12300,2140500,15400.0,CE
2021-04-05 12:48:00,3.0,3.05,3.0,3.0,8250,2160675,15400.0,CE
2021-04-05 12:49:00,3.0,3.0,2.95,2.95,6300,2160675,15400.0,CE
2021-04-05 12:50:00,2.95,2.95,2.85,2.9,29700,2160675,15400.0,CE
2021-04-05 12:51:00,2.85,2.95,2.85,2.9,28275,2151300,15400.0,CE
2021-04-05 12:52:00,2.9,2.9,2.85,2.85,3225,2151300,15400.0,CE
2021-04-05 12:53:00,2.85,2.9,2.85,2.9,7350,2151300,15400.0,CE
2021-04-05 12:54:00,2.85,2.9,2.85,2.85,10275,2157150,15400.0,CE
2021-04-05 12:55:00,2.85,2.85,2.8,2.85,22125,2157150,15400.0,CE
2021-04-05 12:56:00,2.85,2.9,2.85,2.9,50100,2157150,15400.0,CE
2021-04-05 12:57:00,2.9,2.95,2.9,2.9,19050,2190900,15400.0,CE
2021-04-05 12:58:00,2.95,2.95,2.9,2.9,2775,2190900,15400.0,CE
2021-04-05 12:59:00,2.9,2.9,2.9,2.9,2550,2190900,15400.0,CE
2021-04-05 13:00:00,2.95,3.0,2.95,2.95,25950,2200875,15400.0,CE
2021-04-05 13:01:00,2.95,3.0,2.95,2.95,37050,2200875,15400.0,CE
2021-04-05 13:02:00,2.95,2.95,2.9,2.9,11400,2200875,15400.0,CE
2021-04-05 13:03:00,2.9,2.95,2.9,2.95,17925,2226450,15400.0,CE
2021-04-05 13:04:00,2.9,2.95,2.85,2.9,14175,2226450,15400.0,CE
2021-04-05 13:05:00,2.9,2.9,2.85,2.9,4500,2226450,15400.0,CE
2021-04-05 13:06:00,2.9,2.9,2.85,2.85,17700,2245950,15400.0,CE
2021-04-05 13:07:00,2.85,2.85,2.8,2.8,4575,2245950,15400.0,CE
2021-04-05 13:08:00,2.85,2.9,2.85,2.9,8175,2245950,15400.0,CE
2021-04-05 13:09:00,2.9,2.9,2.85,2.9,4725,2245050,15400.0,CE
2021-04-05 13:10:00,2.85,2.9,2.85,2.9,3825,2245050,15400.0,CE
2021-04-05 13:11:00,2.85,2.9,2.85,2.85,5925,2245050,15400.0,CE
2021-04-05 13:12:00,2.85,2.85,2.85,2.85,2400,2240475,15400.0,CE
2021-04-05 13:13:00,2.85,2.9,2.85,2.9,225,2240475,15400.0,CE
2021-04-05 13:14:00,2.9,2.9,2.9,2.9,1050,2240475,15400.0,CE
2021-04-05 13:15:00,2.9,2.9,2.9,2.9,13350,2244900,15400.0,CE
2021-04-05 13:16:00,2.95,2.95,2.9,2.9,11925,2244900,15400.0,CE
2021-04-05 13:17:00,2.9,2.9,2.85,2.85,2025,2244900,15400.0,CE
2021-04-05 13:18:00,2.85,2.9,2.85,2.85,16800,2254275,15400.0,CE
2021-04-05 13:19:00,2.8,2.9,2.8,2.9,31650,2254275,15400.0,CE
2021-04-05 13:20:00,2.9,2.9,2.9,2.9,9375,2254275,15400.0,CE
2021-04-05 13:21:00,2.85,2.9,2.85,2.9,31125,2269350,15400.0,CE
2021-04-05 13:22:00,2.9,2.9,2.85,2.9,2850,2269350,15400.0,CE
2021-04-05 13:23:00,2.9,3.0,2.85,2.95,57375,2269350,15400.0,CE
2021-04-05 13:24:00,3.0,3.05,2.95,2.95,42450,2283525,15400.0,CE
2021-04-05 13:25:00,3.0,3.0,2.95,3.0,19125,2283525,15400.0,CE
2021-04-05 13:26:00,2.95,3.0,2.95,2.95,8550,2283525,15400.0,CE
2021-04-05 13:27:00,2.95,2.95,2.9,2.95,13050,2273250,15400.0,CE
2021-04-05 13:28:00,2.95,2.95,2.9,2.9,22875,2273250,15400.0,CE
2021-04-05 13:29:00,2.85,2.9,2.85,2.9,10350,2273250,15400.0,CE
2021-04-05 13:30:00,2.85,2.95,2.85,2.9,9975,2275650,15400.0,CE
2021-04-05 13:31:00,2.9,2.9,2.85,2.9,36900,2275650,15400.0,CE
2021-04-05 13:32:00,2.9,2.9,2.85,2.9,6525,2275650,15400.0,CE
2021-04-05 13:33:00,2.85,2.85,2.75,2.75,30825,2272125,15400.0,CE
2021-04-05 13:34:00,2.8,2.8,2.7,2.8,21600,2272125,15400.0,CE
2021-04-05 13:35:00,2.8,2.8,2.75,2.8,4425,2272125,15400.0,CE
2021-04-05 13:36:00,2.8,2.85,2.8,2.85,6150,2277675,15400.0,CE
2021-04-05 13:37:00,2.85,2.85,2.8,2.8,22650,2277675,15400.0,CE
2021-04-05 13:38:00,2.75,2.8,2.75,2.8,6750,2277675,15400.0,CE
2021-04-05 13:39:00,2.8,2.8,2.75,2.8,6825,2265300,15400.0,CE
2021-04-05 13:40:00,2.8,2.95,2.8,2.9,55650,2265300,15400.0,CE
2021-04-05 13:41:00,2.85,2.9,2.8,2.8,46275,2265300,15400.0,CE
2021-04-05 13:42:00,2.85,2.85,2.8,2.8,23850,2291175,15400.0,CE
2021-04-05 13:43:00,2.75,2.8,2.75,2.8,14100,2291175,15400.0,CE
2021-04-05 13:44:00,2.8,2.8,2.75,2.8,2625,2291175,15400.0,CE
2021-04-05 13:45:00,2.8,2.8,2.75,2.8,19275,2290500,15400.0,CE
2021-04-05 13:46:00,2.75,2.8,2.75,2.75,15150,2290500,15400.0,CE
2021-04-05 13:47:00,2.75,2.8,2.75,2.8,29625,2290500,15400.0,CE
2021-04-05 13:48:00,2.8,2.8,2.7,2.75,22575,2288550,15400.0,CE
2021-04-05 13:49:00,2.75,2.75,2.75,2.75,1050,2288550,15400.0,CE
2021-04-05 13:50:00,2.75,2.75,2.75,2.75,2700,2288550,15400.0,CE
2021-04-05 13:51:00,2.7,2.75,2.65,2.65,25575,2277750,15400.0,CE
2021-04-05 13:52:00,2.7,2.7,2.65,2.65,15450,2277750,15400.0,CE
2021-04-05 13:53:00,2.7,2.7,2.65,2.7,8325,2277750,15400.0,CE
2021-04-05 13:54:00,2.75,2.75,2.75,2.75,11175,2277750,15400.0,CE
2021-04-05 13:55:00,2.75,2.75,2.7,2.75,21750,2274225,15400.0,CE
2021-04-05 13:56:00,2.75,2.75,2.65,2.7,27525,2274225,15400.0,CE
2021-04-05 13:57:00,2.7,2.7,2.7,2.7,12825,2263125,15400.0,CE
2021-04-05 13:58:00,2.7,2.7,2.65,2.65,12750,2263125,15400.0,CE
2021-04-05 13:59:00,2.65,2.7,2.6,2.6,18300,2263125,15400.0,CE
2021-04-05 14:00:00,2.6,2.65,2.6,2.65,50325,2259750,15400.0,CE
2021-04-05 14:01:00,2.65,2.7,2.65,2.65,10125,2259750,15400.0,CE
2021-04-05 14:02:00,2.65,2.7,2.65,2.7,13425,2259750,15400.0,CE
2021-04-05 14:03:00,2.65,2.7,2.65,2.7,10950,2272350,15400.0,CE
2021-04-05 14:04:00,2.7,2.75,2.7,2.7,31125,2272350,15400.0,CE
2021-04-05 14:05:00,2.75,2.75,2.7,2.7,25125,2272350,15400.0,CE
2021-04-05 14:06:00,2.7,2.7,2.65,2.65,24450,2274075,15400.0,CE
2021-04-05 14:07:00,2.7,2.7,2.65,2.65,3375,2274075,15400.0,CE
2021-04-05 14:08:00,2.7,2.7,2.65,2.7,3075,2274075,15400.0,CE
2021-04-05 14:09:00,2.65,2.7,2.65,2.65,6525,2274300,15400.0,CE
2021-04-05 14:10:00,2.65,2.7,2.65,2.65,7800,2274300,15400.0,CE
2021-04-05 14:11:00,2.7,2.7,2.6,2.6,18225,2274300,15400.0,CE
2021-04-05 14:12:00,2.65,2.65,2.6,2.65,1275,2276025,15400.0,CE
2021-04-05 14:13:00,2.65,2.65,2.6,2.65,3150,2276025,15400.0,CE
2021-04-05 14:14:00,2.65,2.65,2.6,2.6,1350,2276025,15400.0,CE
2021-04-05 14:15:00,2.65,2.7,2.65,2.7,39900,2281875,15400.0,CE
2021-04-05 14:16:00,2.65,2.65,2.6,2.6,2175,2281875,15400.0,CE
2021-04-05 14:17:00,2.65,2.65,2.65,2.65,7575,2281875,15400.0,CE
2021-04-05 14:18:00,2.65,2.65,2.6,2.65,5250,2283750,15400.0,CE
2021-04-05 14:19:00,2.6,2.65,2.6,2.65,3375,2283750,15400.0,CE
2021-04-05 14:20:00,2.6,2.65,2.6,2.6,1350,2283750,15400.0,CE
2021-04-05 14:21:00,2.65,2.65,2.6,2.6,12900,2276625,15400.0,CE
2021-04-05 14:22:00,2.65,2.65,2.6,2.65,4050,2276625,15400.0,CE
2021-04-05 14:23:00,2.6,2.65,2.6,2.65,2175,2276625,15400.0,CE
2021-04-05 14:24:00,2.65,2.7,2.65,2.7,18000,2276100,15400.0,CE
2021-04-05 14:25:00,2.65,2.65,2.6,2.65,22350,2276100,15400.0,CE
2021-04-05 14:26:00,2.65,2.65,2.6,2.6,1350,2276100,15400.0,CE
2021-04-05 14:27:00,2.6,2.65,2.55,2.55,25350,2272425,15400.0,CE
2021-04-05 14:28:00,2.6,2.65,2.6,2.6,13575,2272425,15400.0,CE
2021-04-05 14:29:00,2.65,2.65,2.6,2.65,7575,2272425,15400.0,CE
2021-04-05 14:30:00,2.6,2.75,2.6,2.7,70800,2254275,15400.0,CE
2021-04-05 14:31:00,2.7,2.7,2.65,2.65,20925,2254275,15400.0,CE
2021-04-05 14:32:00,2.65,2.7,2.6,2.6,50850,2254275,15400.0,CE
2021-04-05 14:33:00,2.6,2.65,2.6,2.65,10275,2254800,15400.0,CE
2021-04-05 14:34:00,2.6,2.65,2.6,2.65,16125,2254800,15400.0,CE
2021-04-05 14:35:00,2.65,2.65,2.6,2.65,18225,2254800,15400.0,CE
2021-04-05 14:36:00,2.6,2.6,2.55,2.6,13125,2249775,15400.0,CE
2021-04-05 14:37:00,2.55,2.6,2.55,2.6,2100,2249775,15400.0,CE
2021-04-05 14:38:00,2.55,2.55,2.5,2.5,22725,2249775,15400.0,CE
2021-04-05 14:39:00,2.55,2.55,2.5,2.5,13200,2271150,15400.0,CE
2021-04-05 14:40:00,2.55,2.55,2.45,2.45,66075,2271150,15400.0,CE
2021-04-05 14:41:00,2.4,2.45,2.4,2.4,19800,2271150,15400.0,CE
2021-04-05 14:42:00,2.4,2.45,2.3,2.35,52650,2271075,15400.0,CE
2021-04-05 14:43:00,2.3,2.4,2.3,2.3,73725,2271075,15400.0,CE
2021-04-05 14:44:00,2.3,2.35,2.25,2.3,37650,2271075,15400.0,CE
2021-04-05 14:45:00,2.25,2.3,2.25,2.25,26700,2255400,15400.0,CE
2021-04-05 14:46:00,2.25,2.3,2.25,2.3,36750,2255400,15400.0,CE
2021-04-05 14:47:00,2.3,2.3,2.25,2.25,11400,2255400,15400.0,CE
2021-04-05 14:48:00,2.25,2.3,2.2,2.2,28800,2261175,15400.0,CE
2021-04-05 14:49:00,2.2,2.25,2.2,2.2,12000,2261175,15400.0,CE
2021-04-05 14:50:00,2.25,2.3,2.25,2.25,37950,2261175,15400.0,CE
2021-04-05 14:51:00,2.25,2.3,2.25,2.3,19650,2247150,15400.0,CE
2021-04-05 14:52:00,2.3,2.35,2.3,2.3,7575,2247150,15400.0,CE
2021-04-05 14:53:00,2.35,2.35,2.25,2.25,10050,2247150,15400.0,CE
2021-04-05 14:54:00,2.25,2.3,2.25,2.25,13050,2252700,15400.0,CE
2021-04-05 14:55:00,2.25,2.3,2.25,2.25,23400,2252700,15400.0,CE
2021-04-05 14:56:00,2.25,2.25,2.15,2.15,30075,2252700,15400.0,CE
2021-04-05 14:57:00,2.2,2.2,2.15,2.2,21900,2245050,15400.0,CE
2021-04-05 14:58:00,2.2,2.25,2.15,2.2,11775,2245050,15400.0,CE
2021-04-05 14:59:00,2.2,2.25,2.15,2.2,22500,2245050,15400.0,CE
2021-04-05 15:00:00,2.2,2.2,2.1,2.1,25800,2239725,15400.0,CE
2021-04-05 15:01:00,2.1,2.25,2.1,2.25,81900,2239725,15400.0,CE
2021-04-05 15:02:00,2.25,2.3,2.2,2.25,58800,2239725,15400.0,CE
2021-04-05 15:03:00,2.3,2.3,2.25,2.25,6525,2313600,15400.0,CE
2021-04-05 15:04:00,2.25,2.4,2.25,2.4,39000,2313600,15400.0,CE
2021-04-05 15:05:00,2.35,2.4,2.3,2.3,24075,2313600,15400.0,CE
2021-04-05 15:06:00,2.3,2.3,2.25,2.3,42075,2344275,15400.0,CE
2021-04-05 15:07:00,2.3,2.35,2.3,2.35,32175,2344275,15400.0,CE
2021-04-05 15:08:00,2.3,2.3,2.25,2.25,34275,2344275,15400.0,CE
2021-04-05 15:09:00,2.25,2.3,2.25,2.3,7950,2355450,15400.0,CE
2021-04-05 15:10:00,2.25,2.3,2.2,2.25,20700,2355450,15400.0,CE
2021-04-05 15:11:00,2.2,2.3,2.2,2.25,40200,2355450,15400.0,CE
2021-04-05 15:12:00,2.25,2.3,2.25,2.3,36150,2397975,15400.0,CE
2021-04-05 15:13:00,2.35,2.45,2.35,2.45,52050,2397975,15400.0,CE
2021-04-05 15:14:00,2.4,2.45,2.35,2.4,51300,2397975,15400.0,CE
2021-04-05 15:15:00,2.4,2.45,2.35,2.35,54975,2459775,15400.0,CE
2021-04-05 15:16:00,2.35,2.4,2.25,2.25,78150,2459775,15400.0,CE
2021-04-05 15:17:00,2.25,2.3,2.15,2.15,18825,2459775,15400.0,CE
2021-04-05 15:18:00,2.2,2.2,2.15,2.15,36525,2504175,15400.0,CE
2021-04-05 15:19:00,2.15,2.2,2.1,2.1,29475,2504175,15400.0,CE
2021-04-05 15:20:00,2.1,2.2,2.1,2.1,78075,2504175,15400.0,CE
2021-04-05 15:21:00,2.15,2.15,2.1,2.15,55275,2505525,15400.0,CE
2021-04-05 15:22:00,2.1,2.15,2.05,2.05,54150,2505525,15400.0,CE
2021-04-05 15:23:00,2.05,2.1,2.05,2.1,59775,2505525,15400.0,CE
2021-04-05 15:24:00,2.1,2.15,2.1,2.1,37275,2526450,15400.0,CE
2021-04-05 15:25:00,2.1,2.1,1.9,1.9,60600,2526450,15400.0,CE
2021-04-05 15:26:00,1.95,2.0,1.95,1.95,15225,2526450,15400.0,CE
2021-04-05 15:27:00,1.9,2.05,1.9,2.05,45675,2512125,15400.0,CE
2021-04-05 15:28:00,2.0,2.0,1.9,1.95,54600,2512125,15400.0,CE
2021-04-05 15:29:00,2.0,2.2,1.95,2.2,62325,2512125,15400.0,CE
2021-04-05 15:30:00,2.2,2.2,2.2,2.2,600,2512125,15400.0,CE
2021-04-06 09:15:00,2.2,2.4,1.75,1.9,58503,2490600,15400.0,CE
2021-04-06 09:16:00,1.9,1.95,1.8,1.8,78900,2490600,15400.0,CE
2021-04-06 09:17:00,1.8,1.8,1.7,1.75,29850,2511900,15400.0,CE
2021-04-06 09:18:00,1.75,1.75,1.65,1.7,68325,2511900,15400.0,CE
2021-04-06 09:19:00,1.65,1.75,1.65,1.75,74700,2511900,15400.0,CE
2021-04-06 09:20:00,1.75,1.85,1.7,1.85,136350,2518050,15400.0,CE
2021-04-06 09:21:00,1.8,1.85,1.8,1.8,65100,2518050,15400.0,CE
2021-04-06 09:22:00,1.8,1.85,1.8,1.85,35550,2518050,15400.0,CE
2021-04-06 09:23:00,1.8,1.9,1.75,1.85,46050,2557350,15400.0,CE
2021-04-06 09:24:00,1.9,1.9,1.85,1.85,40575,2557350,15400.0,CE
2021-04-06 09:25:00,1.85,1.95,1.85,1.85,75225,2557350,15400.0,CE
2021-04-06 09:26:00,1.85,2.05,1.8,2.0,59025,2561250,15400.0,CE
2021-04-06 09:27:00,1.95,2.05,1.95,2.05,34350,2561250,15400.0,CE
2021-04-06 09:28:00,2.05,2.1,2.0,2.05,37875,2561250,15400.0,CE
2021-04-06 09:29:00,2.05,2.15,2.0,2.15,41175,2556375,15400.0,CE
2021-04-06 09:30:00,2.15,2.35,2.15,2.15,66375,2556375,15400.0,CE
2021-04-06 09:31:00,2.15,2.15,2.05,2.15,81150,2556375,15400.0,CE
2021-04-06 09:32:00,2.1,2.1,2.0,2.0,39975,2540550,15400.0,CE
2021-04-06 09:33:00,2.0,2.15,2.0,2.15,43350,2540550,15400.0,CE
2021-04-06 09:34:00,2.15,2.15,2.1,2.1,21000,2540550,15400.0,CE
2021-04-06 09:35:00,2.1,2.15,2.05,2.15,69825,2559750,15400.0,CE
2021-04-06 09:36:00,2.15,2.25,2.15,2.25,42375,2559750,15400.0,CE
2021-04-06 09:37:00,2.25,2.3,2.2,2.3,46275,2559750,15400.0,CE
2021-04-06 09:38:00,2.25,2.45,2.25,2.35,43425,2553225,15400.0,CE
2021-04-06 09:39:00,2.35,2.4,2.35,2.4,61350,2553225,15400.0,CE
2021-04-06 09:40:00,2.35,2.6,2.35,2.45,113325,2553225,15400.0,CE
2021-04-06 09:41:00,2.45,2.45,2.3,2.35,75375,2527650,15400.0,CE
2021-04-06 09:42:00,2.3,2.35,2.25,2.35,113625,2527650,15400.0,CE
2021-04-06 09:43:00,2.3,2.3,2.25,2.25,47850,2527650,15400.0,CE
2021-04-06 09:44:00,2.25,2.25,2.05,2.05,40425,2530275,15400.0,CE
2021-04-06 09:45:00,2.1,2.1,2.05,2.1,32475,2530275,15400.0,CE
2021-04-06 09:46:00,2.05,2.15,2.05,2.1,19575,2530275,15400.0,CE
2021-04-06 09:47:00,2.15,2.2,2.15,2.2,29625,2536350,15400.0,CE
2021-04-06 09:48:00,2.15,2.2,2.15,2.2,27675,2536350,15400.0,CE
2021-04-06 09:49:00,2.2,2.3,2.2,2.25,41850,2536350,15400.0,CE
2021-04-06 09:50:00,2.25,2.25,2.15,2.2,26925,2524350,15400.0,CE
2021-04-06 09:51:00,2.2,2.2,2.2,2.2,27000,2524350,15400.0,CE
2021-04-06 09:52:00,2.2,2.2,2.15,2.2,14550,2524350,15400.0,CE
2021-04-06 09:53:00,2.15,2.2,2.15,2.15,9000,2513025,15400.0,CE
2021-04-06 09:54:00,2.15,2.2,2.1,2.1,25050,2513025,15400.0,CE
2021-04-06 09:55:00,2.15,2.15,2.1,2.1,3825,2513025,15400.0,CE
2021-04-06 09:56:00,2.1,2.15,2.1,2.1,5550,2529750,15400.0,CE
2021-04-06 09:57:00,2.15,2.15,2.1,2.1,3075,2529750,15400.0,CE
2021-04-06 09:58:00,2.1,2.15,2.1,2.1,4725,2529750,15400.0,CE
2021-04-06 09:59:00,2.1,2.1,2.05,2.05,9375,2537325,15400.0,CE
2021-04-06 10:00:00,2.05,2.1,2.05,2.1,12825,2537325,15400.0,CE
2021-04-06 10:01:00,2.1,2.1,1.95,2.0,160800,2537325,15400.0,CE
2021-04-06 10:02:00,2.0,2.05,1.95,2.0,30150,2539125,15400.0,CE
2021-04-06 10:03:00,2.0,2.0,1.95,1.95,39150,2539125,15400.0,CE
2021-04-06 10:04:00,2.0,2.0,1.95,2.0,18300,2539125,15400.0,CE
2021-04-06 10:05:00,2.05,2.05,2.0,2.05,11175,2543100,15400.0,CE
2021-04-06 10:06:00,2.05,2.1,2.0,2.05,25950,2543100,15400.0,CE
2021-04-06 10:07:00,2.1,2.1,2.0,2.05,52425,2543100,15400.0,CE
2021-04-06 10:08:00,2.0,2.0,1.95,2.0,92925,2451075,15400.0,CE
2021-04-06 10:09:00,2.0,2.0,2.0,2.0,2925,2451075,15400.0,CE
2021-04-06 10:10:00,2.05,2.05,2.0,2.05,3975,2451075,15400.0,CE
2021-04-06 10:11:00,2.05,2.05,2.0,2.0,21750,2421000,15400.0,CE
2021-04-06 10:12:00,2.0,2.05,2.0,2.05,1650,2421000,15400.0,CE
2021-04-06 10:13:00,2.0,2.05,2.0,2.0,15750,2421000,15400.0,CE
2021-04-06 10:14:00,2.0,2.05,1.95,2.05,9300,2357625,15400.0,CE
2021-04-06 10:15:00,2.0,2.0,1.95,1.95,5400,2357625,15400.0,CE
2021-04-06 10:16:00,2.0,2.0,1.9,1.9,27150,2357625,15400.0,CE
2021-04-06 10:17:00,1.95,2.0,1.9,1.9,34275,2353275,15400.0,CE
2021-04-06 10:18:00,1.9,1.95,1.9,1.95,17850,2353275,15400.0,CE
2021-04-06 10:19:00,1.95,2.0,1.95,1.95,20400,2353275,15400.0,CE
2021-04-06 10:20:00,1.95,1.95,1.9,1.95,6450,2355000,15400.0,CE
2021-04-06 10:21:00,2.0,2.0,1.95,2.0,3300,2355000,15400.0,CE
2021-04-06 10:22:00,2.0,2.0,1.9,1.9,18600,2355000,15400.0,CE
2021-04-06 10:23:00,1.95,2.0,1.95,2.0,8775,2333850,15400.0,CE
2021-04-06 10:24:00,2.0,2.0,2.0,2.0,2700,2333850,15400.0,CE
2021-04-06 10:25:00,2.0,2.0,1.95,1.95,11700,2333850,15400.0,CE
2021-04-06 10:26:00,1.95,2.0,1.95,1.95,9525,2339175,15400.0,CE
2021-04-06 10:27:00,1.95,1.95,1.9,1.9,21225,2339175,15400.0,CE
2021-04-06 10:28:00,1.95,1.95,1.95,1.95,30000,2339175,15400.0,CE
2021-04-06 10:29:00,1.95,1.95,1.95,1.95,10275,2332425,15400.0,CE
2021-04-06 10:30:00,1.95,1.95,1.9,1.95,3450,2332425,15400.0,CE
2021-04-06 10:31:00,1.9,2.0,1.9,1.95,54675,2332425,15400.0,CE
2021-04-06 10:32:00,1.95,1.95,1.95,1.95,16125,2292150,15400.0,CE
2021-04-06 10:33:00,1.9,1.95,1.9,1.95,5025,2292150,15400.0,CE
2021-04-06 10:34:00,1.95,1.95,1.95,1.95,225,2292150,15400.0,CE
2021-04-06 10:35:00,1.95,2.0,1.95,2.0,16575,2262075,15400.0,CE
2021-04-06 10:36:00,1.95,1.95,1.95,1.95,8100,2262075,15400.0,CE
2021-04-06 10:37:00,1.9,1.95,1.9,1.95,7725,2262075,15400.0,CE
2021-04-06 10:38:00,1.95,2.0,1.95,2.0,14700,2251800,15400.0,CE
2021-04-06 10:39:00,1.95,1.95,1.85,1.85,77175,2251800,15400.0,CE
2021-04-06 10:40:00,1.9,2.0,1.85,1.95,33000,2251800,15400.0,CE
2021-04-06 10:41:00,1.95,2.0,1.95,2.0,19200,2179425,15400.0,CE
2021-04-06 10:42:00,2.0,2.0,1.95,1.95,8250,2179425,15400.0,CE
2021-04-06 10:43:00,1.95,2.0,1.95,2.0,3000,2179425,15400.0,CE
2021-04-06 10:44:00,2.0,2.0,1.95,2.0,675,2180850,15400.0,CE
2021-04-06 10:45:00,1.95,1.95,1.9,1.9,14925,2180850,15400.0,CE
2021-04-06 10:46:00,1.95,1.95,1.85,1.95,8925,2180850,15400.0,CE
2021-04-06 10:47:00,1.9,1.9,1.9,1.9,3675,2165475,15400.0,CE
2021-04-06 10:48:00,1.95,1.95,1.95,1.95,2025,2165475,15400.0,CE
2021-04-06 10:49:00,1.95,1.95,1.9,1.9,11775,2165475,15400.0,CE
2021-04-06 10:50:00,1.9,1.95,1.9,1.95,375,2165475,15400.0,CE
2021-04-06 10:51:00,1.95,1.95,1.9,1.95,4575,2163525,15400.0,CE
2021-04-06 10:52:00,1.95,1.95,1.95,1.95,75,2163525,15400.0,CE
2021-04-06 10:53:00,1.9,1.9,1.85,1.85,5250,2165175,15400.0,CE
2021-04-06 10:54:00,1.85,1.9,1.85,1.9,7725,2165175,15400.0,CE
2021-04-06 10:55:00,1.95,1.95,1.9,1.9,9675,2165175,15400.0,CE
2021-04-06 10:56:00,1.9,1.95,1.9,1.95,9600,2162025,15400.0,CE
2021-04-06 10:57:00,1.95,1.95,1.9,1.9,3600,2162025,15400.0,CE
2021-04-06 10:58:00,1.9,1.9,1.9,1.9,18600,2162025,15400.0,CE
2021-04-06 10:59:00,1.85,1.9,1.85,1.9,1950,2162100,15400.0,CE
2021-04-06 11:00:00,1.9,1.9,1.85,1.85,450,2162100,15400.0,CE
2021-04-06 11:01:00,1.85,1.9,1.85,1.85,6225,2162100,15400.0,CE
2021-04-06 11:02:00,1.9,1.9,1.85,1.85,11175,2169825,15400.0,CE
2021-04-06 11:03:00,1.9,1.9,1.9,1.9,150,2169825,15400.0,CE
2021-04-06 11:04:00,1.9,1.9,1.85,1.85,825,2169825,15400.0,CE
2021-04-06 11:05:00,1.9,1.9,1.85,1.9,6150,2175075,15400.0,CE
2021-04-06 11:06:00,1.9,1.9,1.85,1.85,14025,2175075,15400.0,CE
2021-04-06 11:07:00,1.9,1.9,1.85,1.85,4350,2175075,15400.0,CE
2021-04-06 11:08:00,1.9,1.9,1.9,1.9,75,2175075,15400.0,CE
2021-04-06 11:09:00,1.9,1.9,1.85,1.9,5025,2165700,15400.0,CE
2021-04-06 11:10:00,1.9,1.95,1.9,1.95,27975,2165700,15400.0,CE
2021-04-06 11:11:00,1.9,1.95,1.9,1.95,6750,2160225,15400.0,CE
2021-04-06 11:12:00,1.95,1.95,1.9,1.95,17175,2160225,15400.0,CE
2021-04-06 11:13:00,1.9,1.95,1.9,1.9,25800,2160225,15400.0,CE
2021-04-06 11:14:00,1.95,1.95,1.9,1.9,1275,2138850,15400.0,CE
2021-04-06 11:15:00,1.9,1.95,1.9,1.95,12600,2138850,15400.0,CE
2021-04-06 11:16:00,1.9,1.95,1.9,1.95,10875,2138850,15400.0,CE
2021-04-06 11:17:00,1.95,2.0,1.9,2.0,16575,2140425,15400.0,CE
2021-04-06 11:18:00,1.95,2.0,1.95,2.0,34050,2140425,15400.0,CE
2021-04-06 11:19:00,2.0,2.05,2.0,2.0,48375,2140425,15400.0,CE
2021-04-06 11:20:00,2.0,2.0,1.95,1.95,13350,2139675,15400.0,CE
2021-04-06 11:21:00,1.95,2.0,1.95,1.95,4500,2139675,15400.0,CE
2021-04-06 11:22:00,1.95,2.0,1.95,1.95,13725,2139675,15400.0,CE
2021-04-06 11:23:00,1.95,1.95,1.9,1.9,26325,2113725,15400.0,CE
2021-04-06 11:24:00,1.9,1.95,1.85,1.9,85725,2113725,15400.0,CE
2021-04-06 11:25:00,1.9,1.95,1.9,1.9,30150,2113725,15400.0,CE
2021-04-06 11:26:00,1.85,1.9,1.85,1.9,18225,2062125,15400.0,CE
2021-04-06 11:27:00,1.9,1.95,1.85,1.9,14700,2062125,15400.0,CE
2021-04-06 11:28:00,1.9,1.9,1.85,1.85,20625,2062125,15400.0,CE
2021-04-06 11:29:00,1.85,1.9,1.85,1.9,600,2058675,15400.0,CE
2021-04-06 11:30:00,1.85,1.9,1.85,1.85,19950,2058675,15400.0,CE
2021-04-06 11:31:00,1.9,1.9,1.8,1.85,9675,2058675,15400.0,CE
2021-04-06 11:32:00,1.8,1.85,1.8,1.8,5100,2058675,15400.0,CE
2021-04-06 11:33:00,1.8,1.85,1.8,1.8,4125,2054025,15400.0,CE
2021-04-06 11:34:00,1.85,1.85,1.8,1.8,9750,2054025,15400.0,CE
2021-04-06 11:35:00,1.75,1.8,1.75,1.75,2025,2049300,15400.0,CE
2021-04-06 11:36:00,1.75,1.8,1.75,1.75,27750,2049300,15400.0,CE
2021-04-06 11:37:00,1.8,1.8,1.75,1.8,10950,2049300,15400.0,CE
2021-04-06 11:38:00,1.8,1.8,1.75,1.75,2025,2049300,15400.0,CE
2021-04-06 11:39:00,1.75,1.8,1.75,1.8,11550,2043300,15400.0,CE
2021-04-06 11:40:00,1.8,1.8,1.75,1.75,3600,2043300,15400.0,CE
2021-04-06 11:41:00,1.8,1.8,1.75,1.8,8025,2043300,15400.0,CE
2021-04-06 11:42:00,1.75,1.8,1.75,1.75,12450,2051100,15400.0,CE
2021-04-06 11:43:00,1.8,1.8,1.75,1.75,11400,2051100,15400.0,CE
2021-04-06 11:44:00,1.75,1.75,1.75,1.75,11475,2060325,15400.0,CE
2021-04-06 11:45:00,1.75,1.75,1.7,1.7,3525,2060325,15400.0,CE
2021-04-06 11:46:00,1.7,1.75,1.7,1.7,1500,2060325,15400.0,CE
2021-04-06 11:47:00,1.7,1.75,1.7,1.75,18975,2060925,15400.0,CE
2021-04-06 11:48:00,1.8,1.8,1.75,1.8,8550,2060925,15400.0,CE
2021-04-06 11:49:00,1.8,1.8,1.75,1.8,13950,2060925,15400.0,CE
2021-04-06 11:50:00,1.75,1.8,1.75,1.8,2025,2060925,15400.0,CE
2021-04-06 11:51:00,1.8,1.8,1.75,1.75,18975,2064450,15400.0,CE
2021-04-06 11:52:00,1.75,1.8,1.75,1.8,21525,2064450,15400.0,CE
2021-04-06 11:53:00,1.75,1.75,1.75,1.75,23475,2064450,15400.0,CE
2021-04-06 11:54:00,1.75,1.75,1.7,1.7,1125,2068125,15400.0,CE
2021-04-06 11:55:00,1.75,1.75,1.75,1.75,5250,2068125,15400.0,CE
2021-04-06 11:56:00,1.8,1.8,1.75,1.75,1275,2063625,15400.0,CE
2021-04-06 11:57:00,1.8,1.8,1.75,1.75,1200,2063625,15400.0,CE
2021-04-06 11:58:00,1.8,1.8,1.8,1.8,2625,2063625,15400.0,CE
2021-04-06 11:59:00,1.8,1.8,1.75,1.75,675,2063625,15400.0,CE
2021-04-06 12:00:00,1.75,1.8,1.75,1.8,10800,2064900,15400.0,CE
2021-04-06 12:01:00,1.75,1.8,1.75,1.75,18825,2064900,15400.0,CE
2021-04-06 12:02:00,1.75,1.8,1.75,1.8,2325,2064900,15400.0,CE
2021-04-06 12:03:00,1.8,1.8,1.8,1.8,1125,2053500,15400.0,CE
2021-04-06 12:04:00,1.75,1.8,1.75,1.8,10575,2053500,15400.0,CE
2021-04-06 12:05:00,1.8,1.8,1.75,1.8,14250,2053500,15400.0,CE
2021-04-06 12:06:00,1.8,1.8,1.8,1.8,2325,2051775,15400.0,CE
2021-04-06 12:07:00,1.75,1.8,1.75,1.75,1275,2051775,15400.0,CE
2021-04-06 12:08:00,1.75,1.75,1.75,1.75,75,2051775,15400.0,CE
2021-04-06 12:09:00,1.8,1.8,1.75,1.75,1575,2054850,15400.0,CE
2021-04-06 12:10:00,1.8,1.8,1.8,1.8,300,2054850,15400.0,CE
2021-04-06 12:11:00,1.75,1.75,1.75,1.75,225,2054850,15400.0,CE
2021-04-06 12:12:00,1.8,1.8,1.75,1.75,3225,2056500,15400.0,CE
2021-04-06 12:13:00,1.8,1.8,1.75,1.8,14025,2056500,15400.0,CE
2021-04-06 12:14:00,1.8,1.85,1.75,1.8,8625,2056500,15400.0,CE
2021-04-06 12:15:00,1.85,1.85,1.8,1.85,28125,2057625,15400.0,CE
2021-04-06 12:16:00,1.8,1.8,1.8,1.8,2100,2057625,15400.0,CE
2021-04-06 12:17:00,1.8,1.85,1.8,1.8,7200,2057625,15400.0,CE
2021-04-06 12:18:00,1.8,1.85,1.8,1.85,4350,2071575,15400.0,CE
2021-04-06 12:19:00,1.85,1.85,1.85,1.85,2700,2071575,15400.0,CE
2021-04-06 12:20:00,1.85,1.85,1.8,1.85,1125,2071575,15400.0,CE
2021-04-06 12:21:00,1.85,1.85,1.8,1.85,2400,2069175,15400.0,CE
2021-04-06 12:22:00,1.85,1.85,1.8,1.8,14625,2069175,15400.0,CE
2021-04-06 12:23:00,1.8,1.9,1.8,1.85,16500,2069175,15400.0,CE
2021-04-06 12:24:00,1.85,1.85,1.8,1.8,4725,2064450,15400.0,CE
2021-04-06 12:25:00,1.8,1.85,1.8,1.8,26850,2064450,15400.0,CE
2021-04-06 12:26:00,1.85,1.85,1.8,1.8,30900,2064450,15400.0,CE
2021-04-06 12:27:00,1.8,1.85,1.8,1.85,19725,2072100,15400.0,CE
2021-04-06 12:28:00,1.85,1.9,1.8,1.9,11550,2072100,15400.0,CE
2021-04-06 12:29:00,1.8,1.9,1.8,1.85,4650,2072100,15400.0,CE
2021-04-06 12:30:00,1.9,1.9,1.85,1.85,3000,2068425,15400.0,CE
2021-04-06 12:31:00,1.85,1.85,1.85,1.85,225,2068425,15400.0,CE
2021-04-06 12:32:00,1.85,1.85,1.85,1.85,2625,2068425,15400.0,CE
2021-04-06 12:33:00,1.85,1.85,1.8,1.85,18150,2068650,15400.0,CE
2021-04-06 12:34:00,1.8,1.85,1.8,1.85,14550,2068650,15400.0,CE
2021-04-06 12:35:00,1.8,1.85,1.8,1.8,33525,2068650,15400.0,CE
2021-04-06 12:36:00,1.8,1.8,1.75,1.8,37725,2088975,15400.0,CE
2021-04-06 12:37:00,1.75,1.8,1.75,1.8,5700,2088975,15400.0,CE
2021-04-06 12:38:00,1.8,1.8,1.75,1.75,12000,2088975,15400.0,CE
2021-04-06 12:39:00,1.75,1.8,1.75,1.8,17550,2103075,15400.0,CE
2021-04-06 12:40:00,1.8,1.8,1.75,1.75,26775,2103075,15400.0,CE
2021-04-06 12:41:00,1.75,1.85,1.75,1.85,23850,2103075,15400.0,CE
2021-04-06 12:42:00,1.85,1.85,1.8,1.85,17550,2084700,15400.0,CE
2021-04-06 12:43:00,1.8,1.85,1.8,1.8,11325,2084700,15400.0,CE
2021-04-06 12:44:00,1.85,1.85,1.75,1.8,30525,2084700,15400.0,CE
2021-04-06 12:45:00,1.8,1.8,1.75,1.75,30900,2083050,15400.0,CE
2021-04-06 12:46:00,1.75,1.85,1.75,1.85,50775,2083050,15400.0,CE
2021-04-06 12:47:00,1.85,1.95,1.85,1.95,75600,2083050,15400.0,CE
2021-04-06 12:48:00,1.9,1.95,1.9,1.9,54000,2093775,15400.0,CE
2021-04-06 12:49:00,1.9,1.95,1.9,1.95,25125,2093775,15400.0,CE
2021-04-06 12:50:00,1.9,1.9,1.85,1.85,16800,2093775,15400.0,CE
2021-04-06 12:51:00,1.9,1.9,1.85,1.85,13200,2090700,15400.0,CE
2021-04-06 12:52:00,1.85,1.9,1.85,1.9,16275,2090700,15400.0,CE
2021-04-06 12:53:00,1.9,1.95,1.9,1.95,5250,2090700,15400.0,CE
2021-04-06 12:54:00,1.95,1.95,1.85,1.95,19575,2100525,15400.0,CE
2021-04-06 12:55:00,1.9,1.95,1.9,1.95,30825,2100525,15400.0,CE
2021-04-06 12:56:00,1.95,2.0,1.95,2.0,29100,2100525,15400.0,CE
2021-04-06 12:57:00,2.0,2.0,1.9,1.9,23775,2101575,15400.0,CE
2021-04-06 12:58:00,1.9,1.95,1.9,1.9,22275,2101575,15400.0,CE
2021-04-06 12:59:00,1.9,1.9,1.85,1.85,6000,2101575,15400.0,CE
2021-04-06 13:00:00,1.9,1.9,1.85,1.9,14700,2119875,15400.0,CE
2021-04-06 13:01:00,1.85,1.9,1.85,1.9,2625,2119875,15400.0,CE
2021-04-06 13:02:00,1.85,1.9,1.85,1.85,19800,2119875,15400.0,CE
2021-04-06 13:03:00,1.9,1.9,1.85,1.9,2475,2113200,15400.0,CE
2021-04-06 13:04:00,1.9,1.95,1.9,1.95,13575,2113200,15400.0,CE
2021-04-06 13:05:00,1.95,1.95,1.85,1.85,12450,2113200,15400.0,CE
2021-04-06 13:06:00,1.9,1.95,1.9,1.95,9600,2110950,15400.0,CE
2021-04-06 13:07:00,1.9,2.0,1.9,1.9,25050,2110950,15400.0,CE
2021-04-06 13:08:00,1.9,1.95,1.9,1.9,13125,2110950,15400.0,CE
2021-04-06 13:09:00,1.9,2.0,1.9,2.0,21675,2114100,15400.0,CE
2021-04-06 13:10:00,1.95,2.0,1.9,2.0,40275,2114100,15400.0,CE
2021-04-06 13:11:00,2.0,2.05,2.0,2.0,12825,2114100,15400.0,CE
2021-04-06 13:12:00,1.95,2.1,1.95,2.0,60000,2116275,15400.0,CE
2021-04-06 13:13:00,2.05,2.05,1.95,2.0,2625,2116275,15400.0,CE
2021-04-06 13:14:00,2.0,2.0,1.95,2.0,3300,2116275,15400.0,CE
2021-04-06 13:15:00,2.0,2.0,1.95,1.95,15525,2107875,15400.0,CE
2021-04-06 13:16:00,1.95,2.0,1.95,1.95,12450,2107875,15400.0,CE
2021-04-06 13:17:00,1.95,1.95,1.9,1.95,9075,2107875,15400.0,CE
2021-04-06 13:18:00,1.9,1.9,1.9,1.9,8775,2112975,15400.0,CE
2021-04-06 13:19:00,1.85,1.9,1.85,1.9,3150,2112975,15400.0,CE
2021-04-06 13:20:00,1.85,1.9,1.85,1.85,15975,2112975,15400.0,CE
2021-04-06 13:21:00,1.9,1.9,1.9,1.9,11175,2114700,15400.0,CE
2021-04-06 13:22:00,1.9,1.9,1.85,1.85,6450,2114700,15400.0,CE
2021-04-06 13:23:00,1.9,1.9,1.85,1.9,1425,2114700,15400.0,CE
2021-04-06 13:24:00,1.9,1.9,1.85,1.9,3750,2123325,15400.0,CE
2021-04-06 13:25:00,1.9,1.9,1.85,1.9,4800,2123325,15400.0,CE
2021-04-06 13:26:00,1.9,1.9,1.85,1.85,45825,2123325,15400.0,CE
2021-04-06 13:27:00,1.85,1.85,1.8,1.85,4950,2125950,15400.0,CE
2021-04-06 13:28:00,1.8,1.85,1.8,1.85,9975,2125950,15400.0,CE
2021-04-06 13:29:00,1.8,1.85,1.8,1.85,25725,2125950,15400.0,CE
2021-04-06 13:30:00,1.85,1.85,1.8,1.8,27450,2132325,15400.0,CE
2021-04-06 13:31:00,1.85,1.9,1.85,1.9,45075,2132325,15400.0,CE
2021-04-06 13:32:00,1.9,1.9,1.85,1.9,9450,2132325,15400.0,CE
2021-04-06 13:33:00,1.9,1.9,1.85,1.9,16050,2142600,15400.0,CE
2021-04-06 13:34:00,1.9,1.9,1.85,1.85,3975,2142600,15400.0,CE
2021-04-06 13:35:00,1.9,1.9,1.9,1.9,2025,2142600,15400.0,CE
2021-04-06 13:36:00,1.85,1.9,1.85,1.9,9750,2149200,15400.0,CE
2021-04-06 13:37:00,1.95,1.95,1.85,1.9,7875,2149200,15400.0,CE
2021-04-06 13:38:00,1.85,1.9,1.85,1.85,5700,2149200,15400.0,CE
2021-04-06 13:39:00,1.85,1.9,1.85,1.85,5475,2152800,15400.0,CE
2021-04-06 13:40:00,1.85,1.9,1.85,1.85,5025,2152800,15400.0,CE
2021-04-06 13:41:00,1.85,1.9,1.85,1.85,10200,2152800,15400.0,CE
2021-04-06 13:42:00,1.85,1.9,1.85,1.9,12300,2152800,15400.0,CE
2021-04-06 13:43:00,1.9,1.9,1.85,1.9,4800,2152800,15400.0,CE
2021-04-06 13:44:00,1.9,1.9,1.85,1.85,17850,2152800,15400.0,CE
2021-04-06 13:45:00,1.8,1.85,1.8,1.85,7425,2165475,15400.0,CE
2021-04-06 13:46:00,1.8,1.9,1.8,1.85,18750,2165475,15400.0,CE
2021-04-06 13:47:00,1.9,1.9,1.85,1.9,6900,2165475,15400.0,CE
2021-04-06 13:48:00,1.85,1.95,1.85,1.95,39000,2172675,15400.0,CE
2021-04-06 13:49:00,1.95,2.05,1.9,2.0,81000,2172675,15400.0,CE
2021-04-06 13:50:00,2.0,2.0,1.95,2.0,13575,2172675,15400.0,CE
2021-04-06 13:51:00,2.0,2.05,1.95,1.95,35100,2172750,15400.0,CE
2021-04-06 13:52:00,1.95,2.0,1.95,1.95,19875,2172750,15400.0,CE
2021-04-06 13:53:00,2.0,2.0,1.95,1.95,3000,2172750,15400.0,CE
2021-04-06 13:54:00,2.0,2.0,1.95,2.0,39300,2171550,15400.0,CE
2021-04-06 13:55:00,2.0,2.0,1.95,2.0,24525,2171550,15400.0,CE
2021-04-06 13:56:00,2.0,2.0,2.0,2.0,17475,2171550,15400.0,CE
2021-04-06 13:57:00,1.95,2.0,1.95,1.95,7875,2160825,15400.0,CE
2021-04-06 13:58:00,1.95,2.05,1.95,2.05,6675,2160825,15400.0,CE
2021-04-06 13:59:00,2.05,2.05,2.05,2.05,600,2160825,15400.0,CE
2021-04-06 14:00:00,2.0,2.0,2.0,2.0,11400,2162325,15400.0,CE
2021-04-06 14:01:00,2.0,2.0,2.0,2.0,30675,2162325,15400.0,CE
2021-04-06 14:02:00,2.0,2.05,2.0,2.0,23925,2162325,15400.0,CE
2021-04-06 14:03:00,2.0,2.0,2.0,2.0,18975,2155875,15400.0,CE
2021-04-06 14:04:00,2.0,2.0,1.95,2.0,3675,2155875,15400.0,CE
2021-04-06 14:05:00,1.95,1.95,1.95,1.95,22500,2155875,15400.0,CE
2021-04-06 14:06:00,1.95,1.95,1.95,1.95,750,2146725,15400.0,CE
2021-04-06 14:07:00,1.95,2.0,1.95,1.95,15750,2146725,15400.0,CE
2021-04-06 14:08:00,1.95,2.0,1.95,1.95,16575,2146725,15400.0,CE
2021-04-06 14:09:00,1.95,1.95,1.95,1.95,1125,2149275,15400.0,CE
2021-04-06 14:10:00,1.95,1.95,1.9,1.95,8475,2149275,15400.0,CE
2021-04-06 14:11:00,1.95,1.95,1.95,1.95,750,2149275,15400.0,CE
2021-04-06 14:12:00,1.95,2.0,1.95,1.95,3675,2150550,15400.0,CE
2021-04-06 14:13:00,1.95,2.0,1.9,1.9,3000,2150550,15400.0,CE
2021-04-06 14:14:00,1.95,1.95,1.9,1.95,12600,2150550,15400.0,CE
2021-04-06 14:15:00,1.95,2.0,1.95,1.95,18825,2142300,15400.0,CE
2021-04-06 14:16:00,1.95,1.95,1.95,1.95,6450,2142300,15400.0,CE
2021-04-06 14:17:00,1.95,1.95,1.95,1.95,2775,2142300,15400.0,CE
2021-04-06 14:18:00,1.95,2.0,1.95,1.95,14700,2141775,15400.0,CE
2021-04-06 14:19:00,2.0,2.0,1.9,1.95,32400,2141775,15400.0,CE
2021-04-06 14:20:00,1.95,1.95,1.9,1.9,1125,2141775,15400.0,CE
2021-04-06 14:21:00,1.9,1.95,1.9,1.9,12600,2135475,15400.0,CE
2021-04-06 14:22:00,1.9,1.9,1.85,1.9,13575,2135475,15400.0,CE
2021-04-06 14:23:00,1.9,1.9,1.85,1.85,8025,2135475,15400.0,CE
2021-04-06 14:24:00,1.9,1.9,1.85,1.85,8775,2133750,15400.0,CE
2021-04-06 14:25:00,1.85,1.9,1.85,1.9,16650,2133750,15400.0,CE
2021-04-06 14:26:00,1.85,1.85,1.85,1.85,1800,2133750,15400.0,CE
2021-04-06 14:27:00,1.85,1.85,1.85,1.85,525,2128500,15400.0,CE
2021-04-06 14:28:00,1.9,1.9,1.85,1.85,3750,2128500,15400.0,CE
2021-04-06 14:29:00,1.85,1.9,1.85,1.85,10725,2128500,15400.0,CE
2021-04-06 14:30:00,1.85,1.85,1.8,1.8,21825,2118000,15400.0,CE
2021-04-06 14:31:00,1.8,1.85,1.8,1.85,14550,2118000,15400.0,CE
2021-04-06 14:32:00,1.85,1.9,1.85,1.9,9900,2118000,15400.0,CE
2021-04-06 14:33:00,1.85,1.85,1.85,1.85,600,2118075,15400.0,CE
2021-04-06 14:34:00,1.9,1.9,1.9,1.9,150,2118075,15400.0,CE
2021-04-06 14:35:00,1.9,1.9,1.85,1.85,2175,2118075,15400.0,CE
2021-04-06 14:36:00,1.85,1.9,1.85,1.85,2550,2117925,15400.0,CE
2021-04-06 14:37:00,1.85,1.9,1.85,1.85,14250,2117925,15400.0,CE
2021-04-06 14:38:00,1.8,1.85,1.8,1.85,13650,2117925,15400.0,CE
2021-04-06 14:39:00,1.85,1.9,1.85,1.85,15375,2115525,15400.0,CE
2021-04-06 14:40:00,1.85,1.85,1.8,1.8,21450,2115525,15400.0,CE
2021-04-06 14:41:00,1.85,1.85,1.85,1.85,30675,2115525,15400.0,CE
2021-04-06 14:42:00,1.85,1.85,1.85,1.85,2250,2126775,15400.0,CE
2021-04-06 14:43:00,1.85,1.9,1.85,1.9,19950,2126775,15400.0,CE
2021-04-06 14:44:00,1.9,1.9,1.8,1.8,73950,2126775,15400.0,CE
2021-04-06 14:45:00,1.8,1.85,1.75,1.75,81525,2161125,15400.0,CE
2021-04-06 14:46:00,1.75,1.75,1.75,1.75,11700,2161125,15400.0,CE
2021-04-06 14:47:00,1.8,1.8,1.7,1.75,19500,2161125,15400.0,CE
2021-04-06 14:48:00,1.7,1.75,1.7,1.7,5250,2140725,15400.0,CE
2021-04-06 14:49:00,1.75,1.75,1.7,1.75,82500,2140725,15400.0,CE
2021-04-06 14:50:00,1.75,1.75,1.7,1.7,3900,2140725,15400.0,CE
2021-04-06 14:51:00,1.75,1.75,1.65,1.7,25125,2108325,15400.0,CE
2021-04-06 14:52:00,1.65,1.75,1.65,1.75,39225,2108325,15400.0,CE
2021-04-06 14:53:00,1.75,1.8,1.75,1.75,14250,2108325,15400.0,CE
2021-04-06 14:54:00,1.75,1.75,1.75,1.75,3525,2136825,15400.0,CE
2021-04-06 14:55:00,1.8,1.8,1.75,1.75,25725,2136825,15400.0,CE
2021-04-06 14:56:00,1.75,1.8,1.75,1.75,6150,2136825,15400.0,CE
2021-04-06 14:57:00,1.75,1.85,1.75,1.85,61125,2140050,15400.0,CE
2021-04-06 14:58:00,1.8,1.8,1.7,1.7,32700,2140050,15400.0,CE
2021-04-06 14:59:00,1.7,1.75,1.7,1.7,20850,2140050,15400.0,CE
2021-04-06 15:00:00,1.7,1.75,1.7,1.7,9750,2156850,15400.0,CE
2021-04-06 15:01:00,1.7,1.7,1.7,1.7,17025,2156850,15400.0,CE
2021-04-06 15:02:00,1.75,1.75,1.7,1.7,45300,2156850,15400.0,CE
2021-04-06 15:03:00,1.7,1.75,1.6,1.65,69075,2186700,15400.0,CE
2021-04-06 15:04:00,1.65,1.7,1.65,1.65,42900,2186700,15400.0,CE
2021-04-06 15:05:00,1.65,1.7,1.65,1.65,2550,2186700,15400.0,CE
2021-04-06 15:06:00,1.65,1.7,1.65,1.65,28125,2165625,15400.0,CE
2021-04-06 15:07:00,1.65,1.7,1.65,1.65,29400,2165625,15400.0,CE
2021-04-06 15:08:00,1.65,1.65,1.6,1.6,25950,2165625,15400.0,CE
2021-04-06 15:09:00,1.6,1.65,1.6,1.6,10425,2166825,15400.0,CE
2021-04-06 15:10:00,1.6,1.6,1.5,1.55,66150,2166825,15400.0,CE
2021-04-06 15:11:00,1.55,1.6,1.55,1.55,28800,2166825,15400.0,CE
2021-04-06 15:12:00,1.55,1.6,1.55,1.6,40800,2172900,15400.0,CE
2021-04-06 15:13:00,1.6,1.6,1.55,1.55,43200,2172900,15400.0,CE
2021-04-06 15:14:00,1.55,1.6,1.55,1.6,37050,2172900,15400.0,CE
2021-04-06 15:15:00,1.55,1.6,1.55,1.6,12675,2134875,15400.0,CE
2021-04-06 15:16:00,1.6,1.6,1.55,1.55,15750,2134875,15400.0,CE
2021-04-06 15:17:00,1.55,1.6,1.55,1.6,12375,2134875,15400.0,CE
2021-04-06 15:18:00,1.55,1.6,1.55,1.55,24225,2130150,15400.0,CE
2021-04-06 15:19:00,1.55,1.6,1.55,1.6,24150,2130150,15400.0,CE
2021-04-06 15:20:00,1.55,1.6,1.5,1.5,51975,2130150,15400.0,CE
2021-04-06 15:21:00,1.5,1.55,1.5,1.55,39225,2133300,15400.0,CE
2021-04-06 15:22:00,1.5,1.55,1.45,1.45,68775,2133300,15400.0,CE
2021-04-06 15:23:00,1.5,1.5,1.4,1.45,27300,2133300,15400.0,CE
2021-04-06 15:24:00,1.45,1.45,1.4,1.4,34425,2139300,15400.0,CE
2021-04-06 15:25:00,1.45,1.45,1.4,1.4,76275,2139300,15400.0,CE
2021-04-06 15:26:00,1.4,1.4,1.35,1.4,36450,2139300,15400.0,CE
2021-04-06 15:27:00,1.4,1.4,1.3,1.35,72750,2110425,15400.0,CE
2021-04-06 15:28:00,1.4,1.4,1.35,1.35,22575,2110425,15400.0,CE
2021-04-06 15:29:00,1.35,1.5,1.35,1.4,37650,2110425,15400.0,CE
2021-04-06 15:30:00,1.35,1.35,1.35,1.35,3375,2110425,15400.0,CE
2021-04-07 09:15:00,1.3,1.4,1.05,1.3,44028,2109600,15400.0,CE
2021-04-07 09:16:00,1.35,1.35,1.3,1.3,40500,2109600,15400.0,CE
2021-04-07 09:17:00,1.3,1.45,1.3,1.4,38700,2117100,15400.0,CE
2021-04-07 09:18:00,1.4,1.45,1.4,1.4,45600,2117100,15400.0,CE
2021-04-07 09:19:00,1.4,1.45,1.35,1.45,22575,2117100,15400.0,CE
2021-04-07 09:20:00,1.45,1.5,1.45,1.45,23325,2112525,15400.0,CE
2021-04-07 09:21:00,1.45,1.5,1.4,1.4,57075,2112525,15400.0,CE
2021-04-07 09:22:00,1.45,1.6,1.45,1.6,43350,2112525,15400.0,CE
2021-04-07 09:23:00,1.6,1.6,1.5,1.6,52125,2112150,15400.0,CE
2021-04-07 09:24:00,1.6,1.6,1.5,1.55,30750,2112150,15400.0,CE
2021-04-07 09:25:00,1.5,1.55,1.5,1.5,42750,2112150,15400.0,CE
2021-04-07 09:26:00,1.5,1.55,1.5,1.5,13950,2126025,15400.0,CE
2021-04-07 09:27:00,1.55,1.55,1.5,1.5,25200,2126025,15400.0,CE
2021-04-07 09:28:00,1.5,1.55,1.45,1.55,29775,2126025,15400.0,CE
2021-04-07 09:29:00,1.5,1.55,1.5,1.55,22875,2135850,15400.0,CE
2021-04-07 09:30:00,1.55,1.55,1.5,1.55,14925,2135850,15400.0,CE
2021-04-07 09:31:00,1.5,1.5,1.45,1.5,55350,2135850,15400.0,CE
2021-04-07 09:32:00,1.5,1.5,1.45,1.45,8175,2151900,15400.0,CE
2021-04-07 09:33:00,1.45,1.55,1.45,1.45,43275,2151900,15400.0,CE
2021-04-07 09:34:00,1.5,1.5,1.4,1.4,26325,2151900,15400.0,CE
2021-04-07 09:35:00,1.45,1.45,1.4,1.45,20100,2179575,15400.0,CE
2021-04-07 09:36:00,1.45,1.45,1.45,1.45,13500,2179575,15400.0,CE
2021-04-07 09:37:00,1.45,1.45,1.4,1.4,4725,2179575,15400.0,CE
2021-04-07 09:38:00,1.45,1.45,1.4,1.4,3900,2161650,15400.0,CE
2021-04-07 09:39:00,1.4,1.45,1.4,1.4,2025,2161650,15400.0,CE
2021-04-07 09:40:00,1.45,1.45,1.45,1.45,33300,2161650,15400.0,CE
2021-04-07 09:41:00,1.4,1.5,1.4,1.45,22725,2153400,15400.0,CE
2021-04-07 09:42:00,1.5,1.5,1.45,1.5,3975,2153400,15400.0,CE
2021-04-07 09:43:00,1.5,1.5,1.45,1.5,77700,2153400,15400.0,CE
2021-04-07 09:44:00,1.5,1.5,1.45,1.5,21525,2160075,15400.0,CE
2021-04-07 09:45:00,1.5,1.55,1.45,1.5,44850,2160075,15400.0,CE
2021-04-07 09:46:00,1.55,1.55,1.5,1.55,24825,2160075,15400.0,CE
2021-04-07 09:47:00,1.55,1.6,1.55,1.6,30375,2172825,15400.0,CE
2021-04-07 09:48:00,1.6,1.6,1.55,1.6,33225,2172825,15400.0,CE
2021-04-07 09:49:00,1.6,1.6,1.55,1.55,16725,2172825,15400.0,CE
2021-04-07 09:50:00,1.55,1.6,1.5,1.5,15675,2175075,15400.0,CE
2021-04-07 09:51:00,1.55,1.6,1.5,1.5,34050,2175075,15400.0,CE
2021-04-07 09:52:00,1.55,1.55,1.55,1.55,17700,2175075,15400.0,CE
2021-04-07 09:53:00,1.6,1.6,1.55,1.6,16575,2193225,15400.0,CE
2021-04-07 09:54:00,1.6,1.6,1.55,1.6,28050,2193225,15400.0,CE
2021-04-07 09:55:00,1.6,1.6,1.55,1.6,8550,2193225,15400.0,CE
2021-04-07 09:56:00,1.6,1.6,1.55,1.6,3375,2191650,15400.0,CE
2021-04-07 09:57:00,1.6,1.6,1.55,1.6,4200,2191650,15400.0,CE
2021-04-07 09:58:00,1.6,1.6,1.55,1.55,8550,2191650,15400.0,CE
2021-04-07 09:59:00,1.55,1.6,1.55,1.55,29925,2188575,15400.0,CE
2021-04-07 10:00:00,1.55,1.6,1.55,1.55,21975,2188575,15400.0,CE
2021-04-07 10:01:00,1.55,1.55,1.5,1.55,3900,2188575,15400.0,CE
2021-04-07 10:02:00,1.55,1.6,1.5,1.6,28125,2193600,15400.0,CE
2021-04-07 10:03:00,1.55,1.6,1.55,1.55,5700,2193600,15400.0,CE
2021-04-07 10:04:00,1.55,1.6,1.55,1.55,11175,2193600,15400.0,CE
2021-04-07 10:05:00,1.6,1.6,1.5,1.5,12225,2187525,15400.0,CE
2021-04-07 10:06:00,1.55,1.55,1.5,1.5,75075,2187525,15400.0,CE
2021-04-07 10:07:00,1.5,1.55,1.5,1.55,52800,2187525,15400.0,CE
2021-04-07 10:08:00,1.55,1.55,1.5,1.5,9075,2197050,15400.0,CE
2021-04-07 10:09:00,1.5,1.55,1.5,1.55,37200,2197050,15400.0,CE
2021-04-07 10:10:00,1.55,1.55,1.45,1.5,54525,2197050,15400.0,CE
2021-04-07 10:11:00,1.5,1.55,1.5,1.5,37500,2206500,15400.0,CE
2021-04-07 10:12:00,1.55,1.55,1.45,1.5,42075,2206500,15400.0,CE
2021-04-07 10:13:00,1.5,1.5,1.4,1.45,50325,2206500,15400.0,CE
2021-04-07 10:14:00,1.45,1.5,1.45,1.5,39525,2208300,15400.0,CE
2021-04-07 10:15:00,1.45,1.45,1.45,1.45,4650,2208300,15400.0,CE
2021-04-07 10:16:00,1.5,1.5,1.4,1.45,23250,2208300,15400.0,CE
2021-04-07 10:17:00,1.45,1.45,1.35,1.35,27900,2205825,15400.0,CE
2021-04-07 10:18:00,1.4,1.4,1.35,1.4,14925,2205825,15400.0,CE
2021-04-07 10:19:00,1.4,1.4,1.35,1.4,1350,2205825,15400.0,CE
2021-04-07 10:20:00,1.4,1.4,1.3,1.3,56400,2189100,15400.0,CE
2021-04-07 10:21:00,1.3,1.35,1.3,1.35,13725,2189100,15400.0,CE
2021-04-07 10:22:00,1.4,1.4,1.3,1.3,31050,2189100,15400.0,CE
2021-04-07 10:23:00,1.3,1.35,1.3,1.35,19650,2189100,15400.0,CE
2021-04-07 10:24:00,1.4,1.4,1.35,1.35,3750,2215650,15400.0,CE
2021-04-07 10:25:00,1.4,1.4,1.3,1.3,25725,2215650,15400.0,CE
2021-04-07 10:26:00,1.3,1.4,1.3,1.35,35175,2206350,15400.0,CE
2021-04-07 10:27:00,1.35,1.4,1.35,1.4,43050,2206350,15400.0,CE
2021-04-07 10:28:00,1.45,1.45,1.4,1.4,8025,2206350,15400.0,CE
2021-04-07 10:29:00,1.4,1.5,1.4,1.5,53850,2193525,15400.0,CE
2021-04-07 10:30:00,1.5,1.55,1.45,1.55,35325,2193525,15400.0,CE
2021-04-07 10:31:00,1.5,1.55,1.45,1.5,30675,2193525,15400.0,CE
2021-04-07 10:32:00,1.5,1.5,1.45,1.45,7650,2179125,15400.0,CE
2021-04-07 10:33:00,1.45,1.5,1.45,1.45,21525,2179125,15400.0,CE
2021-04-07 10:34:00,1.45,1.5,1.45,1.45,15525,2179125,15400.0,CE
2021-04-07 10:35:00,1.45,1.45,1.4,1.4,36825,2207250,15400.0,CE
2021-04-07 10:36:00,1.45,1.45,1.4,1.45,4125,2207250,15400.0,CE
2021-04-07 10:37:00,1.45,1.45,1.4,1.4,15675,2207250,15400.0,CE
2021-04-07 10:38:00,1.45,1.45,1.4,1.4,20550,2230500,15400.0,CE
2021-04-07 10:39:00,1.4,1.45,1.4,1.45,20700,2230500,15400.0,CE
2021-04-07 10:40:00,1.4,1.4,1.35,1.35,14850,2230500,15400.0,CE
2021-04-07 10:41:00,1.4,1.4,1.35,1.4,30300,2230500,15400.0,CE
2021-04-07 10:42:00,1.4,1.4,1.35,1.35,7425,2243475,15400.0,CE
2021-04-07 10:43:00,1.4,1.4,1.35,1.35,2625,2243475,15400.0,CE
2021-04-07 10:44:00,1.4,1.4,1.35,1.35,17100,2247075,15400.0,CE
2021-04-07 10:45:00,1.4,1.4,1.35,1.35,12075,2247075,15400.0,CE
2021-04-07 10:46:00,1.4,1.4,1.4,1.4,1725,2247075,15400.0,CE
2021-04-07 10:47:00,1.4,1.4,1.4,1.4,6450,2251725,15400.0,CE
2021-04-07 10:48:00,1.4,1.4,1.35,1.4,10950,2251725,15400.0,CE
2021-04-07 10:49:00,1.4,1.4,1.35,1.35,13425,2251725,15400.0,CE
2021-04-07 10:50:00,1.4,1.4,1.35,1.4,11475,2274975,15400.0,CE
2021-04-07 10:51:00,1.4,1.4,1.35,1.4,6900,2274975,15400.0,CE
2021-04-07 10:52:00,1.35,1.4,1.35,1.4,6825,2274975,15400.0,CE
2021-04-07 10:53:00,1.4,1.4,1.35,1.35,2175,2274975,15400.0,CE
2021-04-07 10:54:00,1.4,1.4,1.35,1.4,900,2282850,15400.0,CE
2021-04-07 10:55:00,1.4,1.4,1.35,1.4,40950,2282850,15400.0,CE
2021-04-07 10:56:00,1.4,1.4,1.4,1.4,2700,2274375,15400.0,CE
2021-04-07 10:57:00,1.4,1.45,1.4,1.45,19500,2274375,15400.0,CE
2021-04-07 10:58:00,1.45,1.45,1.4,1.45,10275,2274375,15400.0,CE
2021-04-07 10:59:00,1.45,1.45,1.4,1.45,12450,2268375,15400.0,CE
2021-04-07 11:00:00,1.45,1.45,1.4,1.45,59700,2268375,15400.0,CE
2021-04-07 11:01:00,1.4,1.45,1.4,1.4,23250,2268375,15400.0,CE
2021-04-07 11:02:00,1.4,1.45,1.4,1.45,39600,2277375,15400.0,CE
2021-04-07 11:03:00,1.45,1.45,1.4,1.4,15300,2277375,15400.0,CE
2021-04-07 11:04:00,1.4,1.4,1.35,1.4,12825,2277375,15400.0,CE
2021-04-07 11:05:00,1.4,1.4,1.35,1.4,51750,2255475,15400.0,CE
2021-04-07 11:06:00,1.4,1.4,1.35,1.4,27075,2255475,15400.0,CE
2021-04-07 11:07:00,1.4,1.4,1.35,1.4,54375,2255475,15400.0,CE
2021-04-07 11:08:00,1.35,1.4,1.35,1.4,24450,2262525,15400.0,CE
2021-04-07 11:09:00,1.4,1.4,1.3,1.35,73425,2262525,15400.0,CE
2021-04-07 11:10:00,1.35,1.4,1.35,1.35,81900,2262525,15400.0,CE
2021-04-07 11:11:00,1.3,1.35,1.3,1.35,34275,2248950,15400.0,CE
2021-04-07 11:12:00,1.35,1.35,1.3,1.35,15075,2248950,15400.0,CE
2021-04-07 11:13:00,1.35,1.35,1.3,1.3,74325,2248950,15400.0,CE
2021-04-07 11:14:00,1.3,1.3,1.25,1.3,29475,2242950,15400.0,CE
2021-04-07 11:15:00,1.3,1.35,1.3,1.3,135300,2242950,15400.0,CE
2021-04-07 11:16:00,1.3,1.3,1.25,1.3,19800,2242950,15400.0,CE
2021-04-07 11:17:00,1.25,1.3,1.25,1.25,34425,2251200,15400.0,CE
2021-04-07 11:18:00,1.3,1.3,1.25,1.25,23325,2251200,15400.0,CE
2021-04-07 11:19:00,1.25,1.3,1.25,1.3,35775,2251200,15400.0,CE
2021-04-07 11:20:00,1.25,1.3,1.25,1.3,21750,2233500,15400.0,CE
2021-04-07 11:21:00,1.3,1.3,1.25,1.25,23625,2233500,15400.0,CE
2021-04-07 11:22:00,1.3,1.3,1.25,1.3,42075,2233500,15400.0,CE
2021-04-07 11:23:00,1.25,1.3,1.25,1.3,22125,2251200,15400.0,CE
2021-04-07 11:24:00,1.3,1.35,1.3,1.35,21525,2251200,15400.0,CE
2021-04-07 11:25:00,1.35,1.35,1.25,1.25,133425,2251200,15400.0,CE
2021-04-07 11:26:00,1.2,1.25,1.2,1.2,16575,2209875,15400.0,CE
2021-04-07 11:27:00,1.2,1.25,1.2,1.2,3900,2209875,15400.0,CE
2021-04-07 11:28:00,1.2,1.25,1.2,1.25,3000,2209875,15400.0,CE
2021-04-07 11:29:00,1.2,1.25,1.2,1.25,31950,2209500,15400.0,CE
2021-04-07 11:30:00,1.2,1.25,1.2,1.2,119250,2209500,15400.0,CE
2021-04-07 11:31:00,1.15,1.2,1.1,1.1,39975,2209500,15400.0,CE
2021-04-07 11:32:00,1.15,1.15,1.1,1.15,23550,2160975,15400.0,CE
2021-04-07 11:33:00,1.1,1.15,1.05,1.15,72675,2160975,15400.0,CE
2021-04-07 11:34:00,1.15,1.15,1.1,1.15,10950,2160975,15400.0,CE
2021-04-07 11:35:00,1.15,1.15,1.1,1.1,14775,2160975,15400.0,CE
2021-04-07 11:36:00,1.1,1.1,1.05,1.1,33075,2116200,15400.0,CE
2021-04-07 11:37:00,1.05,1.1,1.05,1.1,8925,2116200,15400.0,CE
2021-04-07 11:38:00,1.1,1.15,1.1,1.1,42300,2099700,15400.0,CE
2021-04-07 11:39:00,1.15,1.15,1.1,1.15,5250,2099700,15400.0,CE
2021-04-07 11:40:00,1.15,1.15,1.05,1.05,47400,2099700,15400.0,CE
2021-04-07 11:41:00,1.05,1.05,1.0,1.0,74475,2123850,15400.0,CE
2021-04-07 11:42:00,1.0,1.0,0.95,0.95,60975,2123850,15400.0,CE
2021-04-07 11:43:00,1.0,1.0,0.95,1.0,76500,2123850,15400.0,CE
2021-04-07 11:44:00,0.95,1.0,0.95,1.0,11250,2204100,15400.0,CE
2021-04-07 11:45:00,1.0,1.0,0.95,1.0,7950,2204100,15400.0,CE
2021-04-07 11:46:00,1.0,1.0,0.9,0.9,55200,2204100,15400.0,CE
2021-04-07 11:47:00,0.95,0.95,0.85,0.9,140175,2245875,15400.0,CE
2021-04-07 11:48:00,0.9,0.9,0.85,0.9,44100,2245875,15400.0,CE
2021-04-07 11:49:00,0.9,0.95,0.9,0.9,9300,2245875,15400.0,CE
2021-04-07 11:50:00,0.95,0.95,0.9,0.95,9450,2199150,15400.0,CE
2021-04-07 11:51:00,0.9,0.95,0.9,0.9,3600,2199150,15400.0,CE
2021-04-07 11:52:00,0.9,0.95,0.9,0.9,7725,2199150,15400.0,CE
2021-04-07 11:53:00,0.9,0.95,0.9,0.95,3675,2199150,15400.0,CE
2021-04-07 11:54:00,0.95,0.95,0.9,0.9,79350,2197575,15400.0,CE
2021-04-07 11:55:00,0.9,0.95,0.9,0.9,109200,2197575,15400.0,CE
2021-04-07 11:56:00,0.9,0.95,0.9,0.95,50400,2197575,15400.0,CE
2021-04-07 11:57:00,0.9,0.95,0.9,0.95,9000,2186775,15400.0,CE
2021-04-07 11:58:00,0.9,0.95,0.9,0.9,3450,2186775,15400.0,CE
2021-04-07 11:59:00,0.9,0.95,0.9,0.9,5100,2186775,15400.0,CE
2021-04-07 12:00:00,0.9,0.95,0.9,0.9,15000,2168700,15400.0,CE
2021-04-07 12:01:00,0.9,0.95,0.9,0.9,21825,2168700,15400.0,CE
2021-04-07 12:02:00,0.9,0.95,0.9,0.95,5475,2168700,15400.0,CE
2021-04-07 12:03:00,0.9,0.95,0.9,0.9,3750,2163150,15400.0,CE
2021-04-07 12:04:00,0.95,0.95,0.9,0.95,7050,2163150,15400.0,CE
2021-04-07 12:05:00,0.9,0.95,0.9,0.95,2400,2163150,15400.0,CE
2021-04-07 12:06:00,0.95,1.0,0.9,0.95,42600,2162100,15400.0,CE
2021-04-07 12:07:00,1.0,1.0,0.95,1.0,54900,2162100,15400.0,CE
2021-04-07 12:08:00,1.0,1.05,1.0,1.05,16125,2162100,15400.0,CE
2021-04-07 12:09:00,1.05,1.05,1.0,1.05,14850,2115075,15400.0,CE
2021-04-07 12:10:00,1.05,1.05,1.0,1.0,23400,2115075,15400.0,CE
2021-04-07 12:11:00,1.0,1.0,0.95,0.95,42375,2115075,15400.0,CE
2021-04-07 12:12:00,1.0,1.05,1.0,1.05,104550,2155200,15400.0,CE
2021-04-07 12:13:00,1.05,1.05,1.0,1.0,34725,2155200,15400.0,CE
2021-04-07 12:14:00,1.0,1.05,1.0,1.0,7125,2155200,15400.0,CE
2021-04-07 12:15:00,1.0,1.0,0.95,0.95,55125,2167425,15400.0,CE
2021-04-07 12:16:00,1.0,1.0,0.95,0.95,5700,2167425,15400.0,CE
2021-04-07 12:17:00,1.0,1.0,0.95,1.0,3300,2167425,15400.0,CE
2021-04-07 12:18:00,1.0,1.0,1.0,1.0,3150,2162850,15400.0,CE
2021-04-07 12:19:00,1.0,1.0,0.95,1.0,2100,2162850,15400.0,CE
2021-04-07 12:20:00,1.0,1.0,0.95,0.95,8700,2162850,15400.0,CE
2021-04-07 12:21:00,1.0,1.0,0.95,1.0,3600,2165100,15400.0,CE
2021-04-07 12:22:00,1.0,1.0,0.95,1.0,17475,2165100,15400.0,CE
2021-04-07 12:23:00,1.0,1.0,0.95,1.0,5925,2165100,15400.0,CE
2021-04-07 12:24:00,1.0,1.0,0.95,0.95,3000,2163825,15400.0,CE
2021-04-07 12:25:00,1.0,1.0,0.95,0.95,3300,2163825,15400.0,CE
2021-04-07 12:26:00,1.0,1.0,0.95,1.0,13500,2163825,15400.0,CE
2021-04-07 12:27:00,0.95,0.95,0.95,0.95,825,2178225,15400.0,CE
2021-04-07 12:28:00,1.0,1.0,0.95,1.0,6000,2178225,15400.0,CE
2021-04-07 12:29:00,0.95,1.0,0.95,0.95,9000,2178225,15400.0,CE
2021-04-07 12:30:00,1.0,1.0,0.95,0.95,3000,2179275,15400.0,CE
2021-04-07 12:31:00,0.95,1.0,0.95,1.0,4875,2179275,15400.0,CE
2021-04-07 12:32:00,0.95,1.0,0.95,0.95,2700,2179275,15400.0,CE
2021-04-07 12:33:00,0.95,0.95,0.95,0.95,450,2173725,15400.0,CE
2021-04-07 12:34:00,0.95,0.95,0.95,0.95,7350,2173725,15400.0,CE
2021-04-07 12:35:00,0.95,1.0,0.95,0.95,5700,2173725,15400.0,CE
2021-04-07 12:36:00,0.95,1.0,0.95,0.95,10575,2170800,15400.0,CE
2021-04-07 12:37:00,0.95,0.95,0.9,0.95,84900,2170800,15400.0,CE
2021-04-07 12:38:00,0.95,0.95,0.95,0.95,7350,2170800,15400.0,CE
2021-04-07 12:39:00,0.9,0.95,0.9,0.95,11925,2141100,15400.0,CE
2021-04-07 12:40:00,0.9,0.95,0.9,0.95,10875,2141100,15400.0,CE
2021-04-07 12:41:00,0.95,0.95,0.9,0.9,52275,2141100,15400.0,CE
2021-04-07 12:42:00,0.9,0.95,0.9,0.9,8100,2135625,15400.0,CE
2021-04-07 12:43:00,0.9,0.95,0.9,0.95,29925,2135625,15400.0,CE
2021-04-07 12:44:00,0.95,0.95,0.9,0.95,4875,2135625,15400.0,CE
2021-04-07 12:45:00,0.95,0.95,0.9,0.9,13275,2118000,15400.0,CE
2021-04-07 12:46:00,0.9,0.95,0.9,0.9,7425,2118000,15400.0,CE
2021-04-07 12:47:00,0.95,0.95,0.9,0.9,3750,2118000,15400.0,CE
2021-04-07 12:48:00,0.9,0.95,0.9,0.9,6075,2109900,15400.0,CE
2021-04-07 12:49:00,0.95,0.95,0.9,0.95,21150,2109900,15400.0,CE
2021-04-07 12:50:00,0.95,0.95,0.9,0.9,72600,2109900,15400.0,CE
2021-04-07 12:51:00,0.9,0.95,0.9,0.95,19950,2101050,15400.0,CE
2021-04-07 12:52:00,0.9,0.95,0.9,0.95,1125,2101050,15400.0,CE
2021-04-07 12:53:00,0.9,0.95,0.9,0.9,20325,2101050,15400.0,CE
2021-04-07 12:54:00,0.9,0.95,0.9,0.9,13575,2077875,15400.0,CE
2021-04-07 12:55:00,0.9,0.95,0.9,0.9,12975,2077875,15400.0,CE
2021-04-07 12:56:00,0.9,0.95,0.9,0.9,10725,2077875,15400.0,CE
2021-04-07 12:57:00,0.9,0.95,0.85,0.85,64275,2066475,15400.0,CE
2021-04-07 12:58:00,0.85,0.85,0.85,0.85,1350,2066475,15400.0,CE
2021-04-07 12:59:00,0.9,0.9,0.85,0.9,4125,2066475,15400.0,CE
2021-04-07 13:00:00,0.9,0.9,0.85,0.85,2625,2039925,15400.0,CE
2021-04-07 13:01:00,0.85,0.9,0.85,0.9,68475,2039925,15400.0,CE
2021-04-07 13:02:00,0.85,0.85,0.85,0.85,5400,2039925,15400.0,CE
2021-04-07 13:03:00,0.85,0.9,0.85,0.9,7275,2030700,15400.0,CE
2021-04-07 13:04:00,0.9,0.9,0.85,0.9,9450,2030700,15400.0,CE
2021-04-07 13:05:00,0.9,0.9,0.85,0.85,10500,2030700,15400.0,CE
2021-04-07 13:06:00,0.85,0.85,0.85,0.85,9300,2031675,15400.0,CE
2021-04-07 13:07:00,0.85,0.9,0.85,0.9,4125,2031675,15400.0,CE
2021-04-07 13:08:00,0.9,0.9,0.85,0.85,4425,2031675,15400.0,CE
2021-04-07 13:09:00,0.9,0.9,0.9,0.9,7125,2031975,15400.0,CE
2021-04-07 13:10:00,0.9,0.9,0.85,0.9,7200,2031975,15400.0,CE
2021-04-07 13:11:00,0.9,0.9,0.85,0.85,33375,2031975,15400.0,CE
2021-04-07 13:12:00,0.9,0.9,0.85,0.9,2175,2009625,15400.0,CE
2021-04-07 13:13:00,0.9,0.9,0.85,0.85,1725,2009625,15400.0,CE
2021-04-07 13:14:00,0.85,0.9,0.85,0.85,1725,2009625,15400.0,CE
2021-04-07 13:15:00,0.85,0.85,0.8,0.8,62850,2010825,15400.0,CE
2021-04-07 13:16:00,0.85,0.85,0.8,0.8,26700,2010825,15400.0,CE
2021-04-07 13:17:00,0.8,0.85,0.8,0.8,31050,2010825,15400.0,CE
2021-04-07 13:18:00,0.8,0.8,0.75,0.8,47700,2022825,15400.0,CE
2021-04-07 13:19:00,0.8,0.8,0.75,0.8,37275,2022825,15400.0,CE
2021-04-07 13:20:00,0.75,0.8,0.75,0.75,28575,2022825,15400.0,CE
2021-04-07 13:21:00,0.75,0.8,0.75,0.75,3375,1993800,15400.0,CE
2021-04-07 13:22:00,0.75,0.8,0.75,0.75,4050,1993800,15400.0,CE
2021-04-07 13:23:00,0.75,0.8,0.75,0.8,41475,1993800,15400.0,CE
2021-04-07 13:24:00,0.75,0.8,0.75,0.75,15975,1994025,15400.0,CE
2021-04-07 13:25:00,0.75,0.8,0.75,0.75,47175,1994025,15400.0,CE
2021-04-07 13:26:00,0.75,0.8,0.75,0.75,13200,1994025,15400.0,CE
2021-04-07 13:27:00,0.75,0.8,0.75,0.8,70125,2004900,15400.0,CE
2021-04-07 13:28:00,0.8,0.85,0.75,0.85,5325,2004900,15400.0,CE
2021-04-07 13:29:00,0.85,0.85,0.8,0.85,43350,2004900,15400.0,CE
2021-04-07 13:30:00,0.85,0.9,0.85,0.85,17250,1998675,15400.0,CE
2021-04-07 13:31:00,0.85,0.9,0.85,0.85,12375,1998675,15400.0,CE
2021-04-07 13:32:00,0.85,0.9,0.85,0.85,2700,1998675,15400.0,CE
2021-04-07 13:33:00,0.9,0.9,0.85,0.9,11100,1964475,15400.0,CE
2021-04-07 13:34:00,0.85,0.85,0.85,0.85,4125,1964475,15400.0,CE
2021-04-07 13:35:00,0.85,0.85,0.85,0.85,11850,1964475,15400.0,CE
2021-04-07 13:36:00,0.85,0.9,0.85,0.9,17625,1961925,15400.0,CE
2021-04-07 13:37:00,0.9,0.9,0.85,0.85,8850,1961925,15400.0,CE
2021-04-07 13:38:00,0.85,0.9,0.85,0.9,4425,1961925,15400.0,CE
2021-04-07 13:39:00,0.85,0.85,0.8,0.85,8475,1978425,15400.0,CE
2021-04-07 13:40:00,0.8,0.85,0.8,0.85,34500,1978425,15400.0,CE
2021-04-07 13:41:00,0.85,0.85,0.8,0.8,23925,1978425,15400.0,CE
2021-04-07 13:42:00,0.8,0.85,0.8,0.8,60825,1985325,15400.0,CE
2021-04-07 13:43:00,0.85,0.85,0.75,0.75,18300,1985325,15400.0,CE
2021-04-07 13:44:00,0.8,0.8,0.7,0.7,56700,1985325,15400.0,CE
2021-04-07 13:45:00,0.7,0.75,0.65,0.75,46200,2006175,15400.0,CE
2021-04-07 13:46:00,0.7,0.8,0.7,0.75,25050,2006175,15400.0,CE
2021-04-07 13:47:00,0.8,0.85,0.75,0.85,59325,2006175,15400.0,CE
2021-04-07 13:48:00,0.85,0.85,0.8,0.8,62700,2030325,15400.0,CE
2021-04-07 13:49:00,0.8,0.85,0.8,0.85,10725,2030325,15400.0,CE
2021-04-07 13:50:00,0.8,0.85,0.8,0.8,21450,2030325,15400.0,CE
2021-04-07 13:51:00,0.8,0.85,0.75,0.75,20700,2024625,15400.0,CE
2021-04-07 13:52:00,0.75,0.8,0.75,0.8,7650,2024625,15400.0,CE
2021-04-07 13:53:00,0.8,0.8,0.75,0.8,4125,2024625,15400.0,CE
2021-04-07 13:54:00,0.8,0.8,0.75,0.75,2400,2028000,15400.0,CE
2021-04-07 13:55:00,0.75,0.8,0.75,0.8,6150,2028000,15400.0,CE
2021-04-07 13:56:00,0.8,0.8,0.75,0.75,900,2028000,15400.0,CE
2021-04-07 13:57:00,0.75,0.8,0.75,0.75,7725,2021475,15400.0,CE
2021-04-07 13:58:00,0.75,0.8,0.75,0.8,5625,2021475,15400.0,CE
2021-04-07 13:59:00,0.8,0.8,0.75,0.8,7350,2021475,15400.0,CE
2021-04-07 14:00:00,0.8,0.8,0.75,0.75,4200,2022375,15400.0,CE
2021-04-07 14:01:00,0.8,0.8,0.8,0.8,1350,2022375,15400.0,CE
2021-04-07 14:02:00,0.8,0.8,0.75,0.75,13425,2022375,15400.0,CE
2021-04-07 14:03:00,0.8,0.8,0.75,0.75,15000,2018325,15400.0,CE
2021-04-07 14:04:00,0.75,0.75,0.7,0.75,68400,2018325,15400.0,CE
2021-04-07 14:05:00,0.7,0.75,0.7,0.7,24600,2018325,15400.0,CE
2021-04-07 14:06:00,0.75,0.75,0.7,0.7,28725,1975275,15400.0,CE
2021-04-07 14:07:00,0.7,0.75,0.7,0.7,15150,1975275,15400.0,CE
2021-04-07 14:08:00,0.7,0.75,0.7,0.75,825,1975275,15400.0,CE
2021-04-07 14:09:00,0.75,0.75,0.75,0.75,21000,1962750,15400.0,CE
2021-04-07 14:10:00,0.75,0.75,0.7,0.75,975,1962750,15400.0,CE
2021-04-07 14:11:00,0.75,0.75,0.7,0.7,50475,1962750,15400.0,CE
2021-04-07 14:12:00,0.7,0.7,0.65,0.65,35850,1962750,15400.0,CE
2021-04-07 14:13:00,0.7,0.7,0.65,0.7,2775,1961700,15400.0,CE
2021-04-07 14:14:00,0.7,0.7,0.65,0.65,59700,1961700,15400.0,CE
2021-04-07 14:15:00,0.65,0.7,0.65,0.7,10800,1945575,15400.0,CE
2021-04-07 14:16:00,0.65,0.65,0.65,0.65,25125,1945575,15400.0,CE
2021-04-07 14:17:00,0.6,0.65,0.6,0.65,33225,1945575,15400.0,CE
2021-04-07 14:18:00,0.65,0.65,0.6,0.65,20025,1932750,15400.0,CE
2021-04-07 14:19:00,0.65,0.65,0.6,0.65,37875,1932750,15400.0,CE
2021-04-07 14:20:00,0.65,0.65,0.6,0.6,106650,1932750,15400.0,CE
2021-04-07 14:21:00,0.6,0.6,0.55,0.55,39375,1839675,15400.0,CE
2021-04-07 14:22:00,0.55,0.6,0.55,0.55,4275,1839675,15400.0,CE
2021-04-07 14:23:00,0.55,0.6,0.55,0.55,2325,1839675,15400.0,CE
2021-04-07 14:24:00,0.6,0.6,0.6,0.6,4500,1838400,15400.0,CE
2021-04-07 14:25:00,0.6,0.65,0.55,0.65,27525,1838400,15400.0,CE
2021-04-07 14:26:00,0.65,0.65,0.6,0.6,29025,1838400,15400.0,CE
2021-04-07 14:27:00,0.65,0.7,0.65,0.65,6675,1822350,15400.0,CE
2021-04-07 14:28:00,0.7,0.7,0.65,0.65,9000,1822350,15400.0,CE
2021-04-07 14:29:00,0.7,0.7,0.65,0.65,750,1822350,15400.0,CE
2021-04-07 14:30:00,0.7,0.7,0.65,0.65,6300,1820475,15400.0,CE
2021-04-07 14:31:00,0.7,0.7,0.7,0.7,1800,1820475,15400.0,CE
2021-04-07 14:32:00,0.7,0.7,0.65,0.7,3000,1820475,15400.0,CE
2021-04-07 14:33:00,0.65,0.7,0.65,0.7,5550,1814175,15400.0,CE
2021-04-07 14:34:00,0.7,0.7,0.65,0.7,52350,1814175,15400.0,CE
2021-04-07 14:35:00,0.7,0.7,0.65,0.65,12675,1814175,15400.0,CE
2021-04-07 14:36:00,0.7,0.7,0.6,0.65,15825,1796625,15400.0,CE
2021-04-07 14:37:00,0.65,0.65,0.65,0.65,600,1796625,15400.0,CE
2021-04-07 14:38:00,0.6,0.65,0.6,0.65,37650,1796625,15400.0,CE
2021-04-07 14:39:00,0.65,0.65,0.6,0.65,7650,1769550,15400.0,CE
2021-04-07 14:40:00,0.65,0.65,0.6,0.65,8775,1769550,15400.0,CE
2021-04-07 14:41:00,0.6,0.65,0.6,0.65,14025,1769550,15400.0,CE
2021-04-07 14:42:00,0.65,0.65,0.6,0.6,23550,1735875,15400.0,CE
2021-04-07 14:43:00,0.6,0.65,0.6,0.65,6000,1735875,15400.0,CE
2021-04-07 14:44:00,0.6,0.65,0.6,0.65,23100,1735875,15400.0,CE
2021-04-07 14:45:00,0.6,0.65,0.6,0.6,23025,1715100,15400.0,CE
2021-04-07 14:46:00,0.65,0.65,0.6,0.6,29475,1715100,15400.0,CE
2021-04-07 14:47:00,0.65,0.7,0.65,0.65,9900,1715100,15400.0,CE
2021-04-07 14:48:00,0.65,0.65,0.65,0.65,5625,1679850,15400.0,CE
2021-04-07 14:49:00,0.65,0.65,0.6,0.6,5400,1679850,15400.0,CE
2021-04-07 14:50:00,0.6,0.65,0.6,0.65,2925,1679850,15400.0,CE
2021-04-07 14:51:00,0.65,0.65,0.6,0.65,8250,1684725,15400.0,CE
2021-04-07 14:52:00,0.65,0.65,0.6,0.65,12975,1684725,15400.0,CE
2021-04-07 14:53:00,0.65,0.65,0.6,0.65,16200,1684725,15400.0,CE
2021-04-07 14:54:00,0.65,0.7,0.65,0.65,10275,1681725,15400.0,CE
2021-04-07 14:55:00,0.65,0.75,0.65,0.75,20550,1681725,15400.0,CE
2021-04-07 14:56:00,0.75,0.85,0.75,0.8,14250,1681725,15400.0,CE
2021-04-07 14:57:00,0.75,0.85,0.75,0.85,18450,1666125,15400.0,CE
2021-04-07 14:58:00,0.85,0.95,0.85,0.95,43425,1666125,15400.0,CE
2021-04-07 14:59:00,0.9,0.95,0.85,0.9,26250,1666125,15400.0,CE
2021-04-07 15:00:00,0.9,0.9,0.85,0.85,10950,1650075,15400.0,CE
2021-04-07 15:01:00,0.9,0.9,0.85,0.85,10500,1650075,15400.0,CE
2021-04-07 15:02:00,0.85,0.9,0.85,0.85,13200,1650075,15400.0,CE
2021-04-07 15:03:00,0.85,0.95,0.85,0.9,65025,1626075,15400.0,CE
2021-04-07 15:04:00,0.9,0.95,0.85,0.95,40425,1626075,15400.0,CE
2021-04-07 15:05:00,0.95,0.95,0.9,0.95,59475,1626075,15400.0,CE
2021-04-07 15:06:00,0.9,0.95,0.85,0.85,32925,1602825,15400.0,CE
2021-04-07 15:07:00,0.85,0.9,0.8,0.85,32400,1602825,15400.0,CE
2021-04-07 15:08:00,0.85,0.85,0.8,0.8,28350,1602825,15400.0,CE
2021-04-07 15:09:00,0.85,0.85,0.8,0.8,24000,1602825,15400.0,CE
2021-04-07 15:10:00,0.8,0.8,0.75,0.8,44025,1624050,15400.0,CE
2021-04-07 15:11:00,0.75,0.8,0.75,0.75,7725,1624050,15400.0,CE
2021-04-07 15:12:00,0.75,0.8,0.75,0.8,12675,1601550,15400.0,CE
2021-04-07 15:13:00,0.8,0.8,0.75,0.75,8850,1601550,15400.0,CE
2021-04-07 15:14:00,0.8,0.8,0.75,0.8,3150,1601550,15400.0,CE
2021-04-07 15:15:00,0.8,0.85,0.75,0.8,41925,1596150,15400.0,CE
2021-04-07 15:16:00,0.8,0.85,0.8,0.8,14925,1596150,15400.0,CE
2021-04-07 15:17:00,0.8,0.8,0.75,0.75,7875,1596150,15400.0,CE
2021-04-07 15:18:00,0.75,0.8,0.75,0.75,26325,1599825,15400.0,CE
2021-04-07 15:19:00,0.75,0.85,0.75,0.8,32700,1599825,15400.0,CE
2021-04-07 15:20:00,0.8,0.85,0.75,0.8,31200,1599825,15400.0,CE
2021-04-07 15:21:00,0.75,0.75,0.7,0.7,26925,1600800,15400.0,CE
2021-04-07 15:22:00,0.7,0.75,0.65,0.65,23925,1600800,15400.0,CE
2021-04-07 15:23:00,0.65,0.65,0.55,0.6,96375,1600800,15400.0,CE
2021-04-07 15:24:00,0.65,0.65,0.5,0.6,89475,1503450,15400.0,CE
2021-04-07 15:25:00,0.6,0.7,0.55,0.65,79275,1503450,15400.0,CE
2021-04-07 15:26:00,0.65,0.65,0.6,0.6,37425,1503450,15400.0,CE
2021-04-07 15:27:00,0.6,0.7,0.55,0.55,90525,1476150,15400.0,CE
2021-04-07 15:28:00,0.6,0.6,0.5,0.5,102000,1476150,15400.0,CE
2021-04-07 15:29:00,0.45,0.6,0.3,0.3,169200,1476150,15400.0,CE
2021-04-07 15:30:00,0.3,0.3,0.3,0.3,6000,1476150,15400.0,CE
2021-04-08 09:15:00,0.55,0.7,0.4,0.45,109877,1361475,15400.0,CE
2021-04-08 09:16:00,0.5,0.55,0.5,0.55,67125,1361475,15400.0,CE
2021-04-08 09:17:00,0.5,0.6,0.5,0.5,59925,1386900,15400.0,CE
2021-04-08 09:18:00,0.55,0.6,0.5,0.55,139500,1386900,15400.0,CE
2021-04-08 09:19:00,0.5,0.6,0.5,0.55,65625,1386900,15400.0,CE
2021-04-08 09:20:00,0.6,0.65,0.55,0.6,188100,1443750,15400.0,CE
2021-04-08 09:21:00,0.65,0.65,0.55,0.55,82500,1443750,15400.0,CE
2021-04-08 09:22:00,0.6,0.6,0.5,0.6,170325,1443750,15400.0,CE
2021-04-08 09:23:00,0.6,0.6,0.55,0.6,222225,1526550,15400.0,CE
2021-04-08 09:24:00,0.6,0.65,0.55,0.6,89325,1526550,15400.0,CE
2021-04-08 09:25:00,0.6,0.65,0.55,0.65,123225,1526550,15400.0,CE
2021-04-08 09:26:00,0.6,0.6,0.55,0.6,18075,1700100,15400.0,CE
2021-04-08 09:27:00,0.6,0.6,0.55,0.55,18525,1700100,15400.0,CE
2021-04-08 09:28:00,0.6,0.6,0.55,0.6,131400,1700100,15400.0,CE
2021-04-08 09:29:00,0.55,0.6,0.55,0.55,78075,1773900,15400.0,CE
2021-04-08 09:30:00,0.55,0.6,0.55,0.55,82275,1773900,15400.0,CE
2021-04-08 09:31:00,0.55,0.6,0.55,0.6,30675,1773900,15400.0,CE
2021-04-08 09:32:00,0.6,0.6,0.55,0.55,94950,1863375,15400.0,CE
2021-04-08 09:33:00,0.55,0.6,0.55,0.55,16800,1863375,15400.0,CE
2021-04-08 09:34:00,0.55,0.6,0.55,0.55,130050,1863375,15400.0,CE
2021-04-08 09:35:00,0.55,0.55,0.5,0.55,30750,1894350,15400.0,CE
2021-04-08 09:36:00,0.5,0.6,0.5,0.6,210825,1894350,15400.0,CE
2021-04-08 09:37:00,0.6,0.65,0.55,0.65,65250,1894350,15400.0,CE
2021-04-08 09:38:00,0.6,0.65,0.6,0.65,15975,1945350,15400.0,CE
2021-04-08 09:39:00,0.6,0.6,0.55,0.55,42450,1945350,15400.0,CE
2021-04-08 09:40:00,0.6,0.6,0.55,0.55,17925,1945350,15400.0,CE
2021-04-08 09:41:00,0.55,0.6,0.55,0.6,44775,1966950,15400.0,CE
2021-04-08 09:42:00,0.6,0.6,0.55,0.6,32550,1966950,15400.0,CE
2021-04-08 09:43:00,0.55,0.6,0.55,0.55,7275,1966950,15400.0,CE
2021-04-08 09:44:00,0.55,0.6,0.55,0.6,20325,1964850,15400.0,CE
2021-04-08 09:45:00,0.6,0.6,0.55,0.6,23100,1964850,15400.0,CE
2021-04-08 09:46:00,0.6,0.6,0.55,0.55,31575,1964850,15400.0,CE
2021-04-08 09:47:00,0.55,0.55,0.5,0.5,70350,1990800,15400.0,CE
2021-04-08 09:48:00,0.5,0.55,0.5,0.55,11775,1990800,15400.0,CE
2021-04-08 09:49:00,0.55,0.55,0.5,0.5,35325,1990800,15400.0,CE
2021-04-08 09:50:00,0.5,0.55,0.5,0.5,56100,1962450,15400.0,CE
2021-04-08 09:51:00,0.5,0.55,0.5,0.5,62925,1962450,15400.0,CE
2021-04-08 09:52:00,0.45,0.5,0.45,0.45,9300,1962450,15400.0,CE
2021-04-08 09:53:00,0.45,0.5,0.45,0.5,29400,1971900,15400.0,CE
2021-04-08 09:54:00,0.5,0.55,0.45,0.5,25575,1971900,15400.0,CE
2021-04-08 09:55:00,0.55,0.55,0.5,0.5,9150,1971900,15400.0,CE
2021-04-08 09:56:00,0.5,0.55,0.5,0.5,20625,1992825,15400.0,CE
2021-04-08 09:57:00,0.55,0.55,0.5,0.55,37425,1992825,15400.0,CE
2021-04-08 09:58:00,0.55,0.55,0.55,0.55,150,1992825,15400.0,CE
2021-04-08 09:59:00,0.55,0.55,0.5,0.5,3000,2030700,15400.0,CE
2021-04-08 10:00:00,0.5,0.55,0.5,0.5,23400,2030700,15400.0,CE
2021-04-08 10:01:00,0.55,0.55,0.5,0.55,7350,2030700,15400.0,CE
2021-04-08 10:02:00,0.55,0.55,0.5,0.5,20700,2035575,15400.0,CE
2021-04-08 10:03:00,0.5,0.55,0.5,0.5,70500,2035575,15400.0,CE
2021-04-08 10:04:00,0.5,0.55,0.5,0.55,49500,2035575,15400.0,CE
2021-04-08 10:05:00,0.5,0.55,0.5,0.5,135600,2175525,15400.0,CE
2021-04-08 10:06:00,0.5,0.5,0.45,0.5,26850,2175525,15400.0,CE
2021-04-08 10:07:00,0.5,0.5,0.4,0.4,144450,2175525,15400.0,CE
2021-04-08 10:08:00,0.45,0.45,0.4,0.45,19125,2094525,15400.0,CE
2021-04-08 10:09:00,0.45,0.45,0.4,0.4,13875,2094525,15400.0,CE
2021-04-08 10:10:00,0.4,0.45,0.4,0.45,5175,2094525,15400.0,CE
2021-04-08 10:11:00,0.45,0.45,0.45,0.45,2850,2094525,15400.0,CE
2021-04-08 10:12:00,0.4,0.45,0.4,0.45,5700,2100600,15400.0,CE
2021-04-08 10:13:00,0.45,0.45,0.4,0.4,3675,2100600,15400.0,CE
2021-04-08 10:14:00,0.4,0.4,0.4,0.4,4050,2105100,15400.0,CE
2021-04-08 10:15:00,0.45,0.45,0.4,0.45,11325,2105100,15400.0,CE
2021-04-08 10:16:00,0.4,0.45,0.4,0.4,23775,2105100,15400.0,CE
2021-04-08 10:17:00,0.45,0.45,0.45,0.45,2700,2093175,15400.0,CE
2021-04-08 10:18:00,0.4,0.4,0.4,0.4,37725,2093175,15400.0,CE
2021-04-08 10:19:00,0.4,0.4,0.35,0.35,3750,2093175,15400.0,CE
2021-04-08 10:20:00,0.35,0.4,0.35,0.4,4350,2093175,15400.0,CE
2021-04-08 10:21:00,0.35,0.4,0.35,0.35,12450,2063025,15400.0,CE
2021-04-08 10:22:00,0.4,0.4,0.4,0.4,225,2063025,15400.0,CE
2021-04-08 10:23:00,0.4,0.4,0.35,0.35,25575,2068275,15400.0,CE
2021-04-08 10:24:00,0.35,0.4,0.35,0.4,1275,2068275,15400.0,CE
2021-04-08 10:25:00,0.35,0.4,0.35,0.35,2850,2068275,15400.0,CE
2021-04-08 10:26:00,0.35,0.35,0.35,0.35,375,2068275,15400.0,CE
2021-04-08 10:27:00,0.4,0.4,0.35,0.4,5550,2067975,15400.0,CE
2021-04-08 10:28:00,0.35,0.4,0.35,0.4,17025,2067975,15400.0,CE
2021-04-08 10:29:00,0.4,0.4,0.35,0.35,18450,2067975,15400.0,CE
2021-04-08 10:30:00,0.35,0.4,0.35,0.35,21150,2050875,15400.0,CE
2021-04-08 10:31:00,0.35,0.4,0.35,0.4,13125,2050875,15400.0,CE
2021-04-08 10:32:00,0.35,0.4,0.35,0.35,24600,2054700,15400.0,CE
2021-04-08 10:33:00,0.35,0.4,0.35,0.35,1650,2054700,15400.0,CE
2021-04-08 10:34:00,0.4,0.4,0.35,0.4,7575,2054700,15400.0,CE
2021-04-08 10:35:00,0.35,0.4,0.35,0.4,2475,2057550,15400.0,CE
2021-04-08 10:36:00,0.4,0.4,0.4,0.4,750,2057550,15400.0,CE
2021-04-08 10:37:00,0.35,0.4,0.35,0.35,1425,2057550,15400.0,CE
2021-04-08 10:38:00,0.35,0.4,0.35,0.4,1125,2057550,15400.0,CE
2021-04-08 10:39:00,0.4,0.4,0.35,0.4,2100,2057400,15400.0,CE
2021-04-08 10:40:00,0.35,0.4,0.35,0.4,7575,2057400,15400.0,CE
2021-04-08 10:41:00,0.35,0.35,0.35,0.35,150,2057400,15400.0,CE
2021-04-08 10:42:00,0.4,0.4,0.35,0.4,23925,2057400,15400.0,CE
2021-04-08 10:43:00,0.35,0.4,0.3,0.3,28425,2057400,15400.0,CE
2021-04-08 10:44:00,0.35,0.35,0.3,0.35,11100,2073675,15400.0,CE
2021-04-08 10:45:00,0.3,0.35,0.3,0.35,12525,2073675,15400.0,CE
2021-04-08 10:46:00,0.35,0.35,0.3,0.35,5100,2073675,15400.0,CE
2021-04-08 10:47:00,0.35,0.35,0.3,0.35,5850,2059125,15400.0,CE
2021-04-08 10:48:00,0.35,0.35,0.35,0.35,14475,2059125,15400.0,CE
2021-04-08 10:50:00,0.35,0.35,0.3,0.35,26100,2046300,15400.0,CE
2021-04-08 10:51:00,0.35,0.35,0.35,0.35,22350,2046300,15400.0,CE
2021-04-08 10:52:00,0.4,0.4,0.4,0.4,4575,2046300,15400.0,CE
2021-04-08 10:53:00,0.4,0.4,0.4,0.4,7200,2046300,15400.0,CE
2021-04-08 10:54:00,0.35,0.35,0.35,0.35,375,2048850,15400.0,CE
2021-04-08 10:55:00,0.4,0.4,0.35,0.35,17775,2048850,15400.0,CE
2021-04-08 10:56:00,0.35,0.35,0.3,0.35,750,2048850,15400.0,CE
2021-04-08 10:57:00,0.35,0.35,0.3,0.35,4725,2045550,15400.0,CE
2021-04-08 10:58:00,0.35,0.35,0.3,0.35,24150,2045550,15400.0,CE
2021-04-08 10:59:00,0.35,0.35,0.3,0.35,3450,2049900,15400.0,CE
2021-04-08 11:00:00,0.35,0.35,0.35,0.35,4575,2049900,15400.0,CE
2021-04-08 11:01:00,0.35,0.35,0.35,0.35,525,2049900,15400.0,CE
2021-04-08 11:02:00,0.35,0.35,0.35,0.35,675,2049900,15400.0,CE
2021-04-08 11:03:00,0.35,0.35,0.35,0.35,300,2048550,15400.0,CE
2021-04-08 11:04:00,0.3,0.35,0.3,0.35,12075,2048550,15400.0,CE
2021-04-08 11:05:00,0.3,0.35,0.3,0.35,5925,2054400,15400.0,CE
2021-04-08 11:06:00,0.35,0.35,0.35,0.35,375,2054400,15400.0,CE
2021-04-08 11:07:00,0.3,0.35,0.3,0.35,19125,2054400,15400.0,CE
2021-04-08 11:08:00,0.3,0.35,0.3,0.35,5325,2061750,15400.0,CE
2021-04-08 11:09:00,0.35,0.35,0.3,0.35,8550,2061750,15400.0,CE
2021-04-08 11:10:00,0.35,0.35,0.3,0.35,8250,2061750,15400.0,CE
2021-04-08 11:11:00,0.3,0.3,0.3,0.3,75,2065125,15400.0,CE
2021-04-08 11:12:00,0.35,0.35,0.35,0.35,8100,2065125,15400.0,CE
2021-04-08 11:13:00,0.35,0.4,0.35,0.4,69000,2065125,15400.0,CE
2021-04-08 11:14:00,0.4,0.4,0.35,0.35,2100,2065125,15400.0,CE
2021-04-08 11:15:00,0.35,0.45,0.35,0.4,44625,2061600,15400.0,CE
2021-04-08 11:16:00,0.4,0.45,0.4,0.4,1725,2061600,15400.0,CE
2021-04-08 11:17:00,0.4,0.45,0.4,0.45,225,2062575,15400.0,CE
2021-04-08 11:18:00,0.4,0.45,0.4,0.45,11025,2062575,15400.0,CE
2021-04-08 11:19:00,0.45,0.45,0.4,0.4,15450,2062575,15400.0,CE
2021-04-08 11:20:00,0.45,0.45,0.4,0.4,6375,2068200,15400.0,CE
2021-04-08 11:21:00,0.45,0.45,0.4,0.45,1650,2068200,15400.0,CE
2021-04-08 11:22:00,0.45,0.45,0.45,0.45,8550,2068200,15400.0,CE
2021-04-08 11:23:00,0.45,0.45,0.45,0.45,150,2068200,15400.0,CE
2021-04-08 11:24:00,0.4,0.45,0.4,0.45,5400,2060550,15400.0,CE
2021-04-08 11:25:00,0.45,0.45,0.45,0.45,1275,2060550,15400.0,CE
2021-04-08 11:26:00,0.45,0.45,0.45,0.45,33075,2060550,15400.0,CE
2021-04-08 11:27:00,0.4,0.45,0.4,0.45,825,2059125,15400.0,CE
2021-04-08 11:28:00,0.4,0.45,0.4,0.45,3600,2059125,15400.0,CE
2021-04-08 11:29:00,0.45,0.45,0.4,0.4,41700,2059125,15400.0,CE
2021-04-08 11:30:00,0.45,0.45,0.4,0.45,2550,2050425,15400.0,CE
2021-04-08 11:31:00,0.45,0.45,0.45,0.45,375,2050425,15400.0,CE
2021-04-08 11:32:00,0.45,0.45,0.4,0.4,15675,2050425,15400.0,CE
2021-04-08 11:33:00,0.45,0.45,0.4,0.45,7875,2063250,15400.0,CE
2021-04-08 11:34:00,0.4,0.4,0.4,0.4,13200,2063250,15400.0,CE
2021-04-08 11:35:00,0.4,0.4,0.35,0.35,4275,2066100,15400.0,CE
2021-04-08 11:36:00,0.4,0.4,0.4,0.4,1500,2066100,15400.0,CE
2021-04-08 11:37:00,0.4,0.4,0.35,0.4,8025,2066100,15400.0,CE
2021-04-08 11:38:00,0.4,0.4,0.4,0.4,2175,2066100,15400.0,CE
2021-04-08 11:39:00,0.4,0.45,0.4,0.45,26100,2072250,15400.0,CE
2021-04-08 11:40:00,0.4,0.45,0.4,0.4,4800,2072250,15400.0,CE
2021-04-08 11:41:00,0.45,0.45,0.4,0.4,27075,2072250,15400.0,CE
2021-04-08 11:42:00,0.4,0.4,0.35,0.4,8850,2088750,15400.0,CE
2021-04-08 11:43:00,0.4,0.45,0.4,0.4,44475,2088750,15400.0,CE
2021-04-08 11:44:00,0.4,0.45,0.4,0.45,43875,2088750,15400.0,CE
2021-04-08 11:45:00,0.4,0.45,0.4,0.45,80175,2132700,15400.0,CE
2021-04-08 11:46:00,0.45,0.5,0.4,0.4,99675,2132700,15400.0,CE
2021-04-08 11:47:00,0.4,0.45,0.4,0.4,68250,2132700,15400.0,CE
2021-04-08 11:48:00,0.4,0.45,0.4,0.4,21300,2284050,15400.0,CE
2021-04-08 11:49:00,0.45,0.45,0.4,0.4,25725,2284050,15400.0,CE
2021-04-08 11:50:00,0.45,0.45,0.4,0.4,8325,2284050,15400.0,CE
2021-04-08 11:51:00,0.4,0.45,0.4,0.4,2550,2319300,15400.0,CE
2021-04-08 11:52:00,0.4,0.45,0.4,0.4,375,2319300,15400.0,CE
2021-04-08 11:53:00,0.45,0.45,0.4,0.45,2025,2319300,15400.0,CE
2021-04-08 11:54:00,0.45,0.45,0.45,0.45,6450,2322675,15400.0,CE
2021-04-08 11:55:00,0.45,0.45,0.45,0.45,3000,2322675,15400.0,CE
2021-04-08 11:56:00,0.45,0.45,0.4,0.4,47250,2322675,15400.0,CE
2021-04-08 11:57:00,0.35,0.4,0.35,0.4,31350,2317650,15400.0,CE
2021-04-08 11:58:00,0.35,0.4,0.35,0.4,3825,2317650,15400.0,CE
2021-04-08 11:59:00,0.4,0.4,0.35,0.4,10350,2317650,15400.0,CE
2021-04-08 12:00:00,0.4,0.4,0.4,0.4,450,2295825,15400.0,CE
2021-04-08 12:01:00,0.4,0.4,0.35,0.4,1425,2295825,15400.0,CE
2021-04-08 12:02:00,0.35,0.4,0.35,0.4,14925,2295825,15400.0,CE
2021-04-08 12:04:00,0.4,0.4,0.35,0.4,4650,2291775,15400.0,CE
2021-04-08 12:05:00,0.4,0.4,0.4,0.4,11250,2291775,15400.0,CE
2021-04-08 12:06:00,0.35,0.4,0.35,0.35,4500,2291775,15400.0,CE
2021-04-08 12:07:00,0.35,0.4,0.35,0.4,8925,2291775,15400.0,CE
2021-04-08 12:08:00,0.35,0.35,0.35,0.35,3000,2291775,15400.0,CE
2021-04-08 12:09:00,0.4,0.4,0.35,0.35,57375,2299575,15400.0,CE
2021-04-08 12:10:00,0.35,0.4,0.3,0.35,22050,2299575,15400.0,CE
2021-04-08 12:11:00,0.35,0.35,0.35,0.35,7425,2299575,15400.0,CE
2021-04-08 12:12:00,0.35,0.35,0.3,0.3,8550,2295075,15400.0,CE
2021-04-08 12:13:00,0.35,0.35,0.35,0.35,34650,2295075,15400.0,CE
2021-04-08 12:14:00,0.4,0.4,0.35,0.4,8625,2295075,15400.0,CE
2021-04-08 12:15:00,0.4,0.4,0.35,0.4,33225,2309325,15400.0,CE
2021-04-08 12:16:00,0.4,0.4,0.35,0.4,34200,2309325,15400.0,CE
2021-04-08 12:17:00,0.4,0.45,0.4,0.4,37725,2309325,15400.0,CE
2021-04-08 12:18:00,0.45,0.45,0.4,0.4,1275,2301600,15400.0,CE
2021-04-08 12:19:00,0.45,0.45,0.4,0.45,20400,2301600,15400.0,CE
2021-04-08 12:20:00,0.5,0.5,0.45,0.45,9600,2301600,15400.0,CE
2021-04-08 12:21:00,0.45,0.45,0.4,0.4,33075,2309325,15400.0,CE
2021-04-08 12:22:00,0.4,0.45,0.4,0.45,2625,2309325,15400.0,CE
2021-04-08 12:23:00,0.45,0.45,0.45,0.45,2475,2309325,15400.0,CE
2021-04-08 12:24:00,0.45,0.45,0.45,0.45,2400,2301900,15400.0,CE
2021-04-08 12:25:00,0.45,0.45,0.45,0.45,75,2301900,15400.0,CE
2021-04-08 12:27:00,0.45,0.45,0.4,0.4,10350,2299500,15400.0,CE
2021-04-08 12:28:00,0.4,0.45,0.4,0.45,7275,2299500,15400.0,CE
2021-04-08 12:29:00,0.45,0.45,0.4,0.4,1575,2299500,15400.0,CE
2021-04-08 12:30:00,0.45,0.45,0.4,0.45,3300,2305500,15400.0,CE
2021-04-08 12:31:00,0.4,0.45,0.4,0.4,11775,2305500,15400.0,CE
2021-04-08 12:32:00,0.4,0.45,0.4,0.4,5400,2305500,15400.0,CE
2021-04-08 12:33:00,0.4,0.45,0.4,0.45,10275,2302575,15400.0,CE
2021-04-08 12:34:00,0.45,0.45,0.4,0.45,3900,2302575,15400.0,CE
2021-04-08 12:35:00,0.4,0.4,0.4,0.4,150,2302575,15400.0,CE
2021-04-08 12:36:00,0.45,0.45,0.45,0.45,3675,2307525,15400.0,CE
2021-04-08 12:38:00,0.45,0.45,0.45,0.45,675,2307525,15400.0,CE
2021-04-08 12:39:00,0.45,0.45,0.4,0.4,6825,2308575,15400.0,CE
2021-04-08 12:40:00,0.4,0.45,0.4,0.4,4200,2308575,15400.0,CE
2021-04-08 12:42:00,0.4,0.45,0.4,0.45,975,2308575,15400.0,CE
2021-04-08 12:44:00,0.45,0.45,0.45,0.45,1500,2304075,15400.0,CE
2021-04-08 12:45:00,0.45,0.45,0.4,0.4,18600,2309850,15400.0,CE
2021-04-08 12:47:00,0.4,0.4,0.4,0.4,5325,2309850,15400.0,CE
2021-04-08 12:48:00,0.45,0.45,0.45,0.45,10350,2310075,15400.0,CE
2021-04-08 12:49:00,0.4,0.4,0.4,0.4,3000,2310075,15400.0,CE
2021-04-08 12:50:00,0.45,0.45,0.4,0.4,4650,2310075,15400.0,CE
2021-04-08 12:51:00,0.45,0.45,0.45,0.45,225,2311800,15400.0,CE
2021-04-08 12:52:00,0.4,0.45,0.4,0.4,1350,2311800,15400.0,CE
2021-04-08 12:53:00,0.45,0.45,0.4,0.4,1275,2311800,15400.0,CE
2021-04-08 12:54:00,0.4,0.4,0.4,0.4,450,2312325,15400.0,CE
2021-04-08 12:55:00,0.4,0.45,0.4,0.45,11250,2312325,15400.0,CE
2021-04-08 12:56:00,0.45,0.45,0.45,0.45,1500,2312325,15400.0,CE
2021-04-08 12:57:00,0.45,0.45,0.4,0.45,1350,2319225,15400.0,CE
2021-04-08 12:58:00,0.45,0.45,0.45,0.45,4425,2319225,15400.0,CE
2021-04-08 12:59:00,0.45,0.45,0.45,0.45,750,2319225,15400.0,CE
2021-04-08 13:00:00,0.45,0.5,0.4,0.5,19350,2316675,15400.0,CE
2021-04-08 13:01:00,0.45,0.5,0.45,0.45,8625,2316675,15400.0,CE
2021-04-08 13:03:00,0.45,0.45,0.4,0.4,4725,2309250,15400.0,CE
2021-04-08 13:05:00,0.45,0.45,0.4,0.4,1875,2309250,15400.0,CE
2021-04-08 13:07:00,0.45,0.45,0.45,0.45,2250,2312250,15400.0,CE
2021-04-08 13:08:00,0.45,0.45,0.45,0.45,12675,2312250,15400.0,CE
2021-04-08 13:09:00,0.4,0.4,0.4,0.4,450,2312250,15400.0,CE
2021-04-08 13:10:00,0.4,0.4,0.4,0.4,3000,2321100,15400.0,CE
2021-04-08 13:11:00,0.45,0.45,0.4,0.4,51900,2321100,15400.0,CE
2021-04-08 13:12:00,0.4,0.45,0.35,0.45,20025,2351250,15400.0,CE
2021-04-08 13:13:00,0.45,0.45,0.4,0.4,12450,2351250,15400.0,CE
2021-04-08 13:14:00,0.4,0.4,0.35,0.4,1800,2351250,15400.0,CE
2021-04-08 13:15:00,0.35,0.4,0.35,0.4,10800,2352300,15400.0,CE
2021-04-08 13:16:00,0.35,0.35,0.35,0.35,10875,2352300,15400.0,CE
2021-04-08 13:17:00,0.4,0.4,0.35,0.35,825,2352300,15400.0,CE
2021-04-08 13:18:00,0.35,0.4,0.35,0.4,9225,2370300,15400.0,CE
2021-04-08 13:19:00,0.35,0.4,0.35,0.4,3525,2370300,15400.0,CE
2021-04-08 13:20:00,0.4,0.4,0.35,0.4,6150,2370300,15400.0,CE
2021-04-08 13:21:00,0.35,0.4,0.35,0.35,5550,2379300,15400.0,CE
2021-04-08 13:22:00,0.35,0.35,0.35,0.35,300,2379300,15400.0,CE
2021-04-08 13:23:00,0.35,0.4,0.35,0.35,39525,2379300,15400.0,CE
2021-04-08 13:24:00,0.35,0.4,0.35,0.35,28500,2358750,15400.0,CE
2021-04-08 13:25:00,0.35,0.45,0.35,0.45,20175,2358750,15400.0,CE
2021-04-08 13:26:00,0.4,0.45,0.4,0.4,4125,2358750,15400.0,CE
2021-04-08 13:27:00,0.4,0.4,0.35,0.35,5100,2335500,15400.0,CE
2021-04-08 13:28:00,0.4,0.4,0.4,0.4,22575,2335500,15400.0,CE
2021-04-08 13:29:00,0.45,0.45,0.4,0.45,7800,2335500,15400.0,CE
2021-04-08 13:30:00,0.45,0.45,0.4,0.4,5925,2327175,15400.0,CE
2021-04-08 13:31:00,0.4,0.4,0.35,0.35,12750,2327175,15400.0,CE
2021-04-08 13:32:00,0.35,0.35,0.35,0.35,63525,2327175,15400.0,CE
2021-04-08 13:33:00,0.35,0.35,0.3,0.3,31575,2331000,15400.0,CE
2021-04-08 13:34:00,0.35,0.35,0.3,0.3,3525,2331000,15400.0,CE
2021-04-08 13:35:00,0.35,0.35,0.3,0.3,5025,2331000,15400.0,CE
2021-04-08 13:36:00,0.35,0.4,0.35,0.35,46050,2311650,15400.0,CE
2021-04-08 13:37:00,0.35,0.4,0.35,0.35,6675,2311650,15400.0,CE
2021-04-08 13:38:00,0.4,0.4,0.35,0.35,18675,2311650,15400.0,CE
2021-04-08 13:39:00,0.35,0.35,0.3,0.3,5625,2296350,15400.0,CE
2021-04-08 13:40:00,0.3,0.35,0.3,0.3,11100,2296350,15400.0,CE
2021-04-08 13:41:00,0.35,0.35,0.3,0.3,28500,2296350,15400.0,CE
2021-04-08 13:42:00,0.3,0.35,0.3,0.35,3525,2295225,15400.0,CE
2021-04-08 13:43:00,0.3,0.3,0.25,0.25,6525,2295225,15400.0,CE
2021-04-08 13:44:00,0.25,0.25,0.25,0.25,1500,2295225,15400.0,CE
2021-04-08 13:45:00,0.3,0.3,0.25,0.25,2550,2289975,15400.0,CE
2021-04-08 13:46:00,0.25,0.25,0.25,0.25,1125,2289975,15400.0,CE
2021-04-08 13:47:00,0.25,0.25,0.25,0.25,450,2289975,15400.0,CE
2021-04-08 13:48:00,0.3,0.3,0.25,0.25,25500,2291025,15400.0,CE
2021-04-08 13:49:00,0.25,0.3,0.25,0.25,4125,2291025,15400.0,CE
2021-04-08 13:50:00,0.25,0.3,0.25,0.25,48750,2291025,15400.0,CE
2021-04-08 13:51:00,0.25,0.25,0.2,0.2,5325,2261250,15400.0,CE
2021-04-08 13:52:00,0.25,0.25,0.2,0.25,7875,2261250,15400.0,CE
2021-04-08 13:53:00,0.25,0.25,0.2,0.2,16800,2261250,15400.0,CE
2021-04-08 13:54:00,0.2,0.25,0.2,0.2,5625,2245950,15400.0,CE
2021-04-08 13:55:00,0.2,0.25,0.2,0.2,10200,2245950,15400.0,CE
2021-04-08 13:56:00,0.25,0.25,0.2,0.25,51375,2245950,15400.0,CE
2021-04-08 13:57:00,0.2,0.25,0.2,0.25,4650,2234250,15400.0,CE
2021-04-08 13:58:00,0.25,0.25,0.25,0.25,3000,2234250,15400.0,CE
2021-04-08 13:59:00,0.2,0.25,0.2,0.2,3375,2234250,15400.0,CE
2021-04-08 14:00:00,0.2,0.2,0.2,0.2,825,2234250,15400.0,CE
2021-04-08 14:01:00,0.2,0.2,0.15,0.15,13875,2232825,15400.0,CE
2021-04-08 14:02:00,0.15,0.2,0.15,0.2,9225,2232825,15400.0,CE
2021-04-08 14:03:00,0.2,0.2,0.15,0.15,7800,2212950,15400.0,CE
2021-04-08 14:04:00,0.15,0.2,0.15,0.2,3600,2212950,15400.0,CE
2021-04-08 14:05:00,0.2,0.2,0.15,0.15,28575,2212950,15400.0,CE
2021-04-08 14:06:00,0.15,0.15,0.15,0.15,2025,2216925,15400.0,CE
2021-04-08 14:07:00,0.2,0.2,0.15,0.2,11475,2216925,15400.0,CE
2021-04-08 14:08:00,0.15,0.2,0.15,0.2,9675,2216925,15400.0,CE
2021-04-08 14:09:00,0.15,0.2,0.15,0.2,5325,2216925,15400.0,CE
2021-04-08 14:10:00,0.15,0.15,0.15,0.15,14400,2212725,15400.0,CE
2021-04-08 14:11:00,0.15,0.2,0.15,0.2,35025,2212725,15400.0,CE
2021-04-08 14:12:00,0.2,0.2,0.2,0.2,300,2212725,15400.0,CE
2021-04-08 14:13:00,0.15,0.2,0.15,0.15,2250,2196600,15400.0,CE
2021-04-08 14:14:00,0.2,0.2,0.15,0.2,7200,2196600,15400.0,CE
2021-04-08 14:15:00,0.15,0.15,0.15,0.15,87675,2168400,15400.0,CE
2021-04-08 14:16:00,0.15,0.15,0.1,0.15,26775,2168400,15400.0,CE
2021-04-08 14:17:00,0.15,0.15,0.1,0.1,24300,2168400,15400.0,CE
2021-04-08 14:18:00,0.15,0.15,0.1,0.15,3675,2150550,15400.0,CE
2021-04-08 14:19:00,0.15,0.15,0.1,0.1,18525,2150550,15400.0,CE
2021-04-08 14:20:00,0.15,0.15,0.1,0.1,3225,2150550,15400.0,CE
2021-04-08 14:21:00,0.1,0.15,0.1,0.15,5100,2148750,15400.0,CE
2021-04-08 14:22:00,0.15,0.15,0.1,0.15,27300,2148750,15400.0,CE
2021-04-08 14:23:00,0.15,0.15,0.15,0.15,3675,2148750,15400.0,CE
2021-04-08 14:24:00,0.15,0.15,0.1,0.1,7350,2148375,15400.0,CE
2021-04-08 14:25:00,0.1,0.15,0.1,0.15,9150,2148375,15400.0,CE
2021-04-08 14:26:00,0.15,0.2,0.15,0.2,9300,2148375,15400.0,CE
2021-04-08 14:27:00,0.15,0.2,0.15,0.2,4050,2148375,15400.0,CE
2021-04-08 14:28:00,0.15,0.2,0.15,0.2,9525,2145675,15400.0,CE
2021-04-08 14:29:00,0.2,0.2,0.2,0.2,21225,2145675,15400.0,CE
2021-04-08 14:30:00,0.15,0.2,0.15,0.2,3600,2156475,15400.0,CE
2021-04-08 14:31:00,0.2,0.2,0.15,0.2,14850,2156475,15400.0,CE
2021-04-08 14:32:00,0.15,0.2,0.15,0.15,2400,2156475,15400.0,CE
2021-04-08 14:33:00,0.15,0.2,0.15,0.2,6375,2153250,15400.0,CE
2021-04-08 14:34:00,0.2,0.2,0.15,0.15,10650,2153250,15400.0,CE
2021-04-08 14:35:00,0.25,0.25,0.2,0.2,26625,2153250,15400.0,CE
2021-04-08 14:36:00,0.25,0.25,0.25,0.25,30000,2154900,15400.0,CE
2021-04-08 14:37:00,0.25,0.25,0.2,0.2,8850,2154900,15400.0,CE
2021-04-08 14:38:00,0.25,0.25,0.2,0.25,9450,2154900,15400.0,CE
2021-04-08 14:39:00,0.2,0.2,0.2,0.2,7650,2170500,15400.0,CE
2021-04-08 14:40:00,0.2,0.25,0.2,0.2,11325,2170500,15400.0,CE
2021-04-08 14:41:00,0.2,0.25,0.2,0.25,10125,2170500,15400.0,CE
2021-04-08 14:42:00,0.2,0.25,0.2,0.2,6225,2165850,15400.0,CE
2021-04-08 14:43:00,0.2,0.2,0.15,0.15,8775,2165850,15400.0,CE
2021-04-08 14:44:00,0.15,0.2,0.15,0.15,19650,2165850,15400.0,CE
2021-04-08 14:45:00,0.15,0.2,0.1,0.1,15000,2141025,15400.0,CE
2021-04-08 14:46:00,0.15,0.15,0.1,0.1,2025,2141025,15400.0,CE
2021-04-08 14:47:00,0.15,0.15,0.1,0.1,2925,2141025,15400.0,CE
2021-04-08 14:48:00,0.15,0.15,0.1,0.1,825,2141025,15400.0,CE
2021-04-08 14:49:00,0.15,0.15,0.1,0.1,73725,2130825,15400.0,CE
2021-04-08 14:50:00,0.1,0.15,0.1,0.1,18075,2130825,15400.0,CE
2021-04-08 14:51:00,0.15,0.15,0.1,0.15,5025,2122350,15400.0,CE
2021-04-08 14:52:00,0.15,0.15,0.1,0.15,12075,2122350,15400.0,CE
2021-04-08 14:53:00,0.1,0.15,0.1,0.1,10200,2122350,15400.0,CE
2021-04-08 14:54:00,0.15,0.15,0.1,0.1,35700,2122350,15400.0,CE
2021-04-08 14:55:00,0.15,0.15,0.1,0.1,10650,2106075,15400.0,CE
2021-04-08 14:56:00,0.1,0.15,0.1,0.1,3450,2106075,15400.0,CE
2021-04-08 14:57:00,0.1,0.15,0.1,0.1,7275,2065950,15400.0,CE
2021-04-08 14:58:00,0.1,0.1,0.1,0.1,9750,2065950,15400.0,CE
2021-04-08 14:59:00,0.15,0.15,0.1,0.15,41850,2065950,15400.0,CE
2021-04-08 15:00:00,0.1,0.15,0.1,0.15,13425,2053050,15400.0,CE
2021-04-08 15:01:00,0.15,0.15,0.1,0.1,3525,2053050,15400.0,CE
2021-04-08 15:02:00,0.1,0.1,0.1,0.1,12600,2053050,15400.0,CE
2021-04-08 15:03:00,0.1,0.15,0.1,0.15,11325,2034225,15400.0,CE
2021-04-08 15:04:00,0.1,0.15,0.1,0.1,50100,2034225,15400.0,CE
2021-04-08 15:05:00,0.1,0.1,0.1,0.1,12525,2034225,15400.0,CE
2021-04-08 15:06:00,0.1,0.15,0.1,0.1,16125,2034225,15400.0,CE
2021-04-08 15:07:00,0.1,0.15,0.1,0.1,5550,1952850,15400.0,CE
2021-04-08 15:08:00,0.1,0.15,0.1,0.1,22500,1952850,15400.0,CE
2021-04-08 15:09:00,0.1,0.1,0.05,0.05,14700,1952850,15400.0,CE
2021-04-08 15:10:00,0.05,0.1,0.05,0.1,49500,1933050,15400.0,CE
2021-04-08 15:11:00,0.05,0.05,0.05,0.05,4125,1933050,15400.0,CE
2021-04-08 15:12:00,0.05,0.1,0.05,0.1,19125,1893825,15400.0,CE
2021-04-08 15:13:00,0.1,0.1,0.05,0.05,9075,1893825,15400.0,CE
2021-04-08 15:14:00,0.05,0.1,0.05,0.05,22050,1893825,15400.0,CE
2021-04-08 15:15:00,0.05,0.1,0.05,0.1,32475,1873950,15400.0,CE
2021-04-08 15:16:00,0.05,0.1,0.05,0.05,30600,1873950,15400.0,CE
2021-04-08 15:17:00,0.05,0.05,0.05,0.05,89475,1873950,15400.0,CE
2021-04-08 15:18:00,0.05,0.05,0.05,0.05,75,1873950,15400.0,CE
2021-04-08 15:19:00,0.05,0.05,0.05,0.05,750,1811700,15400.0,CE
2021-04-08 15:21:00,0.05,0.05,0.05,0.05,150,1811700,15400.0,CE
2021-04-08 15:24:00,0.05,0.05,0.05,0.05,1875,1811325,15400.0,CE
2021-04-08 15:25:00,0.05,0.05,0.05,0.05,825,1817175,15400.0,CE
2021-04-08 15:26:00,0.05,0.05,0.05,0.05,75,1817175,15400.0,CE
2021-04-08 15:28:00,0.05,0.05,0.05,0.05,150,1823400,15400.0,CE
2021-04-08 15:29:00,0.05,0.05,0.05,0.05,3000,1823400,15400.0,CE
