timestamp,open,high,low,close,volume,oi,strike,option_type
2023-01-09 13:58:00,196.5,196.5,196.5,196.5,51,0,18250.0,CE
2023-01-09 14:01:00,230.65,230.65,230.65,230.65,50,50,18250.0,CE
2023-01-09 14:40:00,230.65,230.65,230.65,230.65,50,100,18250.0,CE
2023-01-09 14:53:00,220.2,220.2,219.9,219.9,150,150,18250.0,CE
2023-01-10 09:36:00,200.0,200.0,200.0,200.0,51,250,18250.0,CE
2023-01-10 10:37:00,196.75,196.75,196.75,196.75,50,250,18250.0,CE
2023-01-10 11:23:00,190.15,190.15,190.15,190.15,50,250,18250.0,CE
2023-01-10 12:41:00,169.9,169.9,169.9,169.9,50,300,18250.0,CE
2023-01-10 12:47:00,169.9,169.9,169.9,169.9,50,300,18250.0,CE
2023-01-10 12:48:00,162.2,162.2,162.2,162.2,150,350,18250.0,CE
2023-01-10 12:58:00,159.95,159.95,159.95,159.95,100,400,18250.0,CE
2023-01-10 12:59:00,158.8,159.15,158.8,159.15,300,400,18250.0,CE
2023-01-10 13:06:00,162.9,165.95,162.9,165.95,600,850,18250.0,CE
2023-01-10 13:07:00,166.0,166.0,166.0,166.0,450,850,18250.0,CE
2023-01-10 13:13:00,162.5,162.5,162.45,162.45,250,1850,18250.0,CE
2023-01-10 13:26:00,162.5,162.5,162.5,162.5,50,2100,18250.0,CE
2023-01-10 13:29:00,162.45,162.45,162.45,162.45,150,2150,18250.0,CE
2023-01-10 13:40:00,158.25,158.25,158.25,158.25,650,2300,18250.0,CE
2023-01-10 13:47:00,158.25,158.25,158.25,158.25,50,2950,18250.0,CE
2023-01-10 14:07:00,158.25,158.25,158.25,158.25,50,2950,18250.0,CE
2023-01-10 14:31:00,153.0,153.0,153.0,153.0,150,3000,18250.0,CE
2023-01-10 14:34:00,152.6,152.6,152.6,152.6,50,3150,18250.0,CE
2023-01-10 14:39:00,150.9,150.9,150.9,150.9,500,3200,18250.0,CE
2023-01-10 15:08:00,150.9,150.9,150.9,150.9,50,3700,18250.0,CE
2023-01-10 15:16:00,161.1,161.1,160.6,160.6,200,3750,18250.0,CE
2023-01-10 15:24:00,165.9,165.9,165.9,165.9,50,3950,18250.0,CE
2023-01-10 15:26:00,161.6,161.6,161.6,161.6,50,3950,18250.0,CE
2023-01-11 09:23:00,145.0,145.0,145.0,145.0,151,3950,18250.0,CE
2023-01-11 10:29:00,167.65,167.65,167.65,167.65,50,4100,18250.0,CE
2023-01-11 10:49:00,176.05,176.05,176.05,176.05,50,4100,18250.0,CE
2023-01-11 11:21:00,176.05,176.05,176.05,176.05,50,4150,18250.0,CE
2023-01-11 12:03:00,173.95,173.95,173.95,173.95,250,4200,18250.0,CE
2023-01-11 12:11:00,164.35,164.35,164.35,164.35,50,4400,18250.0,CE
2023-01-11 12:30:00,162.0,162.0,162.0,162.0,50,4400,18250.0,CE
2023-01-11 14:05:00,145.3,145.3,145.3,145.3,150,4450,18250.0,CE
2023-01-11 14:19:00,134.9,134.9,134.9,134.9,100,4600,18250.0,CE
2023-01-11 14:20:00,134.9,134.9,134.9,134.9,50,4600,18250.0,CE
2023-01-11 14:25:00,150.0,150.0,150.0,150.0,100,4750,18250.0,CE
2023-01-11 14:33:00,153.0,153.0,153.0,153.0,50,4850,18250.0,CE
2023-01-11 14:53:00,153.4,153.8,153.4,153.8,100,4900,18250.0,CE
2023-01-11 14:54:00,154.5,154.5,154.5,154.5,50,4900,18250.0,CE
2023-01-11 14:57:00,154.3,154.3,154.3,154.3,100,5000,18250.0,CE
2023-01-11 14:58:00,160.6,162.0,160.6,162.0,100,5000,18250.0,CE
2023-01-11 15:01:00,155.9,155.9,155.9,155.9,50,4850,18250.0,CE
2023-01-11 15:06:00,146.45,146.45,146.45,146.45,50,4900,18250.0,CE
2023-01-11 15:21:00,145.6,145.6,145.6,145.6,100,4950,18250.0,CE
2023-01-12 09:27:00,143.05,143.05,143.0,143.0,202,5050,18250.0,CE
2023-01-12 09:31:00,152.0,152.0,152.0,152.0,50,5250,18250.0,CE
2023-01-12 09:32:00,153.85,153.85,153.85,153.85,50,5250,18250.0,CE
2023-01-12 10:01:00,153.85,153.85,148.05,148.05,200,5200,18250.0,CE
2023-01-12 10:16:00,132.0,132.0,132.0,132.0,250,5050,18250.0,CE
2023-01-12 10:17:00,130.0,130.0,130.0,130.0,50,5050,18250.0,CE
2023-01-12 10:18:00,130.0,130.0,130.0,130.0,50,5050,18250.0,CE
2023-01-12 10:27:00,133.4,133.4,133.4,133.4,300,5050,18250.0,CE
2023-01-12 10:28:00,128.05,128.05,128.05,128.05,50,5050,18250.0,CE
2023-01-12 10:44:00,128.05,128.05,128.05,128.05,50,5050,18250.0,CE
2023-01-12 11:02:00,132.85,132.85,132.85,132.85,300,5050,18250.0,CE
2023-01-12 11:27:00,121.9,121.9,121.9,121.9,400,4750,18250.0,CE
2023-01-12 11:36:00,131.2,131.2,131.2,131.2,150,5150,18250.0,CE
2023-01-12 11:40:00,126.1,126.1,126.1,126.1,400,5000,18250.0,CE
2023-01-12 11:54:00,117.05,117.05,117.05,117.05,50,5400,18250.0,CE
2023-01-12 11:55:00,117.0,117.0,117.0,117.0,150,5400,18250.0,CE
2023-01-12 12:25:00,117.0,117.0,117.0,117.0,100,5600,18250.0,CE
2023-01-12 13:43:00,94.45,94.45,94.45,94.45,50,5600,18250.0,CE
2023-01-12 15:13:00,94.45,128.0,94.45,126.0,450,5750,18250.0,CE
2023-01-12 15:20:00,113.4,113.4,113.4,113.4,50,5900,18250.0,CE
2023-01-13 09:17:00,132.0,132.0,132.0,132.0,51,0,18250.0,CE
2023-01-13 09:19:00,120.0,120.0,120.0,120.0,50,5900,18250.0,CE
2023-01-13 09:25:00,107.9,107.9,107.9,107.9,50,5900,18250.0,CE
2023-01-13 09:28:00,107.9,107.9,107.9,107.9,50,5950,18250.0,CE
2023-01-13 09:39:00,115.9,115.9,115.9,115.9,150,6000,18250.0,CE
2023-01-13 09:43:00,105.0,105.0,105.0,105.0,150,6050,18250.0,CE
2023-01-13 09:45:00,102.8,103.3,102.2,103.3,650,6100,18250.0,CE
2023-01-13 09:46:00,103.7,106.8,103.7,105.5,350,6100,18250.0,CE
2023-01-13 09:47:00,107.45,107.45,107.45,107.45,50,7100,18250.0,CE
2023-01-13 09:48:00,107.0,107.0,106.35,106.4,400,7100,18250.0,CE
2023-01-13 09:49:00,105.9,105.9,105.9,105.9,200,7100,18250.0,CE
2023-01-13 09:50:00,105.65,106.35,105.65,106.35,600,7950,18250.0,CE
2023-01-13 09:52:00,109.75,109.75,109.75,109.75,100,7950,18250.0,CE
2023-01-13 09:57:00,104.85,104.85,104.85,104.85,150,8450,18250.0,CE
2023-01-13 09:59:00,105.7,105.7,105.7,105.7,150,8450,18250.0,CE
2023-01-13 10:01:00,107.9,107.9,107.9,107.9,150,8750,18250.0,CE
2023-01-13 10:03:00,106.6,106.6,106.6,106.6,50,8900,18250.0,CE
2023-01-13 10:09:00,103.4,103.4,103.4,103.4,50,8950,18250.0,CE
2023-01-13 10:23:00,108.6,108.6,108.6,108.6,100,9000,18250.0,CE
2023-01-13 10:25:00,111.3,111.3,111.3,111.3,50,9000,18250.0,CE
2023-01-13 10:28:00,109.4,109.4,109.4,109.4,50,9000,18250.0,CE
2023-01-13 10:37:00,107.45,107.45,107.45,107.45,50,9000,18250.0,CE
2023-01-13 10:39:00,111.9,111.9,111.9,111.9,50,9050,18250.0,CE
2023-01-13 10:43:00,111.9,111.9,111.9,111.9,100,9050,18250.0,CE
2023-01-13 10:48:00,110.0,112.0,110.0,112.0,150,9050,18250.0,CE
2023-01-13 10:53:00,110.0,110.0,110.0,110.0,100,9200,18250.0,CE
2023-01-13 10:55:00,110.9,110.9,110.9,110.9,50,9300,18250.0,CE
2023-01-13 10:59:00,107.8,108.25,107.8,108.25,250,9300,18250.0,CE
2023-01-13 11:01:00,110.0,110.0,110.0,110.0,50,9550,18250.0,CE
2023-01-13 11:09:00,114.5,114.5,114.5,114.5,150,9600,18250.0,CE
2023-01-13 11:26:00,114.25,114.25,114.25,114.25,50,9600,18250.0,CE
2023-01-13 11:33:00,109.0,109.0,109.0,109.0,50,9600,18250.0,CE
2023-01-13 11:47:00,111.0,111.0,111.0,111.0,50,9600,18250.0,CE
2023-01-13 11:55:00,115.3,115.3,115.3,115.3,500,9600,18250.0,CE
2023-01-13 12:00:00,111.9,111.9,111.9,111.9,100,9700,18250.0,CE
2023-01-13 12:03:00,114.3,114.3,114.3,114.3,100,9600,18250.0,CE
2023-01-13 12:10:00,116.5,116.5,116.5,116.5,100,9700,18250.0,CE
2023-01-13 12:13:00,117.8,117.8,117.8,117.8,50,9700,18250.0,CE
2023-01-13 12:16:00,120.8,120.8,120.8,120.8,100,9700,18250.0,CE
2023-01-13 12:17:00,121.05,121.05,121.05,121.05,100,9700,18250.0,CE
2023-01-13 12:18:00,122.45,122.45,122.45,122.45,50,9700,18250.0,CE
2023-01-13 12:21:00,125.1,125.1,125.1,125.1,50,9750,18250.0,CE
2023-01-13 12:32:00,130.0,130.0,130.0,130.0,600,9800,18250.0,CE
2023-01-13 12:33:00,129.85,129.85,129.85,129.85,50,10100,18250.0,CE
2023-01-13 12:34:00,131.1,131.1,131.1,131.1,50,10100,18250.0,CE
2023-01-13 12:36:00,129.0,129.0,129.0,129.0,50,10100,18250.0,CE
2023-01-13 12:49:00,140.4,140.4,140.4,140.4,50,10100,18250.0,CE
2023-01-13 12:50:00,146.55,147.55,146.55,147.55,100,10100,18250.0,CE
2023-01-13 12:51:00,149.35,149.35,149.35,149.35,50,10000,18250.0,CE
2023-01-13 12:57:00,149.35,149.35,146.15,147.2,1350,9950,18250.0,CE
2023-01-13 12:59:00,148.45,148.65,148.45,148.65,150,9950,18250.0,CE
2023-01-13 13:04:00,149.95,149.95,149.95,149.95,50,9700,18250.0,CE
2023-01-13 13:05:00,151.2,151.2,151.2,151.2,50,9700,18250.0,CE
2023-01-13 13:09:00,151.2,151.2,151.2,151.2,50,9700,18250.0,CE
2023-01-13 13:11:00,152.0,155.0,152.0,155.0,200,9650,18250.0,CE
2023-01-13 13:12:00,158.65,158.65,158.65,158.65,50,9550,18250.0,CE
2023-01-13 13:13:00,158.65,158.65,158.65,158.65,50,9550,18250.0,CE
2023-01-13 13:17:00,160.8,161.0,160.8,161.0,100,9600,18250.0,CE
2023-01-13 13:28:00,161.0,161.0,161.0,161.0,100,9600,18250.0,CE
2023-01-13 13:30:00,158.95,158.95,158.95,158.95,50,9600,18250.0,CE
2023-01-13 13:31:00,153.95,155.65,153.95,155.65,100,9550,18250.0,CE
2023-01-13 13:35:00,154.55,154.55,154.55,154.55,100,9600,18250.0,CE
2023-01-13 13:36:00,150.2,150.5,150.2,150.5,100,9600,18250.0,CE
2023-01-13 13:37:00,153.1,153.1,153.1,153.1,50,9600,18250.0,CE
2023-01-13 13:41:00,157.25,157.25,157.25,157.25,50,9600,18250.0,CE
2023-01-13 13:42:00,158.5,158.6,158.5,158.6,100,9600,18250.0,CE
2023-01-13 13:43:00,160.4,165.65,160.4,165.65,200,9600,18250.0,CE
2023-01-13 13:44:00,165.65,165.65,165.65,165.65,50,9600,18250.0,CE
2023-01-13 13:45:00,163.4,163.4,161.5,161.5,100,9550,18250.0,CE
2023-01-13 13:46:00,163.6,163.6,163.6,163.6,150,9550,18250.0,CE
2023-01-13 13:47:00,164.9,164.9,164.9,164.9,200,9550,18250.0,CE
2023-01-13 13:51:00,161.0,165.0,161.0,165.0,250,9350,18250.0,CE
2023-01-13 13:52:00,167.6,167.6,167.6,167.6,600,9350,18250.0,CE
2023-01-13 13:53:00,166.95,167.0,166.95,167.0,400,9350,18250.0,CE
2023-01-13 13:54:00,165.75,165.75,165.75,165.75,450,9350,18250.0,CE
2023-01-13 13:55:00,165.1,165.1,165.1,165.1,100,8100,18250.0,CE
2023-01-13 13:56:00,163.5,163.5,163.5,163.5,250,8100,18250.0,CE
2023-01-13 14:07:00,165.0,165.0,165.0,165.0,200,8100,18250.0,CE
2023-01-13 14:09:00,169.15,170.0,169.15,170.0,150,8150,18250.0,CE
2023-01-13 14:13:00,170.0,170.0,170.0,170.0,300,8150,18250.0,CE
2023-01-13 14:14:00,165.1,165.1,165.1,165.1,50,8150,18250.0,CE
2023-01-13 14:20:00,162.3,162.3,161.3,161.3,100,8100,18250.0,CE
2023-01-13 14:24:00,160.5,160.5,160.5,160.5,50,8100,18250.0,CE
2023-01-13 14:26:00,158.15,158.15,156.05,156.05,600,8100,18250.0,CE
2023-01-13 14:27:00,155.3,155.3,155.0,155.0,100,8500,18250.0,CE
2023-01-13 14:32:00,150.05,150.05,150.05,150.05,50,8500,18250.0,CE
2023-01-13 14:33:00,155.95,155.95,155.95,155.95,50,8450,18250.0,CE
2023-01-13 14:35:00,155.95,155.95,155.95,155.95,50,8450,18250.0,CE
2023-01-13 14:36:00,155.15,155.15,155.15,155.15,50,8450,18250.0,CE
2023-01-13 14:39:00,151.75,151.75,148.2,148.2,200,8500,18250.0,CE
2023-01-13 14:46:00,154.85,154.85,154.85,154.85,50,8550,18250.0,CE
2023-01-13 14:53:00,149.4,149.4,149.4,149.4,50,8600,18250.0,CE
2023-01-13 14:57:00,152.0,152.0,152.0,152.0,100,8650,18250.0,CE
2023-01-13 15:02:00,154.0,154.0,154.0,154.0,50,8650,18250.0,CE
2023-01-13 15:05:00,141.0,141.0,140.0,140.0,100,8700,18250.0,CE
2023-01-13 15:06:00,139.9,139.9,139.9,139.9,50,8700,18250.0,CE
2023-01-13 15:07:00,145.0,145.0,145.0,145.0,50,8750,18250.0,CE
2023-01-13 15:14:00,146.0,146.0,146.0,146.0,50,8750,18250.0,CE
2023-01-13 15:18:00,145.3,145.3,145.3,145.3,50,8750,18250.0,CE
2023-01-13 15:26:00,146.55,146.55,146.4,146.4,300,8750,18250.0,CE
2023-01-13 15:27:00,146.5,146.5,146.5,146.5,100,8750,18250.0,CE
2023-01-13 15:28:00,145.35,145.35,145.35,145.35,150,9100,18250.0,CE
2023-01-13 15:29:00,146.3,146.3,146.3,146.3,50,9100,18250.0,CE
2023-01-16 09:16:00,160.45,160.45,160.45,160.45,51,9250,18250.0,CE
2023-01-16 09:18:00,164.9,168.95,164.9,168.95,100,9250,18250.0,CE
2023-01-16 09:19:00,168.95,168.95,168.95,168.95,50,9250,18250.0,CE
2023-01-16 09:20:00,157.6,157.95,157.6,157.95,100,9250,18250.0,CE
2023-01-16 09:21:00,155.0,155.0,155.0,155.0,100,9300,18250.0,CE
2023-01-16 09:22:00,150.0,150.0,149.4,149.4,100,9300,18250.0,CE
2023-01-16 09:23:00,149.4,149.4,149.4,149.4,50,9300,18250.0,CE
2023-01-16 09:24:00,155.0,155.0,155.0,155.0,50,9300,18250.0,CE
2023-01-16 09:26:00,146.3,146.3,146.3,146.3,50,9300,18250.0,CE
2023-01-16 09:32:00,146.3,146.3,146.3,146.3,50,9300,18250.0,CE
2023-01-16 09:33:00,146.6,146.6,146.6,146.6,50,9300,18250.0,CE
2023-01-16 09:36:00,137.2,137.2,137.2,137.2,150,9300,18250.0,CE
2023-01-16 09:37:00,141.0,141.0,141.0,141.0,50,9300,18250.0,CE
2023-01-16 09:40:00,149.95,149.95,149.95,149.95,500,9200,18250.0,CE
2023-01-16 09:41:00,149.4,149.4,146.1,146.45,200,9200,18250.0,CE
2023-01-16 09:44:00,148.45,148.45,147.35,147.35,100,9200,18250.0,CE
2023-01-16 09:47:00,143.15,143.15,143.15,143.15,50,9200,18250.0,CE
2023-01-16 09:48:00,141.75,141.75,141.75,141.75,150,9200,18250.0,CE
2023-01-16 09:49:00,135.0,135.0,135.0,135.0,100,9200,18250.0,CE
2023-01-16 09:50:00,135.0,135.0,135.0,135.0,50,9200,18250.0,CE
2023-01-16 09:51:00,132.0,132.0,132.0,132.0,150,9100,18250.0,CE
2023-01-16 09:52:00,132.0,132.0,132.0,132.0,250,9100,18250.0,CE
2023-01-16 09:54:00,136.5,136.5,136.45,136.45,300,8750,18250.0,CE
2023-01-16 09:56:00,141.95,141.95,141.95,141.95,50,8750,18250.0,CE
2023-01-16 10:00:00,143.0,143.0,143.0,143.0,50,9000,18250.0,CE
2023-01-16 10:01:00,144.95,144.95,144.95,144.95,50,9000,18250.0,CE
2023-01-16 10:07:00,141.55,141.55,136.8,136.8,100,9000,18250.0,CE
2023-01-16 10:11:00,142.0,142.0,142.0,142.0,50,9050,18250.0,CE
2023-01-16 10:16:00,137.0,137.0,137.0,137.0,50,9050,18250.0,CE
2023-01-16 10:18:00,134.8,134.8,134.8,134.8,50,9050,18250.0,CE
2023-01-16 10:19:00,136.1,136.1,135.25,135.25,100,9050,18250.0,CE
2023-01-16 10:23:00,138.4,138.4,138.4,138.4,50,9050,18250.0,CE
2023-01-16 10:25:00,138.4,139.1,138.4,139.1,100,9050,18250.0,CE
2023-01-16 10:27:00,142.2,142.2,142.2,142.2,50,9050,18250.0,CE
2023-01-16 10:29:00,137.7,137.7,137.7,137.7,50,9050,18250.0,CE
2023-01-16 10:31:00,135.7,135.7,135.7,135.7,50,9050,18250.0,CE
2023-01-16 10:39:00,139.8,139.8,139.8,139.8,50,9050,18250.0,CE
2023-01-16 10:46:00,139.0,139.0,139.0,139.0,100,9050,18250.0,CE
2023-01-16 10:52:00,139.0,139.0,139.0,139.0,50,9050,18250.0,CE
2023-01-16 10:59:00,139.95,139.95,139.95,139.95,100,9050,18250.0,CE
2023-01-16 11:05:00,134.3,134.3,134.3,134.3,50,9050,18250.0,CE
2023-01-16 11:15:00,130.0,130.0,130.0,130.0,50,9100,18250.0,CE
2023-01-16 11:18:00,128.2,128.2,128.2,128.2,100,9100,18250.0,CE
2023-01-16 11:34:00,128.2,128.2,128.2,128.2,50,9200,18250.0,CE
2023-01-16 11:35:00,125.45,125.45,125.45,125.45,50,9200,18250.0,CE
2023-01-16 11:38:00,125.45,125.45,125.45,125.45,50,9250,18250.0,CE
2023-01-16 12:06:00,123.9,123.9,123.9,123.9,200,9250,18250.0,CE
2023-01-16 12:08:00,123.9,125.2,123.9,125.1,300,9250,18250.0,CE
2023-01-16 12:09:00,125.3,125.3,125.3,125.3,150,9750,18250.0,CE
2023-01-16 12:10:00,125.7,126.25,125.35,126.2,600,9750,18250.0,CE
2023-01-16 12:11:00,125.25,125.25,124.45,124.45,1400,9750,18250.0,CE
2023-01-16 12:12:00,124.55,124.55,123.85,123.85,450,11900,18250.0,CE
2023-01-16 12:13:00,123.75,123.75,123.75,123.75,50,11900,18250.0,CE
2023-01-16 12:16:00,121.3,121.3,121.3,121.3,100,12400,18250.0,CE
2023-01-16 12:17:00,120.7,120.7,120.7,120.7,1100,12400,18250.0,CE
2023-01-16 12:18:00,120.9,120.9,120.0,120.0,250,12400,18250.0,CE
2023-01-16 12:23:00,118.05,118.05,118.05,118.05,50,12500,18250.0,CE
2023-01-16 12:25:00,118.05,118.05,118.05,118.05,100,12500,18250.0,CE
2023-01-16 12:30:00,120.0,120.0,120.0,120.0,100,12600,18250.0,CE
2023-01-16 12:34:00,118.4,118.4,118.4,118.4,50,12500,18250.0,CE
2023-01-16 12:38:00,122.8,122.8,122.8,122.8,100,12500,18250.0,CE
2023-01-16 12:41:00,119.95,121.6,119.8,119.8,2100,12500,18250.0,CE
2023-01-16 12:42:00,121.0,121.0,121.0,121.0,50,12500,18250.0,CE
2023-01-16 12:44:00,119.65,119.65,119.65,119.65,100,12500,18250.0,CE
2023-01-16 12:45:00,119.7,119.7,119.1,119.1,200,12600,18250.0,CE
2023-01-16 12:57:00,116.85,116.85,116.85,116.85,100,12800,18250.0,CE
2023-01-16 13:06:00,116.85,116.85,116.85,116.85,100,12900,18250.0,CE
2023-01-16 13:07:00,122.5,122.5,122.5,122.5,50,12900,18250.0,CE
2023-01-16 13:08:00,123.05,123.05,123.05,123.05,400,12900,18250.0,CE
2023-01-16 13:12:00,127.0,127.0,126.8,126.8,150,13000,18250.0,CE
2023-01-16 13:14:00,124.35,124.35,124.35,124.35,1000,13000,18250.0,CE
2023-01-16 13:15:00,129.25,129.25,129.25,129.25,50,13100,18250.0,CE
2023-01-16 13:17:00,125.9,127.7,125.9,127.7,100,13100,18250.0,CE
2023-01-16 13:19:00,129.1,129.1,129.1,129.1,50,13100,18250.0,CE
2023-01-16 13:21:00,126.7,126.7,126.7,126.7,100,13100,18250.0,CE
2023-01-16 13:22:00,126.25,126.25,126.25,126.25,100,13100,18250.0,CE
2023-01-16 13:29:00,128.0,128.0,128.0,128.0,50,13200,18250.0,CE
2023-01-16 13:45:00,117.55,117.55,117.55,117.55,50,13200,18250.0,CE
2023-01-16 13:46:00,118.05,118.05,118.05,118.05,100,13200,18250.0,CE
2023-01-16 13:48:00,119.9,119.9,119.05,119.05,400,13500,18250.0,CE
2023-01-16 13:51:00,116.05,116.05,116.05,116.05,250,13700,18250.0,CE
2023-01-16 13:53:00,114.0,114.0,114.0,114.0,200,13700,18250.0,CE
2023-01-16 13:54:00,115.1,115.1,114.75,114.75,200,14050,18250.0,CE
2023-01-16 13:55:00,114.65,114.65,114.65,114.65,300,14050,18250.0,CE
2023-01-16 13:56:00,114.0,114.0,111.95,111.95,400,14050,18250.0,CE
2023-01-16 13:57:00,109.05,110.55,109.05,110.55,250,14950,18250.0,CE
2023-01-16 13:58:00,109.6,109.6,109.6,109.6,50,14950,18250.0,CE
2023-01-16 14:01:00,106.1,106.8,106.1,106.8,150,14950,18250.0,CE
2023-01-16 14:02:00,107.55,107.55,107.55,107.55,50,14950,18250.0,CE
2023-01-16 14:05:00,110.6,112.35,110.6,111.55,400,15050,18250.0,CE
2023-01-16 14:14:00,112.3,112.3,112.3,112.3,50,15050,18250.0,CE
2023-01-16 14:15:00,112.7,112.95,112.7,112.95,600,14950,18250.0,CE
2023-01-16 14:18:00,113.6,113.6,113.6,113.6,150,14950,18250.0,CE
2023-01-16 14:26:00,109.9,109.9,109.9,109.9,50,14300,18250.0,CE
2023-01-16 14:29:00,111.4,111.4,111.4,111.4,500,14350,18250.0,CE
2023-01-16 14:31:00,114.0,114.0,114.0,114.0,50,13900,18250.0,CE
2023-01-16 14:32:00,114.0,114.0,114.0,114.0,100,13900,18250.0,CE
2023-01-16 14:35:00,114.0,114.0,114.0,114.0,100,13900,18250.0,CE
2023-01-16 14:44:00,113.0,113.0,111.25,111.25,100,13800,18250.0,CE
2023-01-16 14:45:00,110.55,110.55,110.4,110.4,350,13800,18250.0,CE
2023-01-16 14:54:00,110.4,110.4,109.0,109.0,150,13450,18250.0,CE
2023-01-16 14:55:00,109.6,109.6,109.6,109.6,200,13450,18250.0,CE
2023-01-16 15:10:00,114.1,114.1,114.1,114.1,100,13550,18250.0,CE
2023-01-16 15:17:00,113.35,114.1,113.35,114.1,150,13550,18250.0,CE
2023-01-16 15:19:00,115.1,115.1,115.1,115.1,200,13700,18250.0,CE
2023-01-16 15:20:00,115.75,116.95,115.75,116.95,150,13700,18250.0,CE
2023-01-16 15:23:00,115.0,115.0,115.0,115.0,300,13950,18250.0,CE
2023-01-16 15:26:00,115.0,115.0,115.0,115.0,50,14150,18250.0,CE
2023-01-16 15:27:00,110.4,115.55,110.4,115.05,300,14150,18250.0,CE
2023-01-17 09:17:00,111.4,114.3,111.4,114.3,151,14350,18250.0,CE
2023-01-17 09:19:00,118.2,118.2,118.2,118.2,300,14350,18250.0,CE
2023-01-17 09:21:00,119.9,119.9,119.9,119.9,100,14100,18250.0,CE
2023-01-17 09:26:00,128.95,128.95,128.95,128.95,250,14150,18250.0,CE
2023-01-17 09:27:00,129.45,129.5,129.45,129.5,150,14150,18250.0,CE
2023-01-17 09:28:00,127.95,127.95,125.4,125.4,200,14150,18250.0,CE
2023-01-17 09:30:00,131.55,131.55,131.55,131.55,200,13900,18250.0,CE
2023-01-17 09:31:00,131.55,131.55,131.55,131.55,50,13900,18250.0,CE
2023-01-17 09:34:00,133.0,133.35,133.0,133.35,100,13850,18250.0,CE
2023-01-17 09:35:00,137.25,137.25,134.75,134.75,200,13750,18250.0,CE
2023-01-17 09:36:00,134.75,134.75,134.75,134.75,50,13750,18250.0,CE
2023-01-17 09:37:00,133.5,133.5,133.5,133.5,50,13750,18250.0,CE
2023-01-17 09:39:00,136.75,136.75,136.75,136.75,200,13700,18250.0,CE
2023-01-17 09:41:00,134.4,135.0,134.4,135.0,500,13650,18250.0,CE
2023-01-17 09:43:00,132.75,132.75,131.1,131.15,700,13650,18250.0,CE
2023-01-17 09:47:00,131.0,131.0,131.0,131.0,50,12900,18250.0,CE
2023-01-17 09:50:00,140.0,141.85,140.0,141.85,550,12900,18250.0,CE
2023-01-17 09:51:00,142.3,142.3,140.2,140.2,850,12900,18250.0,CE
2023-01-17 09:52:00,140.35,141.45,140.35,141.4,250,12900,18250.0,CE
2023-01-17 09:53:00,142.0,142.0,141.2,141.2,200,12550,18250.0,CE
2023-01-17 09:55:00,142.65,142.65,142.65,142.65,200,12550,18250.0,CE
2023-01-17 09:57:00,142.65,142.65,142.65,142.65,50,12550,18250.0,CE
2023-01-17 09:58:00,142.45,145.0,142.45,145.0,450,12550,18250.0,CE
2023-01-17 10:00:00,146.9,147.25,145.75,147.25,600,12500,18250.0,CE
2023-01-17 10:01:00,147.65,147.65,147.65,147.65,50,12500,18250.0,CE
2023-01-17 10:02:00,147.65,147.65,144.1,144.1,100,12350,18250.0,CE
2023-01-17 10:03:00,144.85,144.85,144.85,144.85,50,12350,18250.0,CE
2023-01-17 10:06:00,148.65,148.65,148.65,148.65,50,12350,18250.0,CE
2023-01-17 10:07:00,148.65,148.65,148.65,148.65,50,12350,18250.0,CE
2023-01-17 10:09:00,142.05,142.05,140.9,140.9,400,12350,18250.0,CE
2023-01-17 10:10:00,141.5,141.5,139.05,139.05,1650,12350,18250.0,CE
2023-01-17 10:11:00,145.05,145.05,145.0,145.0,14150,13150,18250.0,CE
2023-01-17 10:12:00,145.9,145.9,144.85,145.0,500,13150,18250.0,CE
2023-01-17 10:13:00,146.6,147.3,146.2,146.2,150,13150,18250.0,CE
2023-01-17 10:14:00,145.25,145.25,145.25,145.25,50,13150,18250.0,CE
2023-01-17 10:15:00,147.0,147.0,147.0,147.0,50,21300,18250.0,CE
2023-01-17 10:16:00,149.7,149.7,149.7,149.7,50,21300,18250.0,CE
2023-01-17 10:17:00,150.15,150.15,150.15,150.15,350,21200,18250.0,CE
2023-01-17 10:18:00,149.0,149.75,147.75,148.6,800,21200,18250.0,CE
2023-01-17 10:20:00,148.5,148.5,147.5,147.5,250,20750,18250.0,CE
2023-01-17 10:23:00,142.75,143.75,142.75,143.75,1050,20750,18250.0,CE
2023-01-17 10:26:00,140.6,145.0,140.6,145.0,700,20150,18250.0,CE
2023-01-17 10:27:00,142.25,142.25,142.25,142.25,50,20150,18250.0,CE
2023-01-17 10:28:00,140.0,140.85,140.0,140.85,450,20150,18250.0,CE
2023-01-17 10:29:00,144.2,145.95,144.2,145.95,300,20400,18250.0,CE
2023-01-17 10:30:00,146.85,147.9,146.85,147.9,300,20400,18250.0,CE
2023-01-17 10:31:00,146.8,152.95,146.8,152.95,350,20400,18250.0,CE
2023-01-17 10:32:00,152.95,152.95,148.95,148.95,650,20350,18250.0,CE
2023-01-17 10:33:00,150.95,151.3,150.95,151.3,200,20350,18250.0,CE
2023-01-17 10:35:00,149.25,149.25,149.25,149.25,50,20350,18250.0,CE
2023-01-17 10:37:00,149.2,149.2,149.2,149.2,150,20350,18250.0,CE
2023-01-17 10:38:00,146.75,147.75,146.75,147.75,150,20350,18250.0,CE
2023-01-17 10:40:00,149.05,150.25,149.05,150.25,200,20550,18250.0,CE
2023-01-17 10:41:00,150.5,150.5,149.7,149.7,300,20300,18250.0,CE
2023-01-17 10:46:00,149.4,149.4,149.4,149.4,50,20250,18250.0,CE
2023-01-17 10:47:00,142.5,143.8,142.5,143.8,100,20250,18250.0,CE
2023-01-17 10:49:00,140.2,140.2,140.2,140.2,50,20300,18250.0,CE
2023-01-17 10:50:00,136.6,136.6,136.6,136.6,100,20300,18250.0,CE
2023-01-17 10:51:00,135.75,135.75,135.75,135.75,50,20400,18250.0,CE
2023-01-17 10:55:00,140.85,140.85,140.85,140.85,50,20450,18250.0,CE
2023-01-17 10:56:00,135.0,135.0,134.5,134.5,100,20450,18250.0,CE
2023-01-17 10:57:00,132.0,132.0,132.0,132.0,50,20450,18250.0,CE
2023-01-17 10:58:00,132.6,133.05,132.6,133.05,100,20450,18250.0,CE
2023-01-17 11:00:00,134.0,134.45,134.0,134.45,250,20550,18250.0,CE
2023-01-17 11:02:00,137.95,137.95,137.95,137.95,50,20550,18250.0,CE
2023-01-17 11:03:00,136.5,136.5,136.5,136.5,50,20600,18250.0,CE
2023-01-17 11:04:00,132.0,132.0,132.0,132.0,50,20600,18250.0,CE
2023-01-17 11:07:00,130.0,130.0,130.0,130.0,500,20700,18250.0,CE
2023-01-17 11:08:00,132.0,132.0,132.0,132.0,50,20600,18250.0,CE
2023-01-17 11:09:00,132.25,133.75,132.25,133.75,200,20600,18250.0,CE
2023-01-17 11:10:00,134.45,134.45,134.45,134.45,100,20600,18250.0,CE
2023-01-17 11:16:00,133.15,133.15,133.15,133.15,100,20600,18250.0,CE
2023-01-17 11:17:00,130.55,130.55,129.6,130.0,400,20550,18250.0,CE
2023-01-17 11:25:00,131.85,131.85,131.85,131.85,100,20400,18250.0,CE
2023-01-17 11:26:00,132.35,132.35,132.35,132.35,50,20400,18250.0,CE
2023-01-17 11:30:00,135.4,135.4,135.4,135.4,50,20400,18250.0,CE
2023-01-17 11:32:00,138.2,138.2,138.2,138.2,100,20350,18250.0,CE
2023-01-17 11:35:00,142.0,142.0,142.0,142.0,50,20350,18250.0,CE
2023-01-17 11:36:00,141.0,141.0,141.0,141.0,100,20300,18250.0,CE
2023-01-17 11:37:00,141.25,141.25,141.0,141.0,5000,20300,18250.0,CE
2023-01-17 11:38:00,139.75,142.0,139.75,142.0,300,20300,18250.0,CE
2023-01-17 11:39:00,140.95,140.95,140.95,140.95,100,25550,18250.0,CE
2023-01-17 11:41:00,141.5,141.5,141.5,141.5,300,25550,18250.0,CE
2023-01-17 11:43:00,140.55,140.55,140.55,140.55,100,25350,18250.0,CE
2023-01-17 11:44:00,141.4,141.4,141.4,141.4,300,25350,18250.0,CE
2023-01-17 11:47:00,141.6,141.6,141.6,141.6,100,25250,18250.0,CE
2023-01-17 11:48:00,140.75,140.75,139.7,139.7,150,25250,18250.0,CE
2023-01-17 11:49:00,138.9,138.9,138.9,138.9,50,25250,18250.0,CE
2023-01-17 11:50:00,137.75,137.75,137.75,137.75,50,25250,18250.0,CE
2023-01-17 11:51:00,138.5,139.75,138.5,139.75,200,25250,18250.0,CE
2023-01-17 11:53:00,138.9,138.9,138.9,138.9,250,25250,18250.0,CE
2023-01-17 11:55:00,140.25,143.0,140.25,143.0,250,25600,18250.0,CE
2023-01-17 11:57:00,145.6,145.65,145.0,145.0,300,25600,18250.0,CE
2023-01-17 12:00:00,143.4,143.4,143.4,143.4,50,25400,18250.0,CE
2023-01-17 12:02:00,140.3,140.3,140.3,140.3,50,25400,18250.0,CE
2023-01-17 12:05:00,141.2,141.2,141.2,141.2,100,25400,18250.0,CE
2023-01-17 12:07:00,139.6,139.6,139.6,139.6,50,25400,18250.0,CE
2023-01-17 12:12:00,142.6,142.6,142.6,142.6,50,25400,18250.0,CE
2023-01-17 12:16:00,139.8,139.8,139.8,139.8,50,25400,18250.0,CE
2023-01-17 12:18:00,139.85,139.95,139.85,139.95,200,25400,18250.0,CE
2023-01-17 12:19:00,141.5,142.2,140.85,141.95,1500,25400,18250.0,CE
2023-01-17 12:20:00,142.25,142.7,141.75,142.7,950,25400,18250.0,CE
2023-01-17 12:21:00,142.75,142.75,142.75,142.75,50,25350,18250.0,CE
2023-01-17 12:22:00,141.75,141.75,141.75,141.75,100,25350,18250.0,CE
2023-01-17 12:23:00,141.0,141.0,140.05,140.05,250,25350,18250.0,CE
2023-01-17 12:28:00,136.8,136.8,136.8,136.8,100,25350,18250.0,CE
2023-01-17 12:32:00,131.0,131.0,131.0,131.0,150,25350,18250.0,CE
2023-01-17 12:37:00,131.0,131.0,131.0,131.0,50,25400,18250.0,CE
2023-01-17 12:38:00,132.1,132.1,132.1,132.1,50,25400,18250.0,CE
2023-01-17 12:39:00,131.4,131.4,130.35,130.65,200,25450,18250.0,CE
2023-01-17 12:40:00,130.1,130.1,130.0,130.0,200,25450,18250.0,CE
2023-01-17 12:41:00,131.35,131.35,131.35,131.35,150,25450,18250.0,CE
2023-01-17 12:42:00,130.1,130.1,130.1,130.1,50,25700,18250.0,CE
2023-01-17 12:43:00,130.4,130.4,130.4,130.4,50,25700,18250.0,CE
2023-01-17 12:44:00,128.25,128.25,128.0,128.0,8650,25700,18250.0,CE
2023-01-17 12:45:00,128.55,128.55,128.55,128.55,5650,18150,18250.0,CE
2023-01-17 12:48:00,126.65,126.65,126.65,126.65,100,14450,18250.0,CE
2023-01-17 12:51:00,132.65,132.65,132.65,132.65,100,14450,18250.0,CE
2023-01-17 12:54:00,125.7,126.15,124.5,125.55,450,14450,18250.0,CE
2023-01-17 12:55:00,124.7,124.7,124.7,124.7,100,14450,18250.0,CE
2023-01-17 12:56:00,124.85,125.6,124.1,124.5,1050,14450,18250.0,CE
2023-01-17 13:00:00,124.15,124.15,124.15,124.15,250,13550,18250.0,CE
2023-01-17 13:03:00,124.0,124.0,124.0,124.0,50,13450,18250.0,CE
2023-01-17 13:05:00,125.45,125.45,125.45,125.45,50,13450,18250.0,CE
2023-01-17 13:07:00,124.4,124.4,124.4,124.4,150,13450,18250.0,CE
2023-01-17 13:08:00,122.25,122.75,122.25,122.55,400,13450,18250.0,CE
2023-01-17 13:09:00,120.25,120.25,119.8,119.8,250,13450,18250.0,CE
2023-01-17 13:12:00,117.9,118.15,117.9,118.15,200,13400,18250.0,CE
2023-01-17 13:13:00,119.6,119.6,119.6,119.6,100,13400,18250.0,CE
2023-01-17 13:20:00,122.3,122.3,122.3,122.3,100,13200,18250.0,CE
2023-01-17 13:21:00,121.8,121.8,121.8,121.8,100,13100,18250.0,CE
2023-01-17 13:24:00,118.9,118.9,118.0,118.0,100,13050,18250.0,CE
2023-01-17 13:25:00,116.55,116.55,116.2,116.2,300,13050,18250.0,CE
2023-01-17 13:26:00,115.6,115.6,115.6,115.6,50,13050,18250.0,CE
2023-01-17 13:27:00,116.35,116.35,116.35,116.35,50,12800,18250.0,CE
2023-01-17 13:30:00,119.1,119.1,118.55,118.55,200,12850,18250.0,CE
2023-01-17 13:32:00,121.45,121.45,121.45,121.45,100,12850,18250.0,CE
2023-01-17 13:33:00,124.65,124.65,124.65,124.65,200,12800,18250.0,CE
2023-01-17 13:34:00,125.3,126.25,125.3,126.25,250,12800,18250.0,CE
2023-01-17 13:35:00,127.8,128.45,127.1,127.1,150,12800,18250.0,CE
2023-01-17 13:36:00,129.3,129.3,129.3,129.3,150,12650,18250.0,CE
2023-01-17 13:38:00,128.0,128.0,128.0,128.0,150,12650,18250.0,CE
2023-01-17 13:39:00,132.05,132.05,132.05,132.05,200,12650,18250.0,CE
2023-01-17 13:41:00,131.55,131.55,130.8,130.8,250,12650,18250.0,CE
2023-01-17 13:45:00,130.9,130.9,130.0,130.0,100,12550,18250.0,CE
2023-01-17 13:47:00,128.6,128.6,128.6,128.6,50,12550,18250.0,CE
2023-01-17 13:48:00,130.15,130.15,130.0,130.0,150,12500,18250.0,CE
2023-01-17 13:50:00,129.25,129.25,129.25,129.25,50,12500,18250.0,CE
2023-01-17 13:51:00,136.05,136.05,135.3,135.3,100,12500,18250.0,CE
2023-01-17 13:52:00,136.55,137.0,136.5,137.0,200,12500,18250.0,CE
2023-01-17 13:55:00,133.9,134.4,133.9,134.4,150,12300,18250.0,CE
2023-01-17 13:56:00,133.7,133.7,132.45,132.45,300,12300,18250.0,CE
2023-01-17 13:58:00,129.0,129.15,129.0,129.15,100,12500,18250.0,CE
2023-01-17 13:59:00,132.1,132.1,132.1,132.1,50,12500,18250.0,CE
2023-01-17 14:02:00,126.9,126.9,125.3,125.3,100,12550,18250.0,CE
2023-01-17 14:03:00,124.05,124.05,124.05,124.05,100,12500,18250.0,CE
2023-01-17 14:05:00,125.75,126.5,125.75,126.35,1100,12500,18250.0,CE
2023-01-17 14:06:00,126.85,126.85,126.4,126.4,100,12450,18250.0,CE
2023-01-17 14:07:00,125.45,126.6,125.1,125.1,200,12450,18250.0,CE
2023-01-17 14:08:00,124.85,124.85,124.15,124.15,100,12450,18250.0,CE
2023-01-17 14:09:00,123.2,123.2,123.15,123.15,550,12400,18250.0,CE
2023-01-17 14:10:00,122.95,122.95,122.95,122.95,100,12400,18250.0,CE
2023-01-17 14:11:00,126.4,126.4,126.4,126.4,50,12400,18250.0,CE
2023-01-17 14:12:00,127.3,127.3,127.3,127.3,50,12450,18250.0,CE
2023-01-17 14:14:00,128.15,128.55,127.85,128.55,200,12450,18250.0,CE
2023-01-17 14:17:00,131.65,131.65,130.15,130.15,150,12500,18250.0,CE
2023-01-17 14:19:00,132.0,132.0,132.0,132.0,50,12600,18250.0,CE
2023-01-17 14:21:00,132.55,135.0,132.5,134.75,400,12550,18250.0,CE
2023-01-17 14:22:00,132.35,132.35,132.35,132.35,200,12550,18250.0,CE
2023-01-17 14:23:00,132.5,132.5,132.5,132.5,200,12550,18250.0,CE
2023-01-17 14:25:00,132.5,133.9,132.5,133.9,2050,12550,18250.0,CE
2023-01-17 14:26:00,133.15,133.15,133.15,133.15,50,12550,18250.0,CE
2023-01-17 14:27:00,130.3,130.3,130.0,130.0,150,14050,18250.0,CE
2023-01-17 14:28:00,129.5,129.5,128.05,128.75,2500,14050,18250.0,CE
2023-01-17 14:30:00,129.45,129.45,129.45,129.45,50,14050,18250.0,CE
2023-01-17 14:31:00,128.15,128.15,128.15,128.15,50,12450,18250.0,CE
2023-01-17 14:32:00,128.5,128.5,128.5,128.5,500,12450,18250.0,CE
2023-01-17 14:33:00,128.45,128.45,128.45,128.45,400,12600,18250.0,CE
2023-01-17 14:35:00,131.95,131.95,131.95,131.95,50,12600,18250.0,CE
2023-01-17 14:36:00,135.0,135.3,135.0,135.3,550,12400,18250.0,CE
2023-01-17 14:37:00,134.25,136.4,134.25,134.75,350,12400,18250.0,CE
2023-01-17 14:38:00,134.75,134.75,134.75,134.75,100,12400,18250.0,CE
2023-01-17 14:39:00,133.85,133.85,133.85,133.85,50,12800,18250.0,CE
2023-01-17 14:40:00,134.8,134.8,134.8,134.8,100,12800,18250.0,CE
2023-01-17 14:41:00,132.1,132.1,132.1,132.1,50,12800,18250.0,CE
2023-01-17 14:43:00,131.8,131.8,131.8,131.8,50,12900,18250.0,CE
2023-01-17 14:44:00,133.0,133.0,133.0,133.0,150,12900,18250.0,CE
2023-01-17 14:45:00,133.7,133.7,133.7,133.7,200,12950,18250.0,CE
2023-01-17 14:50:00,137.0,137.0,137.0,137.0,150,12750,18250.0,CE
2023-01-17 14:51:00,137.55,137.55,137.55,137.55,150,12900,18250.0,CE
2023-01-17 14:52:00,137.05,137.05,136.15,136.15,150,12900,18250.0,CE
2023-01-17 14:54:00,135.95,136.45,135.95,136.45,100,12850,18250.0,CE
2023-01-17 14:57:00,135.5,135.5,135.5,135.5,100,12850,18250.0,CE
2023-01-17 14:59:00,130.35,133.25,130.35,133.25,250,12850,18250.0,CE
2023-01-17 15:00:00,134.85,144.0,134.85,144.0,1550,12750,18250.0,CE
2023-01-17 15:01:00,146.05,148.15,146.05,148.15,150,12750,18250.0,CE
2023-01-17 15:02:00,146.9,146.9,146.9,146.9,50,12750,18250.0,CE
2023-01-17 15:03:00,148.3,148.3,148.3,148.3,100,13100,18250.0,CE
2023-01-17 15:04:00,148.9,148.9,148.75,148.75,100,13100,18250.0,CE
2023-01-17 15:05:00,148.0,148.0,148.0,148.0,50,13100,18250.0,CE
2023-01-17 15:06:00,150.0,151.15,150.0,151.15,350,12950,18250.0,CE
2023-01-17 15:08:00,152.0,152.4,152.0,152.4,100,12950,18250.0,CE
2023-01-17 15:09:00,149.5,149.5,149.5,149.5,50,12950,18250.0,CE
2023-01-17 15:10:00,150.75,152.25,150.75,152.25,150,13000,18250.0,CE
2023-01-17 15:12:00,153.0,153.0,151.75,151.75,200,13000,18250.0,CE
2023-01-17 15:14:00,152.0,152.1,152.0,152.1,750,13000,18250.0,CE
2023-01-17 15:16:00,150.85,151.0,150.85,151.0,450,13150,18250.0,CE
2023-01-17 15:17:00,151.0,151.0,151.0,151.0,100,13150,18250.0,CE
2023-01-17 15:18:00,152.55,152.55,152.55,152.55,100,13500,18250.0,CE
2023-01-17 15:19:00,153.0,153.0,153.0,153.0,50,13500,18250.0,CE
2023-01-17 15:20:00,155.05,155.05,155.05,155.05,50,13500,18250.0,CE
2023-01-17 15:21:00,155.05,155.05,153.75,153.75,250,13550,18250.0,CE
2023-01-17 15:22:00,153.7,153.7,153.15,153.6,150,13550,18250.0,CE
2023-01-17 15:23:00,155.05,155.05,155.05,155.05,700,13550,18250.0,CE
2023-01-17 15:25:00,153.6,153.6,152.5,152.7,750,12900,18250.0,CE
2023-01-17 15:26:00,152.0,153.15,152.0,153.15,550,12900,18250.0,CE
2023-01-17 15:27:00,151.85,152.3,151.85,152.3,2250,12900,18250.0,CE
2023-01-17 15:28:00,152.7,154.25,152.7,154.25,3450,12900,18250.0,CE
2023-01-17 15:29:00,152.6,154.4,152.6,154.4,250,12900,18250.0,CE
2023-01-18 09:15:00,154.45,154.45,150.85,150.85,302,11750,18250.0,CE
2023-01-18 09:16:00,152.65,159.55,152.65,159.55,300,11750,18250.0,CE
2023-01-18 09:17:00,159.55,163.4,159.55,160.0,550,11750,18250.0,CE
2023-01-18 09:18:00,162.95,164.1,162.95,164.1,350,11750,18250.0,CE
2023-01-18 09:19:00,164.1,164.1,162.0,162.0,300,11750,18250.0,CE
2023-01-18 09:20:00,159.2,159.2,159.2,159.2,200,11750,18250.0,CE
2023-01-18 09:21:00,157.2,157.2,157.2,157.2,50,11850,18250.0,CE
2023-01-18 09:22:00,154.75,158.0,154.75,158.0,100,11850,18250.0,CE
2023-01-18 09:23:00,163.7,163.7,163.7,163.7,150,11800,18250.0,CE
2023-01-18 09:24:00,160.0,160.0,152.4,152.4,150,11800,18250.0,CE
2023-01-18 09:25:00,144.35,144.35,144.35,144.35,50,11800,18250.0,CE
2023-01-18 09:26:00,144.05,146.75,144.05,146.75,250,11750,18250.0,CE
2023-01-18 09:27:00,145.4,147.15,145.4,147.15,150,11750,18250.0,CE
2023-01-18 09:28:00,156.95,156.95,156.95,156.95,50,11750,18250.0,CE
2023-01-18 09:29:00,155.85,155.85,155.85,155.85,50,11800,18250.0,CE
2023-01-18 09:30:00,159.6,160.3,159.6,160.3,100,11800,18250.0,CE
2023-01-18 09:33:00,154.8,154.8,154.8,154.8,50,11850,18250.0,CE
2023-01-18 09:34:00,150.0,150.0,150.0,150.0,100,11850,18250.0,CE
2023-01-18 09:35:00,153.8,153.8,152.8,152.8,150,11800,18250.0,CE
2023-01-18 09:38:00,155.95,158.05,155.95,157.85,350,11800,18250.0,CE
2023-01-18 09:41:00,164.7,164.7,164.7,164.7,50,11700,18250.0,CE
2023-01-18 09:42:00,164.75,164.75,164.75,164.75,100,11700,18250.0,CE
2023-01-18 09:43:00,164.75,164.75,164.75,164.75,250,11700,18250.0,CE
2023-01-18 09:44:00,165.0,165.0,165.0,165.0,550,11950,18250.0,CE
2023-01-18 09:47:00,169.25,169.25,169.25,169.25,50,11950,18250.0,CE
2023-01-18 09:48:00,169.25,169.25,168.8,168.8,100,11950,18250.0,CE
2023-01-18 09:49:00,167.3,167.3,167.3,167.3,50,11950,18250.0,CE
2023-01-18 09:50:00,170.1,170.1,169.05,169.05,500,11800,18250.0,CE
2023-01-18 09:51:00,170.0,170.0,170.0,170.0,50,11800,18250.0,CE
2023-01-18 09:52:00,171.05,171.05,171.05,171.05,100,11800,18250.0,CE
2023-01-18 09:53:00,170.65,170.65,170.65,170.65,50,11800,18250.0,CE
2023-01-18 09:54:00,167.55,167.55,167.55,167.55,100,11750,18250.0,CE
2023-01-18 09:55:00,166.75,166.75,163.25,165.0,350,11750,18250.0,CE
2023-01-18 09:56:00,166.25,168.65,166.25,168.65,100,11800,18250.0,CE
2023-01-18 09:58:00,170.0,170.0,170.0,170.0,50,11800,18250.0,CE
2023-01-18 09:59:00,171.1,171.25,171.1,171.25,100,11800,18250.0,CE
2023-01-18 10:01:00,173.85,173.85,173.85,173.85,100,11800,18250.0,CE
2023-01-18 10:03:00,173.85,173.85,171.65,171.65,100,11850,18250.0,CE
2023-01-18 10:06:00,170.45,170.45,170.45,170.45,150,11750,18250.0,CE
2023-01-18 10:08:00,174.7,174.7,174.7,174.7,50,11750,18250.0,CE
2023-01-18 10:10:00,175.8,175.8,175.8,175.8,5100,11850,18250.0,CE
2023-01-18 10:14:00,173.95,173.95,173.95,173.95,50,15150,18250.0,CE
2023-01-18 10:19:00,172.8,172.8,172.8,172.8,650,15150,18250.0,CE
2023-01-18 10:20:00,171.65,171.65,171.05,171.05,300,15150,18250.0,CE
2023-01-18 10:21:00,174.25,174.25,174.25,174.25,50,15650,18250.0,CE
2023-01-18 10:22:00,174.6,174.6,174.5,174.5,250,15650,18250.0,CE
2023-01-18 10:23:00,171.95,171.95,171.95,171.95,50,15650,18250.0,CE
2023-01-18 10:24:00,170.6,171.0,170.6,171.0,200,15700,18250.0,CE
2023-01-18 10:25:00,170.0,170.0,170.0,170.0,50,15700,18250.0,CE
2023-01-18 10:26:00,168.2,168.2,168.2,168.2,50,15700,18250.0,CE
2023-01-18 10:27:00,168.95,170.35,168.95,170.35,250,15700,18250.0,CE
2023-01-18 10:30:00,167.1,167.7,167.1,167.7,400,15550,18250.0,CE
2023-01-18 10:32:00,170.15,170.15,170.15,170.15,50,15500,18250.0,CE
2023-01-18 10:33:00,169.8,169.8,168.6,168.6,100,15500,18250.0,CE
2023-01-18 10:34:00,166.6,167.0,166.6,167.0,300,15500,18250.0,CE
2023-01-18 10:35:00,168.05,170.0,168.05,170.0,400,15250,18250.0,CE
2023-01-18 10:37:00,170.8,170.8,170.8,170.8,50,15250,18250.0,CE
2023-01-18 10:40:00,170.8,170.8,170.8,170.8,100,15150,18250.0,CE
2023-01-18 10:42:00,176.5,176.5,176.5,176.5,50,15150,18250.0,CE
2023-01-18 10:43:00,177.05,177.05,177.05,177.05,50,15150,18250.0,CE
2023-01-18 10:45:00,177.05,177.05,177.05,177.05,50,15200,18250.0,CE
2023-01-18 10:46:00,174.6,174.6,174.6,174.6,50,15200,18250.0,CE
2023-01-18 10:47:00,172.75,172.75,172.75,172.75,100,15200,18250.0,CE
2023-01-18 10:48:00,172.1,172.5,172.1,172.5,200,15300,18250.0,CE
2023-01-18 10:53:00,173.4,173.4,173.4,173.4,50,15100,18250.0,CE
2023-01-18 10:55:00,173.0,173.0,173.0,173.0,750,15100,18250.0,CE
2023-01-18 10:58:00,172.55,172.55,172.55,172.55,50,15700,18250.0,CE
2023-01-18 10:59:00,173.15,173.15,173.15,173.15,100,15700,18250.0,CE
2023-01-18 11:00:00,173.95,173.95,173.95,173.95,50,15750,18250.0,CE
2023-01-18 11:01:00,176.0,176.0,176.0,176.0,50,15750,18250.0,CE
2023-01-18 11:02:00,173.15,173.15,173.15,173.15,100,15750,18250.0,CE
2023-01-18 11:03:00,170.45,170.45,170.45,170.45,650,15850,18250.0,CE
2023-01-18 11:04:00,172.45,172.45,172.45,172.45,50,15850,18250.0,CE
2023-01-18 11:06:00,172.45,173.0,172.45,172.9,200,15400,18250.0,CE
2023-01-18 11:08:00,179.4,180.65,179.4,180.65,1100,15250,18250.0,CE
2023-01-18 11:09:00,180.65,180.65,180.65,180.65,800,15250,18250.0,CE
2023-01-18 11:10:00,180.45,180.45,180.45,180.45,50,15250,18250.0,CE
2023-01-18 11:11:00,181.95,181.95,181.95,181.95,100,15900,18250.0,CE
2023-01-18 11:13:00,180.8,181.85,180.8,181.85,1150,15900,18250.0,CE
2023-01-18 11:15:00,185.0,185.0,185.0,185.0,50,16100,18250.0,CE
2023-01-18 11:16:00,186.9,186.95,186.9,186.95,200,16100,18250.0,CE
2023-01-18 11:17:00,186.95,186.95,186.0,186.0,150,16100,18250.0,CE
2023-01-18 11:18:00,187.0,189.25,187.0,189.25,150,16000,18250.0,CE
2023-01-18 11:19:00,189.25,189.25,188.6,188.6,400,16000,18250.0,CE
2023-01-18 11:20:00,188.3,188.3,188.3,188.3,50,16000,18250.0,CE
2023-01-18 11:21:00,189.1,189.1,188.1,188.1,100,16200,18250.0,CE
2023-01-18 11:22:00,188.0,189.0,188.0,189.0,750,16200,18250.0,CE
2023-01-18 11:23:00,189.2,189.2,189.2,189.2,50,16200,18250.0,CE
2023-01-18 11:24:00,188.15,188.9,187.85,188.9,150,15400,18250.0,CE
2023-01-18 11:25:00,189.55,189.55,189.55,189.55,500,15400,18250.0,CE
2023-01-18 11:28:00,189.6,189.6,189.6,189.6,50,15050,18250.0,CE
2023-01-18 11:29:00,189.6,189.6,189.6,189.6,50,15000,18250.0,CE
2023-01-18 11:31:00,188.85,188.85,188.3,188.3,100,15000,18250.0,CE
2023-01-18 11:36:00,190.0,190.0,190.0,190.0,50,15000,18250.0,CE
2023-01-18 11:38:00,193.95,193.95,193.95,193.95,450,15000,18250.0,CE
2023-01-18 11:39:00,193.95,195.15,193.0,195.15,4700,14600,18250.0,CE
2023-01-18 11:41:00,196.35,196.35,196.35,196.35,250,14600,18250.0,CE
2023-01-18 11:42:00,195.5,196.95,195.5,196.95,150,11350,18250.0,CE
2023-01-18 11:43:00,196.95,196.95,196.95,196.95,50,11350,18250.0,CE
2023-01-18 11:44:00,198.55,198.55,198.55,198.55,50,11350,18250.0,CE
2023-01-18 11:45:00,198.55,198.55,197.15,197.15,250,11400,18250.0,CE
2023-01-18 11:46:00,195.0,195.0,194.1,194.35,500,11400,18250.0,CE
2023-01-18 11:47:00,195.0,195.0,194.8,194.8,1600,11400,18250.0,CE
2023-01-18 11:48:00,191.8,191.8,191.8,191.8,200,12950,18250.0,CE
2023-01-18 11:49:00,193.0,193.0,192.95,192.95,200,12950,18250.0,CE
2023-01-18 11:50:00,190.6,190.6,190.4,190.4,200,12950,18250.0,CE
2023-01-18 11:52:00,194.15,194.15,193.6,193.6,150,12900,18250.0,CE
2023-01-18 11:53:00,193.8,193.8,193.8,193.8,50,12900,18250.0,CE
2023-01-18 11:54:00,193.2,193.2,193.2,193.2,50,13000,18250.0,CE
2023-01-18 11:55:00,194.15,194.45,192.3,194.45,400,13000,18250.0,CE
2023-01-18 11:59:00,193.2,193.2,193.2,193.2,50,13200,18250.0,CE
2023-01-18 12:01:00,194.1,194.1,194.1,194.1,50,13200,18250.0,CE
2023-01-18 12:02:00,195.05,195.05,195.05,195.05,100,13200,18250.0,CE
2023-01-18 12:03:00,196.2,196.5,196.2,196.5,300,13250,18250.0,CE
2023-01-18 12:04:00,194.45,194.8,194.45,194.8,100,13250,18250.0,CE
2023-01-18 12:05:00,196.8,196.8,194.65,194.65,350,13450,18250.0,CE
2023-01-18 12:06:00,194.65,194.8,194.65,194.8,100,13450,18250.0,CE
2023-01-18 12:08:00,194.8,198.75,194.8,198.75,150,13450,18250.0,CE
2023-01-18 12:10:00,194.25,194.25,194.25,194.25,100,13650,18250.0,CE
2023-01-18 12:11:00,200.3,200.3,199.0,199.0,600,13650,18250.0,CE
2023-01-18 12:12:00,198.9,198.9,198.0,198.0,850,13900,18250.0,CE
2023-01-18 12:13:00,199.0,199.7,199.0,199.7,100,13900,18250.0,CE
2023-01-18 12:14:00,199.1,199.1,199.1,199.1,50,13900,18250.0,CE
2023-01-18 12:15:00,197.15,197.65,197.15,197.65,100,14500,18250.0,CE
2023-01-18 12:16:00,196.15,196.15,196.15,196.15,500,14500,18250.0,CE
2023-01-18 12:17:00,193.8,193.8,192.5,192.5,150,14000,18250.0,CE
2023-01-18 12:18:00,193.85,193.85,192.5,192.5,150,14000,18250.0,CE
2023-01-18 12:19:00,193.05,193.05,193.05,193.05,50,14000,18250.0,CE
2023-01-18 12:20:00,190.0,191.8,190.0,191.8,450,14000,18250.0,CE
2023-01-18 12:22:00,192.6,193.1,192.25,193.1,200,14200,18250.0,CE
2023-01-18 12:23:00,193.45,193.95,193.45,193.8,1200,14200,18250.0,CE
2023-01-18 12:24:00,194.85,194.85,194.7,194.7,200,14800,18250.0,CE
2023-01-18 12:25:00,195.35,196.7,195.35,196.7,100,14800,18250.0,CE
2023-01-18 12:26:00,197.75,198.85,197.45,198.8,250,14800,18250.0,CE
2023-01-18 12:27:00,198.8,199.85,197.8,197.8,200,15000,18250.0,CE
2023-01-18 12:29:00,196.55,196.55,196.55,196.55,50,15000,18250.0,CE
2023-01-18 12:30:00,198.8,198.8,198.8,198.8,50,15050,18250.0,CE
2023-01-18 12:34:00,195.4,196.25,193.45,193.45,150,15050,18250.0,CE
2023-01-18 12:37:00,193.4,193.4,193.4,193.4,100,15050,18250.0,CE
2023-01-18 12:39:00,187.7,187.7,187.7,187.7,100,15050,18250.0,CE
2023-01-18 12:40:00,187.95,189.55,187.75,188.35,350,15050,18250.0,CE
2023-01-18 12:42:00,186.75,186.75,186.75,186.75,50,15050,18250.0,CE
2023-01-18 12:45:00,193.5,193.5,193.5,193.5,100,15000,18250.0,CE
2023-01-18 12:46:00,192.0,192.0,192.0,192.0,50,15000,18250.0,CE
2023-01-18 12:47:00,191.0,191.0,191.0,191.0,150,15000,18250.0,CE
2023-01-18 12:49:00,193.2,193.2,193.2,193.2,50,15000,18250.0,CE
2023-01-18 12:50:00,191.5,191.5,191.5,191.5,100,15000,18250.0,CE
2023-01-18 12:52:00,194.0,194.0,194.0,194.0,50,15150,18250.0,CE
2023-01-18 12:55:00,193.35,193.35,193.35,193.35,50,15150,18250.0,CE
2023-01-18 13:05:00,190.55,190.55,190.55,190.55,50,15200,18250.0,CE
2023-01-18 13:06:00,192.0,192.0,192.0,192.0,200,15200,18250.0,CE
2023-01-18 13:08:00,187.4,187.4,187.4,187.4,100,15200,18250.0,CE
2023-01-18 13:09:00,190.1,190.1,186.55,186.55,100,15200,18250.0,CE
2023-01-18 13:10:00,186.8,186.8,186.8,186.8,100,15200,18250.0,CE
2023-01-18 13:12:00,185.6,185.6,185.0,185.0,200,15350,18250.0,CE
2023-01-18 13:13:00,185.55,185.55,184.3,184.3,150,15350,18250.0,CE
2023-01-18 13:20:00,189.1,189.1,189.1,189.1,50,15450,18250.0,CE
2023-01-18 13:28:00,192.0,192.0,192.0,192.0,200,15450,18250.0,CE
2023-01-18 13:30:00,193.6,196.0,193.6,196.0,200,15550,18250.0,CE
2023-01-18 13:32:00,197.8,199.1,197.8,199.1,250,15550,18250.0,CE
2023-01-18 13:33:00,198.65,198.65,197.1,197.1,100,15550,18250.0,CE
2023-01-18 13:35:00,200.0,200.0,200.0,200.0,50,15550,18250.0,CE
2023-01-18 13:36:00,200.0,200.0,200.0,200.0,100,15450,18250.0,CE
2023-01-18 13:37:00,201.0,201.0,201.0,201.0,50,15450,18250.0,CE
2023-01-18 13:39:00,201.0,201.0,201.0,201.0,150,15450,18250.0,CE
2023-01-18 13:40:00,201.45,201.45,201.45,201.45,150,15450,18250.0,CE
2023-01-18 13:41:00,198.8,199.85,198.8,199.85,100,15450,18250.0,CE
2023-01-18 13:42:00,201.75,201.75,201.75,201.75,50,15700,18250.0,CE
2023-01-18 13:43:00,201.75,201.75,199.5,201.0,250,15700,18250.0,CE
2023-01-18 13:44:00,203.05,203.05,203.05,203.05,600,15700,18250.0,CE
2023-01-18 13:45:00,203.0,203.0,201.5,201.5,150,15650,18250.0,CE
2023-01-18 13:46:00,202.65,202.65,199.8,199.8,1700,15650,18250.0,CE
2023-01-18 13:47:00,199.0,199.0,199.0,199.0,150,15650,18250.0,CE
2023-01-18 13:49:00,196.7,196.7,195.0,195.0,100,15550,18250.0,CE
2023-01-18 13:50:00,193.0,193.0,193.0,193.0,500,15550,18250.0,CE
2023-01-18 13:52:00,195.05,195.05,195.0,195.0,100,15550,18250.0,CE
2023-01-18 13:56:00,193.05,193.05,192.15,192.15,150,15550,18250.0,CE
2023-01-18 13:59:00,192.15,192.15,192.15,192.15,100,15500,18250.0,CE
2023-01-18 14:00:00,195.9,195.9,195.9,195.9,50,15400,18250.0,CE
2023-01-18 14:01:00,192.8,192.8,192.8,192.8,50,15400,18250.0,CE
2023-01-18 14:02:00,195.3,195.65,193.05,193.05,900,15400,18250.0,CE
2023-01-18 14:03:00,193.5,193.95,192.1,192.7,650,16200,18250.0,CE
2023-01-18 14:04:00,192.0,192.0,192.0,192.0,100,16200,18250.0,CE
2023-01-18 14:05:00,189.2,189.25,187.7,187.7,150,16200,18250.0,CE
2023-01-18 14:06:00,184.0,184.0,183.85,183.85,1200,16550,18250.0,CE
2023-01-18 14:08:00,184.35,184.35,184.35,184.35,950,16550,18250.0,CE
2023-01-18 14:09:00,186.8,186.8,186.8,186.8,50,17450,18250.0,CE
2023-01-18 14:10:00,186.8,186.8,186.8,186.8,100,17450,18250.0,CE
2023-01-18 14:11:00,187.85,187.85,187.85,187.85,50,17450,18250.0,CE
2023-01-18 14:12:00,187.45,188.55,187.45,188.55,150,17450,18250.0,CE
2023-01-18 14:15:00,192.45,192.45,192.45,192.45,100,17550,18250.0,CE
2023-01-18 14:16:00,190.0,190.0,190.0,190.0,50,17550,18250.0,CE
2023-01-18 14:17:00,191.1,191.1,189.75,189.75,550,17550,18250.0,CE
2023-01-18 14:18:00,192.3,192.3,192.3,192.3,50,18000,18250.0,CE
2023-01-18 14:19:00,192.0,192.0,192.0,192.0,100,18000,18250.0,CE
2023-01-18 14:20:00,192.35,192.35,192.35,192.35,50,18000,18250.0,CE
2023-01-18 14:21:00,192.5,192.5,190.3,190.3,150,18000,18250.0,CE
2023-01-18 14:25:00,195.65,195.65,195.65,195.65,450,18050,18250.0,CE
2023-01-18 14:26:00,195.95,195.95,194.9,194.9,350,18050,18250.0,CE
2023-01-18 14:29:00,197.0,197.0,195.45,195.45,600,18150,18250.0,CE
2023-01-18 14:30:00,198.9,199.6,198.9,199.6,350,17850,18250.0,CE
2023-01-18 14:31:00,198.3,198.3,198.3,198.3,100,17850,18250.0,CE
2023-01-18 14:32:00,199.55,199.55,199.55,199.55,50,17850,18250.0,CE
2023-01-18 14:33:00,199.55,200.3,199.55,200.3,550,18150,18250.0,CE
2023-01-18 14:34:00,198.3,198.3,198.0,198.0,550,18150,18250.0,CE
2023-01-18 14:35:00,199.5,199.5,197.7,197.7,150,18150,18250.0,CE
2023-01-18 14:37:00,196.05,196.05,196.05,196.05,100,18350,18250.0,CE
2023-01-18 14:40:00,198.7,199.45,198.7,199.45,100,18450,18250.0,CE
2023-01-18 14:41:00,199.0,199.5,197.95,199.5,600,18450,18250.0,CE
2023-01-18 14:43:00,201.3,201.3,201.3,201.3,150,18050,18250.0,CE
2023-01-18 14:44:00,202.0,202.0,202.0,202.0,250,18050,18250.0,CE
2023-01-18 14:45:00,202.05,203.35,202.05,203.35,100,18150,18250.0,CE
2023-01-18 14:46:00,203.35,203.35,203.35,203.35,450,18150,18250.0,CE
2023-01-18 14:49:00,196.65,197.5,196.65,197.5,100,18150,18250.0,CE
2023-01-18 14:50:00,198.65,198.65,198.65,198.65,50,18150,18250.0,CE
2023-01-18 14:51:00,198.7,200.9,198.7,200.35,150,18200,18250.0,CE
2023-01-18 14:52:00,199.9,199.9,199.9,199.9,200,18200,18250.0,CE
2023-01-18 14:53:00,197.25,197.25,197.0,197.0,100,18200,18250.0,CE
2023-01-18 14:54:00,196.3,196.3,196.3,196.3,50,18450,18250.0,CE
2023-01-18 14:56:00,198.7,198.7,198.05,198.05,100,18450,18250.0,CE
2023-01-18 14:59:00,199.55,202.8,199.55,202.8,1800,18450,18250.0,CE
2023-01-18 15:00:00,201.0,201.0,190.4,190.4,300,17250,18250.0,CE
2023-01-18 15:01:00,190.25,193.2,190.25,193.2,100,17250,18250.0,CE
2023-01-18 15:03:00,193.7,193.7,193.7,193.7,50,17250,18250.0,CE
2023-01-18 15:05:00,196.05,196.05,196.05,196.05,50,17250,18250.0,CE
2023-01-18 15:06:00,198.95,198.95,198.95,198.95,100,17250,18250.0,CE
2023-01-18 15:07:00,194.55,196.9,194.55,196.9,150,17250,18250.0,CE
2023-01-18 15:10:00,193.5,193.5,193.5,193.5,50,17350,18250.0,CE
2023-01-18 15:11:00,193.55,193.55,193.5,193.5,3900,17350,18250.0,CE
2023-01-18 15:12:00,193.5,193.5,193.45,193.45,1850,21200,18250.0,CE
2023-01-18 15:15:00,191.9,192.5,191.0,192.5,900,20800,18250.0,CE
2023-01-18 15:16:00,193.1,195.15,193.1,195.15,450,20800,18250.0,CE
2023-01-18 15:17:00,195.25,195.65,195.25,195.65,350,20800,18250.0,CE
2023-01-18 15:18:00,195.05,196.4,195.0,195.0,350,20050,18250.0,CE
2023-01-18 15:19:00,195.0,195.6,195.0,195.6,150,20050,18250.0,CE
2023-01-18 15:20:00,196.0,196.3,195.05,195.05,450,20050,18250.0,CE
2023-01-18 15:21:00,194.85,194.85,194.85,194.85,50,20300,18250.0,CE
2023-01-18 15:22:00,194.25,194.25,194.25,194.25,150,20300,18250.0,CE
2023-01-18 15:23:00,194.55,195.3,194.55,195.3,450,20300,18250.0,CE
2023-01-18 15:24:00,197.1,197.15,197.05,197.15,1000,20700,18250.0,CE
2023-01-18 15:25:00,197.15,197.15,195.65,196.05,600,20700,18250.0,CE
2023-01-18 15:26:00,195.7,196.6,195.7,196.6,200,20700,18250.0,CE
2023-01-18 15:27:00,197.0,198.0,197.0,198.0,250,21300,18250.0,CE
2023-01-18 15:28:00,198.75,199.05,197.55,198.65,300,21300,18250.0,CE
2023-01-18 15:29:00,199.35,201.0,199.35,201.0,700,21300,18250.0,CE
2023-01-19 09:15:00,180.0,190.0,161.5,172.5,1852,21350,18250.0,CE
2023-01-19 09:16:00,172.7,179.15,172.7,179.15,800,21350,18250.0,CE
2023-01-19 09:17:00,177.15,180.0,177.0,178.45,950,22400,18250.0,CE
2023-01-19 09:18:00,178.1,178.1,174.75,174.85,450,22400,18250.0,CE
2023-01-19 09:19:00,178.4,178.4,175.1,175.1,1900,22400,18250.0,CE
2023-01-19 09:20:00,174.4,174.4,174.4,174.4,50,24400,18250.0,CE
2023-01-19 09:21:00,175.95,175.95,174.2,174.2,3750,24400,18250.0,CE
2023-01-19 09:22:00,171.5,171.5,167.3,168.15,900,24400,18250.0,CE
2023-01-19 09:23:00,168.0,169.65,168.0,169.1,450,28000,18250.0,CE
2023-01-19 09:24:00,168.4,172.7,168.4,172.65,750,28000,18250.0,CE
2023-01-19 09:25:00,168.8,168.8,168.0,168.0,700,28000,18250.0,CE
2023-01-19 09:27:00,165.6,165.6,162.05,162.05,100,28300,18250.0,CE
2023-01-19 09:28:00,162.4,162.4,161.75,161.75,2000,28300,18250.0,CE
2023-01-19 09:29:00,160.85,161.35,160.0,160.0,350,30150,18250.0,CE
2023-01-19 09:30:00,158.8,158.8,158.8,158.8,50,30150,18250.0,CE
2023-01-19 09:31:00,158.6,160.15,158.6,160.15,250,30150,18250.0,CE
2023-01-19 09:32:00,162.0,162.05,159.3,159.3,1400,31350,18250.0,CE
2023-01-19 09:33:00,159.25,159.35,159.25,159.3,150,31350,18250.0,CE
2023-01-19 09:34:00,159.3,160.55,159.3,160.55,150,31350,18250.0,CE
2023-01-19 09:35:00,162.1,162.1,162.1,162.1,150,31350,18250.0,CE
2023-01-19 09:37:00,165.25,175.0,165.25,169.0,2750,31450,18250.0,CE
2023-01-19 09:38:00,171.75,171.75,168.75,169.85,400,30400,18250.0,CE
2023-01-19 09:39:00,168.35,168.35,162.05,162.05,1000,30400,18250.0,CE
2023-01-19 09:40:00,160.0,163.25,158.8,163.25,1300,30400,18250.0,CE
2023-01-19 09:41:00,164.7,168.75,164.15,165.6,1000,31550,18250.0,CE
2023-01-19 09:42:00,161.35,161.35,161.35,161.35,200,31550,18250.0,CE
2023-01-19 09:43:00,162.9,162.9,162.9,162.9,50,31550,18250.0,CE
2023-01-19 09:45:00,162.9,165.0,162.9,163.9,400,31500,18250.0,CE
2023-01-19 09:46:00,163.0,166.5,163.0,166.5,9650,31500,18250.0,CE
2023-01-19 09:47:00,166.5,166.5,163.0,164.85,6150,45200,18250.0,CE
2023-01-19 09:48:00,163.95,164.5,163.95,164.5,150,45200,18250.0,CE
2023-01-19 09:49:00,163.95,165.45,163.95,164.95,650,45200,18250.0,CE
2023-01-19 09:50:00,164.2,164.2,164.2,164.2,50,45500,18250.0,CE
2023-01-19 09:51:00,163.0,163.8,163.0,163.8,100,45500,18250.0,CE
2023-01-19 09:52:00,163.6,163.6,163.6,163.6,100,45500,18250.0,CE
2023-01-19 09:54:00,162.0,162.0,162.0,162.0,150,45500,18250.0,CE
2023-01-19 09:55:00,162.9,162.9,162.85,162.85,400,45500,18250.0,CE
2023-01-19 09:56:00,158.0,158.0,158.0,158.0,50,45500,18250.0,CE
2023-01-19 09:58:00,156.5,160.35,156.5,158.0,450,45800,18250.0,CE
2023-01-19 10:00:00,159.95,160.3,159.95,160.3,950,45950,18250.0,CE
2023-01-19 10:03:00,155.95,155.95,155.95,155.95,50,45200,18250.0,CE
2023-01-19 10:04:00,152.0,152.0,148.8,148.8,1300,45200,18250.0,CE
2023-01-19 10:05:00,148.8,148.8,148.8,148.8,100,45200,18250.0,CE
2023-01-19 10:06:00,148.4,148.4,146.95,148.15,25500,44950,18250.0,CE
2023-01-19 10:07:00,149.0,149.0,138.5,148.35,13200,44950,18250.0,CE
2023-01-19 10:08:00,147.3,149.3,147.3,149.3,300,57350,18250.0,CE
2023-01-19 10:09:00,148.65,148.65,147.25,147.25,250,57350,18250.0,CE
2023-01-19 10:10:00,146.0,146.7,144.2,145.75,1600,57350,18250.0,CE
2023-01-19 10:11:00,145.7,149.0,145.7,148.35,1000,56850,18250.0,CE
2023-01-19 10:12:00,148.7,149.6,148.7,149.6,700,56850,18250.0,CE
2023-01-19 10:13:00,148.8,149.15,148.8,149.15,350,56850,18250.0,CE
2023-01-19 10:14:00,149.15,150.3,148.4,149.65,250,56850,18250.0,CE
2023-01-19 10:15:00,149.5,150.0,149.2,149.2,400,57300,18250.0,CE
2023-01-19 10:20:00,147.55,147.55,147.55,147.55,100,57300,18250.0,CE
2023-01-19 10:21:00,150.45,152.0,150.45,152.0,400,57400,18250.0,CE
2023-01-19 10:22:00,155.0,155.0,154.65,154.75,150,57400,18250.0,CE
2023-01-19 10:24:00,151.3,153.0,151.3,153.0,22900,57400,18250.0,CE
2023-01-19 10:25:00,154.9,156.2,154.9,155.5,13000,57400,18250.0,CE
2023-01-19 10:26:00,156.25,159.85,156.25,159.2,4050,57400,18250.0,CE
2023-01-19 10:27:00,158.45,158.45,158.3,158.3,100,46100,18250.0,CE
2023-01-19 10:28:00,159.55,159.55,158.35,158.35,200,46100,18250.0,CE
2023-01-19 10:30:00,162.45,162.45,160.95,160.95,150,46050,18250.0,CE
2023-01-19 10:31:00,160.0,160.0,159.0,159.0,800,46050,18250.0,CE
2023-01-19 10:32:00,160.0,160.0,160.0,160.0,100,46050,18250.0,CE
2023-01-19 10:33:00,160.0,160.0,160.0,160.0,200,46850,18250.0,CE
2023-01-19 10:34:00,158.4,158.4,158.4,158.4,100,46850,18250.0,CE
2023-01-19 10:36:00,160.75,160.95,160.75,160.95,150,47050,18250.0,CE
2023-01-19 10:37:00,163.0,163.0,163.0,163.0,200,47050,18250.0,CE
2023-01-19 10:38:00,164.6,164.6,164.0,164.0,100,47050,18250.0,CE
2023-01-19 10:40:00,167.65,167.65,167.65,167.65,50,46700,18250.0,CE
2023-01-19 10:41:00,166.3,166.3,165.6,165.6,150,46700,18250.0,CE
2023-01-19 10:42:00,165.6,165.6,165.6,165.6,50,46800,18250.0,CE
2023-01-19 10:44:00,165.0,165.0,165.0,165.0,50,46800,18250.0,CE
2023-01-19 10:45:00,163.8,164.8,163.8,164.8,150,46900,18250.0,CE
2023-01-19 10:46:00,164.8,165.25,164.8,165.25,200,46900,18250.0,CE
2023-01-19 10:48:00,165.0,165.0,164.7,164.7,150,46950,18250.0,CE
2023-01-19 10:49:00,165.15,165.15,165.15,165.15,50,46950,18250.0,CE
2023-01-19 10:51:00,166.4,166.4,166.25,166.25,100,46950,18250.0,CE
2023-01-19 10:52:00,161.45,162.15,161.45,162.15,350,46950,18250.0,CE
2023-01-19 10:53:00,163.05,163.05,163.05,163.05,50,46950,18250.0,CE
2023-01-19 10:56:00,165.9,166.25,165.9,166.25,100,47150,18250.0,CE
2023-01-19 10:57:00,168.6,168.6,168.1,168.1,100,47150,18250.0,CE
2023-01-19 10:58:00,167.05,167.65,167.05,167.65,250,47150,18250.0,CE
2023-01-19 10:59:00,170.65,170.65,170.5,170.5,350,47150,18250.0,CE
2023-01-19 11:00:00,172.0,173.25,172.0,172.0,350,46800,18250.0,CE
2023-01-19 11:01:00,176.2,176.35,176.2,176.35,100,46800,18250.0,CE
2023-01-19 11:02:00,177.9,180.95,177.9,180.7,600,46300,18250.0,CE
2023-01-19 11:03:00,183.15,183.15,180.0,180.0,700,46300,18250.0,CE
2023-01-19 11:04:00,180.55,180.55,178.65,178.65,600,46300,18250.0,CE
2023-01-19 11:05:00,178.05,178.05,174.1,175.85,1100,46850,18250.0,CE
2023-01-19 11:07:00,173.25,173.25,170.1,171.35,350,46850,18250.0,CE
2023-01-19 11:08:00,169.55,170.5,169.55,169.75,200,46850,18250.0,CE
2023-01-19 11:09:00,170.1,171.45,169.35,170.55,750,47350,18250.0,CE
2023-01-19 11:10:00,170.45,170.45,170.45,170.45,100,47350,18250.0,CE
2023-01-19 11:11:00,170.1,170.1,166.85,169.85,250,47350,18250.0,CE
2023-01-19 11:12:00,171.45,171.45,170.0,170.0,250,47250,18250.0,CE
2023-01-19 11:13:00,169.85,169.85,169.85,169.85,50,47250,18250.0,CE
2023-01-19 11:14:00,170.95,171.0,170.3,170.3,150,47250,18250.0,CE
2023-01-19 11:15:00,174.75,174.75,174.75,174.75,50,47450,18250.0,CE
2023-01-19 11:16:00,174.5,174.5,174.3,174.3,100,47450,18250.0,CE
2023-01-19 11:17:00,172.9,172.9,172.9,172.9,50,47450,18250.0,CE
2023-01-19 11:18:00,171.45,171.45,171.45,171.45,250,47600,18250.0,CE
2023-01-19 11:20:00,170.1,170.1,170.0,170.0,400,47600,18250.0,CE
2023-01-19 11:21:00,168.0,168.0,168.0,168.0,50,47550,18250.0,CE
2023-01-19 11:22:00,167.1,167.1,165.6,165.6,150,47550,18250.0,CE
2023-01-19 11:23:00,165.5,165.5,163.15,163.15,250,47550,18250.0,CE
2023-01-19 11:24:00,162.7,162.7,162.65,162.65,800,47400,18250.0,CE
2023-01-19 11:26:00,164.65,164.65,164.45,164.45,150,47400,18250.0,CE
2023-01-19 11:28:00,165.3,165.6,164.75,165.6,250,48100,18250.0,CE
2023-01-19 11:29:00,165.6,166.45,165.6,166.45,800,47450,18250.0,CE
2023-01-19 11:30:00,167.4,167.4,167.4,167.4,100,47450,18250.0,CE
2023-01-19 11:33:00,165.0,165.0,165.0,165.0,1800,47600,18250.0,CE
2023-01-19 11:34:00,163.8,163.8,163.8,163.8,50,47600,18250.0,CE
2023-01-19 11:36:00,164.5,164.5,164.5,164.5,50,49400,18250.0,CE
2023-01-19 11:37:00,164.0,164.0,164.0,164.0,50,49400,18250.0,CE
2023-01-19 11:38:00,163.75,163.75,163.75,163.75,50,49400,18250.0,CE
2023-01-19 11:40:00,165.0,165.0,165.0,165.0,50,49450,18250.0,CE
2023-01-19 11:42:00,167.45,167.45,167.45,167.45,50,49400,18250.0,CE
2023-01-19 11:45:00,176.2,176.2,176.2,176.2,100,49400,18250.0,CE
2023-01-19 11:46:00,175.2,177.45,175.2,177.45,250,49400,18250.0,CE
2023-01-19 11:47:00,178.0,178.0,175.95,175.95,750,49400,18250.0,CE
2023-01-19 11:48:00,172.95,172.95,172.2,172.2,100,48800,18250.0,CE
2023-01-19 11:49:00,171.5,171.5,171.5,171.5,100,48800,18250.0,CE
2023-01-19 11:50:00,171.55,171.55,171.5,171.5,150,48800,18250.0,CE
2023-01-19 11:53:00,171.15,172.75,171.15,172.75,150,49000,18250.0,CE
2023-01-19 11:54:00,172.2,172.2,172.2,172.2,50,49000,18250.0,CE
2023-01-19 11:55:00,169.0,169.0,168.0,168.0,850,49000,18250.0,CE
2023-01-19 11:56:00,169.4,169.4,169.4,169.4,100,49000,18250.0,CE
2023-01-19 11:57:00,169.3,169.3,168.0,168.0,350,48500,18250.0,CE
2023-01-19 11:58:00,165.95,165.95,165.95,165.95,50,48500,18250.0,CE
2023-01-19 11:59:00,165.9,166.7,165.9,166.7,450,48500,18250.0,CE
2023-01-19 12:00:00,167.9,167.9,167.9,167.9,100,48750,18250.0,CE
2023-01-19 12:03:00,171.9,171.9,170.55,170.55,250,48750,18250.0,CE
2023-01-19 12:05:00,165.8,165.8,165.8,165.8,50,48750,18250.0,CE
2023-01-19 12:06:00,165.8,165.8,165.8,165.8,50,48950,18250.0,CE
2023-01-19 12:07:00,167.35,167.35,167.35,167.35,100,48950,18250.0,CE
2023-01-19 12:08:00,167.05,167.05,167.05,167.05,50,48950,18250.0,CE
2023-01-19 12:11:00,169.45,171.0,169.45,169.5,550,49150,18250.0,CE
2023-01-19 12:13:00,168.75,168.85,168.75,168.85,100,49250,18250.0,CE
2023-01-19 12:14:00,170.0,170.0,170.0,170.0,50,49250,18250.0,CE
2023-01-19 12:15:00,168.4,168.4,168.4,168.4,50,49200,18250.0,CE
2023-01-19 12:18:00,165.0,165.35,165.0,165.0,150,49200,18250.0,CE
2023-01-19 12:19:00,167.4,167.4,167.4,167.4,50,49200,18250.0,CE
2023-01-19 12:21:00,170.05,170.05,170.05,170.05,100,49350,18250.0,CE
2023-01-19 12:22:00,167.0,167.65,165.55,165.55,1400,49350,18250.0,CE
2023-01-19 12:23:00,163.75,163.8,162.95,162.95,850,49350,18250.0,CE
2023-01-19 12:24:00,163.5,163.5,163.2,163.45,150,49250,18250.0,CE
2023-01-19 12:25:00,163.5,163.5,163.5,163.5,150,49250,18250.0,CE
2023-01-19 12:28:00,165.6,166.4,165.6,166.4,550,49400,18250.0,CE
2023-01-19 12:29:00,166.4,166.6,164.5,166.6,400,49400,18250.0,CE
2023-01-19 12:30:00,165.9,167.25,165.9,167.25,250,49650,18250.0,CE
2023-01-19 12:31:00,169.2,169.2,169.2,169.2,100,49650,18250.0,CE
2023-01-19 12:32:00,168.5,168.5,168.0,168.0,400,49650,18250.0,CE
2023-01-19 12:35:00,170.3,170.3,170.3,170.3,50,49400,18250.0,CE
2023-01-19 12:37:00,167.65,168.6,167.65,168.6,500,49400,18250.0,CE
2023-01-19 12:38:00,166.95,166.95,166.95,166.95,50,49400,18250.0,CE
2023-01-19 12:39:00,165.95,165.95,165.95,165.95,50,49250,18250.0,CE
2023-01-19 12:41:00,168.0,168.0,168.0,168.0,150,49250,18250.0,CE
2023-01-19 12:44:00,165.8,165.8,165.0,165.1,400,49200,18250.0,CE
2023-01-19 12:45:00,164.55,165.0,161.7,161.7,400,49200,18250.0,CE
2023-01-19 12:46:00,162.0,162.0,162.0,162.0,100,49200,18250.0,CE
2023-01-19 12:47:00,162.75,162.75,160.0,160.0,1050,49200,18250.0,CE
2023-01-19 12:48:00,158.0,158.0,157.55,157.55,200,49750,18250.0,CE
2023-01-19 12:49:00,159.55,159.55,159.55,159.55,200,49750,18250.0,CE
2023-01-19 12:51:00,157.55,160.55,157.55,160.55,500,49900,18250.0,CE
2023-01-19 12:52:00,160.35,160.35,159.35,159.35,200,49900,18250.0,CE
2023-01-19 12:53:00,158.25,161.95,158.25,161.95,250,49900,18250.0,CE
2023-01-19 12:55:00,161.0,161.0,158.75,158.75,100,49900,18250.0,CE
2023-01-19 12:57:00,159.65,159.65,159.15,159.2,300,49950,18250.0,CE
2023-01-19 13:00:00,159.2,159.2,159.2,159.2,300,49950,18250.0,CE
2023-01-19 13:01:00,161.0,161.0,161.0,161.0,100,49850,18250.0,CE
2023-01-19 13:02:00,161.7,161.7,161.55,161.55,250,49850,18250.0,CE
2023-01-19 13:03:00,160.35,160.45,159.6,159.6,450,50200,18250.0,CE
2023-01-19 13:04:00,160.2,160.2,160.2,160.2,200,50200,18250.0,CE
2023-01-19 13:05:00,159.75,159.75,159.75,159.75,50,50200,18250.0,CE
2023-01-19 13:06:00,160.65,160.65,160.65,160.65,50,49900,18250.0,CE
2023-01-19 13:07:00,163.55,163.55,163.55,163.55,150,49900,18250.0,CE
2023-01-19 13:08:00,164.0,164.0,164.0,164.0,300,49900,18250.0,CE
2023-01-19 13:09:00,164.15,164.15,163.5,163.5,250,50000,18250.0,CE
2023-01-19 13:11:00,163.65,163.65,163.65,163.65,500,50000,18250.0,CE
2023-01-19 13:12:00,162.25,162.25,162.25,162.25,50,50000,18250.0,CE
2023-01-19 13:13:00,161.6,161.6,161.6,161.6,50,49850,18250.0,CE
2023-01-19 13:15:00,160.0,160.0,155.0,155.1,550,49900,18250.0,CE
2023-01-19 13:16:00,160.0,161.95,160.0,161.95,350,49900,18250.0,CE
2023-01-19 13:17:00,162.7,163.0,162.7,163.0,200,49900,18250.0,CE
2023-01-19 13:18:00,159.85,159.85,159.85,159.85,150,50000,18250.0,CE
2023-01-19 13:19:00,161.0,161.0,161.0,161.0,50,50000,18250.0,CE
2023-01-19 13:20:00,162.3,162.3,162.3,162.3,150,50000,18250.0,CE
2023-01-19 13:23:00,161.3,161.3,161.3,161.3,50,50050,18250.0,CE
2023-01-19 13:25:00,161.75,162.5,161.75,162.5,150,50050,18250.0,CE
2023-01-19 13:26:00,162.75,162.75,162.75,162.75,50,50050,18250.0,CE
2023-01-19 13:27:00,164.25,164.25,163.0,163.65,6250,50150,18250.0,CE
2023-01-19 13:28:00,164.25,164.25,164.05,164.05,200,50150,18250.0,CE
2023-01-19 13:29:00,162.15,162.3,162.15,162.3,350,50150,18250.0,CE
2023-01-19 13:30:00,163.8,163.8,163.8,163.8,50,50500,18250.0,CE
2023-01-19 13:31:00,164.85,164.85,163.6,163.6,200,50500,18250.0,CE
2023-01-19 13:32:00,163.8,164.8,163.45,164.8,1100,50500,18250.0,CE
2023-01-19 13:33:00,164.3,164.3,164.3,164.3,50,50500,18250.0,CE
2023-01-19 13:36:00,162.3,162.3,162.3,162.3,50,49950,18250.0,CE
2023-01-19 13:37:00,161.0,161.0,161.0,161.0,300,49950,18250.0,CE
2023-01-19 13:39:00,162.3,163.5,162.3,163.3,150,50000,18250.0,CE
2023-01-19 13:41:00,163.3,163.3,163.3,163.3,50,50000,18250.0,CE
2023-01-19 13:42:00,163.25,163.3,163.1,163.1,700,50000,18250.0,CE
2023-01-19 13:43:00,160.0,160.0,160.0,160.0,50,50000,18250.0,CE
2023-01-19 13:44:00,165.55,165.55,165.55,165.55,50,50000,18250.0,CE
2023-01-19 13:45:00,163.5,163.5,163.5,163.5,300,50100,18250.0,CE
2023-01-19 13:46:00,162.4,163.4,162.4,163.4,100,50100,18250.0,CE
2023-01-19 13:47:00,162.5,162.5,162.5,162.5,700,50100,18250.0,CE
2023-01-19 13:49:00,159.85,159.85,159.85,159.85,50,50850,18250.0,CE
2023-01-19 13:50:00,159.75,159.75,159.75,159.75,50,50850,18250.0,CE
2023-01-19 13:51:00,160.95,160.95,160.95,160.95,100,50850,18250.0,CE
2023-01-19 13:52:00,160.6,160.95,160.6,160.95,150,50850,18250.0,CE
2023-01-19 13:53:00,160.95,160.95,160.95,160.95,100,50850,18250.0,CE
2023-01-19 13:55:00,160.0,160.0,160.0,160.0,600,51000,18250.0,CE
2023-01-19 13:56:00,158.6,158.6,158.15,158.15,100,51000,18250.0,CE
2023-01-19 13:57:00,160.35,160.95,160.35,160.95,300,51750,18250.0,CE
2023-01-19 14:00:00,161.0,161.0,159.15,159.15,150,51850,18250.0,CE
2023-01-19 14:02:00,160.7,160.7,160.7,160.7,100,51850,18250.0,CE
2023-01-19 14:04:00,160.1,160.1,160.1,160.1,50,51850,18250.0,CE
2023-01-19 14:05:00,159.75,161.05,159.75,161.05,200,51850,18250.0,CE
2023-01-19 14:06:00,162.0,162.75,160.8,160.8,300,51850,18250.0,CE
2023-01-19 14:07:00,163.2,164.15,163.2,164.15,100,51850,18250.0,CE
2023-01-19 14:08:00,164.1,164.1,164.1,164.1,50,51850,18250.0,CE
2023-01-19 14:09:00,163.25,163.25,161.7,162.75,400,52400,18250.0,CE
2023-01-19 14:10:00,161.7,162.1,161.7,162.1,350,52400,18250.0,CE
2023-01-19 14:11:00,160.3,160.3,160.3,160.3,200,52400,18250.0,CE
2023-01-19 14:14:00,164.45,165.3,164.45,165.3,100,52150,18250.0,CE
2023-01-19 14:15:00,165.0,167.0,165.0,167.0,400,52200,18250.0,CE
2023-01-19 14:16:00,166.5,166.5,166.5,166.5,250,52200,18250.0,CE
2023-01-19 14:18:00,166.5,166.5,166.5,166.5,300,52050,18250.0,CE
2023-01-19 14:19:00,160.5,160.5,159.5,159.5,250,52050,18250.0,CE
2023-01-19 14:20:00,157.35,157.35,157.35,157.35,50,52050,18250.0,CE
2023-01-19 14:21:00,158.9,159.2,158.9,159.2,250,52200,18250.0,CE
2023-01-19 14:22:00,157.05,157.05,156.0,156.0,250,52200,18250.0,CE
2023-01-19 14:23:00,152.9,152.9,149.4,149.4,750,52200,18250.0,CE
2023-01-19 14:24:00,151.95,151.95,146.75,146.75,200,52400,18250.0,CE
2023-01-19 14:25:00,147.2,147.2,147.05,147.05,300,52400,18250.0,CE
2023-01-19 14:26:00,148.45,149.1,148.45,149.1,400,52400,18250.0,CE
2023-01-19 14:27:00,149.0,149.25,149.0,149.25,200,52400,18250.0,CE
2023-01-19 14:28:00,149.15,149.6,148.8,149.6,6100,52550,18250.0,CE
2023-01-19 14:29:00,150.0,150.1,148.8,148.8,200,52550,18250.0,CE
2023-01-19 14:30:00,151.45,152.85,151.45,152.85,100,58150,18250.0,CE
2023-01-19 14:31:00,148.0,148.0,148.0,148.0,100,58150,18250.0,CE
2023-01-19 14:32:00,148.9,148.9,148.5,148.8,250,58150,18250.0,CE
2023-01-19 14:33:00,149.1,149.1,148.45,148.45,150,58050,18250.0,CE
2023-01-19 14:34:00,147.5,147.5,145.25,145.25,250,58050,18250.0,CE
2023-01-19 14:35:00,148.4,148.4,148.4,148.4,50,58050,18250.0,CE
2023-01-19 14:36:00,148.4,148.4,147.05,147.5,350,58100,18250.0,CE
2023-01-19 14:37:00,151.2,151.2,151.2,151.2,100,58100,18250.0,CE
2023-01-19 14:38:00,151.0,151.0,149.75,149.75,200,58100,18250.0,CE
2023-01-19 14:39:00,149.5,149.5,149.5,149.5,100,58100,18250.0,CE
2023-01-19 14:40:00,151.2,152.0,150.55,151.9,550,58300,18250.0,CE
2023-01-19 14:41:00,151.5,152.25,151.0,151.0,700,58300,18250.0,CE
2023-01-19 14:42:00,153.5,153.5,153.45,153.45,100,58300,18250.0,CE
2023-01-19 14:43:00,153.55,153.65,153.55,153.65,200,58700,18250.0,CE
2023-01-19 14:45:00,153.05,153.05,152.75,152.75,100,58900,18250.0,CE
2023-01-19 14:46:00,150.45,152.25,149.4,152.25,450,58900,18250.0,CE
2023-01-19 14:48:00,152.6,153.8,152.2,152.2,300,59050,18250.0,CE
2023-01-19 14:51:00,152.95,154.0,152.95,154.0,300,59050,18250.0,CE
2023-01-19 14:52:00,152.95,152.95,152.95,152.95,100,59050,18250.0,CE
2023-01-19 14:54:00,151.95,151.95,151.95,151.95,250,59050,18250.0,CE
2023-01-19 14:55:00,153.25,153.25,153.25,153.25,50,59050,18250.0,CE
2023-01-19 14:56:00,152.7,152.7,152.7,152.7,100,59050,18250.0,CE
2023-01-19 14:57:00,150.05,150.05,148.15,148.15,300,59000,18250.0,CE
2023-01-19 14:58:00,149.9,150.0,148.5,148.5,650,59000,18250.0,CE
2023-01-19 14:59:00,149.1,149.1,149.1,149.1,50,59000,18250.0,CE
2023-01-19 15:00:00,151.5,157.0,151.5,155.15,1050,58400,18250.0,CE
2023-01-19 15:01:00,156.05,156.05,155.4,155.4,200,58400,18250.0,CE
2023-01-19 15:02:00,154.8,154.8,154.8,154.8,100,58400,18250.0,CE
2023-01-19 15:03:00,155.2,155.2,155.2,155.2,50,58400,18250.0,CE
2023-01-19 15:04:00,155.15,155.15,154.05,154.05,200,58100,18250.0,CE
2023-01-19 15:05:00,154.75,155.45,154.75,155.45,200,58100,18250.0,CE
2023-01-19 15:06:00,154.15,154.15,153.0,153.35,650,58300,18250.0,CE
2023-01-19 15:07:00,155.15,155.15,153.15,153.9,450,58300,18250.0,CE
2023-01-19 15:08:00,154.0,154.0,154.0,154.0,50,58300,18250.0,CE
2023-01-19 15:09:00,152.8,152.8,152.8,152.8,400,58250,18250.0,CE
2023-01-19 15:10:00,154.1,154.1,153.0,153.0,1050,58250,18250.0,CE
2023-01-19 15:11:00,150.9,150.9,149.4,150.0,950,58250,18250.0,CE
2023-01-19 15:12:00,150.0,151.2,150.0,150.2,1550,58850,18250.0,CE
2023-01-19 15:13:00,148.0,148.9,148.0,148.9,300,58850,18250.0,CE
2023-01-19 15:14:00,148.2,148.2,146.0,146.0,14950,58850,18250.0,CE
2023-01-19 15:15:00,148.0,148.0,148.0,148.0,800,58850,18250.0,CE
2023-01-19 15:16:00,148.7,148.7,147.6,147.6,300,46800,18250.0,CE
2023-01-19 15:17:00,147.3,147.3,146.55,147.0,700,46800,18250.0,CE
2023-01-19 15:18:00,146.7,146.7,146.7,146.7,150,47050,18250.0,CE
2023-01-19 15:19:00,147.0,148.5,146.95,148.5,400,47050,18250.0,CE
2023-01-19 15:20:00,148.8,148.8,148.2,148.2,700,47050,18250.0,CE
2023-01-19 15:21:00,148.9,149.0,148.85,149.0,450,47050,18250.0,CE
2023-01-19 15:22:00,148.0,148.2,147.4,147.4,250,47150,18250.0,CE
2023-01-19 15:23:00,147.65,148.0,147.35,147.35,700,47150,18250.0,CE
2023-01-19 15:24:00,147.0,147.0,146.9,146.9,250,47750,18250.0,CE
2023-01-19 15:25:00,146.1,146.5,144.4,145.45,2100,47750,18250.0,CE
2023-01-19 15:26:00,144.6,144.6,143.1,143.3,450,47750,18250.0,CE
2023-01-19 15:27:00,144.2,144.5,144.2,144.5,600,47750,18250.0,CE
2023-01-19 15:28:00,143.9,143.9,143.0,143.05,350,47200,18250.0,CE
2023-01-19 15:29:00,143.0,146.9,142.55,146.9,800,47200,18250.0,CE
2023-01-20 09:15:00,148.9,153.95,142.5,142.5,2051,47150,18250.0,CE
2023-01-20 09:16:00,142.5,147.3,142.5,145.7,3650,47150,18250.0,CE
2023-01-20 09:17:00,145.1,146.75,139.25,145.2,3000,50050,18250.0,CE
2023-01-20 09:18:00,144.9,146.7,143.85,144.0,1500,50050,18250.0,CE
2023-01-20 09:19:00,142.0,144.05,138.65,139.45,13900,50050,18250.0,CE
2023-01-20 09:20:00,140.15,140.15,137.4,138.0,1950,53650,18250.0,CE
2023-01-20 09:21:00,138.0,145.3,138.0,145.25,1500,53650,18250.0,CE
2023-01-20 09:22:00,144.5,146.85,144.3,146.35,4350,53650,18250.0,CE
2023-01-20 09:23:00,144.85,147.4,144.85,146.7,1550,54250,18250.0,CE
2023-01-20 09:24:00,148.65,150.35,146.55,146.55,3400,54250,18250.0,CE
2023-01-20 09:25:00,146.2,146.2,141.6,143.9,1900,54250,18250.0,CE
2023-01-20 09:26:00,144.2,144.2,140.45,140.45,2400,55550,18250.0,CE
2023-01-20 09:27:00,138.4,139.05,138.0,139.05,800,55550,18250.0,CE
2023-01-20 09:28:00,140.9,141.75,134.65,134.65,3000,55550,18250.0,CE
2023-01-20 09:29:00,137.9,139.05,137.9,139.05,300,56700,18250.0,CE
2023-01-20 09:30:00,139.3,140.2,135.0,135.0,700,56700,18250.0,CE
2023-01-20 09:31:00,134.0,137.75,134.0,137.75,1300,56700,18250.0,CE
2023-01-20 09:32:00,137.0,140.45,137.0,140.1,2600,57200,18250.0,CE
2023-01-20 09:33:00,140.8,141.75,140.0,140.0,1050,57200,18250.0,CE
2023-01-20 09:34:00,138.05,141.45,138.05,141.45,250,57200,18250.0,CE
2023-01-20 09:35:00,141.35,141.4,140.0,140.0,550,56250,18250.0,CE
2023-01-20 09:36:00,139.1,139.85,137.35,137.35,700,56250,18250.0,CE
2023-01-20 09:37:00,137.1,145.5,137.1,145.5,850,56250,18250.0,CE
2023-01-20 09:38:00,144.55,144.55,141.6,142.35,5200,56500,18250.0,CE
2023-01-20 09:39:00,140.65,143.05,140.65,143.05,200,56500,18250.0,CE
2023-01-20 09:40:00,141.0,143.4,140.7,140.8,4050,56500,18250.0,CE
2023-01-20 09:41:00,140.2,140.2,136.9,136.9,250,60900,18250.0,CE
2023-01-20 09:42:00,136.65,138.35,135.8,137.15,1750,60900,18250.0,CE
2023-01-20 09:43:00,137.15,137.55,131.85,133.2,2500,60900,18250.0,CE
2023-01-20 09:44:00,134.05,135.5,134.05,135.5,850,62100,18250.0,CE
2023-01-20 09:45:00,134.9,135.25,131.9,132.05,350,62100,18250.0,CE
2023-01-20 09:46:00,132.75,133.55,132.75,133.55,700,62100,18250.0,CE
2023-01-20 09:47:00,133.0,137.05,133.0,137.05,1400,62650,18250.0,CE
2023-01-20 09:48:00,136.2,136.3,133.45,133.45,900,62650,18250.0,CE
2023-01-20 09:49:00,134.0,136.55,134.0,136.5,300,62650,18250.0,CE
2023-01-20 09:50:00,137.0,139.25,134.0,134.0,1650,63200,18250.0,CE
2023-01-20 09:51:00,135.45,135.45,133.8,135.25,750,63200,18250.0,CE
2023-01-20 09:52:00,132.55,135.3,132.55,135.3,700,63200,18250.0,CE
2023-01-20 09:53:00,136.1,136.3,134.8,134.8,800,64900,18250.0,CE
2023-01-20 09:54:00,134.9,135.9,134.4,135.9,200,64900,18250.0,CE
2023-01-20 09:55:00,136.55,136.55,133.85,134.55,500,64900,18250.0,CE
2023-01-20 09:56:00,134.65,135.6,134.65,135.6,150,65100,18250.0,CE
2023-01-20 09:57:00,137.9,138.25,137.35,137.35,3100,65100,18250.0,CE
2023-01-20 09:58:00,136.45,136.45,135.0,135.0,800,65100,18250.0,CE
2023-01-20 09:59:00,135.0,135.0,134.35,134.35,550,65250,18250.0,CE
2023-01-20 10:00:00,136.0,140.0,136.0,140.0,1450,65250,18250.0,CE
2023-01-20 10:01:00,139.75,140.95,139.0,140.75,750,65250,18250.0,CE
2023-01-20 10:02:00,139.05,141.0,139.05,140.35,550,64400,18250.0,CE
2023-01-20 10:03:00,140.5,141.55,139.35,140.05,750,64400,18250.0,CE
2023-01-20 10:04:00,140.55,140.7,138.0,138.0,500,64400,18250.0,CE
2023-01-20 10:05:00,139.4,141.0,139.4,140.55,1600,63350,18250.0,CE
2023-01-20 10:06:00,140.55,141.45,139.9,141.1,400,63350,18250.0,CE
2023-01-20 10:07:00,142.0,143.9,141.95,143.9,900,63350,18250.0,CE
2023-01-20 10:08:00,143.95,143.95,143.15,143.95,300,63700,18250.0,CE
2023-01-20 10:09:00,143.9,146.75,143.9,146.75,2900,63700,18250.0,CE
2023-01-20 10:10:00,148.05,148.2,146.15,147.55,600,63700,18250.0,CE
2023-01-20 10:11:00,147.7,149.0,147.5,149.0,2200,64350,18250.0,CE
2023-01-20 10:12:00,149.5,152.05,149.5,150.1,5350,64350,18250.0,CE
2023-01-20 10:13:00,151.6,151.6,149.0,149.5,1150,64350,18250.0,CE
2023-01-20 10:14:00,149.0,150.85,147.25,150.85,1100,62100,18250.0,CE
2023-01-20 10:15:00,150.7,151.0,148.4,148.85,1400,62100,18250.0,CE
2023-01-20 10:16:00,149.0,151.85,148.85,151.3,900,62100,18250.0,CE
2023-01-20 10:17:00,152.55,154.95,152.35,154.35,2800,62750,18250.0,CE
2023-01-20 10:18:00,153.95,156.1,153.95,155.3,3650,62750,18250.0,CE
2023-01-20 10:19:00,154.4,155.85,153.75,153.75,1800,62750,18250.0,CE
2023-01-20 10:20:00,154.8,154.95,153.7,154.95,800,64850,18250.0,CE
2023-01-20 10:21:00,155.35,155.6,154.6,155.3,1450,64850,18250.0,CE
2023-01-20 10:22:00,155.8,156.75,153.15,153.15,2350,64850,18250.0,CE
2023-01-20 10:23:00,153.0,153.0,149.8,151.2,1100,66150,18250.0,CE
2023-01-20 10:24:00,151.55,153.35,151.0,152.0,700,66150,18250.0,CE
2023-01-20 10:25:00,152.5,153.35,152.5,152.8,300,66150,18250.0,CE
2023-01-20 10:26:00,152.45,153.7,152.15,153.7,1000,65650,18250.0,CE
2023-01-20 10:27:00,154.0,155.05,154.0,155.0,2300,65650,18250.0,CE
2023-01-20 10:28:00,154.25,155.35,154.25,155.35,200,65650,18250.0,CE
2023-01-20 10:29:00,155.0,155.0,154.75,154.75,150,67400,18250.0,CE
2023-01-20 10:30:00,154.0,154.55,153.65,153.65,1700,67400,18250.0,CE
2023-01-20 10:31:00,155.0,155.3,154.6,154.6,450,67400,18250.0,CE
2023-01-20 10:32:00,154.55,155.3,154.55,155.3,350,67350,18250.0,CE
2023-01-20 10:33:00,154.35,154.7,154.2,154.2,750,67350,18250.0,CE
2023-01-20 10:34:00,153.05,153.1,152.25,152.25,500,67350,18250.0,CE
2023-01-20 10:35:00,152.6,153.25,152.6,153.15,350,67900,18250.0,CE
2023-01-20 10:36:00,152.55,152.65,152.55,152.55,150,67900,18250.0,CE
2023-01-20 10:37:00,151.2,152.0,151.2,151.8,300,67900,18250.0,CE
2023-01-20 10:38:00,152.6,153.45,152.6,153.45,250,67950,18250.0,CE
2023-01-20 10:39:00,152.75,153.8,152.75,153.8,850,67950,18250.0,CE
2023-01-20 10:40:00,153.8,158.9,153.8,157.6,2350,67950,18250.0,CE
2023-01-20 10:41:00,157.15,159.55,157.15,159.55,1100,67200,18250.0,CE
2023-01-20 10:42:00,159.55,160.0,159.25,159.5,1850,67200,18250.0,CE
2023-01-20 10:43:00,160.35,161.0,159.35,159.9,1200,67200,18250.0,CE
2023-01-20 10:44:00,160.25,160.55,158.65,159.15,850,68500,18250.0,CE
2023-01-20 10:45:00,160.0,160.7,159.9,160.7,650,68500,18250.0,CE
2023-01-20 10:46:00,160.05,160.05,159.15,159.5,1300,68500,18250.0,CE
2023-01-20 10:47:00,159.55,159.55,158.4,158.9,650,68000,18250.0,CE
2023-01-20 10:48:00,158.3,158.3,156.75,157.6,1250,68000,18250.0,CE
2023-01-20 10:49:00,156.9,156.9,155.1,155.15,350,68000,18250.0,CE
2023-01-20 10:50:00,155.45,156.35,154.4,156.3,3200,67400,18250.0,CE
2023-01-20 10:51:00,156.2,156.2,156.2,156.2,50,67400,18250.0,CE
2023-01-20 10:52:00,155.45,155.45,152.7,153.1,650,67400,18250.0,CE
2023-01-20 10:53:00,152.85,152.95,152.0,152.0,400,67550,18250.0,CE
2023-01-20 10:54:00,152.75,154.55,152.75,154.2,1100,67550,18250.0,CE
2023-01-20 10:55:00,154.0,154.0,151.0,151.0,750,67550,18250.0,CE
2023-01-20 10:56:00,151.4,151.45,151.0,151.2,1000,67550,18250.0,CE
2023-01-20 10:57:00,150.0,151.6,150.0,150.0,2150,68400,18250.0,CE
2023-01-20 10:58:00,150.1,150.8,149.0,149.0,1050,68400,18250.0,CE
2023-01-20 10:59:00,149.05,149.05,148.5,148.5,500,69850,18250.0,CE
2023-01-20 11:00:00,150.1,151.1,149.4,149.4,1550,69850,18250.0,CE
2023-01-20 11:01:00,149.15,149.15,146.0,146.3,2900,69850,18250.0,CE
2023-01-20 11:02:00,145.55,148.1,145.55,148.1,2100,68400,18250.0,CE
2023-01-20 11:03:00,145.9,145.9,145.0,145.0,250,68400,18250.0,CE
2023-01-20 11:04:00,144.65,146.5,144.65,146.5,900,68400,18250.0,CE
2023-01-20 11:05:00,147.55,148.4,147.55,148.4,450,68950,18250.0,CE
2023-01-20 11:06:00,149.1,149.2,147.9,147.9,300,68950,18250.0,CE
2023-01-20 11:07:00,148.2,148.7,147.75,147.75,1100,68950,18250.0,CE
2023-01-20 11:08:00,147.05,147.05,146.5,146.5,1350,71350,18250.0,CE
2023-01-20 11:09:00,146.5,147.6,146.5,147.35,1200,71350,18250.0,CE
2023-01-20 11:10:00,148.2,148.2,147.55,147.55,450,71350,18250.0,CE
2023-01-20 11:11:00,148.35,148.35,147.0,147.0,500,70900,18250.0,CE
2023-01-20 11:12:00,146.25,146.25,143.1,143.6,3900,70900,18250.0,CE
2023-01-20 11:13:00,143.0,144.55,142.05,142.05,650,70900,18250.0,CE
2023-01-20 11:14:00,142.0,142.0,140.45,141.0,1600,69200,18250.0,CE
2023-01-20 11:15:00,140.0,144.0,139.85,144.0,2100,69200,18250.0,CE
2023-01-20 11:16:00,143.65,144.8,143.65,144.3,1100,69200,18250.0,CE
2023-01-20 11:17:00,144.25,144.25,140.5,140.5,1700,70150,18250.0,CE
2023-01-20 11:18:00,139.85,141.1,139.85,141.1,400,70150,18250.0,CE
2023-01-20 11:19:00,141.05,141.9,140.6,141.9,750,70150,18250.0,CE
2023-01-20 11:20:00,141.3,141.3,139.2,139.6,800,70500,18250.0,CE
2023-01-20 11:21:00,140.35,142.2,140.35,141.85,9200,70500,18250.0,CE
2023-01-20 11:22:00,141.8,142.0,140.95,141.0,9650,70500,18250.0,CE
2023-01-20 11:23:00,140.85,140.85,137.75,137.75,25250,95600,18250.0,CE
2023-01-20 11:24:00,140.05,140.75,139.95,140.35,1250,95600,18250.0,CE
2023-01-20 11:25:00,140.0,141.35,140.0,141.35,150,95600,18250.0,CE
2023-01-20 11:26:00,141.1,143.95,141.1,143.7,1450,96500,18250.0,CE
2023-01-20 11:27:00,144.0,146.75,144.0,146.75,2150,96500,18250.0,CE
2023-01-20 11:28:00,144.7,145.7,144.7,145.7,250,96500,18250.0,CE
2023-01-20 11:29:00,145.5,145.5,144.7,144.7,900,96750,18250.0,CE
2023-01-20 11:30:00,144.4,146.1,144.25,146.0,650,96750,18250.0,CE
2023-01-20 11:31:00,145.15,145.35,144.85,144.85,1600,96750,18250.0,CE
2023-01-20 11:32:00,145.8,145.8,145.8,145.8,100,97000,18250.0,CE
2023-01-20 11:33:00,143.6,143.9,143.3,143.9,300,97000,18250.0,CE
2023-01-20 11:34:00,144.25,144.25,142.3,142.3,450,97000,18250.0,CE
2023-01-20 11:35:00,142.4,143.3,142.4,143.3,100,97000,18250.0,CE
2023-01-20 11:36:00,144.3,144.55,144.05,144.55,450,96700,18250.0,CE
2023-01-20 11:37:00,143.45,143.45,142.25,142.3,350,96700,18250.0,CE
2023-01-20 11:38:00,143.5,143.5,141.9,142.0,500,96100,18250.0,CE
2023-01-20 11:39:00,141.0,141.0,140.2,140.2,150,96100,18250.0,CE
2023-01-20 11:40:00,141.0,141.45,139.75,139.75,900,96100,18250.0,CE
2023-01-20 11:41:00,140.5,140.5,140.5,140.5,100,96100,18250.0,CE
2023-01-20 11:42:00,142.3,142.3,142.25,142.25,550,95950,18250.0,CE
2023-01-20 11:43:00,141.9,141.9,140.35,140.35,900,95950,18250.0,CE
2023-01-20 11:44:00,139.95,139.95,139.5,139.95,150,96700,18250.0,CE
2023-01-20 11:45:00,138.85,139.45,138.3,138.3,450,96700,18250.0,CE
2023-01-20 11:46:00,139.5,139.5,139.5,139.5,50,96700,18250.0,CE
2023-01-20 11:47:00,140.95,140.95,140.9,140.9,100,96700,18250.0,CE
2023-01-20 11:48:00,141.25,141.25,141.25,141.25,50,96650,18250.0,CE
2023-01-20 11:49:00,139.4,139.4,138.75,138.75,100,96650,18250.0,CE
2023-01-20 11:50:00,139.35,140.65,139.35,140.65,500,96700,18250.0,CE
2023-01-20 11:51:00,139.55,139.55,139.5,139.5,100,96700,18250.0,CE
2023-01-20 11:52:00,139.55,139.55,134.05,135.65,3550,96700,18250.0,CE
2023-01-20 11:53:00,135.6,135.6,135.0,135.5,550,95750,18250.0,CE
2023-01-20 11:54:00,135.0,135.0,132.45,133.45,950,95750,18250.0,CE
2023-01-20 11:55:00,131.45,132.65,130.85,132.65,500,95750,18250.0,CE
2023-01-20 11:56:00,133.25,133.25,132.4,132.4,900,95750,18250.0,CE
2023-01-20 11:57:00,132.8,133.85,132.8,133.85,5900,95250,18250.0,CE
2023-01-20 11:58:00,133.75,133.75,132.6,132.75,1300,95250,18250.0,CE
2023-01-20 11:59:00,132.6,132.6,130.4,130.95,1350,96950,18250.0,CE
2023-01-20 12:00:00,130.35,132.1,130.35,132.1,850,96950,18250.0,CE
2023-01-20 12:01:00,132.3,133.05,132.3,132.65,500,96950,18250.0,CE
2023-01-20 12:02:00,134.0,134.0,133.0,133.05,300,96850,18250.0,CE
2023-01-20 12:03:00,134.15,135.25,134.15,135.05,400,96850,18250.0,CE
2023-01-20 12:04:00,134.15,135.9,134.15,135.9,350,96850,18250.0,CE
2023-01-20 12:05:00,135.3,136.0,135.3,136.0,750,97350,18250.0,CE
2023-01-20 12:06:00,135.95,136.3,135.35,135.35,2850,97350,18250.0,CE
2023-01-20 12:07:00,135.15,135.3,134.55,134.55,150,97350,18250.0,CE
2023-01-20 12:08:00,135.65,135.65,135.25,135.45,150,97350,18250.0,CE
2023-01-20 12:09:00,134.2,134.2,134.0,134.0,1000,98300,18250.0,CE
2023-01-20 12:10:00,133.9,134.0,133.0,133.0,1150,98300,18250.0,CE
2023-01-20 12:11:00,133.3,134.45,133.3,134.45,750,99600,18250.0,CE
2023-01-20 12:12:00,134.5,135.5,134.4,135.15,900,99600,18250.0,CE
2023-01-20 12:13:00,134.45,134.65,132.9,132.9,400,99600,18250.0,CE
2023-01-20 12:14:00,133.55,134.6,133.55,134.2,450,99450,18250.0,CE
2023-01-20 12:15:00,132.85,133.55,132.85,133.55,300,99450,18250.0,CE
2023-01-20 12:17:00,133.8,135.15,133.8,135.15,100,99450,18250.0,CE
2023-01-20 12:18:00,135.0,135.3,134.95,135.05,450,99600,18250.0,CE
2023-01-20 12:19:00,137.2,137.5,137.05,137.05,200,99600,18250.0,CE
2023-01-20 12:20:00,137.4,138.5,137.4,138.5,400,99550,18250.0,CE
2023-01-20 12:21:00,138.5,138.5,136.8,136.8,650,99550,18250.0,CE
2023-01-20 12:22:00,137.1,137.1,137.0,137.0,350,99550,18250.0,CE
2023-01-20 12:23:00,136.6,137.4,136.6,136.7,350,99550,18250.0,CE
2023-01-20 12:24:00,136.2,136.2,135.5,135.85,750,100300,18250.0,CE
2023-01-20 12:25:00,135.6,135.6,134.7,134.75,350,100300,18250.0,CE
2023-01-20 12:26:00,135.35,136.15,135.35,136.15,300,100150,18250.0,CE
2023-01-20 12:27:00,137.0,137.55,136.15,137.55,600,100150,18250.0,CE
2023-01-20 12:28:00,138.4,138.4,137.65,138.1,650,100150,18250.0,CE
2023-01-20 12:29:00,137.6,137.9,136.1,137.0,650,100350,18250.0,CE
2023-01-20 12:30:00,137.65,137.65,135.35,135.8,850,100350,18250.0,CE
2023-01-20 12:31:00,136.05,137.25,136.05,136.25,600,100350,18250.0,CE
2023-01-20 12:32:00,135.5,137.0,135.5,136.7,850,100350,18250.0,CE
2023-01-20 12:33:00,138.2,138.65,137.35,137.75,500,100700,18250.0,CE
2023-01-20 12:34:00,137.75,137.75,137.75,137.75,150,100700,18250.0,CE
2023-01-20 12:35:00,138.15,138.15,136.55,136.55,300,100700,18250.0,CE
2023-01-20 12:36:00,137.7,137.7,136.15,136.15,200,100750,18250.0,CE
2023-01-20 12:37:00,137.4,137.4,136.6,136.6,200,100750,18250.0,CE
2023-01-20 12:38:00,137.3,137.4,136.9,136.9,200,100750,18250.0,CE
2023-01-20 12:39:00,136.75,136.75,136.75,136.75,50,100800,18250.0,CE
2023-01-20 12:40:00,137.1,137.1,136.0,136.0,350,100800,18250.0,CE
2023-01-20 12:41:00,135.4,135.4,133.0,133.0,800,101050,18250.0,CE
2023-01-20 12:42:00,133.2,133.2,131.9,131.9,550,101050,18250.0,CE
2023-01-20 12:43:00,131.5,131.6,131.5,131.6,100,101050,18250.0,CE
2023-01-20 12:44:00,131.1,131.1,129.85,129.85,1500,100500,18250.0,CE
2023-01-20 12:45:00,129.85,130.65,129.35,129.35,350,100500,18250.0,CE
2023-01-20 12:46:00,129.35,130.65,129.0,129.2,1500,100500,18250.0,CE
2023-01-20 12:47:00,128.85,130.4,128.75,130.2,1850,100500,18250.0,CE
2023-01-20 12:48:00,130.5,131.95,130.0,130.0,1250,101800,18250.0,CE
2023-01-20 12:49:00,129.7,129.7,129.7,129.7,100,101800,18250.0,CE
2023-01-20 12:51:00,131.0,131.5,130.8,131.0,850,102300,18250.0,CE
2023-01-20 12:52:00,130.9,130.9,130.9,130.9,50,102300,18250.0,CE
2023-01-20 12:53:00,131.1,131.5,130.5,130.5,1200,102300,18250.0,CE
2023-01-20 12:54:00,130.65,132.0,130.65,132.0,600,102550,18250.0,CE
2023-01-20 12:55:00,132.0,132.45,132.0,132.45,100,102550,18250.0,CE
2023-01-20 12:56:00,133.0,135.6,133.0,134.75,950,102950,18250.0,CE
2023-01-20 12:57:00,134.7,134.7,134.7,134.7,50,102950,18250.0,CE
2023-01-20 12:59:00,134.3,134.3,133.7,134.1,550,102950,18250.0,CE
2023-01-20 13:01:00,134.0,134.0,133.8,133.8,200,102600,18250.0,CE
2023-01-20 13:02:00,134.0,134.0,134.0,134.0,250,102600,18250.0,CE
2023-01-20 13:03:00,135.0,136.85,135.0,136.85,250,102600,18250.0,CE
2023-01-20 13:04:00,135.0,135.0,133.8,133.8,250,102600,18250.0,CE
2023-01-20 13:05:00,133.45,134.25,133.45,133.75,600,102600,18250.0,CE
2023-01-20 13:06:00,135.4,135.85,135.0,135.0,500,102650,18250.0,CE
2023-01-20 13:07:00,134.7,134.7,134.05,134.05,100,102650,18250.0,CE
2023-01-20 13:08:00,133.75,134.65,133.75,134.65,100,102650,18250.0,CE
2023-01-20 13:09:00,133.95,133.95,133.4,133.9,450,103150,18250.0,CE
2023-01-20 13:10:00,134.55,134.55,133.75,133.75,350,103150,18250.0,CE
2023-01-20 13:11:00,134.85,134.85,134.85,134.85,100,103150,18250.0,CE
2023-01-20 13:14:00,135.3,135.3,135.3,135.3,100,103500,18250.0,CE
2023-01-20 13:15:00,135.0,138.0,135.0,138.0,500,103500,18250.0,CE
2023-01-20 13:16:00,138.0,138.0,137.25,137.25,350,103500,18250.0,CE
2023-01-20 13:17:00,137.4,137.4,136.75,136.8,300,103500,18250.0,CE
2023-01-20 13:19:00,138.25,139.0,138.25,139.0,150,103800,18250.0,CE
2023-01-20 13:20:00,139.5,139.5,138.55,138.95,600,103800,18250.0,CE
2023-01-20 13:21:00,137.5,137.55,137.0,137.55,400,103750,18250.0,CE
2023-01-20 13:22:00,138.7,138.7,138.7,138.7,50,103750,18250.0,CE
2023-01-20 13:23:00,138.35,138.35,138.3,138.3,300,103750,18250.0,CE
2023-01-20 13:24:00,137.0,137.0,136.6,136.6,100,103750,18250.0,CE
2023-01-20 13:25:00,137.4,138.55,137.4,138.55,750,103750,18250.0,CE
2023-01-20 13:27:00,136.7,136.7,134.8,134.8,850,104150,18250.0,CE
2023-01-20 13:28:00,135.1,135.1,135.1,135.1,250,104150,18250.0,CE
2023-01-20 13:29:00,134.9,135.5,134.9,135.5,450,104150,18250.0,CE
2023-01-20 13:30:00,134.7,135.35,134.7,135.35,100,104350,18250.0,CE
2023-01-20 13:31:00,135.95,135.95,135.95,135.95,50,104350,18250.0,CE
2023-01-20 13:32:00,131.65,132.1,131.65,132.1,500,104350,18250.0,CE
2023-01-20 13:33:00,130.05,131.25,130.0,131.25,450,104050,18250.0,CE
2023-01-20 13:34:00,131.75,131.9,131.05,131.05,450,104050,18250.0,CE
2023-01-20 13:35:00,131.1,131.1,131.1,131.1,250,104050,18250.0,CE
2023-01-20 13:36:00,130.0,130.8,130.0,130.8,500,104300,18250.0,CE
2023-01-20 13:37:00,131.6,132.0,131.2,132.0,500,104300,18250.0,CE
2023-01-20 13:38:00,131.05,131.05,130.5,130.5,100,104300,18250.0,CE
2023-01-20 13:39:00,132.9,132.9,132.45,132.45,100,104950,18250.0,CE
2023-01-20 13:41:00,131.25,131.25,131.25,131.25,50,104950,18250.0,CE
2023-01-20 13:42:00,131.15,131.3,131.15,131.3,100,105000,18250.0,CE
2023-01-20 13:43:00,131.2,131.2,131.2,131.2,200,105000,18250.0,CE
2023-01-20 13:44:00,128.5,128.5,128.5,128.5,100,105000,18250.0,CE
2023-01-20 13:45:00,129.2,129.2,128.0,128.45,850,105050,18250.0,CE
2023-01-20 13:46:00,129.6,130.4,129.6,130.4,700,105050,18250.0,CE
2023-01-20 13:48:00,131.35,131.55,130.4,130.4,150,105550,18250.0,CE
2023-01-20 13:49:00,131.25,132.0,131.25,132.0,300,105550,18250.0,CE
2023-01-20 13:50:00,132.3,133.5,132.3,133.4,950,105550,18250.0,CE
2023-01-20 13:51:00,133.4,133.45,133.2,133.45,150,106150,18250.0,CE
2023-01-20 13:52:00,132.65,132.9,131.65,131.65,700,106150,18250.0,CE
2023-01-20 13:53:00,129.95,129.95,128.7,128.7,150,106150,18250.0,CE
2023-01-20 13:54:00,128.8,128.85,126.35,126.35,2250,106750,18250.0,CE
2023-01-20 13:55:00,128.0,128.7,127.75,127.75,250,106750,18250.0,CE
2023-01-20 13:56:00,126.25,126.25,123.95,124.85,3800,106750,18250.0,CE
2023-01-20 13:57:00,125.4,125.4,122.35,124.0,1050,106150,18250.0,CE
2023-01-20 13:58:00,122.75,124.0,121.65,121.65,1900,106150,18250.0,CE
2023-01-20 13:59:00,121.65,122.45,121.25,122.1,600,106150,18250.0,CE
2023-01-20 14:00:00,121.25,121.25,114.85,116.7,7150,106650,18250.0,CE
2023-01-20 14:01:00,116.1,117.95,114.5,117.95,3800,106650,18250.0,CE
2023-01-20 14:02:00,117.2,117.45,115.95,116.85,2900,106650,18250.0,CE
2023-01-20 14:03:00,116.0,116.3,115.2,116.3,1150,106950,18250.0,CE
2023-01-20 14:04:00,115.5,118.25,115.2,117.8,1150,106950,18250.0,CE
2023-01-20 14:05:00,117.3,118.6,117.3,118.1,2650,106950,18250.0,CE
2023-01-20 14:06:00,116.7,119.0,116.3,119.0,1550,106050,18250.0,CE
2023-01-20 14:07:00,118.8,118.95,117.75,118.8,600,106050,18250.0,CE
2023-01-20 14:08:00,118.65,119.0,118.0,119.0,750,106050,18250.0,CE
2023-01-20 14:09:00,119.85,120.9,119.25,119.25,550,106600,18250.0,CE
2023-01-20 14:10:00,119.55,119.55,118.25,118.3,1250,106600,18250.0,CE
2023-01-20 14:11:00,118.0,118.0,117.0,117.5,1100,106600,18250.0,CE
2023-01-20 14:12:00,117.5,118.0,117.0,117.85,1450,107500,18250.0,CE
2023-01-20 14:13:00,118.35,119.25,118.35,119.25,400,107500,18250.0,CE
2023-01-20 14:14:00,119.7,121.3,119.5,121.3,1400,107500,18250.0,CE
2023-01-20 14:15:00,120.55,122.5,120.55,121.05,1500,109050,18250.0,CE
2023-01-20 14:16:00,120.45,121.7,120.45,121.0,550,109050,18250.0,CE
2023-01-20 14:17:00,120.0,120.55,118.25,118.25,1200,109050,18250.0,CE
2023-01-20 14:18:00,118.4,119.5,118.4,119.2,550,109450,18250.0,CE
2023-01-20 14:19:00,118.65,118.65,117.4,118.3,1350,109450,18250.0,CE
2023-01-20 14:20:00,117.0,117.2,116.0,116.55,5000,109450,18250.0,CE
2023-01-20 14:21:00,116.7,116.75,115.7,116.75,300,106600,18250.0,CE
2023-01-20 14:22:00,116.4,116.85,115.75,116.55,1550,106600,18250.0,CE
2023-01-20 14:23:00,116.7,117.4,116.7,116.95,450,106600,18250.0,CE
2023-01-20 14:24:00,116.15,118.0,116.15,118.0,650,107450,18250.0,CE
2023-01-20 14:25:00,116.95,117.25,116.95,117.25,300,107450,18250.0,CE
2023-01-20 14:26:00,117.0,118.3,116.95,118.15,300,107450,18250.0,CE
2023-01-20 14:27:00,117.9,119.1,117.9,119.0,250,107900,18250.0,CE
2023-01-20 14:28:00,120.3,120.75,119.15,119.15,1250,107900,18250.0,CE
2023-01-20 14:29:00,118.25,118.85,118.0,118.0,400,107900,18250.0,CE
2023-01-20 14:30:00,118.4,118.4,116.15,116.15,700,108450,18250.0,CE
2023-01-20 14:31:00,116.0,116.0,111.75,111.75,3750,108450,18250.0,CE
2023-01-20 14:32:00,112.65,112.9,109.95,109.95,3300,108450,18250.0,CE
2023-01-20 14:33:00,109.0,109.5,107.55,108.45,1800,108550,18250.0,CE
2023-01-20 14:34:00,108.5,108.5,106.45,107.0,1300,108550,18250.0,CE
2023-01-20 14:35:00,107.0,107.85,106.95,107.85,650,108550,18250.0,CE
2023-01-20 14:36:00,108.45,109.75,107.9,107.9,1500,109450,18250.0,CE
2023-01-20 14:37:00,108.0,108.0,105.3,105.3,2550,109450,18250.0,CE
2023-01-20 14:38:00,105.3,107.6,105.3,106.3,2100,109450,18250.0,CE
2023-01-20 14:39:00,106.25,107.45,106.0,106.0,4700,110450,18250.0,CE
2023-01-20 14:40:00,106.7,107.25,105.7,105.7,2700,110450,18250.0,CE
2023-01-20 14:41:00,107.2,107.2,106.55,106.8,550,110450,18250.0,CE
2023-01-20 14:42:00,106.15,106.6,103.35,105.1,2400,113100,18250.0,CE
2023-01-20 14:43:00,104.65,105.5,104.2,104.65,1350,113100,18250.0,CE
2023-01-20 14:44:00,104.8,106.45,104.55,106.2,1150,113100,18250.0,CE
2023-01-20 14:45:00,106.0,109.3,106.0,109.2,3250,114750,18250.0,CE
2023-01-20 14:46:00,109.4,111.2,109.4,110.8,2800,114750,18250.0,CE
2023-01-20 14:47:00,111.4,111.8,111.2,111.6,450,114750,18250.0,CE
2023-01-20 14:48:00,111.0,111.05,110.0,110.85,1050,114300,18250.0,CE
2023-01-20 14:49:00,109.9,111.7,109.9,110.45,550,114300,18250.0,CE
2023-01-20 14:50:00,111.0,112.05,110.4,112.0,2250,114300,18250.0,CE
2023-01-20 14:51:00,112.0,113.0,112.0,113.0,300,113950,18250.0,CE
2023-01-20 14:52:00,113.0,115.5,112.95,115.0,6050,113950,18250.0,CE
2023-01-20 14:53:00,115.2,116.1,114.75,114.75,1200,113950,18250.0,CE
2023-01-20 14:54:00,113.6,114.0,111.3,111.3,1050,117400,18250.0,CE
2023-01-20 14:55:00,110.9,110.9,109.8,110.1,1300,117400,18250.0,CE
2023-01-20 14:56:00,110.6,113.5,110.6,113.5,900,117400,18250.0,CE
2023-01-20 14:57:00,113.0,113.0,111.7,111.7,1500,118850,18250.0,CE
2023-01-20 14:58:00,111.25,112.55,111.25,112.55,150,118850,18250.0,CE
2023-01-20 14:59:00,112.4,114.4,112.0,114.4,1900,118850,18250.0,CE
2023-01-20 15:00:00,115.0,115.05,109.5,109.85,1500,118550,18250.0,CE
2023-01-20 15:01:00,111.0,111.0,108.15,108.15,1300,118550,18250.0,CE
2023-01-20 15:02:00,109.65,109.65,108.15,108.8,950,118550,18250.0,CE
2023-01-20 15:03:00,109.85,110.9,109.45,109.45,750,117700,18250.0,CE
2023-01-20 15:04:00,108.55,108.75,107.8,107.8,450,117700,18250.0,CE
2023-01-20 15:05:00,108.0,109.25,107.35,107.45,600,117700,18250.0,CE
2023-01-20 15:06:00,107.25,107.8,104.0,104.0,1800,118100,18250.0,CE
2023-01-20 15:07:00,104.65,105.2,103.8,103.8,4050,118100,18250.0,CE
2023-01-20 15:08:00,104.15,105.0,104.15,104.95,650,118100,18250.0,CE
2023-01-20 15:09:00,105.0,106.9,104.8,106.9,1800,118400,18250.0,CE
2023-01-20 15:10:00,106.5,107.25,106.2,107.05,2200,118400,18250.0,CE
2023-01-20 15:11:00,107.6,107.6,105.25,105.8,2750,118400,18250.0,CE
2023-01-20 15:12:00,106.05,106.2,105.1,105.5,2450,120800,18250.0,CE
2023-01-20 15:13:00,106.35,107.35,105.85,107.0,1950,120800,18250.0,CE
2023-01-20 15:14:00,107.0,107.3,105.75,105.75,1300,120800,18250.0,CE
2023-01-20 15:15:00,106.9,106.9,105.4,106.15,1650,121800,18250.0,CE
2023-01-20 15:16:00,106.35,106.5,105.45,105.9,2550,121800,18250.0,CE
2023-01-20 15:17:00,106.3,106.65,106.3,106.5,1700,121800,18250.0,CE
2023-01-20 15:18:00,107.3,107.3,105.2,105.5,4000,119900,18250.0,CE
2023-01-20 15:19:00,105.55,106.45,105.55,105.95,4050,119900,18250.0,CE
2023-01-20 15:20:00,106.25,107.25,106.0,106.0,2700,119900,18250.0,CE
2023-01-20 15:21:00,106.5,107.5,106.5,106.7,1500,118150,18250.0,CE
2023-01-20 15:22:00,106.5,107.1,106.5,107.1,3200,118150,18250.0,CE
2023-01-20 15:23:00,107.1,107.1,106.85,106.9,1500,118150,18250.0,CE
2023-01-20 15:24:00,107.0,107.5,107.0,107.4,400,117850,18250.0,CE
2023-01-20 15:25:00,107.4,108.0,106.5,106.6,2250,117850,18250.0,CE
2023-01-20 15:26:00,107.1,107.15,106.65,106.85,2400,117850,18250.0,CE
2023-01-20 15:27:00,107.3,107.55,106.8,107.55,3050,115900,18250.0,CE
2023-01-20 15:28:00,107.4,107.75,107.25,107.25,2950,115900,18250.0,CE
2023-01-20 15:29:00,107.25,107.35,105.85,107.05,2700,115900,18250.0,CE
2023-01-23 09:15:00,127.55,130.65,120.45,130.1,14002,116350,18250.0,CE
2023-01-23 09:16:00,129.0,129.9,123.65,127.8,6450,116350,18250.0,CE
2023-01-23 09:17:00,125.85,128.0,124.2,126.7,26550,121100,18250.0,CE
2023-01-23 09:18:00,127.15,127.8,124.0,124.3,3500,121100,18250.0,CE
2023-01-23 09:19:00,124.75,126.55,124.35,125.9,2850,121100,18250.0,CE
2023-01-23 09:20:00,126.15,127.75,125.0,125.25,3000,129950,18250.0,CE
2023-01-23 09:21:00,124.75,125.0,119.05,119.05,3300,129950,18250.0,CE
2023-01-23 09:22:00,119.95,122.2,116.7,118.25,5750,129950,18250.0,CE
2023-01-23 09:23:00,118.45,120.15,117.4,120.15,1950,131400,18250.0,CE
2023-01-23 09:24:00,120.5,120.5,117.75,119.35,2250,131400,18250.0,CE
2023-01-23 09:25:00,119.2,120.15,116.65,118.6,3250,131400,18250.0,CE
2023-01-23 09:26:00,119.0,122.7,119.0,122.45,2600,131600,18250.0,CE
2023-01-23 09:27:00,123.55,124.0,122.15,124.0,2800,131600,18250.0,CE
2023-01-23 09:28:00,124.1,126.75,124.1,125.35,1450,131600,18250.0,CE
2023-01-23 09:29:00,125.6,125.6,123.55,124.35,1650,131350,18250.0,CE
2023-01-23 09:30:00,124.85,127.5,124.85,127.5,3500,131350,18250.0,CE
2023-01-23 09:31:00,127.6,130.7,127.6,130.7,7000,131350,18250.0,CE
2023-01-23 09:32:00,131.45,134.3,131.45,133.7,6550,130650,18250.0,CE
2023-01-23 09:33:00,133.4,136.05,132.85,135.0,13950,130650,18250.0,CE
2023-01-23 09:34:00,135.0,136.7,134.5,136.7,2650,130650,18250.0,CE
2023-01-23 09:35:00,137.5,139.2,136.5,139.2,3400,122700,18250.0,CE
2023-01-23 09:36:00,139.05,139.2,134.55,136.9,6800,122700,18250.0,CE
2023-01-23 09:37:00,137.1,137.1,134.8,137.0,2700,122700,18250.0,CE
2023-01-23 09:38:00,136.05,138.4,135.3,138.4,1900,122700,18250.0,CE
2023-01-23 09:39:00,138.4,138.4,137.1,138.0,2400,122700,18250.0,CE
2023-01-23 09:40:00,138.5,139.2,137.85,138.6,1350,122700,18250.0,CE
2023-01-23 09:41:00,138.85,138.85,135.7,137.25,3850,124600,18250.0,CE
2023-01-23 09:42:00,138.0,138.75,136.0,136.0,2500,124600,18250.0,CE
2023-01-23 09:43:00,135.9,137.0,134.0,134.0,3200,124600,18250.0,CE
2023-01-23 09:44:00,134.05,136.0,134.05,135.9,800,126400,18250.0,CE
2023-01-23 09:45:00,136.75,137.6,136.45,137.45,1350,126400,18250.0,CE
2023-01-23 09:46:00,137.9,140.75,137.9,140.05,6950,126400,18250.0,CE
2023-01-23 09:47:00,140.45,141.75,139.85,141.45,1700,126300,18250.0,CE
2023-01-23 09:48:00,142.0,144.35,142.0,143.75,2650,126300,18250.0,CE
2023-01-23 09:49:00,143.75,144.25,142.15,143.35,4500,126300,18250.0,CE
2023-01-23 09:50:00,143.85,145.35,143.1,145.35,4300,127700,18250.0,CE
2023-01-23 09:51:00,145.35,147.3,145.35,146.45,3450,127700,18250.0,CE
2023-01-23 09:52:00,148.6,149.4,146.7,146.7,5550,127700,18250.0,CE
2023-01-23 09:53:00,147.25,148.7,146.6,148.0,3050,130850,18250.0,CE
2023-01-23 09:54:00,147.8,148.5,147.05,148.45,20450,130850,18250.0,CE
2023-01-23 09:55:00,148.6,148.6,146.75,148.0,14200,130850,18250.0,CE
2023-01-23 09:56:00,148.0,148.25,144.4,144.4,66600,144900,18250.0,CE
2023-01-23 09:57:00,144.95,148.15,144.95,147.2,14250,144900,18250.0,CE
2023-01-23 09:58:00,147.75,147.75,145.8,145.8,1150,144900,18250.0,CE
2023-01-23 09:59:00,146.45,147.75,146.1,147.75,400,211650,18250.0,CE
2023-01-23 10:00:00,147.0,149.8,146.2,149.8,5150,211650,18250.0,CE
2023-01-23 10:01:00,149.8,149.9,147.85,148.0,1550,211650,18250.0,CE
2023-01-23 10:02:00,147.85,148.85,146.4,146.4,3450,210450,18250.0,CE
2023-01-23 10:03:00,146.45,146.95,145.0,145.95,5700,210450,18250.0,CE
2023-01-23 10:04:00,145.35,146.0,145.35,145.35,1050,210450,18250.0,CE
2023-01-23 10:05:00,146.0,146.1,144.4,145.05,3200,212650,18250.0,CE
2023-01-23 10:06:00,146.25,149.25,146.25,148.65,35300,212650,18250.0,CE
2023-01-23 10:07:00,147.6,147.6,146.0,147.0,3350,212650,18250.0,CE
2023-01-23 10:08:00,146.5,148.7,145.55,148.7,1950,204700,18250.0,CE
2023-01-23 10:09:00,147.25,147.8,144.85,145.45,8100,204700,18250.0,CE
2023-01-23 10:10:00,145.6,146.85,144.65,145.75,3800,204700,18250.0,CE
2023-01-23 10:11:00,145.75,146.0,140.7,143.95,4950,207350,18250.0,CE
2023-01-23 10:12:00,143.4,146.45,143.4,145.75,3900,207350,18250.0,CE
2023-01-23 10:13:00,146.0,146.0,144.65,144.65,2750,207350,18250.0,CE
2023-01-23 10:14:00,144.25,144.55,143.6,143.9,3500,207700,18250.0,CE
2023-01-23 10:15:00,144.55,146.75,144.55,145.65,2950,207700,18250.0,CE
2023-01-23 10:16:00,146.2,146.2,145.15,145.8,450,207700,18250.0,CE
2023-01-23 10:17:00,145.65,146.35,145.0,146.35,1200,206100,18250.0,CE
2023-01-23 10:18:00,146.2,146.4,144.7,145.45,550,206100,18250.0,CE
2023-01-23 10:19:00,145.35,146.0,144.65,145.5,1350,206100,18250.0,CE
2023-01-23 10:20:00,145.25,146.8,144.3,144.3,1650,206250,18250.0,CE
2023-01-23 10:21:00,144.65,146.8,143.7,146.8,1100,206250,18250.0,CE
2023-01-23 10:22:00,146.7,146.7,144.5,144.7,400,206250,18250.0,CE
2023-01-23 10:23:00,144.6,145.7,144.6,145.65,3250,208050,18250.0,CE
2023-01-23 10:24:00,144.6,144.8,144.15,144.15,1850,208050,18250.0,CE
2023-01-23 10:25:00,144.2,145.05,143.4,144.45,1150,208050,18250.0,CE
2023-01-23 10:26:00,144.9,144.9,141.0,142.35,2350,209100,18250.0,CE
2023-01-23 10:27:00,140.85,141.1,140.6,140.75,3150,209100,18250.0,CE
2023-01-23 10:28:00,141.4,142.4,141.4,142.4,2450,209100,18250.0,CE
2023-01-23 10:29:00,141.35,145.0,141.35,144.8,4150,210700,18250.0,CE
2023-01-23 10:30:00,144.15,146.0,144.0,145.35,3800,210700,18250.0,CE
2023-01-23 10:31:00,145.15,146.5,144.75,146.25,3100,210700,18250.0,CE
2023-01-23 10:32:00,146.0,146.0,145.1,145.25,1700,208350,18250.0,CE
2023-01-23 10:33:00,145.45,146.65,145.35,146.35,3200,208350,18250.0,CE
2023-01-23 10:34:00,146.25,146.45,145.8,146.0,1750,208350,18250.0,CE
2023-01-23 10:35:00,145.95,146.1,145.15,145.25,1950,209500,18250.0,CE
2023-01-23 10:36:00,145.25,145.25,143.35,143.5,1750,209500,18250.0,CE
2023-01-23 10:37:00,143.45,143.6,142.5,142.9,2550,209500,18250.0,CE
2023-01-23 10:38:00,144.6,145.0,144.05,145.0,2500,210900,18250.0,CE
2023-01-23 10:39:00,144.8,144.8,143.5,143.5,3100,210900,18250.0,CE
2023-01-23 10:40:00,143.6,144.4,142.8,144.4,4200,210900,18250.0,CE
2023-01-23 10:41:00,144.8,145.05,144.75,144.75,800,207250,18250.0,CE
2023-01-23 10:42:00,143.45,143.65,138.6,139.8,4350,207250,18250.0,CE
2023-01-23 10:43:00,139.15,140.0,138.5,138.65,1700,207250,18250.0,CE
2023-01-23 10:44:00,139.1,139.6,138.2,139.3,3600,207950,18250.0,CE
2023-01-23 10:45:00,138.0,139.9,137.45,139.9,1100,207950,18250.0,CE
2023-01-23 10:46:00,139.75,141.55,139.75,141.1,2650,207950,18250.0,CE
2023-01-23 10:47:00,140.95,142.1,140.95,141.05,1600,208300,18250.0,CE
2023-01-23 10:48:00,141.5,141.85,141.15,141.15,200,208300,18250.0,CE
2023-01-23 10:49:00,140.0,140.0,139.25,139.25,650,208300,18250.0,CE
2023-01-23 10:50:00,140.1,141.8,140.0,141.8,1950,210150,18250.0,CE
2023-01-23 10:51:00,141.15,141.15,140.0,141.0,1350,210150,18250.0,CE
2023-01-23 10:52:00,140.3,140.35,139.9,140.35,1900,210150,18250.0,CE
2023-01-23 10:53:00,141.0,141.0,140.0,140.0,550,212400,18250.0,CE
2023-01-23 10:54:00,140.0,140.85,139.55,140.85,500,212400,18250.0,CE
2023-01-23 10:55:00,141.5,142.0,140.5,142.0,2200,212400,18250.0,CE
2023-01-23 10:56:00,142.0,142.55,141.0,142.55,2800,209500,18250.0,CE
2023-01-23 10:57:00,142.45,142.85,142.4,142.55,450,209500,18250.0,CE
2023-01-23 10:58:00,142.75,143.0,142.25,142.25,550,209500,18250.0,CE
2023-01-23 10:59:00,142.0,142.95,141.5,142.95,2600,210300,18250.0,CE
2023-01-23 11:00:00,142.05,142.05,142.05,142.05,750,210300,18250.0,CE
2023-01-23 11:01:00,143.3,143.65,142.05,142.15,2300,210300,18250.0,CE
2023-01-23 11:02:00,142.5,143.9,142.5,143.4,4750,211250,18250.0,CE
2023-01-23 11:03:00,143.0,143.9,143.0,143.05,400,211250,18250.0,CE
2023-01-23 11:04:00,143.05,143.05,141.65,141.65,1150,211250,18250.0,CE
2023-01-23 11:05:00,143.15,143.25,142.05,142.6,300,210600,18250.0,CE
2023-01-23 11:06:00,142.6,143.3,142.6,143.3,600,210600,18250.0,CE
2023-01-23 11:07:00,143.2,143.2,142.85,142.85,750,210600,18250.0,CE
2023-01-23 11:08:00,142.25,142.25,142.25,142.25,100,210600,18250.0,CE
2023-01-23 11:10:00,142.35,143.0,142.25,142.65,2000,210400,18250.0,CE
2023-01-23 11:11:00,143.2,143.2,142.5,142.65,500,211550,18250.0,CE
2023-01-23 11:12:00,142.35,142.35,138.35,138.4,3550,211550,18250.0,CE
2023-01-23 11:13:00,138.0,138.85,136.95,138.25,4950,211550,18250.0,CE
2023-01-23 11:14:00,138.65,138.9,136.65,136.65,3800,214800,18250.0,CE
2023-01-23 11:15:00,137.05,138.15,136.1,137.75,2650,214800,18250.0,CE
2023-01-23 11:16:00,137.15,137.15,133.0,135.8,6400,214800,18250.0,CE
2023-01-23 11:17:00,135.85,138.6,135.85,138.3,1000,214450,18250.0,CE
2023-01-23 11:18:00,138.0,138.05,136.15,137.1,3050,214450,18250.0,CE
2023-01-23 11:19:00,137.05,138.95,137.05,138.95,850,214450,18250.0,CE
2023-01-23 11:20:00,139.0,139.9,138.7,138.7,5050,213600,18250.0,CE
2023-01-23 11:21:00,138.6,139.2,138.6,139.2,350,213600,18250.0,CE
2023-01-23 11:22:00,139.3,139.65,139.05,139.05,250,213600,18250.0,CE
2023-01-23 11:23:00,138.05,138.55,138.05,138.55,200,213800,18250.0,CE
2023-01-23 11:24:00,138.0,138.0,137.1,138.0,1650,213800,18250.0,CE
2023-01-23 11:25:00,136.55,138.05,136.55,138.05,750,213800,18250.0,CE
2023-01-23 11:26:00,136.9,137.9,135.85,137.9,1350,213800,18250.0,CE
2023-01-23 11:27:00,136.7,137.05,136.5,137.05,350,215400,18250.0,CE
2023-01-23 11:28:00,136.0,136.5,135.6,136.05,600,215400,18250.0,CE
2023-01-23 11:29:00,136.7,137.75,136.0,137.75,900,215600,18250.0,CE
2023-01-23 11:30:00,136.1,137.95,135.75,137.95,3600,215600,18250.0,CE
2023-01-23 11:31:00,136.75,137.0,135.95,135.95,1300,215600,18250.0,CE
2023-01-23 11:32:00,135.95,136.7,135.95,136.7,100,215600,18250.0,CE
2023-01-23 11:33:00,135.95,136.65,135.85,136.65,2000,216050,18250.0,CE
2023-01-23 11:34:00,136.8,136.8,136.4,136.5,2150,216050,18250.0,CE
2023-01-23 11:35:00,136.05,136.85,136.05,136.15,250,216450,18250.0,CE
2023-01-23 11:36:00,136.0,136.0,135.5,135.5,2450,216450,18250.0,CE
2023-01-23 11:37:00,135.3,135.85,135.3,135.85,2000,216450,18250.0,CE
2023-01-23 11:38:00,135.45,135.75,135.4,135.65,1550,215100,18250.0,CE
2023-01-23 11:39:00,135.9,136.65,135.9,136.25,1850,215100,18250.0,CE
2023-01-23 11:40:00,136.4,136.95,136.0,136.0,1600,215100,18250.0,CE
2023-01-23 11:41:00,136.65,137.95,136.65,137.6,1100,215100,18250.0,CE
2023-01-23 11:42:00,138.65,139.25,138.25,139.0,3000,212900,18250.0,CE
2023-01-23 11:43:00,139.3,139.3,139.3,139.3,150,212900,18250.0,CE
2023-01-23 11:44:00,139.75,139.75,138.25,138.25,1550,213700,18250.0,CE
2023-01-23 11:45:00,138.2,138.35,137.7,137.7,3350,213700,18250.0,CE
2023-01-23 11:46:00,137.85,139.5,137.85,139.5,1350,213700,18250.0,CE
2023-01-23 11:47:00,139.45,140.1,139.35,139.7,3050,213700,18250.0,CE
2023-01-23 11:48:00,140.3,140.3,140.0,140.1,350,212000,18250.0,CE
2023-01-23 11:49:00,140.5,140.5,140.0,140.0,550,212000,18250.0,CE
2023-01-23 11:50:00,140.2,140.2,138.15,138.15,2350,211500,18250.0,CE
2023-01-23 11:51:00,138.0,138.0,137.25,137.25,500,211500,18250.0,CE
2023-01-23 11:52:00,136.25,137.1,135.05,136.55,2100,211500,18250.0,CE
2023-01-23 11:53:00,135.55,135.55,134.1,134.5,1600,213750,18250.0,CE
2023-01-23 11:54:00,134.0,134.35,133.5,134.0,900,213750,18250.0,CE
2023-01-23 11:55:00,133.0,133.2,130.6,131.5,4650,213750,18250.0,CE
2023-01-23 11:56:00,131.6,132.9,131.6,132.9,1100,213750,18250.0,CE
2023-01-23 11:57:00,133.55,133.55,132.9,132.9,250,215100,18250.0,CE
2023-01-23 11:58:00,133.5,133.6,132.9,133.05,600,215100,18250.0,CE
2023-01-23 11:59:00,133.0,133.0,132.0,132.0,750,215400,18250.0,CE
2023-01-23 12:00:00,132.2,132.7,132.2,132.7,500,215400,18250.0,CE
2023-01-23 12:01:00,133.0,133.7,132.5,133.7,1800,215400,18250.0,CE
2023-01-23 12:02:00,133.7,134.05,133.3,133.7,550,217150,18250.0,CE
2023-01-23 12:03:00,132.9,133.1,132.4,132.55,1000,217150,18250.0,CE
2023-01-23 12:04:00,132.65,132.65,131.85,131.85,1200,217150,18250.0,CE
2023-01-23 12:05:00,131.85,131.85,129.65,131.0,3100,218750,18250.0,CE
2023-01-23 12:06:00,130.25,130.25,129.0,129.35,2850,218750,18250.0,CE
2023-01-23 12:07:00,129.9,130.0,128.85,130.0,600,218750,18250.0,CE
2023-01-23 12:08:00,129.85,129.85,129.3,129.3,1450,218750,18250.0,CE
2023-01-23 12:09:00,129.2,129.2,125.7,126.75,3950,220500,18250.0,CE
2023-01-23 12:10:00,126.15,127.15,126.0,126.05,3150,220500,18250.0,CE
2023-01-23 12:11:00,126.0,126.5,125.55,126.2,800,220500,18250.0,CE
2023-01-23 12:12:00,125.85,127.25,125.85,126.45,700,222750,18250.0,CE
2023-01-23 12:13:00,125.75,127.2,125.75,127.2,350,222750,18250.0,CE
2023-01-23 12:14:00,127.4,128.1,127.2,127.5,1300,223050,18250.0,CE
2023-01-23 12:15:00,127.0,128.6,127.0,128.55,1300,223050,18250.0,CE
2023-01-23 12:16:00,128.35,128.35,127.0,127.0,300,223050,18250.0,CE
2023-01-23 12:17:00,127.4,127.55,127.4,127.4,300,223050,18250.0,CE
2023-01-23 12:18:00,127.95,128.2,127.9,128.2,150,222900,18250.0,CE
2023-01-23 12:19:00,128.4,128.4,124.5,125.6,3550,222900,18250.0,CE
2023-01-23 12:20:00,124.45,126.3,124.45,125.3,2450,222900,18250.0,CE
2023-01-23 12:21:00,125.5,125.5,124.6,125.5,700,222550,18250.0,CE
2023-01-23 12:22:00,125.8,126.85,125.8,126.85,250,222550,18250.0,CE
2023-01-23 12:23:00,126.9,127.4,126.8,127.35,450,222550,18250.0,CE
2023-01-23 12:24:00,127.45,127.6,126.7,126.85,800,223100,18250.0,CE
2023-01-23 12:25:00,125.8,125.8,124.4,125.65,450,223100,18250.0,CE
2023-01-23 12:26:00,125.45,125.45,124.9,124.9,200,223100,18250.0,CE
2023-01-23 12:27:00,126.3,126.3,126.0,126.0,1200,223650,18250.0,CE
2023-01-23 12:28:00,125.2,126.05,125.2,126.05,300,223650,18250.0,CE
2023-01-23 12:29:00,128.35,128.35,127.25,127.7,400,223650,18250.0,CE
2023-01-23 12:30:00,127.7,127.7,126.8,127.0,550,224600,18250.0,CE
2023-01-23 12:31:00,126.3,126.3,125.35,125.35,650,224600,18250.0,CE
2023-01-23 12:32:00,125.2,126.0,125.2,125.65,600,224600,18250.0,CE
2023-01-23 12:33:00,125.65,127.95,125.65,127.95,1300,225350,18250.0,CE
2023-01-23 12:34:00,126.7,127.15,126.7,127.15,1100,225350,18250.0,CE
2023-01-23 12:35:00,127.05,127.05,126.7,126.7,500,225350,18250.0,CE
2023-01-23 12:36:00,125.0,126.15,124.75,126.15,600,226500,18250.0,CE
2023-01-23 12:37:00,126.0,127.0,126.0,126.9,450,226500,18250.0,CE
2023-01-23 12:38:00,127.45,127.5,126.6,127.05,650,226500,18250.0,CE
2023-01-23 12:39:00,127.35,127.35,125.9,125.9,600,227100,18250.0,CE
2023-01-23 12:40:00,127.0,127.1,126.95,126.95,1000,227100,18250.0,CE
2023-01-23 12:41:00,125.95,126.05,125.75,125.75,250,227100,18250.0,CE
2023-01-23 12:42:00,125.7,126.15,125.45,126.15,550,227550,18250.0,CE
2023-01-23 12:43:00,125.2,125.3,123.6,123.6,1100,227550,18250.0,CE
2023-01-23 12:44:00,122.0,122.2,119.3,120.75,10900,227550,18250.0,CE
2023-01-23 12:45:00,120.0,121.0,119.75,120.3,900,223800,18250.0,CE
2023-01-23 12:46:00,121.2,121.2,119.95,119.95,1150,223800,18250.0,CE
2023-01-23 12:47:00,118.0,118.15,116.4,116.4,3700,223800,18250.0,CE
2023-01-23 12:48:00,117.65,118.75,117.65,118.75,1150,225550,18250.0,CE
2023-01-23 12:49:00,120.75,122.0,120.45,122.0,1500,225550,18250.0,CE
2023-01-23 12:50:00,122.15,124.0,122.0,123.65,2000,225550,18250.0,CE
2023-01-23 12:51:00,123.4,124.45,123.3,123.45,2400,225200,18250.0,CE
2023-01-23 12:52:00,123.45,123.6,123.0,123.0,2400,225200,18250.0,CE
2023-01-23 12:53:00,123.2,123.3,122.4,123.0,750,225200,18250.0,CE
2023-01-23 12:54:00,122.9,123.2,122.2,122.6,1050,228100,18250.0,CE
2023-01-23 12:55:00,122.0,122.55,121.8,121.8,2150,228100,18250.0,CE
2023-01-23 12:56:00,122.15,122.15,121.0,122.0,1100,228100,18250.0,CE
2023-01-23 12:57:00,122.45,122.45,121.5,121.95,500,229550,18250.0,CE
2023-01-23 12:58:00,121.85,121.85,121.7,121.7,1850,229550,18250.0,CE
2023-01-23 12:59:00,122.3,122.55,120.35,120.35,3100,229550,18250.0,CE
2023-01-23 13:00:00,120.75,121.2,119.3,119.3,850,232850,18250.0,CE
2023-01-23 13:01:00,119.85,120.05,118.2,118.45,450,232850,18250.0,CE
2023-01-23 13:02:00,118.55,119.1,116.55,118.2,5100,232850,18250.0,CE
2023-01-23 13:03:00,118.65,118.65,116.5,116.7,3000,234900,18250.0,CE
2023-01-23 13:04:00,117.45,117.85,117.45,117.85,200,234900,18250.0,CE
2023-01-23 13:05:00,118.0,118.0,117.0,117.95,2200,234900,18250.0,CE
2023-01-23 13:06:00,117.3,118.65,117.3,118.0,1600,235950,18250.0,CE
2023-01-23 13:07:00,118.25,118.55,116.8,116.8,1250,235950,18250.0,CE
2023-01-23 13:08:00,116.5,117.8,116.3,117.0,3500,235950,18250.0,CE
2023-01-23 13:09:00,116.65,117.0,116.0,116.0,3650,236300,18250.0,CE
2023-01-23 13:10:00,116.1,116.1,115.25,115.6,1100,236300,18250.0,CE
2023-01-23 13:11:00,116.0,116.5,115.95,116.5,3650,236300,18250.0,CE
2023-01-23 13:12:00,116.35,117.0,116.35,116.75,700,239750,18250.0,CE
2023-01-23 13:13:00,116.6,116.75,115.8,116.4,2050,239750,18250.0,CE
2023-01-23 13:14:00,116.4,117.6,116.4,117.6,700,239750,18250.0,CE
2023-01-23 13:15:00,117.65,118.7,117.0,118.6,2650,238550,18250.0,CE
2023-01-23 13:16:00,118.45,119.8,118.45,119.8,1700,238550,18250.0,CE
2023-01-23 13:17:00,119.0,119.0,118.75,118.75,700,238550,18250.0,CE
2023-01-23 13:18:00,118.25,119.65,118.25,119.65,200,239850,18250.0,CE
2023-01-23 13:19:00,118.95,119.25,118.85,119.25,650,239850,18250.0,CE
2023-01-23 13:20:00,119.3,119.3,118.65,118.65,2850,239850,18250.0,CE
2023-01-23 13:21:00,118.95,119.65,118.6,119.45,1650,240950,18250.0,CE
2023-01-23 13:22:00,119.5,120.05,119.5,120.05,2150,240950,18250.0,CE
2023-01-23 13:23:00,120.0,120.2,119.6,120.2,1150,240950,18250.0,CE
2023-01-23 13:24:00,119.9,119.9,119.2,119.55,350,241350,18250.0,CE
2023-01-23 13:25:00,119.65,119.7,119.5,119.5,200,241350,18250.0,CE
2023-01-23 13:26:00,119.5,121.0,119.5,120.8,1200,241350,18250.0,CE
2023-01-23 13:27:00,121.3,123.1,121.3,122.5,2150,241050,18250.0,CE
2023-01-23 13:28:00,122.4,122.9,122.0,122.9,1550,241050,18250.0,CE
2023-01-23 13:29:00,122.95,123.1,122.5,123.05,1600,241050,18250.0,CE
2023-01-23 13:30:00,122.9,123.7,122.9,123.55,1350,241700,18250.0,CE
2023-01-23 13:31:00,122.85,122.85,121.8,122.15,1750,241700,18250.0,CE
2023-01-23 13:32:00,122.45,122.45,120.15,120.15,1150,241700,18250.0,CE
2023-01-23 13:33:00,120.6,120.7,120.0,120.3,2100,243600,18250.0,CE
2023-01-23 13:34:00,121.65,122.45,121.65,122.2,5100,243600,18250.0,CE
2023-01-23 13:35:00,122.1,124.5,122.1,124.35,9450,243600,18250.0,CE
2023-01-23 13:36:00,124.6,124.7,124.3,124.45,1550,239000,18250.0,CE
2023-01-23 13:37:00,124.7,125.25,124.45,125.25,2050,239000,18250.0,CE
2023-01-23 13:38:00,124.9,126.75,124.9,126.05,2700,239000,18250.0,CE
2023-01-23 13:39:00,126.5,128.25,126.5,128.25,9500,237050,18250.0,CE
2023-01-23 13:40:00,128.65,128.65,127.15,127.6,1650,237050,18250.0,CE
2023-01-23 13:41:00,127.6,129.25,127.25,129.25,2450,237050,18250.0,CE
2023-01-23 13:42:00,128.95,130.0,127.9,129.9,6500,238650,18250.0,CE
2023-01-23 13:43:00,129.95,129.95,129.15,129.6,3950,238650,18250.0,CE
2023-01-23 13:44:00,129.45,130.15,128.7,128.75,5150,238650,18250.0,CE
2023-01-23 13:45:00,129.05,130.05,129.05,129.55,2000,239100,18250.0,CE
2023-01-23 13:46:00,129.05,129.15,128.2,128.2,1200,239100,18250.0,CE
2023-01-23 13:47:00,127.0,127.5,125.5,125.5,2650,239100,18250.0,CE
2023-01-23 13:48:00,125.55,125.55,124.15,124.5,2100,239300,18250.0,CE
2023-01-23 13:49:00,124.6,125.95,124.55,125.2,1600,239300,18250.0,CE
2023-01-23 13:50:00,125.3,126.3,125.3,125.8,1350,239300,18250.0,CE
2023-01-23 13:51:00,125.15,126.95,125.15,126.95,2150,240200,18250.0,CE
2023-01-23 13:52:00,127.05,127.05,126.5,127.0,500,240200,18250.0,CE
2023-01-23 13:53:00,126.3,126.3,125.3,125.9,3000,240200,18250.0,CE
2023-01-23 13:54:00,125.75,127.0,125.75,127.0,300,238050,18250.0,CE
2023-01-23 13:55:00,127.05,127.05,126.3,126.3,300,238050,18250.0,CE
2023-01-23 13:56:00,126.05,126.2,125.65,126.2,1250,238050,18250.0,CE
2023-01-23 13:57:00,125.05,125.95,125.05,125.7,1750,239300,18250.0,CE
2023-01-23 13:58:00,126.0,126.0,125.1,125.75,450,239300,18250.0,CE
2023-01-23 13:59:00,125.1,126.0,125.1,125.75,2850,239300,18250.0,CE
2023-01-23 14:00:00,125.0,128.35,124.7,128.15,4550,240750,18250.0,CE
2023-01-23 14:01:00,129.0,130.0,128.5,128.8,5050,240750,18250.0,CE
2023-01-23 14:02:00,128.55,128.55,126.05,126.05,5300,240750,18250.0,CE
2023-01-23 14:03:00,126.05,126.7,125.1,125.1,1750,241500,18250.0,CE
2023-01-23 14:04:00,126.05,126.2,125.7,125.7,900,241500,18250.0,CE
2023-01-23 14:05:00,126.1,126.75,126.1,126.6,1000,241500,18250.0,CE
2023-01-23 14:06:00,126.8,128.35,126.8,127.8,1700,241750,18250.0,CE
2023-01-23 14:07:00,127.55,127.9,127.55,127.9,150,241750,18250.0,CE
2023-01-23 14:08:00,128.55,128.9,128.4,128.55,450,241750,18250.0,CE
2023-01-23 14:09:00,129.0,129.55,128.35,128.45,1400,241000,18250.0,CE
2023-01-23 14:10:00,129.0,129.5,128.7,129.3,3650,241000,18250.0,CE
2023-01-23 14:11:00,128.95,129.35,128.4,128.4,1450,241000,18250.0,CE
2023-01-23 14:12:00,127.8,128.2,127.55,128.05,1000,240450,18250.0,CE
2023-01-23 14:13:00,128.95,129.1,128.9,129.0,1150,240450,18250.0,CE
2023-01-23 14:14:00,128.65,128.65,128.65,128.65,200,240450,18250.0,CE
2023-01-23 14:15:00,128.8,129.0,128.4,128.6,3450,240050,18250.0,CE
2023-01-23 14:16:00,128.65,128.65,127.2,127.45,900,240050,18250.0,CE
2023-01-23 14:17:00,127.0,127.5,126.95,126.95,450,240050,18250.0,CE
2023-01-23 14:18:00,127.1,127.35,118.1,126.0,7200,239450,18250.0,CE
2023-01-23 14:19:00,126.45,133.3,126.45,132.8,7700,239450,18250.0,CE
2023-01-23 14:20:00,132.5,133.8,132.0,132.2,7450,239450,18250.0,CE
2023-01-23 14:21:00,132.6,133.55,132.0,132.35,3550,237800,18250.0,CE
2023-01-23 14:22:00,131.0,131.9,129.0,130.0,5700,237800,18250.0,CE
2023-01-23 14:23:00,130.7,130.7,128.75,128.9,2800,237800,18250.0,CE
2023-01-23 14:24:00,127.5,129.3,126.45,129.3,2450,241500,18250.0,CE
2023-01-23 14:25:00,129.4,129.4,127.8,128.8,2350,241500,18250.0,CE
2023-01-23 14:26:00,129.0,129.0,128.75,128.75,150,241500,18250.0,CE
2023-01-23 14:27:00,128.5,128.5,127.7,128.0,5150,244200,18250.0,CE
2023-01-23 14:28:00,128.35,128.35,127.35,127.55,1050,244200,18250.0,CE
2023-01-23 14:29:00,127.8,127.8,127.65,127.65,400,244200,18250.0,CE
2023-01-23 14:30:00,128.2,129.65,128.1,128.15,1500,241100,18250.0,CE
2023-01-23 14:31:00,128.55,130.25,128.1,128.15,2450,241100,18250.0,CE
2023-01-23 14:32:00,128.7,128.7,128.6,128.6,100,241100,18250.0,CE
2023-01-23 14:33:00,128.35,128.4,128.05,128.05,1100,239600,18250.0,CE
2023-01-23 14:34:00,128.0,128.5,128.0,128.5,1100,239600,18250.0,CE
2023-01-23 14:35:00,128.7,128.95,128.0,128.35,2450,239600,18250.0,CE
2023-01-23 14:36:00,127.6,127.65,124.55,125.0,3350,242150,18250.0,CE
2023-01-23 14:37:00,124.05,124.05,119.85,122.75,6750,242150,18250.0,CE
2023-01-23 14:38:00,122.85,123.3,122.0,122.0,2950,242150,18250.0,CE
2023-01-23 14:39:00,122.85,122.85,120.8,121.1,2000,248150,18250.0,CE
2023-01-23 14:40:00,121.25,121.6,120.6,120.8,1050,248150,18250.0,CE
2023-01-23 14:41:00,122.7,123.15,122.7,123.15,1250,248150,18250.0,CE
2023-01-23 14:42:00,124.0,124.0,124.0,124.0,2100,248150,18250.0,CE
2023-01-23 14:43:00,123.3,124.35,123.05,124.3,600,245950,18250.0,CE
2023-01-23 14:44:00,123.45,123.9,123.15,123.9,350,245950,18250.0,CE
2023-01-23 14:45:00,123.85,125.65,123.55,125.65,1850,245500,18250.0,CE
2023-01-23 14:46:00,125.35,127.95,125.35,127.55,3050,245500,18250.0,CE
2023-01-23 14:47:00,127.25,127.25,125.65,125.65,1350,245500,18250.0,CE
2023-01-23 14:48:00,125.65,125.75,124.85,125.75,700,244350,18250.0,CE
2023-01-23 14:49:00,125.85,125.85,125.6,125.6,350,244350,18250.0,CE
2023-01-23 14:50:00,124.95,125.5,124.6,124.6,1250,244350,18250.0,CE
2023-01-23 14:51:00,124.8,125.35,124.5,124.5,1000,244200,18250.0,CE
2023-01-23 14:52:00,123.25,123.65,122.1,123.05,1850,244200,18250.0,CE
2023-01-23 14:53:00,122.5,123.05,122.05,122.3,450,244200,18250.0,CE
2023-01-23 14:54:00,122.05,122.6,122.0,122.2,800,245450,18250.0,CE
2023-01-23 14:55:00,122.55,122.55,121.0,121.0,2550,245450,18250.0,CE
2023-01-23 14:56:00,121.05,121.95,120.7,121.9,550,245450,18250.0,CE
2023-01-23 14:57:00,122.0,122.0,121.0,121.35,2350,248900,18250.0,CE
2023-01-23 14:58:00,121.0,121.55,121.0,121.2,850,248900,18250.0,CE
2023-01-23 14:59:00,120.2,121.6,120.15,121.6,1950,248900,18250.0,CE
2023-01-23 15:00:00,123.0,124.5,112.5,119.7,14950,252650,18250.0,CE
2023-01-23 15:01:00,119.55,125.0,119.55,123.45,8400,252650,18250.0,CE
2023-01-23 15:02:00,123.9,123.9,122.0,123.0,1350,252650,18250.0,CE
2023-01-23 15:03:00,123.3,125.6,123.3,125.25,3150,247500,18250.0,CE
2023-01-23 15:04:00,126.0,126.0,124.0,125.0,4100,247500,18250.0,CE
2023-01-23 15:05:00,125.25,125.25,122.7,123.85,1050,247500,18250.0,CE
2023-01-23 15:06:00,124.15,124.15,121.05,122.7,8300,250600,18250.0,CE
2023-01-23 15:07:00,123.75,124.3,123.05,123.7,800,250600,18250.0,CE
2023-01-23 15:08:00,123.5,124.4,123.5,123.9,6450,250600,18250.0,CE
2023-01-23 15:09:00,124.35,124.35,123.4,123.6,650,253950,18250.0,CE
2023-01-23 15:10:00,123.95,123.95,122.0,122.1,4800,253950,18250.0,CE
2023-01-23 15:11:00,121.25,122.0,121.05,121.55,3650,253950,18250.0,CE
2023-01-23 15:12:00,121.45,122.05,120.7,121.35,2300,251950,18250.0,CE
2023-01-23 15:13:00,121.15,121.3,120.95,121.25,2000,251950,18250.0,CE
2023-01-23 15:14:00,121.05,121.5,121.0,121.0,3700,251950,18250.0,CE
2023-01-23 15:15:00,121.05,121.05,120.05,121.0,1000,254700,18250.0,CE
2023-01-23 15:16:00,120.75,120.75,118.65,119.7,2900,254700,18250.0,CE
2023-01-23 15:17:00,120.15,120.25,118.15,118.2,8700,254700,18250.0,CE
2023-01-23 15:18:00,118.75,119.4,118.5,119.4,3700,256250,18250.0,CE
2023-01-23 15:19:00,119.45,120.2,119.45,119.75,4800,256250,18250.0,CE
2023-01-23 15:20:00,120.05,120.8,119.75,120.0,3350,256250,18250.0,CE
2023-01-23 15:21:00,120.05,120.3,118.85,118.95,1850,251350,18250.0,CE
2023-01-23 15:22:00,118.85,118.85,117.0,117.0,4550,251350,18250.0,CE
2023-01-23 15:23:00,116.9,118.55,116.9,117.8,5600,251350,18250.0,CE
2023-01-23 15:24:00,118.0,118.0,116.8,117.0,3200,255350,18250.0,CE
2023-01-23 15:25:00,117.0,117.6,116.65,116.75,3900,255350,18250.0,CE
2023-01-23 15:26:00,117.0,118.2,116.9,118.05,3650,255350,18250.0,CE
2023-01-23 15:27:00,118.0,119.2,118.0,119.1,6400,255100,18250.0,CE
2023-01-23 15:28:00,119.2,119.9,118.35,118.6,5450,255100,18250.0,CE
2023-01-23 15:29:00,118.3,118.9,117.65,118.9,3850,255100,18250.0,CE
2023-01-23 15:30:00,118.9,118.9,118.9,118.9,100,255100,18250.0,CE
2023-01-24 09:15:00,136.0,139.95,128.15,133.15,61701,250800,18250.0,CE
2023-01-24 09:16:00,132.7,134.75,132.7,134.6,10050,250800,18250.0,CE
2023-01-24 09:17:00,134.1,137.85,134.0,137.25,23450,244750,18250.0,CE
2023-01-24 09:18:00,137.6,138.4,134.5,135.5,7200,244750,18250.0,CE
2023-01-24 09:19:00,136.0,137.75,134.75,136.85,4100,244750,18250.0,CE
2023-01-24 09:20:00,137.2,138.0,134.0,134.0,14700,249050,18250.0,CE
2023-01-24 09:21:00,134.05,134.25,133.0,133.5,9750,249050,18250.0,CE
2023-01-24 09:22:00,133.5,134.7,133.0,133.55,4450,249050,18250.0,CE
2023-01-24 09:23:00,133.55,135.45,133.55,135.45,5650,256150,18250.0,CE
2023-01-24 09:24:00,135.65,137.6,134.75,137.25,9850,256150,18250.0,CE
2023-01-24 09:25:00,136.55,137.1,135.3,135.35,5350,256150,18250.0,CE
2023-01-24 09:26:00,135.4,136.45,135.0,135.0,4800,257400,18250.0,CE
2023-01-24 09:27:00,136.0,136.0,134.9,135.2,3250,257400,18250.0,CE
2023-01-24 09:28:00,135.15,135.15,133.55,133.95,4050,257400,18250.0,CE
2023-01-24 09:29:00,134.05,135.0,131.7,131.7,6100,259550,18250.0,CE
2023-01-24 09:30:00,132.75,136.8,132.75,136.8,3750,259550,18250.0,CE
2023-01-24 09:31:00,137.25,138.8,137.25,137.35,7800,259550,18250.0,CE
2023-01-24 09:32:00,136.55,138.75,134.95,138.75,5200,261350,18250.0,CE
2023-01-24 09:33:00,139.0,142.0,139.0,141.65,15850,261350,18250.0,CE
2023-01-24 09:34:00,141.7,141.8,140.25,140.5,4200,261350,18250.0,CE
2023-01-24 09:35:00,140.55,141.0,138.65,141.0,8450,270000,18250.0,CE
2023-01-24 09:36:00,140.95,143.0,140.5,142.2,10550,270000,18250.0,CE
2023-01-24 09:37:00,142.0,143.2,141.75,142.6,6700,270000,18250.0,CE
2023-01-24 09:38:00,143.45,143.75,142.0,142.7,9800,272000,18250.0,CE
2023-01-24 09:39:00,142.65,143.0,141.0,142.65,6250,272000,18250.0,CE
2023-01-24 09:40:00,142.5,142.5,140.0,140.65,6750,272000,18250.0,CE
2023-01-24 09:41:00,140.35,143.15,140.35,143.15,8900,276400,18250.0,CE
2023-01-24 09:42:00,142.35,142.7,141.0,142.5,5750,276400,18250.0,CE
2023-01-24 09:43:00,142.25,142.4,141.35,141.55,3550,276400,18250.0,CE
2023-01-24 09:44:00,142.0,142.0,141.2,141.25,1750,275150,18250.0,CE
2023-01-24 09:45:00,140.8,141.15,138.35,140.3,9900,275150,18250.0,CE
2023-01-24 09:46:00,140.2,140.2,136.3,136.3,6350,275150,18250.0,CE
2023-01-24 09:47:00,136.0,139.5,136.0,139.5,5700,278150,18250.0,CE
2023-01-24 09:48:00,138.55,138.65,137.45,138.5,4800,278150,18250.0,CE
2023-01-24 09:49:00,138.5,139.7,138.5,139.45,1300,278150,18250.0,CE
2023-01-24 09:50:00,139.75,141.55,139.25,141.55,10000,276850,18250.0,CE
2023-01-24 09:51:00,141.75,142.4,141.15,141.95,6400,276850,18250.0,CE
2023-01-24 09:52:00,142.6,142.6,140.85,140.85,1650,276850,18250.0,CE
2023-01-24 09:53:00,140.95,140.95,117.8,120.4,29900,279700,18250.0,CE
2023-01-24 09:54:00,120.25,133.0,120.25,130.1,11700,279700,18250.0,CE
2023-01-24 09:55:00,129.95,129.95,125.65,129.4,5550,279700,18250.0,CE
2023-01-24 09:56:00,129.3,132.2,128.85,130.05,9900,280700,18250.0,CE
2023-01-24 09:57:00,129.95,130.25,128.0,128.0,8500,280700,18250.0,CE
2023-01-24 09:58:00,127.25,128.25,127.0,127.9,3900,280700,18250.0,CE
2023-01-24 09:59:00,127.55,130.25,127.15,128.3,4950,286700,18250.0,CE
2023-01-24 10:00:00,128.0,128.55,126.55,126.7,2100,286700,18250.0,CE
2023-01-24 10:01:00,126.0,126.0,123.75,124.0,10250,286700,18250.0,CE
2023-01-24 10:02:00,124.15,125.85,122.75,125.85,6550,286300,18250.0,CE
2023-01-24 10:03:00,125.3,126.05,124.85,125.0,3400,286300,18250.0,CE
2023-01-24 10:04:00,124.4,127.15,124.3,126.85,2650,286300,18250.0,CE
2023-01-24 10:05:00,126.75,128.95,125.75,128.0,8650,290550,18250.0,CE
2023-01-24 10:06:00,127.1,127.1,125.8,126.7,1400,290550,18250.0,CE
2023-01-24 10:07:00,126.7,126.7,125.2,125.3,3500,290550,18250.0,CE
2023-01-24 10:08:00,125.15,125.3,123.05,123.6,2800,292200,18250.0,CE
2023-01-24 10:09:00,123.35,123.35,120.95,121.2,7000,292200,18250.0,CE
2023-01-24 10:10:00,120.0,122.85,120.0,122.5,7200,292200,18250.0,CE
2023-01-24 10:11:00,122.35,124.2,120.0,121.55,7400,294350,18250.0,CE
2023-01-24 10:12:00,121.45,122.55,121.0,122.0,4400,294350,18250.0,CE
2023-01-24 10:13:00,121.6,124.0,121.5,123.55,12700,294350,18250.0,CE
2023-01-24 10:14:00,123.05,123.55,121.7,121.9,15450,302650,18250.0,CE
2023-01-24 10:15:00,122.15,123.75,121.35,123.35,2350,302650,18250.0,CE
2023-01-24 10:16:00,123.25,125.6,123.05,125.0,2650,302650,18250.0,CE
2023-01-24 10:17:00,124.8,124.8,123.95,124.0,12350,311900,18250.0,CE
2023-01-24 10:18:00,123.8,124.35,123.05,123.3,3750,311900,18250.0,CE
2023-01-24 10:19:00,123.0,124.4,122.05,124.4,2750,311900,18250.0,CE
2023-01-24 10:20:00,123.6,123.6,122.45,123.15,2300,324550,18250.0,CE
2023-01-24 10:21:00,123.0,123.0,122.05,122.2,1300,324550,18250.0,CE
2023-01-24 10:22:00,122.0,122.25,121.55,122.0,950,324550,18250.0,CE
2023-01-24 10:23:00,123.1,125.35,123.1,124.95,1800,324150,18250.0,CE
2023-01-24 10:24:00,124.95,126.1,124.6,125.5,2950,324150,18250.0,CE
2023-01-24 10:25:00,124.85,126.35,124.55,125.15,2050,324150,18250.0,CE
2023-01-24 10:26:00,124.85,126.4,124.45,125.8,5750,326550,18250.0,CE
2023-01-24 10:27:00,126.3,126.95,126.3,126.3,2100,326550,18250.0,CE
2023-01-24 10:28:00,126.5,126.65,124.5,124.5,1300,326550,18250.0,CE
2023-01-24 10:29:00,124.6,125.0,123.7,124.0,1300,328350,18250.0,CE
2023-01-24 10:30:00,123.65,124.0,122.1,122.3,1150,328350,18250.0,CE
2023-01-24 10:31:00,122.35,122.35,121.6,121.8,2600,328350,18250.0,CE
2023-01-24 10:32:00,122.0,123.0,121.6,123.0,1550,328150,18250.0,CE
2023-01-24 10:33:00,122.6,123.3,121.8,122.7,400,328150,18250.0,CE
2023-01-24 10:34:00,123.0,124.0,123.0,124.0,1200,328150,18250.0,CE
2023-01-24 10:35:00,124.2,124.2,123.5,124.0,2450,328000,18250.0,CE
2023-01-24 10:36:00,124.1,125.65,124.1,125.65,400,328000,18250.0,CE
2023-01-24 10:37:00,125.3,126.6,125.3,126.35,1300,328000,18250.0,CE
2023-01-24 10:38:00,125.95,126.35,125.75,126.35,1750,327900,18250.0,CE
2023-01-24 10:39:00,126.35,126.45,126.0,126.35,1600,327900,18250.0,CE
2023-01-24 10:40:00,126.65,131.25,126.65,130.2,8500,327900,18250.0,CE
2023-01-24 10:41:00,129.85,131.1,129.85,129.9,6600,328400,18250.0,CE
2023-01-24 10:42:00,129.4,129.75,128.0,129.45,1800,328400,18250.0,CE
2023-01-24 10:43:00,129.95,131.8,129.95,131.15,2750,328400,18250.0,CE
2023-01-24 10:44:00,131.15,131.45,130.65,131.45,750,328700,18250.0,CE
2023-01-24 10:45:00,131.6,132.55,131.1,131.9,8300,328700,18250.0,CE
2023-01-24 10:46:00,131.85,132.2,130.5,130.5,3500,328700,18250.0,CE
2023-01-24 10:47:00,130.4,130.4,129.0,130.25,1900,328700,18250.0,CE
2023-01-24 10:48:00,130.1,130.75,129.6,129.95,3250,328000,18250.0,CE
2023-01-24 10:49:00,130.0,131.9,130.0,131.7,2700,328000,18250.0,CE
2023-01-24 10:50:00,131.2,131.2,129.0,129.0,700,331200,18250.0,CE
2023-01-24 10:51:00,128.45,128.45,126.6,127.0,3250,331200,18250.0,CE
2023-01-24 10:52:00,126.35,126.35,122.75,124.95,5100,331200,18250.0,CE
2023-01-24 10:53:00,125.0,126.6,124.9,125.95,2300,332100,18250.0,CE
2023-01-24 10:54:00,125.9,126.6,125.75,126.4,1200,332100,18250.0,CE
2023-01-24 10:55:00,126.25,127.65,125.45,127.65,2250,332100,18250.0,CE
2023-01-24 10:56:00,127.25,127.25,126.05,127.2,3050,330650,18250.0,CE
2023-01-24 10:57:00,127.4,128.0,127.4,128.0,950,330650,18250.0,CE
2023-01-24 10:58:00,128.2,128.75,128.0,128.2,800,330650,18250.0,CE
2023-01-24 10:59:00,128.8,130.2,128.8,129.6,2200,330900,18250.0,CE
2023-01-24 11:00:00,130.05,130.4,129.3,130.35,2950,330900,18250.0,CE
2023-01-24 11:01:00,130.35,131.2,129.0,131.2,3350,330900,18250.0,CE
2023-01-24 11:02:00,131.25,131.4,130.0,130.0,700,330950,18250.0,CE
2023-01-24 11:03:00,130.5,130.5,129.2,129.2,350,330950,18250.0,CE
2023-01-24 11:04:00,129.05,129.8,127.4,127.4,850,330950,18250.0,CE
2023-01-24 11:05:00,128.5,131.45,128.5,131.45,1900,330950,18250.0,CE
2023-01-24 11:06:00,131.2,132.8,131.2,132.0,5450,330950,18250.0,CE
2023-01-24 11:07:00,132.15,132.15,131.2,131.25,3250,330950,18250.0,CE
2023-01-24 11:08:00,131.25,131.25,129.85,129.85,1700,334000,18250.0,CE
2023-01-24 11:09:00,129.45,130.3,129.45,129.7,1200,334000,18250.0,CE
2023-01-24 11:10:00,128.9,128.9,126.8,128.7,2450,334000,18250.0,CE
2023-01-24 11:11:00,129.25,129.25,127.55,127.95,1600,335450,18250.0,CE
2023-01-24 11:12:00,127.5,128.2,126.8,128.2,1550,335450,18250.0,CE
2023-01-24 11:13:00,127.85,128.0,127.2,127.4,2450,335450,18250.0,CE
2023-01-24 11:14:00,127.05,127.05,125.7,126.15,2650,338200,18250.0,CE
2023-01-24 11:15:00,125.0,125.0,121.3,122.4,5750,338200,18250.0,CE
2023-01-24 11:16:00,121.45,123.15,120.95,123.15,3500,338200,18250.0,CE
2023-01-24 11:17:00,123.0,123.15,121.8,123.1,1200,340750,18250.0,CE
2023-01-24 11:18:00,123.65,124.0,122.6,123.0,1150,340750,18250.0,CE
2023-01-24 11:19:00,123.0,123.35,122.0,123.35,2400,340750,18250.0,CE
2023-01-24 11:20:00,122.0,123.0,121.55,122.85,3050,341600,18250.0,CE
2023-01-24 11:21:00,122.3,122.85,120.85,121.0,3850,341600,18250.0,CE
2023-01-24 11:22:00,120.4,122.6,120.4,122.6,4200,341600,18250.0,CE
2023-01-24 11:23:00,122.5,123.75,122.5,123.55,2300,343050,18250.0,CE
2023-01-24 11:24:00,123.5,125.05,123.5,124.45,4150,343050,18250.0,CE
2023-01-24 11:25:00,123.85,125.5,123.85,124.85,1950,343050,18250.0,CE
2023-01-24 11:26:00,124.25,124.6,124.0,124.5,1050,344700,18250.0,CE
2023-01-24 11:27:00,124.25,125.85,124.0,124.4,1350,344700,18250.0,CE
2023-01-24 11:28:00,124.05,125.5,124.05,125.4,250,344700,18250.0,CE
2023-01-24 11:29:00,125.25,125.65,125.05,125.25,1350,344700,18250.0,CE
2023-01-24 11:30:00,125.75,127.25,125.15,127.25,4650,344250,18250.0,CE
2023-01-24 11:31:00,126.95,126.95,126.1,126.2,500,344250,18250.0,CE
2023-01-24 11:32:00,125.3,125.3,122.85,122.85,2750,344000,18250.0,CE
2023-01-24 11:33:00,122.75,124.0,122.75,123.9,1000,344000,18250.0,CE
2023-01-24 11:34:00,123.05,123.25,122.2,122.6,2200,344000,18250.0,CE
2023-01-24 11:35:00,122.6,123.35,122.4,122.55,1450,344000,18250.0,CE
2023-01-24 11:36:00,124.45,124.45,123.5,123.95,250,344200,18250.0,CE
2023-01-24 11:37:00,123.95,123.95,122.55,122.9,1600,344200,18250.0,CE
2023-01-24 11:38:00,123.25,123.45,120.65,120.65,3900,346300,18250.0,CE
2023-01-24 11:39:00,120.8,121.45,120.3,121.1,2800,346300,18250.0,CE
2023-01-24 11:40:00,121.05,123.05,121.05,122.9,3350,346300,18250.0,CE
2023-01-24 11:41:00,123.3,123.7,122.25,123.1,1350,346300,18250.0,CE
2023-01-24 11:42:00,123.9,123.9,123.0,123.0,1250,349000,18250.0,CE
2023-01-24 11:43:00,122.75,123.0,122.4,122.6,850,349000,18250.0,CE
2023-01-24 11:44:00,122.7,122.7,122.0,122.35,1950,349000,18250.0,CE
2023-01-24 11:45:00,122.05,124.15,122.05,124.0,2150,350300,18250.0,CE
2023-01-24 11:46:00,124.0,124.0,122.85,123.25,1600,350300,18250.0,CE
2023-01-24 11:47:00,122.6,123.25,122.0,122.0,1200,351750,18250.0,CE
2023-01-24 11:48:00,121.85,121.85,121.0,121.0,1200,351750,18250.0,CE
2023-01-24 11:49:00,120.9,121.25,120.0,120.15,4850,351750,18250.0,CE
2023-01-24 11:50:00,119.1,121.4,119.1,120.1,3250,356100,18250.0,CE
2023-01-24 11:51:00,119.7,120.15,118.75,118.75,5000,356100,18250.0,CE
2023-01-24 11:52:00,118.1,119.4,117.75,118.85,6450,356100,18250.0,CE
2023-01-24 11:53:00,119.0,119.85,118.5,119.05,4000,352050,18250.0,CE
2023-01-24 11:54:00,119.6,119.85,118.9,118.9,900,352050,18250.0,CE
2023-01-24 11:55:00,120.0,121.0,118.5,118.75,2900,352050,18250.0,CE
2023-01-24 11:56:00,118.35,118.9,117.5,117.5,3050,350450,18250.0,CE
2023-01-24 11:57:00,117.35,119.35,116.7,119.35,3300,350450,18250.0,CE
2023-01-24 11:58:00,119.55,119.6,119.35,119.35,1150,350450,18250.0,CE
2023-01-24 11:59:00,118.95,119.35,118.95,119.25,250,349200,18250.0,CE
2023-01-24 12:00:00,119.0,119.0,114.85,116.5,7500,349200,18250.0,CE
2023-01-24 12:01:00,116.2,117.45,116.2,117.0,4250,349200,18250.0,CE
2023-01-24 12:02:00,116.75,116.75,116.0,116.55,2100,354100,18250.0,CE
2023-01-24 12:03:00,116.25,116.25,114.85,114.95,1800,354100,18250.0,CE
2023-01-24 12:04:00,114.65,117.1,114.65,116.85,5400,354100,18250.0,CE
2023-01-24 12:05:00,117.05,117.4,115.35,115.35,2050,354100,18250.0,CE
2023-01-24 12:06:00,115.8,116.75,115.8,116.7,2150,351300,18250.0,CE
2023-01-24 12:07:00,116.95,118.5,116.6,118.5,1450,351300,18250.0,CE
2023-01-24 12:08:00,118.05,119.5,118.0,118.65,2500,351300,18250.0,CE
2023-01-24 12:09:00,119.1,119.5,118.55,118.9,1500,352900,18250.0,CE
2023-01-24 12:10:00,118.65,118.9,118.0,118.0,1600,352900,18250.0,CE
2023-01-24 12:11:00,118.15,118.3,117.0,117.0,3000,352150,18250.0,CE
2023-01-24 12:12:00,116.1,117.2,116.1,117.0,1300,352150,18250.0,CE
2023-01-24 12:13:00,118.0,118.5,118.0,118.35,400,352150,18250.0,CE
2023-01-24 12:14:00,118.05,118.85,118.0,118.85,1400,352150,18250.0,CE
2023-01-24 12:15:00,118.35,118.5,117.0,117.0,1050,351250,18250.0,CE
2023-01-24 12:16:00,117.05,118.0,117.05,117.7,1150,351250,18250.0,CE
2023-01-24 12:17:00,117.9,118.45,117.05,117.05,800,351250,18250.0,CE
2023-01-24 12:18:00,117.6,117.7,117.4,117.5,650,352050,18250.0,CE
2023-01-24 12:19:00,117.8,119.25,117.8,118.0,1300,352050,18250.0,CE
2023-01-24 12:20:00,118.3,119.05,117.65,117.7,2000,352050,18250.0,CE
2023-01-24 12:21:00,117.5,117.75,117.35,117.5,750,352500,18250.0,CE
2023-01-24 12:22:00,117.55,118.95,117.55,118.0,600,352500,18250.0,CE
2023-01-24 12:23:00,117.15,117.3,117.15,117.3,150,352500,18250.0,CE
2023-01-24 12:24:00,117.3,118.2,117.0,117.0,1000,352500,18250.0,CE
2023-01-24 12:25:00,117.0,117.0,115.8,116.0,1450,352500,18250.0,CE
2023-01-24 12:26:00,115.25,116.75,115.15,115.35,3000,352500,18250.0,CE
2023-01-24 12:27:00,115.4,115.75,111.95,112.65,14000,353850,18250.0,CE
2023-01-24 12:28:00,112.35,114.0,112.25,114.0,4450,353850,18250.0,CE
2023-01-24 12:29:00,114.0,114.7,113.7,113.95,900,353850,18250.0,CE
2023-01-24 12:30:00,113.95,115.15,112.75,114.9,3350,360350,18250.0,CE
2023-01-24 12:31:00,114.95,115.15,114.85,115.15,550,360350,18250.0,CE
2023-01-24 12:32:00,114.5,115.45,114.5,115.15,1400,360350,18250.0,CE
2023-01-24 12:33:00,114.6,115.55,114.25,114.25,5300,360450,18250.0,CE
2023-01-24 12:34:00,114.2,114.75,113.8,114.15,1450,360450,18250.0,CE
2023-01-24 12:35:00,113.65,113.75,113.05,113.05,1450,360450,18250.0,CE
2023-01-24 12:36:00,113.05,113.2,111.5,113.05,6550,357000,18250.0,CE
2023-01-24 12:37:00,112.0,113.45,112.0,113.15,3350,357000,18250.0,CE
2023-01-24 12:38:00,112.95,113.9,112.95,113.5,1750,357000,18250.0,CE
2023-01-24 12:39:00,113.9,114.65,113.9,114.6,1650,355050,18250.0,CE
2023-01-24 12:40:00,114.7,115.2,114.7,115.2,600,355050,18250.0,CE
2023-01-24 12:41:00,115.25,115.9,115.25,115.45,2400,355050,18250.0,CE
2023-01-24 12:42:00,115.5,116.8,115.5,116.6,1050,355250,18250.0,CE
2023-01-24 12:43:00,116.6,116.6,115.2,116.0,1400,355250,18250.0,CE
2023-01-24 12:44:00,116.6,116.6,115.95,116.0,21200,355250,18250.0,CE
2023-01-24 12:45:00,116.35,116.7,115.85,115.85,1600,357350,18250.0,CE
2023-01-24 12:46:00,116.5,118.75,116.5,118.75,2850,357350,18250.0,CE
2023-01-24 12:47:00,118.55,119.5,117.85,119.2,900,357350,18250.0,CE
2023-01-24 12:48:00,119.5,120.85,119.0,120.5,3500,356600,18250.0,CE
2023-01-24 12:49:00,121.0,121.05,120.5,120.9,4000,356600,18250.0,CE
2023-01-24 12:50:00,121.0,121.3,120.7,121.15,3050,356600,18250.0,CE
2023-01-24 12:51:00,121.3,121.3,119.8,121.05,2750,356000,18250.0,CE
2023-01-24 12:52:00,121.1,121.1,120.45,120.65,1350,356000,18250.0,CE
2023-01-24 12:53:00,121.0,121.0,119.6,119.6,1600,356000,18250.0,CE
2023-01-24 12:54:00,119.65,120.3,119.2,120.0,950,357900,18250.0,CE
2023-01-24 12:55:00,120.2,120.5,119.1,119.15,750,357900,18250.0,CE
2023-01-24 12:56:00,118.9,119.3,118.65,118.65,1200,357900,18250.0,CE
2023-01-24 12:57:00,119.55,119.55,118.65,118.8,1600,357800,18250.0,CE
2023-01-24 12:58:00,119.0,119.0,119.0,119.0,200,357800,18250.0,CE
2023-01-24 12:59:00,119.2,120.3,119.2,120.3,3150,357800,18250.0,CE
2023-01-24 13:00:00,119.45,120.7,119.45,120.7,4200,356350,18250.0,CE
2023-01-24 13:01:00,120.75,120.75,119.3,119.5,2150,356350,18250.0,CE
2023-01-24 13:02:00,119.65,121.3,119.65,120.9,1700,356350,18250.0,CE
2023-01-24 13:03:00,120.6,120.6,120.1,120.5,450,358950,18250.0,CE
2023-01-24 13:04:00,120.25,120.75,120.15,120.15,1500,358950,18250.0,CE
2023-01-24 13:05:00,120.0,120.0,118.55,119.05,450,358950,18250.0,CE
2023-01-24 13:06:00,119.2,120.3,119.0,119.0,500,359050,18250.0,CE
2023-01-24 13:07:00,120.0,120.1,120.0,120.0,2100,359050,18250.0,CE
2023-01-24 13:08:00,120.0,120.1,119.7,120.1,950,359050,18250.0,CE
2023-01-24 13:09:00,120.15,120.15,117.0,117.0,2600,360350,18250.0,CE
2023-01-24 13:10:00,117.4,117.4,114.0,114.0,5400,360350,18250.0,CE
2023-01-24 13:11:00,113.4,115.1,113.4,114.2,6850,360350,18250.0,CE
2023-01-24 13:12:00,114.55,115.25,114.5,114.5,1400,357300,18250.0,CE
2023-01-24 13:13:00,115.05,115.55,115.0,115.1,1050,357300,18250.0,CE
2023-01-24 13:14:00,115.0,115.5,114.35,115.35,1950,357300,18250.0,CE
2023-01-24 13:15:00,115.65,117.9,115.55,117.15,1000,356200,18250.0,CE
2023-01-24 13:16:00,117.0,117.25,116.8,116.9,250,356200,18250.0,CE
2023-01-24 13:17:00,117.25,117.25,115.65,116.0,950,356200,18250.0,CE
2023-01-24 13:18:00,116.65,116.65,115.2,115.2,2650,357400,18250.0,CE
2023-01-24 13:19:00,115.6,115.7,115.25,115.6,2500,357400,18250.0,CE
2023-01-24 13:20:00,116.0,116.0,114.05,114.05,2350,357400,18250.0,CE
2023-01-24 13:21:00,114.15,114.15,113.55,113.8,1550,360150,18250.0,CE
2023-01-24 13:22:00,113.8,114.2,113.4,113.45,2450,360150,18250.0,CE
2023-01-24 13:23:00,113.45,113.45,112.35,112.7,9250,360150,18250.0,CE
2023-01-24 13:24:00,113.05,113.6,113.0,113.15,2500,358800,18250.0,CE
2023-01-24 13:25:00,113.2,114.7,113.2,114.7,1000,358800,18250.0,CE
2023-01-24 13:26:00,113.8,113.8,113.15,113.25,1200,358800,18250.0,CE
2023-01-24 13:27:00,113.0,113.35,112.55,113.0,3100,358150,18250.0,CE
2023-01-24 13:28:00,112.95,113.3,112.25,112.25,1950,358150,18250.0,CE
2023-01-24 13:29:00,112.0,112.0,111.35,111.75,2800,358150,18250.0,CE
2023-01-24 13:30:00,112.15,113.0,108.5,108.7,5300,358900,18250.0,CE
2023-01-24 13:31:00,108.75,110.2,108.05,110.2,3450,358900,18250.0,CE
2023-01-24 13:32:00,110.3,111.2,109.85,110.35,4500,358900,18250.0,CE
2023-01-24 13:33:00,109.85,110.1,108.15,108.15,2800,362550,18250.0,CE
2023-01-24 13:34:00,108.9,109.7,108.7,109.6,8200,362550,18250.0,CE
2023-01-24 13:35:00,109.15,109.7,108.7,109.0,4400,362550,18250.0,CE
2023-01-24 13:36:00,108.85,110.6,108.85,109.95,2850,367750,18250.0,CE
2023-01-24 13:37:00,109.65,110.1,109.25,109.25,650,367750,18250.0,CE
2023-01-24 13:38:00,109.3,109.3,106.45,107.5,6100,367750,18250.0,CE
2023-01-24 13:39:00,106.95,107.3,106.3,106.85,7700,366500,18250.0,CE
2023-01-24 13:40:00,106.45,106.65,105.85,106.6,4000,366500,18250.0,CE
2023-01-24 13:41:00,106.9,108.25,106.7,107.9,4350,366500,18250.0,CE
2023-01-24 13:42:00,107.45,107.65,106.1,107.1,6200,365900,18250.0,CE
2023-01-24 13:43:00,107.1,107.1,104.25,104.7,4850,365900,18250.0,CE
2023-01-24 13:44:00,104.0,104.45,103.0,103.65,4900,365900,18250.0,CE
2023-01-24 13:45:00,103.2,104.4,103.1,104.15,4600,365150,18250.0,CE
2023-01-24 13:46:00,103.85,104.75,103.85,104.7,2200,365150,18250.0,CE
2023-01-24 13:47:00,104.35,104.35,101.5,101.9,5650,365150,18250.0,CE
2023-01-24 13:48:00,101.6,102.05,100.85,101.55,16100,367300,18250.0,CE
2023-01-24 13:49:00,101.6,101.95,101.6,101.7,12450,367300,18250.0,CE
2023-01-24 13:50:00,101.65,102.8,101.5,102.2,10000,367300,18250.0,CE
2023-01-24 13:51:00,101.95,102.1,101.5,101.7,2000,388850,18250.0,CE
2023-01-24 13:52:00,101.7,101.75,99.0,99.0,8500,388850,18250.0,CE
2023-01-24 13:53:00,99.1,99.1,97.75,97.95,3750,388850,18250.0,CE
2023-01-24 13:54:00,98.0,98.6,97.35,98.6,5150,389750,18250.0,CE
2023-01-24 13:55:00,98.55,99.0,97.9,98.5,5900,389750,18250.0,CE
2023-01-24 13:56:00,98.95,99.5,98.3,99.35,14200,389750,18250.0,CE
2023-01-24 13:57:00,99.3,99.7,98.85,99.55,3700,382900,18250.0,CE
2023-01-24 13:58:00,99.0,100.95,99.0,100.95,3300,382900,18250.0,CE
2023-01-24 13:59:00,100.75,103.0,100.75,103.0,3300,382900,18250.0,CE
2023-01-24 14:00:00,103.0,103.0,101.45,102.65,9600,382450,18250.0,CE
2023-01-24 14:01:00,102.8,104.6,102.05,104.25,5650,382450,18250.0,CE
2023-01-24 14:02:00,105.05,105.2,104.6,105.0,7400,382450,18250.0,CE
2023-01-24 14:03:00,105.15,105.35,104.0,105.2,4950,382550,18250.0,CE
2023-01-24 14:04:00,104.65,106.65,104.6,105.9,7550,382550,18250.0,CE
2023-01-24 14:05:00,106.05,106.6,105.55,106.55,5800,382550,18250.0,CE
2023-01-24 14:06:00,106.3,106.6,105.9,106.45,4050,383500,18250.0,CE
2023-01-24 14:07:00,106.5,106.5,104.3,104.5,2200,383500,18250.0,CE
2023-01-24 14:08:00,104.45,106.4,104.45,105.95,17200,383500,18250.0,CE
2023-01-24 14:09:00,105.95,106.0,104.1,104.45,5850,396800,18250.0,CE
2023-01-24 14:10:00,104.7,104.7,102.6,104.3,1950,396800,18250.0,CE
2023-01-24 14:11:00,104.05,104.95,104.05,104.55,2350,396800,18250.0,CE
2023-01-24 14:12:00,104.7,105.0,104.05,104.4,1800,396550,18250.0,CE
2023-01-24 14:13:00,104.7,105.05,104.65,105.05,2500,396550,18250.0,CE
2023-01-24 14:14:00,105.15,106.0,105.15,105.7,650,396550,18250.0,CE
2023-01-24 14:15:00,105.35,105.45,104.75,105.2,2200,396750,18250.0,CE
2023-01-24 14:16:00,105.2,106.0,105.2,106.0,2350,396750,18250.0,CE
2023-01-24 14:17:00,105.35,105.95,105.0,105.6,3200,396750,18250.0,CE
2023-01-24 14:18:00,105.05,105.55,105.0,105.15,850,398150,18250.0,CE
2023-01-24 14:19:00,105.8,106.0,105.0,105.4,2000,398150,18250.0,CE
2023-01-24 14:20:00,105.4,105.4,105.0,105.4,1550,398150,18250.0,CE
2023-01-24 14:21:00,105.6,106.0,105.4,106.0,2500,398700,18250.0,CE
2023-01-24 14:22:00,107.1,107.6,106.75,106.75,3550,398700,18250.0,CE
2023-01-24 14:23:00,106.75,106.8,104.8,105.4,1300,398700,18250.0,CE
2023-01-24 14:24:00,105.0,105.0,97.5,99.2,8850,398300,18250.0,CE
2023-01-24 14:25:00,99.45,102.2,99.45,101.7,2550,398300,18250.0,CE
2023-01-24 14:26:00,101.0,102.25,100.85,102.25,1850,398300,18250.0,CE
2023-01-24 14:27:00,102.05,102.05,101.4,101.85,1000,400050,18250.0,CE
2023-01-24 14:28:00,101.8,102.35,101.1,101.75,2450,400050,18250.0,CE
2023-01-24 14:29:00,102.2,102.2,101.0,101.95,850,400050,18250.0,CE
2023-01-24 14:30:00,101.85,102.5,101.3,101.8,600,400950,18250.0,CE
2023-01-24 14:31:00,102.0,103.0,102.0,103.0,2200,400950,18250.0,CE
2023-01-24 14:32:00,103.3,105.0,102.8,104.85,3950,400950,18250.0,CE
2023-01-24 14:33:00,105.5,107.1,105.2,106.8,2900,399950,18250.0,CE
2023-01-24 14:34:00,106.8,107.75,106.8,107.45,3050,399950,18250.0,CE
2023-01-24 14:35:00,107.25,110.75,106.75,110.55,6050,399950,18250.0,CE
2023-01-24 14:36:00,111.25,112.0,110.4,112.0,6050,397050,18250.0,CE
2023-01-24 14:37:00,111.95,111.95,109.55,110.25,6600,397050,18250.0,CE
2023-01-24 14:38:00,109.9,109.9,108.7,108.8,4050,397050,18250.0,CE
2023-01-24 14:39:00,108.9,108.9,104.9,104.9,2900,401350,18250.0,CE
2023-01-24 14:40:00,105.0,105.0,103.65,104.7,2150,401350,18250.0,CE
2023-01-24 14:41:00,104.1,104.1,102.8,103.45,4000,401350,18250.0,CE
2023-01-24 14:42:00,103.8,104.75,103.2,103.4,1200,401650,18250.0,CE
2023-01-24 14:43:00,103.55,103.55,100.7,101.7,9150,401650,18250.0,CE
2023-01-24 14:44:00,101.65,101.85,101.0,101.5,2500,401650,18250.0,CE
2023-01-24 14:45:00,101.85,102.75,99.45,99.65,5900,403050,18250.0,CE
2023-01-24 14:46:00,100.0,100.95,99.5,100.35,2800,403050,18250.0,CE
2023-01-24 14:47:00,100.95,101.8,100.6,100.7,2600,403050,18250.0,CE
2023-01-24 14:48:00,100.6,101.2,100.45,101.2,4550,402700,18250.0,CE
2023-01-24 14:49:00,101.0,102.4,100.6,102.4,8650,402700,18250.0,CE
2023-01-24 14:50:00,102.8,104.25,102.8,104.0,50700,402700,18250.0,CE
2023-01-24 14:51:00,104.4,104.4,103.0,103.3,12050,364350,18250.0,CE
2023-01-24 14:52:00,104.0,104.2,101.9,102.5,11500,364350,18250.0,CE
2023-01-24 14:53:00,102.85,104.1,102.85,103.15,8050,364350,18250.0,CE
2023-01-24 14:54:00,103.25,103.95,102.35,103.3,6450,354550,18250.0,CE
2023-01-24 14:55:00,103.7,103.7,103.0,103.65,4150,354550,18250.0,CE
2023-01-24 14:56:00,103.15,104.0,102.95,104.0,4800,354550,18250.0,CE
2023-01-24 14:57:00,104.3,105.8,103.7,105.55,34800,351250,18250.0,CE
2023-01-24 14:58:00,105.5,106.2,104.85,106.0,4100,351250,18250.0,CE
2023-01-24 14:59:00,106.05,107.4,105.7,106.85,4550,351250,18250.0,CE
2023-01-24 15:00:00,107.15,109.5,107.15,109.5,5850,337950,18250.0,CE
2023-01-24 15:01:00,109.5,110.5,108.5,109.0,8100,337950,18250.0,CE
2023-01-24 15:02:00,109.45,110.35,107.45,108.4,7600,337950,18250.0,CE
2023-01-24 15:03:00,107.75,109.2,107.75,109.0,3050,340500,18250.0,CE
2023-01-24 15:04:00,108.55,108.55,104.7,104.95,4050,340500,18250.0,CE
2023-01-24 15:05:00,106.25,108.35,106.25,107.9,2500,340500,18250.0,CE
2023-01-24 15:06:00,108.2,108.2,106.45,107.0,2450,340850,18250.0,CE
2023-01-24 15:07:00,107.0,107.6,104.8,104.8,4700,340850,18250.0,CE
2023-01-24 15:08:00,105.75,106.2,105.15,105.3,3800,340850,18250.0,CE
2023-01-24 15:09:00,105.9,107.3,105.5,107.3,3850,343300,18250.0,CE
2023-01-24 15:10:00,107.5,107.7,106.8,107.15,3650,343300,18250.0,CE
2023-01-24 15:11:00,107.45,108.0,106.5,106.5,4350,343300,18250.0,CE
2023-01-24 15:12:00,106.8,107.6,105.45,105.6,3200,339200,18250.0,CE
2023-01-24 15:13:00,105.6,106.4,105.15,105.5,1700,339200,18250.0,CE
2023-01-24 15:14:00,105.8,106.35,105.8,106.0,1800,339200,18250.0,CE
2023-01-24 15:15:00,106.7,106.7,105.35,105.4,2950,339500,18250.0,CE
2023-01-24 15:16:00,105.0,105.0,103.2,103.3,10150,339500,18250.0,CE
2023-01-24 15:17:00,103.5,104.35,101.95,102.0,6500,339500,18250.0,CE
2023-01-24 15:18:00,102.4,102.4,100.8,101.0,6200,337300,18250.0,CE
2023-01-24 15:19:00,100.8,101.5,100.65,101.35,8000,337300,18250.0,CE
2023-01-24 15:20:00,101.35,102.15,101.15,101.65,7150,337300,18250.0,CE
2023-01-24 15:21:00,101.15,102.15,101.15,101.95,7550,335800,18250.0,CE
2023-01-24 15:22:00,101.85,101.85,100.1,100.2,5150,335800,18250.0,CE
2023-01-24 15:23:00,100.45,101.15,100.45,101.0,5400,335800,18250.0,CE
2023-01-24 15:24:00,101.0,101.2,100.45,100.75,5450,335850,18250.0,CE
2023-01-24 15:25:00,100.9,100.9,98.4,98.7,14850,335850,18250.0,CE
2023-01-24 15:26:00,98.75,99.4,98.75,99.15,9450,335850,18250.0,CE
2023-01-24 15:27:00,99.35,100.15,99.3,100.05,7400,328850,18250.0,CE
2023-01-24 15:28:00,100.25,101.0,99.1,99.85,9650,328850,18250.0,CE
2023-01-24 15:29:00,99.95,100.1,90.0,90.0,18850,328850,18250.0,CE
2023-01-24 15:30:00,90.0,90.0,90.0,90.0,100,328850,18250.0,CE
2023-01-25 09:15:00,84.5,87.9,81.95,85.1,13501,328200,18250.0,CE
2023-01-25 09:16:00,85.1,85.1,82.65,83.95,12900,328200,18250.0,CE
2023-01-25 09:17:00,83.0,84.5,81.3,83.3,12800,330400,18250.0,CE
2023-01-25 09:18:00,83.1,83.1,79.65,81.0,19800,330400,18250.0,CE
2023-01-25 09:19:00,81.55,81.55,77.9,77.9,20250,330400,18250.0,CE
2023-01-25 09:20:00,78.25,78.25,75.45,75.45,16250,329800,18250.0,CE
2023-01-25 09:21:00,75.45,76.3,74.8,75.6,12500,329800,18250.0,CE
2023-01-25 09:22:00,75.25,78.25,75.0,77.9,45800,329800,18250.0,CE
2023-01-25 09:23:00,77.9,78.6,77.0,77.25,9350,321400,18250.0,CE
2023-01-25 09:24:00,77.5,78.8,77.25,78.5,11500,321400,18250.0,CE
2023-01-25 09:25:00,78.4,78.55,76.5,76.5,22650,321400,18250.0,CE
2023-01-25 09:26:00,76.8,77.1,75.5,75.8,8700,341850,18250.0,CE
2023-01-25 09:27:00,76.0,76.0,74.0,75.65,10350,341850,18250.0,CE
2023-01-25 09:28:00,75.6,77.75,75.6,77.6,8200,341850,18250.0,CE
2023-01-25 09:29:00,77.3,78.9,76.95,76.95,8700,347050,18250.0,CE
2023-01-25 09:30:00,76.75,78.3,75.95,75.95,7000,347050,18250.0,CE
2023-01-25 09:31:00,75.8,77.6,75.7,75.9,9850,347050,18250.0,CE
2023-01-25 09:32:00,75.95,76.25,71.65,71.65,10950,347900,18250.0,CE
2023-01-25 09:33:00,71.4,72.45,69.7,71.1,13350,347900,18250.0,CE
2023-01-25 09:34:00,71.2,71.8,70.1,71.8,34250,347900,18250.0,CE
2023-01-25 09:35:00,72.05,72.5,71.5,71.5,9900,360050,18250.0,CE
2023-01-25 09:36:00,71.35,71.5,69.85,70.5,25600,360050,18250.0,CE
2023-01-25 09:37:00,70.6,72.0,70.3,71.5,10450,360050,18250.0,CE
2023-01-25 09:38:00,71.5,73.0,71.5,72.0,12350,376300,18250.0,CE
2023-01-25 09:39:00,71.9,72.25,70.95,72.1,10050,376300,18250.0,CE
2023-01-25 09:40:00,72.1,72.65,70.85,70.85,7700,376300,18250.0,CE
2023-01-25 09:41:00,70.5,72.6,70.5,70.75,7200,380250,18250.0,CE
2023-01-25 09:42:00,70.3,71.5,69.7,71.0,8300,380250,18250.0,CE
2023-01-25 09:43:00,71.1,71.8,70.7,71.3,8050,380250,18250.0,CE
2023-01-25 09:44:00,71.55,71.55,68.55,68.95,12500,384750,18250.0,CE
2023-01-25 09:45:00,69.05,69.4,67.4,69.0,18650,384750,18250.0,CE
2023-01-25 09:46:00,69.05,70.2,68.5,70.15,18600,384750,18250.0,CE
2023-01-25 09:47:00,70.55,71.65,70.0,70.45,6200,384600,18250.0,CE
2023-01-25 09:48:00,70.5,71.25,69.95,71.1,9500,384600,18250.0,CE
2023-01-25 09:49:00,71.1,71.95,70.9,71.15,4800,384600,18250.0,CE
2023-01-25 09:50:00,71.4,72.5,71.0,71.0,6950,385000,18250.0,CE
2023-01-25 09:51:00,70.8,70.95,69.15,69.15,7750,385000,18250.0,CE
2023-01-25 09:52:00,68.55,68.75,67.55,68.55,15050,385000,18250.0,CE
2023-01-25 09:53:00,68.7,69.3,68.1,69.3,17100,390200,18250.0,CE
2023-01-25 09:54:00,69.2,69.2,66.8,66.9,18150,390200,18250.0,CE
2023-01-25 09:55:00,66.5,67.95,66.2,67.95,27550,390200,18250.0,CE
2023-01-25 09:56:00,67.8,67.8,67.0,67.6,23250,411600,18250.0,CE
2023-01-25 09:57:00,67.4,67.9,67.1,67.4,14350,411600,18250.0,CE
2023-01-25 09:58:00,67.4,68.25,66.9,67.65,16700,411600,18250.0,CE
2023-01-25 09:59:00,67.6,68.45,67.5,67.5,10700,417100,18250.0,CE
2023-01-25 10:00:00,67.1,68.55,67.1,67.2,17300,417100,18250.0,CE
2023-01-25 10:01:00,67.5,67.5,64.1,64.55,25950,417100,18250.0,CE
2023-01-25 10:02:00,64.4,65.8,63.9,65.7,21500,420550,18250.0,CE
2023-01-25 10:03:00,66.0,66.35,65.35,65.65,16450,420550,18250.0,CE
2023-01-25 10:04:00,65.7,69.0,65.55,69.0,16000,420550,18250.0,CE
2023-01-25 10:05:00,68.55,68.55,67.25,67.35,17300,425900,18250.0,CE
2023-01-25 10:06:00,67.0,68.95,66.95,68.3,19900,425900,18250.0,CE
2023-01-25 10:07:00,67.85,69.2,67.55,68.2,10850,425900,18250.0,CE
2023-01-25 10:08:00,68.15,68.15,66.5,66.65,8200,426400,18250.0,CE
2023-01-25 10:09:00,67.0,67.0,65.05,65.55,9400,426400,18250.0,CE
2023-01-25 10:10:00,65.35,65.45,63.4,64.45,18300,426400,18250.0,CE
2023-01-25 10:11:00,64.6,65.55,64.0,64.65,10200,427500,18250.0,CE
2023-01-25 10:12:00,64.4,65.0,63.8,65.0,7150,427500,18250.0,CE
2023-01-25 10:13:00,64.0,64.6,62.05,62.4,16100,427500,18250.0,CE
2023-01-25 10:14:00,62.2,64.05,62.15,64.05,11950,429300,18250.0,CE
2023-01-25 10:15:00,63.85,65.35,63.4,64.0,19550,429300,18250.0,CE
2023-01-25 10:16:00,64.1,64.9,63.25,63.25,9950,429300,18250.0,CE
2023-01-25 10:17:00,63.2,64.25,62.25,63.9,10400,427500,18250.0,CE
2023-01-25 10:18:00,63.25,63.75,62.55,63.5,12550,427500,18250.0,CE
2023-01-25 10:19:00,63.45,63.95,61.95,62.2,12650,427500,18250.0,CE
2023-01-25 10:20:00,62.75,63.2,62.05,62.05,22450,413900,18250.0,CE
2023-01-25 10:21:00,62.55,63.6,62.25,62.75,12200,413900,18250.0,CE
2023-01-25 10:22:00,62.85,64.6,62.85,63.9,24700,413900,18250.0,CE
2023-01-25 10:23:00,64.2,65.35,63.95,64.8,23750,408650,18250.0,CE
2023-01-25 10:24:00,64.7,64.85,63.9,64.55,48500,408650,18250.0,CE
2023-01-25 10:25:00,64.25,64.35,63.35,63.95,6950,408650,18250.0,CE
2023-01-25 10:26:00,63.85,63.85,60.8,61.05,35600,400700,18250.0,CE
2023-01-25 10:27:00,61.05,62.8,61.05,62.8,8950,400700,18250.0,CE
2023-01-25 10:28:00,62.15,63.1,62.1,62.85,6800,400700,18250.0,CE
2023-01-25 10:29:00,62.65,63.35,62.35,63.35,10450,401900,18250.0,CE
2023-01-25 10:30:00,63.2,63.75,62.45,63.3,5250,401900,18250.0,CE
2023-01-25 10:31:00,63.65,63.65,61.95,61.95,10750,401900,18250.0,CE
2023-01-25 10:32:00,61.95,61.95,59.45,60.0,25950,401000,18250.0,CE
2023-01-25 10:33:00,59.65,60.4,59.4,60.05,11400,401000,18250.0,CE
2023-01-25 10:34:00,60.15,61.0,59.85,60.2,15300,401000,18250.0,CE
2023-01-25 10:35:00,59.85,61.1,59.85,61.1,11000,393100,18250.0,CE
2023-01-25 10:36:00,61.3,61.35,60.75,60.95,8400,393100,18250.0,CE
2023-01-25 10:37:00,61.2,61.65,61.15,61.65,8550,393100,18250.0,CE
2023-01-25 10:38:00,61.5,61.7,60.9,61.25,3600,397650,18250.0,CE
2023-01-25 10:39:00,61.1,61.5,60.3,61.4,10400,397650,18250.0,CE
2023-01-25 10:40:00,61.2,61.6,60.0,60.4,8400,397650,18250.0,CE
2023-01-25 10:41:00,60.2,61.25,60.2,61.2,10300,398700,18250.0,CE
2023-01-25 10:42:00,61.15,61.85,61.15,61.45,8650,398700,18250.0,CE
2023-01-25 10:43:00,61.9,61.95,61.25,61.95,4750,398700,18250.0,CE
2023-01-25 10:44:00,61.35,61.35,59.65,60.25,15050,402150,18250.0,CE
2023-01-25 10:45:00,60.35,61.8,60.35,61.8,10450,402150,18250.0,CE
2023-01-25 10:46:00,61.9,61.9,61.15,61.65,7750,402150,18250.0,CE
2023-01-25 10:47:00,61.85,61.85,61.45,61.7,4750,405300,18250.0,CE
2023-01-25 10:48:00,61.6,61.85,60.65,61.1,2700,405300,18250.0,CE
2023-01-25 10:49:00,60.9,62.2,60.9,61.7,3100,405300,18250.0,CE
2023-01-25 10:50:00,61.6,63.0,61.3,63.0,1850,407550,18250.0,CE
2023-01-25 10:51:00,63.05,63.15,62.2,62.6,12950,407550,18250.0,CE
2023-01-25 10:52:00,62.7,62.7,61.9,62.6,4000,407550,18250.0,CE
2023-01-25 10:53:00,62.6,63.6,62.6,63.1,5700,405650,18250.0,CE
2023-01-25 10:54:00,62.75,63.65,62.45,62.45,6600,405650,18250.0,CE
2023-01-25 10:55:00,61.9,62.5,61.5,62.2,3500,405650,18250.0,CE
2023-01-25 10:56:00,62.15,62.5,61.65,62.1,5650,406850,18250.0,CE
2023-01-25 10:57:00,61.85,62.45,61.8,62.45,2550,406850,18250.0,CE
2023-01-25 10:58:00,62.55,62.55,61.7,62.2,5350,406850,18250.0,CE
2023-01-25 10:59:00,62.25,62.25,60.85,61.55,10750,411350,18250.0,CE
2023-01-25 11:00:00,61.55,63.0,61.55,62.7,3300,411350,18250.0,CE
2023-01-25 11:01:00,62.55,63.05,62.45,62.6,6200,411350,18250.0,CE
2023-01-25 11:02:00,62.95,63.8,62.2,63.45,4650,411000,18250.0,CE
2023-01-25 11:03:00,63.65,63.95,62.75,63.25,8800,411000,18250.0,CE
2023-01-25 11:04:00,62.85,63.5,62.75,63.2,8000,411000,18250.0,CE
2023-01-25 11:05:00,62.9,64.05,62.55,63.85,4550,415950,18250.0,CE
2023-01-25 11:06:00,63.75,63.75,62.95,63.05,5050,415950,18250.0,CE
2023-01-25 11:07:00,62.9,63.35,62.65,63.1,2300,415950,18250.0,CE
2023-01-25 11:08:00,63.05,63.55,62.6,63.15,3700,418300,18250.0,CE
2023-01-25 11:09:00,62.85,63.9,62.85,63.5,5950,418300,18250.0,CE
2023-01-25 11:10:00,63.15,63.5,63.15,63.4,1700,418300,18250.0,CE
2023-01-25 11:11:00,63.35,63.35,62.3,62.6,3550,421950,18250.0,CE
2023-01-25 11:12:00,63.15,63.25,62.9,63.25,1700,421950,18250.0,CE
2023-01-25 11:13:00,63.25,63.5,62.5,63.45,2900,421950,18250.0,CE
2023-01-25 11:14:00,63.15,63.45,62.7,63.15,2750,423150,18250.0,CE
2023-01-25 11:15:00,63.4,63.5,62.7,62.7,2350,423150,18250.0,CE
2023-01-25 11:16:00,62.75,63.05,62.35,63.05,4450,423150,18250.0,CE
2023-01-25 11:17:00,62.6,63.75,62.6,63.6,7800,422450,18250.0,CE
2023-01-25 11:18:00,63.8,64.05,63.45,63.95,17950,422450,18250.0,CE
2023-01-25 11:19:00,63.9,63.95,63.5,63.65,1500,422450,18250.0,CE
2023-01-25 11:20:00,63.75,63.75,62.3,62.5,10600,422900,18250.0,CE
2023-01-25 11:21:00,62.2,62.2,58.4,59.45,14850,422900,18250.0,CE
2023-01-25 11:22:00,59.25,59.25,56.65,57.25,11750,422900,18250.0,CE
2023-01-25 11:23:00,57.5,58.35,57.05,57.3,13150,426950,18250.0,CE
2023-01-25 11:24:00,57.05,57.8,56.15,57.15,22650,426950,18250.0,CE
2023-01-25 11:25:00,57.3,57.3,56.1,56.85,13200,426950,18250.0,CE
2023-01-25 11:26:00,56.65,56.95,56.05,56.55,14650,427100,18250.0,CE
2023-01-25 11:27:00,56.75,57.5,55.85,56.95,21200,427100,18250.0,CE
2023-01-25 11:28:00,56.7,57.15,55.95,56.1,12650,427100,18250.0,CE
2023-01-25 11:29:00,56.0,57.25,56.0,56.75,6300,428100,18250.0,CE
2023-01-25 11:30:00,56.8,57.0,55.55,56.0,8850,428100,18250.0,CE
2023-01-25 11:31:00,56.0,56.0,55.0,55.4,10200,428100,18250.0,CE
2023-01-25 11:32:00,55.0,56.0,54.2,55.0,17850,429850,18250.0,CE
2023-01-25 11:33:00,55.1,55.1,53.9,54.6,16350,429850,18250.0,CE
2023-01-25 11:34:00,54.7,54.8,54.15,54.25,8800,429850,18250.0,CE
2023-01-25 11:35:00,54.35,54.95,54.25,54.95,6450,431700,18250.0,CE
2023-01-25 11:36:00,54.85,55.05,54.05,54.8,27550,431700,18250.0,CE
2023-01-25 11:37:00,54.95,55.5,54.55,55.25,8300,431700,18250.0,CE
2023-01-25 11:38:00,55.25,55.7,54.55,54.85,8300,434650,18250.0,CE
2023-01-25 11:39:00,54.5,55.65,54.35,55.15,14500,434650,18250.0,CE
2023-01-25 11:40:00,55.4,56.35,55.25,56.3,11200,434650,18250.0,CE
2023-01-25 11:41:00,56.4,56.75,55.6,55.75,20800,438900,18250.0,CE
2023-01-25 11:42:00,55.85,56.6,55.85,56.1,6300,438900,18250.0,CE
2023-01-25 11:43:00,56.0,56.1,54.35,55.5,22600,438900,18250.0,CE
2023-01-25 11:44:00,55.6,56.35,55.6,55.9,7150,437950,18250.0,CE
2023-01-25 11:45:00,56.1,56.1,54.8,54.95,12750,437950,18250.0,CE
2023-01-25 11:46:00,55.2,56.0,54.7,54.9,7900,437950,18250.0,CE
2023-01-25 11:47:00,55.0,55.0,52.8,53.75,16800,445650,18250.0,CE
2023-01-25 11:48:00,54.05,56.0,54.05,55.6,17350,445650,18250.0,CE
2023-01-25 11:49:00,55.6,55.8,54.85,55.1,9450,445650,18250.0,CE
2023-01-25 11:50:00,55.05,55.55,54.25,54.5,17350,447650,18250.0,CE
2023-01-25 11:51:00,54.3,54.6,53.85,54.6,6850,447650,18250.0,CE
2023-01-25 11:52:00,54.8,55.3,54.55,55.3,6500,447650,18250.0,CE
2023-01-25 11:53:00,55.0,55.7,54.6,55.2,8650,445000,18250.0,CE
2023-01-25 11:54:00,55.15,55.95,54.75,55.35,6850,445000,18250.0,CE
2023-01-25 11:55:00,55.45,55.45,53.8,54.05,6550,445000,18250.0,CE
2023-01-25 11:56:00,54.2,54.4,52.85,52.85,9050,447150,18250.0,CE
2023-01-25 11:57:00,53.4,53.8,52.8,53.4,4950,447150,18250.0,CE
2023-01-25 11:58:00,53.0,53.45,52.65,52.85,7650,447150,18250.0,CE
2023-01-25 11:59:00,52.8,52.95,52.1,52.8,2600,448950,18250.0,CE
2023-01-25 12:00:00,53.25,53.25,51.15,51.6,7150,448950,18250.0,CE
2023-01-25 12:01:00,51.6,53.55,51.6,53.5,3750,448950,18250.0,CE
2023-01-25 12:02:00,53.45,54.3,53.0,53.8,5200,449200,18250.0,CE
2023-01-25 12:03:00,53.65,54.3,53.45,54.0,3050,449200,18250.0,CE
2023-01-25 12:04:00,53.95,53.95,53.15,53.35,12900,449200,18250.0,CE
2023-01-25 12:05:00,53.55,54.3,53.5,53.85,7650,449750,18250.0,CE
2023-01-25 12:06:00,54.1,54.2,53.6,53.65,13950,449750,18250.0,CE
2023-01-25 12:07:00,53.4,54.2,53.25,54.05,6650,449750,18250.0,CE
2023-01-25 12:08:00,54.25,54.25,53.4,53.65,4050,449750,18250.0,CE
2023-01-25 12:09:00,53.65,54.0,53.2,53.3,5900,456100,18250.0,CE
2023-01-25 12:10:00,53.1,53.15,51.7,53.0,13400,456100,18250.0,CE
2023-01-25 12:11:00,52.8,52.8,51.55,52.3,4150,456100,18250.0,CE
2023-01-25 12:12:00,51.95,52.5,51.6,51.6,10800,462000,18250.0,CE
2023-01-25 12:13:00,51.6,51.75,51.15,51.55,5300,462000,18250.0,CE
2023-01-25 12:14:00,51.25,52.5,51.25,52.0,6850,462000,18250.0,CE
2023-01-25 12:15:00,52.2,52.4,51.0,52.4,9350,462650,18250.0,CE
2023-01-25 12:16:00,52.05,52.7,51.75,52.7,5000,462650,18250.0,CE
2023-01-25 12:17:00,52.5,52.7,51.6,52.15,2200,462650,18250.0,CE
2023-01-25 12:18:00,52.0,52.0,51.3,51.8,9350,459150,18250.0,CE
2023-01-25 12:19:00,51.8,51.85,50.5,50.85,8600,459150,18250.0,CE
2023-01-25 12:20:00,51.25,51.65,50.8,51.25,3000,459150,18250.0,CE
2023-01-25 12:21:00,51.1,51.1,50.35,50.95,10150,458150,18250.0,CE
2023-01-25 12:22:00,50.6,51.6,50.6,50.75,3250,458150,18250.0,CE
2023-01-25 12:23:00,50.6,50.85,49.75,49.95,8500,458150,18250.0,CE
2023-01-25 12:24:00,49.55,49.55,48.55,49.15,12900,462450,18250.0,CE
2023-01-25 12:25:00,49.1,50.75,49.0,50.75,9800,462450,18250.0,CE
2023-01-25 12:26:00,50.7,51.25,50.55,51.1,8650,462450,18250.0,CE
2023-01-25 12:27:00,51.25,51.35,50.35,51.35,6050,454800,18250.0,CE
2023-01-25 12:28:00,50.7,52.2,50.7,52.2,3250,454800,18250.0,CE
2023-01-25 12:29:00,52.25,52.25,50.95,51.05,5700,454800,18250.0,CE
2023-01-25 12:30:00,50.95,51.65,50.65,51.35,8500,456850,18250.0,CE
2023-01-25 12:31:00,50.85,51.25,50.4,50.85,7800,456850,18250.0,CE
2023-01-25 12:32:00,51.4,51.9,51.0,51.5,8650,456850,18250.0,CE
2023-01-25 12:33:00,51.35,51.95,51.35,51.5,2900,460550,18250.0,CE
2023-01-25 12:34:00,51.65,51.95,51.6,51.95,3400,460550,18250.0,CE
2023-01-25 12:35:00,51.4,52.1,51.0,51.45,4050,460550,18250.0,CE
2023-01-25 12:36:00,51.3,51.35,50.45,51.0,5150,461300,18250.0,CE
2023-01-25 12:37:00,51.0,51.25,51.0,51.05,3050,461300,18250.0,CE
2023-01-25 12:38:00,50.85,51.55,50.85,51.45,5000,461300,18250.0,CE
2023-01-25 12:39:00,51.3,51.45,50.4,50.65,3600,462650,18250.0,CE
2023-01-25 12:40:00,50.05,50.05,48.6,49.15,21700,462650,18250.0,CE
2023-01-25 12:41:00,49.05,49.55,48.45,48.6,12100,462650,18250.0,CE
2023-01-25 12:42:00,48.4,49.25,48.3,48.7,18550,461450,18250.0,CE
2023-01-25 12:43:00,48.6,49.35,48.4,49.25,11950,461450,18250.0,CE
2023-01-25 12:44:00,49.5,50.15,49.25,50.05,7200,461450,18250.0,CE
2023-01-25 12:45:00,50.2,51.95,49.5,51.65,9750,465000,18250.0,CE
2023-01-25 12:46:00,52.0,54.0,51.6,53.4,29550,465000,18250.0,CE
2023-01-25 12:47:00,53.6,54.15,53.0,53.2,7050,465000,18250.0,CE
2023-01-25 12:48:00,53.5,54.85,53.25,53.95,4950,458650,18250.0,CE
2023-01-25 12:49:00,53.7,54.95,53.4,54.4,6450,458650,18250.0,CE
2023-01-25 12:50:00,54.2,54.6,53.65,54.5,6950,458650,18250.0,CE
2023-01-25 12:51:00,54.05,54.6,53.55,54.0,9600,458500,18250.0,CE
2023-01-25 12:52:00,54.0,55.5,53.55,54.65,15200,458500,18250.0,CE
2023-01-25 12:53:00,54.85,55.35,54.0,54.9,9650,458500,18250.0,CE
2023-01-25 12:54:00,54.75,54.9,54.3,54.4,6100,462600,18250.0,CE
2023-01-25 12:55:00,54.2,54.45,53.5,54.35,14450,462600,18250.0,CE
2023-01-25 12:56:00,54.15,55.0,54.0,55.0,5850,462600,18250.0,CE
2023-01-25 12:57:00,54.65,54.65,53.3,53.7,12950,465500,18250.0,CE
2023-01-25 12:58:00,53.9,53.9,52.5,52.75,9800,465500,18250.0,CE
2023-01-25 12:59:00,52.75,53.55,50.85,52.6,11850,465500,18250.0,CE
2023-01-25 13:00:00,52.5,54.0,52.2,52.2,8950,469200,18250.0,CE
2023-01-25 13:01:00,52.05,52.35,51.6,52.35,5250,469200,18250.0,CE
2023-01-25 13:02:00,52.1,52.6,51.6,52.2,2550,469200,18250.0,CE
2023-01-25 13:03:00,52.0,52.0,51.0,51.4,4800,471900,18250.0,CE
2023-01-25 13:04:00,51.4,51.5,50.85,51.5,5650,471900,18250.0,CE
2023-01-25 13:05:00,51.35,51.35,50.85,51.15,4850,471900,18250.0,CE
2023-01-25 13:06:00,51.4,52.0,51.0,51.25,5500,470900,18250.0,CE
2023-01-25 13:07:00,51.05,51.5,51.0,51.3,3300,470900,18250.0,CE
2023-01-25 13:08:00,51.2,51.2,48.25,49.2,16000,470900,18250.0,CE
2023-01-25 13:09:00,49.35,50.3,49.1,49.3,7200,476750,18250.0,CE
2023-01-25 13:10:00,49.25,50.4,49.1,50.4,6400,476750,18250.0,CE
2023-01-25 13:11:00,50.1,51.0,49.8,50.4,1800,476750,18250.0,CE
2023-01-25 13:12:00,50.0,50.6,49.3,50.6,3950,476050,18250.0,CE
2023-01-25 13:13:00,50.5,50.5,50.0,50.1,2600,476050,18250.0,CE
2023-01-25 13:14:00,50.25,50.25,49.5,49.95,6000,476050,18250.0,CE
2023-01-25 13:15:00,50.05,50.45,49.75,49.95,1600,477200,18250.0,CE
2023-01-25 13:16:00,49.85,50.05,47.5,47.5,10750,477200,18250.0,CE
2023-01-25 13:17:00,48.2,50.0,48.15,49.75,9100,477200,18250.0,CE
2023-01-25 13:18:00,50.0,50.0,49.2,49.35,2900,480500,18250.0,CE
2023-01-25 13:19:00,49.2,50.05,48.4,49.35,3900,480500,18250.0,CE
2023-01-25 13:20:00,49.2,49.8,49.2,49.8,4150,480500,18250.0,CE
2023-01-25 13:21:00,49.8,50.05,49.1,49.25,1750,481900,18250.0,CE
2023-01-25 13:22:00,49.25,50.45,49.0,50.45,4250,481900,18250.0,CE
2023-01-25 13:23:00,49.9,50.45,49.75,49.95,2400,481900,18250.0,CE
2023-01-25 13:24:00,49.2,50.25,49.2,49.85,9500,482200,18250.0,CE
2023-01-25 13:25:00,50.0,50.65,50.0,50.15,3900,482200,18250.0,CE
2023-01-25 13:26:00,50.05,50.1,49.7,49.75,1700,482200,18250.0,CE
2023-01-25 13:27:00,50.0,50.35,49.65,49.75,9500,486700,18250.0,CE
2023-01-25 13:28:00,49.5,49.9,49.2,49.65,5600,486700,18250.0,CE
2023-01-25 13:29:00,49.5,49.5,48.6,49.0,4750,486700,18250.0,CE
2023-01-25 13:30:00,49.2,49.5,48.6,49.05,2800,490750,18250.0,CE
2023-01-25 13:31:00,48.6,52.2,46.85,52.15,19800,490750,18250.0,CE
2023-01-25 13:32:00,51.85,52.55,50.4,51.0,8900,490750,18250.0,CE
2023-01-25 13:33:00,51.0,51.05,49.65,51.05,5300,491500,18250.0,CE
2023-01-25 13:34:00,51.0,52.2,50.6,51.8,5100,491500,18250.0,CE
2023-01-25 13:35:00,51.9,51.9,49.8,50.25,12550,491500,18250.0,CE
2023-01-25 13:36:00,49.8,50.85,49.6,50.35,4300,488850,18250.0,CE
2023-01-25 13:37:00,50.05,50.4,48.65,48.9,2200,488850,18250.0,CE
2023-01-25 13:38:00,49.15,49.35,48.6,48.95,3550,488850,18250.0,CE
2023-01-25 13:39:00,49.35,49.9,48.7,49.9,2800,489400,18250.0,CE
2023-01-25 13:40:00,49.5,50.4,49.35,49.7,2000,489400,18250.0,CE
2023-01-25 13:41:00,50.0,50.4,49.3,49.3,1650,489400,18250.0,CE
2023-01-25 13:42:00,49.95,50.15,49.6,50.0,3550,488000,18250.0,CE
2023-01-25 13:43:00,49.95,49.95,49.3,49.7,1100,488000,18250.0,CE
2023-01-25 13:44:00,50.0,50.3,49.4,50.3,2150,488000,18250.0,CE
2023-01-25 13:45:00,49.65,51.6,49.2,51.0,7550,489550,18250.0,CE
2023-01-25 13:46:00,51.8,51.8,50.3,50.4,7150,489550,18250.0,CE
2023-01-25 13:47:00,50.2,50.4,49.5,50.0,5350,489550,18250.0,CE
2023-01-25 13:48:00,50.0,50.2,49.3,50.2,6350,496150,18250.0,CE
2023-01-25 13:49:00,49.85,49.95,49.2,49.2,2200,496150,18250.0,CE
2023-01-25 13:50:00,49.15,49.8,48.75,48.75,7350,496150,18250.0,CE
2023-01-25 13:51:00,48.65,50.05,48.5,50.0,6500,498900,18250.0,CE
2023-01-25 13:52:00,49.8,50.9,49.35,50.35,20300,498900,18250.0,CE
2023-01-25 13:53:00,50.0,50.55,49.6,49.7,3700,498900,18250.0,CE
2023-01-25 13:54:00,50.0,50.25,49.7,50.1,2900,491300,18250.0,CE
2023-01-25 13:55:00,50.55,50.6,49.75,49.8,4650,491300,18250.0,CE
2023-01-25 13:56:00,49.85,49.85,49.2,49.6,2700,491300,18250.0,CE
2023-01-25 13:57:00,49.65,49.65,48.85,49.0,2250,493100,18250.0,CE
2023-01-25 13:58:00,49.0,50.1,48.6,50.1,5300,493100,18250.0,CE
2023-01-25 13:59:00,50.1,50.1,48.8,49.1,3800,493100,18250.0,CE
2023-01-25 14:00:00,48.75,50.1,48.75,50.0,12900,494250,18250.0,CE
2023-01-25 14:01:00,49.95,50.45,49.2,50.45,5300,494250,18250.0,CE
2023-01-25 14:02:00,50.25,50.25,49.65,49.85,3950,494250,18250.0,CE
2023-01-25 14:03:00,50.0,50.4,49.8,49.8,4700,495800,18250.0,CE
2023-01-25 14:04:00,50.0,51.45,49.85,51.45,11700,495800,18250.0,CE
2023-01-25 14:05:00,51.1,51.85,50.95,51.35,9250,495800,18250.0,CE
2023-01-25 14:06:00,51.65,52.05,51.0,51.1,19900,496850,18250.0,CE
2023-01-25 14:07:00,50.85,51.05,49.6,50.55,13150,496850,18250.0,CE
2023-01-25 14:08:00,50.25,51.5,50.1,51.5,9950,496850,18250.0,CE
2023-01-25 14:09:00,51.6,53.0,51.0,52.45,9850,498950,18250.0,CE
2023-01-25 14:10:00,52.5,52.55,50.8,51.35,7300,498950,18250.0,CE
2023-01-25 14:11:00,51.35,52.15,51.35,51.35,4650,498950,18250.0,CE
2023-01-25 14:12:00,51.35,51.75,51.25,51.3,2500,500050,18250.0,CE
2023-01-25 14:13:00,52.15,52.5,51.5,52.0,5700,500050,18250.0,CE
2023-01-25 14:14:00,52.0,52.0,51.15,51.15,3350,500050,18250.0,CE
2023-01-25 14:15:00,51.35,51.5,49.75,50.0,9150,500050,18250.0,CE
2023-01-25 14:16:00,50.45,51.15,49.95,49.95,3900,500050,18250.0,CE
2023-01-25 14:17:00,50.0,50.55,49.45,49.45,5550,500050,18250.0,CE
2023-01-25 14:18:00,49.75,50.95,49.75,50.8,3250,501450,18250.0,CE
2023-01-25 14:19:00,50.55,51.2,50.0,50.0,5700,501450,18250.0,CE
2023-01-25 14:20:00,50.1,50.25,48.55,49.2,6150,501450,18250.0,CE
2023-01-25 14:21:00,49.25,49.7,49.05,49.6,4000,501200,18250.0,CE
2023-01-25 14:22:00,48.8,49.0,47.75,48.35,20000,501200,18250.0,CE
2023-01-25 14:23:00,48.6,49.0,48.0,48.75,11800,501200,18250.0,CE
2023-01-25 14:24:00,48.3,49.25,48.3,48.8,2500,512450,18250.0,CE
2023-01-25 14:25:00,49.15,50.0,48.55,49.75,6400,512450,18250.0,CE
2023-01-25 14:26:00,49.55,49.55,48.05,48.85,5950,512450,18250.0,CE
2023-01-25 14:27:00,48.7,49.45,48.4,48.6,10650,516800,18250.0,CE
2023-01-25 14:28:00,48.95,49.6,48.85,49.4,6400,516800,18250.0,CE
2023-01-25 14:29:00,49.6,49.6,48.6,49.0,5350,516800,18250.0,CE
2023-01-25 14:30:00,48.85,49.3,47.1,47.45,10400,518250,18250.0,CE
2023-01-25 14:31:00,46.65,47.2,46.1,47.2,18350,518250,18250.0,CE
2023-01-25 14:32:00,47.0,47.55,45.9,46.15,11550,518250,18250.0,CE
2023-01-25 14:33:00,45.6,46.2,44.4,46.15,23250,524750,18250.0,CE
2023-01-25 14:34:00,45.8,46.1,45.0,45.6,9950,524750,18250.0,CE
2023-01-25 14:35:00,45.4,45.9,44.75,45.6,12550,524750,18250.0,CE
2023-01-25 14:36:00,46.1,46.3,44.7,45.2,6650,522800,18250.0,CE
2023-01-25 14:37:00,45.0,46.2,45.0,45.8,5050,522800,18250.0,CE
2023-01-25 14:38:00,46.1,46.3,45.05,45.35,6650,522800,18250.0,CE
2023-01-25 14:39:00,45.1,45.9,45.1,45.25,8900,526700,18250.0,CE
2023-01-25 14:40:00,45.05,45.7,44.2,44.45,26700,526700,18250.0,CE
2023-01-25 14:41:00,44.45,45.65,44.45,45.6,4350,526700,18250.0,CE
2023-01-25 14:42:00,45.6,46.15,44.85,44.85,10500,526650,18250.0,CE
2023-01-25 14:43:00,44.8,44.8,43.4,44.65,10850,526650,18250.0,CE
2023-01-25 14:44:00,44.65,45.4,44.65,45.15,3100,526650,18250.0,CE
2023-01-25 14:45:00,45.35,45.7,43.75,43.9,7700,531900,18250.0,CE
2023-01-25 14:46:00,43.9,44.3,43.15,43.2,7600,531900,18250.0,CE
2023-01-25 14:47:00,43.2,44.1,43.2,43.85,6350,531900,18250.0,CE
2023-01-25 14:48:00,44.0,44.95,43.85,44.4,18900,534350,18250.0,CE
2023-01-25 14:49:00,44.25,45.0,43.85,44.7,9050,534350,18250.0,CE
2023-01-25 14:50:00,44.7,46.1,44.65,45.6,31150,534350,18250.0,CE
2023-01-25 14:51:00,45.85,48.45,45.7,48.25,13750,531200,18250.0,CE
2023-01-25 14:52:00,48.1,48.1,46.8,47.4,12700,531200,18250.0,CE
2023-01-25 14:53:00,47.2,47.9,46.75,47.35,13400,531200,18250.0,CE
2023-01-25 14:54:00,47.15,48.4,47.0,48.05,7500,538200,18250.0,CE
2023-01-25 14:55:00,48.15,48.15,47.4,47.4,8350,538200,18250.0,CE
2023-01-25 14:56:00,47.35,48.0,47.35,47.95,6500,538200,18250.0,CE
2023-01-25 14:57:00,47.95,47.95,46.8,47.95,8500,541950,18250.0,CE
2023-01-25 14:58:00,47.6,48.5,47.0,47.65,5800,541950,18250.0,CE
2023-01-25 14:59:00,47.15,48.75,47.15,48.05,7350,541950,18250.0,CE
2023-01-25 15:00:00,48.2,49.3,43.75,44.25,35800,541950,18250.0,CE
2023-01-25 15:01:00,44.35,44.75,43.5,43.95,24500,550500,18250.0,CE
2023-01-25 15:02:00,43.6,44.2,43.25,43.3,9350,550500,18250.0,CE
2023-01-25 15:03:00,43.4,43.4,42.55,42.55,14700,550500,18250.0,CE
2023-01-25 15:04:00,42.9,43.4,42.5,43.0,19050,550500,18250.0,CE
2023-01-25 15:05:00,43.2,43.85,43.2,43.85,13650,550500,18250.0,CE
2023-01-25 15:06:00,44.1,44.2,43.05,43.05,26400,553650,18250.0,CE
2023-01-25 15:07:00,43.1,43.3,41.75,42.15,28150,553650,18250.0,CE
2023-01-25 15:08:00,42.1,42.1,41.1,41.5,19100,553650,18250.0,CE
2023-01-25 15:09:00,41.55,42.15,41.3,42.0,8000,558450,18250.0,CE
2023-01-25 15:10:00,42.0,43.1,41.8,43.0,9900,558450,18250.0,CE
2023-01-25 15:11:00,43.1,43.1,42.1,42.45,10800,558450,18250.0,CE
2023-01-25 15:12:00,42.45,42.8,41.15,41.4,20700,561800,18250.0,CE
2023-01-25 15:13:00,41.6,42.7,41.45,42.45,11600,561800,18250.0,CE
2023-01-25 15:14:00,42.25,42.7,42.1,42.6,21550,561800,18250.0,CE
2023-01-25 15:15:00,42.5,43.05,42.5,42.8,21350,559950,18250.0,CE
2023-01-25 15:16:00,42.7,43.0,42.6,42.7,17150,559950,18250.0,CE
2023-01-25 15:17:00,42.5,42.6,41.95,42.05,22650,559950,18250.0,CE
2023-01-25 15:18:00,42.3,42.95,42.3,42.95,15500,567500,18250.0,CE
2023-01-25 15:19:00,43.0,43.5,42.65,43.35,22500,567500,18250.0,CE
2023-01-25 15:20:00,43.2,43.45,42.2,42.65,22500,567500,18250.0,CE
2023-01-25 15:21:00,42.6,43.9,42.55,43.9,18850,570400,18250.0,CE
2023-01-25 15:22:00,43.9,44.15,42.3,42.8,27600,570400,18250.0,CE
2023-01-25 15:23:00,42.8,43.3,42.8,43.1,22050,570400,18250.0,CE
2023-01-25 15:24:00,43.2,43.2,42.8,42.95,34950,582450,18250.0,CE
2023-01-25 15:25:00,43.05,43.2,40.9,40.9,33950,582450,18250.0,CE
2023-01-25 15:26:00,40.95,41.3,40.6,40.6,26700,582450,18250.0,CE
2023-01-25 15:27:00,40.55,40.65,39.8,40.1,45450,585400,18250.0,CE
2023-01-25 15:28:00,40.2,40.85,40.2,40.6,20050,585400,18250.0,CE
2023-01-25 15:29:00,40.55,43.35,40.55,43.25,20150,585400,18250.0,CE
2023-01-25 15:30:00,41.8,41.8,41.8,41.8,550,585400,18250.0,CE
2023-01-27 09:15:00,48.0,48.0,35.6,42.7,160853,582700,18250.0,CE
2023-01-27 09:16:00,42.65,47.0,42.45,46.15,179200,582700,18250.0,CE
2023-01-27 09:17:00,45.6,45.6,41.4,44.35,246000,654100,18250.0,CE
2023-01-27 09:18:00,43.95,45.6,41.75,44.6,288450,654100,18250.0,CE
2023-01-27 09:19:00,45.4,48.85,45.2,48.45,285300,654100,18250.0,CE
2023-01-27 09:20:00,47.45,47.45,43.75,46.65,128050,729650,18250.0,CE
2023-01-27 09:21:00,46.1,49.6,45.0,47.8,103650,729650,18250.0,CE
2023-01-27 09:22:00,47.95,48.5,45.2,46.5,67850,729650,18250.0,CE
2023-01-27 09:23:00,46.45,46.7,44.0,44.0,94650,758750,18250.0,CE
2023-01-27 09:24:00,43.75,45.8,43.05,44.15,79450,758750,18250.0,CE
2023-01-27 09:25:00,43.9,43.9,40.8,41.9,171850,758750,18250.0,CE
2023-01-27 09:26:00,41.6,42.15,39.55,39.6,128350,833550,18250.0,CE
2023-01-27 09:27:00,39.45,41.2,38.35,41.15,99150,833550,18250.0,CE
2023-01-27 09:28:00,41.1,41.7,39.9,41.0,76250,833550,18250.0,CE
2023-01-27 09:29:00,41.65,42.2,40.0,40.0,69900,872550,18250.0,CE
2023-01-27 09:30:00,39.65,40.8,38.05,40.8,165000,872550,18250.0,CE
2023-01-27 09:31:00,40.65,44.05,39.3,40.85,228550,872550,18250.0,CE
2023-01-27 09:32:00,41.35,43.75,41.35,43.2,102700,885900,18250.0,CE
2023-01-27 09:33:00,43.4,43.65,40.9,40.9,59000,885900,18250.0,CE
2023-01-27 09:34:00,40.55,42.6,39.95,42.45,50200,885900,18250.0,CE
2023-01-27 09:35:00,42.05,43.1,41.3,42.4,96200,906300,18250.0,CE
2023-01-27 09:36:00,42.4,43.0,40.05,41.45,112300,906300,18250.0,CE
2023-01-27 09:37:00,41.3,43.05,40.3,43.05,89600,906300,18250.0,CE
2023-01-27 09:38:00,43.0,44.0,40.95,41.0,149500,940350,18250.0,CE
2023-01-27 09:39:00,40.8,42.6,40.55,41.3,89050,940350,18250.0,CE
2023-01-27 09:40:00,41.65,41.65,37.3,38.5,104500,940350,18250.0,CE
2023-01-27 09:41:00,38.45,39.75,37.8,38.55,66000,934100,18250.0,CE
2023-01-27 09:42:00,38.4,39.8,38.25,38.7,40900,934100,18250.0,CE
2023-01-27 09:43:00,38.55,38.9,37.1,37.9,87700,934100,18250.0,CE
2023-01-27 09:44:00,37.45,39.15,37.45,39.0,90800,946650,18250.0,CE
2023-01-27 09:45:00,38.85,40.15,38.7,39.4,89250,946650,18250.0,CE
2023-01-27 09:46:00,39.85,39.85,37.65,38.8,68200,946650,18250.0,CE
2023-01-27 09:47:00,39.1,39.25,37.8,38.6,57700,943100,18250.0,CE
2023-01-27 09:48:00,38.45,38.55,37.7,38.35,37650,943100,18250.0,CE
2023-01-27 09:49:00,38.1,39.0,37.35,37.6,70750,943100,18250.0,CE
2023-01-27 09:50:00,37.65,38.15,36.6,36.65,74100,946050,18250.0,CE
2023-01-27 09:51:00,36.45,36.75,35.35,35.55,71850,946050,18250.0,CE
2023-01-27 09:52:00,35.6,35.6,33.55,34.65,81700,946050,18250.0,CE
2023-01-27 09:53:00,34.55,34.85,33.1,33.7,47700,957150,18250.0,CE
2023-01-27 09:54:00,33.65,34.7,32.85,34.55,56350,957150,18250.0,CE
2023-01-27 09:55:00,34.8,34.95,33.4,34.0,64450,957150,18250.0,CE
2023-01-27 09:56:00,33.95,33.95,32.1,32.65,51950,947150,18250.0,CE
2023-01-27 09:57:00,32.75,33.45,32.4,33.0,76700,947150,18250.0,CE
2023-01-27 09:58:00,33.05,33.05,32.0,32.55,49700,947150,18250.0,CE
2023-01-27 09:59:00,32.55,33.5,32.3,32.85,56500,958550,18250.0,CE
2023-01-27 10:00:00,32.55,33.85,32.55,33.1,94550,958550,18250.0,CE
2023-01-27 10:01:00,32.85,32.85,30.65,30.9,105800,958550,18250.0,CE
2023-01-27 10:02:00,30.95,31.1,29.6,29.75,98700,958300,18250.0,CE
2023-01-27 10:03:00,29.75,31.2,29.2,31.1,113050,958300,18250.0,CE
2023-01-27 10:04:00,30.9,31.6,30.75,31.35,41050,958300,18250.0,CE
2023-01-27 10:05:00,31.25,31.45,30.65,31.15,75850,945400,18250.0,CE
2023-01-27 10:06:00,30.9,31.0,30.2,30.6,62650,945400,18250.0,CE
2023-01-27 10:07:00,30.7,31.05,30.2,30.9,34050,945400,18250.0,CE
2023-01-27 10:08:00,30.95,31.55,30.15,30.15,35700,958750,18250.0,CE
2023-01-27 10:09:00,30.2,30.55,28.1,28.55,110500,958750,18250.0,CE
2023-01-27 10:10:00,28.45,28.85,27.4,28.05,101000,958750,18250.0,CE
2023-01-27 10:11:00,27.7,27.75,26.7,27.05,67650,959050,18250.0,CE
2023-01-27 10:12:00,27.0,28.45,26.9,27.75,127550,959050,18250.0,CE
2023-01-27 10:13:00,27.95,28.2,27.45,27.7,42000,959050,18250.0,CE
2023-01-27 10:14:00,27.5,28.0,27.15,28.0,70100,954150,18250.0,CE
2023-01-27 10:15:00,27.9,28.3,27.4,28.2,34900,954150,18250.0,CE
2023-01-27 10:16:00,28.15,28.3,27.5,28.05,34300,954150,18250.0,CE
2023-01-27 10:17:00,27.8,27.85,26.9,26.9,42600,962850,18250.0,CE
2023-01-27 10:18:00,26.75,27.55,26.75,27.4,42050,962850,18250.0,CE
2023-01-27 10:19:00,27.4,27.5,27.15,27.2,31150,962850,18250.0,CE
2023-01-27 10:20:00,27.15,27.25,25.75,26.15,64300,955450,18250.0,CE
2023-01-27 10:21:00,25.95,26.9,25.95,26.7,59100,955450,18250.0,CE
2023-01-27 10:22:00,26.7,26.9,26.55,26.85,40000,955450,18250.0,CE
2023-01-27 10:23:00,26.75,29.45,26.75,28.3,205150,974850,18250.0,CE
2023-01-27 10:24:00,28.3,30.2,27.95,30.2,116100,974850,18250.0,CE
2023-01-27 10:25:00,30.05,32.75,29.95,30.05,198750,974850,18250.0,CE
2023-01-27 10:26:00,30.1,30.2,27.85,28.95,124000,998700,18250.0,CE
2023-01-27 10:27:00,28.9,29.55,28.5,28.8,80350,998700,18250.0,CE
2023-01-27 10:28:00,28.8,28.9,27.5,27.55,97550,998700,18250.0,CE
2023-01-27 10:29:00,27.5,28.7,27.5,28.7,79150,1002200,18250.0,CE
2023-01-27 10:30:00,28.7,28.85,26.9,27.3,98600,1002200,18250.0,CE
2023-01-27 10:31:00,27.35,28.75,27.35,27.9,75200,1002200,18250.0,CE
2023-01-27 10:32:00,28.0,28.8,27.4,28.3,53050,1021550,18250.0,CE
2023-01-27 10:33:00,28.5,30.4,28.45,29.65,74500,1021550,18250.0,CE
2023-01-27 10:34:00,30.2,31.05,29.0,29.2,63700,1021550,18250.0,CE
2023-01-27 10:35:00,29.3,31.35,29.05,31.0,68150,1056900,18250.0,CE
2023-01-27 10:36:00,30.95,32.3,30.5,31.9,99050,1056900,18250.0,CE
2023-01-27 10:37:00,31.65,32.25,31.0,31.8,58600,1056900,18250.0,CE
2023-01-27 10:38:00,31.85,33.65,31.0,33.25,77850,1068900,18250.0,CE
2023-01-27 10:39:00,33.25,34.85,32.65,34.6,128550,1068900,18250.0,CE
2023-01-27 10:40:00,34.55,36.35,34.0,34.15,177350,1068900,18250.0,CE
2023-01-27 10:41:00,34.1,35.75,30.75,31.7,150600,1071350,18250.0,CE
2023-01-27 10:42:00,31.5,31.9,29.6,31.2,166350,1071350,18250.0,CE
2023-01-27 10:43:00,31.25,32.0,30.45,30.75,83400,1071350,18250.0,CE
2023-01-27 10:44:00,30.9,31.0,29.1,29.1,135550,1055950,18250.0,CE
2023-01-27 10:45:00,29.2,30.0,28.7,29.1,106250,1055950,18250.0,CE
2023-01-27 10:46:00,28.85,30.0,28.8,29.25,96450,1055950,18250.0,CE
2023-01-27 10:47:00,29.0,29.25,28.4,28.5,74400,1114800,18250.0,CE
2023-01-27 10:48:00,28.1,29.15,27.35,28.3,93100,1114800,18250.0,CE
2023-01-27 10:49:00,28.25,28.6,27.65,27.85,54900,1114800,18250.0,CE
2023-01-27 10:50:00,27.7,28.4,27.1,27.6,79350,1120600,18250.0,CE
2023-01-27 10:51:00,27.3,27.75,26.85,27.35,60100,1120600,18250.0,CE
2023-01-27 10:52:00,27.25,28.1,27.25,28.1,49350,1120600,18250.0,CE
2023-01-27 10:53:00,28.0,28.9,27.9,28.55,76100,1121300,18250.0,CE
2023-01-27 10:54:00,28.35,28.55,27.7,27.7,27150,1121300,18250.0,CE
2023-01-27 10:55:00,27.65,28.1,27.2,27.4,36550,1121300,18250.0,CE
2023-01-27 10:56:00,27.45,28.65,27.25,28.6,38950,1132800,18250.0,CE
2023-01-27 10:57:00,28.5,28.6,27.2,27.55,27300,1132800,18250.0,CE
2023-01-27 10:58:00,27.55,27.65,26.9,27.55,50800,1132800,18250.0,CE
2023-01-27 10:59:00,27.5,27.65,27.05,27.6,34350,1139900,18250.0,CE
2023-01-27 11:00:00,27.35,27.5,26.3,27.5,62600,1139900,18250.0,CE
2023-01-27 11:01:00,27.3,27.6,26.65,26.65,79950,1139900,18250.0,CE
2023-01-27 11:02:00,26.85,26.85,26.05,26.2,62700,1173900,18250.0,CE
2023-01-27 11:03:00,26.0,26.15,25.2,25.75,62000,1173900,18250.0,CE
2023-01-27 11:04:00,25.65,26.55,25.55,25.85,30450,1173900,18250.0,CE
2023-01-27 11:05:00,25.75,26.6,25.65,26.35,39500,1183800,18250.0,CE
2023-01-27 11:06:00,26.45,26.7,26.25,26.25,31700,1183800,18250.0,CE
2023-01-27 11:07:00,26.25,26.55,25.75,25.95,42200,1183800,18250.0,CE
2023-01-27 11:08:00,25.85,27.0,25.65,26.6,42550,1214400,18250.0,CE
2023-01-27 11:09:00,26.6,26.7,25.55,25.55,55950,1214400,18250.0,CE
2023-01-27 11:10:00,25.55,26.5,25.0,25.95,43800,1214400,18250.0,CE
2023-01-27 11:11:00,25.9,26.25,25.45,26.25,25600,1224050,18250.0,CE
2023-01-27 11:12:00,26.25,26.3,25.9,26.05,12900,1224050,18250.0,CE
2023-01-27 11:13:00,26.05,26.15,25.5,25.55,12650,1224050,18250.0,CE
2023-01-27 11:14:00,25.7,25.7,24.65,24.65,31050,1225250,18250.0,CE
2023-01-27 11:15:00,24.65,25.75,24.65,25.75,32100,1225250,18250.0,CE
2023-01-27 11:16:00,25.7,26.3,25.3,25.3,33900,1225250,18250.0,CE
2023-01-27 11:17:00,25.3,26.3,25.3,26.15,29350,1225250,18250.0,CE
2023-01-27 11:18:00,26.2,26.35,25.5,25.6,23500,1225250,18250.0,CE
2023-01-27 11:19:00,25.65,26.1,25.5,25.5,23400,1225250,18250.0,CE
2023-01-27 11:20:00,25.55,25.55,24.95,25.05,18450,1232500,18250.0,CE
2023-01-27 11:21:00,25.15,25.45,24.85,25.25,20100,1232500,18250.0,CE
2023-01-27 11:22:00,25.2,25.8,25.2,25.5,20000,1232500,18250.0,CE
2023-01-27 11:23:00,25.5,25.55,25.1,25.35,7100,1243200,18250.0,CE
2023-01-27 11:24:00,25.4,25.7,25.3,25.3,12550,1243200,18250.0,CE
2023-01-27 11:25:00,25.15,25.75,24.8,24.8,23750,1243200,18250.0,CE
2023-01-27 11:26:00,24.8,24.8,23.9,24.5,60000,1246600,18250.0,CE
2023-01-27 11:27:00,24.5,24.6,24.05,24.1,28350,1246600,18250.0,CE
2023-01-27 11:28:00,24.25,24.6,24.1,24.6,28850,1246600,18250.0,CE
2023-01-27 11:29:00,24.6,24.6,22.5,22.75,54650,1258100,18250.0,CE
2023-01-27 11:30:00,22.8,23.25,22.05,23.1,94000,1258100,18250.0,CE
2023-01-27 11:31:00,23.15,23.7,23.15,23.65,32200,1258100,18250.0,CE
2023-01-27 11:32:00,23.6,23.85,23.25,23.45,27350,1261450,18250.0,CE
2023-01-27 11:33:00,23.45,23.95,23.45,23.85,30850,1261450,18250.0,CE
2023-01-27 11:34:00,23.85,24.0,23.75,23.95,8000,1261450,18250.0,CE
2023-01-27 11:35:00,24.0,24.6,23.85,24.55,25250,1255650,18250.0,CE
2023-01-27 11:36:00,24.35,24.55,23.4,23.75,33100,1255650,18250.0,CE
2023-01-27 11:37:00,23.75,24.2,23.7,24.1,30450,1255650,18250.0,CE
2023-01-27 11:38:00,24.0,24.4,23.95,24.0,24750,1259900,18250.0,CE
2023-01-27 11:39:00,24.0,24.1,23.65,23.7,24750,1259900,18250.0,CE
2023-01-27 11:40:00,23.65,23.7,23.15,23.5,35600,1259900,18250.0,CE
2023-01-27 11:41:00,23.45,23.75,23.15,23.15,32100,1260200,18250.0,CE
2023-01-27 11:42:00,23.15,23.4,22.5,23.1,55400,1260200,18250.0,CE
2023-01-27 11:43:00,23.25,24.05,23.1,23.95,64900,1260200,18250.0,CE
2023-01-27 11:44:00,23.85,24.45,23.75,24.0,54550,1251050,18250.0,CE
2023-01-27 11:45:00,24.0,24.05,23.6,23.8,33150,1251050,18250.0,CE
2023-01-27 11:46:00,23.9,24.1,23.7,23.75,20050,1251050,18250.0,CE
2023-01-27 11:47:00,23.85,23.9,23.4,23.7,34050,1255300,18250.0,CE
2023-01-27 11:48:00,23.65,23.9,23.2,23.85,47050,1255300,18250.0,CE
2023-01-27 11:49:00,23.8,23.85,23.0,23.15,57150,1255300,18250.0,CE
2023-01-27 11:50:00,23.2,23.7,23.1,23.55,57800,1283300,18250.0,CE
2023-01-27 11:51:00,23.5,24.05,23.45,23.95,28250,1283300,18250.0,CE
2023-01-27 11:52:00,24.0,24.0,23.45,23.6,21950,1283300,18250.0,CE
2023-01-27 11:53:00,23.6,23.9,23.2,23.35,19250,1295700,18250.0,CE
2023-01-27 11:54:00,23.25,23.25,23.0,23.15,19150,1295700,18250.0,CE
2023-01-27 11:55:00,23.05,23.15,22.65,22.75,35900,1295700,18250.0,CE
2023-01-27 11:56:00,22.7,22.9,22.05,22.45,54350,1313950,18250.0,CE
2023-01-27 11:57:00,22.4,22.6,22.15,22.35,40350,1313950,18250.0,CE
2023-01-27 11:58:00,22.3,22.5,22.05,22.4,33150,1313950,18250.0,CE
2023-01-27 11:59:00,22.45,23.5,22.25,23.45,156050,1313150,18250.0,CE
2023-01-27 12:00:00,23.3,23.35,22.45,22.45,87950,1313150,18250.0,CE
2023-01-27 12:01:00,22.45,22.45,21.85,22.1,101750,1313150,18250.0,CE
2023-01-27 12:02:00,22.1,23.05,22.05,23.0,87750,1297900,18250.0,CE
2023-01-27 12:03:00,22.85,23.2,22.65,23.15,60000,1297900,18250.0,CE
2023-01-27 12:04:00,23.05,23.4,22.9,23.35,34100,1297900,18250.0,CE
2023-01-27 12:05:00,23.2,23.25,22.7,22.8,43950,1297500,18250.0,CE
2023-01-27 12:06:00,22.65,22.95,22.3,22.65,37150,1297500,18250.0,CE
2023-01-27 12:07:00,22.5,22.65,21.75,21.8,46150,1297500,18250.0,CE
2023-01-27 12:08:00,21.7,21.7,20.95,21.15,74150,1310100,18250.0,CE
2023-01-27 12:09:00,21.1,21.95,21.0,21.8,67600,1310100,18250.0,CE
2023-01-27 12:10:00,21.75,22.0,21.4,21.95,60000,1310100,18250.0,CE
2023-01-27 12:11:00,21.9,21.9,21.5,21.6,51000,1311650,18250.0,CE
2023-01-27 12:12:00,21.65,21.65,21.25,21.45,50700,1311650,18250.0,CE
2023-01-27 12:13:00,21.45,21.5,20.65,20.65,58700,1311650,18250.0,CE
2023-01-27 12:14:00,20.65,21.3,20.65,21.2,91500,1321450,18250.0,CE
2023-01-27 12:15:00,21.1,21.3,21.0,21.15,73450,1321450,18250.0,CE
2023-01-27 12:16:00,21.1,21.2,20.7,20.7,53350,1321450,18250.0,CE
2023-01-27 12:17:00,20.7,20.95,20.25,20.65,72850,1320600,18250.0,CE
2023-01-27 12:18:00,20.55,21.25,20.45,21.25,70300,1320600,18250.0,CE
2023-01-27 12:19:00,21.2,21.5,20.9,21.15,59500,1320600,18250.0,CE
2023-01-27 12:20:00,21.0,21.15,20.7,20.95,91600,1329600,18250.0,CE
2023-01-27 12:21:00,20.85,21.7,20.85,21.55,100300,1329600,18250.0,CE
2023-01-27 12:22:00,21.4,21.4,21.0,21.3,65200,1329600,18250.0,CE
2023-01-27 12:23:00,21.25,21.35,21.1,21.25,44350,1349200,18250.0,CE
2023-01-27 12:24:00,21.2,21.2,20.8,20.8,34250,1349200,18250.0,CE
2023-01-27 12:25:00,20.95,21.45,20.55,21.45,106650,1349200,18250.0,CE
2023-01-27 12:26:00,21.4,21.5,21.1,21.4,36950,1343600,18250.0,CE
2023-01-27 12:27:00,21.4,21.4,20.85,21.0,187700,1343600,18250.0,CE
2023-01-27 12:28:00,21.2,21.2,20.9,21.05,77050,1343600,18250.0,CE
2023-01-27 12:29:00,20.95,21.35,20.9,21.05,59550,1355400,18250.0,CE
2023-01-27 12:30:00,20.95,21.4,20.8,21.3,106200,1355400,18250.0,CE
2023-01-27 12:31:00,21.3,21.8,21.25,21.7,104800,1355400,18250.0,CE
2023-01-27 12:32:00,21.7,21.8,21.05,21.2,64600,1349600,18250.0,CE
2023-01-27 12:33:00,21.15,21.4,20.75,21.15,83600,1349600,18250.0,CE
2023-01-27 12:34:00,21.35,21.35,20.75,21.0,48450,1349600,18250.0,CE
2023-01-27 12:35:00,21.05,21.55,20.8,21.25,53350,1357900,18250.0,CE
2023-01-27 12:36:00,21.2,21.4,20.55,20.55,94050,1357900,18250.0,CE
2023-01-27 12:37:00,20.55,20.55,19.25,19.45,125250,1357900,18250.0,CE
2023-01-27 12:38:00,19.3,20.05,19.3,19.7,144800,1320100,18250.0,CE
2023-01-27 12:39:00,19.65,19.95,19.5,19.8,62800,1320100,18250.0,CE
2023-01-27 12:40:00,19.7,20.1,19.6,20.1,52350,1320100,18250.0,CE
2023-01-27 12:41:00,20.05,20.3,20.0,20.15,54000,1317300,18250.0,CE
2023-01-27 12:42:00,20.1,20.25,19.95,20.1,74800,1317300,18250.0,CE
2023-01-27 12:43:00,20.05,20.65,20.0,20.2,104000,1317300,18250.0,CE
2023-01-27 12:44:00,20.25,20.65,20.15,20.35,91850,1318700,18250.0,CE
2023-01-27 12:45:00,20.3,20.65,19.85,19.9,75900,1318700,18250.0,CE
2023-01-27 12:46:00,19.75,20.1,19.5,19.5,110250,1318700,18250.0,CE
2023-01-27 12:47:00,19.6,19.8,19.3,19.8,69900,1314050,18250.0,CE
2023-01-27 12:48:00,19.6,19.7,19.15,19.35,133650,1314050,18250.0,CE
2023-01-27 12:49:00,19.4,19.6,19.1,19.15,78750,1314050,18250.0,CE
2023-01-27 12:50:00,19.2,19.85,19.1,19.85,103050,1292600,18250.0,CE
2023-01-27 12:51:00,19.75,19.95,19.25,19.4,68300,1292600,18250.0,CE
2023-01-27 12:52:00,19.4,19.65,19.3,19.55,47550,1292600,18250.0,CE
2023-01-27 12:53:00,19.6,19.6,19.3,19.45,67400,1326050,18250.0,CE
2023-01-27 12:54:00,19.45,19.55,19.0,19.0,36100,1326050,18250.0,CE
2023-01-27 12:55:00,19.1,19.4,18.65,19.3,92850,1326050,18250.0,CE
2023-01-27 12:56:00,19.2,19.3,19.0,19.25,72800,1368500,18250.0,CE
2023-01-27 12:57:00,19.25,19.4,19.05,19.15,64100,1368500,18250.0,CE
2023-01-27 12:58:00,19.05,19.35,19.05,19.2,110150,1368500,18250.0,CE
2023-01-27 12:59:00,19.2,19.3,19.0,19.15,43100,1415600,18250.0,CE
2023-01-27 13:00:00,19.25,20.05,19.15,20.0,127800,1415600,18250.0,CE
2023-01-27 13:01:00,20.0,20.15,19.8,19.8,82200,1415600,18250.0,CE
2023-01-27 13:02:00,19.8,19.95,19.6,19.7,84600,1443600,18250.0,CE
2023-01-27 13:03:00,19.75,20.1,19.7,20.05,60600,1443600,18250.0,CE
2023-01-27 13:04:00,19.7,19.9,19.7,19.9,60350,1443600,18250.0,CE
2023-01-27 13:05:00,19.9,20.2,19.9,20.05,57850,1437350,18250.0,CE
2023-01-27 13:06:00,20.15,20.3,19.7,20.15,66800,1437350,18250.0,CE
2023-01-27 13:07:00,20.25,20.3,19.75,20.1,86250,1437350,18250.0,CE
2023-01-27 13:08:00,20.05,20.2,19.85,19.85,54700,1440550,18250.0,CE
2023-01-27 13:09:00,19.85,19.95,18.4,18.8,74350,1440550,18250.0,CE
2023-01-27 13:10:00,18.7,18.9,18.4,18.65,55100,1440550,18250.0,CE
2023-01-27 13:11:00,18.6,18.75,18.15,18.4,56400,1435400,18250.0,CE
2023-01-27 13:12:00,18.3,18.8,18.3,18.55,57250,1435400,18250.0,CE
2023-01-27 13:13:00,18.6,18.6,18.0,18.1,50500,1435400,18250.0,CE
2023-01-27 13:14:00,18.1,18.4,18.0,18.25,32300,1439850,18250.0,CE
2023-01-27 13:15:00,18.2,18.25,17.15,17.2,67750,1439850,18250.0,CE
2023-01-27 13:16:00,17.15,17.3,16.2,16.25,59900,1439850,18250.0,CE
2023-01-27 13:17:00,16.1,16.85,16.05,16.8,77100,1425450,18250.0,CE
2023-01-27 13:18:00,16.8,16.8,16.3,16.6,44350,1425450,18250.0,CE
2023-01-27 13:19:00,16.65,16.65,16.0,16.0,53150,1425450,18250.0,CE
2023-01-27 13:20:00,15.95,16.8,15.9,16.7,68600,1434650,18250.0,CE
2023-01-27 13:21:00,16.75,16.9,16.3,16.8,126200,1434650,18250.0,CE
2023-01-27 13:22:00,16.9,17.15,16.7,17.1,88700,1434650,18250.0,CE
2023-01-27 13:23:00,17.1,17.6,17.05,17.6,104750,1450650,18250.0,CE
2023-01-27 13:24:00,17.6,19.2,17.6,19.0,151000,1450650,18250.0,CE
2023-01-27 13:25:00,18.95,19.2,17.8,18.1,83850,1450650,18250.0,CE
2023-01-27 13:26:00,18.2,18.2,17.65,17.75,53150,1469950,18250.0,CE
2023-01-27 13:27:00,17.8,17.85,17.0,17.55,72550,1469950,18250.0,CE
2023-01-27 13:28:00,17.5,17.5,16.65,17.3,64000,1469950,18250.0,CE
2023-01-27 13:29:00,17.2,17.35,16.8,17.0,125950,1456300,18250.0,CE
2023-01-27 13:30:00,16.85,17.4,16.85,16.95,56950,1456300,18250.0,CE
2023-01-27 13:31:00,17.1,17.35,16.75,17.0,111550,1456300,18250.0,CE
2023-01-27 13:32:00,16.9,17.3,16.85,17.0,51800,1468050,18250.0,CE
2023-01-27 13:33:00,16.95,17.35,16.95,17.05,111500,1468050,18250.0,CE
2023-01-27 13:34:00,17.05,17.1,16.2,16.2,87350,1468050,18250.0,CE
2023-01-27 13:35:00,16.1,16.75,16.1,16.75,75700,1455400,18250.0,CE
2023-01-27 13:36:00,16.7,16.85,16.4,16.6,41750,1455400,18250.0,CE
2023-01-27 13:37:00,16.6,16.75,16.4,16.45,33800,1455400,18250.0,CE
2023-01-27 13:38:00,16.4,16.65,16.35,16.55,69650,1443300,18250.0,CE
2023-01-27 13:39:00,16.5,17.2,16.5,17.0,49550,1443300,18250.0,CE
2023-01-27 13:40:00,17.15,17.15,16.7,17.15,78650,1443300,18250.0,CE
2023-01-27 13:41:00,17.0,17.3,16.6,16.65,40050,1438250,18250.0,CE
2023-01-27 13:42:00,16.6,17.05,16.6,16.95,21700,1438250,18250.0,CE
2023-01-27 13:43:00,16.8,17.05,16.75,16.85,30250,1438250,18250.0,CE
2023-01-27 13:44:00,16.9,17.0,16.5,16.9,30800,1444950,18250.0,CE
2023-01-27 13:45:00,16.9,17.2,16.65,17.05,78100,1444950,18250.0,CE
2023-01-27 13:46:00,17.0,17.0,16.55,16.7,39600,1444950,18250.0,CE
2023-01-27 13:47:00,16.65,16.65,15.85,16.2,45650,1444950,18250.0,CE
2023-01-27 13:48:00,16.25,16.5,16.25,16.35,66850,1447250,18250.0,CE
2023-01-27 13:49:00,16.25,16.3,16.0,16.2,36900,1447250,18250.0,CE
2023-01-27 13:50:00,16.05,16.1,15.1,15.3,97450,1453300,18250.0,CE
2023-01-27 13:51:00,15.3,15.6,15.15,15.35,80250,1453300,18250.0,CE
2023-01-27 13:52:00,15.45,15.6,15.25,15.55,40700,1453300,18250.0,CE
2023-01-27 13:53:00,15.45,15.5,14.9,14.9,80350,1453300,18250.0,CE
2023-01-27 13:54:00,14.9,15.6,14.8,15.6,86600,1447600,18250.0,CE
2023-01-27 13:55:00,15.5,16.2,15.5,16.2,51450,1447600,18250.0,CE
2023-01-27 13:56:00,16.1,16.15,15.4,15.6,24750,1447600,18250.0,CE
2023-01-27 13:57:00,15.6,15.75,15.35,15.75,30850,1448150,18250.0,CE
2023-01-27 13:58:00,15.65,15.7,15.5,15.5,16600,1448150,18250.0,CE
2023-01-27 13:59:00,15.7,15.9,15.6,15.8,17300,1448150,18250.0,CE
2023-01-27 14:00:00,15.85,16.1,15.85,16.0,27750,1445450,18250.0,CE
2023-01-27 14:01:00,15.85,16.1,15.55,16.1,46750,1445450,18250.0,CE
2023-01-27 14:02:00,16.05,16.05,15.8,15.95,23600,1445450,18250.0,CE
2023-01-27 14:03:00,16.0,16.3,15.95,16.1,20450,1470950,18250.0,CE
2023-01-27 14:04:00,16.1,16.2,15.95,16.1,10050,1470950,18250.0,CE
2023-01-27 14:05:00,16.1,16.6,16.05,16.05,29150,1470950,18250.0,CE
2023-01-27 14:06:00,16.05,16.25,15.75,15.8,22450,1471350,18250.0,CE
2023-01-27 14:07:00,15.7,15.85,15.5,15.7,19000,1471350,18250.0,CE
2023-01-27 14:08:00,15.75,15.75,15.15,15.55,17650,1471350,18250.0,CE
2023-01-27 14:09:00,15.45,15.55,14.75,15.3,43850,1485900,18250.0,CE
2023-01-27 14:10:00,15.45,15.6,14.65,15.2,30650,1485900,18250.0,CE
2023-01-27 14:11:00,15.05,15.7,15.05,15.5,29650,1485900,18250.0,CE
2023-01-27 14:12:00,15.4,15.7,15.15,15.45,22350,1486350,18250.0,CE
2023-01-27 14:13:00,15.45,15.45,15.05,15.05,18250,1486350,18250.0,CE
2023-01-27 14:14:00,15.2,15.2,14.6,14.9,28850,1486350,18250.0,CE
2023-01-27 14:15:00,14.9,15.1,14.75,14.9,19300,1506300,18250.0,CE
2023-01-27 14:16:00,14.9,15.0,14.6,14.8,21600,1506300,18250.0,CE
2023-01-27 14:17:00,14.75,14.8,14.55,14.8,15650,1506300,18250.0,CE
2023-01-27 14:18:00,14.8,14.95,14.65,14.85,20550,1508800,18250.0,CE
2023-01-27 14:19:00,14.85,14.85,14.4,14.5,29450,1508800,18250.0,CE
2023-01-27 14:20:00,14.6,14.6,14.2,14.25,10600,1508800,18250.0,CE
2023-01-27 14:21:00,14.35,14.45,14.25,14.4,28600,1508850,18250.0,CE
2023-01-27 14:22:00,14.3,14.4,13.75,13.75,37400,1508850,18250.0,CE
2023-01-27 14:23:00,13.7,13.95,13.7,13.75,28950,1508850,18250.0,CE
2023-01-27 14:24:00,13.8,13.85,13.45,13.6,40950,1504700,18250.0,CE
2023-01-27 14:25:00,13.65,14.3,13.6,14.3,78100,1504700,18250.0,CE
2023-01-27 14:26:00,14.2,14.5,14.1,14.3,31300,1504700,18250.0,CE
2023-01-27 14:27:00,14.1,14.2,13.85,13.85,27550,1551350,18250.0,CE
2023-01-27 14:28:00,13.8,14.35,13.8,14.35,21650,1551350,18250.0,CE
2023-01-27 14:29:00,14.45,14.45,14.0,14.0,48300,1551350,18250.0,CE
2023-01-27 14:30:00,14.2,15.2,13.7,15.0,58750,1520350,18250.0,CE
2023-01-27 14:31:00,14.9,15.45,14.9,15.3,37300,1520350,18250.0,CE
2023-01-27 14:32:00,15.2,15.3,14.95,15.0,29550,1520350,18250.0,CE
2023-01-27 14:33:00,15.1,15.25,14.9,14.95,19600,1555200,18250.0,CE
2023-01-27 14:34:00,14.95,15.5,14.9,15.2,25150,1555200,18250.0,CE
2023-01-27 14:35:00,15.1,15.1,14.25,14.5,27600,1555200,18250.0,CE
2023-01-27 14:36:00,14.5,14.6,14.3,14.3,28550,1553650,18250.0,CE
2023-01-27 14:37:00,14.25,14.4,14.1,14.4,52400,1553650,18250.0,CE
2023-01-27 14:38:00,14.35,14.65,14.25,14.5,44000,1553650,18250.0,CE
2023-01-27 14:39:00,14.45,14.7,14.15,14.6,28150,1538350,18250.0,CE
2023-01-27 14:40:00,14.45,14.65,14.3,14.65,24450,1538350,18250.0,CE
2023-01-27 14:41:00,14.4,14.8,14.4,14.6,13450,1538350,18250.0,CE
2023-01-27 14:42:00,14.6,14.75,14.5,14.55,18050,1540050,18250.0,CE
2023-01-27 14:43:00,14.6,14.75,14.3,14.3,20600,1540050,18250.0,CE
2023-01-27 14:44:00,14.55,14.8,14.45,14.65,16000,1540050,18250.0,CE
2023-01-27 14:45:00,14.6,14.8,14.45,14.6,31200,1543400,18250.0,CE
2023-01-27 14:46:00,14.75,15.25,14.75,15.15,35600,1543400,18250.0,CE
2023-01-27 14:47:00,15.2,15.45,15.15,15.3,55500,1543400,18250.0,CE
2023-01-27 14:48:00,15.3,15.55,14.9,15.2,54350,1564200,18250.0,CE
2023-01-27 14:49:00,15.3,15.4,15.2,15.2,19100,1564200,18250.0,CE
2023-01-27 14:50:00,15.1,15.45,15.1,15.25,31550,1564200,18250.0,CE
2023-01-27 14:51:00,15.15,15.4,15.0,15.35,25650,1563600,18250.0,CE
2023-01-27 14:52:00,15.25,15.55,15.25,15.55,29050,1563600,18250.0,CE
2023-01-27 14:53:00,15.4,15.55,15.05,15.55,31250,1563600,18250.0,CE
2023-01-27 14:54:00,15.55,16.0,15.4,16.0,83600,1560050,18250.0,CE
2023-01-27 14:55:00,15.9,16.65,15.9,16.1,58750,1560050,18250.0,CE
2023-01-27 14:56:00,16.15,16.3,15.35,15.7,43000,1560050,18250.0,CE
2023-01-27 14:57:00,15.8,15.8,15.1,15.1,24350,1541700,18250.0,CE
2023-01-27 14:58:00,15.2,15.5,15.0,15.15,12050,1541700,18250.0,CE
2023-01-27 14:59:00,15.3,15.75,15.25,15.55,16850,1541700,18250.0,CE
2023-01-27 15:00:00,15.55,16.65,15.55,16.6,75150,1540500,18250.0,CE
2023-01-27 15:01:00,16.7,17.0,16.4,16.4,74850,1540500,18250.0,CE
2023-01-27 15:02:00,16.35,16.35,15.35,15.8,77650,1540500,18250.0,CE
2023-01-27 15:03:00,15.7,15.9,15.45,15.8,36100,1551950,18250.0,CE
2023-01-27 15:04:00,15.85,16.05,15.65,15.85,39300,1551950,18250.0,CE
2023-01-27 15:05:00,15.95,16.35,15.8,15.95,48550,1551950,18250.0,CE
2023-01-27 15:06:00,16.2,16.2,15.7,16.0,34200,1527100,18250.0,CE
2023-01-27 15:07:00,16.05,16.8,16.0,16.5,87700,1527100,18250.0,CE
2023-01-27 15:08:00,16.55,16.75,15.9,16.0,60050,1527100,18250.0,CE
2023-01-27 15:09:00,16.0,16.65,16.0,16.5,48650,1499550,18250.0,CE
2023-01-27 15:10:00,16.45,16.75,15.9,16.15,64150,1499550,18250.0,CE
2023-01-27 15:11:00,16.15,16.6,16.1,16.45,28650,1499550,18250.0,CE
2023-01-27 15:12:00,16.45,16.5,16.05,16.3,17550,1507750,18250.0,CE
2023-01-27 15:13:00,16.25,16.3,15.95,16.25,51700,1507750,18250.0,CE
2023-01-27 15:14:00,16.1,16.3,16.05,16.3,71550,1507750,18250.0,CE
2023-01-27 15:15:00,16.25,16.4,15.9,16.25,76350,1475100,18250.0,CE
2023-01-27 15:16:00,16.3,16.35,15.95,16.05,45050,1475100,18250.0,CE
2023-01-27 15:17:00,16.0,16.0,15.45,15.6,63050,1475100,18250.0,CE
2023-01-27 15:18:00,15.6,15.9,15.55,15.85,31000,1466850,18250.0,CE
2023-01-27 15:19:00,15.95,16.5,15.95,16.45,54050,1466850,18250.0,CE
2023-01-27 15:20:00,16.5,17.3,16.45,17.2,98450,1466850,18250.0,CE
2023-01-27 15:21:00,17.25,17.45,16.9,17.4,53600,1403350,18250.0,CE
2023-01-27 15:22:00,17.45,17.5,16.8,17.2,64400,1403350,18250.0,CE
2023-01-27 15:23:00,17.3,17.7,17.3,17.6,75650,1403350,18250.0,CE
2023-01-27 15:24:00,17.65,17.65,17.2,17.4,70150,1378600,18250.0,CE
2023-01-27 15:25:00,17.45,17.7,16.3,16.6,114750,1378600,18250.0,CE
2023-01-27 15:26:00,16.7,17.3,16.7,17.3,38400,1378600,18250.0,CE
2023-01-27 15:27:00,17.2,18.05,17.15,18.0,50400,1342300,18250.0,CE
2023-01-27 15:28:00,18.15,18.5,18.1,18.2,43500,1342300,18250.0,CE
2023-01-27 15:29:00,18.3,18.9,18.0,18.35,63950,1342300,18250.0,CE
2023-01-27 15:30:00,18.35,18.35,18.35,18.35,550,1342300,18250.0,CE
2023-01-30 09:15:00,13.0,18.35,11.0,11.0,156303,1319100,18250.0,CE
2023-01-30 09:16:00,11.3,13.85,10.7,13.35,170100,1319100,18250.0,CE
2023-01-30 09:17:00,13.35,13.45,12.9,13.3,172750,1363550,18250.0,CE
2023-01-30 09:18:00,13.35,13.7,13.05,13.6,144150,1363550,18250.0,CE
2023-01-30 09:19:00,13.65,13.65,12.9,12.9,123800,1363550,18250.0,CE
2023-01-30 09:20:00,13.0,19.35,13.0,19.35,416200,1368400,18250.0,CE
2023-01-30 09:21:00,19.45,20.3,14.8,17.65,344350,1368400,18250.0,CE
2023-01-30 09:22:00,18.2,19.85,17.85,19.15,248150,1368400,18250.0,CE
2023-01-30 09:23:00,19.35,21.25,19.35,21.0,206400,1361500,18250.0,CE
2023-01-30 09:24:00,20.95,23.95,20.2,23.35,178700,1361500,18250.0,CE
2023-01-30 09:25:00,23.25,27.45,22.0,26.25,139550,1361500,18250.0,CE
2023-01-30 09:26:00,26.5,27.3,24.15,25.4,119600,1365900,18250.0,CE
2023-01-30 09:27:00,25.5,26.95,23.3,26.6,112300,1365900,18250.0,CE
2023-01-30 09:28:00,26.9,26.95,24.35,24.35,86700,1365900,18250.0,CE
2023-01-30 09:29:00,24.75,26.0,24.65,25.5,77800,1390000,18250.0,CE
2023-01-30 09:30:00,25.2,26.15,25.0,25.65,95800,1390000,18250.0,CE
2023-01-30 09:31:00,25.3,26.25,25.2,26.1,104350,1390000,18250.0,CE
2023-01-30 09:32:00,26.1,26.15,21.15,23.6,133650,1414000,18250.0,CE
2023-01-30 09:33:00,23.65,24.85,23.35,24.75,90100,1414000,18250.0,CE
2023-01-30 09:34:00,25.1,25.75,24.6,25.3,79500,1414000,18250.0,CE
2023-01-30 09:35:00,25.0,25.4,23.8,24.25,57400,1401500,18250.0,CE
2023-01-30 09:36:00,24.0,24.55,21.15,22.3,74500,1401500,18250.0,CE
2023-01-30 09:37:00,22.4,22.55,21.05,22.55,84550,1401500,18250.0,CE
2023-01-30 09:38:00,22.6,23.05,21.4,22.0,63350,1411950,18250.0,CE
2023-01-30 09:39:00,21.7,22.05,17.55,17.55,93300,1411950,18250.0,CE
2023-01-30 09:40:00,16.85,17.45,15.25,15.75,222050,1411950,18250.0,CE
2023-01-30 09:41:00,15.85,18.05,15.35,17.65,112300,1389750,18250.0,CE
2023-01-30 09:42:00,17.4,17.9,15.45,17.6,154200,1389750,18250.0,CE
2023-01-30 09:43:00,17.45,18.15,16.9,18.1,101000,1389750,18250.0,CE
2023-01-30 09:44:00,18.2,19.05,17.9,18.6,112350,1393100,18250.0,CE
2023-01-30 09:45:00,18.3,18.6,16.55,17.1,77700,1393100,18250.0,CE
2023-01-30 09:46:00,17.2,18.0,16.55,17.3,61950,1393100,18250.0,CE
2023-01-30 09:47:00,17.45,17.65,16.3,16.75,83050,1407600,18250.0,CE
2023-01-30 09:48:00,16.75,17.75,16.55,17.45,102950,1407600,18250.0,CE
2023-01-30 09:49:00,17.7,18.1,17.2,17.65,35850,1407600,18250.0,CE
2023-01-30 09:50:00,17.4,17.9,17.05,17.5,40550,1408900,18250.0,CE
2023-01-30 09:51:00,17.3,17.65,17.05,17.25,20100,1408900,18250.0,CE
2023-01-30 09:52:00,17.2,17.35,16.25,16.6,35900,1408900,18250.0,CE
2023-01-30 09:53:00,16.9,17.2,16.4,16.9,37400,1406150,18250.0,CE
2023-01-30 09:54:00,17.0,17.05,16.6,17.05,23600,1406150,18250.0,CE
2023-01-30 09:55:00,16.85,19.8,16.85,18.7,185650,1406150,18250.0,CE
2023-01-30 09:56:00,18.7,19.95,18.1,18.45,99250,1416250,18250.0,CE
2023-01-30 09:57:00,18.45,19.3,18.3,19.2,50850,1416250,18250.0,CE
2023-01-30 09:58:00,19.0,19.3,18.4,18.4,32550,1416250,18250.0,CE
2023-01-30 09:59:00,18.45,18.8,16.9,16.9,53850,1434050,18250.0,CE
2023-01-30 10:00:00,17.05,17.75,16.8,16.95,65700,1434050,18250.0,CE
2023-01-30 10:01:00,16.5,16.9,15.6,16.7,107750,1434050,18250.0,CE
2023-01-30 10:02:00,16.65,17.0,16.5,16.85,23350,1423100,18250.0,CE
2023-01-30 10:03:00,16.9,16.9,15.95,16.0,34500,1423100,18250.0,CE
2023-01-30 10:04:00,15.9,15.9,14.5,15.7,108350,1423100,18250.0,CE
2023-01-30 10:05:00,15.7,16.1,15.4,16.0,43150,1413250,18250.0,CE
2023-01-30 10:06:00,16.0,17.7,15.95,17.65,74200,1413250,18250.0,CE
2023-01-30 10:07:00,17.65,19.2,17.3,18.95,73850,1413250,18250.0,CE
2023-01-30 10:08:00,19.0,19.1,16.7,16.75,40950,1429150,18250.0,CE
2023-01-30 10:09:00,16.7,17.5,16.2,17.45,27150,1429150,18250.0,CE
2023-01-30 10:10:00,17.25,17.35,16.45,16.5,32600,1429150,18250.0,CE
2023-01-30 10:11:00,16.6,17.15,16.15,16.7,16500,1426050,18250.0,CE
2023-01-30 10:12:00,16.55,16.85,16.2,16.85,29350,1426050,18250.0,CE
2023-01-30 10:13:00,17.0,17.25,16.35,16.75,27900,1426050,18250.0,CE
2023-01-30 10:14:00,16.75,16.75,15.85,16.75,28200,1438600,18250.0,CE
2023-01-30 10:15:00,17.0,17.5,16.55,17.5,23800,1438600,18250.0,CE
2023-01-30 10:16:00,17.45,17.45,16.6,17.05,23000,1438600,18250.0,CE
2023-01-30 10:17:00,16.65,17.1,16.55,16.95,21550,1443100,18250.0,CE
2023-01-30 10:18:00,17.0,17.0,16.1,16.45,22200,1443100,18250.0,CE
2023-01-30 10:19:00,16.55,16.85,16.3,16.6,19150,1443100,18250.0,CE
2023-01-30 10:20:00,16.5,16.7,16.15,16.5,23900,1446050,18250.0,CE
2023-01-30 10:21:00,16.4,16.55,15.85,16.0,29450,1446050,18250.0,CE
2023-01-30 10:22:00,16.05,16.05,15.65,15.9,26200,1446050,18250.0,CE
2023-01-30 10:23:00,15.8,15.95,15.55,15.8,16500,1456800,18250.0,CE
2023-01-30 10:24:00,15.75,15.9,15.5,15.75,24650,1456800,18250.0,CE
2023-01-30 10:25:00,15.75,15.75,15.15,15.2,29850,1456800,18250.0,CE
2023-01-30 10:26:00,15.25,15.45,14.5,14.7,31750,1458150,18250.0,CE
2023-01-30 10:27:00,14.2,14.9,14.2,14.85,68000,1458150,18250.0,CE
2023-01-30 10:28:00,14.95,15.45,14.9,15.4,49650,1458150,18250.0,CE
2023-01-30 10:29:00,15.1,15.75,15.1,15.75,37000,1468700,18250.0,CE
2023-01-30 10:30:00,15.55,15.55,15.05,15.2,56250,1468700,18250.0,CE
2023-01-30 10:31:00,15.3,16.05,15.05,15.9,49100,1468700,18250.0,CE
2023-01-30 10:32:00,16.05,16.4,15.8,16.35,38300,1446900,18250.0,CE
2023-01-30 10:33:00,16.3,16.3,15.7,15.75,16700,1446900,18250.0,CE
2023-01-30 10:34:00,15.85,15.85,14.9,15.2,21000,1446900,18250.0,CE
2023-01-30 10:35:00,15.1,15.35,14.75,15.0,28500,1443700,18250.0,CE
2023-01-30 10:36:00,14.95,15.55,14.8,15.35,25150,1443700,18250.0,CE
2023-01-30 10:37:00,15.45,15.6,15.0,15.0,12000,1443700,18250.0,CE
2023-01-30 10:38:00,14.95,15.25,14.7,15.1,20350,1444750,18250.0,CE
2023-01-30 10:39:00,15.25,15.25,14.75,15.05,20900,1444750,18250.0,CE
2023-01-30 10:40:00,15.05,15.05,14.6,14.75,24500,1444750,18250.0,CE
2023-01-30 10:41:00,14.7,14.85,14.3,14.7,40350,1443550,18250.0,CE
2023-01-30 10:42:00,14.8,14.85,13.8,14.05,37350,1443550,18250.0,CE
2023-01-30 10:43:00,14.1,14.15,13.25,13.55,45350,1443550,18250.0,CE
2023-01-30 10:44:00,13.55,13.75,13.35,13.4,32000,1441250,18250.0,CE
2023-01-30 10:45:00,13.2,13.85,13.15,13.85,95200,1441250,18250.0,CE
2023-01-30 10:46:00,13.9,13.9,13.35,13.7,62750,1441250,18250.0,CE
2023-01-30 10:47:00,13.55,13.65,13.2,13.3,60200,1429300,18250.0,CE
2023-01-30 10:48:00,13.25,13.3,12.85,13.1,68200,1429300,18250.0,CE
2023-01-30 10:49:00,13.05,13.6,13.05,13.55,81450,1429300,18250.0,CE
2023-01-30 10:50:00,13.5,13.7,13.25,13.65,34750,1433350,18250.0,CE
2023-01-30 10:51:00,13.6,13.75,13.55,13.6,33700,1433350,18250.0,CE
2023-01-30 10:52:00,13.7,13.75,13.5,13.55,16850,1433350,18250.0,CE
2023-01-30 10:53:00,13.55,13.6,13.45,13.45,16150,1430400,18250.0,CE
2023-01-30 10:54:00,13.45,13.5,13.0,13.0,53350,1430400,18250.0,CE
2023-01-30 10:55:00,13.05,13.5,13.05,13.4,21250,1430400,18250.0,CE
2023-01-30 10:56:00,13.35,13.5,13.25,13.3,40450,1438900,18250.0,CE
2023-01-30 10:57:00,13.3,13.55,12.9,13.55,65650,1438900,18250.0,CE
2023-01-30 10:58:00,13.3,13.45,13.15,13.25,20850,1438900,18250.0,CE
2023-01-30 10:59:00,13.2,13.85,13.2,13.5,33850,1448000,18250.0,CE
2023-01-30 11:00:00,13.45,13.45,13.1,13.3,19000,1448000,18250.0,CE
2023-01-30 11:01:00,13.25,13.25,13.0,13.1,15550,1448000,18250.0,CE
2023-01-30 11:02:00,13.25,13.25,12.85,12.85,27200,1442400,18250.0,CE
2023-01-30 11:03:00,12.75,12.75,12.4,12.5,30850,1442400,18250.0,CE
2023-01-30 11:04:00,12.55,13.0,12.55,13.0,24450,1442400,18250.0,CE
2023-01-30 11:05:00,12.85,12.85,12.5,12.6,35400,1442150,18250.0,CE
2023-01-30 11:06:00,12.55,12.8,12.5,12.65,15350,1442150,18250.0,CE
2023-01-30 11:07:00,12.6,13.55,12.6,13.45,64950,1442150,18250.0,CE
2023-01-30 11:08:00,13.6,15.0,13.5,15.0,79750,1448950,18250.0,CE
2023-01-30 11:09:00,15.05,15.4,14.85,15.25,55500,1448950,18250.0,CE
2023-01-30 11:10:00,15.1,15.1,14.25,14.45,51600,1448950,18250.0,CE
2023-01-30 11:11:00,14.45,14.5,13.55,13.65,37900,1440350,18250.0,CE
2023-01-30 11:12:00,13.7,14.05,13.55,13.65,46900,1440350,18250.0,CE
2023-01-30 11:13:00,13.65,13.65,13.0,13.4,64300,1440350,18250.0,CE
2023-01-30 11:14:00,13.3,13.3,12.6,12.9,54750,1415450,18250.0,CE
2023-01-30 11:15:00,13.0,13.1,12.6,13.05,99500,1415450,18250.0,CE
2023-01-30 11:16:00,13.1,13.2,12.85,12.9,32100,1415450,18250.0,CE
2023-01-30 11:17:00,12.9,13.05,12.75,12.8,8050,1424600,18250.0,CE
2023-01-30 11:18:00,12.9,13.2,12.85,13.05,16950,1424600,18250.0,CE
2023-01-30 11:19:00,13.05,13.05,12.8,12.95,27200,1424600,18250.0,CE
2023-01-30 11:20:00,13.0,13.15,12.8,13.05,22000,1432050,18250.0,CE
2023-01-30 11:21:00,13.1,13.65,13.1,13.55,50800,1432050,18250.0,CE
2023-01-30 11:22:00,13.55,13.65,13.05,13.5,43300,1432050,18250.0,CE
2023-01-30 11:23:00,13.55,13.7,13.2,13.3,29600,1435650,18250.0,CE
2023-01-30 11:24:00,13.25,13.4,13.05,13.3,16600,1435650,18250.0,CE
2023-01-30 11:25:00,13.35,13.35,13.0,13.3,18750,1435650,18250.0,CE
2023-01-30 11:26:00,13.25,13.6,13.05,13.15,41200,1438600,18250.0,CE
2023-01-30 11:27:00,13.1,13.1,12.9,12.9,9500,1438600,18250.0,CE
2023-01-30 11:28:00,12.85,13.05,12.7,12.75,34400,1438600,18250.0,CE
2023-01-30 11:29:00,12.75,12.8,12.55,12.7,16650,1442900,18250.0,CE
2023-01-30 11:30:00,12.6,12.75,12.55,12.6,20200,1442900,18250.0,CE
2023-01-30 11:31:00,12.6,12.7,12.25,12.5,32900,1442900,18250.0,CE
2023-01-30 11:32:00,12.5,12.8,11.9,12.45,128650,1448800,18250.0,CE
2023-01-30 11:33:00,12.5,12.75,12.5,12.75,47050,1448800,18250.0,CE
2023-01-30 11:34:00,12.6,12.8,12.55,12.65,28950,1448800,18250.0,CE
2023-01-30 11:35:00,12.6,12.65,12.45,12.45,18500,1478200,18250.0,CE
2023-01-30 11:36:00,12.65,12.8,12.55,12.65,16950,1478200,18250.0,CE
2023-01-30 11:37:00,12.6,12.75,12.5,12.5,12600,1478200,18250.0,CE
2023-01-30 11:38:00,12.6,12.7,12.25,12.3,31950,1476100,18250.0,CE
2023-01-30 11:39:00,12.35,12.4,12.05,12.1,12100,1476100,18250.0,CE
2023-01-30 11:40:00,12.05,12.45,12.05,12.4,22850,1476100,18250.0,CE
2023-01-30 11:41:00,12.35,12.5,12.2,12.5,32200,1476600,18250.0,CE
2023-01-30 11:42:00,12.45,12.7,12.4,12.55,42950,1476600,18250.0,CE
2023-01-30 11:43:00,12.65,12.7,12.15,12.15,29700,1476600,18250.0,CE
2023-01-30 11:44:00,12.1,12.45,12.1,12.45,17100,1479050,18250.0,CE
2023-01-30 11:45:00,12.35,13.0,12.2,12.95,45900,1479050,18250.0,CE
2023-01-30 11:46:00,12.8,13.05,12.7,12.85,31150,1479050,18250.0,CE
2023-01-30 11:47:00,12.8,12.95,12.65,12.7,18600,1481300,18250.0,CE
2023-01-30 11:48:00,12.7,12.7,12.35,12.55,16050,1481300,18250.0,CE
2023-01-30 11:49:00,12.65,12.75,12.4,12.6,20950,1481300,18250.0,CE
2023-01-30 11:50:00,12.55,13.0,12.5,13.0,24300,1484300,18250.0,CE
2023-01-30 11:51:00,12.9,13.6,12.85,13.6,53150,1484300,18250.0,CE
2023-01-30 11:52:00,13.45,13.85,13.3,13.7,53600,1484300,18250.0,CE
2023-01-30 11:53:00,13.65,15.2,13.6,15.1,96700,1484450,18250.0,CE
2023-01-30 11:54:00,15.05,15.2,14.75,15.2,49000,1484450,18250.0,CE
2023-01-30 11:55:00,15.3,15.3,14.15,14.75,70400,1484450,18250.0,CE
2023-01-30 11:56:00,14.7,16.1,14.5,15.65,124600,1531550,18250.0,CE
2023-01-30 11:57:00,15.55,15.95,14.8,14.8,44950,1531550,18250.0,CE
2023-01-30 11:58:00,14.7,15.0,14.55,14.75,56050,1531550,18250.0,CE
2023-01-30 11:59:00,14.8,16.05,14.65,16.05,52850,1534550,18250.0,CE
2023-01-30 12:00:00,16.1,16.15,15.1,15.4,63100,1534550,18250.0,CE
2023-01-30 12:01:00,15.4,15.4,14.35,14.35,46500,1534550,18250.0,CE
2023-01-30 12:02:00,14.4,14.75,14.0,14.05,26700,1528650,18250.0,CE
2023-01-30 12:03:00,14.05,14.35,14.05,14.3,63700,1528650,18250.0,CE
2023-01-30 12:04:00,14.3,15.55,14.2,15.3,82550,1528650,18250.0,CE
2023-01-30 12:05:00,15.45,15.9,14.7,14.95,98200,1588500,18250.0,CE
2023-01-30 12:06:00,15.1,15.3,14.8,14.85,38750,1588500,18250.0,CE
2023-01-30 12:07:00,14.9,15.35,14.55,14.55,30800,1588500,18250.0,CE
2023-01-30 12:08:00,14.6,15.0,14.5,14.6,37900,1626800,18250.0,CE
2023-01-30 12:09:00,14.5,15.0,14.5,14.75,25400,1626800,18250.0,CE
2023-01-30 12:10:00,14.7,14.85,14.4,14.45,37050,1626800,18250.0,CE
2023-01-30 12:11:00,14.5,14.95,14.4,14.85,62550,1658400,18250.0,CE
2023-01-30 12:12:00,14.9,15.4,14.75,14.75,37650,1658400,18250.0,CE
2023-01-30 12:13:00,14.8,14.85,12.8,12.9,137200,1658400,18250.0,CE
2023-01-30 12:14:00,12.8,13.4,12.1,12.75,64800,1681950,18250.0,CE
2023-01-30 12:15:00,12.65,13.4,12.3,13.4,49850,1681950,18250.0,CE
2023-01-30 12:16:00,13.2,13.4,12.6,12.9,35750,1681950,18250.0,CE
2023-01-30 12:17:00,12.7,12.7,11.95,12.3,48800,1702700,18250.0,CE
2023-01-30 12:18:00,12.2,12.2,11.65,11.85,98900,1702700,18250.0,CE
2023-01-30 12:19:00,11.7,11.85,11.55,11.7,23400,1702700,18250.0,CE
2023-01-30 12:20:00,11.65,11.75,11.4,11.6,39850,1733150,18250.0,CE
2023-01-30 12:21:00,11.55,11.95,11.5,11.85,43300,1733150,18250.0,CE
2023-01-30 12:22:00,11.7,11.95,11.5,11.8,35450,1733150,18250.0,CE
2023-01-30 12:23:00,11.9,12.0,11.7,11.95,21550,1744900,18250.0,CE
2023-01-30 12:24:00,11.85,12.1,11.75,11.95,19350,1744900,18250.0,CE
2023-01-30 12:25:00,11.8,12.15,11.75,12.05,63500,1744900,18250.0,CE
2023-01-30 12:26:00,12.1,12.35,12.0,12.35,40850,1749700,18250.0,CE
2023-01-30 12:27:00,12.25,12.3,11.45,11.65,54450,1749700,18250.0,CE
2023-01-30 12:28:00,11.65,12.35,11.65,12.15,40550,1749700,18250.0,CE
2023-01-30 12:29:00,12.05,12.2,11.65,11.85,16350,1752850,18250.0,CE
2023-01-30 12:30:00,11.6,11.7,11.4,11.5,26300,1752850,18250.0,CE
2023-01-30 12:31:00,11.5,11.55,11.3,11.55,40200,1752850,18250.0,CE
2023-01-30 12:32:00,11.35,11.5,11.2,11.35,41450,1767250,18250.0,CE
2023-01-30 12:33:00,11.3,11.4,11.05,11.05,35550,1767250,18250.0,CE
2023-01-30 12:34:00,11.05,11.15,10.8,10.8,61950,1767250,18250.0,CE
2023-01-30 12:35:00,10.8,11.2,10.8,11.15,31150,1750050,18250.0,CE
2023-01-30 12:36:00,11.05,11.15,10.9,10.9,27600,1750050,18250.0,CE
2023-01-30 12:37:00,10.7,10.75,10.55,10.7,107000,1750050,18250.0,CE
2023-01-30 12:38:00,10.7,10.95,10.7,10.8,18550,1745400,18250.0,CE
2023-01-30 12:39:00,10.8,11.1,10.75,11.05,64200,1745400,18250.0,CE
2023-01-30 12:40:00,11.05,11.25,11.05,11.2,110150,1745400,18250.0,CE
2023-01-30 12:41:00,11.2,11.4,11.2,11.4,35250,1729200,18250.0,CE
2023-01-30 12:42:00,11.35,11.45,11.2,11.2,15600,1729200,18250.0,CE
2023-01-30 12:43:00,11.2,11.3,11.2,11.2,19400,1729200,18250.0,CE
2023-01-30 12:44:00,11.2,11.3,10.95,11.1,24200,1729100,18250.0,CE
2023-01-30 12:45:00,11.05,11.05,10.9,10.95,23050,1729100,18250.0,CE
2023-01-30 12:46:00,10.9,11.05,10.9,10.9,16700,1729100,18250.0,CE
2023-01-30 12:47:00,11.0,11.1,10.95,11.0,19150,1736600,18250.0,CE
2023-01-30 12:48:00,10.9,11.1,10.8,10.85,11600,1736600,18250.0,CE
2023-01-30 12:49:00,10.8,10.9,10.6,10.7,58450,1736600,18250.0,CE
2023-01-30 12:50:00,10.65,10.95,10.6,10.7,35000,1735150,18250.0,CE
2023-01-30 12:51:00,10.65,10.7,10.45,10.65,47650,1735150,18250.0,CE
2023-01-30 12:52:00,10.65,10.7,10.35,10.4,27950,1735150,18250.0,CE
2023-01-30 12:53:00,10.45,10.8,10.4,10.75,27850,1730450,18250.0,CE
2023-01-30 12:54:00,10.7,10.7,10.5,10.65,51400,1730450,18250.0,CE
2023-01-30 12:55:00,10.65,10.65,10.5,10.55,33400,1730450,18250.0,CE
2023-01-30 12:56:00,10.6,10.65,10.45,10.5,42050,1745700,18250.0,CE
2023-01-30 12:57:00,10.5,10.8,10.5,10.7,49250,1745700,18250.0,CE
2023-01-30 12:58:00,10.7,10.9,10.6,10.9,46750,1745700,18250.0,CE
2023-01-30 12:59:00,10.85,10.9,10.6,10.8,56300,1742450,18250.0,CE
2023-01-30 13:00:00,10.8,10.85,10.45,10.45,41600,1742450,18250.0,CE
2023-01-30 13:01:00,10.5,10.6,10.4,10.4,71700,1742450,18250.0,CE
2023-01-30 13:02:00,10.35,10.5,10.25,10.35,37950,1739150,18250.0,CE
2023-01-30 13:03:00,10.3,10.45,10.2,10.35,38800,1739150,18250.0,CE
2023-01-30 13:04:00,10.35,10.55,10.25,10.5,66650,1739150,18250.0,CE
2023-01-30 13:05:00,10.5,10.5,10.2,10.25,27450,1704000,18250.0,CE
2023-01-30 13:06:00,10.1,10.45,10.1,10.4,31250,1704000,18250.0,CE
2023-01-30 13:07:00,10.45,10.75,10.35,10.7,49750,1704000,18250.0,CE
2023-01-30 13:08:00,10.65,10.75,10.6,10.6,30950,1743500,18250.0,CE
2023-01-30 13:09:00,10.6,10.7,10.45,10.6,21350,1743500,18250.0,CE
2023-01-30 13:10:00,10.6,10.65,10.2,10.35,27650,1743500,18250.0,CE
2023-01-30 13:11:00,10.25,10.55,10.25,10.3,20300,1738150,18250.0,CE
2023-01-30 13:12:00,10.25,10.3,9.85,10.0,45250,1738150,18250.0,CE
2023-01-30 13:13:00,9.9,10.0,9.75,9.9,25500,1738150,18250.0,CE
2023-01-30 13:14:00,9.9,9.9,9.35,9.55,29150,1734350,18250.0,CE
2023-01-30 13:15:00,9.45,9.95,9.45,9.9,24000,1734350,18250.0,CE
2023-01-30 13:16:00,9.85,9.95,9.8,9.8,8550,1734350,18250.0,CE
2023-01-30 13:17:00,9.9,10.05,9.9,9.95,8200,1740100,18250.0,CE
2023-01-30 13:18:00,9.95,10.2,9.85,10.1,13250,1740100,18250.0,CE
2023-01-30 13:19:00,10.2,10.45,10.1,10.45,12650,1740100,18250.0,CE
2023-01-30 13:20:00,10.35,10.7,10.3,10.65,24350,1747600,18250.0,CE
2023-01-30 13:21:00,10.7,10.75,10.5,10.7,38700,1747600,18250.0,CE
2023-01-30 13:22:00,10.65,10.65,10.5,10.55,18250,1747600,18250.0,CE
2023-01-30 13:23:00,10.55,10.6,10.35,10.5,42050,1759300,18250.0,CE
2023-01-30 13:24:00,10.45,10.6,10.35,10.35,22900,1759300,18250.0,CE
2023-01-30 13:25:00,10.4,10.85,10.3,10.85,45950,1759300,18250.0,CE
2023-01-30 13:26:00,10.85,11.8,10.7,11.7,178850,1767650,18250.0,CE
2023-01-30 13:27:00,11.7,12.1,11.65,11.9,105000,1767650,18250.0,CE
2023-01-30 13:28:00,11.85,12.25,11.85,11.85,66950,1767650,18250.0,CE
2023-01-30 13:29:00,11.9,12.0,11.4,11.4,39300,1819000,18250.0,CE
2023-01-30 13:30:00,11.25,11.25,9.85,10.2,124300,1819000,18250.0,CE
2023-01-30 13:31:00,10.1,10.3,9.95,10.2,61550,1819000,18250.0,CE
2023-01-30 13:32:00,10.15,10.3,10.0,10.25,28250,1819000,18250.0,CE
2023-01-30 13:33:00,10.15,10.75,10.15,10.45,27050,1790300,18250.0,CE
2023-01-30 13:34:00,10.5,10.5,10.15,10.3,33950,1790300,18250.0,CE
2023-01-30 13:35:00,10.25,10.45,10.2,10.35,24150,1793600,18250.0,CE
2023-01-30 13:36:00,10.35,10.5,10.25,10.45,19450,1793600,18250.0,CE
2023-01-30 13:37:00,10.4,10.6,10.25,10.6,40350,1793600,18250.0,CE
2023-01-30 13:38:00,10.6,10.7,10.5,10.6,21200,1793600,18250.0,CE
2023-01-30 13:39:00,10.65,10.65,10.2,10.6,48150,1802450,18250.0,CE
2023-01-30 13:40:00,10.6,10.6,10.05,10.4,41050,1802450,18250.0,CE
2023-01-30 13:41:00,10.4,10.65,10.35,10.6,24100,1802450,18250.0,CE
2023-01-30 13:42:00,10.45,10.75,10.35,10.35,59350,1813950,18250.0,CE
2023-01-30 13:43:00,10.35,10.45,10.15,10.35,35200,1813950,18250.0,CE
2023-01-30 13:44:00,10.4,10.45,10.3,10.35,12300,1813950,18250.0,CE
2023-01-30 13:45:00,10.4,10.75,10.35,10.7,37500,1807950,18250.0,CE
2023-01-30 13:46:00,10.75,10.75,10.4,10.45,27050,1807950,18250.0,CE
2023-01-30 13:47:00,10.5,10.7,10.3,10.6,39200,1832000,18250.0,CE
2023-01-30 13:48:00,10.55,10.7,10.35,10.35,23600,1832000,18250.0,CE
2023-01-30 13:49:00,10.35,10.4,10.05,10.25,42100,1832000,18250.0,CE
2023-01-30 13:50:00,10.2,10.45,10.15,10.4,46050,1832000,18250.0,CE
2023-01-30 13:51:00,10.25,10.55,10.15,10.2,45350,1822500,18250.0,CE
2023-01-30 13:52:00,10.3,10.3,9.75,9.9,43650,1822500,18250.0,CE
2023-01-30 13:53:00,9.95,9.95,9.7,9.9,38600,1826250,18250.0,CE
2023-01-30 13:54:00,9.8,10.25,9.75,10.2,20950,1826250,18250.0,CE
2023-01-30 13:55:00,10.2,10.45,10.15,10.4,31300,1826250,18250.0,CE
2023-01-30 13:56:00,10.45,10.45,10.25,10.3,53550,1826250,18250.0,CE
2023-01-30 13:57:00,10.4,10.4,10.1,10.15,20150,1827700,18250.0,CE
2023-01-30 13:58:00,10.0,10.25,10.0,10.15,38350,1827700,18250.0,CE
2023-01-30 13:59:00,10.2,10.25,10.05,10.1,26750,1827700,18250.0,CE
2023-01-30 14:00:00,10.15,10.3,10.0,10.05,20500,1819100,18250.0,CE
2023-01-30 14:01:00,10.1,10.15,10.0,10.05,21250,1819100,18250.0,CE
2023-01-30 14:02:00,10.15,10.35,10.1,10.35,28950,1819100,18250.0,CE
2023-01-30 14:03:00,10.3,11.85,10.25,11.65,105050,1821600,18250.0,CE
2023-01-30 14:04:00,11.65,12.6,11.45,11.85,216400,1821600,18250.0,CE
2023-01-30 14:05:00,11.8,11.85,10.85,11.0,183700,1821600,18250.0,CE
2023-01-30 14:06:00,11.1,11.85,10.95,11.75,147250,1772700,18250.0,CE
2023-01-30 14:07:00,11.65,11.95,11.15,11.2,65850,1772700,18250.0,CE
2023-01-30 14:08:00,11.05,11.05,10.4,10.55,156250,1772700,18250.0,CE
2023-01-30 14:09:00,10.6,11.5,10.6,11.45,217500,1721200,18250.0,CE
2023-01-30 14:10:00,11.45,11.75,10.8,11.05,224750,1721200,18250.0,CE
2023-01-30 14:11:00,11.05,12.2,11.05,12.15,168300,1721200,18250.0,CE
2023-01-30 14:12:00,12.15,12.3,11.8,11.85,61000,1780250,18250.0,CE
2023-01-30 14:13:00,11.85,12.1,11.7,11.85,47900,1780250,18250.0,CE
2023-01-30 14:14:00,11.95,12.7,11.8,12.4,99950,1780250,18250.0,CE
2023-01-30 14:15:00,12.25,12.25,11.5,12.05,53850,1792900,18250.0,CE
2023-01-30 14:16:00,11.85,11.85,11.0,11.3,47450,1792900,18250.0,CE
2023-01-30 14:17:00,11.3,11.9,10.8,11.9,129700,1792900,18250.0,CE
2023-01-30 14:18:00,11.95,11.95,11.45,11.65,23700,1788550,18250.0,CE
2023-01-30 14:19:00,11.7,11.7,11.25,11.3,29350,1788550,18250.0,CE
2023-01-30 14:20:00,11.35,11.6,11.05,11.05,29450,1788550,18250.0,CE
2023-01-30 14:21:00,11.1,11.9,11.1,11.85,24200,1755550,18250.0,CE
2023-01-30 14:22:00,11.8,13.1,11.8,12.75,86250,1755550,18250.0,CE
2023-01-30 14:23:00,12.65,12.8,12.1,12.65,35250,1755550,18250.0,CE
2023-01-30 14:24:00,12.6,12.65,11.45,12.0,39850,1750700,18250.0,CE
2023-01-30 14:25:00,12.05,12.2,11.55,11.9,25950,1750700,18250.0,CE
2023-01-30 14:26:00,11.7,12.2,11.7,12.1,22950,1750700,18250.0,CE
2023-01-30 14:27:00,11.9,12.15,11.7,11.85,18500,1750750,18250.0,CE
2023-01-30 14:28:00,11.8,12.05,11.7,12.05,15650,1750750,18250.0,CE
2023-01-30 14:29:00,11.85,12.0,11.6,11.85,10900,1750750,18250.0,CE
2023-01-30 14:30:00,11.9,12.6,11.85,12.3,27600,1749450,18250.0,CE
2023-01-30 14:31:00,12.15,12.85,12.15,12.85,31050,1749450,18250.0,CE
2023-01-30 14:32:00,12.9,13.3,12.65,13.1,54900,1749450,18250.0,CE
2023-01-30 14:33:00,13.05,13.3,12.8,13.3,47300,1749950,18250.0,CE
2023-01-30 14:34:00,13.3,13.55,13.05,13.3,41750,1749950,18250.0,CE
2023-01-30 14:35:00,13.15,13.3,12.6,12.8,44100,1749950,18250.0,CE
2023-01-30 14:36:00,12.8,13.15,12.2,12.4,45850,1751400,18250.0,CE
2023-01-30 14:37:00,12.5,12.55,11.95,12.5,54150,1751400,18250.0,CE
2023-01-30 14:38:00,12.45,12.6,12.05,12.15,21400,1751400,18250.0,CE
2023-01-30 14:39:00,12.15,12.2,11.5,11.65,52050,1741150,18250.0,CE
2023-01-30 14:40:00,11.5,12.05,11.5,11.95,45200,1741150,18250.0,CE
2023-01-30 14:41:00,11.85,12.25,11.75,12.2,24700,1741150,18250.0,CE
2023-01-30 14:42:00,12.2,12.95,11.95,12.9,50000,1742350,18250.0,CE
2023-01-30 14:43:00,12.85,13.35,12.75,13.05,51400,1742350,18250.0,CE
2023-01-30 14:44:00,13.0,13.2,12.7,13.15,33650,1742350,18250.0,CE
2023-01-30 14:45:00,13.15,13.25,12.7,12.9,27600,1744350,18250.0,CE
2023-01-30 14:46:00,12.85,14.0,12.85,14.0,54600,1744350,18250.0,CE
2023-01-30 14:47:00,14.05,14.8,14.05,14.7,144450,1744350,18250.0,CE
2023-01-30 14:48:00,14.55,14.9,14.2,14.35,66350,1737900,18250.0,CE
2023-01-30 14:49:00,14.4,14.4,13.7,13.75,83400,1737900,18250.0,CE
2023-01-30 14:50:00,13.75,14.3,12.95,13.05,64350,1737900,18250.0,CE
2023-01-30 14:51:00,13.05,13.55,12.9,13.1,48150,1750950,18250.0,CE
2023-01-30 14:52:00,13.15,13.6,12.8,13.5,38950,1750950,18250.0,CE
2023-01-30 14:53:00,13.55,13.9,13.25,13.6,37900,1750950,18250.0,CE
2023-01-30 14:54:00,13.5,13.7,13.05,13.25,32500,1749350,18250.0,CE
2023-01-30 14:55:00,13.3,13.45,11.9,12.35,79000,1749350,18250.0,CE
2023-01-30 14:56:00,12.2,13.3,12.1,13.1,43150,1749350,18250.0,CE
2023-01-30 14:57:00,12.9,13.1,12.45,12.7,30850,1759400,18250.0,CE
2023-01-30 14:58:00,12.8,12.9,12.6,12.7,16200,1759400,18250.0,CE
2023-01-30 14:59:00,12.75,13.2,12.55,13.2,46000,1759400,18250.0,CE
2023-01-30 15:00:00,13.05,16.7,13.05,16.5,212600,1749750,18250.0,CE
2023-01-30 15:01:00,16.4,16.55,15.4,16.35,202750,1749750,18250.0,CE
2023-01-30 15:02:00,16.15,17.25,16.15,16.8,245050,1749750,18250.0,CE
2023-01-30 15:03:00,16.7,16.7,15.7,15.85,181750,1745400,18250.0,CE
2023-01-30 15:04:00,15.9,15.95,14.5,15.6,148200,1745400,18250.0,CE
2023-01-30 15:05:00,15.7,15.7,13.55,13.55,144400,1745400,18250.0,CE
2023-01-30 15:06:00,13.5,13.8,12.75,13.8,264700,1786800,18250.0,CE
2023-01-30 15:07:00,13.65,13.65,12.5,13.3,170400,1786800,18250.0,CE
2023-01-30 15:08:00,13.4,13.5,12.6,12.95,93550,1786800,18250.0,CE
2023-01-30 15:09:00,12.9,13.4,12.55,12.85,89150,1739600,18250.0,CE
2023-01-30 15:10:00,12.75,13.95,12.55,13.6,89750,1739600,18250.0,CE
2023-01-30 15:11:00,13.55,14.0,13.55,13.65,86700,1739600,18250.0,CE
2023-01-30 15:12:00,13.8,14.65,13.35,14.65,62750,1732050,18250.0,CE
2023-01-30 15:13:00,14.85,14.9,14.2,14.75,110700,1732050,18250.0,CE
2023-01-30 15:14:00,14.65,14.85,14.35,14.65,61300,1732050,18250.0,CE
2023-01-30 15:15:00,14.65,14.75,13.55,13.55,117000,1733750,18250.0,CE
2023-01-30 15:16:00,13.65,14.75,13.5,14.7,55600,1733750,18250.0,CE
2023-01-30 15:17:00,14.65,14.95,14.55,14.8,62650,1733750,18250.0,CE
2023-01-30 15:18:00,14.8,14.8,14.15,14.75,68500,1720000,18250.0,CE
2023-01-30 15:19:00,14.7,15.35,14.7,14.95,87050,1720000,18250.0,CE
2023-01-30 15:20:00,14.75,15.05,14.35,14.4,74900,1720000,18250.0,CE
2023-01-30 15:21:00,14.55,14.55,13.55,14.1,80300,1713400,18250.0,CE
2023-01-30 15:22:00,14.15,14.35,13.65,14.35,91450,1713400,18250.0,CE
2023-01-30 15:23:00,14.4,14.7,14.2,14.7,57750,1713400,18250.0,CE
2023-01-30 15:24:00,14.7,14.95,14.65,14.8,96950,1715100,18250.0,CE
2023-01-30 15:25:00,14.45,14.85,13.95,14.45,302500,1715100,18250.0,CE
2023-01-30 15:26:00,14.5,14.95,14.5,14.9,48750,1715100,18250.0,CE
2023-01-30 15:27:00,14.85,15.5,14.85,15.35,83800,1790300,18250.0,CE
2023-01-30 15:28:00,15.45,15.5,15.2,15.2,48650,1790300,18250.0,CE
2023-01-30 15:29:00,15.25,15.9,15.2,15.9,65800,1790300,18250.0,CE
2023-01-30 15:30:00,15.55,15.55,15.55,15.55,50,1790300,18250.0,CE
2023-01-31 09:15:00,16.05,21.0,15.55,19.05,253052,1757500,18250.0,CE
2023-01-31 09:16:00,18.55,20.25,18.4,19.0,165000,1757500,18250.0,CE
2023-01-31 09:17:00,19.15,19.15,17.45,17.7,170600,1829950,18250.0,CE
2023-01-31 09:18:00,17.8,17.8,16.5,16.75,118500,1829950,18250.0,CE
2023-01-31 09:19:00,16.7,17.2,15.45,15.7,172350,1829950,18250.0,CE
2023-01-31 09:20:00,16.3,16.7,15.45,15.9,171350,1838650,18250.0,CE
2023-01-31 09:21:00,15.8,15.95,14.65,15.95,196450,1838650,18250.0,CE
2023-01-31 09:22:00,15.8,17.2,15.8,16.2,130150,1838650,18250.0,CE
2023-01-31 09:23:00,16.2,18.05,16.2,17.4,133350,1854050,18250.0,CE
2023-01-31 09:24:00,17.55,17.95,16.05,16.3,127550,1854050,18250.0,CE
2023-01-31 09:25:00,16.15,16.7,14.5,16.6,219450,1854050,18250.0,CE
2023-01-31 09:26:00,16.5,16.55,15.0,15.0,236150,1860100,18250.0,CE
2023-01-31 09:27:00,14.75,15.9,14.1,15.45,130900,1860100,18250.0,CE
2023-01-31 09:28:00,15.55,15.6,14.7,14.7,66900,1860100,18250.0,CE
2023-01-31 09:29:00,14.55,15.95,14.55,15.65,103700,1823400,18250.0,CE
2023-01-31 09:30:00,15.55,15.65,14.65,15.5,91500,1823400,18250.0,CE
2023-01-31 09:31:00,15.55,15.55,13.8,13.95,78750,1823400,18250.0,CE
2023-01-31 09:32:00,13.9,14.5,13.75,14.15,48500,1837000,18250.0,CE
2023-01-31 09:33:00,14.15,14.55,13.75,14.05,46450,1837000,18250.0,CE
2023-01-31 09:34:00,13.85,14.05,13.25,13.6,52400,1837000,18250.0,CE
2023-01-31 09:35:00,13.65,14.55,13.65,14.4,98300,1849100,18250.0,CE
2023-01-31 09:36:00,14.6,14.65,13.95,14.3,71300,1849100,18250.0,CE
2023-01-31 09:37:00,14.25,14.4,13.75,13.95,36400,1849100,18250.0,CE
2023-01-31 09:38:00,14.05,15.2,14.05,15.0,111750,1771400,18250.0,CE
2023-01-31 09:39:00,14.9,15.05,14.15,14.15,116300,1771400,18250.0,CE
2023-01-31 09:40:00,14.05,15.0,13.95,14.45,56450,1771400,18250.0,CE
2023-01-31 09:41:00,14.25,14.7,13.95,14.55,37200,1854100,18250.0,CE
2023-01-31 09:42:00,14.45,14.45,13.6,13.7,29700,1854100,18250.0,CE
2023-01-31 09:43:00,13.85,14.15,13.45,13.55,49450,1854100,18250.0,CE
2023-01-31 09:44:00,13.5,13.95,13.25,13.4,52700,1856600,18250.0,CE
2023-01-31 09:45:00,13.5,13.85,13.05,13.3,65250,1856600,18250.0,CE
2023-01-31 09:46:00,13.2,13.65,12.95,13.45,76200,1856600,18250.0,CE
2023-01-31 09:47:00,13.35,13.4,12.95,13.3,36500,1882800,18250.0,CE
2023-01-31 09:48:00,13.3,13.75,13.25,13.35,35350,1882800,18250.0,CE
2023-01-31 09:49:00,13.15,13.65,13.15,13.55,23950,1882800,18250.0,CE
2023-01-31 09:50:00,13.5,14.05,13.35,14.05,28300,1877150,18250.0,CE
2023-01-31 09:51:00,13.9,14.1,13.65,13.8,18700,1877150,18250.0,CE
2023-01-31 09:52:00,13.95,14.45,13.55,14.25,53300,1877150,18250.0,CE
2023-01-31 09:53:00,14.25,14.25,13.65,14.0,31500,1886600,18250.0,CE
2023-01-31 09:54:00,14.0,14.05,13.6,13.65,27100,1886600,18250.0,CE
2023-01-31 09:55:00,13.45,13.65,13.3,13.5,32400,1886600,18250.0,CE
2023-01-31 09:56:00,13.4,13.45,12.75,12.8,72900,1893600,18250.0,CE
2023-01-31 09:57:00,12.7,13.3,12.7,13.2,40250,1893600,18250.0,CE
2023-01-31 09:58:00,13.15,13.2,12.65,12.85,56650,1893600,18250.0,CE
2023-01-31 09:59:00,12.8,12.95,12.55,12.9,37650,1893100,18250.0,CE
2023-01-31 10:00:00,12.85,12.85,12.4,12.55,33800,1893100,18250.0,CE
2023-01-31 10:01:00,12.5,12.7,12.35,12.65,21350,1893100,18250.0,CE
2023-01-31 10:02:00,12.6,12.75,12.3,12.7,50400,1907500,18250.0,CE
2023-01-31 10:03:00,12.7,12.8,12.4,12.45,26900,1907500,18250.0,CE
2023-01-31 10:04:00,12.55,12.6,12.2,12.5,49600,1907500,18250.0,CE
2023-01-31 10:05:00,12.4,12.45,12.2,12.4,28200,1912950,18250.0,CE
2023-01-31 10:06:00,12.35,12.9,12.3,12.85,47500,1912950,18250.0,CE
2023-01-31 10:07:00,12.9,12.9,12.65,12.65,20750,1912950,18250.0,CE
2023-01-31 10:08:00,12.7,12.85,12.55,12.75,24400,1914350,18250.0,CE
2023-01-31 10:09:00,12.7,12.95,12.6,12.85,19950,1914350,18250.0,CE
2023-01-31 10:10:00,12.75,12.8,12.55,12.75,22300,1914350,18250.0,CE
2023-01-31 10:11:00,12.7,12.8,12.2,12.2,30650,1921050,18250.0,CE
2023-01-31 10:12:00,12.25,12.45,11.8,12.35,62450,1921050,18250.0,CE
2023-01-31 10:13:00,12.35,12.65,12.25,12.65,39350,1921050,18250.0,CE
2023-01-31 10:14:00,12.4,12.9,12.4,12.75,27000,1897450,18250.0,CE
2023-01-31 10:15:00,12.7,13.5,12.7,13.25,96250,1897450,18250.0,CE
2023-01-31 10:16:00,13.3,13.35,12.75,13.1,44050,1897450,18250.0,CE
2023-01-31 10:17:00,12.95,13.1,12.5,12.65,40800,1897000,18250.0,CE
2023-01-31 10:18:00,12.7,12.75,12.35,12.65,16150,1897000,18250.0,CE
2023-01-31 10:19:00,12.5,12.65,12.35,12.65,20050,1897000,18250.0,CE
2023-01-31 10:20:00,12.55,12.85,12.3,12.4,30750,1900650,18250.0,CE
2023-01-31 10:21:00,12.45,13.3,12.45,13.2,28350,1900650,18250.0,CE
2023-01-31 10:22:00,13.2,13.4,13.0,13.3,45350,1900650,18250.0,CE
2023-01-31 10:23:00,13.25,13.45,13.1,13.4,24250,1890600,18250.0,CE
2023-01-31 10:24:00,13.35,13.45,12.95,13.1,46050,1890600,18250.0,CE
2023-01-31 10:25:00,13.1,13.85,13.1,13.7,61300,1890600,18250.0,CE
2023-01-31 10:26:00,13.75,13.9,13.5,13.6,16700,1885000,18250.0,CE
2023-01-31 10:27:00,13.55,14.05,13.5,14.05,25150,1885000,18250.0,CE
2023-01-31 10:28:00,13.95,14.4,13.7,14.15,61250,1885000,18250.0,CE
2023-01-31 10:29:00,14.3,15.9,14.3,15.35,167200,1893400,18250.0,CE
2023-01-31 10:30:00,15.45,15.55,14.45,15.15,110100,1893400,18250.0,CE
2023-01-31 10:31:00,15.15,15.15,14.2,14.45,51650,1893400,18250.0,CE
2023-01-31 10:32:00,14.4,14.5,13.8,14.25,44050,1887600,18250.0,CE
2023-01-31 10:33:00,14.05,14.45,13.95,14.25,27150,1887600,18250.0,CE
2023-01-31 10:34:00,14.15,14.85,14.0,14.65,52900,1887600,18250.0,CE
2023-01-31 10:35:00,14.5,14.6,14.0,14.55,37700,1880450,18250.0,CE
2023-01-31 10:36:00,14.5,14.6,14.05,14.35,23300,1880450,18250.0,CE
2023-01-31 10:37:00,14.3,14.3,13.4,13.8,65000,1880450,18250.0,CE
2023-01-31 10:38:00,13.8,14.55,13.8,13.85,45850,1873250,18250.0,CE
2023-01-31 10:39:00,13.85,13.85,13.15,13.4,30850,1873250,18250.0,CE
2023-01-31 10:40:00,13.45,13.65,12.95,12.95,23250,1873250,18250.0,CE
2023-01-31 10:41:00,13.1,14.35,13.1,13.95,43750,1875000,18250.0,CE
2023-01-31 10:42:00,14.05,14.6,13.95,14.6,26550,1875000,18250.0,CE
2023-01-31 10:43:00,14.55,15.45,14.45,15.35,37750,1875000,18250.0,CE
2023-01-31 10:44:00,15.3,15.7,15.1,15.6,56600,1867900,18250.0,CE
2023-01-31 10:45:00,15.6,15.6,15.0,15.25,50350,1867900,18250.0,CE
2023-01-31 10:46:00,15.3,15.45,14.55,14.65,52250,1867900,18250.0,CE
2023-01-31 10:47:00,14.6,14.8,14.4,14.55,34000,1873600,18250.0,CE
2023-01-31 10:48:00,14.5,14.7,14.3,14.65,17350,1873600,18250.0,CE
2023-01-31 10:49:00,14.65,14.85,14.1,14.4,25300,1873600,18250.0,CE
2023-01-31 10:50:00,14.5,14.7,14.05,14.5,39500,1874250,18250.0,CE
2023-01-31 10:51:00,14.6,14.8,14.45,14.5,52800,1874250,18250.0,CE
2023-01-31 10:52:00,14.5,14.7,14.2,14.7,57950,1874250,18250.0,CE
2023-01-31 10:53:00,14.7,14.75,14.25,14.25,29750,1918500,18250.0,CE
2023-01-31 10:54:00,14.1,14.7,14.1,14.65,68300,1918500,18250.0,CE
2023-01-31 10:55:00,14.7,14.75,14.45,14.5,59300,1918500,18250.0,CE
2023-01-31 10:56:00,14.5,14.8,14.1,14.6,31050,1877550,18250.0,CE
2023-01-31 10:57:00,14.5,14.55,13.9,13.9,15650,1877550,18250.0,CE
2023-01-31 10:58:00,13.85,14.0,13.2,13.25,74100,1877550,18250.0,CE
2023-01-31 10:59:00,13.35,13.7,13.0,13.1,156700,1846100,18250.0,CE
2023-01-31 11:00:00,13.0,13.35,12.95,13.1,79950,1846100,18250.0,CE
2023-01-31 11:01:00,13.05,13.1,12.6,12.8,57100,1846100,18250.0,CE
2023-01-31 11:02:00,12.8,13.1,12.65,12.75,44850,1842000,18250.0,CE
2023-01-31 11:03:00,12.75,12.9,12.4,12.9,17000,1842000,18250.0,CE
2023-01-31 11:04:00,12.75,12.95,12.45,12.7,12350,1842000,18250.0,CE
2023-01-31 11:05:00,12.65,12.75,12.3,12.4,36550,1846350,18250.0,CE
2023-01-31 11:06:00,12.35,12.45,12.15,12.2,35250,1846350,18250.0,CE
2023-01-31 11:07:00,12.15,12.45,12.15,12.2,38700,1846350,18250.0,CE
2023-01-31 11:08:00,12.25,12.45,12.05,12.3,17450,1834550,18250.0,CE
2023-01-31 11:09:00,12.25,12.55,12.15,12.55,22750,1834550,18250.0,CE
2023-01-31 11:10:00,12.5,12.85,12.4,12.75,36050,1834550,18250.0,CE
2023-01-31 11:11:00,12.75,12.85,12.65,12.75,55450,1839150,18250.0,CE
2023-01-31 11:12:00,12.8,13.1,12.65,13.1,26450,1839150,18250.0,CE
2023-01-31 11:13:00,13.1,13.55,13.1,13.3,60300,1839150,18250.0,CE
2023-01-31 11:14:00,13.35,13.35,12.85,12.9,19800,1837900,18250.0,CE
2023-01-31 11:15:00,12.8,13.25,12.65,13.1,19900,1837900,18250.0,CE
2023-01-31 11:16:00,13.05,13.05,12.35,12.35,19550,1837900,18250.0,CE
2023-01-31 11:17:00,12.4,12.85,12.35,12.65,32250,1819600,18250.0,CE
2023-01-31 11:18:00,12.9,13.05,12.7,12.95,42550,1819600,18250.0,CE
2023-01-31 11:19:00,13.0,13.45,12.95,13.3,37800,1819600,18250.0,CE
2023-01-31 11:20:00,13.3,13.45,13.2,13.3,34500,1804750,18250.0,CE
2023-01-31 11:21:00,13.3,13.3,13.05,13.25,25050,1804750,18250.0,CE
2023-01-31 11:22:00,13.2,13.3,13.2,13.2,9300,1804750,18250.0,CE
2023-01-31 11:23:00,13.25,13.45,13.15,13.3,58100,1781300,18250.0,CE
2023-01-31 11:24:00,13.35,13.45,13.15,13.4,8450,1781300,18250.0,CE
2023-01-31 11:25:00,13.45,13.5,13.3,13.35,17950,1781300,18250.0,CE
2023-01-31 11:26:00,13.15,13.6,13.05,13.45,28450,1781600,18250.0,CE
2023-01-31 11:27:00,13.5,13.6,13.25,13.35,16750,1781600,18250.0,CE
2023-01-31 11:28:00,13.4,13.95,13.3,13.95,24700,1781600,18250.0,CE
2023-01-31 11:29:00,13.9,14.2,13.7,13.8,38400,1770000,18250.0,CE
2023-01-31 11:30:00,13.85,13.85,13.3,13.3,25150,1770000,18250.0,CE
2023-01-31 11:31:00,13.45,14.1,13.4,14.05,15650,1770000,18250.0,CE
2023-01-31 11:32:00,14.05,14.05,13.7,13.9,12300,1773200,18250.0,CE
2023-01-31 11:33:00,13.75,13.8,13.25,13.35,28300,1773200,18250.0,CE
2023-01-31 11:34:00,13.4,13.75,13.4,13.75,7600,1773200,18250.0,CE
2023-01-31 11:35:00,13.75,13.85,13.5,13.65,12550,1774400,18250.0,CE
2023-01-31 11:36:00,13.45,13.6,13.05,13.15,31250,1774400,18250.0,CE
2023-01-31 11:37:00,13.1,13.35,12.9,13.2,30700,1774400,18250.0,CE
2023-01-31 11:38:00,13.2,13.4,13.0,13.4,7700,1775000,18250.0,CE
2023-01-31 11:39:00,13.4,13.45,13.2,13.3,7850,1775000,18250.0,CE
2023-01-31 11:40:00,13.3,13.45,13.05,13.4,20400,1775000,18250.0,CE
2023-01-31 11:41:00,13.45,13.85,13.3,13.75,30400,1776850,18250.0,CE
2023-01-31 11:42:00,13.75,13.75,13.5,13.5,6350,1776850,18250.0,CE
2023-01-31 11:43:00,13.5,14.65,13.5,13.8,84650,1776850,18250.0,CE
2023-01-31 11:44:00,13.75,13.75,12.85,13.3,54150,1785500,18250.0,CE
2023-01-31 11:45:00,13.3,13.8,13.2,13.7,23300,1785500,18250.0,CE
2023-01-31 11:46:00,13.85,14.8,13.75,14.55,50300,1785500,18250.0,CE
2023-01-31 11:47:00,14.55,14.7,13.95,13.95,38950,1801100,18250.0,CE
2023-01-31 11:48:00,14.0,14.6,13.85,14.1,22900,1801100,18250.0,CE
2023-01-31 11:49:00,14.1,14.3,13.85,13.85,26100,1801100,18250.0,CE
2023-01-31 11:50:00,14.1,14.65,13.75,14.6,31150,1792500,18250.0,CE
2023-01-31 11:51:00,14.65,14.75,14.2,14.3,23800,1792500,18250.0,CE
2023-01-31 11:52:00,14.25,14.25,13.8,13.8,22700,1792500,18250.0,CE
2023-01-31 11:53:00,13.85,14.35,13.6,14.0,26650,1790350,18250.0,CE
2023-01-31 11:54:00,14.15,14.65,14.05,14.55,33600,1790350,18250.0,CE
2023-01-31 11:55:00,14.55,14.55,14.1,14.45,21350,1790350,18250.0,CE
2023-01-31 11:56:00,14.6,14.65,14.2,14.55,15000,1787450,18250.0,CE
2023-01-31 11:57:00,14.55,14.75,14.45,14.5,22700,1787450,18250.0,CE
2023-01-31 11:58:00,14.45,14.55,14.1,14.2,12400,1787450,18250.0,CE
2023-01-31 11:59:00,14.25,14.5,14.25,14.4,19100,1800500,18250.0,CE
2023-01-31 12:00:00,14.5,14.55,14.2,14.45,13350,1800500,18250.0,CE
2023-01-31 12:01:00,14.4,14.55,14.25,14.35,16550,1800500,18250.0,CE
2023-01-31 12:02:00,14.4,15.0,14.4,14.65,58300,1797650,18250.0,CE
2023-01-31 12:03:00,14.5,14.75,14.25,14.25,26300,1797650,18250.0,CE
2023-01-31 12:04:00,14.25,14.55,13.65,14.1,45000,1797650,18250.0,CE
2023-01-31 12:05:00,14.1,14.45,14.0,14.35,25650,1806800,18250.0,CE
2023-01-31 12:06:00,14.4,14.4,13.8,13.85,18250,1806800,18250.0,CE
2023-01-31 12:07:00,14.05,14.2,13.95,14.0,14600,1806800,18250.0,CE
2023-01-31 12:08:00,14.05,14.1,13.8,13.9,12100,1799800,18250.0,CE
2023-01-31 12:09:00,13.95,13.95,13.3,13.4,30550,1799800,18250.0,CE
2023-01-31 12:10:00,13.4,13.4,12.3,12.4,77950,1799800,18250.0,CE
2023-01-31 12:11:00,12.1,12.85,12.05,12.65,82600,1744150,18250.0,CE
2023-01-31 12:12:00,12.65,12.65,12.15,12.45,27850,1744150,18250.0,CE
2023-01-31 12:13:00,12.25,12.4,12.0,12.1,26750,1744150,18250.0,CE
2023-01-31 12:14:00,12.0,12.4,11.9,12.2,158800,1847000,18250.0,CE
2023-01-31 12:15:00,12.2,12.45,12.05,12.45,23750,1847000,18250.0,CE
2023-01-31 12:16:00,12.45,12.45,12.2,12.35,27150,1847000,18250.0,CE
2023-01-31 12:17:00,12.35,12.5,12.15,12.45,18050,1839600,18250.0,CE
2023-01-31 12:18:00,12.3,12.6,12.25,12.5,19700,1839600,18250.0,CE
2023-01-31 12:19:00,12.4,12.4,11.85,12.15,27900,1839600,18250.0,CE
2023-01-31 12:20:00,12.1,12.45,12.1,12.25,26800,1846350,18250.0,CE
2023-01-31 12:21:00,12.3,12.45,11.95,12.4,17950,1846350,18250.0,CE
2023-01-31 12:22:00,12.45,12.65,12.4,12.55,15900,1846350,18250.0,CE
2023-01-31 12:23:00,12.55,12.65,12.35,12.45,13950,1845750,18250.0,CE
2023-01-31 12:24:00,12.4,12.75,12.35,12.75,8900,1845750,18250.0,CE
2023-01-31 12:25:00,12.7,13.3,12.7,13.15,29100,1845750,18250.0,CE
2023-01-31 12:26:00,13.0,13.5,13.0,13.3,20400,1850050,18250.0,CE
2023-01-31 12:27:00,13.4,13.7,13.35,13.6,18200,1850050,18250.0,CE
2023-01-31 12:28:00,13.55,13.8,13.55,13.8,27200,1850050,18250.0,CE
2023-01-31 12:29:00,13.75,13.9,13.5,13.9,23500,1849050,18250.0,CE
2023-01-31 12:30:00,13.9,13.9,13.5,13.5,24050,1849050,18250.0,CE
2023-01-31 12:31:00,13.55,13.55,12.95,13.5,24150,1849050,18250.0,CE
2023-01-31 12:32:00,13.45,13.8,13.45,13.65,24000,1853550,18250.0,CE
2023-01-31 12:33:00,13.55,13.7,13.15,13.45,22400,1853550,18250.0,CE
2023-01-31 12:34:00,13.45,13.65,13.4,13.6,23400,1853550,18250.0,CE
2023-01-31 12:35:00,13.6,13.6,13.25,13.25,17850,1850000,18250.0,CE
2023-01-31 12:36:00,13.3,13.7,13.3,13.6,24650,1850000,18250.0,CE
2023-01-31 12:37:00,13.6,13.65,13.35,13.6,16150,1850000,18250.0,CE
2023-01-31 12:38:00,13.6,13.65,13.45,13.6,8250,1855700,18250.0,CE
2023-01-31 12:39:00,13.65,13.8,13.45,13.5,26450,1855700,18250.0,CE
2023-01-31 12:40:00,13.5,13.55,12.9,13.55,21900,1855700,18250.0,CE
2023-01-31 12:41:00,13.55,13.75,13.5,13.55,14850,1861250,18250.0,CE
2023-01-31 12:42:00,13.5,13.8,13.4,13.65,17950,1861250,18250.0,CE
2023-01-31 12:43:00,13.7,13.7,13.2,13.6,13750,1861250,18250.0,CE
2023-01-31 12:44:00,13.6,13.75,13.35,13.5,21150,1862200,18250.0,CE
2023-01-31 12:45:00,13.4,13.85,13.4,13.75,18250,1862200,18250.0,CE
2023-01-31 12:46:00,13.65,13.9,13.55,13.75,16250,1862200,18250.0,CE
2023-01-31 12:47:00,13.75,13.85,13.6,13.8,20750,1859200,18250.0,CE
2023-01-31 12:48:00,13.75,13.9,13.55,13.7,14000,1859200,18250.0,CE
2023-01-31 12:49:00,13.6,13.8,13.55,13.8,7500,1859200,18250.0,CE
2023-01-31 12:50:00,13.7,13.9,13.4,13.4,14150,1860350,18250.0,CE
2023-01-31 12:51:00,13.4,13.4,12.8,13.2,37200,1860350,18250.0,CE
2023-01-31 12:52:00,13.2,13.25,12.45,12.7,24400,1860350,18250.0,CE
2023-01-31 12:53:00,12.5,12.75,12.15,12.45,29900,1851050,18250.0,CE
2023-01-31 12:54:00,12.4,12.55,12.35,12.45,18700,1851050,18250.0,CE
2023-01-31 12:55:00,12.5,12.55,12.05,12.55,23300,1851050,18250.0,CE
2023-01-31 12:56:00,12.55,13.0,12.5,12.9,21250,1845950,18250.0,CE
2023-01-31 12:57:00,12.9,12.9,12.6,12.6,10700,1845950,18250.0,CE
2023-01-31 12:58:00,12.6,12.85,12.5,12.85,9350,1845950,18250.0,CE
2023-01-31 12:59:00,12.75,12.9,12.4,12.4,8600,1839850,18250.0,CE
2023-01-31 13:00:00,12.4,12.8,12.3,12.75,20600,1839850,18250.0,CE
2023-01-31 13:01:00,12.7,12.95,12.6,12.9,17400,1839850,18250.0,CE
2023-01-31 13:02:00,13.0,13.0,12.65,12.75,15750,1839850,18250.0,CE
2023-01-31 13:03:00,12.7,12.85,12.6,12.8,6150,1846600,18250.0,CE
2023-01-31 13:04:00,12.9,13.35,12.7,13.35,20600,1846600,18250.0,CE
2023-01-31 13:05:00,13.35,14.05,13.25,13.7,63700,1851900,18250.0,CE
2023-01-31 13:06:00,13.7,13.9,13.5,13.8,30500,1851900,18250.0,CE
2023-01-31 13:07:00,13.85,13.9,13.4,13.4,11700,1851900,18250.0,CE
2023-01-31 13:08:00,13.4,13.5,12.65,12.95,16200,1851900,18250.0,CE
2023-01-31 13:09:00,12.85,12.85,12.25,12.55,122200,1850400,18250.0,CE
2023-01-31 13:10:00,12.5,12.9,12.35,12.75,28750,1850400,18250.0,CE
2023-01-31 13:11:00,12.7,12.95,12.55,12.95,18350,1850400,18250.0,CE
2023-01-31 13:12:00,12.95,12.95,12.75,12.9,8900,1922250,18250.0,CE
2023-01-31 13:13:00,12.9,12.9,12.5,12.6,27900,1922250,18250.0,CE
2023-01-31 13:14:00,12.65,14.05,12.65,14.0,83000,1922250,18250.0,CE
2023-01-31 13:15:00,14.0,14.0,13.35,13.95,48300,1937650,18250.0,CE
2023-01-31 13:16:00,13.9,13.95,13.45,13.55,20900,1937650,18250.0,CE
2023-01-31 13:17:00,13.55,14.15,13.55,14.15,52650,1937650,18250.0,CE
2023-01-31 13:18:00,14.15,15.8,14.15,15.75,82200,1932150,18250.0,CE
2023-01-31 13:19:00,15.7,16.6,15.6,15.7,106250,1932150,18250.0,CE
2023-01-31 13:20:00,15.95,16.75,15.8,15.95,120600,1932150,18250.0,CE
2023-01-31 13:21:00,16.05,17.0,15.95,16.55,85550,1923400,18250.0,CE
2023-01-31 13:22:00,16.5,16.55,15.5,16.0,64600,1923400,18250.0,CE
2023-01-31 13:23:00,16.1,16.35,15.35,15.75,36100,1923400,18250.0,CE
2023-01-31 13:24:00,15.75,16.65,15.75,16.2,66850,1920950,18250.0,CE
2023-01-31 13:25:00,16.2,16.7,15.6,16.5,53500,1920950,18250.0,CE
2023-01-31 13:26:00,16.4,16.4,15.5,15.85,91150,1920950,18250.0,CE
2023-01-31 13:27:00,15.8,15.85,14.7,15.0,27350,1932400,18250.0,CE
2023-01-31 13:28:00,14.95,15.25,14.85,15.15,36950,1932400,18250.0,CE
2023-01-31 13:29:00,14.95,15.3,14.65,14.7,26500,1932400,18250.0,CE
2023-01-31 13:30:00,14.7,15.2,13.9,14.05,50850,1922300,18250.0,CE
2023-01-31 13:31:00,14.0,15.05,13.85,14.65,33850,1922300,18250.0,CE
2023-01-31 13:32:00,14.65,15.15,14.35,14.4,29200,1922300,18250.0,CE
2023-01-31 13:33:00,14.45,15.15,14.25,15.15,20850,1917150,18250.0,CE
2023-01-31 13:34:00,15.1,15.1,14.2,14.75,28850,1917150,18250.0,CE
2023-01-31 13:35:00,14.6,15.0,14.6,14.9,23650,1917150,18250.0,CE
2023-01-31 13:36:00,14.7,15.3,14.7,15.3,30400,1923200,18250.0,CE
2023-01-31 13:37:00,15.1,15.2,14.45,14.55,25750,1923200,18250.0,CE
2023-01-31 13:38:00,14.85,15.0,14.45,14.55,19050,1923200,18250.0,CE
2023-01-31 13:39:00,14.7,15.2,14.25,15.2,40200,1921850,18250.0,CE
2023-01-31 13:40:00,15.1,15.95,15.05,15.3,56300,1921850,18250.0,CE
2023-01-31 13:41:00,15.2,15.5,14.55,14.75,38750,1921850,18250.0,CE
2023-01-31 13:42:00,14.8,14.95,14.1,14.75,44650,1915550,18250.0,CE
2023-01-31 13:43:00,14.55,14.8,14.3,14.65,22550,1915550,18250.0,CE
2023-01-31 13:44:00,14.55,14.8,14.4,14.45,17700,1915550,18250.0,CE
2023-01-31 13:45:00,14.25,14.3,13.35,14.0,90250,1929200,18250.0,CE
2023-01-31 13:46:00,13.9,14.7,13.5,14.7,48450,1929200,18250.0,CE
2023-01-31 13:47:00,14.7,15.5,14.65,15.3,47700,1929200,18250.0,CE
2023-01-31 13:48:00,15.4,15.45,14.9,15.15,25200,1936800,18250.0,CE
2023-01-31 13:49:00,15.0,15.35,14.8,15.05,24850,1936800,18250.0,CE
2023-01-31 13:50:00,15.15,15.35,14.7,14.8,16600,1936800,18250.0,CE
2023-01-31 13:51:00,14.75,15.0,14.5,14.65,26800,1938300,18250.0,CE
2023-01-31 13:52:00,14.45,14.7,13.95,14.3,47000,1938300,18250.0,CE
2023-01-31 13:53:00,14.2,14.55,14.0,14.05,78750,1938300,18250.0,CE
2023-01-31 13:54:00,14.05,14.35,14.0,14.1,13500,1884500,18250.0,CE
2023-01-31 13:55:00,14.1,14.25,13.45,13.5,36600,1884500,18250.0,CE
2023-01-31 13:56:00,13.45,14.15,12.85,14.1,96850,1884500,18250.0,CE
2023-01-31 13:57:00,13.9,14.3,13.75,13.85,30150,1883950,18250.0,CE
2023-01-31 13:58:00,13.9,14.0,13.5,13.95,11750,1883950,18250.0,CE
2023-01-31 13:59:00,13.95,13.95,13.4,13.8,13350,1883950,18250.0,CE
2023-01-31 14:00:00,13.65,13.65,13.15,13.5,44800,1893100,18250.0,CE
2023-01-31 14:01:00,13.5,13.5,13.2,13.3,64050,1893100,18250.0,CE
2023-01-31 14:02:00,13.4,13.45,12.9,13.05,50850,1893100,18250.0,CE
2023-01-31 14:03:00,13.15,13.35,12.8,13.05,65500,1855450,18250.0,CE
2023-01-31 14:04:00,13.1,13.6,13.05,13.6,33350,1855450,18250.0,CE
2023-01-31 14:05:00,13.55,13.55,13.2,13.45,15400,1855450,18250.0,CE
2023-01-31 14:06:00,13.4,13.5,13.05,13.15,11150,1847950,18250.0,CE
2023-01-31 14:07:00,13.1,13.4,13.0,13.35,14950,1847950,18250.0,CE
2023-01-31 14:08:00,13.35,13.35,12.5,12.8,45450,1847950,18250.0,CE
2023-01-31 14:09:00,12.75,12.85,12.05,12.35,121500,1848350,18250.0,CE
2023-01-31 14:10:00,12.45,12.7,12.3,12.5,84450,1848350,18250.0,CE
2023-01-31 14:11:00,12.5,12.65,12.0,12.55,97600,1848350,18250.0,CE
2023-01-31 14:12:00,12.6,12.65,12.25,12.6,38050,1848150,18250.0,CE
2023-01-31 14:13:00,12.6,12.75,12.1,12.6,198700,1848150,18250.0,CE
2023-01-31 14:14:00,12.65,12.65,12.35,12.45,34750,1848150,18250.0,CE
2023-01-31 14:15:00,12.45,12.75,12.2,12.6,72850,1793400,18250.0,CE
2023-01-31 14:16:00,12.65,12.65,12.2,12.6,43700,1793400,18250.0,CE
2023-01-31 14:17:00,12.6,12.6,12.1,12.15,50350,1793400,18250.0,CE
2023-01-31 14:18:00,12.15,12.4,11.6,12.35,131100,1805950,18250.0,CE
2023-01-31 14:19:00,12.3,12.35,11.95,11.95,57800,1805950,18250.0,CE
2023-01-31 14:20:00,11.9,12.3,11.75,12.25,81400,1805950,18250.0,CE
2023-01-31 14:21:00,12.2,12.55,12.2,12.5,61800,1795400,18250.0,CE
2023-01-31 14:22:00,12.45,12.8,12.35,12.65,45100,1795400,18250.0,CE
2023-01-31 14:23:00,12.8,12.85,12.6,12.7,71600,1795400,18250.0,CE
2023-01-31 14:24:00,12.7,12.75,12.4,12.6,94550,1799200,18250.0,CE
2023-01-31 14:25:00,12.75,12.8,12.4,12.8,52200,1799200,18250.0,CE
2023-01-31 14:26:00,12.8,13.7,12.7,13.7,85000,1799200,18250.0,CE
2023-01-31 14:27:00,13.7,14.0,13.55,14.0,130850,1807850,18250.0,CE
2023-01-31 14:28:00,13.7,13.9,13.4,13.45,52850,1807850,18250.0,CE
2023-01-31 14:29:00,13.45,13.45,12.55,12.6,103550,1807850,18250.0,CE
2023-01-31 14:30:00,12.85,13.4,12.7,13.4,39800,1754100,18250.0,CE
2023-01-31 14:31:00,13.4,13.4,12.75,13.15,24450,1754100,18250.0,CE
2023-01-31 14:32:00,13.15,13.2,12.95,13.05,16350,1754100,18250.0,CE
2023-01-31 14:33:00,12.95,13.1,12.75,12.85,15850,1738100,18250.0,CE
2023-01-31 14:34:00,12.85,13.1,12.5,12.9,39750,1738100,18250.0,CE
2023-01-31 14:35:00,13.1,13.35,12.7,12.7,21100,1738100,18250.0,CE
2023-01-31 14:36:00,12.9,13.2,12.85,13.1,32850,1716600,18250.0,CE
2023-01-31 14:37:00,13.1,13.3,12.85,13.0,48850,1716600,18250.0,CE
2023-01-31 14:38:00,13.0,13.25,12.85,13.1,39800,1716600,18250.0,CE
2023-01-31 14:39:00,13.05,13.15,12.5,13.0,73700,1710000,18250.0,CE
2023-01-31 14:40:00,13.0,13.85,13.0,13.6,91850,1710000,18250.0,CE
2023-01-31 14:41:00,13.65,13.7,13.15,13.15,47250,1710000,18250.0,CE
2023-01-31 14:42:00,13.25,13.55,13.25,13.3,30900,1703700,18250.0,CE
2023-01-31 14:43:00,13.35,13.8,13.0,13.75,61050,1703700,18250.0,CE
2023-01-31 14:44:00,13.75,13.9,13.55,13.65,43250,1703700,18250.0,CE
2023-01-31 14:45:00,13.7,14.05,13.6,14.05,57300,1727550,18250.0,CE
2023-01-31 14:46:00,14.25,14.25,13.7,13.9,63100,1727550,18250.0,CE
2023-01-31 14:47:00,13.9,13.95,13.4,13.5,47400,1727550,18250.0,CE
2023-01-31 14:48:00,13.55,14.1,13.55,14.05,41250,1734900,18250.0,CE
2023-01-31 14:49:00,14.25,14.25,13.7,14.0,39700,1734900,18250.0,CE
2023-01-31 14:50:00,14.05,14.9,14.0,14.8,83050,1734900,18250.0,CE
2023-01-31 14:51:00,14.95,15.4,14.7,15.0,108300,1762650,18250.0,CE
2023-01-31 14:52:00,14.9,15.3,14.65,14.8,98650,1762650,18250.0,CE
2023-01-31 14:53:00,14.8,15.0,14.35,14.95,46050,1762650,18250.0,CE
2023-01-31 14:54:00,14.9,15.15,14.7,14.9,41800,1756400,18250.0,CE
2023-01-31 14:55:00,14.9,15.25,14.9,14.9,30300,1756400,18250.0,CE
2023-01-31 14:56:00,15.05,15.65,14.8,15.4,54850,1756400,18250.0,CE
2023-01-31 14:57:00,15.4,16.05,15.25,15.85,81150,1768100,18250.0,CE
2023-01-31 14:58:00,15.8,16.15,15.45,15.65,55300,1768100,18250.0,CE
2023-01-31 14:59:00,15.75,15.75,15.15,15.45,37500,1768100,18250.0,CE
2023-01-31 15:00:00,15.4,16.1,13.0,14.1,200700,1756700,18250.0,CE
2023-01-31 15:01:00,14.2,14.75,13.0,13.65,92000,1756700,18250.0,CE
2023-01-31 15:02:00,13.7,14.55,13.7,14.35,62650,1756700,18250.0,CE
2023-01-31 15:03:00,14.3,14.6,13.95,14.4,31450,1759150,18250.0,CE
2023-01-31 15:04:00,14.25,14.6,14.0,14.4,36350,1759150,18250.0,CE
2023-01-31 15:05:00,14.45,14.55,13.7,13.8,43150,1759150,18250.0,CE
2023-01-31 15:06:00,13.85,14.75,13.8,14.75,36600,1746900,18250.0,CE
2023-01-31 15:07:00,14.75,15.1,14.4,14.6,44250,1746900,18250.0,CE
2023-01-31 15:08:00,14.6,15.05,14.5,14.8,34000,1746900,18250.0,CE
2023-01-31 15:09:00,14.75,15.0,14.5,14.5,44850,1734850,18250.0,CE
2023-01-31 15:10:00,14.7,15.25,14.7,15.15,62700,1734850,18250.0,CE
2023-01-31 15:11:00,15.25,15.6,15.2,15.3,48400,1734850,18250.0,CE
2023-01-31 15:12:00,15.45,15.85,15.25,15.45,64550,1713900,18250.0,CE
2023-01-31 15:13:00,15.7,15.7,15.3,15.4,45150,1713900,18250.0,CE
2023-01-31 15:14:00,15.5,15.65,15.25,15.55,71800,1713900,18250.0,CE
2023-01-31 15:15:00,15.55,15.8,14.65,14.75,213000,1672150,18250.0,CE
2023-01-31 15:16:00,14.75,15.25,14.7,15.05,189000,1672150,18250.0,CE
2023-01-31 15:17:00,15.1,15.3,14.65,15.2,90600,1672150,18250.0,CE
2023-01-31 15:18:00,15.25,15.6,14.9,15.05,94600,1588800,18250.0,CE
2023-01-31 15:19:00,15.05,15.7,15.05,15.7,101100,1588800,18250.0,CE
2023-01-31 15:20:00,15.65,16.0,15.15,15.2,92800,1588800,18250.0,CE
2023-01-31 15:21:00,15.25,15.8,15.25,15.65,47200,1588700,18250.0,CE
2023-01-31 15:22:00,15.65,15.8,15.1,15.8,82250,1588700,18250.0,CE
2023-01-31 15:23:00,15.8,15.9,15.55,15.6,65150,1588700,18250.0,CE
2023-01-31 15:24:00,15.65,15.8,15.55,15.75,57250,1579700,18250.0,CE
2023-01-31 15:25:00,15.85,15.85,15.15,15.25,201200,1579700,18250.0,CE
2023-01-31 15:26:00,15.4,15.65,15.25,15.5,88950,1579700,18250.0,CE
2023-01-31 15:27:00,15.45,15.6,15.3,15.5,63600,1581050,18250.0,CE
2023-01-31 15:28:00,15.5,15.5,15.05,15.25,102750,1581050,18250.0,CE
2023-01-31 15:29:00,15.25,15.85,15.2,15.3,95200,1581050,18250.0,CE
2023-01-31 15:30:00,16.0,16.0,16.0,16.0,50,1581050,18250.0,CE
2023-02-01 09:15:00,22.4,23.85,17.2,18.1,260703,1567450,18250.0,CE
2023-02-01 09:16:00,18.4,19.15,17.0,17.15,185850,1567450,18250.0,CE
2023-02-01 09:17:00,16.6,18.6,16.6,17.35,254800,1622300,18250.0,CE
2023-02-01 09:18:00,17.3,17.95,17.05,17.4,181100,1622300,18250.0,CE
2023-02-01 09:19:00,17.35,17.5,16.25,16.8,148400,1622300,18250.0,CE
2023-02-01 09:20:00,16.6,18.05,15.9,16.9,272800,1644400,18250.0,CE
2023-02-01 09:21:00,16.65,17.0,16.15,16.7,195300,1644400,18250.0,CE
2023-02-01 09:22:00,16.85,17.25,16.45,16.95,218350,1644400,18250.0,CE
2023-02-01 09:23:00,17.15,17.85,17.0,17.4,186250,1640150,18250.0,CE
2023-02-01 09:24:00,17.35,17.75,16.95,17.05,145550,1640150,18250.0,CE
2023-02-01 09:25:00,16.95,17.4,16.5,17.25,208050,1640150,18250.0,CE
2023-02-01 09:26:00,17.3,18.15,17.2,17.75,209850,1652850,18250.0,CE
2023-02-01 09:27:00,17.7,18.1,16.85,17.95,188400,1652850,18250.0,CE
2023-02-01 09:28:00,17.8,18.0,16.5,17.3,158150,1652850,18250.0,CE
2023-02-01 09:29:00,17.35,17.7,17.1,17.25,97250,1674400,18250.0,CE
2023-02-01 09:30:00,17.15,17.25,16.15,16.7,255900,1674400,18250.0,CE
2023-02-01 09:31:00,16.65,16.75,15.6,15.7,211150,1674400,18250.0,CE
2023-02-01 09:32:00,15.7,15.75,14.8,15.75,161400,1730700,18250.0,CE
2023-02-01 09:33:00,15.45,15.6,14.45,14.75,216100,1730700,18250.0,CE
2023-02-01 09:34:00,14.15,15.2,14.15,14.6,215450,1730700,18250.0,CE
2023-02-01 09:35:00,14.75,15.2,14.4,14.6,196300,1761950,18250.0,CE
2023-02-01 09:36:00,14.55,15.35,14.55,14.75,193600,1761950,18250.0,CE
2023-02-01 09:37:00,14.75,15.15,14.5,14.75,124500,1761950,18250.0,CE
2023-02-01 09:38:00,14.75,15.3,14.45,15.25,134950,1764800,18250.0,CE
2023-02-01 09:39:00,15.05,15.3,14.75,14.9,132500,1764800,18250.0,CE
2023-02-01 09:40:00,14.95,15.25,14.6,15.2,170850,1764800,18250.0,CE
2023-02-01 09:41:00,15.05,15.35,14.75,14.8,152300,1772850,18250.0,CE
2023-02-01 09:42:00,14.95,15.0,14.5,14.7,77200,1772850,18250.0,CE
2023-02-01 09:43:00,14.5,14.7,14.2,14.6,96350,1772850,18250.0,CE
2023-02-01 09:44:00,14.7,14.75,14.25,14.4,94550,1785800,18250.0,CE
2023-02-01 09:45:00,14.5,14.5,13.85,13.85,102900,1785800,18250.0,CE
2023-02-01 09:46:00,13.75,13.8,13.05,13.65,130550,1785800,18250.0,CE
2023-02-01 09:47:00,13.7,13.75,12.95,13.2,109200,1787900,18250.0,CE
2023-02-01 09:48:00,13.1,13.35,12.85,13.05,87450,1787900,18250.0,CE
2023-02-01 09:49:00,13.05,13.25,12.65,12.8,101300,1787900,18250.0,CE
2023-02-01 09:50:00,12.85,13.35,12.4,13.2,213550,1762750,18250.0,CE
2023-02-01 09:51:00,13.15,13.3,12.95,13.15,126550,1762750,18250.0,CE
2023-02-01 09:52:00,13.15,13.2,12.65,12.7,131450,1762750,18250.0,CE
2023-02-01 09:53:00,12.7,12.8,12.05,12.35,133500,1734750,18250.0,CE
2023-02-01 09:54:00,12.35,12.4,11.8,11.85,180550,1734750,18250.0,CE
2023-02-01 09:55:00,11.7,12.05,11.25,12.0,238700,1734750,18250.0,CE
2023-02-01 09:56:00,11.95,12.0,11.4,11.55,120900,1702700,18250.0,CE
2023-02-01 09:57:00,11.45,11.7,11.05,11.4,130450,1702700,18250.0,CE
2023-02-01 09:58:00,11.45,11.45,10.95,11.25,144050,1702700,18250.0,CE
2023-02-01 09:59:00,11.2,11.35,11.05,11.1,93700,1728450,18250.0,CE
2023-02-01 10:00:00,11.1,11.45,10.45,10.55,112450,1728450,18250.0,CE
2023-02-01 10:01:00,10.65,10.95,10.55,10.8,69000,1728450,18250.0,CE
2023-02-01 10:02:00,10.95,11.15,10.55,11.0,105250,1743200,18250.0,CE
2023-02-01 10:03:00,11.05,11.45,10.8,11.35,122200,1743200,18250.0,CE
2023-02-01 10:04:00,11.25,11.85,11.1,11.85,108050,1743200,18250.0,CE
2023-02-01 10:05:00,11.9,12.7,11.8,12.6,138500,1764450,18250.0,CE
2023-02-01 10:06:00,12.6,13.3,12.45,13.3,72150,1764450,18250.0,CE
2023-02-01 10:07:00,13.25,13.55,12.85,12.95,101350,1764450,18250.0,CE
2023-02-01 10:08:00,12.95,13.3,12.5,12.5,79200,1760200,18250.0,CE
2023-02-01 10:09:00,12.6,13.45,12.6,13.35,81250,1760200,18250.0,CE
2023-02-01 10:10:00,13.35,13.7,12.85,13.5,72600,1760200,18250.0,CE
2023-02-01 10:11:00,13.65,13.65,13.15,13.35,55200,1747700,18250.0,CE
2023-02-01 10:12:00,13.45,13.5,12.75,12.8,80650,1747700,18250.0,CE
2023-02-01 10:13:00,12.8,13.35,12.6,13.3,40650,1747700,18250.0,CE
2023-02-01 10:14:00,13.25,13.6,13.25,13.5,137900,1773400,18250.0,CE
2023-02-01 10:15:00,13.55,13.7,13.35,13.6,59800,1773400,18250.0,CE
2023-02-01 10:16:00,13.7,14.0,13.55,13.85,53050,1773400,18250.0,CE
2023-02-01 10:17:00,13.8,13.8,13.35,13.4,60100,1801650,18250.0,CE
2023-02-01 10:18:00,13.45,13.6,13.25,13.55,59250,1801650,18250.0,CE
2023-02-01 10:19:00,13.5,13.7,13.3,13.35,41650,1801650,18250.0,CE
2023-02-01 10:20:00,13.4,13.5,12.65,12.9,40000,1822200,18250.0,CE
2023-02-01 10:21:00,12.95,13.4,12.8,13.3,47650,1822200,18250.0,CE
2023-02-01 10:22:00,13.4,13.6,13.35,13.55,31350,1822200,18250.0,CE
2023-02-01 10:23:00,13.4,13.8,13.4,13.65,64600,1816600,18250.0,CE
2023-02-01 10:24:00,13.65,13.7,13.45,13.65,46000,1816600,18250.0,CE
2023-02-01 10:25:00,14.3,15.05,14.3,15.0,208000,1816600,18250.0,CE
2023-02-01 10:26:00,15.0,16.45,14.8,15.9,206800,1845600,18250.0,CE
2023-02-01 10:27:00,16.2,16.8,16.1,16.25,147350,1845600,18250.0,CE
2023-02-01 10:28:00,16.3,16.45,15.1,15.35,94050,1845600,18250.0,CE
2023-02-01 10:29:00,15.6,16.15,15.5,15.65,99850,1878050,18250.0,CE
2023-02-01 10:30:00,15.65,16.1,14.85,14.95,88150,1878050,18250.0,CE
2023-02-01 10:31:00,15.05,15.5,14.9,15.5,57700,1878050,18250.0,CE
2023-02-01 10:32:00,15.5,15.8,15.25,15.3,69150,1894150,18250.0,CE
2023-02-01 10:33:00,15.25,15.45,15.0,15.3,49500,1894150,18250.0,CE
2023-02-01 10:34:00,15.4,15.9,15.25,15.4,73200,1894150,18250.0,CE
2023-02-01 10:35:00,15.45,15.6,15.05,15.05,34200,1909350,18250.0,CE
2023-02-01 10:36:00,15.1,15.6,15.1,15.1,83500,1909350,18250.0,CE
2023-02-01 10:37:00,15.15,15.15,14.35,15.05,79200,1909350,18250.0,CE
2023-02-01 10:38:00,14.85,14.85,14.2,14.35,59950,1947250,18250.0,CE
2023-02-01 10:39:00,14.4,14.65,14.05,14.1,47500,1947250,18250.0,CE
2023-02-01 10:40:00,14.05,14.2,13.05,14.1,141450,1947250,18250.0,CE
2023-02-01 10:41:00,14.15,15.0,14.15,14.9,86150,1947600,18250.0,CE
2023-02-01 10:42:00,15.0,15.15,14.75,14.85,47000,1947600,18250.0,CE
2023-02-01 10:43:00,14.8,14.95,14.6,14.65,37900,1947600,18250.0,CE
2023-02-01 10:44:00,14.65,14.75,14.35,14.65,53150,1973700,18250.0,CE
2023-02-01 10:45:00,14.7,15.5,14.55,15.3,87100,1973700,18250.0,CE
2023-02-01 10:46:00,15.35,15.55,15.05,15.15,62000,1973700,18250.0,CE
2023-02-01 10:47:00,15.15,16.0,15.15,16.0,61350,1978400,18250.0,CE
2023-02-01 10:48:00,15.9,16.1,15.35,15.9,89450,1978400,18250.0,CE
2023-02-01 10:49:00,15.85,16.65,15.8,16.45,177850,1978400,18250.0,CE
2023-02-01 10:50:00,16.45,16.5,15.7,15.75,131600,2038100,18250.0,CE
2023-02-01 10:51:00,15.75,15.8,15.45,15.65,89650,2038100,18250.0,CE
2023-02-01 10:52:00,15.6,15.6,14.9,14.9,101550,2038100,18250.0,CE
2023-02-01 10:53:00,14.9,15.1,14.5,14.9,73050,2069850,18250.0,CE
2023-02-01 10:54:00,15.05,15.5,14.8,15.45,73850,2069850,18250.0,CE
2023-02-01 10:55:00,15.3,15.6,15.2,15.4,70650,2069850,18250.0,CE
2023-02-01 10:56:00,15.4,15.85,15.4,15.85,52650,2095300,18250.0,CE
2023-02-01 10:57:00,15.85,16.0,15.6,15.7,50250,2095300,18250.0,CE
2023-02-01 10:58:00,15.7,15.75,15.3,15.3,35600,2095300,18250.0,CE
2023-02-01 10:59:00,15.2,15.5,15.05,15.45,56550,2111250,18250.0,CE
2023-02-01 11:00:00,15.5,15.7,15.15,15.25,56850,2111250,18250.0,CE
2023-02-01 11:01:00,15.3,15.95,15.2,15.75,67300,2111250,18250.0,CE
2023-02-01 11:02:00,15.7,16.0,15.25,15.9,63000,2102650,18250.0,CE
2023-02-01 11:03:00,16.0,16.25,15.8,16.25,48500,2102650,18250.0,CE
2023-02-01 11:04:00,16.35,17.6,16.15,16.25,373600,2102650,18250.0,CE
2023-02-01 11:05:00,16.2,16.7,15.9,16.4,154300,2113350,18250.0,CE
2023-02-01 11:06:00,16.65,16.75,15.3,15.75,143650,2113350,18250.0,CE
2023-02-01 11:07:00,16.0,16.6,15.75,16.25,109250,2113350,18250.0,CE
2023-02-01 11:08:00,16.2,16.25,15.65,15.75,75600,2138700,18250.0,CE
2023-02-01 11:09:00,15.7,16.0,15.25,15.6,90850,2138700,18250.0,CE
2023-02-01 11:10:00,15.65,15.75,15.15,15.2,79500,2138700,18250.0,CE
2023-02-01 11:11:00,15.2,15.25,10.5,10.5,338900,2176150,18250.0,CE
2023-02-01 11:12:00,9.9,14.8,9.9,13.55,699100,2176150,18250.0,CE
2023-02-01 11:13:00,13.15,14.0,12.75,13.75,206050,2176150,18250.0,CE
2023-02-01 11:14:00,13.5,14.05,13.25,13.85,144600,2194700,18250.0,CE
2023-02-01 11:15:00,13.8,13.9,13.0,13.5,115100,2194700,18250.0,CE
2023-02-01 11:16:00,13.65,13.65,12.55,13.1,159700,2194700,18250.0,CE
2023-02-01 11:17:00,12.8,13.25,12.25,13.25,242000,2177450,18250.0,CE
2023-02-01 11:18:00,13.0,13.2,12.45,12.55,137550,2177450,18250.0,CE
2023-02-01 11:19:00,12.5,12.75,11.55,11.6,207300,2177450,18250.0,CE
2023-02-01 11:20:00,11.65,11.65,10.4,11.45,420400,2159850,18250.0,CE
2023-02-01 11:21:00,11.4,12.3,11.2,12.3,219650,2159850,18250.0,CE
2023-02-01 11:22:00,12.15,12.5,12.0,12.25,207450,2159850,18250.0,CE
2023-02-01 11:23:00,12.2,12.4,11.95,12.15,127550,2210000,18250.0,CE
2023-02-01 11:24:00,12.15,13.5,11.85,13.5,214750,2210000,18250.0,CE
2023-02-01 11:25:00,13.9,14.2,12.9,12.9,288600,2210000,18250.0,CE
2023-02-01 11:26:00,13.05,13.35,12.1,12.15,110300,2228900,18250.0,CE
2023-02-01 11:27:00,12.2,12.7,11.85,12.7,105100,2228900,18250.0,CE
2023-02-01 11:28:00,12.7,13.0,12.45,13.0,98450,2228900,18250.0,CE
2023-02-01 11:29:00,13.05,13.25,12.7,13.25,95000,2231700,18250.0,CE
2023-02-01 11:30:00,13.2,14.65,13.2,14.05,230400,2231700,18250.0,CE
2023-02-01 11:31:00,14.15,14.25,13.45,13.95,157350,2231700,18250.0,CE
2023-02-01 11:32:00,13.75,13.75,13.25,13.35,61450,2265800,18250.0,CE
2023-02-01 11:33:00,13.3,13.6,12.4,12.85,96650,2265800,18250.0,CE
2023-02-01 11:34:00,12.75,13.6,12.1,12.45,106100,2265800,18250.0,CE
2023-02-01 11:35:00,12.55,13.0,12.55,12.9,68550,2266800,18250.0,CE
2023-02-01 11:36:00,13.0,13.45,12.65,13.05,63850,2266800,18250.0,CE
2023-02-01 11:37:00,12.95,13.4,12.75,12.85,56000,2266800,18250.0,CE
2023-02-01 11:38:00,12.9,13.0,12.65,12.85,55950,2287650,18250.0,CE
2023-02-01 11:39:00,13.0,13.25,12.7,13.25,41150,2287650,18250.0,CE
2023-02-01 11:40:00,13.3,13.3,12.7,12.9,41900,2287650,18250.0,CE
2023-02-01 11:41:00,12.95,12.95,12.55,12.55,39300,2285500,18250.0,CE
2023-02-01 11:42:00,12.45,13.2,12.45,12.85,87700,2285500,18250.0,CE
2023-02-01 11:43:00,12.85,12.85,12.45,12.45,50050,2285500,18250.0,CE
2023-02-01 11:44:00,12.3,12.75,12.15,12.3,82550,2302950,18250.0,CE
2023-02-01 11:45:00,12.3,12.4,11.7,12.35,103400,2302950,18250.0,CE
2023-02-01 11:46:00,12.4,12.4,11.25,12.0,151200,2302950,18250.0,CE
2023-02-01 11:47:00,12.0,12.2,11.7,11.8,50050,2292100,18250.0,CE
2023-02-01 11:48:00,11.8,11.9,11.35,11.4,59300,2292100,18250.0,CE
2023-02-01 11:49:00,11.35,11.45,11.0,11.0,220600,2292100,18250.0,CE
2023-02-01 11:50:00,11.0,11.15,10.45,10.45,126750,2290900,18250.0,CE
2023-02-01 11:51:00,10.5,11.25,10.1,11.25,284250,2290900,18250.0,CE
2023-02-01 11:52:00,11.2,11.55,10.95,11.15,78900,2290900,18250.0,CE
2023-02-01 11:53:00,11.2,11.2,10.5,11.1,103150,2316800,18250.0,CE
2023-02-01 11:54:00,11.15,11.45,11.0,11.45,85950,2316800,18250.0,CE
2023-02-01 11:55:00,11.4,12.1,11.4,12.1,93350,2316800,18250.0,CE
2023-02-01 11:56:00,12.2,12.75,12.2,12.6,236000,2299450,18250.0,CE
2023-02-01 11:57:00,12.6,13.0,12.15,12.4,133100,2299450,18250.0,CE
2023-02-01 11:58:00,12.3,12.3,11.1,11.15,79900,2299450,18250.0,CE
2023-02-01 11:59:00,11.2,11.75,11.2,11.5,85900,2299150,18250.0,CE
2023-02-01 12:00:00,11.5,11.5,10.9,11.35,101150,2299150,18250.0,CE
2023-02-01 12:01:00,11.3,11.4,11.15,11.3,71550,2299150,18250.0,CE
2023-02-01 12:02:00,11.3,11.6,10.9,11.6,202600,2289000,18250.0,CE
2023-02-01 12:03:00,11.7,11.8,11.4,11.55,83850,2289000,18250.0,CE
2023-02-01 12:04:00,11.55,11.7,11.25,11.35,92400,2289000,18250.0,CE
2023-02-01 12:05:00,11.35,11.65,11.05,11.55,76500,2275450,18250.0,CE
2023-02-01 12:06:00,11.65,11.85,11.05,11.25,83750,2275450,18250.0,CE
2023-02-01 12:07:00,11.25,11.4,10.8,11.2,109550,2275450,18250.0,CE
2023-02-01 12:08:00,11.25,11.55,11.25,11.5,54000,2275150,18250.0,CE
2023-02-01 12:09:00,11.55,11.9,11.55,11.7,81550,2275150,18250.0,CE
2023-02-01 12:10:00,11.6,11.65,11.25,11.55,53050,2275150,18250.0,CE
2023-02-01 12:11:00,11.45,11.55,11.1,11.25,50950,2267200,18250.0,CE
2023-02-01 12:12:00,11.25,11.3,10.9,11.15,79200,2267200,18250.0,CE
2023-02-01 12:13:00,11.1,11.2,10.25,10.8,255400,2267200,18250.0,CE
2023-02-01 12:14:00,10.65,10.85,10.15,10.15,255550,2272500,18250.0,CE
2023-02-01 12:15:00,10.15,10.25,9.1,10.25,500500,2272500,18250.0,CE
2023-02-01 12:16:00,10.4,11.05,10.2,10.65,354450,2272500,18250.0,CE
2023-02-01 12:17:00,10.55,11.1,10.4,10.6,253750,2370450,18250.0,CE
2023-02-01 12:18:00,10.5,10.6,9.6,10.05,205800,2370450,18250.0,CE
2023-02-01 12:19:00,10.15,10.55,10.1,10.3,153550,2370450,18250.0,CE
2023-02-01 12:20:00,10.25,10.75,10.0,10.1,173950,2372800,18250.0,CE
2023-02-01 12:21:00,10.2,10.75,9.7,10.6,153200,2372800,18250.0,CE
2023-02-01 12:22:00,10.75,13.5,10.75,12.3,431550,2372800,18250.0,CE
2023-02-01 12:23:00,12.6,13.4,11.9,12.2,355100,2360250,18250.0,CE
2023-02-01 12:24:00,12.0,12.8,11.75,12.8,327950,2360250,18250.0,CE
2023-02-01 12:25:00,12.9,14.25,12.45,13.6,518200,2360250,18250.0,CE
2023-02-01 12:26:00,13.85,14.4,10.45,12.6,643150,2370650,18250.0,CE
2023-02-01 12:27:00,13.05,13.25,9.45,9.45,559200,2370650,18250.0,CE
2023-02-01 12:28:00,9.35,12.5,9.35,11.45,662750,2370650,18250.0,CE
2023-02-01 12:29:00,11.3,11.75,10.65,10.75,399750,2370650,18250.0,CE
2023-02-01 12:30:00,10.95,12.75,10.95,12.75,502750,2256550,18250.0,CE
2023-02-01 12:31:00,12.7,13.55,12.15,12.7,595000,2256550,18250.0,CE
2023-02-01 12:32:00,12.65,13.0,11.5,12.2,639650,2256550,18250.0,CE
2023-02-01 12:33:00,12.05,12.7,11.95,12.5,662600,2243050,18250.0,CE
2023-02-01 12:34:00,12.35,14.8,12.35,12.7,877800,2243050,18250.0,CE
2023-02-01 12:35:00,12.65,13.5,11.65,12.55,488150,2243050,18250.0,CE
2023-02-01 12:36:00,12.75,13.9,12.6,12.6,430050,2108250,18250.0,CE
2023-02-01 12:37:00,12.7,13.4,11.95,12.95,308450,2108250,18250.0,CE
2023-02-01 12:38:00,13.3,13.5,12.45,12.75,282250,2108250,18250.0,CE
2023-02-01 12:39:00,13.1,13.5,12.05,12.45,378100,2044200,18250.0,CE
2023-02-01 12:40:00,12.55,13.1,11.4,12.05,429900,2044200,18250.0,CE
2023-02-01 12:41:00,12.05,12.45,10.5,12.2,474650,2044200,18250.0,CE
2023-02-01 12:42:00,12.35,12.85,11.65,11.95,355750,2061550,18250.0,CE
2023-02-01 12:43:00,11.8,11.8,10.4,11.2,238050,2061550,18250.0,CE
2023-02-01 12:44:00,11.05,11.5,10.3,10.65,249750,2061550,18250.0,CE
2023-02-01 12:45:00,10.8,11.85,10.8,11.55,243100,2022250,18250.0,CE
2023-02-01 12:46:00,11.5,11.65,10.0,10.5,212550,2022250,18250.0,CE
2023-02-01 12:47:00,10.35,10.9,10.2,10.8,176000,2022250,18250.0,CE
2023-02-01 12:48:00,10.85,11.15,10.6,10.9,191950,2031050,18250.0,CE
2023-02-01 12:49:00,11.0,11.55,10.7,10.85,265450,2031050,18250.0,CE
2023-02-01 12:50:00,10.8,11.65,10.45,10.6,270200,2031050,18250.0,CE
2023-02-01 12:51:00,10.55,11.4,10.55,10.75,254550,2088200,18250.0,CE
2023-02-01 12:52:00,10.75,11.5,10.75,10.85,359250,2088200,18250.0,CE
2023-02-01 12:53:00,10.85,11.6,10.75,11.45,198850,2088200,18250.0,CE
2023-02-01 12:54:00,11.55,11.85,11.15,11.15,285550,2143100,18250.0,CE
2023-02-01 12:55:00,11.05,11.25,10.1,10.3,219150,2143100,18250.0,CE
2023-02-01 12:56:00,10.45,10.95,10.2,10.4,154100,2143100,18250.0,CE
2023-02-01 12:57:00,10.25,11.0,10.05,11.0,188550,2180250,18250.0,CE
2023-02-01 12:58:00,11.0,11.7,10.9,11.55,190950,2180250,18250.0,CE
2023-02-01 12:59:00,11.55,12.05,11.15,11.9,244650,2180250,18250.0,CE
2023-02-01 13:00:00,12.15,12.2,11.35,11.45,298500,2150950,18250.0,CE
2023-02-01 13:01:00,11.5,12.15,11.4,11.4,201150,2150950,18250.0,CE
2023-02-01 13:02:00,11.35,12.0,10.9,11.65,215500,2150950,18250.0,CE
2023-02-01 13:03:00,11.55,11.6,11.05,11.55,192850,2137450,18250.0,CE
2023-02-01 13:04:00,11.55,11.55,10.9,11.25,134450,2137450,18250.0,CE
2023-02-01 13:05:00,11.35,11.45,10.4,10.45,185550,2137450,18250.0,CE
2023-02-01 13:06:00,10.45,10.75,9.95,10.1,177100,2161550,18250.0,CE
2023-02-01 13:07:00,10.05,10.55,9.6,9.7,174850,2161550,18250.0,CE
2023-02-01 13:08:00,9.5,10.1,9.45,9.7,245350,2161550,18250.0,CE
2023-02-01 13:09:00,9.7,9.85,9.05,9.15,195450,2147900,18250.0,CE
2023-02-01 13:10:00,8.95,9.65,8.35,9.15,469650,2147900,18250.0,CE
2023-02-01 13:11:00,9.05,9.05,7.8,8.15,330600,2147900,18250.0,CE
2023-02-01 13:12:00,8.1,8.9,8.1,8.75,237550,2177500,18250.0,CE
2023-02-01 13:13:00,8.75,8.8,8.5,8.7,165750,2177500,18250.0,CE
2023-02-01 13:14:00,8.85,8.85,8.2,8.35,323100,2177500,18250.0,CE
2023-02-01 13:15:00,8.35,8.85,8.35,8.6,179250,2178850,18250.0,CE
2023-02-01 13:16:00,8.6,8.75,8.35,8.45,157800,2178850,18250.0,CE
2023-02-01 13:17:00,8.45,8.5,8.0,8.15,153600,2178850,18250.0,CE
2023-02-01 13:18:00,8.1,8.1,6.7,6.95,285850,2175800,18250.0,CE
2023-02-01 13:19:00,7.05,7.35,6.25,7.35,400100,2175800,18250.0,CE
2023-02-01 13:20:00,7.2,7.2,6.05,6.75,429200,2175800,18250.0,CE
2023-02-01 13:21:00,6.65,6.75,6.0,6.15,506850,2217000,18250.0,CE
2023-02-01 13:22:00,6.05,6.1,5.4,6.05,730450,2217000,18250.0,CE
2023-02-01 13:23:00,6.0,6.3,5.6,5.75,564600,2217000,18250.0,CE
2023-02-01 13:24:00,5.6,5.6,5.1,5.35,451900,2300350,18250.0,CE
2023-02-01 13:25:00,5.45,5.45,4.75,4.85,693250,2300350,18250.0,CE
2023-02-01 13:26:00,4.75,4.9,4.5,4.9,585050,2300350,18250.0,CE
2023-02-01 13:27:00,4.8,4.85,4.55,4.75,529500,2334250,18250.0,CE
2023-02-01 13:28:00,4.85,5.05,4.8,4.85,384000,2334250,18250.0,CE
2023-02-01 13:29:00,4.8,4.95,4.65,4.65,341700,2334250,18250.0,CE
2023-02-01 13:30:00,4.6,5.05,4.6,4.95,486450,2337450,18250.0,CE
2023-02-01 13:31:00,4.9,4.95,4.6,4.65,372950,2337450,18250.0,CE
2023-02-01 13:32:00,4.6,4.85,4.55,4.75,267650,2337450,18250.0,CE
2023-02-01 13:33:00,4.8,4.85,4.55,4.55,172550,2311750,18250.0,CE
2023-02-01 13:34:00,4.6,4.6,4.1,4.25,371300,2311750,18250.0,CE
2023-02-01 13:35:00,4.15,4.2,3.75,3.85,369300,2311750,18250.0,CE
2023-02-01 13:36:00,3.8,3.8,3.6,3.65,432350,2305100,18250.0,CE
2023-02-01 13:37:00,3.65,3.7,3.4,3.5,289600,2305100,18250.0,CE
2023-02-01 13:38:00,3.4,3.65,3.35,3.5,495900,2305100,18250.0,CE
2023-02-01 13:39:00,3.45,3.75,3.45,3.55,409450,2196050,18250.0,CE
2023-02-01 13:40:00,3.55,3.65,3.3,3.4,412450,2196050,18250.0,CE
2023-02-01 13:41:00,3.35,3.7,3.35,3.4,374650,2196050,18250.0,CE
2023-02-01 13:42:00,3.45,4.1,3.4,3.95,440900,2198000,18250.0,CE
2023-02-01 13:43:00,3.9,4.0,3.7,3.75,243550,2198000,18250.0,CE
2023-02-01 13:44:00,3.75,3.75,3.35,3.5,236350,2198000,18250.0,CE
2023-02-01 13:45:00,3.55,3.65,3.45,3.55,218800,2171250,18250.0,CE
2023-02-01 13:46:00,3.6,3.7,3.55,3.6,189350,2171250,18250.0,CE
2023-02-01 13:47:00,3.6,3.8,3.5,3.8,314200,2171250,18250.0,CE
2023-02-01 13:48:00,3.8,4.25,3.8,4.2,274550,2142850,18250.0,CE
2023-02-01 13:49:00,4.2,4.2,4.1,4.15,138050,2142850,18250.0,CE
2023-02-01 13:50:00,4.15,4.15,3.6,3.6,186850,2142850,18250.0,CE
2023-02-01 13:51:00,3.6,3.65,3.5,3.55,189200,2160350,18250.0,CE
2023-02-01 13:52:00,3.55,3.55,3.1,3.2,318900,2160350,18250.0,CE
2023-02-01 13:53:00,3.2,3.35,3.2,3.3,222050,2160350,18250.0,CE
2023-02-01 13:54:00,3.3,3.5,3.3,3.5,169100,2107650,18250.0,CE
2023-02-01 13:55:00,3.5,3.6,3.45,3.5,99150,2107650,18250.0,CE
2023-02-01 13:56:00,3.45,3.55,3.4,3.45,140350,2107650,18250.0,CE
2023-02-01 13:57:00,3.5,3.6,3.45,3.5,175050,2119250,18250.0,CE
2023-02-01 13:58:00,3.5,3.65,3.5,3.5,172350,2119250,18250.0,CE
2023-02-01 13:59:00,3.5,3.95,3.5,3.95,305250,2119250,18250.0,CE
2023-02-01 14:00:00,3.95,4.0,3.8,3.85,165500,2164900,18250.0,CE
2023-02-01 14:01:00,3.85,4.0,3.65,3.7,200200,2164900,18250.0,CE
2023-02-01 14:02:00,3.7,4.0,3.6,4.0,308200,2164900,18250.0,CE
2023-02-01 14:03:00,3.95,4.35,3.8,4.0,321500,2166450,18250.0,CE
2023-02-01 14:04:00,4.05,4.05,3.6,3.8,307150,2166450,18250.0,CE
2023-02-01 14:05:00,3.8,4.0,3.6,3.6,122850,2166450,18250.0,CE
2023-02-01 14:06:00,3.65,3.65,3.45,3.6,146600,2151850,18250.0,CE
2023-02-01 14:07:00,3.6,3.7,3.55,3.6,153450,2151850,18250.0,CE
2023-02-01 14:08:00,3.55,3.85,3.5,3.8,137600,2151850,18250.0,CE
2023-02-01 14:09:00,3.85,3.85,3.6,3.65,103500,2108000,18250.0,CE
2023-02-01 14:10:00,3.65,3.9,3.65,3.8,142650,2108000,18250.0,CE
2023-02-01 14:11:00,3.8,3.8,3.5,3.55,160050,2108000,18250.0,CE
2023-02-01 14:12:00,3.55,3.6,3.45,3.5,94600,2094100,18250.0,CE
2023-02-01 14:13:00,3.5,3.5,3.35,3.4,106400,2094100,18250.0,CE
2023-02-01 14:14:00,3.4,3.45,3.35,3.4,84750,2094100,18250.0,CE
2023-02-01 14:15:00,3.4,3.45,3.25,3.3,100350,2102150,18250.0,CE
2023-02-01 14:16:00,3.4,3.4,3.2,3.2,162400,2102150,18250.0,CE
2023-02-01 14:17:00,3.25,3.25,3.15,3.2,192200,2102150,18250.0,CE
2023-02-01 14:18:00,3.15,3.2,3.05,3.1,178950,2136100,18250.0,CE
2023-02-01 14:19:00,3.15,3.25,3.1,3.25,247100,2136100,18250.0,CE
2023-02-01 14:20:00,3.2,3.4,3.2,3.25,197600,2136100,18250.0,CE
2023-02-01 14:21:00,3.2,3.35,3.2,3.25,89150,2128900,18250.0,CE
2023-02-01 14:22:00,3.25,3.25,3.1,3.1,110400,2128900,18250.0,CE
2023-02-01 14:23:00,3.1,3.3,3.05,3.25,99200,2128900,18250.0,CE
2023-02-01 14:24:00,3.25,3.35,3.25,3.3,85100,2116500,18250.0,CE
2023-02-01 14:25:00,3.35,3.4,3.3,3.35,128050,2116500,18250.0,CE
2023-02-01 14:26:00,3.4,3.5,3.35,3.45,105650,2116500,18250.0,CE
2023-02-01 14:27:00,3.45,3.5,3.15,3.15,166650,2071850,18250.0,CE
2023-02-01 14:28:00,3.1,3.3,3.1,3.2,214650,2071850,18250.0,CE
2023-02-01 14:29:00,3.2,3.25,3.1,3.15,90150,2071850,18250.0,CE
2023-02-01 14:30:00,3.1,3.3,3.1,3.25,112300,2052850,18250.0,CE
2023-02-01 14:31:00,3.25,3.4,3.25,3.35,85000,2052850,18250.0,CE
2023-02-01 14:32:00,3.35,3.6,3.35,3.6,133050,2052850,18250.0,CE
2023-02-01 14:33:00,3.55,3.75,3.45,3.65,204700,2036900,18250.0,CE
2023-02-01 14:34:00,3.7,4.0,3.65,3.9,300650,2036900,18250.0,CE
2023-02-01 14:35:00,3.9,3.9,3.3,3.4,243050,2036900,18250.0,CE
2023-02-01 14:36:00,3.35,3.4,3.2,3.25,105500,2021650,18250.0,CE
2023-02-01 14:37:00,3.2,3.3,3.2,3.25,83000,2021650,18250.0,CE
2023-02-01 14:38:00,3.2,3.2,3.1,3.15,76050,2021650,18250.0,CE
2023-02-01 14:39:00,3.15,3.15,3.1,3.1,67200,2027650,18250.0,CE
2023-02-01 14:40:00,3.1,3.1,3.05,3.05,66850,2027650,18250.0,CE
2023-02-01 14:41:00,3.05,3.15,3.0,3.1,90600,2027650,18250.0,CE
2023-02-01 14:42:00,3.1,3.15,2.9,2.95,153750,1993700,18250.0,CE
2023-02-01 14:43:00,2.95,3.05,2.9,2.9,125300,1993700,18250.0,CE
2023-02-01 14:44:00,2.9,3.0,2.85,2.95,273150,1993700,18250.0,CE
2023-02-01 14:45:00,2.95,3.25,2.95,3.1,205350,1917350,18250.0,CE
2023-02-01 14:46:00,3.15,3.2,3.05,3.1,176600,1917350,18250.0,CE
2023-02-01 14:47:00,3.15,3.25,3.1,3.2,193550,1917350,18250.0,CE
2023-02-01 14:48:00,3.2,3.3,3.15,3.25,140950,1894500,18250.0,CE
2023-02-01 14:49:00,3.25,3.3,3.1,3.15,81500,1894500,18250.0,CE
2023-02-01 14:50:00,3.1,3.25,3.05,3.2,129250,1894500,18250.0,CE
2023-02-01 14:51:00,3.25,3.35,3.2,3.3,156200,1827650,18250.0,CE
2023-02-01 14:52:00,3.3,3.5,3.3,3.5,216750,1827650,18250.0,CE
2023-02-01 14:53:00,3.5,3.7,3.45,3.5,121450,1827650,18250.0,CE
2023-02-01 14:54:00,3.5,3.75,3.4,3.6,76100,1827600,18250.0,CE
2023-02-01 14:55:00,3.55,3.65,3.45,3.45,103300,1827600,18250.0,CE
2023-02-01 14:56:00,3.45,3.5,3.3,3.35,87900,1827600,18250.0,CE
2023-02-01 14:57:00,3.3,3.35,3.1,3.2,114250,1825600,18250.0,CE
2023-02-01 14:58:00,3.1,3.6,3.1,3.55,65600,1825600,18250.0,CE
2023-02-01 14:59:00,3.55,3.7,3.45,3.45,63200,1825600,18250.0,CE
2023-02-01 15:00:00,3.5,3.6,3.1,3.2,49350,1795900,18250.0,CE
2023-02-01 15:01:00,3.2,3.55,3.15,3.5,113050,1795900,18250.0,CE
2023-02-01 15:02:00,3.45,3.5,3.3,3.5,153350,1795900,18250.0,CE
2023-02-01 15:03:00,3.45,3.45,3.05,3.1,104850,1783550,18250.0,CE
2023-02-01 15:04:00,3.05,3.35,3.05,3.15,195450,1783550,18250.0,CE
2023-02-01 15:05:00,3.15,3.5,3.15,3.45,159550,1783550,18250.0,CE
2023-02-01 15:06:00,3.45,3.5,3.05,3.05,234900,1702150,18250.0,CE
2023-02-01 15:07:00,3.05,3.15,3.0,3.1,228050,1702150,18250.0,CE
2023-02-01 15:08:00,3.05,3.7,3.0,3.4,194200,1702150,18250.0,CE
2023-02-01 15:09:00,3.45,3.45,3.0,3.15,219100,1597100,18250.0,CE
2023-02-01 15:10:00,3.1,3.35,2.9,2.95,250550,1597100,18250.0,CE
2023-02-01 15:11:00,2.95,3.05,2.65,2.75,204400,1597100,18250.0,CE
2023-02-01 15:12:00,2.75,2.75,2.45,2.5,224450,1520500,18250.0,CE
2023-02-01 15:13:00,2.5,2.7,2.5,2.65,134050,1520500,18250.0,CE
2023-02-01 15:14:00,2.65,2.65,2.3,2.4,210150,1520500,18250.0,CE
2023-02-01 15:15:00,2.35,2.45,2.3,2.35,131750,1469850,18250.0,CE
2023-02-01 15:16:00,2.35,2.35,2.15,2.15,127950,1469850,18250.0,CE
2023-02-01 15:17:00,2.1,2.15,2.0,2.1,108150,1469850,18250.0,CE
2023-02-01 15:18:00,2.1,2.15,1.85,1.85,163950,1438400,18250.0,CE
2023-02-01 15:19:00,1.9,1.95,1.85,1.9,87850,1438400,18250.0,CE
2023-02-01 15:20:00,1.85,1.9,1.6,1.65,120750,1438400,18250.0,CE
2023-02-01 15:21:00,1.65,1.9,1.65,1.85,170600,1363300,18250.0,CE
2023-02-01 15:22:00,1.9,2.15,1.85,2.05,259650,1363300,18250.0,CE
2023-02-01 15:23:00,2.05,2.15,1.75,1.75,291600,1363300,18250.0,CE
2023-02-01 15:24:00,1.8,1.85,1.65,1.65,159200,1437750,18250.0,CE
2023-02-01 15:25:00,1.7,1.75,1.55,1.65,158200,1437750,18250.0,CE
2023-02-01 15:26:00,1.65,1.85,1.65,1.85,82650,1437750,18250.0,CE
2023-02-01 15:27:00,1.9,1.9,1.7,1.8,89550,1447350,18250.0,CE
2023-02-01 15:28:00,1.8,1.85,1.7,1.75,78450,1447350,18250.0,CE
2023-02-01 15:29:00,1.8,1.95,1.75,1.75,115100,1447350,18250.0,CE
2023-02-02 09:15:00,1.8,1.85,1.05,1.35,136153,1414000,18250.0,CE
2023-02-02 09:16:00,1.35,1.35,1.25,1.3,156300,1414000,18250.0,CE
2023-02-02 09:17:00,1.3,1.45,1.3,1.45,160050,1377650,18250.0,CE
2023-02-02 09:18:00,1.5,1.65,1.45,1.6,167750,1377650,18250.0,CE
2023-02-02 09:19:00,1.6,1.7,1.55,1.65,126800,1377650,18250.0,CE
2023-02-02 09:20:00,1.7,1.75,1.65,1.7,91700,1359400,18250.0,CE
2023-02-02 09:21:00,1.75,1.75,1.65,1.7,110000,1359400,18250.0,CE
2023-02-02 09:22:00,1.65,1.7,1.6,1.65,115350,1359400,18250.0,CE
2023-02-02 09:23:00,1.6,1.7,1.6,1.65,105850,1359400,18250.0,CE
2023-02-02 09:24:00,1.65,1.65,1.35,1.35,176650,1359400,18250.0,CE
2023-02-02 09:25:00,1.4,1.4,1.3,1.3,78450,1359400,18250.0,CE
2023-02-02 09:26:00,1.3,1.35,1.3,1.35,59850,1229150,18250.0,CE
2023-02-02 09:27:00,1.35,1.35,1.3,1.3,28700,1229150,18250.0,CE
2023-02-02 09:28:00,1.35,1.4,1.3,1.35,361000,1229150,18250.0,CE
2023-02-02 09:29:00,1.3,1.35,1.3,1.35,54600,1365450,18250.0,CE
2023-02-02 09:30:00,1.3,1.35,1.15,1.15,120100,1365450,18250.0,CE
2023-02-02 09:31:00,1.15,1.25,1.15,1.25,102900,1365450,18250.0,CE
2023-02-02 09:32:00,1.2,1.25,1.2,1.25,68800,1354400,18250.0,CE
2023-02-02 09:33:00,1.2,1.3,1.2,1.25,98500,1354400,18250.0,CE
2023-02-02 09:34:00,1.25,1.3,1.2,1.3,146650,1354400,18250.0,CE
2023-02-02 09:35:00,1.25,1.35,1.25,1.35,92950,1383800,18250.0,CE
2023-02-02 09:36:00,1.3,1.35,1.25,1.3,120550,1383800,18250.0,CE
2023-02-02 09:37:00,1.3,1.3,1.2,1.2,61400,1383800,18250.0,CE
2023-02-02 09:38:00,1.2,1.3,1.2,1.25,61050,1348950,18250.0,CE
2023-02-02 09:39:00,1.25,1.3,1.2,1.2,104550,1348950,18250.0,CE
2023-02-02 09:40:00,1.25,1.25,1.2,1.2,273900,1348950,18250.0,CE
2023-02-02 09:41:00,1.25,1.25,1.2,1.2,41450,1241800,18250.0,CE
2023-02-02 09:42:00,1.2,1.25,1.15,1.2,125250,1241800,18250.0,CE
2023-02-02 09:43:00,1.2,1.25,1.2,1.25,28950,1241800,18250.0,CE
2023-02-02 09:44:00,1.2,1.25,1.1,1.1,93950,1217500,18250.0,CE
2023-02-02 09:45:00,1.15,1.15,1.05,1.1,102300,1217500,18250.0,CE
2023-02-02 09:46:00,1.1,1.1,1.0,1.1,109700,1217500,18250.0,CE
2023-02-02 09:47:00,1.05,1.15,1.05,1.15,37350,1222950,18250.0,CE
2023-02-02 09:48:00,1.1,1.15,1.05,1.05,54350,1222950,18250.0,CE
2023-02-02 09:49:00,1.05,1.1,1.05,1.1,25200,1222950,18250.0,CE
2023-02-02 09:50:00,1.05,1.1,1.05,1.1,22200,1202150,18250.0,CE
2023-02-02 09:51:00,1.05,1.2,1.05,1.1,59000,1202150,18250.0,CE
2023-02-02 09:52:00,1.15,1.2,1.1,1.1,58500,1202150,18250.0,CE
2023-02-02 09:53:00,1.15,1.15,1.1,1.15,36600,1211550,18250.0,CE
2023-02-02 09:54:00,1.15,1.15,1.0,1.0,64050,1211550,18250.0,CE
2023-02-02 09:55:00,1.0,1.05,0.95,1.0,53450,1211550,18250.0,CE
2023-02-02 09:56:00,0.95,0.95,0.9,0.95,55450,1231500,18250.0,CE
2023-02-02 09:57:00,0.9,1.0,0.9,0.95,36650,1231500,18250.0,CE
2023-02-02 09:58:00,1.0,1.0,0.9,0.9,49500,1231500,18250.0,CE
2023-02-02 09:59:00,0.95,0.95,0.85,0.85,52650,1211800,18250.0,CE
2023-02-02 10:00:00,0.9,0.9,0.85,0.9,19100,1211800,18250.0,CE
2023-02-02 10:01:00,0.9,0.9,0.85,0.85,27150,1211800,18250.0,CE
2023-02-02 10:02:00,0.85,0.9,0.85,0.9,57100,1206950,18250.0,CE
2023-02-02 10:03:00,0.85,0.95,0.85,0.95,46050,1206950,18250.0,CE
2023-02-02 10:04:00,0.95,0.95,0.9,0.9,19800,1206950,18250.0,CE
2023-02-02 10:05:00,0.9,1.0,0.9,0.95,66550,1205000,18250.0,CE
2023-02-02 10:06:00,0.95,0.95,0.9,0.95,20450,1205000,18250.0,CE
2023-02-02 10:07:00,0.95,1.0,0.9,1.0,73850,1205000,18250.0,CE
2023-02-02 10:08:00,0.95,1.0,0.9,0.95,19950,1218600,18250.0,CE
2023-02-02 10:09:00,0.95,0.95,0.9,0.9,10600,1218600,18250.0,CE
2023-02-02 10:10:00,0.9,0.95,0.9,0.95,15250,1218600,18250.0,CE
2023-02-02 10:11:00,0.95,0.95,0.9,0.95,27400,1210100,18250.0,CE
2023-02-02 10:12:00,0.95,0.95,0.9,0.9,15750,1210100,18250.0,CE
2023-02-02 10:13:00,0.9,0.95,0.9,0.95,24750,1210100,18250.0,CE
2023-02-02 10:14:00,0.95,1.0,0.9,0.95,28450,1205950,18250.0,CE
2023-02-02 10:15:00,0.95,0.95,0.9,0.9,16950,1205950,18250.0,CE
2023-02-02 10:16:00,0.95,1.0,0.9,0.95,145000,1205950,18250.0,CE
2023-02-02 10:17:00,0.95,0.95,0.9,0.9,27900,1230300,18250.0,CE
2023-02-02 10:18:00,0.95,0.95,0.85,0.9,74350,1230300,18250.0,CE
2023-02-02 10:19:00,0.9,0.9,0.85,0.85,20700,1230300,18250.0,CE
2023-02-02 10:20:00,0.85,0.9,0.85,0.9,50050,1195050,18250.0,CE
2023-02-02 10:21:00,0.85,0.9,0.85,0.85,19550,1195050,18250.0,CE
2023-02-02 10:22:00,0.9,0.9,0.85,0.85,25500,1195050,18250.0,CE
2023-02-02 10:23:00,0.9,0.9,0.85,0.9,33250,1178500,18250.0,CE
2023-02-02 10:24:00,0.9,0.95,0.85,0.9,31900,1178500,18250.0,CE
2023-02-02 10:25:00,0.85,0.9,0.85,0.85,7700,1178500,18250.0,CE
2023-02-02 10:26:00,0.85,0.9,0.85,0.85,10950,1169750,18250.0,CE
2023-02-02 10:27:00,0.85,0.9,0.85,0.9,12400,1169750,18250.0,CE
2023-02-02 10:28:00,0.85,0.9,0.85,0.9,25350,1169750,18250.0,CE
2023-02-02 10:29:00,0.9,0.95,0.85,0.9,74850,1168100,18250.0,CE
2023-02-02 10:30:00,0.85,0.9,0.85,0.9,28900,1168100,18250.0,CE
2023-02-02 10:31:00,0.85,0.9,0.85,0.9,18600,1168100,18250.0,CE
2023-02-02 10:32:00,0.9,0.9,0.85,0.9,43250,1169400,18250.0,CE
2023-02-02 10:33:00,0.9,0.9,0.85,0.9,17600,1169400,18250.0,CE
2023-02-02 10:34:00,0.9,0.95,0.85,0.85,74450,1169400,18250.0,CE
2023-02-02 10:35:00,0.9,0.9,0.85,0.9,25150,1139300,18250.0,CE
2023-02-02 10:36:00,0.9,0.95,0.85,0.95,82000,1139300,18250.0,CE
2023-02-02 10:37:00,0.95,1.0,0.9,0.9,45800,1139300,18250.0,CE
2023-02-02 10:38:00,0.9,0.95,0.85,0.85,16250,1139550,18250.0,CE
2023-02-02 10:39:00,0.85,0.9,0.85,0.85,4350,1139550,18250.0,CE
2023-02-02 10:40:00,0.9,0.9,0.85,0.9,3450,1139550,18250.0,CE
2023-02-02 10:41:00,0.85,0.9,0.85,0.85,16850,1132450,18250.0,CE
2023-02-02 10:42:00,0.85,0.9,0.85,0.85,25600,1132450,18250.0,CE
2023-02-02 10:43:00,0.85,0.85,0.75,0.75,97600,1132450,18250.0,CE
2023-02-02 10:44:00,0.75,0.75,0.7,0.7,28050,1148950,18250.0,CE
2023-02-02 10:45:00,0.75,0.75,0.7,0.7,27500,1148950,18250.0,CE
2023-02-02 10:46:00,0.7,0.75,0.7,0.75,6550,1148950,18250.0,CE
2023-02-02 10:47:00,0.75,0.8,0.7,0.75,44950,1126350,18250.0,CE
2023-02-02 10:48:00,0.75,0.8,0.75,0.8,10500,1126350,18250.0,CE
2023-02-02 10:49:00,0.8,0.8,0.75,0.8,5900,1126350,18250.0,CE
2023-02-02 10:50:00,0.8,0.8,0.75,0.8,9050,1123800,18250.0,CE
2023-02-02 10:51:00,0.8,0.8,0.75,0.75,7000,1123800,18250.0,CE
2023-02-02 10:52:00,0.8,0.8,0.75,0.75,19900,1123800,18250.0,CE
2023-02-02 10:53:00,0.75,0.75,0.7,0.7,5200,1123800,18250.0,CE
2023-02-02 10:54:00,0.75,0.75,0.7,0.75,13550,1125950,18250.0,CE
2023-02-02 10:55:00,0.7,0.75,0.7,0.75,27250,1125950,18250.0,CE
2023-02-02 10:56:00,0.7,0.75,0.7,0.7,7300,1107450,18250.0,CE
2023-02-02 10:57:00,0.75,0.75,0.7,0.7,2200,1107450,18250.0,CE
2023-02-02 10:58:00,0.7,0.75,0.7,0.7,3550,1107450,18250.0,CE
2023-02-02 10:59:00,0.75,0.75,0.7,0.7,1650,1104750,18250.0,CE
2023-02-02 11:00:00,0.75,0.75,0.7,0.75,26200,1104750,18250.0,CE
2023-02-02 11:01:00,0.75,0.8,0.75,0.8,6000,1104750,18250.0,CE
2023-02-02 11:02:00,0.8,0.8,0.75,0.75,10450,1095650,18250.0,CE
2023-02-02 11:03:00,0.75,0.8,0.75,0.75,6450,1095650,18250.0,CE
2023-02-02 11:04:00,0.75,0.8,0.7,0.7,23300,1095650,18250.0,CE
2023-02-02 11:05:00,0.7,0.7,0.7,0.7,6300,1095650,18250.0,CE
2023-02-02 11:06:00,0.75,0.75,0.7,0.7,8400,1097300,18250.0,CE
2023-02-02 11:07:00,0.75,0.75,0.7,0.75,19850,1097300,18250.0,CE
2023-02-02 11:08:00,0.7,0.75,0.7,0.7,11100,1109750,18250.0,CE
2023-02-02 11:09:00,0.75,0.75,0.7,0.7,8150,1109750,18250.0,CE
2023-02-02 11:10:00,0.7,0.75,0.7,0.75,50300,1109750,18250.0,CE
2023-02-02 11:11:00,0.7,0.8,0.7,0.8,38100,1122150,18250.0,CE
2023-02-02 11:12:00,0.8,0.85,0.75,0.8,47900,1122150,18250.0,CE
2023-02-02 11:13:00,0.8,0.85,0.8,0.8,79100,1122150,18250.0,CE
2023-02-02 11:14:00,0.75,0.8,0.75,0.75,5150,1117750,18250.0,CE
2023-02-02 11:15:00,0.75,0.8,0.75,0.75,6750,1117750,18250.0,CE
2023-02-02 11:16:00,0.75,0.8,0.7,0.75,19950,1117750,18250.0,CE
2023-02-02 11:17:00,0.75,0.75,0.7,0.7,13100,1117750,18250.0,CE
2023-02-02 11:18:00,0.75,0.75,0.7,0.75,10950,1115000,18250.0,CE
2023-02-02 11:19:00,0.75,0.75,0.7,0.7,14350,1115000,18250.0,CE
2023-02-02 11:20:00,0.7,0.75,0.7,0.7,22900,1115000,18250.0,CE
2023-02-02 11:21:00,0.7,0.75,0.7,0.7,4050,1105650,18250.0,CE
2023-02-02 11:22:00,0.7,0.75,0.7,0.75,5100,1105650,18250.0,CE
2023-02-02 11:23:00,0.75,0.75,0.7,0.7,26950,1105650,18250.0,CE
2023-02-02 11:24:00,0.7,0.75,0.7,0.75,9150,1092600,18250.0,CE
2023-02-02 11:25:00,0.75,0.75,0.7,0.7,7450,1092600,18250.0,CE
2023-02-02 11:26:00,0.7,0.75,0.7,0.7,23750,1092600,18250.0,CE
2023-02-02 11:27:00,0.7,0.7,0.7,0.7,950,1107950,18250.0,CE
2023-02-02 11:28:00,0.7,0.75,0.7,0.75,3900,1107950,18250.0,CE
2023-02-02 11:29:00,0.7,0.75,0.7,0.7,2900,1107950,18250.0,CE
2023-02-02 11:30:00,0.75,0.75,0.65,0.65,15450,1106400,18250.0,CE
2023-02-02 11:31:00,0.65,0.7,0.65,0.7,20400,1106400,18250.0,CE
2023-02-02 11:32:00,0.7,0.7,0.65,0.7,5250,1106400,18250.0,CE
2023-02-02 11:33:00,0.65,0.7,0.65,0.65,11250,1088900,18250.0,CE
2023-02-02 11:34:00,0.65,0.7,0.65,0.7,3250,1088900,18250.0,CE
2023-02-02 11:35:00,0.65,0.7,0.65,0.7,17650,1088900,18250.0,CE
2023-02-02 11:36:00,0.65,0.7,0.65,0.7,38900,1085000,18250.0,CE
2023-02-02 11:37:00,0.7,0.75,0.7,0.7,6250,1085000,18250.0,CE
2023-02-02 11:38:00,0.7,0.75,0.7,0.7,2050,1085000,18250.0,CE
2023-02-02 11:39:00,0.75,0.75,0.7,0.75,1950,1080350,18250.0,CE
2023-02-02 11:40:00,0.75,0.75,0.7,0.7,16900,1080350,18250.0,CE
2023-02-02 11:41:00,0.7,0.75,0.7,0.7,18600,1080350,18250.0,CE
2023-02-02 11:42:00,0.7,0.75,0.7,0.7,23750,1079300,18250.0,CE
2023-02-02 11:43:00,0.65,0.7,0.65,0.65,10400,1079300,18250.0,CE
2023-02-02 11:44:00,0.65,0.7,0.65,0.7,11200,1079300,18250.0,CE
2023-02-02 11:45:00,0.65,0.7,0.65,0.65,5800,1071300,18250.0,CE
2023-02-02 11:46:00,0.65,0.7,0.65,0.65,8650,1071300,18250.0,CE
2023-02-02 11:47:00,0.65,0.7,0.65,0.65,8650,1071300,18250.0,CE
2023-02-02 11:48:00,0.65,0.7,0.6,0.6,19700,1075150,18250.0,CE
2023-02-02 11:49:00,0.6,0.6,0.6,0.6,800,1075150,18250.0,CE
2023-02-02 11:50:00,0.6,0.65,0.6,0.6,5700,1075150,18250.0,CE
2023-02-02 11:51:00,0.6,0.65,0.6,0.6,1300,1079400,18250.0,CE
2023-02-02 11:52:00,0.6,0.65,0.6,0.6,4050,1079400,18250.0,CE
2023-02-02 11:53:00,0.65,0.65,0.6,0.6,9850,1079400,18250.0,CE
2023-02-02 11:54:00,0.65,0.7,0.6,0.7,46850,1069000,18250.0,CE
2023-02-02 11:55:00,0.7,0.8,0.7,0.75,34450,1069000,18250.0,CE
2023-02-02 11:56:00,0.75,0.8,0.7,0.75,28200,1069000,18250.0,CE
2023-02-02 11:57:00,0.75,0.75,0.7,0.7,21250,1072000,18250.0,CE
2023-02-02 11:58:00,0.7,0.75,0.7,0.7,9300,1072000,18250.0,CE
2023-02-02 11:59:00,0.7,0.75,0.7,0.75,6600,1072000,18250.0,CE
2023-02-02 12:00:00,0.7,0.75,0.7,0.7,3150,1078300,18250.0,CE
2023-02-02 12:01:00,0.7,0.7,0.65,0.7,32450,1078300,18250.0,CE
2023-02-02 12:02:00,0.7,0.7,0.65,0.65,3500,1078300,18250.0,CE
2023-02-02 12:03:00,0.65,0.65,0.6,0.6,19500,1089450,18250.0,CE
2023-02-02 12:04:00,0.6,0.65,0.6,0.6,17000,1089450,18250.0,CE
2023-02-02 12:05:00,0.6,0.65,0.6,0.65,9150,1089450,18250.0,CE
2023-02-02 12:06:00,0.65,0.65,0.6,0.65,6800,1067600,18250.0,CE
2023-02-02 12:07:00,0.65,0.65,0.6,0.6,3300,1067600,18250.0,CE
2023-02-02 12:08:00,0.65,0.65,0.6,0.6,2750,1067600,18250.0,CE
2023-02-02 12:09:00,0.6,0.6,0.6,0.6,8950,1064550,18250.0,CE
2023-02-02 12:10:00,0.6,0.65,0.6,0.65,49250,1064550,18250.0,CE
2023-02-02 12:11:00,0.6,0.6,0.6,0.6,20750,1064550,18250.0,CE
2023-02-02 12:12:00,0.55,0.6,0.5,0.5,12650,1065850,18250.0,CE
2023-02-02 12:13:00,0.5,0.55,0.5,0.55,10300,1065850,18250.0,CE
2023-02-02 12:14:00,0.5,0.55,0.5,0.55,10200,1065850,18250.0,CE
2023-02-02 12:15:00,0.5,0.55,0.5,0.55,5600,1056600,18250.0,CE
2023-02-02 12:16:00,0.55,0.55,0.5,0.5,6600,1056600,18250.0,CE
2023-02-02 12:17:00,0.5,0.5,0.45,0.45,19100,1056600,18250.0,CE
2023-02-02 12:18:00,0.45,0.5,0.45,0.45,11150,1056050,18250.0,CE
2023-02-02 12:19:00,0.45,0.5,0.45,0.5,7650,1056050,18250.0,CE
2023-02-02 12:20:00,0.45,0.5,0.45,0.5,8850,1056050,18250.0,CE
2023-02-02 12:21:00,0.45,0.5,0.4,0.4,27800,1054050,18250.0,CE
2023-02-02 12:22:00,0.4,0.45,0.4,0.45,16350,1054050,18250.0,CE
2023-02-02 12:23:00,0.45,0.45,0.4,0.45,25700,1054050,18250.0,CE
2023-02-02 12:24:00,0.45,0.45,0.4,0.4,11700,1037050,18250.0,CE
2023-02-02 12:25:00,0.45,0.45,0.4,0.45,12950,1037050,18250.0,CE
2023-02-02 12:26:00,0.4,0.45,0.4,0.4,6250,1037050,18250.0,CE
2023-02-02 12:27:00,0.4,0.45,0.4,0.45,5850,1011700,18250.0,CE
2023-02-02 12:28:00,0.4,0.45,0.4,0.4,4800,1011700,18250.0,CE
2023-02-02 12:29:00,0.4,0.45,0.4,0.4,18550,1011700,18250.0,CE
2023-02-02 12:30:00,0.4,0.45,0.4,0.45,6600,1002500,18250.0,CE
2023-02-02 12:31:00,0.4,0.5,0.4,0.5,24250,1002500,18250.0,CE
2023-02-02 12:32:00,0.45,0.5,0.45,0.5,9550,1002500,18250.0,CE
2023-02-02 12:33:00,0.45,0.5,0.45,0.45,28100,987500,18250.0,CE
2023-02-02 12:34:00,0.5,0.5,0.45,0.45,27500,987500,18250.0,CE
2023-02-02 12:35:00,0.45,0.5,0.45,0.5,9850,987500,18250.0,CE
2023-02-02 12:36:00,0.45,0.5,0.45,0.45,18850,960050,18250.0,CE
2023-02-02 12:37:00,0.45,0.55,0.45,0.5,33300,960050,18250.0,CE
2023-02-02 12:38:00,0.55,0.55,0.5,0.5,42300,960050,18250.0,CE
2023-02-02 12:39:00,0.5,0.55,0.45,0.5,6100,950700,18250.0,CE
2023-02-02 12:40:00,0.55,0.55,0.5,0.5,9450,950700,18250.0,CE
2023-02-02 12:41:00,0.5,0.55,0.5,0.55,6650,950700,18250.0,CE
2023-02-02 12:42:00,0.55,0.6,0.5,0.55,33100,945150,18250.0,CE
2023-02-02 12:43:00,0.55,0.55,0.5,0.55,21400,945150,18250.0,CE
2023-02-02 12:44:00,0.55,0.55,0.5,0.5,26200,945150,18250.0,CE
2023-02-02 12:45:00,0.55,0.55,0.5,0.5,22600,942350,18250.0,CE
2023-02-02 12:46:00,0.5,0.55,0.5,0.5,5050,942350,18250.0,CE
2023-02-02 12:47:00,0.5,0.55,0.5,0.5,3150,942350,18250.0,CE
2023-02-02 12:48:00,0.5,0.55,0.45,0.5,9850,930650,18250.0,CE
2023-02-02 12:49:00,0.5,0.6,0.5,0.5,57600,930650,18250.0,CE
2023-02-02 12:50:00,0.5,0.55,0.5,0.55,16700,930650,18250.0,CE
2023-02-02 12:51:00,0.55,0.55,0.5,0.55,2750,930650,18250.0,CE
2023-02-02 12:52:00,0.55,0.6,0.5,0.55,4500,908200,18250.0,CE
2023-02-02 12:53:00,0.55,0.55,0.5,0.55,600,908200,18250.0,CE
2023-02-02 12:54:00,0.5,0.55,0.5,0.55,1300,908050,18250.0,CE
2023-02-02 12:55:00,0.55,0.6,0.55,0.6,8250,908050,18250.0,CE
2023-02-02 12:56:00,0.55,0.6,0.55,0.6,4000,908050,18250.0,CE
2023-02-02 12:57:00,0.6,0.6,0.55,0.6,6000,914900,18250.0,CE
2023-02-02 12:58:00,0.55,0.65,0.55,0.6,25600,914900,18250.0,CE
2023-02-02 12:59:00,0.55,0.6,0.55,0.6,8200,914900,18250.0,CE
2023-02-02 13:00:00,0.55,0.55,0.55,0.55,1100,918850,18250.0,CE
2023-02-02 13:01:00,0.6,0.6,0.55,0.55,8350,918850,18250.0,CE
2023-02-02 13:02:00,0.55,0.6,0.5,0.5,16700,918850,18250.0,CE
2023-02-02 13:03:00,0.5,0.55,0.5,0.55,15150,909400,18250.0,CE
2023-02-02 13:04:00,0.6,0.6,0.55,0.6,14200,909400,18250.0,CE
2023-02-02 13:05:00,0.6,0.6,0.55,0.55,7550,909400,18250.0,CE
2023-02-02 13:06:00,0.55,0.6,0.5,0.55,8400,901400,18250.0,CE
2023-02-02 13:07:00,0.55,0.55,0.5,0.5,6700,901400,18250.0,CE
2023-02-02 13:08:00,0.5,0.5,0.45,0.45,15650,901400,18250.0,CE
2023-02-02 13:09:00,0.5,0.55,0.45,0.5,17400,899550,18250.0,CE
2023-02-02 13:10:00,0.55,0.55,0.5,0.55,48050,899550,18250.0,CE
2023-02-02 13:11:00,0.55,0.55,0.5,0.5,1000,899550,18250.0,CE
2023-02-02 13:12:00,0.5,0.55,0.5,0.5,24500,926050,18250.0,CE
2023-02-02 13:13:00,0.55,0.55,0.5,0.55,4850,926050,18250.0,CE
2023-02-02 13:14:00,0.55,0.55,0.5,0.5,12900,926050,18250.0,CE
2023-02-02 13:15:00,0.5,0.55,0.5,0.55,144800,923800,18250.0,CE
2023-02-02 13:16:00,0.5,0.5,0.45,0.45,11900,923800,18250.0,CE
2023-02-02 13:17:00,0.5,0.5,0.45,0.45,8500,923800,18250.0,CE
2023-02-02 13:18:00,0.5,0.5,0.45,0.5,27650,1028000,18250.0,CE
2023-02-02 13:19:00,0.5,0.5,0.45,0.45,109750,1028000,18250.0,CE
2023-02-02 13:20:00,0.45,0.5,0.45,0.5,1300,1028000,18250.0,CE
2023-02-02 13:21:00,0.45,0.45,0.4,0.45,14500,1114600,18250.0,CE
2023-02-02 13:22:00,0.4,0.45,0.4,0.4,4250,1114600,18250.0,CE
2023-02-02 13:23:00,0.4,0.45,0.4,0.4,4850,1114600,18250.0,CE
2023-02-02 13:24:00,0.45,0.45,0.4,0.4,13900,1116450,18250.0,CE
2023-02-02 13:25:00,0.4,0.4,0.4,0.4,2600,1116450,18250.0,CE
2023-02-02 13:26:00,0.45,0.45,0.35,0.4,63550,1116450,18250.0,CE
2023-02-02 13:27:00,0.4,0.45,0.35,0.35,17950,1092200,18250.0,CE
2023-02-02 13:28:00,0.4,0.4,0.35,0.35,5050,1092200,18250.0,CE
2023-02-02 13:29:00,0.4,0.4,0.35,0.35,8600,1092200,18250.0,CE
2023-02-02 13:30:00,0.4,0.4,0.35,0.4,1250,1087800,18250.0,CE
2023-02-02 13:31:00,0.4,0.4,0.35,0.35,4150,1087800,18250.0,CE
2023-02-02 13:32:00,0.35,0.35,0.35,0.35,6300,1087800,18250.0,CE
2023-02-02 13:33:00,0.35,0.4,0.35,0.4,1750,1077400,18250.0,CE
2023-02-02 13:34:00,0.35,0.35,0.35,0.35,2950,1077400,18250.0,CE
2023-02-02 13:35:00,0.35,0.4,0.35,0.35,6150,1077400,18250.0,CE
2023-02-02 13:36:00,0.35,0.4,0.35,0.35,4050,1073850,18250.0,CE
2023-02-02 13:37:00,0.35,0.4,0.35,0.4,5450,1073850,18250.0,CE
2023-02-02 13:38:00,0.35,0.35,0.3,0.3,20300,1073850,18250.0,CE
2023-02-02 13:39:00,0.35,0.35,0.3,0.35,4450,1072250,18250.0,CE
2023-02-02 13:40:00,0.3,0.35,0.3,0.35,19050,1072250,18250.0,CE
2023-02-02 13:41:00,0.3,0.35,0.3,0.35,8750,1072250,18250.0,CE
2023-02-02 13:42:00,0.3,0.35,0.3,0.3,4800,1070550,18250.0,CE
2023-02-02 13:43:00,0.3,0.35,0.3,0.3,6800,1070550,18250.0,CE
2023-02-02 13:44:00,0.35,0.35,0.3,0.35,45600,1070550,18250.0,CE
2023-02-02 13:45:00,0.3,0.35,0.3,0.3,12750,1063100,18250.0,CE
2023-02-02 13:46:00,0.3,0.35,0.25,0.35,16600,1063100,18250.0,CE
2023-02-02 13:47:00,0.35,0.35,0.3,0.3,16400,1063100,18250.0,CE
2023-02-02 13:48:00,0.3,0.35,0.3,0.3,10500,1053050,18250.0,CE
2023-02-02 13:49:00,0.3,0.4,0.3,0.35,25550,1053050,18250.0,CE
2023-02-02 13:50:00,0.3,0.35,0.3,0.35,7550,1053050,18250.0,CE
2023-02-02 13:51:00,0.3,0.35,0.3,0.3,22550,1035300,18250.0,CE
2023-02-02 13:52:00,0.3,0.35,0.3,0.35,15400,1035300,18250.0,CE
2023-02-02 13:53:00,0.3,0.35,0.3,0.35,2200,1035300,18250.0,CE
2023-02-02 13:54:00,0.3,0.4,0.3,0.35,6100,1025100,18250.0,CE
2023-02-02 13:55:00,0.35,0.4,0.35,0.35,7350,1025100,18250.0,CE
2023-02-02 13:56:00,0.4,0.4,0.35,0.35,4450,1025100,18250.0,CE
2023-02-02 13:57:00,0.35,0.4,0.3,0.35,10250,1013450,18250.0,CE
2023-02-02 13:58:00,0.4,0.45,0.35,0.45,22900,1013450,18250.0,CE
2023-02-02 13:59:00,0.35,0.45,0.35,0.4,30050,1013450,18250.0,CE
2023-02-02 14:00:00,0.4,0.4,0.35,0.35,3150,1008650,18250.0,CE
2023-02-02 14:01:00,0.4,0.4,0.35,0.4,22100,1008650,18250.0,CE
2023-02-02 14:02:00,0.35,0.4,0.35,0.4,15850,1008650,18250.0,CE
2023-02-02 14:03:00,0.35,0.4,0.35,0.4,250,1002050,18250.0,CE
2023-02-02 14:04:00,0.35,0.4,0.35,0.4,2000,1002050,18250.0,CE
2023-02-02 14:05:00,0.4,0.4,0.35,0.35,6000,1002050,18250.0,CE
2023-02-02 14:06:00,0.4,0.4,0.35,0.35,12700,1000050,18250.0,CE
2023-02-02 14:07:00,0.4,0.4,0.35,0.35,7850,1000050,18250.0,CE
2023-02-02 14:08:00,0.35,0.4,0.35,0.4,550,1000050,18250.0,CE
2023-02-02 14:09:00,0.35,0.4,0.35,0.4,750,996350,18250.0,CE
2023-02-02 14:10:00,0.4,0.4,0.35,0.35,6250,996350,18250.0,CE
2023-02-02 14:11:00,0.35,0.35,0.3,0.35,6950,996350,18250.0,CE
2023-02-02 14:12:00,0.35,0.4,0.3,0.3,7800,997550,18250.0,CE
2023-02-02 14:13:00,0.3,0.4,0.3,0.4,12000,997550,18250.0,CE
2023-02-02 14:14:00,0.35,0.35,0.35,0.35,2500,997550,18250.0,CE
2023-02-02 14:15:00,0.35,0.35,0.35,0.35,3400,997900,18250.0,CE
2023-02-02 14:16:00,0.35,0.4,0.35,0.35,8350,997900,18250.0,CE
2023-02-02 14:17:00,0.35,0.35,0.3,0.35,7550,997900,18250.0,CE
2023-02-02 14:18:00,0.35,0.4,0.3,0.3,4800,997800,18250.0,CE
2023-02-02 14:19:00,0.3,0.4,0.3,0.3,13550,997800,18250.0,CE
2023-02-02 14:20:00,0.35,0.4,0.3,0.3,10800,997800,18250.0,CE
2023-02-02 14:21:00,0.35,0.35,0.3,0.35,4400,1000900,18250.0,CE
2023-02-02 14:22:00,0.3,0.35,0.3,0.3,3950,1000900,18250.0,CE
2023-02-02 14:23:00,0.3,0.35,0.3,0.35,3300,1000900,18250.0,CE
2023-02-02 14:24:00,0.35,0.35,0.3,0.35,21850,1006200,18250.0,CE
2023-02-02 14:25:00,0.35,0.35,0.35,0.35,3500,1006200,18250.0,CE
2023-02-02 14:26:00,0.35,0.35,0.3,0.3,13050,1006200,18250.0,CE
2023-02-02 14:27:00,0.35,0.4,0.35,0.35,38750,1014950,18250.0,CE
2023-02-02 14:28:00,0.35,0.4,0.3,0.35,7650,1014950,18250.0,CE
2023-02-02 14:29:00,0.3,0.35,0.3,0.3,17850,1014950,18250.0,CE
2023-02-02 14:30:00,0.3,0.35,0.3,0.35,2300,1004350,18250.0,CE
2023-02-02 14:31:00,0.3,0.35,0.3,0.3,39700,1004350,18250.0,CE
2023-02-02 14:32:00,0.3,0.35,0.3,0.3,15500,1004350,18250.0,CE
2023-02-02 14:33:00,0.3,0.3,0.25,0.25,25850,1002150,18250.0,CE
2023-02-02 14:34:00,0.3,0.3,0.2,0.2,31600,1002150,18250.0,CE
2023-02-02 14:35:00,0.2,0.25,0.2,0.2,49850,1002150,18250.0,CE
2023-02-02 14:36:00,0.2,0.25,0.2,0.25,17750,983100,18250.0,CE
2023-02-02 14:37:00,0.2,0.25,0.2,0.25,8350,983100,18250.0,CE
2023-02-02 14:38:00,0.25,0.25,0.2,0.2,9400,983100,18250.0,CE
2023-02-02 14:39:00,0.2,0.25,0.2,0.25,1850,982400,18250.0,CE
2023-02-02 14:40:00,0.25,0.3,0.2,0.25,10800,982400,18250.0,CE
2023-02-02 14:41:00,0.25,0.3,0.25,0.25,2800,982400,18250.0,CE
2023-02-02 14:42:00,0.25,0.3,0.25,0.25,1850,985700,18250.0,CE
2023-02-02 14:43:00,0.25,0.25,0.2,0.2,6950,985700,18250.0,CE
2023-02-02 14:44:00,0.2,0.25,0.2,0.2,5150,985700,18250.0,CE
2023-02-02 14:45:00,0.2,0.25,0.2,0.2,12000,980000,18250.0,CE
2023-02-02 14:46:00,0.25,0.25,0.2,0.2,34700,980000,18250.0,CE
2023-02-02 14:47:00,0.25,0.25,0.2,0.2,6200,980000,18250.0,CE
2023-02-02 14:48:00,0.25,0.25,0.2,0.25,5500,953950,18250.0,CE
2023-02-02 14:49:00,0.2,0.25,0.2,0.2,17900,953950,18250.0,CE
2023-02-02 14:50:00,0.2,0.2,0.15,0.15,26650,953950,18250.0,CE
2023-02-02 14:51:00,0.15,0.2,0.15,0.15,2000,953200,18250.0,CE
2023-02-02 14:52:00,0.15,0.2,0.15,0.15,1450,953200,18250.0,CE
2023-02-02 14:53:00,0.2,0.2,0.15,0.2,5950,953200,18250.0,CE
2023-02-02 14:54:00,0.2,0.25,0.15,0.2,8500,949800,18250.0,CE
2023-02-02 14:55:00,0.2,0.25,0.15,0.15,7450,949800,18250.0,CE
2023-02-02 14:56:00,0.2,0.2,0.15,0.2,3300,949800,18250.0,CE
2023-02-02 14:57:00,0.15,0.25,0.15,0.15,15150,951300,18250.0,CE
2023-02-02 14:58:00,0.2,0.2,0.15,0.15,3500,951300,18250.0,CE
2023-02-02 14:59:00,0.15,0.2,0.15,0.15,5200,951300,18250.0,CE
2023-02-02 15:00:00,0.2,0.2,0.15,0.15,6800,947900,18250.0,CE
2023-02-02 15:01:00,0.15,0.2,0.15,0.15,21850,947900,18250.0,CE
2023-02-02 15:02:00,0.15,0.15,0.15,0.15,3400,947900,18250.0,CE
2023-02-02 15:03:00,0.15,0.2,0.15,0.15,4000,947900,18250.0,CE
2023-02-02 15:04:00,0.15,0.2,0.15,0.15,44350,924650,18250.0,CE
2023-02-02 15:05:00,0.15,0.2,0.15,0.2,5100,924650,18250.0,CE
2023-02-02 15:06:00,0.15,0.2,0.15,0.15,12900,920650,18250.0,CE
2023-02-02 15:07:00,0.15,0.2,0.15,0.15,11300,920650,18250.0,CE
2023-02-02 15:08:00,0.15,0.15,0.1,0.15,17250,920650,18250.0,CE
2023-02-02 15:09:00,0.15,0.2,0.1,0.1,18800,906200,18250.0,CE
2023-02-02 15:10:00,0.1,0.15,0.1,0.1,4500,906200,18250.0,CE
2023-02-02 15:11:00,0.1,0.15,0.1,0.1,15000,906200,18250.0,CE
2023-02-02 15:12:00,0.1,0.15,0.1,0.1,43000,906100,18250.0,CE
2023-02-02 15:13:00,0.15,0.15,0.1,0.1,12650,906100,18250.0,CE
2023-02-02 15:14:00,0.1,0.15,0.1,0.1,6300,906100,18250.0,CE
2023-02-02 15:15:00,0.1,0.15,0.1,0.1,60250,842150,18250.0,CE
2023-02-02 15:16:00,0.15,0.15,0.1,0.1,15500,842150,18250.0,CE
2023-02-02 15:17:00,0.1,0.15,0.05,0.05,34550,842150,18250.0,CE
2023-02-02 15:18:00,0.05,0.1,0.05,0.05,21300,811850,18250.0,CE
2023-02-02 15:19:00,0.1,0.1,0.05,0.1,5000,811850,18250.0,CE
2023-02-02 15:20:00,0.05,0.1,0.05,0.1,2800,811850,18250.0,CE
2023-02-02 15:21:00,0.05,0.15,0.05,0.1,18200,785850,18250.0,CE
2023-02-02 15:22:00,0.1,0.1,0.05,0.1,16750,785850,18250.0,CE
2023-02-02 15:23:00,0.05,0.05,0.05,0.05,250,785850,18250.0,CE
2023-02-02 15:24:00,0.1,0.1,0.05,0.1,4950,782200,18250.0,CE
2023-02-02 15:25:00,0.1,0.1,0.05,0.05,11750,782200,18250.0,CE
2023-02-02 15:26:00,0.1,0.1,0.05,0.1,9000,782200,18250.0,CE
2023-02-02 15:27:00,0.05,0.1,0.05,0.1,13550,766600,18250.0,CE
2023-02-02 15:28:00,0.1,0.1,0.05,0.1,22150,766600,18250.0,CE
2023-02-02 15:29:00,0.1,0.1,0.05,0.05,12950,766600,18250.0,CE
