timestamp,open,high,low,close,volume,oi,strike,option_type
2023-01-05 09:17:00,180.0,180.0,180.0,180.0,51,0,18450.0,CE
2023-01-11 09:15:00,177.95,177.95,177.95,177.95,51,50,18450.0,CE
2023-01-11 09:42:00,162.3,162.3,162.3,162.3,50,100,18450.0,CE
2023-01-11 10:09:00,107.1,107.1,107.1,107.1,50,150,18450.0,CE
2023-01-11 10:18:00,107.1,107.1,107.1,107.1,100,150,18450.0,CE
2023-01-11 10:22:00,104.8,104.8,104.8,104.8,1550,150,18450.0,CE
2023-01-11 10:51:00,101.3,101.3,101.3,101.3,750,1700,18450.0,CE
2023-01-11 10:58:00,93.65,93.65,93.65,93.65,800,2450,18450.0,CE
2023-01-11 10:59:00,93.65,93.65,93.65,93.65,350,2450,18450.0,CE
2023-01-11 11:06:00,88.6,88.6,88.6,88.6,100,3600,18450.0,CE
2023-01-11 11:07:00,88.6,91.65,88.6,91.65,1150,3600,18450.0,CE
2023-01-11 11:10:00,92.55,92.55,92.55,92.55,750,4850,18450.0,CE
2023-01-11 11:11:00,93.25,93.25,93.25,93.25,100,4850,18450.0,CE
2023-01-11 11:44:00,88.4,88.4,88.4,88.4,100,5700,18450.0,CE
2023-01-11 12:25:00,88.4,88.4,88.4,88.4,100,5650,18450.0,CE
2023-01-11 12:30:00,94.9,94.9,94.9,94.9,100,5750,18450.0,CE
2023-01-11 12:45:00,90.95,90.95,90.95,90.95,100,5750,18450.0,CE
2023-01-11 12:54:00,89.65,89.65,89.65,89.65,100,5850,18450.0,CE
2023-01-11 13:00:00,93.0,93.0,93.0,93.0,50,5850,18450.0,CE
2023-01-11 13:04:00,92.2,92.2,92.2,92.2,50,5900,18450.0,CE
2023-01-11 13:17:00,94.45,94.45,94.45,94.45,50,5950,18450.0,CE
2023-01-11 13:22:00,95.7,95.7,95.7,95.7,50,5900,18450.0,CE
2023-01-11 13:30:00,94.6,94.6,94.6,94.6,50,5950,18450.0,CE
2023-01-11 13:32:00,94.6,94.6,94.6,94.6,100,5950,18450.0,CE
2023-01-11 13:37:00,95.8,95.8,95.8,95.8,50,6050,18450.0,CE
2023-01-11 13:39:00,93.75,93.75,93.75,93.75,50,6050,18450.0,CE
2023-01-11 13:42:00,92.8,92.8,92.8,92.8,50,6100,18450.0,CE
2023-01-11 13:55:00,91.1,91.1,91.1,91.1,50,6100,18450.0,CE
2023-01-11 14:02:00,90.35,90.35,90.35,90.35,50,6150,18450.0,CE
2023-01-11 14:08:00,85.4,85.4,85.4,85.4,50,6150,18450.0,CE
2023-01-11 14:36:00,85.4,85.4,85.4,85.4,100,6200,18450.0,CE
2023-01-11 14:46:00,90.0,90.0,90.0,90.0,50,6250,18450.0,CE
2023-01-11 14:54:00,90.0,90.0,90.0,90.0,50,6300,18450.0,CE
2023-01-11 14:58:00,91.0,95.0,91.0,95.0,200,6300,18450.0,CE
2023-01-11 15:04:00,88.05,88.05,88.0,88.0,100,6450,18450.0,CE
2023-01-11 15:07:00,83.7,83.7,83.7,83.7,50,6500,18450.0,CE
2023-01-11 15:14:00,82.75,82.75,82.75,82.75,50,6550,18450.0,CE
2023-01-11 15:21:00,82.75,82.75,82.75,82.75,50,6550,18450.0,CE
2023-01-11 15:26:00,82.95,82.95,82.95,82.95,50,6550,18450.0,CE
2023-01-12 09:48:00,89.2,89.2,89.2,89.2,51,6600,18450.0,CE
2023-01-12 10:27:00,85.0,85.0,85.0,85.0,50,6650,18450.0,CE
2023-01-12 10:35:00,72.65,72.65,72.65,72.65,50,6650,18450.0,CE
2023-01-12 11:16:00,72.65,72.65,72.65,72.65,100,6650,18450.0,CE
2023-01-12 11:40:00,72.0,72.0,72.0,72.0,50,6650,18450.0,CE
2023-01-12 12:40:00,64.1,64.1,64.1,64.1,350,6700,18450.0,CE
2023-01-12 12:44:00,64.1,64.1,64.1,64.1,50,7050,18450.0,CE
2023-01-12 12:45:00,71.0,71.0,71.0,71.0,50,7050,18450.0,CE
2023-01-12 12:46:00,71.1,71.1,71.1,71.1,50,7050,18450.0,CE
2023-01-12 12:47:00,72.9,72.9,72.9,72.9,300,7050,18450.0,CE
2023-01-12 12:52:00,72.7,74.0,72.7,74.0,150,6750,18450.0,CE
2023-01-12 13:28:00,66.6,66.6,66.6,66.6,50,6750,18450.0,CE
2023-01-12 13:55:00,66.6,66.6,66.25,66.25,150,6800,18450.0,CE
2023-01-12 14:01:00,66.75,66.75,66.75,66.75,50,6800,18450.0,CE
2023-01-12 14:04:00,68.0,68.0,68.0,68.0,50,6800,18450.0,CE
2023-01-12 14:05:00,68.0,68.0,68.0,68.0,50,6800,18450.0,CE
2023-01-12 14:31:00,68.35,68.35,68.35,68.35,100,6900,18450.0,CE
2023-01-12 15:08:00,68.35,68.35,68.35,68.35,50,7000,18450.0,CE
2023-01-12 15:14:00,77.55,77.55,77.55,77.55,50,7050,18450.0,CE
2023-01-12 15:16:00,73.55,73.55,72.0,72.0,700,7100,18450.0,CE
2023-01-12 15:17:00,70.75,73.95,70.75,73.95,550,7100,18450.0,CE
2023-01-12 15:23:00,70.95,70.95,70.95,70.95,500,7950,18450.0,CE
2023-01-12 15:29:00,71.6,71.6,71.6,71.6,500,8450,18450.0,CE
2023-01-13 09:15:00,71.85,71.85,71.85,71.85,51,8450,18450.0,CE
2023-01-13 09:17:00,60.0,60.0,60.0,60.0,100,8500,18450.0,CE
2023-01-13 09:21:00,60.0,60.0,60.0,60.0,50,8550,18450.0,CE
2023-01-13 09:28:00,69.95,69.95,69.95,69.95,200,8600,18450.0,CE
2023-01-13 09:31:00,62.55,62.55,61.75,61.75,200,8750,18450.0,CE
2023-01-13 09:32:00,61.9,61.9,60.3,61.35,1100,9300,18450.0,CE
2023-01-13 09:39:00,63.85,63.85,63.85,63.85,50,9750,18450.0,CE
2023-01-13 09:40:00,61.35,61.35,61.35,61.35,50,9750,18450.0,CE
2023-01-13 09:42:00,59.55,59.55,59.55,59.55,50,9650,18450.0,CE
2023-01-13 09:45:00,56.7,56.7,56.7,56.7,350,9650,18450.0,CE
2023-01-13 09:46:00,56.7,56.7,56.7,56.7,350,9650,18450.0,CE
2023-01-13 09:47:00,58.3,58.3,58.3,58.3,50,9650,18450.0,CE
2023-01-13 10:00:00,57.3,57.3,57.3,57.3,400,9650,18450.0,CE
2023-01-13 10:08:00,57.0,57.0,57.0,57.0,500,10050,18450.0,CE
2023-01-13 10:22:00,58.0,58.0,58.0,58.0,50,9550,18450.0,CE
2023-01-13 10:44:00,59.15,59.15,59.15,59.15,650,9550,18450.0,CE
2023-01-13 10:50:00,61.65,61.65,61.65,61.65,200,9550,18450.0,CE
2023-01-13 10:57:00,59.0,59.0,59.0,59.0,50,9750,18450.0,CE
2023-01-13 11:10:00,61.0,61.0,61.0,61.0,350,9750,18450.0,CE
2023-01-13 11:12:00,61.0,61.0,61.0,61.0,50,10100,18450.0,CE
2023-01-13 11:15:00,61.0,61.0,60.5,60.5,150,10100,18450.0,CE
2023-01-13 11:17:00,59.35,59.35,59.35,59.35,100,10100,18450.0,CE
2023-01-13 11:39:00,61.3,61.3,61.3,61.3,200,10300,18450.0,CE
2023-01-13 11:41:00,59.2,59.2,59.2,59.2,100,10300,18450.0,CE
2023-01-13 11:43:00,59.35,59.35,58.5,58.7,250,10400,18450.0,CE
2023-01-13 11:44:00,58.8,59.0,58.75,59.0,150,10400,18450.0,CE
2023-01-13 11:47:00,59.7,59.7,59.7,59.7,400,10650,18450.0,CE
2023-01-13 11:55:00,62.15,62.15,62.15,62.15,100,11050,18450.0,CE
2023-01-13 12:03:00,62.15,62.15,62.15,62.15,50,11150,18450.0,CE
2023-01-13 12:05:00,60.0,60.55,60.0,60.55,100,11200,18450.0,CE
2023-01-13 12:07:00,61.5,61.5,61.5,61.5,50,11200,18450.0,CE
2023-01-13 12:12:00,62.5,62.5,62.5,62.5,300,11150,18450.0,CE
2023-01-13 12:18:00,65.45,65.9,65.3,65.9,1200,11200,18450.0,CE
2023-01-13 12:19:00,66.45,66.45,66.45,66.45,100,11200,18450.0,CE
2023-01-13 12:20:00,67.75,68.1,67.5,67.5,300,11200,18450.0,CE
2023-01-13 12:21:00,68.35,70.3,68.35,70.3,400,11950,18450.0,CE
2023-01-13 12:22:00,71.6,72.0,71.6,72.0,200,11950,18450.0,CE
2023-01-13 12:23:00,72.1,72.1,72.1,72.1,200,11950,18450.0,CE
2023-01-13 12:24:00,72.3,72.3,72.3,72.3,200,12550,18450.0,CE
2023-01-13 12:25:00,73.5,73.55,73.5,73.55,450,12550,18450.0,CE
2023-01-13 12:34:00,73.55,73.55,73.55,73.55,50,13200,18450.0,CE
2023-01-13 12:37:00,71.0,71.0,71.0,71.0,50,13250,18450.0,CE
2023-01-13 12:41:00,72.65,72.65,72.65,72.65,100,13300,18450.0,CE
2023-01-13 12:48:00,75.0,75.0,75.0,75.0,50,13400,18450.0,CE
2023-01-13 12:52:00,81.55,81.55,81.55,81.55,200,13450,18450.0,CE
2023-01-13 12:53:00,80.45,80.45,80.45,80.45,50,13450,18450.0,CE
2023-01-13 12:56:00,81.2,81.2,81.2,81.2,50,13400,18450.0,CE
2023-01-13 12:57:00,81.05,81.05,81.05,81.05,50,13400,18450.0,CE
2023-01-13 13:08:00,83.25,83.65,83.25,83.65,500,13400,18450.0,CE
2023-01-13 13:09:00,83.65,83.65,82.65,82.65,350,13500,18450.0,CE
2023-01-13 13:12:00,87.0,87.2,87.0,87.2,550,13550,18450.0,CE
2023-01-13 13:22:00,91.1,91.35,91.1,91.35,100,13450,18450.0,CE
2023-01-13 13:26:00,91.35,91.35,91.35,91.35,50,13400,18450.0,CE
2023-01-13 13:27:00,88.35,88.35,88.35,88.35,50,13400,18450.0,CE
2023-01-13 13:28:00,87.15,87.15,87.15,87.15,50,13400,18450.0,CE
2023-01-13 13:29:00,87.85,87.85,87.85,87.85,50,13400,18450.0,CE
2023-01-13 13:35:00,84.55,84.55,84.55,84.55,100,13400,18450.0,CE
2023-01-13 13:36:00,83.85,83.85,83.85,83.85,50,13400,18450.0,CE
2023-01-13 13:37:00,83.25,83.25,83.25,83.25,50,13400,18450.0,CE
2023-01-13 13:45:00,91.4,91.4,91.4,91.4,50,13400,18450.0,CE
2023-01-13 13:47:00,91.4,91.4,91.4,91.4,50,13400,18450.0,CE
2023-01-13 13:49:00,91.4,91.4,91.4,91.4,50,13350,18450.0,CE
2023-01-13 14:04:00,93.5,93.5,93.5,93.5,50,13300,18450.0,CE
2023-01-13 14:20:00,93.5,93.5,93.5,93.5,50,13300,18450.0,CE
2023-01-13 14:24:00,89.0,89.0,89.0,89.0,50,13300,18450.0,CE
2023-01-13 14:34:00,86.65,86.65,86.65,86.65,50,13250,18450.0,CE
2023-01-13 14:39:00,81.0,81.0,80.05,80.05,100,13250,18450.0,CE
2023-01-13 14:44:00,82.2,82.5,82.15,82.15,1600,13200,18450.0,CE
2023-01-13 14:55:00,80.5,80.5,79.7,79.7,150,13850,18450.0,CE
2023-01-13 15:00:00,83.95,83.95,83.7,83.9,350,13850,18450.0,CE
2023-01-13 15:03:00,83.9,83.9,83.9,83.9,50,13850,18450.0,CE
2023-01-13 15:05:00,76.8,76.8,76.8,76.8,250,13650,18450.0,CE
2023-01-13 15:11:00,81.0,81.0,81.0,81.0,50,13400,18450.0,CE
2023-01-13 15:15:00,80.2,80.2,77.95,77.95,150,13400,18450.0,CE
2023-01-13 15:16:00,79.85,79.85,79.85,79.85,50,13400,18450.0,CE
2023-01-13 15:22:00,82.85,82.85,81.2,81.2,150,13400,18450.0,CE
2023-01-13 15:24:00,81.35,83.45,81.35,83.45,650,13400,18450.0,CE
2023-01-13 15:25:00,83.15,83.15,83.0,83.0,1000,13400,18450.0,CE
2023-01-13 15:26:00,81.95,81.95,81.95,81.95,50,13400,18450.0,CE
2023-01-13 15:27:00,81.05,81.05,81.05,81.05,150,13400,18450.0,CE
2023-01-13 15:28:00,80.85,80.85,80.85,80.85,50,14650,18450.0,CE
2023-01-16 09:17:00,91.75,91.75,91.75,91.75,101,14550,18450.0,CE
2023-01-16 09:18:00,91.75,91.75,91.75,91.75,50,14550,18450.0,CE
2023-01-16 09:19:00,88.3,88.3,88.3,88.3,150,14550,18450.0,CE
2023-01-16 09:22:00,79.95,79.95,79.95,79.95,150,14500,18450.0,CE
2023-01-16 09:29:00,81.25,81.25,81.25,81.25,100,14550,18450.0,CE
2023-01-16 09:32:00,83.15,83.15,83.15,83.15,200,14450,18450.0,CE
2023-01-16 09:33:00,79.5,79.5,79.5,79.5,150,14450,18450.0,CE
2023-01-16 09:34:00,77.5,77.5,77.5,77.5,50,14450,18450.0,CE
2023-01-16 09:35:00,77.15,77.15,77.05,77.05,250,14400,18450.0,CE
2023-01-16 09:36:00,75.15,75.15,75.15,75.15,200,14400,18450.0,CE
2023-01-16 09:37:00,76.8,77.15,76.8,77.15,300,14400,18450.0,CE
2023-01-16 09:42:00,78.55,79.4,78.55,79.4,150,14550,18450.0,CE
2023-01-16 09:57:00,77.5,77.5,77.5,77.5,50,14600,18450.0,CE
2023-01-16 10:07:00,74.3,74.3,74.3,74.3,50,14600,18450.0,CE
2023-01-16 10:08:00,74.3,74.3,74.3,74.3,50,14600,18450.0,CE
2023-01-16 10:09:00,77.7,77.7,77.7,77.7,50,14650,18450.0,CE
2023-01-16 10:10:00,79.35,79.35,79.35,79.35,100,14650,18450.0,CE
2023-01-16 10:22:00,75.0,75.05,74.85,74.85,650,14650,18450.0,CE
2023-01-16 10:40:00,76.0,76.0,76.0,76.0,150,14650,18450.0,CE
2023-01-16 10:46:00,74.95,74.95,74.95,74.95,50,14650,18450.0,CE
2023-01-16 10:48:00,76.3,76.3,76.3,76.3,50,14850,18450.0,CE
2023-01-16 10:51:00,74.8,74.8,74.8,74.8,150,14850,18450.0,CE
2023-01-16 10:53:00,74.0,74.0,74.0,74.0,50,14850,18450.0,CE
2023-01-16 10:55:00,74.0,74.0,74.0,74.0,100,14750,18450.0,CE
2023-01-16 11:03:00,74.0,74.0,74.0,74.0,50,14850,18450.0,CE
2023-01-16 11:15:00,70.0,70.0,70.0,70.0,50,14850,18450.0,CE
2023-01-16 11:21:00,68.55,68.55,68.55,68.55,100,14800,18450.0,CE
2023-01-16 11:35:00,68.3,68.3,68.3,68.3,100,14800,18450.0,CE
2023-01-16 11:43:00,68.3,68.3,68.3,68.3,100,14800,18450.0,CE
2023-01-16 11:51:00,71.4,71.4,71.4,71.4,150,14800,18450.0,CE
2023-01-16 11:56:00,68.1,68.1,68.1,68.1,50,14800,18450.0,CE
2023-01-16 11:59:00,68.1,68.5,68.1,68.5,350,14850,18450.0,CE
2023-01-16 12:04:00,66.45,66.45,66.45,66.45,100,15200,18450.0,CE
2023-01-16 12:05:00,66.45,66.45,66.45,66.45,100,15200,18450.0,CE
2023-01-16 12:08:00,69.9,69.9,69.9,69.9,50,15200,18450.0,CE
2023-01-16 12:10:00,69.0,69.0,69.0,69.0,50,15200,18450.0,CE
2023-01-16 12:12:00,68.1,68.1,67.8,67.8,300,15250,18450.0,CE
2023-01-16 12:15:00,66.55,66.55,65.75,65.75,450,15250,18450.0,CE
2023-01-16 12:16:00,65.75,65.75,65.75,65.75,100,15250,18450.0,CE
2023-01-16 12:18:00,65.75,66.05,65.6,65.6,500,15250,18450.0,CE
2023-01-16 12:22:00,64.5,64.5,64.5,64.5,50,15750,18450.0,CE
2023-01-16 12:30:00,64.5,64.5,64.5,64.5,100,15750,18450.0,CE
2023-01-16 12:33:00,65.2,65.2,65.2,65.2,100,15750,18450.0,CE
2023-01-16 12:35:00,65.3,65.3,65.3,65.3,50,15750,18450.0,CE
2023-01-16 12:38:00,66.85,66.9,66.85,66.9,150,15750,18450.0,CE
2023-01-16 12:43:00,66.75,66.75,66.75,66.75,500,15750,18450.0,CE
2023-01-16 12:49:00,66.15,66.15,66.15,66.15,50,15750,18450.0,CE
2023-01-16 12:52:00,65.55,65.55,65.55,65.55,50,15750,18450.0,CE
2023-01-16 13:01:00,66.4,66.4,66.4,66.4,150,15800,18450.0,CE
2023-01-16 13:03:00,63.85,63.85,63.85,63.85,150,15950,18450.0,CE
2023-01-16 13:12:00,63.85,63.85,63.85,63.85,50,16100,18450.0,CE
2023-01-16 13:17:00,70.6,70.6,70.6,70.6,50,16100,18450.0,CE
2023-01-16 13:24:00,70.45,70.45,70.45,70.45,100,16100,18450.0,CE
2023-01-16 13:38:00,67.0,67.0,67.0,67.0,50,16200,18450.0,CE
2023-01-16 13:49:00,62.25,64.35,62.25,64.35,2000,16200,18450.0,CE
2023-01-16 13:50:00,63.5,64.4,63.5,64.4,350,16200,18450.0,CE
2023-01-16 13:51:00,62.8,62.8,62.6,62.6,2000,17700,18450.0,CE
2023-01-16 13:52:00,62.85,62.85,62.85,62.85,50,17700,18450.0,CE
2023-01-16 13:54:00,62.55,62.55,62.55,62.55,1500,19150,18450.0,CE
2023-01-16 13:55:00,61.7,61.7,61.7,61.7,1500,19150,18450.0,CE
2023-01-16 13:56:00,60.45,60.45,60.45,60.45,50,19150,18450.0,CE
2023-01-16 13:57:00,59.2,59.2,59.2,59.2,50,22150,18450.0,CE
2023-01-16 13:59:00,58.95,58.95,58.95,58.95,1500,22150,18450.0,CE
2023-01-16 14:00:00,58.0,58.0,58.0,58.0,100,23650,18450.0,CE
2023-01-16 14:01:00,55.85,55.85,55.85,55.85,100,23650,18450.0,CE
2023-01-16 14:02:00,55.85,55.85,55.85,55.85,50,23650,18450.0,CE
2023-01-16 14:03:00,59.2,59.6,59.0,59.0,400,23650,18450.0,CE
2023-01-16 14:04:00,59.5,59.5,59.5,59.5,100,23650,18450.0,CE
2023-01-16 14:06:00,60.1,60.1,60.1,60.1,650,23600,18450.0,CE
2023-01-16 14:07:00,60.45,60.45,60.45,60.45,250,23600,18450.0,CE
2023-01-16 14:10:00,60.4,60.4,60.4,60.4,350,23850,18450.0,CE
2023-01-16 14:22:00,61.65,61.65,61.65,61.65,150,24200,18450.0,CE
2023-01-16 14:25:00,60.6,60.6,60.6,60.6,50,24200,18450.0,CE
2023-01-16 14:29:00,61.35,61.35,61.35,61.35,50,24200,18450.0,CE
2023-01-16 14:30:00,62.7,62.7,62.7,62.7,50,24150,18450.0,CE
2023-01-16 14:32:00,63.85,63.85,63.85,63.85,250,24150,18450.0,CE
2023-01-16 14:39:00,61.5,61.5,61.5,61.5,200,23900,18450.0,CE
2023-01-16 14:42:00,60.3,60.3,60.3,60.3,50,23850,18450.0,CE
2023-01-16 14:49:00,58.8,58.8,58.8,58.8,50,23850,18450.0,CE
2023-01-16 14:50:00,58.55,58.55,58.55,58.55,50,23850,18450.0,CE
2023-01-16 14:54:00,60.35,60.35,60.35,60.35,50,23900,18450.0,CE
2023-01-16 15:00:00,62.35,62.55,61.95,61.95,550,23850,18450.0,CE
2023-01-16 15:02:00,63.7,63.7,63.15,63.15,200,24250,18450.0,CE
2023-01-16 15:03:00,62.65,62.9,62.0,62.0,300,24650,18450.0,CE
2023-01-16 15:04:00,62.25,62.7,62.25,62.7,200,24650,18450.0,CE
2023-01-16 15:06:00,61.2,61.2,61.1,61.1,150,24650,18450.0,CE
2023-01-16 15:10:00,63.1,63.1,63.1,63.1,100,24750,18450.0,CE
2023-01-16 15:11:00,62.1,62.4,62.1,62.4,450,24750,18450.0,CE
2023-01-16 15:19:00,62.35,62.35,62.35,62.35,50,25150,18450.0,CE
2023-01-16 15:20:00,62.9,63.05,62.9,63.05,150,25150,18450.0,CE
2023-01-16 15:21:00,63.4,63.4,63.4,63.4,50,25100,18450.0,CE
2023-01-16 15:22:00,62.5,62.5,62.5,62.5,50,25100,18450.0,CE
2023-01-16 15:23:00,62.65,62.65,62.65,62.65,50,25100,18450.0,CE
2023-01-16 15:24:00,62.9,62.9,62.9,62.9,500,25050,18450.0,CE
2023-01-16 15:29:00,61.9,61.9,61.9,61.9,100,25050,18450.0,CE
2023-01-17 09:17:00,59.95,59.95,59.95,59.95,51,25150,18450.0,CE
2023-01-17 09:18:00,60.6,60.6,60.6,60.6,50,25150,18450.0,CE
2023-01-17 09:31:00,69.0,69.0,69.0,69.0,100,25200,18450.0,CE
2023-01-17 09:34:00,74.5,75.0,74.5,75.0,300,25250,18450.0,CE
2023-01-17 09:35:00,73.7,73.7,73.35,73.35,350,25100,18450.0,CE
2023-01-17 09:36:00,72.7,72.8,72.2,72.8,250,25100,18450.0,CE
2023-01-17 09:38:00,72.0,73.1,71.7,71.7,550,24400,18450.0,CE
2023-01-17 09:39:00,72.7,73.45,72.7,73.45,300,24400,18450.0,CE
2023-01-17 09:48:00,71.85,71.85,71.85,71.85,100,24150,18450.0,CE
2023-01-17 09:49:00,72.35,72.35,72.35,72.35,50,24150,18450.0,CE
2023-01-17 09:50:00,75.85,75.85,75.85,75.85,50,24150,18450.0,CE
2023-01-17 09:53:00,76.7,76.7,76.7,76.7,50,24150,18450.0,CE
2023-01-17 10:03:00,78.1,78.6,78.1,78.6,600,24150,18450.0,CE
2023-01-17 10:05:00,79.8,79.8,79.8,79.8,50,24150,18450.0,CE
2023-01-17 10:06:00,79.8,79.8,79.8,79.8,100,23550,18450.0,CE
2023-01-17 10:07:00,79.8,79.8,79.8,79.8,50,23550,18450.0,CE
2023-01-17 10:11:00,76.55,77.0,76.55,77.0,300,23600,18450.0,CE
2023-01-17 10:13:00,78.8,78.8,78.8,78.8,150,23600,18450.0,CE
2023-01-17 10:15:00,79.5,79.5,79.5,79.5,100,23750,18450.0,CE
2023-01-17 10:26:00,72.1,72.1,72.1,72.1,50,23750,18450.0,CE
2023-01-17 10:32:00,79.7,80.9,79.7,80.9,100,23850,18450.0,CE
2023-01-17 10:47:00,80.9,80.9,80.9,80.9,50,23850,18450.0,CE
2023-01-17 10:50:00,72.6,72.6,72.6,72.6,50,23850,18450.0,CE
2023-01-17 10:51:00,72.6,72.6,72.6,72.6,50,23850,18450.0,CE
2023-01-17 10:52:00,71.5,71.5,71.5,71.5,50,23850,18450.0,CE
2023-01-17 10:54:00,74.4,74.4,74.4,74.4,50,23900,18450.0,CE
2023-01-17 10:57:00,70.6,70.6,70.6,70.6,50,23850,18450.0,CE
2023-01-17 10:59:00,72.0,72.0,72.0,72.0,100,23850,18450.0,CE
2023-01-17 11:12:00,71.65,71.65,71.65,71.65,100,23900,18450.0,CE
2023-01-17 11:21:00,69.0,69.0,69.0,69.0,450,23900,18450.0,CE
2023-01-17 11:23:00,71.65,71.65,71.65,71.65,50,23900,18450.0,CE
2023-01-17 11:31:00,73.1,73.7,73.1,73.65,350,23850,18450.0,CE
2023-01-17 11:33:00,73.75,74.8,73.75,74.35,450,23700,18450.0,CE
2023-01-17 11:36:00,75.25,75.25,75.25,75.25,150,23550,18450.0,CE
2023-01-17 11:37:00,74.25,74.25,74.25,74.25,150,23550,18450.0,CE
2023-01-17 11:38:00,74.25,74.25,74.25,74.25,50,23550,18450.0,CE
2023-01-17 11:39:00,75.5,75.5,75.5,75.5,50,23700,18450.0,CE
2023-01-17 11:41:00,75.5,75.5,75.5,75.5,50,23700,18450.0,CE
2023-01-17 11:42:00,74.5,74.5,74.5,74.5,50,23700,18450.0,CE
2023-01-17 11:44:00,75.5,75.75,74.95,74.95,200,23700,18450.0,CE
2023-01-17 11:46:00,75.35,75.6,75.35,75.6,100,23600,18450.0,CE
2023-01-17 11:47:00,74.85,74.85,74.85,74.85,50,23600,18450.0,CE
2023-01-17 11:48:00,74.35,74.45,73.8,74.45,250,23600,18450.0,CE
2023-01-17 11:49:00,73.95,73.95,73.45,73.45,100,23600,18450.0,CE
2023-01-17 11:51:00,73.85,74.0,73.85,74.0,100,23450,18450.0,CE
2023-01-17 11:55:00,76.35,76.35,76.35,76.35,50,23450,18450.0,CE
2023-01-17 11:56:00,76.65,77.15,76.65,77.15,300,23350,18450.0,CE
2023-01-17 11:58:00,78.3,78.3,78.3,78.3,50,23350,18450.0,CE
2023-01-17 11:59:00,77.6,77.6,77.6,77.6,50,23350,18450.0,CE
2023-01-17 12:00:00,76.5,76.5,76.5,76.5,100,23350,18450.0,CE
2023-01-17 12:02:00,75.8,75.8,74.95,74.95,100,23250,18450.0,CE
2023-01-17 12:03:00,75.3,75.8,75.3,75.8,100,23250,18450.0,CE
2023-01-17 12:08:00,73.05,73.35,73.05,73.35,100,23300,18450.0,CE
2023-01-17 12:09:00,75.15,75.95,74.95,75.95,200,23250,18450.0,CE
2023-01-17 12:10:00,74.3,74.3,74.3,74.3,150,23250,18450.0,CE
2023-01-17 12:11:00,75.05,75.05,75.05,75.05,50,23250,18450.0,CE
2023-01-17 12:16:00,73.55,73.55,73.55,73.55,400,23100,18450.0,CE
2023-01-17 12:19:00,74.9,75.15,74.9,75.1,300,23450,18450.0,CE
2023-01-17 12:20:00,75.85,75.85,75.65,75.65,100,23600,18450.0,CE
2023-01-17 12:21:00,76.3,76.3,76.3,76.3,100,23600,18450.0,CE
2023-01-17 12:23:00,74.6,74.6,74.6,74.6,50,23600,18450.0,CE
2023-01-17 12:24:00,72.7,72.7,71.75,71.75,100,23550,18450.0,CE
2023-01-17 12:25:00,71.35,71.35,70.25,70.25,100,23550,18450.0,CE
2023-01-17 12:26:00,70.75,70.75,70.75,70.75,150,23550,18450.0,CE
2023-01-17 12:27:00,71.65,72.3,71.65,72.3,150,23600,18450.0,CE
2023-01-17 12:28:00,73.0,73.0,73.0,73.0,50,23600,18450.0,CE
2023-01-17 12:31:00,70.05,70.05,69.0,69.0,550,23550,18450.0,CE
2023-01-17 12:32:00,68.85,68.85,68.85,68.85,50,23550,18450.0,CE
2023-01-17 12:35:00,69.75,69.75,69.75,69.75,50,23000,18450.0,CE
2023-01-17 12:39:00,68.45,68.45,68.45,68.45,50,22950,18450.0,CE
2023-01-17 12:41:00,69.0,69.2,69.0,69.2,500,23000,18450.0,CE
2023-01-17 12:43:00,67.05,67.6,67.05,67.6,150,23000,18450.0,CE
2023-01-17 12:45:00,67.35,67.35,67.35,67.35,50,22950,18450.0,CE
2023-01-17 12:50:00,68.2,69.6,68.2,69.6,250,22950,18450.0,CE
2023-01-17 12:51:00,69.8,69.8,69.8,69.8,50,22900,18450.0,CE
2023-01-17 12:52:00,68.25,68.25,68.15,68.15,150,22900,18450.0,CE
2023-01-17 12:54:00,66.15,66.15,64.7,64.7,150,22750,18450.0,CE
2023-01-17 12:56:00,64.8,65.6,64.8,65.45,150,22750,18450.0,CE
2023-01-17 12:57:00,65.6,65.6,65.6,65.6,50,22700,18450.0,CE
2023-01-17 12:58:00,64.95,65.55,64.95,65.55,650,22700,18450.0,CE
2023-01-17 13:00:00,64.65,64.65,64.65,64.65,50,22400,18450.0,CE
2023-01-17 13:01:00,65.45,65.45,64.5,64.5,150,22400,18450.0,CE
2023-01-17 13:03:00,65.7,65.7,65.7,65.7,50,22350,18450.0,CE
2023-01-17 13:04:00,64.9,64.9,64.15,64.15,450,22350,18450.0,CE
2023-01-17 13:06:00,66.35,66.35,66.35,66.35,50,22800,18450.0,CE
2023-01-17 13:07:00,65.7,65.7,65.7,65.7,50,22800,18450.0,CE
2023-01-17 13:08:00,62.9,62.9,62.9,62.9,50,22800,18450.0,CE
2023-01-17 13:09:00,62.0,62.0,62.0,62.0,450,22800,18450.0,CE
2023-01-17 13:10:00,62.2,62.2,62.2,62.2,50,22800,18450.0,CE
2023-01-17 13:11:00,61.2,61.2,61.2,61.2,50,22800,18450.0,CE
2023-01-17 13:12:00,61.05,62.0,60.7,62.0,800,22350,18450.0,CE
2023-01-17 13:15:00,61.8,61.8,61.7,61.7,450,21900,18450.0,CE
2023-01-17 13:16:00,61.6,61.7,61.6,61.7,100,21900,18450.0,CE
2023-01-17 13:18:00,61.75,61.85,61.75,61.85,200,21600,18450.0,CE
2023-01-17 13:20:00,62.85,62.85,62.85,62.85,100,21600,18450.0,CE
2023-01-17 13:25:00,59.65,59.65,59.65,59.65,50,21600,18450.0,CE
2023-01-17 13:26:00,59.3,59.3,59.3,59.3,50,21600,18450.0,CE
2023-01-17 13:27:00,59.3,60.1,59.3,60.1,150,21600,18450.0,CE
2023-01-17 13:30:00,60.8,60.8,60.8,60.8,50,21600,18450.0,CE
2023-01-17 13:33:00,64.6,64.6,64.6,64.6,50,21600,18450.0,CE
2023-01-17 13:34:00,64.9,64.9,64.9,64.9,150,21600,18450.0,CE
2023-01-17 13:35:00,65.8,65.8,65.8,65.8,50,21600,18450.0,CE
2023-01-17 13:36:00,66.55,67.0,66.55,67.0,100,21600,18450.0,CE
2023-01-17 13:37:00,66.2,66.2,66.2,66.2,50,21600,18450.0,CE
2023-01-17 13:39:00,67.8,68.15,67.8,68.15,100,21600,18450.0,CE
2023-01-17 13:40:00,68.45,68.45,67.65,67.65,100,21600,18450.0,CE
2023-01-17 13:41:00,67.45,67.45,67.45,67.45,450,21600,18450.0,CE
2023-01-17 13:45:00,67.35,67.35,66.9,66.9,150,21100,18450.0,CE
2023-01-17 13:46:00,66.25,66.25,64.95,64.95,350,21100,18450.0,CE
2023-01-17 13:47:00,66.85,67.5,66.85,67.5,3000,21100,18450.0,CE
2023-01-17 13:48:00,68.05,68.05,66.95,67.25,5300,18400,18450.0,CE
2023-01-17 13:49:00,67.2,67.2,67.2,67.2,100,18400,18450.0,CE
2023-01-17 13:51:00,70.5,70.5,70.5,70.5,50,14900,18450.0,CE
2023-01-17 13:52:00,70.8,70.8,70.8,70.8,50,14900,18450.0,CE
2023-01-17 13:53:00,70.9,71.45,70.9,71.45,100,14900,18450.0,CE
2023-01-17 13:54:00,70.8,70.85,70.35,70.35,150,14950,18450.0,CE
2023-01-17 13:55:00,69.55,69.55,69.55,69.55,50,14950,18450.0,CE
2023-01-17 13:57:00,68.7,68.7,68.7,68.7,50,14900,18450.0,CE
2023-01-17 13:58:00,67.7,67.7,67.2,67.2,500,14900,18450.0,CE
2023-01-17 13:59:00,67.85,67.85,67.85,67.85,50,14900,18450.0,CE
2023-01-17 14:00:00,68.1,68.25,67.1,67.1,200,14700,18450.0,CE
2023-01-17 14:02:00,66.8,66.8,65.0,65.0,200,14700,18450.0,CE
2023-01-17 14:03:00,64.9,64.9,64.9,64.9,150,14700,18450.0,CE
2023-01-17 14:04:00,64.7,65.1,64.7,65.1,200,14600,18450.0,CE
2023-01-17 14:05:00,65.5,65.6,65.5,65.6,300,14600,18450.0,CE
2023-01-17 14:06:00,65.35,65.55,64.7,64.7,2300,14700,18450.0,CE
2023-01-17 14:07:00,64.8,64.8,64.4,64.4,250,14700,18450.0,CE
2023-01-17 14:08:00,64.05,64.3,63.15,63.55,350,14700,18450.0,CE
2023-01-17 14:09:00,63.6,63.6,63.6,63.6,400,14700,18450.0,CE
2023-01-17 14:11:00,63.9,65.75,63.9,65.75,300,12050,18450.0,CE
2023-01-17 14:12:00,64.65,64.65,64.65,64.65,200,12050,18450.0,CE
2023-01-17 14:13:00,65.3,65.3,65.3,65.3,100,11750,18450.0,CE
2023-01-17 14:14:00,66.0,66.2,66.0,66.2,300,11750,18450.0,CE
2023-01-17 14:16:00,67.75,67.75,67.75,67.75,50,11850,18450.0,CE
2023-01-17 14:17:00,68.25,68.25,67.35,67.35,250,11850,18450.0,CE
2023-01-17 14:18:00,67.15,68.35,67.15,68.2,200,11900,18450.0,CE
2023-01-17 14:22:00,68.75,68.8,68.75,68.8,250,11950,18450.0,CE
2023-01-17 14:24:00,69.95,69.95,69.9,69.9,2200,12150,18450.0,CE
2023-01-17 14:25:00,69.8,69.8,69.8,69.8,400,12150,18450.0,CE
2023-01-17 14:27:00,67.45,67.45,66.5,66.5,1150,14250,18450.0,CE
2023-01-17 14:28:00,66.6,66.6,66.5,66.5,550,14250,18450.0,CE
2023-01-17 14:29:00,65.7,65.7,65.7,65.7,50,14250,18450.0,CE
2023-01-17 14:30:00,66.95,67.8,66.95,67.8,650,13700,18450.0,CE
2023-01-17 14:32:00,65.95,65.95,65.95,65.95,50,13700,18450.0,CE
2023-01-17 14:33:00,66.45,66.45,66.45,66.45,50,13700,18450.0,CE
2023-01-17 14:35:00,67.8,68.55,67.8,68.25,700,13250,18450.0,CE
2023-01-17 14:36:00,70.0,70.3,70.0,70.3,100,12750,18450.0,CE
2023-01-17 14:37:00,70.3,70.55,70.3,70.55,200,12750,18450.0,CE
2023-01-17 14:39:00,70.35,70.35,70.35,70.35,50,12750,18450.0,CE
2023-01-17 14:41:00,68.25,68.25,68.25,68.25,50,12650,18450.0,CE
2023-01-17 14:42:00,67.8,67.8,67.8,67.8,50,12700,18450.0,CE
2023-01-17 14:43:00,68.9,68.9,68.9,68.9,50,12700,18450.0,CE
2023-01-17 14:45:00,68.5,69.55,68.5,69.55,100,12650,18450.0,CE
2023-01-17 14:48:00,69.3,69.3,69.3,69.3,50,12700,18450.0,CE
2023-01-17 14:49:00,70.35,71.4,70.35,70.75,400,12700,18450.0,CE
2023-01-17 14:50:00,70.75,71.2,70.75,71.2,200,12700,18450.0,CE
2023-01-17 14:52:00,69.95,69.95,69.45,69.45,250,12700,18450.0,CE
2023-01-17 14:53:00,69.85,70.5,69.85,70.5,200,12700,18450.0,CE
2023-01-17 14:54:00,69.8,69.8,69.8,69.8,100,12700,18450.0,CE
2023-01-17 14:58:00,69.9,69.9,69.9,69.9,50,13000,18450.0,CE
2023-01-17 15:00:00,70.5,75.05,70.5,75.05,600,13100,18450.0,CE
2023-01-17 15:01:00,76.1,76.55,76.1,76.55,150,13100,18450.0,CE
2023-01-17 15:02:00,76.45,77.6,76.4,77.6,450,13100,18450.0,CE
2023-01-17 15:03:00,77.8,78.05,77.8,78.05,100,13100,18450.0,CE
2023-01-17 15:04:00,77.45,78.25,77.45,77.8,350,13100,18450.0,CE
2023-01-17 15:05:00,77.55,78.1,77.35,78.1,850,13100,18450.0,CE
2023-01-17 15:06:00,79.35,79.35,79.1,79.1,200,13200,18450.0,CE
2023-01-17 15:07:00,79.3,79.3,79.2,79.2,100,13200,18450.0,CE
2023-01-17 15:08:00,80.0,80.0,80.0,80.0,50,13200,18450.0,CE
2023-01-17 15:09:00,78.65,78.65,77.65,77.7,450,13400,18450.0,CE
2023-01-17 15:10:00,79.55,79.55,79.55,79.55,50,13400,18450.0,CE
2023-01-17 15:11:00,80.05,80.05,80.05,80.05,50,13400,18450.0,CE
2023-01-17 15:13:00,80.3,80.3,79.5,79.5,350,13650,18450.0,CE
2023-01-17 15:15:00,78.7,79.25,78.7,79.25,450,13850,18450.0,CE
2023-01-17 15:16:00,79.3,79.3,79.3,79.3,50,13850,18450.0,CE
2023-01-17 15:17:00,79.05,79.45,79.05,79.25,150,13850,18450.0,CE
2023-01-17 15:18:00,79.35,79.35,79.35,79.35,50,14150,18450.0,CE
2023-01-17 15:19:00,81.55,81.55,81.55,81.55,100,14150,18450.0,CE
2023-01-17 15:22:00,81.55,81.55,81.55,81.55,50,14200,18450.0,CE
2023-01-17 15:23:00,82.6,82.6,82.6,82.6,350,14200,18450.0,CE
2023-01-17 15:24:00,81.55,81.75,81.55,81.75,1000,14000,18450.0,CE
2023-01-17 15:25:00,83.3,83.3,80.75,80.75,5350,14000,18450.0,CE
2023-01-17 15:27:00,80.4,80.75,80.4,80.75,200,16600,18450.0,CE
2023-01-17 15:28:00,80.95,80.95,80.95,80.95,300,16600,18450.0,CE
2023-01-17 15:29:00,81.05,81.05,81.05,81.05,50,16600,18450.0,CE
2023-01-18 09:15:00,72.05,81.7,72.05,80.2,701,16850,18450.0,CE
2023-01-18 09:16:00,80.85,86.15,80.85,84.1,1350,16850,18450.0,CE
2023-01-18 09:17:00,83.85,87.6,83.85,87.6,300,16850,18450.0,CE
2023-01-18 09:18:00,87.6,87.6,86.1,86.1,100,17200,18450.0,CE
2023-01-18 09:19:00,85.8,85.8,85.8,85.8,50,17200,18450.0,CE
2023-01-18 09:20:00,80.4,82.75,80.4,82.05,550,17150,18450.0,CE
2023-01-18 09:22:00,80.45,80.45,80.45,80.45,100,17150,18450.0,CE
2023-01-18 09:23:00,85.8,85.8,85.8,85.8,50,17150,18450.0,CE
2023-01-18 09:24:00,83.7,83.7,78.2,79.6,250,17300,18450.0,CE
2023-01-18 09:25:00,78.45,78.45,74.6,75.4,1950,17300,18450.0,CE
2023-01-18 09:26:00,74.85,76.0,74.85,76.0,200,17650,18450.0,CE
2023-01-18 09:27:00,76.0,77.9,74.5,77.9,550,17650,18450.0,CE
2023-01-18 09:28:00,78.15,82.65,78.15,82.3,250,17650,18450.0,CE
2023-01-18 09:29:00,81.15,81.6,80.9,81.4,250,17500,18450.0,CE
2023-01-18 09:30:00,84.7,86.5,84.7,86.5,250,17500,18450.0,CE
2023-01-18 09:31:00,79.75,79.75,79.75,79.75,50,17500,18450.0,CE
2023-01-18 09:33:00,81.6,81.6,81.6,81.6,50,17250,18450.0,CE
2023-01-18 09:34:00,78.85,78.85,78.2,78.2,150,17250,18450.0,CE
2023-01-18 09:35:00,81.0,81.0,78.9,78.9,150,17300,18450.0,CE
2023-01-18 09:36:00,78.8,79.9,78.8,79.9,150,17300,18450.0,CE
2023-01-18 09:38:00,81.7,82.85,81.7,82.55,200,17500,18450.0,CE
2023-01-18 09:39:00,82.0,82.0,82.0,82.0,50,17500,18450.0,CE
2023-01-18 09:40:00,83.55,84.95,83.55,84.95,200,17500,18450.0,CE
2023-01-18 09:41:00,85.3,85.3,85.3,85.3,50,17550,18450.0,CE
2023-01-18 09:43:00,86.4,86.4,86.4,86.4,50,17550,18450.0,CE
2023-01-18 09:44:00,87.05,87.05,87.05,87.05,50,17550,18450.0,CE
2023-01-18 09:45:00,87.0,87.0,87.0,87.0,250,17500,18450.0,CE
2023-01-18 09:51:00,90.0,90.55,90.0,90.55,200,17500,18450.0,CE
2023-01-18 09:53:00,90.55,90.55,88.75,89.2,250,17500,18450.0,CE
2023-01-18 09:54:00,89.45,90.05,87.9,88.1,700,17500,18450.0,CE
2023-01-18 09:55:00,87.45,87.9,85.7,85.7,750,17500,18450.0,CE
2023-01-18 09:57:00,89.25,89.25,89.25,89.25,50,16400,18450.0,CE
2023-01-18 09:59:00,90.5,90.5,90.5,90.5,50,16400,18450.0,CE
2023-01-18 10:00:00,89.5,89.5,89.5,89.5,100,16400,18450.0,CE
2023-01-18 10:04:00,91.6,92.25,91.6,92.25,150,16400,18450.0,CE
2023-01-18 10:05:00,92.25,92.25,92.25,92.25,50,16400,18450.0,CE
2023-01-18 10:08:00,92.2,92.4,92.2,92.4,150,16350,18450.0,CE
2023-01-18 10:09:00,92.4,92.4,91.6,92.35,150,16350,18450.0,CE
2023-01-18 10:10:00,92.5,92.5,92.5,92.5,50,16350,18450.0,CE
2023-01-18 10:11:00,92.5,92.5,92.5,92.5,50,16350,18450.0,CE
2023-01-18 10:15:00,90.65,90.65,90.65,90.65,50,16300,18450.0,CE
2023-01-18 10:16:00,90.35,90.35,90.35,90.35,250,16300,18450.0,CE
2023-01-18 10:17:00,90.5,91.95,90.5,91.95,350,16300,18450.0,CE
2023-01-18 10:18:00,90.45,90.55,90.45,90.55,100,16100,18450.0,CE
2023-01-18 10:23:00,89.65,90.55,89.65,90.55,100,16050,18450.0,CE
2023-01-18 10:27:00,88.7,88.7,88.7,88.7,50,16050,18450.0,CE
2023-01-18 10:30:00,88.7,88.75,87.6,88.75,2000,16100,18450.0,CE
2023-01-18 10:32:00,88.6,88.6,88.6,88.6,50,16750,18450.0,CE
2023-01-18 10:35:00,88.6,88.95,88.6,88.95,200,16750,18450.0,CE
2023-01-18 10:39:00,89.5,89.5,89.5,89.5,250,16850,18450.0,CE
2023-01-18 10:40:00,89.5,89.5,89.5,89.5,250,16850,18450.0,CE
2023-01-18 10:41:00,91.0,91.0,91.0,91.0,100,16350,18450.0,CE
2023-01-18 10:42:00,92.0,93.25,92.0,93.25,350,16350,18450.0,CE
2023-01-18 10:43:00,93.25,93.25,92.3,92.3,200,16350,18450.0,CE
2023-01-18 10:45:00,92.85,92.85,91.2,91.2,400,16600,18450.0,CE
2023-01-18 10:47:00,90.25,90.25,90.25,90.25,50,16600,18450.0,CE
2023-01-18 10:49:00,92.6,92.6,92.6,92.6,50,16650,18450.0,CE
2023-01-18 10:50:00,91.95,91.95,91.95,91.95,50,16650,18450.0,CE
2023-01-18 10:59:00,91.65,91.65,91.65,91.65,50,16650,18450.0,CE
2023-01-18 11:00:00,91.95,91.95,91.95,91.95,50,16650,18450.0,CE
2023-01-18 11:03:00,90.35,90.35,90.35,90.35,50,16650,18450.0,CE
2023-01-18 11:05:00,91.95,91.95,91.95,91.95,50,16650,18450.0,CE
2023-01-18 11:07:00,90.4,90.4,90.4,90.4,50,16700,18450.0,CE
2023-01-18 11:08:00,94.7,95.0,94.7,95.0,500,16700,18450.0,CE
2023-01-18 11:09:00,94.65,94.65,94.65,94.65,50,16600,18450.0,CE
2023-01-18 11:10:00,95.6,96.0,95.6,96.0,500,16600,18450.0,CE
2023-01-18 11:12:00,96.0,96.0,96.0,96.0,50,17100,18450.0,CE
2023-01-18 11:13:00,95.0,95.0,95.0,95.0,50,17100,18450.0,CE
2023-01-18 11:14:00,96.9,96.9,96.9,96.9,300,17050,18450.0,CE
2023-01-18 11:15:00,97.65,98.85,97.05,98.85,2000,17050,18450.0,CE
2023-01-18 11:16:00,98.85,98.9,98.35,98.4,650,17050,18450.0,CE
2023-01-18 11:17:00,98.55,99.0,98.55,99.0,550,15050,18450.0,CE
2023-01-18 11:18:00,99.45,101.15,99.45,101.15,700,15050,18450.0,CE
2023-01-18 11:19:00,101.15,101.15,100.25,100.45,3400,15050,18450.0,CE
2023-01-18 11:20:00,100.45,100.45,99.75,99.75,100,15050,18450.0,CE
2023-01-18 11:22:00,101.0,101.0,101.0,101.0,100,13650,18450.0,CE
2023-01-18 11:23:00,99.95,100.1,99.7,99.7,200,13750,18450.0,CE
2023-01-18 11:24:00,99.8,100.6,99.8,100.6,450,13750,18450.0,CE
2023-01-18 11:25:00,102.0,102.15,102.0,102.15,100,13750,18450.0,CE
2023-01-18 11:26:00,103.0,103.0,103.0,103.0,50,13750,18450.0,CE
2023-01-18 11:28:00,103.0,103.0,103.0,103.0,50,13650,18450.0,CE
2023-01-18 11:29:00,100.1,100.1,99.75,99.75,400,13650,18450.0,CE
2023-01-18 11:30:00,99.25,100.6,99.25,100.6,350,13650,18450.0,CE
2023-01-18 11:31:00,100.8,100.9,100.0,100.0,250,13650,18450.0,CE
2023-01-18 11:32:00,99.6,100.05,99.0,100.05,550,13900,18450.0,CE
2023-01-18 11:33:00,99.2,100.35,99.2,100.0,250,13900,18450.0,CE
2023-01-18 11:34:00,100.8,100.8,100.55,100.55,250,13900,18450.0,CE
2023-01-18 11:35:00,100.2,100.2,100.2,100.2,50,13900,18450.0,CE
2023-01-18 11:36:00,100.05,101.55,100.05,101.55,150,13800,18450.0,CE
2023-01-18 11:37:00,102.0,102.0,102.0,102.0,150,13800,18450.0,CE
2023-01-18 11:38:00,103.1,103.1,103.1,103.1,50,13550,18450.0,CE
2023-01-18 11:41:00,105.15,105.15,105.15,105.15,200,13550,18450.0,CE
2023-01-18 11:42:00,105.45,106.2,105.45,106.2,150,13450,18450.0,CE
2023-01-18 11:43:00,105.55,106.6,105.5,106.3,3000,13450,18450.0,CE
2023-01-18 11:44:00,106.0,106.65,105.9,106.45,2100,16650,18450.0,CE
2023-01-18 11:45:00,106.1,106.4,104.8,104.8,2350,16650,18450.0,CE
2023-01-18 11:46:00,104.35,104.35,103.7,104.25,600,16650,18450.0,CE
2023-01-18 11:47:00,103.75,103.75,103.75,103.75,100,16650,18450.0,CE
2023-01-18 11:48:00,102.9,102.9,102.4,102.65,700,19700,18450.0,CE
2023-01-18 11:52:00,103.5,103.5,103.2,103.2,100,20300,18450.0,CE
2023-01-18 11:54:00,103.2,103.2,103.2,103.2,50,20300,18450.0,CE
2023-01-18 12:01:00,105.05,105.05,105.05,105.05,50,20300,18450.0,CE
2023-01-18 12:03:00,105.55,105.55,105.55,105.55,50,20300,18450.0,CE
2023-01-18 12:04:00,105.3,105.3,105.3,105.3,250,20300,18450.0,CE
2023-01-18 12:05:00,105.45,105.45,105.45,105.45,50,20300,18450.0,CE
2023-01-18 12:06:00,105.4,105.4,105.4,105.4,50,20100,18450.0,CE
2023-01-18 12:07:00,104.3,104.3,104.0,104.0,100,20100,18450.0,CE
2023-01-18 12:08:00,106.35,106.35,106.35,106.35,100,20100,18450.0,CE
2023-01-18 12:11:00,109.0,109.0,107.85,107.85,300,20200,18450.0,CE
2023-01-18 12:13:00,106.8,108.0,106.8,107.5,500,20250,18450.0,CE
2023-01-18 12:14:00,107.5,107.5,107.3,107.3,150,20250,18450.0,CE
2023-01-18 12:15:00,107.0,107.0,106.7,106.8,200,19800,18450.0,CE
2023-01-18 12:16:00,106.05,106.55,106.05,106.55,100,19800,18450.0,CE
2023-01-18 12:17:00,105.05,105.05,104.0,104.0,150,19800,18450.0,CE
2023-01-18 12:18:00,103.0,104.35,103.0,103.25,200,19950,18450.0,CE
2023-01-18 12:19:00,103.25,103.25,103.25,103.25,50,19950,18450.0,CE
2023-01-18 12:20:00,101.8,101.8,101.8,101.8,200,19950,18450.0,CE
2023-01-18 12:21:00,103.85,104.7,102.95,103.85,13400,20250,18450.0,CE
2023-01-18 12:22:00,104.1,105.4,103.4,105.4,24150,20250,18450.0,CE
2023-01-18 12:23:00,104.7,105.9,104.7,105.05,1950,20250,18450.0,CE
2023-01-18 12:25:00,105.9,106.5,105.9,106.35,400,45850,18450.0,CE
2023-01-18 12:26:00,106.95,108.0,106.95,108.0,1050,45850,18450.0,CE
2023-01-18 12:27:00,108.0,108.7,107.45,107.45,40550,45650,18450.0,CE
2023-01-18 12:28:00,107.6,107.6,107.15,107.15,650,45650,18450.0,CE
2023-01-18 12:29:00,107.0,107.4,106.9,107.15,400,45650,18450.0,CE
2023-01-18 12:31:00,107.7,107.7,107.7,107.7,50,23450,18450.0,CE
2023-01-18 12:32:00,105.95,105.95,105.4,105.7,650,23450,18450.0,CE
2023-01-18 12:33:00,106.2,107.3,106.2,107.3,550,23400,18450.0,CE
2023-01-18 12:34:00,105.35,105.35,103.7,104.0,300,23400,18450.0,CE
2023-01-18 12:35:00,104.0,104.5,103.65,104.0,400,23400,18450.0,CE
2023-01-18 12:36:00,103.85,103.85,102.0,102.05,550,22750,18450.0,CE
2023-01-18 12:37:00,103.25,103.75,102.2,102.2,350,22750,18450.0,CE
2023-01-18 12:38:00,102.5,102.5,102.5,102.5,150,22750,18450.0,CE
2023-01-18 12:39:00,100.65,100.8,100.65,100.8,350,22550,18450.0,CE
2023-01-18 12:40:00,100.85,101.0,100.8,101.0,500,22550,18450.0,CE
2023-01-18 12:42:00,100.05,103.25,100.05,103.25,13650,22550,18450.0,CE
2023-01-18 12:43:00,102.3,104.7,102.3,103.05,21600,22550,18450.0,CE
2023-01-18 12:44:00,104.95,104.95,104.05,104.8,4350,22550,18450.0,CE
2023-01-18 12:45:00,104.4,105.3,104.4,105.3,850,51550,18450.0,CE
2023-01-18 12:46:00,104.5,104.95,104.5,104.5,450,51550,18450.0,CE
2023-01-18 12:47:00,104.4,104.5,103.95,103.95,400,51550,18450.0,CE
2023-01-18 12:48:00,103.25,103.25,103.25,103.25,50,50750,18450.0,CE
2023-01-18 12:49:00,103.0,104.0,103.0,104.0,150,50750,18450.0,CE
2023-01-18 12:50:00,104.0,104.0,103.3,103.3,1900,50750,18450.0,CE
2023-01-18 12:51:00,103.85,103.85,103.85,103.85,250,52500,18450.0,CE
2023-01-18 12:52:00,105.95,105.95,105.95,105.95,100,52500,18450.0,CE
2023-01-18 12:53:00,106.15,106.7,106.15,106.6,1200,52500,18450.0,CE
2023-01-18 12:55:00,104.8,105.0,104.8,105.0,150,53400,18450.0,CE
2023-01-18 12:56:00,105.2,105.2,104.1,104.1,300,53400,18450.0,CE
2023-01-18 12:57:00,103.55,103.75,103.5,103.75,300,52950,18450.0,CE
2023-01-18 12:58:00,102.2,103.15,102.2,103.15,800,52950,18450.0,CE
2023-01-18 12:59:00,102.85,102.85,101.05,101.25,400,52950,18450.0,CE
2023-01-18 13:00:00,101.2,103.75,101.2,103.75,5100,52100,18450.0,CE
2023-01-18 13:01:00,102.35,103.55,102.35,102.5,500,52100,18450.0,CE
2023-01-18 13:02:00,103.0,103.0,101.35,101.45,2050,52100,18450.0,CE
2023-01-18 13:03:00,102.4,102.6,102.2,102.6,200,55850,18450.0,CE
2023-01-18 13:04:00,102.4,102.4,102.3,102.3,350,55850,18450.0,CE
2023-01-18 13:05:00,103.15,103.15,103.15,103.15,50,55850,18450.0,CE
2023-01-18 13:06:00,104.7,104.7,104.7,104.7,50,55850,18450.0,CE
2023-01-18 13:07:00,103.25,103.25,103.15,103.15,200,55850,18450.0,CE
2023-01-18 13:10:00,101.55,102.2,101.55,102.2,550,55850,18450.0,CE
2023-01-18 13:12:00,100.0,100.0,100.0,100.0,150,55850,18450.0,CE
2023-01-18 13:13:00,99.4,99.5,99.4,99.5,700,55850,18450.0,CE
2023-01-18 13:14:00,99.3,99.3,99.3,99.3,200,55850,18450.0,CE
2023-01-18 13:16:00,101.0,101.0,100.6,100.6,500,55900,18450.0,CE
2023-01-18 13:17:00,102.2,102.2,102.2,102.2,1800,55900,18450.0,CE
2023-01-18 13:18:00,101.45,101.45,101.1,101.1,250,57300,18450.0,CE
2023-01-18 13:20:00,102.8,103.0,102.8,103.0,350,57300,18450.0,CE
2023-01-18 13:21:00,102.6,102.6,102.6,102.6,50,57300,18450.0,CE
2023-01-18 13:24:00,102.8,102.8,102.8,102.8,400,57300,18450.0,CE
2023-01-18 13:26:00,101.7,103.0,101.7,102.95,200,57300,18450.0,CE
2023-01-18 13:29:00,103.05,103.05,103.05,103.05,100,57200,18450.0,CE
2023-01-18 13:30:00,105.95,107.1,105.95,107.1,9200,57250,18450.0,CE
2023-01-18 13:31:00,107.25,108.3,107.25,108.15,5500,57250,18450.0,CE
2023-01-18 13:32:00,107.4,107.4,107.3,107.3,150,57250,18450.0,CE
2023-01-18 13:33:00,107.7,107.7,107.7,107.7,100,43200,18450.0,CE
2023-01-18 13:34:00,106.75,107.15,106.75,107.15,100,43200,18450.0,CE
2023-01-18 13:35:00,109.25,109.25,109.25,109.25,100,43200,18450.0,CE
2023-01-18 13:36:00,108.4,108.4,108.1,108.1,100,43300,18450.0,CE
2023-01-18 13:37:00,108.25,109.5,108.25,109.5,300,43300,18450.0,CE
2023-01-18 13:42:00,109.5,109.5,109.5,109.5,2200,43600,18450.0,CE
2023-01-18 13:43:00,109.5,111.7,108.55,111.7,2700,43600,18450.0,CE
2023-01-18 13:44:00,111.25,111.25,110.3,110.75,1100,43600,18450.0,CE
2023-01-18 13:45:00,110.7,110.7,110.7,110.7,50,43600,18450.0,CE
2023-01-18 13:46:00,110.0,110.0,108.8,108.8,28550,40250,18450.0,CE
2023-01-18 13:48:00,107.7,107.7,107.7,107.7,50,40250,18450.0,CE
2023-01-18 13:49:00,107.7,108.0,105.85,105.85,800,24550,18450.0,CE
2023-01-18 13:50:00,104.2,105.4,104.15,104.75,7350,24550,18450.0,CE
2023-01-18 13:51:00,105.0,107.2,105.0,106.4,17700,29150,18450.0,CE
2023-01-18 13:52:00,105.95,107.05,105.5,105.6,16100,29150,18450.0,CE
2023-01-18 13:53:00,105.65,106.05,105.65,105.7,350,29150,18450.0,CE
2023-01-18 13:54:00,106.85,106.85,105.8,105.8,800,53950,18450.0,CE
2023-01-18 13:56:00,104.0,104.05,103.25,103.25,300,53950,18450.0,CE
2023-01-18 13:57:00,102.8,103.25,102.8,103.25,200,53200,18450.0,CE
2023-01-18 13:58:00,103.45,104.5,103.45,104.5,550,53200,18450.0,CE
2023-01-18 13:59:00,105.0,105.0,105.0,105.0,100,53200,18450.0,CE
2023-01-18 14:01:00,105.4,105.4,105.05,105.05,200,52850,18450.0,CE
2023-01-18 14:02:00,106.25,106.25,105.4,105.4,750,52850,18450.0,CE
2023-01-18 14:03:00,105.4,105.4,105.4,105.4,50,52300,18450.0,CE
2023-01-18 14:04:00,104.2,104.5,104.2,104.5,200,52300,18450.0,CE
2023-01-18 14:05:00,102.25,102.25,101.8,101.8,250,52300,18450.0,CE
2023-01-18 14:06:00,100.0,100.0,98.55,99.15,1250,52050,18450.0,CE
2023-01-18 14:07:00,99.0,99.0,99.0,99.0,50,52050,18450.0,CE
2023-01-18 14:08:00,100.3,100.3,100.3,100.3,50,52050,18450.0,CE
2023-01-18 14:09:00,100.1,100.8,100.1,100.25,350,51950,18450.0,CE
2023-01-18 14:10:00,99.0,101.45,99.0,101.45,550,51950,18450.0,CE
2023-01-18 14:11:00,101.05,101.7,100.25,101.45,850,51950,18450.0,CE
2023-01-18 14:12:00,101.4,101.4,101.4,101.4,50,52250,18450.0,CE
2023-01-18 14:13:00,101.5,101.5,101.5,101.5,50,52250,18450.0,CE
2023-01-18 14:14:00,104.2,104.2,102.85,102.95,700,52250,18450.0,CE
2023-01-18 14:15:00,103.35,104.9,103.35,104.55,600,52050,18450.0,CE
2023-01-18 14:16:00,104.3,104.3,104.0,104.0,800,52050,18450.0,CE
2023-01-18 14:18:00,104.15,104.15,104.15,104.15,100,52050,18450.0,CE
2023-01-18 14:19:00,103.5,103.75,103.5,103.75,250,51700,18450.0,CE
2023-01-18 14:22:00,105.5,105.5,104.9,105.2,550,51600,18450.0,CE
2023-01-18 14:25:00,106.7,107.1,106.7,107.1,250,51900,18450.0,CE
2023-01-18 14:26:00,106.7,106.7,106.25,106.25,350,51900,18450.0,CE
2023-01-18 14:29:00,107.2,107.2,106.55,106.55,100,51900,18450.0,CE
2023-01-18 14:30:00,108.4,109.1,108.4,109.1,450,52000,18450.0,CE
2023-01-18 14:31:00,109.1,109.1,109.1,109.1,1850,52000,18450.0,CE
2023-01-18 14:32:00,109.25,109.25,109.25,109.25,1800,52000,18450.0,CE
2023-01-18 14:33:00,109.35,109.35,109.35,109.35,1800,52000,18450.0,CE
2023-01-18 14:34:00,107.9,107.9,107.9,107.9,500,46750,18450.0,CE
2023-01-18 14:36:00,107.75,107.75,107.45,107.45,300,46400,18450.0,CE
2023-01-18 14:38:00,107.5,107.5,107.5,107.5,100,46400,18450.0,CE
2023-01-18 14:40:00,108.55,108.55,108.55,108.55,50,46400,18450.0,CE
2023-01-18 14:41:00,109.2,109.95,109.2,109.95,5850,46400,18450.0,CE
2023-01-18 14:43:00,109.9,109.9,109.9,109.9,50,41000,18450.0,CE
2023-01-18 14:44:00,109.95,110.0,109.95,110.0,3250,41000,18450.0,CE
2023-01-18 14:46:00,111.75,111.75,111.75,111.75,2100,38400,18450.0,CE
2023-01-18 14:47:00,108.95,108.95,108.95,108.95,50,38400,18450.0,CE
2023-01-18 14:48:00,107.4,108.8,107.4,107.4,250,37950,18450.0,CE
2023-01-18 14:49:00,107.25,107.25,107.25,107.25,50,37950,18450.0,CE
2023-01-18 14:51:00,107.95,107.95,107.95,107.95,50,38100,18450.0,CE
2023-01-18 14:52:00,108.5,108.5,107.0,107.0,800,38100,18450.0,CE
2023-01-18 14:53:00,106.4,106.85,106.1,106.85,200,38100,18450.0,CE
2023-01-18 14:54:00,106.85,107.5,106.7,106.7,11100,38200,18450.0,CE
2023-01-18 14:55:00,106.55,108.35,105.65,108.35,15800,38200,18450.0,CE
2023-01-18 14:56:00,108.05,108.05,108.05,108.05,150,38200,18450.0,CE
2023-01-18 14:58:00,108.4,108.65,108.4,108.55,600,61200,18450.0,CE
2023-01-18 14:59:00,108.65,112.35,108.65,112.35,350,61200,18450.0,CE
2023-01-18 15:00:00,112.35,112.35,103.0,103.0,2100,61350,18450.0,CE
2023-01-18 15:01:00,101.75,101.75,100.2,100.2,300,61350,18450.0,CE
2023-01-18 15:02:00,108.7,108.8,107.4,107.4,200,61350,18450.0,CE
2023-01-18 15:03:00,108.25,108.25,106.8,106.8,1650,61200,18450.0,CE
2023-01-18 15:04:00,106.7,106.7,106.7,106.7,50,61200,18450.0,CE
2023-01-18 15:05:00,105.85,105.85,105.85,105.85,50,61200,18450.0,CE
2023-01-18 15:06:00,108.1,108.1,108.1,108.1,100,62800,18450.0,CE
2023-01-18 15:07:00,106.35,106.35,106.35,106.35,50,62800,18450.0,CE
2023-01-18 15:08:00,105.25,105.25,105.25,105.25,250,62800,18450.0,CE
2023-01-18 15:09:00,105.1,105.1,105.1,105.1,400,62800,18450.0,CE
2023-01-18 15:10:00,106.0,106.8,105.45,106.0,1100,62950,18450.0,CE
2023-01-18 15:11:00,106.05,106.05,105.4,105.4,950,62950,18450.0,CE
2023-01-18 15:12:00,105.3,105.75,105.0,105.75,650,62950,18450.0,CE
2023-01-18 15:14:00,104.1,104.1,104.1,104.1,50,62300,18450.0,CE
2023-01-18 15:15:00,103.25,105.0,103.25,105.0,300,62200,18450.0,CE
2023-01-18 15:16:00,105.5,106.05,105.5,106.05,1200,62200,18450.0,CE
2023-01-18 15:17:00,106.25,106.95,106.25,106.95,100,62200,18450.0,CE
2023-01-18 15:18:00,107.35,107.35,106.05,106.05,200,62200,18450.0,CE
2023-01-18 15:19:00,106.5,106.5,106.5,106.5,750,62200,18450.0,CE
2023-01-18 15:20:00,106.6,107.0,106.6,107.0,1100,62200,18450.0,CE
2023-01-18 15:23:00,106.6,106.6,106.6,106.6,100,63300,18450.0,CE
2023-01-18 15:24:00,107.5,107.85,107.25,107.25,1050,63350,18450.0,CE
2023-01-18 15:25:00,107.05,107.2,107.05,107.2,1100,63350,18450.0,CE
2023-01-18 15:26:00,107.25,107.65,107.1,107.2,1300,63350,18450.0,CE
2023-01-18 15:27:00,108.3,108.95,108.3,108.95,950,62100,18450.0,CE
2023-01-18 15:28:00,109.3,109.3,109.3,109.3,100,62100,18450.0,CE
2023-01-18 15:29:00,110.4,111.5,109.75,111.5,400,62100,18450.0,CE
2023-01-19 09:15:00,106.6,106.6,89.85,94.45,1501,62400,18450.0,CE
2023-01-19 09:16:00,91.6,96.15,91.4,96.15,350,62400,18450.0,CE
2023-01-19 09:17:00,95.8,97.0,95.45,95.45,1100,61500,18450.0,CE
2023-01-19 09:18:00,94.85,95.1,93.65,93.65,1100,61500,18450.0,CE
2023-01-19 09:19:00,95.9,95.9,94.0,94.0,650,61500,18450.0,CE
2023-01-19 09:20:00,95.75,95.75,93.65,93.65,300,60750,18450.0,CE
2023-01-19 09:21:00,93.2,93.2,92.4,92.4,100,60750,18450.0,CE
2023-01-19 09:22:00,90.6,90.6,88.5,88.5,300,60750,18450.0,CE
2023-01-19 09:23:00,88.5,90.05,88.5,89.35,750,60550,18450.0,CE
2023-01-19 09:24:00,89.6,91.6,89.6,91.6,2600,60550,18450.0,CE
2023-01-19 09:25:00,90.65,91.35,89.5,91.35,2550,60550,18450.0,CE
2023-01-19 09:26:00,89.7,89.7,89.25,89.25,150,65350,18450.0,CE
2023-01-19 09:27:00,89.8,89.85,87.25,87.25,1150,65350,18450.0,CE
2023-01-19 09:28:00,84.9,84.9,84.9,84.9,150,65350,18450.0,CE
2023-01-19 09:29:00,85.45,85.45,85.45,85.45,50,65350,18450.0,CE
2023-01-19 09:30:00,83.65,83.65,83.65,83.65,50,65500,18450.0,CE
2023-01-19 09:31:00,83.65,85.0,83.55,85.0,700,65500,18450.0,CE
2023-01-19 09:33:00,84.0,84.05,83.7,83.7,450,65300,18450.0,CE
2023-01-19 09:34:00,85.0,85.0,84.4,84.4,400,65300,18450.0,CE
2023-01-19 09:35:00,85.0,85.0,85.0,85.0,200,65300,18450.0,CE
2023-01-19 09:36:00,86.0,86.0,86.0,86.0,550,65300,18450.0,CE
2023-01-19 09:37:00,87.05,93.35,86.75,90.2,3300,65300,18450.0,CE
2023-01-19 09:39:00,88.35,88.35,85.45,85.9,1500,65350,18450.0,CE
2023-01-19 09:40:00,86.25,86.8,83.5,86.8,2250,65350,18450.0,CE
2023-01-19 09:41:00,86.9,87.6,86.0,86.0,1150,65450,18450.0,CE
2023-01-19 09:42:00,85.0,86.65,84.0,84.55,1850,65450,18450.0,CE
2023-01-19 09:43:00,85.6,86.3,85.6,86.3,250,65450,18450.0,CE
2023-01-19 09:44:00,84.05,85.15,84.05,84.8,650,65850,18450.0,CE
2023-01-19 09:45:00,84.55,87.15,84.55,85.35,750,65850,18450.0,CE
2023-01-19 09:46:00,85.2,88.0,84.9,87.85,600,65850,18450.0,CE
2023-01-19 09:47:00,86.6,86.8,85.75,85.75,750,65300,18450.0,CE
2023-01-19 09:48:00,86.4,86.65,86.4,86.65,150,65300,18450.0,CE
2023-01-19 09:49:00,86.95,87.0,86.95,87.0,150,65300,18450.0,CE
2023-01-19 09:50:00,86.55,86.55,86.55,86.55,50,65300,18450.0,CE
2023-01-19 09:53:00,86.35,86.35,86.35,86.35,300,65150,18450.0,CE
2023-01-19 09:54:00,85.0,85.0,85.0,85.0,50,65400,18450.0,CE
2023-01-19 09:55:00,84.9,84.9,84.6,84.75,400,65400,18450.0,CE
2023-01-19 09:56:00,82.4,82.7,82.4,82.6,550,65650,18450.0,CE
2023-01-19 09:57:00,82.0,82.65,82.0,82.65,450,65650,18450.0,CE
2023-01-19 09:58:00,82.45,82.95,82.45,82.95,150,65650,18450.0,CE
2023-01-19 09:59:00,83.0,83.6,83.0,83.6,250,65650,18450.0,CE
2023-01-19 10:00:00,83.8,83.8,83.6,83.8,2350,65550,18450.0,CE
2023-01-19 10:02:00,84.85,84.85,81.8,81.8,1200,67800,18450.0,CE
2023-01-19 10:03:00,80.0,80.0,79.3,79.3,150,67800,18450.0,CE
2023-01-19 10:04:00,77.3,77.3,77.2,77.2,450,67800,18450.0,CE
2023-01-19 10:05:00,76.5,76.5,76.5,76.5,100,67650,18450.0,CE
2023-01-19 10:06:00,77.0,77.1,76.1,77.1,1300,67650,18450.0,CE
2023-01-19 10:07:00,77.65,77.65,76.75,76.75,550,67650,18450.0,CE
2023-01-19 10:08:00,76.7,77.55,76.4,77.55,500,66950,18450.0,CE
2023-01-19 10:09:00,77.05,77.25,75.95,75.95,1250,66950,18450.0,CE
2023-01-19 10:10:00,75.9,75.9,74.9,75.45,1450,66950,18450.0,CE
2023-01-19 10:11:00,76.85,77.65,76.85,77.55,950,66700,18450.0,CE
2023-01-19 10:12:00,77.45,78.0,77.45,78.0,450,66700,18450.0,CE
2023-01-19 10:13:00,78.0,78.2,78.0,78.2,100,66700,18450.0,CE
2023-01-19 10:14:00,77.95,78.75,77.95,78.4,200,66700,18450.0,CE
2023-01-19 10:16:00,77.65,77.65,77.25,77.25,100,65750,18450.0,CE
2023-01-19 10:17:00,77.0,77.0,76.75,76.75,300,65850,18450.0,CE
2023-01-19 10:20:00,77.0,77.0,77.0,77.0,50,65850,18450.0,CE
2023-01-19 10:21:00,79.0,79.75,79.0,79.75,700,65700,18450.0,CE
2023-01-19 10:24:00,79.0,80.0,79.0,80.0,800,65400,18450.0,CE
2023-01-19 10:25:00,81.65,81.8,81.65,81.8,100,65400,18450.0,CE
2023-01-19 10:26:00,83.7,83.7,83.0,83.0,350,65400,18450.0,CE
2023-01-19 10:27:00,83.25,83.25,83.25,83.25,250,65450,18450.0,CE
2023-01-19 10:28:00,83.15,83.15,83.15,83.15,100,65450,18450.0,CE
2023-01-19 10:29:00,82.85,82.85,82.85,82.85,300,65450,18450.0,CE
2023-01-19 10:30:00,84.95,84.95,84.2,84.2,350,65850,18450.0,CE
2023-01-19 10:31:00,83.95,83.95,83.7,83.75,250,65850,18450.0,CE
2023-01-19 10:32:00,83.75,83.75,83.75,83.75,50,65850,18450.0,CE
2023-01-19 10:34:00,83.6,83.6,83.6,83.6,250,65750,18450.0,CE
2023-01-19 10:35:00,83.25,83.4,83.25,83.4,300,65750,18450.0,CE
2023-01-19 10:36:00,84.0,84.7,84.0,84.7,200,65850,18450.0,CE
2023-01-19 10:37:00,85.8,86.2,85.8,86.2,150,65850,18450.0,CE
2023-01-19 10:38:00,86.55,86.55,86.55,86.55,100,65850,18450.0,CE
2023-01-19 10:39:00,87.2,87.9,87.2,87.55,350,65950,18450.0,CE
2023-01-19 10:40:00,88.55,88.55,88.55,88.55,550,65950,18450.0,CE
2023-01-19 10:41:00,88.75,88.75,88.75,88.75,400,65950,18450.0,CE
2023-01-19 10:43:00,87.6,87.6,86.6,86.6,650,65950,18450.0,CE
2023-01-19 10:44:00,86.65,86.8,85.9,85.9,1150,66150,18450.0,CE
2023-01-19 10:45:00,85.25,86.8,85.25,86.8,950,66150,18450.0,CE
2023-01-19 10:46:00,86.5,86.6,86.45,86.6,750,66150,18450.0,CE
2023-01-19 10:47:00,87.05,87.15,86.9,87.15,200,65950,18450.0,CE
2023-01-19 10:48:00,86.75,86.75,86.75,86.75,200,65950,18450.0,CE
2023-01-19 10:49:00,86.05,86.15,85.95,86.15,450,65950,18450.0,CE
2023-01-19 10:51:00,87.4,87.4,85.55,85.55,1500,66000,18450.0,CE
2023-01-19 10:52:00,83.8,85.05,83.8,85.05,1000,66000,18450.0,CE
2023-01-19 10:53:00,84.8,84.8,84.8,84.8,50,66000,18450.0,CE
2023-01-19 10:54:00,84.4,84.8,84.4,84.8,150,66000,18450.0,CE
2023-01-19 10:55:00,85.0,85.55,85.0,85.55,100,66000,18450.0,CE
2023-01-19 10:56:00,86.05,87.3,86.0,87.3,650,66150,18450.0,CE
2023-01-19 10:57:00,88.65,88.65,88.65,88.65,50,66150,18450.0,CE
2023-01-19 10:58:00,88.05,88.05,87.75,87.75,650,66150,18450.0,CE
2023-01-19 10:59:00,90.0,90.0,89.4,89.4,350,66150,18450.0,CE
2023-01-19 11:00:00,91.95,91.95,91.35,91.35,300,66150,18450.0,CE
2023-01-19 11:01:00,93.1,93.1,93.1,93.1,1150,66150,18450.0,CE
2023-01-19 11:02:00,93.7,96.95,93.7,96.55,200,66150,18450.0,CE
2023-01-19 11:03:00,97.95,97.95,97.95,97.95,1800,66350,18450.0,CE
2023-01-19 11:05:00,93.8,93.8,92.5,92.5,900,66350,18450.0,CE
2023-01-19 11:06:00,92.95,92.95,92.0,92.0,100,68600,18450.0,CE
2023-01-19 11:07:00,90.0,90.0,90.0,90.0,100,68600,18450.0,CE
2023-01-19 11:08:00,89.05,89.8,89.05,89.8,150,68600,18450.0,CE
2023-01-19 11:10:00,89.25,89.25,89.25,89.25,300,67950,18450.0,CE
2023-01-19 11:11:00,87.75,88.95,87.75,88.95,250,67950,18450.0,CE
2023-01-19 11:12:00,89.25,89.25,88.5,88.55,200,67950,18450.0,CE
2023-01-19 11:15:00,91.35,91.9,91.35,91.9,600,67900,18450.0,CE
2023-01-19 11:17:00,91.25,91.25,91.25,91.25,50,67900,18450.0,CE
2023-01-19 11:18:00,90.0,90.0,90.0,90.0,500,67950,18450.0,CE
2023-01-19 11:19:00,89.3,89.3,89.3,89.3,50,67950,18450.0,CE
2023-01-19 11:22:00,87.0,87.0,87.0,87.0,500,68300,18450.0,CE
2023-01-19 11:23:00,86.25,86.25,84.0,84.0,600,68300,18450.0,CE
2023-01-19 11:24:00,84.4,84.5,83.8,84.5,550,68350,18450.0,CE
2023-01-19 11:25:00,83.7,84.0,83.25,84.0,450,68350,18450.0,CE
2023-01-19 11:26:00,84.15,84.15,84.15,84.15,300,68350,18450.0,CE
2023-01-19 11:27:00,85.5,85.5,85.5,85.5,100,69450,18450.0,CE
2023-01-19 11:28:00,85.8,85.8,85.8,85.8,250,69450,18450.0,CE
2023-01-19 11:29:00,86.5,86.5,86.5,86.5,50,69450,18450.0,CE
2023-01-19 11:30:00,86.15,86.15,86.15,86.15,100,69500,18450.0,CE
2023-01-19 11:31:00,85.55,86.65,85.55,86.65,200,69500,18450.0,CE
2023-01-19 11:34:00,85.3,85.3,85.3,85.3,250,69500,18450.0,CE
2023-01-19 11:38:00,85.15,85.15,85.15,85.15,50,69750,18450.0,CE
2023-01-19 11:39:00,84.8,84.8,84.8,84.8,50,69750,18450.0,CE
2023-01-19 11:40:00,85.5,85.5,85.5,85.5,150,69750,18450.0,CE
2023-01-19 11:41:00,86.0,86.5,86.0,86.5,150,69800,18450.0,CE
2023-01-19 11:42:00,86.5,88.25,86.5,88.25,350,69800,18450.0,CE
2023-01-19 11:43:00,90.05,90.05,90.05,90.05,50,69800,18450.0,CE
2023-01-19 11:44:00,90.25,90.25,90.25,90.25,250,69800,18450.0,CE
2023-01-19 11:46:00,93.4,93.4,93.25,93.25,150,69550,18450.0,CE
2023-01-19 11:47:00,93.25,93.25,93.25,93.25,300,69550,18450.0,CE
2023-01-19 11:48:00,91.25,91.25,89.6,89.6,300,69450,18450.0,CE
2023-01-19 11:49:00,89.0,89.0,89.0,89.0,50,69450,18450.0,CE
2023-01-19 11:50:00,90.0,90.0,89.6,89.6,400,69450,18450.0,CE
2023-01-19 11:51:00,90.55,90.55,90.0,90.0,250,69600,18450.0,CE
2023-01-19 11:52:00,89.5,89.5,89.5,89.5,100,69600,18450.0,CE
2023-01-19 11:56:00,87.6,87.6,87.6,87.6,50,69700,18450.0,CE
2023-01-19 11:57:00,87.6,87.6,87.6,87.6,50,69650,18450.0,CE
2023-01-19 11:59:00,85.4,85.4,85.4,85.4,200,69650,18450.0,CE
2023-01-19 12:00:00,85.45,85.45,85.45,85.45,50,69650,18450.0,CE
2023-01-19 12:01:00,86.2,87.5,85.8,87.5,1950,69650,18450.0,CE
2023-01-19 12:02:00,88.0,88.7,88.0,88.7,750,69650,18450.0,CE
2023-01-19 12:04:00,87.0,87.0,86.25,86.25,250,69650,18450.0,CE
2023-01-19 12:05:00,87.3,87.3,87.3,87.3,400,69650,18450.0,CE
2023-01-19 12:06:00,87.0,87.0,86.0,86.0,500,69850,18450.0,CE
2023-01-19 12:10:00,87.45,87.45,87.45,87.45,200,69850,18450.0,CE
2023-01-19 12:11:00,88.0,88.25,88.0,88.25,350,69850,18450.0,CE
2023-01-19 12:12:00,87.5,87.5,87.5,87.5,50,69700,18450.0,CE
2023-01-19 12:15:00,86.95,87.0,86.95,87.0,800,69750,18450.0,CE
2023-01-19 12:17:00,86.0,86.0,86.0,86.0,250,69750,18450.0,CE
2023-01-19 12:22:00,86.65,86.65,84.35,84.35,450,69800,18450.0,CE
2023-01-19 12:23:00,83.75,84.2,82.8,82.8,750,69800,18450.0,CE
2023-01-19 12:24:00,83.6,83.6,83.6,83.6,50,69500,18450.0,CE
2023-01-19 12:28:00,85.3,85.3,85.3,85.3,50,69500,18450.0,CE
2023-01-19 12:30:00,85.65,85.65,85.65,85.65,100,69500,18450.0,CE
2023-01-19 12:31:00,87.3,87.3,87.3,87.3,50,69500,18450.0,CE
2023-01-19 12:33:00,86.75,86.75,86.45,86.45,100,69500,18450.0,CE
2023-01-19 12:34:00,86.8,87.6,86.8,87.6,150,69500,18450.0,CE
2023-01-19 12:35:00,87.55,88.4,87.55,88.4,400,69500,18450.0,CE
2023-01-19 12:37:00,87.0,87.0,87.0,87.0,50,69550,18450.0,CE
2023-01-19 12:38:00,86.2,86.2,86.2,86.2,200,69550,18450.0,CE
2023-01-19 12:39:00,86.05,86.05,86.05,86.05,50,69550,18450.0,CE
2023-01-19 12:40:00,85.05,86.2,85.05,86.2,600,69550,18450.0,CE
2023-01-19 12:42:00,86.75,86.95,86.75,86.95,200,70050,18450.0,CE
2023-01-19 12:43:00,85.3,85.95,85.3,85.95,150,70050,18450.0,CE
2023-01-19 12:44:00,84.9,84.9,84.9,84.9,50,70050,18450.0,CE
2023-01-19 12:45:00,84.8,84.8,82.6,83.2,1600,70050,18450.0,CE
2023-01-19 12:46:00,83.8,84.25,83.8,84.25,150,70050,18450.0,CE
2023-01-19 12:47:00,82.85,82.85,82.85,82.85,50,70050,18450.0,CE
2023-01-19 12:48:00,81.25,82.6,80.85,82.6,700,70150,18450.0,CE
2023-01-19 12:49:00,82.9,82.9,82.9,82.9,50,70150,18450.0,CE
2023-01-19 12:50:00,81.9,82.8,81.8,82.8,150,70150,18450.0,CE
2023-01-19 12:51:00,80.75,81.8,80.75,81.8,300,70100,18450.0,CE
2023-01-19 12:53:00,83.65,83.65,83.4,83.4,300,70100,18450.0,CE
2023-01-19 12:55:00,83.4,83.4,83.4,83.4,250,70400,18450.0,CE
2023-01-19 12:56:00,82.5,82.5,82.5,82.5,50,70400,18450.0,CE
2023-01-19 12:57:00,82.0,82.0,81.95,81.95,500,70400,18450.0,CE
2023-01-19 12:58:00,81.05,81.8,81.05,81.8,100,70400,18450.0,CE
2023-01-19 12:59:00,81.7,81.7,81.7,81.7,250,70400,18450.0,CE
2023-01-19 13:07:00,82.7,82.7,82.7,82.7,50,70300,18450.0,CE
2023-01-19 13:10:00,83.55,83.55,83.55,83.55,50,70350,18450.0,CE
2023-01-19 13:11:00,84.35,84.35,84.35,84.35,50,70350,18450.0,CE
2023-01-19 13:15:00,81.0,81.0,79.75,79.75,300,70450,18450.0,CE
2023-01-19 13:17:00,82.6,82.6,82.6,82.6,550,70450,18450.0,CE
2023-01-19 13:18:00,82.2,82.2,80.95,80.95,100,70950,18450.0,CE
2023-01-19 13:19:00,82.0,82.0,82.0,82.0,50,70950,18450.0,CE
2023-01-19 13:21:00,82.2,82.2,82.2,82.2,50,70950,18450.0,CE
2023-01-19 13:22:00,82.1,82.4,82.1,82.4,150,70900,18450.0,CE
2023-01-19 13:23:00,82.75,82.75,82.75,82.75,250,70900,18450.0,CE
2023-01-19 13:25:00,83.65,83.65,83.65,83.65,100,70500,18450.0,CE
2023-01-19 13:26:00,83.35,83.6,82.75,83.55,350,70500,18450.0,CE
2023-01-19 13:28:00,84.0,84.0,84.0,84.0,50,70350,18450.0,CE
2023-01-19 13:29:00,83.5,83.7,83.5,83.7,1000,70350,18450.0,CE
2023-01-19 13:30:00,83.9,83.9,83.9,83.9,50,70400,18450.0,CE
2023-01-19 13:31:00,84.45,84.45,84.45,84.45,50,70400,18450.0,CE
2023-01-19 13:32:00,83.8,83.8,83.8,83.8,50,70400,18450.0,CE
2023-01-19 13:35:00,84.0,84.0,82.15,82.15,8650,70400,18450.0,CE
2023-01-19 13:36:00,82.6,82.6,81.9,81.9,100,72850,18450.0,CE
2023-01-19 13:37:00,83.25,83.25,83.25,83.25,50,72850,18450.0,CE
2023-01-19 13:38:00,82.0,82.0,82.0,82.0,200,72850,18450.0,CE
2023-01-19 13:40:00,83.0,83.2,83.0,83.2,250,72750,18450.0,CE
2023-01-19 13:42:00,82.75,83.2,82.0,82.0,900,72500,18450.0,CE
2023-01-19 13:43:00,82.8,82.8,82.8,82.8,400,72500,18450.0,CE
2023-01-19 13:44:00,84.45,84.65,83.4,83.4,1100,72500,18450.0,CE
2023-01-19 13:46:00,83.2,83.2,82.85,82.85,100,71450,18450.0,CE
2023-01-19 13:47:00,82.55,82.55,82.1,82.1,200,71450,18450.0,CE
2023-01-19 13:48:00,82.95,82.95,82.8,82.8,450,71250,18450.0,CE
2023-01-19 13:49:00,81.6,81.6,81.3,81.3,650,71250,18450.0,CE
2023-01-19 13:50:00,81.3,82.0,80.15,80.15,1200,71250,18450.0,CE
2023-01-19 13:51:00,80.4,80.4,80.4,80.4,50,71250,18450.0,CE
2023-01-19 13:52:00,80.8,80.8,80.8,80.8,450,71550,18450.0,CE
2023-01-19 13:59:00,80.4,80.4,80.4,80.4,50,71400,18450.0,CE
2023-01-19 14:01:00,80.8,82.1,80.8,81.0,1500,71350,18450.0,CE
2023-01-19 14:03:00,81.8,82.25,81.8,82.25,100,70750,18450.0,CE
2023-01-19 14:04:00,81.25,81.25,81.25,81.25,100,70750,18450.0,CE
2023-01-19 14:05:00,80.35,80.35,80.35,80.35,50,70750,18450.0,CE
2023-01-19 14:07:00,82.85,83.35,82.45,83.35,400,70750,18450.0,CE
2023-01-19 14:08:00,82.8,82.8,82.65,82.65,150,70750,18450.0,CE
2023-01-19 14:14:00,83.8,83.8,83.8,83.8,50,70950,18450.0,CE
2023-01-19 14:15:00,83.5,85.55,83.5,85.55,900,70700,18450.0,CE
2023-01-19 14:19:00,83.2,83.2,82.2,82.2,200,70550,18450.0,CE
2023-01-19 14:20:00,78.55,78.55,78.55,78.55,50,70550,18450.0,CE
2023-01-19 14:22:00,78.45,78.45,78.15,78.15,200,70750,18450.0,CE
2023-01-19 14:23:00,76.8,76.8,74.4,74.4,1050,70750,18450.0,CE
2023-01-19 14:24:00,75.4,75.4,73.05,73.05,450,70800,18450.0,CE
2023-01-19 14:25:00,72.15,72.15,71.9,71.9,550,70800,18450.0,CE
2023-01-19 14:26:00,71.9,74.8,71.9,74.8,200,70800,18450.0,CE
2023-01-19 14:27:00,74.6,76.0,74.5,75.8,750,70500,18450.0,CE
2023-01-19 14:28:00,74.85,74.85,74.85,74.85,150,70500,18450.0,CE
2023-01-19 14:29:00,74.95,75.1,74.85,75.1,250,70500,18450.0,CE
2023-01-19 14:30:00,73.3,77.3,73.3,77.3,400,70450,18450.0,CE
2023-01-19 14:31:00,74.35,74.35,74.35,74.35,100,70450,18450.0,CE
2023-01-19 14:33:00,74.75,74.75,74.35,74.35,200,70600,18450.0,CE
2023-01-19 14:34:00,73.0,73.15,72.9,72.9,850,70600,18450.0,CE
2023-01-19 14:35:00,73.8,73.8,73.8,73.8,50,70600,18450.0,CE
2023-01-19 14:37:00,75.2,75.85,75.2,75.85,100,70450,18450.0,CE
2023-01-19 14:39:00,74.65,74.65,74.65,74.65,100,70450,18450.0,CE
2023-01-19 14:40:00,76.2,76.2,76.2,76.2,100,70500,18450.0,CE
2023-01-19 14:41:00,75.65,76.0,75.65,76.0,150,70500,18450.0,CE
2023-01-19 14:45:00,76.75,76.75,76.2,76.2,300,70550,18450.0,CE
2023-01-19 14:46:00,76.25,76.5,74.95,76.5,850,70550,18450.0,CE
2023-01-19 14:47:00,76.85,77.4,76.85,77.4,700,70550,18450.0,CE
2023-01-19 14:48:00,76.75,76.75,76.2,76.2,300,70450,18450.0,CE
2023-01-19 14:50:00,75.3,76.45,75.3,76.3,200,70450,18450.0,CE
2023-01-19 14:54:00,76.2,76.2,76.2,76.2,50,70500,18450.0,CE
2023-01-19 14:55:00,76.3,76.85,76.3,76.85,100,70500,18450.0,CE
2023-01-19 14:56:00,76.8,77.2,76.8,77.2,350,70500,18450.0,CE
2023-01-19 14:57:00,74.15,74.15,74.0,74.0,1100,70400,18450.0,CE
2023-01-19 14:58:00,75.05,75.6,75.05,75.6,750,70400,18450.0,CE
2023-01-19 14:59:00,74.4,74.5,74.4,74.5,100,70400,18450.0,CE
2023-01-19 15:00:00,76.95,79.1,76.95,77.7,650,71600,18450.0,CE
2023-01-19 15:02:00,78.2,78.6,78.2,78.4,400,71600,18450.0,CE
2023-01-19 15:03:00,77.6,77.6,77.6,77.6,300,71650,18450.0,CE
2023-01-19 15:04:00,76.9,76.9,76.9,76.9,1000,71650,18450.0,CE
2023-01-19 15:05:00,77.95,77.95,77.95,77.95,100,71650,18450.0,CE
2023-01-19 15:06:00,77.45,77.45,76.9,76.9,450,72050,18450.0,CE
2023-01-19 15:07:00,77.45,77.45,76.5,76.65,400,72050,18450.0,CE
2023-01-19 15:08:00,76.6,76.6,76.25,76.25,300,72050,18450.0,CE
2023-01-19 15:09:00,75.8,75.85,75.6,75.6,1250,72400,18450.0,CE
2023-01-19 15:10:00,76.75,76.75,75.4,75.4,500,72400,18450.0,CE
2023-01-19 15:11:00,74.1,74.4,73.6,73.95,1650,72400,18450.0,CE
2023-01-19 15:13:00,73.65,73.75,73.6,73.65,750,73100,18450.0,CE
2023-01-19 15:14:00,73.1,73.25,72.5,73.0,1450,73100,18450.0,CE
2023-01-19 15:15:00,72.95,73.9,72.95,73.9,250,73750,18450.0,CE
2023-01-19 15:16:00,74.0,74.0,73.0,73.3,750,73750,18450.0,CE
2023-01-19 15:17:00,72.8,73.0,72.5,72.5,600,73750,18450.0,CE
2023-01-19 15:18:00,72.95,72.95,72.85,72.85,100,74050,18450.0,CE
2023-01-19 15:19:00,72.35,72.85,72.35,72.75,800,74050,18450.0,CE
2023-01-19 15:20:00,73.45,74.1,73.45,74.1,1000,74050,18450.0,CE
2023-01-19 15:21:00,74.2,74.25,73.9,73.95,1400,74500,18450.0,CE
2023-01-19 15:22:00,73.85,73.85,73.15,73.35,1050,74500,18450.0,CE
2023-01-19 15:23:00,72.9,73.3,72.9,73.3,700,74500,18450.0,CE
2023-01-19 15:24:00,72.95,72.95,72.55,72.55,1600,74200,18450.0,CE
2023-01-19 15:25:00,72.5,72.5,70.9,71.15,1600,74200,18450.0,CE
2023-01-19 15:26:00,71.15,71.15,70.5,70.95,1500,74200,18450.0,CE
2023-01-19 15:27:00,71.3,71.3,70.75,70.75,1050,74350,18450.0,CE
2023-01-19 15:28:00,70.75,70.75,69.65,69.65,750,74350,18450.0,CE
2023-01-19 15:29:00,69.65,70.65,69.65,69.85,950,74350,18450.0,CE
2023-01-20 09:15:00,72.95,76.25,69.05,69.05,7053,74650,18450.0,CE
2023-01-20 09:16:00,69.05,72.15,69.05,72.15,1900,74650,18450.0,CE
2023-01-20 09:17:00,70.1,70.8,67.95,70.8,5000,79150,18450.0,CE
2023-01-20 09:18:00,70.45,73.2,69.65,69.65,1050,79150,18450.0,CE
2023-01-20 09:19:00,68.95,69.8,67.3,69.8,20400,79150,18450.0,CE
2023-01-20 09:20:00,67.95,68.4,67.0,67.1,2350,89100,18450.0,CE
2023-01-20 09:21:00,66.3,70.95,66.3,70.95,1700,89100,18450.0,CE
2023-01-20 09:22:00,70.6,71.85,70.0,71.15,3200,89100,18450.0,CE
2023-01-20 09:23:00,71.3,71.95,71.3,71.95,700,87300,18450.0,CE
2023-01-20 09:24:00,73.2,73.9,72.55,72.6,3750,87300,18450.0,CE
2023-01-20 09:25:00,70.9,70.9,68.6,69.85,800,87300,18450.0,CE
2023-01-20 09:26:00,70.45,70.45,67.4,67.4,2450,87150,18450.0,CE
2023-01-20 09:27:00,67.05,67.15,66.4,67.05,1100,87150,18450.0,CE
2023-01-20 09:28:00,68.95,68.95,65.25,65.25,1150,87150,18450.0,CE
2023-01-20 09:29:00,65.55,67.8,65.55,67.8,650,86450,18450.0,CE
2023-01-20 09:30:00,67.95,68.1,65.7,65.7,500,86450,18450.0,CE
2023-01-20 09:31:00,65.0,67.2,65.0,67.2,800,86450,18450.0,CE
2023-01-20 09:32:00,66.85,69.4,66.85,69.4,1650,87000,18450.0,CE
2023-01-20 09:33:00,68.85,69.2,68.45,68.65,2650,87000,18450.0,CE
2023-01-20 09:34:00,67.0,69.65,67.0,69.55,450,87000,18450.0,CE
2023-01-20 09:35:00,69.35,69.55,67.75,67.75,2000,87350,18450.0,CE
2023-01-20 09:36:00,67.95,68.0,66.8,66.8,300,87350,18450.0,CE
2023-01-20 09:37:00,66.95,71.25,66.95,70.4,1800,87350,18450.0,CE
2023-01-20 09:38:00,70.45,70.45,69.35,69.6,2700,87900,18450.0,CE
2023-01-20 09:39:00,69.55,69.85,69.3,69.3,450,87900,18450.0,CE
2023-01-20 09:40:00,69.25,69.75,69.15,69.75,200,87900,18450.0,CE
2023-01-20 09:41:00,68.0,68.85,67.3,67.95,1900,89150,18450.0,CE
2023-01-20 09:42:00,66.1,67.3,66.1,66.3,400,89150,18450.0,CE
2023-01-20 09:43:00,66.8,66.8,63.8,63.8,2050,89150,18450.0,CE
2023-01-20 09:44:00,65.6,65.85,64.6,65.85,2250,89050,18450.0,CE
2023-01-20 09:45:00,66.0,66.25,63.65,63.65,1650,89050,18450.0,CE
2023-01-20 09:46:00,63.65,64.6,63.65,64.5,800,89050,18450.0,CE
2023-01-20 09:47:00,65.05,66.4,65.05,66.25,900,88350,18450.0,CE
2023-01-20 09:48:00,65.15,65.15,64.7,64.9,800,88350,18450.0,CE
2023-01-20 09:49:00,64.85,66.55,64.85,66.55,350,88350,18450.0,CE
2023-01-20 09:50:00,67.0,67.0,65.75,65.75,950,88450,18450.0,CE
2023-01-20 09:51:00,64.6,65.25,64.4,64.95,850,88450,18450.0,CE
2023-01-20 09:52:00,65.2,65.2,64.1,65.05,300,88450,18450.0,CE
2023-01-20 09:53:00,65.25,65.7,65.25,65.7,450,88300,18450.0,CE
2023-01-20 09:54:00,65.7,65.7,65.1,65.1,150,88300,18450.0,CE
2023-01-20 09:55:00,66.15,66.15,65.0,65.0,200,88300,18450.0,CE
2023-01-20 09:56:00,64.45,65.8,64.45,65.75,950,88550,18450.0,CE
2023-01-20 09:57:00,67.15,67.15,66.6,66.6,650,88550,18450.0,CE
2023-01-20 09:58:00,65.65,65.65,65.65,65.65,200,88550,18450.0,CE
2023-01-20 09:59:00,64.5,64.5,64.5,64.5,50,88550,18450.0,CE
2023-01-20 10:00:00,67.9,68.15,67.65,68.05,1300,89150,18450.0,CE
2023-01-20 10:01:00,67.45,68.75,67.3,68.7,800,89150,18450.0,CE
2023-01-20 10:02:00,67.6,68.7,67.6,68.7,500,89600,18450.0,CE
2023-01-20 10:03:00,67.9,68.7,67.4,67.65,500,89600,18450.0,CE
2023-01-20 10:04:00,68.0,68.0,66.6,66.6,700,89600,18450.0,CE
2023-01-20 10:05:00,67.7,68.55,67.7,68.2,150,89300,18450.0,CE
2023-01-20 10:06:00,68.6,69.15,68.6,69.15,800,89300,18450.0,CE
2023-01-20 10:07:00,70.3,70.3,69.75,70.05,350,89300,18450.0,CE
2023-01-20 10:08:00,69.7,70.5,69.7,70.5,250,89650,18450.0,CE
2023-01-20 10:09:00,70.3,72.55,70.2,72.55,1250,89650,18450.0,CE
2023-01-20 10:10:00,72.55,72.6,71.25,72.1,5950,89650,18450.0,CE
2023-01-20 10:11:00,72.7,73.0,72.6,73.0,1900,92800,18450.0,CE
2023-01-20 10:12:00,73.75,75.35,73.75,74.5,700,92800,18450.0,CE
2023-01-20 10:13:00,74.6,74.6,73.3,73.3,1050,92800,18450.0,CE
2023-01-20 10:14:00,72.6,73.8,72.15,73.8,200,92750,18450.0,CE
2023-01-20 10:15:00,74.4,74.4,73.1,73.1,250,92750,18450.0,CE
2023-01-20 10:16:00,74.7,74.7,74.5,74.5,300,92750,18450.0,CE
2023-01-20 10:17:00,75.1,76.4,75.1,76.3,1050,93000,18450.0,CE
2023-01-20 10:18:00,76.25,77.6,76.25,77.0,2000,93000,18450.0,CE
2023-01-20 10:19:00,76.7,77.2,76.0,76.0,550,93000,18450.0,CE
2023-01-20 10:20:00,76.0,76.75,75.9,76.0,750,92850,18450.0,CE
2023-01-20 10:21:00,77.0,77.0,76.3,76.75,1600,92850,18450.0,CE
2023-01-20 10:22:00,77.0,77.6,75.45,75.7,5100,92850,18450.0,CE
2023-01-20 10:23:00,75.5,75.5,73.6,73.95,2600,87050,18450.0,CE
2023-01-20 10:24:00,76.05,76.05,76.05,76.05,50,87050,18450.0,CE
2023-01-20 10:25:00,75.45,75.5,75.45,75.5,250,87050,18450.0,CE
2023-01-20 10:26:00,75.75,76.0,75.25,76.0,750,87450,18450.0,CE
2023-01-20 10:27:00,76.5,77.25,76.5,77.0,850,87450,18450.0,CE
2023-01-20 10:28:00,77.05,77.25,77.0,77.25,300,87450,18450.0,CE
2023-01-20 10:29:00,77.15,77.15,76.65,76.8,550,87650,18450.0,CE
2023-01-20 10:30:00,76.5,76.6,76.2,76.2,250,87650,18450.0,CE
2023-01-20 10:31:00,76.8,77.1,76.7,77.1,650,87650,18450.0,CE
2023-01-20 10:32:00,76.75,76.75,76.2,76.2,200,87600,18450.0,CE
2023-01-20 10:33:00,76.2,76.2,76.2,76.2,50,87600,18450.0,CE
2023-01-20 10:34:00,76.15,76.5,75.95,75.95,200,87600,18450.0,CE
2023-01-20 10:35:00,75.6,75.6,75.6,75.6,50,87650,18450.0,CE
2023-01-20 10:38:00,75.5,75.65,75.5,75.65,200,87700,18450.0,CE
2023-01-20 10:39:00,75.8,75.8,75.8,75.8,50,87700,18450.0,CE
2023-01-20 10:40:00,76.5,78.7,76.5,78.7,500,87700,18450.0,CE
2023-01-20 10:41:00,78.0,79.2,78.0,79.2,150,87450,18450.0,CE
2023-01-20 10:42:00,79.2,79.55,78.65,79.55,500,87450,18450.0,CE
2023-01-20 10:43:00,79.55,79.9,79.05,79.6,1100,87450,18450.0,CE
2023-01-20 10:44:00,79.6,79.6,78.95,78.95,750,87050,18450.0,CE
2023-01-20 10:45:00,79.2,79.7,79.2,79.7,550,87050,18450.0,CE
2023-01-20 10:46:00,79.05,79.2,79.05,79.2,850,87050,18450.0,CE
2023-01-20 10:47:00,78.9,78.9,78.4,78.4,150,86600,18450.0,CE
2023-01-20 10:48:00,78.4,78.4,78.3,78.3,150,86600,18450.0,CE
2023-01-20 10:49:00,77.25,77.25,76.65,76.65,1000,86600,18450.0,CE
2023-01-20 10:50:00,76.7,77.0,76.3,77.0,500,87200,18450.0,CE
2023-01-20 10:51:00,76.8,76.8,76.8,76.8,50,87200,18450.0,CE
2023-01-20 10:52:00,75.4,75.4,75.4,75.4,100,87200,18450.0,CE
2023-01-20 10:53:00,75.3,75.3,74.95,75.3,900,87250,18450.0,CE
2023-01-20 10:54:00,75.3,75.95,75.3,75.95,600,87250,18450.0,CE
2023-01-20 10:55:00,75.5,75.6,74.4,74.4,750,87250,18450.0,CE
2023-01-20 10:56:00,74.4,74.6,74.25,74.6,700,87050,18450.0,CE
2023-01-20 10:57:00,74.5,74.5,73.5,73.95,1150,87050,18450.0,CE
2023-01-20 10:59:00,73.4,73.4,73.0,73.0,350,87300,18450.0,CE
2023-01-20 11:00:00,73.4,74.3,73.4,73.4,350,87300,18450.0,CE
2023-01-20 11:01:00,73.0,73.0,71.65,71.65,200,87300,18450.0,CE
2023-01-20 11:02:00,72.05,72.35,72.05,72.35,100,86950,18450.0,CE
2023-01-20 11:03:00,72.5,72.5,72.5,72.5,100,86950,18450.0,CE
2023-01-20 11:04:00,70.95,71.95,70.95,71.0,250,86950,18450.0,CE
2023-01-20 11:05:00,72.0,72.55,72.0,72.55,800,87050,18450.0,CE
2023-01-20 11:06:00,72.95,72.95,72.85,72.85,100,87050,18450.0,CE
2023-01-20 11:08:00,72.0,72.1,71.25,71.5,800,87900,18450.0,CE
2023-01-20 11:09:00,71.0,71.8,71.0,71.8,300,87900,18450.0,CE
2023-01-20 11:10:00,72.45,72.45,71.7,71.7,200,87900,18450.0,CE
2023-01-20 11:11:00,72.6,72.6,71.35,71.35,1300,87850,18450.0,CE
2023-01-20 11:12:00,70.6,70.8,69.65,69.65,800,87850,18450.0,CE
2023-01-20 11:13:00,69.9,70.1,69.75,69.75,150,87850,18450.0,CE
2023-01-20 11:14:00,68.8,68.8,68.3,68.3,150,87350,18450.0,CE
2023-01-20 11:15:00,68.15,70.0,67.5,70.0,1200,87350,18450.0,CE
2023-01-20 11:16:00,70.05,70.45,70.05,70.45,200,87350,18450.0,CE
2023-01-20 11:17:00,70.15,70.2,67.85,67.85,1050,87250,18450.0,CE
2023-01-20 11:19:00,68.25,68.75,68.25,68.75,150,87250,18450.0,CE
2023-01-20 11:20:00,68.8,68.8,68.15,68.15,600,87250,18450.0,CE
2023-01-20 11:22:00,68.75,68.9,68.3,68.3,650,87750,18450.0,CE
2023-01-20 11:23:00,68.1,68.1,66.25,66.4,450,87950,18450.0,CE
2023-01-20 11:24:00,67.25,67.55,67.25,67.45,450,87950,18450.0,CE
2023-01-20 11:25:00,67.6,68.2,67.6,68.2,250,87950,18450.0,CE
2023-01-20 11:26:00,69.6,69.65,69.25,69.25,600,88100,18450.0,CE
2023-01-20 11:27:00,71.1,71.3,70.5,71.3,1000,88100,18450.0,CE
2023-01-20 11:28:00,70.8,71.0,70.4,70.6,300,88100,18450.0,CE
2023-01-20 11:29:00,70.7,70.8,69.95,70.8,350,88850,18450.0,CE
2023-01-20 11:30:00,70.25,71.15,70.25,71.15,1150,88850,18450.0,CE
2023-01-20 11:31:00,71.0,71.0,70.2,70.2,950,88850,18450.0,CE
2023-01-20 11:32:00,70.45,70.8,70.45,70.8,200,88850,18450.0,CE
2023-01-20 11:33:00,69.45,69.6,69.1,69.1,450,88850,18450.0,CE
2023-01-20 11:34:00,69.55,69.55,69.55,69.55,50,88850,18450.0,CE
2023-01-20 11:37:00,69.55,69.55,68.65,68.9,150,88700,18450.0,CE
2023-01-20 11:38:00,69.0,69.45,68.25,68.25,400,88750,18450.0,CE
2023-01-20 11:39:00,68.0,68.05,67.25,67.7,1650,88750,18450.0,CE
2023-01-20 11:40:00,68.1,68.1,67.75,67.75,200,88750,18450.0,CE
2023-01-20 11:41:00,68.25,68.25,68.0,68.0,150,88750,18450.0,CE
2023-01-20 11:43:00,67.85,67.85,67.0,67.0,500,88950,18450.0,CE
2023-01-20 11:44:00,67.6,67.6,67.2,67.2,450,88950,18450.0,CE
2023-01-20 11:45:00,66.8,67.15,66.4,66.4,700,88400,18450.0,CE
2023-01-20 11:46:00,66.45,67.0,66.45,66.9,200,88400,18450.0,CE
2023-01-20 11:47:00,68.05,68.25,68.05,68.25,200,88400,18450.0,CE
2023-01-20 11:48:00,68.25,68.4,68.25,68.4,600,88100,18450.0,CE
2023-01-20 11:50:00,67.8,67.8,67.8,67.8,50,88700,18450.0,CE
2023-01-20 11:51:00,67.35,67.5,67.35,67.5,100,88700,18450.0,CE
2023-01-20 11:52:00,65.0,65.0,64.0,64.85,1300,88700,18450.0,CE
2023-01-20 11:53:00,64.6,65.0,64.5,64.5,250,88700,18450.0,CE
2023-01-20 11:54:00,64.45,64.45,63.0,63.0,900,88400,18450.0,CE
2023-01-20 11:55:00,63.15,63.15,62.3,62.3,100,88400,18450.0,CE
2023-01-20 11:56:00,62.3,63.45,62.3,63.35,200,88050,18450.0,CE
2023-01-20 11:57:00,63.3,63.8,63.3,63.8,150,88050,18450.0,CE
2023-01-20 11:58:00,63.55,63.6,63.25,63.6,600,88050,18450.0,CE
2023-01-20 11:59:00,62.95,62.95,61.9,62.25,1750,88300,18450.0,CE
2023-01-20 12:00:00,61.8,62.45,61.8,62.45,200,88300,18450.0,CE
2023-01-20 12:01:00,63.4,63.4,63.4,63.4,50,88300,18450.0,CE
2023-01-20 12:02:00,63.8,64.2,63.8,64.2,300,88300,18450.0,CE
2023-01-20 12:03:00,64.3,64.6,64.3,64.5,250,87800,18450.0,CE
2023-01-20 12:04:00,64.4,64.4,64.4,64.4,50,87800,18450.0,CE
2023-01-20 12:05:00,64.4,64.7,64.4,64.7,150,87800,18450.0,CE
2023-01-20 12:06:00,64.7,64.7,64.7,64.7,100,87900,18450.0,CE
2023-01-20 12:07:00,65.05,65.05,64.8,64.8,300,87900,18450.0,CE
2023-01-20 12:10:00,63.9,64.0,63.9,64.0,650,88050,18450.0,CE
2023-01-20 12:11:00,63.3,64.1,63.3,64.1,950,88300,18450.0,CE
2023-01-20 12:12:00,63.95,64.1,63.95,64.1,100,88300,18450.0,CE
2023-01-20 12:13:00,63.25,63.25,63.25,63.25,50,88300,18450.0,CE
2023-01-20 12:14:00,64.0,64.0,64.0,64.0,50,88300,18450.0,CE
2023-01-20 12:15:00,63.2,63.2,63.2,63.2,50,88050,18450.0,CE
2023-01-20 12:17:00,64.55,64.55,64.55,64.55,50,88050,18450.0,CE
2023-01-20 12:18:00,64.95,64.95,64.95,64.95,50,88150,18450.0,CE
2023-01-20 12:19:00,64.9,65.25,64.9,65.25,150,88150,18450.0,CE
2023-01-20 12:20:00,65.65,66.4,65.65,66.4,100,88150,18450.0,CE
2023-01-20 12:21:00,66.45,66.45,65.4,65.45,1100,88200,18450.0,CE
2023-01-20 12:23:00,65.0,65.0,65.0,65.0,100,88200,18450.0,CE
2023-01-20 12:24:00,64.5,64.6,64.3,64.3,500,88450,18450.0,CE
2023-01-20 12:25:00,64.1,64.1,64.1,64.1,250,88450,18450.0,CE
2023-01-20 12:26:00,65.0,65.0,64.5,64.5,100,88450,18450.0,CE
2023-01-20 12:27:00,65.0,65.55,64.75,65.55,550,88700,18450.0,CE
2023-01-20 12:28:00,65.6,66.0,65.6,65.7,2050,88700,18450.0,CE
2023-01-20 12:29:00,65.55,65.65,64.4,64.8,900,88700,18450.0,CE
2023-01-20 12:30:00,64.05,64.5,64.05,64.2,200,87000,18450.0,CE
2023-01-20 12:33:00,65.75,65.75,65.5,65.5,100,86950,18450.0,CE
2023-01-20 12:34:00,65.95,65.95,65.95,65.95,50,86950,18450.0,CE
2023-01-20 12:35:00,65.55,65.55,64.95,64.95,200,86950,18450.0,CE
2023-01-20 12:36:00,65.5,65.5,64.4,64.4,1100,87200,18450.0,CE
2023-01-20 12:37:00,65.4,65.4,64.95,64.95,350,87200,18450.0,CE
2023-01-20 12:38:00,64.95,64.95,64.95,64.95,50,87200,18450.0,CE
2023-01-20 12:39:00,64.8,64.8,64.8,64.8,50,87600,18450.0,CE
2023-01-20 12:40:00,64.65,64.65,64.05,64.05,150,87600,18450.0,CE
2023-01-20 12:41:00,63.55,63.55,62.85,62.85,150,87600,18450.0,CE
2023-01-20 12:42:00,62.35,62.4,62.0,62.05,1050,87550,18450.0,CE
2023-01-20 12:43:00,62.0,62.0,61.5,61.5,100,87550,18450.0,CE
2023-01-20 12:44:00,61.0,61.25,61.0,61.25,800,87550,18450.0,CE
2023-01-20 12:45:00,61.0,61.35,60.65,61.3,950,87250,18450.0,CE
2023-01-20 12:46:00,60.8,61.2,60.55,60.55,600,87250,18450.0,CE
2023-01-20 12:47:00,60.5,61.7,60.5,61.4,300,87250,18450.0,CE
2023-01-20 12:48:00,62.15,62.15,61.5,61.5,150,87150,18450.0,CE
2023-01-20 12:49:00,61.2,61.25,61.2,61.25,450,87150,18450.0,CE
2023-01-20 12:50:00,61.65,61.65,61.25,61.25,450,87150,18450.0,CE
2023-01-20 12:51:00,61.7,61.7,61.7,61.7,150,87000,18450.0,CE
2023-01-20 12:52:00,61.2,61.2,61.2,61.2,500,87000,18450.0,CE
2023-01-20 12:53:00,61.65,61.65,61.1,61.1,200,87200,18450.0,CE
2023-01-20 12:55:00,62.75,62.75,62.2,62.2,350,87200,18450.0,CE
2023-01-20 12:56:00,63.8,63.8,63.8,63.8,50,87200,18450.0,CE
2023-01-20 12:57:00,63.85,63.85,63.85,63.85,100,87300,18450.0,CE
2023-01-20 12:58:00,63.6,63.65,63.3,63.65,800,87300,18450.0,CE
2023-01-20 12:59:00,63.6,63.6,63.4,63.4,250,87300,18450.0,CE
2023-01-20 13:00:00,63.85,63.85,63.85,63.85,50,87000,18450.0,CE
2023-01-20 13:01:00,63.55,63.75,63.55,63.75,150,87000,18450.0,CE
2023-01-20 13:03:00,64.2,64.2,64.2,64.2,50,87000,18450.0,CE
2023-01-20 13:04:00,64.85,64.85,63.9,63.9,300,87000,18450.0,CE
2023-01-20 13:05:00,63.1,63.45,63.0,63.0,300,87000,18450.0,CE
2023-01-20 13:06:00,64.6,64.6,63.65,63.65,250,87350,18450.0,CE
2023-01-20 13:07:00,64.0,64.0,63.3,63.3,300,87350,18450.0,CE
2023-01-20 13:08:00,63.6,63.6,63.0,63.0,100,87350,18450.0,CE
2023-01-20 13:09:00,63.3,63.3,63.15,63.15,150,87450,18450.0,CE
2023-01-20 13:11:00,63.6,64.4,63.6,64.1,450,87450,18450.0,CE
2023-01-20 13:15:00,65.0,65.65,65.0,65.0,950,87550,18450.0,CE
2023-01-20 13:16:00,65.0,65.0,65.0,65.0,50,87550,18450.0,CE
2023-01-20 13:17:00,64.8,65.0,64.8,65.0,100,87550,18450.0,CE
2023-01-20 13:18:00,64.55,64.55,64.55,64.55,50,87800,18450.0,CE
2023-01-20 13:19:00,65.0,65.0,64.65,64.65,200,87800,18450.0,CE
2023-01-20 13:20:00,66.0,66.05,65.4,65.4,1550,87800,18450.0,CE
2023-01-20 13:21:00,64.95,64.95,64.95,64.95,50,88350,18450.0,CE
2023-01-20 13:22:00,65.5,66.1,65.5,66.1,650,88350,18450.0,CE
2023-01-20 13:23:00,66.05,66.05,65.8,65.8,150,88350,18450.0,CE
2023-01-20 13:24:00,65.4,65.4,65.4,65.4,50,88250,18450.0,CE
2023-01-20 13:25:00,65.15,65.4,65.15,65.4,250,88250,18450.0,CE
2023-01-20 13:26:00,64.95,65.2,64.9,64.9,250,88250,18450.0,CE
2023-01-20 13:27:00,63.9,63.9,63.85,63.85,150,88250,18450.0,CE
2023-01-20 13:28:00,63.8,64.1,63.7,63.7,1100,88250,18450.0,CE
2023-01-20 13:29:00,64.0,64.05,63.6,64.05,850,88250,18450.0,CE
2023-01-20 13:30:00,63.9,64.6,63.9,64.0,300,87400,18450.0,CE
2023-01-20 13:31:00,64.2,64.2,64.1,64.15,350,87400,18450.0,CE
2023-01-20 13:32:00,62.8,62.8,61.95,62.25,750,87400,18450.0,CE
2023-01-20 13:33:00,61.95,61.95,61.4,61.5,800,88050,18450.0,CE
2023-01-20 13:35:00,61.35,62.2,61.35,62.2,300,88050,18450.0,CE
2023-01-20 13:36:00,61.55,61.6,61.2,61.6,750,88100,18450.0,CE
2023-01-20 13:37:00,61.5,62.0,61.5,62.0,250,88100,18450.0,CE
2023-01-20 13:38:00,62.4,62.4,61.7,61.7,300,88100,18450.0,CE
2023-01-20 13:39:00,61.8,62.8,61.8,62.2,900,87950,18450.0,CE
2023-01-20 13:41:00,62.2,62.2,61.95,61.95,250,87950,18450.0,CE
2023-01-20 13:42:00,61.8,62.0,61.8,62.0,500,87000,18450.0,CE
2023-01-20 13:44:00,62.0,62.0,60.85,60.85,600,87000,18450.0,CE
2023-01-20 13:45:00,60.35,60.35,59.9,59.9,650,87800,18450.0,CE
2023-01-20 13:46:00,61.1,61.9,61.1,61.9,650,87800,18450.0,CE
2023-01-20 13:47:00,61.55,62.35,61.55,62.15,2100,87800,18450.0,CE
2023-01-20 13:48:00,61.85,62.05,61.8,62.05,300,88650,18450.0,CE
2023-01-20 13:49:00,62.0,62.3,62.0,62.2,600,88650,18450.0,CE
2023-01-20 13:50:00,62.95,63.3,62.5,62.5,2750,88650,18450.0,CE
2023-01-20 13:51:00,62.55,63.15,62.55,63.1,350,89800,18450.0,CE
2023-01-20 13:52:00,62.8,62.8,61.9,61.9,450,89800,18450.0,CE
2023-01-20 13:53:00,61.65,61.9,61.0,61.0,700,89800,18450.0,CE
2023-01-20 13:54:00,60.75,60.9,59.55,59.55,2200,89950,18450.0,CE
2023-01-20 13:55:00,59.55,60.7,59.55,59.8,1100,89950,18450.0,CE
2023-01-20 13:56:00,60.3,60.35,57.85,57.85,3400,89950,18450.0,CE
2023-01-20 13:57:00,58.3,58.3,57.15,57.8,2350,89650,18450.0,CE
2023-01-20 13:58:00,57.75,57.95,57.05,57.05,1400,89650,18450.0,CE
2023-01-20 13:59:00,57.05,57.5,57.05,57.5,350,89650,18450.0,CE
2023-01-20 14:00:00,56.1,56.2,53.7,54.75,6950,92550,18450.0,CE
2023-01-20 14:01:00,54.7,55.35,53.25,55.35,4000,92550,18450.0,CE
2023-01-20 14:02:00,54.4,54.6,54.05,54.25,1900,92550,18450.0,CE
2023-01-20 14:03:00,53.55,54.0,53.5,53.65,3900,89200,18450.0,CE
2023-01-20 14:04:00,53.7,54.95,53.7,54.9,4700,89200,18450.0,CE
2023-01-20 14:05:00,54.75,55.25,54.75,55.05,1750,89200,18450.0,CE
2023-01-20 14:06:00,54.5,55.8,54.5,55.8,1600,89950,18450.0,CE
2023-01-20 14:07:00,55.65,55.65,55.0,55.5,2100,89950,18450.0,CE
2023-01-20 14:08:00,55.7,56.1,55.4,56.1,400,89950,18450.0,CE
2023-01-20 14:09:00,56.1,56.65,55.75,55.75,1050,91200,18450.0,CE
2023-01-20 14:10:00,56.1,56.15,55.2,55.2,1050,91200,18450.0,CE
2023-01-20 14:11:00,54.9,55.15,54.5,54.55,450,91200,18450.0,CE
2023-01-20 14:12:00,54.7,54.85,54.7,54.75,250,91600,18450.0,CE
2023-01-20 14:13:00,55.55,55.55,55.55,55.55,50,91600,18450.0,CE
2023-01-20 14:14:00,56.0,56.7,55.8,56.3,2250,91600,18450.0,CE
2023-01-20 14:15:00,57.0,57.0,56.55,56.55,4650,92450,18450.0,CE
2023-01-20 14:16:00,56.6,56.8,56.15,56.15,500,92450,18450.0,CE
2023-01-20 14:17:00,56.15,56.3,55.15,55.15,850,92450,18450.0,CE
2023-01-20 14:18:00,55.25,55.85,55.25,55.3,1200,92850,18450.0,CE
2023-01-20 14:19:00,55.25,55.4,55.1,55.1,1850,92850,18450.0,CE
2023-01-20 14:20:00,55.0,55.0,54.0,54.0,400,92850,18450.0,CE
2023-01-20 14:21:00,53.7,53.7,53.7,53.7,200,91900,18450.0,CE
2023-01-20 14:22:00,54.25,54.25,53.45,53.7,850,91900,18450.0,CE
2023-01-20 14:23:00,54.0,54.3,53.7,54.15,700,91900,18450.0,CE
2023-01-20 14:24:00,53.9,54.85,53.4,54.65,750,92000,18450.0,CE
2023-01-20 14:25:00,54.65,54.65,53.85,54.05,700,92000,18450.0,CE
2023-01-20 14:26:00,54.35,54.35,54.35,54.35,50,92000,18450.0,CE
2023-01-20 14:27:00,55.3,55.5,55.05,55.05,450,92550,18450.0,CE
2023-01-20 14:28:00,56.0,56.0,54.55,54.55,300,92550,18450.0,CE
2023-01-20 14:29:00,54.5,54.85,54.1,54.1,9650,92550,18450.0,CE
2023-01-20 14:30:00,54.3,54.6,53.5,53.6,4000,100050,18450.0,CE
2023-01-20 14:31:00,53.15,53.45,51.15,51.15,2000,100050,18450.0,CE
2023-01-20 14:32:00,51.55,51.75,49.9,49.95,4200,100050,18450.0,CE
2023-01-20 14:33:00,49.8,49.9,48.75,49.05,2500,101350,18450.0,CE
2023-01-20 14:34:00,48.65,49.05,48.5,48.85,550,101350,18450.0,CE
2023-01-20 14:35:00,48.25,49.6,48.25,49.6,1750,101350,18450.0,CE
2023-01-20 14:36:00,49.7,50.25,49.35,49.35,8900,103900,18450.0,CE
2023-01-20 14:37:00,49.0,49.0,48.0,48.0,4850,103900,18450.0,CE
2023-01-20 14:38:00,48.0,49.05,48.0,49.05,850,103900,18450.0,CE
2023-01-20 14:39:00,48.5,49.05,48.5,48.7,450,108500,18450.0,CE
2023-01-20 14:40:00,48.5,49.15,48.2,48.2,4000,108500,18450.0,CE
2023-01-20 14:41:00,49.0,49.1,48.5,48.9,2450,108500,18450.0,CE
2023-01-20 14:42:00,48.25,48.25,47.05,47.95,3400,109850,18450.0,CE
2023-01-20 14:43:00,47.95,48.45,47.65,47.65,800,109850,18450.0,CE
2023-01-20 14:44:00,47.8,48.8,47.8,48.7,650,109850,18450.0,CE
2023-01-20 14:45:00,48.7,50.0,48.4,50.0,4000,110900,18450.0,CE
2023-01-20 14:46:00,50.3,51.15,50.3,51.1,1650,110900,18450.0,CE
2023-01-20 14:47:00,51.1,51.3,50.85,51.2,2250,110900,18450.0,CE
2023-01-20 14:48:00,50.95,50.95,50.25,50.25,800,111700,18450.0,CE
2023-01-20 14:49:00,50.85,51.25,50.5,50.5,450,111700,18450.0,CE
2023-01-20 14:50:00,50.7,51.2,50.5,50.9,3050,111700,18450.0,CE
2023-01-20 14:51:00,51.65,51.8,51.15,51.3,1500,111300,18450.0,CE
2023-01-20 14:52:00,51.6,53.45,51.6,53.45,3850,111300,18450.0,CE
2023-01-20 14:53:00,53.3,53.35,52.05,52.05,1050,111300,18450.0,CE
2023-01-20 14:54:00,52.0,52.0,51.25,51.25,700,110100,18450.0,CE
2023-01-20 14:55:00,51.0,51.0,50.1,50.3,2150,110100,18450.0,CE
2023-01-20 14:56:00,51.0,51.45,50.05,51.45,950,110100,18450.0,CE
2023-01-20 14:57:00,51.7,51.7,51.45,51.45,200,111900,18450.0,CE
2023-01-20 14:58:00,51.0,51.75,50.35,51.75,1250,111900,18450.0,CE
2023-01-20 14:59:00,51.0,52.0,51.0,52.0,2750,111900,18450.0,CE
2023-01-20 15:00:00,52.9,53.25,49.65,49.65,2600,111900,18450.0,CE
2023-01-20 15:01:00,50.25,50.4,48.7,48.7,500,111900,18450.0,CE
2023-01-20 15:02:00,49.65,49.65,49.2,49.35,550,111900,18450.0,CE
2023-01-20 15:03:00,50.0,50.5,49.55,49.55,3700,112900,18450.0,CE
2023-01-20 15:04:00,49.3,49.55,48.7,48.7,2550,112900,18450.0,CE
2023-01-20 15:05:00,49.05,49.05,48.0,48.0,6850,112900,18450.0,CE
2023-01-20 15:06:00,48.4,48.4,46.75,46.75,1900,121550,18450.0,CE
2023-01-20 15:07:00,46.75,47.4,46.75,47.0,2700,121550,18450.0,CE
2023-01-20 15:08:00,47.2,47.25,46.85,47.25,2050,121550,18450.0,CE
2023-01-20 15:09:00,47.25,48.0,47.1,48.0,3400,122800,18450.0,CE
2023-01-20 15:10:00,48.0,48.15,47.7,47.85,2650,122800,18450.0,CE
2023-01-20 15:11:00,48.2,48.2,47.3,47.55,4850,122800,18450.0,CE
2023-01-20 15:12:00,47.6,47.8,47.4,47.7,1000,121350,18450.0,CE
2023-01-20 15:13:00,47.45,48.0,47.3,48.0,2050,121350,18450.0,CE
2023-01-20 15:14:00,48.15,48.15,47.65,47.65,950,121350,18450.0,CE
2023-01-20 15:15:00,47.9,47.9,47.05,47.35,2700,121950,18450.0,CE
2023-01-20 15:16:00,47.5,47.65,47.35,47.4,750,121950,18450.0,CE
2023-01-20 15:17:00,47.4,47.9,47.3,47.6,4850,121950,18450.0,CE
2023-01-20 15:18:00,47.7,47.95,47.15,47.25,1150,124900,18450.0,CE
2023-01-20 15:19:00,47.25,47.6,47.25,47.6,3200,124900,18450.0,CE
2023-01-20 15:20:00,47.65,47.95,47.6,47.85,4950,124900,18450.0,CE
2023-01-20 15:21:00,48.0,48.3,47.8,48.05,1450,126600,18450.0,CE
2023-01-20 15:22:00,47.7,47.9,47.7,47.9,1200,126600,18450.0,CE
2023-01-20 15:23:00,48.0,48.15,47.9,47.9,1650,126600,18450.0,CE
2023-01-20 15:24:00,48.1,48.3,48.0,48.2,2350,127300,18450.0,CE
2023-01-20 15:25:00,48.55,48.55,47.75,47.8,6650,127300,18450.0,CE
2023-01-20 15:26:00,48.05,48.05,47.45,47.6,8600,127300,18450.0,CE
2023-01-20 15:27:00,47.7,48.7,47.7,48.4,10950,125550,18450.0,CE
2023-01-20 15:28:00,48.6,48.6,48.2,48.2,2350,125550,18450.0,CE
2023-01-20 15:29:00,48.2,48.6,47.0,47.0,7750,125550,18450.0,CE
2023-01-20 15:30:00,48.55,48.55,48.55,48.55,250,125550,18450.0,CE
2023-01-23 09:15:00,55.0,60.35,55.0,59.8,2401,126000,18450.0,CE
2023-01-23 09:16:00,59.8,59.85,56.65,58.8,6300,126000,18450.0,CE
2023-01-23 09:17:00,58.15,59.25,57.85,58.4,15150,128850,18450.0,CE
2023-01-23 09:18:00,58.65,58.75,56.7,56.75,9750,128850,18450.0,CE
2023-01-23 09:19:00,56.4,57.5,56.4,57.2,3300,128850,18450.0,CE
2023-01-23 09:20:00,57.4,58.25,56.5,57.3,3400,141600,18450.0,CE
2023-01-23 09:21:00,56.55,56.7,53.55,53.55,5050,141600,18450.0,CE
2023-01-23 09:22:00,53.8,54.9,52.55,53.1,5600,141600,18450.0,CE
2023-01-23 09:23:00,54.15,54.25,52.7,54.25,2150,144050,18450.0,CE
2023-01-23 09:24:00,54.3,54.3,53.05,54.0,4400,144050,18450.0,CE
2023-01-23 09:25:00,53.8,53.8,52.35,53.0,4900,144050,18450.0,CE
2023-01-23 09:26:00,53.8,55.2,53.8,54.9,3900,146500,18450.0,CE
2023-01-23 09:27:00,55.8,56.0,55.0,55.55,4750,146500,18450.0,CE
2023-01-23 09:28:00,56.15,57.3,56.05,56.6,3150,146500,18450.0,CE
2023-01-23 09:29:00,56.2,56.55,55.75,55.95,2350,145850,18450.0,CE
2023-01-23 09:30:00,56.15,57.6,56.15,57.6,4400,145850,18450.0,CE
2023-01-23 09:31:00,57.85,58.85,57.8,58.8,6050,145850,18450.0,CE
2023-01-23 09:32:00,59.2,60.95,59.2,60.4,6600,146000,18450.0,CE
2023-01-23 09:33:00,60.8,61.85,60.15,61.25,4350,146000,18450.0,CE
2023-01-23 09:34:00,61.5,62.3,61.0,62.3,4000,146000,18450.0,CE
2023-01-23 09:35:00,62.35,63.45,62.25,63.45,2100,148000,18450.0,CE
2023-01-23 09:36:00,63.5,63.5,60.65,62.4,4850,148000,18450.0,CE
2023-01-23 09:37:00,61.55,62.3,60.7,61.2,5000,148000,18450.0,CE
2023-01-23 09:38:00,61.65,63.05,61.2,63.05,1900,148250,18450.0,CE
2023-01-23 09:39:00,62.8,63.0,62.4,62.95,2350,148250,18450.0,CE
2023-01-23 09:40:00,63.15,63.4,62.75,63.1,2750,148250,18450.0,CE
2023-01-23 09:41:00,63.3,63.3,61.35,62.75,3350,149550,18450.0,CE
2023-01-23 09:42:00,62.45,63.25,62.0,62.3,3750,149550,18450.0,CE
2023-01-23 09:43:00,61.25,62.35,60.75,60.85,3150,149550,18450.0,CE
2023-01-23 09:44:00,60.55,61.7,60.35,61.6,1350,149000,18450.0,CE
2023-01-23 09:45:00,62.0,62.8,62.0,62.45,2250,149000,18450.0,CE
2023-01-23 09:46:00,62.5,64.35,62.4,63.35,3200,149000,18450.0,CE
2023-01-23 09:47:00,63.85,64.7,63.55,64.7,3250,148150,18450.0,CE
2023-01-23 09:48:00,65.2,66.25,64.95,65.95,2100,148150,18450.0,CE
2023-01-23 09:49:00,65.65,65.9,65.0,65.65,3400,148150,18450.0,CE
2023-01-23 09:50:00,65.5,66.85,65.5,66.5,2800,148800,18450.0,CE
2023-01-23 09:51:00,66.6,67.5,66.6,67.5,1100,148800,18450.0,CE
2023-01-23 09:52:00,67.8,68.8,67.75,67.75,6000,148800,18450.0,CE
2023-01-23 09:53:00,67.65,68.55,67.05,68.55,1000,146950,18450.0,CE
2023-01-23 09:54:00,68.3,68.3,67.35,68.3,4500,146950,18450.0,CE
2023-01-23 09:55:00,68.0,68.0,67.25,68.0,1500,146950,18450.0,CE
2023-01-23 09:56:00,68.0,68.0,65.7,65.7,2050,147450,18450.0,CE
2023-01-23 09:57:00,65.75,66.8,65.75,66.5,1450,147450,18450.0,CE
2023-01-23 09:58:00,67.2,67.2,67.2,67.2,100,147450,18450.0,CE
2023-01-23 09:59:00,66.75,68.05,66.55,67.4,1100,148050,18450.0,CE
2023-01-23 10:00:00,67.0,68.6,66.55,68.6,4800,148050,18450.0,CE
2023-01-23 10:01:00,68.3,68.7,67.75,67.75,2000,148050,18450.0,CE
2023-01-23 10:02:00,68.0,68.0,67.0,67.0,1150,150500,18450.0,CE
2023-01-23 10:03:00,67.0,67.0,65.85,66.4,1300,150500,18450.0,CE
2023-01-23 10:04:00,66.15,66.3,65.8,66.3,700,150500,18450.0,CE
2023-01-23 10:05:00,66.1,66.1,65.35,66.1,2850,150850,18450.0,CE
2023-01-23 10:06:00,66.2,68.4,66.2,68.25,2950,150850,18450.0,CE
2023-01-23 10:07:00,67.8,67.8,67.1,67.3,600,150850,18450.0,CE
2023-01-23 10:08:00,66.3,67.9,66.3,67.9,850,150850,18450.0,CE
2023-01-23 10:09:00,66.9,66.9,65.9,66.0,2400,151950,18450.0,CE
2023-01-23 10:10:00,66.0,66.95,65.7,66.2,3700,151950,18450.0,CE
2023-01-23 10:11:00,65.7,65.7,63.45,65.15,3450,154250,18450.0,CE
2023-01-23 10:12:00,65.05,66.75,65.05,66.2,3100,154250,18450.0,CE
2023-01-23 10:13:00,65.9,66.7,65.9,66.05,450,154250,18450.0,CE
2023-01-23 10:14:00,65.35,65.5,65.25,65.25,550,154300,18450.0,CE
2023-01-23 10:15:00,65.85,66.9,65.85,66.9,1800,154300,18450.0,CE
2023-01-23 10:16:00,66.55,66.55,66.1,66.3,950,154300,18450.0,CE
2023-01-23 10:17:00,66.3,66.3,65.75,66.0,1100,155300,18450.0,CE
2023-01-23 10:18:00,66.05,66.5,65.65,66.0,750,155300,18450.0,CE
2023-01-23 10:19:00,65.95,66.1,65.35,65.85,900,155300,18450.0,CE
2023-01-23 10:20:00,65.95,66.5,65.95,66.5,2000,154900,18450.0,CE
2023-01-23 10:21:00,65.0,66.05,64.9,66.05,1250,154900,18450.0,CE
2023-01-23 10:22:00,66.0,66.0,65.05,65.05,800,154900,18450.0,CE
2023-01-23 10:23:00,65.1,65.45,65.1,65.45,650,154900,18450.0,CE
2023-01-23 10:25:00,65.05,65.45,64.55,65.2,850,154500,18450.0,CE
2023-01-23 10:26:00,64.45,64.45,63.05,63.85,1350,154950,18450.0,CE
2023-01-23 10:27:00,63.85,63.85,62.9,63.1,1950,154950,18450.0,CE
2023-01-23 10:28:00,63.6,63.85,63.5,63.85,900,154950,18450.0,CE
2023-01-23 10:29:00,63.4,65.1,63.4,65.1,1300,155400,18450.0,CE
2023-01-23 10:30:00,64.85,65.75,64.85,65.25,1000,155400,18450.0,CE
2023-01-23 10:31:00,65.1,65.75,65.1,65.7,1000,155400,18450.0,CE
2023-01-23 10:32:00,65.55,65.6,65.35,65.35,250,155950,18450.0,CE
2023-01-23 10:33:00,65.4,66.15,65.4,65.8,4250,155950,18450.0,CE
2023-01-23 10:34:00,65.8,66.0,65.6,66.0,550,155950,18450.0,CE
2023-01-23 10:35:00,65.75,66.1,65.75,66.0,700,155950,18450.0,CE
2023-01-23 10:36:00,64.65,64.8,64.65,64.7,150,159000,18450.0,CE
2023-01-23 10:37:00,64.4,65.1,64.15,65.1,650,159000,18450.0,CE
2023-01-23 10:38:00,64.65,65.85,64.65,65.45,2100,159600,18450.0,CE
2023-01-23 10:39:00,65.25,65.3,64.45,64.45,3500,159600,18450.0,CE
2023-01-23 10:40:00,64.1,65.0,64.0,65.0,1050,159600,18450.0,CE
2023-01-23 10:41:00,65.1,65.5,65.1,65.5,200,163250,18450.0,CE
2023-01-23 10:42:00,65.35,65.35,61.8,61.8,6600,163250,18450.0,CE
2023-01-23 10:43:00,62.2,62.75,61.65,61.65,2200,163250,18450.0,CE
2023-01-23 10:44:00,61.7,62.1,61.7,62.0,650,164150,18450.0,CE
2023-01-23 10:45:00,61.05,62.0,61.0,62.0,2550,164150,18450.0,CE
2023-01-23 10:46:00,62.95,62.95,62.95,62.95,500,164150,18450.0,CE
2023-01-23 10:47:00,63.7,63.8,63.65,63.65,250,164150,18450.0,CE
2023-01-23 10:48:00,63.9,63.9,63.0,63.0,200,163800,18450.0,CE
2023-01-23 10:49:00,62.85,62.85,62.55,62.55,300,163800,18450.0,CE
2023-01-23 10:50:00,62.55,63.45,62.4,63.2,1400,163200,18450.0,CE
2023-01-23 10:51:00,62.55,63.0,62.55,63.0,750,163200,18450.0,CE
2023-01-23 10:52:00,63.0,63.4,63.0,63.4,200,163200,18450.0,CE
2023-01-23 10:53:00,62.8,62.8,62.8,62.8,50,163200,18450.0,CE
2023-01-23 10:54:00,62.7,63.0,62.35,62.8,900,162800,18450.0,CE
2023-01-23 10:55:00,63.0,63.5,62.95,63.5,550,162800,18450.0,CE
2023-01-23 10:56:00,63.75,63.8,63.35,63.75,600,163600,18450.0,CE
2023-01-23 10:57:00,64.05,64.5,64.0,64.0,1400,163600,18450.0,CE
2023-01-23 10:58:00,64.5,64.5,64.2,64.2,100,163600,18450.0,CE
2023-01-23 10:59:00,63.15,64.0,63.15,63.65,250,163800,18450.0,CE
2023-01-23 11:00:00,64.3,64.3,63.75,64.15,250,163800,18450.0,CE
2023-01-23 11:01:00,64.45,64.45,63.65,63.7,1200,163800,18450.0,CE
2023-01-23 11:04:00,64.05,64.05,63.75,63.75,250,163650,18450.0,CE
2023-01-23 11:05:00,63.9,63.95,63.5,63.5,1350,163650,18450.0,CE
2023-01-23 11:06:00,63.9,64.05,63.9,64.05,100,163450,18450.0,CE
2023-01-23 11:07:00,63.95,63.95,63.9,63.9,550,163450,18450.0,CE
2023-01-23 11:09:00,63.85,63.85,63.05,63.3,850,163000,18450.0,CE
2023-01-23 11:10:00,63.9,63.9,63.9,63.9,50,163000,18450.0,CE
2023-01-23 11:11:00,63.7,63.9,63.6,63.65,700,163200,18450.0,CE
2023-01-23 11:12:00,63.0,63.0,61.0,61.4,3200,163200,18450.0,CE
2023-01-23 11:13:00,60.4,61.15,60.4,61.15,1000,163200,18450.0,CE
2023-01-23 11:14:00,61.1,61.15,60.1,60.35,2350,162850,18450.0,CE
2023-01-23 11:15:00,59.95,60.8,59.95,60.8,1000,162850,18450.0,CE
2023-01-23 11:16:00,60.0,60.0,58.15,59.1,2500,162850,18450.0,CE
2023-01-23 11:17:00,60.0,60.0,60.0,60.0,50,162850,18450.0,CE
2023-01-23 11:18:00,61.1,61.1,60.55,60.55,200,163400,18450.0,CE
2023-01-23 11:19:00,60.4,61.5,60.4,61.5,350,163400,18450.0,CE
2023-01-23 11:20:00,62.2,62.2,61.25,62.0,800,163300,18450.0,CE
2023-01-23 11:21:00,62.15,62.25,61.8,62.25,450,163300,18450.0,CE
2023-01-23 11:22:00,62.2,62.2,61.5,61.95,1200,163300,18450.0,CE
2023-01-23 11:23:00,61.55,61.95,61.55,61.9,1750,163150,18450.0,CE
2023-01-23 11:24:00,61.65,61.7,60.9,61.2,4200,163150,18450.0,CE
2023-01-23 11:25:00,60.95,61.6,60.55,61.4,1250,163150,18450.0,CE
2023-01-23 11:26:00,61.5,61.5,60.0,61.1,3600,163150,18450.0,CE
2023-01-23 11:27:00,61.05,61.2,60.65,60.65,750,163750,18450.0,CE
2023-01-23 11:28:00,60.65,60.75,60.15,60.75,400,163750,18450.0,CE
2023-01-23 11:29:00,60.7,61.45,60.7,61.45,100,163900,18450.0,CE
2023-01-23 11:30:00,60.5,61.45,60.1,61.45,2200,163900,18450.0,CE
2023-01-23 11:31:00,61.2,61.2,60.25,60.35,1150,163900,18450.0,CE
2023-01-23 11:32:00,60.45,60.6,60.3,60.3,350,164750,18450.0,CE
2023-01-23 11:33:00,60.0,60.5,60.0,60.5,350,164750,18450.0,CE
2023-01-23 11:35:00,60.45,60.75,60.3,60.3,2100,164750,18450.0,CE
2023-01-23 11:36:00,60.7,60.7,60.3,60.35,500,165500,18450.0,CE
2023-01-23 11:37:00,60.3,60.3,59.85,59.85,700,165500,18450.0,CE
2023-01-23 11:38:00,60.25,60.5,60.15,60.5,650,165700,18450.0,CE
2023-01-23 11:39:00,60.6,60.7,60.6,60.7,400,165700,18450.0,CE
2023-01-23 11:40:00,60.75,60.75,60.75,60.75,650,165700,18450.0,CE
2023-01-23 11:41:00,60.8,61.6,60.8,61.6,250,165650,18450.0,CE
2023-01-23 11:42:00,61.8,62.2,61.7,61.95,950,165650,18450.0,CE
2023-01-23 11:43:00,62.0,62.45,62.0,62.45,600,165650,18450.0,CE
2023-01-23 11:44:00,62.25,62.25,61.85,61.85,650,165650,18450.0,CE
2023-01-23 11:45:00,61.55,61.65,61.55,61.65,650,166100,18450.0,CE
2023-01-23 11:48:00,61.95,62.7,61.95,62.35,200,165600,18450.0,CE
2023-01-23 11:50:00,62.6,62.6,61.7,61.7,400,165900,18450.0,CE
2023-01-23 11:51:00,60.9,61.0,60.85,61.0,400,165900,18450.0,CE
2023-01-23 11:52:00,60.4,60.4,59.9,59.9,200,165900,18450.0,CE
2023-01-23 11:53:00,59.7,59.7,59.0,59.25,450,165700,18450.0,CE
2023-01-23 11:54:00,58.95,59.1,58.9,58.9,2900,165700,18450.0,CE
2023-01-23 11:55:00,58.35,58.7,56.95,57.4,3650,165700,18450.0,CE
2023-01-23 11:56:00,57.55,59.0,57.4,58.95,1300,165700,18450.0,CE
2023-01-23 11:57:00,58.45,58.45,58.45,58.45,600,166900,18450.0,CE
2023-01-23 11:58:00,58.7,59.05,58.7,59.05,300,166900,18450.0,CE
2023-01-23 11:59:00,58.1,58.15,58.1,58.15,250,167600,18450.0,CE
2023-01-23 12:00:00,58.2,58.6,58.2,58.6,850,167600,18450.0,CE
2023-01-23 12:01:00,58.8,58.8,58.8,58.8,150,167600,18450.0,CE
2023-01-23 12:02:00,58.8,59.1,58.8,59.1,2300,167600,18450.0,CE
2023-01-23 12:03:00,58.55,58.55,58.55,58.55,750,169250,18450.0,CE
2023-01-23 12:04:00,58.4,58.4,58.0,58.0,700,169250,18450.0,CE
2023-01-23 12:05:00,58.0,58.0,57.0,57.3,200,169250,18450.0,CE
2023-01-23 12:06:00,57.2,57.2,56.6,56.85,250,169200,18450.0,CE
2023-01-23 12:07:00,56.25,57.2,56.25,57.0,300,169200,18450.0,CE
2023-01-23 12:08:00,57.0,57.0,56.9,56.9,250,169200,18450.0,CE
2023-01-23 12:09:00,56.1,56.25,54.9,55.1,600,169150,18450.0,CE
2023-01-23 12:10:00,55.2,55.65,54.8,55.2,1550,169150,18450.0,CE
2023-01-23 12:11:00,55.0,55.15,54.35,54.6,51850,169150,18450.0,CE
2023-01-23 12:12:00,54.75,55.2,54.5,55.0,3850,166400,18450.0,CE
2023-01-23 12:13:00,54.7,55.35,54.7,55.35,1000,166400,18450.0,CE
2023-01-23 12:14:00,55.3,56.0,55.3,56.0,450,166400,18450.0,CE
2023-01-23 12:15:00,55.5,56.1,55.3,56.05,650,167800,18450.0,CE
2023-01-23 12:16:00,55.8,56.1,55.5,55.5,1100,167800,18450.0,CE
2023-01-23 12:17:00,55.5,55.5,55.5,55.5,100,167800,18450.0,CE
2023-01-23 12:18:00,55.8,56.2,55.8,56.2,150,167650,18450.0,CE
2023-01-23 12:19:00,55.65,55.65,53.9,54.6,2150,167650,18450.0,CE
2023-01-23 12:20:00,54.15,55.05,53.95,54.7,13950,167650,18450.0,CE
2023-01-23 12:21:00,54.55,54.9,54.45,54.85,2500,161800,18450.0,CE
2023-01-23 12:22:00,55.05,55.15,55.05,55.15,3500,161800,18450.0,CE
2023-01-23 12:23:00,55.05,55.55,55.05,55.55,1100,161800,18450.0,CE
2023-01-23 12:24:00,55.4,55.4,55.4,55.4,50,162650,18450.0,CE
2023-01-23 12:25:00,54.5,54.7,54.15,54.45,200,162650,18450.0,CE
2023-01-23 12:26:00,54.8,54.8,54.55,54.55,550,162650,18450.0,CE
2023-01-23 12:27:00,54.45,54.9,54.45,54.9,1600,162450,18450.0,CE
2023-01-23 12:28:00,54.75,55.15,54.35,55.15,500,162450,18450.0,CE
2023-01-23 12:29:00,55.15,56.1,55.15,56.1,1000,162450,18450.0,CE
2023-01-23 12:30:00,55.4,55.4,54.6,54.6,800,161750,18450.0,CE
2023-01-23 12:31:00,54.6,54.75,54.6,54.75,450,161750,18450.0,CE
2023-01-23 12:32:00,54.75,54.75,54.75,54.75,250,161750,18450.0,CE
2023-01-23 12:33:00,54.6,55.7,54.6,55.7,1750,162000,18450.0,CE
2023-01-23 12:34:00,55.6,55.6,54.95,54.95,400,162000,18450.0,CE
2023-01-23 12:35:00,55.65,55.65,54.75,54.85,1250,162000,18450.0,CE
2023-01-23 12:36:00,54.5,54.75,54.0,54.75,600,160650,18450.0,CE
2023-01-23 12:37:00,54.85,55.15,54.8,55.15,1350,160650,18450.0,CE
2023-01-23 12:38:00,55.5,55.6,55.5,55.6,550,160650,18450.0,CE
2023-01-23 12:40:00,54.55,55.55,54.55,55.4,350,161900,18450.0,CE
2023-01-23 12:42:00,54.65,54.65,54.3,54.3,750,162100,18450.0,CE
2023-01-23 12:43:00,54.4,54.4,53.25,53.25,950,162100,18450.0,CE
2023-01-23 12:44:00,52.25,52.5,51.3,52.3,4600,162100,18450.0,CE
2023-01-23 12:45:00,51.65,52.35,51.65,52.35,1800,162000,18450.0,CE
2023-01-23 12:46:00,52.6,52.6,51.2,51.2,3550,162000,18450.0,CE
2023-01-23 12:47:00,51.2,51.2,50.0,50.65,3750,162000,18450.0,CE
2023-01-23 12:48:00,50.85,52.0,50.85,51.85,3100,166550,18450.0,CE
2023-01-23 12:49:00,51.9,52.7,51.75,52.65,2550,166550,18450.0,CE
2023-01-23 12:50:00,52.8,54.1,52.7,53.45,1850,166550,18450.0,CE
2023-01-23 12:51:00,53.85,54.0,53.45,53.45,1500,165900,18450.0,CE
2023-01-23 12:52:00,53.45,53.45,53.35,53.4,350,165900,18450.0,CE
2023-01-23 12:53:00,53.4,53.4,53.0,53.0,450,165900,18450.0,CE
2023-01-23 12:54:00,53.4,53.4,52.85,52.9,550,166250,18450.0,CE
2023-01-23 12:55:00,53.3,53.3,52.7,52.95,800,166250,18450.0,CE
2023-01-23 12:56:00,52.45,53.0,52.45,53.0,650,166250,18450.0,CE
2023-01-23 12:57:00,52.7,53.05,52.7,52.7,1100,165450,18450.0,CE
2023-01-23 12:58:00,53.1,53.1,52.7,52.9,1250,165450,18450.0,CE
2023-01-23 12:59:00,52.85,53.25,52.15,52.15,1550,165450,18450.0,CE
2023-01-23 13:00:00,52.35,52.5,51.7,51.75,2800,165900,18450.0,CE
2023-01-23 13:01:00,51.75,52.2,51.3,51.45,1500,165900,18450.0,CE
2023-01-23 13:02:00,51.5,51.6,50.45,51.0,2700,165900,18450.0,CE
2023-01-23 13:03:00,51.4,51.4,50.45,50.45,2100,165300,18450.0,CE
2023-01-23 13:04:00,50.65,50.95,50.65,50.8,900,165300,18450.0,CE
2023-01-23 13:05:00,51.0,51.0,50.5,51.0,1150,165300,18450.0,CE
2023-01-23 13:06:00,50.9,51.5,50.9,51.5,1200,165650,18450.0,CE
2023-01-23 13:07:00,51.05,51.05,50.5,50.6,3250,165650,18450.0,CE
2023-01-23 13:08:00,50.55,50.55,50.15,50.15,2400,165650,18450.0,CE
2023-01-23 13:09:00,50.0,50.15,49.7,49.7,1100,165700,18450.0,CE
2023-01-23 13:10:00,49.7,49.95,49.15,49.15,1200,165700,18450.0,CE
2023-01-23 13:11:00,49.65,50.1,49.4,49.75,1850,165700,18450.0,CE
2023-01-23 13:12:00,49.8,50.1,49.8,50.0,1500,164550,18450.0,CE
2023-01-23 13:13:00,50.0,50.0,49.5,49.6,3050,164550,18450.0,CE
2023-01-23 13:14:00,49.7,50.2,49.55,50.05,2050,164550,18450.0,CE
2023-01-23 13:15:00,50.25,50.65,49.7,50.65,2100,167400,18450.0,CE
2023-01-23 13:16:00,50.6,51.25,50.6,51.2,3450,167400,18450.0,CE
2023-01-23 13:17:00,51.1,51.1,50.9,50.9,900,167400,18450.0,CE
2023-01-23 13:18:00,50.25,51.05,50.25,51.05,2700,166300,18450.0,CE
2023-01-23 13:19:00,51.0,51.2,50.8,50.8,5300,166300,18450.0,CE
2023-01-23 13:20:00,50.85,51.25,50.7,50.7,2650,166300,18450.0,CE
2023-01-23 13:21:00,50.95,51.25,50.95,51.25,2050,169900,18450.0,CE
2023-01-23 13:22:00,50.95,51.45,50.95,51.3,400,169900,18450.0,CE
2023-01-23 13:23:00,51.3,51.3,51.2,51.2,1250,169900,18450.0,CE
2023-01-23 13:24:00,51.0,51.2,50.95,51.1,1300,170500,18450.0,CE
2023-01-23 13:25:00,51.0,51.1,50.85,50.95,800,170500,18450.0,CE
2023-01-23 13:26:00,50.9,51.6,50.9,51.35,3650,170500,18450.0,CE
2023-01-23 13:27:00,51.6,52.65,51.6,52.65,700,170900,18450.0,CE
2023-01-23 13:28:00,52.45,52.65,52.2,52.2,700,170900,18450.0,CE
2023-01-23 13:29:00,52.5,52.65,52.5,52.55,350,170900,18450.0,CE
2023-01-23 13:30:00,52.75,53.2,52.55,53.2,500,171250,18450.0,CE
2023-01-23 13:31:00,52.8,52.8,52.05,52.2,1600,171250,18450.0,CE
2023-01-23 13:32:00,52.0,52.0,51.05,51.05,350,171250,18450.0,CE
2023-01-23 13:33:00,51.2,51.2,50.7,51.05,800,169900,18450.0,CE
2023-01-23 13:34:00,51.55,52.4,51.55,52.0,350,169900,18450.0,CE
2023-01-23 13:35:00,52.3,53.25,52.3,53.25,1050,169900,18450.0,CE
2023-01-23 13:36:00,53.2,53.2,53.05,53.05,700,170550,18450.0,CE
2023-01-23 13:37:00,53.35,53.6,53.1,53.1,2200,170550,18450.0,CE
2023-01-23 13:38:00,53.6,54.1,53.6,53.75,1300,170550,18450.0,CE
2023-01-23 13:39:00,54.0,55.0,54.0,54.85,1700,169950,18450.0,CE
2023-01-23 13:40:00,55.2,55.2,54.15,54.5,4600,169950,18450.0,CE
2023-01-23 13:41:00,54.55,55.15,54.3,55.15,1300,169950,18450.0,CE
2023-01-23 13:42:00,54.75,55.75,54.6,55.5,3000,167200,18450.0,CE
2023-01-23 13:43:00,55.5,55.6,55.2,55.25,1950,167200,18450.0,CE
2023-01-23 13:44:00,55.25,55.35,54.9,55.05,2000,167200,18450.0,CE
2023-01-23 13:45:00,55.25,55.8,55.1,55.1,5250,166100,18450.0,CE
2023-01-23 13:46:00,55.35,55.45,54.65,54.65,1450,166100,18450.0,CE
2023-01-23 13:47:00,54.65,54.65,53.0,53.25,2400,166100,18450.0,CE
2023-01-23 13:48:00,53.2,53.35,52.7,52.85,1800,165600,18450.0,CE
2023-01-23 13:49:00,53.0,53.55,53.0,53.25,450,165600,18450.0,CE
2023-01-23 13:50:00,53.65,53.65,53.65,53.65,200,165600,18450.0,CE
2023-01-23 13:51:00,53.35,54.0,53.35,53.7,800,165750,18450.0,CE
2023-01-23 13:52:00,54.05,54.05,53.7,53.8,1100,165750,18450.0,CE
2023-01-23 13:53:00,53.7,53.95,53.55,53.6,1250,165750,18450.0,CE
2023-01-23 13:54:00,53.7,53.85,53.7,53.7,650,165950,18450.0,CE
2023-01-23 13:55:00,54.15,54.15,53.65,53.65,1400,165950,18450.0,CE
2023-01-23 13:56:00,53.4,53.9,53.4,53.9,850,165950,18450.0,CE
2023-01-23 13:57:00,53.2,53.75,53.2,53.75,1550,165150,18450.0,CE
2023-01-23 13:58:00,54.0,54.0,53.3,53.3,600,165150,18450.0,CE
2023-01-23 13:59:00,53.65,53.65,53.45,53.45,250,165150,18450.0,CE
2023-01-23 14:00:00,53.0,54.55,53.0,54.55,850,165600,18450.0,CE
2023-01-23 14:01:00,56.0,56.0,55.05,55.05,2850,165600,18450.0,CE
2023-01-23 14:02:00,54.75,55.05,53.5,53.95,1200,165600,18450.0,CE
2023-01-23 14:03:00,53.65,53.65,53.65,53.65,100,166550,18450.0,CE
2023-01-23 14:04:00,53.95,54.15,53.95,54.15,350,166550,18450.0,CE
2023-01-23 14:05:00,53.75,54.25,53.75,54.05,1600,166550,18450.0,CE
2023-01-23 14:06:00,54.0,54.65,54.0,54.65,800,166550,18450.0,CE
2023-01-23 14:07:00,54.95,55.0,54.8,55.0,2350,166550,18450.0,CE
2023-01-23 14:08:00,55.0,55.35,55.0,55.1,5700,166550,18450.0,CE
2023-01-23 14:09:00,55.55,55.55,55.0,55.0,300,171750,18450.0,CE
2023-01-23 14:10:00,55.1,55.4,55.1,55.4,150,171750,18450.0,CE
2023-01-23 14:11:00,55.4,55.4,54.85,54.85,1350,171750,18450.0,CE
2023-01-23 14:12:00,54.75,54.9,54.5,54.5,1000,172050,18450.0,CE
2023-01-23 14:13:00,54.7,55.3,54.7,55.3,850,172050,18450.0,CE
2023-01-23 14:14:00,55.0,55.0,54.75,54.75,100,172050,18450.0,CE
2023-01-23 14:15:00,55.0,55.0,54.85,54.85,8200,172150,18450.0,CE
2023-01-23 14:16:00,54.85,55.0,54.4,54.45,6250,172150,18450.0,CE
2023-01-23 14:17:00,54.4,54.6,54.2,54.2,1100,172150,18450.0,CE
2023-01-23 14:18:00,53.9,54.0,48.9,53.6,11250,185600,18450.0,CE
2023-01-23 14:19:00,53.8,57.25,53.75,57.2,8800,185600,18450.0,CE
2023-01-23 14:20:00,56.75,57.75,56.6,56.95,3550,185600,18450.0,CE
2023-01-23 14:21:00,57.15,57.4,56.8,57.1,900,185250,18450.0,CE
2023-01-23 14:22:00,56.1,56.1,54.75,55.8,4250,185250,18450.0,CE
2023-01-23 14:23:00,55.8,55.95,54.75,54.75,7300,185250,18450.0,CE
2023-01-23 14:24:00,54.15,55.0,53.6,54.95,850,187700,18450.0,CE
2023-01-23 14:25:00,54.75,55.5,54.65,54.85,1200,187700,18450.0,CE
2023-01-23 14:26:00,55.1,55.15,54.75,55.15,600,187700,18450.0,CE
2023-01-23 14:27:00,54.8,54.8,54.15,54.15,250,188050,18450.0,CE
2023-01-23 14:28:00,54.6,54.6,54.15,54.3,1200,188050,18450.0,CE
2023-01-23 14:29:00,54.3,54.35,54.3,54.35,350,188050,18450.0,CE
2023-01-23 14:30:00,55.25,55.25,55.25,55.25,50,187850,18450.0,CE
2023-01-23 14:31:00,55.95,55.95,55.4,55.4,850,187850,18450.0,CE
2023-01-23 14:32:00,55.15,55.15,55.0,55.0,400,187850,18450.0,CE
2023-01-23 14:33:00,55.2,55.2,54.75,54.75,2300,187850,18450.0,CE
2023-01-23 14:34:00,54.8,54.8,54.8,54.8,50,187850,18450.0,CE
2023-01-23 14:35:00,55.35,55.35,55.25,55.25,100,187850,18450.0,CE
2023-01-23 14:36:00,54.65,54.65,52.8,52.8,950,186150,18450.0,CE
2023-01-23 14:37:00,52.65,52.65,50.25,51.9,3500,186150,18450.0,CE
2023-01-23 14:38:00,52.0,52.2,51.9,52.0,300,186150,18450.0,CE
2023-01-23 14:39:00,51.55,52.0,51.1,51.1,200,186100,18450.0,CE
2023-01-23 14:40:00,51.1,51.45,50.95,51.45,3150,186100,18450.0,CE
2023-01-23 14:41:00,51.3,52.3,51.3,52.1,600,186100,18450.0,CE
2023-01-23 14:42:00,52.8,53.2,52.5,52.5,300,183900,18450.0,CE
2023-01-23 14:43:00,52.05,52.65,52.05,52.65,150,183900,18450.0,CE
2023-01-23 14:44:00,52.3,52.5,52.3,52.45,500,183900,18450.0,CE
2023-01-23 14:45:00,52.7,53.3,52.7,53.0,4000,184050,18450.0,CE
2023-01-23 14:46:00,53.5,54.25,53.5,54.25,2100,184050,18450.0,CE
2023-01-23 14:47:00,54.5,54.5,53.45,53.8,1000,184050,18450.0,CE
2023-01-23 14:48:00,53.3,53.45,52.95,53.3,700,184100,18450.0,CE
2023-01-23 14:49:00,53.45,53.55,53.1,53.1,650,184100,18450.0,CE
2023-01-23 14:50:00,53.0,53.4,52.9,53.1,1250,184100,18450.0,CE
2023-01-23 14:51:00,52.85,53.1,52.85,52.9,1400,186200,18450.0,CE
2023-01-23 14:52:00,52.5,52.5,51.55,51.8,350,186200,18450.0,CE
2023-01-23 14:53:00,51.95,51.95,51.35,51.6,400,186200,18450.0,CE
2023-01-23 14:54:00,51.55,52.05,51.35,51.6,350,186400,18450.0,CE
2023-01-23 14:55:00,51.6,51.6,50.7,50.95,2950,186400,18450.0,CE
2023-01-23 14:56:00,51.1,51.5,50.6,51.0,2050,186400,18450.0,CE
2023-01-23 14:57:00,51.4,51.45,51.0,51.1,2300,187400,18450.0,CE
2023-01-23 14:58:00,51.15,51.3,50.9,51.0,1500,187400,18450.0,CE
2023-01-23 14:59:00,50.65,51.35,50.65,51.35,1500,187400,18450.0,CE
2023-01-23 15:00:00,52.5,52.65,46.75,50.6,13300,189500,18450.0,CE
2023-01-23 15:01:00,50.25,52.9,50.2,52.6,5550,189500,18450.0,CE
2023-01-23 15:02:00,52.2,52.65,51.3,52.25,750,189500,18450.0,CE
2023-01-23 15:03:00,53.0,53.2,52.55,53.1,1500,189350,18450.0,CE
2023-01-23 15:04:00,53.6,53.6,52.6,53.1,400,189350,18450.0,CE
2023-01-23 15:05:00,53.25,53.25,51.55,52.3,1600,189350,18450.0,CE
2023-01-23 15:06:00,51.95,51.95,50.95,51.95,2550,190150,18450.0,CE
2023-01-23 15:07:00,51.9,52.85,51.9,52.45,1100,190150,18450.0,CE
2023-01-23 15:08:00,52.3,52.5,52.3,52.45,950,190150,18450.0,CE
2023-01-23 15:09:00,52.3,52.8,51.95,51.95,700,191400,18450.0,CE
2023-01-23 15:10:00,52.45,52.45,51.05,51.15,4200,191400,18450.0,CE
2023-01-23 15:11:00,51.0,51.05,50.4,50.75,1750,191400,18450.0,CE
2023-01-23 15:12:00,50.7,50.75,50.15,50.5,3850,193500,18450.0,CE
2023-01-23 15:13:00,50.5,50.65,50.3,50.45,1600,193500,18450.0,CE
2023-01-23 15:14:00,50.4,50.6,50.3,50.5,1200,193500,18450.0,CE
2023-01-23 15:15:00,50.55,50.6,50.0,50.1,2950,195250,18450.0,CE
2023-01-23 15:16:00,50.3,50.35,49.35,50.05,6300,195250,18450.0,CE
2023-01-23 15:17:00,50.0,50.0,48.85,49.1,7400,195250,18450.0,CE
2023-01-23 15:18:00,49.35,49.8,49.15,49.75,4100,197600,18450.0,CE
2023-01-23 15:19:00,50.0,50.1,49.8,50.0,2300,197600,18450.0,CE
2023-01-23 15:20:00,50.1,50.25,49.7,49.7,5150,197600,18450.0,CE
2023-01-23 15:21:00,50.25,50.25,49.3,49.3,5600,198850,18450.0,CE
2023-01-23 15:22:00,49.3,49.5,48.0,48.3,8400,198850,18450.0,CE
2023-01-23 15:23:00,48.3,49.15,48.3,48.6,3150,198850,18450.0,CE
2023-01-23 15:24:00,48.45,48.7,48.2,48.6,1300,205300,18450.0,CE
2023-01-23 15:25:00,48.6,48.65,47.75,47.75,4450,205300,18450.0,CE
2023-01-23 15:26:00,48.1,48.25,48.0,48.25,1450,205300,18450.0,CE
2023-01-23 15:27:00,48.5,48.85,48.5,48.8,6300,201650,18450.0,CE
2023-01-23 15:28:00,48.9,49.2,48.45,48.7,5950,201650,18450.0,CE
2023-01-23 15:29:00,48.45,50.0,47.8,47.8,4550,201650,18450.0,CE
2023-01-24 09:15:00,60.0,60.0,48.0,55.9,15152,181200,18450.0,CE
2023-01-24 09:16:00,55.4,56.35,55.4,56.2,12650,181200,18450.0,CE
2023-01-24 09:17:00,56.2,58.0,56.1,57.8,15700,192950,18450.0,CE
2023-01-24 09:18:00,58.0,58.55,56.3,56.75,6700,192950,18450.0,CE
2023-01-24 09:19:00,57.25,58.0,56.3,57.4,5350,192950,18450.0,CE
2023-01-24 09:20:00,57.55,57.7,55.05,55.05,27850,197150,18450.0,CE
2023-01-24 09:21:00,55.0,55.85,54.4,54.85,6700,197150,18450.0,CE
2023-01-24 09:22:00,55.0,55.45,54.5,54.75,8300,197150,18450.0,CE
2023-01-24 09:23:00,55.35,55.85,55.15,55.8,6700,215450,18450.0,CE
2023-01-24 09:24:00,55.8,57.25,55.6,56.7,12450,215450,18450.0,CE
2023-01-24 09:25:00,56.6,56.65,55.75,56.15,8550,215450,18450.0,CE
2023-01-24 09:26:00,55.95,56.4,55.45,55.8,4800,221550,18450.0,CE
2023-01-24 09:27:00,55.95,56.1,55.4,55.4,4100,221550,18450.0,CE
2023-01-24 09:28:00,55.45,55.45,54.7,54.7,6050,221550,18450.0,CE
2023-01-24 09:29:00,54.45,55.5,53.7,54.0,5950,224500,18450.0,CE
2023-01-24 09:30:00,54.3,56.2,54.3,56.2,9700,224500,18450.0,CE
2023-01-24 09:31:00,56.6,57.4,56.5,56.6,7800,224500,18450.0,CE
2023-01-24 09:32:00,56.75,57.25,54.9,57.25,5150,225650,18450.0,CE
2023-01-24 09:33:00,57.5,59.15,57.5,58.8,11000,225650,18450.0,CE
2023-01-24 09:34:00,58.75,58.75,58.15,58.15,2400,225650,18450.0,CE
2023-01-24 09:35:00,58.1,58.25,57.0,58.2,5150,225200,18450.0,CE
2023-01-24 09:36:00,58.15,59.25,58.1,59.25,3250,225200,18450.0,CE
2023-01-24 09:37:00,59.0,59.35,58.7,59.3,3400,225200,18450.0,CE
2023-01-24 09:38:00,59.75,60.1,59.1,59.3,6400,224650,18450.0,CE
2023-01-24 09:39:00,59.3,59.65,58.35,59.1,5800,224650,18450.0,CE
2023-01-24 09:40:00,59.2,59.2,58.1,58.5,1500,224650,18450.0,CE
2023-01-24 09:41:00,58.2,59.8,58.2,59.8,5600,225150,18450.0,CE
2023-01-24 09:42:00,59.4,59.4,58.5,59.35,4100,225150,18450.0,CE
2023-01-24 09:43:00,59.1,59.25,58.85,59.15,1400,225150,18450.0,CE
2023-01-24 09:44:00,59.0,59.1,58.65,59.0,950,225300,18450.0,CE
2023-01-24 09:45:00,58.4,58.6,57.2,58.3,8300,225300,18450.0,CE
2023-01-24 09:46:00,58.25,58.25,56.15,56.15,4650,225300,18450.0,CE
2023-01-24 09:47:00,56.15,58.05,56.05,58.05,8300,229050,18450.0,CE
2023-01-24 09:48:00,57.75,57.75,56.85,57.1,1500,229050,18450.0,CE
2023-01-24 09:49:00,57.3,57.9,57.3,57.55,2050,229050,18450.0,CE
2023-01-24 09:50:00,58.0,58.65,58.0,58.45,1100,228650,18450.0,CE
2023-01-24 09:51:00,58.7,59.1,58.7,59.1,1800,228650,18450.0,CE
2023-01-24 09:52:00,59.0,59.1,58.35,58.4,2150,228650,18450.0,CE
2023-01-24 09:53:00,58.0,58.0,46.0,47.75,25600,229300,18450.0,CE
2023-01-24 09:54:00,47.9,54.35,47.9,53.2,27600,229300,18450.0,CE
2023-01-24 09:55:00,52.5,52.8,50.5,52.65,7650,229300,18450.0,CE
2023-01-24 09:56:00,53.05,54.35,52.45,53.25,7900,231000,18450.0,CE
2023-01-24 09:57:00,52.95,53.35,51.6,51.6,4050,231000,18450.0,CE
2023-01-24 09:58:00,51.6,51.95,51.2,51.95,1750,231000,18450.0,CE
2023-01-24 09:59:00,51.45,53.0,51.45,52.0,1950,234700,18450.0,CE
2023-01-24 10:00:00,51.6,52.15,51.0,51.0,2100,234700,18450.0,CE
2023-01-24 10:01:00,50.75,51.0,49.85,50.15,3400,234700,18450.0,CE
2023-01-24 10:02:00,50.15,50.8,49.4,50.8,3800,235150,18450.0,CE
2023-01-24 10:03:00,50.55,51.05,50.35,50.35,4600,235150,18450.0,CE
2023-01-24 10:04:00,50.2,51.6,50.2,51.6,3900,235150,18450.0,CE
2023-01-24 10:05:00,51.4,52.7,50.75,52.2,10200,237800,18450.0,CE
2023-01-24 10:06:00,52.15,52.15,51.4,51.5,2600,237800,18450.0,CE
2023-01-24 10:07:00,51.05,51.6,50.85,50.85,7200,237800,18450.0,CE
2023-01-24 10:08:00,50.95,51.15,49.95,50.15,3400,240000,18450.0,CE
2023-01-24 10:09:00,50.0,50.05,48.85,48.95,6500,240000,18450.0,CE
2023-01-24 10:10:00,48.85,49.6,48.55,49.55,11400,240000,18450.0,CE
2023-01-24 10:11:00,49.4,50.5,48.6,49.4,11700,241950,18450.0,CE
2023-01-24 10:12:00,49.3,49.55,48.95,49.2,1550,241950,18450.0,CE
2023-01-24 10:13:00,49.0,50.35,49.0,49.95,1950,241950,18450.0,CE
2023-01-24 10:14:00,50.05,50.15,49.0,49.5,5400,244700,18450.0,CE
2023-01-24 10:15:00,49.2,50.3,49.15,49.9,3450,244700,18450.0,CE
2023-01-24 10:16:00,50.15,51.15,50.15,51.0,4250,244700,18450.0,CE
2023-01-24 10:17:00,51.0,51.0,50.25,50.25,750,245500,18450.0,CE
2023-01-24 10:18:00,50.25,50.5,50.0,50.25,1050,245500,18450.0,CE
2023-01-24 10:19:00,49.95,50.2,49.65,50.2,1900,245500,18450.0,CE
2023-01-24 10:20:00,50.25,50.25,49.55,49.55,2650,248850,18450.0,CE
2023-01-24 10:21:00,49.55,49.75,49.4,49.5,700,248850,18450.0,CE
2023-01-24 10:22:00,49.3,49.7,49.2,49.5,2200,248850,18450.0,CE
2023-01-24 10:23:00,49.65,51.0,49.65,50.6,2900,248950,18450.0,CE
2023-01-24 10:24:00,50.4,51.15,50.4,50.8,3250,248950,18450.0,CE
2023-01-24 10:25:00,50.65,51.25,50.45,50.9,1250,248950,18450.0,CE
2023-01-24 10:26:00,50.7,51.45,50.5,51.1,2400,249850,18450.0,CE
2023-01-24 10:27:00,51.45,51.75,51.2,51.5,1650,249850,18450.0,CE
2023-01-24 10:28:00,51.5,51.5,50.6,50.7,4500,249850,18450.0,CE
2023-01-24 10:29:00,50.5,50.65,49.95,50.1,750,249800,18450.0,CE
2023-01-24 10:30:00,50.4,50.4,49.1,49.3,2100,249800,18450.0,CE
2023-01-24 10:31:00,49.55,49.55,48.65,48.8,1500,249800,18450.0,CE
2023-01-24 10:32:00,49.0,49.4,48.75,49.4,1000,249600,18450.0,CE
2023-01-24 10:33:00,49.25,49.55,49.2,49.3,850,249600,18450.0,CE
2023-01-24 10:34:00,49.5,50.0,49.5,49.8,2100,249600,18450.0,CE
2023-01-24 10:35:00,49.8,50.0,49.8,49.95,500,249600,18450.0,CE
2023-01-24 10:36:00,49.9,50.6,49.9,50.6,850,250850,18450.0,CE
2023-01-24 10:37:00,50.6,51.05,50.6,51.0,2250,250850,18450.0,CE
2023-01-24 10:38:00,51.15,51.15,50.65,51.15,1150,250650,18450.0,CE
2023-01-24 10:39:00,51.05,51.1,50.8,51.0,1100,250650,18450.0,CE
2023-01-24 10:40:00,51.55,53.0,51.4,52.65,4250,250650,18450.0,CE
2023-01-24 10:41:00,52.5,53.1,52.5,52.5,1100,251550,18450.0,CE
2023-01-24 10:42:00,52.35,52.45,51.6,52.2,3250,251550,18450.0,CE
2023-01-24 10:43:00,52.15,53.4,52.15,53.25,1750,251550,18450.0,CE
2023-01-24 10:44:00,52.9,53.25,52.7,53.1,1450,252350,18450.0,CE
2023-01-24 10:45:00,53.0,53.75,53.0,53.25,2800,252350,18450.0,CE
2023-01-24 10:46:00,53.2,53.4,52.5,52.5,900,252350,18450.0,CE
2023-01-24 10:47:00,52.5,52.7,52.0,52.45,3500,251350,18450.0,CE
2023-01-24 10:48:00,52.4,52.8,52.15,52.15,650,251350,18450.0,CE
2023-01-24 10:49:00,52.35,53.0,52.35,52.5,1250,251350,18450.0,CE
2023-01-24 10:50:00,52.7,52.95,51.6,51.6,1550,252250,18450.0,CE
2023-01-24 10:51:00,51.0,51.25,50.65,50.65,2500,252250,18450.0,CE
2023-01-24 10:52:00,50.6,50.6,48.85,49.8,8950,252250,18450.0,CE
2023-01-24 10:53:00,49.8,50.5,49.8,50.1,1450,253300,18450.0,CE
2023-01-24 10:54:00,50.3,50.7,50.1,50.7,350,253300,18450.0,CE
2023-01-24 10:55:00,50.5,51.15,49.95,51.1,1650,253300,18450.0,CE
2023-01-24 10:56:00,50.5,50.95,50.4,50.75,1300,253450,18450.0,CE
2023-01-24 10:57:00,50.85,51.25,50.7,51.25,1700,253450,18450.0,CE
2023-01-24 10:58:00,51.0,51.7,51.0,51.5,1300,253450,18450.0,CE
2023-01-24 10:59:00,51.8,52.35,51.8,52.0,1250,255000,18450.0,CE
2023-01-24 11:00:00,52.25,52.45,52.0,52.45,1100,255000,18450.0,CE
2023-01-24 11:01:00,52.1,52.7,52.1,52.7,750,255000,18450.0,CE
2023-01-24 11:02:00,52.7,52.7,52.7,52.7,150,255000,18450.0,CE
2023-01-24 11:03:00,52.15,52.35,51.8,51.95,1300,255700,18450.0,CE
2023-01-24 11:04:00,51.6,51.85,50.95,50.95,1400,255700,18450.0,CE
2023-01-24 11:05:00,51.6,52.7,51.5,52.7,1650,255600,18450.0,CE
2023-01-24 11:06:00,52.75,53.4,52.75,53.25,4150,255600,18450.0,CE
2023-01-24 11:07:00,53.1,53.35,52.7,53.0,2200,255600,18450.0,CE
2023-01-24 11:08:00,52.7,52.9,52.05,52.05,900,255500,18450.0,CE
2023-01-24 11:09:00,52.2,52.6,52.0,52.15,1600,255500,18450.0,CE
2023-01-24 11:10:00,51.6,51.75,50.5,51.75,3050,255500,18450.0,CE
2023-01-24 11:11:00,51.45,51.85,51.15,51.4,1850,258350,18450.0,CE
2023-01-24 11:12:00,51.05,51.4,50.75,51.25,2100,258350,18450.0,CE
2023-01-24 11:13:00,51.25,51.3,50.9,50.95,700,258350,18450.0,CE
2023-01-24 11:14:00,50.85,50.85,50.1,50.2,1300,258350,18450.0,CE
2023-01-24 11:15:00,50.05,50.05,48.0,48.7,6250,259300,18450.0,CE
2023-01-24 11:16:00,48.45,48.9,48.0,48.9,1300,259300,18450.0,CE
2023-01-24 11:17:00,48.7,49.1,48.3,49.1,750,259900,18450.0,CE
2023-01-24 11:18:00,49.45,49.65,48.85,49.0,1000,259900,18450.0,CE
2023-01-24 11:19:00,49.0,49.3,48.75,49.3,550,259900,18450.0,CE
2023-01-24 11:20:00,48.75,48.95,48.5,48.95,1550,260050,18450.0,CE
2023-01-24 11:21:00,48.85,49.25,48.0,48.35,1500,260050,18450.0,CE
2023-01-24 11:22:00,48.0,48.9,47.95,48.7,1850,260050,18450.0,CE
2023-01-24 11:23:00,49.15,49.75,49.15,49.75,4200,258500,18450.0,CE
2023-01-24 11:24:00,49.75,50.2,49.65,49.65,850,258500,18450.0,CE
2023-01-24 11:25:00,49.5,50.5,49.5,50.0,1650,258500,18450.0,CE
2023-01-24 11:26:00,50.0,50.0,49.5,49.5,700,258500,18450.0,CE
2023-01-24 11:27:00,50.3,50.5,49.95,49.95,450,258300,18450.0,CE
2023-01-24 11:28:00,49.5,50.5,49.5,50.4,700,258300,18450.0,CE
2023-01-24 11:29:00,50.6,50.6,50.25,50.25,250,258400,18450.0,CE
2023-01-24 11:30:00,50.25,51.05,50.25,51.0,1200,258400,18450.0,CE
2023-01-24 11:31:00,50.85,51.0,50.2,50.25,4150,258400,18450.0,CE
2023-01-24 11:32:00,50.1,50.1,49.0,49.15,2950,260750,18450.0,CE
2023-01-24 11:33:00,48.85,49.8,48.85,49.8,800,260750,18450.0,CE
2023-01-24 11:34:00,49.9,49.9,49.05,49.1,500,260750,18450.0,CE
2023-01-24 11:35:00,49.15,49.75,48.9,49.5,2400,261350,18450.0,CE
2023-01-24 11:36:00,49.5,49.95,49.5,49.8,900,261350,18450.0,CE
2023-01-24 11:37:00,49.75,49.8,49.05,49.05,700,261350,18450.0,CE
2023-01-24 11:38:00,48.95,48.95,47.75,47.75,4400,264350,18450.0,CE
2023-01-24 11:39:00,47.9,48.0,47.55,47.95,3300,264350,18450.0,CE
2023-01-24 11:40:00,48.3,49.2,48.3,49.2,3450,264350,18450.0,CE
2023-01-24 11:41:00,48.8,48.8,48.8,48.8,500,264350,18450.0,CE
2023-01-24 11:42:00,49.0,49.35,48.8,48.8,450,265100,18450.0,CE
2023-01-24 11:43:00,48.8,48.8,48.6,48.6,900,265100,18450.0,CE
2023-01-24 11:44:00,48.45,48.45,48.3,48.35,2600,268000,18450.0,CE
2023-01-24 11:45:00,48.6,49.0,48.35,49.0,2150,268000,18450.0,CE
2023-01-24 11:46:00,48.7,48.7,48.7,48.7,1650,268000,18450.0,CE
2023-01-24 11:47:00,48.5,48.7,48.25,48.25,750,268000,18450.0,CE
2023-01-24 11:48:00,48.0,48.3,47.95,47.95,3250,267150,18450.0,CE
2023-01-24 11:49:00,47.9,48.0,47.4,47.55,3800,267150,18450.0,CE
2023-01-24 11:50:00,47.0,48.15,47.0,47.65,2600,271150,18450.0,CE
2023-01-24 11:51:00,47.65,47.65,46.65,46.65,2600,271150,18450.0,CE
2023-01-24 11:52:00,46.35,47.05,46.2,47.05,2400,271150,18450.0,CE
2023-01-24 11:53:00,46.4,47.25,46.4,47.25,1300,271150,18450.0,CE
2023-01-24 11:54:00,46.7,47.2,46.65,47.2,800,270300,18450.0,CE
2023-01-24 11:55:00,47.4,47.8,46.45,46.5,3300,270300,18450.0,CE
2023-01-24 11:56:00,46.45,46.5,46.0,46.0,2600,270500,18450.0,CE
2023-01-24 11:57:00,45.7,47.05,45.7,47.05,3250,270500,18450.0,CE
2023-01-24 11:58:00,47.15,47.2,46.8,46.8,1150,270500,18450.0,CE
2023-01-24 11:59:00,46.85,47.05,46.7,46.85,1250,269400,18450.0,CE
2023-01-24 12:00:00,46.65,46.65,44.85,46.1,20200,269400,18450.0,CE
2023-01-24 12:01:00,45.75,46.5,45.6,45.75,5300,269400,18450.0,CE
2023-01-24 12:02:00,45.65,45.9,45.5,45.85,6950,256550,18450.0,CE
2023-01-24 12:03:00,45.7,45.7,45.0,45.05,6200,256550,18450.0,CE
2023-01-24 12:04:00,45.1,46.2,45.05,46.0,9550,256550,18450.0,CE
2023-01-24 12:05:00,45.95,46.4,45.2,45.5,2450,252550,18450.0,CE
2023-01-24 12:06:00,45.35,46.1,45.35,46.1,2550,252550,18450.0,CE
2023-01-24 12:07:00,46.2,46.8,46.1,46.75,2950,252550,18450.0,CE
2023-01-24 12:08:00,46.7,47.3,46.5,47.0,4650,252250,18450.0,CE
2023-01-24 12:09:00,47.1,47.35,47.1,47.35,700,252250,18450.0,CE
2023-01-24 12:10:00,47.0,47.0,46.65,46.65,1700,252250,18450.0,CE
2023-01-24 12:11:00,46.5,46.8,46.2,46.2,1200,253050,18450.0,CE
2023-01-24 12:12:00,46.05,46.25,45.75,46.2,1300,253050,18450.0,CE
2023-01-24 12:13:00,46.25,47.0,46.25,46.9,2250,253050,18450.0,CE
2023-01-24 12:14:00,46.9,47.2,46.9,46.9,550,253050,18450.0,CE
2023-01-24 12:15:00,46.65,47.1,46.2,46.2,2300,251900,18450.0,CE
2023-01-24 12:16:00,46.35,46.9,46.35,46.5,2000,251900,18450.0,CE
2023-01-24 12:17:00,46.8,46.95,46.25,46.25,1650,251900,18450.0,CE
2023-01-24 12:18:00,46.6,46.65,46.5,46.5,200,253000,18450.0,CE
2023-01-24 12:19:00,46.8,47.2,46.65,46.65,1550,253000,18450.0,CE
2023-01-24 12:20:00,47.1,47.1,46.5,46.5,950,253000,18450.0,CE
2023-01-24 12:21:00,46.2,46.8,46.2,46.5,1200,252550,18450.0,CE
2023-01-24 12:22:00,46.8,47.1,46.4,46.55,350,252550,18450.0,CE
2023-01-24 12:23:00,46.4,46.4,46.4,46.4,100,252550,18450.0,CE
2023-01-24 12:24:00,46.45,46.45,46.1,46.1,750,251000,18450.0,CE
2023-01-24 12:25:00,46.2,46.2,45.55,45.95,850,251000,18450.0,CE
2023-01-24 12:26:00,45.55,46.35,45.3,45.6,3400,251000,18450.0,CE
2023-01-24 12:27:00,45.3,45.65,43.95,44.55,13400,250400,18450.0,CE
2023-01-24 12:28:00,44.5,45.15,44.35,45.1,3750,250400,18450.0,CE
2023-01-24 12:29:00,45.05,45.55,44.85,45.2,2950,250400,18450.0,CE
2023-01-24 12:30:00,45.0,45.85,44.8,45.85,2800,251200,18450.0,CE
2023-01-24 12:31:00,45.9,46.0,45.65,45.65,1150,251200,18450.0,CE
2023-01-24 12:32:00,45.55,46.0,45.4,45.7,1000,251200,18450.0,CE
2023-01-24 12:33:00,45.7,45.75,45.3,45.5,1650,252300,18450.0,CE
2023-01-24 12:34:00,45.05,45.5,45.0,45.0,3650,252300,18450.0,CE
2023-01-24 12:35:00,45.0,45.45,44.55,44.75,2350,252300,18450.0,CE
2023-01-24 12:36:00,43.9,45.0,43.9,44.8,4900,251000,18450.0,CE
2023-01-24 12:37:00,44.7,45.2,44.5,45.15,1500,251000,18450.0,CE
2023-01-24 12:38:00,44.85,45.3,44.8,45.3,500,251000,18450.0,CE
2023-01-24 12:39:00,45.3,45.7,45.2,45.5,1150,250400,18450.0,CE
2023-01-24 12:40:00,45.5,45.75,45.5,45.6,350,250400,18450.0,CE
2023-01-24 12:41:00,45.6,46.05,45.6,46.05,2600,250400,18450.0,CE
2023-01-24 12:42:00,45.85,46.35,45.85,46.35,1200,249950,18450.0,CE
2023-01-24 12:43:00,46.25,46.35,46.0,46.0,1250,249950,18450.0,CE
2023-01-24 12:44:00,46.35,46.35,46.0,46.0,550,249950,18450.0,CE
2023-01-24 12:45:00,46.35,46.7,46.1,46.1,1950,249100,18450.0,CE
2023-01-24 12:46:00,46.65,47.2,46.65,47.2,1800,249100,18450.0,CE
2023-01-24 12:47:00,47.55,47.75,47.1,47.75,1300,249100,18450.0,CE
2023-01-24 12:48:00,47.6,48.3,47.6,48.3,1950,249350,18450.0,CE
2023-01-24 12:49:00,48.3,48.3,48.05,48.25,1850,249350,18450.0,CE
2023-01-24 12:50:00,48.55,48.55,48.2,48.3,3850,249350,18450.0,CE
2023-01-24 12:51:00,48.0,48.15,47.75,48.05,1300,249000,18450.0,CE
2023-01-24 12:52:00,48.15,48.25,47.85,48.05,1850,249000,18450.0,CE
2023-01-24 12:53:00,48.1,48.15,47.55,47.55,1500,249000,18450.0,CE
2023-01-24 12:54:00,47.35,47.95,47.25,47.75,1650,249200,18450.0,CE
2023-01-24 12:55:00,48.0,48.1,47.5,47.5,1050,249200,18450.0,CE
2023-01-24 12:56:00,47.3,47.5,47.1,47.2,750,249200,18450.0,CE
2023-01-24 12:57:00,47.5,47.55,47.1,47.25,4300,250600,18450.0,CE
2023-01-24 12:58:00,47.1,47.2,47.1,47.2,700,250600,18450.0,CE
2023-01-24 12:59:00,47.3,47.55,47.3,47.4,700,250600,18450.0,CE
2023-01-24 13:00:00,47.75,48.0,47.75,48.0,950,251850,18450.0,CE
2023-01-24 13:01:00,48.0,48.0,47.3,47.45,2650,251850,18450.0,CE
2023-01-24 13:02:00,47.5,48.15,47.5,48.15,6050,251850,18450.0,CE
2023-01-24 13:03:00,47.8,47.9,47.45,47.55,950,257300,18450.0,CE
2023-01-24 13:04:00,47.6,47.8,47.5,47.65,2200,257300,18450.0,CE
2023-01-24 13:05:00,47.55,47.65,47.05,47.05,1500,257300,18450.0,CE
2023-01-24 13:06:00,47.45,47.75,47.1,47.7,3150,259100,18450.0,CE
2023-01-24 13:07:00,47.7,47.7,47.6,47.6,450,259100,18450.0,CE
2023-01-24 13:08:00,47.5,47.5,47.5,47.5,100,259100,18450.0,CE
2023-01-24 13:09:00,47.2,47.2,46.1,46.1,800,259350,18450.0,CE
2023-01-24 13:10:00,46.1,46.1,44.75,44.85,3750,259350,18450.0,CE
2023-01-24 13:11:00,44.55,45.3,44.35,45.1,3150,259350,18450.0,CE
2023-01-24 13:12:00,44.95,45.55,44.9,45.25,5350,261650,18450.0,CE
2023-01-24 13:13:00,45.25,45.6,45.25,45.4,1250,261650,18450.0,CE
2023-01-24 13:14:00,45.25,45.45,45.0,45.4,2350,261650,18450.0,CE
2023-01-24 13:15:00,45.55,46.2,45.35,46.1,2150,260650,18450.0,CE
2023-01-24 13:16:00,46.15,46.25,45.8,46.2,2000,260650,18450.0,CE
2023-01-24 13:17:00,45.75,45.95,45.2,45.45,1200,260650,18450.0,CE
2023-01-24 13:18:00,45.75,45.8,45.3,45.3,900,259900,18450.0,CE
2023-01-24 13:19:00,45.35,45.4,45.25,45.4,1200,259900,18450.0,CE
2023-01-24 13:20:00,45.55,45.55,44.75,44.75,400,259900,18450.0,CE
2023-01-24 13:21:00,44.75,44.75,44.5,44.5,1550,259300,18450.0,CE
2023-01-24 13:22:00,44.55,44.8,44.4,44.5,2450,259300,18450.0,CE
2023-01-24 13:23:00,44.05,44.45,43.95,44.15,4900,259300,18450.0,CE
2023-01-24 13:24:00,44.5,44.55,44.45,44.45,1250,259850,18450.0,CE
2023-01-24 13:25:00,44.45,45.0,44.45,45.0,4300,259850,18450.0,CE
2023-01-24 13:26:00,44.45,44.9,44.4,44.5,900,259850,18450.0,CE
2023-01-24 13:27:00,44.45,44.5,44.25,44.35,1200,257550,18450.0,CE
2023-01-24 13:28:00,44.4,44.6,43.75,43.75,3900,257550,18450.0,CE
2023-01-24 13:29:00,43.8,43.85,43.7,43.7,1350,257550,18450.0,CE
2023-01-24 13:30:00,44.2,44.65,42.25,42.35,8400,255400,18450.0,CE
2023-01-24 13:31:00,42.25,43.1,42.05,43.1,7350,255400,18450.0,CE
2023-01-24 13:32:00,43.3,43.65,43.05,43.05,1600,255400,18450.0,CE
2023-01-24 13:33:00,43.15,43.15,42.25,42.25,5900,256200,18450.0,CE
2023-01-24 13:34:00,42.4,42.85,42.4,42.85,2450,256200,18450.0,CE
2023-01-24 13:35:00,42.6,42.65,42.2,42.55,5350,256200,18450.0,CE
2023-01-24 13:36:00,42.5,43.05,42.45,42.8,3200,254350,18450.0,CE
2023-01-24 13:37:00,42.75,42.95,42.45,42.75,1850,254350,18450.0,CE
2023-01-24 13:38:00,42.6,42.6,41.55,42.0,4600,254350,18450.0,CE
2023-01-24 13:39:00,41.6,42.0,41.45,41.95,2800,257100,18450.0,CE
2023-01-24 13:40:00,41.75,41.75,41.4,41.5,11850,257100,18450.0,CE
2023-01-24 13:41:00,41.6,42.25,41.4,41.8,1850,257100,18450.0,CE
2023-01-24 13:42:00,41.9,41.9,41.25,41.6,2750,263000,18450.0,CE
2023-01-24 13:43:00,41.7,41.7,40.05,40.05,2700,263000,18450.0,CE
2023-01-24 13:44:00,40.05,40.55,39.8,40.0,10100,263000,18450.0,CE
2023-01-24 13:45:00,40.2,40.35,39.8,40.35,2550,259550,18450.0,CE
2023-01-24 13:46:00,40.1,40.35,40.1,40.25,2600,259550,18450.0,CE
2023-01-24 13:47:00,40.1,40.35,39.0,39.5,4150,259550,18450.0,CE
2023-01-24 13:48:00,39.4,39.4,38.95,39.3,13250,259050,18450.0,CE
2023-01-24 13:49:00,39.35,39.35,39.05,39.25,6950,259050,18450.0,CE
2023-01-24 13:50:00,39.25,39.6,39.05,39.5,3050,259050,18450.0,CE
2023-01-24 13:51:00,39.45,39.45,38.9,38.9,4700,269750,18450.0,CE
2023-01-24 13:52:00,38.9,39.0,37.75,37.85,8500,269750,18450.0,CE
2023-01-24 13:53:00,37.7,37.85,37.3,37.3,3800,269750,18450.0,CE
2023-01-24 13:54:00,37.4,37.75,37.25,37.5,4100,275850,18450.0,CE
2023-01-24 13:55:00,37.55,37.55,37.4,37.5,2000,275850,18450.0,CE
2023-01-24 13:56:00,37.5,38.0,37.45,38.0,1700,275850,18450.0,CE
2023-01-24 13:57:00,37.7,38.1,37.6,37.95,2650,275850,18450.0,CE
2023-01-24 13:58:00,38.0,38.7,38.0,38.7,500,275850,18450.0,CE
2023-01-24 13:59:00,38.9,39.5,38.9,39.5,3050,275850,18450.0,CE
2023-01-24 14:00:00,39.3,39.45,38.9,39.35,14300,274400,18450.0,CE
2023-01-24 14:01:00,39.5,40.3,39.3,40.3,4350,274400,18450.0,CE
2023-01-24 14:02:00,40.35,40.95,40.35,40.5,2600,274400,18450.0,CE
2023-01-24 14:03:00,40.35,40.6,40.25,40.6,2600,264650,18450.0,CE
2023-01-24 14:04:00,41.0,41.25,40.9,40.9,1350,264650,18450.0,CE
2023-01-24 14:05:00,41.0,41.35,40.8,41.3,13700,264650,18450.0,CE
2023-01-24 14:06:00,41.0,41.35,40.9,40.9,1000,253800,18450.0,CE
2023-01-24 14:07:00,41.0,41.1,40.35,40.35,1300,253800,18450.0,CE
2023-01-24 14:08:00,40.4,41.15,40.4,40.95,3050,253800,18450.0,CE
2023-01-24 14:09:00,40.85,40.9,40.3,40.3,4350,255500,18450.0,CE
2023-01-24 14:10:00,40.3,40.3,39.5,40.1,6350,255500,18450.0,CE
2023-01-24 14:11:00,40.1,40.6,40.05,40.5,1350,255500,18450.0,CE
2023-01-24 14:12:00,40.6,40.6,40.1,40.2,550,255350,18450.0,CE
2023-01-24 14:13:00,40.2,40.65,40.2,40.45,900,255350,18450.0,CE
2023-01-24 14:14:00,40.7,40.95,40.65,40.7,2750,255350,18450.0,CE
2023-01-24 14:15:00,40.65,40.7,40.6,40.7,4200,259850,18450.0,CE
2023-01-24 14:16:00,40.55,40.75,40.55,40.75,2000,259850,18450.0,CE
2023-01-24 14:17:00,40.35,40.85,40.35,40.75,2800,259850,18450.0,CE
2023-01-24 14:18:00,40.8,40.8,40.35,40.8,1150,260950,18450.0,CE
2023-01-24 14:19:00,40.85,40.85,40.35,40.6,3150,260950,18450.0,CE
2023-01-24 14:20:00,40.5,40.6,40.35,40.35,2000,260950,18450.0,CE
2023-01-24 14:21:00,40.7,41.1,40.45,41.1,1900,262000,18450.0,CE
2023-01-24 14:22:00,41.3,41.5,41.0,41.4,3200,262000,18450.0,CE
2023-01-24 14:23:00,41.0,41.0,40.35,40.5,2050,262000,18450.0,CE
2023-01-24 14:24:00,40.35,40.35,36.55,36.55,13500,260000,18450.0,CE
2023-01-24 14:25:00,37.4,39.2,37.4,38.55,1850,260000,18450.0,CE
2023-01-24 14:26:00,38.6,39.15,38.4,39.0,3650,260000,18450.0,CE
2023-01-24 14:27:00,38.55,38.8,38.4,38.75,3400,259450,18450.0,CE
2023-01-24 14:28:00,39.0,39.0,38.4,38.8,2850,259450,18450.0,CE
2023-01-24 14:29:00,38.5,38.7,38.5,38.7,200,259450,18450.0,CE
2023-01-24 14:30:00,38.95,39.25,38.7,38.7,1300,260450,18450.0,CE
2023-01-24 14:31:00,39.25,39.5,38.9,39.4,600,260450,18450.0,CE
2023-01-24 14:32:00,39.3,40.4,39.3,40.4,3850,260450,18450.0,CE
2023-01-24 14:33:00,40.55,41.3,40.55,40.95,1100,263150,18450.0,CE
2023-01-24 14:34:00,41.0,41.75,41.0,41.3,2550,263150,18450.0,CE
2023-01-24 14:35:00,41.3,43.2,41.15,43.2,8250,263150,18450.0,CE
2023-01-24 14:36:00,43.1,43.35,42.65,43.2,8150,264400,18450.0,CE
2023-01-24 14:37:00,43.0,43.0,42.5,42.6,3100,264400,18450.0,CE
2023-01-24 14:38:00,42.5,42.5,41.7,41.9,1000,264400,18450.0,CE
2023-01-24 14:39:00,41.7,41.7,40.05,40.1,3100,267750,18450.0,CE
2023-01-24 14:40:00,39.9,39.95,39.4,39.9,3300,267750,18450.0,CE
2023-01-24 14:41:00,39.9,39.9,38.95,39.3,3350,267750,18450.0,CE
2023-01-24 14:42:00,39.15,39.9,39.05,39.15,1650,270300,18450.0,CE
2023-01-24 14:43:00,39.25,39.25,38.0,38.55,5600,270300,18450.0,CE
2023-01-24 14:44:00,38.35,38.8,38.35,38.7,3050,270300,18450.0,CE
2023-01-24 14:45:00,38.9,39.0,37.65,38.1,5500,270400,18450.0,CE
2023-01-24 14:46:00,37.4,38.25,37.4,38.2,2550,270400,18450.0,CE
2023-01-24 14:47:00,38.4,38.7,38.05,38.1,6150,270400,18450.0,CE
2023-01-24 14:48:00,38.15,38.35,38.05,38.25,2650,274750,18450.0,CE
2023-01-24 14:49:00,38.15,38.8,37.9,38.8,4250,274750,18450.0,CE
2023-01-24 14:50:00,38.95,39.9,38.85,39.9,4950,274750,18450.0,CE
2023-01-24 14:51:00,40.05,40.05,39.3,39.4,900,278900,18450.0,CE
2023-01-24 14:52:00,39.5,39.5,38.75,39.2,1000,278900,18450.0,CE
2023-01-24 14:53:00,39.0,39.8,39.0,39.05,4200,278900,18450.0,CE
2023-01-24 14:54:00,39.2,39.6,38.8,39.15,3500,281000,18450.0,CE
2023-01-24 14:55:00,39.3,39.5,39.05,39.3,1300,281000,18450.0,CE
2023-01-24 14:56:00,39.35,39.55,39.35,39.55,400,281000,18450.0,CE
2023-01-24 14:57:00,39.65,40.4,39.4,40.4,9300,281950,18450.0,CE
2023-01-24 14:58:00,40.35,40.65,40.1,40.65,2600,281950,18450.0,CE
2023-01-24 14:59:00,40.5,41.15,40.5,41.15,2100,281950,18450.0,CE
2023-01-24 15:00:00,41.25,41.85,41.15,41.85,4250,285700,18450.0,CE
2023-01-24 15:01:00,42.15,42.5,41.55,41.55,10150,285700,18450.0,CE
2023-01-24 15:02:00,41.75,42.3,40.9,41.35,8300,285700,18450.0,CE
2023-01-24 15:03:00,41.0,41.85,40.95,41.7,6500,289750,18450.0,CE
2023-01-24 15:04:00,41.7,41.7,39.35,39.5,3150,289750,18450.0,CE
2023-01-24 15:05:00,40.05,41.35,40.05,41.25,7450,289750,18450.0,CE
2023-01-24 15:06:00,41.3,41.3,40.6,40.95,2950,290000,18450.0,CE
2023-01-24 15:07:00,40.9,41.15,39.85,39.85,3050,290000,18450.0,CE
2023-01-24 15:08:00,40.1,40.5,39.9,40.3,5950,290000,18450.0,CE
2023-01-24 15:09:00,40.45,41.05,40.15,41.05,8350,298700,18450.0,CE
2023-01-24 15:10:00,41.1,41.1,40.75,40.95,2900,298700,18450.0,CE
2023-01-24 15:11:00,40.95,41.35,40.8,40.8,9850,298700,18450.0,CE
2023-01-24 15:12:00,41.2,41.2,40.05,40.2,4300,297350,18450.0,CE
2023-01-24 15:13:00,40.55,40.55,39.85,39.85,5600,297350,18450.0,CE
2023-01-24 15:14:00,40.35,40.4,40.1,40.3,1700,297350,18450.0,CE
2023-01-24 15:15:00,40.4,40.6,39.8,39.8,3050,299450,18450.0,CE
2023-01-24 15:16:00,39.7,39.7,38.95,39.1,8150,299450,18450.0,CE
2023-01-24 15:17:00,39.0,39.5,38.1,38.25,12800,299450,18450.0,CE
2023-01-24 15:18:00,38.25,38.3,37.6,37.6,12150,309750,18450.0,CE
2023-01-24 15:19:00,37.6,37.85,37.4,37.7,11550,309750,18450.0,CE
2023-01-24 15:20:00,37.95,38.2,37.75,37.8,5050,309750,18450.0,CE
2023-01-24 15:21:00,37.8,38.2,37.7,38.05,8400,306500,18450.0,CE
2023-01-24 15:22:00,37.8,38.05,37.0,37.25,14050,306500,18450.0,CE
2023-01-24 15:23:00,37.4,37.55,37.25,37.25,5650,306500,18450.0,CE
2023-01-24 15:24:00,37.2,37.4,37.05,37.15,9150,311750,18450.0,CE
2023-01-24 15:25:00,37.25,37.25,35.8,35.8,8800,311750,18450.0,CE
2023-01-24 15:26:00,36.05,36.25,35.9,36.2,10950,311750,18450.0,CE
2023-01-24 15:27:00,36.3,37.15,36.3,37.1,18900,296500,18450.0,CE
2023-01-24 15:28:00,37.0,37.3,36.4,36.65,16250,296500,18450.0,CE
2023-01-24 15:29:00,36.8,36.85,35.95,35.95,13300,296500,18450.0,CE
2023-01-25 09:15:00,38.7,38.7,27.75,29.55,8301,295350,18450.0,CE
2023-01-25 09:16:00,30.15,30.15,28.95,29.2,13800,295350,18450.0,CE
2023-01-25 09:17:00,29.0,29.9,28.65,29.4,25000,300500,18450.0,CE
2023-01-25 09:18:00,29.45,29.45,27.9,28.6,18350,300500,18450.0,CE
2023-01-25 09:19:00,28.75,28.75,26.95,27.25,12650,300500,18450.0,CE
2023-01-25 09:20:00,27.4,27.4,26.1,26.1,33500,318550,18450.0,CE
2023-01-25 09:21:00,26.15,26.5,25.95,26.1,11500,318550,18450.0,CE
2023-01-25 09:22:00,26.05,27.45,26.05,26.95,13700,318550,18450.0,CE
2023-01-25 09:23:00,27.45,27.6,27.05,27.15,11800,327400,18450.0,CE
2023-01-25 09:24:00,27.35,27.8,27.25,27.55,12750,327400,18450.0,CE
2023-01-25 09:25:00,27.7,27.7,26.75,26.95,10600,327400,18450.0,CE
2023-01-25 09:26:00,27.0,27.1,26.2,26.55,11500,326900,18450.0,CE
2023-01-25 09:27:00,26.65,26.65,25.8,26.5,22950,326900,18450.0,CE
2023-01-25 09:28:00,26.4,27.5,26.4,27.3,12350,326900,18450.0,CE
2023-01-25 09:29:00,27.4,27.95,27.0,27.0,13600,326800,18450.0,CE
2023-01-25 09:30:00,26.9,27.35,26.3,26.4,8600,326800,18450.0,CE
2023-01-25 09:31:00,26.35,26.9,26.3,26.35,4750,326800,18450.0,CE
2023-01-25 09:32:00,26.45,26.45,24.5,24.5,7200,321100,18450.0,CE
2023-01-25 09:33:00,24.3,24.95,24.0,24.6,22600,321100,18450.0,CE
2023-01-25 09:34:00,24.5,24.9,24.2,24.9,5650,321100,18450.0,CE
2023-01-25 09:35:00,25.0,25.3,24.8,24.95,9550,322900,18450.0,CE
2023-01-25 09:36:00,24.9,24.9,24.25,24.7,10200,322900,18450.0,CE
2023-01-25 09:37:00,24.65,25.5,24.65,25.3,16450,322900,18450.0,CE
2023-01-25 09:38:00,25.4,26.0,25.25,25.55,6850,325550,18450.0,CE
2023-01-25 09:39:00,25.6,25.65,25.1,25.65,5500,325550,18450.0,CE
2023-01-25 09:40:00,25.5,25.8,24.95,25.0,8100,325550,18450.0,CE
2023-01-25 09:41:00,24.95,25.7,24.8,25.1,5400,327050,18450.0,CE
2023-01-25 09:42:00,24.75,25.35,24.5,25.35,10900,327050,18450.0,CE
2023-01-25 09:43:00,25.2,25.5,25.0,25.45,9900,327050,18450.0,CE
2023-01-25 09:44:00,25.5,25.5,24.5,24.5,16650,326700,18450.0,CE
2023-01-25 09:45:00,24.4,24.5,23.75,24.5,11100,326700,18450.0,CE
2023-01-25 09:46:00,24.55,25.0,24.2,25.0,17600,326700,18450.0,CE
2023-01-25 09:47:00,25.1,25.75,25.1,25.3,3950,331800,18450.0,CE
2023-01-25 09:48:00,25.35,25.75,25.05,25.7,29650,331800,18450.0,CE
2023-01-25 09:49:00,25.75,26.1,25.6,25.75,6950,331800,18450.0,CE
2023-01-25 09:50:00,25.85,26.2,25.65,25.65,5900,339550,18450.0,CE
2023-01-25 09:51:00,25.65,25.7,24.9,24.9,5100,339550,18450.0,CE
2023-01-25 09:52:00,25.05,25.05,24.45,25.05,27350,339550,18450.0,CE
2023-01-25 09:53:00,25.05,25.35,24.65,25.35,9700,356000,18450.0,CE
2023-01-25 09:54:00,25.35,25.4,24.5,24.5,7650,356000,18450.0,CE
2023-01-25 09:55:00,24.35,25.35,24.35,25.3,32250,356000,18450.0,CE
2023-01-25 09:56:00,25.3,25.35,24.9,25.25,23350,350650,18450.0,CE
2023-01-25 09:57:00,25.25,25.4,25.05,25.35,20700,350650,18450.0,CE
2023-01-25 09:58:00,25.2,25.5,25.1,25.25,15050,350650,18450.0,CE
2023-01-25 09:59:00,25.05,25.6,24.95,24.95,8950,352600,18450.0,CE
2023-01-25 10:00:00,25.05,25.55,24.95,25.0,12650,352600,18450.0,CE
2023-01-25 10:01:00,24.9,25.0,23.95,24.25,18250,352600,18450.0,CE
2023-01-25 10:02:00,24.15,24.85,24.15,24.85,14000,342200,18450.0,CE
2023-01-25 10:03:00,25.0,25.25,24.8,25.0,6450,342200,18450.0,CE
2023-01-25 10:04:00,25.1,26.6,25.1,26.55,9250,342200,18450.0,CE
2023-01-25 10:05:00,26.55,26.55,25.85,25.85,9300,348100,18450.0,CE
2023-01-25 10:06:00,25.9,26.5,25.65,26.15,14300,348100,18450.0,CE
2023-01-25 10:07:00,26.3,26.85,25.95,26.45,14050,348100,18450.0,CE
2023-01-25 10:08:00,26.15,26.15,25.6,25.85,3550,345900,18450.0,CE
2023-01-25 10:09:00,25.9,25.9,25.15,25.3,15100,345900,18450.0,CE
2023-01-25 10:10:00,25.35,25.5,24.6,25.1,15800,345900,18450.0,CE
2023-01-25 10:11:00,25.05,25.6,24.9,25.05,10450,353550,18450.0,CE
2023-01-25 10:12:00,25.0,25.7,24.9,25.4,14250,353550,18450.0,CE
2023-01-25 10:13:00,25.25,25.5,24.6,24.75,15500,353550,18450.0,CE
2023-01-25 10:14:00,24.55,25.25,24.55,25.25,17750,351550,18450.0,CE
2023-01-25 10:15:00,25.2,25.85,25.0,25.4,9300,351550,18450.0,CE
2023-01-25 10:16:00,25.1,25.5,24.9,24.9,4700,351550,18450.0,CE
2023-01-25 10:17:00,24.95,25.45,24.5,25.0,7600,354450,18450.0,CE
2023-01-25 10:18:00,24.65,25.05,24.5,24.95,5500,354450,18450.0,CE
2023-01-25 10:19:00,24.7,25.05,24.1,24.15,6850,354450,18450.0,CE
2023-01-25 10:20:00,24.5,24.65,24.05,24.2,13000,350800,18450.0,CE
2023-01-25 10:21:00,24.35,24.7,24.25,24.4,7250,350800,18450.0,CE
2023-01-25 10:22:00,24.45,25.2,24.35,25.1,14250,350800,18450.0,CE
2023-01-25 10:23:00,25.0,25.5,25.0,25.35,10000,356700,18450.0,CE
2023-01-25 10:24:00,25.05,25.15,24.7,24.9,6450,356700,18450.0,CE
2023-01-25 10:25:00,24.9,24.95,24.6,24.9,3500,356700,18450.0,CE
2023-01-25 10:26:00,24.85,24.85,23.6,23.6,14900,352850,18450.0,CE
2023-01-25 10:27:00,23.75,24.8,23.75,24.8,9300,352850,18450.0,CE
2023-01-25 10:28:00,24.6,25.1,24.6,24.7,5700,352850,18450.0,CE
2023-01-25 10:29:00,24.9,25.4,24.75,25.4,7350,354400,18450.0,CE
2023-01-25 10:30:00,25.2,25.5,24.75,25.25,11300,354400,18450.0,CE
2023-01-25 10:31:00,25.3,25.3,24.45,24.55,3450,354400,18450.0,CE
2023-01-25 10:32:00,24.7,24.7,23.55,23.6,5600,354650,18450.0,CE
2023-01-25 10:33:00,23.4,24.05,23.4,23.9,8350,354650,18450.0,CE
2023-01-25 10:34:00,23.8,24.35,23.8,23.9,7150,354650,18450.0,CE
2023-01-25 10:35:00,23.75,24.35,23.7,24.35,11400,352500,18450.0,CE
2023-01-25 10:36:00,24.3,24.4,24.15,24.2,6650,352500,18450.0,CE
2023-01-25 10:37:00,24.35,24.6,24.3,24.55,5600,352500,18450.0,CE
2023-01-25 10:38:00,24.35,24.65,24.2,24.5,7150,358350,18450.0,CE
2023-01-25 10:39:00,24.45,24.75,24.1,24.65,5050,358350,18450.0,CE
2023-01-25 10:40:00,24.55,24.95,24.2,24.3,7450,358350,18450.0,CE
2023-01-25 10:41:00,24.3,24.8,24.25,24.8,5700,358000,18450.0,CE
2023-01-25 10:42:00,24.9,25.05,24.85,24.85,6150,358000,18450.0,CE
2023-01-25 10:43:00,25.05,25.1,24.65,25.1,5600,358000,18450.0,CE
2023-01-25 10:44:00,24.75,24.85,24.25,24.7,15700,357800,18450.0,CE
2023-01-25 10:45:00,24.85,25.5,24.75,25.3,8600,357800,18450.0,CE
2023-01-25 10:46:00,25.25,25.45,25.1,25.25,15900,357800,18450.0,CE
2023-01-25 10:47:00,25.3,25.35,25.0,25.15,26650,366850,18450.0,CE
2023-01-25 10:48:00,25.15,25.3,24.8,24.85,5750,366850,18450.0,CE
2023-01-25 10:49:00,24.85,25.55,24.8,25.35,7950,366850,18450.0,CE
2023-01-25 10:50:00,25.35,25.9,25.1,25.9,9250,371900,18450.0,CE
2023-01-25 10:51:00,25.8,26.1,25.6,25.65,13650,371900,18450.0,CE
2023-01-25 10:52:00,25.75,25.85,25.35,25.75,5150,371900,18450.0,CE
2023-01-25 10:53:00,25.8,26.15,25.65,26.1,7500,379750,18450.0,CE
2023-01-25 10:54:00,25.9,26.15,25.55,25.55,11000,379750,18450.0,CE
2023-01-25 10:55:00,25.4,25.6,25.2,25.55,2300,379750,18450.0,CE
2023-01-25 10:56:00,25.55,25.85,25.4,25.6,1500,376600,18450.0,CE
2023-01-25 10:57:00,25.5,25.85,25.3,25.7,1000,376600,18450.0,CE
2023-01-25 10:58:00,25.6,25.75,25.5,25.7,4950,376600,18450.0,CE
2023-01-25 10:59:00,25.8,25.8,25.15,25.7,7900,378000,18450.0,CE
2023-01-25 11:00:00,25.85,26.25,25.85,26.0,3950,378000,18450.0,CE
2023-01-25 11:01:00,26.0,26.2,25.8,26.05,8400,378000,18450.0,CE
2023-01-25 11:02:00,25.9,26.35,25.8,26.15,15550,372550,18450.0,CE
2023-01-25 11:03:00,26.25,26.25,25.7,25.95,7750,372550,18450.0,CE
2023-01-25 11:04:00,25.7,25.95,25.55,25.75,5000,372550,18450.0,CE
2023-01-25 11:05:00,25.7,26.25,25.5,26.15,7500,369650,18450.0,CE
2023-01-25 11:06:00,25.8,25.9,25.55,25.65,4650,369650,18450.0,CE
2023-01-25 11:07:00,25.65,25.8,25.4,25.65,3500,369650,18450.0,CE
2023-01-25 11:08:00,25.8,25.85,25.55,25.75,2350,371850,18450.0,CE
2023-01-25 11:09:00,25.65,26.1,25.65,25.9,3100,371850,18450.0,CE
2023-01-25 11:10:00,25.85,25.95,25.75,25.75,1800,371850,18450.0,CE
2023-01-25 11:11:00,25.7,25.85,25.35,25.65,6100,369850,18450.0,CE
2023-01-25 11:12:00,25.8,25.95,25.55,25.95,1850,369850,18450.0,CE
2023-01-25 11:13:00,25.95,25.95,25.45,25.9,1750,369850,18450.0,CE
2023-01-25 11:14:00,25.9,25.95,25.5,25.7,1500,370100,18450.0,CE
2023-01-25 11:15:00,25.8,25.9,25.4,25.55,3450,370100,18450.0,CE
2023-01-25 11:16:00,25.35,25.7,25.35,25.7,6400,370100,18450.0,CE
2023-01-25 11:17:00,25.45,26.0,25.45,26.0,5600,367650,18450.0,CE
2023-01-25 11:18:00,25.75,26.0,25.75,25.95,4650,367650,18450.0,CE
2023-01-25 11:19:00,25.95,25.95,25.6,25.85,2550,367650,18450.0,CE
2023-01-25 11:20:00,25.85,25.85,25.1,25.25,4650,369450,18450.0,CE
2023-01-25 11:21:00,25.0,25.0,23.55,24.1,11550,369450,18450.0,CE
2023-01-25 11:22:00,23.6,23.75,22.85,23.5,11050,369450,18450.0,CE
2023-01-25 11:23:00,23.5,24.1,23.35,23.35,9700,366750,18450.0,CE
2023-01-25 11:24:00,23.65,24.05,23.35,23.8,13350,366750,18450.0,CE
2023-01-25 11:25:00,23.8,24.0,23.45,23.7,4350,366750,18450.0,CE
2023-01-25 11:26:00,23.55,24.0,23.35,23.95,15300,366000,18450.0,CE
2023-01-25 11:27:00,23.9,24.45,23.4,23.95,12450,366000,18450.0,CE
2023-01-25 11:28:00,23.9,23.9,23.2,23.2,14700,366000,18450.0,CE
2023-01-25 11:29:00,23.2,23.95,23.2,23.85,6500,366100,18450.0,CE
2023-01-25 11:30:00,23.75,23.9,23.25,23.5,6700,366100,18450.0,CE
2023-01-25 11:31:00,23.8,23.8,23.1,23.1,10650,366100,18450.0,CE
2023-01-25 11:32:00,23.3,23.55,22.75,22.9,9000,360600,18450.0,CE
2023-01-25 11:33:00,23.1,23.1,22.3,22.5,21000,360600,18450.0,CE
2023-01-25 11:34:00,22.6,22.65,22.45,22.45,3850,360600,18450.0,CE
2023-01-25 11:35:00,22.55,22.65,22.2,22.6,10300,366900,18450.0,CE
2023-01-25 11:36:00,22.65,22.7,22.25,22.6,13350,366900,18450.0,CE
2023-01-25 11:37:00,22.75,23.0,22.4,23.0,8950,366900,18450.0,CE
2023-01-25 11:38:00,23.05,23.1,22.5,22.75,6100,365450,18450.0,CE
2023-01-25 11:39:00,22.55,23.15,22.55,23.0,6150,365450,18450.0,CE
2023-01-25 11:40:00,22.95,23.45,22.9,23.45,8300,365450,18450.0,CE
2023-01-25 11:41:00,23.45,23.55,22.9,22.9,7900,364600,18450.0,CE
2023-01-25 11:42:00,23.4,23.5,23.25,23.4,6850,364600,18450.0,CE
2023-01-25 11:43:00,23.45,23.45,22.6,23.2,6000,364600,18450.0,CE
2023-01-25 11:44:00,23.15,23.75,23.15,23.25,7100,364450,18450.0,CE
2023-01-25 11:45:00,23.35,23.45,22.7,22.9,6800,364450,18450.0,CE
2023-01-25 11:46:00,22.95,23.3,22.5,22.5,7300,364450,18450.0,CE
2023-01-25 11:47:00,22.6,22.6,21.65,21.95,6550,363800,18450.0,CE
2023-01-25 11:48:00,22.35,23.0,22.35,22.75,13150,363800,18450.0,CE
2023-01-25 11:49:00,22.65,22.8,22.2,22.25,2750,363800,18450.0,CE
2023-01-25 11:50:00,22.45,22.45,21.9,22.0,14750,361950,18450.0,CE
2023-01-25 11:51:00,21.95,22.1,21.75,22.1,1400,361950,18450.0,CE
2023-01-25 11:52:00,22.3,22.45,22.15,22.45,4350,361950,18450.0,CE
2023-01-25 11:53:00,22.45,22.7,22.2,22.7,3150,361950,18450.0,CE
2023-01-25 11:54:00,22.4,22.75,22.35,22.35,6600,362850,18450.0,CE
2023-01-25 11:55:00,22.55,22.55,21.8,21.95,4000,362850,18450.0,CE
2023-01-25 11:56:00,22.2,22.25,21.55,21.8,10000,373000,18450.0,CE
2023-01-25 11:57:00,21.9,22.0,21.3,21.7,14000,373000,18450.0,CE
2023-01-25 11:58:00,21.55,21.75,21.25,21.35,5400,373000,18450.0,CE
2023-01-25 11:59:00,21.3,21.45,20.9,21.25,4200,363800,18450.0,CE
2023-01-25 12:00:00,21.3,21.4,20.6,20.7,8800,363800,18450.0,CE
2023-01-25 12:01:00,20.9,21.5,20.9,21.4,6600,363800,18450.0,CE
2023-01-25 12:02:00,21.3,21.55,21.1,21.45,5300,363800,18450.0,CE
2023-01-25 12:03:00,21.3,21.5,21.15,21.45,3150,360150,18450.0,CE
2023-01-25 12:04:00,21.25,21.25,20.8,20.8,5000,360150,18450.0,CE
2023-01-25 12:05:00,20.9,21.3,20.8,20.95,6200,358450,18450.0,CE
2023-01-25 12:06:00,21.1,21.15,20.8,20.8,2600,358450,18450.0,CE
2023-01-25 12:07:00,20.95,21.2,20.9,21.2,5700,358450,18450.0,CE
2023-01-25 12:08:00,21.2,21.2,20.9,21.1,3100,358450,18450.0,CE
2023-01-25 12:09:00,21.0,21.0,20.6,20.7,5450,359300,18450.0,CE
2023-01-25 12:10:00,20.7,20.8,20.15,20.65,17150,359300,18450.0,CE
2023-01-25 12:11:00,20.4,20.4,19.95,20.25,10250,359300,18450.0,CE
2023-01-25 12:12:00,20.05,20.1,19.9,19.9,1350,347400,18450.0,CE
2023-01-25 12:13:00,19.65,20.0,19.65,19.85,8650,347400,18450.0,CE
2023-01-25 12:14:00,20.1,20.25,19.95,20.1,2400,347400,18450.0,CE
2023-01-25 12:15:00,20.25,20.3,19.7,20.25,4950,345000,18450.0,CE
2023-01-25 12:16:00,20.25,20.35,20.0,20.25,3000,345000,18450.0,CE
2023-01-25 12:17:00,20.2,20.35,19.95,20.15,3000,345000,18450.0,CE
2023-01-25 12:18:00,20.05,20.25,19.95,20.15,1800,343600,18450.0,CE
2023-01-25 12:19:00,20.1,20.1,19.7,19.85,2650,343600,18450.0,CE
2023-01-25 12:20:00,20.0,20.25,19.8,19.95,4500,343600,18450.0,CE
2023-01-25 12:21:00,19.8,19.9,19.6,19.85,6350,341050,18450.0,CE
2023-01-25 12:22:00,19.85,20.1,19.6,19.65,8100,341050,18450.0,CE
2023-01-25 12:23:00,19.55,19.8,19.3,19.4,5500,341050,18450.0,CE
2023-01-25 12:24:00,19.45,19.45,18.85,19.1,13400,341600,18450.0,CE
2023-01-25 12:25:00,19.2,19.6,19.15,19.45,3150,341600,18450.0,CE
2023-01-25 12:26:00,19.45,19.6,19.25,19.5,5000,341600,18450.0,CE
2023-01-25 12:27:00,19.45,19.65,19.05,19.65,4400,333750,18450.0,CE
2023-01-25 12:28:00,19.55,20.0,19.45,19.95,5950,333750,18450.0,CE
2023-01-25 12:29:00,20.1,20.1,19.45,19.45,3550,333750,18450.0,CE
2023-01-25 12:30:00,19.45,19.7,19.2,19.65,6200,330750,18450.0,CE
2023-01-25 12:31:00,19.3,19.45,19.2,19.35,5250,330750,18450.0,CE
2023-01-25 12:32:00,19.55,19.8,19.35,19.7,2300,330750,18450.0,CE
2023-01-25 12:33:00,19.4,19.85,19.4,19.8,9050,332100,18450.0,CE
2023-01-25 12:34:00,19.85,20.05,19.75,20.05,4350,332100,18450.0,CE
2023-01-25 12:35:00,19.8,20.1,19.65,19.75,1200,332100,18450.0,CE
2023-01-25 12:36:00,19.7,19.7,19.3,19.7,3500,334550,18450.0,CE
2023-01-25 12:37:00,19.55,19.7,19.55,19.6,3200,334550,18450.0,CE
2023-01-25 12:38:00,19.65,19.7,19.5,19.7,1450,334550,18450.0,CE
2023-01-25 12:39:00,19.5,19.55,19.2,19.3,700,332250,18450.0,CE
2023-01-25 12:40:00,18.9,19.05,18.55,18.55,11200,332250,18450.0,CE
2023-01-25 12:41:00,18.8,19.25,18.55,18.6,11150,332250,18450.0,CE
2023-01-25 12:42:00,18.75,19.15,18.75,18.85,8050,328350,18450.0,CE
2023-01-25 12:43:00,18.7,18.9,18.45,18.8,7950,328350,18450.0,CE
2023-01-25 12:44:00,18.8,18.95,18.75,18.85,1700,328350,18450.0,CE
2023-01-25 12:45:00,18.95,19.65,18.8,19.4,4500,321000,18450.0,CE
2023-01-25 12:46:00,19.55,20.25,19.3,19.45,18400,321000,18450.0,CE
2023-01-25 12:47:00,20.1,20.1,19.45,19.7,1450,321000,18450.0,CE
2023-01-25 12:48:00,19.6,20.4,19.6,20.05,5100,322950,18450.0,CE
2023-01-25 12:49:00,19.95,20.45,19.9,20.1,4300,322950,18450.0,CE
2023-01-25 12:50:00,19.95,20.25,19.75,20.25,4500,322950,18450.0,CE
2023-01-25 12:51:00,20.0,20.25,19.95,19.95,3050,322350,18450.0,CE
2023-01-25 12:52:00,20.0,20.5,19.75,20.4,5750,322350,18450.0,CE
2023-01-25 12:53:00,20.3,20.55,20.0,20.25,5300,322350,18450.0,CE
2023-01-25 12:54:00,20.15,20.2,20.0,20.1,4300,326550,18450.0,CE
2023-01-25 12:55:00,19.9,20.0,19.7,20.0,5350,326550,18450.0,CE
2023-01-25 12:56:00,20.05,20.5,19.95,20.5,4800,326550,18450.0,CE
2023-01-25 12:57:00,20.4,20.4,19.7,19.8,5450,331500,18450.0,CE
2023-01-25 12:58:00,19.8,19.8,19.2,19.2,2000,331500,18450.0,CE
2023-01-25 12:59:00,19.35,19.6,18.65,19.45,10600,331500,18450.0,CE
2023-01-25 13:00:00,19.35,19.9,19.15,19.15,2850,335850,18450.0,CE
2023-01-25 13:01:00,18.9,19.2,18.9,19.2,3100,335850,18450.0,CE
2023-01-25 13:02:00,19.2,19.25,18.9,19.0,1400,335850,18450.0,CE
2023-01-25 13:03:00,18.85,18.95,18.6,18.75,2950,335750,18450.0,CE
2023-01-25 13:04:00,18.55,18.6,18.45,18.6,1100,335750,18450.0,CE
2023-01-25 13:05:00,18.45,18.55,18.45,18.55,600,335750,18450.0,CE
2023-01-25 13:06:00,18.55,18.7,18.55,18.55,450,336000,18450.0,CE
2023-01-25 13:07:00,18.55,18.8,18.55,18.7,2250,336000,18450.0,CE
2023-01-25 13:08:00,18.6,18.65,17.75,18.05,20750,336000,18450.0,CE
2023-01-25 13:09:00,18.1,18.65,18.1,18.2,9250,336800,18450.0,CE
2023-01-25 13:10:00,18.2,18.75,18.05,18.75,8350,336800,18450.0,CE
2023-01-25 13:11:00,18.75,19.0,18.6,18.65,8700,336800,18450.0,CE
2023-01-25 13:12:00,18.75,19.0,18.35,18.85,4700,338250,18450.0,CE
2023-01-25 13:13:00,18.8,18.85,18.65,18.65,1900,338250,18450.0,CE
2023-01-25 13:14:00,18.5,18.6,18.5,18.6,1750,338250,18450.0,CE
2023-01-25 13:15:00,18.55,18.7,18.4,18.45,3200,339600,18450.0,CE
2023-01-25 13:16:00,18.6,18.6,17.65,17.65,7150,339600,18450.0,CE
2023-01-25 13:17:00,17.65,19.0,17.65,18.65,14350,339600,18450.0,CE
2023-01-25 13:18:00,18.95,18.95,18.45,18.55,450,344250,18450.0,CE
2023-01-25 13:19:00,17.95,18.5,17.95,18.25,1700,344250,18450.0,CE
2023-01-25 13:20:00,18.35,18.65,18.15,18.55,14900,344250,18450.0,CE
2023-01-25 13:21:00,18.6,18.65,18.2,18.35,19500,351550,18450.0,CE
2023-01-25 13:22:00,18.35,18.85,18.15,18.85,23850,351550,18450.0,CE
2023-01-25 13:23:00,18.65,19.1,18.45,18.5,41800,351550,18450.0,CE
2023-01-25 13:24:00,18.55,18.75,18.35,18.75,42300,385650,18450.0,CE
2023-01-25 13:25:00,18.7,18.95,18.65,18.65,16650,385650,18450.0,CE
2023-01-25 13:26:00,18.65,18.75,18.55,18.7,11750,385650,18450.0,CE
2023-01-25 13:27:00,18.7,18.75,18.5,18.55,11550,418550,18450.0,CE
2023-01-25 13:28:00,18.45,18.55,18.25,18.45,10700,418550,18450.0,CE
2023-01-25 13:29:00,18.45,18.45,18.0,18.15,2400,418550,18450.0,CE
2023-01-25 13:30:00,18.2,18.4,18.05,18.1,4450,418500,18450.0,CE
2023-01-25 13:31:00,17.9,19.75,17.55,19.7,26750,418500,18450.0,CE
2023-01-25 13:32:00,19.45,19.65,18.45,18.7,14850,418500,18450.0,CE
2023-01-25 13:33:00,18.7,18.85,18.2,18.7,8000,416250,18450.0,CE
2023-01-25 13:34:00,18.8,19.15,18.7,19.0,3850,416250,18450.0,CE
2023-01-25 13:35:00,18.95,18.95,18.0,18.15,4850,416250,18450.0,CE
2023-01-25 13:36:00,18.05,18.3,17.85,18.15,3900,419450,18450.0,CE
2023-01-25 13:37:00,18.05,18.15,17.65,17.7,4350,419450,18450.0,CE
2023-01-25 13:38:00,17.75,17.9,17.45,17.9,5950,419450,18450.0,CE
2023-01-25 13:39:00,17.9,18.35,17.75,18.3,12050,423650,18450.0,CE
2023-01-25 13:40:00,18.1,18.35,18.0,18.25,4550,423650,18450.0,CE
2023-01-25 13:41:00,18.45,18.45,18.0,18.0,2100,423650,18450.0,CE
2023-01-25 13:42:00,18.05,18.3,18.05,18.1,3500,420200,18450.0,CE
2023-01-25 13:43:00,18.1,18.1,18.0,18.0,1100,420200,18450.0,CE
2023-01-25 13:44:00,18.15,18.15,17.9,18.0,700,420200,18450.0,CE
2023-01-25 13:45:00,18.1,18.85,17.8,18.5,8200,421300,18450.0,CE
2023-01-25 13:46:00,18.55,18.8,17.9,18.15,10450,421300,18450.0,CE
2023-01-25 13:47:00,17.95,18.2,17.75,17.9,10500,421300,18450.0,CE
2023-01-25 13:48:00,17.9,18.2,17.75,18.0,3800,420350,18450.0,CE
2023-01-25 13:49:00,18.05,18.05,17.7,17.7,2650,420350,18450.0,CE
2023-01-25 13:50:00,17.8,17.95,17.4,17.4,4500,420350,18450.0,CE
2023-01-25 13:51:00,17.4,17.85,17.35,17.85,8150,418500,18450.0,CE
2023-01-25 13:52:00,17.75,18.15,17.65,17.9,3150,418500,18450.0,CE
2023-01-25 13:53:00,17.8,18.0,17.8,17.8,4000,418500,18450.0,CE
2023-01-25 13:54:00,17.85,18.0,17.8,18.0,4150,417000,18450.0,CE
2023-01-25 13:55:00,18.1,18.1,17.7,17.75,2300,417000,18450.0,CE
2023-01-25 13:56:00,17.75,17.85,17.7,17.7,4250,417000,18450.0,CE
2023-01-25 13:57:00,17.7,17.8,17.5,17.8,1150,418050,18450.0,CE
2023-01-25 13:58:00,17.6,18.2,17.5,18.2,4000,418050,18450.0,CE
2023-01-25 13:59:00,18.1,18.15,17.7,17.95,17550,418050,18450.0,CE
2023-01-25 14:00:00,18.0,18.35,17.8,18.25,14200,426550,18450.0,CE
2023-01-25 14:01:00,18.05,18.4,17.85,18.15,11600,426550,18450.0,CE
2023-01-25 14:02:00,18.05,18.15,17.85,18.05,2150,426550,18450.0,CE
2023-01-25 14:03:00,18.05,18.25,18.05,18.1,18200,427350,18450.0,CE
2023-01-25 14:04:00,18.1,18.65,18.1,18.5,35050,427350,18450.0,CE
2023-01-25 14:05:00,18.35,18.7,18.35,18.6,24600,427350,18450.0,CE
2023-01-25 14:06:00,18.65,18.9,18.45,18.45,34750,458650,18450.0,CE
2023-01-25 14:07:00,18.4,18.4,17.85,18.25,15700,458650,18450.0,CE
2023-01-25 14:08:00,18.15,18.75,18.15,18.65,6700,458650,18450.0,CE
2023-01-25 14:09:00,18.7,19.2,18.3,19.05,8000,483950,18450.0,CE
2023-01-25 14:10:00,19.05,19.05,18.25,18.5,22000,483950,18450.0,CE
2023-01-25 14:11:00,18.5,19.1,18.4,18.65,16700,483950,18450.0,CE
2023-01-25 14:12:00,18.75,19.0,18.55,18.9,46300,501000,18450.0,CE
2023-01-25 14:13:00,19.0,19.2,18.9,19.1,24200,501000,18450.0,CE
2023-01-25 14:14:00,19.05,19.05,18.85,18.85,14950,501000,18450.0,CE
2023-01-25 14:15:00,19.05,19.05,18.3,18.5,21500,508250,18450.0,CE
2023-01-25 14:16:00,18.65,18.95,18.45,18.55,20750,508250,18450.0,CE
2023-01-25 14:17:00,18.55,18.85,18.35,18.4,26900,508250,18450.0,CE
2023-01-25 14:18:00,18.45,18.9,18.45,18.9,8750,536600,18450.0,CE
2023-01-25 14:19:00,18.85,19.05,18.5,18.5,5250,536600,18450.0,CE
2023-01-25 14:20:00,18.5,18.5,17.8,18.0,5650,536600,18450.0,CE
2023-01-25 14:21:00,18.05,18.3,17.9,18.2,1200,539050,18450.0,CE
2023-01-25 14:22:00,17.85,18.0,17.6,17.9,10550,539050,18450.0,CE
2023-01-25 14:23:00,17.9,18.15,17.7,18.05,26400,539050,18450.0,CE
2023-01-25 14:24:00,18.0,18.4,17.9,18.15,13350,559200,18450.0,CE
2023-01-25 14:25:00,18.35,18.65,18.1,18.6,5200,559200,18450.0,CE
2023-01-25 14:26:00,18.45,18.45,17.8,18.05,4900,559200,18450.0,CE
2023-01-25 14:27:00,18.2,18.35,17.75,17.75,6850,550150,18450.0,CE
2023-01-25 14:28:00,17.9,18.05,17.85,18.05,3100,550150,18450.0,CE
2023-01-25 14:29:00,18.05,18.1,17.65,17.65,2750,550150,18450.0,CE
2023-01-25 14:30:00,17.75,18.0,17.15,17.4,7400,549100,18450.0,CE
2023-01-25 14:31:00,17.15,17.55,17.0,17.55,13250,549100,18450.0,CE
2023-01-25 14:32:00,17.65,17.65,17.05,17.05,11400,549100,18450.0,CE
2023-01-25 14:33:00,16.9,17.4,16.5,17.15,22650,539800,18450.0,CE
2023-01-25 14:34:00,17.0,17.2,16.95,17.0,9450,539800,18450.0,CE
2023-01-25 14:35:00,17.0,17.2,16.75,17.2,15200,539800,18450.0,CE
2023-01-25 14:36:00,17.15,17.5,16.65,16.8,16650,543550,18450.0,CE
2023-01-25 14:37:00,16.65,17.25,16.65,17.05,10500,543550,18450.0,CE
2023-01-25 14:38:00,17.15,17.3,16.75,16.85,14050,543550,18450.0,CE
2023-01-25 14:39:00,16.8,17.25,16.8,16.9,6500,547100,18450.0,CE
2023-01-25 14:40:00,17.05,17.05,16.55,16.55,20850,547100,18450.0,CE
2023-01-25 14:41:00,16.65,17.25,16.65,17.2,9800,547100,18450.0,CE
2023-01-25 14:42:00,17.25,17.4,16.9,16.9,18950,538700,18450.0,CE
2023-01-25 14:43:00,16.9,17.0,16.3,17.0,19500,538700,18450.0,CE
2023-01-25 14:44:00,17.0,17.25,17.0,17.1,22050,538700,18450.0,CE
2023-01-25 14:45:00,17.05,17.25,16.45,16.55,35100,546300,18450.0,CE
2023-01-25 14:46:00,16.55,16.75,16.1,16.25,81750,546300,18450.0,CE
2023-01-25 14:47:00,16.3,16.65,16.25,16.5,61350,546300,18450.0,CE
2023-01-25 14:48:00,16.55,16.85,16.5,16.6,14500,619100,18450.0,CE
2023-01-25 14:49:00,16.6,16.9,16.45,16.8,7800,619100,18450.0,CE
2023-01-25 14:50:00,16.75,17.15,16.7,17.05,27200,619100,18450.0,CE
2023-01-25 14:51:00,17.0,18.15,17.0,18.0,32050,642950,18450.0,CE
2023-01-25 14:52:00,17.8,17.9,17.55,17.55,15750,642950,18450.0,CE
2023-01-25 14:53:00,17.75,18.0,17.4,17.75,34050,642950,18450.0,CE
2023-01-25 14:54:00,17.75,18.2,17.65,18.15,24200,654500,18450.0,CE
2023-01-25 14:55:00,18.25,18.25,17.9,17.95,32700,654500,18450.0,CE
2023-01-25 14:56:00,17.85,18.15,17.85,18.1,19400,654500,18450.0,CE
2023-01-25 14:57:00,18.1,18.1,17.65,18.05,32900,700300,18450.0,CE
2023-01-25 14:58:00,18.0,18.3,17.75,17.85,19850,700300,18450.0,CE
2023-01-25 14:59:00,17.9,18.4,17.9,18.1,14450,700300,18450.0,CE
2023-01-25 15:00:00,18.25,18.65,16.45,16.8,56950,700300,18450.0,CE
2023-01-25 15:01:00,16.6,16.85,16.4,16.5,95200,760250,18450.0,CE
2023-01-25 15:02:00,16.45,16.8,16.3,16.3,107900,760250,18450.0,CE
2023-01-25 15:03:00,16.35,16.4,16.05,16.1,95200,760250,18450.0,CE
2023-01-25 15:04:00,16.15,16.35,16.0,16.3,91100,760250,18450.0,CE
2023-01-25 15:05:00,16.3,16.65,16.25,16.65,55400,760250,18450.0,CE
2023-01-25 15:06:00,16.65,16.7,16.1,16.2,36050,956650,18450.0,CE
2023-01-25 15:07:00,16.1,16.25,15.6,15.65,12800,956650,18450.0,CE
2023-01-25 15:08:00,15.7,15.8,15.35,15.45,27350,956650,18450.0,CE
2023-01-25 15:09:00,15.5,15.55,15.2,15.4,34700,975700,18450.0,CE
2023-01-25 15:10:00,15.5,15.85,15.35,15.75,22000,975700,18450.0,CE
2023-01-25 15:11:00,15.7,15.8,15.0,15.15,59800,975700,18450.0,CE
2023-01-25 15:12:00,15.15,15.15,14.55,14.55,17400,995400,18450.0,CE
2023-01-25 15:13:00,14.6,15.05,14.6,14.95,31550,995400,18450.0,CE
2023-01-25 15:14:00,15.0,15.0,14.75,14.9,29900,995400,18450.0,CE
2023-01-25 15:15:00,14.75,14.95,14.65,14.85,35400,1016050,18450.0,CE
2023-01-25 15:16:00,14.85,14.95,14.75,14.75,21250,1016050,18450.0,CE
2023-01-25 15:17:00,14.8,14.8,14.5,14.7,45600,1016050,18450.0,CE
2023-01-25 15:18:00,14.75,14.95,14.7,14.8,22400,1052650,18450.0,CE
2023-01-25 15:19:00,14.85,15.05,14.7,15.05,22250,1052650,18450.0,CE
2023-01-25 15:20:00,15.05,15.05,14.4,14.75,28450,1052650,18450.0,CE
2023-01-25 15:21:00,14.7,15.6,14.7,15.55,37950,1073050,18450.0,CE
2023-01-25 15:22:00,15.55,15.7,14.9,15.0,18450,1073050,18450.0,CE
2023-01-25 15:23:00,14.95,15.25,14.9,15.1,20200,1073050,18450.0,CE
2023-01-25 15:24:00,15.1,15.2,14.95,15.0,33200,1078000,18450.0,CE
2023-01-25 15:25:00,15.1,15.1,14.15,14.2,21600,1078000,18450.0,CE
2023-01-25 15:26:00,14.1,14.35,14.1,14.15,18950,1078000,18450.0,CE
2023-01-25 15:27:00,14.15,14.15,13.6,13.7,24250,1073300,18450.0,CE
2023-01-25 15:28:00,13.75,14.1,13.75,13.95,27550,1073300,18450.0,CE
2023-01-25 15:29:00,13.8,14.95,12.0,12.0,46950,1073300,18450.0,CE
2023-01-27 09:15:00,15.0,17.95,7.25,17.05,195553,1081100,18450.0,CE
2023-01-27 09:16:00,17.0,18.9,16.7,18.2,323500,1081100,18450.0,CE
2023-01-27 09:17:00,17.95,18.3,16.65,18.3,320900,1249400,18450.0,CE
2023-01-27 09:18:00,18.05,18.5,16.95,18.1,289950,1249400,18450.0,CE
2023-01-27 09:19:00,18.4,19.7,18.1,19.45,413050,1249400,18450.0,CE
2023-01-27 09:20:00,19.1,19.1,17.55,18.7,101500,1314400,18450.0,CE
2023-01-27 09:21:00,18.7,20.15,18.0,18.7,156700,1314400,18450.0,CE
2023-01-27 09:22:00,18.8,19.0,17.55,18.15,112350,1314400,18450.0,CE
2023-01-27 09:23:00,18.1,18.4,17.2,17.4,64150,1358200,18450.0,CE
2023-01-27 09:24:00,17.35,18.2,17.05,17.5,64400,1358200,18450.0,CE
2023-01-27 09:25:00,17.35,17.35,16.2,16.65,96600,1358200,18450.0,CE
2023-01-27 09:26:00,16.55,17.15,16.2,16.3,121450,1372400,18450.0,CE
2023-01-27 09:27:00,16.3,17.6,15.95,17.6,151950,1372400,18450.0,CE
2023-01-27 09:28:00,17.6,17.9,17.15,17.85,166150,1372400,18450.0,CE
2023-01-27 09:29:00,17.85,18.0,16.75,16.75,121850,1500750,18450.0,CE
2023-01-27 09:30:00,16.75,17.4,16.1,17.25,124800,1500750,18450.0,CE
2023-01-27 09:31:00,17.3,18.55,16.6,17.3,177600,1500750,18450.0,CE
2023-01-27 09:32:00,17.45,18.8,17.45,18.6,81650,1497950,18450.0,CE
2023-01-27 09:33:00,18.75,18.8,17.55,17.55,64600,1497950,18450.0,CE
2023-01-27 09:34:00,17.55,18.45,17.3,18.4,76600,1497950,18450.0,CE
2023-01-27 09:35:00,18.05,18.45,17.7,18.15,186750,1537250,18450.0,CE
2023-01-27 09:36:00,18.15,18.4,17.3,17.8,62450,1537250,18450.0,CE
2023-01-27 09:37:00,17.95,18.25,17.35,18.25,85250,1537250,18450.0,CE
2023-01-27 09:38:00,18.15,18.25,16.85,16.9,174750,1558850,18450.0,CE
2023-01-27 09:39:00,16.8,17.6,16.65,16.9,53100,1558850,18450.0,CE
2023-01-27 09:40:00,16.85,16.85,15.15,15.7,91600,1558850,18450.0,CE
2023-01-27 09:41:00,15.65,16.25,15.3,15.7,86850,1553850,18450.0,CE
2023-01-27 09:42:00,15.75,16.2,15.6,15.7,32450,1553850,18450.0,CE
2023-01-27 09:43:00,15.7,16.4,15.4,16.35,155050,1553850,18450.0,CE
2023-01-27 09:44:00,16.2,16.75,16.1,16.6,41550,1571300,18450.0,CE
2023-01-27 09:45:00,16.5,17.05,16.4,16.85,41750,1571300,18450.0,CE
2023-01-27 09:46:00,16.85,16.85,16.0,16.55,29950,1571300,18450.0,CE
2023-01-27 09:47:00,16.6,16.7,16.05,16.45,39250,1590600,18450.0,CE
2023-01-27 09:48:00,16.2,16.35,16.0,16.15,36650,1590600,18450.0,CE
2023-01-27 09:49:00,16.1,16.35,15.7,15.8,62750,1590600,18450.0,CE
2023-01-27 09:50:00,15.85,16.1,15.3,15.3,39050,1599800,18450.0,CE
2023-01-27 09:51:00,15.35,15.45,14.9,14.9,28250,1599800,18450.0,CE
2023-01-27 09:52:00,14.95,15.0,14.2,14.45,35650,1599800,18450.0,CE
2023-01-27 09:53:00,14.55,14.65,13.9,14.25,22450,1602800,18450.0,CE
2023-01-27 09:54:00,14.25,14.4,13.9,14.4,28050,1602800,18450.0,CE
2023-01-27 09:55:00,14.4,14.45,13.8,14.05,24200,1602800,18450.0,CE
2023-01-27 09:56:00,14.1,14.1,13.35,13.5,37000,1599300,18450.0,CE
2023-01-27 09:57:00,13.5,13.8,13.4,13.55,107500,1599300,18450.0,CE
2023-01-27 09:58:00,13.55,13.55,13.1,13.25,44900,1599300,18450.0,CE
2023-01-27 09:59:00,13.3,13.55,13.2,13.35,22500,1554450,18450.0,CE
2023-01-27 10:00:00,13.4,13.65,13.2,13.35,32250,1554450,18450.0,CE
2023-01-27 10:01:00,13.3,13.3,12.4,12.4,32050,1554450,18450.0,CE
2023-01-27 10:02:00,12.45,12.6,12.0,12.1,212250,1529400,18450.0,CE
2023-01-27 10:03:00,12.05,12.65,11.9,12.55,48750,1529400,18450.0,CE
2023-01-27 10:04:00,12.55,12.75,12.5,12.75,28900,1529400,18450.0,CE
2023-01-27 10:05:00,12.65,12.75,12.5,12.6,33100,1583200,18450.0,CE
2023-01-27 10:06:00,12.55,12.55,12.25,12.45,26350,1583200,18450.0,CE
2023-01-27 10:07:00,12.45,12.6,12.2,12.6,22000,1583200,18450.0,CE
2023-01-27 10:08:00,12.6,12.75,12.3,12.3,26900,1575550,18450.0,CE
2023-01-27 10:09:00,12.25,12.4,11.55,11.7,91500,1575550,18450.0,CE
2023-01-27 10:10:00,11.55,11.8,11.35,11.5,50400,1575550,18450.0,CE
2023-01-27 10:11:00,11.4,11.5,11.15,11.3,38500,1602100,18450.0,CE
2023-01-27 10:12:00,11.3,11.85,11.3,11.6,89150,1602100,18450.0,CE
2023-01-27 10:13:00,11.65,11.75,11.35,11.45,36350,1602100,18450.0,CE
2023-01-27 10:14:00,11.5,11.8,11.25,11.8,36850,1576700,18450.0,CE
2023-01-27 10:15:00,11.7,11.8,11.55,11.65,36150,1576700,18450.0,CE
2023-01-27 10:16:00,11.6,11.7,11.45,11.7,21400,1576700,18450.0,CE
2023-01-27 10:17:00,11.7,11.7,11.15,11.15,33000,1562500,18450.0,CE
2023-01-27 10:18:00,11.15,11.45,11.15,11.35,31500,1562500,18450.0,CE
2023-01-27 10:19:00,11.35,11.35,11.1,11.2,27150,1562500,18450.0,CE
2023-01-27 10:20:00,11.2,11.25,10.8,11.0,51350,1570500,18450.0,CE
2023-01-27 10:21:00,10.95,11.3,10.95,11.25,63850,1570500,18450.0,CE
2023-01-27 10:22:00,11.25,11.3,11.15,11.3,36150,1570500,18450.0,CE
2023-01-27 10:23:00,11.25,12.1,11.25,11.6,149050,1532400,18450.0,CE
2023-01-27 10:24:00,11.6,12.4,11.4,12.25,98450,1532400,18450.0,CE
2023-01-27 10:25:00,12.35,13.15,12.25,12.25,179350,1532400,18450.0,CE
2023-01-27 10:26:00,12.35,12.35,11.45,11.85,86250,1545150,18450.0,CE
2023-01-27 10:27:00,11.85,12.1,11.7,11.8,38850,1545150,18450.0,CE
2023-01-27 10:28:00,11.8,11.85,11.35,11.35,25550,1545150,18450.0,CE
2023-01-27 10:29:00,11.45,11.85,11.45,11.85,22700,1531300,18450.0,CE
2023-01-27 10:30:00,11.85,11.95,11.45,11.65,58450,1531300,18450.0,CE
2023-01-27 10:31:00,11.7,12.1,11.7,11.8,23850,1531300,18450.0,CE
2023-01-27 10:32:00,11.75,12.15,11.65,12.0,28600,1551050,18450.0,CE
2023-01-27 10:33:00,12.1,12.8,12.0,12.7,54250,1551050,18450.0,CE
2023-01-27 10:34:00,12.75,13.05,12.1,12.15,41450,1551050,18450.0,CE
2023-01-27 10:35:00,12.2,12.85,12.2,12.75,34050,1563100,18450.0,CE
2023-01-27 10:36:00,12.75,13.2,12.45,12.9,45750,1563100,18450.0,CE
2023-01-27 10:37:00,12.85,13.05,12.55,12.85,22050,1563100,18450.0,CE
2023-01-27 10:38:00,12.9,13.45,12.5,13.3,80550,1574600,18450.0,CE
2023-01-27 10:39:00,13.3,13.9,13.1,13.6,88150,1574600,18450.0,CE
2023-01-27 10:40:00,13.6,13.8,12.9,12.9,207000,1574600,18450.0,CE
2023-01-27 10:41:00,12.95,13.75,11.7,12.0,165250,1559100,18450.0,CE
2023-01-27 10:42:00,12.0,12.1,11.45,11.9,65600,1559100,18450.0,CE
2023-01-27 10:43:00,11.95,12.15,11.65,11.75,33300,1559100,18450.0,CE
2023-01-27 10:44:00,11.85,11.9,11.45,11.5,74050,1558300,18450.0,CE
2023-01-27 10:45:00,11.65,12.45,11.6,12.05,106350,1558300,18450.0,CE
2023-01-27 10:46:00,12.0,12.2,11.85,11.85,71650,1558300,18450.0,CE
2023-01-27 10:47:00,11.75,11.75,11.3,11.4,43650,1590350,18450.0,CE
2023-01-27 10:48:00,11.35,11.75,11.1,11.35,131450,1590350,18450.0,CE
2023-01-27 10:49:00,11.35,11.45,11.2,11.3,84150,1590350,18450.0,CE
2023-01-27 10:50:00,11.2,11.55,11.1,11.25,78350,1631300,18450.0,CE
2023-01-27 10:51:00,11.15,11.25,11.0,11.2,43900,1631300,18450.0,CE
2023-01-27 10:52:00,11.2,11.5,11.1,11.4,25600,1631300,18450.0,CE
2023-01-27 10:53:00,11.45,11.7,11.4,11.45,95700,1641950,18450.0,CE
2023-01-27 10:54:00,11.45,11.6,11.25,11.25,10600,1641950,18450.0,CE
2023-01-27 10:55:00,11.2,11.45,11.15,11.2,21900,1641950,18450.0,CE
2023-01-27 10:56:00,11.25,11.55,11.2,11.55,26300,1638950,18450.0,CE
2023-01-27 10:57:00,11.5,11.5,11.15,11.2,25250,1638950,18450.0,CE
2023-01-27 10:58:00,11.25,11.25,11.05,11.25,22050,1638950,18450.0,CE
2023-01-27 10:59:00,11.2,11.3,11.1,11.3,12050,1632650,18450.0,CE
2023-01-27 11:00:00,11.2,11.2,10.8,11.2,14750,1632650,18450.0,CE
2023-01-27 11:01:00,11.15,11.3,10.9,10.9,18600,1632650,18450.0,CE
2023-01-27 11:02:00,10.9,10.9,10.65,10.75,14550,1634450,18450.0,CE
2023-01-27 11:03:00,10.7,10.75,10.4,10.55,27250,1634450,18450.0,CE
2023-01-27 11:04:00,10.45,10.9,10.45,10.65,9850,1634450,18450.0,CE
2023-01-27 11:05:00,10.6,10.9,10.55,10.85,9900,1628750,18450.0,CE
2023-01-27 11:06:00,10.8,10.9,10.75,10.75,13300,1628750,18450.0,CE
2023-01-27 11:07:00,10.7,10.85,10.55,10.7,19400,1628750,18450.0,CE
2023-01-27 11:08:00,10.65,11.0,10.6,10.9,17450,1633750,18450.0,CE
2023-01-27 11:09:00,10.95,10.95,10.55,10.6,12250,1633750,18450.0,CE
2023-01-27 11:10:00,10.5,10.9,10.45,10.65,35600,1633750,18450.0,CE
2023-01-27 11:11:00,10.65,10.9,10.55,10.85,20400,1632400,18450.0,CE
2023-01-27 11:12:00,10.85,10.9,10.65,10.65,18350,1632400,18450.0,CE
2023-01-27 11:13:00,10.65,10.8,10.55,10.65,7150,1632400,18450.0,CE
2023-01-27 11:14:00,10.6,10.65,10.25,10.25,18550,1625600,18450.0,CE
2023-01-27 11:15:00,10.35,10.6,10.25,10.55,35650,1625600,18450.0,CE
2023-01-27 11:16:00,10.5,10.7,10.45,10.5,18250,1625600,18450.0,CE
2023-01-27 11:17:00,10.5,10.8,10.5,10.8,12250,1609850,18450.0,CE
2023-01-27 11:18:00,10.85,10.9,10.55,10.6,35050,1609850,18450.0,CE
2023-01-27 11:19:00,10.65,10.7,10.5,10.5,21450,1609850,18450.0,CE
2023-01-27 11:20:00,10.5,10.55,10.4,10.5,20200,1607750,18450.0,CE
2023-01-27 11:21:00,10.5,10.5,10.35,10.4,25150,1607750,18450.0,CE
2023-01-27 11:22:00,10.45,10.6,10.45,10.5,11950,1607750,18450.0,CE
2023-01-27 11:23:00,10.55,10.55,10.35,10.35,26300,1603900,18450.0,CE
2023-01-27 11:24:00,10.4,10.5,10.35,10.4,11000,1603900,18450.0,CE
2023-01-27 11:25:00,10.35,10.5,10.2,10.2,5350,1603900,18450.0,CE
2023-01-27 11:26:00,10.25,10.25,9.85,10.0,37800,1598850,18450.0,CE
2023-01-27 11:27:00,9.95,10.0,9.75,9.8,10250,1598850,18450.0,CE
2023-01-27 11:28:00,9.8,10.0,9.75,10.0,52350,1598850,18450.0,CE
2023-01-27 11:29:00,9.95,10.0,9.25,9.25,23450,1583950,18450.0,CE
2023-01-27 11:30:00,9.3,9.55,9.15,9.45,42200,1583950,18450.0,CE
2023-01-27 11:31:00,9.45,9.7,9.45,9.7,28400,1583950,18450.0,CE
2023-01-27 11:32:00,9.65,9.8,9.6,9.7,18000,1568750,18450.0,CE
2023-01-27 11:33:00,9.7,9.9,9.7,9.8,15000,1568750,18450.0,CE
2023-01-27 11:34:00,9.8,9.85,9.75,9.85,11300,1568750,18450.0,CE
2023-01-27 11:35:00,9.8,10.0,9.75,9.9,27000,1566800,18450.0,CE
2023-01-27 11:36:00,10.0,10.0,9.55,9.75,7650,1566800,18450.0,CE
2023-01-27 11:37:00,9.75,9.85,9.7,9.85,11700,1566800,18450.0,CE
2023-01-27 11:38:00,9.85,9.95,9.8,9.9,22800,1571300,18450.0,CE
2023-01-27 11:39:00,9.85,9.9,9.7,9.75,13350,1571300,18450.0,CE
2023-01-27 11:40:00,9.75,9.8,9.6,9.75,14500,1571300,18450.0,CE
2023-01-27 11:41:00,9.75,9.8,9.55,9.55,9150,1571500,18450.0,CE
2023-01-27 11:42:00,9.6,9.65,9.4,9.6,18700,1571500,18450.0,CE
2023-01-27 11:43:00,9.65,9.95,9.65,9.95,23150,1571500,18450.0,CE
2023-01-27 11:44:00,9.85,10.15,9.8,9.9,23100,1566900,18450.0,CE
2023-01-27 11:45:00,10.0,10.0,9.8,9.95,19800,1566900,18450.0,CE
2023-01-27 11:46:00,9.95,10.05,9.9,10.0,13600,1566900,18450.0,CE
2023-01-27 11:47:00,10.0,10.05,9.9,10.0,24200,1573300,18450.0,CE
2023-01-27 11:48:00,10.05,10.2,9.95,10.15,26700,1573300,18450.0,CE
2023-01-27 11:49:00,10.15,10.2,9.9,9.95,24350,1573300,18450.0,CE
2023-01-27 11:50:00,10.0,10.1,9.85,10.0,20250,1580450,18450.0,CE
2023-01-27 11:51:00,10.0,10.3,10.0,10.15,19050,1580450,18450.0,CE
2023-01-27 11:52:00,10.25,10.25,10.0,10.05,10000,1580450,18450.0,CE
2023-01-27 11:53:00,10.05,10.1,9.8,9.9,9350,1576950,18450.0,CE
2023-01-27 11:54:00,9.95,9.95,9.8,9.8,17000,1576950,18450.0,CE
2023-01-27 11:55:00,9.8,9.85,9.7,9.7,16150,1576950,18450.0,CE
2023-01-27 11:56:00,9.7,9.75,9.5,9.65,31900,1581450,18450.0,CE
2023-01-27 11:57:00,9.6,9.65,9.5,9.55,15650,1581450,18450.0,CE
2023-01-27 11:58:00,9.55,9.65,9.5,9.65,21100,1581450,18450.0,CE
2023-01-27 11:59:00,9.6,10.05,9.55,10.0,44600,1588350,18450.0,CE
2023-01-27 12:00:00,10.0,10.0,9.75,9.8,33450,1588350,18450.0,CE
2023-01-27 12:01:00,9.75,9.75,9.55,9.65,41150,1588350,18450.0,CE
2023-01-27 12:02:00,9.7,9.9,9.65,9.9,27700,1583700,18450.0,CE
2023-01-27 12:03:00,9.85,9.95,9.8,9.95,29500,1583700,18450.0,CE
2023-01-27 12:04:00,9.9,10.0,9.8,9.9,21300,1583700,18450.0,CE
2023-01-27 12:05:00,9.9,9.9,9.65,9.7,16150,1585100,18450.0,CE
2023-01-27 12:06:00,9.65,9.8,9.5,9.7,12100,1585100,18450.0,CE
2023-01-27 12:07:00,9.65,9.65,9.3,9.35,23550,1585100,18450.0,CE
2023-01-27 12:08:00,9.3,9.3,9.1,9.2,34100,1575100,18450.0,CE
2023-01-27 12:09:00,9.1,9.45,9.1,9.45,27000,1575100,18450.0,CE
2023-01-27 12:10:00,9.45,9.5,9.35,9.45,11450,1575100,18450.0,CE
2023-01-27 12:11:00,9.4,9.45,9.3,9.35,10800,1570750,18450.0,CE
2023-01-27 12:12:00,9.3,9.35,9.2,9.3,21050,1570750,18450.0,CE
2023-01-27 12:13:00,9.35,9.35,9.05,9.05,36000,1570750,18450.0,CE
2023-01-27 12:14:00,9.05,9.3,9.0,9.2,40950,1602450,18450.0,CE
2023-01-27 12:15:00,9.25,9.3,9.1,9.2,29500,1602450,18450.0,CE
2023-01-27 12:16:00,9.2,9.25,9.05,9.1,18700,1602450,18450.0,CE
2023-01-27 12:17:00,9.05,9.2,9.0,9.1,78750,1637300,18450.0,CE
2023-01-27 12:18:00,9.1,9.4,9.05,9.4,84200,1637300,18450.0,CE
2023-01-27 12:19:00,9.35,9.4,9.15,9.15,39300,1637300,18450.0,CE
2023-01-27 12:20:00,9.25,9.3,9.1,9.2,45050,1676500,18450.0,CE
2023-01-27 12:21:00,9.2,9.4,9.15,9.3,54750,1676500,18450.0,CE
2023-01-27 12:22:00,9.3,9.3,9.15,9.3,40450,1676500,18450.0,CE
2023-01-27 12:23:00,9.3,9.3,9.2,9.2,25700,1676250,18450.0,CE
2023-01-27 12:24:00,9.25,9.25,9.1,9.15,9600,1676250,18450.0,CE
2023-01-27 12:25:00,9.1,9.3,9.05,9.25,42600,1676250,18450.0,CE
2023-01-27 12:26:00,9.25,9.35,9.15,9.15,32550,1706200,18450.0,CE
2023-01-27 12:27:00,9.15,9.25,9.05,9.1,18600,1706200,18450.0,CE
2023-01-27 12:28:00,9.15,9.25,9.05,9.1,16500,1706200,18450.0,CE
2023-01-27 12:29:00,9.15,9.25,9.1,9.15,42350,1715950,18450.0,CE
2023-01-27 12:30:00,9.15,9.3,9.05,9.2,36800,1715950,18450.0,CE
2023-01-27 12:31:00,9.2,9.45,9.2,9.4,31050,1715950,18450.0,CE
2023-01-27 12:32:00,9.4,9.4,9.15,9.15,33800,1732650,18450.0,CE
2023-01-27 12:33:00,9.15,9.25,9.0,9.2,30400,1732650,18450.0,CE
2023-01-27 12:34:00,9.2,9.3,9.1,9.25,59500,1732650,18450.0,CE
2023-01-27 12:35:00,9.15,9.35,9.05,9.25,66800,1768600,18450.0,CE
2023-01-27 12:36:00,9.25,9.3,8.75,8.8,83700,1768600,18450.0,CE
2023-01-27 12:37:00,8.8,8.8,8.35,8.5,59600,1768600,18450.0,CE
2023-01-27 12:38:00,8.5,8.8,8.35,8.45,56600,1746600,18450.0,CE
2023-01-27 12:39:00,8.4,8.5,8.35,8.5,21350,1746600,18450.0,CE
2023-01-27 12:40:00,8.45,8.55,8.35,8.55,39500,1746600,18450.0,CE
2023-01-27 12:41:00,8.55,8.65,8.45,8.65,27800,1717200,18450.0,CE
2023-01-27 12:42:00,8.6,8.7,8.6,8.6,27850,1717200,18450.0,CE
2023-01-27 12:43:00,8.65,8.75,8.55,8.55,30150,1717200,18450.0,CE
2023-01-27 12:44:00,8.55,8.75,8.4,8.45,33150,1704950,18450.0,CE
2023-01-27 12:45:00,8.45,8.55,8.0,8.05,56900,1704950,18450.0,CE
2023-01-27 12:46:00,8.05,8.15,7.95,7.95,44500,1704950,18450.0,CE
2023-01-27 12:47:00,7.95,8.15,7.95,8.05,46550,1675950,18450.0,CE
2023-01-27 12:48:00,8.1,8.1,7.95,8.05,14350,1675950,18450.0,CE
2023-01-27 12:49:00,8.05,8.15,7.9,7.9,17900,1675950,18450.0,CE
2023-01-27 12:50:00,7.85,8.2,7.85,8.15,24650,1683600,18450.0,CE
2023-01-27 12:51:00,8.1,8.25,8.0,8.1,23800,1683600,18450.0,CE
2023-01-27 12:52:00,8.05,8.15,8.0,8.15,11600,1683600,18450.0,CE
2023-01-27 12:53:00,8.15,8.2,8.05,8.05,30850,1677100,18450.0,CE
2023-01-27 12:54:00,8.1,8.2,8.0,8.05,23150,1677100,18450.0,CE
2023-01-27 12:55:00,8.1,8.1,7.95,8.1,44150,1677100,18450.0,CE
2023-01-27 12:56:00,8.1,8.1,8.0,8.05,14900,1668050,18450.0,CE
2023-01-27 12:57:00,8.05,8.15,8.0,8.1,19200,1668050,18450.0,CE
2023-01-27 12:58:00,8.05,8.1,7.95,8.05,37400,1668050,18450.0,CE
2023-01-27 12:59:00,8.0,8.05,7.9,8.0,60750,1684400,18450.0,CE
2023-01-27 13:00:00,8.0,8.25,7.95,8.25,32450,1684400,18450.0,CE
2023-01-27 13:01:00,8.3,8.4,8.2,8.35,36900,1684400,18450.0,CE
2023-01-27 13:02:00,8.3,8.45,8.3,8.4,26850,1693950,18450.0,CE
2023-01-27 13:03:00,8.35,8.45,8.35,8.35,27150,1693950,18450.0,CE
2023-01-27 13:04:00,8.2,8.4,8.2,8.35,29200,1693950,18450.0,CE
2023-01-27 13:05:00,8.35,8.5,8.35,8.45,50400,1710400,18450.0,CE
2023-01-27 13:06:00,8.5,8.6,8.45,8.6,50400,1710400,18450.0,CE
2023-01-27 13:07:00,8.7,8.7,8.55,8.6,30950,1710400,18450.0,CE
2023-01-27 13:08:00,8.6,8.65,8.5,8.6,17700,1717000,18450.0,CE
2023-01-27 13:09:00,8.55,8.55,8.05,8.1,46100,1717000,18450.0,CE
2023-01-27 13:10:00,8.15,8.2,8.0,8.1,36650,1717000,18450.0,CE
2023-01-27 13:11:00,8.05,8.1,7.8,7.9,32450,1719150,18450.0,CE
2023-01-27 13:12:00,7.95,8.0,7.9,8.0,12750,1719150,18450.0,CE
2023-01-27 13:13:00,8.0,8.0,7.8,7.85,16400,1719150,18450.0,CE
2023-01-27 13:14:00,7.85,7.9,7.75,7.85,19350,1719750,18450.0,CE
2023-01-27 13:15:00,7.8,7.85,7.5,7.55,30150,1719750,18450.0,CE
2023-01-27 13:16:00,7.6,7.6,7.2,7.25,49100,1719750,18450.0,CE
2023-01-27 13:17:00,7.2,7.4,7.15,7.4,51750,1720350,18450.0,CE
2023-01-27 13:18:00,7.35,7.35,7.15,7.15,27100,1720350,18450.0,CE
2023-01-27 13:19:00,7.25,7.25,7.05,7.1,17750,1720350,18450.0,CE
2023-01-27 13:20:00,7.05,7.3,7.0,7.3,17450,1718650,18450.0,CE
2023-01-27 13:21:00,7.25,7.35,7.1,7.3,57500,1718650,18450.0,CE
2023-01-27 13:22:00,7.3,7.45,7.25,7.4,20750,1718650,18450.0,CE
2023-01-27 13:23:00,7.4,7.6,7.4,7.55,21300,1734500,18450.0,CE
2023-01-27 13:24:00,7.55,8.2,7.5,8.2,67950,1734500,18450.0,CE
2023-01-27 13:25:00,8.1,8.2,7.7,7.85,39600,1734500,18450.0,CE
2023-01-27 13:26:00,7.85,7.9,7.7,7.75,21200,1736650,18450.0,CE
2023-01-27 13:27:00,7.75,7.8,7.55,7.7,17550,1736650,18450.0,CE
2023-01-27 13:28:00,7.7,7.75,7.45,7.65,35250,1736650,18450.0,CE
2023-01-27 13:29:00,7.6,7.7,7.55,7.6,16000,1744000,18450.0,CE
2023-01-27 13:30:00,7.6,7.7,7.5,7.55,13100,1744000,18450.0,CE
2023-01-27 13:31:00,7.6,7.65,7.5,7.6,22100,1744000,18450.0,CE
2023-01-27 13:32:00,7.55,7.7,7.5,7.55,17100,1737650,18450.0,CE
2023-01-27 13:33:00,7.55,7.7,7.55,7.65,17600,1737650,18450.0,CE
2023-01-27 13:34:00,7.65,7.65,7.3,7.3,20650,1737650,18450.0,CE
2023-01-27 13:35:00,7.3,7.55,7.3,7.5,15750,1737650,18450.0,CE
2023-01-27 13:36:00,7.45,7.5,7.3,7.45,9300,1742950,18450.0,CE
2023-01-27 13:37:00,7.45,7.45,7.35,7.4,8900,1742950,18450.0,CE
2023-01-27 13:38:00,7.45,7.55,7.35,7.4,16000,1742950,18450.0,CE
2023-01-27 13:39:00,7.4,7.65,7.4,7.65,6600,1749400,18450.0,CE
2023-01-27 13:40:00,7.75,7.75,7.55,7.7,28500,1749400,18450.0,CE
2023-01-27 13:41:00,7.65,7.75,7.5,7.5,11300,1756050,18450.0,CE
2023-01-27 13:42:00,7.65,7.65,7.55,7.55,15700,1756050,18450.0,CE
2023-01-27 13:43:00,7.55,7.6,7.5,7.5,10650,1756050,18450.0,CE
2023-01-27 13:44:00,7.5,7.6,7.4,7.5,16000,1756050,18450.0,CE
2023-01-27 13:45:00,7.55,7.6,7.45,7.6,16400,1760850,18450.0,CE
2023-01-27 13:46:00,7.5,7.65,7.4,7.45,9200,1760850,18450.0,CE
2023-01-27 13:47:00,7.5,7.55,7.25,7.35,26350,1760850,18450.0,CE
2023-01-27 13:48:00,7.45,7.45,7.3,7.35,8950,1765150,18450.0,CE
2023-01-27 13:49:00,7.35,7.4,7.3,7.3,6600,1765150,18450.0,CE
2023-01-27 13:50:00,7.25,7.25,7.05,7.1,37100,1765150,18450.0,CE
2023-01-27 13:51:00,7.15,7.2,7.05,7.2,13500,1754950,18450.0,CE
2023-01-27 13:52:00,7.1,7.3,7.1,7.25,15300,1754950,18450.0,CE
2023-01-27 13:53:00,7.2,7.25,7.0,7.05,30050,1754950,18450.0,CE
2023-01-27 13:54:00,7.05,7.25,7.0,7.25,39000,1747250,18450.0,CE
2023-01-27 13:55:00,7.25,7.3,7.2,7.25,13350,1747250,18450.0,CE
2023-01-27 13:56:00,7.25,7.25,7.05,7.2,14200,1747250,18450.0,CE
2023-01-27 13:57:00,7.15,7.15,7.0,7.1,17250,1743300,18450.0,CE
2023-01-27 13:58:00,7.1,7.15,7.05,7.1,12000,1743300,18450.0,CE
2023-01-27 13:59:00,7.15,7.25,7.1,7.2,10700,1743300,18450.0,CE
2023-01-27 14:00:00,7.2,7.4,7.2,7.35,22600,1740750,18450.0,CE
2023-01-27 14:01:00,7.35,7.4,7.2,7.4,26200,1740750,18450.0,CE
2023-01-27 14:02:00,7.35,7.35,7.25,7.3,8650,1740750,18450.0,CE
2023-01-27 14:03:00,7.3,7.4,7.3,7.3,4850,1720400,18450.0,CE
2023-01-27 14:04:00,7.35,7.4,7.3,7.35,6900,1720400,18450.0,CE
2023-01-27 14:05:00,7.35,7.5,7.3,7.4,12800,1720400,18450.0,CE
2023-01-27 14:06:00,7.4,7.45,7.25,7.25,16150,1717450,18450.0,CE
2023-01-27 14:07:00,7.25,7.35,7.15,7.35,9700,1717450,18450.0,CE
2023-01-27 14:08:00,7.3,7.35,7.1,7.3,16950,1717450,18450.0,CE
2023-01-27 14:09:00,7.25,7.25,7.05,7.25,19450,1713250,18450.0,CE
2023-01-27 14:10:00,7.25,7.3,7.05,7.1,31250,1713250,18450.0,CE
2023-01-27 14:11:00,7.1,7.35,7.1,7.3,35550,1713250,18450.0,CE
2023-01-27 14:12:00,7.2,7.35,7.15,7.3,25300,1711000,18450.0,CE
2023-01-27 14:13:00,7.25,7.25,7.1,7.15,16750,1711000,18450.0,CE
2023-01-27 14:14:00,7.15,7.2,6.95,7.0,69250,1711000,18450.0,CE
2023-01-27 14:15:00,7.0,7.05,6.95,7.0,19050,1665600,18450.0,CE
2023-01-27 14:16:00,7.0,7.0,6.9,6.9,10350,1665600,18450.0,CE
2023-01-27 14:17:00,6.9,6.95,6.9,6.9,12200,1665600,18450.0,CE
2023-01-27 14:18:00,6.95,6.95,6.85,6.9,12450,1650800,18450.0,CE
2023-01-27 14:19:00,6.9,6.95,6.8,6.8,22100,1650800,18450.0,CE
2023-01-27 14:20:00,6.95,6.95,6.8,6.8,18900,1650800,18450.0,CE
2023-01-27 14:21:00,6.85,6.85,6.75,6.8,19350,1646300,18450.0,CE
2023-01-27 14:22:00,6.75,6.8,6.65,6.65,25150,1646300,18450.0,CE
2023-01-27 14:23:00,6.65,6.7,6.6,6.6,45150,1646300,18450.0,CE
2023-01-27 14:24:00,6.65,6.7,6.55,6.6,60850,1622550,18450.0,CE
2023-01-27 14:25:00,6.65,6.85,6.65,6.8,49950,1622550,18450.0,CE
2023-01-27 14:26:00,6.8,6.9,6.8,6.85,31300,1622550,18450.0,CE
2023-01-27 14:27:00,6.8,6.9,6.7,6.75,17550,1595850,18450.0,CE
2023-01-27 14:28:00,6.75,6.85,6.7,6.8,18500,1595850,18450.0,CE
2023-01-27 14:29:00,6.85,6.85,6.7,6.7,35350,1595850,18450.0,CE
2023-01-27 14:30:00,6.75,7.1,6.65,7.05,50450,1573700,18450.0,CE
2023-01-27 14:31:00,7.05,7.3,7.05,7.2,38450,1573700,18450.0,CE
2023-01-27 14:32:00,7.15,7.2,7.05,7.1,16550,1573700,18450.0,CE
2023-01-27 14:33:00,7.15,7.2,7.1,7.1,6750,1548200,18450.0,CE
2023-01-27 14:34:00,7.15,7.25,7.05,7.1,15400,1548200,18450.0,CE
2023-01-27 14:35:00,7.1,7.1,6.75,6.95,50750,1548200,18450.0,CE
2023-01-27 14:36:00,6.85,6.95,6.75,6.8,24850,1534000,18450.0,CE
2023-01-27 14:37:00,6.75,6.85,6.75,6.8,13200,1534000,18450.0,CE
2023-01-27 14:38:00,6.85,6.9,6.75,6.8,14550,1534000,18450.0,CE
2023-01-27 14:39:00,6.8,6.9,6.75,6.9,31600,1516050,18450.0,CE
2023-01-27 14:40:00,6.9,7.0,6.85,6.95,24100,1516050,18450.0,CE
2023-01-27 14:41:00,6.95,7.05,6.9,6.95,37350,1516050,18450.0,CE
2023-01-27 14:42:00,6.9,7.1,6.9,7.05,45600,1548550,18450.0,CE
2023-01-27 14:43:00,7.05,7.15,6.95,7.15,34500,1548550,18450.0,CE
2023-01-27 14:44:00,7.1,7.25,7.1,7.15,31200,1548550,18450.0,CE
2023-01-27 14:45:00,7.2,7.25,7.15,7.25,26850,1520650,18450.0,CE
2023-01-27 14:46:00,7.25,7.45,7.25,7.3,32400,1520650,18450.0,CE
2023-01-27 14:47:00,7.35,7.6,7.35,7.5,40100,1520650,18450.0,CE
2023-01-27 14:48:00,7.5,7.6,7.3,7.4,60900,1468450,18450.0,CE
2023-01-27 14:49:00,7.5,7.75,7.5,7.6,52000,1468450,18450.0,CE
2023-01-27 14:50:00,7.6,7.8,7.55,7.7,36000,1468450,18450.0,CE
2023-01-27 14:51:00,7.65,7.85,7.65,7.75,49600,1463600,18450.0,CE
2023-01-27 14:52:00,7.75,7.95,7.75,7.95,29550,1463600,18450.0,CE
2023-01-27 14:53:00,7.9,8.0,7.8,7.95,16800,1463600,18450.0,CE
2023-01-27 14:54:00,8.0,8.1,7.95,8.05,48500,1461100,18450.0,CE
2023-01-27 14:55:00,8.15,8.4,8.05,8.3,36950,1461100,18450.0,CE
2023-01-27 14:56:00,8.35,8.35,7.95,8.05,27300,1461100,18450.0,CE
2023-01-27 14:57:00,7.95,8.0,7.7,7.7,11350,1452750,18450.0,CE
2023-01-27 14:58:00,7.7,7.75,7.5,7.55,17500,1452750,18450.0,CE
2023-01-27 14:59:00,7.6,7.8,7.6,7.7,20000,1452750,18450.0,CE
2023-01-27 15:00:00,7.85,8.15,7.85,8.15,38150,1464300,18450.0,CE
2023-01-27 15:01:00,8.1,8.25,7.95,7.95,31900,1464300,18450.0,CE
2023-01-27 15:02:00,7.9,7.9,7.35,7.4,31750,1464300,18450.0,CE
2023-01-27 15:03:00,7.45,7.6,7.3,7.5,22150,1469750,18450.0,CE
2023-01-27 15:04:00,7.5,7.55,7.4,7.45,20850,1469750,18450.0,CE
2023-01-27 15:05:00,7.55,7.6,7.4,7.4,26550,1469750,18450.0,CE
2023-01-27 15:06:00,7.5,7.5,7.3,7.4,33950,1468950,18450.0,CE
2023-01-27 15:07:00,7.4,7.65,7.35,7.55,25550,1468950,18450.0,CE
2023-01-27 15:08:00,7.55,7.65,7.3,7.3,35400,1468950,18450.0,CE
2023-01-27 15:09:00,7.4,7.5,7.3,7.4,60050,1443750,18450.0,CE
2023-01-27 15:10:00,7.4,7.45,7.15,7.25,75650,1443750,18450.0,CE
2023-01-27 15:11:00,7.15,7.35,7.15,7.25,48200,1443750,18450.0,CE
2023-01-27 15:12:00,7.25,7.3,7.1,7.2,36600,1497550,18450.0,CE
2023-01-27 15:13:00,7.2,7.2,7.0,7.1,28500,1497550,18450.0,CE
2023-01-27 15:14:00,7.1,7.2,7.05,7.05,35550,1497550,18450.0,CE
2023-01-27 15:15:00,7.05,7.1,6.9,6.95,46800,1485450,18450.0,CE
2023-01-27 15:16:00,7.05,7.15,7.0,7.1,39250,1485450,18450.0,CE
2023-01-27 15:17:00,7.05,7.15,6.9,6.95,23600,1485450,18450.0,CE
2023-01-27 15:18:00,6.95,7.05,6.9,7.0,27000,1472350,18450.0,CE
2023-01-27 15:19:00,7.1,7.3,7.05,7.25,31150,1472350,18450.0,CE
2023-01-27 15:20:00,7.2,7.5,7.2,7.4,24600,1472350,18450.0,CE
2023-01-27 15:21:00,7.4,7.5,7.35,7.45,52950,1468550,18450.0,CE
2023-01-27 15:22:00,7.45,7.5,7.25,7.4,52850,1468550,18450.0,CE
2023-01-27 15:23:00,7.45,7.65,7.45,7.65,45000,1468550,18450.0,CE
2023-01-27 15:24:00,7.6,7.6,7.4,7.55,63000,1479450,18450.0,CE
2023-01-27 15:25:00,7.55,7.65,6.95,7.05,63900,1479450,18450.0,CE
2023-01-27 15:26:00,7.1,7.35,7.1,7.25,22250,1479450,18450.0,CE
2023-01-27 15:27:00,7.25,7.65,7.25,7.65,47000,1479800,18450.0,CE
2023-01-27 15:28:00,7.7,7.9,7.7,7.7,25900,1479800,18450.0,CE
2023-01-27 15:29:00,7.75,8.3,7.6,8.1,63950,1479800,18450.0,CE
2023-01-30 09:15:00,7.4,8.1,5.05,5.4,94603,1467000,18450.0,CE
2023-01-30 09:16:00,5.4,6.5,5.2,6.3,85050,1467000,18450.0,CE
2023-01-30 09:17:00,6.25,6.45,6.2,6.45,69450,1497200,18450.0,CE
2023-01-30 09:18:00,6.45,6.75,6.4,6.7,45850,1497200,18450.0,CE
2023-01-30 09:19:00,6.75,6.75,6.4,6.4,67750,1497200,18450.0,CE
2023-01-30 09:20:00,6.5,9.0,6.5,9.0,230000,1524200,18450.0,CE
2023-01-30 09:21:00,9.05,9.4,7.15,8.4,212650,1524200,18450.0,CE
2023-01-30 09:22:00,8.65,9.15,8.45,8.9,67350,1524200,18450.0,CE
2023-01-30 09:23:00,9.0,9.8,9.0,9.65,60400,1570350,18450.0,CE
2023-01-30 09:24:00,9.7,11.35,9.55,11.05,99850,1570350,18450.0,CE
2023-01-30 09:25:00,11.15,13.65,10.85,13.15,200400,1570350,18450.0,CE
2023-01-30 09:26:00,13.15,13.6,12.2,12.9,146900,1584100,18450.0,CE
2023-01-30 09:27:00,12.85,13.15,11.85,13.05,80600,1584100,18450.0,CE
2023-01-30 09:28:00,13.1,13.15,11.65,11.65,97150,1584100,18450.0,CE
2023-01-30 09:29:00,11.65,12.05,11.65,11.7,126350,1528450,18450.0,CE
2023-01-30 09:30:00,11.7,11.75,11.15,11.15,163200,1528450,18450.0,CE
2023-01-30 09:31:00,11.15,11.4,11.05,11.15,106900,1528450,18450.0,CE
2023-01-30 09:32:00,11.15,11.15,9.0,9.75,117850,1463500,18450.0,CE
2023-01-30 09:33:00,9.8,11.35,9.8,11.35,174800,1463500,18450.0,CE
2023-01-30 09:34:00,11.45,11.9,11.35,11.55,81400,1463500,18450.0,CE
2023-01-30 09:35:00,11.35,11.5,10.6,10.65,81150,1509200,18450.0,CE
2023-01-30 09:36:00,10.65,10.75,9.45,9.7,55800,1509200,18450.0,CE
2023-01-30 09:37:00,9.75,9.75,9.15,9.75,44050,1509200,18450.0,CE
2023-01-30 09:38:00,9.65,10.05,9.6,9.8,50650,1507750,18450.0,CE
2023-01-30 09:39:00,9.7,9.7,7.9,8.0,77350,1507750,18450.0,CE
2023-01-30 09:40:00,7.8,7.85,6.85,7.1,153400,1507750,18450.0,CE
2023-01-30 09:41:00,7.05,8.25,6.9,8.0,61900,1512150,18450.0,CE
2023-01-30 09:42:00,7.9,8.1,7.0,7.65,72900,1512150,18450.0,CE
2023-01-30 09:43:00,7.7,8.05,7.65,7.95,44850,1512150,18450.0,CE
2023-01-30 09:44:00,8.05,8.5,7.95,8.35,60450,1508200,18450.0,CE
2023-01-30 09:45:00,8.35,8.35,7.55,7.65,37700,1508200,18450.0,CE
2023-01-30 09:46:00,7.8,8.15,7.5,7.95,36450,1508200,18450.0,CE
2023-01-30 09:47:00,7.95,8.0,7.4,7.65,36000,1531850,18450.0,CE
2023-01-30 09:48:00,7.55,7.9,7.5,7.7,43150,1531850,18450.0,CE
2023-01-30 09:49:00,7.9,8.1,7.75,7.9,18250,1531850,18450.0,CE
2023-01-30 09:50:00,7.8,7.9,7.7,7.8,26550,1528400,18450.0,CE
2023-01-30 09:51:00,7.75,7.8,7.55,7.65,33100,1528400,18450.0,CE
2023-01-30 09:52:00,7.7,7.7,7.4,7.5,17800,1528400,18450.0,CE
2023-01-30 09:53:00,7.45,7.55,7.35,7.5,15600,1519200,18450.0,CE
2023-01-30 09:54:00,7.45,7.55,7.35,7.55,16500,1519200,18450.0,CE
2023-01-30 09:55:00,7.55,8.8,7.45,8.5,80000,1519200,18450.0,CE
2023-01-30 09:56:00,8.55,8.9,8.25,8.25,32500,1525200,18450.0,CE
2023-01-30 09:57:00,8.35,8.6,8.2,8.6,20050,1525200,18450.0,CE
2023-01-30 09:58:00,8.65,8.7,8.4,8.45,15250,1525200,18450.0,CE
2023-01-30 09:59:00,8.4,8.45,7.6,7.6,23300,1527650,18450.0,CE
2023-01-30 10:00:00,7.6,7.85,7.5,7.6,47400,1527650,18450.0,CE
2023-01-30 10:01:00,7.45,7.55,7.2,7.55,29850,1527650,18450.0,CE
2023-01-30 10:02:00,7.55,7.55,7.35,7.45,11600,1522850,18450.0,CE
2023-01-30 10:03:00,7.45,7.55,7.2,7.25,7450,1522850,18450.0,CE
2023-01-30 10:04:00,7.15,7.15,6.7,7.0,45800,1522850,18450.0,CE
2023-01-30 10:05:00,7.0,7.2,7.0,7.1,24800,1532000,18450.0,CE
2023-01-30 10:06:00,7.2,7.75,7.1,7.75,37250,1532000,18450.0,CE
2023-01-30 10:07:00,7.8,8.6,7.65,8.5,43700,1532000,18450.0,CE
2023-01-30 10:08:00,8.4,8.5,7.45,7.45,20850,1528850,18450.0,CE
2023-01-30 10:09:00,7.4,7.75,7.25,7.75,10300,1528850,18450.0,CE
2023-01-30 10:10:00,7.6,7.65,7.35,7.4,12200,1528850,18450.0,CE
2023-01-30 10:11:00,7.5,7.7,7.3,7.45,10250,1528550,18450.0,CE
2023-01-30 10:12:00,7.4,7.6,7.25,7.6,16050,1528550,18450.0,CE
2023-01-30 10:13:00,7.55,7.75,7.4,7.5,13350,1528550,18450.0,CE
2023-01-30 10:14:00,7.45,7.6,7.3,7.55,6550,1529050,18450.0,CE
2023-01-30 10:15:00,7.55,7.85,7.55,7.85,8700,1529050,18450.0,CE
2023-01-30 10:16:00,7.9,7.95,7.55,7.75,27600,1529050,18450.0,CE
2023-01-30 10:17:00,7.6,7.8,7.55,7.7,9850,1525250,18450.0,CE
2023-01-30 10:18:00,7.75,7.75,7.45,7.5,5050,1525250,18450.0,CE
2023-01-30 10:19:00,7.55,7.7,7.5,7.65,10250,1525250,18450.0,CE
2023-01-30 10:20:00,7.55,7.6,7.4,7.45,9950,1528900,18450.0,CE
2023-01-30 10:21:00,7.45,7.55,7.4,7.4,5800,1528900,18450.0,CE
2023-01-30 10:22:00,7.4,7.45,7.35,7.4,4950,1528900,18450.0,CE
2023-01-30 10:23:00,7.3,7.35,7.2,7.25,5900,1531000,18450.0,CE
2023-01-30 10:24:00,7.2,7.3,7.2,7.25,8800,1531000,18450.0,CE
2023-01-30 10:25:00,7.2,7.25,7.05,7.1,7950,1531000,18450.0,CE
2023-01-30 10:26:00,7.05,7.15,6.85,6.9,10100,1531600,18450.0,CE
2023-01-30 10:27:00,6.9,7.0,6.8,7.0,9700,1531600,18450.0,CE
2023-01-30 10:28:00,7.0,7.25,7.0,7.15,6950,1531600,18450.0,CE
2023-01-30 10:29:00,7.25,7.3,7.1,7.25,23200,1529050,18450.0,CE
2023-01-30 10:30:00,7.2,7.2,7.05,7.2,6950,1529050,18450.0,CE
2023-01-30 10:31:00,7.15,7.35,7.05,7.3,14800,1529050,18450.0,CE
2023-01-30 10:32:00,7.3,7.45,7.25,7.35,11600,1527600,18450.0,CE
2023-01-30 10:33:00,7.45,7.45,7.25,7.25,6650,1527600,18450.0,CE
2023-01-30 10:34:00,7.25,7.25,6.9,6.95,20500,1527600,18450.0,CE
2023-01-30 10:35:00,6.95,7.1,6.85,6.85,14850,1534550,18450.0,CE
2023-01-30 10:36:00,6.9,7.15,6.9,7.1,8000,1534550,18450.0,CE
2023-01-30 10:37:00,7.15,7.15,7.0,7.0,1550,1534550,18450.0,CE
2023-01-30 10:38:00,6.95,7.0,6.85,6.95,3950,1534800,18450.0,CE
2023-01-30 10:39:00,7.0,7.0,6.9,6.95,3400,1534800,18450.0,CE
2023-01-30 10:40:00,6.9,6.9,6.8,6.85,6750,1534800,18450.0,CE
2023-01-30 10:41:00,6.8,6.9,6.7,6.85,8400,1533350,18450.0,CE
2023-01-30 10:42:00,6.8,6.8,6.5,6.55,13750,1533350,18450.0,CE
2023-01-30 10:43:00,6.55,6.6,6.35,6.4,14450,1533350,18450.0,CE
2023-01-30 10:44:00,6.35,6.45,6.25,6.3,15700,1525500,18450.0,CE
2023-01-30 10:45:00,6.2,6.4,6.2,6.4,41200,1525500,18450.0,CE
2023-01-30 10:46:00,6.4,6.45,6.3,6.4,31550,1525500,18450.0,CE
2023-01-30 10:47:00,6.3,6.4,6.25,6.25,15000,1517700,18450.0,CE
2023-01-30 10:48:00,6.3,6.3,6.15,6.15,7400,1517700,18450.0,CE
2023-01-30 10:49:00,6.15,6.35,6.15,6.35,14850,1517700,18450.0,CE
2023-01-30 10:50:00,6.3,6.4,6.25,6.3,21900,1507250,18450.0,CE
2023-01-30 10:51:00,6.4,6.45,6.3,6.35,12400,1507250,18450.0,CE
2023-01-30 10:52:00,6.4,6.45,6.35,6.4,24200,1507250,18450.0,CE
2023-01-30 10:53:00,6.4,6.4,6.35,6.4,8800,1466650,18450.0,CE
2023-01-30 10:54:00,6.3,6.35,6.25,6.25,8500,1466650,18450.0,CE
2023-01-30 10:55:00,6.25,6.35,6.25,6.35,10950,1466650,18450.0,CE
2023-01-30 10:56:00,6.3,6.35,6.25,6.25,9750,1461000,18450.0,CE
2023-01-30 10:57:00,6.3,6.35,6.2,6.35,8800,1461000,18450.0,CE
2023-01-30 10:58:00,6.35,6.35,6.25,6.25,1750,1461000,18450.0,CE
2023-01-30 10:59:00,6.25,6.45,6.25,6.45,10100,1460100,18450.0,CE
2023-01-30 11:00:00,6.35,6.35,6.25,6.3,5000,1460100,18450.0,CE
2023-01-30 11:01:00,6.3,6.3,6.2,6.25,7350,1460100,18450.0,CE
2023-01-30 11:02:00,6.25,6.25,6.15,6.2,9300,1456550,18450.0,CE
2023-01-30 11:03:00,6.15,6.15,6.0,6.1,12100,1456550,18450.0,CE
2023-01-30 11:04:00,6.05,6.15,6.05,6.15,6250,1456550,18450.0,CE
2023-01-30 11:05:00,6.1,6.1,6.0,6.05,10650,1452900,18450.0,CE
2023-01-30 11:06:00,6.05,6.1,6.0,6.0,11600,1452900,18450.0,CE
2023-01-30 11:07:00,6.0,6.45,6.0,6.4,21350,1452900,18450.0,CE
2023-01-30 11:08:00,6.35,7.15,6.35,7.15,41800,1460850,18450.0,CE
2023-01-30 11:09:00,7.15,7.3,7.05,7.15,22900,1460850,18450.0,CE
2023-01-30 11:10:00,7.1,7.15,6.75,6.8,18750,1460850,18450.0,CE
2023-01-30 11:11:00,6.8,6.85,6.45,6.5,5000,1467950,18450.0,CE
2023-01-30 11:12:00,6.45,6.6,6.4,6.5,5050,1467950,18450.0,CE
2023-01-30 11:13:00,6.5,6.5,6.2,6.35,27550,1467950,18450.0,CE
2023-01-30 11:14:00,6.3,6.35,6.1,6.3,12250,1455950,18450.0,CE
2023-01-30 11:15:00,6.15,6.3,6.15,6.25,11950,1455950,18450.0,CE
2023-01-30 11:16:00,6.25,6.35,6.2,6.2,13450,1455950,18450.0,CE
2023-01-30 11:17:00,6.2,6.25,6.2,6.2,1950,1450800,18450.0,CE
2023-01-30 11:18:00,6.15,6.3,6.15,6.3,3250,1450800,18450.0,CE
2023-01-30 11:19:00,6.2,6.25,6.15,6.15,6100,1450800,18450.0,CE
2023-01-30 11:20:00,6.2,6.25,6.15,6.2,3400,1451000,18450.0,CE
2023-01-30 11:21:00,6.25,6.3,6.15,6.25,3950,1451000,18450.0,CE
2023-01-30 11:22:00,6.3,6.3,6.15,6.25,7100,1451000,18450.0,CE
2023-01-30 11:23:00,6.25,6.4,6.2,6.3,3450,1451000,18450.0,CE
2023-01-30 11:24:00,6.25,6.35,6.2,6.35,12800,1453100,18450.0,CE
2023-01-30 11:25:00,6.25,6.25,6.2,6.2,3900,1453100,18450.0,CE
2023-01-30 11:26:00,6.25,6.3,6.2,6.2,3850,1455200,18450.0,CE
2023-01-30 11:27:00,6.25,6.25,6.1,6.2,2700,1455200,18450.0,CE
2023-01-30 11:28:00,6.15,6.25,6.05,6.1,14150,1455200,18450.0,CE
2023-01-30 11:29:00,6.1,6.1,6.0,6.0,14050,1450400,18450.0,CE
2023-01-30 11:30:00,6.0,6.0,5.9,5.95,18100,1450400,18450.0,CE
2023-01-30 11:31:00,6.0,6.05,5.95,6.0,6400,1450400,18450.0,CE
2023-01-30 11:32:00,6.1,6.1,5.8,6.05,16050,1446250,18450.0,CE
2023-01-30 11:33:00,6.0,6.1,6.0,6.1,14350,1446250,18450.0,CE
2023-01-30 11:34:00,6.0,6.1,6.0,6.05,5550,1446250,18450.0,CE
2023-01-30 11:35:00,6.05,6.1,6.0,6.05,7350,1444450,18450.0,CE
2023-01-30 11:36:00,6.0,6.1,6.0,6.0,4350,1444450,18450.0,CE
2023-01-30 11:37:00,6.0,6.0,5.95,6.0,4650,1444450,18450.0,CE
2023-01-30 11:38:00,6.0,6.0,5.95,5.95,3550,1440950,18450.0,CE
2023-01-30 11:39:00,5.95,5.95,5.85,5.9,4100,1440950,18450.0,CE
2023-01-30 11:40:00,5.9,6.0,5.9,5.9,5250,1440950,18450.0,CE
2023-01-30 11:41:00,5.95,5.95,5.9,5.95,1650,1440950,18450.0,CE
2023-01-30 11:42:00,5.95,5.95,5.9,5.9,600,1440500,18450.0,CE
2023-01-30 11:43:00,5.9,5.9,5.85,5.85,5850,1440500,18450.0,CE
2023-01-30 11:44:00,5.8,5.9,5.8,5.9,4650,1439200,18450.0,CE
2023-01-30 11:45:00,5.85,6.0,5.8,6.0,7500,1439200,18450.0,CE
2023-01-30 11:46:00,6.0,6.1,6.0,6.05,6600,1439200,18450.0,CE
2023-01-30 11:47:00,6.0,6.0,5.95,6.0,5100,1439350,18450.0,CE
2023-01-30 11:48:00,6.0,6.0,5.85,5.85,5050,1439350,18450.0,CE
2023-01-30 11:49:00,5.9,5.95,5.85,5.9,4350,1439350,18450.0,CE
2023-01-30 11:50:00,5.95,6.0,5.95,6.0,6750,1441050,18450.0,CE
2023-01-30 11:51:00,6.0,6.2,5.95,6.15,9950,1441050,18450.0,CE
2023-01-30 11:52:00,6.2,6.3,6.2,6.25,12250,1441050,18450.0,CE
2023-01-30 11:53:00,6.25,6.85,6.25,6.8,20850,1431000,18450.0,CE
2023-01-30 11:54:00,6.9,6.9,6.75,6.8,22300,1431000,18450.0,CE
2023-01-30 11:55:00,6.8,6.85,6.45,6.6,16650,1431000,18450.0,CE
2023-01-30 11:56:00,6.6,7.15,6.5,7.0,34500,1438000,18450.0,CE
2023-01-30 11:57:00,7.05,7.05,6.7,6.75,27550,1438000,18450.0,CE
2023-01-30 11:58:00,6.7,6.75,6.55,6.6,11700,1438000,18450.0,CE
2023-01-30 11:59:00,6.7,7.1,6.65,7.1,5750,1439250,18450.0,CE
2023-01-30 12:00:00,7.1,7.1,6.8,6.9,14200,1439250,18450.0,CE
2023-01-30 12:01:00,6.85,6.85,6.5,6.5,10950,1439250,18450.0,CE
2023-01-30 12:02:00,6.5,6.5,6.25,6.25,11450,1439700,18450.0,CE
2023-01-30 12:03:00,6.25,6.35,6.25,6.35,10600,1439700,18450.0,CE
2023-01-30 12:04:00,6.3,6.8,6.3,6.75,15400,1439700,18450.0,CE
2023-01-30 12:05:00,6.75,7.0,6.55,6.65,20650,1436800,18450.0,CE
2023-01-30 12:06:00,6.7,6.8,6.6,6.6,6800,1436800,18450.0,CE
2023-01-30 12:07:00,6.55,6.7,6.5,6.55,6650,1436800,18450.0,CE
2023-01-30 12:08:00,6.45,6.6,6.45,6.5,6050,1437500,18450.0,CE
2023-01-30 12:09:00,6.5,6.65,6.5,6.55,7200,1437500,18450.0,CE
2023-01-30 12:10:00,6.5,6.65,6.45,6.5,14850,1437500,18450.0,CE
2023-01-30 12:11:00,6.5,6.6,6.5,6.6,22850,1436250,18450.0,CE
2023-01-30 12:12:00,6.7,6.75,6.6,6.65,12800,1436250,18450.0,CE
2023-01-30 12:13:00,6.6,6.65,5.85,5.9,48500,1436250,18450.0,CE
2023-01-30 12:14:00,5.9,6.1,5.6,5.85,34900,1426700,18450.0,CE
2023-01-30 12:15:00,5.75,6.0,5.7,5.95,11200,1426700,18450.0,CE
2023-01-30 12:16:00,5.85,5.95,5.75,5.85,7700,1426700,18450.0,CE
2023-01-30 12:17:00,5.75,5.75,5.5,5.65,19000,1426850,18450.0,CE
2023-01-30 12:18:00,5.6,5.6,5.4,5.45,20900,1426850,18450.0,CE
2023-01-30 12:19:00,5.45,5.5,5.4,5.4,9600,1426850,18450.0,CE
2023-01-30 12:20:00,5.45,5.45,5.35,5.4,9500,1422250,18450.0,CE
2023-01-30 12:21:00,5.35,5.5,5.35,5.5,11300,1422250,18450.0,CE
2023-01-30 12:22:00,5.4,5.5,5.4,5.5,5550,1422250,18450.0,CE
2023-01-30 12:23:00,5.5,5.55,5.5,5.5,5050,1422150,18450.0,CE
2023-01-30 12:24:00,5.55,5.65,5.55,5.55,3700,1422150,18450.0,CE
2023-01-30 12:25:00,5.5,5.65,5.5,5.6,13050,1422150,18450.0,CE
2023-01-30 12:26:00,5.55,5.65,5.55,5.65,7900,1421600,18450.0,CE
2023-01-30 12:27:00,5.65,5.65,5.5,5.5,4750,1421600,18450.0,CE
2023-01-30 12:28:00,5.5,5.7,5.45,5.6,3500,1421600,18450.0,CE
2023-01-30 12:29:00,5.6,5.6,5.45,5.5,3300,1418750,18450.0,CE
2023-01-30 12:30:00,5.5,5.5,5.4,5.5,1700,1418750,18450.0,CE
2023-01-30 12:31:00,5.45,5.5,5.4,5.4,6400,1418750,18450.0,CE
2023-01-30 12:32:00,5.4,5.5,5.35,5.4,13750,1420850,18450.0,CE
2023-01-30 12:33:00,5.4,5.45,5.3,5.3,11850,1420850,18450.0,CE
2023-01-30 12:34:00,5.4,5.4,5.25,5.25,8600,1420850,18450.0,CE
2023-01-30 12:35:00,5.3,5.35,5.25,5.35,10750,1428350,18450.0,CE
2023-01-30 12:36:00,5.25,5.35,5.2,5.25,9400,1428350,18450.0,CE
2023-01-30 12:37:00,5.2,5.25,5.15,5.15,7050,1428350,18450.0,CE
2023-01-30 12:38:00,5.2,5.25,5.2,5.2,3750,1428500,18450.0,CE
2023-01-30 12:39:00,5.2,5.25,5.15,5.2,10400,1428500,18450.0,CE
2023-01-30 12:40:00,5.25,5.4,5.2,5.35,14650,1428500,18450.0,CE
2023-01-30 12:41:00,5.4,5.45,5.35,5.4,5700,1430950,18450.0,CE
2023-01-30 12:42:00,5.4,5.45,5.4,5.4,1500,1430950,18450.0,CE
2023-01-30 12:43:00,5.4,5.45,5.4,5.45,8300,1430950,18450.0,CE
2023-01-30 12:44:00,5.45,5.5,5.35,5.5,4450,1430350,18450.0,CE
2023-01-30 12:45:00,5.4,5.45,5.35,5.35,5150,1430350,18450.0,CE
2023-01-30 12:46:00,5.35,5.45,5.35,5.4,7800,1430350,18450.0,CE
2023-01-30 12:47:00,5.4,5.45,5.35,5.35,2400,1430500,18450.0,CE
2023-01-30 12:48:00,5.35,5.5,5.35,5.45,9350,1430500,18450.0,CE
2023-01-30 12:49:00,5.4,5.45,5.35,5.45,16200,1430500,18450.0,CE
2023-01-30 12:50:00,5.4,5.5,5.35,5.4,25800,1425600,18450.0,CE
2023-01-30 12:51:00,5.4,5.45,5.35,5.4,10600,1425600,18450.0,CE
2023-01-30 12:52:00,5.45,5.45,5.35,5.35,16650,1425600,18450.0,CE
2023-01-30 12:53:00,5.4,5.55,5.4,5.55,21450,1426550,18450.0,CE
2023-01-30 12:54:00,5.5,5.55,5.45,5.5,15100,1426550,18450.0,CE
2023-01-30 12:55:00,5.6,5.6,5.45,5.55,22750,1426550,18450.0,CE
2023-01-30 12:56:00,5.5,5.6,5.45,5.5,26150,1425200,18450.0,CE
2023-01-30 12:57:00,5.5,5.55,5.45,5.55,13900,1425200,18450.0,CE
2023-01-30 12:58:00,5.55,5.6,5.45,5.6,14850,1425200,18450.0,CE
2023-01-30 12:59:00,5.5,5.6,5.45,5.6,13400,1423000,18450.0,CE
2023-01-30 13:00:00,5.6,5.6,5.45,5.5,8450,1423000,18450.0,CE
2023-01-30 13:01:00,5.45,5.55,5.45,5.5,26250,1423000,18450.0,CE
2023-01-30 13:02:00,5.45,5.5,5.45,5.45,17500,1429350,18450.0,CE
2023-01-30 13:03:00,5.45,5.5,5.4,5.5,6000,1429350,18450.0,CE
2023-01-30 13:04:00,5.5,5.6,5.5,5.55,14050,1429350,18450.0,CE
2023-01-30 13:05:00,5.6,5.6,5.45,5.45,9250,1429350,18450.0,CE
2023-01-30 13:06:00,5.5,5.6,5.45,5.55,14450,1427300,18450.0,CE
2023-01-30 13:07:00,5.55,5.8,5.55,5.8,25850,1427300,18450.0,CE
2023-01-30 13:08:00,5.75,5.75,5.7,5.7,6250,1436600,18450.0,CE
2023-01-30 13:09:00,5.7,5.75,5.65,5.75,6300,1436600,18450.0,CE
2023-01-30 13:10:00,5.65,5.75,5.6,5.6,10800,1436600,18450.0,CE
2023-01-30 13:11:00,5.6,5.7,5.55,5.55,4050,1436300,18450.0,CE
2023-01-30 13:12:00,5.55,5.6,5.45,5.45,18400,1436300,18450.0,CE
2023-01-30 13:13:00,5.4,5.45,5.35,5.35,14850,1436300,18450.0,CE
2023-01-30 13:14:00,5.4,5.4,5.2,5.25,12450,1436100,18450.0,CE
2023-01-30 13:15:00,5.25,5.4,5.2,5.4,17500,1436100,18450.0,CE
2023-01-30 13:16:00,5.4,5.4,5.3,5.4,1850,1436100,18450.0,CE
2023-01-30 13:17:00,5.3,5.4,5.3,5.3,9200,1445200,18450.0,CE
2023-01-30 13:18:00,5.3,5.45,5.3,5.4,10350,1445200,18450.0,CE
2023-01-30 13:19:00,5.5,5.55,5.45,5.5,2750,1445200,18450.0,CE
2023-01-30 13:20:00,5.55,5.7,5.5,5.7,7950,1443050,18450.0,CE
2023-01-30 13:21:00,5.7,5.7,5.65,5.65,8250,1443050,18450.0,CE
2023-01-30 13:22:00,5.65,5.65,5.55,5.65,7600,1443050,18450.0,CE
2023-01-30 13:23:00,5.65,5.8,5.6,5.7,32400,1446850,18450.0,CE
2023-01-30 13:24:00,5.7,5.8,5.65,5.8,14350,1446850,18450.0,CE
2023-01-30 13:25:00,5.8,5.95,5.75,5.9,13550,1446850,18450.0,CE
2023-01-30 13:26:00,5.95,6.3,5.85,6.25,35000,1447350,18450.0,CE
2023-01-30 13:27:00,6.25,6.4,6.2,6.3,22850,1447350,18450.0,CE
2023-01-30 13:28:00,6.3,6.45,6.25,6.4,26150,1447350,18450.0,CE
2023-01-30 13:29:00,6.3,6.4,6.05,6.05,9200,1443900,18450.0,CE
2023-01-30 13:30:00,6.0,6.0,5.4,5.5,54750,1443900,18450.0,CE
2023-01-30 13:31:00,5.45,5.6,5.4,5.6,22400,1443900,18450.0,CE
2023-01-30 13:32:00,5.6,5.6,5.45,5.5,2250,1426500,18450.0,CE
2023-01-30 13:33:00,5.5,5.7,5.5,5.7,3600,1426500,18450.0,CE
2023-01-30 13:34:00,5.6,5.6,5.5,5.5,9250,1426500,18450.0,CE
2023-01-30 13:35:00,5.6,5.75,5.6,5.75,9200,1428500,18450.0,CE
2023-01-30 13:36:00,5.65,5.75,5.65,5.7,12900,1428500,18450.0,CE
2023-01-30 13:37:00,5.65,5.75,5.65,5.75,12600,1428500,18450.0,CE
2023-01-30 13:38:00,5.75,5.8,5.75,5.75,11150,1428500,18450.0,CE
2023-01-30 13:39:00,5.8,5.85,5.65,5.75,16350,1428250,18450.0,CE
2023-01-30 13:40:00,5.8,5.8,5.65,5.75,28900,1428250,18450.0,CE
2023-01-30 13:41:00,5.8,5.85,5.75,5.8,31650,1433350,18450.0,CE
2023-01-30 13:42:00,5.8,5.9,5.8,5.8,23650,1433350,18450.0,CE
2023-01-30 13:43:00,5.8,5.8,5.7,5.75,11200,1433350,18450.0,CE
2023-01-30 13:44:00,5.85,5.85,5.75,5.85,10350,1433350,18450.0,CE
2023-01-30 13:45:00,5.8,5.95,5.75,5.95,29950,1447750,18450.0,CE
2023-01-30 13:46:00,5.95,5.95,5.85,5.9,18600,1447750,18450.0,CE
2023-01-30 13:47:00,5.9,5.95,5.8,5.95,22300,1448750,18450.0,CE
2023-01-30 13:48:00,5.9,6.0,5.85,5.85,25200,1448750,18450.0,CE
2023-01-30 13:49:00,5.9,5.9,5.8,5.85,38150,1448750,18450.0,CE
2023-01-30 13:50:00,5.95,6.05,5.85,6.0,37250,1448750,18450.0,CE
2023-01-30 13:51:00,5.95,6.05,5.85,5.85,28200,1456100,18450.0,CE
2023-01-30 13:52:00,5.85,5.95,5.75,5.8,35000,1456100,18450.0,CE
2023-01-30 13:53:00,5.8,5.9,5.75,5.9,26850,1456100,18450.0,CE
2023-01-30 13:54:00,5.85,6.05,5.85,6.05,83200,1471950,18450.0,CE
2023-01-30 13:55:00,6.05,6.25,6.05,6.25,25450,1471950,18450.0,CE
2023-01-30 13:56:00,6.15,6.25,6.05,6.05,13750,1471950,18450.0,CE
2023-01-30 13:57:00,6.1,6.1,6.0,6.05,4800,1491750,18450.0,CE
2023-01-30 13:58:00,6.0,6.05,5.85,5.95,14100,1491750,18450.0,CE
2023-01-30 13:59:00,5.9,5.95,5.85,5.9,17800,1491750,18450.0,CE
2023-01-30 14:00:00,5.9,5.95,5.7,5.75,10500,1488100,18450.0,CE
2023-01-30 14:01:00,5.8,5.85,5.75,5.85,14400,1488100,18450.0,CE
2023-01-30 14:02:00,5.85,5.9,5.8,5.9,14650,1488100,18450.0,CE
2023-01-30 14:03:00,5.95,6.5,5.85,6.45,28950,1480000,18450.0,CE
2023-01-30 14:04:00,6.45,6.75,6.25,6.35,40950,1480000,18450.0,CE
2023-01-30 14:05:00,6.35,6.4,5.9,5.9,40250,1480000,18450.0,CE
2023-01-30 14:06:00,5.95,6.25,5.9,6.15,18500,1472550,18450.0,CE
2023-01-30 14:07:00,6.15,6.25,5.8,5.85,24550,1472550,18450.0,CE
2023-01-30 14:08:00,5.75,5.75,5.55,5.65,63800,1472550,18450.0,CE
2023-01-30 14:09:00,5.65,6.15,5.65,6.15,34500,1460450,18450.0,CE
2023-01-30 14:10:00,6.2,6.25,5.9,6.05,19900,1460450,18450.0,CE
2023-01-30 14:11:00,6.05,6.5,6.05,6.5,25200,1460450,18450.0,CE
2023-01-30 14:12:00,6.5,6.55,6.35,6.4,9550,1461700,18450.0,CE
2023-01-30 14:13:00,6.45,6.5,6.3,6.4,9650,1461700,18450.0,CE
2023-01-30 14:14:00,6.35,6.6,6.3,6.45,18900,1461700,18450.0,CE
2023-01-30 14:15:00,6.4,6.5,6.2,6.35,87500,1464650,18450.0,CE
2023-01-30 14:16:00,6.25,6.3,6.0,6.2,35050,1464650,18450.0,CE
2023-01-30 14:17:00,6.2,6.35,5.9,6.25,36300,1464650,18450.0,CE
2023-01-30 14:18:00,6.35,6.35,6.1,6.2,12000,1450100,18450.0,CE
2023-01-30 14:19:00,6.15,6.15,6.05,6.1,6950,1450100,18450.0,CE
2023-01-30 14:20:00,6.05,6.2,6.0,6.0,10500,1450100,18450.0,CE
2023-01-30 14:21:00,6.05,6.25,6.05,6.25,3150,1455000,18450.0,CE
2023-01-30 14:22:00,6.15,6.75,6.15,6.7,20900,1455000,18450.0,CE
2023-01-30 14:23:00,6.6,6.65,6.35,6.5,15550,1455000,18450.0,CE
2023-01-30 14:24:00,6.5,6.5,6.05,6.15,9700,1448600,18450.0,CE
2023-01-30 14:25:00,6.25,6.3,6.05,6.15,7000,1448600,18450.0,CE
2023-01-30 14:26:00,6.15,6.35,6.15,6.25,12550,1448600,18450.0,CE
2023-01-30 14:27:00,6.2,6.3,6.1,6.2,6600,1443350,18450.0,CE
2023-01-30 14:28:00,6.15,6.3,6.1,6.2,11000,1443350,18450.0,CE
2023-01-30 14:29:00,6.2,6.3,6.15,6.2,5150,1443350,18450.0,CE
2023-01-30 14:30:00,6.2,6.5,6.2,6.4,4800,1446850,18450.0,CE
2023-01-30 14:31:00,6.4,6.65,6.35,6.65,4700,1446850,18450.0,CE
2023-01-30 14:32:00,6.6,6.8,6.55,6.7,14200,1446850,18450.0,CE
2023-01-30 14:33:00,6.65,6.85,6.6,6.85,14750,1449800,18450.0,CE
2023-01-30 14:34:00,6.85,7.05,6.75,7.05,38400,1449800,18450.0,CE
2023-01-30 14:35:00,7.0,7.05,6.7,6.7,9600,1449800,18450.0,CE
2023-01-30 14:36:00,6.75,6.8,6.5,6.55,11400,1456300,18450.0,CE
2023-01-30 14:37:00,6.55,6.55,6.35,6.55,15900,1456300,18450.0,CE
2023-01-30 14:38:00,6.5,6.55,6.4,6.4,2500,1456300,18450.0,CE
2023-01-30 14:39:00,6.45,6.45,6.15,6.15,12000,1449300,18450.0,CE
2023-01-30 14:40:00,6.2,6.35,6.2,6.25,6550,1449300,18450.0,CE
2023-01-30 14:41:00,6.3,6.4,6.2,6.4,4900,1449300,18450.0,CE
2023-01-30 14:42:00,6.4,6.65,6.3,6.65,12150,1443000,18450.0,CE
2023-01-30 14:43:00,6.6,6.8,6.55,6.7,7000,1443000,18450.0,CE
2023-01-30 14:44:00,6.65,6.75,6.6,6.75,3800,1443000,18450.0,CE
2023-01-30 14:45:00,6.75,6.8,6.6,6.7,5400,1447700,18450.0,CE
2023-01-30 14:46:00,6.7,7.05,6.65,7.05,11000,1447700,18450.0,CE
2023-01-30 14:47:00,7.15,7.5,7.1,7.4,33500,1447700,18450.0,CE
2023-01-30 14:48:00,7.35,7.4,7.05,7.05,23350,1455200,18450.0,CE
2023-01-30 14:49:00,7.05,7.05,6.75,6.8,32700,1455200,18450.0,CE
2023-01-30 14:50:00,6.8,7.0,6.55,6.55,21550,1455200,18450.0,CE
2023-01-30 14:51:00,6.6,6.65,6.5,6.55,24800,1434950,18450.0,CE
2023-01-30 14:52:00,6.5,6.7,6.4,6.7,23100,1434950,18450.0,CE
2023-01-30 14:53:00,6.75,6.85,6.6,6.65,11900,1434950,18450.0,CE
2023-01-30 14:54:00,6.65,6.7,6.5,6.6,10550,1432650,18450.0,CE
2023-01-30 14:55:00,6.55,6.65,5.95,6.25,36200,1432650,18450.0,CE
2023-01-30 14:56:00,6.05,6.6,6.0,6.45,15600,1432650,18450.0,CE
2023-01-30 14:57:00,6.5,6.5,6.25,6.4,6300,1416700,18450.0,CE
2023-01-30 14:58:00,6.5,6.5,6.3,6.35,7350,1416700,18450.0,CE
2023-01-30 14:59:00,6.3,6.5,6.3,6.5,9450,1416700,18450.0,CE
2023-01-30 15:00:00,6.75,8.0,6.75,8.0,80050,1420100,18450.0,CE
2023-01-30 15:01:00,7.85,7.9,7.25,7.4,94400,1420100,18450.0,CE
2023-01-30 15:02:00,7.35,7.85,7.3,7.35,145550,1420100,18450.0,CE
2023-01-30 15:03:00,7.45,7.45,7.0,7.05,115050,1395050,18450.0,CE
2023-01-30 15:04:00,7.05,7.05,6.5,7.05,56550,1395050,18450.0,CE
2023-01-30 15:05:00,7.0,7.0,6.3,6.4,34950,1395050,18450.0,CE
2023-01-30 15:06:00,6.3,6.5,6.15,6.45,36500,1396350,18450.0,CE
2023-01-30 15:07:00,6.4,6.5,6.1,6.45,29800,1396350,18450.0,CE
2023-01-30 15:08:00,6.4,6.55,6.2,6.3,23900,1396350,18450.0,CE
2023-01-30 15:09:00,6.25,6.45,6.0,6.0,34100,1403800,18450.0,CE
2023-01-30 15:10:00,6.0,6.45,5.95,6.35,53350,1403800,18450.0,CE
2023-01-30 15:11:00,6.4,6.5,6.3,6.5,21400,1403800,18450.0,CE
2023-01-30 15:12:00,6.45,6.7,6.3,6.7,13750,1401000,18450.0,CE
2023-01-30 15:13:00,6.7,6.8,6.55,6.75,19450,1401000,18450.0,CE
2023-01-30 15:14:00,6.7,6.7,6.5,6.65,27300,1401000,18450.0,CE
2023-01-30 15:15:00,6.55,6.55,6.0,6.0,104200,1395600,18450.0,CE
2023-01-30 15:16:00,6.05,6.6,6.0,6.6,39100,1395600,18450.0,CE
2023-01-30 15:17:00,6.5,6.6,6.45,6.5,17950,1395600,18450.0,CE
2023-01-30 15:18:00,6.5,6.5,6.05,6.25,42000,1409950,18450.0,CE
2023-01-30 15:19:00,6.25,6.4,6.25,6.25,22800,1409950,18450.0,CE
2023-01-30 15:20:00,6.25,6.3,6.1,6.1,15400,1409950,18450.0,CE
2023-01-30 15:21:00,6.2,6.2,5.95,6.15,21000,1394800,18450.0,CE
2023-01-30 15:22:00,6.15,6.25,6.05,6.25,15600,1394800,18450.0,CE
2023-01-30 15:23:00,6.2,6.45,6.2,6.4,16950,1394800,18450.0,CE
2023-01-30 15:24:00,6.45,6.45,6.35,6.45,47550,1399350,18450.0,CE
2023-01-30 15:25:00,6.35,6.45,6.0,6.15,55200,1399350,18450.0,CE
2023-01-30 15:26:00,6.1,6.4,6.1,6.4,22200,1399350,18450.0,CE
2023-01-30 15:27:00,6.35,6.6,6.3,6.6,31600,1394100,18450.0,CE
2023-01-30 15:28:00,6.6,6.6,6.35,6.45,44800,1394100,18450.0,CE
2023-01-30 15:29:00,6.35,7.7,6.35,6.55,25200,1394100,18450.0,CE
2023-01-31 09:15:00,6.55,8.95,5.15,8.35,120052,1371200,18450.0,CE
2023-01-31 09:16:00,8.2,8.7,8.0,8.35,83650,1371200,18450.0,CE
2023-01-31 09:17:00,8.35,8.4,7.8,7.9,76350,1399700,18450.0,CE
2023-01-31 09:18:00,7.95,7.95,7.25,7.45,60950,1399700,18450.0,CE
2023-01-31 09:19:00,7.45,7.65,7.2,7.25,71200,1399700,18450.0,CE
2023-01-31 09:20:00,7.4,7.6,7.15,7.25,68900,1412450,18450.0,CE
2023-01-31 09:21:00,7.25,7.3,6.9,7.25,70300,1412450,18450.0,CE
2023-01-31 09:22:00,7.3,7.75,7.25,7.35,41700,1412450,18450.0,CE
2023-01-31 09:23:00,7.4,8.1,7.4,7.95,77150,1417700,18450.0,CE
2023-01-31 09:24:00,8.0,8.05,7.3,7.5,55600,1417700,18450.0,CE
2023-01-31 09:25:00,7.4,7.55,6.9,7.55,74200,1417700,18450.0,CE
2023-01-31 09:26:00,7.55,7.55,6.85,6.85,48800,1418750,18450.0,CE
2023-01-31 09:27:00,6.8,7.3,6.6,7.2,56350,1418750,18450.0,CE
2023-01-31 09:28:00,7.2,7.2,6.9,6.95,40550,1418750,18450.0,CE
2023-01-31 09:29:00,6.9,7.35,6.85,7.15,87100,1462500,18450.0,CE
2023-01-31 09:30:00,7.15,7.15,6.85,7.1,49000,1462500,18450.0,CE
2023-01-31 09:31:00,7.15,7.2,6.6,6.6,47500,1462500,18450.0,CE
2023-01-31 09:32:00,6.65,6.8,6.5,6.6,21700,1538250,18450.0,CE
2023-01-31 09:33:00,6.6,6.75,6.4,6.5,35400,1538250,18450.0,CE
2023-01-31 09:34:00,6.45,6.55,6.3,6.4,30800,1538250,18450.0,CE
2023-01-31 09:35:00,6.5,6.75,6.45,6.65,20200,1546800,18450.0,CE
2023-01-31 09:36:00,6.75,6.85,6.55,6.65,13650,1546800,18450.0,CE
2023-01-31 09:37:00,6.65,6.7,6.4,6.45,9250,1546800,18450.0,CE
2023-01-31 09:38:00,6.5,6.95,6.5,6.85,29750,1542100,18450.0,CE
2023-01-31 09:39:00,6.9,6.9,6.5,6.6,16100,1542100,18450.0,CE
2023-01-31 09:40:00,6.6,6.75,6.4,6.55,13700,1542100,18450.0,CE
2023-01-31 09:41:00,6.5,6.85,6.45,6.75,18400,1542550,18450.0,CE
2023-01-31 09:42:00,6.65,6.7,6.45,6.5,5750,1542550,18450.0,CE
2023-01-31 09:43:00,6.55,6.7,6.45,6.45,12800,1542550,18450.0,CE
2023-01-31 09:44:00,6.4,6.65,6.4,6.5,17500,1542350,18450.0,CE
2023-01-31 09:45:00,6.6,6.7,6.4,6.45,50500,1542350,18450.0,CE
2023-01-31 09:46:00,6.45,6.7,6.35,6.55,115350,1542350,18450.0,CE
2023-01-31 09:47:00,6.5,6.5,6.4,6.5,25050,1483100,18450.0,CE
2023-01-31 09:48:00,6.55,6.65,6.45,6.45,6450,1483100,18450.0,CE
2023-01-31 09:49:00,6.4,6.6,6.4,6.45,26300,1483100,18450.0,CE
2023-01-31 09:50:00,6.45,6.7,6.45,6.7,22600,1481650,18450.0,CE
2023-01-31 09:51:00,6.6,6.7,6.5,6.6,12550,1481650,18450.0,CE
2023-01-31 09:52:00,6.65,6.85,6.5,6.75,12200,1481650,18450.0,CE
2023-01-31 09:53:00,6.65,6.8,6.6,6.7,18150,1482500,18450.0,CE
2023-01-31 09:54:00,6.7,6.8,6.6,6.65,15300,1482500,18450.0,CE
2023-01-31 09:55:00,6.6,6.65,6.55,6.6,9300,1482500,18450.0,CE
2023-01-31 09:56:00,6.65,6.65,6.35,6.4,17700,1484800,18450.0,CE
2023-01-31 09:57:00,6.45,6.55,6.4,6.5,15500,1484800,18450.0,CE
2023-01-31 09:58:00,6.5,6.5,6.4,6.4,17550,1484800,18450.0,CE
2023-01-31 09:59:00,6.45,6.55,6.35,6.5,7300,1479850,18450.0,CE
2023-01-31 10:00:00,6.5,6.5,6.35,6.4,17900,1479850,18450.0,CE
2023-01-31 10:01:00,6.4,6.5,6.3,6.3,9950,1479850,18450.0,CE
2023-01-31 10:02:00,6.3,6.4,6.25,6.35,26100,1483600,18450.0,CE
2023-01-31 10:03:00,6.4,6.4,6.3,6.35,10700,1483600,18450.0,CE
2023-01-31 10:04:00,6.35,6.35,6.2,6.35,11300,1483600,18450.0,CE
2023-01-31 10:05:00,6.35,6.35,6.2,6.35,16700,1484050,18450.0,CE
2023-01-31 10:06:00,6.35,6.5,6.25,6.5,34250,1484050,18450.0,CE
2023-01-31 10:07:00,6.5,6.5,6.4,6.5,12800,1484050,18450.0,CE
2023-01-31 10:08:00,6.5,6.5,6.3,6.3,18450,1474850,18450.0,CE
2023-01-31 10:09:00,6.3,6.45,6.3,6.4,11450,1474850,18450.0,CE
2023-01-31 10:10:00,6.45,6.45,6.3,6.4,8350,1474850,18450.0,CE
2023-01-31 10:11:00,6.35,6.4,6.15,6.15,11700,1474850,18450.0,CE
2023-01-31 10:12:00,6.15,6.25,6.05,6.1,13250,1474850,18450.0,CE
2023-01-31 10:13:00,6.1,6.2,6.05,6.2,11250,1474850,18450.0,CE
2023-01-31 10:14:00,6.15,6.2,6.1,6.15,2050,1473350,18450.0,CE
2023-01-31 10:15:00,6.15,6.4,6.15,6.35,29550,1473350,18450.0,CE
2023-01-31 10:16:00,6.3,6.3,6.15,6.3,15150,1473350,18450.0,CE
2023-01-31 10:17:00,6.3,6.3,6.1,6.15,10450,1468050,18450.0,CE
2023-01-31 10:18:00,6.15,6.15,6.05,6.1,3900,1468050,18450.0,CE
2023-01-31 10:19:00,6.15,6.15,6.0,6.1,17750,1468050,18450.0,CE
2023-01-31 10:20:00,6.1,6.15,6.05,6.05,17500,1477000,18450.0,CE
2023-01-31 10:21:00,6.05,6.3,6.05,6.25,22250,1477000,18450.0,CE
2023-01-31 10:22:00,6.25,6.3,6.25,6.3,9150,1477000,18450.0,CE
2023-01-31 10:23:00,6.3,6.3,6.2,6.3,3100,1482650,18450.0,CE
2023-01-31 10:24:00,6.3,6.3,6.05,6.15,6600,1482650,18450.0,CE
2023-01-31 10:25:00,6.2,6.45,6.2,6.45,7600,1482650,18450.0,CE
2023-01-31 10:26:00,6.4,6.45,6.35,6.35,4950,1482250,18450.0,CE
2023-01-31 10:27:00,6.35,6.6,6.35,6.55,4600,1482250,18450.0,CE
2023-01-31 10:28:00,6.55,6.65,6.4,6.6,17050,1482250,18450.0,CE
2023-01-31 10:29:00,6.65,7.2,6.6,7.0,31350,1479400,18450.0,CE
2023-01-31 10:30:00,7.0,7.1,6.6,6.9,37450,1479400,18450.0,CE
2023-01-31 10:31:00,6.85,6.85,6.6,6.65,35850,1479400,18450.0,CE
2023-01-31 10:32:00,6.7,6.7,6.5,6.6,14650,1476150,18450.0,CE
2023-01-31 10:33:00,6.65,6.75,6.55,6.7,11950,1476150,18450.0,CE
2023-01-31 10:34:00,6.65,6.85,6.5,6.8,9300,1476150,18450.0,CE
2023-01-31 10:35:00,6.75,6.8,6.55,6.75,10700,1470100,18450.0,CE
2023-01-31 10:36:00,6.7,6.7,6.5,6.6,24350,1470100,18450.0,CE
2023-01-31 10:37:00,6.6,6.6,6.3,6.45,26700,1470100,18450.0,CE
2023-01-31 10:38:00,6.5,6.75,6.5,6.5,19200,1481500,18450.0,CE
2023-01-31 10:39:00,6.4,6.45,6.2,6.3,26750,1481500,18450.0,CE
2023-01-31 10:40:00,6.3,6.4,6.15,6.15,8100,1481500,18450.0,CE
2023-01-31 10:41:00,6.15,6.55,6.15,6.45,16150,1484800,18450.0,CE
2023-01-31 10:42:00,6.4,6.7,6.4,6.65,19950,1484800,18450.0,CE
2023-01-31 10:43:00,6.65,7.0,6.6,7.0,18200,1484800,18450.0,CE
2023-01-31 10:44:00,7.0,7.2,6.95,7.15,33800,1477000,18450.0,CE
2023-01-31 10:45:00,7.1,7.15,7.0,7.1,29000,1477000,18450.0,CE
2023-01-31 10:46:00,7.1,7.15,6.8,6.8,24700,1477000,18450.0,CE
2023-01-31 10:47:00,6.9,6.95,6.75,6.8,17150,1476500,18450.0,CE
2023-01-31 10:48:00,6.8,6.9,6.8,6.85,8000,1476500,18450.0,CE
2023-01-31 10:49:00,6.9,6.95,6.75,6.85,16850,1476500,18450.0,CE
2023-01-31 10:50:00,6.8,7.0,6.75,6.85,19000,1469250,18450.0,CE
2023-01-31 10:51:00,6.8,7.0,6.8,6.95,18150,1469250,18450.0,CE
2023-01-31 10:52:00,6.95,7.0,6.8,6.9,5600,1469250,18450.0,CE
2023-01-31 10:53:00,6.9,7.0,6.8,6.8,9750,1461750,18450.0,CE
2023-01-31 10:54:00,6.75,6.9,6.75,6.9,12100,1461750,18450.0,CE
2023-01-31 10:55:00,6.85,6.95,6.85,6.9,4550,1461750,18450.0,CE
2023-01-31 10:56:00,6.9,6.95,6.65,6.95,17700,1463400,18450.0,CE
2023-01-31 10:57:00,6.85,6.85,6.5,6.5,6450,1463400,18450.0,CE
2023-01-31 10:58:00,6.5,6.55,6.3,6.35,23500,1463400,18450.0,CE
2023-01-31 10:59:00,6.35,6.45,6.15,6.15,31100,1460850,18450.0,CE
2023-01-31 11:00:00,6.15,6.25,6.1,6.2,7350,1460850,18450.0,CE
2023-01-31 11:01:00,6.15,6.15,5.95,6.05,43200,1460850,18450.0,CE
2023-01-31 11:02:00,6.1,6.1,6.0,6.0,21550,1471850,18450.0,CE
2023-01-31 11:03:00,6.0,6.05,5.9,6.05,14550,1471850,18450.0,CE
2023-01-31 11:04:00,6.0,6.05,5.9,5.95,12550,1471850,18450.0,CE
2023-01-31 11:05:00,5.95,6.05,5.9,5.95,15550,1472050,18450.0,CE
2023-01-31 11:06:00,5.95,6.0,5.8,5.9,22200,1472050,18450.0,CE
2023-01-31 11:07:00,5.9,5.95,5.85,5.85,14150,1472050,18450.0,CE
2023-01-31 11:08:00,5.85,5.95,5.8,5.9,12750,1471600,18450.0,CE
2023-01-31 11:09:00,5.85,5.95,5.85,5.95,6400,1471600,18450.0,CE
2023-01-31 11:10:00,5.95,6.05,5.9,6.0,10900,1471600,18450.0,CE
2023-01-31 11:11:00,6.05,6.05,5.95,6.05,4150,1475650,18450.0,CE
2023-01-31 11:12:00,6.05,6.15,6.05,6.15,3500,1475650,18450.0,CE
2023-01-31 11:13:00,6.2,6.3,6.15,6.2,8150,1475650,18450.0,CE
2023-01-31 11:14:00,6.2,6.2,6.05,6.05,3650,1471850,18450.0,CE
2023-01-31 11:15:00,6.05,6.15,6.0,6.05,5350,1471850,18450.0,CE
2023-01-31 11:16:00,6.05,6.05,5.85,5.9,16750,1471850,18450.0,CE
2023-01-31 11:17:00,5.85,6.0,5.85,5.95,6700,1482350,18450.0,CE
2023-01-31 11:18:00,6.0,6.15,6.0,6.15,19950,1482350,18450.0,CE
2023-01-31 11:19:00,6.15,6.25,6.1,6.25,7550,1482350,18450.0,CE
2023-01-31 11:20:00,6.2,6.3,6.2,6.2,4550,1483850,18450.0,CE
2023-01-31 11:21:00,6.15,6.25,6.15,6.25,8100,1483850,18450.0,CE
2023-01-31 11:22:00,6.2,6.2,6.1,6.1,8950,1483850,18450.0,CE
2023-01-31 11:23:00,6.2,6.25,6.1,6.2,14450,1474100,18450.0,CE
2023-01-31 11:24:00,6.15,6.2,6.1,6.1,18500,1474100,18450.0,CE
2023-01-31 11:25:00,6.2,6.25,6.1,6.25,9800,1474100,18450.0,CE
2023-01-31 11:26:00,6.15,6.2,6.1,6.2,10800,1459000,18450.0,CE
2023-01-31 11:27:00,6.15,6.2,6.1,6.1,8650,1459000,18450.0,CE
2023-01-31 11:28:00,6.15,6.25,6.05,6.25,12000,1459000,18450.0,CE
2023-01-31 11:29:00,6.2,6.45,6.2,6.25,17500,1459850,18450.0,CE
2023-01-31 11:30:00,6.2,6.25,6.15,6.15,10450,1459850,18450.0,CE
2023-01-31 11:31:00,6.1,6.35,6.1,6.3,13100,1459850,18450.0,CE
2023-01-31 11:32:00,6.35,6.35,6.2,6.3,16750,1458150,18450.0,CE
2023-01-31 11:33:00,6.2,6.3,6.1,6.1,5850,1458150,18450.0,CE
2023-01-31 11:34:00,6.1,6.25,6.1,6.15,2150,1458150,18450.0,CE
2023-01-31 11:35:00,6.25,6.25,6.15,6.15,4750,1457700,18450.0,CE
2023-01-31 11:36:00,6.15,6.2,6.1,6.1,11000,1457700,18450.0,CE
2023-01-31 11:37:00,6.1,6.15,6.05,6.05,31300,1457700,18450.0,CE
2023-01-31 11:38:00,6.05,6.15,6.05,6.1,6800,1455150,18450.0,CE
2023-01-31 11:39:00,6.1,6.15,6.0,6.05,9450,1455150,18450.0,CE
2023-01-31 11:40:00,6.05,6.1,6.0,6.1,9850,1455150,18450.0,CE
2023-01-31 11:41:00,6.05,6.25,6.0,6.25,14200,1452900,18450.0,CE
2023-01-31 11:42:00,6.15,6.2,6.1,6.1,4550,1452900,18450.0,CE
2023-01-31 11:43:00,6.1,6.55,6.1,6.3,26200,1452900,18450.0,CE
2023-01-31 11:44:00,6.3,6.3,6.0,6.1,14600,1447150,18450.0,CE
2023-01-31 11:45:00,6.1,6.2,5.95,6.15,10250,1447150,18450.0,CE
2023-01-31 11:46:00,6.2,6.6,6.15,6.45,23100,1447150,18450.0,CE
2023-01-31 11:47:00,6.5,6.5,6.25,6.25,25950,1445050,18450.0,CE
2023-01-31 11:48:00,6.25,6.45,6.2,6.4,16550,1445050,18450.0,CE
2023-01-31 11:49:00,6.4,6.45,6.25,6.25,13050,1445050,18450.0,CE
2023-01-31 11:50:00,6.35,6.45,6.25,6.45,8150,1439700,18450.0,CE
2023-01-31 11:51:00,6.4,6.5,6.35,6.45,13100,1439700,18450.0,CE
2023-01-31 11:52:00,6.45,6.45,6.3,6.3,4400,1439700,18450.0,CE
2023-01-31 11:53:00,6.25,6.4,6.25,6.3,10500,1437650,18450.0,CE
2023-01-31 11:54:00,6.35,6.45,6.3,6.45,5300,1437650,18450.0,CE
2023-01-31 11:55:00,6.35,6.45,6.3,6.45,4300,1437650,18450.0,CE
2023-01-31 11:56:00,6.45,6.5,6.4,6.5,6450,1437850,18450.0,CE
2023-01-31 11:57:00,6.5,6.55,6.5,6.5,5550,1437850,18450.0,CE
2023-01-31 11:58:00,6.5,6.6,6.45,6.6,10650,1437850,18450.0,CE
2023-01-31 11:59:00,6.6,6.7,6.55,6.55,11850,1435550,18450.0,CE
2023-01-31 12:00:00,6.6,6.65,6.5,6.55,36350,1435550,18450.0,CE
2023-01-31 12:01:00,6.6,6.65,6.5,6.55,16150,1435550,18450.0,CE
2023-01-31 12:02:00,6.6,6.75,6.55,6.65,21050,1465950,18450.0,CE
2023-01-31 12:03:00,6.65,6.75,6.65,6.65,9200,1465950,18450.0,CE
2023-01-31 12:04:00,6.7,6.7,6.45,6.55,31000,1465950,18450.0,CE
2023-01-31 12:05:00,6.55,6.6,6.45,6.6,13300,1469150,18450.0,CE
2023-01-31 12:06:00,6.6,6.6,6.45,6.5,10350,1469150,18450.0,CE
2023-01-31 12:07:00,6.45,6.55,6.45,6.55,15900,1469150,18450.0,CE
2023-01-31 12:08:00,6.5,6.55,6.4,6.45,8800,1474550,18450.0,CE
2023-01-31 12:09:00,6.4,6.4,6.2,6.3,14750,1474550,18450.0,CE
2023-01-31 12:10:00,6.25,6.25,5.75,5.75,43050,1474550,18450.0,CE
2023-01-31 12:11:00,5.7,5.95,5.7,5.85,28100,1467450,18450.0,CE
2023-01-31 12:12:00,5.8,5.85,5.7,5.8,28150,1467450,18450.0,CE
2023-01-31 12:13:00,5.75,5.75,5.6,5.65,18700,1467450,18450.0,CE
2023-01-31 12:14:00,5.6,5.75,5.6,5.7,16700,1467450,18450.0,CE
2023-01-31 12:15:00,5.65,5.7,5.55,5.7,30550,1445150,18450.0,CE
2023-01-31 12:16:00,5.65,5.7,5.6,5.7,23800,1445150,18450.0,CE
2023-01-31 12:17:00,5.65,5.75,5.6,5.7,10300,1463450,18450.0,CE
2023-01-31 12:18:00,5.7,5.75,5.65,5.75,7450,1463450,18450.0,CE
2023-01-31 12:19:00,5.75,5.75,5.55,5.65,18450,1463450,18450.0,CE
2023-01-31 12:20:00,5.6,5.75,5.6,5.7,7950,1465200,18450.0,CE
2023-01-31 12:21:00,5.7,5.8,5.65,5.8,13300,1465200,18450.0,CE
2023-01-31 12:22:00,5.8,5.8,5.75,5.75,8950,1465200,18450.0,CE
2023-01-31 12:23:00,5.75,5.8,5.65,5.7,21750,1477350,18450.0,CE
2023-01-31 12:24:00,5.7,5.75,5.65,5.75,15350,1477350,18450.0,CE
2023-01-31 12:25:00,5.75,6.0,5.75,5.95,23050,1477350,18450.0,CE
2023-01-31 12:26:00,6.0,6.1,5.9,6.05,13750,1485100,18450.0,CE
2023-01-31 12:27:00,6.05,6.15,6.05,6.1,18850,1485100,18450.0,CE
2023-01-31 12:28:00,6.15,6.25,6.1,6.15,51800,1485100,18450.0,CE
2023-01-31 12:29:00,6.15,6.25,6.1,6.25,27550,1541650,18450.0,CE
2023-01-31 12:30:00,6.25,6.25,6.1,6.15,8050,1541650,18450.0,CE
2023-01-31 12:31:00,6.2,6.2,5.95,6.05,11750,1541650,18450.0,CE
2023-01-31 12:32:00,6.15,6.2,6.05,6.05,1900,1541650,18450.0,CE
2023-01-31 12:33:00,6.15,6.15,6.0,6.1,4950,1541450,18450.0,CE
2023-01-31 12:34:00,6.1,6.15,6.05,6.1,2150,1541450,18450.0,CE
2023-01-31 12:35:00,6.05,6.15,6.05,6.05,1800,1539150,18450.0,CE
2023-01-31 12:36:00,6.0,6.15,5.95,6.15,5700,1539150,18450.0,CE
2023-01-31 12:37:00,6.05,6.1,6.05,6.05,2150,1539150,18450.0,CE
2023-01-31 12:38:00,6.1,6.15,6.05,6.1,4550,1539300,18450.0,CE
2023-01-31 12:39:00,6.15,6.15,6.1,6.1,4000,1539300,18450.0,CE
2023-01-31 12:40:00,6.05,6.1,5.9,6.1,13000,1539300,18450.0,CE
2023-01-31 12:41:00,6.1,6.15,6.05,6.1,5300,1539750,18450.0,CE
2023-01-31 12:42:00,6.15,6.2,6.05,6.1,4400,1539750,18450.0,CE
2023-01-31 12:43:00,6.1,6.15,6.05,6.15,5500,1539750,18450.0,CE
2023-01-31 12:44:00,6.1,6.15,6.0,6.05,13750,1536100,18450.0,CE
2023-01-31 12:45:00,6.05,6.15,6.0,6.15,15750,1536100,18450.0,CE
2023-01-31 12:46:00,6.15,6.15,6.0,6.05,13100,1536100,18450.0,CE
2023-01-31 12:47:00,6.1,6.1,6.0,6.1,7200,1533700,18450.0,CE
2023-01-31 12:48:00,6.1,6.15,6.0,6.1,13950,1533700,18450.0,CE
2023-01-31 12:49:00,6.1,6.15,6.0,6.05,9100,1533700,18450.0,CE
2023-01-31 12:50:00,6.1,6.15,6.0,6.0,5550,1533700,18450.0,CE
2023-01-31 12:51:00,6.0,6.0,5.8,5.9,24000,1530650,18450.0,CE
2023-01-31 12:52:00,5.9,5.9,5.65,5.7,8850,1530650,18450.0,CE
2023-01-31 12:53:00,5.7,5.7,5.55,5.65,8100,1528650,18450.0,CE
2023-01-31 12:54:00,5.65,5.7,5.65,5.7,9950,1528650,18450.0,CE
2023-01-31 12:55:00,5.7,5.7,5.5,5.6,13100,1528650,18450.0,CE
2023-01-31 12:56:00,5.65,5.8,5.6,5.8,6950,1528650,18450.0,CE
2023-01-31 12:57:00,5.8,5.8,5.7,5.7,3550,1530750,18450.0,CE
2023-01-31 12:58:00,5.7,5.75,5.7,5.75,2850,1530750,18450.0,CE
2023-01-31 12:59:00,5.75,5.8,5.7,5.7,12350,1526750,18450.0,CE
2023-01-31 13:00:00,5.65,5.8,5.65,5.8,13600,1526750,18450.0,CE
2023-01-31 13:01:00,5.8,5.85,5.7,5.85,7100,1526750,18450.0,CE
2023-01-31 13:02:00,5.85,5.85,5.75,5.75,4750,1526750,18450.0,CE
2023-01-31 13:03:00,5.8,5.85,5.75,5.8,3950,1521150,18450.0,CE
2023-01-31 13:04:00,5.8,6.0,5.8,6.0,13050,1521150,18450.0,CE
2023-01-31 13:05:00,6.0,6.3,6.0,6.2,24350,1521150,18450.0,CE
2023-01-31 13:06:00,6.2,6.25,6.15,6.2,9200,1516750,18450.0,CE
2023-01-31 13:07:00,6.25,6.3,6.15,6.2,12750,1516750,18450.0,CE
2023-01-31 13:08:00,6.15,6.15,5.9,5.95,20650,1516750,18450.0,CE
2023-01-31 13:09:00,5.95,5.95,5.65,5.7,19100,1512750,18450.0,CE
2023-01-31 13:10:00,5.65,5.8,5.65,5.7,11550,1512750,18450.0,CE
2023-01-31 13:11:00,5.8,5.9,5.7,5.9,6350,1512750,18450.0,CE
2023-01-31 13:12:00,5.8,5.9,5.8,5.8,2050,1509800,18450.0,CE
2023-01-31 13:13:00,5.9,5.9,5.75,5.75,3200,1509800,18450.0,CE
2023-01-31 13:14:00,5.8,6.35,5.8,6.35,21400,1509800,18450.0,CE
2023-01-31 13:15:00,6.35,6.35,6.05,6.2,33200,1506900,18450.0,CE
2023-01-31 13:16:00,6.25,6.25,6.05,6.1,7250,1506900,18450.0,CE
2023-01-31 13:17:00,6.15,6.2,6.05,6.15,9800,1506900,18450.0,CE
2023-01-31 13:18:00,6.15,6.8,6.15,6.75,24000,1510900,18450.0,CE
2023-01-31 13:19:00,6.75,7.1,6.7,6.75,83600,1510900,18450.0,CE
2023-01-31 13:20:00,6.85,7.15,6.75,6.8,76450,1510900,18450.0,CE
2023-01-31 13:21:00,6.9,7.35,6.85,7.15,33950,1505650,18450.0,CE
2023-01-31 13:22:00,7.1,7.1,6.7,6.9,24400,1505650,18450.0,CE
2023-01-31 13:23:00,6.95,7.1,6.8,6.8,41200,1505650,18450.0,CE
2023-01-31 13:24:00,6.9,7.2,6.9,6.95,52100,1512950,18450.0,CE
2023-01-31 13:25:00,7.0,7.2,6.8,7.05,58250,1512950,18450.0,CE
2023-01-31 13:26:00,7.0,7.05,6.7,6.85,42000,1512950,18450.0,CE
2023-01-31 13:27:00,6.85,6.85,6.4,6.5,23050,1513000,18450.0,CE
2023-01-31 13:28:00,6.5,6.6,6.45,6.5,37400,1513000,18450.0,CE
2023-01-31 13:29:00,6.6,6.6,6.3,6.35,8950,1513000,18450.0,CE
2023-01-31 13:30:00,6.3,6.45,6.15,6.15,34050,1503400,18450.0,CE
2023-01-31 13:31:00,6.1,6.45,6.1,6.35,21400,1503400,18450.0,CE
2023-01-31 13:32:00,6.3,6.55,6.15,6.25,31600,1503400,18450.0,CE
2023-01-31 13:33:00,6.2,6.5,6.15,6.5,15250,1502850,18450.0,CE
2023-01-31 13:34:00,6.5,6.5,6.0,6.2,48350,1502850,18450.0,CE
2023-01-31 13:35:00,6.25,6.35,6.15,6.2,28350,1502850,18450.0,CE
2023-01-31 13:36:00,6.2,6.35,6.2,6.3,9600,1484300,18450.0,CE
2023-01-31 13:37:00,6.35,6.35,6.05,6.2,22150,1484300,18450.0,CE
2023-01-31 13:38:00,6.15,6.25,6.1,6.15,17150,1484300,18450.0,CE
2023-01-31 13:39:00,6.15,6.3,6.05,6.3,23050,1482400,18450.0,CE
2023-01-31 13:40:00,6.3,6.55,6.3,6.35,50500,1482400,18450.0,CE
2023-01-31 13:41:00,6.35,6.4,6.15,6.2,25550,1482400,18450.0,CE
2023-01-31 13:42:00,6.2,6.35,6.1,6.3,25300,1473750,18450.0,CE
2023-01-31 13:43:00,6.3,6.45,6.25,6.45,16600,1473750,18450.0,CE
2023-01-31 13:44:00,6.4,6.45,6.3,6.3,17750,1473750,18450.0,CE
2023-01-31 13:45:00,6.2,6.25,5.95,6.15,40400,1472600,18450.0,CE
2023-01-31 13:46:00,6.1,6.25,6.0,6.25,24550,1472600,18450.0,CE
2023-01-31 13:47:00,6.3,6.55,6.3,6.5,40100,1472600,18450.0,CE
2023-01-31 13:48:00,6.55,6.55,6.4,6.45,19400,1463400,18450.0,CE
2023-01-31 13:49:00,6.4,6.5,6.3,6.35,33150,1463400,18450.0,CE
2023-01-31 13:50:00,6.35,6.5,6.25,6.25,19450,1463400,18450.0,CE
2023-01-31 13:51:00,6.2,6.3,6.1,6.15,24400,1462400,18450.0,CE
2023-01-31 13:52:00,6.1,6.3,6.1,6.25,17700,1462400,18450.0,CE
2023-01-31 13:53:00,6.15,6.25,6.15,6.15,19150,1462400,18450.0,CE
2023-01-31 13:54:00,6.15,6.2,6.1,6.1,5050,1466550,18450.0,CE
2023-01-31 13:55:00,6.1,6.2,5.95,5.95,20700,1466550,18450.0,CE
2023-01-31 13:56:00,6.0,6.2,5.8,6.2,39400,1466550,18450.0,CE
2023-01-31 13:57:00,6.15,6.25,6.1,6.2,27950,1481900,18450.0,CE
2023-01-31 13:58:00,6.2,6.2,6.05,6.2,15800,1481900,18450.0,CE
2023-01-31 13:59:00,6.2,6.2,5.95,6.05,7550,1481900,18450.0,CE
2023-01-31 14:00:00,6.05,6.1,5.9,6.05,7050,1483800,18450.0,CE
2023-01-31 14:01:00,6.0,6.05,5.9,6.05,15800,1483800,18450.0,CE
2023-01-31 14:02:00,6.0,6.0,5.8,5.9,15650,1483800,18450.0,CE
2023-01-31 14:03:00,5.95,6.0,5.75,5.9,18450,1480600,18450.0,CE
2023-01-31 14:04:00,5.8,5.95,5.75,5.95,10000,1480600,18450.0,CE
2023-01-31 14:05:00,5.9,6.0,5.85,6.0,14750,1480600,18450.0,CE
2023-01-31 14:06:00,5.9,6.0,5.85,5.9,8650,1475600,18450.0,CE
2023-01-31 14:07:00,5.95,5.95,5.9,5.95,4750,1475600,18450.0,CE
2023-01-31 14:08:00,5.9,6.0,5.8,5.8,32550,1475600,18450.0,CE
2023-01-31 14:09:00,5.75,5.85,5.6,5.7,43550,1481200,18450.0,CE
2023-01-31 14:10:00,5.7,5.8,5.6,5.65,19500,1481200,18450.0,CE
2023-01-31 14:11:00,5.65,5.65,5.5,5.65,24750,1481200,18450.0,CE
2023-01-31 14:12:00,5.6,5.65,5.5,5.55,22400,1454900,18450.0,CE
2023-01-31 14:13:00,5.5,5.6,5.4,5.6,43200,1454900,18450.0,CE
2023-01-31 14:14:00,5.6,5.6,5.45,5.5,20300,1454900,18450.0,CE
2023-01-31 14:15:00,5.5,5.6,5.4,5.6,31300,1449600,18450.0,CE
2023-01-31 14:16:00,5.6,5.6,5.45,5.6,15400,1449600,18450.0,CE
2023-01-31 14:17:00,5.55,5.6,5.4,5.5,14850,1449600,18450.0,CE
2023-01-31 14:18:00,5.45,5.6,5.3,5.5,62000,1461950,18450.0,CE
2023-01-31 14:19:00,5.5,5.55,5.35,5.35,30250,1461950,18450.0,CE
2023-01-31 14:20:00,5.35,5.5,5.35,5.5,15000,1461950,18450.0,CE
2023-01-31 14:21:00,5.5,5.7,5.5,5.65,22800,1456600,18450.0,CE
2023-01-31 14:22:00,5.65,5.75,5.6,5.7,14650,1456600,18450.0,CE
2023-01-31 14:23:00,5.75,5.75,5.65,5.65,11850,1456600,18450.0,CE
2023-01-31 14:24:00,5.65,5.65,5.5,5.55,6950,1456750,18450.0,CE
2023-01-31 14:25:00,5.6,5.65,5.5,5.65,19200,1456750,18450.0,CE
2023-01-31 14:26:00,5.65,5.95,5.6,5.9,33700,1456750,18450.0,CE
2023-01-31 14:27:00,5.95,6.1,5.95,6.0,72900,1453650,18450.0,CE
2023-01-31 14:28:00,5.95,5.95,5.8,5.85,18700,1453650,18450.0,CE
2023-01-31 14:29:00,5.85,5.9,5.55,5.6,17950,1453650,18450.0,CE
2023-01-31 14:30:00,5.65,5.8,5.6,5.8,22100,1438800,18450.0,CE
2023-01-31 14:31:00,5.75,5.8,5.5,5.6,8250,1438800,18450.0,CE
2023-01-31 14:32:00,5.6,5.65,5.5,5.6,14500,1438800,18450.0,CE
2023-01-31 14:33:00,5.6,5.65,5.55,5.65,14950,1436400,18450.0,CE
2023-01-31 14:34:00,5.6,5.75,5.45,5.7,22000,1436400,18450.0,CE
2023-01-31 14:35:00,5.7,5.85,5.65,5.65,13850,1436400,18450.0,CE
2023-01-31 14:36:00,5.65,5.75,5.6,5.65,15900,1439250,18450.0,CE
2023-01-31 14:37:00,5.7,5.75,5.65,5.65,11450,1439250,18450.0,CE
2023-01-31 14:38:00,5.65,5.7,5.6,5.65,26100,1439250,18450.0,CE
2023-01-31 14:39:00,5.65,5.7,5.4,5.55,27850,1428600,18450.0,CE
2023-01-31 14:40:00,5.6,5.75,5.6,5.7,63050,1428600,18450.0,CE
2023-01-31 14:41:00,5.7,5.75,5.55,5.55,27100,1428600,18450.0,CE
2023-01-31 14:42:00,5.6,5.65,5.55,5.55,22900,1433800,18450.0,CE
2023-01-31 14:43:00,5.6,5.7,5.45,5.7,25900,1433800,18450.0,CE
2023-01-31 14:44:00,5.7,5.75,5.6,5.7,35700,1433800,18450.0,CE
2023-01-31 14:45:00,5.7,5.75,5.6,5.65,23700,1447500,18450.0,CE
2023-01-31 14:46:00,5.8,5.8,5.6,5.6,32600,1447500,18450.0,CE
2023-01-31 14:47:00,5.65,5.7,5.5,5.6,34950,1447500,18450.0,CE
2023-01-31 14:48:00,5.6,5.7,5.5,5.7,18150,1440350,18450.0,CE
2023-01-31 14:49:00,5.75,5.8,5.55,5.65,14950,1440350,18450.0,CE
2023-01-31 14:50:00,5.75,5.95,5.7,5.9,44850,1440350,18450.0,CE
2023-01-31 14:51:00,5.9,6.1,5.85,5.95,53300,1427850,18450.0,CE
2023-01-31 14:52:00,6.1,6.1,5.85,5.85,24050,1427850,18450.0,CE
2023-01-31 14:53:00,5.85,6.0,5.75,5.95,34100,1427850,18450.0,CE
2023-01-31 14:54:00,5.95,6.0,5.9,6.0,12900,1439300,18450.0,CE
2023-01-31 14:55:00,6.0,6.05,5.95,6.0,14750,1439300,18450.0,CE
2023-01-31 14:56:00,6.0,6.15,5.95,6.05,23450,1439300,18450.0,CE
2023-01-31 14:57:00,6.1,6.25,6.05,6.25,80800,1428750,18450.0,CE
2023-01-31 14:58:00,6.2,6.35,6.1,6.2,63700,1428750,18450.0,CE
2023-01-31 14:59:00,6.2,6.25,6.05,6.15,54050,1428750,18450.0,CE
2023-01-31 15:00:00,6.2,6.5,5.65,6.15,167650,1433800,18450.0,CE
2023-01-31 15:01:00,6.15,6.35,5.75,5.9,157900,1433800,18450.0,CE
2023-01-31 15:02:00,5.95,6.15,5.95,6.1,90550,1433800,18450.0,CE
2023-01-31 15:03:00,6.05,6.15,5.85,6.1,61000,1421200,18450.0,CE
2023-01-31 15:04:00,6.0,6.1,5.95,6.05,53500,1421200,18450.0,CE
2023-01-31 15:05:00,6.1,6.2,5.9,6.0,59600,1421200,18450.0,CE
2023-01-31 15:06:00,6.0,6.15,6.0,6.05,38450,1419900,18450.0,CE
2023-01-31 15:07:00,6.05,6.15,5.95,6.0,41650,1419900,18450.0,CE
2023-01-31 15:08:00,6.05,6.15,5.9,5.95,23550,1419900,18450.0,CE
2023-01-31 15:09:00,6.0,6.1,5.9,5.95,19900,1427900,18450.0,CE
2023-01-31 15:10:00,6.0,6.2,6.0,6.1,13800,1427900,18450.0,CE
2023-01-31 15:11:00,6.2,6.3,6.1,6.2,15900,1427900,18450.0,CE
2023-01-31 15:12:00,6.2,6.3,6.15,6.2,27100,1427650,18450.0,CE
2023-01-31 15:13:00,6.25,6.25,6.0,6.1,24500,1427650,18450.0,CE
2023-01-31 15:14:00,6.1,6.1,5.95,6.0,37050,1427650,18450.0,CE
2023-01-31 15:15:00,5.95,6.0,5.7,5.8,69300,1411250,18450.0,CE
2023-01-31 15:16:00,5.75,5.9,5.75,5.9,49000,1411250,18450.0,CE
2023-01-31 15:17:00,5.8,5.9,5.7,5.9,33500,1411250,18450.0,CE
2023-01-31 15:18:00,5.8,5.95,5.75,5.95,67450,1413100,18450.0,CE
2023-01-31 15:19:00,5.9,6.25,5.9,6.25,40150,1413100,18450.0,CE
2023-01-31 15:20:00,6.2,6.3,6.0,6.05,51850,1413100,18450.0,CE
2023-01-31 15:21:00,6.1,6.25,6.05,6.25,25150,1430500,18450.0,CE
2023-01-31 15:22:00,6.2,6.25,6.05,6.25,48600,1430500,18450.0,CE
2023-01-31 15:23:00,6.25,6.3,6.2,6.25,60450,1430500,18450.0,CE
2023-01-31 15:24:00,6.2,6.35,6.2,6.25,63100,1431500,18450.0,CE
2023-01-31 15:25:00,6.3,6.3,5.95,6.0,87250,1431500,18450.0,CE
2023-01-31 15:26:00,5.95,6.15,5.95,6.05,68250,1431500,18450.0,CE
2023-01-31 15:27:00,6.05,6.05,5.9,6.05,43950,1438300,18450.0,CE
2023-01-31 15:28:00,6.05,6.05,5.75,5.85,67500,1438300,18450.0,CE
2023-01-31 15:29:00,5.8,6.3,5.75,6.3,75250,1438300,18450.0,CE
2023-02-01 09:15:00,7.35,8.5,6.5,6.8,169953,1427700,18450.0,CE
2023-02-01 09:16:00,6.75,7.15,6.55,6.55,156750,1427700,18450.0,CE
2023-02-01 09:17:00,6.45,7.3,6.35,6.9,286850,1466900,18450.0,CE
2023-02-01 09:18:00,6.9,7.05,6.55,6.65,152200,1466900,18450.0,CE
2023-02-01 09:19:00,6.6,6.65,6.25,6.4,144100,1466900,18450.0,CE
2023-02-01 09:20:00,6.35,6.9,6.2,6.5,196450,1556750,18450.0,CE
2023-02-01 09:21:00,6.45,6.45,6.15,6.2,122600,1556750,18450.0,CE
2023-02-01 09:22:00,6.25,6.4,6.1,6.25,79650,1556750,18450.0,CE
2023-02-01 09:23:00,6.35,6.65,6.35,6.5,100100,1570250,18450.0,CE
2023-02-01 09:24:00,6.5,6.6,6.35,6.4,101700,1570250,18450.0,CE
2023-02-01 09:25:00,6.4,6.5,6.2,6.4,193000,1570250,18450.0,CE
2023-02-01 09:26:00,6.4,6.55,6.35,6.4,148300,1653300,18450.0,CE
2023-02-01 09:27:00,6.4,6.65,6.2,6.55,140050,1653300,18450.0,CE
2023-02-01 09:28:00,6.55,6.6,6.35,6.55,125200,1653300,18450.0,CE
2023-02-01 09:29:00,6.55,6.6,6.4,6.4,105050,1655850,18450.0,CE
2023-02-01 09:30:00,6.4,6.55,6.3,6.35,134600,1655850,18450.0,CE
2023-02-01 09:31:00,6.4,6.4,6.0,6.0,91900,1655850,18450.0,CE
2023-02-01 09:32:00,5.95,5.95,5.65,5.9,132850,1684050,18450.0,CE
2023-02-01 09:33:00,5.85,5.95,5.75,5.75,131900,1684050,18450.0,CE
2023-02-01 09:34:00,5.8,5.95,5.65,5.75,133400,1684050,18450.0,CE
2023-02-01 09:35:00,5.8,5.85,5.6,5.7,77250,1689750,18450.0,CE
2023-02-01 09:36:00,5.65,5.95,5.65,5.7,76250,1689750,18450.0,CE
2023-02-01 09:37:00,5.75,5.9,5.7,5.75,34050,1689750,18450.0,CE
2023-02-01 09:38:00,5.75,5.9,5.7,5.9,42050,1714250,18450.0,CE
2023-02-01 09:39:00,5.85,5.95,5.8,5.85,45050,1714250,18450.0,CE
2023-02-01 09:40:00,5.9,6.0,5.8,6.0,38850,1714250,18450.0,CE
2023-02-01 09:41:00,5.95,6.0,5.8,5.8,33050,1709650,18450.0,CE
2023-02-01 09:42:00,5.8,5.8,5.7,5.7,43200,1709650,18450.0,CE
2023-02-01 09:43:00,5.7,5.8,5.65,5.75,35300,1709650,18450.0,CE
2023-02-01 09:44:00,5.75,5.75,5.65,5.65,31650,1707600,18450.0,CE
2023-02-01 09:45:00,5.65,5.7,5.5,5.55,50300,1707600,18450.0,CE
2023-02-01 09:46:00,5.5,5.5,5.3,5.4,55000,1707600,18450.0,CE
2023-02-01 09:47:00,5.4,5.45,5.25,5.3,39050,1706100,18450.0,CE
2023-02-01 09:48:00,5.25,5.3,5.15,5.2,35200,1706100,18450.0,CE
2023-02-01 09:49:00,5.2,5.25,5.05,5.05,52150,1706100,18450.0,CE
2023-02-01 09:50:00,5.05,5.1,4.9,5.0,87250,1695150,18450.0,CE
2023-02-01 09:51:00,5.05,5.05,4.85,4.9,55450,1695150,18450.0,CE
2023-02-01 09:52:00,4.9,4.95,4.7,4.7,59550,1695150,18450.0,CE
2023-02-01 09:53:00,4.65,4.7,4.55,4.65,69600,1683550,18450.0,CE
2023-02-01 09:54:00,4.65,4.7,4.6,4.6,56900,1683550,18450.0,CE
2023-02-01 09:55:00,4.6,4.6,4.45,4.55,110850,1683550,18450.0,CE
2023-02-01 09:56:00,4.5,4.5,4.3,4.3,80350,1635400,18450.0,CE
2023-02-01 09:57:00,4.35,4.35,4.25,4.35,277300,1635400,18450.0,CE
2023-02-01 09:58:00,4.35,4.4,4.3,4.35,198500,1635400,18450.0,CE
2023-02-01 09:59:00,4.35,4.5,4.35,4.4,67050,1484650,18450.0,CE
2023-02-01 10:00:00,4.45,4.45,4.2,4.25,59900,1484650,18450.0,CE
2023-02-01 10:01:00,4.25,4.3,4.2,4.2,22500,1484650,18450.0,CE
2023-02-01 10:02:00,4.2,4.3,4.2,4.25,62450,1437800,18450.0,CE
2023-02-01 10:03:00,4.3,4.4,4.2,4.4,48800,1437800,18450.0,CE
2023-02-01 10:04:00,4.35,4.5,4.3,4.5,33850,1437800,18450.0,CE
2023-02-01 10:05:00,4.55,4.85,4.5,4.85,50700,1417450,18450.0,CE
2023-02-01 10:06:00,4.85,5.05,4.8,5.05,26750,1417450,18450.0,CE
2023-02-01 10:07:00,5.05,5.15,5.0,5.0,60000,1417450,18450.0,CE
2023-02-01 10:08:00,5.0,5.1,4.9,4.95,29450,1422000,18450.0,CE
2023-02-01 10:09:00,5.0,5.25,5.0,5.15,27050,1422000,18450.0,CE
2023-02-01 10:10:00,5.15,5.3,5.1,5.3,28000,1422000,18450.0,CE
2023-02-01 10:11:00,5.25,5.25,5.15,5.2,20500,1428700,18450.0,CE
2023-02-01 10:12:00,5.25,5.25,5.05,5.05,31800,1428700,18450.0,CE
2023-02-01 10:13:00,5.05,5.15,4.95,5.15,20350,1428700,18450.0,CE
2023-02-01 10:14:00,5.2,5.25,5.15,5.2,16850,1417800,18450.0,CE
2023-02-01 10:15:00,5.2,5.3,5.2,5.3,7150,1417800,18450.0,CE
2023-02-01 10:16:00,5.3,5.45,5.25,5.4,8500,1417800,18450.0,CE
2023-02-01 10:17:00,5.45,5.45,5.15,5.2,13200,1424800,18450.0,CE
2023-02-01 10:18:00,5.25,5.25,5.15,5.15,25500,1424800,18450.0,CE
2023-02-01 10:19:00,5.2,5.25,5.15,5.15,6750,1424800,18450.0,CE
2023-02-01 10:20:00,5.2,5.25,5.0,5.0,23550,1428450,18450.0,CE
2023-02-01 10:21:00,5.05,5.2,5.05,5.15,22850,1428450,18450.0,CE
2023-02-01 10:22:00,5.15,5.25,5.15,5.2,11950,1428450,18450.0,CE
2023-02-01 10:23:00,5.2,5.3,5.15,5.2,6650,1410800,18450.0,CE
2023-02-01 10:24:00,5.25,5.3,5.15,5.3,10850,1410800,18450.0,CE
2023-02-01 10:25:00,5.35,5.8,5.35,5.75,63650,1410800,18450.0,CE
2023-02-01 10:26:00,5.8,6.3,5.7,6.25,97300,1426850,18450.0,CE
2023-02-01 10:27:00,6.25,6.55,6.25,6.3,150250,1426850,18450.0,CE
2023-02-01 10:28:00,6.3,6.35,5.9,5.95,113400,1426850,18450.0,CE
2023-02-01 10:29:00,6.05,6.3,6.0,6.05,60350,1498250,18450.0,CE
2023-02-01 10:30:00,6.05,6.15,5.75,5.8,47600,1498250,18450.0,CE
2023-02-01 10:31:00,5.8,5.95,5.8,5.9,32900,1498250,18450.0,CE
2023-02-01 10:32:00,5.9,6.0,5.9,5.95,36600,1494200,18450.0,CE
2023-02-01 10:33:00,5.95,5.95,5.85,5.85,18100,1494200,18450.0,CE
2023-02-01 10:34:00,5.85,6.1,5.85,6.0,22450,1494200,18450.0,CE
2023-02-01 10:35:00,5.95,5.95,5.7,5.75,46350,1487500,18450.0,CE
2023-02-01 10:36:00,5.75,5.95,5.75,5.8,18350,1487500,18450.0,CE
2023-02-01 10:37:00,5.8,5.8,5.55,5.75,32400,1487500,18450.0,CE
2023-02-01 10:38:00,5.7,5.7,5.4,5.4,26050,1496900,18450.0,CE
2023-02-01 10:39:00,5.4,5.45,5.35,5.4,20200,1496900,18450.0,CE
2023-02-01 10:40:00,5.35,5.45,5.1,5.35,25550,1496900,18450.0,CE
2023-02-01 10:41:00,5.35,5.65,5.3,5.65,25200,1502550,18450.0,CE
2023-02-01 10:42:00,5.65,5.7,5.55,5.55,13050,1502550,18450.0,CE
2023-02-01 10:43:00,5.55,5.6,5.5,5.5,16250,1502550,18450.0,CE
2023-02-01 10:44:00,5.5,5.55,5.45,5.45,6450,1508300,18450.0,CE
2023-02-01 10:45:00,5.45,5.85,5.45,5.8,22800,1508300,18450.0,CE
2023-02-01 10:46:00,5.8,5.85,5.7,5.75,43500,1508300,18450.0,CE
2023-02-01 10:47:00,5.7,5.9,5.7,5.9,11150,1502700,18450.0,CE
2023-02-01 10:48:00,5.9,5.95,5.75,5.9,19850,1502700,18450.0,CE
2023-02-01 10:49:00,5.9,6.05,5.9,6.0,31400,1502700,18450.0,CE
2023-02-01 10:50:00,5.95,5.95,5.8,5.85,37500,1507300,18450.0,CE
2023-02-01 10:51:00,5.85,5.85,5.75,5.8,20000,1507300,18450.0,CE
2023-02-01 10:52:00,5.75,5.8,5.55,5.55,39300,1507300,18450.0,CE
2023-02-01 10:53:00,5.6,5.65,5.45,5.65,41000,1510250,18450.0,CE
2023-02-01 10:54:00,5.65,5.75,5.6,5.7,34350,1510250,18450.0,CE
2023-02-01 10:55:00,5.7,5.7,5.65,5.7,23150,1510250,18450.0,CE
2023-02-01 10:56:00,5.7,5.85,5.65,5.8,24950,1506750,18450.0,CE
2023-02-01 10:57:00,5.85,5.9,5.75,5.75,26050,1506750,18450.0,CE
2023-02-01 10:58:00,5.75,5.8,5.65,5.75,28100,1506750,18450.0,CE
2023-02-01 10:59:00,5.75,5.95,5.7,5.95,22900,1506400,18450.0,CE
2023-02-01 11:00:00,6.0,6.05,5.9,6.0,28150,1506400,18450.0,CE
2023-02-01 11:01:00,5.95,6.15,5.95,6.15,42750,1506400,18450.0,CE
2023-02-01 11:02:00,6.1,6.35,6.1,6.35,30350,1508150,18450.0,CE
2023-02-01 11:03:00,6.35,6.45,6.3,6.45,31250,1508150,18450.0,CE
2023-02-01 11:04:00,6.45,6.8,6.4,6.45,104350,1508150,18450.0,CE
2023-02-01 11:05:00,6.4,6.55,6.25,6.4,42800,1509300,18450.0,CE
2023-02-01 11:06:00,6.45,6.55,6.3,6.45,48150,1509300,18450.0,CE
2023-02-01 11:07:00,6.5,6.8,6.5,6.55,44600,1509300,18450.0,CE
2023-02-01 11:08:00,6.6,6.6,6.4,6.4,37450,1514650,18450.0,CE
2023-02-01 11:09:00,6.45,6.55,6.35,6.4,60050,1514650,18450.0,CE
2023-02-01 11:10:00,6.4,6.4,6.1,6.1,25250,1514650,18450.0,CE
2023-02-01 11:11:00,6.05,6.05,4.6,4.6,107600,1507800,18450.0,CE
2023-02-01 11:12:00,4.7,6.05,4.5,5.55,276650,1507800,18450.0,CE
2023-02-01 11:13:00,5.6,5.7,5.35,5.5,57500,1507800,18450.0,CE
2023-02-01 11:14:00,5.45,5.75,5.4,5.65,49450,1531000,18450.0,CE
2023-02-01 11:15:00,5.65,5.75,5.4,5.65,36650,1531000,18450.0,CE
2023-02-01 11:16:00,5.7,5.75,5.4,5.65,36400,1531000,18450.0,CE
2023-02-01 11:17:00,5.5,5.6,5.35,5.55,44400,1545650,18450.0,CE
2023-02-01 11:18:00,5.4,5.5,5.3,5.3,27550,1545650,18450.0,CE
2023-02-01 11:19:00,5.35,5.4,5.0,5.0,41850,1545650,18450.0,CE
2023-02-01 11:20:00,5.0,5.0,4.7,4.95,101900,1550000,18450.0,CE
2023-02-01 11:21:00,4.95,5.35,4.9,5.35,65100,1550000,18450.0,CE
2023-02-01 11:22:00,5.35,5.45,5.3,5.4,92100,1550000,18450.0,CE
2023-02-01 11:23:00,5.45,5.45,5.2,5.25,26000,1535300,18450.0,CE
2023-02-01 11:24:00,5.2,5.6,5.1,5.6,47050,1535300,18450.0,CE
2023-02-01 11:25:00,5.7,5.85,5.35,5.4,56400,1535300,18450.0,CE
2023-02-01 11:26:00,5.4,5.55,5.05,5.1,58850,1537500,18450.0,CE
2023-02-01 11:27:00,5.05,5.35,5.05,5.35,37550,1537500,18450.0,CE
2023-02-01 11:28:00,5.35,5.4,5.2,5.4,38050,1537500,18450.0,CE
2023-02-01 11:29:00,5.4,5.45,5.25,5.4,53250,1535300,18450.0,CE
2023-02-01 11:30:00,5.45,5.9,5.45,5.65,49650,1535300,18450.0,CE
2023-02-01 11:31:00,5.6,5.8,5.45,5.65,32650,1535300,18450.0,CE
2023-02-01 11:32:00,5.55,5.6,5.45,5.45,47550,1531400,18450.0,CE
2023-02-01 11:33:00,5.45,5.5,5.25,5.45,100200,1531400,18450.0,CE
2023-02-01 11:34:00,5.45,5.65,5.15,5.25,111550,1531400,18450.0,CE
2023-02-01 11:35:00,5.25,5.5,5.25,5.5,54450,1493400,18450.0,CE
2023-02-01 11:36:00,5.5,5.6,5.3,5.45,35350,1493400,18450.0,CE
2023-02-01 11:37:00,5.45,5.55,5.4,5.45,23650,1493400,18450.0,CE
2023-02-01 11:38:00,5.45,5.65,5.45,5.55,39300,1490900,18450.0,CE
2023-02-01 11:39:00,5.55,5.85,5.55,5.85,48850,1490900,18450.0,CE
2023-02-01 11:40:00,5.85,5.85,5.55,5.6,21200,1490900,18450.0,CE
2023-02-01 11:41:00,5.6,5.6,5.45,5.45,39000,1504000,18450.0,CE
2023-02-01 11:42:00,5.4,5.6,5.4,5.55,32650,1504000,18450.0,CE
2023-02-01 11:43:00,5.45,5.65,5.4,5.5,95550,1504000,18450.0,CE
2023-02-01 11:44:00,5.5,5.6,5.4,5.4,24600,1547700,18450.0,CE
2023-02-01 11:45:00,5.4,5.4,5.2,5.35,45200,1547700,18450.0,CE
2023-02-01 11:46:00,5.3,5.3,5.05,5.2,56750,1547700,18450.0,CE
2023-02-01 11:47:00,5.2,5.3,5.1,5.1,24350,1552750,18450.0,CE
2023-02-01 11:48:00,5.15,5.15,4.9,4.9,27050,1552750,18450.0,CE
2023-02-01 11:49:00,4.9,4.95,4.75,4.75,27550,1552750,18450.0,CE
2023-02-01 11:50:00,4.75,4.75,4.65,4.65,30150,1542300,18450.0,CE
2023-02-01 11:51:00,4.65,4.8,4.5,4.8,37400,1542300,18450.0,CE
2023-02-01 11:52:00,4.75,5.05,4.75,4.95,50000,1542300,18450.0,CE
2023-02-01 11:53:00,4.9,4.95,4.75,4.95,29950,1525400,18450.0,CE
2023-02-01 11:54:00,4.95,5.1,4.95,5.05,48400,1525400,18450.0,CE
2023-02-01 11:55:00,5.05,5.25,5.0,5.2,40650,1525400,18450.0,CE
2023-02-01 11:56:00,5.25,5.4,5.25,5.25,48700,1507750,18450.0,CE
2023-02-01 11:57:00,5.3,5.5,5.15,5.2,86600,1507750,18450.0,CE
2023-02-01 11:58:00,5.25,5.25,4.8,4.8,41700,1507750,18450.0,CE
2023-02-01 11:59:00,4.85,4.95,4.85,4.9,44700,1525800,18450.0,CE
2023-02-01 12:00:00,4.85,4.95,4.8,4.9,41450,1525800,18450.0,CE
2023-02-01 12:01:00,4.9,4.95,4.85,4.95,30700,1525800,18450.0,CE
2023-02-01 12:02:00,4.9,5.1,4.85,5.1,47950,1533000,18450.0,CE
2023-02-01 12:03:00,5.1,5.1,4.8,4.85,43950,1533000,18450.0,CE
2023-02-01 12:04:00,4.85,4.9,4.75,4.75,14400,1533000,18450.0,CE
2023-02-01 12:05:00,4.75,4.75,4.65,4.7,24900,1521450,18450.0,CE
2023-02-01 12:06:00,4.75,4.85,4.6,4.65,22100,1521450,18450.0,CE
2023-02-01 12:07:00,4.65,4.8,4.55,4.8,27550,1521450,18450.0,CE
2023-02-01 12:08:00,4.8,4.85,4.75,4.75,16050,1508550,18450.0,CE
2023-02-01 12:09:00,4.8,4.85,4.75,4.75,11150,1508550,18450.0,CE
2023-02-01 12:10:00,4.7,4.7,4.6,4.65,21150,1508550,18450.0,CE
2023-02-01 12:11:00,4.65,4.65,4.55,4.55,11400,1510550,18450.0,CE
2023-02-01 12:12:00,4.6,4.65,4.55,4.6,32450,1510550,18450.0,CE
2023-02-01 12:13:00,4.6,4.6,4.45,4.55,111250,1510550,18450.0,CE
2023-02-01 12:14:00,4.55,4.55,4.3,4.3,130600,1514100,18450.0,CE
2023-02-01 12:15:00,4.3,4.35,4.05,4.3,91100,1514100,18450.0,CE
2023-02-01 12:16:00,4.25,4.55,4.25,4.55,67800,1514100,18450.0,CE
2023-02-01 12:17:00,4.5,4.65,4.4,4.45,50450,1518000,18450.0,CE
2023-02-01 12:18:00,4.45,4.45,4.25,4.35,33100,1518000,18450.0,CE
2023-02-01 12:19:00,4.4,4.5,4.3,4.4,21750,1518000,18450.0,CE
2023-02-01 12:20:00,4.35,4.45,4.2,4.3,18550,1529600,18450.0,CE
2023-02-01 12:21:00,4.3,4.45,4.2,4.45,19500,1529600,18450.0,CE
2023-02-01 12:22:00,4.5,5.2,4.5,4.65,116950,1529600,18450.0,CE
2023-02-01 12:23:00,4.75,4.95,4.5,4.6,69450,1503150,18450.0,CE
2023-02-01 12:24:00,4.5,4.7,4.4,4.7,65500,1503150,18450.0,CE
2023-02-01 12:25:00,4.75,5.1,4.6,4.9,97400,1503150,18450.0,CE
2023-02-01 12:26:00,4.85,5.15,3.9,4.6,137850,1495650,18450.0,CE
2023-02-01 12:27:00,4.8,4.8,4.05,4.05,158050,1495650,18450.0,CE
2023-02-01 12:28:00,4.1,4.85,4.1,4.15,161050,1495650,18450.0,CE
2023-02-01 12:29:00,4.15,4.2,3.7,3.7,63650,1495650,18450.0,CE
2023-02-01 12:30:00,3.7,4.1,3.7,4.1,77300,1468950,18450.0,CE
2023-02-01 12:31:00,4.1,4.3,3.75,3.85,90150,1468950,18450.0,CE
2023-02-01 12:32:00,3.85,3.9,3.35,3.6,179250,1468950,18450.0,CE
2023-02-01 12:33:00,3.55,3.75,3.5,3.6,140850,1453750,18450.0,CE
2023-02-01 12:34:00,3.6,3.95,3.5,3.75,175450,1453750,18450.0,CE
2023-02-01 12:35:00,3.7,3.85,3.45,3.7,162100,1453750,18450.0,CE
2023-02-01 12:36:00,3.7,3.9,3.5,3.5,154350,1460000,18450.0,CE
2023-02-01 12:37:00,3.55,3.65,3.4,3.65,90600,1460000,18450.0,CE
2023-02-01 12:38:00,3.7,3.8,3.6,3.65,165800,1460000,18450.0,CE
2023-02-01 12:39:00,3.75,4.1,3.75,3.85,157800,1406800,18450.0,CE
2023-02-01 12:40:00,3.9,4.05,3.7,3.75,105000,1406800,18450.0,CE
2023-02-01 12:41:00,3.75,3.75,3.4,3.6,105650,1406800,18450.0,CE
2023-02-01 12:42:00,3.6,3.65,3.45,3.5,147700,1400900,18450.0,CE
2023-02-01 12:43:00,3.5,3.55,3.35,3.5,142550,1400900,18450.0,CE
2023-02-01 12:44:00,3.45,3.55,3.3,3.35,44900,1400900,18450.0,CE
2023-02-01 12:45:00,3.45,3.5,3.3,3.4,137600,1368800,18450.0,CE
2023-02-01 12:46:00,3.4,3.4,3.1,3.15,229850,1368800,18450.0,CE
2023-02-01 12:47:00,3.15,3.2,3.0,3.05,129500,1368800,18450.0,CE
2023-02-01 12:48:00,3.15,3.15,2.95,3.0,213500,1382800,18450.0,CE
2023-02-01 12:49:00,3.0,3.1,3.0,3.05,347300,1382800,18450.0,CE
2023-02-01 12:50:00,2.95,3.2,2.95,3.05,295100,1382800,18450.0,CE
2023-02-01 12:51:00,3.1,3.3,3.1,3.1,201950,1152400,18450.0,CE
2023-02-01 12:52:00,3.1,3.15,3.05,3.1,111050,1152400,18450.0,CE
2023-02-01 12:53:00,3.1,3.2,3.1,3.15,77200,1152400,18450.0,CE
2023-02-01 12:54:00,3.1,3.2,3.05,3.05,126500,1045900,18450.0,CE
2023-02-01 12:55:00,3.05,3.05,2.85,2.9,61350,1045900,18450.0,CE
2023-02-01 12:56:00,2.9,2.95,2.8,2.85,74900,1045900,18450.0,CE
2023-02-01 12:57:00,2.8,3.0,2.8,2.95,62250,1070300,18450.0,CE
2023-02-01 12:58:00,2.95,3.05,2.9,3.05,119050,1070300,18450.0,CE
2023-02-01 12:59:00,3.05,3.25,2.95,3.25,75500,1070300,18450.0,CE
2023-02-01 13:00:00,3.3,3.45,3.25,3.3,66800,1063200,18450.0,CE
2023-02-01 13:01:00,3.3,3.5,3.3,3.4,57650,1063200,18450.0,CE
2023-02-01 13:02:00,3.35,3.45,3.3,3.35,113400,1063200,18450.0,CE
2023-02-01 13:03:00,3.3,3.35,3.25,3.3,59150,1066900,18450.0,CE
2023-02-01 13:04:00,3.3,3.3,3.1,3.15,77400,1066900,18450.0,CE
2023-02-01 13:05:00,3.15,3.15,3.05,3.1,163300,1066900,18450.0,CE
2023-02-01 13:06:00,3.1,3.15,2.9,2.9,116900,1086400,18450.0,CE
2023-02-01 13:07:00,2.9,2.95,2.8,2.85,98300,1086400,18450.0,CE
2023-02-01 13:08:00,2.8,2.9,2.75,2.75,86650,1086400,18450.0,CE
2023-02-01 13:09:00,2.75,2.8,2.55,2.6,51050,1113000,18450.0,CE
2023-02-01 13:10:00,2.6,2.65,2.45,2.55,69650,1113000,18450.0,CE
2023-02-01 13:11:00,2.5,2.55,2.45,2.5,95750,1113000,18450.0,CE
2023-02-01 13:12:00,2.45,2.55,2.45,2.45,120500,1120350,18450.0,CE
2023-02-01 13:13:00,2.45,2.45,2.3,2.35,147450,1120350,18450.0,CE
2023-02-01 13:14:00,2.35,2.4,2.35,2.35,67950,1120350,18450.0,CE
2023-02-01 13:15:00,2.35,2.4,2.35,2.4,23750,1135300,18450.0,CE
2023-02-01 13:16:00,2.35,2.4,2.35,2.35,68550,1135300,18450.0,CE
2023-02-01 13:17:00,2.4,2.4,2.25,2.3,67400,1135300,18450.0,CE
2023-02-01 13:18:00,2.3,2.35,2.2,2.25,57850,1179550,18450.0,CE
2023-02-01 13:19:00,2.2,2.3,2.15,2.25,114750,1179550,18450.0,CE
2023-02-01 13:20:00,2.25,2.3,2.15,2.25,64600,1179550,18450.0,CE
2023-02-01 13:21:00,2.3,2.3,2.15,2.2,75500,1199650,18450.0,CE
2023-02-01 13:22:00,2.15,2.2,2.1,2.1,66700,1199650,18450.0,CE
2023-02-01 13:23:00,2.1,2.15,2.0,2.0,38500,1199650,18450.0,CE
2023-02-01 13:24:00,2.05,2.05,1.9,1.9,85850,1189450,18450.0,CE
2023-02-01 13:25:00,1.9,1.95,1.85,1.9,147050,1189450,18450.0,CE
2023-02-01 13:26:00,1.9,2.05,1.85,2.05,132650,1189450,18450.0,CE
2023-02-01 13:27:00,2.0,2.05,2.0,2.05,126450,1193250,18450.0,CE
2023-02-01 13:28:00,2.05,2.05,1.9,1.9,63050,1193250,18450.0,CE
2023-02-01 13:29:00,1.95,1.95,1.9,1.95,81600,1193250,18450.0,CE
2023-02-01 13:30:00,1.95,1.95,1.85,1.95,66700,1166300,18450.0,CE
2023-02-01 13:31:00,1.9,1.95,1.85,1.85,33650,1166300,18450.0,CE
2023-02-01 13:32:00,1.9,1.95,1.85,1.95,72850,1166300,18450.0,CE
2023-02-01 13:33:00,1.9,1.9,1.85,1.85,77600,1213050,18450.0,CE
2023-02-01 13:34:00,1.85,1.9,1.8,1.8,44550,1213050,18450.0,CE
2023-02-01 13:35:00,1.85,1.85,1.8,1.85,71350,1213050,18450.0,CE
2023-02-01 13:36:00,1.85,1.85,1.7,1.75,64700,1218600,18450.0,CE
2023-02-01 13:37:00,1.75,1.8,1.7,1.7,35650,1218600,18450.0,CE
2023-02-01 13:38:00,1.75,1.75,1.7,1.7,49200,1218600,18450.0,CE
2023-02-01 13:39:00,1.7,1.75,1.65,1.7,55900,1201400,18450.0,CE
2023-02-01 13:40:00,1.7,1.75,1.7,1.75,48400,1201400,18450.0,CE
2023-02-01 13:41:00,1.75,1.75,1.65,1.7,47100,1201400,18450.0,CE
2023-02-01 13:42:00,1.65,1.95,1.65,1.9,70200,1207800,18450.0,CE
2023-02-01 13:43:00,1.9,1.95,1.85,1.9,52750,1207800,18450.0,CE
2023-02-01 13:44:00,1.9,1.9,1.8,1.85,38900,1207800,18450.0,CE
2023-02-01 13:45:00,1.8,1.9,1.8,1.85,158600,1197350,18450.0,CE
2023-02-01 13:46:00,1.85,1.85,1.8,1.8,24150,1197350,18450.0,CE
2023-02-01 13:47:00,1.85,1.9,1.8,1.9,89150,1197350,18450.0,CE
2023-02-01 13:48:00,1.85,2.0,1.85,1.95,49550,1189850,18450.0,CE
2023-02-01 13:49:00,1.95,2.05,1.9,2.0,148800,1189850,18450.0,CE
2023-02-01 13:50:00,2.05,2.05,1.9,1.9,47300,1189850,18450.0,CE
2023-02-01 13:51:00,1.9,1.9,1.8,1.85,19600,1176300,18450.0,CE
2023-02-01 13:52:00,1.9,1.9,1.8,1.85,54300,1176300,18450.0,CE
2023-02-01 13:53:00,1.85,1.95,1.8,1.95,43000,1176300,18450.0,CE
2023-02-01 13:54:00,1.95,2.0,1.95,1.95,27200,1177850,18450.0,CE
2023-02-01 13:55:00,1.95,2.0,1.9,1.95,37000,1177850,18450.0,CE
2023-02-01 13:56:00,1.9,2.0,1.9,1.95,21050,1177850,18450.0,CE
2023-02-01 13:57:00,2.0,2.0,1.95,1.95,29100,1163400,18450.0,CE
2023-02-01 13:58:00,2.0,2.05,1.95,2.05,51400,1163400,18450.0,CE
2023-02-01 13:59:00,2.1,2.35,2.05,2.35,122300,1163400,18450.0,CE
2023-02-01 14:00:00,2.3,2.4,2.3,2.35,95000,1158000,18450.0,CE
2023-02-01 14:01:00,2.35,2.35,2.2,2.2,78450,1158000,18450.0,CE
2023-02-01 14:02:00,2.2,2.35,2.2,2.3,65750,1158000,18450.0,CE
2023-02-01 14:03:00,2.35,2.35,2.2,2.2,115450,1156050,18450.0,CE
2023-02-01 14:04:00,2.2,2.2,2.05,2.1,51600,1156050,18450.0,CE
2023-02-01 14:05:00,2.1,2.15,2.05,2.05,46600,1156050,18450.0,CE
2023-02-01 14:06:00,2.05,2.05,1.9,2.0,57700,1162900,18450.0,CE
2023-02-01 14:07:00,2.0,2.05,2.0,2.0,38500,1162900,18450.0,CE
2023-02-01 14:08:00,1.95,1.95,1.9,1.95,38400,1162900,18450.0,CE
2023-02-01 14:09:00,1.95,2.0,1.95,2.0,14150,1175800,18450.0,CE
2023-02-01 14:10:00,2.0,2.0,1.95,2.0,12100,1175800,18450.0,CE
2023-02-01 14:11:00,2.0,2.0,1.95,1.95,6450,1175800,18450.0,CE
2023-02-01 14:12:00,1.95,1.95,1.85,1.85,15300,1174650,18450.0,CE
2023-02-01 14:13:00,1.9,1.9,1.85,1.85,30000,1174650,18450.0,CE
2023-02-01 14:14:00,1.85,1.85,1.8,1.85,10400,1174650,18450.0,CE
2023-02-01 14:15:00,1.85,1.85,1.75,1.75,38400,1167100,18450.0,CE
2023-02-01 14:16:00,1.8,1.9,1.75,1.9,33450,1167100,18450.0,CE
2023-02-01 14:17:00,1.85,1.9,1.85,1.9,16400,1167100,18450.0,CE
2023-02-01 14:18:00,1.9,1.95,1.85,1.85,40350,1164100,18450.0,CE
2023-02-01 14:19:00,1.9,2.0,1.9,2.0,46000,1164100,18450.0,CE
2023-02-01 14:20:00,1.95,2.05,1.95,2.0,65500,1164100,18450.0,CE
2023-02-01 14:21:00,2.05,2.05,1.95,1.95,41250,1162600,18450.0,CE
2023-02-01 14:22:00,2.0,2.0,1.95,2.0,29450,1162600,18450.0,CE
2023-02-01 14:23:00,1.95,2.0,1.95,1.95,70050,1162600,18450.0,CE
2023-02-01 14:24:00,1.95,2.05,1.95,2.05,71250,1134150,18450.0,CE
2023-02-01 14:25:00,2.05,2.15,2.05,2.15,66250,1134150,18450.0,CE
2023-02-01 14:26:00,2.1,2.2,2.1,2.15,37200,1134150,18450.0,CE
2023-02-01 14:27:00,2.15,2.15,1.95,1.95,44300,1111550,18450.0,CE
2023-02-01 14:28:00,2.05,2.05,2.0,2.05,35400,1111550,18450.0,CE
2023-02-01 14:29:00,2.0,2.05,2.0,2.05,11550,1111550,18450.0,CE
2023-02-01 14:30:00,2.05,2.15,2.0,2.1,21250,1110800,18450.0,CE
2023-02-01 14:31:00,2.1,2.2,2.1,2.15,13900,1110800,18450.0,CE
2023-02-01 14:32:00,2.15,2.3,2.15,2.3,47100,1110800,18450.0,CE
2023-02-01 14:33:00,2.3,2.3,2.2,2.3,130950,1095350,18450.0,CE
2023-02-01 14:34:00,2.3,2.3,2.2,2.2,124150,1095350,18450.0,CE
2023-02-01 14:35:00,2.2,2.2,1.95,2.0,73850,1095350,18450.0,CE
2023-02-01 14:36:00,2.0,2.0,1.9,1.95,31200,1077250,18450.0,CE
2023-02-01 14:37:00,1.95,2.0,1.9,1.95,62600,1077250,18450.0,CE
2023-02-01 14:38:00,1.9,1.95,1.8,1.8,88950,1077250,18450.0,CE
2023-02-01 14:39:00,1.8,1.8,1.7,1.8,49400,1008900,18450.0,CE
2023-02-01 14:40:00,1.75,1.8,1.75,1.75,21650,1008900,18450.0,CE
2023-02-01 14:41:00,1.8,1.9,1.8,1.85,28750,1008900,18450.0,CE
2023-02-01 14:42:00,1.85,1.9,1.85,1.9,9950,984900,18450.0,CE
2023-02-01 14:43:00,1.9,1.95,1.9,1.9,26200,984900,18450.0,CE
2023-02-01 14:44:00,1.95,2.0,1.9,2.0,31750,984900,18450.0,CE
2023-02-01 14:45:00,1.95,2.15,1.95,2.1,86000,984900,18450.0,CE
2023-02-01 14:46:00,2.05,2.2,2.05,2.15,52950,960800,18450.0,CE
2023-02-01 14:47:00,2.15,2.3,2.1,2.2,71800,960800,18450.0,CE
2023-02-01 14:48:00,2.25,2.4,2.2,2.35,98800,916100,18450.0,CE
2023-02-01 14:49:00,2.35,2.4,2.2,2.2,29650,916100,18450.0,CE
2023-02-01 14:50:00,2.25,2.35,2.15,2.3,43950,916100,18450.0,CE
2023-02-01 14:51:00,2.3,2.4,2.25,2.4,58250,916100,18450.0,CE
2023-02-01 14:52:00,2.45,2.5,2.35,2.45,77250,887850,18450.0,CE
2023-02-01 14:53:00,2.45,2.55,2.35,2.4,45750,887850,18450.0,CE
2023-02-01 14:54:00,2.4,2.6,2.4,2.55,36200,868800,18450.0,CE
2023-02-01 14:55:00,2.55,2.55,2.4,2.4,46700,868800,18450.0,CE
2023-02-01 14:56:00,2.4,2.45,2.3,2.3,28850,868800,18450.0,CE
2023-02-01 14:57:00,2.3,2.35,2.2,2.25,19200,841600,18450.0,CE
2023-02-01 14:58:00,2.25,2.45,2.25,2.4,73350,841600,18450.0,CE
2023-02-01 14:59:00,2.45,2.55,2.45,2.45,19050,841600,18450.0,CE
2023-02-01 15:00:00,2.4,2.45,2.2,2.2,34750,854100,18450.0,CE
2023-02-01 15:01:00,2.25,2.3,2.2,2.2,45500,854100,18450.0,CE
2023-02-01 15:02:00,2.25,2.25,1.95,2.05,58250,854100,18450.0,CE
2023-02-01 15:03:00,2.05,2.05,2.0,2.05,45750,853650,18450.0,CE
2023-02-01 15:04:00,2.05,2.1,2.0,2.0,106300,853650,18450.0,CE
2023-02-01 15:05:00,2.0,2.15,2.0,2.15,33850,853650,18450.0,CE
2023-02-01 15:06:00,2.1,2.2,2.05,2.05,59700,851700,18450.0,CE
2023-02-01 15:07:00,2.0,2.05,2.0,2.05,21800,851700,18450.0,CE
2023-02-01 15:08:00,2.0,2.2,2.0,2.1,64950,851700,18450.0,CE
2023-02-01 15:09:00,2.1,2.1,1.8,1.8,71550,864150,18450.0,CE
2023-02-01 15:10:00,1.85,1.85,1.8,1.85,85250,864150,18450.0,CE
2023-02-01 15:11:00,1.85,1.9,1.8,1.8,62550,864150,18450.0,CE
2023-02-01 15:12:00,1.8,1.85,1.6,1.65,113600,882350,18450.0,CE
2023-02-01 15:13:00,1.7,1.7,1.65,1.7,7950,882350,18450.0,CE
2023-02-01 15:14:00,1.65,1.7,1.6,1.65,93200,882350,18450.0,CE
2023-02-01 15:15:00,1.65,1.7,1.6,1.7,65850,889950,18450.0,CE
2023-02-01 15:16:00,1.75,1.75,1.55,1.55,77250,889950,18450.0,CE
2023-02-01 15:17:00,1.55,1.6,1.55,1.55,45200,889950,18450.0,CE
2023-02-01 15:18:00,1.55,1.65,1.5,1.55,201550,905900,18450.0,CE
2023-02-01 15:19:00,1.55,1.55,1.45,1.5,104250,905900,18450.0,CE
2023-02-01 15:20:00,1.5,1.5,1.2,1.2,92250,905900,18450.0,CE
2023-02-01 15:21:00,1.2,1.3,1.15,1.3,129900,877350,18450.0,CE
2023-02-01 15:22:00,1.25,1.4,1.25,1.4,62200,877350,18450.0,CE
2023-02-01 15:23:00,1.35,1.4,1.1,1.2,108150,877350,18450.0,CE
2023-02-01 15:24:00,1.2,1.25,1.1,1.15,97350,846450,18450.0,CE
2023-02-01 15:25:00,1.2,1.2,0.95,1.05,75400,846450,18450.0,CE
2023-02-01 15:26:00,1.05,1.2,1.0,1.15,61300,846450,18450.0,CE
2023-02-01 15:27:00,1.1,1.2,1.1,1.2,59000,848450,18450.0,CE
2023-02-01 15:28:00,1.15,1.25,1.1,1.25,34650,848450,18450.0,CE
2023-02-01 15:29:00,1.2,1.4,1.15,1.35,59250,848450,18450.0,CE
2023-02-02 09:15:00,1.0,1.6,0.7,1.0,91852,839700,18450.0,CE
2023-02-02 09:16:00,1.0,1.1,0.95,1.05,27500,839700,18450.0,CE
2023-02-02 09:17:00,1.1,1.15,1.05,1.15,31550,835700,18450.0,CE
2023-02-02 09:18:00,1.15,1.35,1.1,1.25,129650,835700,18450.0,CE
2023-02-02 09:19:00,1.3,1.45,1.3,1.4,73750,835700,18450.0,CE
2023-02-02 09:20:00,1.4,1.45,1.35,1.45,24900,794800,18450.0,CE
2023-02-02 09:21:00,1.45,1.45,1.35,1.4,61850,794800,18450.0,CE
2023-02-02 09:22:00,1.4,1.4,1.25,1.3,38950,794800,18450.0,CE
2023-02-02 09:23:00,1.25,1.35,1.25,1.3,51600,794800,18450.0,CE
2023-02-02 09:24:00,1.3,1.3,1.0,1.0,57950,794800,18450.0,CE
2023-02-02 09:25:00,1.0,1.05,0.95,0.95,62050,794800,18450.0,CE
2023-02-02 09:26:00,0.95,1.0,0.95,1.0,38300,798000,18450.0,CE
2023-02-02 09:27:00,1.0,1.0,0.95,0.95,21900,798000,18450.0,CE
2023-02-02 09:28:00,0.95,1.05,0.95,0.95,78450,798000,18450.0,CE
2023-02-02 09:29:00,0.95,1.0,0.95,0.95,17450,767050,18450.0,CE
2023-02-02 09:30:00,0.95,1.0,0.85,0.85,52100,767050,18450.0,CE
2023-02-02 09:31:00,0.9,0.95,0.85,0.95,29250,767050,18450.0,CE
2023-02-02 09:32:00,0.9,1.0,0.9,0.95,36100,780300,18450.0,CE
2023-02-02 09:33:00,0.95,1.0,0.95,0.95,23200,780300,18450.0,CE
2023-02-02 09:34:00,1.0,1.05,0.95,1.05,43500,780300,18450.0,CE
2023-02-02 09:35:00,1.05,1.1,1.0,1.1,20750,784500,18450.0,CE
2023-02-02 09:36:00,1.05,1.05,0.95,0.95,39000,784500,18450.0,CE
2023-02-02 09:37:00,0.95,0.95,0.85,0.85,47900,784500,18450.0,CE
2023-02-02 09:38:00,0.85,0.9,0.85,0.9,31450,767950,18450.0,CE
2023-02-02 09:39:00,0.95,0.95,0.9,0.9,27350,767950,18450.0,CE
2023-02-02 09:40:00,0.95,0.95,0.9,0.9,16800,767950,18450.0,CE
2023-02-02 09:41:00,0.9,0.95,0.9,0.95,1950,754850,18450.0,CE
2023-02-02 09:42:00,0.95,0.95,0.85,0.85,11100,754850,18450.0,CE
2023-02-02 09:43:00,0.9,0.9,0.75,0.75,81050,754850,18450.0,CE
2023-02-02 09:44:00,0.8,0.8,0.75,0.75,19550,762900,18450.0,CE
2023-02-02 09:45:00,0.75,0.75,0.7,0.7,32800,762900,18450.0,CE
2023-02-02 09:46:00,0.7,0.75,0.7,0.75,35500,762900,18450.0,CE
2023-02-02 09:47:00,0.75,0.75,0.7,0.75,17500,765450,18450.0,CE
2023-02-02 09:48:00,0.75,0.75,0.7,0.75,9200,765450,18450.0,CE
2023-02-02 09:49:00,0.75,0.8,0.75,0.75,5650,765450,18450.0,CE
2023-02-02 09:50:00,0.8,0.8,0.75,0.8,22750,764550,18450.0,CE
2023-02-02 09:51:00,0.85,0.85,0.8,0.8,7250,764550,18450.0,CE
2023-02-02 09:52:00,0.8,0.8,0.75,0.75,13800,764550,18450.0,CE
2023-02-02 09:53:00,0.75,0.75,0.65,0.7,39100,759000,18450.0,CE
2023-02-02 09:54:00,0.7,0.7,0.65,0.7,42850,759000,18450.0,CE
2023-02-02 09:55:00,0.7,0.8,0.65,0.75,43750,759000,18450.0,CE
2023-02-02 09:56:00,0.75,0.8,0.7,0.7,61450,768500,18450.0,CE
2023-02-02 09:57:00,0.75,0.8,0.75,0.75,29000,768500,18450.0,CE
2023-02-02 09:58:00,0.75,0.8,0.65,0.65,21200,768500,18450.0,CE
2023-02-02 09:59:00,0.7,0.75,0.65,0.7,23450,767400,18450.0,CE
2023-02-02 10:00:00,0.7,0.75,0.7,0.75,10650,767400,18450.0,CE
2023-02-02 10:01:00,0.7,0.7,0.65,0.65,40450,767400,18450.0,CE
2023-02-02 10:02:00,0.65,0.7,0.65,0.65,20700,760550,18450.0,CE
2023-02-02 10:03:00,0.7,0.7,0.65,0.7,34350,760550,18450.0,CE
2023-02-02 10:04:00,0.7,0.75,0.7,0.7,9400,760550,18450.0,CE
2023-02-02 10:05:00,0.7,0.75,0.7,0.75,6700,766950,18450.0,CE
2023-02-02 10:06:00,0.7,0.8,0.7,0.75,49300,766950,18450.0,CE
2023-02-02 10:07:00,0.75,0.75,0.7,0.75,17250,766950,18450.0,CE
2023-02-02 10:08:00,0.7,0.75,0.7,0.7,3800,753950,18450.0,CE
2023-02-02 10:09:00,0.7,0.7,0.7,0.7,5450,753950,18450.0,CE
2023-02-02 10:10:00,0.7,0.75,0.7,0.75,4250,753950,18450.0,CE
2023-02-02 10:11:00,0.7,0.75,0.7,0.75,13450,750400,18450.0,CE
2023-02-02 10:12:00,0.7,0.75,0.7,0.75,4500,750400,18450.0,CE
2023-02-02 10:13:00,0.7,0.75,0.7,0.75,10950,750400,18450.0,CE
2023-02-02 10:14:00,0.75,0.75,0.7,0.75,8050,746000,18450.0,CE
2023-02-02 10:15:00,0.75,0.75,0.7,0.7,8350,746000,18450.0,CE
2023-02-02 10:16:00,0.7,0.75,0.7,0.75,30950,746000,18450.0,CE
2023-02-02 10:17:00,0.7,0.75,0.7,0.75,6250,736000,18450.0,CE
2023-02-02 10:18:00,0.75,0.75,0.7,0.7,4150,736000,18450.0,CE
2023-02-02 10:19:00,0.7,0.75,0.7,0.7,7900,736000,18450.0,CE
2023-02-02 10:20:00,0.7,0.75,0.7,0.7,17100,742850,18450.0,CE
2023-02-02 10:21:00,0.7,0.75,0.7,0.7,12750,742850,18450.0,CE
2023-02-02 10:22:00,0.65,0.7,0.65,0.7,6400,742850,18450.0,CE
2023-02-02 10:23:00,0.7,0.7,0.65,0.7,3800,748100,18450.0,CE
2023-02-02 10:24:00,0.7,0.7,0.65,0.65,5850,748100,18450.0,CE
2023-02-02 10:25:00,0.65,0.7,0.65,0.65,2200,748100,18450.0,CE
2023-02-02 10:26:00,0.7,0.7,0.65,0.65,2300,744950,18450.0,CE
2023-02-02 10:27:00,0.65,0.7,0.65,0.65,26900,744950,18450.0,CE
2023-02-02 10:28:00,0.6,0.65,0.6,0.65,13550,744950,18450.0,CE
2023-02-02 10:29:00,0.65,0.7,0.6,0.7,44450,751550,18450.0,CE
2023-02-02 10:30:00,0.65,0.7,0.65,0.7,19100,751550,18450.0,CE
2023-02-02 10:31:00,0.7,0.75,0.7,0.7,18600,751550,18450.0,CE
2023-02-02 10:32:00,0.7,0.7,0.65,0.7,34400,750750,18450.0,CE
2023-02-02 10:33:00,0.65,0.7,0.65,0.7,5700,750750,18450.0,CE
2023-02-02 10:34:00,0.7,0.7,0.65,0.7,36250,750750,18450.0,CE
2023-02-02 10:35:00,0.7,0.75,0.7,0.7,9200,757750,18450.0,CE
2023-02-02 10:36:00,0.75,0.75,0.7,0.7,7300,757750,18450.0,CE
2023-02-02 10:37:00,0.7,0.75,0.7,0.7,5900,757750,18450.0,CE
2023-02-02 10:38:00,0.7,0.75,0.7,0.7,8250,746950,18450.0,CE
2023-02-02 10:39:00,0.7,0.75,0.7,0.7,1950,746950,18450.0,CE
2023-02-02 10:40:00,0.7,0.7,0.7,0.7,20150,746950,18450.0,CE
2023-02-02 10:41:00,0.7,0.7,0.6,0.6,21100,742400,18450.0,CE
2023-02-02 10:42:00,0.65,0.65,0.6,0.6,2400,742400,18450.0,CE
2023-02-02 10:43:00,0.6,0.65,0.5,0.5,25050,742400,18450.0,CE
2023-02-02 10:44:00,0.5,0.55,0.5,0.5,2250,742400,18450.0,CE
2023-02-02 10:45:00,0.5,0.55,0.5,0.55,200,742800,18450.0,CE
2023-02-02 10:46:00,0.55,0.55,0.5,0.55,650,742800,18450.0,CE
2023-02-02 10:47:00,0.55,0.55,0.5,0.5,12350,738450,18450.0,CE
2023-02-02 10:48:00,0.5,0.55,0.5,0.5,7350,738450,18450.0,CE
2023-02-02 10:49:00,0.55,0.55,0.5,0.5,2800,738450,18450.0,CE
2023-02-02 10:50:00,0.5,0.55,0.5,0.5,7950,736000,18450.0,CE
2023-02-02 10:51:00,0.5,0.5,0.45,0.5,19100,736000,18450.0,CE
2023-02-02 10:52:00,0.5,0.5,0.5,0.5,250,736000,18450.0,CE
2023-02-02 10:53:00,0.5,0.5,0.45,0.45,400,736000,18450.0,CE
2023-02-02 10:54:00,0.45,0.5,0.45,0.5,1550,732200,18450.0,CE
2023-02-02 10:55:00,0.5,0.5,0.45,0.45,2150,732200,18450.0,CE
2023-02-02 10:56:00,0.5,0.5,0.5,0.5,1700,731100,18450.0,CE
2023-02-02 10:57:00,0.5,0.55,0.5,0.5,21450,731100,18450.0,CE
2023-02-02 10:58:00,0.5,0.5,0.5,0.5,1700,731100,18450.0,CE
2023-02-02 10:59:00,0.55,0.55,0.5,0.55,2000,737750,18450.0,CE
2023-02-02 11:00:00,0.55,0.55,0.5,0.5,2050,737750,18450.0,CE
2023-02-02 11:01:00,0.55,0.55,0.55,0.55,150,737750,18450.0,CE
2023-02-02 11:02:00,0.55,0.55,0.5,0.5,3950,739650,18450.0,CE
2023-02-02 11:03:00,0.5,0.5,0.5,0.5,2800,739650,18450.0,CE
2023-02-02 11:04:00,0.5,0.55,0.5,0.55,2600,739650,18450.0,CE
2023-02-02 11:05:00,0.5,0.5,0.5,0.5,600,739650,18450.0,CE
2023-02-02 11:06:00,0.55,0.55,0.5,0.55,2650,734850,18450.0,CE
2023-02-02 11:07:00,0.55,0.55,0.5,0.55,18600,734850,18450.0,CE
2023-02-02 11:08:00,0.55,0.55,0.5,0.5,4600,734850,18450.0,CE
2023-02-02 11:09:00,0.5,0.55,0.45,0.45,23500,749100,18450.0,CE
2023-02-02 11:10:00,0.45,0.5,0.45,0.5,4500,749100,18450.0,CE
2023-02-02 11:11:00,0.45,0.55,0.45,0.55,18250,753650,18450.0,CE
2023-02-02 11:12:00,0.5,0.5,0.5,0.5,9800,753650,18450.0,CE
2023-02-02 11:13:00,0.5,0.55,0.45,0.45,33450,753650,18450.0,CE
2023-02-02 11:14:00,0.45,0.5,0.45,0.5,250,753650,18450.0,CE
2023-02-02 11:15:00,0.45,0.5,0.45,0.5,2600,735350,18450.0,CE
2023-02-02 11:16:00,0.5,0.5,0.45,0.45,1700,735350,18450.0,CE
2023-02-02 11:17:00,0.5,0.5,0.45,0.5,3150,735350,18450.0,CE
2023-02-02 11:18:00,0.5,0.5,0.45,0.45,650,738150,18450.0,CE
2023-02-02 11:19:00,0.5,0.5,0.45,0.5,650,738150,18450.0,CE
2023-02-02 11:20:00,0.45,0.5,0.45,0.5,1450,738350,18450.0,CE
2023-02-02 11:21:00,0.45,0.5,0.45,0.5,100,738350,18450.0,CE
2023-02-02 11:22:00,0.45,0.45,0.45,0.45,700,738350,18450.0,CE
2023-02-02 11:23:00,0.45,0.45,0.45,0.45,50,738350,18450.0,CE
2023-02-02 11:24:00,0.5,0.5,0.45,0.5,5900,737900,18450.0,CE
2023-02-02 11:25:00,0.5,0.5,0.45,0.45,3250,737900,18450.0,CE
2023-02-02 11:26:00,0.5,0.5,0.45,0.45,300,737900,18450.0,CE
2023-02-02 11:27:00,0.45,0.5,0.45,0.5,150,739300,18450.0,CE
2023-02-02 11:28:00,0.45,0.45,0.45,0.45,1100,739300,18450.0,CE
2023-02-02 11:29:00,0.5,0.5,0.45,0.5,2000,739300,18450.0,CE
2023-02-02 11:30:00,0.5,0.5,0.5,0.5,350,736500,18450.0,CE
2023-02-02 11:31:00,0.5,0.5,0.45,0.5,3300,736500,18450.0,CE
2023-02-02 11:32:00,0.45,0.5,0.45,0.5,2300,736500,18450.0,CE
2023-02-02 11:33:00,0.45,0.5,0.45,0.5,5700,737000,18450.0,CE
2023-02-02 11:34:00,0.45,0.5,0.45,0.5,7550,737000,18450.0,CE
2023-02-02 11:35:00,0.5,0.5,0.45,0.5,15500,737000,18450.0,CE
2023-02-02 11:36:00,0.5,0.55,0.5,0.5,4600,734900,18450.0,CE
2023-02-02 11:37:00,0.5,0.55,0.5,0.5,1050,734900,18450.0,CE
2023-02-02 11:38:00,0.5,0.55,0.5,0.5,4100,734900,18450.0,CE
2023-02-02 11:39:00,0.5,0.5,0.5,0.5,300,734650,18450.0,CE
2023-02-02 11:40:00,0.55,0.55,0.45,0.45,10050,734650,18450.0,CE
2023-02-02 11:41:00,0.45,0.45,0.4,0.45,9600,734650,18450.0,CE
2023-02-02 11:42:00,0.45,0.5,0.45,0.45,700,719150,18450.0,CE
2023-02-02 11:43:00,0.45,0.5,0.45,0.45,4200,719150,18450.0,CE
2023-02-02 11:44:00,0.45,0.5,0.45,0.5,2700,719150,18450.0,CE
2023-02-02 11:45:00,0.5,0.5,0.45,0.45,2600,719400,18450.0,CE
2023-02-02 11:46:00,0.5,0.5,0.45,0.45,1400,719400,18450.0,CE
2023-02-02 11:47:00,0.45,0.45,0.4,0.45,5950,719400,18450.0,CE
2023-02-02 11:48:00,0.45,0.45,0.4,0.45,2350,720100,18450.0,CE
2023-02-02 11:49:00,0.4,0.45,0.4,0.45,950,720100,18450.0,CE
2023-02-02 11:50:00,0.4,0.45,0.4,0.4,2550,720100,18450.0,CE
2023-02-02 11:51:00,0.4,0.4,0.4,0.4,400,718300,18450.0,CE
2023-02-02 11:52:00,0.45,0.45,0.4,0.4,750,718300,18450.0,CE
2023-02-02 11:53:00,0.45,0.45,0.4,0.45,5750,718300,18450.0,CE
2023-02-02 11:54:00,0.45,0.5,0.4,0.5,9500,719350,18450.0,CE
2023-02-02 11:55:00,0.5,0.55,0.45,0.5,23050,719350,18450.0,CE
2023-02-02 11:56:00,0.5,0.5,0.45,0.45,300,719350,18450.0,CE
2023-02-02 11:57:00,0.5,0.55,0.5,0.5,15500,715900,18450.0,CE
2023-02-02 11:58:00,0.55,0.55,0.5,0.5,7100,715900,18450.0,CE
2023-02-02 11:59:00,0.5,0.5,0.45,0.45,30700,715900,18450.0,CE
2023-02-02 12:00:00,0.45,0.55,0.45,0.45,13300,697250,18450.0,CE
2023-02-02 12:01:00,0.45,0.45,0.45,0.45,200,697250,18450.0,CE
2023-02-02 12:02:00,0.45,0.45,0.45,0.45,200,697250,18450.0,CE
2023-02-02 12:03:00,0.45,0.5,0.4,0.4,12150,696300,18450.0,CE
2023-02-02 12:04:00,0.45,0.45,0.4,0.4,200,696300,18450.0,CE
2023-02-02 12:05:00,0.4,0.4,0.4,0.4,3550,696300,18450.0,CE
2023-02-02 12:06:00,0.4,0.4,0.4,0.4,50,684400,18450.0,CE
2023-02-02 12:07:00,0.4,0.45,0.4,0.4,8600,684400,18450.0,CE
2023-02-02 12:08:00,0.4,0.4,0.35,0.35,1950,684400,18450.0,CE
2023-02-02 12:09:00,0.35,0.4,0.35,0.35,6900,680800,18450.0,CE
2023-02-02 12:10:00,0.35,0.35,0.3,0.3,21000,680800,18450.0,CE
2023-02-02 12:11:00,0.35,0.35,0.3,0.3,4050,680800,18450.0,CE
2023-02-02 12:12:00,0.3,0.35,0.3,0.3,3050,684000,18450.0,CE
2023-02-02 12:13:00,0.3,0.35,0.3,0.3,7950,684000,18450.0,CE
2023-02-02 12:14:00,0.3,0.35,0.3,0.3,3950,684000,18450.0,CE
2023-02-02 12:15:00,0.3,0.3,0.25,0.25,8350,666750,18450.0,CE
2023-02-02 12:16:00,0.3,0.3,0.25,0.25,5200,666750,18450.0,CE
2023-02-02 12:17:00,0.25,0.25,0.2,0.25,20900,666750,18450.0,CE
2023-02-02 12:18:00,0.25,0.3,0.2,0.3,17650,661350,18450.0,CE
2023-02-02 12:19:00,0.25,0.25,0.25,0.25,6800,661350,18450.0,CE
2023-02-02 12:20:00,0.2,0.25,0.2,0.2,6200,661350,18450.0,CE
2023-02-02 12:21:00,0.2,0.25,0.2,0.2,19250,655950,18450.0,CE
2023-02-02 12:22:00,0.2,0.25,0.2,0.2,4950,655950,18450.0,CE
2023-02-02 12:23:00,0.2,0.25,0.2,0.25,8050,655950,18450.0,CE
2023-02-02 12:24:00,0.25,0.25,0.2,0.2,9000,652100,18450.0,CE
2023-02-02 12:25:00,0.2,0.25,0.2,0.2,1850,652100,18450.0,CE
2023-02-02 12:26:00,0.25,0.25,0.2,0.2,2900,652100,18450.0,CE
2023-02-02 12:27:00,0.2,0.2,0.15,0.2,23950,651200,18450.0,CE
2023-02-02 12:28:00,0.15,0.2,0.15,0.15,10400,651200,18450.0,CE
2023-02-02 12:29:00,0.15,0.25,0.15,0.25,23250,651200,18450.0,CE
2023-02-02 12:30:00,0.25,0.25,0.2,0.25,22150,644050,18450.0,CE
2023-02-02 12:31:00,0.3,0.3,0.25,0.25,21600,644050,18450.0,CE
2023-02-02 12:32:00,0.25,0.3,0.25,0.3,3800,644050,18450.0,CE
2023-02-02 12:33:00,0.3,0.3,0.25,0.25,5900,647350,18450.0,CE
2023-02-02 12:34:00,0.3,0.3,0.25,0.3,10700,647350,18450.0,CE
2023-02-02 12:35:00,0.3,0.35,0.3,0.35,7250,647350,18450.0,CE
2023-02-02 12:36:00,0.3,0.3,0.25,0.3,4600,646600,18450.0,CE
2023-02-02 12:37:00,0.3,0.35,0.3,0.3,5350,646600,18450.0,CE
2023-02-02 12:38:00,0.3,0.35,0.3,0.35,4950,646600,18450.0,CE
2023-02-02 12:39:00,0.3,0.35,0.3,0.35,4650,651150,18450.0,CE
2023-02-02 12:40:00,0.35,0.4,0.35,0.35,6200,651150,18450.0,CE
2023-02-02 12:41:00,0.35,0.35,0.35,0.35,350,651150,18450.0,CE
2023-02-02 12:42:00,0.4,0.4,0.35,0.35,6950,655850,18450.0,CE
2023-02-02 12:43:00,0.35,0.4,0.35,0.35,500,655850,18450.0,CE
2023-02-02 12:44:00,0.35,0.35,0.35,0.35,1500,655850,18450.0,CE
2023-02-02 12:45:00,0.35,0.4,0.3,0.4,5550,656100,18450.0,CE
2023-02-02 12:46:00,0.35,0.35,0.3,0.3,3750,656100,18450.0,CE
2023-02-02 12:47:00,0.3,0.35,0.3,0.3,2000,656100,18450.0,CE
2023-02-02 12:48:00,0.3,0.3,0.3,0.3,400,657900,18450.0,CE
2023-02-02 12:49:00,0.35,0.4,0.35,0.4,4500,657900,18450.0,CE
2023-02-02 12:50:00,0.35,0.35,0.3,0.3,3350,657900,18450.0,CE
2023-02-02 12:51:00,0.35,0.35,0.35,0.35,5850,662850,18450.0,CE
2023-02-02 12:52:00,0.35,0.35,0.35,0.35,350,662850,18450.0,CE
2023-02-02 12:53:00,0.35,0.35,0.35,0.35,500,662850,18450.0,CE
2023-02-02 12:54:00,0.35,0.35,0.3,0.3,600,659300,18450.0,CE
2023-02-02 12:55:00,0.3,0.35,0.3,0.3,7550,659300,18450.0,CE
2023-02-02 12:56:00,0.3,0.4,0.3,0.35,8750,659300,18450.0,CE
2023-02-02 12:57:00,0.35,0.4,0.35,0.4,5550,658700,18450.0,CE
2023-02-02 12:58:00,0.4,0.45,0.4,0.45,5750,658700,18450.0,CE
2023-02-02 12:59:00,0.4,0.45,0.35,0.35,3850,658700,18450.0,CE
2023-02-02 13:00:00,0.35,0.4,0.35,0.4,1050,660750,18450.0,CE
2023-02-02 13:01:00,0.4,0.4,0.35,0.35,2050,660750,18450.0,CE
2023-02-02 13:02:00,0.35,0.35,0.3,0.35,9050,660750,18450.0,CE
2023-02-02 13:03:00,0.35,0.4,0.3,0.35,8700,656950,18450.0,CE
2023-02-02 13:04:00,0.4,0.4,0.35,0.4,700,656950,18450.0,CE
2023-02-02 13:05:00,0.4,0.4,0.3,0.35,6650,656950,18450.0,CE
2023-02-02 13:06:00,0.35,0.35,0.3,0.35,2650,655500,18450.0,CE
2023-02-02 13:07:00,0.35,0.35,0.3,0.3,2550,655500,18450.0,CE
2023-02-02 13:08:00,0.3,0.3,0.3,0.3,900,655500,18450.0,CE
2023-02-02 13:09:00,0.35,0.35,0.3,0.3,350,653700,18450.0,CE
2023-02-02 13:10:00,0.3,0.3,0.25,0.3,4900,653700,18450.0,CE
2023-02-02 13:11:00,0.25,0.3,0.25,0.3,8650,653700,18450.0,CE
2023-02-02 13:12:00,0.25,0.3,0.25,0.3,2350,651600,18450.0,CE
2023-02-02 13:13:00,0.3,0.35,0.3,0.35,650,651600,18450.0,CE
2023-02-02 13:14:00,0.3,0.35,0.3,0.3,1000,651600,18450.0,CE
2023-02-02 13:15:00,0.3,0.35,0.3,0.35,1400,652000,18450.0,CE
2023-02-02 13:16:00,0.3,0.35,0.3,0.35,950,652000,18450.0,CE
2023-02-02 13:17:00,0.35,0.35,0.3,0.3,2250,652000,18450.0,CE
2023-02-02 13:18:00,0.3,0.3,0.25,0.3,2000,650450,18450.0,CE
2023-02-02 13:19:00,0.3,0.3,0.25,0.25,4950,650450,18450.0,CE
2023-02-02 13:20:00,0.25,0.3,0.25,0.25,850,650450,18450.0,CE
2023-02-02 13:21:00,0.3,0.3,0.25,0.25,700,652200,18450.0,CE
2023-02-02 13:22:00,0.3,0.3,0.25,0.3,300,652200,18450.0,CE
2023-02-02 13:23:00,0.3,0.3,0.25,0.25,1100,652200,18450.0,CE
2023-02-02 13:24:00,0.3,0.3,0.25,0.3,1500,651400,18450.0,CE
2023-02-02 13:25:00,0.25,0.25,0.25,0.25,250,651400,18450.0,CE
2023-02-02 13:26:00,0.3,0.3,0.25,0.3,5150,651400,18450.0,CE
2023-02-02 13:27:00,0.25,0.3,0.25,0.3,8850,650450,18450.0,CE
2023-02-02 13:28:00,0.25,0.25,0.25,0.25,3800,650450,18450.0,CE
2023-02-02 13:29:00,0.25,0.25,0.2,0.25,3650,650450,18450.0,CE
2023-02-02 13:30:00,0.25,0.25,0.25,0.25,7000,650950,18450.0,CE
2023-02-02 13:31:00,0.25,0.25,0.25,0.25,2900,650950,18450.0,CE
2023-02-02 13:32:00,0.25,0.25,0.2,0.2,5300,650950,18450.0,CE
2023-02-02 13:33:00,0.2,0.25,0.2,0.25,2000,650000,18450.0,CE
2023-02-02 13:34:00,0.2,0.2,0.2,0.2,850,650000,18450.0,CE
2023-02-02 13:35:00,0.2,0.25,0.2,0.25,1100,650000,18450.0,CE
2023-02-02 13:36:00,0.25,0.3,0.2,0.3,6750,648950,18450.0,CE
2023-02-02 13:37:00,0.25,0.3,0.25,0.3,3000,648950,18450.0,CE
2023-02-02 13:38:00,0.25,0.3,0.2,0.3,3950,648950,18450.0,CE
2023-02-02 13:39:00,0.25,0.3,0.25,0.3,700,648950,18450.0,CE
2023-02-02 13:40:00,0.3,0.3,0.2,0.2,18800,651400,18450.0,CE
2023-02-02 13:41:00,0.2,0.2,0.2,0.2,2950,651400,18450.0,CE
2023-02-02 13:42:00,0.2,0.2,0.2,0.2,3000,644700,18450.0,CE
2023-02-02 13:43:00,0.2,0.25,0.2,0.2,1600,644700,18450.0,CE
2023-02-02 13:44:00,0.2,0.25,0.2,0.2,3750,644700,18450.0,CE
2023-02-02 13:45:00,0.2,0.25,0.2,0.2,11200,635800,18450.0,CE
2023-02-02 13:46:00,0.2,0.25,0.2,0.25,5250,635800,18450.0,CE
2023-02-02 13:47:00,0.2,0.25,0.2,0.25,5150,635800,18450.0,CE
2023-02-02 13:48:00,0.25,0.25,0.2,0.25,25650,632400,18450.0,CE
2023-02-02 13:49:00,0.2,0.25,0.2,0.2,4100,632400,18450.0,CE
2023-02-02 13:50:00,0.2,0.25,0.2,0.2,3700,632400,18450.0,CE
2023-02-02 13:52:00,0.2,0.2,0.2,0.2,50,629300,18450.0,CE
2023-02-02 13:53:00,0.2,0.2,0.2,0.2,200,629300,18450.0,CE
2023-02-02 13:54:00,0.25,0.25,0.2,0.2,1850,629300,18450.0,CE
2023-02-02 13:55:00,0.2,0.25,0.2,0.2,650,628450,18450.0,CE
2023-02-02 13:56:00,0.2,0.25,0.2,0.25,5950,628450,18450.0,CE
2023-02-02 13:57:00,0.25,0.25,0.2,0.2,1350,628250,18450.0,CE
2023-02-02 13:58:00,0.25,0.25,0.2,0.2,2000,628250,18450.0,CE
2023-02-02 13:59:00,0.2,0.25,0.2,0.2,2700,628250,18450.0,CE
2023-02-02 14:00:00,0.2,0.2,0.2,0.2,1950,624900,18450.0,CE
2023-02-02 14:01:00,0.2,0.25,0.2,0.2,15000,624900,18450.0,CE
2023-02-02 14:02:00,0.2,0.25,0.2,0.25,13450,624900,18450.0,CE
2023-02-02 14:03:00,0.25,0.25,0.2,0.2,3550,616900,18450.0,CE
2023-02-02 14:04:00,0.25,0.25,0.2,0.2,2300,616900,18450.0,CE
2023-02-02 14:05:00,0.25,0.25,0.2,0.25,1000,616900,18450.0,CE
2023-02-02 14:06:00,0.25,0.25,0.2,0.2,2900,612650,18450.0,CE
2023-02-02 14:07:00,0.2,0.25,0.2,0.2,3050,612650,18450.0,CE
2023-02-02 14:08:00,0.25,0.25,0.2,0.25,300,612650,18450.0,CE
2023-02-02 14:09:00,0.2,0.25,0.2,0.25,6300,610200,18450.0,CE
2023-02-02 14:10:00,0.2,0.25,0.2,0.2,1100,610200,18450.0,CE
2023-02-02 14:11:00,0.2,0.25,0.2,0.25,2650,610200,18450.0,CE
2023-02-02 14:12:00,0.25,0.25,0.2,0.2,5200,611600,18450.0,CE
2023-02-02 14:13:00,0.25,0.3,0.25,0.25,4950,611600,18450.0,CE
2023-02-02 14:14:00,0.25,0.25,0.2,0.2,3050,611600,18450.0,CE
2023-02-02 14:15:00,0.2,0.2,0.2,0.2,3700,609750,18450.0,CE
2023-02-02 14:16:00,0.2,0.2,0.2,0.2,6800,609750,18450.0,CE
2023-02-02 14:17:00,0.2,0.25,0.2,0.25,6700,609750,18450.0,CE
2023-02-02 14:18:00,0.25,0.25,0.25,0.25,2800,608800,18450.0,CE
2023-02-02 14:19:00,0.2,0.25,0.2,0.25,4550,608800,18450.0,CE
2023-02-02 14:20:00,0.25,0.25,0.2,0.2,2950,608800,18450.0,CE
2023-02-02 14:21:00,0.2,0.25,0.2,0.2,3700,607000,18450.0,CE
2023-02-02 14:22:00,0.2,0.2,0.15,0.15,5500,607000,18450.0,CE
2023-02-02 14:23:00,0.2,0.2,0.15,0.2,3200,607000,18450.0,CE
2023-02-02 14:24:00,0.2,0.25,0.2,0.25,8200,606400,18450.0,CE
2023-02-02 14:25:00,0.25,0.25,0.2,0.25,1200,606400,18450.0,CE
2023-02-02 14:26:00,0.2,0.25,0.2,0.25,6500,606400,18450.0,CE
2023-02-02 14:27:00,0.25,0.25,0.2,0.2,6400,607600,18450.0,CE
2023-02-02 14:28:00,0.2,0.2,0.15,0.15,16550,607600,18450.0,CE
2023-02-02 14:29:00,0.15,0.2,0.15,0.15,7250,607600,18450.0,CE
2023-02-02 14:30:00,0.15,0.2,0.15,0.15,1000,602950,18450.0,CE
2023-02-02 14:31:00,0.15,0.15,0.15,0.15,18000,602950,18450.0,CE
2023-02-02 14:32:00,0.15,0.2,0.15,0.15,6000,602950,18450.0,CE
2023-02-02 14:33:00,0.15,0.2,0.15,0.15,12800,591950,18450.0,CE
2023-02-02 14:34:00,0.15,0.2,0.15,0.15,3600,591950,18450.0,CE
2023-02-02 14:35:00,0.15,0.2,0.1,0.1,4000,591950,18450.0,CE
2023-02-02 14:36:00,0.1,0.15,0.1,0.15,7000,588550,18450.0,CE
2023-02-02 14:37:00,0.15,0.15,0.1,0.15,1450,588550,18450.0,CE
2023-02-02 14:38:00,0.15,0.15,0.1,0.1,1200,588550,18450.0,CE
2023-02-02 14:39:00,0.1,0.15,0.1,0.1,2800,588750,18450.0,CE
2023-02-02 14:40:00,0.15,0.15,0.1,0.15,2700,588750,18450.0,CE
2023-02-02 14:41:00,0.15,0.15,0.1,0.15,1600,588750,18450.0,CE
2023-02-02 14:42:00,0.1,0.15,0.1,0.1,1050,587700,18450.0,CE
2023-02-02 14:43:00,0.15,0.15,0.1,0.15,5650,587700,18450.0,CE
2023-02-02 14:44:00,0.1,0.1,0.1,0.1,100,587700,18450.0,CE
2023-02-02 14:45:00,0.1,0.15,0.1,0.15,3950,587700,18450.0,CE
2023-02-02 14:46:00,0.1,0.15,0.1,0.15,4400,586150,18450.0,CE
2023-02-02 14:47:00,0.15,0.15,0.1,0.1,2250,586150,18450.0,CE
2023-02-02 14:48:00,0.1,0.15,0.1,0.15,6500,586150,18450.0,CE
2023-02-02 14:49:00,0.15,0.15,0.1,0.15,900,586150,18450.0,CE
2023-02-02 14:50:00,0.1,0.15,0.1,0.1,16200,586150,18450.0,CE
2023-02-02 14:51:00,0.1,0.15,0.1,0.15,1850,578000,18450.0,CE
2023-02-02 14:52:00,0.1,0.1,0.1,0.1,1650,578000,18450.0,CE
2023-02-02 14:53:00,0.05,0.1,0.05,0.1,2100,578000,18450.0,CE
2023-02-02 14:54:00,0.1,0.15,0.05,0.15,16300,571800,18450.0,CE
2023-02-02 14:55:00,0.15,0.15,0.1,0.15,3200,571800,18450.0,CE
2023-02-02 14:56:00,0.15,0.15,0.15,0.15,1350,571800,18450.0,CE
2023-02-02 14:57:00,0.15,0.15,0.1,0.15,3450,572850,18450.0,CE
2023-02-02 14:58:00,0.15,0.15,0.15,0.15,900,572850,18450.0,CE
2023-02-02 14:59:00,0.1,0.15,0.1,0.15,2750,572850,18450.0,CE
2023-02-02 15:00:00,0.15,0.2,0.1,0.1,5000,572050,18450.0,CE
2023-02-02 15:01:00,0.1,0.1,0.05,0.1,11950,572050,18450.0,CE
2023-02-02 15:02:00,0.05,0.1,0.05,0.1,8400,572050,18450.0,CE
2023-02-02 15:03:00,0.1,0.1,0.05,0.05,2050,572050,18450.0,CE
2023-02-02 15:04:00,0.1,0.1,0.05,0.1,4200,567050,18450.0,CE
2023-02-02 15:05:00,0.05,0.1,0.05,0.1,1700,567050,18450.0,CE
2023-02-02 15:06:00,0.05,0.1,0.05,0.1,2100,566300,18450.0,CE
2023-02-02 15:07:00,0.05,0.1,0.05,0.05,8100,566300,18450.0,CE
2023-02-02 15:08:00,0.05,0.1,0.05,0.05,18150,566300,18450.0,CE
2023-02-02 15:09:00,0.1,0.1,0.05,0.05,8550,554250,18450.0,CE
2023-02-02 15:10:00,0.05,0.1,0.05,0.05,7050,554250,18450.0,CE
2023-02-02 15:11:00,0.05,0.1,0.05,0.05,9600,554250,18450.0,CE
2023-02-02 15:12:00,0.05,0.1,0.05,0.1,7100,550400,18450.0,CE
2023-02-02 15:13:00,0.1,0.1,0.05,0.05,5750,550400,18450.0,CE
2023-02-02 15:14:00,0.05,0.05,0.05,0.05,2700,550400,18450.0,CE
2023-02-02 15:15:00,0.05,0.05,0.05,0.05,900,550400,18450.0,CE
2023-02-02 15:16:00,0.05,0.05,0.05,0.05,850,550500,18450.0,CE
2023-02-02 15:17:00,0.05,0.05,0.05,0.05,1500,550500,18450.0,CE
2023-02-02 15:18:00,0.05,0.05,0.05,0.05,950,550400,18450.0,CE
2023-02-02 15:20:00,0.05,0.05,0.05,0.05,7650,550400,18450.0,CE
2023-02-02 15:21:00,0.05,0.05,0.05,0.05,100,550400,18450.0,CE
2023-02-02 15:22:00,0.05,0.05,0.05,0.05,3700,542900,18450.0,CE
2023-02-02 15:24:00,0.05,0.05,0.05,0.05,450,542550,18450.0,CE
2023-02-02 15:25:00,0.05,0.05,0.05,0.05,800,542550,18450.0,CE
2023-02-02 15:26:00,0.05,0.05,0.05,0.05,2900,542550,18450.0,CE
2023-02-02 15:27:00,0.05,0.05,0.05,0.05,1500,542550,18450.0,CE
2023-02-02 15:29:00,0.05,0.05,0.05,0.05,1000,542400,18450.0,CE
2023-02-02 15:30:00,0.05,0.05,0.05,0.05,300,542400,18450.0,CE
