timestamp,open,high,low,close,volume,oi,strike,option_type
2018-08-10 09:16:00,239.75,239.75,239.15,239.15,300,0,11400.0,CE
2018-08-10 09:18:00,243.2,243.2,243.2,243.2,75,0,11400.0,CE
2018-08-10 09:19:00,238.3,238.3,237.75,238.2,975,0,11400.0,CE
2018-08-10 09:20:00,239.85,240.05,239.85,240.05,150,0,11400.0,CE
2018-08-10 09:21:00,241.85,241.85,240.95,240.95,975,0,11400.0,CE
2018-08-10 09:22:00,240.8,240.8,240.8,240.8,225,0,11400.0,CE
2018-08-10 09:23:00,238.55,240.0,238.55,240.0,150,0,11400.0,CE
2018-08-10 09:25:00,240.1,240.1,240.1,240.1,75,0,11400.0,CE
2018-08-10 09:28:00,238.85,238.85,238.85,238.85,75,0,11400.0,CE
2018-08-10 09:30:00,238.25,238.25,238.25,238.25,150,0,11400.0,CE
2018-08-10 09:31:00,235.7,235.7,233.3,233.3,1275,0,11400.0,CE
2018-08-10 09:33:00,233.5,233.5,233.5,233.5,825,0,11400.0,CE
2018-08-10 09:35:00,234.0,234.0,234.0,234.0,75,0,11400.0,CE
2018-08-10 09:37:00,234.55,234.55,233.05,233.05,600,0,11400.0,CE
2018-08-10 09:38:00,233.15,233.75,233.15,233.75,150,0,11400.0,CE
2018-08-10 09:40:00,234.5,234.5,234.5,234.5,75,0,11400.0,CE
2018-08-10 09:42:00,234.05,234.1,232.75,234.1,600,0,11400.0,CE
2018-08-10 09:43:00,234.15,234.15,234.15,234.15,75,0,11400.0,CE
2018-08-10 09:46:00,236.8,236.8,236.8,236.8,225,0,11400.0,CE
2018-08-10 09:48:00,237.45,237.45,237.45,237.45,75,0,11400.0,CE
2018-08-10 09:49:00,235.8,236.7,235.1,235.35,600,0,11400.0,CE
2018-08-10 09:51:00,237.1,237.1,235.0,235.0,150,0,11400.0,CE
2018-08-10 09:54:00,230.25,230.25,230.25,230.25,150,0,11400.0,CE
2018-08-10 09:55:00,229.9,230.55,229.25,230.55,525,0,11400.0,CE
2018-08-10 09:57:00,231.3,232.7,231.3,231.95,2400,0,11400.0,CE
2018-08-10 09:58:00,231.7,231.7,230.85,230.85,750,0,11400.0,CE
2018-08-10 09:59:00,231.2,231.2,231.2,231.2,75,0,11400.0,CE
2018-08-10 10:03:00,232.95,232.95,232.95,232.95,75,0,11400.0,CE
2018-08-10 10:05:00,231.6,231.6,231.6,231.6,75,0,11400.0,CE
2018-08-10 10:06:00,230.05,230.05,230.0,230.0,225,0,11400.0,CE
2018-08-10 10:07:00,230.95,230.95,229.55,229.95,3000,0,11400.0,CE
2018-08-10 10:08:00,230.5,230.5,230.25,230.5,450,0,11400.0,CE
2018-08-10 10:09:00,230.05,230.05,230.0,230.0,525,0,11400.0,CE
2018-08-10 10:10:00,230.0,230.0,229.55,229.55,675,0,11400.0,CE
2018-08-10 10:11:00,228.35,228.35,227.8,227.8,225,0,11400.0,CE
2018-08-10 10:12:00,227.2,228.5,227.2,228.3,300,0,11400.0,CE
2018-08-10 10:14:00,229.3,229.3,227.85,227.85,525,0,11400.0,CE
2018-08-10 10:15:00,227.95,227.95,227.95,227.95,300,0,11400.0,CE
2018-08-10 10:16:00,228.0,228.9,228.0,228.0,600,0,11400.0,CE
2018-08-10 10:23:00,230.4,230.4,230.4,230.4,75,0,11400.0,CE
2018-08-10 10:26:00,230.05,230.05,230.05,230.05,75,0,11400.0,CE
2018-08-10 10:28:00,231.7,231.75,231.7,231.75,375,0,11400.0,CE
2018-08-10 10:31:00,234.8,234.8,234.8,234.8,300,0,11400.0,CE
2018-08-10 10:33:00,234.7,234.7,234.7,234.7,75,0,11400.0,CE
2018-08-10 10:44:00,228.0,228.0,228.0,228.0,75,0,11400.0,CE
2018-08-10 10:48:00,230.3,230.3,230.3,230.3,75,0,11400.0,CE
2018-08-10 10:49:00,230.3,230.3,230.3,230.3,150,0,11400.0,CE
2018-08-10 10:50:00,231.25,231.25,231.25,231.25,75,0,11400.0,CE
2018-08-10 10:52:00,231.2,231.45,231.2,231.45,300,0,11400.0,CE
2018-08-10 10:53:00,231.0,232.65,231.0,231.85,375,0,11400.0,CE
2018-08-10 10:54:00,230.75,230.75,229.8,229.8,225,0,11400.0,CE
2018-08-10 10:55:00,230.85,231.05,230.85,231.05,150,0,11400.0,CE
2018-08-10 10:57:00,231.45,231.45,231.25,231.25,225,0,11400.0,CE
2018-08-10 10:58:00,230.8,230.8,230.0,230.0,225,0,11400.0,CE
2018-08-10 10:59:00,229.75,229.75,229.75,229.75,75,0,11400.0,CE
2018-08-10 11:00:00,229.8,229.8,229.8,229.8,150,0,11400.0,CE
2018-08-10 11:01:00,228.55,229.2,228.55,228.65,300,0,11400.0,CE
2018-08-10 11:02:00,227.6,230.45,227.6,230.45,675,0,11400.0,CE
2018-08-10 11:03:00,229.45,229.45,229.45,229.45,75,0,11400.0,CE
2018-08-10 11:04:00,229.75,229.75,228.15,228.15,150,0,11400.0,CE
2018-08-10 11:06:00,227.85,227.85,227.85,227.85,225,0,11400.0,CE
2018-08-10 11:08:00,228.1,228.1,228.1,228.1,525,0,11400.0,CE
2018-08-10 11:09:00,225.4,225.4,225.4,225.4,300,0,11400.0,CE
2018-08-10 11:10:00,226.2,226.2,226.2,226.2,75,0,11400.0,CE
2018-08-10 11:12:00,226.6,226.6,226.6,226.6,150,0,11400.0,CE
2018-08-10 11:13:00,223.45,223.5,222.05,223.5,2850,0,11400.0,CE
2018-08-10 11:15:00,225.6,225.6,224.0,224.0,750,0,11400.0,CE
2018-08-10 11:16:00,223.05,223.05,223.05,223.05,375,0,11400.0,CE
2018-08-10 11:18:00,224.4,225.0,224.4,225.0,300,0,11400.0,CE
2018-08-10 11:20:00,225.95,225.95,225.95,225.95,75,0,11400.0,CE
2018-08-10 11:23:00,225.0,226.6,225.0,226.6,225,0,11400.0,CE
2018-08-10 11:24:00,226.0,226.65,225.15,225.6,750,0,11400.0,CE
2018-08-10 11:25:00,225.05,225.05,225.05,225.05,75,0,11400.0,CE
2018-08-10 11:27:00,227.4,227.4,227.4,227.4,150,0,11400.0,CE
2018-08-10 11:28:00,227.65,227.65,227.65,227.65,75,0,11400.0,CE
2018-08-10 11:29:00,225.8,225.8,225.75,225.75,525,0,11400.0,CE
2018-08-10 11:31:00,225.95,225.95,225.25,225.25,375,0,11400.0,CE
2018-08-10 11:32:00,227.15,227.15,227.15,227.15,75,0,11400.0,CE
2018-08-10 11:33:00,226.05,226.6,226.05,226.6,225,0,11400.0,CE
2018-08-10 11:34:00,227.65,227.65,226.35,226.35,450,0,11400.0,CE
2018-08-10 11:37:00,225.0,225.0,225.0,225.0,75,0,11400.0,CE
2018-08-10 11:38:00,225.55,225.65,225.55,225.65,150,0,11400.0,CE
2018-08-10 11:40:00,224.95,224.95,224.95,224.95,300,0,11400.0,CE
2018-08-10 11:41:00,223.35,223.35,223.2,223.3,375,0,11400.0,CE
2018-08-10 11:42:00,223.0,223.0,223.0,223.0,225,0,11400.0,CE
2018-08-10 11:44:00,222.0,222.0,222.0,222.0,75,0,11400.0,CE
2018-08-10 11:50:00,222.05,222.05,222.05,222.05,750,0,11400.0,CE
2018-08-10 11:51:00,223.25,223.25,223.25,223.25,150,0,11400.0,CE
2018-08-10 11:53:00,221.95,221.95,221.95,221.95,75,0,11400.0,CE
2018-08-10 11:54:00,221.8,221.8,221.8,221.8,75,0,11400.0,CE
2018-08-10 11:56:00,222.45,222.75,222.45,222.75,225,0,11400.0,CE
2018-08-10 11:57:00,224.7,224.95,223.75,223.85,750,0,11400.0,CE
2018-08-10 11:58:00,224.4,226.0,224.25,224.95,1575,0,11400.0,CE
2018-08-10 11:59:00,226.0,226.0,225.3,225.3,375,0,11400.0,CE
2018-08-10 12:00:00,226.45,226.45,226.45,226.45,75,0,11400.0,CE
2018-08-10 12:01:00,226.7,226.9,226.7,226.9,675,0,11400.0,CE
2018-08-10 12:02:00,225.4,227.2,225.35,227.2,975,0,11400.0,CE
2018-08-10 12:03:00,226.6,226.6,226.6,226.6,75,0,11400.0,CE
2018-08-10 12:05:00,226.05,226.05,226.05,226.05,300,0,11400.0,CE
2018-08-10 12:06:00,226.2,227.7,226.15,227.7,900,0,11400.0,CE
2018-08-10 12:07:00,226.3,227.9,226.3,227.9,300,0,11400.0,CE
2018-08-10 12:11:00,227.55,227.55,227.55,227.55,75,0,11400.0,CE
2018-08-10 12:16:00,229.65,229.65,229.65,229.65,150,0,11400.0,CE
2018-08-10 12:22:00,229.1,229.1,229.05,229.05,900,0,11400.0,CE
2018-08-10 12:23:00,228.95,228.95,228.95,228.95,150,0,11400.0,CE
2018-08-10 12:24:00,229.15,229.15,227.6,228.75,600,0,11400.0,CE
2018-08-10 12:25:00,227.8,229.35,227.8,229.35,525,0,11400.0,CE
2018-08-10 12:26:00,230.2,230.2,230.2,230.2,300,0,11400.0,CE
2018-08-10 12:27:00,230.9,230.9,230.9,230.9,900,0,11400.0,CE
2018-08-10 12:28:00,230.65,230.65,230.65,230.65,300,0,11400.0,CE
2018-08-10 12:30:00,228.5,228.5,225.25,226.45,900,0,11400.0,CE
2018-08-10 12:32:00,226.95,226.95,226.95,226.95,75,0,11400.0,CE
2018-08-10 12:33:00,228.85,228.85,228.85,228.85,75,0,11400.0,CE
2018-08-10 12:36:00,229.35,229.35,229.0,229.0,300,0,11400.0,CE
2018-08-10 12:39:00,228.9,229.45,228.9,229.45,150,0,11400.0,CE
2018-08-10 12:40:00,229.65,229.65,229.65,229.65,225,0,11400.0,CE
2018-08-10 12:43:00,227.45,227.45,227.35,227.35,150,0,11400.0,CE
2018-08-10 12:44:00,228.7,229.25,227.75,229.25,300,0,11400.0,CE
2018-08-10 12:47:00,232.05,232.05,232.05,232.05,150,0,11400.0,CE
2018-08-10 12:49:00,232.15,233.3,231.45,232.15,750,0,11400.0,CE
2018-08-10 12:50:00,231.7,231.7,230.3,230.3,150,0,11400.0,CE
2018-08-10 12:52:00,229.45,229.55,229.45,229.55,450,0,11400.0,CE
2018-08-10 12:53:00,229.85,229.85,229.85,229.85,300,0,11400.0,CE
2018-08-10 12:58:00,229.9,231.35,229.9,231.35,300,0,11400.0,CE
2018-08-10 13:04:00,234.65,234.65,234.65,234.65,150,0,11400.0,CE
2018-08-10 13:05:00,234.5,235.9,234.5,235.9,225,0,11400.0,CE
2018-08-10 13:07:00,236.75,236.75,236.75,236.75,75,0,11400.0,CE
2018-08-10 13:09:00,235.7,235.7,235.7,235.7,75,0,11400.0,CE
2018-08-10 13:10:00,234.0,234.0,234.0,234.0,150,0,11400.0,CE
2018-08-10 13:12:00,233.5,233.5,233.5,233.5,75,0,11400.0,CE
2018-08-10 13:16:00,234.35,234.6,234.35,234.6,300,0,11400.0,CE
2018-08-10 13:17:00,234.65,234.65,234.65,234.65,75,0,11400.0,CE
2018-08-10 13:18:00,235.2,235.2,235.2,235.2,75,0,11400.0,CE
2018-08-10 13:19:00,235.0,235.0,235.0,235.0,150,0,11400.0,CE
2018-08-10 13:20:00,234.65,234.65,234.65,234.65,150,0,11400.0,CE
2018-08-10 13:22:00,233.15,233.15,233.15,233.15,75,0,11400.0,CE
2018-08-10 13:24:00,232.5,234.05,232.5,234.05,300,0,11400.0,CE
2018-08-10 13:30:00,234.65,234.65,234.65,234.65,75,0,11400.0,CE
2018-08-10 13:36:00,236.0,236.0,236.0,236.0,150,0,11400.0,CE
2018-08-10 13:38:00,235.0,235.0,235.0,235.0,75,0,11400.0,CE
2018-08-10 13:39:00,234.6,234.6,233.1,233.1,450,0,11400.0,CE
2018-08-10 13:42:00,232.25,232.25,232.25,232.25,300,0,11400.0,CE
2018-08-10 13:44:00,231.25,231.25,231.25,231.25,150,0,11400.0,CE
2018-08-10 13:48:00,232.5,232.65,232.5,232.65,225,0,11400.0,CE
2018-08-10 13:50:00,231.9,231.9,231.9,231.9,150,0,11400.0,CE
2018-08-10 13:51:00,232.4,232.45,232.4,232.45,150,0,11400.0,CE
2018-08-10 13:54:00,232.45,232.45,229.95,229.95,1275,0,11400.0,CE
2018-08-10 13:56:00,232.45,232.45,232.45,232.45,300,0,11400.0,CE
2018-08-10 13:57:00,231.05,231.05,231.0,231.0,450,0,11400.0,CE
2018-08-10 13:58:00,231.1,231.1,231.0,231.0,450,0,11400.0,CE
2018-08-10 13:59:00,232.5,232.5,229.55,229.55,375,0,11400.0,CE
2018-08-10 14:00:00,230.0,230.0,230.0,230.0,300,0,11400.0,CE
2018-08-10 14:01:00,230.0,230.0,230.0,230.0,300,0,11400.0,CE
2018-08-10 14:02:00,230.0,230.05,230.0,230.05,525,0,11400.0,CE
2018-08-10 14:03:00,234.0,234.0,234.0,234.0,1050,0,11400.0,CE
2018-08-10 14:04:00,232.1,234.45,232.1,234.45,525,0,11400.0,CE
2018-08-10 14:05:00,234.0,234.0,233.4,234.0,525,0,11400.0,CE
2018-08-10 14:06:00,235.0,235.0,235.0,235.0,300,0,11400.0,CE
2018-08-10 14:09:00,235.3,235.3,235.3,235.3,75,0,11400.0,CE
2018-08-10 14:10:00,236.0,236.0,236.0,236.0,75,0,11400.0,CE
2018-08-10 14:11:00,236.75,236.75,236.75,236.75,75,0,11400.0,CE
2018-08-10 14:12:00,244.4,245.0,244.4,244.4,2250,0,11400.0,CE
2018-08-10 14:14:00,239.65,239.65,239.65,239.65,150,0,11400.0,CE
2018-08-10 14:15:00,239.45,239.45,238.4,238.7,300,0,11400.0,CE
2018-08-10 14:16:00,239.0,239.0,239.0,239.0,1050,0,11400.0,CE
2018-08-10 14:17:00,238.45,238.45,238.45,238.45,75,0,11400.0,CE
2018-08-10 14:18:00,238.0,238.0,236.35,236.35,900,0,11400.0,CE
2018-08-10 14:20:00,236.0,236.0,235.0,235.0,825,0,11400.0,CE
2018-08-10 14:21:00,232.0,234.1,232.0,234.1,225,0,11400.0,CE
2018-08-10 14:22:00,233.5,233.5,233.5,233.5,150,0,11400.0,CE
2018-08-10 14:28:00,228.1,228.1,228.1,228.1,75,0,11400.0,CE
2018-08-10 14:31:00,224.25,224.25,224.2,224.2,450,0,11400.0,CE
2018-08-10 14:33:00,224.85,224.85,224.85,224.85,150,0,11400.0,CE
2018-08-10 14:34:00,228.05,228.05,226.95,226.95,150,0,11400.0,CE
2018-08-10 14:37:00,224.7,224.7,224.7,224.7,150,0,11400.0,CE
2018-08-10 14:38:00,224.2,224.2,222.35,222.35,600,0,11400.0,CE
2018-08-10 14:40:00,224.75,224.75,224.75,224.75,300,0,11400.0,CE
2018-08-10 14:41:00,223.4,223.4,222.95,222.95,375,0,11400.0,CE
2018-08-10 14:42:00,224.0,225.95,224.0,225.6,975,0,11400.0,CE
2018-08-10 14:43:00,225.05,225.05,225.0,225.0,900,0,11400.0,CE
2018-08-10 14:48:00,226.2,226.2,226.2,226.2,75,0,11400.0,CE
2018-08-10 14:49:00,225.0,225.0,225.0,225.0,75,0,11400.0,CE
2018-08-10 14:50:00,224.0,224.0,223.0,223.0,150,0,11400.0,CE
2018-08-10 14:52:00,222.0,222.0,222.0,222.0,150,0,11400.0,CE
2018-08-10 14:55:00,222.0,222.0,222.0,222.0,75,0,11400.0,CE
2018-08-10 14:57:00,220.75,220.75,219.85,219.85,300,0,11400.0,CE
2018-08-10 14:58:00,219.0,219.0,219.0,219.0,75,0,11400.0,CE
2018-08-10 14:59:00,222.0,222.0,222.0,222.0,75,0,11400.0,CE
2018-08-10 15:00:00,220.95,220.95,220.95,220.95,75,0,11400.0,CE
2018-08-10 15:01:00,225.0,225.0,225.0,225.0,75,0,11400.0,CE
2018-08-10 15:03:00,224.5,224.5,224.5,224.5,150,0,11400.0,CE
2018-08-10 15:05:00,223.0,223.0,223.0,223.0,675,0,11400.0,CE
2018-08-10 15:09:00,225.0,225.0,225.0,225.0,375,0,11400.0,CE
2018-08-10 15:10:00,222.75,222.75,222.75,222.75,150,0,11400.0,CE
2018-08-10 15:18:00,222.25,222.25,222.25,222.25,150,0,11400.0,CE
2018-08-10 15:20:00,221.0,221.0,221.0,221.0,75,0,11400.0,CE
2018-08-10 15:21:00,220.55,220.55,219.55,219.95,300,0,11400.0,CE
2018-08-10 15:24:00,219.55,219.55,219.55,219.55,75,0,11400.0,CE
2018-08-10 15:25:00,219.35,220.0,218.3,218.5,825,0,11400.0,CE
2018-08-10 15:27:00,217.1,217.55,217.05,217.55,450,0,11400.0,CE
2018-08-10 15:28:00,216.0,216.75,215.8,216.5,825,0,11400.0,CE
2018-08-10 15:29:00,216.5,217.6,216.45,217.55,2100,0,11400.0,CE
2018-08-10 15:30:00,216.5,219.2,216.45,219.2,0,0,11400.0,CE
2018-08-13 09:15:00,181.0,181.0,175.6,176.75,750,0,11400.0,CE
2018-08-13 09:16:00,176.7,178.6,175.45,177.55,1575,0,11400.0,CE
2018-08-13 09:17:00,176.95,176.95,174.35,174.75,1425,0,11400.0,CE
2018-08-13 09:18:00,175.95,180.0,175.95,180.0,525,0,11400.0,CE
2018-08-13 09:19:00,181.35,187.45,181.35,187.45,1200,0,11400.0,CE
2018-08-13 09:20:00,185.6,185.6,184.05,184.7,975,0,11400.0,CE
2018-08-13 09:21:00,183.65,184.6,183.05,183.8,5550,0,11400.0,CE
2018-08-13 09:22:00,185.25,185.3,184.0,185.3,675,0,11400.0,CE
2018-08-13 09:23:00,183.25,185.0,183.25,185.0,675,0,11400.0,CE
2018-08-13 09:24:00,182.05,184.5,182.05,184.5,300,0,11400.0,CE
2018-08-13 09:26:00,184.0,184.0,183.4,183.4,150,0,11400.0,CE
2018-08-13 09:27:00,180.1,181.0,180.1,180.5,675,0,11400.0,CE
2018-08-13 09:28:00,180.0,180.0,179.4,180.0,900,0,11400.0,CE
2018-08-13 09:29:00,179.9,179.9,179.9,179.9,150,0,11400.0,CE
2018-08-13 09:30:00,179.2,179.2,173.0,173.5,2100,0,11400.0,CE
2018-08-13 09:31:00,172.9,173.45,171.0,172.0,5775,0,11400.0,CE
2018-08-13 09:32:00,173.0,173.8,172.35,172.35,1200,0,11400.0,CE
2018-08-13 09:33:00,173.25,174.9,173.0,174.9,975,0,11400.0,CE
2018-08-13 09:34:00,173.95,174.95,173.55,174.95,2025,0,11400.0,CE
2018-08-13 09:35:00,173.75,174.95,173.75,174.95,1125,0,11400.0,CE
2018-08-13 09:36:00,174.9,176.1,174.9,175.75,2700,0,11400.0,CE
2018-08-13 09:37:00,174.85,174.85,174.85,174.85,75,0,11400.0,CE
2018-08-13 09:38:00,176.0,176.95,176.0,176.55,300,0,11400.0,CE
2018-08-13 09:39:00,176.55,176.55,176.55,176.55,150,0,11400.0,CE
2018-08-13 09:40:00,175.75,176.55,175.75,175.95,300,0,11400.0,CE
2018-08-13 09:41:00,175.5,175.5,174.7,174.7,450,0,11400.0,CE
2018-08-13 09:43:00,174.55,174.55,173.3,173.3,375,0,11400.0,CE
2018-08-13 09:44:00,172.3,172.65,172.3,172.65,150,0,11400.0,CE
2018-08-13 09:45:00,174.0,174.0,173.5,173.5,825,0,11400.0,CE
2018-08-13 09:46:00,173.5,173.5,169.95,169.95,1500,0,11400.0,CE
2018-08-13 09:47:00,170.5,172.05,169.7,172.0,1350,0,11400.0,CE
2018-08-13 09:48:00,172.0,172.0,172.0,172.0,150,0,11400.0,CE
2018-08-13 09:49:00,173.0,174.0,173.0,174.0,225,0,11400.0,CE
2018-08-13 09:50:00,175.0,175.0,175.0,175.0,150,0,11400.0,CE
2018-08-13 09:51:00,175.5,176.5,175.5,176.5,150,0,11400.0,CE
2018-08-13 09:53:00,175.05,175.05,175.05,175.05,75,0,11400.0,CE
2018-08-13 09:54:00,176.0,176.0,176.0,176.0,75,0,11400.0,CE
2018-08-13 09:55:00,175.1,176.0,175.1,176.0,150,0,11400.0,CE
2018-08-13 09:56:00,175.0,175.75,175.0,175.75,4500,0,11400.0,CE
2018-08-13 09:58:00,172.55,172.55,172.55,172.55,150,0,11400.0,CE
2018-08-13 09:59:00,173.55,174.0,172.8,174.0,1650,0,11400.0,CE
2018-08-13 10:00:00,175.0,175.0,175.0,175.0,1800,0,11400.0,CE
2018-08-13 10:02:00,175.85,175.85,175.85,175.85,75,0,11400.0,CE
2018-08-13 10:03:00,177.0,177.0,176.35,176.65,525,0,11400.0,CE
2018-08-13 10:04:00,177.7,177.7,176.6,176.6,150,0,11400.0,CE
2018-08-13 10:05:00,176.5,176.5,176.05,176.05,600,0,11400.0,CE
2018-08-13 10:06:00,174.9,176.4,174.9,176.4,150,0,11400.0,CE
2018-08-13 10:07:00,176.95,178.6,176.95,178.6,525,0,11400.0,CE
2018-08-13 10:08:00,179.0,179.0,179.0,179.0,150,0,11400.0,CE
2018-08-13 10:09:00,179.9,179.9,179.9,179.9,150,0,11400.0,CE
2018-08-13 10:10:00,179.05,179.25,178.0,179.25,675,0,11400.0,CE
2018-08-13 10:11:00,178.0,178.0,177.1,178.0,2250,0,11400.0,CE
2018-08-13 10:12:00,178.05,179.0,178.05,179.0,300,0,11400.0,CE
2018-08-13 10:13:00,178.05,178.05,177.5,177.5,225,0,11400.0,CE
2018-08-13 10:14:00,177.9,178.05,177.85,178.05,450,0,11400.0,CE
2018-08-13 10:15:00,179.05,179.05,179.05,179.05,75,0,11400.0,CE
2018-08-13 10:16:00,179.2,179.2,179.2,179.2,75,0,11400.0,CE
2018-08-13 10:17:00,179.2,179.6,178.0,178.0,750,0,11400.0,CE
2018-08-13 10:18:00,178.15,178.6,178.15,178.6,225,0,11400.0,CE
2018-08-13 10:19:00,179.15,179.15,177.65,177.65,450,0,11400.0,CE
2018-08-13 10:20:00,177.55,177.55,177.0,177.0,1575,0,11400.0,CE
2018-08-13 10:21:00,176.95,178.15,176.95,178.15,1050,0,11400.0,CE
2018-08-13 10:22:00,177.5,177.5,177.45,177.45,450,0,11400.0,CE
2018-08-13 10:23:00,177.05,177.1,177.05,177.1,975,0,11400.0,CE
2018-08-13 10:24:00,177.0,177.0,177.0,177.0,300,0,11400.0,CE
2018-08-13 10:25:00,177.35,177.35,177.35,177.35,75,0,11400.0,CE
2018-08-13 10:26:00,176.55,176.55,176.55,176.55,75,0,11400.0,CE
2018-08-13 10:27:00,176.95,176.95,176.95,176.95,75,0,11400.0,CE
2018-08-13 10:28:00,178.0,178.0,178.0,178.0,75,0,11400.0,CE
2018-08-13 10:29:00,178.0,178.0,178.0,178.0,525,0,11400.0,CE
2018-08-13 10:30:00,178.0,178.0,178.0,178.0,225,0,11400.0,CE
2018-08-13 10:31:00,178.0,178.0,177.7,177.7,300,0,11400.0,CE
2018-08-13 10:33:00,179.25,179.25,179.25,179.25,375,0,11400.0,CE
2018-08-13 10:35:00,180.0,180.95,180.0,180.95,4350,0,11400.0,CE
2018-08-13 10:36:00,181.0,181.0,180.5,180.5,675,0,11400.0,CE
2018-08-13 10:37:00,181.0,182.0,181.0,182.0,2700,0,11400.0,CE
2018-08-13 10:38:00,183.65,183.65,182.05,182.05,750,0,11400.0,CE
2018-08-13 10:39:00,182.5,182.5,182.15,182.15,300,0,11400.0,CE
2018-08-13 10:40:00,182.5,182.5,182.0,182.0,750,0,11400.0,CE
2018-08-13 10:41:00,182.0,182.0,182.0,182.0,75,0,11400.0,CE
2018-08-13 10:42:00,182.0,182.0,182.0,182.0,300,0,11400.0,CE
2018-08-13 10:43:00,182.7,182.7,182.7,182.7,225,0,11400.0,CE
2018-08-13 10:44:00,182.85,182.85,182.85,182.85,300,0,11400.0,CE
2018-08-13 10:45:00,183.1,183.1,182.15,182.15,150,0,11400.0,CE
2018-08-13 10:46:00,183.25,184.25,183.25,184.25,2400,0,11400.0,CE
2018-08-13 10:47:00,184.25,184.25,184.25,184.25,375,0,11400.0,CE
2018-08-13 10:48:00,183.1,183.1,183.1,183.1,75,0,11400.0,CE
2018-08-13 10:49:00,182.5,182.5,182.5,182.5,75,0,11400.0,CE
2018-08-13 10:51:00,182.0,182.8,182.0,182.8,375,0,11400.0,CE
2018-08-13 10:52:00,183.95,185.9,183.95,185.9,1125,0,11400.0,CE
2018-08-13 10:53:00,186.0,192.95,186.0,191.0,2100,0,11400.0,CE
2018-08-13 10:54:00,190.15,190.2,189.0,189.0,375,0,11400.0,CE
2018-08-13 10:55:00,188.85,188.85,188.85,188.85,75,0,11400.0,CE
2018-08-13 10:56:00,187.0,187.0,187.0,187.0,75,0,11400.0,CE
2018-08-13 10:59:00,188.0,188.6,188.0,188.6,375,0,11400.0,CE
2018-08-13 11:01:00,186.3,186.3,186.1,186.1,150,0,11400.0,CE
2018-08-13 11:03:00,188.0,188.0,188.0,188.0,75,0,11400.0,CE
2018-08-13 11:05:00,188.6,188.6,188.6,188.6,75,0,11400.0,CE
2018-08-13 11:08:00,186.0,186.0,185.05,185.05,750,0,11400.0,CE
2018-08-13 11:12:00,184.2,184.2,184.2,184.2,150,0,11400.0,CE
2018-08-13 11:15:00,182.0,182.0,182.0,182.0,375,0,11400.0,CE
2018-08-13 11:17:00,181.9,183.0,181.85,183.0,600,0,11400.0,CE
2018-08-13 11:18:00,182.9,182.95,182.9,182.95,2400,0,11400.0,CE
2018-08-13 11:19:00,183.95,183.95,183.95,183.95,300,0,11400.0,CE
2018-08-13 11:20:00,182.3,182.3,182.3,182.3,150,0,11400.0,CE
2018-08-13 11:23:00,180.65,180.65,180.6,180.6,300,0,11400.0,CE
2018-08-13 11:24:00,182.0,182.0,181.05,181.05,375,0,11400.0,CE
2018-08-13 11:25:00,180.25,180.25,180.25,180.25,75,0,11400.0,CE
2018-08-13 11:26:00,181.8,181.8,181.8,181.8,75,0,11400.0,CE
2018-08-13 11:29:00,179.8,179.8,179.8,179.8,150,0,11400.0,CE
2018-08-13 11:30:00,181.65,181.65,181.65,181.65,75,0,11400.0,CE
2018-08-13 11:34:00,183.05,184.0,183.05,184.0,150,0,11400.0,CE
2018-08-13 11:35:00,183.35,183.9,183.35,183.9,300,0,11400.0,CE
2018-08-13 11:36:00,184.55,184.55,184.55,184.55,75,0,11400.0,CE
2018-08-13 11:40:00,184.35,184.35,184.35,184.35,75,0,11400.0,CE
2018-08-13 11:48:00,182.2,182.2,180.8,180.8,375,0,11400.0,CE
2018-08-13 11:51:00,183.55,183.55,183.55,183.55,75,0,11400.0,CE
2018-08-13 11:56:00,180.85,180.85,180.85,180.85,75,0,11400.0,CE
2018-08-13 11:57:00,180.75,180.75,180.75,180.75,75,0,11400.0,CE
2018-08-13 12:02:00,185.25,185.25,185.2,185.2,225,0,11400.0,CE
2018-08-13 12:03:00,187.25,187.25,187.25,187.25,75,0,11400.0,CE
2018-08-13 12:04:00,187.85,187.85,187.85,187.85,75,0,11400.0,CE
2018-08-13 12:05:00,187.75,188.0,187.75,188.0,375,0,11400.0,CE
2018-08-13 12:06:00,189.0,189.85,188.95,189.85,300,0,11400.0,CE
2018-08-13 12:07:00,190.5,195.8,190.5,194.0,1500,0,11400.0,CE
2018-08-13 12:08:00,194.8,194.95,191.75,191.75,675,0,11400.0,CE
2018-08-13 12:09:00,196.0,204.2,194.9,202.0,2625,0,11400.0,CE
2018-08-13 12:10:00,201.3,205.05,201.3,205.05,1425,0,11400.0,CE
2018-08-13 12:11:00,204.05,204.05,202.55,202.55,5100,0,11400.0,CE
2018-08-13 12:12:00,202.3,202.3,199.3,200.0,525,0,11400.0,CE
2018-08-13 12:14:00,200.9,200.9,200.9,200.9,150,0,11400.0,CE
2018-08-13 12:16:00,202.0,202.0,201.05,202.0,3525,0,11400.0,CE
2018-08-13 12:17:00,204.75,204.75,203.5,203.5,225,0,11400.0,CE
2018-08-13 12:18:00,202.0,202.0,200.7,200.7,300,0,11400.0,CE
2018-08-13 12:19:00,202.7,202.7,202.7,202.7,75,0,11400.0,CE
2018-08-13 12:20:00,201.75,201.75,200.0,200.6,1050,0,11400.0,CE
2018-08-13 12:21:00,197.95,198.5,197.65,198.5,4875,0,11400.0,CE
2018-08-13 12:22:00,199.45,199.45,197.65,198.35,750,0,11400.0,CE
2018-08-13 12:24:00,196.8,196.8,196.8,196.8,75,0,11400.0,CE
2018-08-13 12:25:00,197.15,197.15,197.15,197.15,150,0,11400.0,CE
2018-08-13 12:26:00,196.05,196.05,196.05,196.05,225,0,11400.0,CE
2018-08-13 12:31:00,196.75,196.75,196.75,196.75,75,0,11400.0,CE
2018-08-13 12:32:00,197.85,198.95,197.85,198.95,150,0,11400.0,CE
2018-08-13 12:33:00,201.15,201.15,200.65,200.65,225,0,11400.0,CE
2018-08-13 12:34:00,202.1,203.45,202.1,203.35,2625,0,11400.0,CE
2018-08-13 12:35:00,201.1,203.45,201.1,201.5,750,0,11400.0,CE
2018-08-13 12:36:00,201.0,201.0,199.9,199.9,300,0,11400.0,CE
2018-08-13 12:38:00,198.35,199.75,198.35,199.75,225,0,11400.0,CE
2018-08-13 12:39:00,199.15,199.15,199.15,199.15,150,0,11400.0,CE
2018-08-13 12:40:00,199.2,199.2,199.2,199.2,150,0,11400.0,CE
2018-08-13 12:43:00,201.55,201.55,201.55,201.55,150,0,11400.0,CE
2018-08-13 12:44:00,200.95,200.95,199.05,200.0,1200,0,11400.0,CE
2018-08-13 12:45:00,200.0,202.95,200.0,202.95,2550,0,11400.0,CE
2018-08-13 12:46:00,201.8,203.25,201.8,203.25,375,0,11400.0,CE
2018-08-13 12:48:00,201.6,201.6,201.6,201.6,75,0,11400.0,CE
2018-08-13 12:49:00,203.9,203.9,202.65,203.4,525,0,11400.0,CE
2018-08-13 12:50:00,202.2,202.2,202.2,202.2,150,0,11400.0,CE
2018-08-13 12:52:00,200.75,200.75,199.65,199.65,600,0,11400.0,CE
2018-08-13 12:53:00,201.4,202.4,200.85,200.85,525,0,11400.0,CE
2018-08-13 12:54:00,202.0,203.0,202.0,203.0,450,0,11400.0,CE
2018-08-13 12:55:00,204.0,204.95,202.55,202.55,3975,0,11400.0,CE
2018-08-13 12:56:00,202.6,202.6,200.3,200.35,5100,0,11400.0,CE
2018-08-13 12:57:00,200.55,202.05,200.4,200.85,2475,0,11400.0,CE
2018-08-13 12:58:00,200.85,201.3,200.5,200.65,375,0,11400.0,CE
2018-08-13 12:59:00,202.8,202.8,201.9,202.0,600,0,11400.0,CE
2018-08-13 13:00:00,201.0,201.6,201.0,201.6,600,0,11400.0,CE
2018-08-13 13:01:00,201.1,201.95,200.9,201.8,1425,0,11400.0,CE
2018-08-13 13:02:00,201.2,201.2,199.0,199.0,750,0,11400.0,CE
2018-08-13 13:03:00,199.75,199.75,198.95,198.95,300,0,11400.0,CE
2018-08-13 13:04:00,198.0,198.0,196.8,196.8,900,0,11400.0,CE
2018-08-13 13:05:00,197.0,197.0,197.0,197.0,300,0,11400.0,CE
2018-08-13 13:06:00,196.25,196.25,196.25,196.25,75,0,11400.0,CE
2018-08-13 13:11:00,200.55,201.5,200.55,201.5,675,0,11400.0,CE
2018-08-13 13:13:00,200.3,200.3,200.3,200.3,150,0,11400.0,CE
2018-08-13 13:18:00,198.85,198.85,198.85,198.85,75,0,11400.0,CE
2018-08-13 13:19:00,198.35,198.35,198.35,198.35,150,0,11400.0,CE
2018-08-13 13:23:00,201.0,202.5,201.0,202.5,150,0,11400.0,CE
2018-08-13 13:25:00,202.0,202.0,202.0,202.0,75,0,11400.0,CE
2018-08-13 13:27:00,201.15,201.3,201.15,201.3,300,0,11400.0,CE
2018-08-13 13:28:00,201.1,201.1,200.5,200.5,225,0,11400.0,CE
2018-08-13 13:30:00,202.1,202.6,202.1,202.6,300,0,11400.0,CE
2018-08-13 13:31:00,202.3,202.3,201.95,201.95,1575,0,11400.0,CE
2018-08-13 13:32:00,201.25,201.25,201.25,201.25,150,0,11400.0,CE
2018-08-13 13:33:00,201.7,203.0,201.7,203.0,4425,0,11400.0,CE
2018-08-13 13:34:00,205.5,205.5,205.2,205.2,225,0,11400.0,CE
2018-08-13 13:36:00,202.0,202.0,202.0,202.0,75,0,11400.0,CE
2018-08-13 13:38:00,202.15,202.15,202.15,202.15,75,0,11400.0,CE
2018-08-13 13:40:00,203.05,203.05,203.05,203.05,75,0,11400.0,CE
2018-08-13 13:41:00,203.25,203.9,203.25,203.9,300,0,11400.0,CE
2018-08-13 13:42:00,204.05,204.35,204.05,204.35,1350,0,11400.0,CE
2018-08-13 13:43:00,209.0,209.0,207.5,208.0,1275,0,11400.0,CE
2018-08-13 13:44:00,208.0,208.5,205.35,205.35,1875,0,11400.0,CE
2018-08-13 13:45:00,205.4,206.15,205.25,206.0,1575,0,11400.0,CE
2018-08-13 13:46:00,204.6,204.6,204.5,204.6,975,0,11400.0,CE
2018-08-13 13:47:00,204.55,205.65,204.35,204.35,525,0,11400.0,CE
2018-08-13 13:48:00,204.25,204.25,203.85,203.85,600,0,11400.0,CE
2018-08-13 13:49:00,203.2,203.2,202.6,202.6,525,0,11400.0,CE
2018-08-13 13:51:00,204.0,204.05,204.0,204.05,300,0,11400.0,CE
2018-08-13 13:52:00,204.85,204.85,204.5,204.5,675,0,11400.0,CE
2018-08-13 13:54:00,204.55,204.55,202.65,202.65,300,0,11400.0,CE
2018-08-13 13:55:00,202.9,202.9,202.9,202.9,75,0,11400.0,CE
2018-08-13 13:58:00,203.05,203.05,203.05,203.05,150,0,11400.0,CE
2018-08-13 14:00:00,199.55,199.55,199.55,199.55,150,0,11400.0,CE
2018-08-13 14:03:00,197.95,197.95,197.95,197.95,150,0,11400.0,CE
2018-08-13 14:04:00,195.3,195.3,195.3,195.3,150,0,11400.0,CE
2018-08-13 14:05:00,194.85,194.85,192.95,192.95,300,0,11400.0,CE
2018-08-13 14:07:00,192.95,193.25,192.6,193.25,2775,0,11400.0,CE
2018-08-13 14:10:00,196.85,197.2,196.85,197.2,375,0,11400.0,CE
2018-08-13 14:15:00,194.55,195.05,194.45,194.9,825,0,11400.0,CE
2018-08-13 14:16:00,193.25,193.25,193.25,193.25,75,0,11400.0,CE
2018-08-13 14:22:00,197.15,197.15,197.15,197.15,75,0,11400.0,CE
2018-08-13 14:24:00,196.95,197.0,196.95,197.0,150,0,11400.0,CE
2018-08-13 14:27:00,195.05,195.05,195.05,195.05,75,0,11400.0,CE
2018-08-13 14:28:00,197.05,197.05,197.05,197.05,150,0,11400.0,CE
2018-08-13 14:29:00,198.7,199.6,198.7,199.6,525,0,11400.0,CE
2018-08-13 14:30:00,199.8,200.4,199.8,200.2,975,0,11400.0,CE
2018-08-13 14:31:00,199.55,199.55,199.4,199.4,150,0,11400.0,CE
2018-08-13 14:34:00,196.05,196.05,194.0,194.0,150,0,11400.0,CE
2018-08-13 14:35:00,192.35,192.35,189.95,189.95,750,0,11400.0,CE
2018-08-13 14:36:00,188.95,188.95,188.95,188.95,75,0,11400.0,CE
2018-08-13 14:38:00,187.5,189.0,187.5,189.0,300,0,11400.0,CE
2018-08-13 14:40:00,188.0,189.85,188.0,189.85,150,0,11400.0,CE
2018-08-13 14:41:00,189.4,189.4,189.4,189.4,75,0,11400.0,CE
2018-08-13 14:42:00,191.05,191.05,188.0,188.0,1125,0,11400.0,CE
2018-08-13 14:43:00,188.1,188.1,188.1,188.1,75,0,11400.0,CE
2018-08-13 14:47:00,190.0,190.0,189.85,189.85,225,0,11400.0,CE
2018-08-13 14:48:00,186.15,186.8,186.1,186.25,300,0,11400.0,CE
2018-08-13 14:49:00,185.65,185.65,184.95,184.95,375,0,11400.0,CE
2018-08-13 14:50:00,185.05,185.8,185.05,185.8,150,0,11400.0,CE
2018-08-13 14:51:00,186.85,186.85,186.85,186.85,75,0,11400.0,CE
2018-08-13 14:52:00,184.1,184.1,184.0,184.0,150,0,11400.0,CE
2018-08-13 14:53:00,184.0,185.55,184.0,185.0,300,0,11400.0,CE
2018-08-13 14:55:00,182.8,182.8,181.35,181.55,600,0,11400.0,CE
2018-08-13 14:56:00,182.0,182.0,182.0,182.0,75,0,11400.0,CE
2018-08-13 14:57:00,180.6,180.6,180.6,180.6,75,0,11400.0,CE
2018-08-13 14:59:00,181.5,181.5,181.5,181.5,75,0,11400.0,CE
2018-08-13 15:00:00,180.2,180.2,180.2,180.2,225,0,11400.0,CE
2018-08-13 15:01:00,180.45,180.5,180.0,180.0,675,0,11400.0,CE
2018-08-13 15:02:00,180.75,180.9,180.75,180.9,375,0,11400.0,CE
2018-08-13 15:03:00,181.05,182.6,181.05,182.6,975,0,11400.0,CE
2018-08-13 15:04:00,182.1,182.1,182.1,182.1,225,0,11400.0,CE
2018-08-13 15:05:00,181.85,183.6,180.8,183.6,1050,0,11400.0,CE
2018-08-13 15:06:00,182.6,183.5,182.6,183.5,525,0,11400.0,CE
2018-08-13 15:07:00,183.65,183.65,183.65,183.65,75,0,11400.0,CE
2018-08-13 15:08:00,184.65,184.65,183.3,183.3,225,0,11400.0,CE
2018-08-13 15:10:00,183.35,183.35,183.35,183.35,150,0,11400.0,CE
2018-08-13 15:11:00,183.25,183.25,183.25,183.25,225,0,11400.0,CE
2018-08-13 15:12:00,184.75,184.75,182.4,182.8,3825,0,11400.0,CE
2018-08-13 15:13:00,183.6,183.6,181.5,181.5,1050,0,11400.0,CE
2018-08-13 15:14:00,182.05,182.05,181.25,181.5,900,0,11400.0,CE
2018-08-13 15:15:00,182.7,183.6,182.7,183.05,975,0,11400.0,CE
2018-08-13 15:16:00,182.95,182.95,182.9,182.9,150,0,11400.0,CE
2018-08-13 15:17:00,181.65,183.05,181.6,182.1,525,0,11400.0,CE
2018-08-13 15:18:00,181.85,181.85,181.85,181.85,75,0,11400.0,CE
2018-08-13 15:19:00,181.65,182.5,181.6,182.0,1125,0,11400.0,CE
2018-08-13 15:20:00,182.2,182.65,181.65,182.65,525,0,11400.0,CE
2018-08-13 15:21:00,182.1,183.85,182.05,183.5,3600,0,11400.0,CE
2018-08-13 15:22:00,183.5,184.75,183.3,184.75,2400,0,11400.0,CE
2018-08-13 15:23:00,184.9,186.0,184.25,186.0,975,0,11400.0,CE
2018-08-13 15:24:00,185.8,186.3,184.75,185.0,675,0,11400.0,CE
2018-08-13 15:25:00,185.1,185.8,184.3,184.8,1200,0,11400.0,CE
2018-08-13 15:26:00,185.85,186.25,185.2,186.25,750,0,11400.0,CE
2018-08-13 15:27:00,186.2,186.2,184.55,184.55,525,0,11400.0,CE
2018-08-13 15:28:00,186.2,186.55,184.6,186.55,1650,0,11400.0,CE
2018-08-13 15:29:00,186.5,187.65,185.2,187.45,1725,0,11400.0,CE
2018-08-13 15:30:00,186.5,187.65,183.65,183.65,0,0,11400.0,CE
2018-08-14 09:16:00,194.1,194.1,194.1,194.1,75,0,11400.0,CE
2018-08-14 09:17:00,192.5,192.5,192.0,192.1,675,0,11400.0,CE
2018-08-14 09:18:00,193.45,194.0,193.45,194.0,150,0,11400.0,CE
2018-08-14 09:19:00,196.4,196.4,196.4,196.4,75,0,11400.0,CE
2018-08-14 09:20:00,198.55,198.9,196.5,196.5,1800,0,11400.0,CE
2018-08-14 09:21:00,196.9,197.5,196.1,197.5,975,0,11400.0,CE
2018-08-14 09:22:00,197.75,197.75,197.7,197.7,825,0,11400.0,CE
2018-08-14 09:23:00,198.0,198.0,198.0,198.0,525,0,11400.0,CE
2018-08-14 09:24:00,199.2,201.4,199.2,200.85,525,0,11400.0,CE
2018-08-14 09:25:00,200.0,200.0,199.0,199.0,1350,0,11400.0,CE
2018-08-14 09:26:00,198.0,198.25,198.0,198.25,450,0,11400.0,CE
2018-08-14 09:27:00,198.0,198.0,197.55,197.55,450,0,11400.0,CE
2018-08-14 09:28:00,199.0,199.0,199.0,199.0,75,0,11400.0,CE
2018-08-14 09:29:00,197.05,197.05,197.0,197.0,225,0,11400.0,CE
2018-08-14 09:30:00,197.0,197.0,197.0,197.0,375,0,11400.0,CE
2018-08-14 09:31:00,198.7,199.0,198.7,199.0,375,0,11400.0,CE
2018-08-14 09:32:00,200.0,200.0,200.0,200.0,150,0,11400.0,CE
2018-08-14 09:33:00,199.5,199.5,199.5,199.5,150,0,11400.0,CE
2018-08-14 09:34:00,199.5,200.05,199.5,200.05,300,0,11400.0,CE
2018-08-14 09:35:00,198.1,198.1,197.6,197.6,150,0,11400.0,CE
2018-08-14 09:37:00,197.4,198.55,197.4,198.55,225,0,11400.0,CE
2018-08-14 09:39:00,199.7,199.7,199.7,199.7,75,0,11400.0,CE
2018-08-14 09:40:00,202.3,202.3,200.65,200.65,450,0,11400.0,CE
2018-08-14 09:41:00,204.2,204.2,204.2,204.2,150,0,11400.0,CE
2018-08-14 09:42:00,203.4,203.75,202.4,202.6,975,0,11400.0,CE
2018-08-14 09:45:00,202.6,203.7,202.5,202.5,1125,0,11400.0,CE
2018-08-14 09:48:00,203.45,203.45,203.45,203.45,75,0,11400.0,CE
2018-08-14 09:49:00,204.45,204.45,202.65,203.95,300,0,11400.0,CE
2018-08-14 09:50:00,204.85,204.85,203.45,203.45,375,0,11400.0,CE
2018-08-14 09:51:00,203.05,203.05,203.05,203.05,300,0,11400.0,CE
2018-08-14 09:52:00,202.1,202.1,202.1,202.1,75,0,11400.0,CE
2018-08-14 09:53:00,202.0,202.0,202.0,202.0,75,0,11400.0,CE
2018-08-14 09:55:00,202.0,202.35,202.0,202.35,150,0,11400.0,CE
2018-08-14 09:56:00,200.95,200.95,200.95,200.95,225,0,11400.0,CE
2018-08-14 09:57:00,200.3,200.3,200.3,200.3,75,0,11400.0,CE
2018-08-14 09:58:00,199.95,199.95,199.65,199.65,900,0,11400.0,CE
2018-08-14 10:00:00,202.0,202.0,202.0,202.0,75,0,11400.0,CE
2018-08-14 10:01:00,203.0,203.0,203.0,203.0,1125,0,11400.0,CE
2018-08-14 10:02:00,202.65,202.65,202.65,202.65,75,0,11400.0,CE
2018-08-14 10:03:00,204.45,204.45,204.0,204.0,375,0,11400.0,CE
2018-08-14 10:04:00,204.0,204.0,204.0,204.0,75,0,11400.0,CE
2018-08-14 10:05:00,203.55,203.9,203.55,203.9,150,0,11400.0,CE
2018-08-14 10:06:00,203.35,203.35,203.0,203.0,300,0,11400.0,CE
2018-08-14 10:11:00,205.0,208.6,205.0,208.4,750,0,11400.0,CE
2018-08-14 10:12:00,208.75,210.55,208.55,210.05,375,0,11400.0,CE
2018-08-14 10:13:00,210.0,210.1,210.0,210.1,150,0,11400.0,CE
2018-08-14 10:15:00,210.0,210.0,210.0,210.0,150,0,11400.0,CE
2018-08-14 10:16:00,211.1,211.1,211.1,211.1,75,0,11400.0,CE
2018-08-14 10:17:00,211.3,211.3,211.0,211.0,1050,0,11400.0,CE
2018-08-14 10:18:00,208.1,209.0,208.1,208.55,1425,0,11400.0,CE
2018-08-14 10:19:00,208.5,209.75,208.05,209.5,2025,0,11400.0,CE
2018-08-14 10:20:00,209.0,209.0,209.0,209.0,150,0,11400.0,CE
2018-08-14 10:26:00,209.5,209.5,209.5,209.5,300,0,11400.0,CE
2018-08-14 10:30:00,208.0,208.0,208.0,208.0,75,0,11400.0,CE
2018-08-14 10:33:00,210.0,210.0,209.7,209.7,300,0,11400.0,CE
2018-08-14 10:34:00,207.5,207.5,207.5,207.5,75,0,11400.0,CE
2018-08-14 10:35:00,205.9,205.9,205.9,205.9,75,0,11400.0,CE
2018-08-14 10:36:00,205.0,205.0,205.0,205.0,150,0,11400.0,CE
2018-08-14 10:37:00,205.0,205.1,205.0,205.1,300,0,11400.0,CE
2018-08-14 10:38:00,203.05,203.05,203.05,203.05,75,0,11400.0,CE
2018-08-14 10:39:00,204.05,204.05,203.0,203.0,525,0,11400.0,CE
2018-08-14 10:40:00,203.95,203.95,203.95,203.95,150,0,11400.0,CE
2018-08-14 10:41:00,203.2,203.2,203.2,203.2,525,0,11400.0,CE
2018-08-14 10:43:00,203.95,203.95,203.35,203.4,300,0,11400.0,CE
2018-08-14 10:50:00,201.45,201.45,200.0,200.0,525,0,11400.0,CE
2018-08-14 10:51:00,199.5,200.2,199.5,200.2,225,0,11400.0,CE
2018-08-14 10:52:00,199.3,199.95,199.25,199.95,225,0,11400.0,CE
2018-08-14 10:53:00,200.7,200.7,200.7,200.7,900,0,11400.0,CE
2018-08-14 10:54:00,200.55,200.55,200.55,200.55,75,0,11400.0,CE
2018-08-14 10:57:00,203.05,203.05,203.05,203.05,75,0,11400.0,CE
2018-08-14 11:02:00,203.05,203.05,203.05,203.05,75,0,11400.0,CE
2018-08-14 11:08:00,202.9,202.9,202.9,202.9,75,0,11400.0,CE
2018-08-14 11:09:00,203.15,203.15,203.15,203.15,225,0,11400.0,CE
2018-08-14 11:12:00,200.9,201.05,200.9,201.05,375,0,11400.0,CE
2018-08-14 11:19:00,204.0,204.0,204.0,204.0,75,0,11400.0,CE
2018-08-14 11:21:00,204.9,205.8,204.9,205.8,450,0,11400.0,CE
2018-08-14 11:23:00,207.0,207.0,207.0,207.0,150,0,11400.0,CE
2018-08-14 11:24:00,205.3,205.3,205.1,205.1,150,0,11400.0,CE
2018-08-14 11:25:00,204.65,204.65,204.65,204.65,75,0,11400.0,CE
2018-08-14 11:28:00,205.6,205.6,205.6,205.6,150,0,11400.0,CE
2018-08-14 11:29:00,206.15,206.15,206.15,206.15,75,0,11400.0,CE
2018-08-14 11:30:00,206.5,206.5,206.5,206.5,75,0,11400.0,CE
2018-08-14 11:32:00,206.0,206.0,206.0,206.0,75,0,11400.0,CE
2018-08-14 11:35:00,207.0,207.4,207.0,207.4,600,0,11400.0,CE
2018-08-14 11:40:00,208.7,208.7,208.2,208.2,225,0,11400.0,CE
2018-08-14 11:41:00,209.05,209.05,209.05,209.05,150,0,11400.0,CE
2018-08-14 11:43:00,210.0,210.45,210.0,210.45,600,0,11400.0,CE
2018-08-14 11:46:00,208.05,208.05,208.0,208.0,150,0,11400.0,CE
2018-08-14 11:47:00,209.5,209.5,209.5,209.5,150,0,11400.0,CE
2018-08-14 11:55:00,208.25,208.25,208.25,208.25,225,0,11400.0,CE
2018-08-14 11:59:00,208.5,208.5,208.5,208.5,75,0,11400.0,CE
2018-08-14 12:03:00,206.65,206.65,206.65,206.65,150,0,11400.0,CE
2018-08-14 12:08:00,209.45,209.45,209.45,209.45,75,0,11400.0,CE
2018-08-14 12:10:00,211.5,211.5,211.5,211.5,75,0,11400.0,CE
2018-08-14 12:11:00,212.45,212.45,212.45,212.45,75,0,11400.0,CE
2018-08-14 12:14:00,211.25,211.3,211.25,211.25,1575,0,11400.0,CE
2018-08-14 12:17:00,211.0,211.5,211.0,211.5,150,0,11400.0,CE
2018-08-14 12:18:00,213.0,215.1,213.0,215.1,525,0,11400.0,CE
2018-08-14 12:19:00,215.05,217.45,215.05,216.0,3900,0,11400.0,CE
2018-08-14 12:20:00,216.0,216.9,216.0,216.9,4650,0,11400.0,CE
2018-08-14 12:21:00,216.55,217.0,216.5,216.5,2100,0,11400.0,CE
2018-08-14 12:22:00,217.3,218.0,217.3,218.0,3375,0,11400.0,CE
2018-08-14 12:23:00,218.0,218.0,217.75,217.75,2025,0,11400.0,CE
2018-08-14 12:24:00,217.8,218.5,217.8,218.0,825,0,11400.0,CE
2018-08-14 12:26:00,219.0,219.85,219.0,219.85,1950,0,11400.0,CE
2018-08-14 12:27:00,219.0,219.0,218.05,218.05,825,0,11400.0,CE
2018-08-14 12:30:00,218.4,219.2,217.55,217.65,600,0,11400.0,CE
2018-08-14 12:31:00,219.55,222.0,219.55,221.95,1500,0,11400.0,CE
2018-08-14 12:32:00,221.95,221.95,221.15,221.15,225,0,11400.0,CE
2018-08-14 12:33:00,222.0,222.0,221.0,221.0,300,0,11400.0,CE
2018-08-14 12:35:00,223.4,223.4,222.7,222.7,225,0,11400.0,CE
2018-08-14 12:36:00,223.5,226.5,223.5,226.5,750,0,11400.0,CE
2018-08-14 12:37:00,227.0,227.0,225.0,225.0,600,0,11400.0,CE
2018-08-14 12:38:00,224.0,224.0,224.0,224.0,225,0,11400.0,CE
2018-08-14 12:39:00,223.15,223.15,222.95,222.95,225,0,11400.0,CE
2018-08-14 12:41:00,224.65,226.0,224.65,226.0,300,0,11400.0,CE
2018-08-14 12:42:00,226.0,227.4,226.0,226.6,225,0,11400.0,CE
2018-08-14 12:43:00,225.0,225.0,225.0,225.0,75,0,11400.0,CE
2018-08-14 12:44:00,225.25,225.25,225.25,225.25,150,0,11400.0,CE
2018-08-14 12:45:00,225.95,225.95,225.95,225.95,75,0,11400.0,CE
2018-08-14 12:46:00,226.0,226.0,223.95,224.0,375,0,11400.0,CE
2018-08-14 12:47:00,223.6,223.6,223.05,223.05,150,0,11400.0,CE
2018-08-14 12:48:00,223.45,223.45,223.45,223.45,75,0,11400.0,CE
2018-08-14 12:49:00,221.55,221.55,221.55,221.55,75,0,11400.0,CE
2018-08-14 12:51:00,223.45,223.45,223.45,223.45,75,0,11400.0,CE
2018-08-14 12:56:00,221.55,221.55,221.55,221.55,75,0,11400.0,CE
2018-08-14 12:59:00,224.95,225.0,224.95,225.0,375,0,11400.0,CE
2018-08-14 13:00:00,224.05,224.05,224.05,224.05,150,0,11400.0,CE
2018-08-14 13:01:00,225.0,226.5,225.0,226.5,900,0,11400.0,CE
2018-08-14 13:02:00,226.7,226.75,226.15,226.15,225,0,11400.0,CE
2018-08-14 13:04:00,227.45,227.45,226.0,226.0,150,0,11400.0,CE
2018-08-14 13:05:00,226.0,226.0,225.5,225.5,450,0,11400.0,CE
2018-08-14 13:06:00,225.5,225.5,225.5,225.5,75,0,11400.0,CE
2018-08-14 13:09:00,225.5,226.4,225.5,226.4,600,0,11400.0,CE
2018-08-14 13:10:00,224.3,224.3,224.3,224.3,150,0,11400.0,CE
2018-08-14 13:13:00,226.0,226.0,226.0,226.0,75,0,11400.0,CE
2018-08-14 13:14:00,226.25,226.4,226.25,226.4,375,0,11400.0,CE
2018-08-14 13:15:00,226.5,226.5,226.5,226.5,75,0,11400.0,CE
2018-08-14 13:17:00,226.0,226.0,226.0,226.0,75,0,11400.0,CE
2018-08-14 13:18:00,226.1,227.05,226.1,227.0,1200,0,11400.0,CE
2018-08-14 13:19:00,226.05,227.45,226.05,227.45,750,0,11400.0,CE
2018-08-14 13:20:00,227.05,228.55,227.05,227.85,675,0,11400.0,CE
2018-08-14 13:21:00,228.45,228.95,228.25,228.95,375,0,11400.0,CE
2018-08-14 13:22:00,228.0,228.0,227.6,227.6,225,0,11400.0,CE
2018-08-14 13:23:00,226.2,226.55,226.2,226.55,300,0,11400.0,CE
2018-08-14 13:24:00,227.65,229.15,227.65,229.15,525,0,11400.0,CE
2018-08-14 13:25:00,228.6,228.6,227.65,227.65,150,0,11400.0,CE
2018-08-14 13:26:00,227.65,227.65,227.65,227.65,75,0,11400.0,CE
2018-08-14 13:27:00,227.0,227.0,227.0,227.0,675,0,11400.0,CE
2018-08-14 13:28:00,230.0,231.5,230.0,231.5,300,0,11400.0,CE
2018-08-14 13:30:00,230.85,232.0,230.3,230.5,1350,0,11400.0,CE
2018-08-14 13:31:00,230.3,231.0,230.3,231.0,225,0,11400.0,CE
2018-08-14 13:33:00,235.05,235.15,234.55,234.55,1050,0,11400.0,CE
2018-08-14 13:34:00,235.0,235.0,235.0,235.0,75,0,11400.0,CE
2018-08-14 13:35:00,235.95,235.95,235.0,235.0,300,0,11400.0,CE
2018-08-14 13:36:00,234.55,234.55,234.55,234.55,75,0,11400.0,CE
2018-08-14 13:37:00,235.4,235.4,234.55,234.55,375,0,11400.0,CE
2018-08-14 13:38:00,235.0,237.0,235.0,237.0,750,0,11400.0,CE
2018-08-14 13:39:00,237.95,237.95,235.65,235.85,1125,0,11400.0,CE
2018-08-14 13:40:00,235.95,235.95,234.45,234.6,1200,0,11400.0,CE
2018-08-14 13:41:00,234.5,234.7,234.45,234.45,375,0,11400.0,CE
2018-08-14 13:42:00,232.6,232.6,232.6,232.6,150,0,11400.0,CE
2018-08-14 13:43:00,234.0,234.0,234.0,234.0,300,0,11400.0,CE
2018-08-14 13:44:00,233.0,233.0,233.0,233.0,150,0,11400.0,CE
2018-08-14 13:47:00,231.35,231.35,231.35,231.35,375,0,11400.0,CE
2018-08-14 13:48:00,232.1,233.05,232.1,233.05,525,0,11400.0,CE
2018-08-14 13:49:00,232.65,232.65,232.65,232.65,150,0,11400.0,CE
2018-08-14 13:50:00,232.05,232.05,232.05,232.05,150,0,11400.0,CE
2018-08-14 13:52:00,231.5,231.5,231.5,231.5,150,0,11400.0,CE
2018-08-14 13:53:00,232.05,232.05,232.05,232.05,225,0,11400.0,CE
2018-08-14 13:54:00,231.15,231.15,231.15,231.15,75,0,11400.0,CE
2018-08-14 13:57:00,232.0,232.0,232.0,232.0,75,0,11400.0,CE
2018-08-14 14:00:00,233.3,233.3,233.3,233.3,75,0,11400.0,CE
2018-08-14 14:03:00,231.05,231.05,231.0,231.0,150,0,11400.0,CE
2018-08-14 14:04:00,231.7,231.7,231.7,231.7,300,0,11400.0,CE
2018-08-14 14:05:00,231.75,231.75,231.0,231.0,300,0,11400.0,CE
2018-08-14 14:06:00,230.55,231.35,230.2,230.2,600,0,11400.0,CE
2018-08-14 14:07:00,229.7,229.8,228.4,228.4,600,0,11400.0,CE
2018-08-14 14:08:00,227.8,228.0,227.8,227.85,300,0,11400.0,CE
2018-08-14 14:09:00,226.5,228.5,226.5,228.5,150,0,11400.0,CE
2018-08-14 14:10:00,228.0,228.0,228.0,228.0,75,0,11400.0,CE
2018-08-14 14:12:00,229.0,229.0,229.0,229.0,75,0,11400.0,CE
2018-08-14 14:13:00,229.0,229.0,228.65,228.65,225,0,11400.0,CE
2018-08-14 14:17:00,229.15,229.65,229.15,229.65,150,0,11400.0,CE
2018-08-14 14:22:00,233.35,233.35,232.5,232.5,225,0,11400.0,CE
2018-08-14 14:24:00,236.0,236.0,236.0,236.0,75,0,11400.0,CE
2018-08-14 14:25:00,235.35,236.05,235.1,235.95,450,0,11400.0,CE
2018-08-14 14:26:00,233.75,233.75,233.75,233.75,75,0,11400.0,CE
2018-08-14 14:27:00,234.15,234.15,234.15,234.15,150,0,11400.0,CE
2018-08-14 14:28:00,233.0,233.0,233.0,233.0,75,0,11400.0,CE
2018-08-14 14:29:00,232.0,232.0,232.0,232.0,150,0,11400.0,CE
2018-08-14 14:30:00,230.05,231.05,230.05,231.05,225,0,11400.0,CE
2018-08-14 14:31:00,230.5,230.5,228.5,228.5,750,0,11400.0,CE
2018-08-14 14:32:00,228.3,228.3,227.05,227.05,525,0,11400.0,CE
2018-08-14 14:33:00,226.95,226.95,226.95,226.95,75,0,11400.0,CE
2018-08-14 14:34:00,227.0,227.0,227.0,227.0,225,0,11400.0,CE
2018-08-14 14:35:00,227.0,229.0,227.0,229.0,375,0,11400.0,CE
2018-08-14 14:36:00,232.45,232.55,232.45,232.55,150,0,11400.0,CE
2018-08-14 14:37:00,232.0,232.0,232.0,232.0,75,0,11400.0,CE
2018-08-14 14:38:00,232.9,232.9,232.9,232.9,150,0,11400.0,CE
2018-08-14 14:39:00,234.1,235.0,234.1,235.0,300,0,11400.0,CE
2018-08-14 14:40:00,233.0,233.0,230.55,230.55,1725,0,11400.0,CE
2018-08-14 14:41:00,230.5,232.95,229.95,231.5,5550,0,11400.0,CE
2018-08-14 14:42:00,231.75,232.25,230.5,232.25,300,0,11400.0,CE
2018-08-14 14:43:00,230.7,232.0,229.05,229.1,2400,0,11400.0,CE
2018-08-14 14:44:00,229.95,229.95,229.95,229.95,150,0,11400.0,CE
2018-08-14 14:45:00,230.3,230.85,229.05,230.85,1875,0,11400.0,CE
2018-08-14 14:46:00,229.7,230.4,229.7,230.4,375,0,11400.0,CE
2018-08-14 14:47:00,230.6,230.95,230.6,230.95,150,0,11400.0,CE
2018-08-14 14:48:00,231.5,231.5,231.5,231.5,225,0,11400.0,CE
2018-08-14 14:49:00,230.9,231.25,230.8,231.25,225,0,11400.0,CE
2018-08-14 14:51:00,231.15,232.15,231.15,232.15,300,0,11400.0,CE
2018-08-14 14:52:00,231.35,231.35,230.15,230.15,450,0,11400.0,CE
2018-08-14 14:54:00,231.3,232.85,231.1,231.1,750,0,11400.0,CE
2018-08-14 14:55:00,231.75,231.85,230.95,230.95,1200,0,11400.0,CE
2018-08-14 14:56:00,231.5,231.5,231.5,231.5,75,0,11400.0,CE
2018-08-14 14:57:00,230.3,230.3,230.3,230.3,150,0,11400.0,CE
2018-08-14 14:58:00,229.55,229.55,228.45,229.0,825,0,11400.0,CE
2018-08-14 14:59:00,229.25,230.0,229.1,230.0,450,0,11400.0,CE
2018-08-14 15:00:00,230.1,232.0,229.6,232.0,225,0,11400.0,CE
2018-08-14 15:01:00,231.65,231.75,229.95,230.0,1050,0,11400.0,CE
2018-08-14 15:02:00,229.5,230.5,229.5,230.5,375,0,11400.0,CE
2018-08-14 15:03:00,230.6,231.45,230.6,231.45,675,0,11400.0,CE
2018-08-14 15:04:00,229.15,229.15,229.15,229.15,225,0,11400.0,CE
2018-08-14 15:05:00,229.4,230.05,228.2,229.95,3075,0,11400.0,CE
2018-08-14 15:06:00,228.7,230.75,228.65,230.75,3825,0,11400.0,CE
2018-08-14 15:07:00,230.45,231.0,230.45,231.0,225,0,11400.0,CE
2018-08-14 15:08:00,230.75,230.75,230.3,230.3,300,0,11400.0,CE
2018-08-14 15:10:00,231.5,232.85,231.5,232.85,900,0,11400.0,CE
2018-08-14 15:11:00,233.5,233.5,233.2,233.2,225,0,11400.0,CE
2018-08-14 15:12:00,233.75,233.75,233.75,233.75,75,0,11400.0,CE
2018-08-14 15:13:00,234.5,234.5,233.55,233.55,150,0,11400.0,CE
2018-08-14 15:14:00,233.85,233.85,233.55,233.55,750,0,11400.0,CE
2018-08-14 15:15:00,233.6,233.6,231.9,231.9,525,0,11400.0,CE
2018-08-14 15:16:00,232.5,233.5,232.5,233.2,1350,0,11400.0,CE
2018-08-14 15:17:00,232.8,233.0,232.8,233.0,225,0,11400.0,CE
2018-08-14 15:18:00,233.0,233.65,231.65,232.5,2100,0,11400.0,CE
2018-08-14 15:19:00,232.4,232.4,230.8,231.7,750,0,11400.0,CE
2018-08-14 15:20:00,232.15,232.2,232.0,232.0,600,0,11400.0,CE
2018-08-14 15:21:00,231.45,231.45,231.45,231.45,300,0,11400.0,CE
2018-08-14 15:22:00,230.3,230.9,230.25,230.25,525,0,11400.0,CE
2018-08-14 15:23:00,229.85,229.85,229.0,229.0,225,0,11400.0,CE
2018-08-14 15:24:00,227.7,229.5,227.7,229.5,450,0,11400.0,CE
2018-08-14 15:25:00,229.3,229.8,228.55,228.55,2025,0,11400.0,CE
2018-08-14 15:26:00,228.55,228.55,228.55,228.55,150,0,11400.0,CE
2018-08-14 15:27:00,227.95,227.95,227.95,227.95,75,0,11400.0,CE
2018-08-14 15:28:00,227.4,227.5,227.4,227.5,225,0,11400.0,CE
2018-08-14 15:29:00,228.85,230.95,228.4,230.95,450,0,11400.0,CE
2018-08-14 15:30:00,228.85,230.95,228.4,230.75,0,0,11400.0,CE
2018-08-16 09:15:00,202.0,202.0,197.35,197.35,375,0,11400.0,CE
2018-08-16 09:16:00,202.5,202.65,200.25,200.25,375,0,11400.0,CE
2018-08-16 09:17:00,202.9,202.9,202.0,202.0,150,0,11400.0,CE
2018-08-16 09:20:00,207.15,207.8,207.15,207.8,150,0,11400.0,CE
2018-08-16 09:21:00,207.0,208.0,207.0,208.0,150,0,11400.0,CE
2018-08-16 09:22:00,211.0,213.0,209.85,209.85,375,0,11400.0,CE
2018-08-16 09:23:00,209.9,209.9,209.9,209.9,375,0,11400.0,CE
2018-08-16 09:24:00,210.3,210.3,206.45,206.45,1800,0,11400.0,CE
2018-08-16 09:25:00,208.9,208.9,206.7,206.7,375,0,11400.0,CE
2018-08-16 09:28:00,207.4,207.95,206.45,207.95,1200,0,11400.0,CE
2018-08-16 09:29:00,207.0,207.0,205.4,205.4,975,0,11400.0,CE
2018-08-16 09:30:00,205.5,205.5,202.85,203.0,2400,0,11400.0,CE
2018-08-16 09:31:00,204.45,204.7,204.3,204.7,600,0,11400.0,CE
2018-08-16 09:32:00,204.2,206.75,204.2,206.75,1050,0,11400.0,CE
2018-08-16 09:33:00,203.0,203.0,203.0,203.0,75,0,11400.0,CE
2018-08-16 09:34:00,201.0,201.0,199.4,200.15,1050,0,11400.0,CE
2018-08-16 09:35:00,201.0,201.0,201.0,201.0,150,0,11400.0,CE
2018-08-16 09:36:00,202.65,202.65,202.65,202.65,75,0,11400.0,CE
2018-08-16 09:37:00,199.55,204.1,199.55,203.2,9300,0,11400.0,CE
2018-08-16 09:38:00,204.95,204.95,204.95,204.95,75,0,11400.0,CE
2018-08-16 09:39:00,205.3,205.3,204.85,204.85,300,0,11400.0,CE
2018-08-16 09:42:00,208.0,209.8,208.0,209.8,375,0,11400.0,CE
2018-08-16 09:43:00,210.5,210.5,210.5,210.5,75,0,11400.0,CE
2018-08-16 09:44:00,210.85,210.85,210.85,210.85,75,0,11400.0,CE
2018-08-16 09:45:00,212.0,215.15,212.0,213.85,1725,0,11400.0,CE
2018-08-16 09:46:00,215.55,216.2,215.5,215.5,450,0,11400.0,CE
2018-08-16 09:47:00,215.1,215.75,215.0,215.55,375,0,11400.0,CE
2018-08-16 09:48:00,215.55,215.85,215.55,215.85,375,0,11400.0,CE
2018-08-16 09:49:00,213.15,215.35,213.15,215.35,675,0,11400.0,CE
2018-08-16 09:52:00,211.75,211.75,210.05,210.05,225,0,11400.0,CE
2018-08-16 09:54:00,210.35,211.7,210.35,211.7,300,0,11400.0,CE
2018-08-16 09:55:00,213.05,213.05,213.0,213.0,750,0,11400.0,CE
2018-08-16 09:56:00,213.0,214.85,213.0,214.8,675,0,11400.0,CE
2018-08-16 09:58:00,213.9,213.9,213.9,213.9,75,0,11400.0,CE
2018-08-16 10:00:00,212.0,213.15,212.0,213.15,300,0,11400.0,CE
2018-08-16 10:01:00,215.0,216.45,215.0,216.45,225,0,11400.0,CE
2018-08-16 10:02:00,216.45,216.45,216.45,216.45,150,0,11400.0,CE
2018-08-16 10:03:00,217.9,217.9,217.9,217.9,975,0,11400.0,CE
2018-08-16 10:04:00,218.15,218.15,218.15,218.15,150,0,11400.0,CE
2018-08-16 10:05:00,218.15,218.15,218.15,218.15,150,0,11400.0,CE
2018-08-16 10:07:00,217.45,217.45,217.0,217.0,225,0,11400.0,CE
2018-08-16 10:08:00,217.75,217.75,217.75,217.75,750,0,11400.0,CE
2018-08-16 10:09:00,218.0,219.6,218.0,219.6,1650,0,11400.0,CE
2018-08-16 10:10:00,219.05,219.05,219.0,219.0,300,0,11400.0,CE
2018-08-16 10:11:00,218.5,218.5,216.2,216.2,225,0,11400.0,CE
2018-08-16 10:12:00,216.5,216.5,216.5,216.5,225,0,11400.0,CE
2018-08-16 10:14:00,220.75,222.45,220.0,221.95,975,0,11400.0,CE
2018-08-16 10:15:00,222.0,222.0,222.0,222.0,75,0,11400.0,CE
2018-08-16 10:17:00,224.0,224.0,224.0,224.0,75,0,11400.0,CE
2018-08-16 10:18:00,223.5,223.5,223.5,223.5,75,0,11400.0,CE
2018-08-16 10:19:00,222.5,222.5,222.5,222.5,75,0,11400.0,CE
2018-08-16 10:21:00,218.05,218.5,218.05,218.5,600,0,11400.0,CE
2018-08-16 10:22:00,217.65,218.55,217.65,218.55,450,0,11400.0,CE
2018-08-16 10:27:00,220.0,220.0,220.0,220.0,75,0,11400.0,CE
2018-08-16 10:32:00,223.0,223.0,223.0,223.0,750,0,11400.0,CE
2018-08-16 10:33:00,222.5,222.5,222.5,222.5,75,0,11400.0,CE
2018-08-16 10:34:00,221.15,221.15,221.15,221.15,75,0,11400.0,CE
2018-08-16 10:36:00,221.25,221.25,221.0,221.0,225,0,11400.0,CE
2018-08-16 10:39:00,221.95,221.95,221.95,221.95,75,0,11400.0,CE
2018-08-16 10:40:00,221.5,221.7,221.5,221.7,225,0,11400.0,CE
2018-08-16 10:46:00,220.2,220.2,219.75,219.9,300,0,11400.0,CE
2018-08-16 10:47:00,218.85,219.45,218.55,218.55,300,0,11400.0,CE
2018-08-16 10:48:00,220.0,220.0,220.0,220.0,75,0,11400.0,CE
2018-08-16 10:49:00,221.0,221.0,221.0,221.0,75,0,11400.0,CE
2018-08-16 10:50:00,222.4,222.4,222.4,222.4,225,0,11400.0,CE
2018-08-16 10:51:00,222.4,222.4,221.7,221.7,375,0,11400.0,CE
2018-08-16 10:52:00,220.65,220.65,220.65,220.65,75,0,11400.0,CE
2018-08-16 10:53:00,221.6,221.6,221.6,221.6,225,0,11400.0,CE
2018-08-16 10:56:00,220.05,220.05,220.05,220.05,150,0,11400.0,CE
2018-08-16 10:57:00,219.85,220.1,219.85,220.1,450,0,11400.0,CE
2018-08-16 10:58:00,220.95,220.95,220.95,220.95,150,0,11400.0,CE
2018-08-16 11:01:00,223.0,223.0,222.9,222.9,450,0,11400.0,CE
2018-08-16 11:02:00,223.35,223.5,223.35,223.5,225,0,11400.0,CE
2018-08-16 11:03:00,223.7,226.65,223.7,226.65,1650,0,11400.0,CE
2018-08-16 11:05:00,226.65,228.7,226.65,228.7,975,0,11400.0,CE
2018-08-16 11:06:00,228.3,228.3,228.3,228.3,75,0,11400.0,CE
2018-08-16 11:08:00,227.9,228.85,227.9,228.85,900,0,11400.0,CE
2018-08-16 11:09:00,228.1,228.1,228.1,228.1,225,0,11400.0,CE
2018-08-16 11:10:00,229.95,229.95,228.65,228.65,1050,0,11400.0,CE
2018-08-16 11:11:00,228.05,229.95,228.05,229.95,1275,0,11400.0,CE
2018-08-16 11:12:00,229.0,230.45,228.45,230.45,1350,0,11400.0,CE
2018-08-16 11:13:00,229.95,229.95,229.95,229.95,225,0,11400.0,CE
2018-08-16 11:14:00,228.5,228.5,228.5,228.5,150,0,11400.0,CE
2018-08-16 11:19:00,226.0,226.0,226.0,226.0,150,0,11400.0,CE
2018-08-16 11:20:00,225.6,226.0,225.6,226.0,300,0,11400.0,CE
2018-08-16 11:22:00,224.35,224.35,224.35,224.35,150,0,11400.0,CE
2018-08-16 11:24:00,224.6,224.6,224.6,224.6,75,0,11400.0,CE
2018-08-16 11:25:00,225.5,225.5,225.5,225.5,75,0,11400.0,CE
2018-08-16 11:26:00,226.0,226.0,226.0,226.0,150,0,11400.0,CE
2018-08-16 11:29:00,227.2,227.2,227.2,227.2,75,0,11400.0,CE
2018-08-16 11:30:00,229.9,229.9,227.8,227.85,375,0,11400.0,CE
2018-08-16 11:32:00,227.1,227.1,226.0,226.0,300,0,11400.0,CE
2018-08-16 11:36:00,227.5,227.5,227.5,227.5,75,0,11400.0,CE
2018-08-16 11:37:00,227.0,227.0,227.0,227.0,75,0,11400.0,CE
2018-08-16 11:38:00,226.15,226.15,226.15,226.15,150,0,11400.0,CE
2018-08-16 11:39:00,225.15,225.15,225.15,225.15,75,0,11400.0,CE
2018-08-16 11:40:00,225.0,225.0,224.95,224.95,150,0,11400.0,CE
2018-08-16 11:41:00,225.0,226.75,225.0,226.75,375,0,11400.0,CE
2018-08-16 11:44:00,224.0,224.0,221.65,221.65,525,0,11400.0,CE
2018-08-16 11:46:00,222.5,222.5,222.05,222.15,1200,0,11400.0,CE
2018-08-16 11:47:00,220.55,221.2,220.55,221.0,375,0,11400.0,CE
2018-08-16 11:48:00,221.5,221.5,221.5,221.5,75,0,11400.0,CE
2018-08-16 11:49:00,221.5,222.0,220.6,222.0,375,0,11400.0,CE
2018-08-16 11:51:00,224.05,224.05,224.05,224.05,75,0,11400.0,CE
2018-08-16 11:52:00,223.0,223.0,223.0,223.0,75,0,11400.0,CE
2018-08-16 12:02:00,225.0,225.0,225.0,225.0,75,0,11400.0,CE
2018-08-16 12:03:00,223.0,223.15,223.0,223.15,150,0,11400.0,CE
2018-08-16 12:06:00,226.0,226.0,226.0,226.0,75,0,11400.0,CE
2018-08-16 12:10:00,225.0,225.0,225.0,225.0,1875,0,11400.0,CE
2018-08-16 12:11:00,224.95,224.95,224.5,224.5,3825,0,11400.0,CE
2018-08-16 12:12:00,225.0,225.0,225.0,225.0,750,0,11400.0,CE
2018-08-16 12:13:00,223.95,223.95,223.95,223.95,75,0,11400.0,CE
2018-08-16 12:15:00,223.55,223.55,221.95,221.95,2175,0,11400.0,CE
2018-08-16 12:17:00,220.8,220.95,220.8,220.95,375,0,11400.0,CE
2018-08-16 12:18:00,220.0,220.45,219.5,219.5,450,0,11400.0,CE
2018-08-16 12:19:00,218.45,218.95,218.45,218.95,150,0,11400.0,CE
2018-08-16 12:20:00,218.7,219.5,218.7,219.5,225,0,11400.0,CE
2018-08-16 12:24:00,221.35,221.45,219.6,219.6,525,0,11400.0,CE
2018-08-16 12:25:00,218.9,219.95,218.9,219.25,225,0,11400.0,CE
2018-08-16 12:26:00,218.35,219.5,218.35,219.2,375,0,11400.0,CE
2018-08-16 12:28:00,218.2,218.2,218.2,218.2,75,0,11400.0,CE
2018-08-16 12:29:00,218.0,218.0,218.0,218.0,75,0,11400.0,CE
2018-08-16 12:31:00,217.0,217.0,217.0,217.0,75,0,11400.0,CE
2018-08-16 12:32:00,216.0,217.5,216.0,217.5,375,0,11400.0,CE
2018-08-16 12:38:00,217.5,217.5,217.5,217.5,75,0,11400.0,CE
2018-08-16 12:42:00,216.0,216.0,216.0,216.0,450,0,11400.0,CE
2018-08-16 12:43:00,216.1,216.1,216.1,216.1,75,0,11400.0,CE
2018-08-16 12:45:00,218.55,218.55,218.55,218.55,75,0,11400.0,CE
2018-08-16 12:47:00,220.3,220.3,220.3,220.3,150,0,11400.0,CE
2018-08-16 12:48:00,220.15,220.15,220.15,220.15,150,0,11400.0,CE
2018-08-16 12:50:00,222.05,222.05,222.05,222.05,150,0,11400.0,CE
2018-08-16 12:51:00,221.5,221.5,221.5,221.5,225,0,11400.0,CE
2018-08-16 12:53:00,220.6,221.05,220.4,220.95,750,0,11400.0,CE
2018-08-16 12:54:00,220.3,220.3,220.3,220.3,150,0,11400.0,CE
2018-08-16 12:55:00,220.5,220.5,220.5,220.5,150,0,11400.0,CE
2018-08-16 12:57:00,219.7,219.7,219.5,219.5,1050,0,11400.0,CE
2018-08-16 13:05:00,217.0,217.0,217.0,217.0,225,0,11400.0,CE
2018-08-16 13:06:00,216.15,216.15,216.05,216.05,525,0,11400.0,CE
2018-08-16 13:07:00,213.75,213.75,213.75,213.75,75,0,11400.0,CE
2018-08-16 13:09:00,213.0,213.0,213.0,213.0,225,0,11400.0,CE
2018-08-16 13:10:00,213.0,213.0,213.0,213.0,150,0,11400.0,CE
2018-08-16 13:11:00,212.5,212.5,212.5,212.5,1500,0,11400.0,CE
2018-08-16 13:13:00,211.15,211.5,211.15,211.5,450,0,11400.0,CE
2018-08-16 13:15:00,212.55,212.55,212.55,212.55,75,0,11400.0,CE
2018-08-16 13:19:00,213.0,214.35,213.0,214.35,300,0,11400.0,CE
2018-08-16 13:21:00,213.95,213.95,213.95,213.95,75,0,11400.0,CE
2018-08-16 13:26:00,210.05,210.05,210.05,210.05,150,0,11400.0,CE
2018-08-16 13:27:00,208.95,208.95,208.95,208.95,75,0,11400.0,CE
2018-08-16 13:28:00,205.15,205.15,205.15,205.15,75,0,11400.0,CE
2018-08-16 13:29:00,203.5,204.45,203.5,204.45,1125,0,11400.0,CE
2018-08-16 13:30:00,203.0,203.0,202.1,202.1,225,0,11400.0,CE
2018-08-16 13:31:00,204.15,204.15,204.15,204.15,75,0,11400.0,CE
2018-08-16 13:33:00,207.5,207.5,207.5,207.5,75,0,11400.0,CE
2018-08-16 13:34:00,206.75,206.75,206.75,206.75,75,0,11400.0,CE
2018-08-16 13:36:00,205.0,205.0,205.0,205.0,75,0,11400.0,CE
2018-08-16 13:38:00,204.95,204.95,204.0,204.0,375,0,11400.0,CE
2018-08-16 13:39:00,201.8,201.8,200.0,200.0,525,0,11400.0,CE
2018-08-16 13:40:00,199.95,199.95,198.65,199.75,600,0,11400.0,CE
2018-08-16 13:41:00,198.8,198.8,198.8,198.8,75,0,11400.0,CE
2018-08-16 13:42:00,201.7,203.45,201.7,203.45,300,0,11400.0,CE
2018-08-16 13:44:00,205.75,205.75,205.4,205.4,375,0,11400.0,CE
2018-08-16 13:45:00,204.45,204.45,204.45,204.45,225,0,11400.0,CE
2018-08-16 13:46:00,204.6,204.6,204.6,204.6,300,0,11400.0,CE
2018-08-16 13:53:00,203.05,203.05,203.05,203.05,75,0,11400.0,CE
2018-08-16 13:55:00,201.85,202.0,201.85,202.0,300,0,11400.0,CE
2018-08-16 13:57:00,202.0,202.0,202.0,202.0,75,0,11400.0,CE
2018-08-16 13:59:00,202.0,202.0,202.0,202.0,75,0,11400.0,CE
2018-08-16 14:01:00,202.7,202.7,202.7,202.7,75,0,11400.0,CE
2018-08-16 14:03:00,205.0,205.0,204.65,205.0,1200,0,11400.0,CE
2018-08-16 14:04:00,205.5,205.5,205.5,205.5,75,0,11400.0,CE
2018-08-16 14:05:00,207.45,210.25,207.45,210.25,2175,0,11400.0,CE
2018-08-16 14:06:00,210.35,211.1,210.0,210.0,2100,0,11400.0,CE
2018-08-16 14:07:00,210.2,210.2,209.5,209.5,5400,0,11400.0,CE
2018-08-16 14:08:00,209.5,209.5,208.8,208.8,900,0,11400.0,CE
2018-08-16 14:09:00,207.55,207.65,207.5,207.55,675,0,11400.0,CE
2018-08-16 14:11:00,207.2,207.2,207.2,207.2,75,0,11400.0,CE
2018-08-16 14:12:00,207.0,207.0,207.0,207.0,75,0,11400.0,CE
2018-08-16 14:14:00,208.5,208.5,208.5,208.5,375,0,11400.0,CE
2018-08-16 14:15:00,209.45,209.5,208.0,209.5,1875,0,11400.0,CE
2018-08-16 14:17:00,207.5,208.0,206.05,206.05,525,0,11400.0,CE
2018-08-16 14:18:00,207.45,208.4,207.45,208.3,1950,0,11400.0,CE
2018-08-16 14:19:00,208.3,208.3,206.85,207.25,375,0,11400.0,CE
2018-08-16 14:20:00,206.05,206.05,206.0,206.0,225,0,11400.0,CE
2018-08-16 14:21:00,206.0,206.0,205.55,206.0,300,0,11400.0,CE
2018-08-16 14:22:00,205.7,205.7,203.4,203.4,450,0,11400.0,CE
2018-08-16 14:24:00,204.9,204.9,204.9,204.9,225,0,11400.0,CE
2018-08-16 14:25:00,204.65,204.65,204.65,204.65,150,0,11400.0,CE
2018-08-16 14:26:00,205.0,205.0,203.55,203.8,600,0,11400.0,CE
2018-08-16 14:27:00,203.55,204.8,203.3,204.8,1800,0,11400.0,CE
2018-08-16 14:28:00,205.45,205.45,205.45,205.45,75,0,11400.0,CE
2018-08-16 14:29:00,204.25,204.35,204.25,204.35,300,0,11400.0,CE
2018-08-16 14:30:00,203.05,203.05,202.95,202.95,150,0,11400.0,CE
2018-08-16 14:31:00,201.95,201.95,201.95,201.95,450,0,11400.0,CE
2018-08-16 14:32:00,201.8,201.8,201.8,201.8,225,0,11400.0,CE
2018-08-16 14:33:00,202.25,202.25,199.7,199.9,450,0,11400.0,CE
2018-08-16 14:34:00,200.95,200.95,200.95,200.95,75,0,11400.0,CE
2018-08-16 14:36:00,200.7,200.7,200.7,200.7,75,0,11400.0,CE
2018-08-16 14:37:00,200.55,200.55,200.55,200.55,225,0,11400.0,CE
2018-08-16 14:38:00,200.4,200.4,200.0,200.0,150,0,11400.0,CE
2018-08-16 14:39:00,200.6,200.6,199.7,200.0,525,0,11400.0,CE
2018-08-16 14:40:00,200.0,200.0,193.6,194.25,2775,0,11400.0,CE
2018-08-16 14:41:00,193.5,193.5,192.7,192.85,825,0,11400.0,CE
2018-08-16 14:42:00,192.3,192.45,188.4,188.4,3450,0,11400.0,CE
2018-08-16 14:43:00,188.0,189.4,187.05,189.4,1050,0,11400.0,CE
2018-08-16 14:44:00,190.15,191.45,190.15,190.95,450,0,11400.0,CE
2018-08-16 14:45:00,189.5,189.5,186.45,186.45,2250,0,11400.0,CE
2018-08-16 14:46:00,187.75,187.75,184.45,185.3,1950,0,11400.0,CE
2018-08-16 14:47:00,184.6,186.4,184.55,186.4,750,0,11400.0,CE
2018-08-16 14:48:00,187.8,188.3,187.8,188.3,450,0,11400.0,CE
2018-08-16 14:49:00,188.7,191.15,188.7,191.15,525,0,11400.0,CE
2018-08-16 14:50:00,192.45,192.45,191.0,191.0,1575,0,11400.0,CE
2018-08-16 14:51:00,191.75,191.75,191.75,191.75,75,0,11400.0,CE
2018-08-16 14:52:00,191.8,194.8,191.8,194.8,825,0,11400.0,CE
2018-08-16 14:54:00,196.0,197.7,196.0,197.7,225,0,11400.0,CE
2018-08-16 14:55:00,196.8,200.0,196.8,200.0,1125,0,11400.0,CE
2018-08-16 14:56:00,199.7,199.7,199.7,199.7,225,0,11400.0,CE
2018-08-16 14:59:00,195.45,195.95,195.45,195.95,150,0,11400.0,CE
2018-08-16 15:00:00,195.75,195.75,195.75,195.75,150,0,11400.0,CE
2018-08-16 15:01:00,195.85,196.45,194.75,194.75,1125,0,11400.0,CE
2018-08-16 15:02:00,194.5,196.95,194.5,196.95,300,0,11400.0,CE
2018-08-16 15:03:00,197.3,200.0,196.4,197.55,2550,0,11400.0,CE
2018-08-16 15:04:00,199.55,202.45,199.55,202.45,375,0,11400.0,CE
2018-08-16 15:05:00,202.9,202.9,202.9,202.9,450,0,11400.0,CE
2018-08-16 15:06:00,204.5,204.5,204.5,204.5,600,0,11400.0,CE
2018-08-16 15:09:00,199.7,200.5,199.7,200.5,675,0,11400.0,CE
2018-08-16 15:12:00,201.0,201.0,200.6,200.6,150,0,11400.0,CE
2018-08-16 15:14:00,202.45,202.45,202.45,202.45,75,0,11400.0,CE
2018-08-16 15:16:00,203.0,203.0,203.0,203.0,75,0,11400.0,CE
2018-08-16 15:17:00,201.55,201.55,201.1,201.1,1575,0,11400.0,CE
2018-08-16 15:18:00,201.6,201.6,200.75,200.75,525,0,11400.0,CE
2018-08-16 15:20:00,202.5,202.5,200.95,201.3,525,0,11400.0,CE
2018-08-16 15:21:00,200.1,201.45,200.1,200.1,1650,0,11400.0,CE
2018-08-16 15:22:00,200.95,200.95,200.95,200.95,225,0,11400.0,CE
2018-08-16 15:23:00,202.45,202.5,202.4,202.45,525,0,11400.0,CE
2018-08-16 15:24:00,201.5,203.0,201.5,203.0,900,0,11400.0,CE
2018-08-16 15:25:00,203.0,204.0,202.65,204.0,2400,0,11400.0,CE
2018-08-16 15:26:00,204.25,204.35,203.7,203.7,600,0,11400.0,CE
2018-08-16 15:27:00,203.0,204.15,203.0,204.15,1200,0,11400.0,CE
2018-08-16 15:28:00,204.0,204.15,203.4,204.15,375,0,11400.0,CE
2018-08-16 15:29:00,203.9,205.55,203.9,205.55,1725,0,11400.0,CE
2018-08-16 15:30:00,203.9,205.55,201.3,201.3,0,0,11400.0,CE
2018-08-17 09:15:00,220.0,220.75,216.9,219.15,900,0,11400.0,CE
2018-08-17 09:16:00,218.4,219.9,218.4,219.9,1800,0,11400.0,CE
2018-08-17 09:17:00,220.0,222.75,220.0,221.9,450,0,11400.0,CE
2018-08-17 09:18:00,221.9,223.85,221.65,223.55,975,0,11400.0,CE
2018-08-17 09:19:00,225.95,226.9,223.25,223.45,1950,0,11400.0,CE
2018-08-17 09:20:00,226.0,226.0,225.05,226.0,900,0,11400.0,CE
2018-08-17 09:21:00,226.35,226.35,225.7,225.7,225,0,11400.0,CE
2018-08-17 09:22:00,224.65,224.65,221.4,221.4,1200,0,11400.0,CE
2018-08-17 09:23:00,220.5,221.0,219.05,219.05,1725,0,11400.0,CE
2018-08-17 09:24:00,220.0,222.5,220.0,222.5,675,0,11400.0,CE
2018-08-17 09:25:00,222.8,224.0,222.8,224.0,375,0,11400.0,CE
2018-08-17 09:26:00,224.25,224.55,224.2,224.2,1050,0,11400.0,CE
2018-08-17 09:27:00,224.95,224.95,223.0,223.0,675,0,11400.0,CE
2018-08-17 09:28:00,223.5,223.95,222.55,222.65,675,0,11400.0,CE
2018-08-17 09:29:00,222.65,224.0,222.65,224.0,975,0,11400.0,CE
2018-08-17 09:30:00,225.0,225.6,224.1,225.6,900,0,11400.0,CE
2018-08-17 09:31:00,226.0,226.0,225.1,225.5,300,0,11400.0,CE
2018-08-17 09:32:00,225.85,226.0,225.85,226.0,825,0,11400.0,CE
2018-08-17 09:33:00,227.65,234.3,227.1,233.0,1125,0,11400.0,CE
2018-08-17 09:34:00,233.55,234.0,231.55,232.1,1050,0,11400.0,CE
2018-08-17 09:35:00,232.0,232.0,232.0,232.0,75,0,11400.0,CE
2018-08-17 09:37:00,232.35,232.35,231.15,231.95,225,0,11400.0,CE
2018-08-17 09:38:00,232.0,234.0,232.0,233.05,1350,0,11400.0,CE
2018-08-17 09:39:00,233.1,235.0,233.1,234.5,975,0,11400.0,CE
2018-08-17 09:40:00,234.0,234.0,231.85,232.0,1275,0,11400.0,CE
2018-08-17 09:41:00,232.0,233.3,231.55,233.15,600,0,11400.0,CE
2018-08-17 09:42:00,232.85,232.85,232.2,232.2,825,0,11400.0,CE
2018-08-17 09:43:00,231.8,232.35,231.8,232.35,300,0,11400.0,CE
2018-08-17 09:45:00,233.9,233.9,232.2,232.2,300,0,11400.0,CE
2018-08-17 09:47:00,233.45,233.45,233.45,233.45,75,0,11400.0,CE
2018-08-17 09:48:00,230.4,230.4,230.4,230.4,300,0,11400.0,CE
2018-08-17 09:49:00,230.15,230.15,230.15,230.15,75,0,11400.0,CE
2018-08-17 09:50:00,228.1,228.15,228.1,228.15,450,0,11400.0,CE
2018-08-17 09:51:00,228.15,228.15,228.15,228.15,675,0,11400.0,CE
2018-08-17 09:52:00,230.45,231.0,230.45,231.0,150,0,11400.0,CE
2018-08-17 09:53:00,228.7,230.15,228.7,230.15,750,0,11400.0,CE
2018-08-17 09:54:00,230.45,230.9,230.45,230.9,225,0,11400.0,CE
2018-08-17 09:55:00,230.85,232.95,230.85,232.15,900,0,11400.0,CE
2018-08-17 09:56:00,232.95,233.9,232.85,233.9,525,0,11400.0,CE
2018-08-17 09:57:00,233.5,233.55,233.3,233.3,300,0,11400.0,CE
2018-08-17 09:58:00,233.5,233.5,232.7,232.7,225,0,11400.0,CE
2018-08-17 09:59:00,231.7,233.0,231.7,233.0,225,0,11400.0,CE
2018-08-17 10:00:00,233.5,233.95,233.5,233.95,150,0,11400.0,CE
2018-08-17 10:09:00,231.0,231.3,231.0,231.3,300,0,11400.0,CE
2018-08-17 10:11:00,232.1,232.1,232.1,232.1,225,0,11400.0,CE
2018-08-17 10:12:00,230.95,230.95,230.95,230.95,75,0,11400.0,CE
2018-08-17 10:14:00,234.0,234.0,233.95,234.0,2250,0,11400.0,CE
2018-08-17 10:15:00,235.95,235.95,235.95,235.95,75,0,11400.0,CE
2018-08-17 10:16:00,237.4,238.4,237.4,238.05,675,0,11400.0,CE
2018-08-17 10:17:00,239.45,241.5,239.45,240.8,750,0,11400.0,CE
2018-08-17 10:18:00,240.05,240.05,240.0,240.0,225,0,11400.0,CE
2018-08-17 10:19:00,238.5,238.5,238.0,238.0,2325,0,11400.0,CE
2018-08-17 10:21:00,240.0,240.75,240.0,240.75,375,0,11400.0,CE
2018-08-17 10:22:00,239.95,239.95,239.95,239.95,150,0,11400.0,CE
2018-08-17 10:23:00,239.0,239.0,235.0,238.45,2850,0,11400.0,CE
2018-08-17 10:24:00,237.1,237.9,237.0,237.0,5700,0,11400.0,CE
2018-08-17 10:25:00,237.0,237.95,237.0,237.95,1725,0,11400.0,CE
2018-08-17 10:26:00,237.95,238.0,236.0,236.0,4800,0,11400.0,CE
2018-08-17 10:27:00,236.85,237.5,235.6,235.6,3900,0,11400.0,CE
2018-08-17 10:28:00,236.8,236.95,235.1,235.1,1650,0,11400.0,CE
2018-08-17 10:29:00,236.45,236.5,235.0,235.0,4200,0,11400.0,CE
2018-08-17 10:30:00,235.0,235.9,235.0,235.5,975,0,11400.0,CE
2018-08-17 10:31:00,234.0,234.0,232.75,232.95,5025,0,11400.0,CE
2018-08-17 10:32:00,234.0,234.0,233.45,233.45,150,0,11400.0,CE
2018-08-17 10:33:00,235.45,236.45,235.45,236.45,450,0,11400.0,CE
2018-08-17 10:35:00,237.0,238.0,237.0,238.0,525,0,11400.0,CE
2018-08-17 10:36:00,237.55,240.45,237.55,240.45,900,0,11400.0,CE
2018-08-17 10:37:00,240.5,241.95,240.0,241.9,2100,0,11400.0,CE
2018-08-17 10:38:00,241.05,242.0,241.0,242.0,1425,0,11400.0,CE
2018-08-17 10:40:00,241.05,241.05,241.05,241.05,75,0,11400.0,CE
2018-08-17 10:41:00,242.2,242.2,241.05,241.6,375,0,11400.0,CE
2018-08-17 10:42:00,241.0,241.0,241.0,241.0,75,0,11400.0,CE
2018-08-17 10:44:00,242.0,242.0,242.0,242.0,150,0,11400.0,CE
2018-08-17 10:46:00,241.05,241.55,241.05,241.55,225,0,11400.0,CE
2018-08-17 10:47:00,241.95,242.25,241.25,241.95,825,0,11400.0,CE
2018-08-17 10:48:00,242.0,242.0,242.0,242.0,225,0,11400.0,CE
2018-08-17 10:49:00,242.0,242.0,242.0,242.0,75,0,11400.0,CE
2018-08-17 10:50:00,243.0,245.4,243.0,245.4,375,0,11400.0,CE
2018-08-17 10:51:00,244.9,244.9,244.9,244.9,75,0,11400.0,CE
2018-08-17 10:52:00,245.4,245.4,245.4,245.4,75,0,11400.0,CE
2018-08-17 10:54:00,240.25,241.2,240.25,241.2,1725,0,11400.0,CE
2018-08-17 10:55:00,241.5,241.65,241.0,241.1,450,0,11400.0,CE
2018-08-17 10:56:00,242.2,242.25,241.05,242.25,375,0,11400.0,CE
2018-08-17 10:57:00,242.55,242.55,242.55,242.55,225,0,11400.0,CE
2018-08-17 10:58:00,243.45,244.0,242.85,243.0,825,0,11400.0,CE
2018-08-17 10:59:00,243.25,243.25,243.25,243.25,75,0,11400.0,CE
2018-08-17 11:00:00,243.95,245.85,243.95,245.85,1125,0,11400.0,CE
2018-08-17 11:01:00,244.6,245.5,244.6,245.5,375,0,11400.0,CE
2018-08-17 11:02:00,243.95,244.5,243.95,244.5,450,0,11400.0,CE
2018-08-17 11:03:00,245.05,245.1,245.05,245.1,150,0,11400.0,CE
2018-08-17 11:05:00,245.15,245.15,245.0,245.0,225,0,11400.0,CE
2018-08-17 11:06:00,243.1,243.1,243.1,243.1,75,0,11400.0,CE
2018-08-17 11:07:00,244.2,244.2,244.2,244.2,150,0,11400.0,CE
2018-08-17 11:08:00,243.85,243.85,243.85,243.85,75,0,11400.0,CE
2018-08-17 11:09:00,243.3,243.3,243.3,243.3,150,0,11400.0,CE
2018-08-17 11:10:00,243.4,243.4,243.4,243.4,150,0,11400.0,CE
2018-08-17 11:11:00,242.4,242.4,242.4,242.4,75,0,11400.0,CE
2018-08-17 11:12:00,242.95,243.0,242.25,242.25,375,0,11400.0,CE
2018-08-17 11:13:00,244.0,244.0,243.95,243.95,225,0,11400.0,CE
2018-08-17 11:14:00,244.0,245.35,244.0,245.35,525,0,11400.0,CE
2018-08-17 11:16:00,246.0,246.0,245.1,245.1,150,0,11400.0,CE
2018-08-17 11:17:00,245.05,245.95,244.75,244.75,375,0,11400.0,CE
2018-08-17 11:20:00,242.3,243.3,242.3,242.65,450,0,11400.0,CE
2018-08-17 11:21:00,242.95,243.0,242.95,243.0,225,0,11400.0,CE
2018-08-17 11:22:00,243.6,243.65,243.6,243.65,225,0,11400.0,CE
2018-08-17 11:23:00,243.5,243.55,243.1,243.1,300,0,11400.0,CE
2018-08-17 11:24:00,244.5,244.9,244.5,244.9,525,0,11400.0,CE
2018-08-17 11:25:00,244.55,245.05,244.0,244.0,1425,0,11400.0,CE
2018-08-17 11:26:00,245.95,245.95,245.95,245.95,75,0,11400.0,CE
2018-08-17 11:28:00,244.55,244.55,243.95,243.95,300,0,11400.0,CE
2018-08-17 11:29:00,242.55,243.3,242.55,243.3,225,0,11400.0,CE
2018-08-17 11:30:00,243.4,243.4,243.4,243.4,150,0,11400.0,CE
2018-08-17 11:31:00,245.05,245.05,243.0,243.0,225,0,11400.0,CE
2018-08-17 11:35:00,243.95,243.95,242.6,243.6,825,0,11400.0,CE
2018-08-17 11:36:00,244.85,245.1,244.85,245.1,225,0,11400.0,CE
2018-08-17 11:37:00,245.95,245.95,245.95,245.95,150,0,11400.0,CE
2018-08-17 11:39:00,245.35,245.35,245.35,245.35,75,0,11400.0,CE
2018-08-17 11:40:00,245.8,245.8,245.65,245.65,225,0,11400.0,CE
2018-08-17 11:42:00,246.5,246.5,244.65,244.65,1350,0,11400.0,CE
2018-08-17 11:43:00,245.3,245.3,245.3,245.3,75,0,11400.0,CE
2018-08-17 11:44:00,244.3,244.5,244.1,244.45,675,0,11400.0,CE
2018-08-17 11:45:00,243.95,244.0,243.25,243.25,300,0,11400.0,CE
2018-08-17 11:46:00,244.9,244.9,244.9,244.9,75,0,11400.0,CE
2018-08-17 11:47:00,244.0,244.6,244.0,244.45,900,0,11400.0,CE
2018-08-17 11:49:00,243.15,243.7,243.15,243.55,1050,0,11400.0,CE
2018-08-17 11:50:00,244.4,245.0,244.4,245.0,750,0,11400.0,CE
2018-08-17 11:52:00,245.05,245.05,244.95,244.95,225,0,11400.0,CE
2018-08-17 11:55:00,244.05,244.5,244.05,244.5,225,0,11400.0,CE
2018-08-17 11:57:00,245.0,245.0,245.0,245.0,150,0,11400.0,CE
2018-08-17 11:58:00,246.3,246.3,246.3,246.3,150,0,11400.0,CE
2018-08-17 11:59:00,246.55,247.0,246.25,246.25,525,0,11400.0,CE
2018-08-17 12:00:00,246.5,247.5,246.2,247.5,1200,0,11400.0,CE
2018-08-17 12:01:00,246.55,247.55,246.55,247.45,525,0,11400.0,CE
2018-08-17 12:02:00,245.5,247.45,245.5,246.5,300,0,11400.0,CE
2018-08-17 12:03:00,246.5,246.5,246.0,246.0,150,0,11400.0,CE
2018-08-17 12:04:00,246.95,247.5,246.2,247.5,2100,0,11400.0,CE
2018-08-17 12:05:00,247.35,247.35,247.35,247.35,75,0,11400.0,CE
2018-08-17 12:07:00,247.45,247.45,247.45,247.45,225,0,11400.0,CE
2018-08-17 12:09:00,247.5,248.0,247.45,248.0,900,0,11400.0,CE
2018-08-17 12:10:00,247.3,247.3,247.3,247.3,150,0,11400.0,CE
2018-08-17 12:12:00,248.8,250.65,248.8,250.65,1950,0,11400.0,CE
2018-08-17 12:13:00,249.75,250.7,249.75,250.7,375,0,11400.0,CE
2018-08-17 12:15:00,250.1,250.1,250.1,250.1,150,0,11400.0,CE
2018-08-17 12:18:00,248.0,248.0,248.0,248.0,150,0,11400.0,CE
2018-08-17 12:20:00,247.6,247.6,247.6,247.6,75,0,11400.0,CE
2018-08-17 12:22:00,247.25,247.25,246.9,246.9,375,0,11400.0,CE
2018-08-17 12:24:00,249.0,249.0,249.0,249.0,600,0,11400.0,CE
2018-08-17 12:25:00,248.05,248.15,247.5,247.5,375,0,11400.0,CE
2018-08-17 12:26:00,248.95,249.0,248.5,249.0,525,0,11400.0,CE
2018-08-17 12:29:00,248.15,248.15,248.15,248.15,150,0,11400.0,CE
2018-08-17 12:31:00,246.0,246.0,246.0,246.0,75,0,11400.0,CE
2018-08-17 12:33:00,248.45,248.45,248.45,248.45,375,0,11400.0,CE
2018-08-17 12:34:00,246.1,246.1,246.1,246.1,75,0,11400.0,CE
2018-08-17 12:35:00,246.5,246.5,246.05,246.05,525,0,11400.0,CE
2018-08-17 12:38:00,243.95,243.95,242.8,243.0,225,0,11400.0,CE
2018-08-17 12:39:00,243.85,244.1,243.85,244.1,375,0,11400.0,CE
2018-08-17 12:40:00,243.3,243.5,243.3,243.5,150,0,11400.0,CE
2018-08-17 12:41:00,243.45,243.95,243.45,243.95,225,0,11400.0,CE
2018-08-17 12:42:00,244.7,244.7,243.95,244.1,375,0,11400.0,CE
2018-08-17 12:43:00,245.0,245.0,244.75,244.75,300,0,11400.0,CE
2018-08-17 12:44:00,245.0,245.0,245.0,245.0,150,0,11400.0,CE
2018-08-17 12:47:00,241.75,241.9,241.75,241.9,300,0,11400.0,CE
2018-08-17 12:48:00,241.7,242.3,241.7,241.95,1125,0,11400.0,CE
2018-08-17 12:49:00,242.0,242.0,242.0,242.0,225,0,11400.0,CE
2018-08-17 12:50:00,242.0,242.15,242.0,242.15,150,0,11400.0,CE
2018-08-17 12:51:00,243.0,243.5,243.0,243.5,150,0,11400.0,CE
2018-08-17 12:54:00,245.0,245.0,245.0,245.0,375,0,11400.0,CE
2018-08-17 12:56:00,244.15,244.4,244.0,244.4,525,0,11400.0,CE
2018-08-17 12:57:00,244.5,244.95,244.5,244.95,450,0,11400.0,CE
2018-08-17 12:58:00,245.75,246.45,245.75,246.45,375,0,11400.0,CE
2018-08-17 12:59:00,246.4,246.45,245.85,245.85,1275,0,11400.0,CE
2018-08-17 13:01:00,246.95,246.95,246.45,246.45,375,0,11400.0,CE
2018-08-17 13:02:00,246.75,248.0,246.75,248.0,375,0,11400.0,CE
2018-08-17 13:03:00,248.45,248.45,247.55,247.55,150,0,11400.0,CE
2018-08-17 13:05:00,247.0,247.0,247.0,247.0,75,0,11400.0,CE
2018-08-17 13:12:00,244.7,244.7,244.7,244.7,75,0,11400.0,CE
2018-08-17 13:16:00,245.0,245.0,245.0,245.0,150,0,11400.0,CE
2018-08-17 13:17:00,246.35,246.35,246.35,246.35,150,0,11400.0,CE
2018-08-17 13:18:00,245.75,245.75,245.75,245.75,150,0,11400.0,CE
2018-08-17 13:24:00,241.75,241.75,241.5,241.5,150,0,11400.0,CE
2018-08-17 13:25:00,241.95,241.95,241.95,241.95,75,0,11400.0,CE
2018-08-17 13:27:00,242.45,242.45,241.7,241.7,150,0,11400.0,CE
2018-08-17 13:28:00,239.95,239.95,239.95,239.95,75,0,11400.0,CE
2018-08-17 13:29:00,239.95,239.95,239.9,239.9,225,0,11400.0,CE
2018-08-17 13:30:00,239.0,239.0,238.05,238.05,1125,0,11400.0,CE
2018-08-17 13:31:00,238.0,238.15,238.0,238.15,375,0,11400.0,CE
2018-08-17 13:32:00,239.4,240.0,239.4,240.0,450,0,11400.0,CE
2018-08-17 13:33:00,240.95,241.2,239.5,241.2,2850,0,11400.0,CE
2018-08-17 13:34:00,241.0,241.5,241.0,241.5,450,0,11400.0,CE
2018-08-17 13:36:00,241.05,242.25,241.05,242.0,300,0,11400.0,CE
2018-08-17 13:37:00,242.75,242.75,242.75,242.75,75,0,11400.0,CE
2018-08-17 13:38:00,244.55,244.55,244.0,244.0,375,0,11400.0,CE
2018-08-17 13:39:00,243.4,243.5,242.45,242.45,825,0,11400.0,CE
2018-08-17 13:41:00,242.85,242.85,242.85,242.85,75,0,11400.0,CE
2018-08-17 13:42:00,242.95,242.95,242.95,242.95,75,0,11400.0,CE
2018-08-17 13:43:00,243.25,247.5,243.25,244.5,2250,0,11400.0,CE
2018-08-17 13:45:00,244.6,245.2,244.3,244.6,600,0,11400.0,CE
2018-08-17 13:46:00,244.3,245.2,244.0,245.2,900,0,11400.0,CE
2018-08-17 13:47:00,244.0,244.0,244.0,244.0,75,0,11400.0,CE
2018-08-17 13:49:00,244.0,244.0,244.0,244.0,75,0,11400.0,CE
2018-08-17 13:50:00,243.1,243.1,243.1,243.1,75,0,11400.0,CE
2018-08-17 13:52:00,240.0,240.0,239.55,239.55,225,0,11400.0,CE
2018-08-17 13:53:00,240.55,240.55,240.55,240.55,150,0,11400.0,CE
2018-08-17 13:56:00,242.35,242.35,242.35,242.35,150,0,11400.0,CE
2018-08-17 13:57:00,242.15,242.5,242.05,242.5,300,0,11400.0,CE
2018-08-17 13:59:00,243.75,243.75,243.75,243.75,225,0,11400.0,CE
2018-08-17 14:00:00,244.55,244.55,244.45,244.45,300,0,11400.0,CE
2018-08-17 14:03:00,244.9,244.9,244.2,244.7,825,0,11400.0,CE
2018-08-17 14:04:00,244.2,244.2,244.2,244.2,150,0,11400.0,CE
2018-08-17 14:05:00,244.05,244.5,244.0,244.0,300,0,11400.0,CE
2018-08-17 14:08:00,246.95,246.95,246.5,246.95,300,0,11400.0,CE
2018-08-17 14:09:00,248.35,248.35,248.35,248.35,150,0,11400.0,CE
2018-08-17 14:10:00,248.15,248.15,248.15,248.15,150,0,11400.0,CE
2018-08-17 14:11:00,249.0,249.05,248.75,248.75,225,0,11400.0,CE
2018-08-17 14:12:00,249.75,249.75,249.0,249.0,225,0,11400.0,CE
2018-08-17 14:13:00,248.95,248.95,248.95,248.95,75,0,11400.0,CE
2018-08-17 14:14:00,249.0,251.25,249.0,251.2,1650,0,11400.0,CE
2018-08-17 14:16:00,250.75,250.75,250.75,250.75,375,0,11400.0,CE
2018-08-17 14:17:00,251.0,251.0,249.65,249.65,1350,0,11400.0,CE
2018-08-17 14:19:00,249.5,249.5,248.85,248.85,525,0,11400.0,CE
2018-08-17 14:21:00,248.0,248.0,248.0,248.0,75,0,11400.0,CE
2018-08-17 14:23:00,248.5,248.5,248.5,248.5,975,0,11400.0,CE
2018-08-17 14:24:00,251.4,251.4,249.55,251.0,1425,0,11400.0,CE
2018-08-17 14:25:00,251.0,251.25,249.85,249.85,300,0,11400.0,CE
2018-08-17 14:26:00,251.1,251.65,250.35,250.35,1425,0,11400.0,CE
2018-08-17 14:31:00,252.0,253.0,252.0,253.0,525,0,11400.0,CE
2018-08-17 14:32:00,253.65,253.95,253.0,253.95,825,0,11400.0,CE
2018-08-17 14:33:00,253.95,256.0,253.95,256.0,900,0,11400.0,CE
2018-08-17 14:34:00,254.8,254.8,253.2,253.2,375,0,11400.0,CE
2018-08-17 14:35:00,254.0,254.0,253.6,253.6,225,0,11400.0,CE
2018-08-17 14:36:00,250.45,250.45,250.3,250.3,525,0,11400.0,CE
2018-08-17 14:37:00,253.0,253.0,253.0,253.0,75,0,11400.0,CE
2018-08-17 14:38:00,253.8,254.0,253.8,254.0,375,0,11400.0,CE
2018-08-17 14:39:00,254.85,254.85,254.85,254.85,150,0,11400.0,CE
2018-08-17 14:41:00,253.5,254.95,253.5,254.95,1125,0,11400.0,CE
2018-08-17 14:42:00,255.5,256.0,254.95,254.95,4275,0,11400.0,CE
2018-08-17 14:43:00,254.95,255.0,254.0,254.0,3300,0,11400.0,CE
2018-08-17 14:44:00,254.0,254.0,253.7,254.0,1500,0,11400.0,CE
2018-08-17 14:46:00,254.0,254.0,253.05,253.05,300,0,11400.0,CE
2018-08-17 14:47:00,251.05,251.05,249.9,249.9,225,0,11400.0,CE
2018-08-17 14:48:00,250.0,250.25,248.6,250.25,675,0,11400.0,CE
2018-08-17 14:49:00,250.45,250.45,249.1,249.1,525,0,11400.0,CE
2018-08-17 14:50:00,248.95,248.95,248.95,248.95,150,0,11400.0,CE
2018-08-17 14:51:00,249.0,249.1,247.75,247.75,975,0,11400.0,CE
2018-08-17 14:52:00,248.35,248.45,248.25,248.45,300,0,11400.0,CE
2018-08-17 14:53:00,247.7,247.7,247.7,247.7,150,0,11400.0,CE
2018-08-17 14:54:00,249.5,249.5,249.5,249.5,75,0,11400.0,CE
2018-08-17 14:55:00,248.0,248.0,248.0,248.0,150,0,11400.0,CE
2018-08-17 14:58:00,247.95,248.4,247.95,248.4,150,0,11400.0,CE
2018-08-17 14:59:00,248.4,248.4,248.4,248.4,150,0,11400.0,CE
2018-08-17 15:00:00,248.0,249.95,248.0,249.95,825,0,11400.0,CE
2018-08-17 15:01:00,249.65,249.65,249.65,249.65,150,0,11400.0,CE
2018-08-17 15:02:00,250.3,250.3,247.75,247.75,600,0,11400.0,CE
2018-08-17 15:03:00,248.45,249.6,248.4,248.6,2250,0,11400.0,CE
2018-08-17 15:04:00,248.55,248.6,247.5,247.5,825,0,11400.0,CE
2018-08-17 15:06:00,248.0,248.25,247.8,247.9,900,0,11400.0,CE
2018-08-17 15:07:00,247.0,247.4,246.5,246.5,525,0,11400.0,CE
2018-08-17 15:08:00,246.35,246.35,245.55,245.8,300,0,11400.0,CE
2018-08-17 15:09:00,245.65,246.3,245.65,245.75,525,0,11400.0,CE
2018-08-17 15:10:00,245.65,247.1,245.65,246.7,675,0,11400.0,CE
2018-08-17 15:11:00,246.2,246.2,245.45,245.45,150,0,11400.0,CE
2018-08-17 15:12:00,245.55,245.55,245.55,245.55,150,0,11400.0,CE
2018-08-17 15:13:00,243.6,243.95,243.6,243.95,375,0,11400.0,CE
2018-08-17 15:14:00,244.45,245.05,244.45,244.95,525,0,11400.0,CE
2018-08-17 15:15:00,244.95,244.95,244.95,244.95,75,0,11400.0,CE
2018-08-17 15:16:00,244.75,244.75,244.75,244.75,225,0,11400.0,CE
2018-08-17 15:17:00,243.7,244.35,243.3,243.3,375,0,11400.0,CE
2018-08-17 15:18:00,241.55,242.0,240.0,240.0,450,0,11400.0,CE
2018-08-17 15:19:00,240.0,240.55,239.1,240.55,1500,0,11400.0,CE
2018-08-17 15:20:00,240.55,241.5,240.55,241.5,150,0,11400.0,CE
2018-08-17 15:23:00,243.05,243.05,242.05,242.05,600,0,11400.0,CE
2018-08-17 15:25:00,241.35,241.4,241.35,241.4,1650,0,11400.0,CE
2018-08-17 15:26:00,241.2,241.2,241.2,241.2,75,0,11400.0,CE
2018-08-17 15:27:00,241.0,241.0,241.0,241.0,225,0,11400.0,CE
2018-08-17 15:28:00,242.15,242.15,241.0,241.0,1725,0,11400.0,CE
2018-08-17 15:29:00,241.0,243.1,240.0,240.8,1125,0,11400.0,CE
2018-08-17 15:30:00,241.0,244.6,240.0,244.6,0,0,11400.0,CE
2018-08-20 09:15:00,260.0,264.1,260.0,264.1,450,0,11400.0,CE
2018-08-20 09:16:00,264.2,269.8,264.2,269.8,825,0,11400.0,CE
2018-08-20 09:17:00,268.65,268.65,268.15,268.15,225,0,11400.0,CE
2018-08-20 09:18:00,269.45,269.45,267.05,268.7,975,0,11400.0,CE
2018-08-20 09:19:00,270.0,272.0,270.0,272.0,7650,0,11400.0,CE
2018-08-20 09:20:00,277.7,277.7,277.7,277.7,300,0,11400.0,CE
2018-08-20 09:21:00,276.95,276.95,275.65,276.3,300,0,11400.0,CE
2018-08-20 09:22:00,278.35,278.35,278.3,278.3,150,0,11400.0,CE
2018-08-20 09:23:00,279.7,279.7,277.2,277.8,225,0,11400.0,CE
2018-08-20 09:24:00,276.55,277.0,276.55,277.0,375,0,11400.0,CE
2018-08-20 09:25:00,276.2,278.25,276.2,277.4,975,0,11400.0,CE
2018-08-20 09:26:00,276.5,276.5,276.5,276.5,300,0,11400.0,CE
2018-08-20 09:27:00,279.15,279.15,279.15,279.15,525,0,11400.0,CE
2018-08-20 09:28:00,279.0,279.0,279.0,279.0,150,0,11400.0,CE
2018-08-20 09:29:00,279.0,279.0,278.95,278.95,225,0,11400.0,CE
2018-08-20 09:30:00,278.5,278.5,278.5,278.5,300,0,11400.0,CE
2018-08-20 09:31:00,278.95,279.45,278.5,279.45,300,0,11400.0,CE
2018-08-20 09:32:00,280.0,280.0,280.0,280.0,375,0,11400.0,CE
2018-08-20 09:33:00,281.0,281.5,280.95,280.95,375,0,11400.0,CE
2018-08-20 09:34:00,280.55,280.55,280.15,280.15,225,0,11400.0,CE
2018-08-20 09:35:00,280.0,281.45,280.0,281.45,675,0,11400.0,CE
2018-08-20 09:36:00,282.0,282.0,281.0,281.0,900,0,11400.0,CE
2018-08-20 09:37:00,281.1,283.9,281.0,283.9,3000,0,11400.0,CE
2018-08-20 09:38:00,283.9,284.0,282.65,282.65,900,0,11400.0,CE
2018-08-20 09:39:00,283.45,283.45,283.45,283.45,225,0,11400.0,CE
2018-08-20 09:40:00,285.4,285.4,285.4,285.4,150,0,11400.0,CE
2018-08-20 09:41:00,285.0,285.0,283.2,283.55,1800,0,11400.0,CE
2018-08-20 09:42:00,285.9,285.95,284.95,285.95,825,0,11400.0,CE
2018-08-20 09:43:00,287.5,287.55,286.5,287.55,1050,0,11400.0,CE
2018-08-20 09:44:00,287.05,287.05,286.5,287.0,600,0,11400.0,CE
2018-08-20 09:45:00,287.0,287.0,287.0,287.0,225,0,11400.0,CE
2018-08-20 09:46:00,287.0,287.85,286.5,286.5,900,0,11400.0,CE
2018-08-20 09:48:00,288.05,289.5,288.05,289.5,1650,0,11400.0,CE
2018-08-20 09:49:00,289.95,290.0,288.95,290.0,1500,0,11400.0,CE
2018-08-20 09:50:00,291.0,292.0,290.0,290.0,2925,0,11400.0,CE
2018-08-20 09:51:00,290.5,291.2,289.1,290.4,3525,0,11400.0,CE
2018-08-20 09:52:00,290.4,290.4,290.4,290.4,75,0,11400.0,CE
2018-08-20 09:53:00,290.35,290.35,290.35,290.35,225,0,11400.0,CE
2018-08-20 09:54:00,289.0,289.0,288.0,288.2,600,0,11400.0,CE
2018-08-20 09:55:00,287.9,287.9,287.9,287.9,150,0,11400.0,CE
2018-08-20 09:56:00,285.55,285.55,285.55,285.55,75,0,11400.0,CE
2018-08-20 09:57:00,285.9,286.0,285.9,286.0,225,0,11400.0,CE
2018-08-20 09:58:00,286.05,286.55,286.05,286.55,150,0,11400.0,CE
2018-08-20 10:00:00,286.5,286.5,286.5,286.5,150,0,11400.0,CE
2018-08-20 10:01:00,288.0,288.5,288.0,288.05,525,0,11400.0,CE
2018-08-20 10:02:00,288.05,288.05,288.05,288.05,150,0,11400.0,CE
2018-08-20 10:03:00,287.25,287.25,287.25,287.25,225,0,11400.0,CE
2018-08-20 10:04:00,287.65,287.65,287.65,287.65,75,0,11400.0,CE
2018-08-20 10:08:00,287.65,290.3,287.55,287.55,2550,0,11400.0,CE
2018-08-20 10:10:00,290.0,290.0,289.0,289.0,150,0,11400.0,CE
2018-08-20 10:11:00,289.9,289.9,289.9,289.9,75,0,11400.0,CE
2018-08-20 10:12:00,289.65,289.65,289.65,289.65,75,0,11400.0,CE
2018-08-20 10:13:00,288.95,288.95,288.95,288.95,75,0,11400.0,CE
2018-08-20 10:18:00,289.5,289.5,289.5,289.5,75,0,11400.0,CE
2018-08-20 10:19:00,288.65,288.65,288.65,288.65,75,0,11400.0,CE
2018-08-20 10:20:00,289.5,289.5,288.7,288.7,150,0,11400.0,CE
2018-08-20 10:21:00,288.0,288.0,288.0,288.0,75,0,11400.0,CE
2018-08-20 10:23:00,290.45,290.45,290.45,290.45,75,0,11400.0,CE
2018-08-20 10:24:00,290.05,290.05,290.05,290.05,75,0,11400.0,CE
2018-08-20 10:28:00,287.0,287.0,287.0,287.0,600,0,11400.0,CE
2018-08-20 10:29:00,287.0,287.0,286.0,286.0,975,0,11400.0,CE
2018-08-20 10:30:00,284.95,284.95,283.05,283.05,375,0,11400.0,CE
2018-08-20 10:31:00,283.0,283.0,283.0,283.0,225,0,11400.0,CE
2018-08-20 10:32:00,282.95,283.55,282.95,283.0,2550,0,11400.0,CE
2018-08-20 10:33:00,283.05,284.35,283.0,283.95,1425,0,11400.0,CE
2018-08-20 10:35:00,286.45,287.0,286.45,287.0,150,0,11400.0,CE
2018-08-20 10:37:00,284.05,284.05,284.05,284.05,300,0,11400.0,CE
2018-08-20 10:38:00,284.05,285.0,284.05,285.0,150,0,11400.0,CE
2018-08-20 10:39:00,285.5,286.35,285.0,285.0,300,0,11400.0,CE
2018-08-20 10:40:00,286.9,286.9,286.9,286.9,225,0,11400.0,CE
2018-08-20 10:42:00,285.0,285.0,285.0,285.0,150,0,11400.0,CE
2018-08-20 10:54:00,286.55,286.55,286.55,286.55,150,0,11400.0,CE
2018-08-20 10:55:00,285.35,285.35,285.35,285.35,75,0,11400.0,CE
2018-08-20 10:57:00,285.05,285.05,285.05,285.05,750,0,11400.0,CE
2018-08-20 11:01:00,286.25,286.25,286.25,286.25,150,0,11400.0,CE
2018-08-20 11:05:00,286.95,286.95,286.95,286.95,450,0,11400.0,CE
2018-08-20 11:07:00,286.85,286.85,286.85,286.85,75,0,11400.0,CE
2018-08-20 11:15:00,287.0,287.45,287.0,287.45,150,0,11400.0,CE
2018-08-20 11:16:00,287.05,287.95,286.9,287.05,450,0,11400.0,CE
2018-08-20 11:17:00,286.95,286.95,285.85,285.95,900,0,11400.0,CE
2018-08-20 11:28:00,287.0,287.0,287.0,287.0,225,0,11400.0,CE
2018-08-20 11:29:00,286.5,286.5,286.5,286.5,75,0,11400.0,CE
2018-08-20 11:30:00,286.45,286.5,286.45,286.5,300,0,11400.0,CE
2018-08-20 11:33:00,286.7,286.7,286.7,286.7,75,0,11400.0,CE
2018-08-20 11:37:00,287.4,287.4,287.4,287.4,450,0,11400.0,CE
2018-08-20 11:38:00,288.0,288.0,288.0,288.0,75,0,11400.0,CE
2018-08-20 11:39:00,287.55,287.55,287.55,287.55,75,0,11400.0,CE
2018-08-20 11:40:00,289.1,289.1,288.25,288.25,225,0,11400.0,CE
2018-08-20 11:47:00,289.4,289.4,289.4,289.4,150,0,11400.0,CE
2018-08-20 11:51:00,289.0,289.0,289.0,289.0,75,0,11400.0,CE
2018-08-20 11:58:00,287.45,287.45,287.45,287.45,75,0,11400.0,CE
2018-08-20 12:04:00,289.95,291.0,289.95,291.0,150,0,11400.0,CE
2018-08-20 12:06:00,293.05,294.3,293.05,294.3,225,0,11400.0,CE
2018-08-20 12:07:00,293.45,293.45,292.65,292.65,450,0,11400.0,CE
2018-08-20 12:08:00,292.9,292.9,292.25,292.25,150,0,11400.0,CE
2018-08-20 12:09:00,292.95,292.95,292.95,292.95,150,0,11400.0,CE
2018-08-20 12:12:00,295.1,295.1,295.1,295.1,300,0,11400.0,CE
2018-08-20 12:13:00,296.5,296.5,294.7,294.7,525,0,11400.0,CE
2018-08-20 12:14:00,295.0,295.0,295.0,295.0,375,0,11400.0,CE
2018-08-20 12:15:00,296.5,297.5,296.5,297.5,225,0,11400.0,CE
2018-08-20 12:16:00,297.0,297.05,297.0,297.05,675,0,11400.0,CE
2018-08-20 12:20:00,296.3,296.3,296.3,296.3,300,0,11400.0,CE
2018-08-20 12:21:00,296.0,296.0,296.0,296.0,75,0,11400.0,CE
2018-08-20 12:24:00,299.0,299.0,297.6,297.6,600,0,11400.0,CE
2018-08-20 12:25:00,298.9,300.35,298.9,299.35,375,0,11400.0,CE
2018-08-20 12:26:00,298.0,298.0,298.0,298.0,300,0,11400.0,CE
2018-08-20 12:28:00,297.15,297.15,297.0,297.0,825,0,11400.0,CE
2018-08-20 12:29:00,296.35,296.35,296.35,296.35,150,0,11400.0,CE
2018-08-20 12:30:00,296.6,296.6,296.6,296.6,300,0,11400.0,CE
2018-08-20 12:31:00,298.0,298.0,298.0,298.0,75,0,11400.0,CE
2018-08-20 12:33:00,299.4,299.4,299.4,299.4,75,0,11400.0,CE
2018-08-20 12:35:00,297.85,297.85,297.85,297.85,150,0,11400.0,CE
2018-08-20 12:36:00,300.0,300.0,298.55,298.55,525,0,11400.0,CE
2018-08-20 12:37:00,298.4,298.4,298.4,298.4,225,0,11400.0,CE
2018-08-20 12:38:00,301.05,301.05,300.05,300.05,300,0,11400.0,CE
2018-08-20 12:39:00,300.25,300.25,299.0,299.0,675,0,11400.0,CE
2018-08-20 12:41:00,300.0,301.25,299.5,300.0,750,0,11400.0,CE
2018-08-20 12:42:00,299.1,299.2,297.05,297.2,525,0,11400.0,CE
2018-08-20 12:43:00,298.0,298.0,298.0,298.0,75,0,11400.0,CE
2018-08-20 12:44:00,299.25,299.45,297.9,297.9,450,0,11400.0,CE
2018-08-20 12:45:00,299.3,299.3,299.0,299.0,300,0,11400.0,CE
2018-08-20 12:47:00,300.0,300.0,300.0,300.0,600,0,11400.0,CE
2018-08-20 12:48:00,298.05,298.45,298.05,298.45,375,0,11400.0,CE
2018-08-20 12:58:00,297.75,297.75,297.75,297.75,300,0,11400.0,CE
2018-08-20 12:59:00,297.8,298.1,297.8,298.1,150,0,11400.0,CE
2018-08-20 13:03:00,299.5,300.0,299.5,300.0,150,0,11400.0,CE
2018-08-20 13:04:00,300.8,300.8,300.8,300.8,75,0,11400.0,CE
2018-08-20 13:07:00,300.0,300.0,300.0,300.0,150,0,11400.0,CE
2018-08-20 13:08:00,301.0,301.0,301.0,301.0,75,0,11400.0,CE
2018-08-20 13:09:00,300.05,300.05,300.0,300.0,300,0,11400.0,CE
2018-08-20 13:10:00,300.05,300.05,300.0,300.0,1275,0,11400.0,CE
2018-08-20 13:11:00,298.3,299.15,298.25,298.25,525,0,11400.0,CE
2018-08-20 13:16:00,300.0,300.0,299.0,299.0,300,0,11400.0,CE
2018-08-20 13:19:00,300.5,300.65,300.5,300.65,300,0,11400.0,CE
2018-08-20 13:22:00,298.7,298.7,298.7,298.7,150,0,11400.0,CE
2018-08-20 13:31:00,297.9,297.9,297.9,297.9,75,0,11400.0,CE
2018-08-20 13:35:00,297.55,297.55,297.55,297.55,225,0,11400.0,CE
2018-08-20 13:36:00,299.75,299.75,299.75,299.75,75,0,11400.0,CE
2018-08-20 13:37:00,299.0,299.0,299.0,299.0,75,0,11400.0,CE
2018-08-20 13:38:00,300.95,300.95,300.95,300.95,75,0,11400.0,CE
2018-08-20 13:40:00,303.0,303.0,303.0,303.0,75,0,11400.0,CE
2018-08-20 13:46:00,299.45,299.45,299.45,299.45,75,0,11400.0,CE
2018-08-20 13:49:00,297.1,297.1,297.1,297.1,75,0,11400.0,CE
2018-08-20 13:50:00,297.05,297.05,297.05,297.05,75,0,11400.0,CE
2018-08-20 13:51:00,297.0,297.0,297.0,297.0,75,0,11400.0,CE
2018-08-20 13:54:00,298.85,299.0,298.85,299.0,225,0,11400.0,CE
2018-08-20 13:55:00,300.0,300.0,300.0,300.0,75,0,11400.0,CE
2018-08-20 14:02:00,299.0,299.6,298.35,298.35,300,0,11400.0,CE
2018-08-20 14:06:00,299.7,299.7,299.7,299.7,75,0,11400.0,CE
2018-08-20 14:07:00,300.8,300.8,300.8,300.8,75,0,11400.0,CE
2018-08-20 14:09:00,301.55,301.55,301.55,301.55,75,0,11400.0,CE
2018-08-20 14:10:00,301.7,301.7,301.7,301.7,150,0,11400.0,CE
2018-08-20 14:12:00,303.35,303.35,303.35,303.35,75,0,11400.0,CE
2018-08-20 14:13:00,303.0,303.0,303.0,303.0,150,0,11400.0,CE
2018-08-20 14:14:00,303.0,303.0,303.0,303.0,150,0,11400.0,CE
2018-08-20 14:15:00,301.5,301.5,301.5,301.5,150,0,11400.0,CE
2018-08-20 14:19:00,300.0,300.0,296.9,296.9,1350,0,11400.0,CE
2018-08-20 14:20:00,295.5,296.25,292.85,292.85,825,0,11400.0,CE
2018-08-20 14:21:00,293.1,293.45,293.1,293.3,450,0,11400.0,CE
2018-08-20 14:22:00,293.25,293.25,289.75,289.75,150,0,11400.0,CE
2018-08-20 14:23:00,290.0,290.1,290.0,290.1,600,0,11400.0,CE
2018-08-20 14:24:00,293.9,293.9,293.9,293.9,75,0,11400.0,CE
2018-08-20 14:25:00,293.95,294.0,293.95,294.0,450,0,11400.0,CE
2018-08-20 14:26:00,295.0,295.0,294.35,294.35,225,0,11400.0,CE
2018-08-20 14:27:00,295.0,295.0,295.0,295.0,75,0,11400.0,CE
2018-08-20 14:29:00,291.45,291.95,291.4,291.95,1350,0,11400.0,CE
2018-08-20 14:38:00,294.8,294.8,294.8,294.8,75,0,11400.0,CE
2018-08-20 14:41:00,295.8,295.8,295.8,295.8,75,0,11400.0,CE
2018-08-20 14:44:00,294.0,294.0,294.0,294.0,75,0,11400.0,CE
2018-08-20 14:45:00,293.5,294.4,293.5,294.4,300,0,11400.0,CE
2018-08-20 14:50:00,295.5,295.5,295.5,295.5,75,0,11400.0,CE
2018-08-20 14:51:00,295.75,295.75,295.75,295.75,75,0,11400.0,CE
2018-08-20 14:52:00,296.05,296.05,296.05,296.05,75,0,11400.0,CE
2018-08-20 14:54:00,296.0,296.0,296.0,296.0,75,0,11400.0,CE
2018-08-20 14:56:00,294.1,294.1,294.1,294.1,75,0,11400.0,CE
2018-08-20 14:58:00,295.8,297.0,295.8,297.0,225,0,11400.0,CE
2018-08-20 15:00:00,296.85,296.85,296.85,296.85,75,0,11400.0,CE
2018-08-20 15:01:00,298.55,299.1,298.25,298.25,1350,0,11400.0,CE
2018-08-20 15:02:00,298.45,298.45,297.95,297.95,225,0,11400.0,CE
2018-08-20 15:03:00,296.8,296.8,296.15,296.3,375,0,11400.0,CE
2018-08-20 15:04:00,296.5,296.5,296.5,296.5,75,0,11400.0,CE
2018-08-20 15:05:00,295.45,295.45,295.45,295.45,75,0,11400.0,CE
2018-08-20 15:09:00,294.6,294.6,294.6,294.6,75,0,11400.0,CE
2018-08-20 15:11:00,296.65,296.65,295.55,295.55,375,0,11400.0,CE
2018-08-20 15:12:00,296.9,297.0,296.65,296.65,600,0,11400.0,CE
2018-08-20 15:14:00,297.9,297.9,297.9,297.9,75,0,11400.0,CE
2018-08-20 15:16:00,296.2,296.2,295.1,295.1,375,0,11400.0,CE
2018-08-20 15:17:00,294.95,295.0,294.95,295.0,300,0,11400.0,CE
2018-08-20 15:18:00,294.9,294.9,294.6,294.6,900,0,11400.0,CE
2018-08-20 15:20:00,295.6,296.8,295.6,296.8,375,0,11400.0,CE
2018-08-20 15:21:00,299.7,299.7,299.7,299.7,225,0,11400.0,CE
2018-08-20 15:22:00,300.0,300.75,300.0,300.7,1425,0,11400.0,CE
2018-08-20 15:23:00,299.35,299.35,299.35,299.35,75,0,11400.0,CE
2018-08-20 15:27:00,297.45,297.45,297.45,297.45,150,0,11400.0,CE
2018-08-20 15:28:00,298.35,298.8,298.35,298.8,225,0,11400.0,CE
2018-08-20 15:29:00,299.35,299.7,299.35,299.7,300,0,11400.0,CE
2018-08-20 15:30:00,299.35,299.7,297.6,297.6,0,0,11400.0,CE
2018-08-21 09:16:00,301.9,301.9,300.75,300.75,150,0,11400.0,CE
2018-08-21 09:18:00,301.75,301.75,300.45,301.75,750,0,11400.0,CE
2018-08-21 09:20:00,300.05,300.05,300.0,300.0,1275,0,11400.0,CE
2018-08-21 09:21:00,296.7,296.7,296.1,296.1,300,0,11400.0,CE
2018-08-21 09:22:00,297.0,297.0,297.0,297.0,150,0,11400.0,CE
2018-08-21 09:23:00,295.0,295.0,293.95,294.0,4575,0,11400.0,CE
2018-08-21 09:24:00,294.5,295.0,294.5,295.0,150,0,11400.0,CE
2018-08-21 09:25:00,295.5,295.8,295.5,295.8,525,0,11400.0,CE
2018-08-21 09:26:00,296.95,296.95,295.5,295.95,2475,0,11400.0,CE
2018-08-21 09:27:00,298.5,298.5,297.2,297.2,150,0,11400.0,CE
2018-08-21 09:28:00,294.95,296.0,294.95,295.4,1350,0,11400.0,CE
2018-08-21 09:29:00,293.3,293.3,291.85,291.85,1275,0,11400.0,CE
2018-08-21 09:31:00,290.55,290.55,290.55,290.55,75,0,11400.0,CE
2018-08-21 09:32:00,289.15,290.85,288.4,288.55,600,0,11400.0,CE
2018-08-21 09:33:00,288.65,288.65,288.65,288.65,150,0,11400.0,CE
2018-08-21 09:34:00,286.95,288.05,286.95,288.05,450,0,11400.0,CE
2018-08-21 09:35:00,288.95,288.95,288.95,288.95,75,0,11400.0,CE
2018-08-21 09:36:00,286.0,286.0,286.0,286.0,75,0,11400.0,CE
2018-08-21 09:37:00,289.3,289.3,289.3,289.3,75,0,11400.0,CE
2018-08-21 09:41:00,289.9,289.9,289.9,289.9,75,0,11400.0,CE
2018-08-21 09:44:00,286.95,286.95,286.45,286.45,225,0,11400.0,CE
2018-08-21 09:45:00,284.35,284.4,284.35,284.4,300,0,11400.0,CE
2018-08-21 09:46:00,284.5,285.1,283.7,285.1,225,0,11400.0,CE
2018-08-21 09:47:00,284.05,284.05,284.05,284.05,75,0,11400.0,CE
2018-08-21 09:49:00,288.55,288.55,288.55,288.55,150,0,11400.0,CE
2018-08-21 09:56:00,285.6,285.6,285.0,285.0,150,0,11400.0,CE
2018-08-21 09:57:00,285.0,286.45,284.15,286.45,300,0,11400.0,CE
2018-08-21 09:59:00,290.0,290.0,290.0,290.0,150,0,11400.0,CE
2018-08-21 10:00:00,290.65,290.65,290.65,290.65,75,0,11400.0,CE
2018-08-21 10:01:00,292.5,292.5,292.5,292.5,75,0,11400.0,CE
2018-08-21 10:04:00,289.95,290.45,289.05,290.45,1275,0,11400.0,CE
2018-08-21 10:05:00,291.2,291.2,290.95,290.95,375,0,11400.0,CE
2018-08-21 10:06:00,291.95,291.95,290.9,290.9,1275,0,11400.0,CE
2018-08-21 10:07:00,291.95,293.45,291.95,293.45,1575,0,11400.0,CE
2018-08-21 10:09:00,288.9,288.9,288.9,288.9,75,0,11400.0,CE
2018-08-21 10:10:00,291.0,291.0,290.0,290.0,225,0,11400.0,CE
2018-08-21 10:12:00,290.65,290.65,290.65,290.65,225,0,11400.0,CE
2018-08-21 10:15:00,292.95,293.2,292.95,293.2,225,0,11400.0,CE
2018-08-21 10:16:00,293.7,293.7,293.7,293.7,75,0,11400.0,CE
2018-08-21 10:17:00,296.75,296.75,296.75,296.75,75,0,11400.0,CE
2018-08-21 10:18:00,296.1,296.1,296.1,296.1,75,0,11400.0,CE
2018-08-21 10:20:00,295.15,295.15,294.4,294.4,225,0,11400.0,CE
2018-08-21 10:21:00,294.8,294.8,294.55,294.55,225,0,11400.0,CE
2018-08-21 10:24:00,294.45,294.45,294.45,294.45,150,0,11400.0,CE
2018-08-21 10:26:00,295.5,295.5,295.5,295.5,1275,0,11400.0,CE
2018-08-21 10:27:00,295.0,295.0,295.0,295.0,75,0,11400.0,CE
2018-08-21 10:31:00,295.05,295.05,295.05,295.05,75,0,11400.0,CE
2018-08-21 10:32:00,296.0,296.0,295.85,295.85,150,0,11400.0,CE
2018-08-21 10:33:00,296.15,296.15,296.0,296.0,150,0,11400.0,CE
2018-08-21 10:35:00,296.5,296.5,296.5,296.5,75,0,11400.0,CE
2018-08-21 10:36:00,296.95,296.95,296.95,296.95,300,0,11400.0,CE
2018-08-21 10:37:00,297.5,297.5,297.5,297.5,150,0,11400.0,CE
2018-08-21 10:38:00,297.7,297.7,297.7,297.7,75,0,11400.0,CE
2018-08-21 10:40:00,296.0,296.05,296.0,296.05,150,0,11400.0,CE
2018-08-21 10:41:00,296.8,297.0,296.5,297.0,1425,0,11400.0,CE
2018-08-21 10:44:00,297.55,297.55,297.55,297.55,150,0,11400.0,CE
2018-08-21 10:47:00,296.5,296.5,296.5,296.5,75,0,11400.0,CE
2018-08-21 10:51:00,294.55,294.55,294.55,294.55,1500,0,11400.0,CE
2018-08-21 11:01:00,295.5,295.5,295.5,295.5,75,0,11400.0,CE
2018-08-21 11:02:00,294.35,294.35,294.35,294.35,150,0,11400.0,CE
2018-08-21 11:06:00,291.05,291.05,291.05,291.05,75,0,11400.0,CE
2018-08-21 11:11:00,291.55,291.55,291.55,291.55,150,0,11400.0,CE
2018-08-21 11:13:00,290.0,290.0,290.0,290.0,75,0,11400.0,CE
2018-08-21 11:14:00,290.0,290.0,290.0,290.0,75,0,11400.0,CE
2018-08-21 11:15:00,289.0,292.3,289.0,292.3,300,0,11400.0,CE
2018-08-21 11:16:00,291.95,291.95,291.25,291.55,300,0,11400.0,CE
2018-08-21 11:17:00,289.8,291.55,289.8,291.55,225,0,11400.0,CE
2018-08-21 11:21:00,291.15,291.15,291.15,291.15,75,0,11400.0,CE
2018-08-21 11:25:00,292.05,292.05,292.05,292.05,150,0,11400.0,CE
2018-08-21 11:36:00,290.95,291.8,290.95,291.8,150,0,11400.0,CE
2018-08-21 11:43:00,290.0,290.0,290.0,290.0,75,0,11400.0,CE
2018-08-21 11:44:00,289.55,289.55,288.0,288.0,150,0,11400.0,CE
2018-08-21 11:46:00,285.7,285.7,283.3,283.3,300,0,11400.0,CE
2018-08-21 11:47:00,285.1,285.1,283.0,283.0,675,0,11400.0,CE
2018-08-21 11:48:00,283.55,283.55,283.55,283.55,75,0,11400.0,CE
2018-08-21 11:50:00,285.05,285.05,285.05,285.05,525,0,11400.0,CE
2018-08-21 11:51:00,286.0,286.0,286.0,286.0,75,0,11400.0,CE
2018-08-21 11:52:00,285.0,285.0,285.0,285.0,75,0,11400.0,CE
2018-08-21 11:53:00,285.0,285.0,283.95,283.95,375,0,11400.0,CE
2018-08-21 11:58:00,288.4,288.4,286.05,286.05,600,0,11400.0,CE
2018-08-21 12:10:00,287.45,287.45,287.45,287.45,75,0,11400.0,CE
2018-08-21 12:17:00,286.8,286.8,286.8,286.8,75,0,11400.0,CE
2018-08-21 12:18:00,286.95,286.95,286.95,286.95,75,0,11400.0,CE
2018-08-21 12:21:00,290.0,290.0,290.0,290.0,150,0,11400.0,CE
2018-08-21 12:25:00,289.55,289.55,289.55,289.55,2475,0,11400.0,CE
2018-08-21 12:27:00,288.8,289.05,288.55,288.55,525,0,11400.0,CE
2018-08-21 12:30:00,289.0,289.0,289.0,289.0,300,0,11400.0,CE
2018-08-21 12:31:00,289.0,289.0,289.0,289.0,75,0,11400.0,CE
2018-08-21 12:33:00,289.5,289.5,289.5,289.5,75,0,11400.0,CE
2018-08-21 12:36:00,291.1,291.1,291.1,291.1,75,0,11400.0,CE
2018-08-21 12:38:00,291.55,291.8,291.0,291.8,300,0,11400.0,CE
2018-08-21 12:39:00,291.95,291.95,291.95,291.95,150,0,11400.0,CE
2018-08-21 12:40:00,292.0,292.4,292.0,292.4,300,0,11400.0,CE
2018-08-21 12:42:00,294.0,295.0,294.0,295.0,225,0,11400.0,CE
2018-08-21 12:43:00,294.5,294.5,294.5,294.5,75,0,11400.0,CE
2018-08-21 12:44:00,296.15,296.15,296.15,296.15,300,0,11400.0,CE
2018-08-21 12:45:00,298.3,298.3,298.3,298.3,600,0,11400.0,CE
2018-08-21 12:46:00,297.05,303.2,297.05,297.95,2400,0,11400.0,CE
2018-08-21 12:47:00,298.4,298.4,296.25,296.75,1275,0,11400.0,CE
2018-08-21 12:48:00,297.35,297.35,296.9,297.2,450,0,11400.0,CE
2018-08-21 12:51:00,300.0,300.0,300.0,300.0,300,0,11400.0,CE
2018-08-21 12:52:00,298.65,298.65,297.7,297.7,300,0,11400.0,CE
2018-08-21 12:53:00,298.5,298.5,298.5,298.5,75,0,11400.0,CE
2018-08-21 12:56:00,296.4,296.4,295.95,296.0,375,0,11400.0,CE
2018-08-21 12:57:00,296.0,296.0,296.0,296.0,675,0,11400.0,CE
2018-08-21 12:58:00,296.5,296.5,296.0,296.0,300,0,11400.0,CE
2018-08-21 12:59:00,296.05,296.05,296.05,296.05,75,0,11400.0,CE
2018-08-21 13:00:00,297.9,297.9,297.4,297.4,225,0,11400.0,CE
2018-08-21 13:03:00,296.55,296.55,296.55,296.55,300,0,11400.0,CE
2018-08-21 13:04:00,296.2,296.2,296.2,296.2,75,0,11400.0,CE
2018-08-21 13:09:00,296.0,296.0,296.0,296.0,750,0,11400.0,CE
2018-08-21 13:10:00,296.0,296.0,296.0,296.0,300,0,11400.0,CE
2018-08-21 13:12:00,295.4,295.4,295.4,295.4,75,0,11400.0,CE
2018-08-21 13:17:00,296.3,296.3,296.0,296.0,450,0,11400.0,CE
2018-08-21 13:18:00,296.55,297.5,296.55,297.5,900,0,11400.0,CE
2018-08-21 13:19:00,299.1,299.1,299.1,299.1,750,0,11400.0,CE
2018-08-21 13:20:00,299.3,299.3,299.3,299.3,300,0,11400.0,CE
2018-08-21 13:32:00,299.3,299.3,299.3,299.3,75,0,11400.0,CE
2018-08-21 13:33:00,297.55,297.55,297.55,297.55,150,0,11400.0,CE
2018-08-21 13:36:00,301.15,301.15,301.15,301.15,75,0,11400.0,CE
2018-08-21 13:42:00,300.95,300.95,300.95,300.95,150,0,11400.0,CE
2018-08-21 13:43:00,300.7,300.7,300.0,300.0,1350,0,11400.0,CE
2018-08-21 13:45:00,300.1,300.1,300.1,300.1,75,0,11400.0,CE
2018-08-21 13:50:00,296.95,299.0,296.95,298.5,825,0,11400.0,CE
2018-08-21 13:52:00,298.0,298.05,298.0,298.05,3675,0,11400.0,CE
2018-08-21 13:53:00,297.5,297.5,297.5,297.5,1350,0,11400.0,CE
2018-08-21 13:54:00,296.5,296.5,296.5,296.5,75,0,11400.0,CE
2018-08-21 13:57:00,298.4,298.4,298.4,298.4,300,0,11400.0,CE
2018-08-21 13:58:00,297.5,297.5,297.5,297.5,300,0,11400.0,CE
2018-08-21 13:59:00,294.05,294.05,293.4,293.4,6000,0,11400.0,CE
2018-08-21 14:00:00,294.85,295.0,294.85,295.0,825,0,11400.0,CE
2018-08-21 14:01:00,294.15,294.5,293.65,294.5,1500,0,11400.0,CE
2018-08-21 14:06:00,294.1,294.1,294.1,294.1,150,0,11400.0,CE
2018-08-21 14:07:00,293.55,293.55,293.55,293.55,75,0,11400.0,CE
2018-08-21 14:08:00,294.3,294.5,294.3,294.5,450,0,11400.0,CE
2018-08-21 14:11:00,295.2,295.2,295.2,295.2,75,0,11400.0,CE
2018-08-21 14:12:00,298.05,298.7,298.05,298.7,150,0,11400.0,CE
2018-08-21 14:13:00,297.25,297.25,297.25,297.25,75,0,11400.0,CE
2018-08-21 14:15:00,297.9,297.9,297.9,297.9,75,0,11400.0,CE
2018-08-21 14:17:00,298.05,298.05,298.0,298.0,225,0,11400.0,CE
2018-08-21 14:18:00,298.35,298.35,298.35,298.35,75,0,11400.0,CE
2018-08-21 14:21:00,298.25,298.25,298.25,298.25,75,0,11400.0,CE
2018-08-21 14:26:00,298.75,298.75,298.75,298.75,75,0,11400.0,CE
2018-08-21 14:29:00,298.15,298.35,298.15,298.35,225,0,11400.0,CE
2018-08-21 14:30:00,297.35,297.35,297.35,297.35,75,0,11400.0,CE
2018-08-21 14:31:00,296.2,296.5,296.2,296.5,150,0,11400.0,CE
2018-08-21 14:34:00,300.25,300.25,300.25,300.25,150,0,11400.0,CE
2018-08-21 14:39:00,299.85,301.55,299.85,301.55,675,0,11400.0,CE
2018-08-21 14:40:00,303.95,303.95,303.95,303.95,75,0,11400.0,CE
2018-08-21 14:44:00,301.15,301.15,301.15,301.15,225,0,11400.0,CE
2018-08-21 14:50:00,301.1,301.1,301.1,301.1,75,0,11400.0,CE
2018-08-21 14:52:00,301.1,301.1,301.1,301.1,75,0,11400.0,CE
2018-08-21 14:55:00,302.9,303.0,302.9,303.0,600,0,11400.0,CE
2018-08-21 15:00:00,302.6,302.6,302.6,302.6,300,0,11400.0,CE
2018-08-21 15:10:00,303.2,303.2,303.2,303.2,75,0,11400.0,CE
2018-08-21 15:13:00,299.1,299.1,299.1,299.1,75,0,11400.0,CE
2018-08-21 15:15:00,301.95,301.95,301.95,301.95,300,0,11400.0,CE
2018-08-21 15:18:00,301.3,301.3,299.95,299.95,225,0,11400.0,CE
2018-08-21 15:21:00,301.2,301.2,300.0,300.0,225,0,11400.0,CE
2018-08-21 15:23:00,302.6,302.6,302.6,302.6,75,0,11400.0,CE
2018-08-21 15:25:00,302.65,303.25,302.65,303.25,375,0,11400.0,CE
2018-08-21 15:27:00,304.0,304.0,303.35,304.0,375,0,11400.0,CE
2018-08-21 15:28:00,304.0,305.0,304.0,305.0,1050,0,11400.0,CE
2018-08-21 15:29:00,303.1,304.95,303.1,304.95,450,0,11400.0,CE
2018-08-21 15:30:00,303.1,304.95,303.1,303.3,0,0,11400.0,CE
2018-08-23 09:15:00,302.15,302.15,302.15,302.15,75,0,11400.0,CE
2018-08-23 09:16:00,310.95,313.0,308.0,313.0,300,0,11400.0,CE
2018-08-23 09:17:00,311.95,312.0,311.95,312.0,675,0,11400.0,CE
2018-08-23 09:20:00,306.6,306.6,306.15,306.15,225,0,11400.0,CE
2018-08-23 09:21:00,306.1,306.1,306.1,306.1,150,0,11400.0,CE
2018-08-23 09:22:00,303.9,303.9,302.95,303.0,1350,0,11400.0,CE
2018-08-23 09:23:00,302.45,303.1,301.1,301.2,900,0,11400.0,CE
2018-08-23 09:26:00,303.0,304.2,303.0,304.2,150,0,11400.0,CE
2018-08-23 09:28:00,300.0,301.45,300.0,301.45,750,0,11400.0,CE
2018-08-23 09:29:00,302.05,303.55,302.05,302.65,375,0,11400.0,CE
2018-08-23 09:30:00,301.95,302.8,300.2,301.85,2325,0,11400.0,CE
2018-08-23 09:31:00,300.7,300.7,300.7,300.7,75,0,11400.0,CE
2018-08-23 09:32:00,301.1,304.25,301.1,304.25,2175,0,11400.0,CE
2018-08-23 09:35:00,303.0,304.0,303.0,304.0,225,0,11400.0,CE
2018-08-23 09:36:00,305.55,306.5,305.55,306.5,225,0,11400.0,CE
2018-08-23 09:37:00,306.5,306.5,306.5,306.5,75,0,11400.0,CE
2018-08-23 09:38:00,305.1,307.2,305.1,307.2,675,0,11400.0,CE
2018-08-23 09:39:00,306.2,306.2,306.2,306.2,150,0,11400.0,CE
2018-08-23 09:40:00,306.05,307.85,306.05,307.85,2325,0,11400.0,CE
2018-08-23 09:41:00,307.05,307.05,307.05,307.05,150,0,11400.0,CE
2018-08-23 09:42:00,307.5,307.5,306.9,306.9,225,0,11400.0,CE
2018-08-23 09:43:00,306.0,306.0,305.0,305.3,300,0,11400.0,CE
2018-08-23 09:46:00,302.95,303.0,302.95,303.0,375,0,11400.0,CE
2018-08-23 09:47:00,301.35,301.35,299.15,299.15,300,0,11400.0,CE
2018-08-23 09:49:00,298.5,302.5,298.5,302.5,600,0,11400.0,CE
2018-08-23 09:50:00,301.6,301.6,301.6,301.6,300,0,11400.0,CE
2018-08-23 09:51:00,301.15,301.15,301.15,301.15,75,0,11400.0,CE
2018-08-23 09:53:00,300.8,300.8,300.8,300.8,75,0,11400.0,CE
2018-08-23 09:55:00,298.0,299.0,298.0,298.0,750,0,11400.0,CE
2018-08-23 09:56:00,296.6,296.6,295.0,296.0,900,0,11400.0,CE
2018-08-23 09:57:00,295.45,295.45,293.05,293.2,750,0,11400.0,CE
2018-08-23 09:58:00,294.45,294.45,292.95,292.95,525,0,11400.0,CE
2018-08-23 09:59:00,295.55,296.9,295.55,296.9,1125,0,11400.0,CE
2018-08-23 10:00:00,294.95,294.95,294.6,294.6,450,0,11400.0,CE
2018-08-23 10:01:00,291.15,291.15,291.15,291.15,150,0,11400.0,CE
2018-08-23 10:02:00,294.3,294.3,294.3,294.3,150,0,11400.0,CE
2018-08-23 10:04:00,295.65,295.65,295.65,295.65,300,0,11400.0,CE
2018-08-23 10:05:00,293.9,293.9,292.6,292.6,300,0,11400.0,CE
2018-08-23 10:06:00,290.55,290.55,290.0,290.0,450,0,11400.0,CE
2018-08-23 10:07:00,290.45,292.05,289.05,292.05,675,0,11400.0,CE
2018-08-23 10:09:00,291.45,291.55,291.45,291.45,300,0,11400.0,CE
2018-08-23 10:10:00,288.05,288.05,287.55,287.55,225,0,11400.0,CE
2018-08-23 10:14:00,286.15,286.15,285.45,285.45,225,0,11400.0,CE
2018-08-23 10:15:00,286.0,286.0,286.0,286.0,150,0,11400.0,CE
2018-08-23 10:16:00,285.05,285.05,285.05,285.05,75,0,11400.0,CE
2018-08-23 10:17:00,281.65,281.65,279.7,279.7,300,0,11400.0,CE
2018-08-23 10:19:00,283.25,285.55,283.25,285.55,600,0,11400.0,CE
2018-08-23 10:20:00,286.95,286.95,286.95,286.95,150,0,11400.0,CE
2018-08-23 10:21:00,285.55,285.55,285.55,285.55,150,0,11400.0,CE
2018-08-23 10:22:00,287.5,288.5,287.05,288.5,375,0,11400.0,CE
2018-08-23 10:25:00,288.55,288.55,288.05,288.5,675,0,11400.0,CE
2018-08-23 10:26:00,288.95,288.95,288.9,288.9,300,0,11400.0,CE
2018-08-23 10:27:00,286.3,286.3,286.3,286.3,150,0,11400.0,CE
2018-08-23 10:28:00,284.45,284.45,283.0,283.0,300,0,11400.0,CE
2018-08-23 10:29:00,283.55,284.65,283.55,284.65,300,0,11400.0,CE
2018-08-23 10:30:00,284.95,284.95,284.5,284.5,300,0,11400.0,CE
2018-08-23 10:32:00,282.95,282.95,282.25,282.25,225,0,11400.0,CE
2018-08-23 10:33:00,282.05,282.5,281.95,281.95,675,0,11400.0,CE
2018-08-23 10:34:00,281.95,281.95,281.95,281.95,300,0,11400.0,CE
2018-08-23 10:35:00,282.55,282.55,282.1,282.1,1050,0,11400.0,CE
2018-08-23 10:36:00,281.0,281.0,281.0,281.0,525,0,11400.0,CE
2018-08-23 10:37:00,280.5,280.5,279.0,279.0,525,0,11400.0,CE
2018-08-23 10:38:00,278.0,278.0,278.0,278.0,525,0,11400.0,CE
2018-08-23 10:39:00,278.95,279.0,278.95,279.0,525,0,11400.0,CE
2018-08-23 10:42:00,281.05,281.05,281.05,281.05,300,0,11400.0,CE
2018-08-23 10:43:00,280.0,280.0,280.0,280.0,300,0,11400.0,CE
2018-08-23 10:44:00,279.5,280.05,279.5,280.05,375,0,11400.0,CE
2018-08-23 10:48:00,282.85,282.85,282.85,282.85,150,0,11400.0,CE
2018-08-23 10:53:00,284.0,284.0,284.0,284.0,150,0,11400.0,CE
2018-08-23 10:54:00,284.0,284.0,282.3,282.3,150,0,11400.0,CE
2018-08-23 10:55:00,283.6,283.6,283.05,283.55,600,0,11400.0,CE
2018-08-23 10:56:00,283.55,284.55,283.55,284.55,675,0,11400.0,CE
2018-08-23 10:57:00,284.55,285.55,284.55,285.55,375,0,11400.0,CE
2018-08-23 10:59:00,286.35,286.35,286.35,286.35,75,0,11400.0,CE
2018-08-23 11:01:00,282.5,282.5,282.5,282.5,75,0,11400.0,CE
2018-08-23 11:02:00,282.05,282.05,282.05,282.05,75,0,11400.0,CE
2018-08-23 11:03:00,281.95,281.95,281.9,281.9,150,0,11400.0,CE
2018-08-23 11:05:00,280.4,280.4,280.4,280.4,75,0,11400.0,CE
2018-08-23 11:10:00,285.15,285.15,285.15,285.15,75,0,11400.0,CE
2018-08-23 11:13:00,286.65,286.65,286.45,286.45,150,0,11400.0,CE
2018-08-23 11:14:00,284.55,284.55,284.55,284.55,75,0,11400.0,CE
2018-08-23 11:15:00,283.2,283.2,282.75,282.75,150,0,11400.0,CE
2018-08-23 11:17:00,281.3,281.35,281.3,281.35,300,0,11400.0,CE
2018-08-23 11:18:00,282.25,282.25,282.25,282.25,75,0,11400.0,CE
2018-08-23 11:22:00,285.55,285.55,285.55,285.55,75,0,11400.0,CE
2018-08-23 11:24:00,285.5,285.5,285.5,285.5,75,0,11400.0,CE
2018-08-23 11:26:00,283.7,283.7,283.7,283.7,75,0,11400.0,CE
2018-08-23 11:27:00,283.65,283.7,283.65,283.7,375,0,11400.0,CE
2018-08-23 11:28:00,284.3,284.3,284.3,284.3,75,0,11400.0,CE
2018-08-23 11:29:00,285.65,285.65,285.65,285.65,75,0,11400.0,CE
2018-08-23 11:34:00,285.1,285.1,285.1,285.1,225,0,11400.0,CE
2018-08-23 11:37:00,285.4,285.4,285.4,285.4,150,0,11400.0,CE
2018-08-23 11:42:00,288.85,288.85,288.85,288.85,300,0,11400.0,CE
2018-08-23 11:45:00,291.0,291.0,291.0,291.0,150,0,11400.0,CE
2018-08-23 11:48:00,292.1,292.1,292.1,292.1,150,0,11400.0,CE
2018-08-23 11:54:00,295.75,295.75,295.75,295.75,75,0,11400.0,CE
2018-08-23 11:55:00,295.4,295.4,295.4,295.4,75,0,11400.0,CE
2018-08-23 11:57:00,295.5,295.5,295.0,295.0,225,0,11400.0,CE
2018-08-23 12:00:00,296.2,296.2,295.8,296.0,600,0,11400.0,CE
2018-08-23 12:05:00,292.1,292.1,292.1,292.1,75,0,11400.0,CE
2018-08-23 12:10:00,294.15,294.95,293.55,294.95,300,0,11400.0,CE
2018-08-23 12:11:00,293.05,293.05,293.05,293.05,225,0,11400.0,CE
2018-08-23 12:14:00,294.65,294.9,293.65,293.65,675,0,11400.0,CE
2018-08-23 12:15:00,294.1,294.1,294.1,294.1,300,0,11400.0,CE
2018-08-23 12:18:00,294.95,294.95,294.1,294.1,300,0,11400.0,CE
2018-08-23 12:19:00,292.65,292.65,292.65,292.65,75,0,11400.0,CE
2018-08-23 12:23:00,292.65,292.95,292.65,292.95,150,0,11400.0,CE
2018-08-23 12:24:00,291.3,291.3,291.3,291.3,75,0,11400.0,CE
2018-08-23 12:31:00,294.15,294.15,294.15,294.15,75,0,11400.0,CE
2018-08-23 12:32:00,295.0,295.0,295.0,295.0,150,0,11400.0,CE
2018-08-23 12:33:00,295.45,295.45,295.45,295.45,150,0,11400.0,CE
2018-08-23 12:34:00,295.0,295.15,295.0,295.15,150,0,11400.0,CE
2018-08-23 12:37:00,294.7,294.7,294.7,294.7,150,0,11400.0,CE
2018-08-23 12:39:00,294.45,294.9,294.45,294.9,225,0,11400.0,CE
2018-08-23 12:40:00,295.4,295.4,295.4,295.4,75,0,11400.0,CE
2018-08-23 12:41:00,295.95,296.4,295.95,296.4,225,0,11400.0,CE
2018-08-23 12:42:00,296.75,296.75,296.75,296.75,225,0,11400.0,CE
2018-08-23 12:45:00,298.85,298.85,298.85,298.85,150,0,11400.0,CE
2018-08-23 12:57:00,292.3,292.3,292.3,292.3,750,0,11400.0,CE
2018-08-23 13:03:00,293.5,293.5,293.5,293.5,150,0,11400.0,CE
2018-08-23 13:12:00,295.95,296.0,295.95,296.0,525,0,11400.0,CE
2018-08-23 13:14:00,293.0,293.0,293.0,293.0,75,0,11400.0,CE
2018-08-23 13:15:00,293.0,293.0,293.0,293.0,225,0,11400.0,CE
2018-08-23 13:16:00,293.6,295.55,293.6,295.0,2400,0,11400.0,CE
2018-08-23 13:20:00,295.0,295.0,295.0,295.0,225,0,11400.0,CE
2018-08-23 13:21:00,296.0,296.0,295.95,296.0,525,0,11400.0,CE
2018-08-23 13:22:00,296.0,296.0,296.0,296.0,900,0,11400.0,CE
2018-08-23 13:24:00,296.15,297.0,296.15,297.0,225,0,11400.0,CE
2018-08-23 13:25:00,297.1,297.1,297.0,297.0,825,0,11400.0,CE
2018-08-23 13:29:00,297.65,297.65,296.5,297.55,450,0,11400.0,CE
2018-08-23 13:30:00,297.5,297.5,296.5,296.5,150,0,11400.0,CE
2018-08-23 13:37:00,295.0,295.0,295.0,295.0,225,0,11400.0,CE
2018-08-23 13:38:00,294.45,294.45,294.45,294.45,75,0,11400.0,CE
2018-08-23 13:42:00,294.6,294.6,294.6,294.6,75,0,11400.0,CE
2018-08-23 13:44:00,290.0,290.0,290.0,290.0,75,0,11400.0,CE
2018-08-23 13:48:00,289.95,289.95,289.95,289.95,75,0,11400.0,CE
2018-08-23 13:49:00,290.75,290.75,290.75,290.75,75,0,11400.0,CE
2018-08-23 13:50:00,292.75,292.75,291.9,291.9,225,0,11400.0,CE
2018-08-23 13:53:00,292.0,292.0,292.0,292.0,75,0,11400.0,CE
2018-08-23 13:54:00,293.45,293.45,293.45,293.45,150,0,11400.0,CE
2018-08-23 13:55:00,293.05,293.05,293.05,293.05,150,0,11400.0,CE
2018-08-23 13:56:00,292.3,292.3,292.3,292.3,75,0,11400.0,CE
2018-08-23 14:00:00,293.5,293.5,293.5,293.5,75,0,11400.0,CE
2018-08-23 14:03:00,295.55,295.55,295.55,295.55,75,0,11400.0,CE
2018-08-23 14:06:00,296.45,296.45,296.45,296.45,150,0,11400.0,CE
2018-08-23 14:12:00,297.45,301.75,297.45,301.75,1350,0,11400.0,CE
2018-08-23 14:13:00,299.55,299.55,299.55,299.55,75,0,11400.0,CE
2018-08-23 14:14:00,302.9,305.65,302.9,305.65,825,0,11400.0,CE
2018-08-23 14:15:00,304.95,304.95,304.95,304.95,150,0,11400.0,CE
2018-08-23 14:16:00,304.1,304.1,304.1,304.1,75,0,11400.0,CE
2018-08-23 14:17:00,303.6,303.6,303.6,303.6,150,0,11400.0,CE
2018-08-23 14:18:00,304.15,304.15,304.15,304.15,150,0,11400.0,CE
2018-08-23 14:23:00,300.25,300.25,300.25,300.25,150,0,11400.0,CE
2018-08-23 14:24:00,302.05,302.05,302.05,302.05,75,0,11400.0,CE
2018-08-23 14:26:00,306.0,306.0,306.0,306.0,300,0,11400.0,CE
2018-08-23 14:29:00,306.45,306.45,306.45,306.45,75,0,11400.0,CE
2018-08-23 14:32:00,306.8,306.8,306.5,306.5,225,0,11400.0,CE
2018-08-23 14:33:00,309.9,310.0,308.95,310.0,675,0,11400.0,CE
2018-08-23 14:34:00,310.0,310.0,310.0,310.0,150,0,11400.0,CE
2018-08-23 14:35:00,312.0,312.0,312.0,312.0,75,0,11400.0,CE
2018-08-23 14:36:00,312.0,312.0,312.0,312.0,300,0,11400.0,CE
2018-08-23 14:39:00,307.0,307.9,307.0,307.9,7650,0,11400.0,CE
2018-08-23 14:40:00,308.0,308.0,307.9,307.9,750,0,11400.0,CE
2018-08-23 14:41:00,308.0,308.0,308.0,308.0,150,0,11400.0,CE
2018-08-23 14:42:00,307.15,307.15,307.15,307.15,225,0,11400.0,CE
2018-08-23 14:43:00,307.15,307.15,307.15,307.15,75,0,11400.0,CE
2018-08-23 14:45:00,309.9,310.6,309.9,310.55,600,0,11400.0,CE
2018-08-23 14:46:00,309.5,309.5,309.0,309.0,225,0,11400.0,CE
2018-08-23 14:47:00,310.55,310.55,310.55,310.55,75,0,11400.0,CE
2018-08-23 14:50:00,307.55,307.55,306.7,306.7,300,0,11400.0,CE
2018-08-23 14:53:00,308.75,308.75,308.75,308.75,150,0,11400.0,CE
2018-08-23 14:59:00,306.95,306.95,305.95,305.95,1725,0,11400.0,CE
2018-08-23 15:00:00,304.1,304.1,303.0,303.0,2700,0,11400.0,CE
2018-08-23 15:05:00,300.65,300.65,300.65,300.65,75,0,11400.0,CE
2018-08-23 15:06:00,300.1,300.1,300.1,300.1,150,0,11400.0,CE
2018-08-23 15:09:00,302.65,302.65,302.65,302.65,75,0,11400.0,CE
2018-08-23 15:11:00,304.9,304.9,304.9,304.9,75,0,11400.0,CE
2018-08-23 15:13:00,308.0,308.0,308.0,308.0,75,0,11400.0,CE
2018-08-23 15:14:00,309.0,309.0,309.0,309.0,75,0,11400.0,CE
2018-08-23 15:16:00,310.3,310.3,310.3,310.3,525,0,11400.0,CE
2018-08-23 15:17:00,310.55,310.55,310.55,310.55,300,0,11400.0,CE
2018-08-23 15:18:00,309.2,309.2,308.7,308.7,150,0,11400.0,CE
2018-08-23 15:19:00,309.4,309.4,307.45,307.45,225,0,11400.0,CE
2018-08-23 15:21:00,308.1,308.1,308.1,308.1,75,0,11400.0,CE
2018-08-23 15:23:00,307.15,307.15,306.9,306.9,450,0,11400.0,CE
2018-08-23 15:25:00,305.1,305.1,304.8,304.8,675,0,11400.0,CE
2018-08-23 15:26:00,303.05,304.2,303.05,304.2,300,0,11400.0,CE
2018-08-23 15:29:00,304.35,304.35,304.35,304.35,900,0,11400.0,CE
2018-08-23 15:30:00,304.35,305.05,304.35,305.05,0,0,11400.0,CE
2018-08-24 09:16:00,287.7,287.7,282.2,285.85,2400,0,11400.0,CE
2018-08-24 09:17:00,287.0,289.3,287.0,289.3,150,0,11400.0,CE
2018-08-24 09:19:00,292.95,295.05,292.95,294.05,675,0,11400.0,CE
2018-08-24 09:20:00,297.35,297.35,295.45,295.45,150,0,11400.0,CE
2018-08-24 09:21:00,294.95,297.45,294.95,297.45,600,0,11400.0,CE
2018-08-24 09:22:00,296.6,298.0,295.6,297.95,600,0,11400.0,CE
2018-08-24 09:23:00,302.0,302.0,301.15,301.15,375,0,11400.0,CE
2018-08-24 09:24:00,300.0,301.0,300.0,301.0,375,0,11400.0,CE
2018-08-24 09:25:00,299.0,303.8,299.0,301.25,750,0,11400.0,CE
2018-08-24 09:26:00,300.5,302.35,300.5,302.35,300,0,11400.0,CE
2018-08-24 09:27:00,299.95,299.95,299.0,299.0,225,0,11400.0,CE
2018-08-24 09:28:00,302.25,302.25,302.25,302.25,150,0,11400.0,CE
2018-08-24 09:29:00,302.0,305.95,302.0,303.95,1050,0,11400.0,CE
2018-08-24 09:30:00,303.7,304.6,303.7,304.6,300,0,11400.0,CE
2018-08-24 09:31:00,304.0,305.25,304.0,305.25,225,0,11400.0,CE
2018-08-24 09:34:00,307.9,307.9,307.9,307.9,75,0,11400.0,CE
2018-08-24 09:35:00,308.0,309.35,308.0,309.35,225,0,11400.0,CE
2018-08-24 09:36:00,309.5,309.5,308.3,308.3,1275,0,11400.0,CE
2018-08-24 09:37:00,310.1,310.1,309.0,309.0,225,0,11400.0,CE
2018-08-24 09:38:00,308.45,308.45,308.45,308.45,75,0,11400.0,CE
2018-08-24 09:41:00,308.0,308.0,307.0,307.0,150,0,11400.0,CE
2018-08-24 09:42:00,305.75,305.75,305.75,305.75,75,0,11400.0,CE
2018-08-24 09:43:00,305.0,306.0,303.5,306.0,675,0,11400.0,CE
2018-08-24 09:44:00,306.2,306.2,306.2,306.2,75,0,11400.0,CE
2018-08-24 09:45:00,306.7,307.5,306.7,307.5,675,0,11400.0,CE
2018-08-24 09:49:00,305.05,305.05,304.5,304.5,225,0,11400.0,CE
2018-08-24 09:50:00,303.5,303.5,303.5,303.5,75,0,11400.0,CE
2018-08-24 09:54:00,307.0,307.3,307.0,307.3,225,0,11400.0,CE
2018-08-24 09:57:00,305.5,305.5,305.5,305.5,75,0,11400.0,CE
2018-08-24 09:58:00,307.7,307.7,306.85,307.0,525,0,11400.0,CE
2018-08-24 09:59:00,305.7,305.7,305.7,305.7,150,0,11400.0,CE
2018-08-24 10:01:00,304.0,304.7,303.3,304.65,675,0,11400.0,CE
2018-08-24 10:04:00,300.0,304.0,300.0,304.0,825,0,11400.0,CE
2018-08-24 10:05:00,304.8,304.8,304.8,304.8,75,0,11400.0,CE
2018-08-24 10:06:00,305.25,305.25,305.25,305.25,75,0,11400.0,CE
2018-08-24 10:11:00,304.2,304.2,304.2,304.2,75,0,11400.0,CE
2018-08-24 10:14:00,302.75,302.75,302.75,302.75,75,0,11400.0,CE
2018-08-24 10:18:00,301.3,301.3,300.3,300.3,375,0,11400.0,CE
2018-08-24 10:21:00,297.4,297.4,297.4,297.4,75,0,11400.0,CE
2018-08-24 10:22:00,298.6,298.6,296.8,296.8,225,0,11400.0,CE
2018-08-24 10:23:00,296.25,297.15,296.25,296.55,450,0,11400.0,CE
2018-08-24 10:24:00,296.05,296.05,295.65,295.65,150,0,11400.0,CE
2018-08-24 10:26:00,293.5,295.0,293.5,295.0,300,0,11400.0,CE
2018-08-24 10:28:00,296.25,296.25,296.25,296.25,75,0,11400.0,CE
2018-08-24 10:30:00,297.95,297.95,297.5,297.5,225,0,11400.0,CE
2018-08-24 10:31:00,297.8,297.8,297.8,297.8,75,0,11400.0,CE
2018-08-24 10:33:00,294.5,294.5,293.4,293.4,225,0,11400.0,CE
2018-08-24 10:34:00,292.45,292.45,289.6,289.6,375,0,11400.0,CE
2018-08-24 10:35:00,289.1,289.1,284.8,285.75,825,0,11400.0,CE
2018-08-24 10:36:00,287.75,287.75,287.75,287.75,150,0,11400.0,CE
2018-08-24 10:37:00,287.65,288.0,287.65,288.0,1425,0,11400.0,CE
2018-08-24 10:39:00,289.0,289.0,289.0,289.0,75,0,11400.0,CE
2018-08-24 10:42:00,289.95,291.05,289.95,291.05,150,0,11400.0,CE
2018-08-24 10:45:00,293.0,293.0,293.0,293.0,1050,0,11400.0,CE
2018-08-24 10:46:00,291.95,291.95,291.95,291.95,75,0,11400.0,CE
2018-08-24 10:47:00,291.05,291.05,291.05,291.05,75,0,11400.0,CE
2018-08-24 10:53:00,295.5,295.5,295.5,295.5,225,0,11400.0,CE
2018-08-24 10:55:00,294.05,294.05,294.05,294.05,75,0,11400.0,CE
2018-08-24 10:57:00,294.5,294.5,294.35,294.35,150,0,11400.0,CE
2018-08-24 10:58:00,292.7,293.25,292.7,293.25,225,0,11400.0,CE
2018-08-24 11:01:00,295.8,295.8,295.8,295.8,75,0,11400.0,CE
2018-08-24 11:06:00,293.6,293.6,293.5,293.5,150,0,11400.0,CE
2018-08-24 11:09:00,294.5,294.5,294.5,294.5,75,0,11400.0,CE
2018-08-24 11:10:00,293.0,293.0,293.0,293.0,450,0,11400.0,CE
2018-08-24 11:11:00,293.0,293.0,293.0,293.0,150,0,11400.0,CE
2018-08-24 11:14:00,290.15,291.0,290.15,291.0,525,0,11400.0,CE
2018-08-24 11:15:00,291.0,291.0,289.8,291.0,750,0,11400.0,CE
2018-08-24 11:16:00,292.2,292.7,291.35,291.75,600,0,11400.0,CE
2018-08-24 11:17:00,293.85,293.85,292.65,292.65,150,0,11400.0,CE
2018-08-24 11:18:00,292.85,293.5,292.85,293.5,375,0,11400.0,CE
2018-08-24 11:19:00,295.0,295.0,294.5,294.5,150,0,11400.0,CE
2018-08-24 11:20:00,292.85,294.35,292.85,293.0,975,0,11400.0,CE
2018-08-24 11:21:00,292.55,292.55,292.4,292.4,975,0,11400.0,CE
2018-08-24 11:22:00,292.5,292.85,292.5,292.85,150,0,11400.0,CE
2018-08-24 11:23:00,293.45,293.45,293.45,293.45,300,0,11400.0,CE
2018-08-24 11:27:00,294.2,294.45,294.2,294.45,225,0,11400.0,CE
2018-08-24 11:28:00,292.05,292.05,292.05,292.05,150,0,11400.0,CE
2018-08-24 11:29:00,293.0,293.0,292.45,292.45,225,0,11400.0,CE
2018-08-24 11:36:00,289.3,289.7,289.0,289.0,300,0,11400.0,CE
2018-08-24 11:37:00,287.8,287.8,287.8,287.8,300,0,11400.0,CE
2018-08-24 11:39:00,290.05,290.05,290.0,290.05,1275,0,11400.0,CE
2018-08-24 11:41:00,291.4,291.4,291.4,291.4,75,0,11400.0,CE
2018-08-24 11:42:00,293.2,293.2,293.2,293.2,75,0,11400.0,CE
2018-08-24 11:50:00,289.25,289.25,289.25,289.25,75,0,11400.0,CE
2018-08-24 11:56:00,291.85,291.85,291.85,291.85,75,0,11400.0,CE
2018-08-24 11:57:00,291.45,291.45,291.45,291.45,75,0,11400.0,CE
2018-08-24 12:01:00,291.8,291.8,291.8,291.8,150,0,11400.0,CE
2018-08-24 12:02:00,291.5,291.5,291.5,291.5,75,0,11400.0,CE
2018-08-24 12:03:00,293.65,293.65,293.35,293.35,225,0,11400.0,CE
2018-08-24 12:04:00,293.8,293.9,293.05,293.9,300,0,11400.0,CE
2018-08-24 12:05:00,293.45,293.45,293.45,293.45,75,0,11400.0,CE
2018-08-24 12:06:00,294.5,294.5,294.5,294.5,75,0,11400.0,CE
2018-08-24 12:10:00,291.95,291.95,291.95,291.95,75,0,11400.0,CE
2018-08-24 12:11:00,289.95,289.95,288.0,288.0,1500,0,11400.0,CE
2018-08-24 12:12:00,289.05,289.05,287.95,288.0,375,0,11400.0,CE
2018-08-24 12:13:00,286.0,286.0,286.0,286.0,75,0,11400.0,CE
2018-08-24 12:14:00,285.5,286.0,284.1,284.1,2550,0,11400.0,CE
2018-08-24 12:15:00,283.75,283.75,283.6,283.6,525,0,11400.0,CE
2018-08-24 12:16:00,282.55,283.95,282.55,283.95,225,0,11400.0,CE
2018-08-24 12:17:00,284.1,284.1,283.55,283.7,450,0,11400.0,CE
2018-08-24 12:18:00,284.4,284.4,284.1,284.1,225,0,11400.0,CE
2018-08-24 12:19:00,284.6,284.95,284.3,284.95,300,0,11400.0,CE
2018-08-24 12:20:00,285.1,285.1,285.1,285.1,150,0,11400.0,CE
2018-08-24 12:21:00,285.6,285.6,283.05,283.7,450,0,11400.0,CE
2018-08-24 12:22:00,283.1,284.0,283.1,284.0,300,0,11400.0,CE
2018-08-24 12:23:00,282.55,282.55,282.55,282.55,75,0,11400.0,CE
2018-08-24 12:24:00,281.15,281.15,281.15,281.15,150,0,11400.0,CE
2018-08-24 12:25:00,282.65,282.65,282.65,282.65,75,0,11400.0,CE
2018-08-24 12:27:00,282.9,282.9,282.9,282.9,150,0,11400.0,CE
2018-08-24 12:29:00,280.4,280.4,279.55,279.55,225,0,11400.0,CE
2018-08-24 12:31:00,281.7,282.45,281.7,282.45,225,0,11400.0,CE
2018-08-24 12:32:00,282.0,282.0,282.0,282.0,150,0,11400.0,CE
2018-08-24 12:33:00,282.0,282.65,282.0,282.65,225,0,11400.0,CE
2018-08-24 12:34:00,282.0,282.0,282.0,282.0,225,0,11400.0,CE
2018-08-24 12:35:00,280.9,280.9,280.0,280.0,150,0,11400.0,CE
2018-08-24 12:36:00,281.7,281.7,281.7,281.7,225,0,11400.0,CE
2018-08-24 12:40:00,283.0,283.0,283.0,283.0,450,0,11400.0,CE
2018-08-24 12:41:00,283.0,283.0,283.0,283.0,300,0,11400.0,CE
2018-08-24 12:43:00,281.15,281.55,281.15,281.55,150,0,11400.0,CE
2018-08-24 12:45:00,279.8,279.8,278.95,279.0,225,0,11400.0,CE
2018-08-24 12:46:00,278.7,278.95,277.7,277.7,975,0,11400.0,CE
2018-08-24 12:47:00,277.4,277.4,276.3,276.3,300,0,11400.0,CE
2018-08-24 12:48:00,276.9,276.9,276.9,276.9,75,0,11400.0,CE
2018-08-24 12:49:00,278.5,278.5,278.5,278.5,75,0,11400.0,CE
2018-08-24 12:50:00,277.45,277.45,277.45,277.45,75,0,11400.0,CE
2018-08-24 12:51:00,275.6,275.6,274.6,274.6,300,0,11400.0,CE
2018-08-24 12:52:00,271.3,272.4,271.3,272.2,675,0,11400.0,CE
2018-08-24 12:53:00,270.95,272.2,265.4,271.25,2325,0,11400.0,CE
2018-08-24 12:54:00,269.95,269.95,267.0,267.0,450,0,11400.0,CE
2018-08-24 12:56:00,267.3,270.0,267.3,269.4,1125,0,11400.0,CE
2018-08-24 12:57:00,269.0,269.0,267.05,268.05,675,0,11400.0,CE
2018-08-24 12:58:00,269.0,269.0,269.0,269.0,75,0,11400.0,CE
2018-08-24 13:00:00,272.0,272.0,272.0,272.0,150,0,11400.0,CE
2018-08-24 13:01:00,273.0,274.2,273.0,273.8,450,0,11400.0,CE
2018-08-24 13:02:00,273.45,273.45,273.45,273.45,75,0,11400.0,CE
2018-08-24 13:03:00,271.65,272.05,271.65,272.05,300,0,11400.0,CE
2018-08-24 13:04:00,273.0,273.0,272.1,272.1,225,0,11400.0,CE
2018-08-24 13:05:00,272.5,272.5,272.1,272.1,375,0,11400.0,CE
2018-08-24 13:06:00,270.55,270.55,270.55,270.55,75,0,11400.0,CE
2018-08-24 13:07:00,271.75,274.7,271.75,274.7,225,0,11400.0,CE
2018-08-24 13:08:00,276.0,276.0,276.0,276.0,75,0,11400.0,CE
2018-08-24 13:09:00,276.55,276.55,276.55,276.55,75,0,11400.0,CE
2018-08-24 13:10:00,274.0,274.0,274.0,274.0,375,0,11400.0,CE
2018-08-24 13:12:00,276.95,277.45,276.95,277.45,375,0,11400.0,CE
2018-08-24 13:13:00,277.95,277.95,277.95,277.95,225,0,11400.0,CE
2018-08-24 13:14:00,277.05,277.05,277.05,277.05,75,0,11400.0,CE
2018-08-24 13:15:00,276.0,278.2,276.0,278.2,300,0,11400.0,CE
2018-08-24 13:16:00,279.0,279.0,279.0,279.0,75,0,11400.0,CE
2018-08-24 13:18:00,280.7,280.7,280.7,280.7,150,0,11400.0,CE
2018-08-24 13:20:00,278.55,278.55,277.95,277.95,150,0,11400.0,CE
2018-08-24 13:21:00,279.4,279.4,279.4,279.4,150,0,11400.0,CE
2018-08-24 13:23:00,280.5,280.5,280.5,280.5,75,0,11400.0,CE
2018-08-24 13:24:00,282.0,282.0,282.0,282.0,75,0,11400.0,CE
2018-08-24 13:25:00,280.0,280.5,280.0,280.5,150,0,11400.0,CE
2018-08-24 13:26:00,280.0,280.2,279.95,280.2,300,0,11400.0,CE
2018-08-24 13:28:00,281.35,281.55,281.35,281.55,150,0,11400.0,CE
2018-08-24 13:29:00,281.5,281.5,281.5,281.5,75,0,11400.0,CE
2018-08-24 13:32:00,285.25,285.25,285.25,285.25,225,0,11400.0,CE
2018-08-24 13:33:00,285.9,285.9,285.5,285.5,150,0,11400.0,CE
2018-08-24 13:34:00,283.9,283.9,283.3,283.3,150,0,11400.0,CE
2018-08-24 13:35:00,282.5,283.35,282.5,283.05,225,0,11400.0,CE
2018-08-24 13:37:00,280.4,280.4,280.4,280.4,75,0,11400.0,CE
2018-08-24 13:38:00,280.5,280.5,280.0,280.0,150,0,11400.0,CE
2018-08-24 13:39:00,279.35,279.6,278.95,279.6,450,0,11400.0,CE
2018-08-24 13:44:00,282.0,282.0,282.0,282.0,75,0,11400.0,CE
2018-08-24 13:46:00,283.1,283.1,282.4,282.4,300,0,11400.0,CE
2018-08-24 13:47:00,283.7,283.7,283.7,283.7,150,0,11400.0,CE
2018-08-24 13:50:00,284.05,285.3,284.05,285.3,150,0,11400.0,CE
2018-08-24 13:51:00,286.4,286.5,286.4,286.45,300,0,11400.0,CE
2018-08-24 13:55:00,281.5,281.5,281.5,281.5,75,0,11400.0,CE
2018-08-24 13:56:00,282.5,282.5,282.5,282.5,150,0,11400.0,CE
2018-08-24 13:57:00,284.0,284.0,283.45,283.45,525,0,11400.0,CE
2018-08-24 13:59:00,282.55,282.55,282.55,282.55,75,0,11400.0,CE
2018-08-24 14:00:00,279.0,279.0,279.0,279.0,600,0,11400.0,CE
2018-08-24 14:02:00,280.7,280.7,280.7,280.7,75,0,11400.0,CE
2018-08-24 14:04:00,281.65,281.65,281.4,281.4,150,0,11400.0,CE
2018-08-24 14:06:00,282.45,284.0,282.45,284.0,450,0,11400.0,CE
2018-08-24 14:07:00,284.0,286.0,284.0,286.0,300,0,11400.0,CE
2018-08-24 14:09:00,285.7,285.7,285.3,285.3,300,0,11400.0,CE
2018-08-24 14:10:00,285.45,285.45,283.3,283.3,600,0,11400.0,CE
2018-08-24 14:11:00,283.5,285.4,283.5,285.4,150,0,11400.0,CE
2018-08-24 14:12:00,281.85,281.85,281.85,281.85,75,0,11400.0,CE
2018-08-24 14:13:00,283.0,284.15,282.5,284.15,1425,0,11400.0,CE
2018-08-24 14:14:00,284.75,284.9,284.75,284.9,1350,0,11400.0,CE
2018-08-24 14:15:00,284.4,285.5,284.4,285.5,300,0,11400.0,CE
2018-08-24 14:16:00,285.8,285.85,285.8,285.8,975,0,11400.0,CE
2018-08-24 14:17:00,284.6,284.6,284.6,284.6,1050,0,11400.0,CE
2018-08-24 14:18:00,284.55,284.55,284.55,284.55,450,0,11400.0,CE
2018-08-24 14:19:00,285.0,286.1,285.0,286.0,975,0,11400.0,CE
2018-08-24 14:20:00,286.2,286.2,286.2,286.2,825,0,11400.0,CE
2018-08-24 14:21:00,286.2,286.5,286.0,286.0,450,0,11400.0,CE
2018-08-24 14:22:00,285.45,285.5,285.4,285.5,300,0,11400.0,CE
2018-08-24 14:23:00,284.7,285.0,284.65,284.65,1200,0,11400.0,CE
2018-08-24 14:24:00,284.0,284.0,284.0,284.0,75,0,11400.0,CE
2018-08-24 14:26:00,284.0,284.05,284.0,284.05,1050,0,11400.0,CE
2018-08-24 14:28:00,281.8,284.0,281.8,284.0,1575,0,11400.0,CE
2018-08-24 14:29:00,284.0,284.1,284.0,284.1,600,0,11400.0,CE
2018-08-24 14:30:00,284.15,284.75,284.15,284.75,1050,0,11400.0,CE
2018-08-24 14:31:00,282.35,282.35,282.1,282.1,1200,0,11400.0,CE
2018-08-24 14:32:00,281.0,281.0,281.0,281.0,600,0,11400.0,CE
2018-08-24 14:33:00,279.0,279.0,277.0,277.0,150,0,11400.0,CE
2018-08-24 14:34:00,276.55,276.55,276.55,276.55,75,0,11400.0,CE
2018-08-24 14:35:00,278.0,278.0,276.75,277.1,2250,0,11400.0,CE
2018-08-24 14:36:00,274.65,274.65,274.65,274.65,75,0,11400.0,CE
2018-08-24 14:37:00,274.85,275.5,274.8,275.5,1575,0,11400.0,CE
2018-08-24 14:38:00,275.2,275.2,274.9,274.9,1650,0,11400.0,CE
2018-08-24 14:39:00,275.1,277.1,275.1,277.1,1500,0,11400.0,CE
2018-08-24 14:40:00,276.05,276.05,276.05,276.05,300,0,11400.0,CE
2018-08-24 14:41:00,276.25,277.2,276.25,277.0,825,0,11400.0,CE
2018-08-24 14:42:00,274.65,274.65,274.25,274.25,300,0,11400.0,CE
2018-08-24 14:43:00,276.0,276.15,276.0,276.15,1125,0,11400.0,CE
2018-08-24 14:44:00,276.45,276.95,276.45,276.95,225,0,11400.0,CE
2018-08-24 14:45:00,280.5,280.5,280.5,280.5,75,0,11400.0,CE
2018-08-24 14:46:00,281.65,281.65,281.6,281.6,1425,0,11400.0,CE
2018-08-24 14:49:00,282.0,283.4,282.0,282.9,450,0,11400.0,CE
2018-08-24 14:53:00,284.25,285.4,284.25,285.4,600,0,11400.0,CE
2018-08-24 14:54:00,285.8,288.95,285.8,288.95,375,0,11400.0,CE
2018-08-24 14:55:00,286.05,286.15,286.05,286.15,150,0,11400.0,CE
2018-08-24 14:57:00,283.95,283.95,283.95,283.95,75,0,11400.0,CE
2018-08-24 14:58:00,284.0,284.0,284.0,284.0,75,0,11400.0,CE
2018-08-24 14:59:00,282.5,282.5,282.5,282.5,900,0,11400.0,CE
2018-08-24 15:00:00,285.95,285.95,284.55,284.55,150,0,11400.0,CE
2018-08-24 15:06:00,284.0,284.0,284.0,284.0,75,0,11400.0,CE
2018-08-24 15:10:00,283.55,283.55,283.55,283.55,75,0,11400.0,CE
2018-08-24 15:14:00,285.0,285.0,285.0,285.0,150,0,11400.0,CE
2018-08-24 15:15:00,285.5,285.5,285.5,285.5,75,0,11400.0,CE
2018-08-24 15:16:00,284.2,284.25,284.2,284.25,150,0,11400.0,CE
2018-08-24 15:20:00,287.0,287.5,287.0,287.0,600,0,11400.0,CE
2018-08-24 15:21:00,287.0,287.0,285.8,285.8,450,0,11400.0,CE
2018-08-24 15:22:00,285.65,285.65,285.0,285.6,1500,0,11400.0,CE
2018-08-24 15:23:00,287.65,287.65,287.65,287.65,300,0,11400.0,CE
2018-08-24 15:24:00,287.4,287.4,286.95,286.95,150,0,11400.0,CE
2018-08-24 15:25:00,287.65,287.65,286.65,287.05,1500,0,11400.0,CE
2018-08-24 15:26:00,287.0,287.1,285.0,285.0,1725,0,11400.0,CE
2018-08-24 15:27:00,283.6,283.6,282.95,282.95,225,0,11400.0,CE
2018-08-24 15:28:00,283.0,283.0,282.95,283.0,825,0,11400.0,CE
2018-08-24 15:29:00,283.0,285.85,283.0,285.85,675,0,11400.0,CE
2018-08-24 15:30:00,283.0,285.85,283.0,285.6,0,0,11400.0,CE
2018-08-27 09:15:00,325.0,333.1,325.0,328.3,750,0,11400.0,CE
2018-08-27 09:16:00,329.9,329.9,329.9,329.9,375,0,11400.0,CE
2018-08-27 09:17:00,330.9,330.95,329.0,329.0,1500,0,11400.0,CE
2018-08-27 09:18:00,328.25,334.0,328.0,334.0,1050,0,11400.0,CE
2018-08-27 09:19:00,334.45,336.3,333.25,335.0,1125,0,11400.0,CE
2018-08-27 09:20:00,335.7,337.4,335.7,337.4,375,0,11400.0,CE
2018-08-27 09:21:00,336.55,336.55,335.75,335.75,825,0,11400.0,CE
2018-08-27 09:23:00,335.0,335.0,334.0,335.0,900,0,11400.0,CE
2018-08-27 09:24:00,335.0,335.0,335.0,335.0,150,0,11400.0,CE
2018-08-27 09:25:00,337.5,339.0,337.5,338.5,675,0,11400.0,CE
2018-08-27 09:26:00,339.1,339.1,338.5,338.5,225,0,11400.0,CE
2018-08-27 09:27:00,340.0,340.0,340.0,340.0,2175,0,11400.0,CE
2018-08-27 09:28:00,341.0,341.0,340.75,340.75,150,0,11400.0,CE
2018-08-27 09:29:00,342.0,342.0,341.05,341.05,150,0,11400.0,CE
2018-08-27 09:30:00,341.7,341.7,341.0,341.0,150,0,11400.0,CE
2018-08-27 09:31:00,343.0,344.8,343.0,344.8,450,0,11400.0,CE
2018-08-27 09:32:00,346.25,347.0,345.05,347.0,300,0,11400.0,CE
2018-08-27 09:33:00,346.5,348.0,346.5,347.8,525,0,11400.0,CE
2018-08-27 09:34:00,347.8,347.8,347.8,347.8,150,0,11400.0,CE
2018-08-27 09:35:00,347.5,347.5,345.0,345.0,300,0,11400.0,CE
2018-08-27 09:37:00,346.15,346.9,346.15,346.9,150,0,11400.0,CE
2018-08-27 09:38:00,346.95,346.95,346.95,346.95,75,0,11400.0,CE
2018-08-27 09:39:00,347.0,347.0,347.0,347.0,150,0,11400.0,CE
2018-08-27 09:40:00,347.0,347.0,347.0,347.0,75,0,11400.0,CE
2018-08-27 09:42:00,350.0,351.85,348.1,349.85,1425,0,11400.0,CE
2018-08-27 09:43:00,351.45,351.5,348.25,348.25,300,0,11400.0,CE
2018-08-27 09:44:00,348.4,348.9,348.0,348.8,975,0,11400.0,CE
2018-08-27 09:45:00,350.0,350.45,349.0,349.0,600,0,11400.0,CE
2018-08-27 09:46:00,349.0,351.95,348.8,350.5,1575,0,11400.0,CE
2018-08-27 09:47:00,351.0,352.0,350.0,350.5,1500,0,11400.0,CE
2018-08-27 09:48:00,347.6,347.6,347.0,347.0,225,0,11400.0,CE
2018-08-27 09:49:00,347.6,347.6,344.8,344.8,900,0,11400.0,CE
2018-08-27 09:50:00,347.0,347.0,346.0,346.0,225,0,11400.0,CE
2018-08-27 09:51:00,346.5,347.0,346.5,347.0,750,0,11400.0,CE
2018-08-27 09:52:00,348.0,348.0,347.0,347.0,900,0,11400.0,CE
2018-08-27 09:53:00,347.0,348.0,347.0,348.0,975,0,11400.0,CE
2018-08-27 09:54:00,348.0,348.5,348.0,348.5,600,0,11400.0,CE
2018-08-27 09:55:00,348.5,349.0,346.05,346.05,1350,0,11400.0,CE
2018-08-27 09:56:00,345.9,348.85,345.9,348.5,1275,0,11400.0,CE
2018-08-27 09:57:00,348.9,348.9,345.0,345.0,225,0,11400.0,CE
2018-08-27 09:58:00,348.0,348.0,347.0,347.0,225,0,11400.0,CE
2018-08-27 09:59:00,347.0,347.9,347.0,347.9,675,0,11400.0,CE
2018-08-27 10:00:00,347.0,347.0,347.0,347.0,900,0,11400.0,CE
2018-08-27 10:01:00,348.2,348.2,345.55,346.0,2325,0,11400.0,CE
2018-08-27 10:02:00,346.0,346.0,346.0,346.0,825,0,11400.0,CE
2018-08-27 10:03:00,346.7,346.7,346.7,346.7,225,0,11400.0,CE
2018-08-27 10:04:00,346.7,346.7,346.0,346.0,750,0,11400.0,CE
2018-08-27 10:05:00,345.0,345.0,345.0,345.0,75,0,11400.0,CE
2018-08-27 10:07:00,344.45,344.45,343.9,343.9,375,0,11400.0,CE
2018-08-27 10:08:00,343.9,343.9,343.9,343.9,675,0,11400.0,CE
2018-08-27 10:09:00,345.0,350.0,343.8,343.8,2025,0,11400.0,CE
2018-08-27 10:10:00,348.0,348.5,346.0,348.5,1875,0,11400.0,CE
2018-08-27 10:11:00,348.45,348.5,345.6,348.0,1875,0,11400.0,CE
2018-08-27 10:12:00,347.5,348.95,345.7,347.95,1575,0,11400.0,CE
2018-08-27 10:13:00,347.95,347.95,346.0,346.0,975,0,11400.0,CE
2018-08-27 10:14:00,346.1,346.8,346.1,346.8,150,0,11400.0,CE
2018-08-27 10:15:00,346.0,346.0,346.0,346.0,975,0,11400.0,CE
2018-08-27 10:16:00,349.0,349.0,348.0,348.0,375,0,11400.0,CE
2018-08-27 10:17:00,346.95,347.0,346.95,347.0,375,0,11400.0,CE
2018-08-27 10:18:00,347.0,348.0,347.0,348.0,900,0,11400.0,CE
2018-08-27 10:19:00,349.0,349.0,349.0,349.0,75,0,11400.0,CE
2018-08-27 10:20:00,348.0,348.0,348.0,348.0,75,0,11400.0,CE
2018-08-27 10:21:00,347.6,348.95,347.6,348.95,150,0,11400.0,CE
2018-08-27 10:22:00,347.15,348.8,346.4,347.15,525,0,11400.0,CE
2018-08-27 10:23:00,347.0,347.1,347.0,347.1,150,0,11400.0,CE
2018-08-27 10:25:00,348.2,348.2,348.2,348.2,75,0,11400.0,CE
2018-08-27 10:26:00,348.0,348.0,348.0,348.0,375,0,11400.0,CE
2018-08-27 10:27:00,346.45,346.5,346.45,346.5,1350,0,11400.0,CE
2018-08-27 10:28:00,346.5,348.0,346.5,347.0,1200,0,11400.0,CE
2018-08-27 10:31:00,346.95,347.0,346.5,347.0,750,0,11400.0,CE
2018-08-27 10:32:00,348.0,349.0,347.75,349.0,675,0,11400.0,CE
2018-08-27 10:33:00,349.0,349.0,349.0,349.0,225,0,11400.0,CE
2018-08-27 10:34:00,349.0,349.0,349.0,349.0,75,0,11400.0,CE
2018-08-27 10:35:00,349.0,349.0,349.0,349.0,75,0,11400.0,CE
2018-08-27 10:36:00,349.2,349.2,349.2,349.2,150,0,11400.0,CE
2018-08-27 10:37:00,349.05,349.05,349.05,349.05,75,0,11400.0,CE
2018-08-27 10:38:00,347.6,347.6,347.45,347.45,375,0,11400.0,CE
2018-08-27 10:39:00,350.0,351.8,350.0,350.45,300,0,11400.0,CE
2018-08-27 10:42:00,349.1,349.1,349.1,349.1,75,0,11400.0,CE
2018-08-27 10:44:00,349.55,349.55,349.25,349.25,225,0,11400.0,CE
2018-08-27 10:45:00,349.75,350.0,349.75,350.0,375,0,11400.0,CE
2018-08-27 10:47:00,348.25,348.25,348.25,348.25,150,0,11400.0,CE
2018-08-27 10:48:00,348.95,348.95,348.0,348.0,375,0,11400.0,CE
2018-08-27 10:52:00,348.0,348.9,348.0,348.75,225,0,11400.0,CE
2018-08-27 10:53:00,349.65,350.65,348.95,350.65,5100,0,11400.0,CE
2018-08-27 10:54:00,348.75,348.75,348.4,348.4,150,0,11400.0,CE
2018-08-27 10:55:00,348.6,349.0,348.6,349.0,2025,0,11400.0,CE
2018-08-27 10:56:00,348.5,349.0,348.5,349.0,525,0,11400.0,CE
2018-08-27 10:57:00,348.0,349.0,348.0,348.65,225,0,11400.0,CE
2018-08-27 10:58:00,348.65,348.65,348.0,348.0,3000,0,11400.0,CE
2018-08-27 10:59:00,348.0,348.1,348.0,348.1,3000,0,11400.0,CE
2018-08-27 11:01:00,349.75,349.75,349.75,349.75,75,0,11400.0,CE
2018-08-27 11:04:00,350.0,350.0,349.3,349.75,375,0,11400.0,CE
2018-08-27 11:05:00,351.85,351.9,351.25,351.25,450,0,11400.0,CE
2018-08-27 11:07:00,349.45,349.45,349.45,349.45,75,0,11400.0,CE
2018-08-27 11:09:00,350.0,350.0,349.2,349.2,300,0,11400.0,CE
2018-08-27 11:11:00,349.15,349.15,348.35,348.35,150,0,11400.0,CE
2018-08-27 11:12:00,350.3,350.3,349.85,349.85,150,0,11400.0,CE
2018-08-27 11:15:00,350.95,352.0,350.7,351.0,1200,0,11400.0,CE
2018-08-27 11:16:00,351.2,351.3,351.2,351.3,225,0,11400.0,CE
2018-08-27 11:18:00,350.65,350.65,350.65,350.65,75,0,11400.0,CE
2018-08-27 11:19:00,350.6,350.6,350.6,350.6,150,0,11400.0,CE
2018-08-27 11:23:00,351.0,351.0,351.0,351.0,75,0,11400.0,CE
2018-08-27 11:25:00,352.0,352.0,352.0,352.0,75,0,11400.0,CE
2018-08-27 11:26:00,352.0,352.5,352.0,352.5,525,0,11400.0,CE
2018-08-27 11:28:00,352.05,352.05,352.05,352.05,75,0,11400.0,CE
2018-08-27 11:29:00,353.7,353.7,352.75,352.75,1275,0,11400.0,CE
2018-08-27 11:31:00,351.1,351.1,350.45,350.45,600,0,11400.0,CE
2018-08-27 11:33:00,352.0,352.0,352.0,352.0,75,0,11400.0,CE
2018-08-27 11:35:00,352.5,352.5,352.5,352.5,75,0,11400.0,CE
2018-08-27 11:36:00,350.0,351.45,350.0,351.45,750,0,11400.0,CE
2018-08-27 11:37:00,350.85,350.85,350.85,350.85,75,0,11400.0,CE
2018-08-27 11:38:00,352.0,352.0,352.0,352.0,75,0,11400.0,CE
2018-08-27 11:41:00,352.2,352.2,352.2,352.2,75,0,11400.0,CE
2018-08-27 11:43:00,351.85,351.85,351.7,351.7,150,0,11400.0,CE
2018-08-27 11:44:00,352.4,352.4,352.4,352.4,75,0,11400.0,CE
2018-08-27 11:45:00,352.4,352.4,352.4,352.4,75,0,11400.0,CE
2018-08-27 11:46:00,352.45,353.0,352.45,353.0,225,0,11400.0,CE
2018-08-27 11:47:00,352.75,353.5,352.75,353.5,525,0,11400.0,CE
2018-08-27 11:50:00,354.0,354.0,353.0,353.0,5100,0,11400.0,CE
2018-08-27 11:51:00,353.8,354.0,353.8,354.0,225,0,11400.0,CE
2018-08-27 11:52:00,353.0,353.0,353.0,353.0,375,0,11400.0,CE
2018-08-27 11:53:00,354.95,354.95,354.85,354.95,525,0,11400.0,CE
2018-08-27 11:56:00,353.65,353.65,353.3,353.3,225,0,11400.0,CE
2018-08-27 11:57:00,353.15,353.15,353.15,353.15,75,0,11400.0,CE
2018-08-27 11:58:00,353.1,353.3,353.1,353.3,225,0,11400.0,CE
2018-08-27 12:01:00,354.95,354.95,354.95,354.95,225,0,11400.0,CE
2018-08-27 12:02:00,353.0,354.0,352.5,352.5,2325,0,11400.0,CE
2018-08-27 12:03:00,353.15,353.65,352.0,352.0,1875,0,11400.0,CE
2018-08-27 12:04:00,354.35,354.35,354.35,354.35,75,0,11400.0,CE
2018-08-27 12:05:00,355.0,356.65,355.0,356.65,150,0,11400.0,CE
2018-08-27 12:06:00,355.05,355.35,355.05,355.35,225,0,11400.0,CE
2018-08-27 12:07:00,353.85,353.85,353.85,353.85,150,0,11400.0,CE
2018-08-27 12:10:00,357.25,357.25,355.15,355.15,375,0,11400.0,CE
2018-08-27 12:14:00,357.2,357.7,357.2,357.7,225,0,11400.0,CE
2018-08-27 12:15:00,357.5,357.5,357.5,357.5,225,0,11400.0,CE
2018-08-27 12:16:00,357.85,357.85,357.85,357.85,225,0,11400.0,CE
2018-08-27 12:17:00,356.7,357.35,356.7,357.25,375,0,11400.0,CE
2018-08-27 12:18:00,355.4,355.4,355.4,355.4,75,0,11400.0,CE
2018-08-27 12:22:00,355.8,355.8,355.8,355.8,1425,0,11400.0,CE
2018-08-27 12:29:00,356.2,356.2,356.2,356.2,75,0,11400.0,CE
2018-08-27 12:30:00,359.3,359.3,359.3,359.3,75,0,11400.0,CE
2018-08-27 12:32:00,359.0,359.0,359.0,359.0,75,0,11400.0,CE
2018-08-27 12:33:00,360.0,360.0,360.0,360.0,75,0,11400.0,CE
2018-08-27 12:34:00,358.35,358.85,358.1,358.85,750,0,11400.0,CE
2018-08-27 12:35:00,358.0,358.7,358.0,358.2,225,0,11400.0,CE
2018-08-27 12:36:00,359.15,359.3,357.65,357.65,3150,0,11400.0,CE
2018-08-27 12:37:00,359.5,359.5,359.5,359.5,525,0,11400.0,CE
2018-08-27 12:41:00,364.0,364.0,364.0,364.0,525,0,11400.0,CE
2018-08-27 12:42:00,363.45,366.25,363.45,363.9,600,0,11400.0,CE
2018-08-27 12:43:00,363.55,363.55,363.5,363.5,225,0,11400.0,CE
2018-08-27 12:44:00,364.2,364.2,364.2,364.2,150,0,11400.0,CE
2018-08-27 12:45:00,363.0,363.9,363.0,363.9,450,0,11400.0,CE
2018-08-27 12:50:00,364.0,364.0,364.0,364.0,75,0,11400.0,CE
2018-08-27 12:51:00,364.0,364.1,363.05,363.05,3150,0,11400.0,CE
2018-08-27 12:52:00,361.0,363.7,361.0,363.7,3600,0,11400.0,CE
2018-08-27 12:54:00,363.7,363.7,363.7,363.7,75,0,11400.0,CE
2018-08-27 12:56:00,363.5,363.5,361.1,361.1,825,0,11400.0,CE
2018-08-27 12:57:00,363.65,363.65,362.0,363.65,225,0,11400.0,CE
2018-08-27 12:59:00,362.05,362.05,361.65,361.65,375,0,11400.0,CE
2018-08-27 13:01:00,362.8,362.8,361.95,361.95,750,0,11400.0,CE
2018-08-27 13:02:00,361.35,361.35,360.1,360.45,450,0,11400.0,CE
2018-08-27 13:03:00,358.9,360.05,358.0,358.0,750,0,11400.0,CE
2018-08-27 13:05:00,361.0,361.0,361.0,361.0,75,0,11400.0,CE
2018-08-27 13:06:00,361.0,361.0,361.0,361.0,75,0,11400.0,CE
2018-08-27 13:07:00,361.0,361.5,361.0,361.4,300,0,11400.0,CE
2018-08-27 13:08:00,361.0,362.0,361.0,362.0,150,0,11400.0,CE
2018-08-27 13:09:00,361.0,361.4,361.0,361.4,150,0,11400.0,CE
2018-08-27 13:10:00,360.5,360.5,360.5,360.5,300,0,11400.0,CE
2018-08-27 13:12:00,361.1,361.1,361.1,361.1,75,0,11400.0,CE
2018-08-27 13:15:00,363.0,363.0,363.0,363.0,75,0,11400.0,CE
2018-08-27 13:18:00,363.75,363.75,363.75,363.75,75,0,11400.0,CE
2018-08-27 13:20:00,365.05,365.05,365.05,365.05,75,0,11400.0,CE
2018-08-27 13:21:00,364.5,366.3,364.2,364.3,1200,0,11400.0,CE
2018-08-27 13:22:00,364.55,366.35,364.55,364.55,375,0,11400.0,CE
2018-08-27 13:23:00,363.15,363.15,363.15,363.15,75,0,11400.0,CE
2018-08-27 13:24:00,363.05,363.05,363.05,363.05,225,0,11400.0,CE
2018-08-27 13:26:00,364.85,364.85,364.85,364.85,150,0,11400.0,CE
2018-08-27 13:27:00,362.7,366.8,362.7,363.75,1275,0,11400.0,CE
2018-08-27 13:28:00,364.0,365.2,364.0,364.75,975,0,11400.0,CE
2018-08-27 13:29:00,366.35,367.1,366.15,367.1,375,0,11400.0,CE
2018-08-27 13:30:00,366.15,367.35,366.0,366.0,450,0,11400.0,CE
2018-08-27 13:33:00,365.15,365.15,365.15,365.15,150,0,11400.0,CE
2018-08-27 13:35:00,365.05,365.05,365.05,365.05,75,0,11400.0,CE
2018-08-27 13:37:00,365.15,365.15,365.15,365.15,75,0,11400.0,CE
2018-08-27 13:38:00,366.0,366.0,366.0,366.0,75,0,11400.0,CE
2018-08-27 13:39:00,367.05,367.05,367.05,367.05,75,0,11400.0,CE
2018-08-27 13:42:00,369.3,369.3,369.3,369.3,75,0,11400.0,CE
2018-08-27 13:43:00,369.8,369.9,369.8,369.8,150,0,11400.0,CE
2018-08-27 13:50:00,370.15,370.5,370.0,370.0,525,0,11400.0,CE
2018-08-27 13:53:00,370.85,370.85,370.85,370.85,75,0,11400.0,CE
2018-08-27 13:55:00,369.0,369.95,369.0,369.95,225,0,11400.0,CE
2018-08-27 13:56:00,368.95,370.0,368.95,370.0,525,0,11400.0,CE
2018-08-27 13:58:00,370.0,371.1,368.0,368.0,1275,0,11400.0,CE
2018-08-27 13:59:00,367.95,367.95,367.0,367.0,750,0,11400.0,CE
2018-08-27 14:00:00,366.55,367.15,366.55,367.15,150,0,11400.0,CE
2018-08-27 14:04:00,365.45,366.25,365.45,366.25,225,0,11400.0,CE
2018-08-27 14:05:00,367.45,367.5,367.45,367.5,225,0,11400.0,CE
2018-08-27 14:08:00,366.05,366.05,366.05,366.05,75,0,11400.0,CE
2018-08-27 14:10:00,366.1,366.1,366.1,366.1,150,0,11400.0,CE
2018-08-27 14:11:00,364.45,364.45,364.45,364.45,150,0,11400.0,CE
2018-08-27 14:12:00,366.15,366.15,366.15,366.15,75,0,11400.0,CE
2018-08-27 14:13:00,367.55,367.85,367.5,367.5,525,0,11400.0,CE
2018-08-27 14:14:00,370.75,370.75,370.75,370.75,75,0,11400.0,CE
2018-08-27 14:15:00,367.9,367.9,366.95,366.95,225,0,11400.0,CE
2018-08-27 14:16:00,365.5,367.7,365.5,367.6,7800,0,11400.0,CE
2018-08-27 14:17:00,367.95,368.0,367.6,367.6,1050,0,11400.0,CE
2018-08-27 14:18:00,368.0,368.0,368.0,368.0,6675,0,11400.0,CE
2018-08-27 14:20:00,369.95,369.95,369.95,369.95,300,0,11400.0,CE
2018-08-27 14:22:00,372.0,372.45,372.0,372.45,300,0,11400.0,CE
2018-08-27 14:23:00,372.8,373.2,371.7,371.7,375,0,11400.0,CE
2018-08-27 14:24:00,372.4,372.4,371.3,371.3,150,0,11400.0,CE
2018-08-27 14:26:00,375.0,375.0,375.0,375.0,300,0,11400.0,CE
2018-08-27 14:27:00,375.75,375.75,375.75,375.75,75,0,11400.0,CE
2018-08-27 14:30:00,372.4,372.4,372.4,372.4,75,0,11400.0,CE
2018-08-27 14:31:00,372.55,372.55,372.55,372.55,75,0,11400.0,CE
2018-08-27 14:32:00,373.35,373.35,373.35,373.35,75,0,11400.0,CE
2018-08-27 14:34:00,377.0,377.0,377.0,377.0,75,0,11400.0,CE
2018-08-27 14:35:00,373.6,373.6,373.6,373.6,150,0,11400.0,CE
2018-08-27 14:36:00,373.85,373.85,373.85,373.85,75,0,11400.0,CE
2018-08-27 14:37:00,375.0,376.55,375.0,376.55,150,0,11400.0,CE
2018-08-27 14:38:00,373.3,373.3,373.3,373.3,75,0,11400.0,CE
2018-08-27 14:39:00,375.4,375.4,373.85,373.85,150,0,11400.0,CE
2018-08-27 14:41:00,371.85,371.85,371.85,371.85,75,0,11400.0,CE
2018-08-27 14:42:00,373.0,373.0,373.0,373.0,75,0,11400.0,CE
2018-08-27 14:43:00,374.0,374.0,373.0,373.0,150,0,11400.0,CE
2018-08-27 14:45:00,374.95,375.0,374.95,375.0,300,0,11400.0,CE
2018-08-27 14:46:00,375.0,375.95,374.05,375.95,375,0,11400.0,CE
2018-08-27 14:47:00,374.35,374.6,374.35,374.6,225,0,11400.0,CE
2018-08-27 14:48:00,372.55,373.8,372.55,373.8,225,0,11400.0,CE
2018-08-27 14:49:00,374.0,374.0,374.0,374.0,150,0,11400.0,CE
2018-08-27 14:50:00,375.0,375.0,372.75,374.9,2325,0,11400.0,CE
2018-08-27 14:51:00,374.75,374.75,374.75,374.75,75,0,11400.0,CE
2018-08-27 14:52:00,373.5,375.0,373.5,375.0,1800,0,11400.0,CE
2018-08-27 14:53:00,375.85,378.75,375.7,378.75,450,0,11400.0,CE
2018-08-27 14:54:00,377.7,378.55,377.45,377.45,300,0,11400.0,CE
2018-08-27 14:55:00,376.3,376.3,376.3,376.3,75,0,11400.0,CE
2018-08-27 14:57:00,376.35,376.35,373.8,373.8,375,0,11400.0,CE
2018-08-27 14:58:00,373.95,373.95,373.95,373.95,75,0,11400.0,CE
2018-08-27 14:59:00,374.5,374.5,374.5,374.5,225,0,11400.0,CE
2018-08-27 15:00:00,375.3,375.3,375.3,375.3,150,0,11400.0,CE
2018-08-27 15:01:00,375.0,375.0,375.0,375.0,225,0,11400.0,CE
2018-08-27 15:02:00,376.0,376.75,376.0,376.75,225,0,11400.0,CE
2018-08-27 15:03:00,378.15,378.5,377.05,377.05,600,0,11400.0,CE
2018-08-27 15:04:00,376.95,379.35,376.95,378.85,1650,0,11400.0,CE
2018-08-27 15:05:00,380.1,380.1,377.25,377.25,750,0,11400.0,CE
2018-08-27 15:06:00,377.75,377.75,377.75,377.75,75,0,11400.0,CE
2018-08-27 15:07:00,378.75,378.95,376.75,376.75,1050,0,11400.0,CE
2018-08-27 15:08:00,378.3,378.3,376.65,377.85,1350,0,11400.0,CE
2018-08-27 15:09:00,376.3,377.2,376.3,377.2,300,0,11400.0,CE
2018-08-27 15:10:00,377.2,377.2,377.2,377.2,150,0,11400.0,CE
2018-08-27 15:11:00,377.2,377.2,374.75,376.15,975,0,11400.0,CE
2018-08-27 15:12:00,375.25,376.35,374.8,374.8,450,0,11400.0,CE
2018-08-27 15:13:00,374.65,377.1,374.65,377.1,675,0,11400.0,CE
2018-08-27 15:14:00,377.25,378.8,377.05,377.65,2475,0,11400.0,CE
2018-08-27 15:15:00,379.0,379.6,378.55,379.6,1050,0,11400.0,CE
2018-08-27 15:17:00,379.95,381.55,379.95,381.5,2550,0,11400.0,CE
2018-08-27 15:18:00,383.0,383.65,380.55,382.85,2550,0,11400.0,CE
2018-08-27 15:19:00,382.9,383.2,382.9,383.2,150,0,11400.0,CE
2018-08-27 15:20:00,384.0,386.05,384.0,385.95,600,0,11400.0,CE
2018-08-27 15:21:00,383.5,387.0,383.5,384.9,4275,0,11400.0,CE
2018-08-27 15:22:00,387.55,388.3,385.15,385.15,4575,0,11400.0,CE
2018-08-27 15:23:00,383.85,387.0,383.85,387.0,600,0,11400.0,CE
2018-08-27 15:24:00,388.0,389.95,387.55,387.55,525,0,11400.0,CE
2018-08-27 15:25:00,386.85,386.95,385.8,385.8,525,0,11400.0,CE
2018-08-27 15:26:00,385.35,389.2,384.45,385.2,2100,0,11400.0,CE
2018-08-27 15:27:00,384.1,385.35,384.0,385.35,1650,0,11400.0,CE
2018-08-27 15:28:00,385.0,386.55,385.0,386.55,225,0,11400.0,CE
2018-08-27 15:29:00,386.6,389.55,384.95,384.95,450,0,11400.0,CE
2018-08-27 15:30:00,386.6,389.55,382.15,382.15,0,0,11400.0,CE
2018-08-28 09:15:00,411.4,420.7,411.4,420.7,900,0,11400.0,CE
2018-08-28 09:16:00,420.0,424.7,419.6,419.6,525,0,11400.0,CE
2018-08-28 09:17:00,418.05,420.0,418.05,420.0,375,0,11400.0,CE
2018-08-28 09:18:00,419.1,419.6,419.1,419.6,300,0,11400.0,CE
2018-08-28 09:19:00,419.6,419.6,419.6,419.6,300,0,11400.0,CE
2018-08-28 09:20:00,419.4,430.3,419.4,430.3,1725,0,11400.0,CE
2018-08-28 09:21:00,430.05,434.15,430.05,434.15,2775,0,11400.0,CE
2018-08-28 09:22:00,433.65,434.35,431.65,431.65,825,0,11400.0,CE
2018-08-28 09:23:00,431.9,432.8,430.05,431.0,1575,0,11400.0,CE
2018-08-28 09:24:00,430.0,430.0,425.0,425.9,2100,0,11400.0,CE
2018-08-28 09:25:00,424.6,424.6,420.0,420.0,1350,0,11400.0,CE
2018-08-28 09:26:00,419.45,419.45,417.85,417.85,225,0,11400.0,CE
2018-08-28 09:27:00,418.1,420.15,418.1,420.15,150,0,11400.0,CE
2018-08-28 09:28:00,417.75,418.5,416.35,416.55,450,0,11400.0,CE
2018-08-28 09:29:00,416.6,416.6,413.35,413.35,525,0,11400.0,CE
2018-08-28 09:30:00,412.0,412.0,409.9,409.9,450,0,11400.0,CE
2018-08-28 09:31:00,411.25,411.25,405.8,405.8,750,0,11400.0,CE
2018-08-28 09:32:00,403.55,406.05,403.55,404.0,1875,0,11400.0,CE
2018-08-28 09:34:00,409.9,409.9,409.9,409.9,150,0,11400.0,CE
2018-08-28 09:35:00,408.65,408.95,406.9,406.9,1500,0,11400.0,CE
2018-08-28 09:36:00,404.8,404.8,403.0,403.0,1125,0,11400.0,CE
2018-08-28 09:37:00,400.75,400.75,397.85,398.15,375,0,11400.0,CE
2018-08-28 09:38:00,397.95,398.0,397.95,398.0,1650,0,11400.0,CE
2018-08-28 09:39:00,395.0,395.0,395.0,395.0,75,0,11400.0,CE
2018-08-28 09:40:00,401.0,401.0,401.0,401.0,150,0,11400.0,CE
2018-08-28 09:41:00,404.0,404.0,402.35,402.35,975,0,11400.0,CE
2018-08-28 09:42:00,402.95,402.95,402.95,402.95,225,0,11400.0,CE
2018-08-28 09:43:00,401.95,401.95,401.95,401.95,75,0,11400.0,CE
2018-08-28 09:44:00,403.15,403.15,403.15,403.15,150,0,11400.0,CE
2018-08-28 09:45:00,402.0,402.0,402.0,402.0,75,0,11400.0,CE
2018-08-28 09:46:00,398.8,398.8,398.8,398.8,75,0,11400.0,CE
2018-08-28 09:47:00,397.4,397.4,397.4,397.4,75,0,11400.0,CE
2018-08-28 09:50:00,393.95,394.0,393.95,394.0,150,0,11400.0,CE
2018-08-28 09:51:00,395.3,395.35,395.3,395.35,300,0,11400.0,CE
2018-08-28 09:54:00,397.2,397.2,397.2,397.2,300,0,11400.0,CE
2018-08-28 09:55:00,398.45,398.45,398.45,398.45,75,0,11400.0,CE
2018-08-28 09:58:00,401.95,401.95,401.5,401.5,375,0,11400.0,CE
2018-08-28 09:59:00,402.95,403.0,402.95,403.0,225,0,11400.0,CE
2018-08-28 10:00:00,403.05,403.05,403.0,403.0,300,0,11400.0,CE
2018-08-28 10:01:00,397.7,398.3,397.7,398.3,375,0,11400.0,CE
2018-08-28 10:02:00,399.65,400.35,399.65,400.35,225,0,11400.0,CE
2018-08-28 10:05:00,402.25,402.25,402.25,402.25,75,0,11400.0,CE
2018-08-28 10:07:00,403.8,403.8,403.8,403.8,75,0,11400.0,CE
2018-08-28 10:08:00,404.0,404.0,404.0,404.0,450,0,11400.0,CE
2018-08-28 10:09:00,405.5,406.65,405.5,406.65,675,0,11400.0,CE
2018-08-28 10:10:00,406.7,406.7,406.7,406.7,75,0,11400.0,CE
2018-08-28 10:11:00,406.0,406.0,406.0,406.0,450,0,11400.0,CE
2018-08-28 10:12:00,406.7,406.7,406.7,406.7,75,0,11400.0,CE
2018-08-28 10:14:00,411.0,411.0,410.0,410.0,300,0,11400.0,CE
2018-08-28 10:17:00,413.05,413.05,413.05,413.05,150,0,11400.0,CE
2018-08-28 10:20:00,409.15,409.15,409.15,409.15,75,0,11400.0,CE
2018-08-28 10:22:00,410.0,410.0,410.0,410.0,450,0,11400.0,CE
2018-08-28 10:24:00,410.0,410.0,406.4,406.4,150,0,11400.0,CE
2018-08-28 10:25:00,405.0,405.0,405.0,405.0,300,0,11400.0,CE
2018-08-28 10:28:00,409.65,409.65,409.6,409.6,225,0,11400.0,CE
2018-08-28 10:29:00,406.3,406.3,406.3,406.3,75,0,11400.0,CE
2018-08-28 10:30:00,405.2,405.2,405.2,405.2,75,0,11400.0,CE
2018-08-28 10:32:00,404.05,405.0,404.05,405.0,225,0,11400.0,CE
2018-08-28 10:37:00,406.0,406.0,406.0,406.0,75,0,11400.0,CE
2018-08-28 10:38:00,405.85,405.85,405.85,405.85,150,0,11400.0,CE
2018-08-28 10:39:00,405.75,405.75,405.1,405.1,300,0,11400.0,CE
2018-08-28 10:42:00,405.55,408.0,405.55,408.0,225,0,11400.0,CE
2018-08-28 10:43:00,408.0,408.0,408.0,408.0,750,0,11400.0,CE
2018-08-28 10:44:00,406.95,406.95,406.25,406.25,1875,0,11400.0,CE
2018-08-28 10:45:00,406.25,406.55,406.25,406.55,525,0,11400.0,CE
2018-08-28 10:53:00,407.05,407.05,407.05,407.05,75,0,11400.0,CE
2018-08-28 10:54:00,408.0,408.0,408.0,408.0,150,0,11400.0,CE
2018-08-28 10:56:00,411.0,411.0,411.0,411.0,1125,0,11400.0,CE
2018-08-28 10:57:00,410.0,410.0,410.0,410.0,75,0,11400.0,CE
2018-08-28 10:58:00,412.65,412.65,412.0,412.1,225,0,11400.0,CE
2018-08-28 10:59:00,412.95,413.0,412.95,413.0,300,0,11400.0,CE
2018-08-28 11:01:00,412.4,412.4,412.4,412.4,150,0,11400.0,CE
2018-08-28 11:04:00,412.35,412.4,412.35,412.4,1200,0,11400.0,CE
2018-08-28 11:05:00,412.5,412.5,412.5,412.5,300,0,11400.0,CE
2018-08-28 11:06:00,412.5,412.5,412.2,412.2,150,0,11400.0,CE
2018-08-28 11:09:00,412.9,415.75,412.9,415.75,300,0,11400.0,CE
2018-08-28 11:13:00,410.9,410.9,410.9,410.9,75,0,11400.0,CE
2018-08-28 11:19:00,412.4,412.4,412.4,412.4,75,0,11400.0,CE
2018-08-28 11:20:00,413.05,413.05,413.05,413.05,75,0,11400.0,CE
2018-08-28 11:21:00,413.55,413.55,413.55,413.55,75,0,11400.0,CE
2018-08-28 11:31:00,409.0,409.0,409.0,409.0,75,0,11400.0,CE
2018-08-28 11:33:00,412.95,412.95,412.95,412.95,825,0,11400.0,CE
2018-08-28 11:34:00,413.0,413.0,410.0,410.0,2325,0,11400.0,CE
2018-08-28 11:35:00,410.9,410.9,410.0,410.0,375,0,11400.0,CE
2018-08-28 11:41:00,404.85,404.85,404.85,404.85,75,0,11400.0,CE
2018-08-28 11:42:00,409.25,409.25,409.25,409.25,150,0,11400.0,CE
2018-08-28 11:43:00,406.0,406.0,406.0,406.0,150,0,11400.0,CE
2018-08-28 11:45:00,404.35,404.35,404.35,404.35,75,0,11400.0,CE
2018-08-28 11:47:00,406.0,406.0,406.0,406.0,75,0,11400.0,CE
2018-08-28 11:48:00,405.0,405.0,405.0,405.0,75,0,11400.0,CE
2018-08-28 11:49:00,405.35,405.65,402.0,402.0,1950,0,11400.0,CE
2018-08-28 11:51:00,405.0,405.0,405.0,405.0,450,0,11400.0,CE
2018-08-28 11:52:00,405.65,405.65,405.65,405.65,75,0,11400.0,CE
2018-08-28 11:54:00,408.0,408.0,408.0,408.0,450,0,11400.0,CE
2018-08-28 11:56:00,403.05,403.05,403.05,403.05,300,0,11400.0,CE
2018-08-28 11:57:00,406.5,406.5,405.9,405.9,225,0,11400.0,CE
2018-08-28 11:58:00,406.0,407.25,406.0,407.25,225,0,11400.0,CE
2018-08-28 11:59:00,408.0,408.0,408.0,408.0,450,0,11400.0,CE
2018-08-28 12:04:00,406.0,406.0,405.2,405.8,1275,0,11400.0,CE
2018-08-28 12:05:00,408.0,408.0,408.0,408.0,300,0,11400.0,CE
2018-08-28 12:08:00,408.0,408.0,408.0,408.0,150,0,11400.0,CE
2018-08-28 12:09:00,406.0,406.0,406.0,406.0,75,0,11400.0,CE
2018-08-28 12:13:00,408.0,408.0,408.0,408.0,300,0,11400.0,CE
2018-08-28 12:14:00,407.05,407.05,407.05,407.05,150,0,11400.0,CE
2018-08-28 12:16:00,408.05,408.05,408.05,408.05,150,0,11400.0,CE
2018-08-28 12:17:00,408.0,408.0,408.0,408.0,75,0,11400.0,CE
2018-08-28 12:18:00,411.0,411.0,411.0,411.0,150,0,11400.0,CE
2018-08-28 12:19:00,411.9,411.95,409.8,411.95,1125,0,11400.0,CE
2018-08-28 12:20:00,412.0,412.0,412.0,412.0,150,0,11400.0,CE
2018-08-28 12:24:00,410.75,413.15,410.75,413.15,750,0,11400.0,CE
2018-08-28 12:25:00,413.45,413.5,412.0,412.35,825,0,11400.0,CE
2018-08-28 12:26:00,410.15,410.15,410.15,410.15,75,0,11400.0,CE
2018-08-28 12:27:00,412.95,412.95,412.95,412.95,75,0,11400.0,CE
2018-08-28 12:28:00,411.5,413.4,411.5,413.4,150,0,11400.0,CE
2018-08-28 12:29:00,413.4,413.45,413.4,413.45,150,0,11400.0,CE
2018-08-28 12:33:00,415.9,415.95,413.65,413.65,2925,0,11400.0,CE
2018-08-28 12:35:00,414.25,414.25,414.25,414.25,75,0,11400.0,CE
2018-08-28 12:36:00,415.65,415.7,414.2,414.2,3600,0,11400.0,CE
2018-08-28 12:37:00,414.25,414.25,414.25,414.25,75,0,11400.0,CE
2018-08-28 12:38:00,416.0,416.85,413.0,414.15,3900,0,11400.0,CE
2018-08-28 12:42:00,415.0,415.0,415.0,415.0,225,0,11400.0,CE
2018-08-28 12:43:00,416.95,417.0,416.95,417.0,150,0,11400.0,CE
2018-08-28 12:46:00,417.9,420.95,417.9,420.95,375,0,11400.0,CE
2018-08-28 12:53:00,418.05,419.0,418.05,419.0,375,0,11400.0,CE
2018-08-28 13:01:00,415.0,415.0,415.0,415.0,150,0,11400.0,CE
2018-08-28 13:03:00,414.35,414.35,414.35,414.35,300,0,11400.0,CE
2018-08-28 13:07:00,417.0,417.0,417.0,417.0,75,0,11400.0,CE
2018-08-28 13:10:00,416.55,416.55,416.55,416.55,75,0,11400.0,CE
2018-08-28 13:12:00,414.2,414.2,414.2,414.2,75,0,11400.0,CE
2018-08-28 13:13:00,414.0,414.0,414.0,414.0,75,0,11400.0,CE
2018-08-28 13:17:00,416.8,416.8,416.8,416.8,75,0,11400.0,CE
2018-08-28 13:18:00,414.4,414.4,414.4,414.4,225,0,11400.0,CE
2018-08-28 13:19:00,416.7,416.7,416.7,416.7,225,0,11400.0,CE
2018-08-28 13:20:00,417.0,417.0,417.0,417.0,225,0,11400.0,CE
2018-08-28 13:22:00,413.0,413.0,413.0,413.0,300,0,11400.0,CE
2018-08-28 13:23:00,416.0,416.0,416.0,416.0,75,0,11400.0,CE
2018-08-28 13:33:00,410.9,411.0,410.9,411.0,150,0,11400.0,CE
2018-08-28 13:42:00,410.35,410.35,410.35,410.35,75,0,11400.0,CE
2018-08-28 13:43:00,414.2,414.2,414.2,414.2,75,0,11400.0,CE
2018-08-28 13:45:00,414.75,414.75,414.75,414.75,75,0,11400.0,CE
2018-08-28 13:46:00,416.85,416.85,416.15,416.15,900,0,11400.0,CE
2018-08-28 13:48:00,414.85,414.85,414.35,414.35,150,0,11400.0,CE
2018-08-28 13:51:00,415.0,415.0,415.0,415.0,150,0,11400.0,CE
2018-08-28 13:53:00,415.2,416.95,415.2,416.95,225,0,11400.0,CE
2018-08-28 13:57:00,411.15,411.85,411.15,411.85,225,0,11400.0,CE
2018-08-28 13:58:00,414.05,414.05,414.05,414.05,75,0,11400.0,CE
2018-08-28 14:00:00,413.3,413.3,413.1,413.1,225,0,11400.0,CE
2018-08-28 14:02:00,409.75,409.75,409.75,409.75,75,0,11400.0,CE
2018-08-28 14:05:00,411.5,412.0,411.5,412.0,525,0,11400.0,CE
2018-08-28 14:06:00,409.85,409.9,409.85,409.9,225,0,11400.0,CE
2018-08-28 14:10:00,411.95,413.0,411.95,413.0,600,0,11400.0,CE
2018-08-28 14:11:00,413.0,413.0,413.0,413.0,525,0,11400.0,CE
2018-08-28 14:16:00,411.35,411.75,411.35,411.75,525,0,11400.0,CE
2018-08-28 14:17:00,412.0,412.0,412.0,412.0,75,0,11400.0,CE
2018-08-28 14:21:00,406.05,406.05,406.0,406.0,225,0,11400.0,CE
2018-08-28 14:22:00,404.75,404.75,404.75,404.75,150,0,11400.0,CE
2018-08-28 14:24:00,405.5,405.5,405.5,405.5,75,0,11400.0,CE
2018-08-28 14:39:00,408.65,408.65,408.65,408.65,75,0,11400.0,CE
2018-08-28 14:40:00,410.45,410.45,410.45,410.45,75,0,11400.0,CE
2018-08-28 14:41:00,407.8,407.8,407.8,407.8,75,0,11400.0,CE
2018-08-28 14:42:00,406.8,406.8,406.8,406.8,75,0,11400.0,CE
2018-08-28 14:45:00,410.6,410.6,410.6,410.6,75,0,11400.0,CE
2018-08-28 14:46:00,407.15,407.15,407.15,407.15,75,0,11400.0,CE
2018-08-28 14:47:00,408.0,408.0,408.0,408.0,75,0,11400.0,CE
2018-08-28 14:49:00,412.0,412.0,412.0,412.0,600,0,11400.0,CE
2018-08-28 14:50:00,411.65,411.7,411.65,411.7,150,0,11400.0,CE
2018-08-28 14:51:00,414.95,414.95,414.95,414.95,150,0,11400.0,CE
2018-08-28 14:56:00,415.0,415.0,415.0,415.0,225,0,11400.0,CE
2018-08-28 15:02:00,414.5,414.5,414.5,414.5,525,0,11400.0,CE
2018-08-28 15:03:00,415.0,417.0,415.0,417.0,600,0,11400.0,CE
2018-08-28 15:05:00,418.0,418.5,418.0,418.5,150,0,11400.0,CE
2018-08-28 15:06:00,419.0,420.95,419.0,420.95,300,0,11400.0,CE
2018-08-28 15:07:00,421.3,421.3,421.3,421.3,150,0,11400.0,CE
2018-08-28 15:08:00,420.45,420.45,420.45,420.45,75,0,11400.0,CE
2018-08-28 15:11:00,422.1,422.1,422.1,422.1,75,0,11400.0,CE
2018-08-28 15:12:00,422.15,422.15,422.15,422.15,75,0,11400.0,CE
2018-08-28 15:15:00,423.0,423.0,423.0,423.0,150,0,11400.0,CE
2018-08-28 15:16:00,424.0,424.0,424.0,424.0,75,0,11400.0,CE
2018-08-28 15:17:00,423.65,423.65,423.65,423.65,75,0,11400.0,CE
2018-08-28 15:19:00,427.4,427.4,427.4,427.4,75,0,11400.0,CE
2018-08-28 15:20:00,430.0,430.0,429.95,430.0,300,0,11400.0,CE
2018-08-28 15:21:00,430.2,430.35,430.2,430.35,150,0,11400.0,CE
2018-08-28 15:24:00,426.8,426.8,426.8,426.8,75,0,11400.0,CE
2018-08-28 15:25:00,428.8,429.2,428.8,429.2,1425,0,11400.0,CE
2018-08-28 15:26:00,426.65,427.0,426.5,427.0,225,0,11400.0,CE
2018-08-28 15:28:00,426.15,426.15,426.15,426.15,300,0,11400.0,CE
2018-08-28 15:29:00,428.0,428.0,426.55,426.55,150,0,11400.0,CE
2018-08-28 15:30:00,428.0,428.0,423.75,423.75,0,0,11400.0,CE
2018-08-29 09:15:00,424.6,424.6,424.6,424.6,75,0,11400.0,CE
2018-08-29 09:16:00,414.05,414.55,414.05,414.5,1050,0,11400.0,CE
2018-08-29 09:17:00,414.5,414.5,411.5,411.5,1050,0,11400.0,CE
2018-08-29 09:19:00,419.0,419.0,416.55,416.55,300,0,11400.0,CE
2018-08-29 09:20:00,418.2,418.2,418.0,418.0,975,0,11400.0,CE
2018-08-29 09:21:00,422.6,422.6,422.6,422.6,75,0,11400.0,CE
2018-08-29 09:22:00,430.5,430.5,430.5,430.5,75,0,11400.0,CE
2018-08-29 09:24:00,428.35,428.55,428.0,428.0,450,0,11400.0,CE
2018-08-29 09:25:00,429.75,429.75,429.75,429.75,1050,0,11400.0,CE
2018-08-29 09:26:00,429.75,429.75,429.75,429.75,300,0,11400.0,CE
2018-08-29 09:27:00,429.0,429.0,429.0,429.0,75,0,11400.0,CE
2018-08-29 09:32:00,424.0,424.0,422.0,422.0,1050,0,11400.0,CE
2018-08-29 09:34:00,419.95,421.0,419.9,421.0,1050,0,11400.0,CE
2018-08-29 09:36:00,421.0,421.0,421.0,421.0,450,0,11400.0,CE
2018-08-29 09:44:00,418.0,418.0,418.0,418.0,375,0,11400.0,CE
2018-08-29 09:45:00,419.05,419.05,415.1,415.1,225,0,11400.0,CE
2018-08-29 09:47:00,419.95,419.95,419.95,419.95,150,0,11400.0,CE
2018-08-29 09:48:00,418.1,420.0,418.1,420.0,150,0,11400.0,CE
2018-08-29 09:51:00,417.95,417.95,417.0,417.0,7500,0,11400.0,CE
2018-08-29 09:53:00,422.65,422.65,422.65,422.65,75,0,11400.0,CE
2018-08-29 09:56:00,422.0,422.0,419.75,419.75,150,0,11400.0,CE
2018-08-29 10:01:00,422.65,423.2,422.65,423.2,150,0,11400.0,CE
2018-08-29 10:03:00,420.0,420.0,420.0,420.0,75,0,11400.0,CE
2018-08-29 10:05:00,418.15,418.15,418.15,418.15,75,0,11400.0,CE
2018-08-29 10:09:00,421.0,421.0,421.0,421.0,75,0,11400.0,CE
2018-08-29 10:11:00,416.45,416.45,416.45,416.45,150,0,11400.0,CE
2018-08-29 10:24:00,415.0,415.0,414.0,414.0,225,0,11400.0,CE
2018-08-29 10:25:00,413.5,413.5,413.5,413.5,75,0,11400.0,CE
2018-08-29 10:26:00,413.0,413.0,413.0,413.0,75,0,11400.0,CE
2018-08-29 10:27:00,415.0,415.0,415.0,415.0,75,0,11400.0,CE
2018-08-29 10:28:00,416.0,416.0,414.75,414.75,150,0,11400.0,CE
2018-08-29 10:31:00,418.3,418.3,418.3,418.3,150,0,11400.0,CE
2018-08-29 10:32:00,419.0,419.0,419.0,419.0,1050,0,11400.0,CE
2018-08-29 10:36:00,419.0,419.0,419.0,419.0,75,0,11400.0,CE
2018-08-29 10:37:00,419.4,419.4,419.4,419.4,75,0,11400.0,CE
2018-08-29 10:40:00,420.0,420.05,420.0,420.05,900,0,11400.0,CE
2018-08-29 10:41:00,420.0,420.0,420.0,420.0,75,0,11400.0,CE
2018-08-29 10:42:00,419.2,419.2,419.2,419.2,75,0,11400.0,CE
2018-08-29 10:43:00,417.5,417.5,417.5,417.5,150,0,11400.0,CE
2018-08-29 10:46:00,420.0,420.0,420.0,420.0,7350,0,11400.0,CE
2018-08-29 10:47:00,420.0,420.0,420.0,420.0,225,0,11400.0,CE
2018-08-29 10:51:00,421.35,421.35,421.35,421.35,75,0,11400.0,CE
2018-08-29 10:52:00,421.75,421.75,421.75,421.75,225,0,11400.0,CE
2018-08-29 10:54:00,421.9,421.9,421.9,421.9,75,0,11400.0,CE
2018-08-29 10:55:00,421.95,421.95,421.3,421.3,225,0,11400.0,CE
2018-08-29 10:56:00,420.65,420.65,420.65,420.65,150,0,11400.0,CE
2018-08-29 10:57:00,420.0,420.0,420.0,420.0,375,0,11400.0,CE
2018-08-29 10:58:00,420.15,420.15,420.15,420.15,150,0,11400.0,CE
2018-08-29 10:59:00,420.95,421.0,420.95,421.0,150,0,11400.0,CE
2018-08-29 11:01:00,419.0,419.0,419.0,419.0,150,0,11400.0,CE
2018-08-29 11:05:00,419.0,419.0,419.0,419.0,600,0,11400.0,CE
2018-08-29 11:09:00,422.0,422.0,421.0,421.0,675,0,11400.0,CE
2018-08-29 11:10:00,419.5,419.55,418.95,418.95,1125,0,11400.0,CE
2018-08-29 11:12:00,420.2,420.2,420.2,420.2,150,0,11400.0,CE
2018-08-29 11:15:00,420.0,420.0,420.0,420.0,75,0,11400.0,CE
2018-08-29 11:19:00,418.0,418.0,418.0,418.0,675,0,11400.0,CE
2018-08-29 11:20:00,418.0,418.0,418.0,418.0,900,0,11400.0,CE
2018-08-29 11:21:00,417.55,418.0,417.55,418.0,2400,0,11400.0,CE
2018-08-29 11:22:00,418.0,418.0,418.0,418.0,300,0,11400.0,CE
2018-08-29 11:23:00,419.9,419.9,419.9,419.9,675,0,11400.0,CE
2018-08-29 11:24:00,419.7,419.7,419.7,419.7,225,0,11400.0,CE
2018-08-29 11:25:00,420.0,420.0,420.0,420.0,300,0,11400.0,CE
2018-08-29 11:26:00,419.2,419.2,419.2,419.2,75,0,11400.0,CE
2018-08-29 11:28:00,415.15,415.15,415.15,415.15,75,0,11400.0,CE
2018-08-29 11:29:00,415.15,415.15,415.15,415.15,75,0,11400.0,CE
2018-08-29 11:30:00,417.9,417.9,417.9,417.9,600,0,11400.0,CE
2018-08-29 11:45:00,413.15,414.85,413.15,414.85,225,0,11400.0,CE
2018-08-29 11:47:00,415.0,415.0,415.0,415.0,75,0,11400.0,CE
2018-08-29 11:48:00,415.05,415.05,415.0,415.0,150,0,11400.0,CE
2018-08-29 11:49:00,413.0,413.0,413.0,413.0,900,0,11400.0,CE
2018-08-29 11:50:00,414.0,414.0,414.0,414.0,300,0,11400.0,CE
2018-08-29 11:53:00,416.0,416.0,416.0,416.0,150,0,11400.0,CE
2018-08-29 12:00:00,413.0,413.0,412.0,412.0,1800,0,11400.0,CE
2018-08-29 12:02:00,409.85,409.85,409.85,409.85,300,0,11400.0,CE
2018-08-29 12:05:00,408.6,408.6,408.6,408.6,75,0,11400.0,CE
2018-08-29 12:11:00,406.0,406.0,406.0,406.0,75,0,11400.0,CE
2018-08-29 12:12:00,406.85,406.85,406.85,406.85,75,0,11400.0,CE
2018-08-29 12:14:00,409.5,409.5,409.5,409.5,75,0,11400.0,CE
2018-08-29 12:18:00,409.0,409.0,409.0,409.0,75,0,11400.0,CE
2018-08-29 12:19:00,410.0,410.0,410.0,410.0,225,0,11400.0,CE
2018-08-29 12:20:00,412.2,412.2,412.2,412.2,75,0,11400.0,CE
2018-08-29 12:26:00,412.0,412.0,412.0,412.0,300,0,11400.0,CE
2018-08-29 12:28:00,415.0,415.0,412.8,412.8,1500,0,11400.0,CE
2018-08-29 12:30:00,416.0,416.0,413.45,413.45,300,0,11400.0,CE
2018-08-29 12:31:00,415.0,415.0,415.0,415.0,75,0,11400.0,CE
2018-08-29 12:32:00,417.0,418.0,417.0,418.0,300,0,11400.0,CE
2018-08-29 12:33:00,418.0,418.0,418.0,418.0,75,0,11400.0,CE
2018-08-29 12:34:00,417.0,417.0,417.0,417.0,75,0,11400.0,CE
2018-08-29 12:36:00,417.5,417.5,416.0,416.0,975,0,11400.0,CE
2018-08-29 12:37:00,416.0,416.0,416.0,416.0,75,0,11400.0,CE
2018-08-29 12:43:00,409.6,409.6,409.6,409.6,225,0,11400.0,CE
2018-08-29 12:47:00,406.0,406.0,406.0,406.0,75,0,11400.0,CE
2018-08-29 12:49:00,404.35,404.35,404.35,404.35,300,0,11400.0,CE
2018-08-29 12:51:00,404.2,405.0,404.2,405.0,150,0,11400.0,CE
2018-08-29 12:53:00,406.6,406.6,406.6,406.6,75,0,11400.0,CE
2018-08-29 12:58:00,410.15,412.35,410.15,412.35,675,0,11400.0,CE
2018-08-29 12:59:00,407.4,407.4,407.4,407.4,300,0,11400.0,CE
2018-08-29 13:00:00,408.0,408.0,408.0,408.0,225,0,11400.0,CE
2018-08-29 13:02:00,410.6,410.6,410.6,410.6,75,0,11400.0,CE
2018-08-29 13:06:00,409.0,409.0,409.0,409.0,900,0,11400.0,CE
2018-08-29 13:07:00,407.15,407.15,407.15,407.15,450,0,11400.0,CE
2018-08-29 13:09:00,408.95,409.0,408.95,409.0,750,0,11400.0,CE
2018-08-29 13:10:00,410.0,410.0,408.35,408.35,375,0,11400.0,CE
2018-08-29 13:11:00,407.0,412.5,407.0,412.5,1125,0,11400.0,CE
2018-08-29 13:12:00,413.0,413.0,413.0,413.0,900,0,11400.0,CE
2018-08-29 13:15:00,408.5,408.5,408.5,408.5,75,0,11400.0,CE
2018-08-29 13:21:00,400.0,400.0,400.0,400.0,75,0,11400.0,CE
2018-08-29 13:26:00,396.1,396.85,396.1,396.85,1050,0,11400.0,CE
2018-08-29 13:27:00,399.45,399.45,399.05,399.05,675,0,11400.0,CE
2018-08-29 13:29:00,400.35,400.35,400.0,400.0,225,0,11400.0,CE
2018-08-29 13:30:00,400.3,400.3,400.3,400.3,225,0,11400.0,CE
2018-08-29 13:31:00,397.95,397.95,397.0,397.05,225,0,11400.0,CE
2018-08-29 13:32:00,396.2,396.2,396.2,396.2,75,0,11400.0,CE
2018-08-29 13:34:00,397.45,397.45,397.45,397.45,75,0,11400.0,CE
2018-08-29 13:35:00,396.05,397.75,396.05,397.75,150,0,11400.0,CE
2018-08-29 13:36:00,397.85,398.85,397.3,398.0,1575,0,11400.0,CE
2018-08-29 13:37:00,399.05,400.5,397.35,400.35,1200,0,11400.0,CE
2018-08-29 13:38:00,400.35,402.6,400.35,402.6,750,0,11400.0,CE
2018-08-29 13:39:00,403.0,403.8,403.0,403.8,225,0,11400.0,CE
2018-08-29 13:40:00,405.05,405.05,404.15,404.15,450,0,11400.0,CE
2018-08-29 13:41:00,404.25,404.3,403.65,403.65,450,0,11400.0,CE
2018-08-29 13:42:00,403.65,403.85,402.95,402.95,975,0,11400.0,CE
2018-08-29 13:43:00,402.7,402.7,402.7,402.7,75,0,11400.0,CE
2018-08-29 13:44:00,401.5,401.5,401.5,401.5,75,0,11400.0,CE
2018-08-29 13:46:00,405.0,405.65,405.0,405.65,225,0,11400.0,CE
2018-08-29 13:47:00,406.55,410.0,406.55,409.6,1125,0,11400.0,CE
2018-08-29 13:48:00,409.75,411.25,409.3,409.3,1425,0,11400.0,CE
2018-08-29 13:49:00,410.1,410.1,410.1,410.1,75,0,11400.0,CE
2018-08-29 13:50:00,410.2,410.3,410.2,410.3,225,0,11400.0,CE
2018-08-29 13:51:00,411.45,412.5,411.45,412.5,150,0,11400.0,CE
2018-08-29 13:52:00,409.8,410.2,409.8,410.2,225,0,11400.0,CE
2018-08-29 13:54:00,410.2,410.2,410.2,410.2,75,0,11400.0,CE
2018-08-29 13:55:00,406.85,407.75,406.85,407.2,675,0,11400.0,CE
2018-08-29 13:56:00,408.2,408.2,407.75,408.0,1425,0,11400.0,CE
2018-08-29 13:58:00,407.2,407.2,407.2,407.2,75,0,11400.0,CE
2018-08-29 14:00:00,407.55,407.55,407.55,407.55,75,0,11400.0,CE
2018-08-29 14:02:00,407.25,407.25,407.25,407.25,75,0,11400.0,CE
2018-08-29 14:03:00,406.7,406.7,406.7,406.7,75,0,11400.0,CE
2018-08-29 14:06:00,410.0,410.0,410.0,410.0,75,0,11400.0,CE
2018-08-29 14:07:00,412.15,412.65,412.15,412.65,225,0,11400.0,CE
2018-08-29 14:08:00,413.2,413.8,413.2,413.8,525,0,11400.0,CE
2018-08-29 14:09:00,414.3,414.3,411.9,412.3,1650,0,11400.0,CE
2018-08-29 14:10:00,412.85,412.85,411.7,411.9,225,0,11400.0,CE
2018-08-29 14:11:00,409.95,409.95,409.8,409.8,150,0,11400.0,CE
2018-08-29 14:12:00,409.8,409.8,409.8,409.8,75,0,11400.0,CE
2018-08-29 14:13:00,410.2,410.2,410.2,410.2,75,0,11400.0,CE
2018-08-29 14:14:00,410.85,411.75,410.45,410.45,300,0,11400.0,CE
2018-08-29 14:15:00,409.25,409.25,407.5,407.5,450,0,11400.0,CE
2018-08-29 14:16:00,407.6,407.6,406.35,406.35,300,0,11400.0,CE
2018-08-29 14:17:00,405.85,405.85,404.45,404.45,150,0,11400.0,CE
2018-08-29 14:19:00,405.65,406.35,405.65,406.35,375,0,11400.0,CE
2018-08-29 14:20:00,407.8,407.8,407.8,407.8,150,0,11400.0,CE
2018-08-29 14:21:00,406.75,406.75,406.75,406.75,75,0,11400.0,CE
2018-08-29 14:22:00,406.2,406.2,406.2,406.2,75,0,11400.0,CE
2018-08-29 14:24:00,408.4,409.7,408.4,409.7,450,0,11400.0,CE
2018-08-29 14:27:00,407.7,407.7,407.7,407.7,75,0,11400.0,CE
2018-08-29 14:28:00,406.25,406.25,406.15,406.15,2025,0,11400.0,CE
2018-08-29 14:29:00,408.05,408.05,408.05,408.05,75,0,11400.0,CE
2018-08-29 14:31:00,404.95,406.05,404.95,406.05,150,0,11400.0,CE
2018-08-29 14:32:00,405.9,406.2,405.9,406.2,150,0,11400.0,CE
2018-08-29 14:33:00,404.7,404.7,404.7,404.7,75,0,11400.0,CE
2018-08-29 14:34:00,405.1,405.2,405.1,405.2,300,0,11400.0,CE
2018-08-29 14:35:00,406.5,409.0,406.5,409.0,300,0,11400.0,CE
2018-08-29 14:36:00,408.65,409.85,408.3,408.3,300,0,11400.0,CE
2018-08-29 14:37:00,408.0,408.0,408.0,408.0,300,0,11400.0,CE
2018-08-29 14:38:00,408.5,408.5,407.8,407.8,225,0,11400.0,CE
2018-08-29 14:39:00,406.25,406.25,406.15,406.15,150,0,11400.0,CE
2018-08-29 14:41:00,405.05,405.05,405.0,405.0,300,0,11400.0,CE
2018-08-29 14:42:00,406.2,406.2,406.2,406.2,300,0,11400.0,CE
2018-08-29 14:44:00,408.0,408.45,408.0,408.45,675,0,11400.0,CE
2018-08-29 14:45:00,410.1,410.1,407.75,407.75,675,0,11400.0,CE
2018-08-29 14:47:00,413.35,416.25,413.35,415.05,300,0,11400.0,CE
2018-08-29 14:48:00,414.6,414.6,414.6,414.6,75,0,11400.0,CE
2018-08-29 14:49:00,417.0,417.0,415.9,415.9,375,0,11400.0,CE
2018-08-29 14:50:00,418.35,418.6,417.05,417.05,1875,0,11400.0,CE
2018-08-29 14:51:00,415.8,415.8,415.05,415.05,150,0,11400.0,CE
2018-08-29 14:52:00,417.4,417.45,415.35,415.35,225,0,11400.0,CE
2018-08-29 14:53:00,415.75,416.75,415.75,416.75,375,0,11400.0,CE
2018-08-29 14:54:00,416.15,416.15,416.15,416.15,75,0,11400.0,CE
2018-08-29 14:55:00,413.1,413.1,413.1,413.1,75,0,11400.0,CE
2018-08-29 14:56:00,415.2,415.2,415.2,415.2,75,0,11400.0,CE
2018-08-29 15:01:00,410.05,410.05,410.05,410.05,75,0,11400.0,CE
2018-08-29 15:02:00,405.0,405.0,405.0,405.0,150,0,11400.0,CE
2018-08-29 15:03:00,406.2,406.2,406.2,406.2,75,0,11400.0,CE
2018-08-29 15:05:00,400.75,400.75,400.0,400.0,150,0,11400.0,CE
2018-08-29 15:06:00,396.45,396.45,391.9,391.9,600,0,11400.0,CE
2018-08-29 15:07:00,390.0,390.0,386.35,386.35,525,0,11400.0,CE
2018-08-29 15:08:00,385.1,385.1,385.1,385.1,75,0,11400.0,CE
2018-08-29 15:09:00,383.35,383.55,382.9,382.9,300,0,11400.0,CE
2018-08-29 15:11:00,385.0,385.0,385.0,385.0,1050,0,11400.0,CE
2018-08-29 15:13:00,383.15,384.0,383.15,384.0,150,0,11400.0,CE
2018-08-29 15:15:00,383.9,383.9,383.9,383.9,375,0,11400.0,CE
2018-08-29 15:16:00,380.25,382.35,380.05,380.9,375,0,11400.0,CE
2018-08-29 15:17:00,379.05,381.3,376.0,381.3,675,0,11400.0,CE
2018-08-29 15:18:00,382.0,382.0,382.0,382.0,75,0,11400.0,CE
2018-08-29 15:20:00,386.0,386.0,386.0,386.0,75,0,11400.0,CE
2018-08-29 15:21:00,382.95,382.95,382.5,382.5,150,0,11400.0,CE
2018-08-29 15:22:00,384.25,384.25,384.25,384.25,150,0,11400.0,CE
2018-08-29 15:24:00,381.6,382.0,381.6,382.0,600,0,11400.0,CE
2018-08-29 15:25:00,384.0,384.0,384.0,384.0,375,0,11400.0,CE
2018-08-29 15:26:00,383.95,386.6,383.95,386.6,150,0,11400.0,CE
2018-08-29 15:27:00,383.5,387.4,383.5,387.4,525,0,11400.0,CE
2018-08-29 15:28:00,388.25,388.25,384.8,384.8,225,0,11400.0,CE
2018-08-29 15:29:00,385.05,385.05,383.2,383.2,600,0,11400.0,CE
2018-08-29 15:30:00,385.05,386.15,383.2,386.15,0,0,11400.0,CE
2018-08-30 09:15:00,385.0,385.0,379.75,379.75,450,0,11400.0,CE
2018-08-30 09:16:00,380.55,380.6,379.05,379.05,525,0,11400.0,CE
2018-08-30 09:20:00,371.0,371.0,368.05,369.1,525,0,11400.0,CE
2018-08-30 09:21:00,370.0,373.15,370.0,370.0,375,0,11400.0,CE
2018-08-30 09:24:00,369.05,369.05,369.05,369.05,75,0,11400.0,CE
2018-08-30 09:26:00,365.0,365.5,365.0,365.5,225,0,11400.0,CE
2018-08-30 09:27:00,365.45,365.5,365.45,365.5,525,0,11400.0,CE
2018-08-30 09:28:00,366.4,366.4,362.05,363.9,450,0,11400.0,CE
2018-08-30 09:29:00,366.4,366.65,363.8,366.65,1275,0,11400.0,CE
2018-08-30 09:30:00,362.15,362.15,362.05,362.05,375,0,11400.0,CE
2018-08-30 09:31:00,362.05,362.45,360.0,360.0,375,0,11400.0,CE
2018-08-30 09:33:00,361.5,361.7,360.85,361.0,1350,0,11400.0,CE
2018-08-30 09:34:00,359.35,360.05,359.35,360.05,150,0,11400.0,CE
2018-08-30 09:35:00,359.95,362.75,359.95,362.75,300,0,11400.0,CE
2018-08-30 09:36:00,361.6,362.75,361.6,361.6,450,0,11400.0,CE
2018-08-30 09:38:00,364.25,364.25,364.25,364.25,75,0,11400.0,CE
2018-08-30 09:39:00,363.9,364.35,363.9,364.35,225,0,11400.0,CE
2018-08-30 09:40:00,364.3,365.7,363.35,363.35,225,0,11400.0,CE
2018-08-30 09:41:00,367.7,367.75,365.95,365.95,3000,0,11400.0,CE
2018-08-30 09:42:00,365.95,365.95,364.05,365.95,1725,0,11400.0,CE
2018-08-30 09:44:00,364.05,364.7,364.0,364.0,900,0,11400.0,CE
2018-08-30 09:47:00,363.95,364.0,362.65,362.65,675,0,11400.0,CE
2018-08-30 09:48:00,364.95,364.95,362.55,362.55,1425,0,11400.0,CE
2018-08-30 09:49:00,362.6,364.15,362.55,362.6,1425,0,11400.0,CE
2018-08-30 09:50:00,361.8,364.75,361.15,364.75,2025,0,11400.0,CE
2018-08-30 09:51:00,362.05,364.95,362.05,364.95,900,0,11400.0,CE
2018-08-30 09:52:00,364.65,364.65,364.65,364.65,150,0,11400.0,CE
2018-08-30 09:53:00,365.0,366.2,363.1,366.2,825,0,11400.0,CE
2018-08-30 09:54:00,365.3,367.0,365.3,366.6,300,0,11400.0,CE
2018-08-30 09:55:00,364.05,365.05,363.5,363.5,750,0,11400.0,CE
2018-08-30 09:56:00,361.15,362.75,361.15,362.75,825,0,11400.0,CE
2018-08-30 09:57:00,360.95,361.2,360.95,361.2,225,0,11400.0,CE
2018-08-30 09:58:00,359.95,360.0,357.85,357.85,750,0,11400.0,CE
2018-08-30 09:59:00,358.5,360.05,358.5,360.05,300,0,11400.0,CE
2018-08-30 10:00:00,355.1,357.75,354.6,354.6,750,0,11400.0,CE
2018-08-30 10:01:00,354.25,357.65,354.25,357.65,975,0,11400.0,CE
2018-08-30 10:03:00,357.25,357.25,357.15,357.15,300,0,11400.0,CE
2018-08-30 10:04:00,354.5,354.55,354.4,354.55,300,0,11400.0,CE
2018-08-30 10:05:00,355.45,357.9,355.05,355.05,1125,0,11400.0,CE
2018-08-30 10:06:00,359.9,360.5,356.8,360.5,1125,0,11400.0,CE
2018-08-30 10:07:00,357.25,361.6,357.25,361.35,3150,0,11400.0,CE
2018-08-30 10:08:00,359.9,359.95,356.05,356.25,8475,0,11400.0,CE
2018-08-30 10:09:00,356.75,357.25,355.2,356.3,2100,0,11400.0,CE
2018-08-30 10:10:00,356.35,357.8,354.5,357.8,2625,0,11400.0,CE
2018-08-30 10:11:00,355.3,355.75,355.2,355.75,1575,0,11400.0,CE
2018-08-30 10:12:00,357.3,357.3,357.3,357.3,450,0,11400.0,CE
2018-08-30 10:13:00,355.95,360.05,355.95,360.05,600,0,11400.0,CE
2018-08-30 10:14:00,362.9,363.4,362.8,362.8,525,0,11400.0,CE
2018-08-30 10:15:00,360.05,363.05,360.05,362.05,450,0,11400.0,CE
2018-08-30 10:16:00,362.05,363.0,360.75,361.3,2025,0,11400.0,CE
2018-08-30 10:17:00,362.85,362.85,360.8,360.8,300,0,11400.0,CE
2018-08-30 10:18:00,360.8,361.95,359.05,359.05,1575,0,11400.0,CE
2018-08-30 10:19:00,357.7,361.35,357.7,361.35,225,0,11400.0,CE
2018-08-30 10:20:00,362.7,362.7,362.7,362.7,75,0,11400.0,CE
2018-08-30 10:21:00,362.75,364.4,360.15,364.3,2025,0,11400.0,CE
2018-08-30 10:22:00,364.4,365.55,362.25,365.55,600,0,11400.0,CE
2018-08-30 10:23:00,365.9,365.9,362.6,362.6,900,0,11400.0,CE
2018-08-30 10:24:00,364.8,364.8,362.4,362.95,1350,0,11400.0,CE
2018-08-30 10:25:00,363.5,364.05,363.5,364.05,225,0,11400.0,CE
2018-08-30 10:26:00,365.7,367.95,365.7,366.75,1050,0,11400.0,CE
2018-08-30 10:27:00,367.05,367.05,367.0,367.0,150,0,11400.0,CE
2018-08-30 10:28:00,365.35,367.25,365.35,367.25,300,0,11400.0,CE
2018-08-30 10:29:00,366.25,366.25,364.95,364.95,300,0,11400.0,CE
2018-08-30 10:30:00,365.0,365.5,360.7,363.2,5550,0,11400.0,CE
2018-08-30 10:31:00,365.0,367.25,365.0,367.25,225,0,11400.0,CE
2018-08-30 10:32:00,367.35,367.35,366.05,366.05,900,0,11400.0,CE
2018-08-30 10:33:00,366.6,366.6,366.0,366.0,300,0,11400.0,CE
2018-08-30 10:34:00,365.05,365.6,365.05,365.6,825,0,11400.0,CE
2018-08-30 10:36:00,366.95,366.95,366.4,366.4,300,0,11400.0,CE
2018-08-30 10:37:00,365.4,365.5,365.4,365.5,225,0,11400.0,CE
2018-08-30 10:39:00,360.25,363.8,360.25,361.55,750,0,11400.0,CE
2018-08-30 10:40:00,362.2,363.4,362.2,363.4,225,0,11400.0,CE
2018-08-30 10:41:00,364.45,365.05,362.7,363.8,1275,0,11400.0,CE
2018-08-30 10:42:00,363.25,363.85,363.2,363.25,825,0,11400.0,CE
2018-08-30 10:43:00,360.35,363.05,358.65,358.65,1050,0,11400.0,CE
2018-08-30 10:44:00,362.0,363.25,360.45,360.45,825,0,11400.0,CE
2018-08-30 10:45:00,360.8,362.35,359.05,359.05,975,0,11400.0,CE
2018-08-30 10:46:00,362.4,362.85,362.4,362.85,225,0,11400.0,CE
2018-08-30 10:47:00,363.35,364.05,361.65,363.85,975,0,11400.0,CE
2018-08-30 10:48:00,364.0,364.0,363.85,363.9,600,0,11400.0,CE
2018-08-30 10:49:00,363.35,365.25,362.8,365.25,2925,0,11400.0,CE
2018-08-30 10:50:00,363.95,363.95,363.95,363.95,75,0,11400.0,CE
2018-08-30 10:51:00,363.95,363.95,362.85,362.85,300,0,11400.0,CE
2018-08-30 10:52:00,363.6,364.05,363.6,364.05,1200,0,11400.0,CE
2018-08-30 10:53:00,363.8,364.15,362.0,362.4,1650,0,11400.0,CE
2018-08-30 10:54:00,362.55,362.55,361.45,361.6,5175,0,11400.0,CE
2018-08-30 10:55:00,361.7,363.0,361.3,363.0,11250,0,11400.0,CE
2018-08-30 10:56:00,361.8,362.0,361.45,361.5,1875,0,11400.0,CE
2018-08-30 10:57:00,361.0,363.8,361.0,363.05,8325,0,11400.0,CE
2018-08-30 10:58:00,363.05,363.05,360.4,361.0,2925,0,11400.0,CE
2018-08-30 10:59:00,363.65,364.15,362.85,364.15,1200,0,11400.0,CE
2018-08-30 11:00:00,361.5,363.5,361.1,361.1,1050,0,11400.0,CE
2018-08-30 11:01:00,366.1,367.8,363.5,367.75,4200,0,11400.0,CE
2018-08-30 11:02:00,364.5,367.95,363.15,363.35,2250,0,11400.0,CE
2018-08-30 11:03:00,365.55,365.55,362.45,362.55,750,0,11400.0,CE
2018-08-30 11:04:00,362.5,366.8,362.5,362.95,4725,0,11400.0,CE
2018-08-30 11:05:00,363.35,366.25,362.95,364.1,5250,0,11400.0,CE
2018-08-30 11:06:00,365.2,367.05,363.75,364.5,2625,0,11400.0,CE
2018-08-30 11:07:00,362.55,362.55,361.7,361.7,1875,0,11400.0,CE
2018-08-30 11:08:00,361.7,364.7,361.7,362.65,2550,0,11400.0,CE
2018-08-30 11:09:00,362.85,362.85,362.05,362.05,3000,0,11400.0,CE
2018-08-30 11:10:00,361.95,364.75,360.15,361.25,7425,0,11400.0,CE
2018-08-30 11:11:00,362.1,362.1,361.15,361.2,1875,0,11400.0,CE
2018-08-30 11:12:00,360.4,363.75,360.0,361.2,6750,0,11400.0,CE
2018-08-30 11:13:00,360.75,364.4,359.75,361.5,7125,0,11400.0,CE
2018-08-30 11:14:00,361.3,362.8,361.3,362.3,1275,0,11400.0,CE
2018-08-30 11:15:00,362.0,362.0,361.2,361.95,1425,0,11400.0,CE
2018-08-30 11:16:00,361.9,364.0,361.85,364.0,1725,0,11400.0,CE
2018-08-30 11:17:00,362.25,365.45,362.05,362.15,5550,0,11400.0,CE
2018-08-30 11:18:00,362.05,362.05,360.9,361.1,2550,0,11400.0,CE
2018-08-30 11:19:00,361.15,362.05,360.95,361.3,3450,0,11400.0,CE
2018-08-30 11:20:00,362.0,362.0,360.85,361.35,1275,0,11400.0,CE
2018-08-30 11:21:00,361.25,361.25,360.85,361.0,1350,0,11400.0,CE
2018-08-30 11:22:00,361.25,361.25,360.8,361.25,2625,0,11400.0,CE
2018-08-30 11:23:00,364.35,365.5,364.35,364.5,3150,0,11400.0,CE
2018-08-30 11:24:00,364.75,365.1,361.25,364.9,2850,0,11400.0,CE
2018-08-30 11:25:00,362.4,368.9,362.4,368.9,4125,0,11400.0,CE
2018-08-30 11:26:00,367.85,368.95,367.85,368.45,2700,0,11400.0,CE
2018-08-30 11:27:00,367.9,368.2,364.75,364.75,900,0,11400.0,CE
2018-08-30 11:28:00,367.55,367.55,367.55,367.55,75,0,11400.0,CE
2018-08-30 11:29:00,364.1,366.0,364.1,366.0,150,0,11400.0,CE
2018-08-30 11:32:00,365.4,365.75,363.45,363.45,2625,0,11400.0,CE
2018-08-30 11:33:00,365.2,365.2,363.45,363.45,900,0,11400.0,CE
2018-08-30 11:34:00,363.0,364.2,363.0,364.2,825,0,11400.0,CE
2018-08-30 11:35:00,363.0,364.5,362.65,362.65,675,0,11400.0,CE
2018-08-30 11:36:00,364.9,366.15,364.9,366.05,750,0,11400.0,CE
2018-08-30 11:37:00,366.15,366.7,366.15,366.7,225,0,11400.0,CE
2018-08-30 11:38:00,366.15,366.15,366.15,366.15,75,0,11400.0,CE
2018-08-30 11:40:00,366.4,366.4,366.4,366.4,75,0,11400.0,CE
2018-08-30 11:41:00,366.5,366.5,366.5,366.5,75,0,11400.0,CE
2018-08-30 11:42:00,367.1,367.1,365.9,366.65,300,0,11400.0,CE
2018-08-30 11:43:00,365.7,366.0,365.7,366.0,225,0,11400.0,CE
2018-08-30 11:44:00,366.55,366.55,363.75,364.5,1125,0,11400.0,CE
2018-08-30 11:45:00,366.0,366.0,366.0,366.0,75,0,11400.0,CE
2018-08-30 11:46:00,367.0,367.45,366.9,367.4,1500,0,11400.0,CE
2018-08-30 11:47:00,367.3,367.65,367.3,367.65,225,0,11400.0,CE
2018-08-30 11:48:00,367.15,367.15,364.7,364.7,150,0,11400.0,CE
2018-08-30 11:49:00,365.7,366.75,365.7,366.6,975,0,11400.0,CE
2018-08-30 11:50:00,366.95,366.95,366.95,366.95,75,0,11400.0,CE
2018-08-30 11:51:00,364.95,364.95,364.95,364.95,150,0,11400.0,CE
2018-08-30 11:52:00,366.35,366.35,365.9,365.95,825,0,11400.0,CE
2018-08-30 11:53:00,366.0,366.5,364.5,366.5,2100,0,11400.0,CE
2018-08-30 11:54:00,367.55,367.95,364.85,367.6,3750,0,11400.0,CE
2018-08-30 11:55:00,367.6,368.3,366.6,368.1,2025,0,11400.0,CE
2018-08-30 11:56:00,368.9,369.9,366.3,367.85,3225,0,11400.0,CE
2018-08-30 11:57:00,366.85,366.85,366.85,366.85,150,0,11400.0,CE
2018-08-30 11:58:00,367.35,368.25,367.35,367.75,375,0,11400.0,CE
2018-08-30 11:59:00,366.9,366.9,366.1,366.1,225,0,11400.0,CE
2018-08-30 12:00:00,364.5,364.5,363.75,364.5,225,0,11400.0,CE
2018-08-30 12:01:00,365.4,365.7,365.4,365.7,150,0,11400.0,CE
2018-08-30 12:02:00,360.9,360.9,360.9,360.9,150,0,11400.0,CE
2018-08-30 12:03:00,360.3,362.1,360.3,361.75,525,0,11400.0,CE
2018-08-30 12:04:00,361.8,364.35,361.8,363.05,975,0,11400.0,CE
2018-08-30 12:05:00,364.0,364.0,363.95,363.95,150,0,11400.0,CE
2018-08-30 12:06:00,362.85,363.0,361.2,361.45,675,0,11400.0,CE
2018-08-30 12:07:00,364.45,364.85,362.6,362.65,1650,0,11400.0,CE
2018-08-30 12:08:00,365.15,365.45,362.65,362.65,1875,0,11400.0,CE
2018-08-30 12:09:00,363.75,366.9,363.75,364.3,1200,0,11400.0,CE
2018-08-30 12:10:00,366.55,366.55,363.3,364.85,1200,0,11400.0,CE
2018-08-30 12:11:00,365.3,366.55,363.05,365.9,3300,0,11400.0,CE
2018-08-30 12:12:00,365.95,365.95,363.4,363.4,225,0,11400.0,CE
2018-08-30 12:13:00,366.35,366.5,364.25,364.25,525,0,11400.0,CE
2018-08-30 12:14:00,366.75,366.95,366.75,366.95,450,0,11400.0,CE
2018-08-30 12:15:00,368.25,369.4,365.5,369.4,750,0,11400.0,CE
2018-08-30 12:16:00,368.0,368.85,367.05,368.5,900,0,11400.0,CE
2018-08-30 12:17:00,367.8,368.5,367.8,368.5,300,0,11400.0,CE
2018-08-30 12:18:00,370.0,370.0,369.65,370.0,2025,0,11400.0,CE
2018-08-30 12:19:00,370.0,372.0,369.15,372.0,4125,0,11400.0,CE
2018-08-30 12:20:00,372.0,372.65,369.35,369.45,2250,0,11400.0,CE
2018-08-30 12:21:00,371.3,372.05,369.8,370.0,1200,0,11400.0,CE
2018-08-30 12:22:00,370.9,371.7,370.0,370.9,1575,0,11400.0,CE
2018-08-30 12:23:00,370.1,372.35,370.1,372.35,450,0,11400.0,CE
2018-08-30 12:24:00,369.75,372.15,369.75,371.15,1425,0,11400.0,CE
2018-08-30 12:25:00,371.1,371.1,369.05,371.0,1500,0,11400.0,CE
2018-08-30 12:26:00,373.3,373.3,373.3,373.3,450,0,11400.0,CE
2018-08-30 12:27:00,373.75,377.5,373.75,376.8,2700,0,11400.0,CE
2018-08-30 12:28:00,373.8,376.9,373.8,376.9,150,0,11400.0,CE
2018-08-30 12:29:00,375.25,375.25,375.25,375.25,75,0,11400.0,CE
2018-08-30 12:30:00,373.5,373.5,373.35,373.35,525,0,11400.0,CE
2018-08-30 12:31:00,371.85,372.0,371.85,372.0,150,0,11400.0,CE
2018-08-30 12:32:00,372.7,372.7,369.5,369.55,2775,0,11400.0,CE
2018-08-30 12:33:00,370.1,370.1,370.1,370.1,150,0,11400.0,CE
2018-08-30 12:34:00,373.65,373.65,373.35,373.35,375,0,11400.0,CE
2018-08-30 12:35:00,373.4,373.4,373.1,373.1,375,0,11400.0,CE
2018-08-30 12:36:00,371.0,371.0,371.0,371.0,150,0,11400.0,CE
2018-08-30 12:39:00,373.0,373.0,373.0,373.0,75,0,11400.0,CE
2018-08-30 12:40:00,370.25,371.95,370.25,371.95,450,0,11400.0,CE
2018-08-30 12:41:00,371.85,371.85,369.9,369.9,300,0,11400.0,CE
2018-08-30 12:42:00,370.0,372.0,370.0,372.0,375,0,11400.0,CE
2018-08-30 12:44:00,369.45,369.45,369.45,369.45,75,0,11400.0,CE
2018-08-30 12:45:00,369.8,369.8,369.2,369.2,375,0,11400.0,CE
2018-08-30 12:46:00,371.2,371.5,369.85,371.4,675,0,11400.0,CE
2018-08-30 12:47:00,371.4,372.9,371.4,372.9,225,0,11400.0,CE
2018-08-30 12:48:00,372.9,372.9,372.9,372.9,225,0,11400.0,CE
2018-08-30 12:49:00,372.0,372.65,370.05,370.55,1200,0,11400.0,CE
2018-08-30 12:51:00,369.5,370.85,369.5,370.85,300,0,11400.0,CE
2018-08-30 12:52:00,370.7,370.7,367.0,367.0,150,0,11400.0,CE
2018-08-30 12:53:00,368.8,368.8,366.35,366.35,450,0,11400.0,CE
2018-08-30 12:54:00,365.6,366.3,364.75,366.3,1950,0,11400.0,CE
2018-08-30 12:55:00,365.05,365.4,365.05,365.4,600,0,11400.0,CE
2018-08-30 12:56:00,364.55,364.55,363.9,364.5,4050,0,11400.0,CE
2018-08-30 12:57:00,364.8,365.0,364.7,365.0,375,0,11400.0,CE
2018-08-30 12:58:00,364.0,366.0,364.0,365.85,375,0,11400.0,CE
2018-08-30 12:59:00,366.05,366.85,362.05,364.9,1650,0,11400.0,CE
2018-08-30 13:00:00,364.9,364.9,362.85,362.9,2775,0,11400.0,CE
2018-08-30 13:01:00,363.0,364.65,361.5,361.5,1275,0,11400.0,CE
2018-08-30 13:02:00,364.1,364.1,364.05,364.05,375,0,11400.0,CE
2018-08-30 13:03:00,362.5,362.5,361.8,361.8,300,0,11400.0,CE
2018-08-30 13:04:00,363.5,363.5,363.5,363.5,75,0,11400.0,CE
2018-08-30 13:05:00,363.1,363.55,361.1,361.1,1275,0,11400.0,CE
2018-08-30 13:06:00,359.4,359.4,358.7,358.7,375,0,11400.0,CE
2018-08-30 13:08:00,360.75,360.75,358.0,358.0,450,0,11400.0,CE
2018-08-30 13:09:00,357.15,357.15,357.15,357.15,150,0,11400.0,CE
2018-08-30 13:10:00,357.1,358.9,357.1,358.55,1500,0,11400.0,CE
2018-08-30 13:11:00,355.05,355.05,355.05,355.05,75,0,11400.0,CE
2018-08-30 13:12:00,355.45,356.5,354.95,354.95,3225,0,11400.0,CE
2018-08-30 13:13:00,354.85,354.85,349.05,349.05,2100,0,11400.0,CE
2018-08-30 13:14:00,349.05,351.95,349.0,350.55,900,0,11400.0,CE
2018-08-30 13:16:00,350.0,356.1,350.0,356.1,1200,0,11400.0,CE
2018-08-30 13:17:00,356.1,358.55,356.1,358.55,1200,0,11400.0,CE
2018-08-30 13:18:00,353.1,358.55,353.1,356.4,3525,0,11400.0,CE
2018-08-30 13:19:00,356.45,356.8,351.65,355.0,1050,0,11400.0,CE
2018-08-30 13:20:00,351.1,356.7,350.55,354.5,3525,0,11400.0,CE
2018-08-30 13:21:00,354.5,357.7,350.05,357.0,4875,0,11400.0,CE
2018-08-30 13:22:00,356.7,357.0,351.8,355.6,2100,0,11400.0,CE
2018-08-30 13:23:00,351.25,356.15,349.3,355.15,3750,0,11400.0,CE
2018-08-30 13:24:00,350.6,357.0,350.6,356.75,5100,0,11400.0,CE
2018-08-30 13:25:00,356.65,357.45,356.65,356.95,450,0,11400.0,CE
2018-08-30 13:26:00,359.15,360.7,356.45,360.25,6075,0,11400.0,CE
2018-08-30 13:27:00,360.35,360.35,356.75,357.5,5025,0,11400.0,CE
2018-08-30 13:28:00,358.8,358.8,355.35,356.9,2925,0,11400.0,CE
2018-08-30 13:29:00,355.5,357.3,354.9,356.5,4350,0,11400.0,CE
2018-08-30 13:30:00,354.5,355.9,353.6,355.15,3375,0,11400.0,CE
2018-08-30 13:31:00,354.25,357.45,354.25,356.6,3450,0,11400.0,CE
2018-08-30 13:32:00,356.45,357.0,352.9,355.75,9000,0,11400.0,CE
2018-08-30 13:33:00,354.9,355.35,352.9,353.15,3750,0,11400.0,CE
2018-08-30 13:34:00,353.7,355.2,352.35,355.2,600,0,11400.0,CE
2018-08-30 13:35:00,355.0,355.05,355.0,355.05,1425,0,11400.0,CE
2018-08-30 13:36:00,357.0,357.0,357.0,357.0,75,0,11400.0,CE
2018-08-30 13:37:00,357.75,357.75,357.75,357.75,75,0,11400.0,CE
2018-08-30 13:38:00,356.4,359.35,356.4,359.15,1350,0,11400.0,CE
2018-08-30 13:39:00,359.95,360.55,359.2,359.3,2100,0,11400.0,CE
2018-08-30 13:40:00,359.3,359.3,359.3,359.3,75,0,11400.0,CE
2018-08-30 13:41:00,360.0,360.0,356.35,357.75,1800,0,11400.0,CE
2018-08-30 13:42:00,357.5,359.05,357.3,359.05,675,0,11400.0,CE
2018-08-30 13:43:00,358.85,359.2,357.9,358.0,2025,0,11400.0,CE
2018-08-30 13:44:00,357.15,359.7,356.95,357.0,3675,0,11400.0,CE
2018-08-30 13:45:00,357.15,359.4,356.0,359.4,2625,0,11400.0,CE
2018-08-30 13:46:00,358.0,358.75,356.75,358.5,750,0,11400.0,CE
2018-08-30 13:47:00,358.0,358.75,357.5,358.7,2100,0,11400.0,CE
2018-08-30 13:48:00,357.4,359.0,357.4,358.4,3825,0,11400.0,CE
2018-08-30 13:49:00,358.35,358.55,358.2,358.3,750,0,11400.0,CE
2018-08-30 13:50:00,358.35,358.35,355.45,355.45,525,0,11400.0,CE
2018-08-30 13:51:00,354.9,354.95,353.15,354.95,1500,0,11400.0,CE
2018-08-30 13:52:00,355.0,355.0,352.5,352.5,675,0,11400.0,CE
2018-08-30 13:53:00,353.55,354.85,352.9,354.3,4125,0,11400.0,CE
2018-08-30 13:54:00,354.65,354.65,353.35,353.35,750,0,11400.0,CE
2018-08-30 13:55:00,353.85,353.85,352.95,353.2,675,0,11400.0,CE
2018-08-30 13:56:00,354.0,354.0,352.25,352.25,1500,0,11400.0,CE
2018-08-30 13:57:00,351.7,356.75,351.7,353.65,1125,0,11400.0,CE
2018-08-30 13:58:00,356.15,357.2,355.35,357.2,300,0,11400.0,CE
2018-08-30 13:59:00,358.35,358.35,358.2,358.2,225,0,11400.0,CE
2018-08-30 14:00:00,359.05,359.05,357.15,357.15,525,0,11400.0,CE
2018-08-30 14:01:00,357.25,360.6,357.25,360.2,2550,0,11400.0,CE
2018-08-30 14:02:00,359.75,360.0,357.35,359.5,3525,0,11400.0,CE
2018-08-30 14:03:00,361.25,361.9,359.4,361.9,1725,0,11400.0,CE
2018-08-30 14:04:00,362.25,362.25,359.0,359.0,3225,0,11400.0,CE
2018-08-30 14:05:00,358.95,358.95,356.15,356.9,975,0,11400.0,CE
2018-08-30 14:06:00,355.35,357.9,354.85,357.9,1425,0,11400.0,CE
2018-08-30 14:07:00,356.0,358.1,356.0,356.75,1650,0,11400.0,CE
2018-08-30 14:08:00,357.1,358.55,357.1,358.55,150,0,11400.0,CE
2018-08-30 14:09:00,356.0,357.7,356.0,357.7,375,0,11400.0,CE
2018-08-30 14:10:00,355.5,357.9,353.05,355.0,1650,0,11400.0,CE
2018-08-30 14:11:00,357.3,357.3,353.15,353.15,4350,0,11400.0,CE
2018-08-30 14:12:00,353.75,353.75,351.0,351.4,3075,0,11400.0,CE
2018-08-30 14:13:00,353.05,353.05,348.8,350.05,5325,0,11400.0,CE
2018-08-30 14:15:00,352.3,352.3,348.45,348.45,2625,0,11400.0,CE
2018-08-30 14:16:00,347.7,347.7,346.4,346.4,825,0,11400.0,CE
2018-08-30 14:17:00,347.85,349.2,346.8,348.25,2175,0,11400.0,CE
2018-08-30 14:18:00,348.55,348.55,347.0,347.0,1425,0,11400.0,CE
2018-08-30 14:19:00,346.75,346.75,346.35,346.35,1275,0,11400.0,CE
2018-08-30 14:20:00,348.0,348.0,346.65,346.65,2700,0,11400.0,CE
2018-08-30 14:21:00,347.3,348.85,347.3,348.2,1725,0,11400.0,CE
2018-08-30 14:22:00,347.55,347.55,347.1,347.1,225,0,11400.0,CE
2018-08-30 14:23:00,348.0,348.0,348.0,348.0,1500,0,11400.0,CE
2018-08-30 14:24:00,348.65,348.65,348.65,348.65,150,0,11400.0,CE
2018-08-30 14:25:00,350.7,350.7,350.7,350.7,75,0,11400.0,CE
2018-08-30 14:26:00,355.0,355.0,355.0,355.0,150,0,11400.0,CE
2018-08-30 14:27:00,355.55,355.55,355.1,355.1,525,0,11400.0,CE
2018-08-30 14:30:00,355.65,357.0,354.0,357.0,6000,0,11400.0,CE
2018-08-30 14:31:00,356.6,356.9,356.2,356.2,1125,0,11400.0,CE
2018-08-30 14:33:00,352.2,353.5,351.85,353.0,975,0,11400.0,CE
2018-08-30 14:34:00,352.1,352.75,352.1,352.75,150,0,11400.0,CE
2018-08-30 14:36:00,354.0,355.75,354.0,355.75,750,0,11400.0,CE
2018-08-30 14:37:00,354.95,354.95,352.9,352.9,375,0,11400.0,CE
2018-08-30 14:39:00,357.65,357.65,357.65,357.65,75,0,11400.0,CE
2018-08-30 14:40:00,354.95,354.95,354.95,354.95,75,0,11400.0,CE
2018-08-30 14:41:00,351.5,351.5,351.5,351.5,225,0,11400.0,CE
2018-08-30 14:42:00,351.5,353.95,351.5,353.95,150,0,11400.0,CE
2018-08-30 14:43:00,352.45,352.45,352.2,352.2,150,0,11400.0,CE
2018-08-30 14:44:00,348.5,348.5,348.5,348.5,75,0,11400.0,CE
2018-08-30 14:45:00,350.0,350.0,350.0,350.0,375,0,11400.0,CE
2018-08-30 14:46:00,348.5,350.25,346.7,346.7,750,0,11400.0,CE
2018-08-30 14:47:00,348.0,348.0,345.1,345.1,1125,0,11400.0,CE
2018-08-30 14:48:00,345.75,345.75,345.75,345.75,75,0,11400.0,CE
2018-08-30 14:49:00,352.0,354.0,352.0,354.0,1575,0,11400.0,CE
2018-08-30 14:50:00,353.6,360.0,353.6,360.0,1725,0,11400.0,CE
2018-08-30 14:51:00,360.15,360.15,358.8,358.8,150,0,11400.0,CE
2018-08-30 14:52:00,358.95,358.95,358.8,358.8,225,0,11400.0,CE
2018-08-30 14:53:00,358.0,358.0,358.0,358.0,150,0,11400.0,CE
2018-08-30 14:54:00,358.55,359.65,358.55,359.65,150,0,11400.0,CE
2018-08-30 14:55:00,359.4,359.5,355.35,359.5,975,0,11400.0,CE
2018-08-30 14:56:00,359.5,359.5,359.5,359.5,225,0,11400.0,CE
2018-08-30 14:57:00,360.0,363.95,360.0,363.95,225,0,11400.0,CE
2018-08-30 14:58:00,364.0,364.0,361.45,361.45,675,0,11400.0,CE
2018-08-30 14:59:00,360.6,360.6,360.6,360.6,375,0,11400.0,CE
2018-08-30 15:00:00,361.0,370.0,361.0,368.0,4800,0,11400.0,CE
2018-08-30 15:01:00,366.4,368.15,366.4,368.15,1125,0,11400.0,CE
2018-08-30 15:02:00,364.0,364.0,363.95,364.0,15225,0,11400.0,CE
2018-08-30 15:03:00,364.0,366.25,363.6,364.9,11550,0,11400.0,CE
2018-08-30 15:05:00,368.6,369.4,368.4,368.4,525,0,11400.0,CE
2018-08-30 15:06:00,370.05,372.0,370.05,372.0,150,0,11400.0,CE
2018-08-30 15:07:00,371.95,372.65,371.9,372.55,2475,0,11400.0,CE
2018-08-30 15:08:00,372.65,375.0,372.55,374.65,1050,0,11400.0,CE
2018-08-30 15:09:00,375.2,378.4,375.2,377.9,1500,0,11400.0,CE
2018-08-30 15:10:00,376.3,376.3,374.45,374.45,975,0,11400.0,CE
2018-08-30 15:11:00,371.0,371.0,371.0,371.0,12375,0,11400.0,CE
2018-08-30 15:12:00,371.0,373.0,371.0,372.8,11025,0,11400.0,CE
2018-08-30 15:13:00,372.8,372.8,371.5,372.5,11025,0,11400.0,CE
2018-08-30 15:14:00,372.5,374.0,372.05,372.7,3150,0,11400.0,CE
2018-08-30 15:15:00,371.75,373.0,371.7,372.05,1650,0,11400.0,CE
2018-08-30 15:16:00,371.5,372.0,371.5,372.0,300,0,11400.0,CE
2018-08-30 15:17:00,369.55,373.0,369.55,372.35,2025,0,11400.0,CE
2018-08-30 15:18:00,372.85,373.0,372.0,373.0,1125,0,11400.0,CE
2018-08-30 15:19:00,372.6,373.0,372.2,373.0,450,0,11400.0,CE
2018-08-30 15:20:00,372.8,373.4,372.0,373.4,1200,0,11400.0,CE
2018-08-30 15:21:00,373.0,373.0,372.6,372.6,525,0,11400.0,CE
2018-08-30 15:22:00,373.5,373.5,372.8,372.95,675,0,11400.0,CE
2018-08-30 15:23:00,373.0,375.0,373.0,374.0,1050,0,11400.0,CE
2018-08-30 15:24:00,374.0,374.0,374.0,374.0,150,0,11400.0,CE
2018-08-30 15:25:00,375.5,378.1,375.5,377.75,3750,0,11400.0,CE
2018-08-30 15:26:00,378.0,378.0,376.85,376.85,825,0,11400.0,CE
2018-08-30 15:27:00,379.25,379.9,379.25,379.9,375,0,11400.0,CE
2018-08-30 15:28:00,376.5,376.5,376.2,376.2,525,0,11400.0,CE
2018-08-30 15:29:00,378.0,378.0,378.0,378.0,75,0,11400.0,CE
2018-08-30 15:30:00,378.0,378.0,369.7,369.7,0,0,11400.0,CE
2018-08-31 09:15:00,378.95,382.3,347.4,354.9,23550,0,11400.0,CE
2018-08-31 09:16:00,359.4,365.6,359.4,363.75,1575,0,11400.0,CE
2018-08-31 09:17:00,364.9,365.0,362.55,362.55,1125,0,11400.0,CE
2018-08-31 09:18:00,361.6,365.0,361.6,365.0,300,0,11400.0,CE
2018-08-31 09:19:00,368.85,370.0,368.85,370.0,825,0,11400.0,CE
2018-08-31 09:20:00,370.0,370.0,369.95,369.95,450,0,11400.0,CE
2018-08-31 09:21:00,370.05,371.65,370.05,371.65,1425,0,11400.0,CE
2018-08-31 09:22:00,374.0,375.0,373.0,375.0,975,0,11400.0,CE
2018-08-31 09:23:00,378.0,408.95,377.85,401.1,19800,0,11400.0,CE
2018-08-31 09:24:00,395.0,398.0,392.95,398.0,975,0,11400.0,CE
2018-08-31 09:25:00,400.45,401.95,399.0,399.0,1050,0,11400.0,CE
2018-08-31 09:26:00,395.05,397.0,394.85,397.0,600,0,11400.0,CE
2018-08-31 09:27:00,396.6,397.05,396.6,397.05,225,0,11400.0,CE
2018-08-31 09:28:00,395.0,398.55,395.0,398.55,150,0,11400.0,CE
2018-08-31 09:29:00,398.0,404.0,398.0,403.4,1950,0,11400.0,CE
2018-08-31 09:30:00,402.0,411.0,402.0,411.0,150,0,11400.0,CE
2018-08-31 09:31:00,410.0,410.0,406.45,409.9,1125,0,11400.0,CE
2018-08-31 09:32:00,411.1,413.95,410.0,413.95,1200,0,11400.0,CE
2018-08-31 09:33:00,410.95,415.0,410.95,415.0,300,0,11400.0,CE
2018-08-31 09:34:00,416.1,425.05,416.1,419.05,975,0,11400.0,CE
2018-08-31 09:35:00,416.0,416.0,416.0,416.0,150,0,11400.0,CE
2018-08-31 09:36:00,414.8,416.0,414.8,416.0,375,0,11400.0,CE
2018-08-31 09:37:00,413.95,415.0,413.95,414.0,1050,0,11400.0,CE
2018-08-31 09:38:00,412.3,412.3,412.0,412.0,225,0,11400.0,CE
2018-08-31 09:39:00,415.0,415.0,412.15,412.15,225,0,11400.0,CE
2018-08-31 09:40:00,411.0,411.0,411.0,411.0,150,0,11400.0,CE
2018-08-31 09:41:00,412.15,416.0,412.15,416.0,225,0,11400.0,CE
2018-08-31 09:42:00,420.0,420.0,419.05,419.05,1125,0,11400.0,CE
2018-08-31 09:43:00,416.0,416.0,416.0,416.0,75,0,11400.0,CE
2018-08-31 09:45:00,418.0,418.0,416.0,416.05,450,0,11400.0,CE
2018-08-31 09:46:00,415.05,415.05,415.05,415.05,450,0,11400.0,CE
2018-08-31 09:47:00,415.05,415.05,415.05,415.05,75,0,11400.0,CE
2018-08-31 09:49:00,410.35,413.9,410.35,413.9,600,0,11400.0,CE
2018-08-31 09:50:00,413.95,413.95,413.95,413.95,225,0,11400.0,CE
2018-08-31 09:52:00,414.75,414.75,411.35,411.35,150,0,11400.0,CE
2018-08-31 09:53:00,413.1,413.1,413.1,413.1,75,0,11400.0,CE
2018-08-31 09:55:00,411.05,411.05,411.05,411.05,75,0,11400.0,CE
2018-08-31 09:57:00,413.35,413.35,413.35,413.35,75,0,11400.0,CE
2018-08-31 10:01:00,417.1,417.1,417.1,417.1,150,0,11400.0,CE
2018-08-31 10:02:00,418.95,418.95,418.25,418.25,300,0,11400.0,CE
2018-08-31 10:03:00,417.9,417.9,416.5,416.5,225,0,11400.0,CE
2018-08-31 10:07:00,413.9,413.9,413.9,413.9,75,0,11400.0,CE
2018-08-31 10:08:00,411.0,411.0,411.0,411.0,75,0,11400.0,CE
2018-08-31 10:09:00,410.0,410.0,404.1,404.1,300,0,11400.0,CE
2018-08-31 10:10:00,404.55,406.6,403.55,404.0,750,0,11400.0,CE
2018-08-31 10:11:00,401.0,405.0,401.0,405.0,150,0,11400.0,CE
2018-08-31 10:12:00,405.0,405.0,405.0,405.0,75,0,11400.0,CE
2018-08-31 10:17:00,400.0,401.5,400.0,401.5,600,0,11400.0,CE
2018-08-31 10:18:00,398.0,398.0,394.0,394.0,825,0,11400.0,CE
2018-08-31 10:19:00,397.1,397.1,394.05,397.0,1125,0,11400.0,CE
2018-08-31 10:20:00,397.6,397.6,397.05,397.1,300,0,11400.0,CE
2018-08-31 10:21:00,396.05,397.55,395.0,395.0,1050,0,11400.0,CE
2018-08-31 10:22:00,393.0,393.0,393.0,393.0,450,0,11400.0,CE
2018-08-31 10:23:00,395.5,395.5,394.5,394.5,525,0,11400.0,CE
2018-08-31 10:24:00,391.35,391.35,387.15,387.15,1275,0,11400.0,CE
2018-08-31 10:25:00,383.0,385.0,383.0,385.0,1050,0,11400.0,CE
2018-08-31 10:26:00,386.0,386.0,385.0,385.0,975,0,11400.0,CE
2018-08-31 10:27:00,388.0,388.0,386.0,386.0,300,0,11400.0,CE
2018-08-31 10:28:00,387.05,388.95,387.05,388.95,375,0,11400.0,CE
2018-08-31 10:30:00,387.85,387.85,387.85,387.85,75,0,11400.0,CE
2018-08-31 10:31:00,385.05,385.05,385.05,385.05,75,0,11400.0,CE
2018-08-31 10:32:00,386.0,386.0,385.0,385.0,375,0,11400.0,CE
2018-08-31 10:33:00,380.15,380.15,380.15,380.15,225,0,11400.0,CE
2018-08-31 10:34:00,378.05,378.05,377.0,378.0,825,0,11400.0,CE
2018-08-31 10:35:00,372.0,372.0,370.0,371.0,1275,0,11400.0,CE
2018-08-31 10:37:00,377.0,378.0,377.0,378.0,225,0,11400.0,CE
2018-08-31 10:38:00,380.0,380.0,380.0,380.0,150,0,11400.0,CE
2018-08-31 10:39:00,378.7,378.7,378.7,378.7,1650,0,11400.0,CE
2018-08-31 10:40:00,380.95,381.95,380.95,381.95,375,0,11400.0,CE
2018-08-31 10:41:00,380.65,380.65,380.65,380.65,150,0,11400.0,CE
2018-08-31 10:43:00,382.1,382.1,382.1,382.1,150,0,11400.0,CE
2018-08-31 10:44:00,382.0,382.0,382.0,382.0,75,0,11400.0,CE
2018-08-31 10:45:00,383.0,383.25,383.0,383.2,600,0,11400.0,CE
2018-08-31 10:46:00,383.25,383.25,383.25,383.25,1125,0,11400.0,CE
2018-08-31 10:47:00,386.0,386.05,386.0,386.05,375,0,11400.0,CE
2018-08-31 10:48:00,383.0,383.0,383.0,383.0,75,0,11400.0,CE
2018-08-31 10:49:00,383.0,383.0,382.0,382.0,300,0,11400.0,CE
2018-08-31 10:51:00,375.1,375.1,373.0,373.0,225,0,11400.0,CE
2018-08-31 10:54:00,374.85,376.15,374.85,376.15,150,0,11400.0,CE
2018-08-31 10:55:00,376.0,376.0,376.0,376.0,150,0,11400.0,CE
2018-08-31 10:56:00,377.0,377.0,377.0,377.0,150,0,11400.0,CE
2018-08-31 10:57:00,373.45,373.45,373.45,373.45,75,0,11400.0,CE
2018-08-31 10:58:00,373.0,373.0,372.0,372.0,150,0,11400.0,CE
2018-08-31 10:59:00,371.8,371.8,371.8,371.8,75,0,11400.0,CE
2018-08-31 11:00:00,370.05,372.5,370.05,372.5,150,0,11400.0,CE
2018-08-31 11:02:00,372.4,372.4,372.4,372.4,75,0,11400.0,CE
2018-08-31 11:03:00,375.9,376.0,375.9,376.0,150,0,11400.0,CE
2018-08-31 11:06:00,379.1,379.2,379.1,379.2,525,0,11400.0,CE
2018-08-31 11:08:00,374.2,375.0,374.2,375.0,225,0,11400.0,CE
2018-08-31 11:10:00,371.9,371.9,370.05,370.05,1350,0,11400.0,CE
2018-08-31 11:12:00,365.35,365.35,351.2,352.05,3300,0,11400.0,CE
2018-08-31 11:13:00,355.0,358.0,355.0,356.05,525,0,11400.0,CE
2018-08-31 11:14:00,353.9,354.4,353.0,353.0,750,0,11400.0,CE
2018-08-31 11:15:00,351.45,351.45,348.8,348.8,1425,0,11400.0,CE
2018-08-31 11:16:00,350.0,350.0,348.8,348.8,525,0,11400.0,CE
2018-08-31 11:17:00,352.1,352.1,351.35,351.35,225,0,11400.0,CE
2018-08-31 11:18:00,351.0,352.85,351.0,352.85,225,0,11400.0,CE
2018-08-31 11:19:00,353.0,354.0,352.4,352.4,300,0,11400.0,CE
2018-08-31 11:21:00,352.05,353.95,352.05,353.95,300,0,11400.0,CE
2018-08-31 11:24:00,352.9,354.3,352.9,354.3,450,0,11400.0,CE
2018-08-31 11:27:00,352.6,352.85,352.6,352.85,225,0,11400.0,CE
2018-08-31 11:28:00,353.95,354.2,353.95,354.2,150,0,11400.0,CE
2018-08-31 11:30:00,356.05,356.05,356.05,356.05,225,0,11400.0,CE
2018-08-31 11:31:00,359.0,359.0,359.0,359.0,75,0,11400.0,CE
2018-08-31 11:32:00,355.0,355.0,354.95,354.95,150,0,11400.0,CE
2018-08-31 11:33:00,354.85,354.85,354.85,354.85,75,0,11400.0,CE
2018-08-31 11:34:00,353.2,353.2,352.0,352.0,450,0,11400.0,CE
2018-08-31 11:35:00,356.0,356.0,356.0,356.0,150,0,11400.0,CE
2018-08-31 11:36:00,354.05,358.0,354.05,358.0,525,0,11400.0,CE
2018-08-31 11:37:00,359.9,359.9,359.0,359.0,1050,0,11400.0,CE
2018-08-31 11:39:00,357.15,357.15,357.15,357.15,150,0,11400.0,CE
2018-08-31 11:40:00,357.15,360.0,357.15,360.0,150,0,11400.0,CE
2018-08-31 11:42:00,359.0,359.0,359.0,359.0,75,0,11400.0,CE
2018-08-31 11:44:00,357.0,357.0,357.0,357.0,225,0,11400.0,CE
2018-08-31 11:46:00,361.35,361.35,360.05,360.05,450,0,11400.0,CE
2018-08-31 11:53:00,356.5,356.5,356.5,356.5,300,0,11400.0,CE
2018-08-31 11:57:00,358.0,360.0,358.0,360.0,225,0,11400.0,CE
2018-08-31 11:58:00,361.8,361.8,361.8,361.8,75,0,11400.0,CE
2018-08-31 11:59:00,360.85,360.85,360.85,360.85,75,0,11400.0,CE
2018-08-31 12:00:00,361.2,361.2,361.2,361.2,75,0,11400.0,CE
2018-08-31 12:01:00,362.0,366.0,362.0,365.8,375,0,11400.0,CE
2018-08-31 12:02:00,362.95,362.95,362.95,362.95,75,0,11400.0,CE
2018-08-31 12:03:00,361.0,361.0,361.0,361.0,75,0,11400.0,CE
2018-08-31 12:05:00,361.8,361.8,361.8,361.8,225,0,11400.0,CE
2018-08-31 12:06:00,361.6,361.6,361.6,361.6,150,0,11400.0,CE
2018-08-31 12:07:00,360.1,360.1,360.1,360.1,150,0,11400.0,CE
2018-08-31 12:09:00,360.0,360.0,359.35,359.35,225,0,11400.0,CE
2018-08-31 12:10:00,363.0,363.0,363.0,363.0,75,0,11400.0,CE
2018-08-31 12:12:00,359.95,359.95,359.0,359.0,225,0,11400.0,CE
2018-08-31 12:13:00,358.0,358.0,358.0,358.0,75,0,11400.0,CE
2018-08-31 12:14:00,357.9,357.9,356.85,356.95,1425,0,11400.0,CE
2018-08-31 12:17:00,356.0,356.0,356.0,356.0,1500,0,11400.0,CE
2018-08-31 12:18:00,358.95,359.25,358.95,359.25,225,0,11400.0,CE
2018-08-31 12:19:00,357.2,357.2,357.0,357.0,300,0,11400.0,CE
2018-08-31 12:22:00,360.0,360.0,360.0,360.0,225,0,11400.0,CE
2018-08-31 12:23:00,359.45,359.45,359.45,359.45,150,0,11400.0,CE
2018-08-31 12:27:00,357.0,357.0,357.0,357.0,150,0,11400.0,CE
2018-08-31 12:28:00,356.15,356.15,355.0,355.0,525,0,11400.0,CE
2018-08-31 12:30:00,353.2,353.2,352.0,352.0,150,0,11400.0,CE
2018-08-31 12:31:00,349.7,349.7,349.7,349.7,150,0,11400.0,CE
2018-08-31 12:32:00,347.95,347.95,347.0,347.0,225,0,11400.0,CE
2018-08-31 12:34:00,349.0,349.0,349.0,349.0,75,0,11400.0,CE
2018-08-31 12:35:00,349.1,350.0,349.1,350.0,225,0,11400.0,CE
2018-08-31 12:37:00,353.3,355.5,353.3,355.5,525,0,11400.0,CE
2018-08-31 12:38:00,355.9,355.9,350.0,350.55,1950,0,11400.0,CE
2018-08-31 12:39:00,352.1,352.1,352.1,352.1,75,0,11400.0,CE
2018-08-31 12:40:00,355.0,355.0,354.95,354.95,300,0,11400.0,CE
2018-08-31 12:41:00,356.7,357.0,356.7,357.0,375,0,11400.0,CE
2018-08-31 12:42:00,357.25,357.25,355.05,355.05,600,0,11400.0,CE
2018-08-31 12:43:00,353.3,353.3,351.55,351.55,375,0,11400.0,CE
2018-08-31 12:44:00,351.0,353.95,351.0,353.95,3075,0,11400.0,CE
2018-08-31 12:47:00,350.4,350.4,350.4,350.4,75,0,11400.0,CE
2018-08-31 12:48:00,352.05,352.05,352.05,352.05,75,0,11400.0,CE
2018-08-31 12:56:00,352.0,352.0,352.0,352.0,150,0,11400.0,CE
2018-08-31 12:57:00,349.95,349.95,349.95,349.95,75,0,11400.0,CE
2018-08-31 12:58:00,349.0,349.0,348.55,348.55,150,0,11400.0,CE
2018-08-31 12:59:00,347.0,347.0,345.95,345.95,300,0,11400.0,CE
2018-08-31 13:00:00,345.05,345.05,339.25,341.2,2775,0,11400.0,CE
2018-08-31 13:01:00,342.75,342.75,342.4,342.4,225,0,11400.0,CE
2018-08-31 13:02:00,345.85,347.1,345.85,347.1,525,0,11400.0,CE
2018-08-31 13:06:00,345.5,345.5,345.5,345.5,150,0,11400.0,CE
2018-08-31 13:07:00,343.3,343.3,343.3,343.3,150,0,11400.0,CE
2018-08-31 13:08:00,342.1,342.1,342.1,342.1,75,0,11400.0,CE
2018-08-31 13:10:00,349.2,349.2,348.0,348.0,225,0,11400.0,CE
2018-08-31 13:11:00,349.95,349.95,349.95,349.95,75,0,11400.0,CE
2018-08-31 13:12:00,348.7,348.7,348.7,348.7,75,0,11400.0,CE
2018-08-31 13:14:00,352.0,353.0,351.5,351.5,375,0,11400.0,CE
2018-08-31 13:15:00,350.0,350.0,350.0,350.0,150,0,11400.0,CE
2018-08-31 13:16:00,355.6,355.6,355.6,355.6,150,0,11400.0,CE
2018-08-31 13:18:00,354.0,354.0,354.0,354.0,150,0,11400.0,CE
2018-08-31 13:19:00,355.6,355.75,355.6,355.75,150,0,11400.0,CE
2018-08-31 13:20:00,357.0,360.45,357.0,360.15,675,0,11400.0,CE
2018-08-31 13:21:00,358.05,358.05,356.05,356.05,225,0,11400.0,CE
2018-08-31 13:22:00,355.6,355.6,355.6,355.6,150,0,11400.0,CE
2018-08-31 13:24:00,357.75,357.75,357.75,357.75,75,0,11400.0,CE
2018-08-31 13:26:00,355.95,355.95,355.95,355.95,75,0,11400.0,CE
2018-08-31 13:27:00,355.8,355.9,354.5,354.5,375,0,11400.0,CE
2018-08-31 13:30:00,353.6,353.6,349.6,349.6,375,0,11400.0,CE
2018-08-31 13:31:00,351.85,351.95,351.85,351.95,225,0,11400.0,CE
2018-08-31 13:34:00,355.4,355.45,355.4,355.45,150,0,11400.0,CE
2018-08-31 13:35:00,354.0,354.0,354.0,354.0,150,0,11400.0,CE
2018-08-31 13:40:00,350.45,350.45,350.45,350.45,75,0,11400.0,CE
2018-08-31 13:42:00,352.0,352.0,352.0,352.0,75,0,11400.0,CE
2018-08-31 13:45:00,356.95,356.95,356.95,356.95,750,0,11400.0,CE
2018-08-31 13:46:00,356.0,357.8,356.0,357.15,225,0,11400.0,CE
2018-08-31 13:48:00,355.0,355.1,355.0,355.1,150,0,11400.0,CE
2018-08-31 13:49:00,355.95,355.95,355.95,355.95,75,0,11400.0,CE
2018-08-31 13:50:00,359.0,359.0,359.0,359.0,300,0,11400.0,CE
2018-08-31 13:51:00,356.3,356.3,356.3,356.3,150,0,11400.0,CE
2018-08-31 13:52:00,355.0,355.0,354.5,354.5,225,0,11400.0,CE
2018-08-31 13:53:00,355.6,356.2,355.6,355.9,525,0,11400.0,CE
2018-08-31 13:57:00,352.0,353.1,352.0,352.75,450,0,11400.0,CE
2018-08-31 13:58:00,353.0,353.0,352.0,352.0,375,0,11400.0,CE
2018-08-31 13:59:00,352.0,352.0,352.0,352.0,525,0,11400.0,CE
2018-08-31 14:01:00,354.7,354.7,354.7,354.7,525,0,11400.0,CE
2018-08-31 14:02:00,356.0,356.0,356.0,356.0,75,0,11400.0,CE
2018-08-31 14:03:00,355.4,355.4,355.4,355.4,75,0,11400.0,CE
2018-08-31 14:06:00,356.05,356.05,356.05,356.05,75,0,11400.0,CE
2018-08-31 14:08:00,359.0,364.2,359.0,364.1,750,0,11400.0,CE
2018-08-31 14:10:00,365.85,365.85,365.85,365.85,75,0,11400.0,CE
2018-08-31 14:11:00,366.65,369.0,366.65,369.0,675,0,11400.0,CE
2018-08-31 14:12:00,362.95,362.95,362.95,362.95,150,0,11400.0,CE
2018-08-31 14:13:00,363.45,363.45,363.45,363.45,150,0,11400.0,CE
2018-08-31 14:14:00,363.6,363.6,362.55,362.55,150,0,11400.0,CE
2018-08-31 14:15:00,364.0,364.0,364.0,364.0,75,0,11400.0,CE
2018-08-31 14:18:00,363.1,363.1,363.1,363.1,450,0,11400.0,CE
2018-08-31 14:19:00,368.0,368.0,368.0,368.0,150,0,11400.0,CE
2018-08-31 14:22:00,373.95,373.95,373.0,373.0,375,0,11400.0,CE
2018-08-31 14:23:00,370.0,370.0,370.0,370.0,150,0,11400.0,CE
2018-08-31 14:24:00,368.1,368.1,364.3,364.3,6600,0,11400.0,CE
2018-08-31 14:25:00,362.85,362.85,362.5,362.5,150,0,11400.0,CE
2018-08-31 14:26:00,363.15,363.15,363.15,363.15,75,0,11400.0,CE
2018-08-31 14:29:00,361.35,362.35,361.35,362.35,225,0,11400.0,CE
2018-08-31 14:31:00,356.5,356.5,356.15,356.15,225,0,11400.0,CE
2018-08-31 14:33:00,357.5,359.0,357.5,359.0,150,0,11400.0,CE
2018-08-31 14:35:00,362.85,363.05,362.85,363.05,150,0,11400.0,CE
2018-08-31 14:36:00,363.35,363.35,363.35,363.35,75,0,11400.0,CE
2018-08-31 14:38:00,357.7,357.7,356.6,356.6,375,0,11400.0,CE
2018-08-31 14:39:00,358.6,358.6,358.6,358.6,75,0,11400.0,CE
2018-08-31 14:42:00,359.95,360.7,359.9,360.7,225,0,11400.0,CE
2018-08-31 14:45:00,364.3,364.3,364.3,364.3,150,0,11400.0,CE
2018-08-31 14:46:00,364.75,364.75,364.75,364.75,150,0,11400.0,CE
2018-08-31 14:48:00,365.0,365.95,365.0,365.95,525,0,11400.0,CE
2018-08-31 14:50:00,367.0,367.0,367.0,367.0,75,0,11400.0,CE
2018-08-31 14:52:00,369.0,369.0,367.7,367.7,300,0,11400.0,CE
2018-08-31 14:53:00,366.95,366.95,365.95,366.95,675,0,11400.0,CE
2018-08-31 14:54:00,367.0,367.0,367.0,367.0,75,0,11400.0,CE
2018-08-31 14:55:00,366.15,366.15,363.65,363.75,3000,0,11400.0,CE
2018-08-31 14:56:00,363.4,367.0,363.4,367.0,225,0,11400.0,CE
2018-08-31 14:57:00,367.4,367.4,367.4,367.4,75,0,11400.0,CE
2018-08-31 14:58:00,368.25,368.25,368.25,368.25,75,0,11400.0,CE
2018-08-31 14:59:00,368.35,369.75,368.35,369.35,525,0,11400.0,CE
2018-08-31 15:01:00,369.0,369.0,369.0,369.0,150,0,11400.0,CE
2018-08-31 15:02:00,369.0,372.85,369.0,372.85,525,0,11400.0,CE
2018-08-31 15:03:00,373.85,373.95,373.85,373.95,225,0,11400.0,CE
2018-08-31 15:05:00,368.2,368.2,368.2,368.2,75,0,11400.0,CE
2018-08-31 15:06:00,367.0,368.2,367.0,368.2,150,0,11400.0,CE
2018-08-31 15:07:00,372.35,374.0,372.35,374.0,150,0,11400.0,CE
2018-08-31 15:08:00,375.2,375.6,375.2,375.6,150,0,11400.0,CE
2018-08-31 15:09:00,376.1,376.9,376.1,376.9,225,0,11400.0,CE
2018-08-31 15:10:00,378.0,380.0,378.0,380.0,225,0,11400.0,CE
2018-08-31 15:12:00,379.75,380.05,378.3,380.05,300,0,11400.0,CE
2018-08-31 15:13:00,377.0,377.0,375.0,375.0,225,0,11400.0,CE
2018-08-31 15:16:00,375.05,375.75,371.95,371.95,975,0,11400.0,CE
2018-08-31 15:17:00,372.1,372.65,371.4,372.3,375,0,11400.0,CE
2018-08-31 15:18:00,371.3,371.3,371.3,371.3,300,0,11400.0,CE
2018-08-31 15:19:00,374.95,375.0,374.95,375.0,225,0,11400.0,CE
2018-08-31 15:20:00,377.1,377.1,373.05,373.05,225,0,11400.0,CE
2018-08-31 15:21:00,372.7,372.7,372.7,372.7,75,0,11400.0,CE
2018-08-31 15:22:00,372.6,372.95,372.6,372.95,225,0,11400.0,CE
2018-08-31 15:24:00,372.1,372.1,371.3,371.3,300,0,11400.0,CE
2018-08-31 15:25:00,371.8,372.6,371.35,372.6,1875,0,11400.0,CE
2018-08-31 15:26:00,371.85,371.85,370.95,370.95,1950,0,11400.0,CE
2018-08-31 15:27:00,370.95,370.95,368.7,368.9,1800,0,11400.0,CE
2018-08-31 15:28:00,370.8,370.95,369.25,369.95,3075,0,11400.0,CE
2018-08-31 15:29:00,369.95,369.95,368.5,369.95,5475,0,11400.0,CE
2018-08-31 15:30:00,369.95,370.8,368.5,370.8,0,0,11400.0,CE
2018-09-03 09:15:00,400.0,400.0,386.0,386.05,4350,0,11400.0,CE
2018-09-03 09:16:00,380.0,382.0,378.5,381.0,1050,0,11400.0,CE
2018-09-03 09:17:00,378.05,378.1,373.7,373.7,750,0,11400.0,CE
2018-09-03 09:18:00,383.25,383.25,383.25,383.25,150,0,11400.0,CE
2018-09-03 09:19:00,377.15,377.15,375.0,375.0,150,0,11400.0,CE
2018-09-03 09:20:00,378.65,378.65,378.65,378.65,525,0,11400.0,CE
2018-09-03 09:21:00,378.0,378.0,378.0,378.0,75,0,11400.0,CE
2018-09-03 09:22:00,372.65,377.25,372.65,377.25,150,0,11400.0,CE
2018-09-03 09:24:00,374.35,374.35,374.35,374.35,150,0,11400.0,CE
2018-09-03 09:26:00,376.1,376.1,376.0,376.0,300,0,11400.0,CE
2018-09-03 09:27:00,376.0,376.0,376.0,376.0,150,0,11400.0,CE
2018-09-03 09:29:00,379.75,380.05,379.75,379.75,375,0,11400.0,CE
2018-09-03 09:30:00,385.0,385.0,385.0,385.0,75,0,11400.0,CE
2018-09-03 09:31:00,392.1,395.0,392.1,395.0,1050,0,11400.0,CE
2018-09-03 09:32:00,391.1,391.1,391.1,391.1,150,0,11400.0,CE
2018-09-03 09:33:00,394.2,394.2,394.2,394.2,75,0,11400.0,CE
2018-09-03 09:34:00,396.2,397.0,396.1,396.45,300,0,11400.0,CE
2018-09-03 09:36:00,394.1,394.1,388.95,389.0,675,0,11400.0,CE
2018-09-03 09:37:00,388.9,388.9,386.9,387.0,975,0,11400.0,CE
2018-09-03 09:39:00,391.0,391.0,391.0,391.0,450,0,11400.0,CE
2018-09-03 09:40:00,391.65,392.0,391.65,392.0,225,0,11400.0,CE
2018-09-03 09:43:00,392.0,392.0,390.2,390.2,150,0,11400.0,CE
2018-09-03 09:44:00,390.05,390.05,390.05,390.05,75,0,11400.0,CE
2018-09-03 09:46:00,393.0,393.0,393.0,393.0,75,0,11400.0,CE
2018-09-03 09:47:00,390.55,392.0,390.55,392.0,450,0,11400.0,CE
2018-09-03 09:49:00,396.0,396.0,395.85,395.85,300,0,11400.0,CE
2018-09-03 09:50:00,396.3,398.1,396.3,398.1,150,0,11400.0,CE
2018-09-03 09:51:00,399.0,399.0,397.9,397.9,600,0,11400.0,CE
2018-09-03 09:52:00,398.0,398.0,397.0,397.0,525,0,11400.0,CE
2018-09-03 09:53:00,399.0,399.0,397.95,397.95,600,0,11400.0,CE
2018-09-03 09:54:00,397.75,397.75,397.75,397.75,75,0,11400.0,CE
2018-09-03 09:56:00,396.95,398.0,396.95,398.0,150,0,11400.0,CE
2018-09-03 09:57:00,400.1,400.1,400.0,400.0,300,0,11400.0,CE
2018-09-03 10:00:00,399.1,399.1,399.1,399.1,75,0,11400.0,CE
2018-09-03 10:01:00,400.8,400.8,400.8,400.8,75,0,11400.0,CE
2018-09-03 10:02:00,397.85,399.0,397.85,398.05,900,0,11400.0,CE
2018-09-03 10:03:00,397.0,397.0,394.55,395.0,225,0,11400.0,CE
2018-09-03 10:06:00,392.0,392.0,392.0,392.0,300,0,11400.0,CE
2018-09-03 10:10:00,395.05,395.05,395.05,395.05,150,0,11400.0,CE
2018-09-03 10:13:00,392.0,392.5,391.75,391.75,600,0,11400.0,CE
2018-09-03 10:15:00,393.0,393.75,393.0,393.75,150,0,11400.0,CE
2018-09-03 10:23:00,394.75,394.75,394.05,394.05,225,0,11400.0,CE
2018-09-03 10:26:00,396.65,398.0,396.65,398.0,225,0,11400.0,CE
2018-09-03 10:27:00,399.05,399.05,397.65,397.65,600,0,11400.0,CE
2018-09-03 10:28:00,394.05,394.05,394.05,394.05,300,0,11400.0,CE
2018-09-03 10:35:00,394.35,394.4,394.35,394.4,300,0,11400.0,CE
2018-09-03 10:36:00,393.4,393.4,393.4,393.4,150,0,11400.0,CE
2018-09-03 10:37:00,391.5,391.5,391.5,391.5,75,0,11400.0,CE
2018-09-03 10:38:00,395.25,395.25,395.25,395.25,150,0,11400.0,CE
2018-09-03 10:42:00,391.8,391.8,391.8,391.8,75,0,11400.0,CE
2018-09-03 10:43:00,392.0,392.0,392.0,392.0,75,0,11400.0,CE
2018-09-03 10:44:00,393.4,393.4,393.4,393.4,75,0,11400.0,CE
2018-09-03 10:45:00,391.35,391.35,391.35,391.35,225,0,11400.0,CE
2018-09-03 10:46:00,391.0,391.0,391.0,391.0,75,0,11400.0,CE
2018-09-03 10:48:00,393.25,394.8,393.25,394.8,225,0,11400.0,CE
2018-09-03 10:51:00,387.8,387.85,387.8,387.85,375,0,11400.0,CE
2018-09-03 10:54:00,388.0,388.45,388.0,388.45,150,0,11400.0,CE
2018-09-03 10:55:00,390.2,390.2,390.2,390.2,75,0,11400.0,CE
2018-09-03 11:00:00,389.0,389.0,389.0,389.0,75,0,11400.0,CE
2018-09-03 11:07:00,390.0,390.0,389.75,389.75,150,0,11400.0,CE
2018-09-03 11:08:00,390.65,390.65,390.65,390.65,75,0,11400.0,CE
2018-09-03 11:09:00,393.75,394.15,393.75,394.15,750,0,11400.0,CE
2018-09-03 11:12:00,395.95,395.95,395.95,395.95,75,0,11400.0,CE
2018-09-03 11:18:00,394.2,394.3,393.0,393.0,225,0,11400.0,CE
2018-09-03 11:20:00,392.6,392.6,392.6,392.6,225,0,11400.0,CE
2018-09-03 11:21:00,392.6,392.6,392.6,392.6,75,0,11400.0,CE
2018-09-03 11:22:00,391.85,392.35,391.85,392.35,300,0,11400.0,CE
2018-09-03 11:25:00,387.0,387.0,387.0,387.0,75,0,11400.0,CE
2018-09-03 11:30:00,385.5,385.5,385.5,385.5,75,0,11400.0,CE
2018-09-03 11:31:00,383.7,383.7,383.0,383.0,375,0,11400.0,CE
2018-09-03 11:33:00,384.2,384.2,384.2,384.2,75,0,11400.0,CE
2018-09-03 11:34:00,381.0,381.0,381.0,381.0,75,0,11400.0,CE
2018-09-03 11:35:00,382.9,383.0,382.9,383.0,300,0,11400.0,CE
2018-09-03 11:37:00,382.05,382.05,380.85,380.85,450,0,11400.0,CE
2018-09-03 11:39:00,384.95,384.95,384.95,384.95,225,0,11400.0,CE
2018-09-03 11:40:00,385.0,385.0,385.0,385.0,75,0,11400.0,CE
2018-09-03 11:41:00,384.1,384.1,384.1,384.1,150,0,11400.0,CE
2018-09-03 11:42:00,384.7,384.7,384.7,384.7,150,0,11400.0,CE
2018-09-03 11:43:00,386.55,386.55,386.55,386.55,75,0,11400.0,CE
2018-09-03 11:44:00,386.05,387.0,386.05,387.0,150,0,11400.0,CE
2018-09-03 11:46:00,385.65,385.65,385.65,385.65,75,0,11400.0,CE
2018-09-03 11:49:00,388.2,388.2,388.2,388.2,75,0,11400.0,CE
2018-09-03 11:53:00,390.0,391.9,390.0,391.9,150,0,11400.0,CE
2018-09-03 11:57:00,392.9,392.9,392.9,392.9,75,0,11400.0,CE
2018-09-03 11:58:00,393.75,393.75,393.75,393.75,75,0,11400.0,CE
2018-09-03 12:00:00,393.75,393.75,393.75,393.75,75,0,11400.0,CE
2018-09-03 12:01:00,396.55,397.2,396.55,397.2,150,0,11400.0,CE
2018-09-03 12:04:00,393.4,393.4,393.4,393.4,75,0,11400.0,CE
2018-09-03 12:05:00,393.15,393.15,393.15,393.15,75,0,11400.0,CE
2018-09-03 12:07:00,393.0,393.0,393.0,393.0,150,0,11400.0,CE
2018-09-03 12:13:00,387.1,387.1,387.1,387.1,300,0,11400.0,CE
2018-09-03 12:25:00,390.0,390.0,390.0,390.0,75,0,11400.0,CE
2018-09-03 12:28:00,388.0,388.0,387.0,387.0,525,0,11400.0,CE
2018-09-03 12:33:00,389.45,389.45,389.45,389.45,375,0,11400.0,CE
2018-09-03 12:36:00,388.0,388.0,388.0,388.0,75,0,11400.0,CE
2018-09-03 12:41:00,386.2,386.2,386.2,386.2,75,0,11400.0,CE
2018-09-03 12:42:00,388.1,388.1,387.95,387.95,225,0,11400.0,CE
2018-09-03 12:43:00,388.15,388.15,388.15,388.15,450,0,11400.0,CE
2018-09-03 12:46:00,388.65,388.65,388.65,388.65,750,0,11400.0,CE
2018-09-03 12:50:00,386.1,386.15,384.0,386.15,750,0,11400.0,CE
2018-09-03 12:51:00,388.95,388.95,385.05,388.35,375,0,11400.0,CE
2018-09-03 12:52:00,388.35,388.35,388.25,388.25,150,0,11400.0,CE
2018-09-03 12:54:00,387.0,387.0,387.0,387.0,150,0,11400.0,CE
2018-09-03 12:56:00,386.0,386.0,381.0,381.0,1350,0,11400.0,CE
2018-09-03 12:57:00,382.0,382.0,382.0,382.0,150,0,11400.0,CE
2018-09-03 12:58:00,383.0,383.0,383.0,383.0,75,0,11400.0,CE
2018-09-03 13:00:00,382.7,382.7,382.7,382.7,75,0,11400.0,CE
2018-09-03 13:01:00,385.7,385.7,385.7,385.7,75,0,11400.0,CE
2018-09-03 13:15:00,379.15,379.45,378.0,378.0,225,0,11400.0,CE
2018-09-03 13:18:00,373.75,374.65,373.65,374.65,750,0,11400.0,CE
2018-09-03 13:20:00,375.5,375.5,375.5,375.5,225,0,11400.0,CE
2018-09-03 13:23:00,375.1,375.1,375.1,375.1,75,0,11400.0,CE
2018-09-03 13:24:00,373.5,373.5,370.5,370.5,225,0,11400.0,CE
2018-09-03 13:25:00,372.9,374.6,371.1,374.6,525,0,11400.0,CE
2018-09-03 13:28:00,378.0,382.5,378.0,382.5,150,0,11400.0,CE
2018-09-03 13:29:00,380.95,380.95,380.95,380.95,225,0,11400.0,CE
2018-09-03 13:31:00,380.95,380.95,380.95,380.95,75,0,11400.0,CE
2018-09-03 13:32:00,383.85,383.85,383.85,383.85,75,0,11400.0,CE
2018-09-03 13:34:00,380.8,380.8,380.8,380.8,75,0,11400.0,CE
2018-09-03 13:41:00,381.3,381.3,381.3,381.3,300,0,11400.0,CE
2018-09-03 13:43:00,380.0,380.0,380.0,380.0,150,0,11400.0,CE
2018-09-03 13:45:00,380.65,380.65,380.65,380.65,150,0,11400.0,CE
2018-09-03 13:51:00,376.9,376.9,376.9,376.9,300,0,11400.0,CE
2018-09-03 13:55:00,373.05,373.05,373.05,373.05,300,0,11400.0,CE
2018-09-03 13:56:00,373.15,373.15,373.15,373.15,300,0,11400.0,CE
2018-09-03 13:59:00,375.4,375.4,374.15,374.15,225,0,11400.0,CE
2018-09-03 14:00:00,372.0,372.0,360.0,360.0,300,0,11400.0,CE
2018-09-03 14:01:00,360.55,363.45,360.0,360.0,300,0,11400.0,CE
2018-09-03 14:02:00,360.95,362.4,360.95,362.0,225,0,11400.0,CE
2018-09-03 14:03:00,358.05,358.05,358.05,358.05,75,0,11400.0,CE
2018-09-03 14:04:00,362.5,362.7,362.05,362.7,225,0,11400.0,CE
2018-09-03 14:05:00,362.05,362.05,353.3,357.0,450,0,11400.0,CE
2018-09-03 14:06:00,356.05,357.5,355.9,357.05,2925,0,11400.0,CE
2018-09-03 14:07:00,360.0,360.0,360.0,360.0,525,0,11400.0,CE
2018-09-03 14:08:00,362.0,362.0,361.9,361.9,150,0,11400.0,CE
2018-09-03 14:09:00,360.85,360.85,360.0,360.0,225,0,11400.0,CE
2018-09-03 14:10:00,361.0,361.0,361.0,361.0,150,0,11400.0,CE
2018-09-03 14:12:00,352.1,352.1,352.1,352.1,75,0,11400.0,CE
2018-09-03 14:13:00,350.5,350.5,350.0,350.0,600,0,11400.0,CE
2018-09-03 14:14:00,349.95,351.0,349.95,351.0,375,0,11400.0,CE
2018-09-03 14:15:00,351.0,352.5,351.0,352.5,675,0,11400.0,CE
2018-09-03 14:21:00,353.85,355.95,353.85,355.95,675,0,11400.0,CE
2018-09-03 14:22:00,353.85,353.85,353.85,353.85,75,0,11400.0,CE
2018-09-03 14:24:00,353.15,353.15,352.2,352.2,150,0,11400.0,CE
2018-09-03 14:29:00,353.0,353.0,353.0,353.0,3000,0,11400.0,CE
2018-09-03 14:30:00,350.0,351.95,350.0,351.95,375,0,11400.0,CE
2018-09-03 14:31:00,349.0,350.75,348.95,350.75,225,0,11400.0,CE
2018-09-03 14:32:00,344.55,344.55,343.0,344.3,5700,0,11400.0,CE
2018-09-03 14:33:00,345.0,345.0,345.0,345.0,1725,0,11400.0,CE
2018-09-03 14:34:00,342.35,344.45,342.25,344.3,975,0,11400.0,CE
2018-09-03 14:35:00,341.95,341.95,339.0,339.3,1575,0,11400.0,CE
2018-09-03 14:36:00,342.0,342.0,340.05,340.05,1275,0,11400.0,CE
2018-09-03 14:37:00,341.95,343.15,341.75,342.5,900,0,11400.0,CE
2018-09-03 14:38:00,343.1,345.2,342.15,345.2,1050,0,11400.0,CE
2018-09-03 14:39:00,347.4,347.4,347.4,347.4,300,0,11400.0,CE
2018-09-03 14:40:00,346.95,347.4,345.8,345.8,225,0,11400.0,CE
2018-09-03 14:41:00,345.65,345.65,344.0,344.0,225,0,11400.0,CE
2018-09-03 14:42:00,343.0,343.0,343.0,343.0,75,0,11400.0,CE
2018-09-03 14:44:00,342.0,342.0,342.0,342.0,75,0,11400.0,CE
2018-09-03 14:45:00,342.0,342.55,340.65,342.55,300,0,11400.0,CE
2018-09-03 14:46:00,342.95,342.95,342.95,342.95,75,0,11400.0,CE
2018-09-03 14:47:00,345.25,346.0,345.25,346.0,3150,0,11400.0,CE
2018-09-03 14:50:00,345.5,345.5,345.5,345.5,150,0,11400.0,CE
2018-09-03 14:51:00,346.25,346.3,346.25,346.3,300,0,11400.0,CE
2018-09-03 14:54:00,341.5,341.5,341.5,341.5,225,0,11400.0,CE
2018-09-03 14:55:00,340.0,340.0,339.0,339.0,150,0,11400.0,CE
2018-09-03 14:56:00,335.9,336.1,329.75,331.55,1350,0,11400.0,CE
2018-09-03 14:57:00,330.8,330.8,323.0,324.1,1575,0,11400.0,CE
2018-09-03 14:58:00,325.0,325.0,320.0,320.0,2025,0,11400.0,CE
2018-09-03 14:59:00,319.6,321.45,319.05,319.05,900,0,11400.0,CE
2018-09-03 15:00:00,316.8,316.8,303.3,306.0,2925,0,11400.0,CE
2018-09-03 15:01:00,309.1,311.25,308.9,310.9,825,0,11400.0,CE
2018-09-03 15:02:00,310.95,310.95,306.85,310.95,1800,0,11400.0,CE
2018-09-03 15:03:00,309.3,309.95,307.0,309.35,375,0,11400.0,CE
2018-09-03 15:04:00,308.0,308.8,304.7,304.7,975,0,11400.0,CE
2018-09-03 15:05:00,305.9,307.0,304.6,304.7,1200,0,11400.0,CE
2018-09-03 15:06:00,301.95,302.35,300.0,302.35,675,0,11400.0,CE
2018-09-03 15:07:00,305.0,306.0,305.0,306.0,225,0,11400.0,CE
2018-09-03 15:08:00,306.1,310.0,306.1,310.0,1650,0,11400.0,CE
2018-09-03 15:09:00,310.0,310.0,303.95,303.95,750,0,11400.0,CE
2018-09-03 15:10:00,306.55,307.85,306.55,306.9,225,0,11400.0,CE
2018-09-03 15:11:00,305.25,305.25,305.25,305.25,150,0,11400.0,CE
2018-09-03 15:12:00,301.2,301.2,297.55,299.0,2475,0,11400.0,CE
2018-09-03 15:13:00,298.5,301.4,298.5,301.4,375,0,11400.0,CE
2018-09-03 15:14:00,301.05,304.05,301.05,304.0,525,0,11400.0,CE
2018-09-03 15:15:00,302.6,304.3,300.2,300.2,825,0,11400.0,CE
2018-09-03 15:17:00,300.6,300.6,299.35,299.35,225,0,11400.0,CE
2018-09-03 15:18:00,297.55,298.4,297.55,298.4,150,0,11400.0,CE
2018-09-03 15:19:00,298.25,298.25,294.0,295.25,5775,0,11400.0,CE
2018-09-03 15:20:00,295.0,295.0,293.5,294.05,975,0,11400.0,CE
2018-09-03 15:21:00,295.5,295.5,291.5,291.8,3825,0,11400.0,CE
2018-09-03 15:22:00,292.0,294.95,292.0,294.95,375,0,11400.0,CE
2018-09-03 15:23:00,294.0,294.0,292.0,292.0,4500,0,11400.0,CE
2018-09-03 15:24:00,292.0,292.65,291.05,292.0,1575,0,11400.0,CE
2018-09-03 15:25:00,290.5,290.5,289.4,290.25,900,0,11400.0,CE
2018-09-03 15:26:00,292.0,295.35,292.0,295.35,3525,0,11400.0,CE
2018-09-03 15:27:00,295.9,296.35,294.4,296.05,3000,0,11400.0,CE
2018-09-03 15:28:00,292.5,292.5,289.0,289.0,1875,0,11400.0,CE
2018-09-03 15:29:00,289.0,290.5,288.45,290.5,1125,0,11400.0,CE
2018-09-03 15:30:00,289.0,298.2,288.45,298.2,0,0,11400.0,CE
2018-09-04 09:15:00,294.15,299.15,293.4,295.0,1875,0,11400.0,CE
2018-09-04 09:16:00,294.65,294.65,288.1,288.15,2550,0,11400.0,CE
2018-09-04 09:17:00,286.8,286.8,279.0,281.5,3225,0,11400.0,CE
2018-09-04 09:18:00,281.5,283.6,277.85,281.9,1125,0,11400.0,CE
2018-09-04 09:19:00,276.7,282.0,276.0,282.0,1875,0,11400.0,CE
2018-09-04 09:20:00,284.0,288.0,284.0,288.0,1350,0,11400.0,CE
2018-09-04 09:21:00,288.05,290.0,287.5,288.05,2325,0,11400.0,CE
2018-09-04 09:22:00,288.25,291.9,287.9,291.9,1050,0,11400.0,CE
2018-09-04 09:23:00,291.45,292.0,290.0,292.0,300,0,11400.0,CE
2018-09-04 09:24:00,289.05,292.1,289.05,292.1,225,0,11400.0,CE
2018-09-04 09:25:00,295.0,295.95,295.0,295.45,2550,0,11400.0,CE
2018-09-04 09:26:00,293.5,293.5,285.0,285.0,1875,0,11400.0,CE
2018-09-04 09:27:00,281.0,281.0,276.0,276.0,825,0,11400.0,CE
2018-09-04 09:28:00,275.05,276.6,274.0,275.4,900,0,11400.0,CE
2018-09-04 09:29:00,271.45,272.5,271.4,272.0,1125,0,11400.0,CE
2018-09-04 09:30:00,274.0,274.0,266.45,266.45,975,0,11400.0,CE
2018-09-04 09:31:00,265.0,265.0,261.4,261.4,825,0,11400.0,CE
2018-09-04 09:32:00,262.4,267.4,262.0,266.95,3825,0,11400.0,CE
2018-09-04 09:33:00,263.45,265.0,262.0,262.0,600,0,11400.0,CE
2018-09-04 09:34:00,265.55,265.55,264.85,265.5,1050,0,11400.0,CE
2018-09-04 09:35:00,265.5,268.5,264.55,264.55,2625,0,11400.0,CE
2018-09-04 09:36:00,263.2,263.2,260.95,260.95,1200,0,11400.0,CE
2018-09-04 09:37:00,258.85,259.95,255.0,255.95,2100,0,11400.0,CE
2018-09-04 09:38:00,256.9,257.5,254.75,257.4,1950,0,11400.0,CE
2018-09-04 09:39:00,256.5,259.15,256.5,259.15,450,0,11400.0,CE
2018-09-04 09:40:00,257.0,261.0,257.0,261.0,1200,0,11400.0,CE
2018-09-04 09:42:00,263.4,265.7,263.4,263.85,3150,0,11400.0,CE
2018-09-04 09:43:00,265.0,265.95,265.0,265.15,300,0,11400.0,CE
2018-09-04 09:44:00,265.0,265.0,265.0,265.0,75,0,11400.0,CE
2018-09-04 09:45:00,265.0,265.0,258.95,258.95,600,0,11400.0,CE
2018-09-04 09:46:00,259.25,259.25,257.0,257.0,450,0,11400.0,CE
2018-09-04 09:47:00,259.45,259.95,258.0,258.0,300,0,11400.0,CE
2018-09-04 09:48:00,262.0,262.0,261.25,261.25,150,0,11400.0,CE
2018-09-04 09:49:00,263.5,265.0,263.5,265.0,1800,0,11400.0,CE
2018-09-04 09:50:00,265.0,265.65,264.9,265.65,975,0,11400.0,CE
2018-09-04 09:51:00,266.95,270.95,266.95,270.95,2850,0,11400.0,CE
2018-09-04 09:52:00,271.35,273.35,271.0,271.0,1425,0,11400.0,CE
2018-09-04 09:53:00,270.65,270.65,269.65,269.65,225,0,11400.0,CE
2018-09-04 09:54:00,268.2,269.0,265.5,268.5,675,0,11400.0,CE
2018-09-04 09:55:00,268.25,268.25,266.65,266.95,450,0,11400.0,CE
2018-09-04 09:56:00,265.5,267.0,264.0,267.0,450,0,11400.0,CE
2018-09-04 09:57:00,270.8,271.5,270.0,271.5,1350,0,11400.0,CE
2018-09-04 09:58:00,271.5,271.5,271.5,271.5,75,0,11400.0,CE
2018-09-04 09:59:00,272.85,272.85,272.6,272.6,450,0,11400.0,CE
2018-09-04 10:00:00,274.0,277.0,273.5,277.0,2625,0,11400.0,CE
2018-09-04 10:01:00,277.35,277.5,273.25,273.25,1725,0,11400.0,CE
2018-09-04 10:02:00,274.1,274.4,274.1,274.4,225,0,11400.0,CE
2018-09-04 10:03:00,274.95,274.95,271.0,271.0,225,0,11400.0,CE
2018-09-04 10:04:00,270.0,270.0,267.35,267.95,225,0,11400.0,CE
2018-09-04 10:05:00,266.5,266.5,266.5,266.5,225,0,11400.0,CE
2018-09-04 10:06:00,264.6,266.0,264.4,265.25,525,0,11400.0,CE
2018-09-04 10:07:00,265.0,269.1,265.0,269.1,450,0,11400.0,CE
2018-09-04 10:08:00,269.0,270.5,269.0,270.5,225,0,11400.0,CE
2018-09-04 10:09:00,270.0,270.0,269.0,269.0,150,0,11400.0,CE
2018-09-04 10:10:00,270.5,270.5,270.5,270.5,150,0,11400.0,CE
2018-09-04 10:11:00,270.4,274.45,270.4,274.45,525,0,11400.0,CE
2018-09-04 10:13:00,275.05,275.05,275.05,275.05,150,0,11400.0,CE
2018-09-04 10:14:00,273.35,273.35,273.35,273.35,300,0,11400.0,CE
2018-09-04 10:15:00,273.95,273.95,273.95,273.95,375,0,11400.0,CE
2018-09-04 10:16:00,276.0,276.0,276.0,276.0,75,0,11400.0,CE
2018-09-04 10:17:00,278.55,280.5,278.55,280.5,3000,0,11400.0,CE
2018-09-04 10:18:00,282.1,284.95,282.1,283.45,2100,0,11400.0,CE
2018-09-04 10:19:00,282.2,282.2,282.1,282.1,1575,0,11400.0,CE
2018-09-04 10:20:00,280.45,282.0,280.45,280.45,825,0,11400.0,CE
2018-09-04 10:21:00,279.1,280.0,279.1,280.0,750,0,11400.0,CE
2018-09-04 10:22:00,280.45,280.45,278.5,278.95,750,0,11400.0,CE
2018-09-04 10:23:00,279.5,279.5,279.5,279.5,75,0,11400.0,CE
2018-09-04 10:24:00,280.0,280.0,280.0,280.0,150,0,11400.0,CE
2018-09-04 10:25:00,280.05,280.05,280.05,280.05,75,0,11400.0,CE
2018-09-04 10:26:00,280.85,280.9,280.85,280.9,225,0,11400.0,CE
2018-09-04 10:27:00,281.0,281.45,278.5,278.5,225,0,11400.0,CE
2018-09-04 10:29:00,279.7,279.95,277.5,277.5,450,0,11400.0,CE
2018-09-04 10:31:00,276.6,276.6,276.6,276.6,75,0,11400.0,CE
2018-09-04 10:32:00,278.05,278.05,277.4,277.4,300,0,11400.0,CE
2018-09-04 10:33:00,280.0,280.0,280.0,280.0,150,0,11400.0,CE
2018-09-04 10:34:00,281.0,281.0,279.8,279.8,150,0,11400.0,CE
2018-09-04 10:35:00,279.0,279.0,278.5,278.5,225,0,11400.0,CE
2018-09-04 10:36:00,275.0,275.0,275.0,275.0,75,0,11400.0,CE
2018-09-04 10:37:00,275.0,275.0,272.65,272.65,300,0,11400.0,CE
2018-09-04 10:38:00,271.9,274.35,271.0,274.35,375,0,11400.0,CE
2018-09-04 10:39:00,271.05,271.75,271.05,271.75,150,0,11400.0,CE
2018-09-04 10:40:00,270.2,270.5,270.2,270.5,300,0,11400.0,CE
2018-09-04 10:41:00,270.0,270.0,270.0,270.0,150,0,11400.0,CE
2018-09-04 10:42:00,271.1,271.1,271.1,271.1,150,0,11400.0,CE
2018-09-04 10:44:00,271.1,271.1,271.1,271.1,75,0,11400.0,CE
2018-09-04 10:45:00,272.0,272.0,272.0,272.0,75,0,11400.0,CE
2018-09-04 10:46:00,270.5,273.4,270.5,273.4,450,0,11400.0,CE
2018-09-04 10:47:00,273.1,274.5,273.1,274.5,225,0,11400.0,CE
2018-09-04 10:48:00,272.0,272.0,272.0,272.0,75,0,11400.0,CE
2018-09-04 10:50:00,277.8,277.8,276.95,276.95,150,0,11400.0,CE
2018-09-04 10:51:00,272.2,273.5,271.0,271.0,300,0,11400.0,CE
2018-09-04 10:52:00,269.15,269.5,269.0,269.5,225,0,11400.0,CE
2018-09-04 10:53:00,268.6,269.3,268.6,269.3,225,0,11400.0,CE
2018-09-04 10:54:00,268.15,268.15,268.1,268.1,1650,0,11400.0,CE
2018-09-04 10:55:00,268.0,268.0,268.0,268.0,150,0,11400.0,CE
2018-09-04 10:56:00,265.4,265.4,262.5,264.0,825,0,11400.0,CE
2018-09-04 10:57:00,265.0,267.3,265.0,267.3,225,0,11400.0,CE
2018-09-04 10:59:00,266.75,266.75,266.75,266.75,75,0,11400.0,CE
2018-09-04 11:00:00,270.05,270.05,270.05,270.05,75,0,11400.0,CE
2018-09-04 11:01:00,270.5,270.5,270.5,270.5,150,0,11400.0,CE
2018-09-04 11:02:00,271.45,271.45,270.0,270.0,375,0,11400.0,CE
2018-09-04 11:03:00,271.75,271.75,271.75,271.75,75,0,11400.0,CE
2018-09-04 11:10:00,275.2,275.2,272.8,272.8,675,0,11400.0,CE
2018-09-04 11:11:00,274.55,274.55,274.55,274.55,75,0,11400.0,CE
2018-09-04 11:12:00,276.2,276.2,276.2,276.2,75,0,11400.0,CE
2018-09-04 11:13:00,278.35,278.35,278.35,278.35,75,0,11400.0,CE
2018-09-04 11:14:00,276.5,276.5,276.5,276.5,750,0,11400.0,CE
2018-09-04 11:15:00,279.5,279.5,279.0,279.0,225,0,11400.0,CE
2018-09-04 11:16:00,274.15,274.15,274.15,274.15,75,0,11400.0,CE
2018-09-04 11:17:00,276.5,276.5,276.5,276.5,150,0,11400.0,CE
2018-09-04 11:18:00,275.85,277.6,275.85,277.6,225,0,11400.0,CE
2018-09-04 11:19:00,279.15,279.15,279.15,279.15,75,0,11400.0,CE
2018-09-04 11:20:00,280.15,280.15,280.15,280.15,75,0,11400.0,CE
2018-09-04 11:22:00,281.15,284.95,281.15,284.35,600,0,11400.0,CE
2018-09-04 11:23:00,288.4,288.4,287.95,287.95,375,0,11400.0,CE
2018-09-04 11:24:00,284.45,284.45,284.45,284.45,225,0,11400.0,CE
2018-09-04 11:25:00,283.0,283.0,280.5,282.25,300,0,11400.0,CE
2018-09-04 11:26:00,282.35,282.35,282.35,282.35,150,0,11400.0,CE
2018-09-04 11:27:00,283.5,283.5,283.5,283.5,75,0,11400.0,CE
2018-09-04 11:28:00,282.0,282.0,281.5,281.5,150,0,11400.0,CE
2018-09-04 11:29:00,279.95,280.0,278.55,280.0,375,0,11400.0,CE
2018-09-04 11:30:00,285.5,285.5,285.5,285.5,75,0,11400.0,CE
2018-09-04 11:31:00,283.15,283.15,283.15,283.15,150,0,11400.0,CE
2018-09-04 11:32:00,285.5,285.5,285.5,285.5,450,0,11400.0,CE
2018-09-04 11:34:00,286.0,286.0,286.0,286.0,450,0,11400.0,CE
2018-09-04 11:35:00,284.0,284.0,283.5,283.5,225,0,11400.0,CE
2018-09-04 11:36:00,282.05,282.05,282.05,282.05,375,0,11400.0,CE
2018-09-04 11:37:00,283.0,283.0,283.0,283.0,150,0,11400.0,CE
2018-09-04 11:40:00,282.1,282.1,281.2,281.5,525,0,11400.0,CE
2018-09-04 11:42:00,281.5,281.5,280.55,280.55,900,0,11400.0,CE
2018-09-04 11:43:00,280.55,280.55,279.75,279.75,375,0,11400.0,CE
2018-09-04 11:44:00,277.55,278.55,277.55,278.45,675,0,11400.0,CE
2018-09-04 11:47:00,278.1,280.55,278.1,280.55,225,0,11400.0,CE
2018-09-04 11:48:00,280.0,280.0,280.0,280.0,75,0,11400.0,CE
2018-09-04 11:49:00,283.05,283.05,283.05,283.05,375,0,11400.0,CE
2018-09-04 11:50:00,282.05,282.05,282.0,282.0,450,0,11400.0,CE
2018-09-04 11:51:00,283.5,283.5,283.5,283.5,150,0,11400.0,CE
2018-09-04 11:52:00,283.6,286.1,283.55,286.1,1275,0,11400.0,CE
2018-09-04 11:53:00,286.15,287.5,285.65,286.0,1875,0,11400.0,CE
2018-09-04 11:54:00,286.0,286.0,286.0,286.0,150,0,11400.0,CE
2018-09-04 11:55:00,284.7,284.7,283.6,283.6,225,0,11400.0,CE
2018-09-04 11:57:00,285.55,285.55,285.55,285.55,75,0,11400.0,CE
2018-09-04 11:58:00,287.9,287.9,287.9,287.9,75,0,11400.0,CE
2018-09-04 11:59:00,288.25,288.25,287.0,287.0,450,0,11400.0,CE
2018-09-04 12:00:00,284.85,284.85,284.85,284.85,75,0,11400.0,CE
2018-09-04 12:01:00,286.8,287.0,286.8,287.0,150,0,11400.0,CE
2018-09-04 12:03:00,286.7,286.7,286.7,286.7,150,0,11400.0,CE
2018-09-04 12:05:00,285.85,285.85,285.85,285.85,225,0,11400.0,CE
2018-09-04 12:06:00,287.0,288.15,287.0,288.0,7575,0,11400.0,CE
2018-09-04 12:07:00,290.7,293.25,290.7,293.25,525,0,11400.0,CE
2018-09-04 12:08:00,292.5,292.5,290.05,290.05,600,0,11400.0,CE
2018-09-04 12:09:00,290.1,292.5,290.1,292.5,450,0,11400.0,CE
2018-09-04 12:10:00,293.9,295.0,292.75,292.75,375,0,11400.0,CE
2018-09-04 12:11:00,292.95,292.95,292.0,292.75,525,0,11400.0,CE
2018-09-04 12:12:00,289.35,289.35,289.35,289.35,375,0,11400.0,CE
2018-09-04 12:13:00,289.05,289.7,287.5,287.5,375,0,11400.0,CE
2018-09-04 12:14:00,288.0,288.95,288.0,288.0,1950,0,11400.0,CE
2018-09-04 12:15:00,289.05,292.2,289.05,291.5,600,0,11400.0,CE
2018-09-04 12:17:00,294.0,294.0,294.0,294.0,150,0,11400.0,CE
2018-09-04 12:19:00,291.95,294.05,291.95,294.05,150,0,11400.0,CE
2018-09-04 12:20:00,295.0,295.0,292.5,293.0,300,0,11400.0,CE
2018-09-04 12:21:00,292.45,292.45,292.45,292.45,75,0,11400.0,CE
2018-09-04 12:22:00,292.45,292.45,292.45,292.45,75,0,11400.0,CE
2018-09-04 12:23:00,293.05,293.05,293.05,293.05,75,0,11400.0,CE
2018-09-04 12:24:00,291.2,291.2,288.0,288.0,2850,0,11400.0,CE
2018-09-04 12:25:00,286.95,286.95,285.5,285.5,1050,0,11400.0,CE
2018-09-04 12:26:00,285.0,288.0,285.0,288.0,300,0,11400.0,CE
2018-09-04 12:27:00,287.0,287.0,287.0,287.0,1200,0,11400.0,CE
2018-09-04 12:28:00,282.6,282.6,282.0,282.0,300,0,11400.0,CE
2018-09-04 12:29:00,285.45,285.45,285.45,285.45,75,0,11400.0,CE
2018-09-04 12:30:00,281.1,281.1,281.1,281.1,75,0,11400.0,CE
2018-09-04 12:31:00,286.1,286.1,286.1,286.1,1500,0,11400.0,CE
2018-09-04 12:32:00,289.0,289.9,289.0,289.1,600,0,11400.0,CE
2018-09-04 12:33:00,285.5,285.5,284.4,284.4,300,0,11400.0,CE
2018-09-04 12:34:00,283.0,283.0,283.0,283.0,75,0,11400.0,CE
2018-09-04 12:35:00,286.55,288.0,286.55,288.0,225,0,11400.0,CE
2018-09-04 12:38:00,290.0,290.0,290.0,290.0,150,0,11400.0,CE
2018-09-04 12:39:00,291.0,295.55,291.0,295.55,1050,0,11400.0,CE
2018-09-04 12:40:00,296.35,296.35,292.5,292.5,150,0,11400.0,CE
2018-09-04 12:41:00,296.55,300.0,296.55,300.0,1500,0,11400.0,CE
2018-09-04 12:42:00,299.6,302.0,299.25,299.25,1275,0,11400.0,CE
2018-09-04 12:43:00,299.0,299.5,298.15,298.2,675,0,11400.0,CE
2018-09-04 12:44:00,299.0,300.0,299.0,299.45,900,0,11400.0,CE
2018-09-04 12:45:00,297.55,301.0,297.55,301.0,2250,0,11400.0,CE
2018-09-04 12:46:00,301.95,301.95,299.4,299.4,675,0,11400.0,CE
2018-09-04 12:47:00,298.5,298.5,298.5,298.5,975,0,11400.0,CE
2018-09-04 12:48:00,295.5,298.2,295.45,296.0,3675,0,11400.0,CE
2018-09-04 12:49:00,296.45,296.45,295.0,295.0,1050,0,11400.0,CE
2018-09-04 12:52:00,300.25,300.55,300.25,300.35,375,0,11400.0,CE
2018-09-04 12:53:00,301.15,301.8,300.1,300.1,525,0,11400.0,CE
2018-09-04 12:54:00,301.2,302.7,301.2,301.9,525,0,11400.0,CE
2018-09-04 12:55:00,301.0,301.0,298.5,298.5,1725,0,11400.0,CE
2018-09-04 12:56:00,297.1,298.8,297.0,297.0,225,0,11400.0,CE
2018-09-04 12:57:00,295.95,295.95,294.55,295.4,450,0,11400.0,CE
2018-09-04 12:58:00,294.95,294.95,294.95,294.95,150,0,11400.0,CE
2018-09-04 12:59:00,298.55,299.0,298.55,299.0,300,0,11400.0,CE
2018-09-04 13:01:00,290.75,290.75,290.75,290.75,75,0,11400.0,CE
2018-09-04 13:02:00,288.0,288.3,288.0,288.3,225,0,11400.0,CE
2018-09-04 13:03:00,285.95,286.25,285.0,285.0,675,0,11400.0,CE
2018-09-04 13:05:00,289.5,289.5,287.5,287.5,375,0,11400.0,CE
2018-09-04 13:06:00,287.0,287.0,287.0,287.0,225,0,11400.0,CE
2018-09-04 13:07:00,284.0,284.0,281.0,281.0,675,0,11400.0,CE
2018-09-04 13:08:00,281.0,281.0,280.55,280.55,300,0,11400.0,CE
2018-09-04 13:09:00,281.0,281.0,280.05,280.05,300,0,11400.0,CE
2018-09-04 13:10:00,281.2,283.5,281.2,283.5,1575,0,11400.0,CE
2018-09-04 13:11:00,285.05,286.0,283.1,283.1,675,0,11400.0,CE
2018-09-04 13:13:00,286.0,286.0,286.0,286.0,300,0,11400.0,CE
2018-09-04 13:14:00,286.0,286.0,286.0,286.0,1500,0,11400.0,CE
2018-09-04 13:15:00,285.0,285.0,280.1,280.1,525,0,11400.0,CE
2018-09-04 13:17:00,281.0,281.0,281.0,281.0,75,0,11400.0,CE
2018-09-04 13:18:00,281.0,281.0,278.0,279.0,750,0,11400.0,CE
2018-09-04 13:20:00,278.0,278.0,278.0,278.0,1350,0,11400.0,CE
2018-09-04 13:21:00,276.0,276.75,274.8,275.1,750,0,11400.0,CE
2018-09-04 13:22:00,271.25,274.0,271.25,274.0,2850,0,11400.0,CE
2018-09-04 13:24:00,272.0,272.0,270.0,270.05,3225,0,11400.0,CE
2018-09-04 13:25:00,270.0,273.05,270.0,273.05,375,0,11400.0,CE
2018-09-04 13:26:00,274.1,274.1,274.1,274.1,75,0,11400.0,CE
2018-09-04 13:27:00,271.1,271.1,270.0,270.0,1575,0,11400.0,CE
2018-09-04 13:28:00,268.5,269.35,268.5,269.35,300,0,11400.0,CE
2018-09-04 13:29:00,268.9,270.0,268.9,270.0,1350,0,11400.0,CE
2018-09-04 13:31:00,268.0,268.0,268.0,268.0,75,0,11400.0,CE
2018-09-04 13:32:00,267.0,267.0,267.0,267.0,450,0,11400.0,CE
2018-09-04 13:33:00,266.45,266.45,264.0,264.0,4650,0,11400.0,CE
2018-09-04 13:34:00,264.0,264.0,261.5,261.5,7875,0,11400.0,CE
2018-09-04 13:35:00,263.0,266.05,263.0,266.05,1275,0,11400.0,CE
2018-09-04 13:36:00,267.0,270.95,267.0,269.5,1350,0,11400.0,CE
2018-09-04 13:37:00,269.8,269.8,269.8,269.8,150,0,11400.0,CE
2018-09-04 13:38:00,268.4,272.3,268.4,272.3,375,0,11400.0,CE
2018-09-04 13:39:00,272.5,273.0,272.25,273.0,600,0,11400.0,CE
2018-09-04 13:41:00,269.2,269.2,269.2,269.2,1500,0,11400.0,CE
2018-09-04 13:42:00,268.55,268.55,268.3,268.3,150,0,11400.0,CE
2018-09-04 13:43:00,268.55,268.55,268.3,268.3,150,0,11400.0,CE
2018-09-04 13:44:00,265.5,265.5,265.5,265.5,450,0,11400.0,CE
2018-09-04 13:45:00,262.5,262.5,258.1,258.1,675,0,11400.0,CE
2018-09-04 13:46:00,256.55,260.0,256.55,258.9,525,0,11400.0,CE
2018-09-04 13:47:00,258.95,258.95,258.95,258.95,75,0,11400.0,CE
2018-09-04 13:48:00,258.25,259.5,255.6,256.65,1950,0,11400.0,CE
2018-09-04 13:49:00,256.85,256.85,251.0,251.0,975,0,11400.0,CE
2018-09-04 13:50:00,251.0,252.5,251.0,252.5,600,0,11400.0,CE
2018-09-04 13:51:00,255.15,255.15,253.05,253.65,375,0,11400.0,CE
2018-09-04 13:52:00,253.0,253.0,250.0,250.0,450,0,11400.0,CE
2018-09-04 13:53:00,250.7,250.7,250.7,250.7,150,0,11400.0,CE
2018-09-04 13:54:00,252.7,255.9,252.6,255.9,1200,0,11400.0,CE
2018-09-04 13:55:00,257.0,257.0,256.1,256.1,225,0,11400.0,CE
2018-09-04 13:56:00,258.05,258.05,256.5,256.5,750,0,11400.0,CE
2018-09-04 13:57:00,254.9,254.9,254.9,254.9,150,0,11400.0,CE
2018-09-04 13:58:00,258.85,259.05,258.85,259.05,375,0,11400.0,CE
2018-09-04 14:00:00,257.65,259.5,257.65,259.5,375,0,11400.0,CE
2018-09-04 14:01:00,259.55,259.55,259.55,259.55,450,0,11400.0,CE
2018-09-04 14:02:00,261.1,263.0,261.1,262.6,375,0,11400.0,CE
2018-09-04 14:03:00,261.5,263.0,261.5,263.0,375,0,11400.0,CE
2018-09-04 14:04:00,265.1,265.1,264.0,264.0,225,0,11400.0,CE
2018-09-04 14:05:00,257.95,257.95,256.45,256.45,525,0,11400.0,CE
2018-09-04 14:06:00,256.45,256.45,255.0,255.0,975,0,11400.0,CE
2018-09-04 14:07:00,253.0,254.0,253.0,253.95,450,0,11400.0,CE
2018-09-04 14:08:00,256.0,256.0,255.7,255.7,300,0,11400.0,CE
2018-09-04 14:10:00,252.0,253.1,251.75,253.1,900,0,11400.0,CE
2018-09-04 14:11:00,253.0,253.45,253.0,253.45,225,0,11400.0,CE
2018-09-04 14:14:00,252.65,252.65,252.65,252.65,75,0,11400.0,CE
2018-09-04 14:16:00,251.0,251.05,251.0,251.0,600,0,11400.0,CE
2018-09-04 14:17:00,248.55,248.55,248.55,248.55,300,0,11400.0,CE
2018-09-04 14:18:00,248.95,249.0,248.95,249.0,150,0,11400.0,CE
2018-09-04 14:19:00,248.0,248.35,246.95,246.95,300,0,11400.0,CE
2018-09-04 14:20:00,246.05,246.05,244.0,245.0,6375,0,11400.0,CE
2018-09-04 14:21:00,247.0,247.0,245.0,245.0,525,0,11400.0,CE
2018-09-04 14:22:00,245.0,245.0,243.0,243.0,225,0,11400.0,CE
2018-09-04 14:23:00,248.0,248.0,247.5,247.5,300,0,11400.0,CE
2018-09-04 14:24:00,249.5,250.05,248.1,248.1,4350,0,11400.0,CE
2018-09-04 14:25:00,246.85,246.85,243.0,243.0,600,0,11400.0,CE
2018-09-04 14:26:00,242.0,243.05,241.6,241.6,825,0,11400.0,CE
2018-09-04 14:27:00,243.55,243.55,239.7,239.7,1425,0,11400.0,CE
2018-09-04 14:28:00,239.5,239.5,236.95,236.95,1200,0,11400.0,CE
2018-09-04 14:29:00,236.7,240.0,236.7,240.0,1575,0,11400.0,CE
2018-09-04 14:30:00,240.6,240.6,237.75,237.75,1650,0,11400.0,CE
2018-09-04 14:31:00,238.35,238.55,235.6,236.2,1125,0,11400.0,CE
2018-09-04 14:32:00,234.5,235.65,233.5,233.9,1425,0,11400.0,CE
2018-09-04 14:33:00,237.45,237.45,237.0,237.0,825,0,11400.0,CE
2018-09-04 14:34:00,233.95,234.95,233.95,234.95,525,0,11400.0,CE
2018-09-04 14:35:00,234.95,234.95,233.05,233.05,1275,0,11400.0,CE
2018-09-04 14:36:00,237.35,241.2,237.25,241.2,4650,0,11400.0,CE
2018-09-04 14:37:00,242.4,246.45,242.4,246.45,1125,0,11400.0,CE
2018-09-04 14:38:00,247.0,251.85,247.0,251.85,2475,0,11400.0,CE
2018-09-04 14:39:00,252.65,253.85,251.2,251.2,1275,0,11400.0,CE
2018-09-04 14:40:00,248.35,248.35,244.9,246.05,1725,0,11400.0,CE
2018-09-04 14:41:00,247.0,250.15,247.0,250.15,525,0,11400.0,CE
2018-09-04 14:42:00,249.8,249.8,249.1,249.1,300,0,11400.0,CE
2018-09-04 14:43:00,251.0,251.0,251.0,251.0,375,0,11400.0,CE
2018-09-04 14:44:00,251.0,251.0,251.0,251.0,750,0,11400.0,CE
2018-09-04 14:45:00,250.6,250.6,247.15,247.15,450,0,11400.0,CE
2018-09-04 14:46:00,248.0,248.0,248.0,248.0,300,0,11400.0,CE
2018-09-04 14:47:00,248.5,250.5,248.5,250.5,375,0,11400.0,CE
2018-09-04 14:48:00,251.2,252.0,251.2,251.7,450,0,11400.0,CE
2018-09-04 14:50:00,249.0,249.0,248.35,248.35,150,0,11400.0,CE
2018-09-04 14:51:00,248.1,248.1,248.1,248.1,75,0,11400.0,CE
2018-09-04 14:52:00,245.7,247.0,242.95,247.0,825,0,11400.0,CE
2018-09-04 14:53:00,243.1,245.85,243.1,245.85,375,0,11400.0,CE
2018-09-04 14:54:00,243.5,243.5,243.5,243.5,75,0,11400.0,CE
2018-09-04 14:55:00,241.9,241.9,241.9,241.9,300,0,11400.0,CE
2018-09-04 14:56:00,244.5,244.5,244.5,244.5,150,0,11400.0,CE
2018-09-04 14:57:00,245.4,245.4,245.4,245.4,75,0,11400.0,CE
2018-09-04 14:58:00,244.9,244.9,244.9,244.9,150,0,11400.0,CE
2018-09-04 15:01:00,245.05,245.65,243.75,245.65,3900,0,11400.0,CE
2018-09-04 15:02:00,246.0,249.8,245.05,246.75,1125,0,11400.0,CE
2018-09-04 15:03:00,246.0,251.9,246.0,251.9,600,0,11400.0,CE
2018-09-04 15:04:00,252.7,253.45,251.95,253.45,1050,0,11400.0,CE
2018-09-04 15:05:00,254.25,254.25,254.25,254.25,150,0,11400.0,CE
2018-09-04 15:06:00,250.4,250.4,250.4,250.4,75,0,11400.0,CE
2018-09-04 15:07:00,248.0,248.0,247.6,247.6,225,0,11400.0,CE
2018-09-04 15:08:00,247.6,247.6,244.75,244.75,150,0,11400.0,CE
2018-09-04 15:09:00,243.4,249.1,243.4,247.0,1125,0,11400.0,CE
2018-09-04 15:10:00,246.75,246.75,245.9,246.0,2100,0,11400.0,CE
2018-09-04 15:11:00,245.45,246.75,245.45,246.75,150,0,11400.0,CE
2018-09-04 15:12:00,245.2,247.0,245.2,246.0,600,0,11400.0,CE
2018-09-04 15:14:00,247.0,247.0,245.45,245.45,225,0,11400.0,CE
2018-09-04 15:15:00,244.5,244.5,243.4,243.95,525,0,11400.0,CE
2018-09-04 15:16:00,243.95,245.0,243.05,245.0,1500,0,11400.0,CE
2018-09-04 15:17:00,244.7,246.75,244.7,246.75,2400,0,11400.0,CE
2018-09-04 15:18:00,247.0,249.35,246.5,248.45,1275,0,11400.0,CE
2018-09-04 15:19:00,250.0,251.4,248.7,248.7,1125,0,11400.0,CE
2018-09-04 15:20:00,248.95,251.0,248.95,250.3,900,0,11400.0,CE
2018-09-04 15:21:00,249.65,249.65,247.6,249.1,375,0,11400.0,CE
2018-09-04 15:22:00,248.7,248.7,247.35,247.35,1425,0,11400.0,CE
2018-09-04 15:23:00,246.9,247.35,245.55,246.7,4725,0,11400.0,CE
2018-09-04 15:24:00,245.5,247.55,245.5,247.45,450,0,11400.0,CE
2018-09-04 15:25:00,246.85,248.0,246.85,248.0,4575,0,11400.0,CE
2018-09-04 15:26:00,248.15,249.0,248.0,248.9,1725,0,11400.0,CE
2018-09-04 15:27:00,248.5,249.7,248.5,249.55,2550,0,11400.0,CE
2018-09-04 15:28:00,249.65,250.9,249.65,250.25,3525,0,11400.0,CE
2018-09-04 15:29:00,251.5,254.0,251.1,252.0,2100,0,11400.0,CE
2018-09-04 15:30:00,251.5,254.0,247.5,247.5,0,0,11400.0,CE
2018-09-05 09:15:00,232.0,243.25,227.7,243.25,5550,0,11400.0,CE
2018-09-05 09:16:00,240.8,240.8,234.15,237.3,8850,0,11400.0,CE
2018-09-05 09:17:00,237.6,250.45,237.6,250.4,5625,0,11400.0,CE
2018-09-05 09:18:00,249.55,251.8,246.15,250.4,5400,0,11400.0,CE
2018-09-05 09:19:00,250.6,250.6,246.65,247.0,10725,0,11400.0,CE
2018-09-05 09:20:00,248.6,248.6,238.75,239.0,2625,0,11400.0,CE
2018-09-05 09:21:00,237.9,237.9,231.75,231.75,2325,0,11400.0,CE
2018-09-05 09:22:00,231.2,233.9,229.0,229.0,3150,0,11400.0,CE
2018-09-05 09:23:00,230.35,235.9,230.0,235.0,3450,0,11400.0,CE
2018-09-05 09:24:00,236.6,236.6,231.15,234.7,3225,0,11400.0,CE
2018-09-05 09:25:00,235.15,238.0,235.15,237.65,1575,0,11400.0,CE
2018-09-05 09:26:00,241.45,241.85,240.15,240.7,1425,0,11400.0,CE
2018-09-05 09:27:00,242.0,242.0,237.85,237.85,2175,0,11400.0,CE
2018-09-05 09:28:00,239.85,242.35,238.2,241.25,1650,0,11400.0,CE
2018-09-05 09:29:00,243.85,246.4,243.85,246.4,1125,0,11400.0,CE
2018-09-05 09:30:00,244.75,248.0,244.0,248.0,600,0,11400.0,CE
2018-09-05 09:31:00,248.2,248.2,246.05,247.95,375,0,11400.0,CE
2018-09-05 09:32:00,248.4,249.5,242.55,242.55,2700,0,11400.0,CE
2018-09-05 09:33:00,241.55,244.5,241.0,241.0,1125,0,11400.0,CE
2018-09-05 09:34:00,244.15,245.4,243.0,245.4,1275,0,11400.0,CE
2018-09-05 09:35:00,243.8,243.8,240.5,240.5,225,0,11400.0,CE
2018-09-05 09:36:00,242.7,243.1,237.8,237.8,900,0,11400.0,CE
2018-09-05 09:37:00,237.3,238.2,235.65,238.0,1425,0,11400.0,CE
2018-09-05 09:38:00,236.95,238.5,236.95,237.65,225,0,11400.0,CE
2018-09-05 09:40:00,241.0,243.8,241.0,243.8,375,0,11400.0,CE
2018-09-05 09:41:00,244.05,244.05,242.35,242.35,1725,0,11400.0,CE
2018-09-05 09:42:00,242.25,244.95,242.25,244.95,2325,0,11400.0,CE
2018-09-05 09:43:00,244.6,246.45,244.25,246.45,750,0,11400.0,CE
2018-09-05 09:44:00,247.5,247.5,244.95,244.95,600,0,11400.0,CE
2018-09-05 09:45:00,245.5,245.5,241.25,241.25,1500,0,11400.0,CE
2018-09-05 09:46:00,239.65,240.45,234.3,234.3,3525,0,11400.0,CE
2018-09-05 09:47:00,234.85,236.15,233.7,233.7,1200,0,11400.0,CE
2018-09-05 09:48:00,232.8,234.5,232.8,234.2,825,0,11400.0,CE
2018-09-05 09:49:00,232.65,235.6,231.3,233.25,1350,0,11400.0,CE
2018-09-05 09:50:00,232.05,232.05,228.0,228.0,4275,0,11400.0,CE
2018-09-05 09:51:00,227.45,227.45,224.15,225.75,2250,0,11400.0,CE
2018-09-05 09:52:00,226.3,230.7,226.3,230.7,825,0,11400.0,CE
2018-09-05 09:53:00,230.0,232.7,230.0,232.4,1050,0,11400.0,CE
2018-09-05 09:54:00,232.75,235.0,232.75,232.9,2100,0,11400.0,CE
2018-09-05 09:55:00,232.15,232.55,227.15,227.15,3975,0,11400.0,CE
2018-09-05 09:56:00,226.0,228.7,225.5,228.7,2625,0,11400.0,CE
2018-09-05 09:57:00,228.75,231.55,228.75,230.4,3825,0,11400.0,CE
2018-09-05 09:58:00,230.15,230.35,228.9,230.35,675,0,11400.0,CE
2018-09-05 09:59:00,227.35,229.0,227.35,229.0,2175,0,11400.0,CE
2018-09-05 10:00:00,229.55,230.5,227.65,227.65,1125,0,11400.0,CE
2018-09-05 10:01:00,226.7,226.7,221.75,222.0,3375,0,11400.0,CE
2018-09-05 10:02:00,222.15,222.85,222.15,222.85,150,0,11400.0,CE
2018-09-05 10:03:00,225.5,226.05,225.5,226.05,900,0,11400.0,CE
2018-09-05 10:04:00,226.8,226.8,224.45,224.6,1800,0,11400.0,CE
2018-09-05 10:05:00,224.55,224.55,221.95,221.95,525,0,11400.0,CE
2018-09-05 10:06:00,221.5,223.05,220.5,223.05,4125,0,11400.0,CE
2018-09-05 10:07:00,224.0,227.35,224.0,224.8,1350,0,11400.0,CE
2018-09-05 10:08:00,226.0,227.85,225.95,227.85,4650,0,11400.0,CE
2018-09-05 10:09:00,227.5,230.1,225.75,230.1,2625,0,11400.0,CE
2018-09-05 10:10:00,231.2,235.0,230.45,235.0,3375,0,11400.0,CE
2018-09-05 10:11:00,235.25,235.25,232.4,234.15,1575,0,11400.0,CE
2018-09-05 10:12:00,235.15,237.35,235.0,236.1,2625,0,11400.0,CE
2018-09-05 10:13:00,235.0,235.0,233.1,234.45,750,0,11400.0,CE
2018-09-05 10:14:00,235.0,235.9,235.0,235.9,525,0,11400.0,CE
2018-09-05 10:15:00,232.4,233.75,232.4,233.75,300,0,11400.0,CE
2018-09-05 10:16:00,233.1,234.0,232.35,232.35,975,0,11400.0,CE
2018-09-05 10:17:00,232.65,233.7,231.95,232.95,1050,0,11400.0,CE
2018-09-05 10:18:00,231.35,232.5,231.35,232.5,225,0,11400.0,CE
2018-09-05 10:19:00,232.2,232.2,231.15,232.05,750,0,11400.0,CE
2018-09-05 10:20:00,231.85,232.0,231.85,232.0,375,0,11400.0,CE
2018-09-05 10:21:00,232.15,232.15,231.45,231.45,750,0,11400.0,CE
2018-09-05 10:22:00,233.0,235.0,233.0,235.0,2700,0,11400.0,CE
2018-09-05 10:23:00,235.8,235.8,234.15,234.15,150,0,11400.0,CE
2018-09-05 10:24:00,235.0,235.0,231.75,231.75,375,0,11400.0,CE
2018-09-05 10:25:00,233.1,233.1,231.1,231.35,675,0,11400.0,CE
2018-09-05 10:26:00,233.05,235.0,233.05,233.45,975,0,11400.0,CE
2018-09-05 10:27:00,233.0,233.0,233.0,233.0,225,0,11400.0,CE
2018-09-05 10:28:00,232.85,232.85,232.85,232.85,225,0,11400.0,CE
2018-09-05 10:29:00,233.25,233.25,232.0,232.0,975,0,11400.0,CE
2018-09-05 10:30:00,231.05,231.05,227.25,228.4,525,0,11400.0,CE
2018-09-05 10:31:00,227.55,229.6,227.55,229.6,450,0,11400.0,CE
2018-09-05 10:32:00,228.0,228.0,228.0,228.0,150,0,11400.0,CE
2018-09-05 10:33:00,225.75,226.0,225.75,226.0,150,0,11400.0,CE
2018-09-05 10:34:00,225.7,225.7,223.45,223.45,1650,0,11400.0,CE
2018-09-05 10:35:00,222.4,223.9,221.0,221.0,2250,0,11400.0,CE
2018-09-05 10:36:00,222.2,223.55,222.2,223.5,2700,0,11400.0,CE
2018-09-05 10:37:00,222.4,223.0,220.15,221.95,2475,0,11400.0,CE
2018-09-05 10:38:00,222.75,223.55,221.65,221.65,1200,0,11400.0,CE
2018-09-05 10:39:00,221.85,222.95,221.85,222.7,1425,0,11400.0,CE
2018-09-05 10:40:00,222.45,226.15,222.45,225.5,2475,0,11400.0,CE
2018-09-05 10:41:00,226.45,226.45,225.2,225.95,1425,0,11400.0,CE
2018-09-05 10:42:00,226.55,227.0,226.15,226.7,525,0,11400.0,CE
2018-09-05 10:43:00,226.25,226.25,223.85,223.85,1725,0,11400.0,CE
2018-09-05 10:44:00,224.5,225.65,224.5,225.5,225,0,11400.0,CE
2018-09-05 10:45:00,224.45,227.0,224.45,227.0,225,0,11400.0,CE
2018-09-05 10:46:00,227.3,227.4,225.7,225.7,1800,0,11400.0,CE
2018-09-05 10:47:00,226.5,229.15,226.5,229.15,2700,0,11400.0,CE
2018-09-05 10:48:00,230.0,232.0,230.0,231.6,1200,0,11400.0,CE
2018-09-05 10:49:00,229.05,229.05,227.5,228.2,1050,0,11400.0,CE
2018-09-05 10:50:00,230.05,231.15,230.05,230.25,825,0,11400.0,CE
2018-09-05 10:51:00,228.25,228.25,228.25,228.25,75,0,11400.0,CE
2018-09-05 10:52:00,228.85,229.05,228.05,228.05,1200,0,11400.0,CE
2018-09-05 10:53:00,227.85,228.35,226.6,228.35,5550,0,11400.0,CE
2018-09-05 10:54:00,227.8,227.8,226.95,226.95,5400,0,11400.0,CE
2018-09-05 10:55:00,227.0,227.0,226.5,226.5,5175,0,11400.0,CE
2018-09-05 10:56:00,225.85,226.4,224.7,224.7,1425,0,11400.0,CE
2018-09-05 10:57:00,224.7,225.7,224.3,224.3,4200,0,11400.0,CE
2018-09-05 10:58:00,223.85,223.85,222.25,222.35,375,0,11400.0,CE
2018-09-05 10:59:00,221.05,221.85,221.05,221.85,1275,0,11400.0,CE
2018-09-05 11:00:00,221.5,221.85,220.9,220.9,1050,0,11400.0,CE
2018-09-05 11:01:00,219.5,219.5,215.0,216.0,4200,0,11400.0,CE
2018-09-05 11:02:00,217.4,219.8,217.4,219.8,375,0,11400.0,CE
2018-09-05 11:03:00,219.55,220.0,219.05,219.9,2100,0,11400.0,CE
2018-09-05 11:04:00,219.45,221.15,219.4,221.15,1650,0,11400.0,CE
2018-09-05 11:05:00,220.0,220.0,218.45,218.45,975,0,11400.0,CE
2018-09-05 11:06:00,220.65,222.5,220.65,222.5,750,0,11400.0,CE
2018-09-05 11:07:00,222.0,222.0,222.0,222.0,75,0,11400.0,CE
2018-09-05 11:08:00,221.55,222.5,221.0,221.0,300,0,11400.0,CE
2018-09-05 11:09:00,220.3,220.3,220.3,220.3,75,0,11400.0,CE
2018-09-05 11:10:00,221.7,222.55,221.7,222.25,525,0,11400.0,CE
2018-09-05 11:11:00,221.45,224.5,221.45,224.05,300,0,11400.0,CE
2018-09-05 11:12:00,222.6,222.6,222.0,222.05,225,0,11400.0,CE
2018-09-05 11:13:00,221.05,223.2,221.05,223.2,375,0,11400.0,CE
2018-09-05 11:14:00,222.6,222.6,221.4,221.4,300,0,11400.0,CE
2018-09-05 11:15:00,219.5,219.5,219.5,219.5,75,0,11400.0,CE
2018-09-05 11:16:00,221.05,221.05,219.45,219.45,675,0,11400.0,CE
2018-09-05 11:17:00,221.2,221.3,221.2,221.3,150,0,11400.0,CE
2018-09-05 11:18:00,220.8,220.8,220.8,220.8,75,0,11400.0,CE
2018-09-05 11:19:00,219.5,220.35,218.85,218.85,450,0,11400.0,CE
2018-09-05 11:20:00,218.4,218.4,216.2,217.35,2325,0,11400.0,CE
2018-09-05 11:21:00,217.2,218.05,217.2,217.85,1275,0,11400.0,CE
2018-09-05 11:22:00,216.6,217.95,216.25,217.95,825,0,11400.0,CE
2018-09-05 11:23:00,217.95,217.95,217.9,217.9,600,0,11400.0,CE
2018-09-05 11:24:00,218.75,218.75,218.5,218.5,225,0,11400.0,CE
2018-09-05 11:26:00,221.55,221.55,220.75,221.15,1350,0,11400.0,CE
2018-09-05 11:27:00,221.5,222.4,221.5,222.4,300,0,11400.0,CE
2018-09-05 11:29:00,220.45,220.45,220.45,220.45,150,0,11400.0,CE
2018-09-05 11:30:00,216.65,216.65,211.35,211.35,1725,0,11400.0,CE
2018-09-05 11:31:00,211.2,212.5,211.0,211.0,2025,0,11400.0,CE
2018-09-05 11:32:00,212.5,212.5,212.0,212.0,525,0,11400.0,CE
2018-09-05 11:33:00,212.75,212.9,211.0,211.0,675,0,11400.0,CE
2018-09-05 11:34:00,211.0,211.0,209.4,210.0,900,0,11400.0,CE
2018-09-05 11:35:00,209.65,210.95,209.35,210.7,1050,0,11400.0,CE
2018-09-05 11:36:00,209.85,209.85,208.95,208.95,525,0,11400.0,CE
2018-09-05 11:37:00,211.15,211.55,210.4,211.1,1050,0,11400.0,CE
2018-09-05 11:38:00,211.0,211.85,210.55,211.85,825,0,11400.0,CE
2018-09-05 11:39:00,212.0,213.55,211.85,213.55,1500,0,11400.0,CE
2018-09-05 11:40:00,213.9,213.9,212.55,212.55,300,0,11400.0,CE
2018-09-05 11:41:00,212.65,213.4,212.65,213.4,300,0,11400.0,CE
2018-09-05 11:42:00,212.45,212.95,212.45,212.5,300,0,11400.0,CE
2018-09-05 11:43:00,213.05,213.05,212.0,212.0,450,0,11400.0,CE
2018-09-05 11:44:00,212.25,213.15,212.05,212.05,1275,0,11400.0,CE
2018-09-05 11:45:00,212.0,213.0,212.0,213.0,2475,0,11400.0,CE
2018-09-05 11:46:00,212.9,214.0,212.2,213.3,2700,0,11400.0,CE
2018-09-05 11:47:00,211.5,211.5,209.9,209.9,2250,0,11400.0,CE
2018-09-05 11:48:00,210.15,210.4,206.0,207.0,1500,0,11400.0,CE
2018-09-05 11:49:00,206.6,208.75,206.6,208.0,1575,0,11400.0,CE
2018-09-05 11:50:00,208.0,208.0,207.0,207.0,300,0,11400.0,CE
2018-09-05 11:51:00,206.2,207.4,206.2,207.0,5250,0,11400.0,CE
2018-09-05 11:52:00,207.8,207.8,205.0,205.0,1575,0,11400.0,CE
2018-09-05 11:53:00,205.55,207.6,205.55,207.6,2325,0,11400.0,CE
2018-09-05 11:54:00,207.3,207.3,205.55,207.15,600,0,11400.0,CE
2018-09-05 11:55:00,207.15,208.8,207.0,208.8,2325,0,11400.0,CE
2018-09-05 11:56:00,207.4,207.4,206.3,207.0,450,0,11400.0,CE
2018-09-05 11:57:00,207.6,207.6,207.0,207.0,675,0,11400.0,CE
2018-09-05 11:58:00,207.0,207.0,206.6,206.6,1200,0,11400.0,CE
2018-09-05 11:59:00,205.95,205.95,204.0,205.3,1500,0,11400.0,CE
2018-09-05 12:00:00,205.25,205.65,204.25,204.25,1050,0,11400.0,CE
2018-09-05 12:01:00,204.15,204.7,203.2,204.0,1575,0,11400.0,CE
2018-09-05 12:02:00,203.0,206.75,203.0,206.75,1800,0,11400.0,CE
2018-09-05 12:03:00,207.0,209.25,207.0,208.0,2325,0,11400.0,CE
2018-09-05 12:04:00,208.3,209.3,208.1,208.1,525,0,11400.0,CE
2018-09-05 12:05:00,209.35,210.0,207.8,210.0,9900,0,11400.0,CE
2018-09-05 12:06:00,209.0,210.05,209.0,209.9,900,0,11400.0,CE
2018-09-05 12:07:00,209.05,209.05,206.8,206.8,3825,0,11400.0,CE
2018-09-05 12:08:00,207.0,207.0,204.4,204.4,4275,0,11400.0,CE
2018-09-05 12:09:00,203.25,203.25,199.85,201.35,14250,0,11400.0,CE
2018-09-05 12:10:00,202.5,202.5,200.0,200.85,3300,0,11400.0,CE
2018-09-05 12:11:00,200.65,200.95,197.55,200.0,4725,0,11400.0,CE
2018-09-05 12:12:00,201.0,201.0,196.65,197.3,3450,0,11400.0,CE
2018-09-05 12:13:00,196.75,198.0,193.85,198.0,11625,0,11400.0,CE
2018-09-05 12:14:00,197.95,199.95,197.75,199.95,4725,0,11400.0,CE
2018-09-05 12:15:00,200.65,200.85,197.2,198.25,2025,0,11400.0,CE
2018-09-05 12:16:00,197.05,197.05,193.75,193.8,1575,0,11400.0,CE
2018-09-05 12:17:00,194.0,197.1,194.0,196.95,1950,0,11400.0,CE
2018-09-05 12:18:00,196.9,198.45,196.9,197.1,2325,0,11400.0,CE
2018-09-05 12:19:00,198.95,200.2,198.0,200.15,2925,0,11400.0,CE
2018-09-05 12:20:00,199.8,200.0,197.75,198.0,6300,0,11400.0,CE
2018-09-05 12:21:00,198.0,198.8,195.05,197.4,2100,0,11400.0,CE
2018-09-05 12:22:00,195.7,196.75,195.7,196.4,525,0,11400.0,CE
2018-09-05 12:23:00,195.8,195.8,191.25,193.0,3900,0,11400.0,CE
2018-09-05 12:24:00,193.0,193.0,190.25,190.85,4575,0,11400.0,CE
2018-09-05 12:25:00,191.05,193.5,190.0,193.5,4950,0,11400.0,CE
2018-09-05 12:26:00,192.0,192.0,190.0,190.2,5175,0,11400.0,CE
2018-09-05 12:27:00,190.15,191.4,189.05,189.05,2325,0,11400.0,CE
2018-09-05 12:28:00,189.5,191.8,189.5,191.25,2325,0,11400.0,CE
2018-09-05 12:29:00,190.65,191.95,189.75,191.95,12450,0,11400.0,CE
2018-09-05 12:30:00,191.15,195.95,191.15,195.95,3225,0,11400.0,CE
2018-09-05 12:31:00,196.25,199.0,196.2,199.0,6075,0,11400.0,CE
2018-09-05 12:32:00,197.6,200.15,197.35,197.35,3300,0,11400.0,CE
2018-09-05 12:33:00,197.95,199.0,197.1,197.75,900,0,11400.0,CE
2018-09-05 12:34:00,195.55,196.0,193.7,193.7,3600,0,11400.0,CE
2018-09-05 12:35:00,193.9,194.3,192.0,193.9,3825,0,11400.0,CE
2018-09-05 12:36:00,195.4,195.4,192.0,192.0,1800,0,11400.0,CE
2018-09-05 12:37:00,191.0,194.3,190.35,192.3,1200,0,11400.0,CE
2018-09-05 12:38:00,193.0,195.0,191.25,191.25,5025,0,11400.0,CE
2018-09-05 12:39:00,191.3,192.4,187.05,188.95,9225,0,11400.0,CE
2018-09-05 12:40:00,189.0,190.3,187.45,187.45,10275,0,11400.0,CE
2018-09-05 12:41:00,187.5,189.4,183.0,184.8,16050,0,11400.0,CE
2018-09-05 12:42:00,185.0,187.75,183.95,186.9,7200,0,11400.0,CE
2018-09-05 12:43:00,188.45,188.45,187.15,188.35,900,0,11400.0,CE
2018-09-05 12:44:00,189.0,190.0,188.65,189.0,3675,0,11400.0,CE
2018-09-05 12:45:00,189.35,190.1,187.7,189.9,2100,0,11400.0,CE
2018-09-05 12:46:00,190.05,190.85,188.7,189.7,2625,0,11400.0,CE
2018-09-05 12:47:00,189.15,189.15,186.85,187.3,2325,0,11400.0,CE
2018-09-05 12:48:00,188.0,188.05,185.1,185.1,3750,0,11400.0,CE
2018-09-05 12:49:00,185.3,185.75,182.15,184.75,8925,0,11400.0,CE
2018-09-05 12:50:00,185.45,185.75,185.0,185.2,4200,0,11400.0,CE
2018-09-05 12:51:00,185.45,186.0,183.45,183.5,1950,0,11400.0,CE
2018-09-05 12:52:00,176.45,177.0,172.0,172.55,27525,0,11400.0,CE
2018-09-05 12:53:00,172.95,173.2,167.1,171.05,19275,0,11400.0,CE
2018-09-05 12:54:00,171.8,174.65,170.5,173.0,6300,0,11400.0,CE
2018-09-05 12:55:00,173.7,175.2,172.25,173.75,5550,0,11400.0,CE
2018-09-05 12:56:00,174.0,175.55,169.8,171.95,9075,0,11400.0,CE
2018-09-05 12:57:00,171.55,174.25,169.55,173.55,5775,0,11400.0,CE
2018-09-05 12:58:00,174.75,175.4,173.6,173.6,9150,0,11400.0,CE
2018-09-05 12:59:00,173.95,174.25,172.6,173.95,2250,0,11400.0,CE
2018-09-05 13:00:00,175.2,175.85,174.0,174.5,12450,0,11400.0,CE
2018-09-05 13:01:00,174.75,179.1,174.75,178.6,5550,0,11400.0,CE
2018-09-05 13:02:00,178.7,180.0,176.5,177.35,6600,0,11400.0,CE
2018-09-05 13:03:00,176.8,179.8,175.75,175.75,1575,0,11400.0,CE
2018-09-05 13:04:00,175.65,180.0,175.65,180.0,4050,0,11400.0,CE
2018-09-05 13:05:00,180.0,183.2,180.0,182.3,3975,0,11400.0,CE
2018-09-05 13:06:00,182.25,186.0,182.25,182.65,5025,0,11400.0,CE
2018-09-05 13:07:00,183.7,185.1,181.6,181.9,3450,0,11400.0,CE
2018-09-05 13:08:00,181.85,185.85,181.6,183.9,7275,0,11400.0,CE
2018-09-05 13:09:00,184.95,186.45,183.8,186.45,4950,0,11400.0,CE
2018-09-05 13:10:00,187.4,187.85,185.75,185.85,2850,0,11400.0,CE
2018-09-05 13:11:00,187.05,189.55,186.3,186.3,9750,0,11400.0,CE
2018-09-05 13:12:00,186.45,187.25,184.7,187.25,4275,0,11400.0,CE
2018-09-05 13:13:00,186.45,189.15,186.25,189.15,3900,0,11400.0,CE
2018-09-05 13:14:00,188.25,188.25,186.35,187.15,6000,0,11400.0,CE
2018-09-05 13:15:00,188.0,190.65,187.75,187.75,5850,0,11400.0,CE
2018-09-05 13:16:00,187.9,190.0,186.8,186.9,9150,0,11400.0,CE
2018-09-05 13:17:00,186.9,186.9,184.2,184.8,2775,0,11400.0,CE
2018-09-05 13:18:00,185.95,186.15,184.0,184.0,4050,0,11400.0,CE
2018-09-05 13:19:00,184.0,187.6,183.8,184.3,5700,0,11400.0,CE
2018-09-05 13:20:00,184.15,184.95,180.15,180.15,13200,0,11400.0,CE
2018-09-05 13:21:00,180.5,182.65,180.1,180.1,2925,0,11400.0,CE
2018-09-05 13:22:00,181.35,182.7,180.2,182.7,1650,0,11400.0,CE
2018-09-05 13:23:00,179.95,182.4,179.45,180.75,4350,0,11400.0,CE
2018-09-05 13:24:00,180.0,183.05,180.0,182.75,2850,0,11400.0,CE
2018-09-05 13:25:00,181.75,182.0,180.0,182.0,5325,0,11400.0,CE
2018-09-05 13:26:00,181.7,183.0,180.4,182.55,2100,0,11400.0,CE
2018-09-05 13:27:00,183.7,185.1,183.0,184.4,1275,0,11400.0,CE
2018-09-05 13:28:00,184.0,186.7,184.0,185.4,3075,0,11400.0,CE
2018-09-05 13:29:00,185.1,187.25,184.5,184.5,2475,0,11400.0,CE
2018-09-05 13:30:00,185.9,187.0,185.2,185.2,2250,0,11400.0,CE
2018-09-05 13:31:00,185.0,185.0,181.9,181.9,3150,0,11400.0,CE
2018-09-05 13:32:00,181.9,182.1,180.6,180.6,825,0,11400.0,CE
2018-09-05 13:33:00,181.25,183.5,179.0,179.9,4350,0,11400.0,CE
2018-09-05 13:34:00,179.7,181.2,178.0,179.1,5700,0,11400.0,CE
2018-09-05 13:35:00,179.85,182.45,179.85,182.2,17100,0,11400.0,CE
2018-09-05 13:36:00,181.0,185.25,181.0,185.25,10275,0,11400.0,CE
2018-09-05 13:37:00,185.65,187.25,184.5,185.25,10800,0,11400.0,CE
2018-09-05 13:38:00,185.25,186.35,184.2,184.35,10050,0,11400.0,CE
2018-09-05 13:39:00,184.75,184.75,178.5,179.8,15450,0,11400.0,CE
2018-09-05 13:40:00,179.3,182.3,179.1,181.45,9825,0,11400.0,CE
2018-09-05 13:41:00,180.45,181.15,176.45,176.85,36375,0,11400.0,CE
2018-09-05 13:42:00,177.25,180.35,177.05,179.25,18975,0,11400.0,CE
2018-09-05 13:43:00,180.65,181.0,176.95,180.05,17850,0,11400.0,CE
2018-09-05 13:44:00,180.0,180.35,176.2,176.2,10425,0,11400.0,CE
2018-09-05 13:45:00,176.0,178.95,176.0,178.15,15150,0,11400.0,CE
2018-09-05 13:46:00,176.0,176.2,173.2,174.2,38625,0,11400.0,CE
2018-09-05 13:47:00,174.7,175.05,173.5,174.4,23025,0,11400.0,CE
2018-09-05 13:48:00,174.05,174.45,169.2,172.5,23325,0,11400.0,CE
2018-09-05 13:49:00,171.85,173.5,171.85,172.05,17550,0,11400.0,CE
2018-09-05 13:50:00,172.8,173.0,170.25,172.35,7050,0,11400.0,CE
2018-09-05 13:51:00,172.4,173.75,171.2,172.0,4725,0,11400.0,CE
2018-09-05 13:52:00,172.0,172.4,169.9,170.2,9000,0,11400.0,CE
2018-09-05 13:53:00,169.5,171.45,169.0,171.0,15225,0,11400.0,CE
2018-09-05 13:54:00,171.5,174.0,171.35,174.0,9000,0,11400.0,CE
2018-09-05 13:55:00,174.0,175.05,173.85,174.65,8475,0,11400.0,CE
2018-09-05 13:56:00,174.05,174.2,172.15,172.15,11925,0,11400.0,CE
2018-09-05 13:57:00,172.65,173.0,171.6,172.4,11025,0,11400.0,CE
2018-09-05 13:58:00,172.0,172.1,170.0,171.9,9675,0,11400.0,CE
2018-09-05 13:59:00,171.9,174.0,171.9,173.7,6150,0,11400.0,CE
2018-09-05 14:00:00,173.75,175.25,172.95,172.95,6000,0,11400.0,CE
2018-09-05 14:01:00,173.7,173.7,171.3,171.3,1725,0,11400.0,CE
2018-09-05 14:02:00,170.35,170.45,164.0,164.0,23475,0,11400.0,CE
2018-09-05 14:03:00,163.75,164.9,160.3,162.35,34725,0,11400.0,CE
2018-09-05 14:04:00,161.6,164.0,161.55,161.55,12150,0,11400.0,CE
2018-09-05 14:05:00,162.1,164.5,162.0,163.0,12300,0,11400.0,CE
2018-09-05 14:06:00,162.95,164.2,162.3,163.6,18225,0,11400.0,CE
2018-09-05 14:07:00,163.75,167.15,163.75,167.15,22800,0,11400.0,CE
2018-09-05 14:08:00,167.95,168.0,164.0,167.45,10800,0,11400.0,CE
2018-09-05 14:09:00,167.25,168.45,166.55,166.55,10200,0,11400.0,CE
2018-09-05 14:10:00,166.15,166.15,164.5,165.45,15975,0,11400.0,CE
2018-09-05 14:11:00,165.55,165.55,161.1,161.9,25425,0,11400.0,CE
2018-09-05 14:12:00,162.4,162.9,161.0,162.55,19350,0,11400.0,CE
2018-09-05 14:13:00,162.4,166.65,162.4,166.0,15975,0,11400.0,CE
2018-09-05 14:14:00,166.35,166.6,162.9,166.0,9975,0,11400.0,CE
2018-09-05 14:15:00,166.35,168.75,165.35,168.75,18225,0,11400.0,CE
2018-09-05 14:16:00,168.65,171.4,168.2,170.9,16800,0,11400.0,CE
2018-09-05 14:17:00,170.0,172.95,168.7,172.1,20025,0,11400.0,CE
2018-09-05 14:18:00,172.0,175.4,171.65,173.9,19950,0,11400.0,CE
2018-09-05 14:19:00,172.95,175.5,172.6,173.25,16275,0,11400.0,CE
2018-09-05 14:20:00,173.4,174.0,171.1,174.0,8175,0,11400.0,CE
2018-09-05 14:21:00,174.05,177.0,174.05,177.0,19125,0,11400.0,CE
2018-09-05 14:22:00,177.3,177.5,174.95,175.25,19350,0,11400.0,CE
2018-09-05 14:23:00,176.5,176.5,174.8,174.8,19500,0,11400.0,CE
2018-09-05 14:24:00,174.25,177.0,173.0,175.75,7575,0,11400.0,CE
2018-09-05 14:25:00,176.65,180.95,176.65,179.9,11175,0,11400.0,CE
2018-09-05 14:26:00,181.15,181.15,178.75,179.4,3600,0,11400.0,CE
2018-09-05 14:27:00,180.25,183.25,180.25,182.2,12450,0,11400.0,CE
2018-09-05 14:28:00,180.65,180.75,178.5,179.0,5175,0,11400.0,CE
2018-09-05 14:29:00,178.0,180.0,176.0,180.0,10800,0,11400.0,CE
2018-09-05 14:30:00,179.6,183.6,178.05,183.4,15750,0,11400.0,CE
2018-09-05 14:31:00,183.5,187.0,183.5,184.95,9675,0,11400.0,CE
2018-09-05 14:32:00,186.0,188.45,185.45,187.35,16125,0,11400.0,CE
2018-09-05 14:33:00,186.95,191.0,186.6,189.5,16800,0,11400.0,CE
2018-09-05 14:34:00,189.05,189.05,186.0,187.95,9975,0,11400.0,CE
2018-09-05 14:35:00,188.25,189.5,187.2,187.45,7650,0,11400.0,CE
2018-09-05 14:36:00,186.95,188.85,185.75,186.55,9675,0,11400.0,CE
2018-09-05 14:37:00,186.95,186.95,181.3,182.3,18150,0,11400.0,CE
2018-09-05 14:38:00,183.95,184.85,181.4,184.2,9000,0,11400.0,CE
2018-09-05 14:39:00,185.0,187.2,183.7,185.65,5700,0,11400.0,CE
2018-09-05 14:40:00,185.05,187.45,184.2,184.2,11100,0,11400.0,CE
2018-09-05 14:41:00,183.9,186.85,183.9,186.2,13050,0,11400.0,CE
2018-09-05 14:42:00,187.0,192.0,185.65,191.0,18300,0,11400.0,CE
2018-09-05 14:43:00,191.45,195.7,191.45,195.0,19575,0,11400.0,CE
2018-09-05 14:44:00,195.05,195.35,190.7,190.85,6075,0,11400.0,CE
2018-09-05 14:45:00,192.8,195.9,192.25,195.35,9525,0,11400.0,CE
2018-09-05 14:46:00,195.55,195.55,192.0,192.0,2475,0,11400.0,CE
2018-09-05 14:47:00,192.35,192.75,189.55,189.55,5625,0,11400.0,CE
2018-09-05 14:48:00,190.1,192.35,190.1,191.2,2325,0,11400.0,CE
2018-09-05 14:49:00,190.05,190.3,189.6,189.6,4725,0,11400.0,CE
2018-09-05 14:50:00,189.2,189.2,186.0,186.35,8100,0,11400.0,CE
2018-09-05 14:51:00,189.0,190.85,188.55,189.9,3225,0,11400.0,CE
2018-09-05 14:52:00,190.95,193.8,190.6,191.05,8925,0,11400.0,CE
2018-09-05 14:53:00,192.55,196.85,192.55,195.0,10575,0,11400.0,CE
2018-09-05 14:54:00,195.0,198.15,195.0,196.25,12525,0,11400.0,CE
2018-09-05 14:55:00,197.95,199.2,196.75,197.9,18525,0,11400.0,CE
2018-09-05 14:56:00,198.25,198.25,194.5,196.5,11100,0,11400.0,CE
2018-09-05 14:57:00,196.6,196.6,189.75,189.75,6375,0,11400.0,CE
2018-09-05 14:58:00,189.2,190.25,186.7,187.15,7650,0,11400.0,CE
2018-09-05 14:59:00,187.8,192.5,187.3,188.35,4125,0,11400.0,CE
2018-09-05 15:00:00,186.3,190.5,186.3,190.5,6075,0,11400.0,CE
2018-09-05 15:01:00,191.0,193.0,189.6,192.45,4125,0,11400.0,CE
2018-09-05 15:02:00,194.7,198.8,193.75,198.8,10275,0,11400.0,CE
2018-09-05 15:03:00,199.25,200.75,198.55,200.3,7575,0,11400.0,CE
2018-09-05 15:04:00,200.4,201.95,198.25,201.95,9450,0,11400.0,CE
2018-09-05 15:05:00,202.0,207.0,201.5,206.0,15900,0,11400.0,CE
2018-09-05 15:06:00,204.8,208.4,204.0,208.4,22350,0,11400.0,CE
2018-09-05 15:07:00,208.4,209.55,205.5,207.0,21750,0,11400.0,CE
2018-09-05 15:08:00,206.0,207.65,202.85,203.75,13050,0,11400.0,CE
2018-09-05 15:09:00,205.55,207.15,203.1,203.55,8250,0,11400.0,CE
2018-09-05 15:10:00,203.3,203.3,198.25,198.7,16725,0,11400.0,CE
2018-09-05 15:11:00,198.0,204.45,197.8,203.45,9825,0,11400.0,CE
2018-09-05 15:12:00,203.2,206.0,203.2,205.9,4125,0,11400.0,CE
2018-09-05 15:13:00,205.5,206.3,204.35,204.8,3675,0,11400.0,CE
2018-09-05 15:14:00,204.1,205.1,200.35,200.35,3525,0,11400.0,CE
2018-09-05 15:15:00,200.95,203.3,200.05,200.75,9150,0,11400.0,CE
2018-09-05 15:16:00,202.1,206.8,202.1,206.25,15000,0,11400.0,CE
2018-09-05 15:17:00,206.85,207.2,203.45,203.45,7125,0,11400.0,CE
2018-09-05 15:18:00,203.2,204.8,202.0,202.75,10800,0,11400.0,CE
2018-09-05 15:19:00,204.35,204.35,198.35,201.35,9375,0,11400.0,CE
2018-09-05 15:20:00,201.55,202.5,200.9,202.5,11175,0,11400.0,CE
2018-09-05 15:21:00,203.8,206.5,203.8,205.95,6975,0,11400.0,CE
2018-09-05 15:22:00,207.0,208.95,206.75,208.0,5250,0,11400.0,CE
2018-09-05 15:23:00,207.9,210.8,207.9,210.5,6675,0,11400.0,CE
2018-09-05 15:24:00,210.2,211.45,209.2,210.35,5850,0,11400.0,CE
2018-09-05 15:25:00,210.5,212.05,207.75,208.25,9825,0,11400.0,CE
2018-09-05 15:26:00,207.95,207.95,204.9,204.9,7125,0,11400.0,CE
2018-09-05 15:27:00,204.3,204.5,200.1,201.45,9525,0,11400.0,CE
2018-09-05 15:28:00,200.15,200.15,197.05,197.05,6450,0,11400.0,CE
2018-09-05 15:29:00,197.7,200.0,195.5,198.85,22875,0,11400.0,CE
2018-09-05 15:30:00,197.7,203.0,195.5,203.0,0,0,11400.0,CE
2018-09-06 09:15:00,211.8,213.8,206.35,208.65,22275,0,11400.0,CE
2018-09-06 09:16:00,208.6,215.35,207.15,214.6,15375,0,11400.0,CE
2018-09-06 09:17:00,215.25,219.45,214.0,218.0,12975,0,11400.0,CE
2018-09-06 09:18:00,219.0,223.4,216.85,220.1,13350,0,11400.0,CE
2018-09-06 09:19:00,220.05,222.5,216.05,217.85,8475,0,11400.0,CE
2018-09-06 09:20:00,217.15,217.95,210.75,210.75,8175,0,11400.0,CE
2018-09-06 09:21:00,213.5,216.05,211.25,214.8,12000,0,11400.0,CE
2018-09-06 09:22:00,215.6,215.6,211.05,212.35,10800,0,11400.0,CE
2018-09-06 09:23:00,214.55,214.55,198.9,201.85,23400,0,11400.0,CE
2018-09-06 09:24:00,201.95,204.05,200.45,203.25,9375,0,11400.0,CE
2018-09-06 09:25:00,203.45,207.3,203.45,206.1,5325,0,11400.0,CE
2018-09-06 09:26:00,205.2,207.8,205.0,207.6,3600,0,11400.0,CE
2018-09-06 09:27:00,207.25,211.7,207.1,209.3,9600,0,11400.0,CE
2018-09-06 09:28:00,210.75,212.75,209.45,212.25,6900,0,11400.0,CE
2018-09-06 09:29:00,212.25,212.25,206.5,206.5,9825,0,11400.0,CE
2018-09-06 09:30:00,206.05,206.5,200.8,205.1,5775,0,11400.0,CE
2018-09-06 09:31:00,203.5,203.55,200.7,200.7,6075,0,11400.0,CE
2018-09-06 09:32:00,200.05,202.55,196.9,202.45,7650,0,11400.0,CE
2018-09-06 09:33:00,201.35,201.35,196.7,197.85,6750,0,11400.0,CE
2018-09-06 09:34:00,198.25,200.4,196.05,198.65,11775,0,11400.0,CE
2018-09-06 09:35:00,198.7,201.2,197.95,201.2,7350,0,11400.0,CE
2018-09-06 09:36:00,201.0,201.7,200.4,201.25,1050,0,11400.0,CE
2018-09-06 09:37:00,202.5,205.55,202.15,203.45,7575,0,11400.0,CE
2018-09-06 09:38:00,204.3,207.25,204.3,206.6,3150,0,11400.0,CE
2018-09-06 09:39:00,206.65,211.95,205.4,211.95,15150,0,11400.0,CE
2018-09-06 09:40:00,212.0,212.65,208.15,208.95,9825,0,11400.0,CE
2018-09-06 09:41:00,208.55,209.6,206.5,209.6,6675,0,11400.0,CE
2018-09-06 09:42:00,210.0,212.5,210.0,212.5,4875,0,11400.0,CE
2018-09-06 09:43:00,212.5,212.5,209.35,211.8,5850,0,11400.0,CE
2018-09-06 09:44:00,212.05,216.5,212.05,215.25,6825,0,11400.0,CE
2018-09-06 09:45:00,215.5,217.15,214.05,215.2,2325,0,11400.0,CE
2018-09-06 09:46:00,215.3,220.5,215.3,220.35,8175,0,11400.0,CE
2018-09-06 09:47:00,221.3,223.5,219.45,222.1,4650,0,11400.0,CE
2018-09-06 09:48:00,221.75,221.75,219.1,219.45,5475,0,11400.0,CE
2018-09-06 09:49:00,219.0,219.0,216.9,218.8,4575,0,11400.0,CE
2018-09-06 09:50:00,218.2,221.25,218.15,219.05,12900,0,11400.0,CE
2018-09-06 09:51:00,219.15,219.9,216.4,218.0,4575,0,11400.0,CE
2018-09-06 09:52:00,218.55,218.55,215.7,216.6,2475,0,11400.0,CE
2018-09-06 09:53:00,216.25,217.65,214.8,217.65,4050,0,11400.0,CE
2018-09-06 09:54:00,216.1,220.9,216.1,220.9,7200,0,11400.0,CE
2018-09-06 09:55:00,222.0,224.2,220.6,223.35,10950,0,11400.0,CE
2018-09-06 09:56:00,223.45,223.45,219.55,221.4,3150,0,11400.0,CE
2018-09-06 09:57:00,220.15,221.9,218.55,221.9,1875,0,11400.0,CE
2018-09-06 09:58:00,222.1,227.5,221.45,225.0,8625,0,11400.0,CE
2018-09-06 09:59:00,225.35,225.35,222.6,225.05,2850,0,11400.0,CE
2018-09-06 10:00:00,224.55,227.1,224.45,227.1,1425,0,11400.0,CE
2018-09-06 10:01:00,226.0,227.55,225.1,225.1,2925,0,11400.0,CE
2018-09-06 10:02:00,226.0,226.85,225.0,225.0,2850,0,11400.0,CE
2018-09-06 10:03:00,225.0,226.55,225.0,226.55,600,0,11400.0,CE
2018-09-06 10:04:00,225.75,225.75,224.0,224.55,1350,0,11400.0,CE
2018-09-06 10:05:00,224.5,224.5,219.5,220.2,12225,0,11400.0,CE
2018-09-06 10:06:00,220.15,220.2,217.4,218.4,3900,0,11400.0,CE
2018-09-06 10:07:00,218.4,219.95,218.4,219.3,2400,0,11400.0,CE
2018-09-06 10:08:00,219.45,219.85,218.0,218.8,3525,0,11400.0,CE
2018-09-06 10:09:00,217.25,217.25,215.15,215.75,2700,0,11400.0,CE
2018-09-06 10:10:00,213.05,214.0,212.95,213.0,4500,0,11400.0,CE
2018-09-06 10:11:00,214.05,215.15,213.45,213.8,375,0,11400.0,CE
2018-09-06 10:12:00,215.3,217.5,214.7,217.5,1425,0,11400.0,CE
2018-09-06 10:13:00,216.55,216.55,214.85,214.85,525,0,11400.0,CE
2018-09-06 10:14:00,213.95,213.95,212.7,213.25,525,0,11400.0,CE
2018-09-06 10:15:00,214.1,214.1,211.8,211.8,825,0,11400.0,CE
2018-09-06 10:16:00,215.35,215.8,214.5,215.8,675,0,11400.0,CE
2018-09-06 10:17:00,215.9,216.0,215.9,216.0,1500,0,11400.0,CE
2018-09-06 10:18:00,215.8,216.45,214.5,216.45,2250,0,11400.0,CE
2018-09-06 10:19:00,216.6,219.9,216.6,219.9,525,0,11400.0,CE
2018-09-06 10:20:00,219.75,220.2,218.5,220.2,225,0,11400.0,CE
2018-09-06 10:21:00,220.2,220.7,218.85,219.5,2100,0,11400.0,CE
2018-09-06 10:22:00,220.9,220.9,219.05,219.35,675,0,11400.0,CE
2018-09-06 10:23:00,219.0,220.8,219.0,220.25,2775,0,11400.0,CE
2018-09-06 10:24:00,220.5,220.7,219.75,220.05,1125,0,11400.0,CE
2018-09-06 10:25:00,220.0,220.1,217.95,220.1,2100,0,11400.0,CE
2018-09-06 10:26:00,220.2,221.0,220.1,220.1,10125,0,11400.0,CE
2018-09-06 10:27:00,221.0,221.25,219.85,221.25,6150,0,11400.0,CE
2018-09-06 10:28:00,220.9,221.55,220.35,221.55,525,0,11400.0,CE
2018-09-06 10:29:00,222.25,222.95,221.65,222.85,2400,0,11400.0,CE
2018-09-06 10:30:00,223.05,223.05,221.15,221.15,2850,0,11400.0,CE
2018-09-06 10:31:00,221.3,221.75,220.7,220.7,2550,0,11400.0,CE
2018-09-06 10:32:00,220.6,221.1,220.35,220.6,2250,0,11400.0,CE
2018-09-06 10:33:00,219.85,222.5,218.95,222.5,3600,0,11400.0,CE
2018-09-06 10:34:00,222.15,222.15,219.7,221.05,2550,0,11400.0,CE
2018-09-06 10:35:00,220.85,220.9,220.45,220.45,300,0,11400.0,CE
2018-09-06 10:36:00,222.0,222.15,219.4,219.4,4125,0,11400.0,CE
2018-09-06 10:37:00,219.85,219.85,215.85,216.65,2325,0,11400.0,CE
2018-09-06 10:38:00,216.4,216.9,214.5,214.5,2025,0,11400.0,CE
2018-09-06 10:39:00,213.05,215.05,213.05,215.05,6150,0,11400.0,CE
2018-09-06 10:40:00,214.05,217.75,214.05,217.45,1575,0,11400.0,CE
2018-09-06 10:41:00,218.85,218.85,217.35,217.35,225,0,11400.0,CE
2018-09-06 10:42:00,217.7,218.05,217.15,217.25,3750,0,11400.0,CE
2018-09-06 10:43:00,218.0,218.2,217.5,217.9,600,0,11400.0,CE
2018-09-06 10:44:00,217.7,218.5,217.7,218.5,825,0,11400.0,CE
2018-09-06 10:45:00,218.2,218.2,217.8,217.95,450,0,11400.0,CE
2018-09-06 10:47:00,216.6,216.6,214.35,214.35,375,0,11400.0,CE
2018-09-06 10:48:00,215.45,217.05,215.45,216.5,2025,0,11400.0,CE
2018-09-06 10:49:00,217.0,217.65,216.85,216.95,2325,0,11400.0,CE
2018-09-06 10:50:00,218.75,220.25,218.75,219.8,2925,0,11400.0,CE
2018-09-06 10:51:00,219.65,219.65,218.6,218.6,1125,0,11400.0,CE
2018-09-06 10:52:00,218.9,218.9,218.8,218.9,450,0,11400.0,CE
2018-09-06 10:53:00,220.4,220.95,220.0,220.95,975,0,11400.0,CE
2018-09-06 10:54:00,220.7,222.0,220.7,222.0,6075,0,11400.0,CE
2018-09-06 10:55:00,222.05,222.45,222.05,222.45,150,0,11400.0,CE
2018-09-06 10:56:00,222.2,222.2,221.1,221.75,750,0,11400.0,CE
2018-09-06 10:57:00,223.0,225.85,222.9,225.85,2325,0,11400.0,CE
2018-09-06 10:58:00,226.05,231.45,225.75,231.05,13650,0,11400.0,CE
2018-09-06 10:59:00,230.45,233.25,229.8,230.15,5175,0,11400.0,CE
2018-09-06 11:00:00,229.35,230.65,227.0,227.0,7875,0,11400.0,CE
2018-09-06 11:01:00,226.8,231.55,226.8,231.55,7875,0,11400.0,CE
2018-09-06 11:02:00,230.8,230.8,228.9,229.7,7200,0,11400.0,CE
2018-09-06 11:03:00,230.75,230.8,228.55,230.7,2625,0,11400.0,CE
2018-09-06 11:04:00,229.8,231.75,229.8,231.25,2775,0,11400.0,CE
2018-09-06 11:05:00,230.4,236.6,230.4,235.55,7050,0,11400.0,CE
2018-09-06 11:06:00,234.15,235.0,232.9,234.95,7200,0,11400.0,CE
2018-09-06 11:07:00,234.5,234.85,232.1,232.35,7050,0,11400.0,CE
2018-09-06 11:08:00,233.3,233.6,232.8,233.6,1500,0,11400.0,CE
2018-09-06 11:09:00,233.95,235.1,233.95,234.95,450,0,11400.0,CE
2018-09-06 11:10:00,235.5,238.4,235.5,237.1,8700,0,11400.0,CE
2018-09-06 11:11:00,236.0,236.0,234.75,235.0,3600,0,11400.0,CE
2018-09-06 11:12:00,233.4,234.45,231.85,231.85,2625,0,11400.0,CE
2018-09-06 11:13:00,233.0,233.0,231.15,231.15,1725,0,11400.0,CE
2018-09-06 11:14:00,231.0,231.55,230.45,231.0,1950,0,11400.0,CE
2018-09-06 11:15:00,229.45,232.1,229.45,232.1,1350,0,11400.0,CE
2018-09-06 11:16:00,231.85,232.25,231.45,231.65,1725,0,11400.0,CE
2018-09-06 11:17:00,231.0,231.0,230.0,230.0,300,0,11400.0,CE
2018-09-06 11:18:00,229.9,231.0,229.65,231.0,1275,0,11400.0,CE
2018-09-06 11:19:00,229.8,230.0,229.8,230.0,675,0,11400.0,CE
2018-09-06 11:20:00,228.5,229.45,227.5,227.5,1425,0,11400.0,CE
2018-09-06 11:21:00,227.85,228.15,226.75,227.75,2175,0,11400.0,CE
2018-09-06 11:22:00,226.85,227.25,223.3,223.3,3825,0,11400.0,CE
2018-09-06 11:23:00,224.75,227.5,224.75,227.5,1275,0,11400.0,CE
2018-09-06 11:24:00,227.65,227.7,225.45,225.45,1200,0,11400.0,CE
2018-09-06 11:25:00,224.8,226.55,224.6,226.5,3450,0,11400.0,CE
2018-09-06 11:26:00,226.95,227.6,226.85,226.85,2625,0,11400.0,CE
2018-09-06 11:27:00,226.75,226.75,224.95,224.95,525,0,11400.0,CE
2018-09-06 11:28:00,224.9,224.9,223.7,223.95,525,0,11400.0,CE
2018-09-06 11:29:00,224.25,224.75,223.55,224.75,1125,0,11400.0,CE
2018-09-06 11:30:00,224.0,224.0,223.05,223.05,3075,0,11400.0,CE
2018-09-06 11:31:00,223.15,224.85,223.05,224.85,1650,0,11400.0,CE
2018-09-06 11:32:00,225.0,226.2,224.65,226.2,1725,0,11400.0,CE
2018-09-06 11:33:00,227.25,227.5,223.45,223.45,750,0,11400.0,CE
2018-09-06 11:34:00,223.0,223.6,222.5,223.6,975,0,11400.0,CE
2018-09-06 11:35:00,222.25,222.25,221.4,222.25,3375,0,11400.0,CE
2018-09-06 11:36:00,221.0,221.9,219.25,219.55,1200,0,11400.0,CE
2018-09-06 11:37:00,218.55,220.0,218.55,218.75,1350,0,11400.0,CE
2018-09-06 11:38:00,217.95,217.95,214.5,214.8,8400,0,11400.0,CE
2018-09-06 11:39:00,214.15,214.4,211.35,212.0,5850,0,11400.0,CE
2018-09-06 11:40:00,212.45,214.4,210.85,214.4,3975,0,11400.0,CE
2018-09-06 11:41:00,213.8,216.9,213.55,216.6,2100,0,11400.0,CE
2018-09-06 11:42:00,216.0,217.5,215.4,215.55,4800,0,11400.0,CE
2018-09-06 11:43:00,214.3,214.3,212.2,212.2,2475,0,11400.0,CE
2018-09-06 11:44:00,212.8,212.8,208.1,209.2,7725,0,11400.0,CE
2018-09-06 11:45:00,208.95,208.95,194.4,199.55,18750,0,11400.0,CE
2018-09-06 11:46:00,200.55,203.0,197.5,202.1,8175,0,11400.0,CE
2018-09-06 11:47:00,202.9,204.55,201.8,203.7,2250,0,11400.0,CE
2018-09-06 11:48:00,203.85,206.6,203.85,206.6,3675,0,11400.0,CE
2018-09-06 11:49:00,206.0,206.0,200.9,201.7,2475,0,11400.0,CE
2018-09-06 11:50:00,201.45,206.0,201.25,205.55,5925,0,11400.0,CE
2018-09-06 11:51:00,204.45,205.65,204.25,205.65,1500,0,11400.0,CE
2018-09-06 11:52:00,206.65,206.65,205.4,205.65,675,0,11400.0,CE
2018-09-06 11:53:00,206.0,209.85,206.0,208.9,1800,0,11400.0,CE
2018-09-06 11:54:00,207.75,207.75,206.0,206.7,900,0,11400.0,CE
2018-09-06 11:55:00,207.45,207.45,204.6,205.15,1425,0,11400.0,CE
2018-09-06 11:56:00,203.25,203.25,202.0,202.05,750,0,11400.0,CE
2018-09-06 11:57:00,202.3,205.55,201.8,205.55,1500,0,11400.0,CE
2018-09-06 11:58:00,205.45,205.85,203.75,205.85,2775,0,11400.0,CE
2018-09-06 11:59:00,205.15,208.6,205.05,207.7,900,0,11400.0,CE
2018-09-06 12:00:00,207.15,212.55,207.15,212.55,1350,0,11400.0,CE
2018-09-06 12:01:00,211.5,211.5,209.85,209.85,975,0,11400.0,CE
2018-09-06 12:02:00,211.0,211.15,210.7,211.15,300,0,11400.0,CE
2018-09-06 12:03:00,208.75,208.95,208.75,208.75,300,0,11400.0,CE
2018-09-06 12:04:00,210.9,212.55,210.9,212.55,900,0,11400.0,CE
2018-09-06 12:05:00,212.4,212.4,209.15,209.15,450,0,11400.0,CE
2018-09-06 12:06:00,209.15,209.15,206.95,206.95,975,0,11400.0,CE
2018-09-06 12:07:00,207.45,208.15,207.45,207.45,450,0,11400.0,CE
2018-09-06 12:08:00,206.5,207.45,205.9,207.45,375,0,11400.0,CE
2018-09-06 12:09:00,206.55,206.55,203.4,204.6,1950,0,11400.0,CE
2018-09-06 12:10:00,204.45,204.45,202.65,204.15,1425,0,11400.0,CE
2018-09-06 12:11:00,205.85,206.6,205.3,205.3,375,0,11400.0,CE
2018-09-06 12:12:00,205.0,205.0,202.5,202.6,600,0,11400.0,CE
2018-09-06 12:13:00,202.75,202.75,201.0,201.95,1650,0,11400.0,CE
2018-09-06 12:14:00,203.55,204.9,203.55,204.9,1425,0,11400.0,CE
2018-09-06 12:15:00,205.0,209.45,204.95,209.45,4425,0,11400.0,CE
2018-09-06 12:16:00,210.35,211.0,207.95,210.0,1725,0,11400.0,CE
2018-09-06 12:17:00,210.1,212.5,210.1,212.3,1125,0,11400.0,CE
2018-09-06 12:18:00,211.3,212.3,210.0,210.4,2550,0,11400.0,CE
2018-09-06 12:19:00,210.0,210.0,210.0,210.0,900,0,11400.0,CE
2018-09-06 12:20:00,210.5,210.5,209.9,210.4,600,0,11400.0,CE
2018-09-06 12:21:00,208.35,208.35,208.0,208.0,225,0,11400.0,CE
2018-09-06 12:22:00,208.55,208.55,208.2,208.45,375,0,11400.0,CE
2018-09-06 12:23:00,210.25,210.25,210.25,210.25,75,0,11400.0,CE
2018-09-06 12:24:00,212.85,213.3,212.85,213.05,975,0,11400.0,CE
2018-09-06 12:25:00,212.55,215.65,212.5,212.5,3225,0,11400.0,CE
2018-09-06 12:26:00,213.75,213.75,213.75,213.75,150,0,11400.0,CE
2018-09-06 12:27:00,210.5,210.6,210.5,210.6,525,0,11400.0,CE
2018-09-06 12:28:00,209.65,210.2,209.5,209.5,750,0,11400.0,CE
2018-09-06 12:29:00,209.95,210.05,209.65,210.05,1275,0,11400.0,CE
2018-09-06 12:30:00,210.75,211.0,209.05,209.8,1350,0,11400.0,CE
2018-09-06 12:31:00,210.3,212.35,209.15,212.35,1500,0,11400.0,CE
2018-09-06 12:32:00,212.15,213.5,212.15,213.2,750,0,11400.0,CE
2018-09-06 12:33:00,210.15,211.7,209.9,211.7,525,0,11400.0,CE
2018-09-06 12:34:00,209.4,209.4,209.0,209.0,150,0,11400.0,CE
2018-09-06 12:35:00,208.5,211.25,207.25,211.2,2850,0,11400.0,CE
2018-09-06 12:36:00,213.0,213.0,209.8,210.5,825,0,11400.0,CE
2018-09-06 12:37:00,210.1,210.1,205.4,205.4,1125,0,11400.0,CE
2018-09-06 12:38:00,205.2,206.0,204.95,204.95,2175,0,11400.0,CE
2018-09-06 12:39:00,204.2,204.2,202.8,202.8,450,0,11400.0,CE
2018-09-06 12:40:00,202.7,203.0,201.2,201.5,3450,0,11400.0,CE
2018-09-06 12:41:00,200.8,202.45,199.35,201.4,3750,0,11400.0,CE
2018-09-06 12:42:00,201.75,201.75,197.3,198.75,4725,0,11400.0,CE
2018-09-06 12:43:00,198.75,198.9,194.25,195.1,7200,0,11400.0,CE
2018-09-06 12:44:00,194.75,194.75,190.0,191.0,17550,0,11400.0,CE
2018-09-06 12:45:00,190.3,190.3,185.2,189.55,19950,0,11400.0,CE
2018-09-06 12:46:00,189.85,192.2,189.7,191.75,10050,0,11400.0,CE
2018-09-06 12:47:00,191.8,192.5,188.15,188.15,3975,0,11400.0,CE
2018-09-06 12:48:00,187.95,188.2,184.35,187.8,7800,0,11400.0,CE
2018-09-06 12:49:00,186.55,187.5,182.35,184.5,9375,0,11400.0,CE
2018-09-06 12:50:00,183.2,185.95,180.3,185.95,7575,0,11400.0,CE
2018-09-06 12:51:00,186.15,190.95,186.0,190.95,6225,0,11400.0,CE
2018-09-06 12:52:00,189.3,194.9,189.3,192.85,7200,0,11400.0,CE
2018-09-06 12:53:00,192.25,194.7,191.55,192.0,7575,0,11400.0,CE
2018-09-06 12:54:00,192.4,192.5,184.15,184.15,4275,0,11400.0,CE
2018-09-06 12:55:00,184.1,184.95,181.25,183.75,7350,0,11400.0,CE
2018-09-06 12:56:00,185.0,186.35,184.7,186.25,3075,0,11400.0,CE
2018-09-06 12:57:00,186.45,186.45,181.7,182.1,4200,0,11400.0,CE
2018-09-06 12:58:00,181.5,182.5,180.05,180.25,4425,0,11400.0,CE
2018-09-06 12:59:00,180.6,182.0,176.75,178.95,5400,0,11400.0,CE
2018-09-06 13:00:00,177.85,181.25,177.85,178.8,9825,0,11400.0,CE
2018-09-06 13:01:00,178.55,180.4,176.05,180.15,7350,0,11400.0,CE
2018-09-06 13:02:00,179.75,183.5,179.75,183.0,8775,0,11400.0,CE
2018-09-06 13:03:00,183.1,186.0,183.0,184.5,8625,0,11400.0,CE
2018-09-06 13:04:00,184.65,186.15,184.65,185.3,2025,0,11400.0,CE
2018-09-06 13:05:00,183.7,185.5,183.7,185.5,3000,0,11400.0,CE
2018-09-06 13:06:00,186.1,188.25,184.1,188.25,2775,0,11400.0,CE
2018-09-06 13:07:00,189.15,191.1,188.55,189.55,4575,0,11400.0,CE
2018-09-06 13:08:00,190.5,191.85,187.85,187.85,2550,0,11400.0,CE
2018-09-06 13:09:00,188.5,190.0,188.4,188.5,3150,0,11400.0,CE
2018-09-06 13:10:00,189.45,190.15,188.4,190.0,6300,0,11400.0,CE
2018-09-06 13:11:00,188.8,192.0,188.8,191.9,4050,0,11400.0,CE
2018-09-06 13:12:00,192.5,194.2,192.5,192.85,2700,0,11400.0,CE
2018-09-06 13:13:00,193.0,193.0,191.15,191.15,2475,0,11400.0,CE
2018-09-06 13:14:00,190.5,193.6,189.7,193.6,2775,0,11400.0,CE
2018-09-06 13:15:00,194.5,196.85,194.5,196.35,5400,0,11400.0,CE
2018-09-06 13:16:00,197.0,200.0,196.0,196.0,6900,0,11400.0,CE
2018-09-06 13:17:00,196.7,196.7,193.05,194.55,1275,0,11400.0,CE
2018-09-06 13:18:00,194.45,196.15,192.55,196.15,3600,0,11400.0,CE
2018-09-06 13:19:00,195.75,198.05,194.95,198.05,8175,0,11400.0,CE
2018-09-06 13:20:00,199.35,200.0,197.6,198.85,2400,0,11400.0,CE
2018-09-06 13:21:00,198.5,198.65,195.45,195.7,4125,0,11400.0,CE
2018-09-06 13:22:00,196.45,196.45,192.0,192.0,2025,0,11400.0,CE
2018-09-06 13:23:00,191.85,196.55,191.85,196.15,1425,0,11400.0,CE
2018-09-06 13:24:00,197.0,198.05,195.15,195.15,3150,0,11400.0,CE
2018-09-06 13:25:00,193.0,193.95,192.0,192.0,3750,0,11400.0,CE
2018-09-06 13:26:00,191.5,196.7,191.5,194.5,2925,0,11400.0,CE
2018-09-06 13:27:00,194.65,194.95,193.05,193.05,2775,0,11400.0,CE
2018-09-06 13:28:00,190.95,192.1,189.75,191.45,1650,0,11400.0,CE
2018-09-06 13:29:00,191.0,194.0,190.25,190.25,2775,0,11400.0,CE
2018-09-06 13:30:00,190.45,191.95,189.6,190.55,3375,0,11400.0,CE
2018-09-06 13:31:00,193.0,193.0,190.0,191.0,2100,0,11400.0,CE
2018-09-06 13:32:00,193.2,194.15,191.0,191.0,1725,0,11400.0,CE
2018-09-06 13:33:00,192.65,194.7,192.35,193.4,900,0,11400.0,CE
2018-09-06 13:34:00,193.1,193.1,190.0,190.0,2475,0,11400.0,CE
2018-09-06 13:35:00,189.4,191.7,189.05,191.15,1800,0,11400.0,CE
2018-09-06 13:36:00,192.95,194.0,192.95,193.1,1425,0,11400.0,CE
2018-09-06 13:37:00,194.95,198.05,194.95,198.05,2625,0,11400.0,CE
2018-09-06 13:38:00,198.4,204.05,198.3,203.5,5700,0,11400.0,CE
2018-09-06 13:39:00,203.8,208.9,203.5,208.9,6300,0,11400.0,CE
2018-09-06 13:40:00,207.95,211.7,206.35,210.0,23475,0,11400.0,CE
2018-09-06 13:41:00,211.4,211.5,208.75,210.4,10950,0,11400.0,CE
2018-09-06 13:42:00,212.0,212.0,208.2,210.0,8475,0,11400.0,CE
2018-09-06 13:43:00,209.85,210.15,207.6,208.3,3750,0,11400.0,CE
2018-09-06 13:44:00,209.0,217.0,209.0,216.75,14775,0,11400.0,CE
2018-09-06 13:45:00,216.85,218.7,216.85,218.55,14700,0,11400.0,CE
2018-09-06 13:46:00,218.95,224.95,218.95,222.75,18375,0,11400.0,CE
2018-09-06 13:47:00,222.05,222.65,217.0,219.0,4875,0,11400.0,CE
2018-09-06 13:48:00,220.45,224.8,219.5,223.4,4725,0,11400.0,CE
2018-09-06 13:49:00,222.15,222.35,218.35,221.7,2250,0,11400.0,CE
2018-09-06 13:50:00,222.2,224.05,220.0,221.9,2550,0,11400.0,CE
2018-09-06 13:51:00,222.0,222.5,216.75,220.35,4350,0,11400.0,CE
2018-09-06 13:52:00,219.65,220.55,218.25,220.55,2175,0,11400.0,CE
2018-09-06 13:53:00,220.9,222.9,219.9,222.8,4725,0,11400.0,CE
2018-09-06 13:54:00,222.95,224.0,220.7,220.7,750,0,11400.0,CE
2018-09-06 13:55:00,221.55,223.5,221.55,222.7,2100,0,11400.0,CE
2018-09-06 13:56:00,223.05,224.15,222.1,222.1,3225,0,11400.0,CE
2018-09-06 13:57:00,221.75,222.35,220.0,220.0,1875,0,11400.0,CE
2018-09-06 13:58:00,220.45,220.45,218.95,219.4,1950,0,11400.0,CE
2018-09-06 13:59:00,218.4,218.55,214.95,214.95,3675,0,11400.0,CE
2018-09-06 14:00:00,214.8,214.8,213.0,214.15,5250,0,11400.0,CE
2018-09-06 14:01:00,213.0,214.45,212.7,212.7,600,0,11400.0,CE
2018-09-06 14:02:00,211.65,215.25,211.65,215.1,2700,0,11400.0,CE
2018-09-06 14:03:00,214.9,216.45,214.9,215.0,2550,0,11400.0,CE
2018-09-06 14:04:00,214.5,214.95,213.5,214.55,1275,0,11400.0,CE
2018-09-06 14:05:00,215.3,219.15,215.3,219.15,825,0,11400.0,CE
2018-09-06 14:06:00,219.6,221.4,219.6,221.0,4800,0,11400.0,CE
2018-09-06 14:07:00,220.65,221.4,220.0,220.0,5100,0,11400.0,CE
2018-09-06 14:08:00,220.5,223.05,220.5,222.7,4350,0,11400.0,CE
2018-09-06 14:09:00,223.35,227.5,223.35,227.0,2400,0,11400.0,CE
2018-09-06 14:10:00,224.2,227.95,224.2,227.95,2700,0,11400.0,CE
2018-09-06 14:11:00,229.0,229.45,225.75,225.75,9450,0,11400.0,CE
2018-09-06 14:12:00,227.0,227.0,225.0,226.6,5400,0,11400.0,CE
2018-09-06 14:13:00,225.7,228.55,225.7,228.55,4350,0,11400.0,CE
2018-09-06 14:14:00,227.55,227.55,225.9,227.0,525,0,11400.0,CE
2018-09-06 14:15:00,228.0,233.35,228.0,233.35,4875,0,11400.0,CE
2018-09-06 14:16:00,232.45,232.85,231.0,231.0,4050,0,11400.0,CE
2018-09-06 14:17:00,232.45,236.0,232.2,232.95,4500,0,11400.0,CE
2018-09-06 14:18:00,232.0,232.0,227.5,230.15,5325,0,11400.0,CE
2018-09-06 14:19:00,231.25,232.0,229.0,229.0,4275,0,11400.0,CE
2018-09-06 14:20:00,227.95,230.35,227.95,228.85,4125,0,11400.0,CE
2018-09-06 14:21:00,227.35,229.0,226.2,227.35,2700,0,11400.0,CE
2018-09-06 14:22:00,229.0,229.95,227.45,227.45,825,0,11400.0,CE
2018-09-06 14:23:00,228.5,230.95,227.7,230.95,2550,0,11400.0,CE
2018-09-06 14:24:00,230.75,233.05,230.75,233.05,975,0,11400.0,CE
2018-09-06 14:25:00,232.9,233.15,231.65,231.65,600,0,11400.0,CE
2018-09-06 14:26:00,232.75,234.95,232.75,233.75,3000,0,11400.0,CE
2018-09-06 14:27:00,234.55,235.0,230.5,232.05,4425,0,11400.0,CE
2018-09-06 14:28:00,232.35,235.05,231.75,235.05,1275,0,11400.0,CE
2018-09-06 14:29:00,235.55,242.85,235.55,242.25,6000,0,11400.0,CE
2018-09-06 14:30:00,242.0,245.5,239.2,242.25,7350,0,11400.0,CE
2018-09-06 14:31:00,242.0,243.2,238.65,238.65,7650,0,11400.0,CE
2018-09-06 14:32:00,238.75,240.95,238.7,240.2,3225,0,11400.0,CE
2018-09-06 14:33:00,240.55,241.65,237.45,241.65,4725,0,11400.0,CE
2018-09-06 14:34:00,241.2,241.2,235.6,235.6,900,0,11400.0,CE
2018-09-06 14:35:00,239.0,239.0,236.25,238.3,1200,0,11400.0,CE
2018-09-06 14:36:00,240.0,242.0,238.8,241.5,4425,0,11400.0,CE
2018-09-06 14:37:00,241.2,241.2,239.75,239.75,1200,0,11400.0,CE
2018-09-06 14:38:00,239.4,244.9,239.4,244.5,2100,0,11400.0,CE
2018-09-06 14:39:00,244.1,245.35,241.4,241.45,4950,0,11400.0,CE
2018-09-06 14:40:00,242.9,244.45,242.9,244.0,2025,0,11400.0,CE
2018-09-06 14:41:00,243.25,244.9,243.0,244.05,1650,0,11400.0,CE
2018-09-06 14:42:00,243.85,243.95,241.8,242.4,1425,0,11400.0,CE
2018-09-06 14:43:00,240.85,245.85,239.8,245.8,3225,0,11400.0,CE
2018-09-06 14:44:00,245.65,248.0,245.65,248.0,1575,0,11400.0,CE
2018-09-06 14:45:00,249.95,251.9,247.55,250.0,7950,0,11400.0,CE
2018-09-06 14:46:00,249.65,255.0,247.8,247.8,6825,0,11400.0,CE
2018-09-06 14:47:00,248.15,248.4,245.1,246.05,3150,0,11400.0,CE
2018-09-06 14:48:00,246.3,250.15,246.05,249.25,1200,0,11400.0,CE
2018-09-06 14:49:00,249.05,249.4,248.7,249.4,450,0,11400.0,CE
2018-09-06 14:50:00,250.7,253.5,250.7,251.3,5325,0,11400.0,CE
2018-09-06 14:51:00,249.7,255.0,249.7,254.7,5775,0,11400.0,CE
2018-09-06 14:52:00,253.5,253.5,250.65,250.65,1125,0,11400.0,CE
2018-09-06 14:53:00,250.85,253.65,250.85,253.4,3000,0,11400.0,CE
2018-09-06 14:54:00,255.0,257.25,255.0,257.25,2850,0,11400.0,CE
2018-09-06 14:55:00,256.95,257.0,256.8,256.8,1050,0,11400.0,CE
2018-09-06 14:56:00,258.0,258.0,251.95,251.95,4875,0,11400.0,CE
2018-09-06 14:57:00,251.65,253.45,248.65,248.65,525,0,11400.0,CE
2018-09-06 14:58:00,248.25,248.95,245.9,248.95,2625,0,11400.0,CE
2018-09-06 14:59:00,252.05,253.35,250.25,250.25,4200,0,11400.0,CE
2018-09-06 15:00:00,249.4,255.2,248.95,252.75,7425,0,11400.0,CE
2018-09-06 15:01:00,253.55,255.5,253.55,253.8,3675,0,11400.0,CE
2018-09-06 15:02:00,254.05,262.5,254.05,260.05,15225,0,11400.0,CE
2018-09-06 15:03:00,260.45,260.45,253.65,253.65,7800,0,11400.0,CE
2018-09-06 15:04:00,254.3,254.3,252.4,252.85,10125,0,11400.0,CE
2018-09-06 15:05:00,254.35,257.1,249.55,249.55,5700,0,11400.0,CE
2018-09-06 15:06:00,251.95,251.95,246.3,246.5,5100,0,11400.0,CE
2018-09-06 15:07:00,246.3,249.45,245.0,248.75,13950,0,11400.0,CE
2018-09-06 15:08:00,249.0,249.25,245.2,245.2,3825,0,11400.0,CE
2018-09-06 15:09:00,246.0,247.25,239.5,239.5,8550,0,11400.0,CE
2018-09-06 15:10:00,240.4,240.55,237.75,238.55,6375,0,11400.0,CE
2018-09-06 15:11:00,239.8,241.65,239.5,240.7,7125,0,11400.0,CE
2018-09-06 15:12:00,239.4,239.4,232.4,233.35,3900,0,11400.0,CE
2018-09-06 15:13:00,235.45,237.2,235.0,236.25,7500,0,11400.0,CE
2018-09-06 15:14:00,235.8,235.8,228.75,229.25,10500,0,11400.0,CE
2018-09-06 15:15:00,231.55,231.7,227.55,227.55,5925,0,11400.0,CE
2018-09-06 15:16:00,228.0,232.6,228.0,232.6,2400,0,11400.0,CE
2018-09-06 15:17:00,232.65,234.75,232.65,233.75,3150,0,11400.0,CE
2018-09-06 15:18:00,233.05,235.45,232.0,232.0,3750,0,11400.0,CE
2018-09-06 15:19:00,231.75,231.75,228.95,229.15,1725,0,11400.0,CE
2018-09-06 15:20:00,229.7,230.4,229.0,229.0,12375,0,11400.0,CE
2018-09-06 15:21:00,228.15,228.85,225.75,226.0,11250,0,11400.0,CE
2018-09-06 15:22:00,226.0,227.95,226.0,227.45,1575,0,11400.0,CE
2018-09-06 15:23:00,226.3,229.0,225.6,225.95,3150,0,11400.0,CE
2018-09-06 15:24:00,225.35,226.7,225.0,226.2,1950,0,11400.0,CE
2018-09-06 15:25:00,227.0,227.0,224.95,224.95,3150,0,11400.0,CE
2018-09-06 15:26:00,224.05,224.35,223.0,223.6,6225,0,11400.0,CE
2018-09-06 15:27:00,224.25,224.8,222.8,223.45,14775,0,11400.0,CE
2018-09-06 15:28:00,223.7,224.9,223.05,223.05,5550,0,11400.0,CE
2018-09-06 15:29:00,223.05,224.9,220.1,220.1,4050,0,11400.0,CE
2018-09-06 15:30:00,223.05,239.0,220.1,239.0,0,0,11400.0,CE
2018-09-07 09:15:00,223.35,227.8,204.3,208.35,35625,0,11400.0,CE
2018-09-07 09:16:00,208.9,212.2,208.05,211.0,12000,0,11400.0,CE
2018-09-07 09:17:00,211.0,216.0,211.0,211.95,19275,0,11400.0,CE
2018-09-07 09:18:00,212.5,220.0,209.5,217.65,9825,0,11400.0,CE
2018-09-07 09:19:00,218.1,222.5,217.95,218.0,4200,0,11400.0,CE
2018-09-07 09:20:00,214.85,214.85,211.0,212.4,7950,0,11400.0,CE
2018-09-07 09:21:00,213.75,219.0,212.15,218.5,1800,0,11400.0,CE
2018-09-07 09:22:00,219.05,220.55,215.35,218.75,5775,0,11400.0,CE
2018-09-07 09:23:00,219.85,219.85,216.5,216.5,1500,0,11400.0,CE
2018-09-07 09:24:00,217.1,217.1,213.0,213.0,1050,0,11400.0,CE
2018-09-07 09:25:00,212.75,218.95,212.75,216.0,2100,0,11400.0,CE
2018-09-07 09:26:00,216.6,219.3,214.8,216.1,3450,0,11400.0,CE
2018-09-07 09:27:00,217.0,218.6,216.0,216.0,1200,0,11400.0,CE
2018-09-07 09:28:00,215.65,215.65,213.85,214.2,525,0,11400.0,CE
2018-09-07 09:29:00,215.7,215.7,212.55,215.65,2400,0,11400.0,CE
2018-09-07 09:30:00,216.0,216.0,211.5,211.5,5475,0,11400.0,CE
2018-09-07 09:31:00,215.05,216.0,215.05,216.0,225,0,11400.0,CE
2018-09-07 09:32:00,217.0,220.0,217.0,219.15,1050,0,11400.0,CE
2018-09-07 09:33:00,218.2,218.2,213.0,213.0,900,0,11400.0,CE
2018-09-07 09:34:00,213.25,214.0,211.6,211.6,5850,0,11400.0,CE
2018-09-07 09:35:00,210.5,213.0,210.5,212.05,5100,0,11400.0,CE
2018-09-07 09:36:00,210.5,212.45,208.5,209.55,5700,0,11400.0,CE
2018-09-07 09:37:00,208.65,210.0,208.0,208.0,2775,0,11400.0,CE
2018-09-07 09:38:00,210.0,211.65,208.5,208.5,5700,0,11400.0,CE
2018-09-07 09:39:00,209.85,209.85,206.05,206.05,3525,0,11400.0,CE
2018-09-07 09:40:00,206.0,206.0,200.0,204.45,26550,0,11400.0,CE
2018-09-07 09:41:00,204.0,207.0,202.0,206.0,8550,0,11400.0,CE
2018-09-07 09:42:00,207.25,209.0,206.05,206.65,15075,0,11400.0,CE
2018-09-07 09:43:00,206.05,207.4,205.85,206.15,2925,0,11400.0,CE
2018-09-07 09:44:00,205.4,210.0,205.4,210.0,6075,0,11400.0,CE
2018-09-07 09:45:00,209.3,212.5,209.3,212.5,1650,0,11400.0,CE
2018-09-07 09:46:00,212.25,214.45,212.25,213.9,1650,0,11400.0,CE
2018-09-07 09:47:00,215.0,215.4,213.65,213.95,1125,0,11400.0,CE
2018-09-07 09:48:00,214.05,216.0,214.05,214.9,1050,0,11400.0,CE
2018-09-07 09:49:00,216.3,219.2,216.3,219.0,1200,0,11400.0,CE
2018-09-07 09:50:00,219.0,222.75,219.0,222.3,3450,0,11400.0,CE
2018-09-07 09:51:00,222.1,222.8,219.0,221.1,3825,0,11400.0,CE
2018-09-07 09:52:00,218.2,220.8,218.2,220.55,3300,0,11400.0,CE
2018-09-07 09:53:00,220.1,222.0,220.05,220.05,900,0,11400.0,CE
2018-09-07 09:54:00,222.0,223.8,222.0,223.0,1650,0,11400.0,CE
2018-09-07 09:55:00,223.45,225.9,223.25,223.25,3000,0,11400.0,CE
2018-09-07 09:56:00,222.4,224.8,219.95,219.95,2775,0,11400.0,CE
2018-09-07 09:57:00,219.4,221.0,218.75,220.15,4500,0,11400.0,CE
2018-09-07 09:58:00,222.2,223.0,219.7,220.2,3300,0,11400.0,CE
2018-09-07 09:59:00,221.0,222.0,219.9,222.0,1800,0,11400.0,CE
2018-09-07 10:00:00,221.75,225.0,220.45,220.45,1650,0,11400.0,CE
2018-09-07 10:01:00,220.85,220.85,215.1,216.35,975,0,11400.0,CE
2018-09-07 10:02:00,216.3,220.0,216.3,219.75,900,0,11400.0,CE
2018-09-07 10:03:00,218.1,218.1,217.0,217.5,375,0,11400.0,CE
2018-09-07 10:04:00,217.5,220.95,217.5,219.35,975,0,11400.0,CE
2018-09-07 10:05:00,218.55,219.05,218.55,219.05,375,0,11400.0,CE
2018-09-07 10:06:00,220.05,223.85,220.05,222.25,3975,0,11400.0,CE
2018-09-07 10:07:00,224.0,226.0,222.05,222.05,3900,0,11400.0,CE
2018-09-07 10:08:00,222.95,222.95,222.95,222.95,300,0,11400.0,CE
2018-09-07 10:09:00,224.1,224.1,223.0,223.0,450,0,11400.0,CE
2018-09-07 10:10:00,224.0,227.0,224.0,227.0,5175,0,11400.0,CE
2018-09-07 10:11:00,226.55,228.95,226.55,227.35,1275,0,11400.0,CE
2018-09-07 10:12:00,226.05,227.0,224.3,227.0,825,0,11400.0,CE
2018-09-07 10:13:00,228.0,228.0,226.35,227.0,1350,0,11400.0,CE
2018-09-07 10:14:00,225.65,226.95,225.05,225.05,1275,0,11400.0,CE
2018-09-07 10:15:00,227.95,228.05,227.05,228.05,300,0,11400.0,CE
2018-09-07 10:16:00,226.7,227.95,225.6,226.0,3075,0,11400.0,CE
2018-09-07 10:17:00,225.45,233.45,225.45,232.8,3225,0,11400.0,CE
2018-09-07 10:18:00,233.65,233.65,231.45,231.95,3600,0,11400.0,CE
2018-09-07 10:19:00,230.95,231.85,230.6,231.25,1500,0,11400.0,CE
2018-09-07 10:20:00,232.85,234.8,232.85,234.0,1950,0,11400.0,CE
2018-09-07 10:21:00,232.0,237.55,231.0,236.9,3525,0,11400.0,CE
2018-09-07 10:22:00,236.0,236.0,232.65,234.05,1350,0,11400.0,CE
2018-09-07 10:23:00,232.5,232.85,229.7,230.5,2025,0,11400.0,CE
2018-09-07 10:24:00,229.1,231.2,229.1,230.0,1800,0,11400.0,CE
2018-09-07 10:25:00,230.1,232.0,230.1,232.0,225,0,11400.0,CE
2018-09-07 10:26:00,231.8,234.05,231.8,233.6,525,0,11400.0,CE
2018-09-07 10:27:00,233.2,233.2,233.2,233.2,150,0,11400.0,CE
2018-09-07 10:28:00,235.0,235.0,233.0,233.0,300,0,11400.0,CE
2018-09-07 10:29:00,231.95,235.15,231.95,234.9,2850,0,11400.0,CE
2018-09-07 10:30:00,234.0,235.55,234.0,235.45,900,0,11400.0,CE
2018-09-07 10:31:00,233.0,233.15,233.0,233.0,600,0,11400.0,CE
2018-09-07 10:32:00,231.0,231.0,229.05,229.05,825,0,11400.0,CE
2018-09-07 10:33:00,229.85,229.85,229.45,229.45,150,0,11400.0,CE
2018-09-07 10:34:00,228.6,236.85,227.7,236.85,3150,0,11400.0,CE
2018-09-07 10:35:00,237.05,244.2,234.5,241.0,6900,0,11400.0,CE
2018-09-07 10:36:00,240.9,245.45,240.0,244.0,10275,0,11400.0,CE
2018-09-07 10:37:00,243.45,249.0,243.45,245.65,2325,0,11400.0,CE
2018-09-07 10:38:00,244.0,247.5,244.0,247.5,3000,0,11400.0,CE
2018-09-07 10:39:00,244.9,251.55,244.9,251.0,4275,0,11400.0,CE
2018-09-07 10:40:00,250.55,254.0,250.5,250.65,1725,0,11400.0,CE
2018-09-07 10:41:00,251.0,251.05,248.0,248.0,5250,0,11400.0,CE
2018-09-07 10:42:00,247.3,252.0,247.3,252.0,5325,0,11400.0,CE
2018-09-07 10:43:00,252.0,252.0,250.0,251.0,5850,0,11400.0,CE
2018-09-07 10:44:00,249.65,251.5,248.15,248.15,1725,0,11400.0,CE
2018-09-07 10:45:00,247.95,247.95,244.1,244.2,3450,0,11400.0,CE
2018-09-07 10:46:00,244.05,246.05,244.05,245.65,2100,0,11400.0,CE
2018-09-07 10:47:00,247.15,247.15,246.25,247.15,300,0,11400.0,CE
2018-09-07 10:48:00,248.75,250.8,248.75,249.1,3150,0,11400.0,CE
2018-09-07 10:49:00,251.0,253.0,251.0,253.0,975,0,11400.0,CE
2018-09-07 10:50:00,253.3,253.3,251.35,251.65,10875,0,11400.0,CE
2018-09-07 10:51:00,251.6,253.0,251.6,252.8,2925,0,11400.0,CE
2018-09-07 10:52:00,253.3,257.2,253.3,254.95,2025,0,11400.0,CE
2018-09-07 10:53:00,254.5,254.5,252.0,252.55,1200,0,11400.0,CE
2018-09-07 10:54:00,253.45,254.0,250.5,250.5,1650,0,11400.0,CE
2018-09-07 10:55:00,250.6,250.6,249.55,249.55,1425,0,11400.0,CE
2018-09-07 10:56:00,251.65,251.65,248.95,248.95,825,0,11400.0,CE
2018-09-07 10:57:00,246.9,246.9,245.0,246.55,1200,0,11400.0,CE
2018-09-07 10:58:00,246.35,250.05,246.35,250.05,750,0,11400.0,CE
2018-09-07 10:59:00,250.7,250.85,249.3,250.2,525,0,11400.0,CE
2018-09-07 11:00:00,249.0,249.85,246.0,249.85,1575,0,11400.0,CE
2018-09-07 11:01:00,250.5,250.5,247.3,247.3,225,0,11400.0,CE
2018-09-07 11:02:00,250.55,252.75,249.55,252.75,525,0,11400.0,CE
2018-09-07 11:03:00,252.7,252.7,249.95,250.15,450,0,11400.0,CE
2018-09-07 11:04:00,249.9,250.05,249.0,249.9,4950,0,11400.0,CE
2018-09-07 11:05:00,249.2,252.0,249.2,252.0,225,0,11400.0,CE
2018-09-07 11:06:00,254.9,256.0,254.4,255.0,5025,0,11400.0,CE
2018-09-07 11:07:00,252.0,252.0,251.35,251.9,375,0,11400.0,CE
2018-09-07 11:08:00,252.1,253.1,251.45,252.25,12375,0,11400.0,CE
2018-09-07 11:09:00,252.15,252.3,250.0,250.0,600,0,11400.0,CE
2018-09-07 11:10:00,250.6,251.0,249.5,250.1,1125,0,11400.0,CE
2018-09-07 11:11:00,251.55,251.55,250.75,250.75,525,0,11400.0,CE
2018-09-07 11:12:00,253.2,254.05,253.05,253.5,825,0,11400.0,CE
2018-09-07 11:13:00,254.9,254.9,252.75,253.15,1275,0,11400.0,CE
2018-09-07 11:14:00,254.15,254.25,251.1,252.05,900,0,11400.0,CE
2018-09-07 11:15:00,251.6,251.6,249.8,250.05,525,0,11400.0,CE
2018-09-07 11:16:00,249.15,249.95,248.55,248.6,1575,0,11400.0,CE
2018-09-07 11:17:00,247.95,247.95,245.95,246.45,525,0,11400.0,CE
2018-09-07 11:18:00,246.45,246.45,244.0,244.95,1575,0,11400.0,CE
2018-09-07 11:19:00,242.1,242.95,240.5,241.5,1350,0,11400.0,CE
2018-09-07 11:20:00,242.0,244.0,242.0,243.15,2925,0,11400.0,CE
2018-09-07 11:21:00,242.35,242.35,240.15,240.15,1650,0,11400.0,CE
2018-09-07 11:22:00,240.85,242.0,240.1,240.5,900,0,11400.0,CE
2018-09-07 11:23:00,241.65,241.7,241.0,241.0,225,0,11400.0,CE
2018-09-07 11:24:00,240.0,240.0,240.0,240.0,375,0,11400.0,CE
2018-09-07 11:25:00,240.25,240.25,238.0,238.8,2550,0,11400.0,CE
2018-09-07 11:26:00,238.5,238.5,235.0,235.2,1275,0,11400.0,CE
2018-09-07 11:27:00,234.0,236.35,233.15,236.35,300,0,11400.0,CE
2018-09-07 11:28:00,235.15,235.15,234.6,234.6,4875,0,11400.0,CE
2018-09-07 11:29:00,236.1,239.0,235.65,239.0,2700,0,11400.0,CE
2018-09-07 11:30:00,237.5,239.6,237.5,239.6,825,0,11400.0,CE
2018-09-07 11:31:00,238.7,239.0,237.5,238.2,675,0,11400.0,CE
2018-09-07 11:32:00,238.45,240.6,238.45,240.6,300,0,11400.0,CE
2018-09-07 11:33:00,242.0,244.0,242.0,243.8,675,0,11400.0,CE
2018-09-07 11:34:00,245.25,247.0,243.5,247.0,1050,0,11400.0,CE
2018-09-07 11:35:00,247.25,247.25,244.65,244.65,450,0,11400.0,CE
2018-09-07 11:36:00,246.0,246.0,244.55,245.1,4650,0,11400.0,CE
2018-09-07 11:37:00,244.1,250.3,244.1,250.3,9225,0,11400.0,CE
2018-09-07 11:38:00,249.5,250.2,249.0,249.0,750,0,11400.0,CE
2018-09-07 11:39:00,249.45,250.05,247.65,248.95,2775,0,11400.0,CE
2018-09-07 11:40:00,248.45,248.8,247.65,248.6,1125,0,11400.0,CE
2018-09-07 11:41:00,248.55,250.35,246.95,250.35,1275,0,11400.0,CE
2018-09-07 11:42:00,249.0,249.0,248.45,248.45,525,0,11400.0,CE
2018-09-07 11:43:00,244.85,246.0,244.7,246.0,5325,0,11400.0,CE
2018-09-07 11:44:00,244.0,245.25,244.0,245.1,225,0,11400.0,CE
2018-09-07 11:45:00,245.25,245.25,245.25,245.25,600,0,11400.0,CE
2018-09-07 11:46:00,246.0,246.0,246.0,246.0,825,0,11400.0,CE
2018-09-07 11:47:00,246.5,249.55,246.5,247.7,5625,0,11400.0,CE
2018-09-07 11:48:00,247.5,250.15,247.5,250.15,375,0,11400.0,CE
2018-09-07 11:49:00,250.45,251.8,250.45,250.95,675,0,11400.0,CE
2018-09-07 11:50:00,251.2,251.2,246.5,246.5,2550,0,11400.0,CE
2018-09-07 11:51:00,246.0,246.0,246.0,246.0,75,0,11400.0,CE
2018-09-07 11:52:00,245.55,247.15,244.15,244.15,1800,0,11400.0,CE
2018-09-07 11:53:00,243.25,243.25,243.25,243.25,75,0,11400.0,CE
2018-09-07 11:54:00,244.05,244.05,244.0,244.0,225,0,11400.0,CE
2018-09-07 11:55:00,244.15,244.15,244.15,244.15,150,0,11400.0,CE
2018-09-07 11:57:00,249.9,250.15,248.35,248.35,675,0,11400.0,CE
2018-09-07 11:58:00,247.6,247.6,247.0,247.0,525,0,11400.0,CE
2018-09-07 11:59:00,246.85,246.95,246.85,246.95,150,0,11400.0,CE
2018-09-07 12:00:00,246.5,246.5,244.0,244.0,675,0,11400.0,CE
2018-09-07 12:01:00,243.3,244.0,243.05,244.0,3525,0,11400.0,CE
2018-09-07 12:02:00,243.5,243.5,240.0,240.0,975,0,11400.0,CE
2018-09-07 12:03:00,240.0,241.4,240.0,240.0,3525,0,11400.0,CE
2018-09-07 12:04:00,238.5,240.0,237.5,239.3,4800,0,11400.0,CE
2018-09-07 12:05:00,237.45,239.5,236.7,239.5,5175,0,11400.0,CE
2018-09-07 12:06:00,240.0,240.95,240.0,240.95,225,0,11400.0,CE
2018-09-07 12:07:00,239.85,239.85,239.85,239.85,75,0,11400.0,CE
2018-09-07 12:08:00,240.45,242.35,240.45,242.35,5025,0,11400.0,CE
2018-09-07 12:09:00,243.0,244.3,242.9,243.0,4950,0,11400.0,CE
2018-09-07 12:10:00,243.05,244.8,243.05,244.3,1875,0,11400.0,CE
2018-09-07 12:11:00,243.4,245.0,243.4,245.0,225,0,11400.0,CE
2018-09-07 12:12:00,241.0,241.0,241.0,241.0,75,0,11400.0,CE
2018-09-07 12:13:00,241.4,243.25,241.4,243.0,225,0,11400.0,CE
2018-09-07 12:14:00,244.15,246.0,244.15,246.0,1050,0,11400.0,CE
2018-09-07 12:15:00,246.0,247.7,245.9,247.7,4875,0,11400.0,CE
2018-09-07 12:16:00,248.45,249.9,246.85,249.9,225,0,11400.0,CE
2018-09-07 12:17:00,250.0,250.0,246.75,247.3,3675,0,11400.0,CE
2018-09-07 12:18:00,245.6,245.6,245.05,245.05,150,0,11400.0,CE
2018-09-07 12:19:00,245.95,245.95,245.0,245.0,150,0,11400.0,CE
2018-09-07 12:20:00,246.9,246.9,246.2,246.2,225,0,11400.0,CE
2018-09-07 12:21:00,244.0,244.0,243.0,243.0,225,0,11400.0,CE
2018-09-07 12:23:00,244.45,245.35,244.45,245.35,150,0,11400.0,CE
2018-09-07 12:24:00,243.25,245.05,243.25,245.05,150,0,11400.0,CE
2018-09-07 12:25:00,243.8,243.8,243.8,243.8,75,0,11400.0,CE
2018-09-07 12:28:00,245.45,245.45,243.4,243.4,300,0,11400.0,CE
2018-09-07 12:29:00,246.0,246.0,246.0,246.0,75,0,11400.0,CE
2018-09-07 12:30:00,245.4,245.4,245.4,245.4,75,0,11400.0,CE
2018-09-07 12:31:00,243.95,243.95,243.95,243.95,75,0,11400.0,CE
2018-09-07 12:32:00,248.0,249.45,246.65,249.45,525,0,11400.0,CE
2018-09-07 12:33:00,249.85,250.0,249.65,250.0,450,0,11400.0,CE
2018-09-07 12:34:00,250.05,250.05,250.05,250.05,150,0,11400.0,CE
2018-09-07 12:35:00,248.05,251.0,248.05,251.0,375,0,11400.0,CE
2018-09-07 12:36:00,250.5,250.5,249.65,249.65,3075,0,11400.0,CE
2018-09-07 12:37:00,248.1,248.1,248.1,248.1,225,0,11400.0,CE
2018-09-07 12:39:00,247.05,247.05,247.05,247.05,75,0,11400.0,CE
2018-09-07 12:40:00,245.0,245.2,245.0,245.2,225,0,11400.0,CE
2018-09-07 12:41:00,242.45,244.25,242.45,244.25,300,0,11400.0,CE
2018-09-07 12:43:00,241.9,241.9,240.6,241.05,450,0,11400.0,CE
2018-09-07 12:44:00,242.65,242.85,242.65,242.85,150,0,11400.0,CE
2018-09-07 12:45:00,245.0,245.5,245.0,245.0,225,0,11400.0,CE
2018-09-07 12:46:00,246.6,246.6,246.6,246.6,75,0,11400.0,CE
2018-09-07 12:48:00,245.0,245.0,245.0,245.0,300,0,11400.0,CE
2018-09-07 12:49:00,246.35,246.35,246.35,246.35,300,0,11400.0,CE
2018-09-07 12:50:00,247.0,247.0,247.0,247.0,75,0,11400.0,CE
2018-09-07 12:51:00,247.15,247.15,247.15,247.15,75,0,11400.0,CE
2018-09-07 12:53:00,244.55,245.0,244.55,245.0,150,0,11400.0,CE
2018-09-07 12:54:00,247.15,247.15,247.15,247.15,75,0,11400.0,CE
2018-09-07 12:56:00,246.5,246.5,245.4,245.4,375,0,11400.0,CE
2018-09-07 12:57:00,245.95,245.95,243.5,243.5,300,0,11400.0,CE
2018-09-07 12:58:00,241.0,241.0,240.4,240.8,4650,0,11400.0,CE
2018-09-07 12:59:00,240.9,240.9,238.0,238.0,4950,0,11400.0,CE
2018-09-07 13:00:00,239.5,241.55,239.5,241.55,750,0,11400.0,CE
2018-09-07 13:01:00,240.0,241.6,240.0,241.6,375,0,11400.0,CE
2018-09-07 13:02:00,242.0,242.0,242.0,242.0,150,0,11400.0,CE
2018-09-07 13:03:00,245.0,245.1,244.95,245.1,300,0,11400.0,CE
2018-09-07 13:04:00,245.65,245.65,243.55,243.55,600,0,11400.0,CE
2018-09-07 13:05:00,244.95,247.0,244.95,247.0,150,0,11400.0,CE
2018-09-07 13:06:00,248.1,248.1,248.1,248.1,75,0,11400.0,CE
2018-09-07 13:07:00,248.0,249.9,248.0,249.9,675,0,11400.0,CE
2018-09-07 13:08:00,250.35,253.0,250.35,253.0,2400,0,11400.0,CE
2018-09-07 13:09:00,254.0,256.9,254.0,256.85,2175,0,11400.0,CE
2018-09-07 13:10:00,256.15,268.0,256.15,265.9,14025,0,11400.0,CE
2018-09-07 13:11:00,266.35,266.75,264.3,266.75,3375,0,11400.0,CE
2018-09-07 13:12:00,266.7,266.7,262.15,262.15,1650,0,11400.0,CE
2018-09-07 13:13:00,263.1,265.0,263.1,264.3,1050,0,11400.0,CE
2018-09-07 13:14:00,264.7,269.2,264.45,264.45,7200,0,11400.0,CE
2018-09-07 13:15:00,264.45,265.05,262.25,262.25,3150,0,11400.0,CE
2018-09-07 13:16:00,260.0,261.25,259.75,260.55,750,0,11400.0,CE
2018-09-07 13:17:00,259.8,259.8,257.8,259.75,600,0,11400.0,CE
2018-09-07 13:18:00,261.3,261.3,260.6,261.3,300,0,11400.0,CE
2018-09-07 13:19:00,260.0,260.0,258.9,258.9,525,0,11400.0,CE
2018-09-07 13:20:00,259.95,261.0,259.95,261.0,2325,0,11400.0,CE
2018-09-07 13:21:00,261.0,264.95,261.0,264.7,4200,0,11400.0,CE
2018-09-07 13:22:00,262.5,262.95,261.0,261.4,1050,0,11400.0,CE
2018-09-07 13:23:00,261.0,261.9,259.0,259.0,4575,0,11400.0,CE
2018-09-07 13:24:00,258.1,258.7,256.1,256.1,6825,0,11400.0,CE
2018-09-07 13:25:00,256.55,257.35,256.5,256.5,1125,0,11400.0,CE
2018-09-07 13:26:00,256.65,256.65,256.1,256.1,1950,0,11400.0,CE
2018-09-07 13:27:00,255.0,255.0,248.5,251.55,3225,0,11400.0,CE
2018-09-07 13:28:00,254.0,254.0,253.25,253.8,5025,0,11400.0,CE
2018-09-07 13:29:00,253.9,254.05,253.9,254.05,225,0,11400.0,CE
2018-09-07 13:30:00,250.95,251.0,250.95,251.0,525,0,11400.0,CE
2018-09-07 13:31:00,248.65,249.6,247.7,247.7,5325,0,11400.0,CE
2018-09-07 13:32:00,250.45,254.0,250.45,253.4,9150,0,11400.0,CE
2018-09-07 13:33:00,253.0,254.0,252.5,252.5,1500,0,11400.0,CE
2018-09-07 13:34:00,253.45,253.45,253.1,253.1,525,0,11400.0,CE
2018-09-07 13:35:00,253.1,254.0,252.45,254.0,675,0,11400.0,CE
2018-09-07 13:36:00,251.6,254.05,251.6,254.05,225,0,11400.0,CE
2018-09-07 13:37:00,252.6,252.6,251.55,251.55,300,0,11400.0,CE
2018-09-07 13:38:00,251.0,251.0,249.6,249.6,1125,0,11400.0,CE
2018-09-07 13:39:00,249.55,249.6,248.0,248.25,1350,0,11400.0,CE
2018-09-07 13:41:00,253.1,257.05,253.1,257.05,2325,0,11400.0,CE
2018-09-07 13:42:00,255.6,255.6,254.5,254.5,450,0,11400.0,CE
2018-09-07 13:43:00,254.4,254.75,254.15,254.15,750,0,11400.0,CE
2018-09-07 13:44:00,254.6,254.6,253.1,253.1,375,0,11400.0,CE
2018-09-07 13:45:00,252.55,253.2,252.4,252.4,975,0,11400.0,CE
2018-09-07 13:46:00,254.8,254.8,253.25,253.4,600,0,11400.0,CE
2018-09-07 13:47:00,252.2,253.05,252.05,252.1,3075,0,11400.0,CE
2018-09-07 13:48:00,252.45,252.85,252.3,252.7,3225,0,11400.0,CE
2018-09-07 13:49:00,255.0,255.0,253.4,253.95,5400,0,11400.0,CE
2018-09-07 13:51:00,248.85,249.0,248.0,249.0,375,0,11400.0,CE
2018-09-07 13:52:00,246.6,246.6,244.05,246.0,900,0,11400.0,CE
2018-09-07 13:53:00,248.1,248.1,248.1,248.1,300,0,11400.0,CE
2018-09-07 13:54:00,250.35,250.85,250.35,250.75,675,0,11400.0,CE
2018-09-07 13:55:00,252.75,252.75,249.5,249.5,525,0,11400.0,CE
2018-09-07 13:56:00,250.75,250.75,250.75,250.75,150,0,11400.0,CE
2018-09-07 13:57:00,250.45,250.45,250.4,250.4,1125,0,11400.0,CE
2018-09-07 13:58:00,250.85,250.85,250.0,250.0,300,0,11400.0,CE
2018-09-07 13:59:00,251.5,251.5,251.5,251.5,75,0,11400.0,CE
2018-09-07 14:00:00,255.25,256.3,255.25,255.25,1350,0,11400.0,CE
2018-09-07 14:01:00,256.0,256.8,253.5,253.5,2025,0,11400.0,CE
2018-09-07 14:02:00,254.05,254.05,254.05,254.05,75,0,11400.0,CE
2018-09-07 14:04:00,253.25,253.25,253.25,253.25,75,0,11400.0,CE
2018-09-07 14:05:00,250.35,250.7,250.35,250.7,150,0,11400.0,CE
2018-09-07 14:06:00,252.6,252.6,252.6,252.6,300,0,11400.0,CE
2018-09-07 14:07:00,252.0,253.1,252.0,252.0,600,0,11400.0,CE
2018-09-07 14:08:00,252.5,252.5,252.5,252.5,150,0,11400.0,CE
2018-09-07 14:09:00,256.65,256.65,256.65,256.65,75,0,11400.0,CE
2018-09-07 14:10:00,257.9,257.9,257.9,257.9,75,0,11400.0,CE
2018-09-07 14:11:00,256.55,256.85,255.45,256.85,8325,0,11400.0,CE
2018-09-07 14:12:00,256.85,256.85,256.8,256.8,150,0,11400.0,CE
2018-09-07 14:13:00,256.3,256.75,256.3,256.75,150,0,11400.0,CE
2018-09-07 14:14:00,258.7,258.7,257.15,257.15,750,0,11400.0,CE
2018-09-07 14:15:00,257.0,257.0,255.0,255.0,600,0,11400.0,CE
2018-09-07 14:16:00,256.25,256.25,254.0,254.0,225,0,11400.0,CE
2018-09-07 14:17:00,253.45,254.0,253.0,254.0,375,0,11400.0,CE
2018-09-07 14:19:00,255.45,255.45,253.45,253.5,225,0,11400.0,CE
2018-09-07 14:20:00,255.7,255.7,255.7,255.7,75,0,11400.0,CE
2018-09-07 14:21:00,256.2,256.2,255.95,255.95,1650,0,11400.0,CE
2018-09-07 14:22:00,253.0,253.0,248.5,250.9,12900,0,11400.0,CE
2018-09-07 14:23:00,252.7,253.9,252.2,252.4,1725,0,11400.0,CE
2018-09-07 14:24:00,254.0,255.1,254.0,255.0,9450,0,11400.0,CE
2018-09-07 14:25:00,253.85,253.85,252.0,252.95,225,0,11400.0,CE
2018-09-07 14:26:00,251.3,251.3,250.4,250.95,10350,0,11400.0,CE
2018-09-07 14:27:00,252.5,252.5,251.1,251.1,975,0,11400.0,CE
2018-09-07 14:28:00,251.0,256.05,251.0,256.05,1575,0,11400.0,CE
2018-09-07 14:29:00,256.5,260.0,256.5,259.05,10500,0,11400.0,CE
2018-09-07 14:30:00,256.95,257.9,255.5,257.9,5325,0,11400.0,CE
2018-09-07 14:31:00,257.25,259.0,256.4,256.4,1575,0,11400.0,CE
2018-09-07 14:32:00,256.1,260.55,256.1,260.45,1050,0,11400.0,CE
2018-09-07 14:33:00,260.6,260.6,258.8,258.8,150,0,11400.0,CE
2018-09-07 14:34:00,258.0,258.0,258.0,258.0,300,0,11400.0,CE
2018-09-07 14:35:00,261.85,261.85,261.85,261.85,150,0,11400.0,CE
2018-09-07 14:36:00,262.0,262.0,260.7,261.3,3000,0,11400.0,CE
2018-09-07 14:37:00,260.55,260.55,259.5,259.85,750,0,11400.0,CE
2018-09-07 14:38:00,259.85,260.65,259.85,260.65,300,0,11400.0,CE
2018-09-07 14:39:00,261.0,262.0,258.5,258.5,1350,0,11400.0,CE
2018-09-07 14:40:00,258.0,258.0,257.05,257.3,1050,0,11400.0,CE
2018-09-07 14:41:00,257.3,258.0,256.6,256.8,1950,0,11400.0,CE
2018-09-07 14:42:00,256.8,256.8,256.65,256.65,1425,0,11400.0,CE
2018-09-07 14:43:00,260.3,264.0,260.3,264.0,1200,0,11400.0,CE
2018-09-07 14:44:00,264.95,265.0,261.7,261.7,450,0,11400.0,CE
2018-09-07 14:45:00,264.6,264.6,263.8,263.8,525,0,11400.0,CE
2018-09-07 14:46:00,264.1,276.55,264.1,272.85,9675,0,11400.0,CE
2018-09-07 14:47:00,274.55,281.0,272.35,281.0,7875,0,11400.0,CE
2018-09-07 14:48:00,281.0,281.9,274.5,281.9,6600,0,11400.0,CE
2018-09-07 14:49:00,280.4,281.15,278.35,278.9,1650,0,11400.0,CE
2018-09-07 14:50:00,277.75,287.0,277.0,284.4,11925,0,11400.0,CE
2018-09-07 14:51:00,286.75,287.2,280.4,282.6,4200,0,11400.0,CE
2018-09-07 14:52:00,284.5,285.55,283.95,284.75,2400,0,11400.0,CE
2018-09-07 14:53:00,285.0,285.05,281.4,284.5,3525,0,11400.0,CE
2018-09-07 14:54:00,283.2,286.95,283.2,286.95,1350,0,11400.0,CE
2018-09-07 14:55:00,286.25,290.0,286.25,287.4,2250,0,11400.0,CE
2018-09-07 14:56:00,285.0,290.0,285.0,287.1,1200,0,11400.0,CE
2018-09-07 14:57:00,286.05,288.45,286.05,286.5,2250,0,11400.0,CE
2018-09-07 14:58:00,286.5,290.0,286.5,289.3,1275,0,11400.0,CE
2018-09-07 14:59:00,288.35,289.35,288.35,289.35,150,0,11400.0,CE
2018-09-07 15:00:00,293.05,294.9,289.6,291.25,6150,0,11400.0,CE
2018-09-07 15:01:00,290.65,290.65,288.45,288.45,825,0,11400.0,CE
2018-09-07 15:02:00,288.0,291.7,287.35,291.7,1275,0,11400.0,CE
2018-09-07 15:03:00,291.0,291.0,289.0,289.0,150,0,11400.0,CE
2018-09-07 15:04:00,287.55,287.55,285.0,285.0,1725,0,11400.0,CE
2018-09-07 15:05:00,287.4,287.4,286.0,286.0,300,0,11400.0,CE
2018-09-07 15:06:00,285.0,285.0,282.5,282.5,1350,0,11400.0,CE
2018-09-07 15:07:00,281.85,284.65,281.45,284.65,525,0,11400.0,CE
2018-09-07 15:08:00,285.1,285.1,285.1,285.1,75,0,11400.0,CE
2018-09-07 15:09:00,284.0,284.0,282.0,282.0,375,0,11400.0,CE
2018-09-07 15:10:00,284.0,284.0,283.2,283.2,300,0,11400.0,CE
2018-09-07 15:11:00,285.95,289.5,285.15,288.55,1275,0,11400.0,CE
2018-09-07 15:12:00,288.75,289.0,286.5,287.0,2100,0,11400.0,CE
2018-09-07 15:13:00,287.2,288.0,286.65,288.0,1725,0,11400.0,CE
2018-09-07 15:14:00,287.95,288.0,286.0,288.0,7200,0,11400.0,CE
2018-09-07 15:15:00,288.7,289.0,285.25,285.25,7500,0,11400.0,CE
2018-09-07 15:16:00,285.2,285.4,282.45,282.5,3450,0,11400.0,CE
2018-09-07 15:17:00,282.45,282.7,280.1,280.1,1650,0,11400.0,CE
2018-09-07 15:18:00,280.5,280.9,280.5,280.9,675,0,11400.0,CE
2018-09-07 15:19:00,280.9,282.25,280.0,282.25,1350,0,11400.0,CE
2018-09-07 15:20:00,281.5,281.5,278.85,280.45,2100,0,11400.0,CE
2018-09-07 15:21:00,280.9,281.0,279.45,280.85,2400,0,11400.0,CE
2018-09-07 15:22:00,280.35,280.35,279.0,279.95,1425,0,11400.0,CE
2018-09-07 15:23:00,279.7,282.0,279.7,280.5,4650,0,11400.0,CE
2018-09-07 15:24:00,279.5,280.35,279.5,279.8,450,0,11400.0,CE
2018-09-07 15:25:00,279.35,279.7,278.1,279.7,975,0,11400.0,CE
2018-09-07 15:26:00,278.5,278.95,277.1,277.85,7275,0,11400.0,CE
2018-09-07 15:27:00,277.15,278.6,276.6,276.95,3225,0,11400.0,CE
2018-09-07 15:28:00,277.85,281.15,277.85,281.15,7275,0,11400.0,CE
2018-09-07 15:29:00,281.5,285.95,280.7,285.95,2550,0,11400.0,CE
2018-09-07 15:30:00,281.5,285.95,280.7,283.85,0,0,11400.0,CE
2018-09-10 09:15:00,242.45,254.05,224.5,254.05,8850,0,11400.0,CE
2018-09-10 09:16:00,252.95,255.5,252.65,255.05,3150,0,11400.0,CE
2018-09-10 09:17:00,256.5,256.8,249.5,253.0,3975,0,11400.0,CE
2018-09-10 09:18:00,252.15,256.0,251.0,253.8,1425,0,11400.0,CE
2018-09-10 09:19:00,256.65,257.15,256.0,257.15,675,0,11400.0,CE
2018-09-10 09:20:00,251.95,254.65,249.5,250.5,1125,0,11400.0,CE
2018-09-10 09:21:00,250.5,251.05,248.45,249.5,1050,0,11400.0,CE
2018-09-10 09:22:00,247.95,250.3,244.95,250.3,2925,0,11400.0,CE
2018-09-10 09:23:00,251.5,253.0,251.5,253.0,600,0,11400.0,CE
2018-09-10 09:24:00,252.55,254.0,250.15,254.0,1350,0,11400.0,CE
2018-09-10 09:25:00,254.35,254.45,252.5,253.5,4050,0,11400.0,CE
2018-09-10 09:26:00,254.0,254.0,252.7,252.7,375,0,11400.0,CE
2018-09-10 09:27:00,250.0,253.2,250.0,252.75,3300,0,11400.0,CE
2018-09-10 09:28:00,251.05,251.05,251.05,251.05,750,0,11400.0,CE
2018-09-10 09:29:00,249.85,249.85,245.05,245.05,1950,0,11400.0,CE
2018-09-10 09:30:00,246.75,246.75,244.45,245.3,1575,0,11400.0,CE
2018-09-10 09:31:00,245.8,245.8,244.0,244.0,1950,0,11400.0,CE
2018-09-10 09:32:00,243.45,244.95,238.6,238.6,4350,0,11400.0,CE
2018-09-10 09:33:00,236.55,241.0,236.55,238.35,4275,0,11400.0,CE
2018-09-10 09:34:00,238.0,238.0,228.95,232.55,12525,0,11400.0,CE
2018-09-10 09:35:00,232.95,233.55,226.75,230.95,5025,0,11400.0,CE
2018-09-10 09:36:00,230.6,233.7,228.55,233.7,2475,0,11400.0,CE
2018-09-10 09:37:00,234.0,235.2,233.75,235.0,1800,0,11400.0,CE
2018-09-10 09:38:00,235.45,235.6,233.55,235.6,3150,0,11400.0,CE
2018-09-10 09:39:00,231.1,231.1,228.0,228.8,900,0,11400.0,CE
2018-09-10 09:40:00,229.75,231.75,229.75,231.75,975,0,11400.0,CE
2018-09-10 09:41:00,230.0,230.0,228.55,228.55,450,0,11400.0,CE
2018-09-10 09:42:00,229.35,230.15,226.55,226.55,600,0,11400.0,CE
2018-09-10 09:43:00,224.75,226.35,223.25,226.35,2475,0,11400.0,CE
2018-09-10 09:44:00,226.35,227.35,223.9,226.1,1950,0,11400.0,CE
2018-09-10 09:45:00,225.5,225.5,222.05,223.95,1125,0,11400.0,CE
2018-09-10 09:46:00,223.0,224.3,222.5,224.3,375,0,11400.0,CE
2018-09-10 09:47:00,224.5,227.85,224.5,227.85,1050,0,11400.0,CE
2018-09-10 09:48:00,227.55,228.85,226.35,226.35,750,0,11400.0,CE
2018-09-10 09:49:00,226.05,226.05,223.0,223.0,900,0,11400.0,CE
2018-09-10 09:50:00,223.85,223.85,221.55,222.0,1050,0,11400.0,CE
2018-09-10 09:51:00,220.95,224.45,220.95,224.45,525,0,11400.0,CE
2018-09-10 09:52:00,224.2,224.2,221.25,223.85,1350,0,11400.0,CE
2018-09-10 09:53:00,224.45,225.0,223.0,225.0,4725,0,11400.0,CE
2018-09-10 09:54:00,224.95,225.0,219.0,219.0,5550,0,11400.0,CE
2018-09-10 09:55:00,219.85,219.9,216.9,219.9,5550,0,11400.0,CE
2018-09-10 09:56:00,218.1,219.4,217.0,218.0,2925,0,11400.0,CE
2018-09-10 09:57:00,217.45,217.45,215.5,215.5,750,0,11400.0,CE
2018-09-10 09:58:00,216.7,218.5,216.7,218.5,2325,0,11400.0,CE
2018-09-10 09:59:00,215.0,215.5,213.0,215.5,1050,0,11400.0,CE
2018-09-10 10:00:00,215.05,216.15,214.0,216.15,1350,0,11400.0,CE
2018-09-10 10:01:00,216.45,220.0,216.45,220.0,4350,0,11400.0,CE
2018-09-10 10:02:00,219.35,221.0,219.35,219.95,1575,0,11400.0,CE
2018-09-10 10:03:00,217.75,218.0,215.0,215.55,2475,0,11400.0,CE
2018-09-10 10:04:00,215.4,215.4,211.5,211.5,1200,0,11400.0,CE
2018-09-10 10:05:00,212.0,212.0,202.9,207.9,19800,0,11400.0,CE
2018-09-10 10:06:00,208.45,210.8,208.4,210.8,4500,0,11400.0,CE
2018-09-10 10:07:00,210.95,213.5,209.8,212.0,5325,0,11400.0,CE
2018-09-10 10:08:00,211.25,213.1,209.8,213.05,7350,0,11400.0,CE
2018-09-10 10:09:00,213.0,213.0,208.7,208.7,3000,0,11400.0,CE
2018-09-10 10:10:00,209.35,211.8,209.35,211.45,3675,0,11400.0,CE
2018-09-10 10:11:00,210.0,213.1,210.0,212.45,3525,0,11400.0,CE
2018-09-10 10:12:00,213.0,216.55,212.7,216.05,4050,0,11400.0,CE
2018-09-10 10:13:00,216.0,216.95,214.95,214.95,750,0,11400.0,CE
2018-09-10 10:14:00,216.4,216.95,212.65,213.25,1200,0,11400.0,CE
2018-09-10 10:15:00,214.4,215.0,214.05,214.05,225,0,11400.0,CE
2018-09-10 10:16:00,213.95,216.05,213.9,215.7,1500,0,11400.0,CE
2018-09-10 10:17:00,216.0,217.0,213.9,216.95,2250,0,11400.0,CE
2018-09-10 10:18:00,216.9,218.55,216.9,218.55,600,0,11400.0,CE
2018-09-10 10:19:00,218.0,218.0,216.0,217.0,825,0,11400.0,CE
2018-09-10 10:20:00,217.05,219.95,217.05,217.05,1125,0,11400.0,CE
2018-09-10 10:21:00,219.25,219.4,217.55,218.95,375,0,11400.0,CE
2018-09-10 10:22:00,218.05,218.5,217.3,217.95,900,0,11400.0,CE
2018-09-10 10:23:00,215.85,217.45,215.0,215.0,1500,0,11400.0,CE
2018-09-10 10:24:00,215.8,216.8,215.8,216.8,300,0,11400.0,CE
2018-09-10 10:25:00,217.05,217.05,216.8,216.8,225,0,11400.0,CE
2018-09-10 10:26:00,218.15,220.7,218.15,220.45,2025,0,11400.0,CE
2018-09-10 10:27:00,220.45,221.45,220.0,221.2,900,0,11400.0,CE
2018-09-10 10:28:00,221.3,222.05,220.0,220.0,1575,0,11400.0,CE
2018-09-10 10:29:00,220.0,221.0,219.7,219.7,1050,0,11400.0,CE
2018-09-10 10:30:00,221.55,222.5,221.25,221.8,450,0,11400.0,CE
2018-09-10 10:31:00,221.15,221.15,216.65,216.65,900,0,11400.0,CE
2018-09-10 10:32:00,217.7,219.35,217.4,217.4,525,0,11400.0,CE
2018-09-10 10:33:00,217.4,217.4,217.4,217.4,75,0,11400.0,CE
2018-09-10 10:34:00,213.4,215.5,213.4,215.0,1050,0,11400.0,CE
2018-09-10 10:35:00,215.0,215.25,215.0,215.25,375,0,11400.0,CE
2018-09-10 10:37:00,213.2,213.2,211.2,211.9,825,0,11400.0,CE
2018-09-10 10:38:00,212.9,213.2,212.9,213.2,300,0,11400.0,CE
2018-09-10 10:39:00,215.5,215.5,215.5,215.5,150,0,11400.0,CE
2018-09-10 10:40:00,213.3,213.3,213.3,213.3,150,0,11400.0,CE
2018-09-10 10:41:00,215.0,215.05,215.0,215.05,600,0,11400.0,CE
2018-09-10 10:42:00,214.0,214.0,211.7,211.9,1200,0,11400.0,CE
2018-09-10 10:43:00,211.0,211.0,211.0,211.0,150,0,11400.0,CE
2018-09-10 10:44:00,210.5,210.9,208.0,208.0,1125,0,11400.0,CE
2018-09-10 10:45:00,209.65,212.4,209.65,212.4,975,0,11400.0,CE
2018-09-10 10:46:00,211.0,212.65,211.0,211.95,1725,0,11400.0,CE
2018-09-10 10:47:00,212.05,214.25,212.05,212.2,750,0,11400.0,CE
2018-09-10 10:48:00,212.8,212.8,211.2,211.2,225,0,11400.0,CE
2018-09-10 10:49:00,212.05,212.1,212.05,212.1,150,0,11400.0,CE
2018-09-10 10:50:00,211.25,211.25,211.0,211.0,375,0,11400.0,CE
2018-09-10 10:52:00,214.35,215.0,214.35,215.0,900,0,11400.0,CE
2018-09-10 10:53:00,213.35,213.35,213.35,213.35,150,0,11400.0,CE
2018-09-10 10:55:00,211.55,212.05,211.55,212.05,600,0,11400.0,CE
2018-09-10 10:56:00,213.5,215.0,212.65,215.0,675,0,11400.0,CE
2018-09-10 10:57:00,215.2,216.5,215.2,216.5,375,0,11400.0,CE
2018-09-10 10:58:00,215.0,215.05,215.0,215.05,300,0,11400.0,CE
2018-09-10 10:59:00,214.35,214.35,212.25,212.25,450,0,11400.0,CE
2018-09-10 11:01:00,213.55,213.55,213.55,213.55,150,0,11400.0,CE
2018-09-10 11:02:00,215.05,215.05,215.05,215.05,75,0,11400.0,CE
2018-09-10 11:03:00,214.8,214.8,214.15,214.5,375,0,11400.0,CE
2018-09-10 11:04:00,215.45,215.45,213.75,214.35,1125,0,11400.0,CE
2018-09-10 11:05:00,213.35,213.35,212.35,212.35,450,0,11400.0,CE
2018-09-10 11:06:00,212.05,212.05,212.05,212.05,300,0,11400.0,CE
2018-09-10 11:07:00,211.6,211.6,209.9,210.3,1500,0,11400.0,CE
2018-09-10 11:08:00,210.55,212.0,210.55,212.0,750,0,11400.0,CE
2018-09-10 11:09:00,211.85,211.85,208.25,210.0,1125,0,11400.0,CE
2018-09-10 11:10:00,208.0,209.05,207.95,208.15,1050,0,11400.0,CE
2018-09-10 11:11:00,207.85,210.5,207.55,210.5,1725,0,11400.0,CE
2018-09-10 11:12:00,211.1,211.1,209.8,210.0,1050,0,11400.0,CE
2018-09-10 11:13:00,211.1,211.85,210.4,211.85,1500,0,11400.0,CE
2018-09-10 11:14:00,210.45,210.45,207.85,208.0,825,0,11400.0,CE
2018-09-10 11:15:00,206.55,208.6,206.55,208.6,375,0,11400.0,CE
2018-09-10 11:16:00,208.5,208.5,206.85,207.35,1875,0,11400.0,CE
2018-09-10 11:17:00,208.15,208.15,206.05,206.55,1200,0,11400.0,CE
2018-09-10 11:18:00,206.0,206.0,205.15,206.0,975,0,11400.0,CE
2018-09-10 11:19:00,205.95,206.35,203.9,206.35,1275,0,11400.0,CE
2018-09-10 11:20:00,206.0,207.8,206.0,207.6,1575,0,11400.0,CE
2018-09-10 11:21:00,209.95,209.95,209.05,209.9,525,0,11400.0,CE
2018-09-10 11:22:00,209.45,209.45,208.5,208.5,1050,0,11400.0,CE
2018-09-10 11:23:00,208.6,208.6,206.4,207.05,1050,0,11400.0,CE
2018-09-10 11:24:00,206.9,208.45,206.9,208.4,825,0,11400.0,CE
2018-09-10 11:25:00,208.5,209.4,208.5,209.0,675,0,11400.0,CE
2018-09-10 11:26:00,209.6,209.6,209.05,209.05,150,0,11400.0,CE
2018-09-10 11:27:00,208.05,208.05,207.5,207.5,150,0,11400.0,CE
2018-09-10 11:28:00,208.1,210.05,208.1,208.5,1050,0,11400.0,CE
2018-09-10 11:29:00,209.0,209.85,208.65,209.85,375,0,11400.0,CE
2018-09-10 11:30:00,208.15,208.15,206.45,206.45,675,0,11400.0,CE
2018-09-10 11:31:00,208.25,211.35,208.25,211.35,525,0,11400.0,CE
2018-09-10 11:32:00,212.05,213.5,211.7,213.5,675,0,11400.0,CE
2018-09-10 11:33:00,212.55,214.95,212.55,214.75,1125,0,11400.0,CE
2018-09-10 11:34:00,215.0,215.0,213.45,213.45,525,0,11400.0,CE
2018-09-10 11:35:00,213.5,213.7,212.55,213.5,900,0,11400.0,CE
2018-09-10 11:37:00,215.0,215.55,214.3,214.3,1575,0,11400.0,CE
2018-09-10 11:38:00,214.55,214.55,212.8,212.8,600,0,11400.0,CE
2018-09-10 11:39:00,212.65,212.65,211.5,211.5,375,0,11400.0,CE
2018-09-10 11:40:00,213.15,213.15,211.15,211.15,300,0,11400.0,CE
2018-09-10 11:41:00,214.15,214.9,213.9,213.9,1350,0,11400.0,CE
2018-09-10 11:42:00,214.9,214.9,213.15,213.85,300,0,11400.0,CE
2018-09-10 11:43:00,214.2,214.95,212.8,214.95,1950,0,11400.0,CE
2018-09-10 11:44:00,215.0,215.25,214.95,214.95,2025,0,11400.0,CE
2018-09-10 11:45:00,215.0,215.95,214.0,214.0,675,0,11400.0,CE
2018-09-10 11:46:00,214.5,214.55,214.0,214.0,675,0,11400.0,CE
2018-09-10 11:47:00,212.0,212.0,211.0,211.9,900,0,11400.0,CE
2018-09-10 11:48:00,209.65,211.0,209.45,211.0,1350,0,11400.0,CE
2018-09-10 11:49:00,210.5,210.5,208.0,208.95,750,0,11400.0,CE
2018-09-10 11:50:00,209.55,210.0,208.45,208.6,675,0,11400.0,CE
2018-09-10 11:51:00,207.8,208.4,207.35,208.4,1125,0,11400.0,CE
2018-09-10 11:52:00,209.45,209.45,207.0,207.0,2775,0,11400.0,CE
2018-09-10 11:53:00,208.6,208.6,207.85,207.85,1125,0,11400.0,CE
2018-09-10 11:54:00,206.55,206.55,202.0,202.45,6900,0,11400.0,CE
2018-09-10 11:55:00,200.35,203.95,200.3,203.95,47775,0,11400.0,CE
2018-09-10 11:56:00,203.9,203.9,200.05,202.9,10875,0,11400.0,CE
2018-09-10 11:57:00,203.05,204.2,202.05,204.2,1050,0,11400.0,CE
2018-09-10 11:58:00,203.35,205.5,203.35,204.45,3750,0,11400.0,CE
2018-09-10 11:59:00,203.15,203.9,203.15,203.65,1200,0,11400.0,CE
2018-09-10 12:00:00,202.15,203.6,201.0,203.0,3300,0,11400.0,CE
2018-09-10 12:01:00,202.2,202.2,200.1,200.9,3075,0,11400.0,CE
2018-09-10 12:02:00,200.05,201.65,200.0,201.65,1875,0,11400.0,CE
2018-09-10 12:03:00,201.75,201.95,200.5,200.95,2100,0,11400.0,CE
2018-09-10 12:04:00,200.0,200.7,197.1,197.5,7425,0,11400.0,CE
2018-09-10 12:05:00,197.5,198.0,196.05,197.5,4050,0,11400.0,CE
2018-09-10 12:06:00,197.05,198.85,196.8,197.8,3525,0,11400.0,CE
2018-09-10 12:07:00,196.3,196.85,195.0,195.0,10725,0,11400.0,CE
2018-09-10 12:08:00,195.0,196.4,192.8,196.4,5700,0,11400.0,CE
2018-09-10 12:09:00,196.15,196.15,194.0,194.9,11925,0,11400.0,CE
2018-09-10 12:10:00,196.0,197.45,195.5,197.45,7650,0,11400.0,CE
2018-09-10 12:11:00,197.45,198.3,197.1,197.1,2700,0,11400.0,CE
2018-09-10 12:12:00,196.8,197.65,196.8,197.65,675,0,11400.0,CE
2018-09-10 12:13:00,197.7,198.55,196.55,196.55,1050,0,11400.0,CE
2018-09-10 12:14:00,196.65,198.1,196.65,196.9,675,0,11400.0,CE
2018-09-10 12:15:00,196.0,196.0,189.75,191.35,6750,0,11400.0,CE
2018-09-10 12:16:00,190.0,192.1,189.55,190.9,7875,0,11400.0,CE
2018-09-10 12:17:00,191.2,192.15,186.9,187.55,7725,0,11400.0,CE
2018-09-10 12:18:00,187.0,190.1,186.85,189.25,5850,0,11400.0,CE
2018-09-10 12:19:00,188.75,189.95,187.15,189.95,6000,0,11400.0,CE
2018-09-10 12:20:00,190.0,190.7,187.3,190.7,9600,0,11400.0,CE
2018-09-10 12:21:00,189.65,193.0,189.05,192.4,2475,0,11400.0,CE
2018-09-10 12:22:00,192.5,193.7,192.4,193.5,4200,0,11400.0,CE
2018-09-10 12:23:00,193.5,195.95,191.8,191.8,8775,0,11400.0,CE
2018-09-10 12:24:00,193.15,194.7,191.6,191.6,3075,0,11400.0,CE
2018-09-10 12:25:00,193.0,196.25,193.0,196.0,4275,0,11400.0,CE
2018-09-10 12:26:00,195.05,195.9,194.55,194.65,2700,0,11400.0,CE
2018-09-10 12:27:00,194.6,195.2,193.65,194.75,2475,0,11400.0,CE
2018-09-10 12:28:00,195.95,195.95,192.35,193.0,1650,0,11400.0,CE
2018-09-10 12:29:00,193.5,194.0,192.75,194.0,6450,0,11400.0,CE
2018-09-10 12:30:00,193.3,193.3,190.25,190.25,3225,0,11400.0,CE
2018-09-10 12:31:00,190.2,191.65,188.5,189.65,2550,0,11400.0,CE
2018-09-10 12:32:00,190.0,191.95,189.0,190.5,3300,0,11400.0,CE
2018-09-10 12:33:00,189.45,190.15,188.05,188.05,10050,0,11400.0,CE
2018-09-10 12:34:00,188.3,189.25,187.0,189.15,3675,0,11400.0,CE
2018-09-10 12:35:00,191.0,191.95,189.65,191.95,6300,0,11400.0,CE
2018-09-10 12:36:00,192.25,195.5,191.9,194.6,10350,0,11400.0,CE
2018-09-10 12:37:00,194.55,194.9,192.6,194.25,3075,0,11400.0,CE
2018-09-10 12:38:00,193.95,193.95,192.05,193.75,900,0,11400.0,CE
2018-09-10 12:39:00,194.85,196.8,194.45,196.8,7350,0,11400.0,CE
2018-09-10 12:40:00,197.2,198.5,197.0,197.65,5025,0,11400.0,CE
2018-09-10 12:41:00,198.0,198.6,194.75,196.2,3225,0,11400.0,CE
2018-09-10 12:42:00,194.75,194.75,192.1,192.1,2475,0,11400.0,CE
2018-09-10 12:43:00,191.0,192.35,190.8,190.8,2550,0,11400.0,CE
2018-09-10 12:44:00,191.0,194.15,191.0,194.15,750,0,11400.0,CE
2018-09-10 12:45:00,194.2,195.6,194.15,194.7,1575,0,11400.0,CE
2018-09-10 12:46:00,194.35,196.75,194.35,195.1,3375,0,11400.0,CE
2018-09-10 12:47:00,193.95,194.55,193.7,193.7,450,0,11400.0,CE
2018-09-10 12:48:00,194.5,194.5,191.45,192.2,2700,0,11400.0,CE
2018-09-10 12:49:00,192.15,192.15,190.0,191.9,1875,0,11400.0,CE
2018-09-10 12:50:00,192.4,192.4,190.8,190.8,975,0,11400.0,CE
2018-09-10 12:51:00,190.85,190.85,189.5,189.75,2550,0,11400.0,CE
2018-09-10 12:52:00,189.65,191.45,189.1,189.4,4050,0,11400.0,CE
2018-09-10 12:53:00,189.6,191.75,189.05,191.25,3000,0,11400.0,CE
2018-09-10 12:54:00,191.2,193.0,190.85,191.95,2550,0,11400.0,CE
2018-09-10 12:55:00,191.6,193.0,191.6,191.65,3375,0,11400.0,CE
2018-09-10 12:56:00,191.9,193.15,191.9,193.15,2700,0,11400.0,CE
2018-09-10 12:57:00,193.65,196.25,193.65,196.25,1350,0,11400.0,CE
2018-09-10 12:58:00,196.15,196.35,196.15,196.35,150,0,11400.0,CE
2018-09-10 12:59:00,196.8,197.65,196.65,196.65,2700,0,11400.0,CE
2018-09-10 13:00:00,197.9,197.9,194.0,194.0,2550,0,11400.0,CE
2018-09-10 13:01:00,195.15,196.15,195.0,195.5,1350,0,11400.0,CE
2018-09-10 13:02:00,195.0,195.0,195.0,195.0,450,0,11400.0,CE
2018-09-10 13:03:00,195.9,195.9,195.0,195.0,375,0,11400.0,CE
2018-09-10 13:04:00,194.45,194.55,193.4,194.45,450,0,11400.0,CE
2018-09-10 13:05:00,194.15,194.8,192.5,192.9,1650,0,11400.0,CE
2018-09-10 13:06:00,193.9,194.7,193.9,194.7,300,0,11400.0,CE
2018-09-10 13:07:00,195.0,199.95,194.8,199.95,2025,0,11400.0,CE
2018-09-10 13:08:00,200.95,203.0,200.0,202.4,4425,0,11400.0,CE
2018-09-10 13:09:00,202.0,204.45,201.25,202.1,8400,0,11400.0,CE
2018-09-10 13:10:00,203.0,203.75,200.05,200.4,1500,0,11400.0,CE
2018-09-10 13:11:00,201.35,202.0,200.25,202.0,2700,0,11400.0,CE
2018-09-10 13:12:00,202.5,202.95,200.75,202.1,2550,0,11400.0,CE
2018-09-10 13:13:00,201.5,201.9,199.0,201.9,1725,0,11400.0,CE
2018-09-10 13:14:00,202.0,203.3,201.25,202.5,2175,0,11400.0,CE
2018-09-10 13:15:00,199.45,200.0,199.25,199.25,1650,0,11400.0,CE
2018-09-10 13:16:00,200.5,201.0,199.2,199.2,825,0,11400.0,CE
2018-09-10 13:17:00,198.85,198.95,195.75,197.1,2325,0,11400.0,CE
2018-09-10 13:18:00,198.25,199.0,197.05,197.05,525,0,11400.0,CE
2018-09-10 13:19:00,196.95,198.8,196.95,198.8,1050,0,11400.0,CE
2018-09-10 13:20:00,198.6,198.6,195.5,195.5,3000,0,11400.0,CE
2018-09-10 13:21:00,195.85,195.85,191.0,192.0,11925,0,11400.0,CE
2018-09-10 13:22:00,190.6,191.95,189.9,189.9,5700,0,11400.0,CE
2018-09-10 13:23:00,190.05,192.0,189.25,192.0,7650,0,11400.0,CE
2018-09-10 13:24:00,191.85,193.45,191.3,191.3,4050,0,11400.0,CE
2018-09-10 13:25:00,191.25,193.75,191.15,191.95,3150,0,11400.0,CE
2018-09-10 13:26:00,194.4,194.55,193.45,193.45,450,0,11400.0,CE
2018-09-10 13:27:00,195.05,196.4,195.05,195.85,1050,0,11400.0,CE
2018-09-10 13:28:00,195.75,196.2,195.0,195.0,1200,0,11400.0,CE
2018-09-10 13:29:00,195.05,197.95,195.05,197.15,300,0,11400.0,CE
2018-09-10 13:30:00,198.5,199.0,196.85,199.0,2175,0,11400.0,CE
2018-09-10 13:31:00,200.1,200.1,199.25,199.25,2550,0,11400.0,CE
2018-09-10 13:32:00,197.75,201.0,197.75,200.0,1950,0,11400.0,CE
2018-09-10 13:33:00,200.0,200.0,199.95,200.0,525,0,11400.0,CE
2018-09-10 13:34:00,199.95,202.45,199.95,202.45,2325,0,11400.0,CE
2018-09-10 13:35:00,202.5,203.0,201.05,202.55,1050,0,11400.0,CE
2018-09-10 13:36:00,202.0,202.0,200.6,200.95,1350,0,11400.0,CE
2018-09-10 13:37:00,201.15,201.3,201.0,201.0,300,0,11400.0,CE
2018-09-10 13:38:00,200.05,200.5,199.15,200.5,4275,0,11400.0,CE
2018-09-10 13:39:00,202.35,203.0,199.2,199.2,5625,0,11400.0,CE
2018-09-10 13:40:00,198.8,198.8,196.9,196.9,1275,0,11400.0,CE
2018-09-10 13:41:00,196.8,197.25,196.0,196.05,675,0,11400.0,CE
2018-09-10 13:42:00,196.45,199.0,196.45,199.0,1725,0,11400.0,CE
2018-09-10 13:43:00,197.7,198.0,197.0,197.0,3375,0,11400.0,CE
2018-09-10 13:44:00,195.3,196.65,195.3,196.6,750,0,11400.0,CE
2018-09-10 13:45:00,195.95,197.0,195.95,196.75,3750,0,11400.0,CE
2018-09-10 13:46:00,197.85,199.3,197.85,198.95,2775,0,11400.0,CE
2018-09-10 13:47:00,198.4,198.4,197.8,197.85,1575,0,11400.0,CE
2018-09-10 13:48:00,197.1,197.1,195.15,196.8,750,0,11400.0,CE
2018-09-10 13:49:00,198.15,201.0,198.15,200.0,2025,0,11400.0,CE
2018-09-10 13:50:00,201.0,201.95,200.0,201.95,2175,0,11400.0,CE
2018-09-10 13:51:00,202.0,202.5,200.15,201.3,2925,0,11400.0,CE
2018-09-10 13:52:00,201.3,207.95,201.3,206.8,7125,0,11400.0,CE
2018-09-10 13:53:00,207.95,210.1,207.6,208.85,4050,0,11400.0,CE
2018-09-10 13:54:00,209.55,209.55,206.35,207.0,4050,0,11400.0,CE
2018-09-10 13:55:00,207.85,209.5,207.85,209.5,1575,0,11400.0,CE
2018-09-10 13:56:00,209.5,211.95,209.5,211.5,4950,0,11400.0,CE
2018-09-10 13:57:00,210.4,211.55,208.4,209.55,4950,0,11400.0,CE
2018-09-10 13:58:00,208.5,208.5,203.05,204.3,4950,0,11400.0,CE
2018-09-10 13:59:00,204.0,206.65,202.65,206.45,3000,0,11400.0,CE
2018-09-10 14:00:00,207.0,210.65,207.0,210.65,5325,0,11400.0,CE
2018-09-10 14:01:00,210.15,210.15,207.15,207.15,600,0,11400.0,CE
2018-09-10 14:02:00,207.15,207.15,205.3,205.3,5100,0,11400.0,CE
2018-09-10 14:03:00,204.75,204.75,203.0,203.0,1800,0,11400.0,CE
2018-09-10 14:04:00,202.5,203.35,201.8,203.35,4650,0,11400.0,CE
2018-09-10 14:05:00,202.9,205.0,202.9,204.55,2250,0,11400.0,CE
2018-09-10 14:06:00,204.95,205.25,201.85,202.2,2025,0,11400.0,CE
2018-09-10 14:07:00,200.0,200.0,197.9,198.55,4500,0,11400.0,CE
2018-09-10 14:08:00,199.25,199.25,196.55,199.05,3825,0,11400.0,CE
2018-09-10 14:09:00,198.8,199.35,198.45,199.15,900,0,11400.0,CE
2018-09-10 14:10:00,198.7,202.25,198.7,202.25,975,0,11400.0,CE
2018-09-10 14:11:00,201.45,201.45,200.0,200.05,1275,0,11400.0,CE
2018-09-10 14:12:00,200.75,202.85,200.75,202.05,1275,0,11400.0,CE
2018-09-10 14:13:00,201.2,201.2,198.15,199.15,3000,0,11400.0,CE
2018-09-10 14:14:00,198.6,199.7,198.0,199.7,900,0,11400.0,CE
2018-09-10 14:15:00,198.9,198.9,195.75,195.75,2475,0,11400.0,CE
2018-09-10 14:16:00,194.35,194.95,194.3,194.95,2700,0,11400.0,CE
2018-09-10 14:17:00,195.85,196.75,195.45,196.75,825,0,11400.0,CE
2018-09-10 14:18:00,197.95,198.35,196.55,197.15,2100,0,11400.0,CE
2018-09-10 14:19:00,196.75,197.05,195.75,195.75,1425,0,11400.0,CE
2018-09-10 14:20:00,196.15,199.8,196.15,199.8,1950,0,11400.0,CE
2018-09-10 14:21:00,197.55,199.6,197.55,197.75,1200,0,11400.0,CE
2018-09-10 14:22:00,198.25,198.25,196.55,196.9,900,0,11400.0,CE
2018-09-10 14:23:00,197.45,197.45,196.0,196.05,4950,0,11400.0,CE
2018-09-10 14:24:00,196.0,196.0,193.45,193.55,1575,0,11400.0,CE
2018-09-10 14:25:00,193.8,195.8,192.8,195.8,2625,0,11400.0,CE
2018-09-10 14:26:00,195.75,196.0,194.7,194.7,1575,0,11400.0,CE
2018-09-10 14:27:00,194.15,194.15,191.15,192.45,4350,0,11400.0,CE
2018-09-10 14:28:00,193.4,193.55,189.75,191.6,8175,0,11400.0,CE
2018-09-10 14:29:00,191.0,191.7,188.4,188.4,4575,0,11400.0,CE
2018-09-10 14:30:00,188.3,188.5,187.25,188.25,4575,0,11400.0,CE
2018-09-10 14:31:00,189.15,191.85,189.15,191.25,2775,0,11400.0,CE
2018-09-10 14:32:00,191.3,192.0,190.7,191.2,3675,0,11400.0,CE
2018-09-10 14:33:00,191.45,194.3,191.45,193.9,8400,0,11400.0,CE
2018-09-10 14:34:00,194.7,195.05,193.55,194.05,9825,0,11400.0,CE
2018-09-10 14:35:00,194.4,195.75,193.3,193.3,2475,0,11400.0,CE
2018-09-10 14:36:00,193.45,193.45,191.55,193.4,2025,0,11400.0,CE
2018-09-10 14:37:00,194.05,195.9,193.7,195.9,2775,0,11400.0,CE
2018-09-10 14:38:00,195.5,196.25,195.0,195.0,975,0,11400.0,CE
2018-09-10 14:39:00,195.1,195.1,191.6,191.9,2775,0,11400.0,CE
2018-09-10 14:40:00,191.6,191.6,189.0,190.85,3300,0,11400.0,CE
2018-09-10 14:41:00,190.7,191.05,189.65,191.05,2775,0,11400.0,CE
2018-09-10 14:42:00,192.6,192.85,191.7,192.75,1500,0,11400.0,CE
2018-09-10 14:43:00,193.05,193.05,191.55,192.75,900,0,11400.0,CE
2018-09-10 14:44:00,191.75,192.35,191.15,192.25,2025,0,11400.0,CE
2018-09-10 14:45:00,192.65,195.0,191.55,194.25,1950,0,11400.0,CE
2018-09-10 14:46:00,196.2,198.15,196.2,198.15,3375,0,11400.0,CE
2018-09-10 14:47:00,197.25,198.0,196.55,196.65,1350,0,11400.0,CE
2018-09-10 14:48:00,196.05,196.8,196.0,196.0,1575,0,11400.0,CE
2018-09-10 14:49:00,195.85,195.85,195.15,195.15,225,0,11400.0,CE
2018-09-10 14:50:00,195.15,195.15,193.15,193.35,750,0,11400.0,CE
2018-09-10 14:51:00,192.9,192.9,189.5,189.95,1800,0,11400.0,CE
2018-09-10 14:52:00,190.6,190.6,188.0,188.15,3600,0,11400.0,CE
2018-09-10 14:53:00,188.0,191.3,188.0,191.3,900,0,11400.0,CE
2018-09-10 14:54:00,190.6,192.2,189.8,191.7,2400,0,11400.0,CE
2018-09-10 14:55:00,192.1,192.75,189.55,190.15,3675,0,11400.0,CE
2018-09-10 14:56:00,191.0,191.55,190.65,191.05,825,0,11400.0,CE
2018-09-10 14:57:00,191.05,194.75,191.05,194.75,2700,0,11400.0,CE
2018-09-10 14:58:00,194.0,197.45,194.0,197.0,8925,0,11400.0,CE
2018-09-10 14:59:00,197.95,199.55,196.5,198.1,13500,0,11400.0,CE
2018-09-10 15:00:00,199.0,200.75,194.05,194.05,13950,0,11400.0,CE
2018-09-10 15:01:00,194.75,196.6,194.1,196.6,4275,0,11400.0,CE
2018-09-10 15:02:00,197.0,198.0,194.2,194.2,2775,0,11400.0,CE
2018-09-10 15:03:00,193.65,195.25,193.65,195.25,3900,0,11400.0,CE
2018-09-10 15:04:00,195.3,195.85,194.15,194.15,2325,0,11400.0,CE
2018-09-10 15:05:00,194.25,196.15,193.75,195.85,1050,0,11400.0,CE
2018-09-10 15:06:00,194.1,195.8,194.1,195.65,1350,0,11400.0,CE
2018-09-10 15:07:00,195.05,195.8,192.15,192.15,3000,0,11400.0,CE
2018-09-10 15:08:00,192.55,193.25,190.05,190.05,6300,0,11400.0,CE
2018-09-10 15:09:00,190.1,191.0,186.05,188.75,12600,0,11400.0,CE
2018-09-10 15:10:00,188.6,189.0,187.65,188.15,11325,0,11400.0,CE
2018-09-10 15:11:00,187.6,189.95,187.6,189.0,24450,0,11400.0,CE
2018-09-10 15:12:00,189.35,189.35,187.45,188.0,5775,0,11400.0,CE
2018-09-10 15:13:00,187.7,189.75,187.0,189.75,7800,0,11400.0,CE
2018-09-10 15:14:00,188.95,189.75,188.95,189.25,1575,0,11400.0,CE
2018-09-10 15:15:00,190.0,190.45,186.2,186.4,10950,0,11400.0,CE
2018-09-10 15:16:00,186.0,186.0,181.75,183.7,14025,0,11400.0,CE
2018-09-10 15:17:00,184.25,188.25,184.25,188.25,19800,0,11400.0,CE
2018-09-10 15:18:00,188.7,190.75,188.7,190.35,16275,0,11400.0,CE
2018-09-10 15:19:00,190.4,191.95,190.3,191.95,7575,0,11400.0,CE
2018-09-10 15:20:00,191.95,191.95,188.05,188.1,9900,0,11400.0,CE
2018-09-10 15:21:00,188.55,188.85,186.7,188.85,3825,0,11400.0,CE
2018-09-10 15:22:00,188.05,188.65,187.0,187.1,3750,0,11400.0,CE
2018-09-10 15:23:00,187.3,187.45,185.0,186.2,6225,0,11400.0,CE
2018-09-10 15:24:00,186.45,186.7,184.35,184.4,8100,0,11400.0,CE
2018-09-10 15:25:00,184.35,184.65,182.8,183.05,9900,0,11400.0,CE
2018-09-10 15:26:00,183.05,183.2,182.25,183.05,13500,0,11400.0,CE
2018-09-10 15:27:00,183.0,184.0,182.7,182.9,17175,0,11400.0,CE
2018-09-10 15:28:00,184.0,185.0,183.4,185.0,20475,0,11400.0,CE
2018-09-10 15:29:00,184.5,187.95,184.4,187.95,10200,0,11400.0,CE
2018-09-10 15:30:00,184.5,187.95,184.4,187.85,0,0,11400.0,CE
2018-09-11 09:15:00,186.8,192.7,186.8,190.15,31725,0,11400.0,CE
2018-09-11 09:16:00,189.45,192.5,187.55,190.4,20250,0,11400.0,CE
2018-09-11 09:17:00,189.7,189.95,182.0,183.1,20475,0,11400.0,CE
2018-09-11 09:18:00,185.45,185.5,178.8,180.0,20475,0,11400.0,CE
2018-09-11 09:19:00,180.6,180.6,171.5,172.1,25800,0,11400.0,CE
2018-09-11 09:20:00,171.55,175.0,168.75,169.05,16950,0,11400.0,CE
2018-09-11 09:21:00,170.0,172.75,168.7,168.85,9375,0,11400.0,CE
2018-09-11 09:22:00,171.65,171.65,167.45,170.45,13875,0,11400.0,CE
2018-09-11 09:23:00,170.55,173.1,169.7,169.7,10950,0,11400.0,CE
2018-09-11 09:24:00,169.2,171.55,168.8,169.3,5850,0,11400.0,CE
2018-09-11 09:25:00,168.85,169.35,165.25,166.6,7275,0,11400.0,CE
2018-09-11 09:26:00,167.0,169.5,166.5,167.8,9525,0,11400.0,CE
2018-09-11 09:27:00,168.3,170.8,167.05,170.35,15450,0,11400.0,CE
2018-09-11 09:28:00,170.45,173.05,168.5,172.55,9225,0,11400.0,CE
2018-09-11 09:29:00,172.55,174.3,171.0,174.3,11625,0,11400.0,CE
2018-09-11 09:30:00,175.55,175.55,172.4,173.05,22425,0,11400.0,CE
2018-09-11 09:31:00,173.65,174.3,171.95,174.3,6075,0,11400.0,CE
2018-09-11 09:32:00,172.9,175.8,172.0,174.65,7875,0,11400.0,CE
2018-09-11 09:33:00,175.1,176.5,173.8,176.15,11025,0,11400.0,CE
2018-09-11 09:34:00,176.6,179.65,176.4,176.4,12600,0,11400.0,CE
2018-09-11 09:35:00,176.6,180.15,176.6,178.7,4425,0,11400.0,CE
2018-09-11 09:36:00,178.75,182.4,177.15,182.15,9225,0,11400.0,CE
2018-09-11 09:37:00,181.95,186.25,181.75,182.0,14850,0,11400.0,CE
2018-09-11 09:38:00,181.35,183.25,180.45,183.25,8025,0,11400.0,CE
2018-09-11 09:39:00,182.55,183.35,179.9,181.25,11700,0,11400.0,CE
2018-09-11 09:40:00,180.7,184.4,180.7,184.4,37200,0,11400.0,CE
2018-09-11 09:41:00,184.45,184.8,181.4,181.4,12900,0,11400.0,CE
2018-09-11 09:42:00,181.4,183.0,179.95,180.0,15600,0,11400.0,CE
2018-09-11 09:43:00,180.05,180.05,175.0,175.6,10200,0,11400.0,CE
2018-09-11 09:44:00,175.7,178.0,175.1,178.0,5850,0,11400.0,CE
2018-09-11 09:45:00,177.4,178.0,175.0,175.6,5700,0,11400.0,CE
2018-09-11 09:46:00,175.95,175.95,171.15,171.15,10725,0,11400.0,CE
2018-09-11 09:47:00,171.0,173.0,171.0,172.5,5925,0,11400.0,CE
2018-09-11 09:48:00,173.1,174.55,169.3,169.5,14625,0,11400.0,CE
2018-09-11 09:49:00,169.3,170.0,167.5,169.15,8550,0,11400.0,CE
2018-09-11 09:50:00,170.35,173.0,170.25,171.65,3000,0,11400.0,CE
2018-09-11 09:51:00,170.95,171.95,169.2,171.95,6825,0,11400.0,CE
2018-09-11 09:52:00,171.9,173.3,171.15,173.2,5400,0,11400.0,CE
2018-09-11 09:53:00,173.35,174.35,173.0,173.9,5325,0,11400.0,CE
2018-09-11 09:54:00,173.8,174.4,170.6,171.95,6225,0,11400.0,CE
2018-09-11 09:55:00,172.1,173.2,170.0,170.05,8250,0,11400.0,CE
2018-09-11 09:56:00,169.85,173.25,169.8,172.95,3825,0,11400.0,CE
2018-09-11 09:57:00,173.35,174.65,173.15,174.2,5100,0,11400.0,CE
2018-09-11 09:58:00,173.9,174.65,173.0,174.3,3300,0,11400.0,CE
2018-09-11 09:59:00,173.85,176.65,173.6,176.65,4800,0,11400.0,CE
2018-09-11 10:00:00,176.85,177.9,175.45,177.45,4650,0,11400.0,CE
2018-09-11 10:01:00,177.45,178.05,175.3,177.65,3150,0,11400.0,CE
2018-09-11 10:02:00,177.0,178.7,176.75,177.75,5550,0,11400.0,CE
2018-09-11 10:03:00,178.3,178.65,176.4,177.85,6000,0,11400.0,CE
2018-09-11 10:04:00,178.4,179.35,176.5,176.5,3600,0,11400.0,CE
2018-09-11 10:05:00,176.35,178.0,175.6,176.1,4200,0,11400.0,CE
2018-09-11 10:06:00,176.15,177.0,173.05,174.95,17700,0,11400.0,CE
2018-09-11 10:07:00,174.6,174.95,173.05,173.8,11625,0,11400.0,CE
2018-09-11 10:08:00,173.4,173.4,171.9,172.55,7950,0,11400.0,CE
2018-09-11 10:09:00,171.7,173.0,171.7,172.5,4275,0,11400.0,CE
2018-09-11 10:10:00,172.7,173.35,171.05,171.85,2250,0,11400.0,CE
2018-09-11 10:11:00,172.05,175.4,172.05,174.85,7800,0,11400.0,CE
2018-09-11 10:12:00,175.0,175.95,175.0,175.95,2025,0,11400.0,CE
2018-09-11 10:13:00,175.8,176.15,173.45,173.45,2925,0,11400.0,CE
2018-09-11 10:14:00,173.75,176.55,173.75,176.15,3450,0,11400.0,CE
2018-09-11 10:15:00,174.85,176.25,174.05,176.15,2025,0,11400.0,CE
2018-09-11 10:16:00,176.35,176.8,175.1,176.8,3675,0,11400.0,CE
2018-09-11 10:17:00,177.0,177.0,175.45,175.45,900,0,11400.0,CE
2018-09-11 10:18:00,175.25,176.6,175.0,175.0,1350,0,11400.0,CE
2018-09-11 10:19:00,175.4,176.35,174.7,174.95,1350,0,11400.0,CE
2018-09-11 10:20:00,175.55,177.3,175.15,175.15,2775,0,11400.0,CE
2018-09-11 10:21:00,175.8,175.85,174.0,174.0,1725,0,11400.0,CE
2018-09-11 10:22:00,173.85,174.05,171.75,172.2,2175,0,11400.0,CE
2018-09-11 10:23:00,172.2,174.05,172.2,173.1,3450,0,11400.0,CE
2018-09-11 10:24:00,173.5,173.5,171.55,171.55,3375,0,11400.0,CE
2018-09-11 10:25:00,172.0,173.35,171.0,171.05,1800,0,11400.0,CE
2018-09-11 10:26:00,171.1,172.25,168.25,168.75,13575,0,11400.0,CE
2018-09-11 10:27:00,168.5,169.5,168.5,168.6,2250,0,11400.0,CE
2018-09-11 10:28:00,167.75,168.4,166.8,166.8,6900,0,11400.0,CE
2018-09-11 10:29:00,167.3,168.75,166.35,168.5,8325,0,11400.0,CE
2018-09-11 10:30:00,168.65,170.0,168.65,170.0,2475,0,11400.0,CE
2018-09-11 10:31:00,169.0,170.2,168.8,169.9,1800,0,11400.0,CE
2018-09-11 10:32:00,169.7,170.0,169.0,169.9,3750,0,11400.0,CE
2018-09-11 10:33:00,169.45,169.95,166.05,166.85,2850,0,11400.0,CE
2018-09-11 10:34:00,166.75,167.95,166.4,166.75,5625,0,11400.0,CE
2018-09-11 10:35:00,165.95,167.1,164.75,167.1,8250,0,11400.0,CE
2018-09-11 10:36:00,166.55,169.25,166.55,168.45,3600,0,11400.0,CE
2018-09-11 10:37:00,168.55,168.55,166.05,166.05,6075,0,11400.0,CE
2018-09-11 10:38:00,166.45,167.6,165.55,167.4,1350,0,11400.0,CE
2018-09-11 10:39:00,167.5,167.5,166.95,167.5,1200,0,11400.0,CE
2018-09-11 10:40:00,168.15,170.05,167.4,170.05,3300,0,11400.0,CE
2018-09-11 10:41:00,169.45,169.9,168.1,168.1,3450,0,11400.0,CE
2018-09-11 10:42:00,167.5,169.55,166.85,169.4,2925,0,11400.0,CE
2018-09-11 10:43:00,169.5,169.7,167.15,167.15,4200,0,11400.0,CE
2018-09-11 10:44:00,167.0,167.0,165.9,166.0,5175,0,11400.0,CE
2018-09-11 10:45:00,165.25,166.15,164.2,166.15,8325,0,11400.0,CE
2018-09-11 10:46:00,166.45,168.15,166.45,168.15,7350,0,11400.0,CE
2018-09-11 10:47:00,168.2,168.5,167.55,168.1,2625,0,11400.0,CE
2018-09-11 10:48:00,168.0,170.0,168.0,168.3,2550,0,11400.0,CE
2018-09-11 10:49:00,168.75,170.2,168.75,169.3,1350,0,11400.0,CE
2018-09-11 10:50:00,169.0,170.75,167.8,170.3,5025,0,11400.0,CE
2018-09-11 10:51:00,170.45,170.6,169.15,170.25,4950,0,11400.0,CE
2018-09-11 10:52:00,170.5,173.55,170.2,173.55,6075,0,11400.0,CE
2018-09-11 10:53:00,172.75,173.15,170.25,170.25,1650,0,11400.0,CE
2018-09-11 10:54:00,170.15,171.4,169.85,171.4,2100,0,11400.0,CE
2018-09-11 10:55:00,171.95,173.05,171.55,172.4,1875,0,11400.0,CE
2018-09-11 10:56:00,171.15,172.35,171.15,171.85,1650,0,11400.0,CE
2018-09-11 10:57:00,171.6,171.6,170.35,170.35,1500,0,11400.0,CE
2018-09-11 10:58:00,170.4,173.05,170.4,172.7,1950,0,11400.0,CE
2018-09-11 10:59:00,173.05,173.75,172.7,173.25,2775,0,11400.0,CE
2018-09-11 11:00:00,172.65,173.5,172.5,173.2,4350,0,11400.0,CE
2018-09-11 11:01:00,173.2,175.45,173.2,174.35,3750,0,11400.0,CE
2018-09-11 11:02:00,173.8,176.85,173.8,174.75,19800,0,11400.0,CE
2018-09-11 11:03:00,173.85,177.85,173.85,177.85,15300,0,11400.0,CE
2018-09-11 11:04:00,179.4,180.35,178.15,178.55,23775,0,11400.0,CE
2018-09-11 11:05:00,178.05,178.3,177.05,177.9,6825,0,11400.0,CE
2018-09-11 11:06:00,178.0,178.5,177.0,178.0,7875,0,11400.0,CE
2018-09-11 11:07:00,179.55,180.05,178.7,180.05,4050,0,11400.0,CE
2018-09-11 11:08:00,180.45,180.5,177.15,178.1,16125,0,11400.0,CE
2018-09-11 11:09:00,178.5,178.5,176.4,177.35,12525,0,11400.0,CE
2018-09-11 11:10:00,177.65,178.2,177.45,177.45,3450,0,11400.0,CE
2018-09-11 11:11:00,177.45,178.85,176.25,176.9,7350,0,11400.0,CE
2018-09-11 11:12:00,176.5,177.15,175.75,175.95,5175,0,11400.0,CE
2018-09-11 11:13:00,176.3,176.5,174.0,174.7,8250,0,11400.0,CE
2018-09-11 11:14:00,174.75,174.85,173.45,173.45,5250,0,11400.0,CE
2018-09-11 11:15:00,174.25,176.5,174.25,176.5,4050,0,11400.0,CE
2018-09-11 11:16:00,176.6,176.6,174.55,175.25,6150,0,11400.0,CE
2018-09-11 11:17:00,175.5,175.5,174.0,174.3,3075,0,11400.0,CE
2018-09-11 11:18:00,174.4,177.25,174.4,177.25,6075,0,11400.0,CE
2018-09-11 11:19:00,177.45,178.7,177.05,177.05,2475,0,11400.0,CE
2018-09-11 11:20:00,176.7,177.85,175.2,176.6,2175,0,11400.0,CE
2018-09-11 11:21:00,177.0,177.6,176.9,177.25,3300,0,11400.0,CE
2018-09-11 11:22:00,175.85,176.0,174.6,175.4,3600,0,11400.0,CE
2018-09-11 11:23:00,175.25,176.15,174.5,175.3,2175,0,11400.0,CE
2018-09-11 11:24:00,175.0,176.0,174.05,174.45,2700,0,11400.0,CE
2018-09-11 11:25:00,174.25,174.25,171.65,172.65,11475,0,11400.0,CE
2018-09-11 11:26:00,172.7,172.75,171.0,172.2,4275,0,11400.0,CE
2018-09-11 11:27:00,171.8,172.85,170.35,172.2,2700,0,11400.0,CE
2018-09-11 11:28:00,171.75,173.0,171.05,171.65,3900,0,11400.0,CE
2018-09-11 11:29:00,172.0,172.5,171.3,171.3,4500,0,11400.0,CE
2018-09-11 11:30:00,171.0,171.8,170.15,170.2,12975,0,11400.0,CE
2018-09-11 11:31:00,170.1,170.85,169.45,169.45,3750,0,11400.0,CE
2018-09-11 11:32:00,168.3,168.55,166.9,166.95,13350,0,11400.0,CE
2018-09-11 11:33:00,167.25,169.35,167.25,168.85,4050,0,11400.0,CE
2018-09-11 11:34:00,168.85,168.9,166.6,166.6,5625,0,11400.0,CE
2018-09-11 11:35:00,167.15,168.65,166.65,168.65,8250,0,11400.0,CE
2018-09-11 11:36:00,167.8,169.4,167.65,169.0,3300,0,11400.0,CE
2018-09-11 11:37:00,169.65,169.65,167.05,167.05,1350,0,11400.0,CE
2018-09-11 11:38:00,167.25,167.95,166.85,167.6,2400,0,11400.0,CE
2018-09-11 11:39:00,168.0,168.3,167.1,168.0,2475,0,11400.0,CE
2018-09-11 11:40:00,167.3,167.3,165.65,165.65,4350,0,11400.0,CE
2018-09-11 11:41:00,165.9,165.9,159.95,162.0,25125,0,11400.0,CE
2018-09-11 11:42:00,162.4,163.1,160.5,162.1,20475,0,11400.0,CE
2018-09-11 11:43:00,161.75,163.0,161.0,162.95,6750,0,11400.0,CE
2018-09-11 11:44:00,163.0,163.75,161.15,162.3,15750,0,11400.0,CE
2018-09-11 11:45:00,162.3,164.55,162.05,164.55,4725,0,11400.0,CE
2018-09-11 11:46:00,164.0,164.45,163.7,164.0,7425,0,11400.0,CE
2018-09-11 11:47:00,164.15,165.55,163.85,164.6,11550,0,11400.0,CE
2018-09-11 11:48:00,165.05,165.05,163.05,163.8,7725,0,11400.0,CE
2018-09-11 11:49:00,163.75,163.75,163.0,163.15,5175,0,11400.0,CE
2018-09-11 11:50:00,163.45,163.5,160.6,160.6,5325,0,11400.0,CE
2018-09-11 11:51:00,162.0,162.0,160.5,160.5,12750,0,11400.0,CE
2018-09-11 11:52:00,161.05,162.9,160.2,162.45,11700,0,11400.0,CE
2018-09-11 11:53:00,162.6,163.1,162.0,162.35,7650,0,11400.0,CE
2018-09-11 11:54:00,162.65,162.75,161.55,162.35,5400,0,11400.0,CE
2018-09-11 11:55:00,162.6,163.75,161.5,163.1,5925,0,11400.0,CE
2018-09-11 11:56:00,163.4,164.0,162.1,164.0,9375,0,11400.0,CE
2018-09-11 11:57:00,165.0,165.95,164.15,165.45,5325,0,11400.0,CE
2018-09-11 11:58:00,165.25,166.8,165.2,165.2,4950,0,11400.0,CE
2018-09-11 11:59:00,165.45,165.75,163.2,163.75,7350,0,11400.0,CE
2018-09-11 12:00:00,163.8,165.2,163.7,164.8,4125,0,11400.0,CE
2018-09-11 12:01:00,164.6,167.5,164.6,167.25,3675,0,11400.0,CE
2018-09-11 12:02:00,168.0,168.3,166.95,168.0,7725,0,11400.0,CE
2018-09-11 12:03:00,168.0,168.0,165.5,165.95,4650,0,11400.0,CE
2018-09-11 12:04:00,166.15,166.8,165.0,165.0,5925,0,11400.0,CE
2018-09-11 12:05:00,165.0,167.35,165.0,166.3,3000,0,11400.0,CE
2018-09-11 12:06:00,166.45,166.75,165.0,166.25,9450,0,11400.0,CE
2018-09-11 12:07:00,166.3,166.3,164.85,165.4,2100,0,11400.0,CE
2018-09-11 12:08:00,166.1,166.95,165.0,165.0,5175,0,11400.0,CE
2018-09-11 12:09:00,164.1,165.05,163.95,163.95,5850,0,11400.0,CE
2018-09-11 12:10:00,163.95,163.95,162.05,162.25,3900,0,11400.0,CE
2018-09-11 12:11:00,161.5,163.15,161.5,162.1,2325,0,11400.0,CE
2018-09-11 12:12:00,163.95,163.95,162.5,163.0,6900,0,11400.0,CE
2018-09-11 12:13:00,163.05,163.05,162.85,162.85,4275,0,11400.0,CE
2018-09-11 12:14:00,162.75,163.0,162.0,162.0,3900,0,11400.0,CE
2018-09-11 12:15:00,161.0,161.2,152.55,154.5,36975,0,11400.0,CE
2018-09-11 12:16:00,155.1,159.0,155.1,158.7,6300,0,11400.0,CE
2018-09-11 12:17:00,159.6,162.1,159.1,162.1,11250,0,11400.0,CE
2018-09-11 12:18:00,161.75,164.5,161.65,163.7,10425,0,11400.0,CE
2018-09-11 12:19:00,164.0,164.5,162.85,162.85,11250,0,11400.0,CE
2018-09-11 12:20:00,162.5,163.45,160.3,163.4,2625,0,11400.0,CE
2018-09-11 12:21:00,163.5,165.0,163.2,165.0,7500,0,11400.0,CE
2018-09-11 12:22:00,164.6,165.55,164.05,164.05,3150,0,11400.0,CE
2018-09-11 12:23:00,163.6,165.8,163.15,165.5,3975,0,11400.0,CE
2018-09-11 12:24:00,165.8,165.8,163.95,165.25,4725,0,11400.0,CE
2018-09-11 12:25:00,166.0,167.5,165.1,167.5,5700,0,11400.0,CE
2018-09-11 12:26:00,167.8,167.8,166.2,167.5,2100,0,11400.0,CE
2018-09-11 12:27:00,168.0,168.8,167.5,168.25,9150,0,11400.0,CE
2018-09-11 12:28:00,168.5,169.05,166.2,166.25,8100,0,11400.0,CE
2018-09-11 12:29:00,166.85,167.85,166.25,166.45,3975,0,11400.0,CE
2018-09-11 12:30:00,166.0,166.85,165.15,165.85,2100,0,11400.0,CE
2018-09-11 12:31:00,166.5,167.75,165.5,166.75,3450,0,11400.0,CE
2018-09-11 12:32:00,166.85,168.6,166.85,168.6,7875,0,11400.0,CE
2018-09-11 12:33:00,168.6,170.85,168.6,169.75,9225,0,11400.0,CE
2018-09-11 12:34:00,170.85,173.6,170.85,172.85,22125,0,11400.0,CE
2018-09-11 12:35:00,173.5,174.0,171.55,173.25,11775,0,11400.0,CE
2018-09-11 12:36:00,172.75,176.0,172.2,175.0,15375,0,11400.0,CE
2018-09-11 12:37:00,174.95,175.35,173.55,173.55,5175,0,11400.0,CE
2018-09-11 12:38:00,173.55,174.8,173.25,173.95,3750,0,11400.0,CE
2018-09-11 12:39:00,173.95,174.1,173.0,173.8,3825,0,11400.0,CE
2018-09-11 12:40:00,173.7,173.7,170.05,170.05,2550,0,11400.0,CE
2018-09-11 12:41:00,170.3,172.15,170.0,170.75,4875,0,11400.0,CE
2018-09-11 12:42:00,170.45,172.3,170.05,172.3,5100,0,11400.0,CE
2018-09-11 12:43:00,171.8,171.8,171.0,171.45,1275,0,11400.0,CE
2018-09-11 12:44:00,172.15,172.15,169.5,170.5,3000,0,11400.0,CE
2018-09-11 12:45:00,169.95,171.25,169.15,171.0,2400,0,11400.0,CE
2018-09-11 12:46:00,172.2,172.2,170.6,170.7,975,0,11400.0,CE
2018-09-11 12:47:00,171.0,172.45,171.0,172.45,1200,0,11400.0,CE
2018-09-11 12:48:00,172.1,172.1,171.0,171.0,1425,0,11400.0,CE
2018-09-11 12:49:00,170.55,170.8,169.05,169.65,2625,0,11400.0,CE
2018-09-11 12:50:00,170.35,171.0,170.35,171.0,225,0,11400.0,CE
2018-09-11 12:51:00,171.25,171.25,169.5,169.5,1800,0,11400.0,CE
2018-09-11 12:52:00,169.25,169.25,167.0,167.75,3825,0,11400.0,CE
2018-09-11 12:53:00,167.3,167.55,165.05,165.95,4800,0,11400.0,CE
2018-09-11 12:54:00,166.0,167.3,165.2,166.1,2400,0,11400.0,CE
2018-09-11 12:55:00,166.2,168.2,166.2,168.1,3000,0,11400.0,CE
2018-09-11 12:56:00,168.7,168.7,167.05,168.0,3450,0,11400.0,CE
2018-09-11 12:57:00,167.35,167.75,167.0,167.75,3450,0,11400.0,CE
2018-09-11 12:58:00,167.75,167.75,165.5,166.95,4575,0,11400.0,CE
2018-09-11 12:59:00,166.25,166.9,164.35,164.35,3525,0,11400.0,CE
2018-09-11 13:00:00,164.55,167.2,164.5,166.2,3000,0,11400.0,CE
2018-09-11 13:01:00,165.6,166.3,165.2,166.3,1425,0,11400.0,CE
2018-09-11 13:02:00,167.15,167.6,165.6,167.6,2925,0,11400.0,CE
2018-09-11 13:03:00,168.75,169.3,167.0,167.0,4275,0,11400.0,CE
2018-09-11 13:04:00,166.45,168.0,165.7,168.0,2250,0,11400.0,CE
2018-09-11 13:05:00,167.2,167.7,165.85,167.7,675,0,11400.0,CE
2018-09-11 13:06:00,167.7,167.7,164.8,165.0,4125,0,11400.0,CE
2018-09-11 13:07:00,165.85,166.2,163.0,163.3,5625,0,11400.0,CE
2018-09-11 13:08:00,164.55,166.5,164.4,166.5,1875,0,11400.0,CE
2018-09-11 13:09:00,166.5,166.5,165.5,165.55,1125,0,11400.0,CE
2018-09-11 13:10:00,165.0,165.0,164.0,164.0,450,0,11400.0,CE
2018-09-11 13:11:00,165.35,166.65,165.35,165.95,675,0,11400.0,CE
2018-09-11 13:12:00,166.45,166.75,165.0,165.95,2175,0,11400.0,CE
2018-09-11 13:13:00,166.0,166.5,165.45,165.45,1125,0,11400.0,CE
2018-09-11 13:14:00,165.0,165.0,161.05,161.05,7050,0,11400.0,CE
2018-09-11 13:15:00,161.6,163.85,161.25,161.25,4800,0,11400.0,CE
2018-09-11 13:16:00,161.15,162.4,160.4,162.15,3225,0,11400.0,CE
2018-09-11 13:17:00,162.8,163.5,161.35,161.35,6225,0,11400.0,CE
2018-09-11 13:18:00,160.65,163.05,160.65,163.05,2100,0,11400.0,CE
2018-09-11 13:19:00,163.45,163.5,162.1,162.55,1275,0,11400.0,CE
2018-09-11 13:20:00,162.8,163.5,158.75,159.0,12075,0,11400.0,CE
2018-09-11 13:21:00,159.5,160.95,156.3,158.0,13050,0,11400.0,CE
2018-09-11 13:22:00,157.85,160.4,156.25,159.75,4800,0,11400.0,CE
2018-09-11 13:23:00,159.2,160.85,159.2,159.9,2625,0,11400.0,CE
2018-09-11 13:24:00,160.0,161.0,159.0,159.0,3300,0,11400.0,CE
2018-09-11 13:25:00,157.75,159.9,156.25,159.9,7125,0,11400.0,CE
2018-09-11 13:26:00,159.3,160.75,159.3,160.7,2100,0,11400.0,CE
2018-09-11 13:27:00,161.2,161.5,157.0,157.8,5250,0,11400.0,CE
2018-09-11 13:28:00,157.4,159.5,157.4,158.3,3225,0,11400.0,CE
2018-09-11 13:29:00,158.0,160.25,158.0,160.1,4275,0,11400.0,CE
2018-09-11 13:30:00,160.65,160.85,157.0,157.0,3225,0,11400.0,CE
2018-09-11 13:31:00,156.0,157.5,155.0,155.25,14250,0,11400.0,CE
2018-09-11 13:32:00,155.3,160.85,155.3,160.8,4875,0,11400.0,CE
2018-09-11 13:33:00,161.45,161.75,160.35,161.75,5625,0,11400.0,CE
2018-09-11 13:34:00,161.9,162.15,160.0,161.45,4725,0,11400.0,CE
2018-09-11 13:35:00,162.0,163.6,162.0,163.25,2475,0,11400.0,CE
2018-09-11 13:36:00,162.5,163.45,162.1,162.85,5025,0,11400.0,CE
2018-09-11 13:37:00,163.9,164.2,161.55,163.75,2250,0,11400.0,CE
2018-09-11 13:38:00,163.7,165.0,163.0,164.0,4425,0,11400.0,CE
2018-09-11 13:39:00,164.0,165.9,163.25,163.25,5250,0,11400.0,CE
2018-09-11 13:40:00,165.0,165.0,160.95,160.95,4650,0,11400.0,CE
2018-09-11 13:41:00,161.0,162.1,158.7,158.7,3900,0,11400.0,CE
2018-09-11 13:42:00,158.05,159.85,156.55,157.9,5550,0,11400.0,CE
2018-09-11 13:43:00,158.5,159.25,156.2,156.85,3525,0,11400.0,CE
2018-09-11 13:44:00,156.65,159.55,156.65,158.15,6000,0,11400.0,CE
2018-09-11 13:45:00,157.65,158.0,155.7,155.9,6150,0,11400.0,CE
2018-09-11 13:46:00,155.85,156.0,148.55,151.5,42675,0,11400.0,CE
2018-09-11 13:47:00,151.9,153.0,151.05,152.0,11775,0,11400.0,CE
2018-09-11 13:48:00,152.15,153.5,145.55,146.85,26475,0,11400.0,CE
2018-09-11 13:49:00,147.9,148.35,142.5,144.55,31650,0,11400.0,CE
2018-09-11 13:50:00,145.0,146.8,144.0,144.0,34425,0,11400.0,CE
2018-09-11 13:51:00,144.7,145.3,140.8,141.25,38475,0,11400.0,CE
2018-09-11 13:52:00,141.95,144.6,141.95,143.85,22125,0,11400.0,CE
2018-09-11 13:53:00,144.95,144.95,142.55,143.65,15675,0,11400.0,CE
2018-09-11 13:54:00,143.0,143.75,141.6,141.95,48825,0,11400.0,CE
2018-09-11 13:55:00,142.0,143.6,141.15,143.6,30075,0,11400.0,CE
2018-09-11 13:56:00,143.0,146.35,143.0,145.75,16950,0,11400.0,CE
2018-09-11 13:57:00,146.1,146.55,143.0,144.15,21900,0,11400.0,CE
2018-09-11 13:58:00,144.0,145.25,142.25,143.4,17175,0,11400.0,CE
2018-09-11 13:59:00,143.8,143.8,139.05,139.05,21900,0,11400.0,CE
2018-09-11 14:00:00,139.35,142.15,134.05,135.1,61800,0,11400.0,CE
2018-09-11 14:01:00,135.05,137.55,134.75,135.0,36975,0,11400.0,CE
2018-09-11 14:02:00,135.8,138.45,135.5,137.9,32175,0,11400.0,CE
2018-09-11 14:03:00,138.15,139.8,136.85,138.15,10725,0,11400.0,CE
2018-09-11 14:04:00,138.3,139.75,135.3,135.3,39600,0,11400.0,CE
2018-09-11 14:05:00,134.65,136.05,134.35,135.5,44700,0,11400.0,CE
2018-09-11 14:06:00,136.45,136.45,132.1,132.3,65850,0,11400.0,CE
2018-09-11 14:07:00,131.95,132.7,129.35,131.65,84675,0,11400.0,CE
2018-09-11 14:08:00,131.15,132.4,130.4,131.35,44850,0,11400.0,CE
2018-09-11 14:09:00,131.0,131.25,128.5,130.05,58800,0,11400.0,CE
2018-09-11 14:10:00,131.0,131.0,128.3,130.0,48825,0,11400.0,CE
2018-09-11 14:11:00,130.75,131.75,129.85,131.5,74100,0,11400.0,CE
2018-09-11 14:12:00,131.1,132.4,130.25,130.25,58575,0,11400.0,CE
2018-09-11 14:13:00,130.05,131.75,129.25,131.75,37425,0,11400.0,CE
2018-09-11 14:14:00,132.3,132.3,125.0,126.75,45375,0,11400.0,CE
2018-09-11 14:15:00,126.7,129.25,126.6,127.45,50250,0,11400.0,CE
2018-09-11 14:16:00,127.15,127.15,123.45,124.05,62775,0,11400.0,CE
2018-09-11 14:17:00,123.5,123.9,120.8,121.4,80625,0,11400.0,CE
2018-09-11 14:18:00,121.2,123.7,119.25,123.7,51075,0,11400.0,CE
2018-09-11 14:19:00,123.75,125.85,123.55,124.05,53475,0,11400.0,CE
2018-09-11 14:20:00,123.55,127.25,123.55,126.45,32700,0,11400.0,CE
2018-09-11 14:21:00,126.5,126.85,122.55,122.75,39825,0,11400.0,CE
2018-09-11 14:22:00,122.0,122.45,118.3,120.2,60675,0,11400.0,CE
2018-09-11 14:23:00,119.05,119.05,115.2,118.45,93525,0,11400.0,CE
2018-09-11 14:24:00,118.4,120.6,118.25,119.25,49350,0,11400.0,CE
2018-09-11 14:25:00,119.55,121.5,119.55,121.4,23850,0,11400.0,CE
2018-09-11 14:26:00,121.15,122.1,120.5,121.7,37725,0,11400.0,CE
2018-09-11 14:27:00,121.7,122.3,119.45,119.45,72750,0,11400.0,CE
2018-09-11 14:28:00,119.0,119.9,113.05,114.5,55800,0,11400.0,CE
2018-09-11 14:29:00,114.3,117.3,114.3,117.3,50100,0,11400.0,CE
2018-09-11 14:30:00,117.2,118.75,116.2,118.4,46500,0,11400.0,CE
2018-09-11 14:31:00,118.05,118.45,115.5,115.5,64050,0,11400.0,CE
2018-09-11 14:32:00,115.0,115.2,112.35,114.45,79575,0,11400.0,CE
2018-09-11 14:33:00,115.0,117.2,114.2,114.45,51450,0,11400.0,CE
2018-09-11 14:34:00,115.0,115.0,111.8,113.4,72300,0,11400.0,CE
2018-09-11 14:35:00,113.0,114.7,112.6,113.65,41700,0,11400.0,CE
2018-09-11 14:36:00,113.55,114.4,112.3,112.3,27675,0,11400.0,CE
2018-09-11 14:37:00,111.3,111.95,107.45,108.25,99075,0,11400.0,CE
2018-09-11 14:38:00,107.7,112.5,107.7,112.2,70950,0,11400.0,CE
2018-09-11 14:39:00,112.45,113.4,111.95,112.55,37425,0,11400.0,CE
2018-09-11 14:40:00,113.0,115.0,111.55,113.25,36675,0,11400.0,CE
2018-09-11 14:41:00,113.9,114.9,113.5,114.0,39825,0,11400.0,CE
2018-09-11 14:42:00,114.5,114.5,110.85,111.65,33675,0,11400.0,CE
2018-09-11 14:43:00,111.65,114.7,111.25,112.0,19725,0,11400.0,CE
2018-09-11 14:44:00,113.1,114.3,111.55,112.95,20400,0,11400.0,CE
2018-09-11 14:45:00,112.7,115.5,111.0,114.45,31200,0,11400.0,CE
2018-09-11 14:46:00,115.05,116.45,111.4,113.65,47475,0,11400.0,CE
2018-09-11 14:47:00,113.75,114.5,112.4,114.5,26475,0,11400.0,CE
2018-09-11 14:48:00,114.45,115.8,112.75,113.4,24075,0,11400.0,CE
2018-09-11 14:49:00,113.05,113.05,111.0,111.0,20250,0,11400.0,CE
2018-09-11 14:50:00,110.95,112.25,109.6,109.9,39825,0,11400.0,CE
2018-09-11 14:51:00,109.35,110.45,107.2,109.45,46425,0,11400.0,CE
2018-09-11 14:52:00,109.7,110.05,107.05,108.8,38925,0,11400.0,CE
2018-09-11 14:53:00,108.65,108.95,104.2,105.05,50850,0,11400.0,CE
2018-09-11 14:54:00,103.8,106.35,103.2,106.2,60075,0,11400.0,CE
2018-09-11 14:55:00,105.95,106.6,103.15,104.6,51975,0,11400.0,CE
2018-09-11 14:56:00,104.0,106.45,103.75,103.9,30000,0,11400.0,CE
2018-09-11 14:57:00,103.65,106.75,102.5,106.65,67125,0,11400.0,CE
2018-09-11 14:58:00,106.75,106.95,104.25,104.55,38100,0,11400.0,CE
2018-09-11 14:59:00,104.85,104.9,101.95,104.25,45675,0,11400.0,CE
2018-09-11 15:00:00,104.75,105.95,102.9,105.15,53625,0,11400.0,CE
2018-09-11 15:01:00,104.6,106.55,104.0,106.55,62775,0,11400.0,CE
2018-09-11 15:02:00,106.25,107.35,105.75,107.35,108600,0,11400.0,CE
2018-09-11 15:03:00,107.05,107.3,105.95,106.1,52050,0,11400.0,CE
2018-09-11 15:04:00,106.45,106.45,101.85,102.1,48000,0,11400.0,CE
2018-09-11 15:05:00,101.65,102.85,100.05,101.25,69675,0,11400.0,CE
2018-09-11 15:06:00,100.25,102.25,100.25,101.65,42000,0,11400.0,CE
2018-09-11 15:07:00,101.15,101.15,98.35,99.65,67725,0,11400.0,CE
2018-09-11 15:08:00,99.0,99.8,98.25,98.8,67200,0,11400.0,CE
2018-09-11 15:09:00,98.4,101.2,97.35,100.6,79350,0,11400.0,CE
2018-09-11 15:10:00,100.2,100.2,97.75,97.75,48375,0,11400.0,CE
2018-09-11 15:11:00,98.0,99.25,97.1,98.5,61650,0,11400.0,CE
2018-09-11 15:12:00,98.55,100.25,98.55,98.7,70800,0,11400.0,CE
2018-09-11 15:13:00,99.0,100.85,98.6,99.25,88050,0,11400.0,CE
2018-09-11 15:14:00,98.95,100.45,98.35,99.5,29475,0,11400.0,CE
2018-09-11 15:15:00,99.95,99.95,95.5,95.8,69150,0,11400.0,CE
2018-09-11 15:16:00,95.45,96.15,93.95,95.9,133725,0,11400.0,CE
2018-09-11 15:17:00,95.75,97.5,95.75,96.55,129450,0,11400.0,CE
2018-09-11 15:18:00,96.3,96.9,94.3,95.65,133950,0,11400.0,CE
2018-09-11 15:19:00,96.0,96.5,94.5,96.5,82125,0,11400.0,CE
2018-09-11 15:20:00,96.5,96.5,95.1,95.9,85875,0,11400.0,CE
2018-09-11 15:21:00,96.25,96.8,95.65,96.8,34875,0,11400.0,CE
2018-09-11 15:22:00,96.7,96.9,96.1,96.7,27375,0,11400.0,CE
2018-09-11 15:23:00,96.4,97.25,95.1,97.0,61275,0,11400.0,CE
2018-09-11 15:24:00,97.3,98.7,97.0,98.5,38025,0,11400.0,CE
2018-09-11 15:25:00,98.45,98.45,97.3,97.75,42000,0,11400.0,CE
2018-09-11 15:26:00,97.65,99.0,97.65,98.85,67125,0,11400.0,CE
2018-09-11 15:27:00,99.1,99.15,95.85,96.25,84975,0,11400.0,CE
2018-09-11 15:28:00,96.3,96.3,94.9,94.9,115950,0,11400.0,CE
2018-09-11 15:29:00,95.2,96.6,94.45,96.1,95775,0,11400.0,CE
2018-09-11 15:30:00,95.2,98.65,94.45,98.65,0,0,11400.0,CE
2018-09-12 09:15:00,99.1,102.2,82.65,85.5,170100,0,11400.0,CE
2018-09-12 09:16:00,86.8,94.4,85.35,93.4,96000,0,11400.0,CE
2018-09-12 09:17:00,93.15,98.65,93.15,96.95,125625,0,11400.0,CE
2018-09-12 09:18:00,96.75,100.65,95.45,96.9,90525,0,11400.0,CE
2018-09-12 09:19:00,97.5,98.4,93.85,96.2,82275,0,11400.0,CE
2018-09-12 09:20:00,96.25,98.0,94.65,95.5,73650,0,11400.0,CE
2018-09-12 09:21:00,95.95,96.1,93.1,94.7,57075,0,11400.0,CE
2018-09-12 09:22:00,94.15,94.9,88.65,88.65,79575,0,11400.0,CE
2018-09-12 09:23:00,88.0,89.95,84.65,86.25,84075,0,11400.0,CE
2018-09-12 09:24:00,85.2,86.45,82.25,84.45,118275,0,11400.0,CE
2018-09-12 09:25:00,84.25,85.0,81.0,84.4,105825,0,11400.0,CE
2018-09-12 09:26:00,85.15,87.05,83.9,87.0,60000,0,11400.0,CE
2018-09-12 09:27:00,86.85,88.8,85.6,88.8,76875,0,11400.0,CE
2018-09-12 09:28:00,88.4,91.2,86.8,90.5,87075,0,11400.0,CE
2018-09-12 09:29:00,90.7,92.35,88.4,92.35,84975,0,11400.0,CE
2018-09-12 09:30:00,91.85,92.0,89.35,91.7,62625,0,11400.0,CE
2018-09-12 09:31:00,91.15,95.0,91.1,93.5,86025,0,11400.0,CE
2018-09-12 09:32:00,93.4,100.05,92.85,100.05,107775,0,11400.0,CE
2018-09-12 09:33:00,100.05,102.0,98.05,100.05,88125,0,11400.0,CE
2018-09-12 09:34:00,100.0,100.95,97.0,98.65,79425,0,11400.0,CE
2018-09-12 09:35:00,98.5,101.35,97.75,101.35,56400,0,11400.0,CE
2018-09-12 09:36:00,101.65,101.8,98.25,98.7,52650,0,11400.0,CE
2018-09-12 09:37:00,98.85,98.85,95.1,95.45,44700,0,11400.0,CE
2018-09-12 09:38:00,95.45,96.55,94.05,95.4,52725,0,11400.0,CE
2018-09-12 09:39:00,95.0,96.0,93.15,93.3,27075,0,11400.0,CE
2018-09-12 09:40:00,93.45,93.45,90.2,92.7,63750,0,11400.0,CE
2018-09-12 09:41:00,92.5,92.5,89.0,89.0,46650,0,11400.0,CE
2018-09-12 09:42:00,88.55,88.85,87.25,88.0,46125,0,11400.0,CE
2018-09-12 09:43:00,87.9,89.95,87.4,89.55,36900,0,11400.0,CE
2018-09-12 09:44:00,89.0,90.9,88.0,88.15,49725,0,11400.0,CE
2018-09-12 09:45:00,88.3,91.0,87.35,90.75,21600,0,11400.0,CE
2018-09-12 09:46:00,90.6,93.8,90.3,93.8,38325,0,11400.0,CE
2018-09-12 09:47:00,93.45,95.3,93.45,95.0,45600,0,11400.0,CE
2018-09-12 09:48:00,95.15,95.15,93.2,94.3,36375,0,11400.0,CE
2018-09-12 09:49:00,94.3,94.85,91.05,91.45,29850,0,11400.0,CE
2018-09-12 09:50:00,91.05,92.85,90.4,91.55,28425,0,11400.0,CE
2018-09-12 09:51:00,91.55,92.0,90.6,91.9,15150,0,11400.0,CE
2018-09-12 09:52:00,91.95,91.95,88.0,89.6,32925,0,11400.0,CE
2018-09-12 09:53:00,89.8,89.8,85.9,85.9,51075,0,11400.0,CE
2018-09-12 09:54:00,85.55,86.05,82.9,83.75,68550,0,11400.0,CE
2018-09-12 09:55:00,84.05,84.85,83.4,84.3,36975,0,11400.0,CE
2018-09-12 09:56:00,84.15,86.35,83.5,86.1,41625,0,11400.0,CE
2018-09-12 09:57:00,85.6,87.7,85.45,87.55,29025,0,11400.0,CE
2018-09-12 09:58:00,87.0,87.0,84.35,84.55,55800,0,11400.0,CE
2018-09-12 09:59:00,85.05,85.05,82.25,84.85,65775,0,11400.0,CE
2018-09-12 10:00:00,84.75,86.0,83.95,84.7,59025,0,11400.0,CE
2018-09-12 10:01:00,85.0,86.75,83.45,83.5,22500,0,11400.0,CE
2018-09-12 10:02:00,83.75,86.35,81.7,81.85,49500,0,11400.0,CE
2018-09-12 10:03:00,81.65,85.0,80.6,82.0,87150,0,11400.0,CE
2018-09-12 10:04:00,81.9,83.45,81.3,81.55,33600,0,11400.0,CE
2018-09-12 10:05:00,81.8,83.3,81.0,83.3,49275,0,11400.0,CE
2018-09-12 10:06:00,83.45,85.3,83.45,84.4,39225,0,11400.0,CE
2018-09-12 10:07:00,84.55,87.0,84.3,85.9,32025,0,11400.0,CE
2018-09-12 10:08:00,86.1,86.6,84.0,84.0,27450,0,11400.0,CE
2018-09-12 10:09:00,83.75,85.1,83.15,83.95,22275,0,11400.0,CE
2018-09-12 10:10:00,84.2,85.6,82.65,85.6,35025,0,11400.0,CE
2018-09-12 10:11:00,85.8,86.65,84.5,86.25,31050,0,11400.0,CE
2018-09-12 10:12:00,86.95,88.25,86.9,88.25,28350,0,11400.0,CE
2018-09-12 10:13:00,89.0,89.65,87.4,88.45,29400,0,11400.0,CE
2018-09-12 10:14:00,88.2,89.8,87.2,89.45,12900,0,11400.0,CE
2018-09-12 10:15:00,90.0,91.9,90.0,90.45,56925,0,11400.0,CE
2018-09-12 10:16:00,90.3,92.25,88.7,90.45,41625,0,11400.0,CE
2018-09-12 10:17:00,91.05,92.5,90.75,91.15,32400,0,11400.0,CE
2018-09-12 10:18:00,91.2,93.8,90.25,93.8,34950,0,11400.0,CE
2018-09-12 10:19:00,93.6,93.8,91.25,92.7,33975,0,11400.0,CE
2018-09-12 10:20:00,93.2,93.3,91.45,91.85,24300,0,11400.0,CE
2018-09-12 10:21:00,92.3,93.25,91.5,93.25,24375,0,11400.0,CE
2018-09-12 10:22:00,93.5,94.1,91.7,91.8,54375,0,11400.0,CE
2018-09-12 10:23:00,91.9,93.15,91.6,91.65,16200,0,11400.0,CE
2018-09-12 10:24:00,91.4,93.2,91.25,91.25,12675,0,11400.0,CE
2018-09-12 10:25:00,91.35,91.55,89.25,89.25,18900,0,11400.0,CE
2018-09-12 10:26:00,88.75,91.6,88.1,91.45,22200,0,11400.0,CE
2018-09-12 10:27:00,91.6,91.7,89.9,90.6,14025,0,11400.0,CE
2018-09-12 10:28:00,90.7,93.65,90.7,93.45,31500,0,11400.0,CE
2018-09-12 10:29:00,93.4,94.7,92.7,93.0,34200,0,11400.0,CE
2018-09-12 10:30:00,93.5,95.7,93.05,95.6,37050,0,11400.0,CE
2018-09-12 10:31:00,95.7,96.0,93.85,94.25,37125,0,11400.0,CE
2018-09-12 10:32:00,94.0,96.0,92.85,95.65,27825,0,11400.0,CE
2018-09-12 10:33:00,96.0,96.0,93.3,93.65,39300,0,11400.0,CE
2018-09-12 10:34:00,93.55,93.55,90.15,90.3,38700,0,11400.0,CE
2018-09-12 10:35:00,90.5,91.0,88.45,88.6,36900,0,11400.0,CE
2018-09-12 10:36:00,88.65,89.05,87.9,88.65,35625,0,11400.0,CE
2018-09-12 10:37:00,88.7,89.9,87.8,89.9,25125,0,11400.0,CE
2018-09-12 10:38:00,89.05,93.85,89.05,93.45,34050,0,11400.0,CE
2018-09-12 10:39:00,93.3,95.5,91.95,95.5,41250,0,11400.0,CE
2018-09-12 10:40:00,95.9,96.75,94.55,95.9,36300,0,11400.0,CE
2018-09-12 10:41:00,95.95,96.45,94.35,96.45,24150,0,11400.0,CE
2018-09-12 10:42:00,96.15,96.15,93.6,95.8,30000,0,11400.0,CE
2018-09-12 10:43:00,95.95,97.55,95.8,96.95,31200,0,11400.0,CE
2018-09-12 10:44:00,97.1,98.6,95.95,97.35,30825,0,11400.0,CE
2018-09-12 10:45:00,97.25,98.8,95.8,95.9,60300,0,11400.0,CE
2018-09-12 10:46:00,95.65,97.25,94.7,97.25,30075,0,11400.0,CE
2018-09-12 10:47:00,97.45,97.5,94.0,94.45,29850,0,11400.0,CE
2018-09-12 10:48:00,94.1,95.9,93.9,95.65,33600,0,11400.0,CE
2018-09-12 10:49:00,95.5,97.15,95.4,95.95,17700,0,11400.0,CE
2018-09-12 10:50:00,96.55,96.6,95.5,95.5,29025,0,11400.0,CE
2018-09-12 10:51:00,95.8,98.0,95.05,97.55,22200,0,11400.0,CE
2018-09-12 10:52:00,97.4,98.1,96.45,96.7,30825,0,11400.0,CE
2018-09-12 10:53:00,96.0,97.15,93.15,93.25,34725,0,11400.0,CE
2018-09-12 10:54:00,93.6,95.2,93.6,94.3,25425,0,11400.0,CE
2018-09-12 10:55:00,93.45,93.7,92.6,93.25,30375,0,11400.0,CE
2018-09-12 10:56:00,93.25,94.4,92.65,93.3,19275,0,11400.0,CE
2018-09-12 10:57:00,93.0,95.5,92.8,94.35,19950,0,11400.0,CE
2018-09-12 10:58:00,94.7,96.1,94.05,94.9,15300,0,11400.0,CE
2018-09-12 10:59:00,95.0,96.5,94.25,95.5,13725,0,11400.0,CE
2018-09-12 11:00:00,95.2,97.3,94.65,96.75,13500,0,11400.0,CE
2018-09-12 11:01:00,96.95,97.6,94.95,95.25,10950,0,11400.0,CE
2018-09-12 11:02:00,95.8,97.55,94.9,94.9,15900,0,11400.0,CE
2018-09-12 11:03:00,95.1,96.15,94.15,95.65,15900,0,11400.0,CE
2018-09-12 11:04:00,95.5,95.5,94.0,95.0,6000,0,11400.0,CE
2018-09-12 11:05:00,94.75,94.9,93.6,93.6,11400,0,11400.0,CE
2018-09-12 11:06:00,93.6,95.5,93.0,95.5,17850,0,11400.0,CE
2018-09-12 11:07:00,95.3,96.35,93.95,94.2,19050,0,11400.0,CE
2018-09-12 11:08:00,94.05,94.05,92.15,92.95,17025,0,11400.0,CE
2018-09-12 11:09:00,93.1,94.95,93.0,93.05,19125,0,11400.0,CE
2018-09-12 11:10:00,93.8,95.0,93.7,93.7,12900,0,11400.0,CE
2018-09-12 11:11:00,94.65,96.8,94.65,96.1,21150,0,11400.0,CE
2018-09-12 11:12:00,96.45,97.25,95.8,96.95,23550,0,11400.0,CE
2018-09-12 11:13:00,97.05,97.5,95.9,95.95,20100,0,11400.0,CE
2018-09-12 11:14:00,96.0,97.4,95.0,96.55,23625,0,11400.0,CE
2018-09-12 11:15:00,97.05,97.95,96.1,97.25,13275,0,11400.0,CE
2018-09-12 11:16:00,96.35,96.35,94.5,94.7,9525,0,11400.0,CE
2018-09-12 11:17:00,94.9,94.9,93.25,94.3,17625,0,11400.0,CE
2018-09-12 11:18:00,93.9,95.35,93.5,95.15,21375,0,11400.0,CE
2018-09-12 11:19:00,95.2,95.65,94.65,94.65,19725,0,11400.0,CE
2018-09-12 11:20:00,94.65,95.7,93.15,93.15,24075,0,11400.0,CE
2018-09-12 11:21:00,93.65,93.8,91.75,92.0,48225,0,11400.0,CE
2018-09-12 11:22:00,92.1,92.4,90.75,91.8,37275,0,11400.0,CE
2018-09-12 11:23:00,91.45,93.25,91.15,93.0,25725,0,11400.0,CE
2018-09-12 11:24:00,92.85,93.85,92.15,92.4,30525,0,11400.0,CE
2018-09-12 11:25:00,92.5,92.7,91.8,91.95,23475,0,11400.0,CE
2018-09-12 11:26:00,91.85,92.5,91.0,91.0,10200,0,11400.0,CE
2018-09-12 11:27:00,90.65,93.4,90.65,91.4,24975,0,11400.0,CE
2018-09-12 11:28:00,91.7,93.4,91.2,92.75,18675,0,11400.0,CE
2018-09-12 11:29:00,92.5,93.95,92.5,93.1,18975,0,11400.0,CE
2018-09-12 11:30:00,93.1,94.7,92.15,94.5,12750,0,11400.0,CE
2018-09-12 11:31:00,94.35,95.6,94.35,95.15,20475,0,11400.0,CE
2018-09-12 11:32:00,95.4,95.4,93.95,95.15,27975,0,11400.0,CE
2018-09-12 11:33:00,95.85,96.4,95.0,96.4,17325,0,11400.0,CE
2018-09-12 11:34:00,96.5,97.0,94.65,94.65,15150,0,11400.0,CE
2018-09-12 11:35:00,95.8,96.5,95.2,95.5,9675,0,11400.0,CE
2018-09-12 11:36:00,95.8,99.4,95.8,98.25,61350,0,11400.0,CE
2018-09-12 11:37:00,98.7,99.5,97.2,99.5,23850,0,11400.0,CE
2018-09-12 11:38:00,99.2,100.55,98.7,100.15,63225,0,11400.0,CE
2018-09-12 11:39:00,100.35,100.35,98.45,98.45,28275,0,11400.0,CE
2018-09-12 11:40:00,98.1,98.55,96.6,96.8,20100,0,11400.0,CE
2018-09-12 11:41:00,97.0,97.8,96.4,97.5,20775,0,11400.0,CE
2018-09-12 11:42:00,97.25,98.3,96.9,98.25,10575,0,11400.0,CE
2018-09-12 11:43:00,98.7,98.7,97.3,98.65,21600,0,11400.0,CE
2018-09-12 11:44:00,98.35,98.7,96.85,96.95,11475,0,11400.0,CE
2018-09-12 11:45:00,96.5,96.5,95.0,96.15,25425,0,11400.0,CE
2018-09-12 11:46:00,96.6,98.5,95.95,96.25,14700,0,11400.0,CE
2018-09-12 11:47:00,96.7,96.7,93.05,93.05,19725,0,11400.0,CE
2018-09-12 11:48:00,93.1,94.75,93.1,94.5,15375,0,11400.0,CE
2018-09-12 11:49:00,94.2,95.35,94.2,94.6,21825,0,11400.0,CE
2018-09-12 11:50:00,94.2,94.5,93.3,93.6,11400,0,11400.0,CE
2018-09-12 11:51:00,93.45,94.1,92.9,93.25,13500,0,11400.0,CE
2018-09-12 11:52:00,92.9,94.1,92.85,93.0,8850,0,11400.0,CE
2018-09-12 11:53:00,92.85,93.9,92.4,92.55,15300,0,11400.0,CE
2018-09-12 11:54:00,92.75,93.8,92.5,93.5,9900,0,11400.0,CE
2018-09-12 11:55:00,93.35,93.85,92.65,93.85,11625,0,11400.0,CE
2018-09-12 11:56:00,93.7,95.5,93.7,95.3,12075,0,11400.0,CE
2018-09-12 11:57:00,95.7,96.5,93.6,93.75,16200,0,11400.0,CE
2018-09-12 11:58:00,94.1,94.1,92.75,93.1,5250,0,11400.0,CE
2018-09-12 11:59:00,93.2,93.3,92.4,93.15,5475,0,11400.0,CE
2018-09-12 12:00:00,93.0,93.0,87.5,88.4,91125,0,11400.0,CE
2018-09-12 12:01:00,88.55,88.8,86.6,87.5,67800,0,11400.0,CE
2018-09-12 12:02:00,87.05,89.0,86.8,89.0,20850,0,11400.0,CE
2018-09-12 12:03:00,89.15,89.15,87.05,87.65,34275,0,11400.0,CE
2018-09-12 12:04:00,87.75,88.0,84.85,84.85,39525,0,11400.0,CE
2018-09-12 12:05:00,85.15,88.0,84.35,87.9,34350,0,11400.0,CE
2018-09-12 12:06:00,87.9,88.5,87.25,88.0,18300,0,11400.0,CE
2018-09-12 12:07:00,87.8,88.2,86.2,87.7,20100,0,11400.0,CE
2018-09-12 12:08:00,88.0,88.4,86.15,87.2,20250,0,11400.0,CE
2018-09-12 12:09:00,87.5,89.4,87.25,89.4,19200,0,11400.0,CE
2018-09-12 12:10:00,89.6,90.15,88.3,89.15,22050,0,11400.0,CE
2018-09-12 12:11:00,89.75,90.0,87.6,88.85,17850,0,11400.0,CE
2018-09-12 12:12:00,89.15,90.0,88.7,90.0,18075,0,11400.0,CE
2018-09-12 12:13:00,90.0,90.5,88.45,90.15,30750,0,11400.0,CE
2018-09-12 12:14:00,90.7,91.7,90.65,91.2,11100,0,11400.0,CE
2018-09-12 12:15:00,91.25,91.25,88.05,88.6,17775,0,11400.0,CE
2018-09-12 12:16:00,88.55,88.8,87.5,88.7,13500,0,11400.0,CE
2018-09-12 12:17:00,89.0,89.2,87.65,87.95,19200,0,11400.0,CE
2018-09-12 12:18:00,87.75,89.45,87.25,89.05,15900,0,11400.0,CE
2018-09-12 12:19:00,88.65,88.65,86.35,86.35,20925,0,11400.0,CE
2018-09-12 12:20:00,86.6,86.95,85.4,86.05,15225,0,11400.0,CE
2018-09-12 12:21:00,85.85,86.8,85.05,85.15,22125,0,11400.0,CE
2018-09-12 12:22:00,84.65,85.6,82.65,83.1,34875,0,11400.0,CE
2018-09-12 12:23:00,83.75,85.15,83.75,84.6,34125,0,11400.0,CE
2018-09-12 12:24:00,84.85,86.8,84.4,86.6,23250,0,11400.0,CE
2018-09-12 12:25:00,86.35,86.45,84.05,84.05,28350,0,11400.0,CE
2018-09-12 12:26:00,84.05,84.05,82.65,82.9,19425,0,11400.0,CE
2018-09-12 12:27:00,82.5,83.45,81.35,81.35,19800,0,11400.0,CE
2018-09-12 12:28:00,81.2,81.75,80.2,81.25,36675,0,11400.0,CE
2018-09-12 12:29:00,81.25,82.9,80.35,82.6,27150,0,11400.0,CE
2018-09-12 12:30:00,82.55,82.75,80.85,81.15,36150,0,11400.0,CE
2018-09-12 12:31:00,80.9,81.0,78.5,79.2,73425,0,11400.0,CE
2018-09-12 12:32:00,78.95,79.0,76.5,76.85,72000,0,11400.0,CE
2018-09-12 12:33:00,76.55,79.55,76.45,78.65,42375,0,11400.0,CE
2018-09-12 12:34:00,78.7,79.45,77.5,79.0,20625,0,11400.0,CE
2018-09-12 12:35:00,79.3,79.3,77.95,78.35,48825,0,11400.0,CE
2018-09-12 12:36:00,77.75,77.85,75.9,76.35,42750,0,11400.0,CE
2018-09-12 12:37:00,76.2,78.1,76.2,77.45,99000,0,11400.0,CE
2018-09-12 12:38:00,77.1,78.3,76.9,77.9,98325,0,11400.0,CE
2018-09-12 12:39:00,77.35,79.55,77.0,79.15,48000,0,11400.0,CE
2018-09-12 12:40:00,79.45,82.15,79.25,81.15,58350,0,11400.0,CE
2018-09-12 12:41:00,81.4,82.45,80.55,82.25,47100,0,11400.0,CE
2018-09-12 12:42:00,82.4,82.7,81.6,82.0,28725,0,11400.0,CE
2018-09-12 12:43:00,82.4,83.2,81.5,81.5,25500,0,11400.0,CE
2018-09-12 12:44:00,81.7,81.7,79.9,80.85,24150,0,11400.0,CE
2018-09-12 12:45:00,80.9,82.25,80.2,80.45,19125,0,11400.0,CE
2018-09-12 12:46:00,80.4,81.35,79.55,80.5,29700,0,11400.0,CE
2018-09-12 12:47:00,80.05,80.95,79.0,80.1,32175,0,11400.0,CE
2018-09-12 12:48:00,80.5,81.05,79.5,80.0,22500,0,11400.0,CE
2018-09-12 12:49:00,79.8,81.2,79.75,79.75,13725,0,11400.0,CE
2018-09-12 12:50:00,79.6,80.45,79.0,79.2,19650,0,11400.0,CE
2018-09-12 12:51:00,79.05,79.7,78.7,79.05,16500,0,11400.0,CE
2018-09-12 12:52:00,78.85,80.45,78.7,79.4,50625,0,11400.0,CE
2018-09-12 12:53:00,79.55,79.65,77.8,78.85,50100,0,11400.0,CE
2018-09-12 12:54:00,78.25,78.9,77.45,77.95,38550,0,11400.0,CE
2018-09-12 12:55:00,78.05,79.75,78.05,78.3,16050,0,11400.0,CE
2018-09-12 12:56:00,78.55,79.0,77.75,78.15,27450,0,11400.0,CE
2018-09-12 12:57:00,78.05,80.2,77.8,80.0,21825,0,11400.0,CE
2018-09-12 12:58:00,80.75,82.3,80.5,82.0,41325,0,11400.0,CE
2018-09-12 12:59:00,82.0,83.25,81.5,82.2,43950,0,11400.0,CE
2018-09-12 13:00:00,81.95,82.4,80.55,81.1,19875,0,11400.0,CE
2018-09-12 13:01:00,81.05,81.05,78.85,78.95,27000,0,11400.0,CE
2018-09-12 13:02:00,78.85,78.9,77.65,78.3,23775,0,11400.0,CE
2018-09-12 13:03:00,78.05,78.6,76.35,76.95,30450,0,11400.0,CE
2018-09-12 13:04:00,77.05,79.75,77.05,79.5,34275,0,11400.0,CE
2018-09-12 13:05:00,79.5,81.0,79.45,81.0,24675,0,11400.0,CE
2018-09-12 13:06:00,82.6,83.4,81.4,82.6,32550,0,11400.0,CE
2018-09-12 13:07:00,84.25,84.95,82.45,84.25,51900,0,11400.0,CE
2018-09-12 13:08:00,84.0,87.75,84.0,87.75,50400,0,11400.0,CE
2018-09-12 13:09:00,87.25,88.3,86.4,88.3,76575,0,11400.0,CE
2018-09-12 13:10:00,88.0,89.5,86.8,87.15,88725,0,11400.0,CE
2018-09-12 13:11:00,86.9,88.0,84.9,85.0,57900,0,11400.0,CE
2018-09-12 13:12:00,85.3,87.1,84.95,85.55,41325,0,11400.0,CE
2018-09-12 13:13:00,85.25,85.55,83.5,84.65,20250,0,11400.0,CE
2018-09-12 13:14:00,85.4,86.85,84.7,86.85,43125,0,11400.0,CE
2018-09-12 13:15:00,87.0,89.0,86.6,89.0,46800,0,11400.0,CE
2018-09-12 13:16:00,88.0,88.95,86.65,88.45,46425,0,11400.0,CE
2018-09-12 13:17:00,88.85,90.75,88.45,90.75,56850,0,11400.0,CE
2018-09-12 13:18:00,91.4,92.55,90.9,91.5,52200,0,11400.0,CE
2018-09-12 13:19:00,92.05,92.75,90.75,90.95,59925,0,11400.0,CE
2018-09-12 13:20:00,90.95,93.35,90.7,91.4,49350,0,11400.0,CE
2018-09-12 13:21:00,91.55,92.05,89.8,90.95,27375,0,11400.0,CE
2018-09-12 13:22:00,91.0,93.0,90.6,91.1,35100,0,11400.0,CE
2018-09-12 13:23:00,91.0,93.55,90.65,93.05,50475,0,11400.0,CE
2018-09-12 13:24:00,93.05,93.55,90.15,90.65,36450,0,11400.0,CE
2018-09-12 13:25:00,90.5,92.4,90.35,90.65,33000,0,11400.0,CE
2018-09-12 13:26:00,90.5,91.35,89.1,89.3,33750,0,11400.0,CE
2018-09-12 13:27:00,90.0,92.2,90.0,91.7,33525,0,11400.0,CE
2018-09-12 13:28:00,91.75,92.25,90.6,90.7,15825,0,11400.0,CE
2018-09-12 13:29:00,90.05,91.25,88.5,88.5,32400,0,11400.0,CE
2018-09-12 13:30:00,88.5,89.05,85.4,85.55,36525,0,11400.0,CE
2018-09-12 13:31:00,85.75,86.9,85.55,86.05,23625,0,11400.0,CE
2018-09-12 13:32:00,86.5,88.75,86.5,87.85,26175,0,11400.0,CE
2018-09-12 13:33:00,88.05,89.35,87.35,89.35,13950,0,11400.0,CE
2018-09-12 13:34:00,89.15,90.25,89.1,90.0,24000,0,11400.0,CE
2018-09-12 13:35:00,89.95,89.95,87.3,87.45,16050,0,11400.0,CE
2018-09-12 13:36:00,86.85,88.6,86.8,87.0,12675,0,11400.0,CE
2018-09-12 13:37:00,87.0,88.1,86.6,88.1,7800,0,11400.0,CE
2018-09-12 13:38:00,87.8,88.9,87.7,88.5,7800,0,11400.0,CE
2018-09-12 13:39:00,88.75,90.55,88.75,89.75,26775,0,11400.0,CE
2018-09-12 13:40:00,89.25,90.4,89.0,89.0,22425,0,11400.0,CE
2018-09-12 13:41:00,89.3,91.8,89.3,91.45,17775,0,11400.0,CE
2018-09-12 13:42:00,91.95,93.05,91.95,92.5,37275,0,11400.0,CE
2018-09-12 13:43:00,92.5,93.25,91.55,92.05,21075,0,11400.0,CE
2018-09-12 13:44:00,92.3,94.45,92.3,93.95,26025,0,11400.0,CE
2018-09-12 13:45:00,94.35,96.95,94.35,96.95,67725,0,11400.0,CE
2018-09-12 13:46:00,97.45,100.8,97.2,100.8,104325,0,11400.0,CE
2018-09-12 13:47:00,101.35,102.65,99.3,100.25,126150,0,11400.0,CE
2018-09-12 13:48:00,99.45,102.0,98.3,101.75,49425,0,11400.0,CE
2018-09-12 13:49:00,102.35,105.25,101.95,105.0,123975,0,11400.0,CE
2018-09-12 13:50:00,104.25,106.8,104.15,105.0,92925,0,11400.0,CE
2018-09-12 13:51:00,104.6,105.8,101.35,101.35,64725,0,11400.0,CE
2018-09-12 13:52:00,102.15,102.85,100.5,101.5,56400,0,11400.0,CE
2018-09-12 13:53:00,101.5,102.1,99.6,101.25,49425,0,11400.0,CE
2018-09-12 13:54:00,101.4,105.55,101.4,105.25,67725,0,11400.0,CE
2018-09-12 13:55:00,105.15,107.5,105.1,105.7,65775,0,11400.0,CE
2018-09-12 13:56:00,105.55,109.8,105.5,107.7,79800,0,11400.0,CE
2018-09-12 13:57:00,107.8,109.0,105.65,106.0,57600,0,11400.0,CE
2018-09-12 13:58:00,106.0,107.5,105.2,107.5,48825,0,11400.0,CE
2018-09-12 13:59:00,108.45,111.05,108.45,110.25,169200,0,11400.0,CE
2018-09-12 14:00:00,111.85,114.05,111.4,112.0,137925,0,11400.0,CE
2018-09-12 14:01:00,112.6,118.0,112.6,116.35,125025,0,11400.0,CE
2018-09-12 14:02:00,116.65,122.1,116.65,121.45,160275,0,11400.0,CE
2018-09-12 14:03:00,120.75,123.0,118.85,122.8,101175,0,11400.0,CE
2018-09-12 14:04:00,123.1,128.85,123.1,125.4,176400,0,11400.0,CE
2018-09-12 14:05:00,125.1,125.5,122.55,123.05,79275,0,11400.0,CE
2018-09-12 14:06:00,123.3,124.5,118.55,118.55,111600,0,11400.0,CE
2018-09-12 14:07:00,118.95,118.95,115.05,115.05,78975,0,11400.0,CE
2018-09-12 14:08:00,115.65,116.45,112.0,115.5,102675,0,11400.0,CE
2018-09-12 14:09:00,116.7,118.5,113.55,117.35,60000,0,11400.0,CE
2018-09-12 14:10:00,117.0,117.9,113.8,116.25,62400,0,11400.0,CE
2018-09-12 14:11:00,115.75,120.05,115.75,117.35,119850,0,11400.0,CE
2018-09-12 14:12:00,117.4,120.0,116.2,118.4,52875,0,11400.0,CE
2018-09-12 14:13:00,118.85,120.3,117.2,118.1,49950,0,11400.0,CE
2018-09-12 14:14:00,119.0,122.65,119.0,122.3,50475,0,11400.0,CE
2018-09-12 14:15:00,122.05,127.0,121.2,126.8,92775,0,11400.0,CE
2018-09-12 14:16:00,127.0,127.65,123.6,124.25,72675,0,11400.0,CE
2018-09-12 14:17:00,124.25,126.75,121.0,121.1,51300,0,11400.0,CE
2018-09-12 14:18:00,120.95,122.1,117.65,122.1,61500,0,11400.0,CE
2018-09-12 14:19:00,121.6,122.7,118.25,119.0,40575,0,11400.0,CE
2018-09-12 14:20:00,118.95,123.75,118.95,123.55,36075,0,11400.0,CE
2018-09-12 14:21:00,123.9,127.5,123.0,125.7,67125,0,11400.0,CE
2018-09-12 14:22:00,125.0,126.6,122.9,125.55,48300,0,11400.0,CE
2018-09-12 14:23:00,125.4,127.0,123.25,125.7,51000,0,11400.0,CE
2018-09-12 14:24:00,126.0,129.65,126.0,129.65,126975,0,11400.0,CE
2018-09-12 14:25:00,128.55,128.55,122.5,123.0,69300,0,11400.0,CE
2018-09-12 14:26:00,124.65,125.2,121.55,123.0,51825,0,11400.0,CE
2018-09-12 14:27:00,123.65,124.0,121.6,123.5,34950,0,11400.0,CE
2018-09-12 14:28:00,124.7,127.35,124.65,124.8,44850,0,11400.0,CE
2018-09-12 14:29:00,124.7,125.25,122.5,123.6,27375,0,11400.0,CE
2018-09-12 14:30:00,124.9,128.8,124.05,127.1,78750,0,11400.0,CE
2018-09-12 14:31:00,126.6,126.9,122.5,122.75,22275,0,11400.0,CE
2018-09-12 14:32:00,123.0,124.8,122.0,123.35,30600,0,11400.0,CE
2018-09-12 14:33:00,122.9,124.0,120.55,121.35,73500,0,11400.0,CE
2018-09-12 14:34:00,121.35,121.5,117.35,118.5,56100,0,11400.0,CE
2018-09-12 14:35:00,118.75,119.5,115.75,116.2,51450,0,11400.0,CE
2018-09-12 14:36:00,116.65,117.5,115.45,117.5,58725,0,11400.0,CE
2018-09-12 14:37:00,117.5,117.8,115.7,117.3,27900,0,11400.0,CE
2018-09-12 14:38:00,116.7,120.45,116.7,118.95,62250,0,11400.0,CE
2018-09-12 14:39:00,119.25,120.65,118.2,118.5,44025,0,11400.0,CE
2018-09-12 14:40:00,118.6,119.8,117.2,117.5,28575,0,11400.0,CE
2018-09-12 14:41:00,117.05,118.75,116.0,118.7,39675,0,11400.0,CE
2018-09-12 14:42:00,119.0,123.5,119.0,122.1,64575,0,11400.0,CE
2018-09-12 14:43:00,122.0,126.0,121.6,125.0,55500,0,11400.0,CE
2018-09-12 14:44:00,124.2,126.65,123.9,125.5,49200,0,11400.0,CE
2018-09-12 14:45:00,125.6,126.85,125.4,125.85,54300,0,11400.0,CE
2018-09-12 14:46:00,125.2,126.0,122.55,122.55,27375,0,11400.0,CE
2018-09-12 14:47:00,122.7,125.5,122.65,124.45,19125,0,11400.0,CE
2018-09-12 14:48:00,124.35,124.7,121.5,124.3,17850,0,11400.0,CE
2018-09-12 14:49:00,124.65,124.7,122.65,123.65,27975,0,11400.0,CE
2018-09-12 14:50:00,123.45,123.45,121.5,122.0,12075,0,11400.0,CE
2018-09-12 14:51:00,122.85,124.0,122.85,123.0,10800,0,11400.0,CE
2018-09-12 14:52:00,123.4,124.55,122.4,122.9,18750,0,11400.0,CE
2018-09-12 14:53:00,122.55,123.0,122.0,122.0,7350,0,11400.0,CE
2018-09-12 14:54:00,122.25,122.35,119.2,119.85,31275,0,11400.0,CE
2018-09-12 14:55:00,119.3,121.4,118.9,121.2,24825,0,11400.0,CE
2018-09-12 14:56:00,121.1,122.5,119.55,120.05,25800,0,11400.0,CE
2018-09-12 14:57:00,120.9,123.85,120.9,123.7,11400,0,11400.0,CE
2018-09-12 14:58:00,123.2,123.6,121.65,122.8,9225,0,11400.0,CE
2018-09-12 14:59:00,122.4,123.75,120.25,121.05,13500,0,11400.0,CE
2018-09-12 15:00:00,121.15,121.15,116.9,116.95,56400,0,11400.0,CE
2018-09-12 15:01:00,116.7,116.9,113.65,113.9,79575,0,11400.0,CE
2018-09-12 15:02:00,113.95,117.9,113.95,117.3,63375,0,11400.0,CE
2018-09-12 15:03:00,117.35,120.25,117.35,120.1,32325,0,11400.0,CE
2018-09-12 15:04:00,120.1,120.2,116.45,116.55,19800,0,11400.0,CE
2018-09-12 15:05:00,117.0,119.3,117.0,118.8,23850,0,11400.0,CE
2018-09-12 15:06:00,119.0,120.8,119.0,120.65,27675,0,11400.0,CE
2018-09-12 15:07:00,121.2,123.7,121.15,123.0,39375,0,11400.0,CE
2018-09-12 15:08:00,122.5,123.75,121.75,123.5,21600,0,11400.0,CE
2018-09-12 15:09:00,123.8,124.6,122.0,122.65,58575,0,11400.0,CE
2018-09-12 15:10:00,122.8,125.75,122.8,125.25,78000,0,11400.0,CE
2018-09-12 15:11:00,126.0,127.2,125.0,127.0,48450,0,11400.0,CE
2018-09-12 15:12:00,127.0,127.7,126.7,127.25,40350,0,11400.0,CE
2018-09-12 15:13:00,127.25,127.45,123.65,124.3,21000,0,11400.0,CE
2018-09-12 15:14:00,124.25,125.5,123.35,124.05,22050,0,11400.0,CE
2018-09-12 15:15:00,123.8,126.75,123.35,126.75,28275,0,11400.0,CE
2018-09-12 15:16:00,126.45,127.2,124.95,125.25,47325,0,11400.0,CE
2018-09-12 15:17:00,125.1,126.0,124.85,126.0,18075,0,11400.0,CE
2018-09-12 15:18:00,125.55,125.55,123.55,124.7,26850,0,11400.0,CE
2018-09-12 15:19:00,124.65,124.95,123.45,124.5,26325,0,11400.0,CE
2018-09-12 15:20:00,124.2,125.45,123.5,124.4,44550,0,11400.0,CE
2018-09-12 15:21:00,124.0,124.6,123.6,124.3,14775,0,11400.0,CE
2018-09-12 15:22:00,124.1,125.4,123.95,125.1,26100,0,11400.0,CE
2018-09-12 15:23:00,125.4,125.85,124.15,124.95,50400,0,11400.0,CE
2018-09-12 15:24:00,124.6,124.6,121.05,121.15,73500,0,11400.0,CE
2018-09-12 15:25:00,121.55,122.6,121.0,122.1,53025,0,11400.0,CE
2018-09-12 15:26:00,122.15,122.25,121.2,121.7,61350,0,11400.0,CE
2018-09-12 15:27:00,121.55,122.0,120.6,121.25,92850,0,11400.0,CE
2018-09-12 15:28:00,121.05,122.05,120.95,122.0,117750,0,11400.0,CE
2018-09-12 15:29:00,121.95,121.95,119.25,121.5,89700,0,11400.0,CE
2018-09-12 15:30:00,121.95,122.15,119.25,122.15,0,0,11400.0,CE
2018-09-14 09:15:00,158.6,167.45,155.5,163.6,218700,0,11400.0,CE
2018-09-14 09:16:00,163.0,163.0,156.5,157.05,150150,0,11400.0,CE
2018-09-14 09:17:00,157.35,162.15,157.35,159.65,110850,0,11400.0,CE
2018-09-14 09:18:00,158.75,159.6,155.4,155.4,90375,0,11400.0,CE
2018-09-14 09:19:00,155.5,156.05,148.05,148.6,68025,0,11400.0,CE
2018-09-14 09:20:00,149.0,156.4,147.95,152.95,76875,0,11400.0,CE
2018-09-14 09:21:00,153.4,156.5,152.5,156.5,42225,0,11400.0,CE
2018-09-14 09:22:00,157.0,157.4,152.85,153.35,30225,0,11400.0,CE
2018-09-14 09:23:00,152.8,154.35,150.7,154.35,31800,0,11400.0,CE
2018-09-14 09:24:00,153.95,154.9,150.15,150.15,24675,0,11400.0,CE
2018-09-14 09:25:00,152.2,154.15,151.25,153.95,25125,0,11400.0,CE
2018-09-14 09:26:00,154.3,155.0,150.0,150.25,27825,0,11400.0,CE
2018-09-14 09:27:00,150.3,153.15,149.3,150.0,38025,0,11400.0,CE
2018-09-14 09:28:00,150.25,152.6,149.3,150.85,34125,0,11400.0,CE
2018-09-14 09:29:00,151.05,153.7,150.45,152.85,26850,0,11400.0,CE
2018-09-14 09:30:00,154.0,155.0,152.75,152.75,27000,0,11400.0,CE
2018-09-14 09:31:00,152.1,153.0,150.6,151.6,27225,0,11400.0,CE
2018-09-14 09:32:00,152.65,152.9,150.2,150.2,21225,0,11400.0,CE
2018-09-14 09:33:00,151.8,152.5,150.2,151.55,20850,0,11400.0,CE
2018-09-14 09:34:00,151.45,154.4,151.45,152.95,22200,0,11400.0,CE
2018-09-14 09:35:00,152.7,153.5,150.0,150.55,20700,0,11400.0,CE
2018-09-14 09:36:00,150.5,150.55,147.0,149.25,46725,0,11400.0,CE
2018-09-14 09:37:00,149.05,151.7,149.0,150.65,43950,0,11400.0,CE
2018-09-14 09:38:00,151.0,151.0,145.5,145.5,37050,0,11400.0,CE
2018-09-14 09:39:00,145.85,146.55,145.0,145.75,32175,0,11400.0,CE
2018-09-14 09:40:00,146.45,147.9,145.45,147.7,27825,0,11400.0,CE
2018-09-14 09:41:00,147.7,148.25,142.7,145.35,27225,0,11400.0,CE
2018-09-14 09:42:00,146.35,148.0,145.45,147.75,24225,0,11400.0,CE
2018-09-14 09:43:00,147.75,150.75,146.55,150.0,17775,0,11400.0,CE
2018-09-14 09:44:00,149.25,151.85,148.9,149.1,21900,0,11400.0,CE
2018-09-14 09:45:00,149.05,152.7,149.05,151.05,13575,0,11400.0,CE
2018-09-14 09:46:00,151.0,152.45,149.65,150.3,10275,0,11400.0,CE
2018-09-14 09:47:00,150.9,153.0,149.8,151.5,12975,0,11400.0,CE
2018-09-14 09:48:00,151.7,153.2,151.55,151.55,17025,0,11400.0,CE
2018-09-14 09:49:00,151.9,152.75,149.95,150.0,10275,0,11400.0,CE
2018-09-14 09:50:00,151.95,153.45,150.8,151.65,20025,0,11400.0,CE
2018-09-14 09:51:00,151.7,152.0,150.15,150.7,12300,0,11400.0,CE
2018-09-14 09:52:00,150.85,153.3,150.4,150.4,13275,0,11400.0,CE
2018-09-14 09:53:00,150.25,152.7,150.25,151.05,15825,0,11400.0,CE
2018-09-14 09:54:00,151.9,151.9,147.85,148.3,14025,0,11400.0,CE
2018-09-14 09:55:00,147.7,149.95,147.0,149.95,11325,0,11400.0,CE
2018-09-14 09:56:00,150.5,150.5,147.05,149.45,17100,0,11400.0,CE
2018-09-14 09:57:00,148.7,150.2,147.6,149.45,12075,0,11400.0,CE
2018-09-14 09:58:00,150.45,152.7,150.05,152.7,9150,0,11400.0,CE
2018-09-14 09:59:00,152.45,153.5,152.2,152.6,10350,0,11400.0,CE
2018-09-14 10:00:00,152.8,154.9,152.8,154.9,22650,0,11400.0,CE
2018-09-14 10:01:00,155.0,155.1,153.55,154.0,31350,0,11400.0,CE
2018-09-14 10:02:00,154.0,155.55,153.85,155.0,10575,0,11400.0,CE
2018-09-14 10:03:00,155.3,155.9,154.8,155.35,11550,0,11400.0,CE
2018-09-14 10:04:00,155.0,155.8,153.75,155.5,9525,0,11400.0,CE
2018-09-14 10:05:00,155.7,155.95,155.5,155.95,14550,0,11400.0,CE
2018-09-14 10:06:00,155.0,157.35,154.65,157.0,25650,0,11400.0,CE
2018-09-14 10:07:00,157.6,158.95,157.3,158.55,36150,0,11400.0,CE
2018-09-14 10:08:00,158.75,160.55,158.75,159.0,25875,0,11400.0,CE
2018-09-14 10:09:00,158.75,158.75,156.2,158.35,16050,0,11400.0,CE
2018-09-14 10:10:00,158.45,158.95,157.0,158.15,24450,0,11400.0,CE
2018-09-14 10:11:00,157.8,158.65,156.65,157.85,9525,0,11400.0,CE
2018-09-14 10:12:00,158.15,158.9,157.85,158.65,15600,0,11400.0,CE
2018-09-14 10:13:00,158.55,158.55,157.15,157.8,15600,0,11400.0,CE
2018-09-14 10:14:00,157.1,157.65,155.75,156.55,41025,0,11400.0,CE
2018-09-14 10:15:00,156.8,156.9,154.55,154.55,20475,0,11400.0,CE
2018-09-14 10:16:00,154.7,156.85,154.5,156.65,12975,0,11400.0,CE
2018-09-14 10:17:00,156.4,157.75,155.5,156.2,12150,0,11400.0,CE
2018-09-14 10:18:00,156.55,156.55,154.5,154.5,3975,0,11400.0,CE
2018-09-14 10:19:00,154.1,156.35,153.6,155.25,9750,0,11400.0,CE
2018-09-14 10:20:00,155.05,156.0,154.05,155.95,3450,0,11400.0,CE
2018-09-14 10:21:00,155.3,156.3,154.05,154.35,2850,0,11400.0,CE
2018-09-14 10:22:00,154.6,154.95,153.6,153.95,13950,0,11400.0,CE
2018-09-14 10:23:00,154.0,155.95,153.5,155.5,7275,0,11400.0,CE
2018-09-14 10:24:00,155.5,156.35,154.65,155.75,6375,0,11400.0,CE
2018-09-14 10:25:00,155.5,156.3,154.4,154.4,16050,0,11400.0,CE
2018-09-14 10:26:00,154.15,157.9,154.15,157.9,25725,0,11400.0,CE
2018-09-14 10:27:00,157.6,158.7,156.55,158.45,13275,0,11400.0,CE
2018-09-14 10:28:00,158.15,158.5,157.55,158.3,9900,0,11400.0,CE
2018-09-14 10:29:00,158.4,159.0,157.5,158.85,11025,0,11400.0,CE
2018-09-14 10:30:00,159.0,159.05,157.1,158.55,18900,0,11400.0,CE
2018-09-14 10:31:00,158.8,159.0,158.55,158.9,11175,0,11400.0,CE
2018-09-14 10:32:00,158.3,160.55,158.0,160.0,19425,0,11400.0,CE
2018-09-14 10:33:00,159.65,162.55,159.25,161.7,26625,0,11400.0,CE
2018-09-14 10:34:00,161.6,161.9,160.4,160.9,11850,0,11400.0,CE
2018-09-14 10:35:00,160.95,161.5,160.05,161.25,8325,0,11400.0,CE
2018-09-14 10:36:00,161.3,162.7,160.8,162.55,12225,0,11400.0,CE
2018-09-14 10:37:00,162.6,163.0,162.05,162.65,10950,0,11400.0,CE
2018-09-14 10:38:00,162.0,162.3,161.65,162.05,14550,0,11400.0,CE
2018-09-14 10:39:00,162.05,162.75,161.3,161.3,12225,0,11400.0,CE
2018-09-14 10:40:00,161.15,161.2,159.3,160.25,15900,0,11400.0,CE
2018-09-14 10:41:00,160.5,160.55,159.85,160.35,7200,0,11400.0,CE
2018-09-14 10:42:00,160.35,161.5,160.0,160.25,9000,0,11400.0,CE
2018-09-14 10:43:00,160.4,163.3,160.15,162.25,50250,0,11400.0,CE
2018-09-14 10:44:00,162.35,164.7,161.6,161.6,49125,0,11400.0,CE
2018-09-14 10:45:00,162.0,162.15,160.1,160.35,8925,0,11400.0,CE
2018-09-14 10:46:00,160.25,161.5,160.15,160.45,12300,0,11400.0,CE
2018-09-14 10:47:00,160.85,161.35,160.15,161.05,17925,0,11400.0,CE
2018-09-14 10:48:00,160.3,161.5,160.3,161.05,2775,0,11400.0,CE
2018-09-14 10:49:00,160.7,161.7,160.25,161.0,7425,0,11400.0,CE
2018-09-14 10:50:00,160.55,161.0,160.0,160.0,6375,0,11400.0,CE
2018-09-14 10:51:00,160.0,160.6,158.1,158.5,7500,0,11400.0,CE
2018-09-14 10:52:00,159.1,159.75,158.45,159.2,5925,0,11400.0,CE
2018-09-14 10:53:00,159.5,159.5,158.3,158.3,1425,0,11400.0,CE
2018-09-14 10:54:00,158.0,158.35,157.0,157.5,19350,0,11400.0,CE
2018-09-14 10:55:00,158.0,158.3,157.0,157.3,9525,0,11400.0,CE
2018-09-14 10:56:00,157.15,157.15,155.1,155.35,13575,0,11400.0,CE
2018-09-14 10:57:00,155.45,156.65,155.35,156.4,6450,0,11400.0,CE
2018-09-14 10:58:00,156.1,157.3,156.1,156.8,9225,0,11400.0,CE
2018-09-14 10:59:00,156.5,156.5,154.4,155.35,14775,0,11400.0,CE
2018-09-14 11:00:00,155.25,156.75,154.75,156.75,4350,0,11400.0,CE
2018-09-14 11:01:00,155.55,157.45,155.55,156.75,3000,0,11400.0,CE
2018-09-14 11:02:00,156.45,157.0,156.0,156.15,3000,0,11400.0,CE
2018-09-14 11:03:00,156.1,158.1,156.1,156.85,9450,0,11400.0,CE
2018-09-14 11:04:00,156.55,158.45,156.3,158.0,11475,0,11400.0,CE
2018-09-14 11:05:00,157.75,158.0,157.05,157.1,5100,0,11400.0,CE
2018-09-14 11:06:00,157.3,158.6,157.3,157.5,9225,0,11400.0,CE
2018-09-14 11:07:00,157.85,159.5,157.7,157.7,9000,0,11400.0,CE
2018-09-14 11:08:00,157.95,158.3,157.5,158.3,4050,0,11400.0,CE
2018-09-14 11:09:00,158.3,161.0,158.3,160.0,16050,0,11400.0,CE
2018-09-14 11:10:00,160.0,160.5,158.9,160.2,11100,0,11400.0,CE
2018-09-14 11:11:00,160.35,161.0,160.15,161.0,7425,0,11400.0,CE
2018-09-14 11:12:00,161.0,161.0,159.9,160.5,5025,0,11400.0,CE
2018-09-14 11:13:00,160.45,160.45,158.7,158.7,5475,0,11400.0,CE
2018-09-14 11:14:00,158.9,158.9,158.0,158.45,2700,0,11400.0,CE
2018-09-14 11:15:00,158.05,160.6,158.05,160.6,4800,0,11400.0,CE
2018-09-14 11:16:00,160.05,160.55,159.6,160.0,7875,0,11400.0,CE
2018-09-14 11:17:00,159.6,160.55,159.5,159.55,7950,0,11400.0,CE
2018-09-14 11:18:00,160.15,161.0,159.65,160.05,7500,0,11400.0,CE
2018-09-14 11:19:00,159.75,161.35,159.75,161.05,14325,0,11400.0,CE
2018-09-14 11:20:00,160.9,161.4,158.5,158.5,10725,0,11400.0,CE
2018-09-14 11:21:00,158.6,160.7,158.45,160.5,4200,0,11400.0,CE
2018-09-14 11:22:00,160.45,160.45,159.25,159.5,4200,0,11400.0,CE
2018-09-14 11:23:00,159.45,160.0,158.7,160.0,4575,0,11400.0,CE
2018-09-14 11:24:00,159.7,160.7,159.7,159.7,5700,0,11400.0,CE
2018-09-14 11:25:00,160.7,160.7,159.1,159.1,1875,0,11400.0,CE
2018-09-14 11:26:00,159.6,159.9,158.4,158.6,4125,0,11400.0,CE
2018-09-14 11:27:00,158.4,158.4,155.8,156.3,18300,0,11400.0,CE
2018-09-14 11:28:00,156.05,156.75,155.7,156.0,15075,0,11400.0,CE
2018-09-14 11:29:00,156.0,156.0,154.5,154.7,15975,0,11400.0,CE
2018-09-14 11:30:00,155.45,155.45,152.9,153.05,11775,0,11400.0,CE
2018-09-14 11:31:00,152.95,154.0,152.95,153.2,15825,0,11400.0,CE
2018-09-14 11:32:00,153.8,154.3,151.0,152.0,23175,0,11400.0,CE
2018-09-14 11:33:00,151.75,152.45,151.4,152.15,8175,0,11400.0,CE
2018-09-14 11:34:00,152.75,153.85,152.5,153.0,6600,0,11400.0,CE
2018-09-14 11:35:00,152.95,153.0,152.0,152.0,9525,0,11400.0,CE
2018-09-14 11:36:00,152.0,152.5,151.45,151.45,4275,0,11400.0,CE
2018-09-14 11:37:00,151.8,151.8,149.0,150.35,16725,0,11400.0,CE
2018-09-14 11:38:00,150.4,150.75,149.5,149.5,6225,0,11400.0,CE
2018-09-14 11:39:00,149.95,149.95,145.05,145.05,30975,0,11400.0,CE
2018-09-14 11:40:00,145.2,146.75,141.5,142.95,29925,0,11400.0,CE
2018-09-14 11:41:00,142.8,146.5,142.8,146.45,23850,0,11400.0,CE
2018-09-14 11:42:00,147.05,148.3,146.55,147.0,13800,0,11400.0,CE
2018-09-14 11:43:00,146.95,149.9,146.15,149.9,6225,0,11400.0,CE
2018-09-14 11:44:00,149.0,150.45,148.95,149.75,10725,0,11400.0,CE
2018-09-14 11:45:00,149.95,149.95,147.25,147.95,9375,0,11400.0,CE
2018-09-14 11:46:00,147.95,148.55,146.75,147.75,5400,0,11400.0,CE
2018-09-14 11:47:00,148.0,148.1,146.05,146.35,6300,0,11400.0,CE
2018-09-14 11:48:00,146.3,148.75,146.3,148.55,4050,0,11400.0,CE
2018-09-14 11:49:00,148.9,150.0,148.9,149.6,8550,0,11400.0,CE
2018-09-14 11:50:00,148.8,149.4,148.05,148.75,5850,0,11400.0,CE
2018-09-14 11:51:00,149.85,149.85,146.35,147.05,4800,0,11400.0,CE
2018-09-14 11:52:00,147.05,147.05,145.05,145.6,13275,0,11400.0,CE
2018-09-14 11:53:00,146.4,146.7,144.95,146.05,11100,0,11400.0,CE
2018-09-14 11:54:00,145.9,146.2,144.4,145.75,14925,0,11400.0,CE
2018-09-14 11:55:00,145.95,148.1,145.4,148.1,7950,0,11400.0,CE
2018-09-14 11:56:00,148.55,151.0,148.55,149.95,16275,0,11400.0,CE
2018-09-14 11:57:00,149.5,149.5,147.4,148.4,9750,0,11400.0,CE
2018-09-14 11:58:00,147.8,148.65,147.8,147.85,1425,0,11400.0,CE
2018-09-14 11:59:00,148.35,149.9,148.25,149.9,3375,0,11400.0,CE
2018-09-14 12:00:00,149.75,151.55,149.75,150.0,13650,0,11400.0,CE
2018-09-14 12:01:00,150.0,151.95,150.0,150.7,7350,0,11400.0,CE
2018-09-14 12:02:00,150.8,152.35,150.8,151.15,7725,0,11400.0,CE
2018-09-14 12:03:00,151.5,153.1,151.0,153.1,9450,0,11400.0,CE
2018-09-14 12:04:00,153.4,153.75,152.05,152.7,7950,0,11400.0,CE
2018-09-14 12:05:00,153.0,153.75,152.65,153.25,8925,0,11400.0,CE
2018-09-14 12:06:00,154.0,154.85,154.0,154.0,10350,0,11400.0,CE
2018-09-14 12:07:00,154.1,154.1,152.0,152.0,9600,0,11400.0,CE
2018-09-14 12:08:00,152.0,152.9,151.5,152.15,6975,0,11400.0,CE
2018-09-14 12:09:00,151.95,151.95,150.6,150.75,3225,0,11400.0,CE
2018-09-14 12:10:00,151.0,152.5,150.8,150.8,2700,0,11400.0,CE
2018-09-14 12:11:00,151.0,152.0,150.95,151.15,6525,0,11400.0,CE
2018-09-14 12:12:00,151.3,151.3,149.2,149.5,4125,0,11400.0,CE
2018-09-14 12:13:00,148.5,152.1,148.5,152.1,13650,0,11400.0,CE
2018-09-14 12:14:00,152.05,152.7,150.6,152.0,6075,0,11400.0,CE
2018-09-14 12:15:00,152.0,152.9,151.75,152.75,5775,0,11400.0,CE
2018-09-14 12:16:00,152.85,153.15,152.0,152.45,4650,0,11400.0,CE
2018-09-14 12:17:00,152.9,153.2,151.7,152.6,3150,0,11400.0,CE
2018-09-14 12:18:00,152.6,154.95,152.6,154.75,11775,0,11400.0,CE
2018-09-14 12:19:00,155.7,156.0,154.65,155.0,9300,0,11400.0,CE
2018-09-14 12:20:00,155.0,156.25,155.0,155.9,12600,0,11400.0,CE
2018-09-14 12:21:00,155.9,156.0,154.6,155.2,8100,0,11400.0,CE
2018-09-14 12:22:00,155.25,155.25,153.7,154.15,6825,0,11400.0,CE
2018-09-14 12:23:00,153.8,154.7,153.5,154.25,2625,0,11400.0,CE
2018-09-14 12:24:00,154.95,155.45,154.15,154.4,4200,0,11400.0,CE
2018-09-14 12:25:00,155.4,155.8,155.0,155.35,1800,0,11400.0,CE
2018-09-14 12:26:00,155.6,156.7,155.6,156.25,3375,0,11400.0,CE
2018-09-14 12:27:00,156.4,157.95,156.4,157.0,13200,0,11400.0,CE
2018-09-14 12:28:00,157.05,157.85,154.75,154.75,6675,0,11400.0,CE
2018-09-14 12:29:00,155.45,156.8,155.1,155.1,6000,0,11400.0,CE
2018-09-14 12:30:00,154.5,156.35,154.0,154.2,13425,0,11400.0,CE
2018-09-14 12:31:00,154.6,154.85,152.1,152.65,11100,0,11400.0,CE
2018-09-14 12:32:00,153.3,153.95,152.95,153.35,1725,0,11400.0,CE
2018-09-14 12:33:00,153.35,155.25,153.35,155.25,8925,0,11400.0,CE
2018-09-14 12:34:00,155.25,155.5,153.6,154.45,4650,0,11400.0,CE
2018-09-14 12:35:00,154.55,155.5,153.95,154.0,3900,0,11400.0,CE
2018-09-14 12:36:00,154.05,154.45,153.75,154.0,2100,0,11400.0,CE
2018-09-14 12:37:00,154.6,156.0,154.1,155.0,6675,0,11400.0,CE
2018-09-14 12:38:00,155.0,155.95,154.45,154.9,6375,0,11400.0,CE
2018-09-14 12:39:00,155.15,156.45,155.15,155.6,3900,0,11400.0,CE
2018-09-14 12:40:00,155.0,155.15,153.6,153.6,2850,0,11400.0,CE
2018-09-14 12:41:00,154.2,154.2,153.15,153.9,4275,0,11400.0,CE
2018-09-14 12:42:00,153.7,154.05,152.9,154.05,3525,0,11400.0,CE
2018-09-14 12:43:00,154.55,155.9,154.1,155.9,5625,0,11400.0,CE
2018-09-14 12:44:00,154.75,155.9,154.35,154.9,4275,0,11400.0,CE
2018-09-14 12:45:00,153.65,154.5,153.65,154.25,1200,0,11400.0,CE
2018-09-14 12:46:00,153.75,155.85,153.75,155.0,5850,0,11400.0,CE
2018-09-14 12:47:00,155.75,156.8,155.05,155.55,9150,0,11400.0,CE
2018-09-14 12:48:00,155.05,155.8,152.65,152.85,1950,0,11400.0,CE
2018-09-14 12:49:00,153.05,153.75,152.7,152.95,10200,0,11400.0,CE
2018-09-14 12:50:00,153.55,155.25,153.35,154.25,15375,0,11400.0,CE
2018-09-14 12:51:00,154.85,154.85,153.05,153.95,14250,0,11400.0,CE
2018-09-14 12:52:00,153.95,154.85,153.75,154.3,7575,0,11400.0,CE
2018-09-14 12:53:00,154.1,154.6,152.45,153.55,24825,0,11400.0,CE
2018-09-14 12:54:00,153.55,154.85,152.8,152.8,14550,0,11400.0,CE
2018-09-14 12:55:00,153.65,155.35,153.65,155.0,8475,0,11400.0,CE
2018-09-14 12:56:00,155.5,155.5,154.55,155.05,2475,0,11400.0,CE
2018-09-14 12:57:00,155.15,155.8,154.5,155.4,10350,0,11400.0,CE
2018-09-14 12:58:00,155.9,156.15,155.25,155.8,4350,0,11400.0,CE
2018-09-14 12:59:00,156.15,156.8,155.7,156.8,11400,0,11400.0,CE
2018-09-14 13:00:00,157.0,158.25,156.3,158.25,12075,0,11400.0,CE
2018-09-14 13:01:00,158.15,161.4,158.15,161.4,17550,0,11400.0,CE
2018-09-14 13:02:00,161.9,163.25,160.55,161.2,26400,0,11400.0,CE
2018-09-14 13:03:00,160.7,161.35,160.5,160.5,5700,0,11400.0,CE
2018-09-14 13:04:00,160.15,164.05,160.15,164.05,21300,0,11400.0,CE
2018-09-14 13:05:00,164.65,168.3,164.05,166.9,74850,0,11400.0,CE
2018-09-14 13:06:00,167.0,167.5,165.55,166.0,18225,0,11400.0,CE
2018-09-14 13:07:00,166.0,166.35,164.55,165.0,15750,0,11400.0,CE
2018-09-14 13:08:00,165.8,169.85,165.55,169.4,26925,0,11400.0,CE
2018-09-14 13:09:00,169.35,171.0,168.75,170.7,52500,0,11400.0,CE
2018-09-14 13:10:00,170.35,171.9,169.6,169.8,29325,0,11400.0,CE
2018-09-14 13:11:00,170.3,174.7,170.3,174.0,43875,0,11400.0,CE
2018-09-14 13:12:00,173.3,174.5,171.55,171.55,21000,0,11400.0,CE
2018-09-14 13:13:00,172.0,172.5,171.05,172.0,22275,0,11400.0,CE
2018-09-14 13:14:00,172.0,173.0,170.6,173.0,12675,0,11400.0,CE
2018-09-14 13:15:00,173.5,177.0,173.35,176.8,46125,0,11400.0,CE
2018-09-14 13:16:00,176.95,179.8,176.65,178.55,28725,0,11400.0,CE
2018-09-14 13:17:00,179.15,180.0,176.4,176.4,27300,0,11400.0,CE
2018-09-14 13:18:00,176.8,176.8,173.7,173.8,11625,0,11400.0,CE
2018-09-14 13:19:00,174.05,177.55,174.05,177.2,14175,0,11400.0,CE
2018-09-14 13:20:00,177.9,177.9,175.35,175.35,12450,0,11400.0,CE
2018-09-14 13:21:00,175.25,175.55,173.75,173.75,7875,0,11400.0,CE
2018-09-14 13:22:00,174.3,177.7,174.05,177.7,11475,0,11400.0,CE
2018-09-14 13:23:00,177.35,177.35,175.35,177.0,30450,0,11400.0,CE
2018-09-14 13:24:00,176.75,179.35,176.5,178.2,24900,0,11400.0,CE
2018-09-14 13:25:00,179.0,180.0,177.35,179.0,21825,0,11400.0,CE
2018-09-14 13:26:00,178.95,181.35,178.7,179.0,25650,0,11400.0,CE
2018-09-14 13:27:00,177.85,179.55,176.1,177.1,18000,0,11400.0,CE
2018-09-14 13:28:00,177.55,178.6,176.1,176.65,11100,0,11400.0,CE
2018-09-14 13:29:00,176.55,177.6,174.25,174.9,11325,0,11400.0,CE
2018-09-14 13:30:00,175.0,176.05,172.65,172.65,21000,0,11400.0,CE
2018-09-14 13:31:00,172.55,172.75,170.9,172.6,13950,0,11400.0,CE
2018-09-14 13:32:00,173.0,174.35,171.7,172.15,4575,0,11400.0,CE
2018-09-14 13:33:00,172.3,176.25,172.3,176.25,8100,0,11400.0,CE
2018-09-14 13:34:00,176.3,177.4,173.95,175.0,19275,0,11400.0,CE
2018-09-14 13:35:00,174.35,176.6,174.25,174.4,6375,0,11400.0,CE
2018-09-14 13:36:00,174.8,177.0,174.65,176.5,4500,0,11400.0,CE
2018-09-14 13:37:00,176.85,179.85,176.85,179.05,12150,0,11400.0,CE
2018-09-14 13:38:00,180.65,180.7,176.6,178.4,10275,0,11400.0,CE
2018-09-14 13:39:00,178.7,179.2,176.55,178.0,2775,0,11400.0,CE
2018-09-14 13:40:00,177.95,179.7,177.95,178.0,7050,0,11400.0,CE
2018-09-14 13:41:00,177.25,179.0,177.25,177.25,5775,0,11400.0,CE
2018-09-14 13:42:00,177.55,177.55,175.25,176.1,22125,0,11400.0,CE
2018-09-14 13:43:00,175.9,178.65,175.9,178.4,22725,0,11400.0,CE
2018-09-14 13:44:00,178.25,180.0,178.25,179.4,23325,0,11400.0,CE
2018-09-14 13:45:00,179.85,179.85,176.1,176.15,50625,0,11400.0,CE
2018-09-14 13:46:00,175.25,178.0,174.75,178.0,13425,0,11400.0,CE
2018-09-14 13:47:00,178.0,178.0,175.6,176.5,2100,0,11400.0,CE
2018-09-14 13:48:00,176.45,179.9,176.45,179.8,24525,0,11400.0,CE
2018-09-14 13:49:00,180.9,181.75,179.0,179.0,18525,0,11400.0,CE
2018-09-14 13:50:00,178.6,182.0,178.6,181.15,10275,0,11400.0,CE
2018-09-14 13:51:00,181.75,182.0,179.35,181.1,10800,0,11400.0,CE
2018-09-14 13:52:00,181.1,181.9,178.05,178.05,9900,0,11400.0,CE
2018-09-14 13:53:00,177.7,181.05,177.15,180.55,16275,0,11400.0,CE
2018-09-14 13:54:00,181.0,183.4,180.45,180.45,19500,0,11400.0,CE
2018-09-14 13:55:00,180.0,180.6,178.75,178.75,5775,0,11400.0,CE
2018-09-14 13:56:00,180.25,181.2,179.55,180.15,6825,0,11400.0,CE
2018-09-14 13:57:00,180.4,181.1,179.2,180.3,3675,0,11400.0,CE
2018-09-14 13:58:00,180.1,180.1,178.0,178.05,6675,0,11400.0,CE
2018-09-14 13:59:00,178.55,179.0,176.3,176.35,4800,0,11400.0,CE
2018-09-14 14:00:00,177.05,177.15,173.45,173.8,13425,0,11400.0,CE
2018-09-14 14:01:00,174.45,175.25,173.5,174.9,6900,0,11400.0,CE
2018-09-14 14:02:00,175.1,175.7,173.75,174.35,7650,0,11400.0,CE
2018-09-14 14:03:00,173.6,175.0,173.6,174.65,6600,0,11400.0,CE
2018-09-14 14:04:00,173.85,173.85,170.5,170.5,20850,0,11400.0,CE
2018-09-14 14:05:00,170.5,170.5,167.25,169.9,24075,0,11400.0,CE
2018-09-14 14:06:00,170.75,173.9,170.4,173.75,14850,0,11400.0,CE
2018-09-14 14:07:00,175.45,175.6,173.2,174.55,7950,0,11400.0,CE
2018-09-14 14:08:00,174.9,175.0,172.15,172.15,13200,0,11400.0,CE
2018-09-14 14:09:00,173.4,175.7,173.4,175.2,4575,0,11400.0,CE
2018-09-14 14:10:00,175.85,176.7,174.0,176.7,5400,0,11400.0,CE
2018-09-14 14:11:00,176.3,177.45,175.4,175.75,13950,0,11400.0,CE
2018-09-14 14:12:00,177.05,177.05,175.8,176.1,3600,0,11400.0,CE
2018-09-14 14:13:00,175.8,177.0,175.6,176.0,6525,0,11400.0,CE
2018-09-14 14:14:00,176.05,179.35,175.25,179.15,8175,0,11400.0,CE
2018-09-14 14:15:00,181.0,181.0,178.25,179.95,13200,0,11400.0,CE
2018-09-14 14:16:00,180.5,180.7,178.2,180.0,11175,0,11400.0,CE
2018-09-14 14:17:00,180.55,181.25,180.0,180.85,4725,0,11400.0,CE
2018-09-14 14:18:00,181.2,181.2,177.15,179.75,16050,0,11400.0,CE
2018-09-14 14:19:00,179.0,180.5,177.0,177.0,29550,0,11400.0,CE
2018-09-14 14:20:00,177.0,178.15,176.55,177.5,3150,0,11400.0,CE
2018-09-14 14:21:00,177.0,177.95,176.55,177.95,16050,0,11400.0,CE
2018-09-14 14:22:00,178.05,178.9,178.0,178.0,6825,0,11400.0,CE
2018-09-14 14:23:00,177.6,177.6,175.3,175.85,6300,0,11400.0,CE
2018-09-14 14:24:00,175.65,175.7,173.7,175.15,6300,0,11400.0,CE
2018-09-14 14:25:00,175.45,176.7,175.05,176.7,6900,0,11400.0,CE
2018-09-14 14:26:00,176.9,176.9,174.55,174.7,7500,0,11400.0,CE
2018-09-14 14:27:00,174.35,174.6,171.45,173.05,16500,0,11400.0,CE
2018-09-14 14:28:00,172.9,174.0,171.3,174.0,8325,0,11400.0,CE
2018-09-14 14:29:00,173.75,175.85,173.0,173.65,11100,0,11400.0,CE
2018-09-14 14:30:00,172.95,175.65,172.95,175.65,3300,0,11400.0,CE
2018-09-14 14:31:00,176.65,177.3,174.5,174.5,7575,0,11400.0,CE
2018-09-14 14:32:00,175.0,176.1,175.0,175.8,900,0,11400.0,CE
2018-09-14 14:33:00,176.7,176.7,175.0,175.0,900,0,11400.0,CE
2018-09-14 14:34:00,173.15,175.3,173.0,175.3,4725,0,11400.0,CE
2018-09-14 14:35:00,174.3,176.85,174.1,176.85,5325,0,11400.0,CE
2018-09-14 14:36:00,176.6,177.0,174.9,175.05,5475,0,11400.0,CE
2018-09-14 14:37:00,173.05,174.7,171.5,173.55,10425,0,11400.0,CE
2018-09-14 14:38:00,173.8,174.05,172.4,172.95,8700,0,11400.0,CE
2018-09-14 14:39:00,172.1,174.0,171.4,173.7,9150,0,11400.0,CE
2018-09-14 14:40:00,173.3,175.2,173.15,174.75,3375,0,11400.0,CE
2018-09-14 14:41:00,175.85,178.8,175.85,177.5,15375,0,11400.0,CE
2018-09-14 14:42:00,178.45,179.95,178.1,178.1,13050,0,11400.0,CE
2018-09-14 14:43:00,178.7,180.0,178.05,178.9,3375,0,11400.0,CE
2018-09-14 14:44:00,178.95,179.55,178.2,178.35,2550,0,11400.0,CE
2018-09-14 14:45:00,179.1,181.0,179.1,179.6,8400,0,11400.0,CE
2018-09-14 14:46:00,179.95,180.4,178.65,179.35,5400,0,11400.0,CE
2018-09-14 14:47:00,179.55,180.3,178.4,180.3,4875,0,11400.0,CE
2018-09-14 14:48:00,179.45,179.95,178.1,179.2,7575,0,11400.0,CE
2018-09-14 14:49:00,179.2,180.0,178.75,180.0,6075,0,11400.0,CE
2018-09-14 14:50:00,179.95,180.25,178.45,178.45,8850,0,11400.0,CE
2018-09-14 14:51:00,178.0,178.4,177.4,178.0,6450,0,11400.0,CE
2018-09-14 14:52:00,177.5,178.35,176.6,178.2,8025,0,11400.0,CE
2018-09-14 14:53:00,179.0,179.05,177.8,179.05,8550,0,11400.0,CE
2018-09-14 14:54:00,179.05,180.05,178.65,178.65,4125,0,11400.0,CE
2018-09-14 14:55:00,179.2,179.2,176.9,178.0,5775,0,11400.0,CE
2018-09-14 14:56:00,178.95,179.6,178.9,179.4,7875,0,11400.0,CE
2018-09-14 14:57:00,179.4,180.55,179.4,180.0,11025,0,11400.0,CE
2018-09-14 14:58:00,180.75,180.75,178.95,179.35,23250,0,11400.0,CE
2018-09-14 14:59:00,179.0,179.85,178.1,179.2,12075,0,11400.0,CE
2018-09-14 15:00:00,179.8,194.2,178.05,188.3,120600,0,11400.0,CE
2018-09-14 15:01:00,188.8,196.35,188.25,194.55,89850,0,11400.0,CE
2018-09-14 15:02:00,195.25,199.7,193.75,199.2,47025,0,11400.0,CE
2018-09-14 15:03:00,199.85,203.6,199.05,202.4,51075,0,11400.0,CE
2018-09-14 15:04:00,202.0,202.0,196.5,197.0,28050,0,11400.0,CE
2018-09-14 15:05:00,196.45,196.9,194.8,196.9,11175,0,11400.0,CE
2018-09-14 15:06:00,196.9,199.55,196.55,199.05,17625,0,11400.0,CE
2018-09-14 15:07:00,199.75,200.75,196.95,197.9,15675,0,11400.0,CE
2018-09-14 15:08:00,197.7,199.65,197.15,198.55,20625,0,11400.0,CE
2018-09-14 15:09:00,197.55,198.05,194.35,194.8,5850,0,11400.0,CE
2018-09-14 15:10:00,194.55,197.95,194.15,196.9,7800,0,11400.0,CE
2018-09-14 15:11:00,197.0,197.0,195.45,196.25,7800,0,11400.0,CE
2018-09-14 15:12:00,197.05,197.25,194.5,195.0,11625,0,11400.0,CE
2018-09-14 15:13:00,194.7,196.2,194.7,196.0,10725,0,11400.0,CE
2018-09-14 15:14:00,196.35,196.85,195.5,196.45,9000,0,11400.0,CE
2018-09-14 15:15:00,195.85,196.25,195.0,195.05,10425,0,11400.0,CE
2018-09-14 15:16:00,194.6,196.0,194.0,196.0,19800,0,11400.0,CE
2018-09-14 15:17:00,195.8,196.65,195.35,196.0,8475,0,11400.0,CE
2018-09-14 15:18:00,196.25,197.95,196.0,197.95,12075,0,11400.0,CE
2018-09-14 15:19:00,198.0,198.35,196.55,198.35,13200,0,11400.0,CE
2018-09-14 15:20:00,198.2,198.7,197.4,197.85,21225,0,11400.0,CE
2018-09-14 15:21:00,197.1,198.45,197.1,198.05,8025,0,11400.0,CE
2018-09-14 15:22:00,197.55,198.25,196.0,197.15,7575,0,11400.0,CE
2018-09-14 15:23:00,196.45,197.85,196.45,197.7,7200,0,11400.0,CE
2018-09-14 15:24:00,197.7,198.2,197.3,198.2,6525,0,11400.0,CE
2018-09-14 15:25:00,198.1,198.35,197.45,198.35,20700,0,11400.0,CE
2018-09-14 15:26:00,198.5,199.0,198.05,198.65,21900,0,11400.0,CE
2018-09-14 15:27:00,198.0,198.95,196.25,196.95,14400,0,11400.0,CE
2018-09-14 15:28:00,196.6,196.6,194.0,194.0,18600,0,11400.0,CE
2018-09-14 15:29:00,193.45,193.65,185.8,187.05,27900,0,11400.0,CE
2018-09-14 15:30:00,193.45,194.75,185.8,194.75,0,0,11400.0,CE
2018-09-17 09:15:00,156.15,156.15,130.2,130.7,100350,0,11400.0,CE
2018-09-17 09:16:00,131.95,132.85,124.0,126.85,128400,0,11400.0,CE
2018-09-17 09:17:00,127.15,131.65,125.65,131.65,53700,0,11400.0,CE
2018-09-17 09:18:00,131.05,133.7,130.0,130.0,58050,0,11400.0,CE
2018-09-17 09:19:00,130.05,131.45,128.9,128.9,38475,0,11400.0,CE
2018-09-17 09:20:00,128.6,129.4,126.0,128.2,47625,0,11400.0,CE
2018-09-17 09:21:00,128.55,131.45,126.85,131.35,39600,0,11400.0,CE
2018-09-17 09:22:00,131.4,132.0,128.0,128.05,25275,0,11400.0,CE
2018-09-17 09:23:00,128.5,131.25,127.6,128.65,33375,0,11400.0,CE
2018-09-17 09:24:00,128.6,130.6,128.4,129.35,10725,0,11400.0,CE
2018-09-17 09:25:00,129.35,133.0,128.7,132.6,26325,0,11400.0,CE
2018-09-17 09:26:00,132.05,133.0,131.0,131.3,36450,0,11400.0,CE
2018-09-17 09:27:00,130.5,134.35,130.0,131.75,32850,0,11400.0,CE
2018-09-17 09:28:00,131.25,133.7,130.25,130.25,21000,0,11400.0,CE
2018-09-17 09:29:00,129.2,130.1,125.0,126.25,34725,0,11400.0,CE
2018-09-17 09:30:00,125.7,125.7,120.9,121.45,43275,0,11400.0,CE
2018-09-17 09:31:00,121.95,122.25,115.35,116.0,45900,0,11400.0,CE
2018-09-17 09:32:00,115.25,116.75,110.9,115.5,106800,0,11400.0,CE
2018-09-17 09:33:00,114.5,115.6,112.95,115.2,38775,0,11400.0,CE
2018-09-17 09:34:00,113.85,113.95,110.0,111.4,69000,0,11400.0,CE
2018-09-17 09:35:00,111.25,115.85,110.8,115.85,50475,0,11400.0,CE
2018-09-17 09:36:00,116.45,118.4,115.95,117.85,50625,0,11400.0,CE
2018-09-17 09:37:00,118.35,119.35,116.3,118.6,56100,0,11400.0,CE
2018-09-17 09:38:00,118.55,118.7,116.0,116.55,37350,0,11400.0,CE
2018-09-17 09:39:00,116.55,119.0,116.3,117.55,22725,0,11400.0,CE
2018-09-17 09:40:00,118.65,120.05,118.6,119.35,26550,0,11400.0,CE
2018-09-17 09:41:00,119.3,119.3,117.95,118.5,18150,0,11400.0,CE
2018-09-17 09:42:00,117.7,121.35,117.55,121.2,25650,0,11400.0,CE
2018-09-17 09:43:00,120.85,122.2,118.35,119.55,33900,0,11400.0,CE
2018-09-17 09:44:00,118.95,119.65,117.5,118.0,23025,0,11400.0,CE
2018-09-17 09:45:00,118.1,118.45,113.9,113.9,21225,0,11400.0,CE
2018-09-17 09:46:00,114.05,115.35,112.8,115.15,30450,0,11400.0,CE
2018-09-17 09:47:00,114.5,114.5,112.2,113.75,51000,0,11400.0,CE
2018-09-17 09:48:00,113.35,114.95,112.85,113.5,21525,0,11400.0,CE
2018-09-17 09:49:00,113.0,115.2,112.5,114.1,25125,0,11400.0,CE
2018-09-17 09:50:00,114.0,114.0,110.75,112.7,29925,0,11400.0,CE
2018-09-17 09:51:00,113.35,115.0,111.7,115.0,34350,0,11400.0,CE
2018-09-17 09:52:00,115.0,116.95,115.0,116.8,42525,0,11400.0,CE
2018-09-17 09:53:00,116.5,118.9,116.5,118.25,25725,0,11400.0,CE
2018-09-17 09:54:00,118.0,118.0,113.75,113.75,22350,0,11400.0,CE
2018-09-17 09:55:00,113.75,116.0,111.95,116.0,17025,0,11400.0,CE
2018-09-17 09:56:00,116.5,117.3,115.15,116.55,17400,0,11400.0,CE
2018-09-17 09:57:00,116.35,117.7,115.85,117.4,14175,0,11400.0,CE
2018-09-17 09:58:00,118.0,118.25,117.4,118.1,14775,0,11400.0,CE
2018-09-17 09:59:00,118.1,118.95,117.6,118.3,16125,0,11400.0,CE
2018-09-17 10:00:00,118.4,118.4,116.0,118.0,18450,0,11400.0,CE
2018-09-17 10:01:00,117.55,120.6,117.05,120.25,24450,0,11400.0,CE
2018-09-17 10:02:00,120.05,120.6,119.55,120.6,25575,0,11400.0,CE
2018-09-17 10:03:00,120.2,120.5,119.05,119.6,31350,0,11400.0,CE
2018-09-17 10:04:00,119.05,119.75,118.2,119.7,16125,0,11400.0,CE
2018-09-17 10:05:00,119.5,120.25,118.5,120.15,13500,0,11400.0,CE
2018-09-17 10:06:00,120.25,120.3,118.65,119.4,7275,0,11400.0,CE
2018-09-17 10:07:00,119.6,121.1,119.05,121.1,20250,0,11400.0,CE
2018-09-17 10:08:00,121.0,121.6,120.1,121.6,19200,0,11400.0,CE
2018-09-17 10:09:00,121.75,121.95,120.55,121.0,30900,0,11400.0,CE
2018-09-17 10:10:00,121.2,121.4,120.3,120.3,21150,0,11400.0,CE
2018-09-17 10:11:00,120.0,122.45,120.0,121.65,9600,0,11400.0,CE
2018-09-17 10:12:00,121.5,123.0,121.2,121.8,16725,0,11400.0,CE
2018-09-17 10:13:00,121.9,122.95,121.65,122.05,6975,0,11400.0,CE
2018-09-17 10:14:00,121.45,121.9,120.25,120.25,7500,0,11400.0,CE
2018-09-17 10:15:00,119.75,120.9,119.5,119.5,10575,0,11400.0,CE
2018-09-17 10:16:00,119.15,120.5,118.9,119.5,18375,0,11400.0,CE
2018-09-17 10:17:00,119.35,120.15,117.65,120.15,8025,0,11400.0,CE
2018-09-17 10:18:00,120.05,121.0,119.65,120.0,14775,0,11400.0,CE
2018-09-17 10:19:00,120.25,120.9,119.0,120.9,13500,0,11400.0,CE
2018-09-17 10:20:00,120.9,121.0,119.0,119.0,11175,0,11400.0,CE
2018-09-17 10:21:00,119.0,120.65,118.55,120.0,8400,0,11400.0,CE
2018-09-17 10:22:00,119.4,119.5,117.6,118.1,7950,0,11400.0,CE
2018-09-17 10:23:00,118.75,119.55,118.05,119.55,4425,0,11400.0,CE
2018-09-17 10:24:00,119.2,119.2,117.0,117.2,21675,0,11400.0,CE
2018-09-17 10:25:00,117.15,117.5,115.15,116.05,17175,0,11400.0,CE
2018-09-17 10:26:00,117.3,117.3,115.4,115.9,8250,0,11400.0,CE
2018-09-17 10:27:00,116.45,116.6,115.6,115.6,5925,0,11400.0,CE
2018-09-17 10:28:00,115.8,117.3,115.8,117.3,6450,0,11400.0,CE
2018-09-17 10:29:00,117.0,117.0,116.0,116.0,10425,0,11400.0,CE
2018-09-17 10:30:00,116.0,116.35,114.1,115.1,10200,0,11400.0,CE
2018-09-17 10:31:00,115.1,115.65,113.7,114.15,13875,0,11400.0,CE
2018-09-17 10:32:00,113.85,115.65,113.1,115.15,9825,0,11400.0,CE
2018-09-17 10:33:00,115.15,116.7,115.15,115.65,16575,0,11400.0,CE
2018-09-17 10:34:00,116.25,116.65,114.6,114.9,12600,0,11400.0,CE
2018-09-17 10:35:00,114.7,115.8,113.3,113.65,18000,0,11400.0,CE
2018-09-17 10:36:00,113.15,113.7,112.35,113.25,29475,0,11400.0,CE
2018-09-17 10:37:00,113.05,113.05,105.05,107.1,120075,0,11400.0,CE
2018-09-17 10:38:00,106.5,108.15,105.5,107.5,65550,0,11400.0,CE
2018-09-17 10:39:00,107.6,107.95,106.65,106.65,36375,0,11400.0,CE
2018-09-17 10:40:00,106.2,108.0,104.8,107.9,46650,0,11400.0,CE
2018-09-17 10:41:00,108.0,109.5,107.85,108.1,39300,0,11400.0,CE
2018-09-17 10:42:00,108.2,108.95,107.75,108.45,17475,0,11400.0,CE
2018-09-17 10:43:00,108.05,110.45,108.0,110.05,39675,0,11400.0,CE
2018-09-17 10:44:00,110.25,110.25,108.05,108.6,22275,0,11400.0,CE
2018-09-17 10:45:00,108.15,109.75,107.7,109.7,25875,0,11400.0,CE
2018-09-17 10:46:00,109.2,110.85,109.0,110.45,23325,0,11400.0,CE
2018-09-17 10:47:00,109.95,111.5,109.55,110.9,26475,0,11400.0,CE
2018-09-17 10:48:00,111.25,111.25,109.5,109.5,11925,0,11400.0,CE
2018-09-17 10:49:00,109.55,109.55,107.05,108.35,30000,0,11400.0,CE
2018-09-17 10:50:00,108.25,108.8,107.65,108.2,17550,0,11400.0,CE
2018-09-17 10:51:00,108.4,108.45,107.7,108.45,10425,0,11400.0,CE
2018-09-17 10:52:00,108.35,109.8,108.05,109.8,9225,0,11400.0,CE
2018-09-17 10:53:00,109.0,110.0,108.55,110.0,7425,0,11400.0,CE
2018-09-17 10:54:00,110.0,110.0,109.0,109.2,11550,0,11400.0,CE
2018-09-17 10:55:00,109.3,109.6,108.75,109.6,6525,0,11400.0,CE
2018-09-17 10:56:00,109.95,110.0,108.75,108.85,7650,0,11400.0,CE
2018-09-17 10:57:00,108.9,108.9,106.5,106.5,35100,0,11400.0,CE
2018-09-17 10:58:00,106.1,106.1,103.2,105.45,47100,0,11400.0,CE
2018-09-17 10:59:00,105.45,105.45,102.75,103.25,26325,0,11400.0,CE
2018-09-17 11:00:00,103.1,105.15,102.35,105.15,27225,0,11400.0,CE
2018-09-17 11:01:00,105.75,106.5,105.05,105.3,22050,0,11400.0,CE
2018-09-17 11:02:00,105.35,105.7,101.95,101.95,21450,0,11400.0,CE
2018-09-17 11:03:00,102.1,103.9,101.35,103.9,43050,0,11400.0,CE
2018-09-17 11:04:00,103.85,105.45,103.05,103.1,33825,0,11400.0,CE
2018-09-17 11:05:00,103.15,104.75,102.45,104.35,21375,0,11400.0,CE
2018-09-17 11:06:00,104.35,104.8,104.0,104.8,17100,0,11400.0,CE
2018-09-17 11:07:00,104.85,106.45,104.85,106.15,21000,0,11400.0,CE
2018-09-17 11:08:00,106.2,106.5,105.25,105.35,18375,0,11400.0,CE
2018-09-17 11:09:00,105.15,105.8,104.55,105.3,22125,0,11400.0,CE
2018-09-17 11:10:00,105.05,105.3,104.0,104.6,10425,0,11400.0,CE
2018-09-17 11:11:00,104.55,105.95,104.5,105.85,10875,0,11400.0,CE
2018-09-17 11:12:00,105.55,105.95,105.05,105.5,8400,0,11400.0,CE
2018-09-17 11:13:00,105.55,106.55,103.65,103.65,13275,0,11400.0,CE
2018-09-17 11:14:00,103.5,104.3,102.45,102.45,16500,0,11400.0,CE
2018-09-17 11:15:00,102.95,102.95,101.0,101.5,55725,0,11400.0,CE
2018-09-17 11:16:00,100.7,101.45,100.35,101.45,45975,0,11400.0,CE
2018-09-17 11:17:00,101.1,102.9,100.95,102.9,24750,0,11400.0,CE
2018-09-17 11:18:00,103.4,105.45,102.9,105.3,34650,0,11400.0,CE
2018-09-17 11:19:00,105.3,105.95,103.8,105.95,17700,0,11400.0,CE
2018-09-17 11:20:00,105.95,106.05,103.4,104.6,29625,0,11400.0,CE
2018-09-17 11:21:00,104.85,106.0,104.75,106.0,7125,0,11400.0,CE
2018-09-17 11:22:00,106.45,107.05,105.75,107.0,20250,0,11400.0,CE
2018-09-17 11:23:00,106.8,108.5,106.8,108.5,21525,0,11400.0,CE
2018-09-17 11:24:00,108.2,108.5,107.05,107.5,25725,0,11400.0,CE
2018-09-17 11:25:00,107.9,109.95,107.75,109.4,41775,0,11400.0,CE
2018-09-17 11:26:00,109.4,110.0,108.6,109.9,21075,0,11400.0,CE
2018-09-17 11:27:00,109.9,109.95,108.0,109.5,12975,0,11400.0,CE
2018-09-17 11:28:00,109.5,109.55,108.5,108.7,6750,0,11400.0,CE
2018-09-17 11:29:00,108.5,109.6,108.35,109.45,13275,0,11400.0,CE
2018-09-17 11:30:00,109.35,111.9,109.35,111.65,39600,0,11400.0,CE
2018-09-17 11:31:00,111.85,112.35,111.05,111.55,26175,0,11400.0,CE
2018-09-17 11:32:00,111.5,112.35,111.0,112.0,14775,0,11400.0,CE
2018-09-17 11:33:00,112.7,114.0,112.25,113.9,28725,0,11400.0,CE
2018-09-17 11:34:00,113.9,113.9,113.0,113.05,20175,0,11400.0,CE
2018-09-17 11:35:00,113.25,114.9,113.25,114.85,34125,0,11400.0,CE
2018-09-17 11:36:00,114.9,115.0,113.35,113.75,25575,0,11400.0,CE
2018-09-17 11:37:00,113.75,113.75,112.35,113.2,17250,0,11400.0,CE
2018-09-17 11:38:00,113.25,113.4,111.85,111.95,11400,0,11400.0,CE
2018-09-17 11:39:00,111.45,112.4,110.6,111.6,18000,0,11400.0,CE
2018-09-17 11:40:00,112.0,112.3,110.25,110.25,27075,0,11400.0,CE
2018-09-17 11:41:00,110.35,111.95,110.3,111.85,10800,0,11400.0,CE
2018-09-17 11:42:00,111.6,111.75,110.35,110.35,14700,0,11400.0,CE
2018-09-17 11:43:00,110.0,111.35,109.95,110.6,15300,0,11400.0,CE
2018-09-17 11:44:00,110.15,111.0,109.8,110.25,11325,0,11400.0,CE
2018-09-17 11:45:00,110.15,111.55,109.05,111.55,18375,0,11400.0,CE
2018-09-17 11:46:00,111.65,113.6,111.65,113.6,25725,0,11400.0,CE
2018-09-17 11:47:00,113.05,114.5,113.05,114.15,18825,0,11400.0,CE
2018-09-17 11:48:00,114.25,114.45,113.15,114.25,18075,0,11400.0,CE
2018-09-17 11:49:00,114.5,114.9,114.0,114.0,15000,0,11400.0,CE
2018-09-17 11:50:00,114.05,114.8,113.75,114.0,9450,0,11400.0,CE
2018-09-17 11:51:00,114.85,115.45,114.35,114.55,18975,0,11400.0,CE
2018-09-17 11:52:00,114.0,114.95,112.6,114.95,12600,0,11400.0,CE
2018-09-17 11:53:00,115.25,117.65,115.25,117.45,51375,0,11400.0,CE
2018-09-17 11:54:00,117.8,117.8,115.8,116.3,28575,0,11400.0,CE
2018-09-17 11:55:00,116.6,117.75,116.3,117.75,12975,0,11400.0,CE
2018-09-17 11:56:00,117.75,118.85,117.25,118.15,33750,0,11400.0,CE
2018-09-17 11:57:00,118.4,119.5,118.0,118.8,27300,0,11400.0,CE
2018-09-17 11:58:00,119.1,119.1,117.0,117.45,30975,0,11400.0,CE
2018-09-17 11:59:00,117.55,118.0,117.0,117.3,15675,0,11400.0,CE
2018-09-17 12:00:00,117.1,117.55,116.15,116.7,8475,0,11400.0,CE
2018-09-17 12:01:00,116.65,116.65,115.05,115.25,16575,0,11400.0,CE
2018-09-17 12:02:00,115.35,116.65,115.3,115.95,11175,0,11400.0,CE
2018-09-17 12:03:00,115.6,115.8,114.45,115.2,17100,0,11400.0,CE
2018-09-17 12:04:00,115.05,115.75,114.15,114.7,16950,0,11400.0,CE
2018-09-17 12:05:00,114.45,117.0,114.45,116.8,16125,0,11400.0,CE
2018-09-17 12:06:00,117.45,117.45,116.3,117.0,14400,0,11400.0,CE
2018-09-17 12:07:00,117.5,118.0,116.7,118.0,9825,0,11400.0,CE
2018-09-17 12:08:00,118.0,120.0,118.0,119.0,37950,0,11400.0,CE
2018-09-17 12:09:00,119.0,119.9,118.55,119.65,37050,0,11400.0,CE
2018-09-17 12:10:00,119.3,122.0,119.3,121.8,43875,0,11400.0,CE
2018-09-17 12:11:00,121.35,122.25,120.05,120.05,20625,0,11400.0,CE
2018-09-17 12:12:00,120.0,120.75,118.85,119.0,25725,0,11400.0,CE
2018-09-17 12:13:00,118.4,121.0,118.0,120.75,31725,0,11400.0,CE
2018-09-17 12:14:00,120.25,120.25,119.0,120.0,7275,0,11400.0,CE
2018-09-17 12:15:00,119.7,120.5,119.7,119.95,10275,0,11400.0,CE
2018-09-17 12:16:00,119.7,120.5,119.6,120.25,11025,0,11400.0,CE
2018-09-17 12:17:00,120.5,121.6,120.15,121.4,16950,0,11400.0,CE
2018-09-17 12:18:00,121.4,121.4,119.2,119.2,14700,0,11400.0,CE
2018-09-17 12:19:00,119.0,119.85,118.05,118.4,19125,0,11400.0,CE
2018-09-17 12:20:00,118.5,120.85,118.5,120.7,9225,0,11400.0,CE
2018-09-17 12:21:00,120.65,120.95,119.5,119.5,14700,0,11400.0,CE
2018-09-17 12:22:00,119.65,120.0,119.5,119.55,10950,0,11400.0,CE
2018-09-17 12:23:00,119.4,119.4,117.9,118.45,12375,0,11400.0,CE
2018-09-17 12:24:00,117.95,118.5,117.0,118.5,22050,0,11400.0,CE
2018-09-17 12:25:00,118.7,118.7,117.45,118.25,4800,0,11400.0,CE
2018-09-17 12:26:00,118.65,118.95,118.0,118.75,10425,0,11400.0,CE
2018-09-17 12:27:00,118.95,120.6,118.95,119.95,22350,0,11400.0,CE
2018-09-17 12:28:00,120.0,120.65,118.5,119.65,3900,0,11400.0,CE
2018-09-17 12:29:00,119.25,119.65,118.1,118.25,4350,0,11400.0,CE
2018-09-17 12:30:00,118.8,120.25,118.8,120.2,16425,0,11400.0,CE
2018-09-17 12:31:00,120.5,120.8,119.65,119.7,10500,0,11400.0,CE
2018-09-17 12:32:00,120.05,120.05,119.0,119.6,8475,0,11400.0,CE
2018-09-17 12:33:00,119.6,120.0,118.8,119.25,9000,0,11400.0,CE
2018-09-17 12:34:00,119.15,119.4,117.55,119.0,15375,0,11400.0,CE
2018-09-17 12:35:00,119.0,119.0,114.5,114.5,30225,0,11400.0,CE
2018-09-17 12:36:00,114.55,115.45,113.5,113.85,20400,0,11400.0,CE
2018-09-17 12:37:00,113.85,116.1,113.85,114.5,12750,0,11400.0,CE
2018-09-17 12:38:00,115.35,116.45,115.0,116.15,16200,0,11400.0,CE
2018-09-17 12:39:00,116.35,117.0,115.9,116.5,9450,0,11400.0,CE
2018-09-17 12:40:00,116.05,116.05,113.5,114.15,16575,0,11400.0,CE
2018-09-17 12:41:00,113.95,114.85,113.5,114.55,22275,0,11400.0,CE
2018-09-17 12:42:00,114.3,115.85,113.9,115.4,6750,0,11400.0,CE
2018-09-17 12:43:00,115.5,116.25,115.1,116.25,8250,0,11400.0,CE
2018-09-17 12:44:00,116.35,116.5,114.95,116.0,10575,0,11400.0,CE
2018-09-17 12:45:00,116.65,116.65,113.9,114.75,13650,0,11400.0,CE
2018-09-17 12:46:00,114.6,117.6,114.6,117.6,15750,0,11400.0,CE
2018-09-17 12:47:00,117.3,118.0,117.0,117.5,21375,0,11400.0,CE
2018-09-17 12:48:00,117.7,118.45,117.55,118.3,29625,0,11400.0,CE
2018-09-17 12:49:00,118.9,120.35,118.1,120.35,30825,0,11400.0,CE
2018-09-17 12:50:00,120.6,120.6,119.05,119.25,14325,0,11400.0,CE
2018-09-17 12:51:00,119.6,120.1,118.1,118.2,16725,0,11400.0,CE
2018-09-17 12:52:00,117.9,119.1,117.9,118.25,9450,0,11400.0,CE
2018-09-17 12:53:00,118.65,119.5,118.0,118.0,13500,0,11400.0,CE
2018-09-17 12:54:00,118.0,118.85,115.4,115.75,28125,0,11400.0,CE
2018-09-17 12:55:00,116.55,116.7,115.2,115.65,14025,0,11400.0,CE
2018-09-17 12:56:00,115.6,115.6,113.45,113.55,20700,0,11400.0,CE
2018-09-17 12:57:00,113.5,117.7,113.5,117.15,11550,0,11400.0,CE
2018-09-17 12:58:00,117.1,117.4,116.35,116.5,8400,0,11400.0,CE
2018-09-17 12:59:00,116.75,117.65,115.95,115.95,9225,0,11400.0,CE
2018-09-17 13:00:00,115.8,118.65,115.8,118.5,12300,0,11400.0,CE
2018-09-17 13:01:00,118.8,119.35,118.05,118.3,11625,0,11400.0,CE
2018-09-17 13:02:00,118.15,119.5,117.7,118.55,10200,0,11400.0,CE
2018-09-17 13:03:00,119.5,119.75,118.55,118.9,13275,0,11400.0,CE
2018-09-17 13:04:00,118.4,118.5,117.0,117.05,8625,0,11400.0,CE
2018-09-17 13:05:00,117.4,118.5,117.0,118.0,4725,0,11400.0,CE
2018-09-17 13:06:00,117.85,118.0,115.45,115.95,17250,0,11400.0,CE
2018-09-17 13:07:00,115.75,117.25,115.75,117.05,11625,0,11400.0,CE
2018-09-17 13:08:00,116.45,116.65,116.0,116.65,3675,0,11400.0,CE
2018-09-17 13:09:00,116.55,116.55,116.0,116.5,6750,0,11400.0,CE
2018-09-17 13:10:00,116.5,118.3,116.5,118.1,12375,0,11400.0,CE
2018-09-17 13:11:00,118.4,118.75,116.45,118.0,14100,0,11400.0,CE
2018-09-17 13:12:00,118.45,120.0,118.0,119.0,37650,0,11400.0,CE
2018-09-17 13:13:00,118.4,119.6,118.4,119.45,12075,0,11400.0,CE
2018-09-17 13:14:00,119.6,122.45,119.5,121.6,20550,0,11400.0,CE
2018-09-17 13:15:00,121.6,122.0,119.95,120.5,21750,0,11400.0,CE
2018-09-17 13:16:00,120.45,121.55,120.45,121.05,10800,0,11400.0,CE
2018-09-17 13:17:00,121.0,121.2,119.0,119.45,11325,0,11400.0,CE
2018-09-17 13:18:00,119.5,119.95,118.1,118.1,22575,0,11400.0,CE
2018-09-17 13:19:00,118.2,118.65,116.8,116.9,25500,0,11400.0,CE
2018-09-17 13:20:00,117.1,117.1,114.7,114.95,23625,0,11400.0,CE
2018-09-17 13:21:00,114.35,117.15,114.35,116.1,16725,0,11400.0,CE
2018-09-17 13:22:00,116.5,117.05,115.5,115.5,7800,0,11400.0,CE
2018-09-17 13:23:00,115.35,117.5,114.5,115.1,19875,0,11400.0,CE
2018-09-17 13:24:00,115.3,115.75,111.0,111.45,40050,0,11400.0,CE
2018-09-17 13:25:00,112.2,112.95,111.3,112.75,23325,0,11400.0,CE
2018-09-17 13:26:00,112.4,113.0,111.0,111.95,34950,0,11400.0,CE
2018-09-17 13:27:00,112.0,112.5,111.0,111.3,16650,0,11400.0,CE
2018-09-17 13:28:00,111.35,111.55,110.25,110.5,13875,0,11400.0,CE
2018-09-17 13:29:00,110.5,110.5,107.25,107.5,40125,0,11400.0,CE
2018-09-17 13:30:00,108.0,110.65,108.0,110.65,20400,0,11400.0,CE
2018-09-17 13:31:00,110.4,111.7,110.0,111.5,9750,0,11400.0,CE
2018-09-17 13:32:00,111.6,111.95,110.0,110.1,22425,0,11400.0,CE
2018-09-17 13:33:00,110.4,110.85,108.0,108.45,11250,0,11400.0,CE
2018-09-17 13:34:00,108.45,108.45,105.4,106.35,31800,0,11400.0,CE
2018-09-17 13:35:00,106.45,108.55,105.75,108.05,28800,0,11400.0,CE
2018-09-17 13:36:00,108.8,108.8,107.9,108.05,16125,0,11400.0,CE
2018-09-17 13:37:00,108.0,110.1,108.0,110.1,19050,0,11400.0,CE
2018-09-17 13:38:00,109.1,109.65,108.1,108.15,16650,0,11400.0,CE
2018-09-17 13:39:00,108.1,109.15,107.8,108.7,7425,0,11400.0,CE
2018-09-17 13:40:00,109.5,110.3,108.65,108.75,15075,0,11400.0,CE
2018-09-17 13:41:00,108.75,110.45,108.45,109.85,12600,0,11400.0,CE
2018-09-17 13:42:00,110.35,111.1,109.85,111.1,21975,0,11400.0,CE
2018-09-17 13:43:00,111.35,113.0,111.15,111.15,67650,0,11400.0,CE
2018-09-17 13:44:00,111.6,113.45,111.5,113.25,30825,0,11400.0,CE
2018-09-17 13:45:00,113.5,115.6,113.25,115.55,27525,0,11400.0,CE
2018-09-17 13:46:00,115.15,116.55,115.15,115.25,22650,0,11400.0,CE
2018-09-17 13:47:00,115.05,116.45,114.35,116.45,16950,0,11400.0,CE
2018-09-17 13:48:00,115.8,116.15,114.35,114.35,10575,0,11400.0,CE
2018-09-17 13:49:00,114.7,115.0,114.05,114.4,16725,0,11400.0,CE
2018-09-17 13:50:00,114.45,116.1,114.45,115.35,13650,0,11400.0,CE
2018-09-17 13:51:00,115.8,117.85,115.8,117.6,21975,0,11400.0,CE
2018-09-17 13:52:00,117.95,121.05,117.95,120.2,75225,0,11400.0,CE
2018-09-17 13:53:00,119.6,121.2,119.2,121.1,34575,0,11400.0,CE
2018-09-17 13:54:00,121.15,123.0,119.7,120.65,43650,0,11400.0,CE
2018-09-17 13:55:00,120.65,123.0,120.65,122.5,41550,0,11400.0,CE
2018-09-17 13:56:00,122.25,123.75,122.1,123.05,48525,0,11400.0,CE
2018-09-17 13:57:00,122.5,122.5,119.9,120.2,31725,0,11400.0,CE
2018-09-17 13:58:00,119.8,121.5,118.05,121.4,22050,0,11400.0,CE
2018-09-17 13:59:00,121.35,121.7,118.95,118.95,9375,0,11400.0,CE
2018-09-17 14:00:00,119.3,120.85,119.15,120.3,15525,0,11400.0,CE
2018-09-17 14:01:00,121.0,123.0,121.0,122.9,33075,0,11400.0,CE
2018-09-17 14:02:00,123.8,124.25,123.15,124.25,35775,0,11400.0,CE
2018-09-17 14:03:00,124.8,126.7,123.85,126.7,62925,0,11400.0,CE
2018-09-17 14:04:00,126.3,127.0,126.0,126.85,34725,0,11400.0,CE
2018-09-17 14:05:00,127.0,128.7,125.85,125.85,81000,0,11400.0,CE
2018-09-17 14:06:00,125.05,125.2,123.65,123.85,32100,0,11400.0,CE
2018-09-17 14:07:00,123.5,124.85,123.3,123.4,18075,0,11400.0,CE
2018-09-17 14:08:00,123.05,123.65,120.95,123.0,23025,0,11400.0,CE
2018-09-17 14:09:00,122.4,124.85,122.4,124.45,21750,0,11400.0,CE
2018-09-17 14:10:00,124.5,125.2,122.75,122.95,31725,0,11400.0,CE
2018-09-17 14:11:00,123.95,124.4,122.7,123.55,12825,0,11400.0,CE
2018-09-17 14:12:00,123.5,123.5,120.0,120.0,13950,0,11400.0,CE
2018-09-17 14:13:00,120.25,120.75,118.5,119.35,42525,0,11400.0,CE
2018-09-17 14:14:00,119.2,120.45,119.0,120.0,12225,0,11400.0,CE
2018-09-17 14:15:00,119.5,119.5,115.25,115.25,42750,0,11400.0,CE
2018-09-17 14:16:00,115.75,117.6,115.35,117.05,21225,0,11400.0,CE
2018-09-17 14:17:00,117.4,119.45,117.0,118.5,12975,0,11400.0,CE
2018-09-17 14:18:00,118.45,119.9,118.2,119.35,15600,0,11400.0,CE
2018-09-17 14:19:00,119.85,120.0,118.9,119.5,12975,0,11400.0,CE
2018-09-17 14:20:00,119.85,121.1,119.6,121.1,23175,0,11400.0,CE
2018-09-17 14:21:00,121.2,123.8,121.1,121.8,47475,0,11400.0,CE
2018-09-17 14:22:00,121.15,122.9,119.75,119.75,28800,0,11400.0,CE
2018-09-17 14:23:00,119.8,120.0,116.95,116.95,33150,0,11400.0,CE
2018-09-17 14:24:00,116.75,119.05,116.2,119.05,45075,0,11400.0,CE
2018-09-17 14:25:00,119.0,119.95,116.5,117.0,30150,0,11400.0,CE
2018-09-17 14:26:00,116.2,117.45,113.05,113.05,64275,0,11400.0,CE
2018-09-17 14:27:00,113.0,115.05,112.7,114.25,28950,0,11400.0,CE
2018-09-17 14:28:00,114.45,116.45,114.05,116.05,21900,0,11400.0,CE
2018-09-17 14:29:00,116.4,117.9,116.4,117.3,10950,0,11400.0,CE
2018-09-17 14:30:00,117.15,118.5,116.1,117.25,21900,0,11400.0,CE
2018-09-17 14:31:00,117.5,117.5,116.6,117.0,6375,0,11400.0,CE
2018-09-17 14:32:00,117.35,117.35,115.25,115.25,15750,0,11400.0,CE
2018-09-17 14:33:00,115.0,115.55,113.0,113.35,29475,0,11400.0,CE
2018-09-17 14:34:00,113.5,116.5,113.0,115.95,16800,0,11400.0,CE
2018-09-17 14:35:00,116.0,116.7,115.55,116.25,9600,0,11400.0,CE
2018-09-17 14:36:00,115.5,115.85,114.55,115.4,21450,0,11400.0,CE
2018-09-17 14:37:00,115.3,116.3,115.3,116.3,14325,0,11400.0,CE
2018-09-17 14:38:00,116.8,116.9,115.5,116.15,13800,0,11400.0,CE
2018-09-17 14:39:00,116.0,118.6,116.0,118.55,32400,0,11400.0,CE
2018-09-17 14:40:00,118.55,121.9,118.05,121.85,60225,0,11400.0,CE
2018-09-17 14:41:00,121.3,122.0,118.25,118.25,39675,0,11400.0,CE
2018-09-17 14:42:00,118.0,118.7,117.0,118.35,23400,0,11400.0,CE
2018-09-17 14:43:00,118.15,118.15,115.3,115.3,29400,0,11400.0,CE
2018-09-17 14:44:00,115.8,116.15,115.25,116.0,16125,0,11400.0,CE
2018-09-17 14:45:00,115.6,116.55,114.55,114.55,36375,0,11400.0,CE
2018-09-17 14:46:00,114.9,115.0,114.0,114.4,24600,0,11400.0,CE
2018-09-17 14:47:00,114.0,114.2,112.25,113.2,26325,0,11400.0,CE
2018-09-17 14:48:00,112.35,112.35,106.75,107.0,100575,0,11400.0,CE
2018-09-17 14:49:00,107.0,109.25,106.5,109.25,36300,0,11400.0,CE
2018-09-17 14:50:00,108.5,108.6,107.65,108.6,25650,0,11400.0,CE
2018-09-17 14:51:00,108.95,109.5,107.9,107.9,27525,0,11400.0,CE
2018-09-17 14:52:00,108.8,109.9,108.5,109.9,15900,0,11400.0,CE
2018-09-17 14:53:00,109.8,110.65,109.75,110.05,30975,0,11400.0,CE
2018-09-17 14:54:00,110.6,110.85,107.75,108.0,16350,0,11400.0,CE
2018-09-17 14:55:00,107.55,107.85,105.0,105.4,48375,0,11400.0,CE
2018-09-17 14:56:00,105.4,105.4,102.0,102.0,97275,0,11400.0,CE
2018-09-17 14:57:00,102.0,105.6,101.35,105.1,57600,0,11400.0,CE
2018-09-17 14:58:00,105.0,106.55,104.35,106.55,42975,0,11400.0,CE
2018-09-17 14:59:00,106.75,109.4,106.3,109.4,37950,0,11400.0,CE
2018-09-17 15:00:00,109.7,112.3,109.1,112.0,48825,0,11400.0,CE
2018-09-17 15:01:00,112.35,115.35,112.35,112.35,106500,0,11400.0,CE
2018-09-17 15:02:00,112.3,113.25,111.2,112.6,30900,0,11400.0,CE
2018-09-17 15:03:00,110.95,113.7,110.05,113.0,46425,0,11400.0,CE
2018-09-17 15:04:00,113.45,113.45,110.9,111.4,37950,0,11400.0,CE
2018-09-17 15:05:00,111.75,113.75,111.2,112.95,27600,0,11400.0,CE
2018-09-17 15:06:00,113.0,113.85,110.4,111.35,18525,0,11400.0,CE
2018-09-17 15:07:00,112.5,113.05,110.4,112.75,36900,0,11400.0,CE
2018-09-17 15:08:00,112.7,113.95,112.2,112.85,61275,0,11400.0,CE
2018-09-17 15:09:00,112.75,114.0,112.6,113.0,17400,0,11400.0,CE
2018-09-17 15:10:00,112.6,112.7,108.1,109.45,50925,0,11400.0,CE
2018-09-17 15:11:00,109.7,109.8,107.0,108.05,44100,0,11400.0,CE
2018-09-17 15:12:00,108.1,108.6,105.0,107.3,54900,0,11400.0,CE
2018-09-17 15:13:00,107.45,108.35,106.55,107.2,63375,0,11400.0,CE
2018-09-17 15:14:00,107.3,107.5,105.65,106.35,46875,0,11400.0,CE
2018-09-17 15:15:00,106.1,106.75,104.4,104.7,34500,0,11400.0,CE
2018-09-17 15:16:00,104.7,104.9,102.25,104.8,40500,0,11400.0,CE
2018-09-17 15:17:00,104.7,104.7,103.15,104.6,33075,0,11400.0,CE
2018-09-17 15:18:00,104.8,106.55,104.65,105.05,36675,0,11400.0,CE
2018-09-17 15:19:00,105.0,107.25,105.0,107.25,33075,0,11400.0,CE
2018-09-17 15:20:00,107.15,107.15,103.4,103.85,56475,0,11400.0,CE
2018-09-17 15:21:00,103.4,103.55,101.25,102.7,73575,0,11400.0,CE
2018-09-17 15:22:00,102.5,103.8,102.3,103.8,24600,0,11400.0,CE
2018-09-17 15:23:00,104.35,105.0,102.35,102.65,58425,0,11400.0,CE
2018-09-17 15:24:00,103.0,103.35,101.8,102.25,39375,0,11400.0,CE
2018-09-17 15:25:00,102.7,103.2,102.15,102.15,37725,0,11400.0,CE
2018-09-17 15:26:00,101.95,102.35,100.6,100.6,48675,0,11400.0,CE
2018-09-17 15:27:00,101.0,101.0,99.0,99.25,86400,0,11400.0,CE
2018-09-17 15:28:00,99.2,99.45,97.35,97.9,84675,0,11400.0,CE
2018-09-17 15:29:00,97.85,98.6,97.0,98.6,85500,0,11400.0,CE
2018-09-17 15:30:00,97.85,106.2,97.0,106.2,0,0,11400.0,CE
2018-09-18 09:15:00,94.0,95.95,85.65,95.65,174450,0,11400.0,CE
2018-09-18 09:16:00,95.7,100.9,94.4,100.5,122100,0,11400.0,CE
2018-09-18 09:17:00,100.85,107.4,100.6,105.7,152325,0,11400.0,CE
2018-09-18 09:18:00,104.65,105.75,102.45,104.95,59175,0,11400.0,CE
2018-09-18 09:19:00,104.85,108.0,103.05,107.45,73875,0,11400.0,CE
2018-09-18 09:20:00,108.0,110.9,108.0,109.75,120000,0,11400.0,CE
2018-09-18 09:21:00,109.9,112.75,108.5,111.25,105300,0,11400.0,CE
2018-09-18 09:22:00,111.3,112.25,109.4,110.5,60000,0,11400.0,CE
2018-09-18 09:23:00,110.0,112.8,110.0,110.85,60825,0,11400.0,CE
2018-09-18 09:24:00,111.75,115.35,110.0,115.35,63150,0,11400.0,CE
2018-09-18 09:25:00,115.8,117.75,114.05,114.55,130350,0,11400.0,CE
2018-09-18 09:26:00,114.45,117.95,114.45,116.05,39225,0,11400.0,CE
2018-09-18 09:27:00,115.9,115.95,112.0,112.4,54825,0,11400.0,CE
2018-09-18 09:28:00,113.45,115.75,113.25,115.7,31125,0,11400.0,CE
2018-09-18 09:29:00,115.6,115.85,111.35,111.85,40050,0,11400.0,CE
2018-09-18 09:30:00,111.0,112.4,110.1,111.3,39150,0,11400.0,CE
2018-09-18 09:31:00,111.3,111.95,109.0,110.95,35850,0,11400.0,CE
2018-09-18 09:32:00,111.0,111.55,108.05,108.75,38625,0,11400.0,CE
2018-09-18 09:33:00,108.5,110.0,107.05,110.0,35175,0,11400.0,CE
2018-09-18 09:34:00,110.6,111.35,109.6,111.0,30225,0,11400.0,CE
2018-09-18 09:35:00,110.55,110.55,108.5,110.45,31575,0,11400.0,CE
2018-09-18 09:36:00,109.65,110.05,105.05,105.95,51600,0,11400.0,CE
2018-09-18 09:37:00,105.85,106.55,104.55,106.35,33750,0,11400.0,CE
2018-09-18 09:38:00,105.9,106.55,104.25,106.45,49125,0,11400.0,CE
2018-09-18 09:39:00,106.4,107.15,104.35,105.95,37200,0,11400.0,CE
2018-09-18 09:40:00,106.55,107.0,105.35,106.35,27300,0,11400.0,CE
2018-09-18 09:41:00,105.75,107.75,105.15,107.4,64050,0,11400.0,CE
2018-09-18 09:42:00,107.2,107.3,104.5,104.5,53250,0,11400.0,CE
2018-09-18 09:43:00,104.0,104.35,101.7,102.35,44025,0,11400.0,CE
2018-09-18 09:44:00,102.3,102.3,98.9,100.7,82575,0,11400.0,CE
2018-09-18 09:45:00,101.0,101.55,95.6,95.6,78750,0,11400.0,CE
2018-09-18 09:46:00,95.65,97.25,93.35,95.5,108825,0,11400.0,CE
2018-09-18 09:47:00,95.15,95.2,93.4,95.2,59625,0,11400.0,CE
2018-09-18 09:48:00,95.35,97.8,95.0,97.45,51075,0,11400.0,CE
2018-09-18 09:49:00,96.25,96.95,94.05,95.55,49950,0,11400.0,CE
2018-09-18 09:50:00,95.5,96.15,92.95,94.35,69075,0,11400.0,CE
2018-09-18 09:51:00,92.95,95.1,92.25,94.75,72375,0,11400.0,CE
2018-09-18 09:52:00,94.7,95.0,92.8,93.95,49275,0,11400.0,CE
2018-09-18 09:53:00,93.3,96.3,93.0,96.2,47625,0,11400.0,CE
2018-09-18 09:54:00,95.7,96.45,94.85,96.0,43125,0,11400.0,CE
2018-09-18 09:55:00,95.55,95.65,91.25,93.1,55575,0,11400.0,CE
2018-09-18 09:56:00,93.0,93.85,92.05,92.5,28350,0,11400.0,CE
2018-09-18 09:57:00,92.0,94.65,92.0,94.65,43875,0,11400.0,CE
2018-09-18 09:58:00,94.4,98.0,94.4,98.0,56175,0,11400.0,CE
2018-09-18 09:59:00,98.15,100.0,97.65,97.7,64275,0,11400.0,CE
2018-09-18 10:00:00,97.4,99.8,97.15,99.1,49875,0,11400.0,CE
2018-09-18 10:01:00,98.6,99.85,98.45,99.4,39900,0,11400.0,CE
2018-09-18 10:02:00,99.1,99.5,97.85,99.5,44025,0,11400.0,CE
2018-09-18 10:03:00,99.35,100.4,98.5,98.6,63525,0,11400.0,CE
2018-09-18 10:04:00,98.9,100.8,97.8,99.2,38775,0,11400.0,CE
2018-09-18 10:05:00,98.85,100.0,98.3,99.2,20625,0,11400.0,CE
2018-09-18 10:06:00,99.4,99.65,97.1,97.4,41325,0,11400.0,CE
2018-09-18 10:07:00,98.15,99.25,97.9,99.25,18300,0,11400.0,CE
2018-09-18 10:08:00,99.45,99.45,97.05,97.95,21525,0,11400.0,CE
2018-09-18 10:09:00,97.65,98.0,96.1,96.25,26550,0,11400.0,CE
2018-09-18 10:10:00,95.9,95.9,94.0,95.0,60450,0,11400.0,CE
2018-09-18 10:11:00,94.85,95.15,93.65,94.65,36975,0,11400.0,CE
2018-09-18 10:12:00,95.0,96.65,94.0,96.65,40800,0,11400.0,CE
2018-09-18 10:13:00,96.65,98.25,96.0,97.75,38400,0,11400.0,CE
2018-09-18 10:14:00,97.3,97.75,96.2,96.4,11325,0,11400.0,CE
2018-09-18 10:15:00,96.0,96.0,94.35,94.45,21075,0,11400.0,CE
2018-09-18 10:16:00,94.7,96.9,94.0,96.75,18750,0,11400.0,CE
2018-09-18 10:17:00,97.1,97.75,96.1,97.7,19725,0,11400.0,CE
2018-09-18 10:18:00,97.65,98.7,97.3,98.55,29625,0,11400.0,CE
2018-09-18 10:19:00,98.4,98.65,97.25,97.5,10425,0,11400.0,CE
2018-09-18 10:20:00,97.8,97.9,95.35,95.9,14775,0,11400.0,CE
2018-09-18 10:21:00,95.85,97.05,95.6,96.5,8625,0,11400.0,CE
2018-09-18 10:22:00,96.25,97.85,96.25,97.85,12675,0,11400.0,CE
2018-09-18 10:23:00,97.9,98.0,97.0,98.0,5925,0,11400.0,CE
2018-09-18 10:24:00,97.95,98.0,96.05,96.9,18525,0,11400.0,CE
2018-09-18 10:25:00,97.5,97.9,96.3,97.6,11400,0,11400.0,CE
2018-09-18 10:26:00,97.95,97.95,96.2,97.45,15000,0,11400.0,CE
2018-09-18 10:27:00,97.5,97.65,95.5,95.95,31125,0,11400.0,CE
2018-09-18 10:28:00,96.35,96.35,92.25,93.55,55200,0,11400.0,CE
2018-09-18 10:29:00,93.65,93.65,89.0,89.35,117150,0,11400.0,CE
2018-09-18 10:30:00,88.35,92.35,87.5,91.75,92550,0,11400.0,CE
2018-09-18 10:31:00,91.0,91.0,88.2,89.3,45075,0,11400.0,CE
2018-09-18 10:32:00,89.85,89.85,87.55,88.25,45825,0,11400.0,CE
2018-09-18 10:33:00,88.2,88.2,82.3,84.5,135000,0,11400.0,CE
2018-09-18 10:34:00,84.7,86.65,83.75,86.25,67200,0,11400.0,CE
2018-09-18 10:35:00,85.8,87.0,85.0,85.15,60525,0,11400.0,CE
2018-09-18 10:36:00,85.2,85.8,84.5,85.6,46500,0,11400.0,CE
2018-09-18 10:37:00,85.65,86.0,83.55,83.65,60375,0,11400.0,CE
2018-09-18 10:38:00,83.35,85.25,83.0,85.0,63675,0,11400.0,CE
2018-09-18 10:39:00,85.0,85.3,78.8,79.85,99900,0,11400.0,CE
2018-09-18 10:40:00,79.2,80.2,77.95,79.85,122175,0,11400.0,CE
2018-09-18 10:41:00,80.5,81.2,79.4,80.1,73500,0,11400.0,CE
2018-09-18 10:42:00,80.3,82.4,80.0,82.35,38700,0,11400.0,CE
2018-09-18 10:43:00,82.1,82.1,80.05,80.6,49875,0,11400.0,CE
2018-09-18 10:44:00,80.35,82.7,80.35,82.7,23925,0,11400.0,CE
2018-09-18 10:45:00,82.65,83.4,82.35,83.35,47700,0,11400.0,CE
2018-09-18 10:46:00,83.3,84.4,83.0,83.55,44550,0,11400.0,CE
2018-09-18 10:47:00,83.55,84.55,83.4,83.85,20700,0,11400.0,CE
2018-09-18 10:48:00,84.0,86.0,83.85,86.0,39225,0,11400.0,CE
2018-09-18 10:49:00,85.9,85.9,83.8,83.8,32700,0,11400.0,CE
2018-09-18 10:50:00,83.95,84.75,83.55,84.75,23400,0,11400.0,CE
2018-09-18 10:51:00,84.9,85.35,84.15,84.35,19650,0,11400.0,CE
2018-09-18 10:52:00,84.25,84.9,83.6,84.55,30675,0,11400.0,CE
2018-09-18 10:53:00,84.35,86.05,84.25,85.7,32925,0,11400.0,CE
2018-09-18 10:54:00,85.55,87.5,85.55,87.5,36075,0,11400.0,CE
2018-09-18 10:55:00,87.35,87.7,86.3,86.55,57375,0,11400.0,CE
2018-09-18 10:56:00,86.5,87.45,86.1,87.0,39975,0,11400.0,CE
2018-09-18 10:57:00,87.0,87.0,83.3,83.3,40425,0,11400.0,CE
2018-09-18 10:58:00,83.25,84.2,83.0,83.65,30825,0,11400.0,CE
2018-09-18 10:59:00,83.55,83.9,81.2,81.45,45975,0,11400.0,CE
2018-09-18 11:00:00,81.4,81.4,79.75,80.0,50475,0,11400.0,CE
2018-09-18 11:01:00,79.35,79.5,78.05,78.65,52650,0,11400.0,CE
2018-09-18 11:02:00,78.6,79.95,77.5,78.75,79725,0,11400.0,CE
2018-09-18 11:03:00,78.9,81.55,78.7,80.3,59775,0,11400.0,CE
2018-09-18 11:04:00,80.55,82.3,80.55,81.3,39000,0,11400.0,CE
2018-09-18 11:05:00,81.0,81.55,79.6,81.55,30825,0,11400.0,CE
2018-09-18 11:06:00,81.8,81.95,80.95,81.55,34275,0,11400.0,CE
2018-09-18 11:07:00,81.5,82.65,81.3,81.9,29475,0,11400.0,CE
2018-09-18 11:08:00,81.6,81.6,80.15,80.15,24375,0,11400.0,CE
2018-09-18 11:09:00,80.05,81.5,79.1,80.4,29850,0,11400.0,CE
2018-09-18 11:10:00,80.25,81.9,79.8,81.1,43650,0,11400.0,CE
2018-09-18 11:11:00,81.2,81.55,80.4,81.5,20025,0,11400.0,CE
2018-09-18 11:12:00,81.8,82.95,81.5,82.7,27525,0,11400.0,CE
2018-09-18 11:13:00,82.65,83.5,82.35,83.15,34950,0,11400.0,CE
2018-09-18 11:14:00,83.45,84.45,82.9,84.05,33375,0,11400.0,CE
2018-09-18 11:15:00,84.2,85.0,84.0,84.65,32625,0,11400.0,CE
2018-09-18 11:16:00,84.95,85.05,83.4,83.5,42975,0,11400.0,CE
2018-09-18 11:17:00,83.7,85.65,83.55,85.65,38700,0,11400.0,CE
2018-09-18 11:18:00,85.65,86.8,85.0,86.8,39150,0,11400.0,CE
2018-09-18 11:19:00,86.8,86.95,86.0,86.15,25275,0,11400.0,CE
2018-09-18 11:20:00,86.55,86.55,85.2,86.1,28350,0,11400.0,CE
2018-09-18 11:21:00,86.0,86.6,86.0,86.55,12900,0,11400.0,CE
2018-09-18 11:22:00,86.6,88.7,86.5,88.35,55275,0,11400.0,CE
2018-09-18 11:23:00,88.25,89.6,88.25,89.2,55275,0,11400.0,CE
2018-09-18 11:24:00,89.5,89.55,88.0,89.0,49050,0,11400.0,CE
2018-09-18 11:25:00,89.0,90.85,89.0,90.0,73125,0,11400.0,CE
2018-09-18 11:26:00,90.0,93.35,90.0,93.35,99525,0,11400.0,CE
2018-09-18 11:27:00,93.3,93.55,91.1,91.35,77025,0,11400.0,CE
2018-09-18 11:28:00,91.75,95.3,91.45,94.4,117900,0,11400.0,CE
2018-09-18 11:29:00,95.0,98.25,94.75,95.95,131175,0,11400.0,CE
2018-09-18 11:30:00,95.95,96.6,94.6,94.6,47400,0,11400.0,CE
2018-09-18 11:31:00,94.2,95.2,94.0,94.7,95400,0,11400.0,CE
2018-09-18 11:32:00,95.0,97.7,95.0,96.2,59850,0,11400.0,CE
2018-09-18 11:33:00,96.0,98.9,96.0,98.2,127650,0,11400.0,CE
2018-09-18 11:34:00,98.45,98.5,96.55,97.5,92625,0,11400.0,CE
2018-09-18 11:35:00,98.15,103.35,97.9,102.25,136950,0,11400.0,CE
2018-09-18 11:36:00,101.7,102.4,100.25,100.65,73050,0,11400.0,CE
2018-09-18 11:37:00,100.65,104.9,100.65,104.9,67350,0,11400.0,CE
2018-09-18 11:38:00,104.95,105.4,103.55,104.0,88875,0,11400.0,CE
2018-09-18 11:39:00,103.7,105.95,103.3,103.75,59550,0,11400.0,CE
2018-09-18 11:40:00,103.55,105.4,103.0,103.55,44775,0,11400.0,CE
2018-09-18 11:41:00,103.65,104.05,101.2,101.65,39975,0,11400.0,CE
2018-09-18 11:42:00,101.4,102.6,100.5,102.5,53775,0,11400.0,CE
2018-09-18 11:43:00,102.85,104.75,102.85,103.0,33975,0,11400.0,CE
2018-09-18 11:44:00,102.65,103.85,100.85,101.2,23250,0,11400.0,CE
2018-09-18 11:45:00,101.4,102.75,100.75,101.0,28950,0,11400.0,CE
2018-09-18 11:46:00,101.0,104.0,101.0,103.3,32475,0,11400.0,CE
2018-09-18 11:47:00,103.5,106.0,103.45,105.9,45900,0,11400.0,CE
2018-09-18 11:48:00,106.1,107.3,105.15,105.2,47100,0,11400.0,CE
2018-09-18 11:49:00,105.4,105.9,104.0,104.1,45300,0,11400.0,CE
2018-09-18 11:50:00,104.65,106.95,104.5,106.95,32025,0,11400.0,CE
2018-09-18 11:51:00,106.85,108.75,106.5,108.15,62625,0,11400.0,CE
2018-09-18 11:52:00,108.0,110.5,107.95,107.95,81975,0,11400.0,CE
2018-09-18 11:53:00,108.1,109.55,106.6,107.75,40200,0,11400.0,CE
2018-09-18 11:54:00,107.7,108.0,105.75,105.75,35250,0,11400.0,CE
2018-09-18 11:55:00,105.55,106.1,103.0,103.05,51525,0,11400.0,CE
2018-09-18 11:56:00,102.75,104.65,102.65,104.4,40575,0,11400.0,CE
2018-09-18 11:57:00,103.8,105.45,103.6,105.45,31650,0,11400.0,CE
2018-09-18 11:58:00,105.55,106.0,104.25,104.5,29475,0,11400.0,CE
2018-09-18 11:59:00,104.15,105.3,104.0,105.1,18900,0,11400.0,CE
2018-09-18 12:00:00,105.3,106.3,105.25,105.8,11625,0,11400.0,CE
2018-09-18 12:01:00,105.0,106.0,105.0,105.9,12225,0,11400.0,CE
2018-09-18 12:02:00,105.5,105.65,102.7,102.7,26850,0,11400.0,CE
2018-09-18 12:03:00,102.7,102.7,100.6,100.6,43800,0,11400.0,CE
2018-09-18 12:04:00,101.25,102.35,98.65,98.65,41400,0,11400.0,CE
2018-09-18 12:05:00,99.0,99.65,97.55,97.55,58950,0,11400.0,CE
2018-09-18 12:06:00,97.5,100.05,97.3,99.15,51075,0,11400.0,CE
2018-09-18 12:07:00,99.0,99.7,98.05,98.9,30675,0,11400.0,CE
2018-09-18 12:08:00,99.2,100.3,98.7,100.3,21075,0,11400.0,CE
2018-09-18 12:09:00,100.2,103.1,100.2,102.8,42375,0,11400.0,CE
2018-09-18 12:10:00,103.0,103.2,102.0,102.8,26250,0,11400.0,CE
2018-09-18 12:11:00,102.4,104.35,102.1,104.35,28875,0,11400.0,CE
2018-09-18 12:12:00,104.4,104.4,101.3,101.5,26025,0,11400.0,CE
2018-09-18 12:13:00,101.45,101.75,98.75,99.2,25725,0,11400.0,CE
2018-09-18 12:14:00,98.95,99.25,98.0,98.85,34650,0,11400.0,CE
2018-09-18 12:15:00,99.6,100.3,97.85,100.3,25575,0,11400.0,CE
2018-09-18 12:16:00,100.3,102.6,100.3,101.6,23550,0,11400.0,CE
2018-09-18 12:17:00,102.1,103.05,102.1,103.0,17850,0,11400.0,CE
2018-09-18 12:18:00,103.6,105.0,103.0,104.75,30150,0,11400.0,CE
2018-09-18 12:19:00,105.2,106.95,104.75,106.0,43350,0,11400.0,CE
2018-09-18 12:20:00,106.45,106.5,104.4,104.4,19275,0,11400.0,CE
2018-09-18 12:21:00,104.65,105.05,102.8,102.8,10125,0,11400.0,CE
2018-09-18 12:22:00,103.2,105.35,103.15,105.05,19125,0,11400.0,CE
2018-09-18 12:23:00,105.6,105.9,104.25,105.6,12525,0,11400.0,CE
2018-09-18 12:24:00,105.45,106.2,103.35,103.35,21525,0,11400.0,CE
2018-09-18 12:25:00,103.9,103.9,100.35,101.0,32700,0,11400.0,CE
2018-09-18 12:26:00,100.85,101.35,99.2,100.15,21900,0,11400.0,CE
2018-09-18 12:27:00,100.45,101.05,100.2,100.6,8700,0,11400.0,CE
2018-09-18 12:28:00,100.75,102.45,100.65,102.4,22800,0,11400.0,CE
2018-09-18 12:29:00,101.65,103.15,101.5,101.5,16650,0,11400.0,CE
2018-09-18 12:30:00,101.55,101.65,98.0,98.6,35475,0,11400.0,CE
2018-09-18 12:31:00,98.55,98.55,95.9,98.55,60750,0,11400.0,CE
2018-09-18 12:32:00,98.35,98.8,92.25,92.55,117675,0,11400.0,CE
2018-09-18 12:33:00,92.0,93.5,88.65,91.25,116175,0,11400.0,CE
2018-09-18 12:34:00,92.2,92.7,90.5,92.0,82575,0,11400.0,CE
2018-09-18 12:35:00,92.2,93.9,92.2,93.9,50100,0,11400.0,CE
2018-09-18 12:36:00,93.95,93.95,91.4,91.85,59475,0,11400.0,CE
2018-09-18 12:37:00,92.0,92.0,90.3,90.65,61875,0,11400.0,CE
2018-09-18 12:38:00,90.55,93.8,90.35,93.8,46125,0,11400.0,CE
2018-09-18 12:39:00,93.8,95.9,92.0,92.05,50775,0,11400.0,CE
2018-09-18 12:40:00,92.0,92.3,90.1,90.1,24225,0,11400.0,CE
2018-09-18 12:41:00,90.35,90.75,88.45,89.0,84900,0,11400.0,CE
2018-09-18 12:42:00,88.55,90.9,88.55,90.6,82650,0,11400.0,CE
2018-09-18 12:43:00,90.75,91.2,88.65,88.75,28875,0,11400.0,CE
2018-09-18 12:44:00,89.0,89.75,88.65,89.3,38850,0,11400.0,CE
2018-09-18 12:45:00,90.0,90.2,88.85,90.0,50475,0,11400.0,CE
2018-09-18 12:46:00,90.0,93.4,90.0,93.25,57375,0,11400.0,CE
2018-09-18 12:47:00,93.3,93.3,89.6,90.0,44850,0,11400.0,CE
2018-09-18 12:48:00,90.0,91.7,90.0,91.2,12300,0,11400.0,CE
2018-09-18 12:49:00,91.85,91.85,89.2,89.75,28650,0,11400.0,CE
2018-09-18 12:50:00,89.95,90.9,88.65,88.75,46875,0,11400.0,CE
2018-09-18 12:51:00,88.55,91.2,88.4,91.2,53550,0,11400.0,CE
2018-09-18 12:52:00,91.2,95.25,90.6,94.1,79425,0,11400.0,CE
2018-09-18 12:53:00,94.5,94.5,92.4,93.0,41325,0,11400.0,CE
2018-09-18 12:54:00,93.0,94.85,93.0,94.45,29400,0,11400.0,CE
2018-09-18 12:55:00,94.75,97.25,94.5,96.85,58050,0,11400.0,CE
2018-09-18 12:56:00,96.6,97.3,94.9,95.95,43575,0,11400.0,CE
2018-09-18 12:57:00,96.45,97.9,95.75,97.05,29250,0,11400.0,CE
2018-09-18 12:58:00,97.1,99.8,97.0,99.0,59475,0,11400.0,CE
2018-09-18 12:59:00,98.9,99.35,97.1,97.1,29175,0,11400.0,CE
2018-09-18 13:00:00,97.9,98.75,97.15,97.4,17550,0,11400.0,CE
2018-09-18 13:01:00,98.0,100.3,97.4,99.5,54975,0,11400.0,CE
2018-09-18 13:02:00,99.5,100.5,98.45,99.45,22275,0,11400.0,CE
2018-09-18 13:03:00,99.0,99.9,97.5,97.5,32400,0,11400.0,CE
2018-09-18 13:04:00,97.0,99.0,95.1,98.95,30150,0,11400.0,CE
2018-09-18 13:05:00,99.5,102.35,99.2,101.25,43350,0,11400.0,CE
2018-09-18 13:06:00,101.25,103.0,101.25,102.65,36150,0,11400.0,CE
2018-09-18 13:07:00,103.0,103.0,98.8,99.4,29850,0,11400.0,CE
2018-09-18 13:08:00,100.2,101.1,99.0,100.7,34050,0,11400.0,CE
2018-09-18 13:09:00,100.5,100.5,98.5,98.8,15450,0,11400.0,CE
2018-09-18 13:10:00,98.85,101.0,98.55,100.2,33225,0,11400.0,CE
2018-09-18 13:11:00,100.2,100.8,98.4,98.4,25725,0,11400.0,CE
2018-09-18 13:12:00,97.9,98.0,96.35,96.95,50550,0,11400.0,CE
2018-09-18 13:13:00,96.8,97.6,95.35,96.45,37875,0,11400.0,CE
2018-09-18 13:14:00,95.75,95.75,92.45,93.3,59250,0,11400.0,CE
2018-09-18 13:15:00,93.1,93.8,92.05,93.75,47625,0,11400.0,CE
2018-09-18 13:16:00,94.5,95.6,93.2,95.1,38325,0,11400.0,CE
2018-09-18 13:17:00,95.2,97.55,94.5,97.3,38625,0,11400.0,CE
2018-09-18 13:18:00,97.1,99.0,97.1,98.75,31200,0,11400.0,CE
2018-09-18 13:19:00,98.0,100.1,98.0,100.05,36150,0,11400.0,CE
2018-09-18 13:20:00,99.5,99.5,97.3,98.25,25725,0,11400.0,CE
2018-09-18 13:21:00,98.1,99.0,97.8,97.85,16575,0,11400.0,CE
2018-09-18 13:22:00,97.9,98.5,97.0,97.35,17625,0,11400.0,CE
2018-09-18 13:23:00,97.35,98.5,96.6,96.6,15900,0,11400.0,CE
2018-09-18 13:24:00,96.9,98.5,96.9,98.0,10950,0,11400.0,CE
2018-09-18 13:25:00,98.0,98.0,97.0,97.6,11100,0,11400.0,CE
2018-09-18 13:26:00,97.25,97.25,95.35,95.55,17025,0,11400.0,CE
2018-09-18 13:27:00,95.5,95.5,92.7,93.85,42375,0,11400.0,CE
2018-09-18 13:28:00,93.6,94.2,91.75,93.4,22425,0,11400.0,CE
2018-09-18 13:29:00,93.3,94.05,92.05,94.0,29550,0,11400.0,CE
2018-09-18 13:30:00,94.0,94.45,92.05,94.2,21600,0,11400.0,CE
2018-09-18 13:31:00,94.1,94.6,92.95,93.5,17550,0,11400.0,CE
2018-09-18 13:32:00,93.7,95.7,93.55,95.7,19275,0,11400.0,CE
2018-09-18 13:33:00,95.3,96.05,94.75,95.65,24900,0,11400.0,CE
2018-09-18 13:34:00,95.55,97.0,95.0,96.9,25350,0,11400.0,CE
2018-09-18 13:35:00,96.05,98.25,95.8,98.25,28650,0,11400.0,CE
2018-09-18 13:36:00,98.0,98.6,96.85,98.4,61200,0,11400.0,CE
2018-09-18 13:37:00,98.0,98.0,95.65,96.2,26775,0,11400.0,CE
2018-09-18 13:38:00,95.75,96.0,92.3,92.6,20325,0,11400.0,CE
2018-09-18 13:39:00,92.95,94.0,89.8,90.6,53700,0,11400.0,CE
2018-09-18 13:40:00,90.5,91.0,87.75,88.0,99825,0,11400.0,CE
2018-09-18 13:41:00,88.15,90.6,86.65,90.45,100425,0,11400.0,CE
2018-09-18 13:42:00,90.75,91.4,89.1,89.1,44625,0,11400.0,CE
2018-09-18 13:43:00,89.45,89.45,86.3,86.5,31350,0,11400.0,CE
2018-09-18 13:44:00,86.3,88.55,85.5,88.55,56175,0,11400.0,CE
2018-09-18 13:45:00,88.1,88.75,85.8,86.5,33150,0,11400.0,CE
2018-09-18 13:46:00,86.45,90.35,86.0,90.35,41550,0,11400.0,CE
2018-09-18 13:47:00,90.3,92.0,89.9,91.6,67050,0,11400.0,CE
2018-09-18 13:48:00,91.4,91.4,89.25,89.5,37650,0,11400.0,CE
2018-09-18 13:49:00,89.65,90.85,88.5,90.85,22950,0,11400.0,CE
2018-09-18 13:50:00,91.0,92.95,91.0,91.25,30075,0,11400.0,CE
2018-09-18 13:51:00,91.9,92.3,90.6,91.25,21150,0,11400.0,CE
2018-09-18 13:52:00,91.85,92.4,91.1,91.55,17325,0,11400.0,CE
2018-09-18 13:53:00,91.25,93.6,91.0,93.6,31875,0,11400.0,CE
2018-09-18 13:54:00,93.6,94.5,93.0,93.95,50175,0,11400.0,CE
2018-09-18 13:55:00,94.3,94.6,92.85,94.15,33675,0,11400.0,CE
2018-09-18 13:56:00,94.5,95.9,94.4,95.9,35400,0,11400.0,CE
2018-09-18 13:57:00,95.65,96.0,93.4,94.45,60900,0,11400.0,CE
2018-09-18 13:58:00,94.35,94.6,92.45,92.75,31275,0,11400.0,CE
2018-09-18 13:59:00,92.85,93.0,88.2,88.2,78450,0,11400.0,CE
2018-09-18 14:00:00,88.95,91.8,88.75,91.2,56850,0,11400.0,CE
2018-09-18 14:01:00,91.2,91.85,89.2,89.4,42000,0,11400.0,CE
2018-09-18 14:02:00,89.95,90.45,89.25,89.95,25575,0,11400.0,CE
2018-09-18 14:03:00,89.45,90.55,88.4,90.35,24375,0,11400.0,CE
2018-09-18 14:04:00,90.4,91.7,89.7,91.4,22200,0,11400.0,CE
2018-09-18 14:05:00,91.4,92.6,90.8,91.0,27525,0,11400.0,CE
2018-09-18 14:06:00,91.0,92.0,90.75,90.8,14925,0,11400.0,CE
2018-09-18 14:07:00,90.9,91.7,89.5,89.5,8550,0,11400.0,CE
2018-09-18 14:08:00,89.35,90.45,88.35,88.9,16350,0,11400.0,CE
2018-09-18 14:09:00,88.2,88.65,86.6,88.1,32250,0,11400.0,CE
2018-09-18 14:10:00,88.2,88.5,85.9,87.0,36600,0,11400.0,CE
2018-09-18 14:11:00,87.05,89.85,87.05,89.85,21525,0,11400.0,CE
2018-09-18 14:12:00,89.4,89.7,87.95,89.45,21300,0,11400.0,CE
2018-09-18 14:13:00,89.85,91.9,89.65,91.9,41475,0,11400.0,CE
2018-09-18 14:14:00,92.6,93.0,91.7,91.95,52800,0,11400.0,CE
2018-09-18 14:15:00,92.45,94.0,92.1,93.6,41025,0,11400.0,CE
2018-09-18 14:16:00,94.05,94.8,92.35,92.8,27300,0,11400.0,CE
2018-09-18 14:17:00,93.0,93.6,91.4,91.4,12225,0,11400.0,CE
2018-09-18 14:18:00,91.6,92.05,90.75,91.15,21450,0,11400.0,CE
2018-09-18 14:19:00,90.45,90.45,86.8,90.0,37875,0,11400.0,CE
2018-09-18 14:20:00,90.55,92.5,90.5,90.5,21825,0,11400.0,CE
2018-09-18 14:21:00,90.35,91.4,89.55,91.4,22200,0,11400.0,CE
2018-09-18 14:22:00,91.5,92.0,90.2,90.65,14025,0,11400.0,CE
2018-09-18 14:23:00,90.2,90.5,89.75,90.25,16050,0,11400.0,CE
2018-09-18 14:24:00,90.15,90.45,88.6,88.75,18825,0,11400.0,CE
2018-09-18 14:25:00,88.85,90.85,88.85,90.1,14475,0,11400.0,CE
2018-09-18 14:26:00,90.1,90.15,88.5,89.35,24525,0,11400.0,CE
2018-09-18 14:27:00,89.0,90.8,88.55,90.8,17100,0,11400.0,CE
2018-09-18 14:28:00,91.6,91.6,90.9,91.15,19800,0,11400.0,CE
2018-09-18 14:29:00,91.65,92.0,90.75,90.75,28875,0,11400.0,CE
2018-09-18 14:30:00,90.5,90.5,89.1,90.4,10650,0,11400.0,CE
2018-09-18 14:31:00,90.35,90.35,87.0,87.0,18450,0,11400.0,CE
2018-09-18 14:32:00,86.7,87.65,85.75,86.45,49350,0,11400.0,CE
2018-09-18 14:33:00,86.45,86.45,79.35,80.7,229725,0,11400.0,CE
2018-09-18 14:34:00,80.8,81.65,79.25,80.55,129600,0,11400.0,CE
2018-09-18 14:35:00,80.3,82.8,80.3,82.4,117750,0,11400.0,CE
2018-09-18 14:36:00,82.35,83.05,81.4,81.4,75750,0,11400.0,CE
2018-09-18 14:37:00,81.5,81.5,78.1,78.2,88350,0,11400.0,CE
2018-09-18 14:38:00,78.25,78.25,75.5,76.6,131175,0,11400.0,CE
2018-09-18 14:39:00,75.55,75.55,69.3,70.0,280575,0,11400.0,CE
2018-09-18 14:40:00,70.25,72.7,69.1,72.6,156525,0,11400.0,CE
2018-09-18 14:41:00,72.75,73.35,70.7,71.1,121575,0,11400.0,CE
2018-09-18 14:42:00,71.45,73.8,71.45,73.7,96300,0,11400.0,CE
2018-09-18 14:43:00,73.0,75.05,73.0,74.9,77550,0,11400.0,CE
2018-09-18 14:44:00,74.4,74.8,73.0,73.0,52050,0,11400.0,CE
2018-09-18 14:45:00,73.05,74.7,73.05,73.05,71775,0,11400.0,CE
2018-09-18 14:46:00,73.15,74.5,72.45,74.35,87300,0,11400.0,CE
2018-09-18 14:47:00,74.4,75.0,73.15,73.25,47250,0,11400.0,CE
2018-09-18 14:48:00,73.45,74.15,72.35,72.35,58500,0,11400.0,CE
2018-09-18 14:49:00,72.35,73.05,71.55,71.8,73500,0,11400.0,CE
2018-09-18 14:50:00,71.8,72.45,70.25,70.4,121950,0,11400.0,CE
2018-09-18 14:51:00,70.3,70.5,66.0,67.15,163950,0,11400.0,CE
2018-09-18 14:52:00,66.85,66.85,63.05,63.2,176025,0,11400.0,CE
2018-09-18 14:53:00,63.4,64.0,62.0,64.0,188775,0,11400.0,CE
2018-09-18 14:54:00,64.25,65.95,64.25,65.9,114150,0,11400.0,CE
2018-09-18 14:55:00,65.75,66.0,63.4,64.15,101400,0,11400.0,CE
2018-09-18 14:56:00,63.95,64.8,62.3,63.1,155175,0,11400.0,CE
2018-09-18 14:57:00,63.2,64.95,62.8,64.95,72075,0,11400.0,CE
2018-09-18 14:58:00,64.9,65.0,63.0,63.0,120750,0,11400.0,CE
2018-09-18 14:59:00,63.2,64.15,62.25,64.15,140475,0,11400.0,CE
2018-09-18 15:00:00,64.15,64.2,59.1,59.35,171375,0,11400.0,CE
2018-09-18 15:01:00,59.45,60.3,58.5,58.6,168075,0,11400.0,CE
2018-09-18 15:02:00,59.0,59.8,56.75,57.7,175800,0,11400.0,CE
2018-09-18 15:03:00,57.45,57.85,55.65,56.0,166950,0,11400.0,CE
2018-09-18 15:04:00,56.0,58.0,55.85,56.9,99450,0,11400.0,CE
2018-09-18 15:05:00,56.9,58.4,56.5,57.25,102150,0,11400.0,CE
2018-09-18 15:06:00,57.45,59.45,57.0,59.25,75675,0,11400.0,CE
2018-09-18 15:07:00,59.15,59.45,57.65,58.55,118125,0,11400.0,CE
2018-09-18 15:08:00,58.6,59.4,58.1,58.75,71850,0,11400.0,CE
2018-09-18 15:09:00,58.6,59.1,57.6,58.15,75900,0,11400.0,CE
2018-09-18 15:10:00,58.2,58.5,56.9,56.95,85050,0,11400.0,CE
2018-09-18 15:11:00,57.1,58.85,56.5,58.2,85425,0,11400.0,CE
2018-09-18 15:12:00,58.3,58.3,55.95,56.15,70575,0,11400.0,CE
2018-09-18 15:13:00,56.0,56.9,55.25,55.45,80175,0,11400.0,CE
2018-09-18 15:14:00,55.5,56.45,55.15,55.6,78675,0,11400.0,CE
2018-09-18 15:15:00,55.55,55.55,53.8,54.4,117150,0,11400.0,CE
2018-09-18 15:16:00,54.45,55.45,54.1,55.4,119700,0,11400.0,CE
2018-09-18 15:17:00,55.2,56.8,55.0,56.8,120750,0,11400.0,CE
2018-09-18 15:18:00,56.7,57.65,56.25,57.65,110250,0,11400.0,CE
2018-09-18 15:19:00,57.5,57.8,56.95,57.1,110325,0,11400.0,CE
2018-09-18 15:20:00,57.5,57.5,55.95,56.0,89850,0,11400.0,CE
2018-09-18 15:21:00,56.05,56.5,55.55,56.45,79350,0,11400.0,CE
2018-09-18 15:22:00,56.45,56.95,56.0,56.0,65925,0,11400.0,CE
2018-09-18 15:23:00,56.2,56.2,55.0,55.75,98175,0,11400.0,CE
2018-09-18 15:24:00,55.7,55.7,54.75,55.45,74475,0,11400.0,CE
2018-09-18 15:25:00,55.55,56.45,55.4,56.4,104550,0,11400.0,CE
2018-09-18 15:26:00,56.35,57.25,56.35,57.2,92325,0,11400.0,CE
2018-09-18 15:27:00,57.2,57.95,57.2,57.75,65100,0,11400.0,CE
2018-09-18 15:28:00,57.95,59.35,57.4,59.35,121800,0,11400.0,CE
2018-09-18 15:29:00,59.0,59.4,58.35,59.0,74925,0,11400.0,CE
2018-09-18 15:30:00,59.0,59.4,57.3,57.3,0,0,11400.0,CE
2018-09-19 09:15:00,69.9,74.6,62.6,62.8,240375,0,11400.0,CE
2018-09-19 09:16:00,63.0,63.0,59.5,62.55,135825,0,11400.0,CE
2018-09-19 09:17:00,62.4,64.85,62.2,64.4,159300,0,11400.0,CE
2018-09-19 09:18:00,64.2,64.6,62.9,62.9,113175,0,11400.0,CE
2018-09-19 09:19:00,62.7,62.7,58.9,58.9,122100,0,11400.0,CE
2018-09-19 09:20:00,59.0,60.0,58.0,59.4,144075,0,11400.0,CE
2018-09-19 09:21:00,58.9,59.85,58.15,58.7,96375,0,11400.0,CE
2018-09-19 09:22:00,59.0,60.05,57.75,59.9,97125,0,11400.0,CE
2018-09-19 09:23:00,59.9,60.95,59.4,60.9,95325,0,11400.0,CE
2018-09-19 09:24:00,60.65,61.8,59.6,61.25,102825,0,11400.0,CE
2018-09-19 09:25:00,61.55,63.6,61.0,61.45,94575,0,11400.0,CE
2018-09-19 09:26:00,61.5,62.75,59.45,62.75,98850,0,11400.0,CE
2018-09-19 09:27:00,62.8,63.0,60.7,61.45,68475,0,11400.0,CE
2018-09-19 09:28:00,62.1,63.0,61.15,62.35,47100,0,11400.0,CE
2018-09-19 09:29:00,62.05,63.25,62.05,62.6,56400,0,11400.0,CE
2018-09-19 09:30:00,62.8,63.45,60.9,60.9,71700,0,11400.0,CE
2018-09-19 09:31:00,61.3,62.5,60.55,60.7,65400,0,11400.0,CE
2018-09-19 09:32:00,60.7,62.15,60.0,61.25,63375,0,11400.0,CE
2018-09-19 09:33:00,61.3,61.6,60.15,60.3,49050,0,11400.0,CE
2018-09-19 09:34:00,60.2,62.7,59.8,62.0,88650,0,11400.0,CE
2018-09-19 09:35:00,61.75,62.45,59.9,61.5,74625,0,11400.0,CE
2018-09-19 09:36:00,61.0,62.1,60.1,60.3,37650,0,11400.0,CE
2018-09-19 09:37:00,60.25,60.95,59.25,59.25,50775,0,11400.0,CE
2018-09-19 09:38:00,59.0,60.2,58.5,58.7,61200,0,11400.0,CE
2018-09-19 09:39:00,59.6,59.65,57.2,58.4,73275,0,11400.0,CE
2018-09-19 09:40:00,58.45,58.45,56.15,56.5,51675,0,11400.0,CE
2018-09-19 09:41:00,56.4,57.1,55.15,56.95,68700,0,11400.0,CE
2018-09-19 09:42:00,56.85,57.0,55.6,56.45,57825,0,11400.0,CE
2018-09-19 09:43:00,56.4,57.0,53.7,55.7,66375,0,11400.0,CE
2018-09-19 09:44:00,55.65,56.0,54.8,55.9,62625,0,11400.0,CE
2018-09-19 09:45:00,55.85,56.85,55.75,56.4,30900,0,11400.0,CE
2018-09-19 09:46:00,56.45,56.6,54.5,54.55,33600,0,11400.0,CE
2018-09-19 09:47:00,54.6,54.6,52.0,53.55,109575,0,11400.0,CE
2018-09-19 09:48:00,53.55,54.9,53.25,53.3,49425,0,11400.0,CE
2018-09-19 09:49:00,53.3,54.5,52.9,52.95,44925,0,11400.0,CE
2018-09-19 09:50:00,53.0,55.6,52.65,55.45,78750,0,11400.0,CE
2018-09-19 09:51:00,55.45,57.0,55.25,56.7,59550,0,11400.0,CE
2018-09-19 09:52:00,56.7,58.0,56.3,57.8,55275,0,11400.0,CE
2018-09-19 09:53:00,57.95,58.15,56.45,58.15,58500,0,11400.0,CE
2018-09-19 09:54:00,58.25,59.8,58.25,59.15,159450,0,11400.0,CE
2018-09-19 09:55:00,59.5,60.85,58.45,60.65,86250,0,11400.0,CE
2018-09-19 09:56:00,60.8,61.75,60.35,61.1,86025,0,11400.0,CE
2018-09-19 09:57:00,61.5,62.1,60.6,60.6,116025,0,11400.0,CE
2018-09-19 09:58:00,60.6,61.45,59.6,61.15,41025,0,11400.0,CE
2018-09-19 09:59:00,61.5,63.45,61.5,62.7,91350,0,11400.0,CE
2018-09-19 10:00:00,62.7,63.55,62.05,62.95,69150,0,11400.0,CE
2018-09-19 10:01:00,62.5,63.7,62.5,63.3,70050,0,11400.0,CE
2018-09-19 10:02:00,63.65,65.0,63.25,64.6,130050,0,11400.0,CE
2018-09-19 10:03:00,64.5,64.6,62.7,62.95,64275,0,11400.0,CE
2018-09-19 10:04:00,62.65,63.45,60.25,61.05,89625,0,11400.0,CE
2018-09-19 10:05:00,60.7,62.4,60.5,62.4,76725,0,11400.0,CE
2018-09-19 10:06:00,63.25,63.5,62.05,62.55,66150,0,11400.0,CE
2018-09-19 10:07:00,62.1,62.8,62.1,62.8,25275,0,11400.0,CE
2018-09-19 10:08:00,62.1,62.1,60.3,60.3,25950,0,11400.0,CE
2018-09-19 10:09:00,60.6,62.4,60.6,61.95,27975,0,11400.0,CE
2018-09-19 10:10:00,62.45,63.2,62.1,62.55,49650,0,11400.0,CE
2018-09-19 10:11:00,62.75,63.45,62.25,62.8,21900,0,11400.0,CE
2018-09-19 10:12:00,62.25,62.85,61.5,62.4,34200,0,11400.0,CE
2018-09-19 10:13:00,62.05,62.85,61.7,62.85,19425,0,11400.0,CE
2018-09-19 10:14:00,62.7,62.75,60.65,60.7,24600,0,11400.0,CE
2018-09-19 10:15:00,60.6,61.2,60.55,60.95,20400,0,11400.0,CE
2018-09-19 10:16:00,61.3,62.1,60.75,61.35,20400,0,11400.0,CE
2018-09-19 10:17:00,61.8,62.25,61.4,62.15,21900,0,11400.0,CE
2018-09-19 10:18:00,61.95,62.05,61.25,62.0,15525,0,11400.0,CE
2018-09-19 10:19:00,62.0,62.6,62.0,62.5,12750,0,11400.0,CE
2018-09-19 10:20:00,62.5,62.5,61.55,62.2,17100,0,11400.0,CE
2018-09-19 10:21:00,62.0,62.5,62.0,62.15,24450,0,11400.0,CE
2018-09-19 10:22:00,62.2,62.55,61.65,61.75,15825,0,11400.0,CE
2018-09-19 10:23:00,62.1,62.5,61.4,61.6,14775,0,11400.0,CE
2018-09-19 10:24:00,61.55,62.45,61.45,61.5,17925,0,11400.0,CE
2018-09-19 10:25:00,61.4,62.25,60.7,62.0,17100,0,11400.0,CE
2018-09-19 10:26:00,62.5,63.3,61.95,63.0,28500,0,11400.0,CE
2018-09-19 10:27:00,63.05,63.65,62.75,63.15,33300,0,11400.0,CE
2018-09-19 10:28:00,63.25,64.5,63.25,63.95,39375,0,11400.0,CE
2018-09-19 10:29:00,64.1,66.5,63.65,65.95,98925,0,11400.0,CE
2018-09-19 10:30:00,66.2,67.85,65.5,67.85,141000,0,11400.0,CE
2018-09-19 10:31:00,68.25,71.85,68.25,71.25,345525,0,11400.0,CE
2018-09-19 10:32:00,71.1,71.6,69.05,70.7,153525,0,11400.0,CE
2018-09-19 10:33:00,70.35,70.8,69.1,69.3,67575,0,11400.0,CE
2018-09-19 10:34:00,69.0,70.15,68.45,69.4,67350,0,11400.0,CE
2018-09-19 10:35:00,70.4,70.6,69.0,69.0,66450,0,11400.0,CE
2018-09-19 10:36:00,69.15,69.15,68.1,68.5,47250,0,11400.0,CE
2018-09-19 10:37:00,68.6,69.3,66.95,68.5,44625,0,11400.0,CE
2018-09-19 10:38:00,68.35,69.7,68.25,69.25,27675,0,11400.0,CE
2018-09-19 10:39:00,69.45,69.75,69.25,69.25,39600,0,11400.0,CE
2018-09-19 10:40:00,68.35,70.0,68.35,68.9,34500,0,11400.0,CE
2018-09-19 10:41:00,68.95,69.1,68.0,68.0,20250,0,11400.0,CE
2018-09-19 10:42:00,67.65,68.05,67.2,67.85,31050,0,11400.0,CE
2018-09-19 10:43:00,68.15,68.25,67.1,67.2,28650,0,11400.0,CE
2018-09-19 10:44:00,67.1,67.5,66.6,66.7,24600,0,11400.0,CE
2018-09-19 10:45:00,66.85,67.25,66.6,67.1,12225,0,11400.0,CE
2018-09-19 10:46:00,67.05,67.1,65.2,65.65,36750,0,11400.0,CE
2018-09-19 10:47:00,65.5,66.2,65.35,65.75,18600,0,11400.0,CE
2018-09-19 10:48:00,65.95,67.0,65.9,66.85,22125,0,11400.0,CE
2018-09-19 10:49:00,66.75,67.55,66.2,66.35,22725,0,11400.0,CE
2018-09-19 10:50:00,66.1,66.35,64.75,64.75,68400,0,11400.0,CE
2018-09-19 10:51:00,64.25,64.3,62.55,63.65,73575,0,11400.0,CE
2018-09-19 10:52:00,63.8,64.55,63.0,63.0,21000,0,11400.0,CE
2018-09-19 10:53:00,63.0,64.4,62.7,64.1,32400,0,11400.0,CE
2018-09-19 10:54:00,64.15,65.9,64.15,65.25,34050,0,11400.0,CE
2018-09-19 10:55:00,65.5,66.2,65.15,65.5,30225,0,11400.0,CE
2018-09-19 10:56:00,66.0,66.5,65.3,65.85,41700,0,11400.0,CE
2018-09-19 10:57:00,65.55,66.5,65.45,65.45,30300,0,11400.0,CE
2018-09-19 10:58:00,65.4,65.45,64.75,65.3,39450,0,11400.0,CE
2018-09-19 10:59:00,65.4,65.4,64.3,64.3,20100,0,11400.0,CE
2018-09-19 11:00:00,64.1,65.05,63.55,63.6,33975,0,11400.0,CE
2018-09-19 11:01:00,63.55,64.05,63.5,63.5,29025,0,11400.0,CE
2018-09-19 11:02:00,63.5,63.5,62.0,62.45,55275,0,11400.0,CE
2018-09-19 11:03:00,62.55,63.45,62.5,63.2,22275,0,11400.0,CE
2018-09-19 11:04:00,63.0,64.1,62.8,63.55,18900,0,11400.0,CE
2018-09-19 11:05:00,63.2,64.1,63.15,64.1,27225,0,11400.0,CE
2018-09-19 11:06:00,64.55,65.8,64.3,65.8,25650,0,11400.0,CE
2018-09-19 11:07:00,65.9,66.0,65.0,65.65,25950,0,11400.0,CE
2018-09-19 11:08:00,65.45,66.15,64.6,64.75,35025,0,11400.0,CE
2018-09-19 11:09:00,64.55,65.5,64.45,65.4,18525,0,11400.0,CE
2018-09-19 11:10:00,65.45,65.95,64.7,65.55,23400,0,11400.0,CE
2018-09-19 11:11:00,65.65,66.1,65.25,66.05,22050,0,11400.0,CE
2018-09-19 11:12:00,66.1,67.1,66.0,67.1,33300,0,11400.0,CE
2018-09-19 11:13:00,66.7,67.0,64.4,64.4,37200,0,11400.0,CE
2018-09-19 11:14:00,64.4,65.0,64.0,64.0,24150,0,11400.0,CE
2018-09-19 11:15:00,64.2,64.85,64.0,64.35,16050,0,11400.0,CE
2018-09-19 11:16:00,64.45,65.6,64.4,65.4,28875,0,11400.0,CE
2018-09-19 11:17:00,65.4,66.55,65.2,65.55,26850,0,11400.0,CE
2018-09-19 11:18:00,65.65,66.0,65.0,65.0,25575,0,11400.0,CE
2018-09-19 11:19:00,64.6,65.95,64.6,65.95,12825,0,11400.0,CE
2018-09-19 11:20:00,65.65,66.3,65.0,65.0,11625,0,11400.0,CE
2018-09-19 11:21:00,64.35,64.5,63.5,63.7,30675,0,11400.0,CE
2018-09-19 11:22:00,64.05,64.4,63.8,64.4,22725,0,11400.0,CE
2018-09-19 11:23:00,64.5,64.65,63.6,63.6,15150,0,11400.0,CE
2018-09-19 11:24:00,63.45,63.7,62.55,62.75,43500,0,11400.0,CE
2018-09-19 11:25:00,63.25,63.3,62.3,62.9,12600,0,11400.0,CE
2018-09-19 11:26:00,62.85,63.9,62.85,63.9,27600,0,11400.0,CE
2018-09-19 11:27:00,63.9,64.2,63.15,63.4,27825,0,11400.0,CE
2018-09-19 11:28:00,63.45,64.2,63.45,64.0,30375,0,11400.0,CE
2018-09-19 11:29:00,64.2,64.8,64.2,64.8,34350,0,11400.0,CE
2018-09-19 11:30:00,64.75,65.75,64.65,64.9,53025,0,11400.0,CE
2018-09-19 11:31:00,65.1,65.4,64.15,64.75,28500,0,11400.0,CE
2018-09-19 11:32:00,64.8,64.95,63.7,64.6,25275,0,11400.0,CE
2018-09-19 11:33:00,64.55,65.0,63.95,64.65,17550,0,11400.0,CE
2018-09-19 11:34:00,64.95,66.5,64.95,66.0,64200,0,11400.0,CE
2018-09-19 11:35:00,66.2,67.0,66.1,66.1,47850,0,11400.0,CE
2018-09-19 11:36:00,66.2,66.95,65.85,66.1,29025,0,11400.0,CE
2018-09-19 11:37:00,66.5,67.95,66.25,67.7,59850,0,11400.0,CE
2018-09-19 11:38:00,67.6,67.6,65.85,66.7,31050,0,11400.0,CE
2018-09-19 11:39:00,66.95,67.35,66.45,66.6,16950,0,11400.0,CE
2018-09-19 11:40:00,66.55,66.8,65.35,65.85,30375,0,11400.0,CE
2018-09-19 11:41:00,66.0,66.5,65.7,65.75,16725,0,11400.0,CE
2018-09-19 11:42:00,65.9,66.0,65.15,65.15,8325,0,11400.0,CE
2018-09-19 11:43:00,65.1,66.15,64.4,65.7,22050,0,11400.0,CE
2018-09-19 11:44:00,65.8,66.15,65.2,65.75,7500,0,11400.0,CE
2018-09-19 11:45:00,66.5,66.8,65.65,66.5,20325,0,11400.0,CE
2018-09-19 11:46:00,66.4,66.65,65.75,65.95,6075,0,11400.0,CE
2018-09-19 11:47:00,65.5,66.5,65.15,66.2,10125,0,11400.0,CE
2018-09-19 11:48:00,66.1,66.3,65.5,65.7,14700,0,11400.0,CE
2018-09-19 11:49:00,65.6,66.6,65.3,65.8,16575,0,11400.0,CE
2018-09-19 11:50:00,65.7,66.45,65.3,66.0,12825,0,11400.0,CE
2018-09-19 11:51:00,66.6,66.85,65.7,66.1,15150,0,11400.0,CE
2018-09-19 11:52:00,66.0,66.25,65.75,65.85,9525,0,11400.0,CE
2018-09-19 11:53:00,65.9,66.95,65.75,66.9,21525,0,11400.0,CE
2018-09-19 11:54:00,67.15,68.95,67.15,68.95,46125,0,11400.0,CE
2018-09-19 11:55:00,68.8,68.8,66.2,66.6,37350,0,11400.0,CE
2018-09-19 11:56:00,66.95,67.25,66.2,66.85,13350,0,11400.0,CE
2018-09-19 11:57:00,66.5,66.9,65.75,66.45,16725,0,11400.0,CE
2018-09-19 11:58:00,66.5,66.75,66.15,66.15,15750,0,11400.0,CE
2018-09-19 11:59:00,66.45,67.25,65.8,67.25,17475,0,11400.0,CE
2018-09-19 12:00:00,67.25,67.25,66.15,66.8,10950,0,11400.0,CE
2018-09-19 12:01:00,66.7,67.4,66.6,67.05,18900,0,11400.0,CE
2018-09-19 12:02:00,67.25,69.25,67.25,69.25,55875,0,11400.0,CE
2018-09-19 12:03:00,69.2,69.4,68.5,69.15,24000,0,11400.0,CE
2018-09-19 12:04:00,69.3,69.9,68.5,68.5,48900,0,11400.0,CE
2018-09-19 12:05:00,68.6,68.7,68.0,68.5,12000,0,11400.0,CE
2018-09-19 12:06:00,68.25,68.45,66.4,66.4,15375,0,11400.0,CE
2018-09-19 12:07:00,66.3,67.0,65.55,67.0,28500,0,11400.0,CE
2018-09-19 12:08:00,66.65,67.0,66.25,66.35,18150,0,11400.0,CE
2018-09-19 12:09:00,66.5,68.0,66.25,68.0,20100,0,11400.0,CE
2018-09-19 12:10:00,67.8,67.9,65.35,65.7,20250,0,11400.0,CE
2018-09-19 12:11:00,65.2,65.25,63.25,64.2,74925,0,11400.0,CE
2018-09-19 12:12:00,64.0,64.0,61.9,62.4,102525,0,11400.0,CE
2018-09-19 12:13:00,62.5,63.0,60.65,61.0,56775,0,11400.0,CE
2018-09-19 12:14:00,60.5,60.75,59.2,59.2,73200,0,11400.0,CE
2018-09-19 12:15:00,59.35,59.35,57.35,57.35,126750,0,11400.0,CE
2018-09-19 12:16:00,57.45,59.7,57.3,59.55,60375,0,11400.0,CE
2018-09-19 12:17:00,60.05,60.6,59.35,59.35,92475,0,11400.0,CE
2018-09-19 12:18:00,59.05,59.1,57.5,58.1,54675,0,11400.0,CE
2018-09-19 12:19:00,58.25,58.85,57.75,58.85,35325,0,11400.0,CE
2018-09-19 12:20:00,58.85,59.8,58.85,59.25,32325,0,11400.0,CE
2018-09-19 12:21:00,58.65,60.0,58.6,59.55,35025,0,11400.0,CE
2018-09-19 12:22:00,59.45,59.8,58.6,59.35,23400,0,11400.0,CE
2018-09-19 12:23:00,59.25,59.6,58.75,58.95,24000,0,11400.0,CE
2018-09-19 12:24:00,59.0,59.0,56.65,57.1,52050,0,11400.0,CE
2018-09-19 12:25:00,56.4,56.95,55.8,56.0,80925,0,11400.0,CE
2018-09-19 12:26:00,56.0,56.0,54.9,55.7,62475,0,11400.0,CE
2018-09-19 12:27:00,55.6,55.95,54.6,54.85,63000,0,11400.0,CE
2018-09-19 12:28:00,54.7,55.3,54.4,54.65,36300,0,11400.0,CE
2018-09-19 12:29:00,54.75,55.65,54.75,55.4,23850,0,11400.0,CE
2018-09-19 12:30:00,55.15,55.15,51.8,52.5,107700,0,11400.0,CE
2018-09-19 12:31:00,52.3,54.1,52.3,54.05,45075,0,11400.0,CE
2018-09-19 12:32:00,54.5,55.5,54.45,54.85,57600,0,11400.0,CE
2018-09-19 12:33:00,55.2,56.5,55.2,56.25,32625,0,11400.0,CE
2018-09-19 12:34:00,56.25,56.25,53.35,53.9,50175,0,11400.0,CE
2018-09-19 12:35:00,53.9,55.45,53.45,55.45,57525,0,11400.0,CE
2018-09-19 12:36:00,55.7,56.85,55.4,56.75,52800,0,11400.0,CE
2018-09-19 12:37:00,57.3,58.0,56.35,56.5,52650,0,11400.0,CE
2018-09-19 12:38:00,56.65,56.75,55.3,55.45,31350,0,11400.0,CE
2018-09-19 12:39:00,56.3,56.8,55.1,56.65,39000,0,11400.0,CE
2018-09-19 12:40:00,57.4,57.9,56.85,57.9,37800,0,11400.0,CE
2018-09-19 12:41:00,58.35,59.3,58.35,59.3,61275,0,11400.0,CE
2018-09-19 12:42:00,59.05,59.55,58.7,58.7,52425,0,11400.0,CE
2018-09-19 12:43:00,58.4,59.35,58.35,58.85,44700,0,11400.0,CE
2018-09-19 12:44:00,59.0,59.25,58.45,58.45,22125,0,11400.0,CE
2018-09-19 12:45:00,58.2,58.2,54.5,55.25,45600,0,11400.0,CE
2018-09-19 12:46:00,55.5,56.5,55.45,56.0,34425,0,11400.0,CE
2018-09-19 12:47:00,55.85,58.3,55.7,57.5,30525,0,11400.0,CE
2018-09-19 12:48:00,57.4,58.75,56.85,58.75,21675,0,11400.0,CE
2018-09-19 12:49:00,58.9,58.9,57.0,57.7,14625,0,11400.0,CE
2018-09-19 12:50:00,57.95,59.5,57.95,59.35,26925,0,11400.0,CE
2018-09-19 12:51:00,59.3,60.2,57.85,58.05,47925,0,11400.0,CE
2018-09-19 12:52:00,58.4,58.5,57.5,57.8,26400,0,11400.0,CE
2018-09-19 12:53:00,57.85,58.3,55.65,56.05,36450,0,11400.0,CE
2018-09-19 12:54:00,55.45,55.95,53.3,53.4,63675,0,11400.0,CE
2018-09-19 12:55:00,54.0,54.65,53.65,54.0,38100,0,11400.0,CE
2018-09-19 12:56:00,54.2,55.15,54.15,54.45,40125,0,11400.0,CE
2018-09-19 12:57:00,54.15,54.75,53.2,53.5,44025,0,11400.0,CE
2018-09-19 12:58:00,53.25,54.25,53.2,53.85,26400,0,11400.0,CE
2018-09-19 12:59:00,53.85,54.15,51.5,51.75,58800,0,11400.0,CE
2018-09-19 13:00:00,51.15,51.15,47.55,48.4,227775,0,11400.0,CE
2018-09-19 13:01:00,48.3,48.5,45.95,46.75,215925,0,11400.0,CE
2018-09-19 13:02:00,46.9,47.9,46.3,46.3,91200,0,11400.0,CE
2018-09-19 13:03:00,46.35,47.65,46.35,46.65,67950,0,11400.0,CE
2018-09-19 13:04:00,47.15,49.6,46.25,49.6,100350,0,11400.0,CE
2018-09-19 13:05:00,49.3,49.3,45.9,47.15,75675,0,11400.0,CE
2018-09-19 13:06:00,46.95,49.25,46.65,49.0,83400,0,11400.0,CE
2018-09-19 13:07:00,49.15,50.1,48.6,50.1,45000,0,11400.0,CE
2018-09-19 13:08:00,49.9,50.35,48.05,48.05,47025,0,11400.0,CE
2018-09-19 13:09:00,47.9,48.05,46.75,47.15,50550,0,11400.0,CE
2018-09-19 13:10:00,47.0,48.75,46.7,47.6,27750,0,11400.0,CE
2018-09-19 13:11:00,47.35,48.45,47.05,47.25,34050,0,11400.0,CE
2018-09-19 13:12:00,47.25,47.75,46.75,47.0,33825,0,11400.0,CE
2018-09-19 13:13:00,47.2,47.2,44.5,45.25,117150,0,11400.0,CE
2018-09-19 13:14:00,45.35,45.35,43.25,44.1,168225,0,11400.0,CE
2018-09-19 13:15:00,44.35,46.45,44.35,46.4,76275,0,11400.0,CE
2018-09-19 13:16:00,46.4,46.6,45.7,46.1,53025,0,11400.0,CE
2018-09-19 13:17:00,46.3,48.5,45.85,47.75,59325,0,11400.0,CE
2018-09-19 13:18:00,48.0,49.1,47.6,49.05,63300,0,11400.0,CE
2018-09-19 13:19:00,49.25,50.2,48.7,48.85,73500,0,11400.0,CE
2018-09-19 13:20:00,49.0,49.2,48.0,48.0,34800,0,11400.0,CE
2018-09-19 13:21:00,47.85,47.85,46.0,46.0,39075,0,11400.0,CE
2018-09-19 13:22:00,46.5,46.5,44.3,44.4,84525,0,11400.0,CE
2018-09-19 13:23:00,44.3,45.35,44.3,44.95,98925,0,11400.0,CE
2018-09-19 13:24:00,44.6,44.6,42.9,44.2,131475,0,11400.0,CE
2018-09-19 13:25:00,44.3,44.55,42.6,43.6,80625,0,11400.0,CE
2018-09-19 13:26:00,43.5,44.55,43.5,44.35,47175,0,11400.0,CE
2018-09-19 13:27:00,44.5,45.0,44.15,45.0,31500,0,11400.0,CE
2018-09-19 13:28:00,45.1,46.5,45.1,45.65,63000,0,11400.0,CE
2018-09-19 13:29:00,46.05,46.6,45.85,46.4,24150,0,11400.0,CE
2018-09-19 13:30:00,46.35,46.5,44.75,45.8,47175,0,11400.0,CE
2018-09-19 13:31:00,46.15,47.45,45.95,47.25,46125,0,11400.0,CE
2018-09-19 13:32:00,47.15,49.4,46.95,49.4,48375,0,11400.0,CE
2018-09-19 13:33:00,48.95,49.85,48.4,49.0,66975,0,11400.0,CE
2018-09-19 13:34:00,48.95,48.95,47.3,47.3,26775,0,11400.0,CE
2018-09-19 13:35:00,47.2,48.7,47.2,47.65,18525,0,11400.0,CE
2018-09-19 13:36:00,47.65,47.65,45.85,45.85,19725,0,11400.0,CE
2018-09-19 13:37:00,45.8,46.6,45.5,46.05,36150,0,11400.0,CE
2018-09-19 13:38:00,46.8,47.1,46.15,46.75,20625,0,11400.0,CE
2018-09-19 13:39:00,46.75,48.15,46.7,47.5,30150,0,11400.0,CE
2018-09-19 13:40:00,47.4,48.5,47.15,48.2,17550,0,11400.0,CE
2018-09-19 13:41:00,48.45,49.75,48.45,49.75,35025,0,11400.0,CE
2018-09-19 13:42:00,49.9,50.4,49.1,49.15,58350,0,11400.0,CE
2018-09-19 13:43:00,49.15,50.4,49.15,50.15,33750,0,11400.0,CE
2018-09-19 13:44:00,50.05,51.85,50.0,51.5,60075,0,11400.0,CE
2018-09-19 13:45:00,51.5,54.4,51.4,54.4,111225,0,11400.0,CE
2018-09-19 13:46:00,54.25,54.65,52.8,52.85,100800,0,11400.0,CE
2018-09-19 13:47:00,53.25,53.7,51.35,52.3,57975,0,11400.0,CE
2018-09-19 13:48:00,52.6,54.5,52.6,54.5,29100,0,11400.0,CE
2018-09-19 13:49:00,54.35,54.35,52.3,53.2,48450,0,11400.0,CE
2018-09-19 13:50:00,53.8,54.2,52.9,53.45,37050,0,11400.0,CE
2018-09-19 13:51:00,53.35,54.15,53.35,53.6,20250,0,11400.0,CE
2018-09-19 13:52:00,53.35,53.35,51.5,51.95,25875,0,11400.0,CE
2018-09-19 13:53:00,52.35,52.5,49.75,50.0,40725,0,11400.0,CE
2018-09-19 13:54:00,50.0,51.05,50.0,50.65,23175,0,11400.0,CE
2018-09-19 13:55:00,50.7,52.05,50.7,51.15,14850,0,11400.0,CE
2018-09-19 13:56:00,51.2,51.45,50.55,51.25,13950,0,11400.0,CE
2018-09-19 13:57:00,51.0,51.0,49.0,49.25,22725,0,11400.0,CE
2018-09-19 13:58:00,49.5,50.45,49.25,49.45,21825,0,11400.0,CE
2018-09-19 13:59:00,49.3,50.3,47.85,47.85,26250,0,11400.0,CE
2018-09-19 14:00:00,47.5,47.75,46.0,46.5,76200,0,11400.0,CE
2018-09-19 14:01:00,46.75,46.75,45.7,46.15,36675,0,11400.0,CE
2018-09-19 14:02:00,46.2,47.5,45.65,47.45,16200,0,11400.0,CE
2018-09-19 14:03:00,46.95,47.7,46.3,47.0,27225,0,11400.0,CE
2018-09-19 14:04:00,47.3,48.35,47.0,48.0,18825,0,11400.0,CE
2018-09-19 14:05:00,48.1,49.65,48.0,49.65,29625,0,11400.0,CE
2018-09-19 14:06:00,49.9,49.95,48.2,48.5,26925,0,11400.0,CE
2018-09-19 14:07:00,48.4,48.4,46.9,47.1,19275,0,11400.0,CE
2018-09-19 14:08:00,46.95,46.95,45.65,46.25,28950,0,11400.0,CE
2018-09-19 14:09:00,46.45,47.6,46.1,46.45,19950,0,11400.0,CE
2018-09-19 14:10:00,46.45,46.65,45.9,46.5,16875,0,11400.0,CE
2018-09-19 14:11:00,46.5,46.65,43.9,43.9,52800,0,11400.0,CE
2018-09-19 14:12:00,44.3,44.5,42.0,42.5,85125,0,11400.0,CE
2018-09-19 14:13:00,42.65,42.75,40.15,41.3,145200,0,11400.0,CE
2018-09-19 14:14:00,41.5,41.8,40.0,40.05,111975,0,11400.0,CE
2018-09-19 14:15:00,40.3,40.3,38.1,39.2,130200,0,11400.0,CE
2018-09-19 14:16:00,39.25,39.95,39.05,39.05,127425,0,11400.0,CE
2018-09-19 14:17:00,38.75,38.95,36.5,36.95,193575,0,11400.0,CE
2018-09-19 14:18:00,36.8,37.7,36.15,36.7,145575,0,11400.0,CE
2018-09-19 14:19:00,36.7,36.95,35.7,36.25,152400,0,11400.0,CE
2018-09-19 14:20:00,36.1,37.5,36.1,37.4,106425,0,11400.0,CE
2018-09-19 14:21:00,37.6,38.65,37.6,38.2,125400,0,11400.0,CE
2018-09-19 14:22:00,38.5,38.5,37.0,37.1,89175,0,11400.0,CE
2018-09-19 14:23:00,37.05,37.25,36.3,36.35,52275,0,11400.0,CE
2018-09-19 14:24:00,36.05,36.1,34.15,34.85,135750,0,11400.0,CE
2018-09-19 14:25:00,34.95,36.75,34.95,36.6,75600,0,11400.0,CE
2018-09-19 14:26:00,36.95,36.95,35.35,36.65,78000,0,11400.0,CE
2018-09-19 14:27:00,36.5,37.05,35.8,36.05,75975,0,11400.0,CE
2018-09-19 14:28:00,36.0,36.3,32.95,33.7,96600,0,11400.0,CE
2018-09-19 14:29:00,33.2,33.65,32.85,33.25,130875,0,11400.0,CE
2018-09-19 14:30:00,33.55,33.6,31.6,31.65,113700,0,11400.0,CE
2018-09-19 14:31:00,31.25,31.25,30.0,30.55,170175,0,11400.0,CE
2018-09-19 14:32:00,30.4,30.6,28.7,30.35,143325,0,11400.0,CE
2018-09-19 14:33:00,30.5,31.25,30.35,30.85,113475,0,11400.0,CE
2018-09-19 14:34:00,30.9,31.95,30.75,31.95,86925,0,11400.0,CE
2018-09-19 14:35:00,32.0,32.75,31.95,32.3,91575,0,11400.0,CE
2018-09-19 14:36:00,32.4,32.5,30.9,31.15,85500,0,11400.0,CE
2018-09-19 14:37:00,31.0,31.1,29.3,29.7,106500,0,11400.0,CE
2018-09-19 14:38:00,29.55,30.95,29.5,30.5,100050,0,11400.0,CE
2018-09-19 14:39:00,30.65,30.65,29.3,29.55,91725,0,11400.0,CE
2018-09-19 14:40:00,29.8,29.8,28.25,29.55,76425,0,11400.0,CE
2018-09-19 14:41:00,29.15,29.5,28.1,29.35,81600,0,11400.0,CE
2018-09-19 14:42:00,29.35,30.95,29.35,30.65,66600,0,11400.0,CE
2018-09-19 14:43:00,30.65,31.55,30.4,30.8,67350,0,11400.0,CE
2018-09-19 14:44:00,30.5,30.95,29.75,30.75,48150,0,11400.0,CE
2018-09-19 14:45:00,30.95,32.05,30.7,32.05,62325,0,11400.0,CE
2018-09-19 14:46:00,32.15,32.7,32.0,32.25,51225,0,11400.0,CE
2018-09-19 14:47:00,31.95,32.3,31.05,31.55,62025,0,11400.0,CE
2018-09-19 14:48:00,31.5,31.9,31.0,31.05,31875,0,11400.0,CE
2018-09-19 14:49:00,30.85,31.0,29.75,30.6,56925,0,11400.0,CE
2018-09-19 14:50:00,30.5,31.35,30.2,31.35,29475,0,11400.0,CE
2018-09-19 14:51:00,31.4,31.8,30.95,31.8,32925,0,11400.0,CE
2018-09-19 14:52:00,31.9,32.35,31.4,32.35,30075,0,11400.0,CE
2018-09-19 14:53:00,32.5,33.85,32.4,33.85,63750,0,11400.0,CE
2018-09-19 14:54:00,33.85,34.5,33.5,33.85,73950,0,11400.0,CE
2018-09-19 14:55:00,33.95,35.3,33.65,35.2,90375,0,11400.0,CE
2018-09-19 14:56:00,35.55,36.4,35.2,36.2,124425,0,11400.0,CE
2018-09-19 14:57:00,36.4,37.95,36.4,37.9,98475,0,11400.0,CE
2018-09-19 14:58:00,37.7,37.7,35.7,37.4,65775,0,11400.0,CE
2018-09-19 14:59:00,37.3,38.15,37.15,38.15,61950,0,11400.0,CE
2018-09-19 15:00:00,38.3,39.65,38.25,39.45,101850,0,11400.0,CE
2018-09-19 15:01:00,39.0,39.0,36.2,36.5,85275,0,11400.0,CE
2018-09-19 15:02:00,36.6,37.0,33.55,34.05,110700,0,11400.0,CE
2018-09-19 15:03:00,34.05,34.6,33.7,33.9,75675,0,11400.0,CE
2018-09-19 15:04:00,34.1,34.55,33.4,33.4,50550,0,11400.0,CE
2018-09-19 15:05:00,33.2,33.2,30.7,30.85,119625,0,11400.0,CE
2018-09-19 15:06:00,30.95,31.8,30.5,31.15,74250,0,11400.0,CE
2018-09-19 15:07:00,31.15,31.95,31.15,31.95,65475,0,11400.0,CE
2018-09-19 15:08:00,32.0,33.05,31.95,33.05,64800,0,11400.0,CE
2018-09-19 15:09:00,32.7,32.7,31.55,31.8,65700,0,11400.0,CE
2018-09-19 15:10:00,31.55,31.55,30.6,30.9,68850,0,11400.0,CE
2018-09-19 15:11:00,30.8,31.4,30.4,30.95,72600,0,11400.0,CE
2018-09-19 15:12:00,31.15,31.15,30.5,30.8,91275,0,11400.0,CE
2018-09-19 15:13:00,30.65,30.95,30.15,30.9,66975,0,11400.0,CE
2018-09-19 15:14:00,30.8,31.95,30.45,31.65,37875,0,11400.0,CE
2018-09-19 15:15:00,32.0,32.85,31.55,32.65,104250,0,11400.0,CE
2018-09-19 15:16:00,32.35,34.1,32.35,33.95,90975,0,11400.0,CE
2018-09-19 15:17:00,34.3,34.6,34.15,34.55,84825,0,11400.0,CE
2018-09-19 15:18:00,34.6,35.0,33.35,33.6,67350,0,11400.0,CE
2018-09-19 15:19:00,33.7,33.75,33.2,33.5,53925,0,11400.0,CE
2018-09-19 15:20:00,33.65,34.4,33.5,33.95,84750,0,11400.0,CE
2018-09-19 15:21:00,34.15,34.9,33.95,34.8,79500,0,11400.0,CE
2018-09-19 15:22:00,34.9,34.95,33.7,33.85,88350,0,11400.0,CE
2018-09-19 15:23:00,33.75,33.9,32.4,32.4,116475,0,11400.0,CE
2018-09-19 15:24:00,32.4,33.45,32.4,33.3,94575,0,11400.0,CE
2018-09-19 15:25:00,33.3,33.7,32.35,32.35,98550,0,11400.0,CE
2018-09-19 15:26:00,32.4,32.95,32.4,32.65,71025,0,11400.0,CE
2018-09-19 15:27:00,32.75,32.8,30.95,30.95,104400,0,11400.0,CE
2018-09-19 15:28:00,30.85,31.35,30.25,30.25,113775,0,11400.0,CE
2018-09-19 15:29:00,30.2,32.5,29.7,32.5,183300,0,11400.0,CE
2018-09-19 15:30:00,30.2,32.9,29.7,32.9,0,0,11400.0,CE
2018-09-21 09:15:00,41.15,58.9,41.15,47.65,541425,0,11400.0,CE
2018-09-21 09:16:00,48.0,50.1,48.0,49.8,302850,0,11400.0,CE
2018-09-21 09:17:00,49.5,49.5,48.0,48.5,184575,0,11400.0,CE
2018-09-21 09:18:00,48.5,48.9,47.6,48.05,198450,0,11400.0,CE
2018-09-21 09:19:00,48.0,50.85,47.55,50.65,193050,0,11400.0,CE
2018-09-21 09:20:00,50.7,55.65,50.7,54.75,376050,0,11400.0,CE
2018-09-21 09:21:00,55.0,55.5,54.1,55.3,234975,0,11400.0,CE
2018-09-21 09:22:00,54.95,54.95,50.75,52.3,187650,0,11400.0,CE
2018-09-21 09:23:00,52.0,55.0,52.0,54.85,187575,0,11400.0,CE
2018-09-21 09:24:00,54.75,55.9,54.4,54.75,142200,0,11400.0,CE
2018-09-21 09:25:00,54.9,54.9,52.75,52.75,107175,0,11400.0,CE
2018-09-21 09:26:00,53.3,53.8,51.25,52.45,112725,0,11400.0,CE
2018-09-21 09:27:00,52.6,53.75,52.15,52.15,80625,0,11400.0,CE
2018-09-21 09:28:00,52.65,53.2,51.2,51.85,101850,0,11400.0,CE
2018-09-21 09:29:00,51.9,52.55,50.3,51.95,104400,0,11400.0,CE
2018-09-21 09:30:00,51.85,53.75,51.45,53.75,82500,0,11400.0,CE
2018-09-21 09:31:00,53.7,53.9,50.85,51.75,98325,0,11400.0,CE
2018-09-21 09:32:00,51.1,53.6,51.1,53.55,77775,0,11400.0,CE
2018-09-21 09:33:00,53.3,53.6,51.9,53.55,73200,0,11400.0,CE
2018-09-21 09:34:00,53.45,55.45,53.45,55.0,122175,0,11400.0,CE
2018-09-21 09:35:00,54.0,54.9,52.45,52.8,98400,0,11400.0,CE
2018-09-21 09:36:00,53.15,55.2,52.1,52.65,116475,0,11400.0,CE
2018-09-21 09:37:00,52.6,53.95,52.2,52.55,60300,0,11400.0,CE
2018-09-21 09:38:00,52.3,54.4,52.1,53.9,68250,0,11400.0,CE
2018-09-21 09:39:00,53.45,53.9,52.3,53.9,80400,0,11400.0,CE
2018-09-21 09:40:00,53.8,53.8,52.2,53.5,51825,0,11400.0,CE
2018-09-21 09:41:00,53.45,53.85,52.9,53.3,45825,0,11400.0,CE
2018-09-21 09:42:00,53.2,55.2,53.2,55.0,86550,0,11400.0,CE
2018-09-21 09:43:00,54.9,56.2,54.9,56.1,148200,0,11400.0,CE
2018-09-21 09:44:00,56.05,57.75,55.9,57.4,194550,0,11400.0,CE
2018-09-21 09:45:00,57.5,59.6,57.5,58.9,236475,0,11400.0,CE
2018-09-21 09:46:00,58.7,59.15,57.45,58.9,135075,0,11400.0,CE
2018-09-21 09:47:00,58.55,59.2,58.55,58.55,75975,0,11400.0,CE
2018-09-21 09:48:00,58.65,60.6,58.5,59.0,163200,0,11400.0,CE
2018-09-21 09:49:00,59.0,59.4,57.35,57.6,106125,0,11400.0,CE
2018-09-21 09:50:00,57.65,58.5,56.75,57.0,75600,0,11400.0,CE
2018-09-21 09:51:00,57.25,57.45,56.0,56.2,72225,0,11400.0,CE
2018-09-21 09:52:00,56.0,57.05,55.5,55.7,59175,0,11400.0,CE
2018-09-21 09:53:00,55.75,56.0,54.3,55.35,58800,0,11400.0,CE
2018-09-21 09:54:00,55.85,57.35,54.65,57.25,89625,0,11400.0,CE
2018-09-21 09:55:00,57.55,58.25,55.7,56.75,65925,0,11400.0,CE
2018-09-21 09:56:00,56.65,57.5,56.0,56.3,52050,0,11400.0,CE
2018-09-21 09:57:00,56.35,57.15,55.65,55.8,42525,0,11400.0,CE
2018-09-21 09:58:00,55.45,56.9,55.4,56.7,47025,0,11400.0,CE
2018-09-21 09:59:00,56.45,56.75,55.75,55.75,22425,0,11400.0,CE
2018-09-21 10:00:00,56.4,56.9,55.75,56.6,28950,0,11400.0,CE
2018-09-21 10:01:00,56.7,57.9,56.1,56.45,52725,0,11400.0,CE
2018-09-21 10:02:00,56.0,56.45,55.5,56.15,24675,0,11400.0,CE
2018-09-21 10:03:00,56.25,56.7,55.4,56.05,31050,0,11400.0,CE
2018-09-21 10:04:00,56.65,57.85,56.45,57.7,34275,0,11400.0,CE
2018-09-21 10:05:00,57.85,58.9,56.6,56.9,52650,0,11400.0,CE
2018-09-21 10:06:00,57.25,58.25,57.0,57.95,87225,0,11400.0,CE
2018-09-21 10:07:00,58.4,58.6,57.05,58.2,52725,0,11400.0,CE
2018-09-21 10:08:00,58.15,58.15,57.0,57.15,23475,0,11400.0,CE
2018-09-21 10:09:00,57.25,58.15,56.15,56.15,34650,0,11400.0,CE
2018-09-21 10:10:00,56.0,56.0,54.35,54.45,90300,0,11400.0,CE
2018-09-21 10:11:00,54.5,55.3,53.4,53.95,78600,0,11400.0,CE
2018-09-21 10:12:00,53.65,54.25,53.1,54.25,47925,0,11400.0,CE
2018-09-21 10:13:00,54.2,54.8,53.4,53.5,41325,0,11400.0,CE
2018-09-21 10:14:00,53.7,53.7,51.25,51.9,100350,0,11400.0,CE
2018-09-21 10:15:00,52.5,52.85,51.15,51.5,78750,0,11400.0,CE
2018-09-21 10:16:00,51.3,53.05,51.15,53.0,45900,0,11400.0,CE
2018-09-21 10:17:00,53.05,54.1,52.9,52.9,48525,0,11400.0,CE
2018-09-21 10:18:00,53.0,53.85,52.8,52.8,36000,0,11400.0,CE
2018-09-21 10:19:00,52.8,52.95,51.7,52.35,35100,0,11400.0,CE
2018-09-21 10:20:00,52.25,52.35,50.3,50.9,54150,0,11400.0,CE
2018-09-21 10:21:00,50.45,50.5,47.6,48.75,159150,0,11400.0,CE
2018-09-21 10:22:00,48.65,49.0,47.6,48.1,98250,0,11400.0,CE
2018-09-21 10:23:00,47.9,49.2,47.2,49.2,94800,0,11400.0,CE
2018-09-21 10:24:00,49.1,49.85,48.4,48.8,54225,0,11400.0,CE
2018-09-21 10:25:00,48.55,49.3,47.2,47.55,82125,0,11400.0,CE
2018-09-21 10:26:00,47.35,47.5,45.95,47.35,127875,0,11400.0,CE
2018-09-21 10:27:00,47.5,49.3,47.5,48.9,86775,0,11400.0,CE
2018-09-21 10:28:00,48.95,48.95,47.55,48.75,43575,0,11400.0,CE
2018-09-21 10:29:00,48.55,49.75,48.55,49.35,43050,0,11400.0,CE
2018-09-21 10:30:00,49.45,50.9,49.1,49.1,70800,0,11400.0,CE
2018-09-21 10:31:00,49.25,50.45,48.75,48.75,53700,0,11400.0,CE
2018-09-21 10:32:00,48.65,48.85,47.55,48.1,34875,0,11400.0,CE
2018-09-21 10:33:00,48.65,49.7,47.9,48.25,65925,0,11400.0,CE
2018-09-21 10:34:00,48.25,48.9,47.4,47.5,32550,0,11400.0,CE
2018-09-21 10:35:00,47.25,47.35,46.15,46.2,52575,0,11400.0,CE
2018-09-21 10:36:00,46.25,46.35,45.4,45.85,85575,0,11400.0,CE
2018-09-21 10:37:00,45.75,46.15,45.1,45.15,85200,0,11400.0,CE
2018-09-21 10:38:00,45.0,45.55,43.85,44.25,134550,0,11400.0,CE
2018-09-21 10:39:00,44.4,45.0,43.95,44.8,68925,0,11400.0,CE
2018-09-21 10:40:00,44.5,45.6,44.5,45.6,65250,0,11400.0,CE
2018-09-21 10:41:00,45.65,47.35,45.65,46.55,71100,0,11400.0,CE
2018-09-21 10:42:00,46.7,47.5,44.65,44.65,59400,0,11400.0,CE
2018-09-21 10:43:00,44.7,47.15,44.7,47.05,64125,0,11400.0,CE
2018-09-21 10:44:00,46.8,47.35,46.0,47.25,21225,0,11400.0,CE
2018-09-21 10:45:00,47.3,47.35,46.1,46.15,24525,0,11400.0,CE
2018-09-21 10:46:00,46.25,48.4,46.25,48.4,31425,0,11400.0,CE
2018-09-21 10:47:00,48.05,48.3,47.3,48.15,48075,0,11400.0,CE
2018-09-21 10:48:00,48.1,48.9,47.55,48.45,38175,0,11400.0,CE
2018-09-21 10:49:00,48.4,49.6,48.3,49.15,33600,0,11400.0,CE
2018-09-21 10:50:00,49.0,49.2,47.55,47.55,22500,0,11400.0,CE
2018-09-21 10:51:00,47.5,49.05,47.15,48.75,26100,0,11400.0,CE
2018-09-21 10:52:00,48.6,49.2,48.35,48.6,24600,0,11400.0,CE
2018-09-21 10:53:00,48.5,50.7,48.45,50.4,66675,0,11400.0,CE
2018-09-21 10:54:00,50.5,51.5,49.7,51.3,76575,0,11400.0,CE
2018-09-21 10:55:00,51.5,51.85,50.55,51.25,50025,0,11400.0,CE
2018-09-21 10:56:00,51.15,52.0,50.05,50.25,68325,0,11400.0,CE
2018-09-21 10:57:00,50.5,50.6,49.75,50.45,37500,0,11400.0,CE
2018-09-21 10:58:00,50.45,51.25,49.8,49.85,38550,0,11400.0,CE
2018-09-21 10:59:00,49.75,49.75,47.75,48.55,48600,0,11400.0,CE
2018-09-21 11:00:00,48.7,50.5,48.55,50.3,17625,0,11400.0,CE
2018-09-21 11:01:00,50.05,51.1,50.05,51.0,24525,0,11400.0,CE
2018-09-21 11:02:00,51.1,51.7,50.75,51.0,42975,0,11400.0,CE
2018-09-21 11:03:00,51.0,52.35,50.05,52.2,52650,0,11400.0,CE
2018-09-21 11:04:00,52.25,52.6,51.75,52.45,47025,0,11400.0,CE
2018-09-21 11:05:00,52.25,52.45,51.0,51.3,26925,0,11400.0,CE
2018-09-21 11:06:00,51.45,52.3,51.0,52.3,26700,0,11400.0,CE
2018-09-21 11:07:00,52.3,53.35,52.3,53.0,84375,0,11400.0,CE
2018-09-21 11:08:00,52.5,52.8,51.3,52.2,49275,0,11400.0,CE
2018-09-21 11:09:00,52.4,52.55,51.55,51.95,33000,0,11400.0,CE
2018-09-21 11:10:00,51.75,51.75,49.25,49.25,37500,0,11400.0,CE
2018-09-21 11:11:00,49.4,49.9,48.0,49.1,54075,0,11400.0,CE
2018-09-21 11:12:00,49.3,49.3,48.35,48.6,24225,0,11400.0,CE
2018-09-21 11:13:00,48.35,50.1,47.95,49.3,40650,0,11400.0,CE
2018-09-21 11:14:00,49.35,51.6,49.35,51.1,31125,0,11400.0,CE
2018-09-21 11:15:00,51.2,51.6,50.65,51.55,33225,0,11400.0,CE
2018-09-21 11:16:00,51.4,51.8,50.75,51.5,15675,0,11400.0,CE
2018-09-21 11:17:00,51.4,51.45,49.55,49.65,43950,0,11400.0,CE
2018-09-21 11:18:00,49.35,49.9,48.65,48.8,40725,0,11400.0,CE
2018-09-21 11:19:00,49.15,49.75,48.7,49.35,33150,0,11400.0,CE
2018-09-21 11:20:00,49.55,49.85,48.65,48.95,22875,0,11400.0,CE
2018-09-21 11:21:00,49.0,49.6,48.5,49.6,26025,0,11400.0,CE
2018-09-21 11:22:00,49.6,50.05,48.25,48.4,27600,0,11400.0,CE
2018-09-21 11:23:00,48.8,48.95,46.35,47.2,92100,0,11400.0,CE
2018-09-21 11:24:00,47.25,47.25,44.75,45.0,121800,0,11400.0,CE
2018-09-21 11:25:00,45.0,45.05,42.9,42.9,148200,0,11400.0,CE
2018-09-21 11:26:00,42.7,43.7,42.4,43.45,109500,0,11400.0,CE
2018-09-21 11:27:00,43.6,44.55,43.55,43.55,59100,0,11400.0,CE
2018-09-21 11:28:00,43.5,44.4,43.15,44.4,40050,0,11400.0,CE
2018-09-21 11:29:00,44.3,45.55,44.3,45.15,55875,0,11400.0,CE
2018-09-21 11:30:00,45.55,46.0,43.45,43.45,65850,0,11400.0,CE
2018-09-21 11:31:00,43.5,43.6,42.25,42.5,97050,0,11400.0,CE
2018-09-21 11:32:00,42.2,42.5,39.25,39.95,161025,0,11400.0,CE
2018-09-21 11:33:00,40.1,40.1,38.2,39.0,188775,0,11400.0,CE
2018-09-21 11:34:00,39.0,39.9,38.8,39.9,116925,0,11400.0,CE
2018-09-21 11:35:00,39.7,41.85,39.55,40.55,180450,0,11400.0,CE
2018-09-21 11:36:00,40.35,41.35,39.55,41.3,97950,0,11400.0,CE
2018-09-21 11:37:00,41.45,41.8,40.3,40.5,57150,0,11400.0,CE
2018-09-21 11:38:00,40.25,40.7,39.9,40.25,59775,0,11400.0,CE
2018-09-21 11:39:00,40.4,40.9,39.5,40.7,38700,0,11400.0,CE
2018-09-21 11:40:00,41.0,41.15,39.0,39.3,56925,0,11400.0,CE
2018-09-21 11:41:00,39.15,39.85,38.75,38.75,57750,0,11400.0,CE
2018-09-21 11:42:00,38.75,39.45,38.35,39.45,85875,0,11400.0,CE
2018-09-21 11:43:00,39.15,39.35,37.5,38.6,93225,0,11400.0,CE
2018-09-21 11:44:00,38.7,39.4,38.7,38.95,43800,0,11400.0,CE
2018-09-21 11:45:00,39.05,39.9,38.75,39.75,37050,0,11400.0,CE
2018-09-21 11:46:00,39.85,41.0,39.8,40.6,44100,0,11400.0,CE
2018-09-21 11:47:00,41.1,41.75,40.4,40.95,59625,0,11400.0,CE
2018-09-21 11:48:00,40.8,40.9,40.0,40.9,57450,0,11400.0,CE
2018-09-21 11:49:00,40.85,40.85,38.0,38.45,61500,0,11400.0,CE
2018-09-21 11:50:00,38.3,39.6,38.1,39.35,48450,0,11400.0,CE
2018-09-21 11:51:00,39.35,39.75,39.0,39.75,22275,0,11400.0,CE
2018-09-21 11:52:00,39.9,40.7,39.4,39.4,44550,0,11400.0,CE
2018-09-21 11:53:00,39.05,39.05,37.1,38.0,90750,0,11400.0,CE
2018-09-21 11:54:00,38.05,38.05,35.35,35.9,165075,0,11400.0,CE
2018-09-21 11:55:00,35.9,35.9,34.05,35.65,178950,0,11400.0,CE
2018-09-21 11:56:00,35.25,36.1,34.9,35.35,110175,0,11400.0,CE
2018-09-21 11:57:00,35.45,36.15,34.45,34.85,120375,0,11400.0,CE
2018-09-21 11:58:00,35.0,36.5,34.55,36.5,94650,0,11400.0,CE
2018-09-21 11:59:00,36.55,36.8,35.75,35.9,62700,0,11400.0,CE
2018-09-21 12:00:00,35.7,37.85,35.6,37.8,74400,0,11400.0,CE
2018-09-21 12:01:00,37.9,38.5,37.25,37.3,54300,0,11400.0,CE
2018-09-21 12:02:00,37.55,38.2,37.3,37.9,78075,0,11400.0,CE
2018-09-21 12:03:00,37.45,37.8,35.85,36.25,82200,0,11400.0,CE
2018-09-21 12:04:00,36.05,36.95,35.65,36.85,69150,0,11400.0,CE
2018-09-21 12:05:00,36.95,37.6,36.85,37.1,59625,0,11400.0,CE
2018-09-21 12:06:00,37.2,40.2,37.0,40.2,76425,0,11400.0,CE
2018-09-21 12:07:00,40.0,41.25,39.3,39.9,110775,0,11400.0,CE
2018-09-21 12:08:00,39.7,40.0,38.75,40.0,33750,0,11400.0,CE
2018-09-21 12:09:00,39.6,40.35,38.8,38.8,38475,0,11400.0,CE
2018-09-21 12:10:00,38.7,40.0,38.4,39.3,60750,0,11400.0,CE
2018-09-21 12:11:00,39.25,40.0,38.25,40.0,23475,0,11400.0,CE
2018-09-21 12:12:00,40.2,40.75,39.5,40.65,52125,0,11400.0,CE
2018-09-21 12:13:00,40.75,41.0,39.8,39.8,35400,0,11400.0,CE
2018-09-21 12:14:00,39.85,40.2,38.55,39.2,28500,0,11400.0,CE
2018-09-21 12:15:00,39.1,39.8,38.2,38.95,30150,0,11400.0,CE
2018-09-21 12:16:00,38.9,39.85,38.6,39.1,35175,0,11400.0,CE
2018-09-21 12:17:00,39.1,40.5,39.05,39.95,41625,0,11400.0,CE
2018-09-21 12:18:00,39.8,40.85,39.75,40.4,50925,0,11400.0,CE
2018-09-21 12:19:00,40.5,42.4,40.5,41.25,93300,0,11400.0,CE
2018-09-21 12:20:00,40.9,41.55,40.55,40.6,31275,0,11400.0,CE
2018-09-21 12:21:00,40.4,41.0,39.9,40.9,52425,0,11400.0,CE
2018-09-21 12:22:00,40.85,41.4,40.35,41.0,36225,0,11400.0,CE
2018-09-21 12:23:00,40.8,40.85,38.6,38.85,45000,0,11400.0,CE
2018-09-21 12:24:00,38.95,39.55,37.8,38.05,35100,0,11400.0,CE
2018-09-21 12:25:00,38.4,38.75,37.25,37.55,33975,0,11400.0,CE
2018-09-21 12:26:00,37.65,37.65,35.75,36.45,74325,0,11400.0,CE
2018-09-21 12:27:00,36.5,37.35,36.45,37.0,45000,0,11400.0,CE
2018-09-21 12:28:00,37.1,37.65,36.6,36.7,32175,0,11400.0,CE
2018-09-21 12:29:00,36.65,37.95,36.65,37.95,30600,0,11400.0,CE
2018-09-21 12:30:00,38.05,38.05,36.8,37.25,36900,0,11400.0,CE
2018-09-21 12:31:00,37.0,37.15,35.65,36.8,55425,0,11400.0,CE
2018-09-21 12:32:00,36.8,37.25,35.8,36.75,37800,0,11400.0,CE
2018-09-21 12:33:00,36.75,36.9,34.9,35.5,71775,0,11400.0,CE
2018-09-21 12:34:00,35.25,36.0,31.7,32.3,160800,0,11400.0,CE
2018-09-21 12:35:00,31.8,31.85,27.1,28.15,410700,0,11400.0,CE
2018-09-21 12:36:00,28.3,28.3,22.75,24.3,420450,0,11400.0,CE
2018-09-21 12:37:00,24.45,26.3,24.3,25.15,288300,0,11400.0,CE
2018-09-21 12:38:00,25.35,26.0,22.65,23.2,200175,0,11400.0,CE
2018-09-21 12:39:00,23.0,23.0,19.6,20.1,446850,0,11400.0,CE
2018-09-21 12:40:00,20.15,21.85,18.9,21.15,334800,0,11400.0,CE
2018-09-21 12:41:00,21.15,24.3,21.1,24.05,287025,0,11400.0,CE
2018-09-21 12:42:00,24.0,24.0,20.45,20.55,339375,0,11400.0,CE
2018-09-21 12:43:00,20.45,21.0,19.55,20.5,284100,0,11400.0,CE
2018-09-21 12:44:00,20.55,20.6,15.8,15.95,306750,0,11400.0,CE
2018-09-21 12:45:00,15.5,17.6,15.2,17.6,383400,0,11400.0,CE
2018-09-21 12:46:00,17.6,20.45,17.6,20.1,362475,0,11400.0,CE
2018-09-21 12:47:00,20.35,21.8,20.25,20.25,278550,0,11400.0,CE
2018-09-21 12:48:00,20.15,20.6,18.65,18.95,181500,0,11400.0,CE
2018-09-21 12:49:00,19.1,19.1,18.1,18.65,197325,0,11400.0,CE
2018-09-21 12:50:00,18.75,19.75,18.6,19.25,173625,0,11400.0,CE
2018-09-21 12:51:00,19.2,19.2,17.9,17.9,155250,0,11400.0,CE
2018-09-21 12:52:00,17.9,19.7,17.8,19.35,142425,0,11400.0,CE
2018-09-21 12:53:00,19.4,19.75,18.75,19.4,123300,0,11400.0,CE
2018-09-21 12:54:00,19.45,20.05,18.3,18.55,119775,0,11400.0,CE
2018-09-21 12:55:00,18.55,18.6,17.55,18.5,141900,0,11400.0,CE
2018-09-21 12:56:00,18.2,18.4,16.1,16.1,227325,0,11400.0,CE
2018-09-21 12:57:00,16.35,16.35,15.05,16.3,326775,0,11400.0,CE
2018-09-21 12:58:00,16.35,16.9,15.9,16.25,223500,0,11400.0,CE
2018-09-21 12:59:00,15.75,16.65,15.5,16.0,215325,0,11400.0,CE
2018-09-21 13:00:00,16.0,16.2,14.3,14.75,201975,0,11400.0,CE
2018-09-21 13:01:00,14.6,15.0,14.05,14.7,185250,0,11400.0,CE
2018-09-21 13:02:00,14.4,14.45,13.45,13.45,196500,0,11400.0,CE
2018-09-21 13:03:00,13.6,13.7,12.1,12.75,281100,0,11400.0,CE
2018-09-21 13:04:00,12.45,13.15,12.0,12.5,262125,0,11400.0,CE
2018-09-21 13:05:00,12.65,12.65,9.85,11.0,395625,0,11400.0,CE
2018-09-21 13:06:00,11.3,12.7,10.55,12.1,385575,0,11400.0,CE
2018-09-21 13:07:00,12.35,12.4,8.1,8.7,329550,0,11400.0,CE
2018-09-21 13:08:00,8.5,8.85,6.35,7.75,328725,0,11400.0,CE
2018-09-21 13:09:00,7.7,10.75,7.6,10.15,387300,0,11400.0,CE
2018-09-21 13:10:00,10.8,12.95,10.45,12.95,338550,0,11400.0,CE
2018-09-21 13:11:00,12.95,17.75,12.95,17.0,485850,0,11400.0,CE
2018-09-21 13:12:00,16.75,18.9,15.95,18.9,328050,0,11400.0,CE
2018-09-21 13:13:00,19.0,19.0,18.0,18.4,239475,0,11400.0,CE
2018-09-21 13:14:00,18.3,18.3,14.8,14.95,214725,0,11400.0,CE
2018-09-21 13:15:00,14.85,15.05,10.75,11.25,290700,0,11400.0,CE
2018-09-21 13:16:00,11.65,14.3,11.65,14.05,208875,0,11400.0,CE
2018-09-21 13:17:00,14.35,15.5,12.95,15.5,172275,0,11400.0,CE
2018-09-21 13:18:00,15.75,18.2,14.6,18.0,213825,0,11400.0,CE
2018-09-21 13:19:00,17.7,20.8,17.1,20.6,276225,0,11400.0,CE
2018-09-21 13:20:00,20.5,21.45,18.05,18.05,256575,0,11400.0,CE
2018-09-21 13:21:00,18.0,19.55,17.6,18.35,228375,0,11400.0,CE
2018-09-21 13:22:00,17.75,18.1,13.25,14.4,198900,0,11400.0,CE
2018-09-21 13:23:00,14.35,16.85,14.35,15.7,136875,0,11400.0,CE
2018-09-21 13:24:00,16.3,17.6,15.3,15.3,137100,0,11400.0,CE
2018-09-21 13:25:00,15.6,17.65,15.6,17.2,84000,0,11400.0,CE
2018-09-21 13:26:00,17.2,18.6,16.1,18.5,136050,0,11400.0,CE
2018-09-21 13:27:00,18.7,18.85,17.55,18.0,121275,0,11400.0,CE
2018-09-21 13:28:00,18.05,18.75,17.35,17.75,87525,0,11400.0,CE
2018-09-21 13:29:00,18.15,19.1,17.55,18.15,79950,0,11400.0,CE
2018-09-21 13:30:00,18.1,21.45,18.1,21.15,220425,0,11400.0,CE
2018-09-21 13:31:00,21.15,21.15,18.5,18.75,187875,0,11400.0,CE
2018-09-21 13:32:00,18.65,18.65,16.7,16.8,137775,0,11400.0,CE
2018-09-21 13:33:00,16.65,18.6,15.4,17.5,131550,0,11400.0,CE
2018-09-21 13:34:00,17.25,17.95,16.45,17.3,70500,0,11400.0,CE
2018-09-21 13:35:00,17.15,18.8,16.6,18.8,67125,0,11400.0,CE
2018-09-21 13:36:00,18.9,19.6,16.95,18.75,113625,0,11400.0,CE
2018-09-21 13:37:00,18.8,20.6,17.3,19.2,197550,0,11400.0,CE
2018-09-21 13:38:00,19.2,19.8,18.55,19.35,85725,0,11400.0,CE
2018-09-21 13:39:00,19.4,20.3,18.8,19.0,130800,0,11400.0,CE
2018-09-21 13:40:00,19.35,19.95,18.6,18.6,114000,0,11400.0,CE
2018-09-21 13:41:00,18.75,19.05,17.6,19.05,103725,0,11400.0,CE
2018-09-21 13:42:00,19.6,19.75,17.05,17.05,106650,0,11400.0,CE
2018-09-21 13:43:00,17.5,18.5,16.45,18.0,122325,0,11400.0,CE
2018-09-21 13:44:00,18.0,18.15,16.8,18.0,79200,0,11400.0,CE
2018-09-21 13:45:00,18.0,18.4,16.25,18.0,87675,0,11400.0,CE
2018-09-21 13:46:00,18.05,18.6,16.85,17.2,62925,0,11400.0,CE
2018-09-21 13:47:00,17.3,18.05,16.75,17.4,60975,0,11400.0,CE
2018-09-21 13:48:00,17.85,18.9,17.05,17.05,95700,0,11400.0,CE
2018-09-21 13:49:00,17.15,18.3,17.15,17.3,81000,0,11400.0,CE
2018-09-21 13:50:00,17.4,18.45,17.4,18.4,63375,0,11400.0,CE
2018-09-21 13:51:00,18.3,18.5,17.2,17.65,39150,0,11400.0,CE
2018-09-21 13:52:00,17.6,18.6,17.5,18.45,53775,0,11400.0,CE
2018-09-21 13:53:00,18.45,18.75,17.0,18.2,88575,0,11400.0,CE
2018-09-21 13:54:00,18.05,18.3,17.15,18.05,68400,0,11400.0,CE
2018-09-21 13:55:00,17.85,18.4,17.5,18.0,46800,0,11400.0,CE
2018-09-21 13:56:00,18.05,18.65,18.0,18.0,25050,0,11400.0,CE
2018-09-21 13:57:00,18.0,18.3,17.35,17.35,36300,0,11400.0,CE
2018-09-21 13:58:00,17.45,17.7,16.25,16.3,63975,0,11400.0,CE
2018-09-21 13:59:00,16.2,17.2,16.2,16.7,47250,0,11400.0,CE
2018-09-21 14:00:00,16.6,16.6,14.05,14.35,106125,0,11400.0,CE
2018-09-21 14:01:00,14.8,15.0,12.65,12.8,178125,0,11400.0,CE
2018-09-21 14:02:00,12.6,14.2,12.5,13.65,175275,0,11400.0,CE
2018-09-21 14:03:00,13.6,14.2,13.3,13.3,75225,0,11400.0,CE
2018-09-21 14:04:00,13.25,14.1,13.25,13.95,58575,0,11400.0,CE
2018-09-21 14:05:00,13.9,14.6,13.75,14.45,74550,0,11400.0,CE
2018-09-21 14:06:00,14.5,15.35,14.5,14.5,83550,0,11400.0,CE
2018-09-21 14:07:00,14.55,14.8,13.9,14.4,54450,0,11400.0,CE
2018-09-21 14:08:00,14.35,14.7,14.05,14.2,57375,0,11400.0,CE
2018-09-21 14:09:00,14.2,14.4,13.3,14.25,137700,0,11400.0,CE
2018-09-21 14:10:00,14.4,14.75,13.5,14.0,154125,0,11400.0,CE
2018-09-21 14:11:00,14.0,14.0,12.85,12.9,114075,0,11400.0,CE
2018-09-21 14:12:00,13.15,13.6,12.75,13.5,78900,0,11400.0,CE
2018-09-21 14:13:00,13.65,13.7,12.15,12.4,86175,0,11400.0,CE
2018-09-21 14:14:00,12.4,12.8,11.85,11.85,88950,0,11400.0,CE
2018-09-21 14:15:00,11.75,12.85,11.25,12.3,189450,0,11400.0,CE
2018-09-21 14:16:00,12.3,12.9,12.2,12.9,118200,0,11400.0,CE
2018-09-21 14:17:00,12.75,13.2,12.5,12.6,102150,0,11400.0,CE
2018-09-21 14:18:00,12.55,13.0,12.25,12.3,46050,0,11400.0,CE
2018-09-21 14:19:00,12.3,12.75,12.25,12.7,86475,0,11400.0,CE
2018-09-21 14:20:00,12.6,12.8,11.8,12.35,117750,0,11400.0,CE
2018-09-21 14:21:00,12.45,12.85,12.3,12.75,93375,0,11400.0,CE
2018-09-21 14:22:00,12.8,13.0,12.35,13.0,56025,0,11400.0,CE
2018-09-21 14:23:00,12.9,12.95,12.2,12.25,48225,0,11400.0,CE
2018-09-21 14:24:00,12.3,12.9,11.95,12.75,63225,0,11400.0,CE
2018-09-21 14:25:00,12.8,12.9,11.5,11.5,65400,0,11400.0,CE
2018-09-21 14:26:00,11.45,12.15,11.35,11.65,57750,0,11400.0,CE
2018-09-21 14:27:00,11.65,11.65,11.15,11.45,40050,0,11400.0,CE
2018-09-21 14:28:00,11.45,11.8,11.0,11.2,67425,0,11400.0,CE
2018-09-21 14:29:00,11.15,11.45,11.0,11.35,62025,0,11400.0,CE
2018-09-21 14:30:00,11.35,11.7,10.65,10.65,81075,0,11400.0,CE
2018-09-21 14:31:00,10.7,10.8,10.0,10.15,118125,0,11400.0,CE
2018-09-21 14:32:00,10.25,10.55,10.15,10.3,103125,0,11400.0,CE
2018-09-21 14:33:00,10.1,10.4,9.7,9.8,93825,0,11400.0,CE
2018-09-21 14:34:00,9.85,9.95,9.0,9.15,160125,0,11400.0,CE
2018-09-21 14:35:00,9.05,9.45,8.95,9.35,138450,0,11400.0,CE
2018-09-21 14:36:00,9.4,9.75,9.4,9.7,96825,0,11400.0,CE
2018-09-21 14:37:00,9.65,9.7,9.0,9.05,105150,0,11400.0,CE
2018-09-21 14:38:00,8.95,9.3,8.85,9.05,118800,0,11400.0,CE
2018-09-21 14:39:00,9.15,9.65,9.0,9.5,139275,0,11400.0,CE
2018-09-21 14:40:00,9.3,10.2,9.3,10.1,134175,0,11400.0,CE
2018-09-21 14:41:00,10.15,10.6,10.05,10.45,135450,0,11400.0,CE
2018-09-21 14:42:00,10.55,10.65,9.1,10.1,152175,0,11400.0,CE
2018-09-21 14:43:00,10.3,10.5,9.5,9.9,143850,0,11400.0,CE
2018-09-21 14:44:00,9.9,10.15,9.75,10.1,70275,0,11400.0,CE
2018-09-21 14:45:00,10.15,10.2,9.75,9.95,42600,0,11400.0,CE
2018-09-21 14:46:00,9.9,10.1,9.8,9.9,50025,0,11400.0,CE
2018-09-21 14:47:00,9.95,10.0,9.55,9.75,52200,0,11400.0,CE
2018-09-21 14:48:00,9.7,10.6,9.7,10.4,115650,0,11400.0,CE
2018-09-21 14:49:00,10.35,11.2,10.05,11.15,119475,0,11400.0,CE
2018-09-21 14:50:00,11.1,11.85,11.0,11.55,103950,0,11400.0,CE
2018-09-21 14:51:00,11.65,12.65,11.65,12.1,122325,0,11400.0,CE
2018-09-21 14:52:00,12.1,12.75,11.55,11.8,171225,0,11400.0,CE
2018-09-21 14:53:00,11.8,12.6,11.4,11.4,97350,0,11400.0,CE
2018-09-21 14:54:00,11.55,11.9,11.25,11.7,83925,0,11400.0,CE
2018-09-21 14:55:00,11.4,12.25,11.4,11.9,94275,0,11400.0,CE
2018-09-21 14:56:00,11.95,12.45,11.85,12.0,97275,0,11400.0,CE
2018-09-21 14:57:00,12.05,13.6,12.05,13.4,145800,0,11400.0,CE
2018-09-21 14:58:00,13.6,13.7,12.45,13.45,108000,0,11400.0,CE
2018-09-21 14:59:00,13.4,13.5,12.65,12.75,91500,0,11400.0,CE
2018-09-21 15:00:00,12.7,13.3,12.5,12.75,73350,0,11400.0,CE
2018-09-21 15:01:00,12.9,13.35,12.5,12.9,89925,0,11400.0,CE
2018-09-21 15:02:00,12.9,13.0,12.4,13.0,87075,0,11400.0,CE
2018-09-21 15:03:00,12.95,13.45,12.65,13.15,129150,0,11400.0,CE
2018-09-21 15:04:00,13.25,14.1,13.25,13.65,172350,0,11400.0,CE
2018-09-21 15:05:00,13.8,14.1,13.45,13.9,68700,0,11400.0,CE
2018-09-21 15:06:00,13.9,14.0,13.5,13.75,45825,0,11400.0,CE
2018-09-21 15:07:00,13.9,14.1,13.75,14.0,99600,0,11400.0,CE
2018-09-21 15:08:00,14.05,14.1,13.0,13.3,102750,0,11400.0,CE
2018-09-21 15:09:00,13.35,13.75,13.0,13.35,139275,0,11400.0,CE
2018-09-21 15:10:00,13.3,13.6,12.7,12.9,111450,0,11400.0,CE
2018-09-21 15:11:00,12.95,13.4,12.7,12.7,103650,0,11400.0,CE
2018-09-21 15:12:00,12.7,13.0,12.5,12.8,69375,0,11400.0,CE
2018-09-21 15:13:00,12.6,13.45,12.45,13.45,124050,0,11400.0,CE
2018-09-21 15:14:00,13.55,13.9,13.3,13.8,97125,0,11400.0,CE
2018-09-21 15:15:00,13.75,13.85,12.7,12.7,89550,0,11400.0,CE
2018-09-21 15:16:00,12.8,13.05,12.65,12.7,64575,0,11400.0,CE
2018-09-21 15:17:00,12.65,12.75,12.2,12.35,93075,0,11400.0,CE
2018-09-21 15:18:00,12.35,12.55,11.9,12.55,118275,0,11400.0,CE
2018-09-21 15:19:00,12.65,12.65,12.15,12.25,78825,0,11400.0,CE
2018-09-21 15:20:00,12.35,12.65,12.25,12.45,77100,0,11400.0,CE
2018-09-21 15:21:00,12.45,12.7,12.4,12.65,128250,0,11400.0,CE
2018-09-21 15:22:00,12.75,12.95,12.5,12.95,111750,0,11400.0,CE
2018-09-21 15:23:00,12.9,13.1,12.55,12.8,111525,0,11400.0,CE
2018-09-21 15:24:00,12.9,13.05,12.65,12.8,132300,0,11400.0,CE
2018-09-21 15:25:00,12.85,13.1,12.7,13.0,121950,0,11400.0,CE
2018-09-21 15:26:00,12.9,13.0,12.65,12.7,74850,0,11400.0,CE
2018-09-21 15:27:00,12.7,12.7,12.25,12.35,95475,0,11400.0,CE
2018-09-21 15:28:00,12.35,12.5,12.1,12.2,119850,0,11400.0,CE
2018-09-21 15:29:00,12.2,12.85,12.1,12.55,133575,0,11400.0,CE
2018-09-21 15:30:00,12.2,12.95,12.1,12.95,0,0,11400.0,CE
2018-09-24 09:15:00,13.0,14.0,7.7,7.85,148500,0,11400.0,CE
2018-09-24 09:16:00,7.8,7.95,6.85,7.95,203550,0,11400.0,CE
2018-09-24 09:17:00,7.95,9.35,7.05,7.75,279300,0,11400.0,CE
2018-09-24 09:18:00,7.65,9.35,7.35,8.7,263775,0,11400.0,CE
2018-09-24 09:19:00,8.65,8.8,8.0,8.5,133575,0,11400.0,CE
2018-09-24 09:20:00,8.45,8.7,7.6,8.1,174075,0,11400.0,CE
2018-09-24 09:21:00,8.05,8.75,7.65,7.85,132150,0,11400.0,CE
2018-09-24 09:22:00,7.8,8.0,7.3,7.9,124125,0,11400.0,CE
2018-09-24 09:23:00,7.95,8.0,7.3,8.0,145500,0,11400.0,CE
2018-09-24 09:24:00,7.95,8.1,7.1,7.65,90075,0,11400.0,CE
2018-09-24 09:25:00,7.5,8.3,7.35,8.0,126375,0,11400.0,CE
2018-09-24 09:26:00,8.2,8.7,7.95,8.7,102900,0,11400.0,CE
2018-09-24 09:27:00,8.75,8.85,8.15,8.65,86475,0,11400.0,CE
2018-09-24 09:28:00,8.5,8.5,8.0,8.15,69900,0,11400.0,CE
2018-09-24 09:29:00,8.5,8.6,8.0,8.0,57825,0,11400.0,CE
2018-09-24 09:30:00,7.95,8.15,7.7,7.8,50325,0,11400.0,CE
2018-09-24 09:31:00,7.85,7.95,7.6,7.7,43500,0,11400.0,CE
2018-09-24 09:32:00,7.7,7.95,7.55,7.7,35400,0,11400.0,CE
2018-09-24 09:33:00,7.65,8.1,7.35,8.0,74250,0,11400.0,CE
2018-09-24 09:34:00,8.1,8.2,7.75,8.05,47400,0,11400.0,CE
2018-09-24 09:35:00,8.25,8.35,7.85,7.85,65475,0,11400.0,CE
2018-09-24 09:36:00,7.9,8.5,7.75,8.5,64350,0,11400.0,CE
2018-09-24 09:37:00,8.4,8.6,8.15,8.45,30750,0,11400.0,CE
2018-09-24 09:38:00,8.5,8.7,8.1,8.1,38325,0,11400.0,CE
2018-09-24 09:39:00,7.9,8.25,7.75,8.05,85275,0,11400.0,CE
2018-09-24 09:40:00,8.1,8.15,7.35,7.5,38625,0,11400.0,CE
2018-09-24 09:41:00,7.45,7.75,7.25,7.3,60450,0,11400.0,CE
2018-09-24 09:42:00,7.35,7.45,7.25,7.35,45375,0,11400.0,CE
2018-09-24 09:43:00,7.35,7.8,7.35,7.6,40275,0,11400.0,CE
2018-09-24 09:44:00,7.65,7.85,7.6,7.6,26475,0,11400.0,CE
2018-09-24 09:45:00,7.55,7.95,7.55,7.85,43950,0,11400.0,CE
2018-09-24 09:46:00,7.95,7.95,7.15,7.4,56925,0,11400.0,CE
2018-09-24 09:47:00,7.4,7.7,7.35,7.6,33375,0,11400.0,CE
2018-09-24 09:48:00,7.7,7.95,7.3,7.4,43050,0,11400.0,CE
2018-09-24 09:49:00,7.5,7.5,6.8,7.0,81675,0,11400.0,CE
2018-09-24 09:50:00,7.05,7.3,6.85,7.2,109500,0,11400.0,CE
2018-09-24 09:51:00,7.2,7.4,6.65,6.7,49125,0,11400.0,CE
2018-09-24 09:52:00,6.7,7.3,6.6,7.3,52725,0,11400.0,CE
2018-09-24 09:53:00,7.35,7.4,7.05,7.1,39750,0,11400.0,CE
2018-09-24 09:54:00,7.2,7.5,7.05,7.5,62925,0,11400.0,CE
2018-09-24 09:55:00,7.45,7.55,7.25,7.3,41175,0,11400.0,CE
2018-09-24 09:56:00,7.2,7.35,7.1,7.35,20625,0,11400.0,CE
2018-09-24 09:57:00,7.35,7.6,7.25,7.45,38325,0,11400.0,CE
2018-09-24 09:58:00,7.45,7.6,6.8,7.0,72375,0,11400.0,CE
2018-09-24 09:59:00,7.0,7.4,6.85,7.05,41100,0,11400.0,CE
2018-09-24 10:00:00,7.0,7.2,6.85,6.95,49500,0,11400.0,CE
2018-09-24 10:01:00,6.8,7.25,6.8,7.25,28125,0,11400.0,CE
2018-09-24 10:02:00,7.15,7.2,6.8,6.8,60600,0,11400.0,CE
2018-09-24 10:03:00,6.75,7.15,6.75,6.9,29625,0,11400.0,CE
2018-09-24 10:04:00,6.95,7.05,6.75,7.0,23925,0,11400.0,CE
2018-09-24 10:05:00,6.95,7.05,6.75,6.8,23250,0,11400.0,CE
2018-09-24 10:06:00,6.75,6.85,6.35,6.8,55425,0,11400.0,CE
2018-09-24 10:07:00,6.9,6.95,6.65,6.8,63525,0,11400.0,CE
2018-09-24 10:08:00,6.8,6.8,6.5,6.55,41700,0,11400.0,CE
2018-09-24 10:09:00,6.5,6.8,6.5,6.6,51525,0,11400.0,CE
2018-09-24 10:10:00,6.6,7.05,6.6,6.8,59850,0,11400.0,CE
2018-09-24 10:11:00,6.7,6.9,6.55,6.6,33300,0,11400.0,CE
2018-09-24 10:12:00,6.6,6.6,6.25,6.4,72000,0,11400.0,CE
2018-09-24 10:13:00,6.4,6.8,6.05,6.3,123300,0,11400.0,CE
2018-09-24 10:14:00,6.45,6.45,6.15,6.25,63525,0,11400.0,CE
2018-09-24 10:15:00,6.3,6.4,6.2,6.35,59925,0,11400.0,CE
2018-09-24 10:16:00,6.45,6.8,6.4,6.75,57900,0,11400.0,CE
2018-09-24 10:17:00,6.8,6.85,6.6,6.6,34650,0,11400.0,CE
2018-09-24 10:18:00,6.65,6.8,6.55,6.65,28350,0,11400.0,CE
2018-09-24 10:19:00,6.75,7.05,6.75,7.05,38175,0,11400.0,CE
2018-09-24 10:20:00,6.8,7.0,6.7,6.85,37425,0,11400.0,CE
2018-09-24 10:21:00,7.0,7.05,6.85,6.95,48375,0,11400.0,CE
2018-09-24 10:22:00,7.1,7.5,7.1,7.4,71325,0,11400.0,CE
2018-09-24 10:23:00,7.35,7.4,6.85,7.25,87000,0,11400.0,CE
2018-09-24 10:24:00,7.3,7.45,7.1,7.45,37425,0,11400.0,CE
2018-09-24 10:25:00,7.35,7.5,7.15,7.2,46125,0,11400.0,CE
2018-09-24 10:26:00,7.1,7.3,6.95,7.3,31725,0,11400.0,CE
2018-09-24 10:27:00,7.15,7.25,6.85,7.15,37950,0,11400.0,CE
2018-09-24 10:28:00,7.15,7.5,7.15,7.5,32625,0,11400.0,CE
2018-09-24 10:29:00,7.45,7.75,7.4,7.4,44025,0,11400.0,CE
2018-09-24 10:30:00,7.4,7.6,7.2,7.45,61050,0,11400.0,CE
2018-09-24 10:31:00,7.45,7.5,7.2,7.45,31275,0,11400.0,CE
2018-09-24 10:32:00,7.45,7.8,7.3,7.4,46875,0,11400.0,CE
2018-09-24 10:33:00,7.4,7.55,7.2,7.45,29625,0,11400.0,CE
2018-09-24 10:34:00,7.35,7.35,7.05,7.2,27600,0,11400.0,CE
2018-09-24 10:35:00,7.2,7.65,7.2,7.55,37575,0,11400.0,CE
2018-09-24 10:36:00,7.55,7.65,7.1,7.35,66675,0,11400.0,CE
2018-09-24 10:37:00,7.4,7.8,7.4,7.4,50625,0,11400.0,CE
2018-09-24 10:38:00,7.6,7.6,7.0,7.35,56700,0,11400.0,CE
2018-09-24 10:39:00,7.05,7.15,6.7,6.8,27675,0,11400.0,CE
2018-09-24 10:40:00,6.65,6.85,6.5,6.65,39975,0,11400.0,CE
2018-09-24 10:41:00,6.75,7.0,6.6,7.0,29325,0,11400.0,CE
2018-09-24 10:42:00,7.0,7.15,6.75,6.8,25050,0,11400.0,CE
2018-09-24 10:43:00,6.85,7.15,6.75,6.9,17775,0,11400.0,CE
2018-09-24 10:44:00,6.9,7.1,6.8,6.95,15450,0,11400.0,CE
2018-09-24 10:45:00,7.0,7.0,6.7,6.85,16725,0,11400.0,CE
2018-09-24 10:46:00,6.9,7.05,6.8,6.95,15675,0,11400.0,CE
2018-09-24 10:47:00,6.95,7.25,6.95,7.2,18750,0,11400.0,CE
2018-09-24 10:48:00,7.2,7.25,6.95,6.95,21075,0,11400.0,CE
2018-09-24 10:49:00,7.05,7.05,6.65,6.65,21300,0,11400.0,CE
2018-09-24 10:50:00,6.55,6.55,6.25,6.35,46725,0,11400.0,CE
2018-09-24 10:51:00,6.45,6.6,6.35,6.5,22275,0,11400.0,CE
2018-09-24 10:52:00,6.5,6.6,6.4,6.4,6450,0,11400.0,CE
2018-09-24 10:53:00,6.35,6.65,6.35,6.5,17325,0,11400.0,CE
2018-09-24 10:54:00,6.45,6.6,6.3,6.4,26625,0,11400.0,CE
2018-09-24 10:55:00,6.4,6.6,6.35,6.6,6300,0,11400.0,CE
2018-09-24 10:56:00,6.7,6.8,6.55,6.55,33300,0,11400.0,CE
2018-09-24 10:57:00,6.6,6.65,6.45,6.5,17625,0,11400.0,CE
2018-09-24 10:58:00,6.45,6.75,6.45,6.75,12900,0,11400.0,CE
2018-09-24 10:59:00,6.75,6.75,6.55,6.75,22050,0,11400.0,CE
2018-09-24 11:00:00,6.75,6.8,6.6,6.7,18300,0,11400.0,CE
2018-09-24 11:01:00,6.65,6.65,6.3,6.5,22200,0,11400.0,CE
2018-09-24 11:02:00,6.55,6.55,6.3,6.3,14625,0,11400.0,CE
2018-09-24 11:03:00,6.3,6.5,6.3,6.4,16050,0,11400.0,CE
2018-09-24 11:04:00,6.35,6.4,6.3,6.3,20475,0,11400.0,CE
2018-09-24 11:05:00,6.3,6.8,6.3,6.8,33300,0,11400.0,CE
2018-09-24 11:06:00,6.7,6.7,6.5,6.55,22200,0,11400.0,CE
2018-09-24 11:07:00,6.55,6.55,6.35,6.5,15600,0,11400.0,CE
2018-09-24 11:08:00,6.5,6.75,6.45,6.5,19200,0,11400.0,CE
2018-09-24 11:09:00,6.5,6.65,6.3,6.35,12825,0,11400.0,CE
2018-09-24 11:10:00,6.4,6.45,6.3,6.3,10050,0,11400.0,CE
2018-09-24 11:11:00,6.3,6.3,6.15,6.2,26400,0,11400.0,CE
2018-09-24 11:12:00,6.25,6.4,6.15,6.35,25350,0,11400.0,CE
2018-09-24 11:13:00,6.4,6.45,6.25,6.45,23325,0,11400.0,CE
2018-09-24 11:14:00,6.5,6.55,6.3,6.3,16800,0,11400.0,CE
2018-09-24 11:15:00,6.25,6.25,5.85,6.15,57750,0,11400.0,CE
2018-09-24 11:16:00,6.1,6.2,5.95,6.0,27300,0,11400.0,CE
2018-09-24 11:17:00,6.0,6.1,5.8,5.9,44550,0,11400.0,CE
2018-09-24 11:18:00,5.85,5.95,5.55,5.65,38100,0,11400.0,CE
2018-09-24 11:19:00,5.75,5.8,5.5,5.6,47925,0,11400.0,CE
2018-09-24 11:20:00,5.55,5.55,5.3,5.45,49725,0,11400.0,CE
2018-09-24 11:21:00,5.4,5.55,5.25,5.3,62400,0,11400.0,CE
2018-09-24 11:22:00,5.4,5.5,5.35,5.4,35625,0,11400.0,CE
2018-09-24 11:23:00,5.35,5.6,5.35,5.55,25875,0,11400.0,CE
2018-09-24 11:24:00,5.5,5.7,5.4,5.65,18825,0,11400.0,CE
2018-09-24 11:25:00,5.65,5.65,5.5,5.5,21375,0,11400.0,CE
2018-09-24 11:26:00,5.5,5.55,5.15,5.25,36000,0,11400.0,CE
2018-09-24 11:27:00,5.2,5.25,4.8,5.0,62325,0,11400.0,CE
2018-09-24 11:28:00,5.0,5.3,5.0,5.3,29100,0,11400.0,CE
2018-09-24 11:29:00,5.2,5.45,5.2,5.25,30525,0,11400.0,CE
2018-09-24 11:30:00,5.3,5.5,5.25,5.25,19875,0,11400.0,CE
2018-09-24 11:31:00,5.25,5.3,5.15,5.15,20025,0,11400.0,CE
2018-09-24 11:32:00,5.15,5.4,5.15,5.25,37125,0,11400.0,CE
2018-09-24 11:33:00,5.3,5.3,5.05,5.05,25350,0,11400.0,CE
2018-09-24 11:34:00,5.05,5.3,5.0,5.25,45375,0,11400.0,CE
2018-09-24 11:35:00,5.3,5.5,5.2,5.45,25425,0,11400.0,CE
2018-09-24 11:36:00,5.45,5.5,5.25,5.5,42525,0,11400.0,CE
2018-09-24 11:37:00,5.55,5.55,5.2,5.25,37125,0,11400.0,CE
2018-09-24 11:38:00,5.25,5.35,5.15,5.3,21525,0,11400.0,CE
2018-09-24 11:39:00,5.3,5.6,5.25,5.6,19425,0,11400.0,CE
2018-09-24 11:40:00,5.5,5.7,5.5,5.7,28275,0,11400.0,CE
2018-09-24 11:41:00,5.7,5.7,5.5,5.6,12675,0,11400.0,CE
2018-09-24 11:42:00,5.65,5.65,5.4,5.4,21150,0,11400.0,CE
2018-09-24 11:43:00,5.45,5.75,5.45,5.7,15825,0,11400.0,CE
2018-09-24 11:44:00,5.7,5.7,5.45,5.6,14250,0,11400.0,CE
2018-09-24 11:45:00,5.55,5.6,5.4,5.5,21375,0,11400.0,CE
2018-09-24 11:46:00,5.45,5.45,5.25,5.3,18825,0,11400.0,CE
2018-09-24 11:47:00,5.2,5.3,5.2,5.25,35250,0,11400.0,CE
2018-09-24 11:48:00,5.25,5.25,5.05,5.15,19275,0,11400.0,CE
2018-09-24 11:49:00,5.2,5.3,5.1,5.2,21450,0,11400.0,CE
2018-09-24 11:50:00,5.15,5.25,5.1,5.2,24150,0,11400.0,CE
2018-09-24 11:51:00,5.25,5.25,5.05,5.05,51675,0,11400.0,CE
2018-09-24 11:52:00,5.1,5.1,4.9,5.0,38550,0,11400.0,CE
2018-09-24 11:53:00,5.0,5.05,4.9,4.95,32025,0,11400.0,CE
2018-09-24 11:54:00,5.0,5.2,5.0,5.05,36900,0,11400.0,CE
2018-09-24 11:55:00,5.1,5.2,5.05,5.15,30225,0,11400.0,CE
2018-09-24 11:56:00,5.15,5.3,5.15,5.3,28350,0,11400.0,CE
2018-09-24 11:57:00,5.3,5.4,5.25,5.25,30750,0,11400.0,CE
2018-09-24 11:58:00,5.2,5.25,5.15,5.15,19500,0,11400.0,CE
2018-09-24 11:59:00,5.2,5.35,5.15,5.35,24675,0,11400.0,CE
2018-09-24 12:00:00,5.35,5.4,5.15,5.2,24000,0,11400.0,CE
2018-09-24 12:01:00,5.15,5.2,5.0,5.05,32475,0,11400.0,CE
2018-09-24 12:02:00,5.0,5.15,5.0,5.0,29400,0,11400.0,CE
2018-09-24 12:03:00,5.0,5.1,4.7,4.8,64875,0,11400.0,CE
2018-09-24 12:04:00,4.9,5.2,4.85,5.1,137850,0,11400.0,CE
2018-09-24 12:05:00,5.1,5.1,4.85,4.85,51375,0,11400.0,CE
2018-09-24 12:06:00,4.85,5.2,4.85,5.2,45525,0,11400.0,CE
2018-09-24 12:07:00,5.15,5.35,5.1,5.25,89925,0,11400.0,CE
2018-09-24 12:08:00,5.15,5.25,4.95,5.0,59625,0,11400.0,CE
2018-09-24 12:09:00,5.05,5.1,4.85,5.0,55350,0,11400.0,CE
2018-09-24 12:10:00,4.95,5.05,4.9,5.05,88425,0,11400.0,CE
2018-09-24 12:11:00,5.05,5.25,5.05,5.15,101925,0,11400.0,CE
2018-09-24 12:12:00,5.15,5.35,5.15,5.3,55800,0,11400.0,CE
2018-09-24 12:13:00,5.25,5.35,5.15,5.15,57150,0,11400.0,CE
2018-09-24 12:14:00,5.1,5.15,4.9,4.9,89775,0,11400.0,CE
2018-09-24 12:15:00,5.0,5.15,4.9,5.15,93900,0,11400.0,CE
2018-09-24 12:16:00,5.2,5.2,5.05,5.15,83325,0,11400.0,CE
2018-09-24 12:17:00,5.15,5.2,5.05,5.15,39300,0,11400.0,CE
2018-09-24 12:18:00,5.25,5.25,5.1,5.1,52950,0,11400.0,CE
2018-09-24 12:19:00,5.1,5.15,4.9,5.0,58200,0,11400.0,CE
2018-09-24 12:20:00,5.0,5.05,4.95,4.95,43425,0,11400.0,CE
2018-09-24 12:21:00,4.9,5.0,4.9,4.95,51600,0,11400.0,CE
2018-09-24 12:22:00,4.95,5.0,4.85,4.85,46350,0,11400.0,CE
2018-09-24 12:23:00,4.85,4.95,4.8,4.9,38325,0,11400.0,CE
2018-09-24 12:24:00,4.85,4.95,4.85,4.9,20775,0,11400.0,CE
2018-09-24 12:25:00,4.9,4.95,4.85,4.95,13425,0,11400.0,CE
2018-09-24 12:26:00,4.95,4.95,4.8,4.8,39375,0,11400.0,CE
2018-09-24 12:27:00,4.8,4.85,4.65,4.8,46875,0,11400.0,CE
2018-09-24 12:28:00,4.85,4.95,4.85,4.9,39375,0,11400.0,CE
2018-09-24 12:29:00,4.9,4.9,4.8,4.85,28275,0,11400.0,CE
2018-09-24 12:30:00,4.85,4.9,4.75,4.8,28425,0,11400.0,CE
2018-09-24 12:31:00,4.85,4.85,4.45,4.5,99450,0,11400.0,CE
2018-09-24 12:32:00,4.45,4.5,4.25,4.4,154200,0,11400.0,CE
2018-09-24 12:33:00,4.4,4.5,4.35,4.45,87375,0,11400.0,CE
2018-09-24 12:34:00,4.45,4.5,4.4,4.45,43350,0,11400.0,CE
2018-09-24 12:35:00,4.45,4.6,4.45,4.45,60150,0,11400.0,CE
2018-09-24 12:36:00,4.5,4.55,4.45,4.55,27975,0,11400.0,CE
2018-09-24 12:37:00,4.6,4.6,4.5,4.55,42825,0,11400.0,CE
2018-09-24 12:38:00,4.6,4.95,4.6,4.95,68775,0,11400.0,CE
2018-09-24 12:39:00,4.95,5.05,4.7,4.8,40800,0,11400.0,CE
2018-09-24 12:40:00,4.9,5.1,4.8,5.1,27750,0,11400.0,CE
2018-09-24 12:41:00,5.2,5.25,5.05,5.15,78825,0,11400.0,CE
2018-09-24 12:42:00,5.05,5.1,4.9,5.0,37650,0,11400.0,CE
2018-09-24 12:43:00,4.95,5.35,4.95,5.2,36600,0,11400.0,CE
2018-09-24 12:44:00,5.1,5.2,4.9,4.95,37950,0,11400.0,CE
2018-09-24 12:45:00,5.0,5.05,4.8,4.8,17925,0,11400.0,CE
2018-09-24 12:46:00,4.8,5.15,4.75,5.1,25950,0,11400.0,CE
2018-09-24 12:47:00,5.1,5.25,5.05,5.05,44925,0,11400.0,CE
2018-09-24 12:48:00,5.2,5.2,4.95,5.0,67800,0,11400.0,CE
2018-09-24 12:49:00,5.05,5.1,4.85,4.9,40050,0,11400.0,CE
2018-09-24 12:50:00,4.9,5.1,4.9,5.0,25050,0,11400.0,CE
2018-09-24 12:51:00,5.05,5.2,4.9,5.05,52200,0,11400.0,CE
2018-09-24 12:52:00,5.0,5.1,4.65,4.7,94575,0,11400.0,CE
2018-09-24 12:53:00,4.65,4.9,4.65,4.75,58050,0,11400.0,CE
2018-09-24 12:54:00,4.8,5.0,4.8,4.9,14475,0,11400.0,CE
2018-09-24 12:55:00,4.9,5.25,4.9,5.25,46125,0,11400.0,CE
2018-09-24 12:56:00,5.2,5.25,5.0,5.0,37125,0,11400.0,CE
2018-09-24 12:57:00,5.0,5.1,4.9,5.0,17925,0,11400.0,CE
2018-09-24 12:58:00,5.0,5.1,5.0,5.05,8700,0,11400.0,CE
2018-09-24 12:59:00,5.15,5.25,5.0,5.0,60150,0,11400.0,CE
2018-09-24 13:00:00,5.05,5.1,4.95,4.95,28200,0,11400.0,CE
2018-09-24 13:01:00,4.95,5.05,4.8,4.8,11550,0,11400.0,CE
2018-09-24 13:02:00,4.85,4.85,4.7,4.7,19200,0,11400.0,CE
2018-09-24 13:03:00,4.7,4.8,4.7,4.8,16125,0,11400.0,CE
2018-09-24 13:04:00,4.8,4.9,4.75,4.8,12450,0,11400.0,CE
2018-09-24 13:05:00,4.85,5.05,4.85,5.0,26925,0,11400.0,CE
2018-09-24 13:06:00,5.0,5.05,4.95,5.0,29025,0,11400.0,CE
2018-09-24 13:07:00,4.95,5.1,4.85,4.85,19950,0,11400.0,CE
2018-09-24 13:08:00,4.85,4.85,4.7,4.8,23925,0,11400.0,CE
2018-09-24 13:09:00,4.85,4.85,4.75,4.75,9000,0,11400.0,CE
2018-09-24 13:10:00,4.8,4.85,4.7,4.75,10350,0,11400.0,CE
2018-09-24 13:11:00,4.75,4.85,4.75,4.75,9225,0,11400.0,CE
2018-09-24 13:12:00,4.8,4.95,4.75,4.95,11850,0,11400.0,CE
2018-09-24 13:13:00,4.95,5.1,4.95,5.0,43650,0,11400.0,CE
2018-09-24 13:14:00,5.0,5.2,5.0,5.05,24075,0,11400.0,CE
2018-09-24 13:15:00,5.1,5.1,4.95,4.95,12375,0,11400.0,CE
2018-09-24 13:16:00,4.95,5.0,4.8,4.8,22050,0,11400.0,CE
2018-09-24 13:17:00,4.8,4.8,4.65,4.65,22425,0,11400.0,CE
2018-09-24 13:18:00,4.7,4.7,4.15,4.55,57150,0,11400.0,CE
2018-09-24 13:19:00,4.45,4.75,4.45,4.65,27750,0,11400.0,CE
2018-09-24 13:20:00,4.55,4.75,4.45,4.5,28125,0,11400.0,CE
2018-09-24 13:21:00,4.5,4.7,4.5,4.55,20775,0,11400.0,CE
2018-09-24 13:22:00,4.55,4.55,4.35,4.35,24450,0,11400.0,CE
2018-09-24 13:23:00,4.4,4.4,4.25,4.25,26400,0,11400.0,CE
2018-09-24 13:24:00,4.25,4.3,4.1,4.2,61575,0,11400.0,CE
2018-09-24 13:25:00,4.2,4.35,4.15,4.25,34125,0,11400.0,CE
2018-09-24 13:26:00,4.25,4.35,4.2,4.35,27300,0,11400.0,CE
2018-09-24 13:27:00,4.3,4.4,4.3,4.3,38025,0,11400.0,CE
2018-09-24 13:28:00,4.35,4.4,4.25,4.25,50925,0,11400.0,CE
2018-09-24 13:29:00,4.25,4.35,4.2,4.35,21600,0,11400.0,CE
2018-09-24 13:30:00,4.25,4.4,4.25,4.4,37650,0,11400.0,CE
2018-09-24 13:31:00,4.45,4.45,4.3,4.35,33525,0,11400.0,CE
2018-09-24 13:32:00,4.3,4.4,4.2,4.35,32850,0,11400.0,CE
2018-09-24 13:33:00,4.35,4.45,4.25,4.25,28575,0,11400.0,CE
2018-09-24 13:34:00,4.2,4.3,4.15,4.2,41250,0,11400.0,CE
2018-09-24 13:35:00,4.2,4.25,4.15,4.2,33450,0,11400.0,CE
2018-09-24 13:36:00,4.15,4.2,4.05,4.1,31800,0,11400.0,CE
2018-09-24 13:37:00,4.1,4.15,4.05,4.1,27825,0,11400.0,CE
2018-09-24 13:38:00,4.1,4.1,4.0,4.1,28200,0,11400.0,CE
2018-09-24 13:39:00,4.05,4.15,4.05,4.1,46575,0,11400.0,CE
2018-09-24 13:40:00,4.15,4.15,4.05,4.05,16725,0,11400.0,CE
2018-09-24 13:41:00,4.1,4.15,4.05,4.1,16425,0,11400.0,CE
2018-09-24 13:42:00,4.1,4.3,4.1,4.3,49650,0,11400.0,CE
2018-09-24 13:43:00,4.3,4.35,4.15,4.25,41100,0,11400.0,CE
2018-09-24 13:44:00,4.25,4.3,4.15,4.25,41325,0,11400.0,CE
2018-09-24 13:45:00,4.2,4.3,4.2,4.25,17325,0,11400.0,CE
2018-09-24 13:46:00,4.25,4.3,4.15,4.25,31650,0,11400.0,CE
2018-09-24 13:47:00,4.2,4.35,4.2,4.25,22725,0,11400.0,CE
2018-09-24 13:48:00,4.3,4.3,4.25,4.3,23550,0,11400.0,CE
2018-09-24 13:49:00,4.3,4.4,4.25,4.35,42450,0,11400.0,CE
2018-09-24 13:50:00,4.35,4.4,4.3,4.35,24675,0,11400.0,CE
2018-09-24 13:51:00,4.35,4.35,4.2,4.25,38550,0,11400.0,CE
2018-09-24 13:52:00,4.25,4.4,4.25,4.3,20925,0,11400.0,CE
2018-09-24 13:53:00,4.25,4.45,4.25,4.35,18750,0,11400.0,CE
2018-09-24 13:54:00,4.25,4.4,4.25,4.4,24000,0,11400.0,CE
2018-09-24 13:55:00,4.35,4.35,4.2,4.2,12375,0,11400.0,CE
2018-09-24 13:56:00,4.25,4.25,4.2,4.2,9000,0,11400.0,CE
2018-09-24 13:57:00,4.1,4.15,4.05,4.15,34875,0,11400.0,CE
2018-09-24 13:58:00,4.15,4.2,4.1,4.15,16725,0,11400.0,CE
2018-09-24 13:59:00,4.15,4.25,4.1,4.1,25950,0,11400.0,CE
2018-09-24 14:00:00,4.15,4.2,4.05,4.05,21675,0,11400.0,CE
2018-09-24 14:01:00,4.05,4.1,4.0,4.1,16650,0,11400.0,CE
2018-09-24 14:02:00,4.1,4.25,4.1,4.15,20925,0,11400.0,CE
2018-09-24 14:03:00,4.15,4.15,4.05,4.1,121575,0,11400.0,CE
2018-09-24 14:04:00,4.05,4.2,4.05,4.15,125625,0,11400.0,CE
2018-09-24 14:05:00,4.15,4.3,4.15,4.25,93225,0,11400.0,CE
2018-09-24 14:06:00,4.25,4.35,4.2,4.25,24150,0,11400.0,CE
2018-09-24 14:07:00,4.3,4.35,4.15,4.15,38925,0,11400.0,CE
2018-09-24 14:08:00,4.15,4.2,4.05,4.2,54000,0,11400.0,CE
2018-09-24 14:09:00,4.15,4.3,4.15,4.25,31575,0,11400.0,CE
2018-09-24 14:10:00,4.25,4.3,4.1,4.1,21225,0,11400.0,CE
2018-09-24 14:11:00,4.1,4.1,4.05,4.1,28500,0,11400.0,CE
2018-09-24 14:12:00,4.1,4.2,4.05,4.2,36075,0,11400.0,CE
2018-09-24 14:13:00,4.2,4.3,4.15,4.25,15300,0,11400.0,CE
2018-09-24 14:14:00,4.2,4.3,4.2,4.25,23025,0,11400.0,CE
2018-09-24 14:15:00,4.25,4.45,4.2,4.4,31425,0,11400.0,CE
2018-09-24 14:16:00,4.4,4.5,4.2,4.25,32175,0,11400.0,CE
2018-09-24 14:17:00,4.2,4.3,4.1,4.2,45225,0,11400.0,CE
2018-09-24 14:18:00,4.15,4.15,4.05,4.05,26475,0,11400.0,CE
2018-09-24 14:19:00,4.1,4.25,4.05,4.25,32025,0,11400.0,CE
2018-09-24 14:20:00,4.25,4.3,4.1,4.1,37425,0,11400.0,CE
2018-09-24 14:21:00,4.15,4.2,4.15,4.15,11850,0,11400.0,CE
2018-09-24 14:22:00,4.1,4.2,4.1,4.1,31200,0,11400.0,CE
2018-09-24 14:23:00,4.05,4.15,3.9,4.0,48600,0,11400.0,CE
2018-09-24 14:24:00,3.95,4.05,3.95,4.05,29175,0,11400.0,CE
2018-09-24 14:25:00,4.05,4.1,4.0,4.1,17625,0,11400.0,CE
2018-09-24 14:26:00,4.1,4.15,4.05,4.1,18150,0,11400.0,CE
2018-09-24 14:27:00,4.15,4.2,4.05,4.1,17775,0,11400.0,CE
2018-09-24 14:28:00,4.05,4.2,4.05,4.1,9225,0,11400.0,CE
2018-09-24 14:29:00,4.15,4.3,4.1,4.25,38700,0,11400.0,CE
2018-09-24 14:30:00,4.3,4.45,4.3,4.4,29250,0,11400.0,CE
2018-09-24 14:31:00,4.35,4.4,4.2,4.25,13575,0,11400.0,CE
2018-09-24 14:32:00,4.2,4.3,4.2,4.2,13200,0,11400.0,CE
2018-09-24 14:33:00,4.2,4.45,4.15,4.45,47925,0,11400.0,CE
2018-09-24 14:34:00,4.45,4.75,4.45,4.65,71100,0,11400.0,CE
2018-09-24 14:35:00,4.6,4.7,4.5,4.65,28050,0,11400.0,CE
2018-09-24 14:36:00,4.65,4.85,4.5,4.7,48150,0,11400.0,CE
2018-09-24 14:37:00,4.7,4.75,4.45,4.45,37875,0,11400.0,CE
2018-09-24 14:38:00,4.45,4.55,4.35,4.5,17175,0,11400.0,CE
2018-09-24 14:39:00,4.5,4.7,4.5,4.65,44325,0,11400.0,CE
2018-09-24 14:40:00,4.65,4.65,4.4,4.6,18375,0,11400.0,CE
2018-09-24 14:41:00,4.6,4.65,4.5,4.5,19800,0,11400.0,CE
2018-09-24 14:42:00,4.5,4.5,4.4,4.5,15000,0,11400.0,CE
2018-09-24 14:43:00,4.55,4.6,4.45,4.45,14850,0,11400.0,CE
2018-09-24 14:44:00,4.45,4.5,4.35,4.45,31275,0,11400.0,CE
2018-09-24 14:45:00,4.4,4.45,4.3,4.35,14700,0,11400.0,CE
2018-09-24 14:46:00,4.25,4.45,4.25,4.3,21075,0,11400.0,CE
2018-09-24 14:47:00,4.3,4.3,4.15,4.15,17775,0,11400.0,CE
2018-09-24 14:48:00,4.15,4.35,4.15,4.35,35625,0,11400.0,CE
2018-09-24 14:49:00,4.3,4.5,4.3,4.35,44925,0,11400.0,CE
2018-09-24 14:50:00,4.4,4.45,4.35,4.4,28275,0,11400.0,CE
2018-09-24 14:51:00,4.4,4.5,4.35,4.35,21150,0,11400.0,CE
2018-09-24 14:52:00,4.35,4.45,4.35,4.45,23925,0,11400.0,CE
2018-09-24 14:53:00,4.4,4.4,4.25,4.25,41025,0,11400.0,CE
2018-09-24 14:54:00,4.2,4.25,4.15,4.2,33075,0,11400.0,CE
2018-09-24 14:55:00,4.2,4.45,4.2,4.45,34350,0,11400.0,CE
2018-09-24 14:56:00,4.4,4.6,4.4,4.45,58575,0,11400.0,CE
2018-09-24 14:57:00,4.35,4.55,4.25,4.3,47475,0,11400.0,CE
2018-09-24 14:58:00,4.25,4.35,4.15,4.2,41325,0,11400.0,CE
2018-09-24 14:59:00,4.25,4.45,4.15,4.35,40050,0,11400.0,CE
2018-09-24 15:00:00,4.35,4.5,4.35,4.45,45300,0,11400.0,CE
2018-09-24 15:01:00,4.4,4.4,4.25,4.25,30300,0,11400.0,CE
2018-09-24 15:02:00,4.25,4.4,4.2,4.3,48825,0,11400.0,CE
2018-09-24 15:03:00,4.3,4.4,4.25,4.25,40350,0,11400.0,CE
2018-09-24 15:04:00,4.2,4.3,4.15,4.25,44925,0,11400.0,CE
2018-09-24 15:05:00,4.25,4.25,4.0,4.0,52650,0,11400.0,CE
2018-09-24 15:06:00,4.05,4.05,3.85,3.9,46875,0,11400.0,CE
2018-09-24 15:07:00,3.9,3.9,3.8,3.9,40275,0,11400.0,CE
2018-09-24 15:08:00,3.9,4.0,3.65,3.75,50175,0,11400.0,CE
2018-09-24 15:09:00,3.7,3.7,3.5,3.5,52725,0,11400.0,CE
2018-09-24 15:10:00,3.5,3.7,3.45,3.65,36225,0,11400.0,CE
2018-09-24 15:11:00,3.7,3.8,3.65,3.7,72450,0,11400.0,CE
2018-09-24 15:12:00,3.7,3.75,3.65,3.65,31575,0,11400.0,CE
2018-09-24 15:13:00,3.6,3.65,3.55,3.55,49875,0,11400.0,CE
2018-09-24 15:14:00,3.6,3.65,3.55,3.6,63600,0,11400.0,CE
2018-09-24 15:15:00,3.6,3.6,3.45,3.45,79050,0,11400.0,CE
2018-09-24 15:16:00,3.4,3.45,3.25,3.4,62850,0,11400.0,CE
2018-09-24 15:17:00,3.4,3.45,3.4,3.45,50850,0,11400.0,CE
2018-09-24 15:18:00,3.45,3.5,3.4,3.45,54525,0,11400.0,CE
2018-09-24 15:19:00,3.5,3.5,3.35,3.4,22350,0,11400.0,CE
2018-09-24 15:20:00,3.35,3.35,3.25,3.35,57975,0,11400.0,CE
2018-09-24 15:21:00,3.35,3.45,3.3,3.35,48450,0,11400.0,CE
2018-09-24 15:22:00,3.4,3.45,3.35,3.35,49200,0,11400.0,CE
2018-09-24 15:23:00,3.4,3.4,3.2,3.25,69750,0,11400.0,CE
2018-09-24 15:24:00,3.25,3.3,3.2,3.2,85050,0,11400.0,CE
2018-09-24 15:25:00,3.2,3.3,3.15,3.25,66675,0,11400.0,CE
2018-09-24 15:26:00,3.25,3.3,3.15,3.3,94800,0,11400.0,CE
2018-09-24 15:27:00,3.3,3.45,3.2,3.25,120000,0,11400.0,CE
2018-09-24 15:28:00,3.3,3.3,3.2,3.25,63450,0,11400.0,CE
2018-09-24 15:29:00,3.15,3.3,3.1,3.2,53850,0,11400.0,CE
2018-09-24 15:30:00,3.15,3.6,3.1,3.6,0,0,11400.0,CE
2018-09-25 09:15:00,3.4,3.4,1.8,2.7,62325,0,11400.0,CE
2018-09-25 09:16:00,2.5,2.75,2.5,2.55,65850,0,11400.0,CE
2018-09-25 09:17:00,2.6,2.7,2.45,2.5,55200,0,11400.0,CE
2018-09-25 09:18:00,2.6,2.8,2.5,2.7,39675,0,11400.0,CE
2018-09-25 09:19:00,2.65,2.8,2.5,2.65,25875,0,11400.0,CE
2018-09-25 09:20:00,2.65,2.75,2.6,2.7,12975,0,11400.0,CE
2018-09-25 09:21:00,2.65,2.8,2.65,2.7,23325,0,11400.0,CE
2018-09-25 09:22:00,2.7,2.8,2.6,2.65,31275,0,11400.0,CE
2018-09-25 09:23:00,2.7,2.75,2.65,2.7,31650,0,11400.0,CE
2018-09-25 09:24:00,2.7,2.7,2.65,2.7,31050,0,11400.0,CE
2018-09-25 09:25:00,2.7,2.7,2.55,2.55,50850,0,11400.0,CE
2018-09-25 09:26:00,2.6,2.7,2.55,2.65,26550,0,11400.0,CE
2018-09-25 09:27:00,2.6,2.7,2.6,2.65,14925,0,11400.0,CE
2018-09-25 09:28:00,2.6,2.8,2.6,2.7,34200,0,11400.0,CE
2018-09-25 09:29:00,2.65,2.7,2.55,2.6,24300,0,11400.0,CE
2018-09-25 09:30:00,2.65,2.65,2.5,2.6,29100,0,11400.0,CE
2018-09-25 09:31:00,2.6,2.65,2.6,2.6,2850,0,11400.0,CE
2018-09-25 09:32:00,2.6,2.6,2.5,2.55,47475,0,11400.0,CE
2018-09-25 09:33:00,2.6,2.65,2.55,2.55,11400,0,11400.0,CE
2018-09-25 09:34:00,2.55,2.65,2.5,2.55,64875,0,11400.0,CE
2018-09-25 09:35:00,2.5,2.6,2.5,2.55,23775,0,11400.0,CE
2018-09-25 09:36:00,2.55,2.65,2.55,2.6,34425,0,11400.0,CE
2018-09-25 09:37:00,2.65,2.65,2.55,2.6,18750,0,11400.0,CE
2018-09-25 09:38:00,2.6,2.6,2.55,2.55,27375,0,11400.0,CE
2018-09-25 09:39:00,2.5,2.55,2.45,2.5,46950,0,11400.0,CE
2018-09-25 09:40:00,2.5,2.55,2.45,2.5,46650,0,11400.0,CE
2018-09-25 09:41:00,2.5,2.55,2.4,2.5,30000,0,11400.0,CE
2018-09-25 09:42:00,2.5,2.55,2.45,2.45,12150,0,11400.0,CE
2018-09-25 09:43:00,2.45,2.55,2.45,2.5,33675,0,11400.0,CE
2018-09-25 09:44:00,2.5,2.6,2.5,2.6,16050,0,11400.0,CE
2018-09-25 09:45:00,2.6,2.75,2.6,2.75,24300,0,11400.0,CE
2018-09-25 09:46:00,2.75,2.8,2.6,2.65,19725,0,11400.0,CE
2018-09-25 09:47:00,2.65,2.75,2.6,2.65,13500,0,11400.0,CE
2018-09-25 09:48:00,2.6,2.65,2.5,2.6,35400,0,11400.0,CE
2018-09-25 09:49:00,2.6,2.6,2.5,2.55,13575,0,11400.0,CE
2018-09-25 09:50:00,2.55,2.65,2.55,2.65,7050,0,11400.0,CE
2018-09-25 09:51:00,2.65,2.7,2.65,2.65,3900,0,11400.0,CE
2018-09-25 09:52:00,2.65,2.65,2.6,2.6,4650,0,11400.0,CE
2018-09-25 09:53:00,2.6,2.65,2.6,2.6,10050,0,11400.0,CE
2018-09-25 09:54:00,2.65,2.8,2.6,2.7,19050,0,11400.0,CE
2018-09-25 09:55:00,2.7,2.95,2.7,2.95,18975,0,11400.0,CE
2018-09-25 09:56:00,2.95,3.1,2.9,3.1,39300,0,11400.0,CE
2018-09-25 09:57:00,3.0,3.45,2.95,3.3,43950,0,11400.0,CE
2018-09-25 09:58:00,3.25,3.3,3.0,3.0,42150,0,11400.0,CE
2018-09-25 09:59:00,3.0,3.1,2.9,3.1,25875,0,11400.0,CE
2018-09-25 10:00:00,3.05,3.15,3.0,3.05,8625,0,11400.0,CE
2018-09-25 10:01:00,3.05,3.05,2.7,2.85,28125,0,11400.0,CE
2018-09-25 10:02:00,2.85,2.9,2.7,2.75,14400,0,11400.0,CE
2018-09-25 10:03:00,2.85,2.9,2.75,2.75,25125,0,11400.0,CE
2018-09-25 10:04:00,2.75,2.85,2.75,2.8,26025,0,11400.0,CE
2018-09-25 10:05:00,2.8,2.9,2.75,2.85,34650,0,11400.0,CE
2018-09-25 10:06:00,2.85,2.85,2.75,2.8,17100,0,11400.0,CE
2018-09-25 10:07:00,2.8,2.85,2.75,2.85,13500,0,11400.0,CE
2018-09-25 10:08:00,2.8,2.8,2.65,2.7,24225,0,11400.0,CE
2018-09-25 10:09:00,2.7,2.8,2.65,2.8,9900,0,11400.0,CE
2018-09-25 10:10:00,2.85,2.9,2.8,2.9,7350,0,11400.0,CE
2018-09-25 10:11:00,2.95,2.95,2.9,2.9,8625,0,11400.0,CE
2018-09-25 10:12:00,2.9,3.0,2.9,3.0,9600,0,11400.0,CE
2018-09-25 10:13:00,2.95,3.1,2.95,3.1,14550,0,11400.0,CE
2018-09-25 10:14:00,3.15,3.5,3.15,3.5,57150,0,11400.0,CE
2018-09-25 10:15:00,3.45,3.45,3.0,3.0,33150,0,11400.0,CE
2018-09-25 10:16:00,3.05,3.3,3.05,3.3,39225,0,11400.0,CE
2018-09-25 10:17:00,3.3,3.4,3.1,3.1,28650,0,11400.0,CE
2018-09-25 10:18:00,3.1,3.3,3.0,3.1,16800,0,11400.0,CE
2018-09-25 10:19:00,3.05,3.2,2.95,3.15,24075,0,11400.0,CE
2018-09-25 10:20:00,3.2,3.2,3.0,3.15,11325,0,11400.0,CE
2018-09-25 10:21:00,3.05,3.05,2.95,3.05,21375,0,11400.0,CE
2018-09-25 10:22:00,3.1,3.5,3.0,3.3,46500,0,11400.0,CE
2018-09-25 10:23:00,3.1,3.3,3.05,3.2,51225,0,11400.0,CE
2018-09-25 10:24:00,3.2,3.35,3.05,3.2,26325,0,11400.0,CE
2018-09-25 10:25:00,3.3,3.4,3.1,3.15,30075,0,11400.0,CE
2018-09-25 10:26:00,3.15,3.45,3.15,3.25,26775,0,11400.0,CE
2018-09-25 10:27:00,3.1,3.2,3.05,3.05,43500,0,11400.0,CE
2018-09-25 10:28:00,3.1,3.2,2.95,3.05,39975,0,11400.0,CE
2018-09-25 10:29:00,3.1,3.15,3.05,3.1,28200,0,11400.0,CE
2018-09-25 10:30:00,3.15,3.15,2.95,3.1,38400,0,11400.0,CE
2018-09-25 10:31:00,3.05,3.15,3.0,3.15,19800,0,11400.0,CE
2018-09-25 10:32:00,3.15,3.15,3.0,3.05,15225,0,11400.0,CE
2018-09-25 10:33:00,3.05,3.05,2.8,3.0,33150,0,11400.0,CE
2018-09-25 10:34:00,2.95,3.05,2.85,3.05,20850,0,11400.0,CE
2018-09-25 10:35:00,2.95,3.0,2.85,2.9,6150,0,11400.0,CE
2018-09-25 10:36:00,2.85,3.05,2.85,2.9,29325,0,11400.0,CE
2018-09-25 10:37:00,2.95,3.2,2.9,3.2,38100,0,11400.0,CE
2018-09-25 10:38:00,3.1,3.3,3.1,3.25,16050,0,11400.0,CE
2018-09-25 10:39:00,3.2,3.25,3.05,3.25,16950,0,11400.0,CE
2018-09-25 10:40:00,3.1,3.2,3.05,3.15,16950,0,11400.0,CE
2018-09-25 10:41:00,3.15,3.25,3.05,3.2,33000,0,11400.0,CE
2018-09-25 10:42:00,3.25,3.25,3.05,3.05,7875,0,11400.0,CE
2018-09-25 10:43:00,3.1,3.1,3.05,3.1,11175,0,11400.0,CE
2018-09-25 10:44:00,3.05,3.15,2.95,2.95,22800,0,11400.0,CE
2018-09-25 10:45:00,2.95,3.0,2.85,2.9,23175,0,11400.0,CE
2018-09-25 10:46:00,2.9,2.9,2.7,2.75,29700,0,11400.0,CE
2018-09-25 10:47:00,2.8,3.05,2.75,3.0,23475,0,11400.0,CE
2018-09-25 10:48:00,2.85,2.95,2.75,2.9,21825,0,11400.0,CE
2018-09-25 10:49:00,2.85,2.95,2.85,2.9,14625,0,11400.0,CE
2018-09-25 10:50:00,2.9,3.0,2.8,2.85,20925,0,11400.0,CE
2018-09-25 10:51:00,2.85,2.95,2.85,2.95,23775,0,11400.0,CE
2018-09-25 10:52:00,2.9,3.0,2.9,2.95,19950,0,11400.0,CE
2018-09-25 10:53:00,3.0,3.1,2.9,2.95,16200,0,11400.0,CE
2018-09-25 10:54:00,2.95,3.05,2.95,3.0,16575,0,11400.0,CE
2018-09-25 10:55:00,3.0,3.1,2.95,2.95,29775,0,11400.0,CE
2018-09-25 10:56:00,2.95,2.95,2.8,2.8,21900,0,11400.0,CE
2018-09-25 10:57:00,2.8,2.9,2.8,2.8,13350,0,11400.0,CE
2018-09-25 10:58:00,2.8,2.95,2.8,2.95,46650,0,11400.0,CE
2018-09-25 10:59:00,2.95,2.95,2.65,2.65,44100,0,11400.0,CE
2018-09-25 11:00:00,2.7,2.85,2.7,2.85,52200,0,11400.0,CE
2018-09-25 11:01:00,2.8,2.85,2.7,2.8,41700,0,11400.0,CE
2018-09-25 11:02:00,2.75,2.8,2.7,2.75,41325,0,11400.0,CE
2018-09-25 11:03:00,2.75,2.8,2.5,2.5,48075,0,11400.0,CE
2018-09-25 11:04:00,2.55,2.65,2.55,2.6,46800,0,11400.0,CE
2018-09-25 11:05:00,2.65,2.65,2.5,2.5,49200,0,11400.0,CE
2018-09-25 11:06:00,2.5,2.6,2.5,2.5,53400,0,11400.0,CE
2018-09-25 11:07:00,2.45,2.65,2.45,2.6,28575,0,11400.0,CE
2018-09-25 11:08:00,2.6,2.65,2.5,2.5,17850,0,11400.0,CE
2018-09-25 11:09:00,2.55,2.55,2.4,2.55,51525,0,11400.0,CE
2018-09-25 11:10:00,2.5,2.6,2.5,2.55,34725,0,11400.0,CE
2018-09-25 11:11:00,2.55,2.6,2.45,2.55,28950,0,11400.0,CE
2018-09-25 11:12:00,2.55,2.6,2.5,2.55,16800,0,11400.0,CE
2018-09-25 11:13:00,2.55,2.65,2.55,2.65,17850,0,11400.0,CE
2018-09-25 11:14:00,2.65,2.75,2.65,2.65,27150,0,11400.0,CE
2018-09-25 11:15:00,2.65,2.7,2.55,2.7,17250,0,11400.0,CE
2018-09-25 11:16:00,2.65,2.7,2.55,2.6,23625,0,11400.0,CE
2018-09-25 11:17:00,2.6,2.7,2.55,2.55,21900,0,11400.0,CE
2018-09-25 11:18:00,2.55,2.55,2.4,2.4,66750,0,11400.0,CE
2018-09-25 11:19:00,2.4,2.4,2.35,2.35,28800,0,11400.0,CE
2018-09-25 11:20:00,2.35,2.4,2.3,2.35,29325,0,11400.0,CE
2018-09-25 11:21:00,2.35,2.35,2.2,2.2,56400,0,11400.0,CE
2018-09-25 11:22:00,2.2,2.25,2.15,2.2,72600,0,11400.0,CE
2018-09-25 11:23:00,2.2,2.25,2.2,2.2,60900,0,11400.0,CE
2018-09-25 11:24:00,2.2,2.25,2.15,2.2,46950,0,11400.0,CE
2018-09-25 11:25:00,2.1,2.2,2.1,2.2,63825,0,11400.0,CE
2018-09-25 11:26:00,2.1,2.15,2.05,2.05,58350,0,11400.0,CE
2018-09-25 11:27:00,2.05,2.1,2.0,2.0,66675,0,11400.0,CE
2018-09-25 11:28:00,1.95,2.0,1.9,1.95,77475,0,11400.0,CE
2018-09-25 11:29:00,1.9,1.95,1.8,1.85,41625,0,11400.0,CE
2018-09-25 11:30:00,1.9,1.95,1.85,1.95,30300,0,11400.0,CE
2018-09-25 11:31:00,1.95,2.0,1.9,1.9,34800,0,11400.0,CE
2018-09-25 11:32:00,1.9,2.0,1.9,1.95,22125,0,11400.0,CE
2018-09-25 11:33:00,1.9,2.05,1.9,2.0,47850,0,11400.0,CE
2018-09-25 11:34:00,1.95,2.0,1.9,1.95,8625,0,11400.0,CE
2018-09-25 11:35:00,1.95,2.1,1.95,2.0,18300,0,11400.0,CE
2018-09-25 11:36:00,2.0,2.1,1.95,2.05,11700,0,11400.0,CE
2018-09-25 11:37:00,2.1,2.15,2.0,2.0,26550,0,11400.0,CE
2018-09-25 11:38:00,2.05,2.1,2.0,2.0,5400,0,11400.0,CE
2018-09-25 11:39:00,2.0,2.1,2.0,2.05,18750,0,11400.0,CE
2018-09-25 11:40:00,2.05,2.05,2.0,2.0,13350,0,11400.0,CE
2018-09-25 11:41:00,2.0,2.05,1.95,2.05,17475,0,11400.0,CE
2018-09-25 11:42:00,2.0,2.05,1.95,2.05,22425,0,11400.0,CE
2018-09-25 11:43:00,2.05,2.1,2.0,2.05,18675,0,11400.0,CE
2018-09-25 11:44:00,2.0,2.05,1.95,2.05,17700,0,11400.0,CE
2018-09-25 11:45:00,2.0,2.05,2.0,2.05,10650,0,11400.0,CE
2018-09-25 11:46:00,2.05,2.15,2.05,2.05,10200,0,11400.0,CE
2018-09-25 11:47:00,2.05,2.2,2.05,2.1,18150,0,11400.0,CE
2018-09-25 11:48:00,2.1,2.1,2.05,2.1,4950,0,11400.0,CE
2018-09-25 11:49:00,2.1,2.2,2.1,2.1,9450,0,11400.0,CE
2018-09-25 11:50:00,2.15,2.2,2.15,2.2,2925,0,11400.0,CE
2018-09-25 11:51:00,2.1,2.15,2.1,2.1,4950,0,11400.0,CE
2018-09-25 11:52:00,2.05,2.1,2.0,2.0,8625,0,11400.0,CE
2018-09-25 11:53:00,2.0,2.05,1.95,2.0,23775,0,11400.0,CE
2018-09-25 11:54:00,2.05,2.1,2.0,2.05,12300,0,11400.0,CE
2018-09-25 11:55:00,2.05,2.05,1.95,2.0,20250,0,11400.0,CE
2018-09-25 11:56:00,2.0,2.05,2.0,2.0,9375,0,11400.0,CE
2018-09-25 11:57:00,2.0,2.15,2.0,2.15,39825,0,11400.0,CE
2018-09-25 11:58:00,2.15,2.2,2.1,2.1,9900,0,11400.0,CE
2018-09-25 11:59:00,2.1,2.1,2.05,2.1,14850,0,11400.0,CE
2018-09-25 12:00:00,2.1,2.15,2.05,2.05,9600,0,11400.0,CE
2018-09-25 12:01:00,2.05,2.15,2.05,2.1,3450,0,11400.0,CE
2018-09-25 12:02:00,2.1,2.2,2.1,2.2,6450,0,11400.0,CE
2018-09-25 12:03:00,2.15,2.2,2.05,2.1,14550,0,11400.0,CE
2018-09-25 12:04:00,2.1,2.2,2.1,2.1,10050,0,11400.0,CE
2018-09-25 12:05:00,2.15,2.2,2.1,2.1,13350,0,11400.0,CE
2018-09-25 12:06:00,2.15,2.25,2.15,2.2,5625,0,11400.0,CE
2018-09-25 12:07:00,2.2,2.3,2.2,2.2,20475,0,11400.0,CE
2018-09-25 12:08:00,2.25,2.25,2.15,2.2,10275,0,11400.0,CE
2018-09-25 12:09:00,2.2,2.2,2.15,2.15,8100,0,11400.0,CE
2018-09-25 12:10:00,2.15,2.2,2.1,2.15,6150,0,11400.0,CE
2018-09-25 12:11:00,2.15,2.2,2.1,2.15,2850,0,11400.0,CE
2018-09-25 12:12:00,2.1,2.1,2.05,2.1,9000,0,11400.0,CE
2018-09-25 12:13:00,2.05,2.1,2.05,2.1,1350,0,11400.0,CE
2018-09-25 12:14:00,2.05,2.1,2.05,2.05,4725,0,11400.0,CE
2018-09-25 12:15:00,2.05,2.05,2.0,2.05,13275,0,11400.0,CE
2018-09-25 12:16:00,2.05,2.05,2.0,2.05,5400,0,11400.0,CE
2018-09-25 12:17:00,2.05,2.1,2.0,2.05,37125,0,11400.0,CE
2018-09-25 12:18:00,2.05,2.1,2.05,2.1,17775,0,11400.0,CE
2018-09-25 12:19:00,2.1,2.2,2.1,2.15,21675,0,11400.0,CE
2018-09-25 12:20:00,2.15,2.15,2.1,2.1,12975,0,11400.0,CE
2018-09-25 12:21:00,2.1,2.15,2.05,2.1,9300,0,11400.0,CE
2018-09-25 12:22:00,2.15,2.2,2.1,2.1,5025,0,11400.0,CE
2018-09-25 12:23:00,2.15,2.15,2.1,2.15,1350,0,11400.0,CE
2018-09-25 12:24:00,2.15,2.2,2.15,2.15,4650,0,11400.0,CE
2018-09-25 12:25:00,2.15,2.15,2.05,2.1,5850,0,11400.0,CE
2018-09-25 12:26:00,2.1,2.15,2.1,2.15,3225,0,11400.0,CE
2018-09-25 12:27:00,2.1,2.25,2.1,2.25,35475,0,11400.0,CE
2018-09-25 12:28:00,2.2,2.25,2.15,2.25,17475,0,11400.0,CE
2018-09-25 12:29:00,2.25,2.3,2.1,2.1,18300,0,11400.0,CE
2018-09-25 12:30:00,2.1,2.2,2.1,2.1,6900,0,11400.0,CE
2018-09-25 12:31:00,2.15,2.15,2.1,2.1,9525,0,11400.0,CE
2018-09-25 12:32:00,2.1,2.15,2.1,2.15,4950,0,11400.0,CE
2018-09-25 12:33:00,2.1,2.15,2.1,2.1,14775,0,11400.0,CE
2018-09-25 12:34:00,2.1,2.15,2.1,2.15,3450,0,11400.0,CE
2018-09-25 12:35:00,2.15,2.2,2.1,2.15,6675,0,11400.0,CE
2018-09-25 12:36:00,2.15,2.15,2.05,2.15,9300,0,11400.0,CE
2018-09-25 12:37:00,2.15,2.15,2.0,2.05,33600,0,11400.0,CE
2018-09-25 12:38:00,2.05,2.05,2.0,2.0,28125,0,11400.0,CE
2018-09-25 12:39:00,2.0,2.0,1.95,2.0,14700,0,11400.0,CE
2018-09-25 12:40:00,2.05,2.1,2.0,2.0,11625,0,11400.0,CE
2018-09-25 12:41:00,2.05,2.05,1.9,2.0,29025,0,11400.0,CE
2018-09-25 12:42:00,2.0,2.0,1.95,2.0,18675,0,11400.0,CE
2018-09-25 12:43:00,2.05,2.05,2.0,2.05,5550,0,11400.0,CE
2018-09-25 12:44:00,2.05,2.1,2.0,2.1,4950,0,11400.0,CE
2018-09-25 12:45:00,2.15,2.25,2.1,2.15,33300,0,11400.0,CE
2018-09-25 12:46:00,2.15,2.2,2.1,2.1,21825,0,11400.0,CE
2018-09-25 12:47:00,2.1,2.2,2.05,2.2,14100,0,11400.0,CE
2018-09-25 12:48:00,2.15,2.25,2.05,2.1,51150,0,11400.0,CE
2018-09-25 12:49:00,2.1,2.25,2.1,2.15,42675,0,11400.0,CE
2018-09-25 12:50:00,2.15,2.2,2.1,2.1,22500,0,11400.0,CE
2018-09-25 12:51:00,2.15,2.15,2.05,2.1,14475,0,11400.0,CE
2018-09-25 12:52:00,2.1,2.1,2.05,2.1,13950,0,11400.0,CE
2018-09-25 12:53:00,2.15,2.15,2.0,2.15,19725,0,11400.0,CE
2018-09-25 12:54:00,2.15,2.15,2.0,2.0,9900,0,11400.0,CE
2018-09-25 12:55:00,2.1,2.2,2.05,2.2,15975,0,11400.0,CE
2018-09-25 12:56:00,2.2,2.2,2.1,2.15,35025,0,11400.0,CE
2018-09-25 12:57:00,2.1,2.1,2.0,2.1,24825,0,11400.0,CE
2018-09-25 12:58:00,2.1,2.1,2.05,2.1,5400,0,11400.0,CE
2018-09-25 12:59:00,2.1,2.1,2.05,2.05,4800,0,11400.0,CE
2018-09-25 13:00:00,2.05,2.1,2.05,2.05,2400,0,11400.0,CE
2018-09-25 13:01:00,2.1,2.2,2.1,2.2,16125,0,11400.0,CE
2018-09-25 13:02:00,2.15,2.25,2.15,2.2,4050,0,11400.0,CE
2018-09-25 13:03:00,2.2,2.25,2.15,2.25,2925,0,11400.0,CE
2018-09-25 13:04:00,2.2,2.2,2.15,2.15,7050,0,11400.0,CE
2018-09-25 13:05:00,2.1,2.15,2.1,2.15,6450,0,11400.0,CE
2018-09-25 13:06:00,2.15,2.15,2.05,2.1,6825,0,11400.0,CE
2018-09-25 13:07:00,2.1,2.15,2.0,2.0,36075,0,11400.0,CE
2018-09-25 13:08:00,2.0,2.0,1.95,1.95,16050,0,11400.0,CE
2018-09-25 13:09:00,1.95,2.05,1.9,2.0,32175,0,11400.0,CE
2018-09-25 13:10:00,2.0,2.05,1.95,2.0,13650,0,11400.0,CE
2018-09-25 13:11:00,2.0,2.05,2.0,2.05,13875,0,11400.0,CE
2018-09-25 13:12:00,2.0,2.0,1.95,1.95,19050,0,11400.0,CE
2018-09-25 13:13:00,1.9,1.9,1.85,1.85,27900,0,11400.0,CE
2018-09-25 13:14:00,1.9,1.9,1.85,1.85,15000,0,11400.0,CE
2018-09-25 13:15:00,1.85,1.85,1.75,1.8,66150,0,11400.0,CE
2018-09-25 13:16:00,1.8,1.85,1.75,1.8,30525,0,11400.0,CE
2018-09-25 13:17:00,1.85,1.85,1.8,1.8,9075,0,11400.0,CE
2018-09-25 13:18:00,1.8,1.95,1.8,1.9,25350,0,11400.0,CE
2018-09-25 13:19:00,1.9,1.95,1.85,1.85,13575,0,11400.0,CE
2018-09-25 13:20:00,1.85,1.85,1.8,1.8,12900,0,11400.0,CE
2018-09-25 13:21:00,1.85,1.85,1.8,1.8,6075,0,11400.0,CE
2018-09-25 13:22:00,1.8,1.85,1.8,1.8,13725,0,11400.0,CE
2018-09-25 13:23:00,1.8,1.8,1.7,1.7,48075,0,11400.0,CE
2018-09-25 13:24:00,1.7,1.8,1.65,1.8,39450,0,11400.0,CE
2018-09-25 13:25:00,1.8,1.8,1.7,1.75,25500,0,11400.0,CE
2018-09-25 13:26:00,1.7,1.75,1.65,1.65,35400,0,11400.0,CE
2018-09-25 13:27:00,1.65,1.75,1.65,1.75,38400,0,11400.0,CE
2018-09-25 13:28:00,1.8,1.8,1.65,1.7,33825,0,11400.0,CE
2018-09-25 13:29:00,1.75,1.75,1.7,1.75,28800,0,11400.0,CE
2018-09-25 13:30:00,1.8,1.85,1.75,1.8,31050,0,11400.0,CE
2018-09-25 13:31:00,1.8,1.85,1.75,1.75,15000,0,11400.0,CE
2018-09-25 13:32:00,1.75,1.75,1.65,1.65,37050,0,11400.0,CE
2018-09-25 13:33:00,1.65,1.7,1.6,1.65,21975,0,11400.0,CE
2018-09-25 13:34:00,1.6,1.65,1.6,1.65,21375,0,11400.0,CE
2018-09-25 13:35:00,1.65,1.7,1.65,1.7,13500,0,11400.0,CE
2018-09-25 13:36:00,1.65,1.65,1.55,1.6,36075,0,11400.0,CE
2018-09-25 13:37:00,1.6,1.65,1.5,1.65,66975,0,11400.0,CE
2018-09-25 13:38:00,1.65,1.65,1.55,1.55,14325,0,11400.0,CE
2018-09-25 13:39:00,1.55,1.65,1.55,1.65,24375,0,11400.0,CE
2018-09-25 13:40:00,1.6,1.65,1.6,1.6,37125,0,11400.0,CE
2018-09-25 13:41:00,1.6,1.65,1.6,1.6,29325,0,11400.0,CE
2018-09-25 13:42:00,1.6,1.65,1.6,1.6,46050,0,11400.0,CE
2018-09-25 13:43:00,1.65,1.7,1.65,1.7,32325,0,11400.0,CE
2018-09-25 13:44:00,1.75,1.75,1.65,1.65,42075,0,11400.0,CE
2018-09-25 13:45:00,1.6,1.7,1.6,1.7,35925,0,11400.0,CE
2018-09-25 13:46:00,1.7,1.7,1.65,1.7,8100,0,11400.0,CE
2018-09-25 13:47:00,1.65,1.7,1.65,1.65,20175,0,11400.0,CE
2018-09-25 13:48:00,1.65,1.65,1.6,1.65,20925,0,11400.0,CE
2018-09-25 13:49:00,1.6,1.65,1.6,1.65,2400,0,11400.0,CE
2018-09-25 13:50:00,1.65,1.65,1.6,1.65,17550,0,11400.0,CE
2018-09-25 13:51:00,1.6,1.65,1.6,1.6,24075,0,11400.0,CE
2018-09-25 13:52:00,1.55,1.65,1.55,1.6,21750,0,11400.0,CE
2018-09-25 13:53:00,1.65,1.65,1.6,1.65,9675,0,11400.0,CE
2018-09-25 13:54:00,1.6,1.7,1.6,1.65,7650,0,11400.0,CE
2018-09-25 13:55:00,1.7,1.7,1.65,1.7,23700,0,11400.0,CE
2018-09-25 13:56:00,1.7,1.8,1.7,1.75,44925,0,11400.0,CE
2018-09-25 13:57:00,1.7,1.75,1.65,1.65,31275,0,11400.0,CE
2018-09-25 13:58:00,1.65,1.7,1.65,1.65,35250,0,11400.0,CE
2018-09-25 13:59:00,1.65,1.7,1.65,1.65,18075,0,11400.0,CE
2018-09-25 14:00:00,1.65,1.7,1.65,1.65,35550,0,11400.0,CE
2018-09-25 14:01:00,1.65,1.7,1.65,1.65,16650,0,11400.0,CE
2018-09-25 14:02:00,1.7,1.7,1.6,1.65,20775,0,11400.0,CE
2018-09-25 14:03:00,1.6,1.65,1.6,1.6,17400,0,11400.0,CE
2018-09-25 14:04:00,1.6,1.65,1.55,1.55,20700,0,11400.0,CE
2018-09-25 14:05:00,1.6,1.65,1.55,1.65,25950,0,11400.0,CE
2018-09-25 14:06:00,1.6,1.65,1.6,1.65,14175,0,11400.0,CE
2018-09-25 14:07:00,1.65,1.7,1.6,1.65,30825,0,11400.0,CE
2018-09-25 14:08:00,1.65,1.65,1.65,1.65,24525,0,11400.0,CE
2018-09-25 14:09:00,1.65,1.7,1.6,1.6,15975,0,11400.0,CE
2018-09-25 14:10:00,1.6,1.65,1.6,1.65,8325,0,11400.0,CE
2018-09-25 14:11:00,1.7,1.7,1.65,1.7,16200,0,11400.0,CE
2018-09-25 14:12:00,1.7,1.85,1.7,1.85,32250,0,11400.0,CE
2018-09-25 14:13:00,1.9,2.0,1.9,1.9,29175,0,11400.0,CE
2018-09-25 14:14:00,1.9,2.1,1.9,2.1,57825,0,11400.0,CE
2018-09-25 14:15:00,2.15,2.15,1.95,2.05,74700,0,11400.0,CE
2018-09-25 14:16:00,2.05,2.1,2.0,2.1,40200,0,11400.0,CE
2018-09-25 14:17:00,2.05,2.15,2.0,2.0,36675,0,11400.0,CE
2018-09-25 14:18:00,2.0,2.1,2.0,2.0,22350,0,11400.0,CE
2018-09-25 14:19:00,2.0,2.0,1.95,2.0,56550,0,11400.0,CE
2018-09-25 14:20:00,2.05,2.15,2.05,2.05,21300,0,11400.0,CE
2018-09-25 14:21:00,2.05,2.05,1.8,1.8,38550,0,11400.0,CE
2018-09-25 14:22:00,1.85,2.0,1.85,1.9,25125,0,11400.0,CE
2018-09-25 14:23:00,1.9,2.0,1.9,1.95,10125,0,11400.0,CE
2018-09-25 14:24:00,1.9,2.0,1.85,1.95,23475,0,11400.0,CE
2018-09-25 14:25:00,1.95,2.05,1.9,1.95,23025,0,11400.0,CE
2018-09-25 14:26:00,1.95,1.95,1.85,1.95,18375,0,11400.0,CE
2018-09-25 14:27:00,1.95,2.0,1.95,1.95,12750,0,11400.0,CE
2018-09-25 14:28:00,1.95,2.0,1.95,2.0,30450,0,11400.0,CE
2018-09-25 14:29:00,1.95,1.95,1.85,1.9,22950,0,11400.0,CE
2018-09-25 14:30:00,1.9,1.95,1.9,1.95,20175,0,11400.0,CE
2018-09-25 14:31:00,1.95,1.95,1.85,1.9,17025,0,11400.0,CE
2018-09-25 14:32:00,1.95,1.95,1.8,1.8,32400,0,11400.0,CE
2018-09-25 14:33:00,1.8,1.85,1.8,1.8,49275,0,11400.0,CE
2018-09-25 14:34:00,1.85,1.9,1.8,1.85,40950,0,11400.0,CE
2018-09-25 14:35:00,1.85,1.95,1.85,1.9,21975,0,11400.0,CE
2018-09-25 14:36:00,1.95,1.95,1.8,1.85,11325,0,11400.0,CE
2018-09-25 14:37:00,1.85,1.9,1.85,1.9,29700,0,11400.0,CE
2018-09-25 14:38:00,1.85,1.9,1.85,1.85,30000,0,11400.0,CE
2018-09-25 14:39:00,1.9,2.0,1.9,2.0,32325,0,11400.0,CE
2018-09-25 14:40:00,2.0,2.1,1.9,1.95,37800,0,11400.0,CE
2018-09-25 14:41:00,1.9,2.05,1.9,1.95,44025,0,11400.0,CE
2018-09-25 14:42:00,2.0,2.0,1.9,1.9,24975,0,11400.0,CE
2018-09-25 14:43:00,1.9,2.05,1.9,1.95,23775,0,11400.0,CE
2018-09-25 14:44:00,1.95,2.1,1.95,2.0,47775,0,11400.0,CE
2018-09-25 14:45:00,2.0,2.1,1.95,1.95,48450,0,11400.0,CE
2018-09-25 14:46:00,1.95,1.95,1.9,1.95,33300,0,11400.0,CE
2018-09-25 14:47:00,1.95,2.0,1.95,2.0,35475,0,11400.0,CE
2018-09-25 14:48:00,2.05,2.05,1.85,1.95,60150,0,11400.0,CE
2018-09-25 14:49:00,2.0,2.0,1.85,1.85,32625,0,11400.0,CE
2018-09-25 14:50:00,1.9,2.0,1.9,1.9,42225,0,11400.0,CE
2018-09-25 14:51:00,1.9,1.9,1.85,1.85,48975,0,11400.0,CE
2018-09-25 14:52:00,1.85,2.05,1.85,1.95,70425,0,11400.0,CE
2018-09-25 14:53:00,2.0,2.05,1.9,1.95,82125,0,11400.0,CE
2018-09-25 14:54:00,1.95,1.95,1.85,1.9,54150,0,11400.0,CE
2018-09-25 14:55:00,1.9,1.9,1.75,1.9,71250,0,11400.0,CE
2018-09-25 14:56:00,1.9,1.95,1.85,1.95,82950,0,11400.0,CE
2018-09-25 14:57:00,1.9,2.0,1.9,2.0,100500,0,11400.0,CE
2018-09-25 14:58:00,1.95,2.1,1.9,2.05,91500,0,11400.0,CE
2018-09-25 14:59:00,2.05,2.15,2.0,2.05,43500,0,11400.0,CE
2018-09-25 15:00:00,2.05,2.15,2.05,2.15,33150,0,11400.0,CE
2018-09-25 15:01:00,2.2,2.2,1.95,2.05,72900,0,11400.0,CE
2018-09-25 15:02:00,2.1,2.25,2.1,2.2,51225,0,11400.0,CE
2018-09-25 15:03:00,2.25,2.5,2.2,2.3,95775,0,11400.0,CE
2018-09-25 15:04:00,2.25,2.35,2.15,2.25,54525,0,11400.0,CE
2018-09-25 15:05:00,2.3,2.4,2.25,2.35,81975,0,11400.0,CE
2018-09-25 15:06:00,2.3,2.4,2.15,2.15,60600,0,11400.0,CE
2018-09-25 15:07:00,2.2,2.2,1.9,1.95,57225,0,11400.0,CE
2018-09-25 15:08:00,1.95,2.05,1.8,2.05,73125,0,11400.0,CE
2018-09-25 15:09:00,1.95,2.15,1.95,2.0,82800,0,11400.0,CE
2018-09-25 15:10:00,2.0,2.1,1.95,2.1,17100,0,11400.0,CE
2018-09-25 15:11:00,2.1,2.35,2.1,2.1,45525,0,11400.0,CE
2018-09-25 15:12:00,2.1,2.3,2.05,2.1,28050,0,11400.0,CE
2018-09-25 15:13:00,2.15,2.25,2.15,2.15,29625,0,11400.0,CE
2018-09-25 15:14:00,2.25,2.35,2.25,2.3,69975,0,11400.0,CE
2018-09-25 15:15:00,2.25,2.35,2.2,2.35,55125,0,11400.0,CE
2018-09-25 15:16:00,2.3,2.3,2.1,2.2,57975,0,11400.0,CE
2018-09-25 15:17:00,2.15,2.25,2.05,2.2,31650,0,11400.0,CE
2018-09-25 15:18:00,2.15,2.2,2.05,2.05,56625,0,11400.0,CE
2018-09-25 15:19:00,2.1,2.1,1.95,2.0,52575,0,11400.0,CE
2018-09-25 15:20:00,2.0,2.1,1.95,2.05,54525,0,11400.0,CE
2018-09-25 15:21:00,2.1,2.15,2.05,2.05,29700,0,11400.0,CE
2018-09-25 15:22:00,2.05,2.1,1.95,2.0,42300,0,11400.0,CE
2018-09-25 15:23:00,2.0,2.05,1.9,2.0,47175,0,11400.0,CE
2018-09-25 15:24:00,2.0,2.0,1.9,1.95,49650,0,11400.0,CE
2018-09-25 15:25:00,1.95,1.95,1.8,1.85,121950,0,11400.0,CE
2018-09-25 15:26:00,1.85,1.9,1.75,1.85,46050,0,11400.0,CE
2018-09-25 15:27:00,1.9,1.9,1.7,1.7,116025,0,11400.0,CE
2018-09-25 15:28:00,1.75,1.8,1.7,1.7,77700,0,11400.0,CE
2018-09-25 15:29:00,1.7,1.7,1.55,1.7,54000,0,11400.0,CE
2018-09-25 15:30:00,1.7,2.1,1.55,2.1,0,0,11400.0,CE
2018-09-26 09:15:00,2.1,3.7,1.05,1.7,151125,0,11400.0,CE
2018-09-26 09:16:00,1.7,2.0,1.6,2.0,231450,0,11400.0,CE
2018-09-26 09:17:00,2.1,2.85,1.6,1.7,249000,0,11400.0,CE
2018-09-26 09:18:00,1.7,1.9,1.55,1.6,150825,0,11400.0,CE
2018-09-26 09:19:00,1.65,1.75,1.55,1.7,76650,0,11400.0,CE
2018-09-26 09:20:00,1.7,1.75,1.65,1.7,84600,0,11400.0,CE
2018-09-26 09:21:00,1.65,1.65,1.4,1.4,75450,0,11400.0,CE
2018-09-26 09:22:00,1.45,1.55,1.4,1.55,74925,0,11400.0,CE
2018-09-26 09:23:00,1.6,1.6,1.5,1.5,31725,0,11400.0,CE
2018-09-26 09:24:00,1.5,1.75,1.45,1.7,82875,0,11400.0,CE
2018-09-26 09:25:00,1.7,1.8,1.65,1.75,40350,0,11400.0,CE
2018-09-26 09:26:00,1.75,1.75,1.65,1.75,25350,0,11400.0,CE
2018-09-26 09:27:00,1.8,1.8,1.55,1.65,61425,0,11400.0,CE
2018-09-26 09:28:00,1.7,1.75,1.65,1.7,28800,0,11400.0,CE
2018-09-26 09:29:00,1.75,1.8,1.7,1.7,33900,0,11400.0,CE
2018-09-26 09:30:00,1.7,1.7,1.6,1.6,36225,0,11400.0,CE
2018-09-26 09:31:00,1.6,1.75,1.6,1.7,36600,0,11400.0,CE
2018-09-26 09:32:00,1.7,1.85,1.7,1.75,22050,0,11400.0,CE
2018-09-26 09:33:00,1.8,1.85,1.7,1.8,33075,0,11400.0,CE
2018-09-26 09:34:00,1.7,1.8,1.7,1.8,31575,0,11400.0,CE
2018-09-26 09:35:00,1.75,1.8,1.6,1.7,73875,0,11400.0,CE
2018-09-26 09:36:00,1.7,1.75,1.65,1.75,24000,0,11400.0,CE
2018-09-26 09:37:00,1.7,1.75,1.65,1.7,40275,0,11400.0,CE
2018-09-26 09:38:00,1.7,1.75,1.65,1.7,23400,0,11400.0,CE
2018-09-26 09:39:00,1.7,1.7,1.65,1.65,20925,0,11400.0,CE
2018-09-26 09:40:00,1.65,1.7,1.6,1.65,19500,0,11400.0,CE
2018-09-26 09:41:00,1.6,1.6,1.5,1.6,38400,0,11400.0,CE
2018-09-26 09:42:00,1.55,1.55,1.45,1.5,43125,0,11400.0,CE
2018-09-26 09:43:00,1.5,1.55,1.5,1.55,34950,0,11400.0,CE
2018-09-26 09:44:00,1.55,1.55,1.4,1.5,32625,0,11400.0,CE
2018-09-26 09:45:00,1.45,1.55,1.4,1.55,27750,0,11400.0,CE
2018-09-26 09:46:00,1.55,1.6,1.45,1.55,22725,0,11400.0,CE
2018-09-26 09:47:00,1.6,1.6,1.5,1.55,36300,0,11400.0,CE
2018-09-26 09:48:00,1.6,1.6,1.5,1.5,21300,0,11400.0,CE
2018-09-26 09:49:00,1.5,1.65,1.5,1.55,30825,0,11400.0,CE
2018-09-26 09:50:00,1.6,1.75,1.55,1.75,55950,0,11400.0,CE
2018-09-26 09:51:00,1.75,1.8,1.6,1.65,56100,0,11400.0,CE
2018-09-26 09:52:00,1.65,1.8,1.6,1.75,25800,0,11400.0,CE
2018-09-26 09:53:00,1.7,1.75,1.6,1.6,38700,0,11400.0,CE
2018-09-26 09:54:00,1.6,1.65,1.55,1.55,16350,0,11400.0,CE
2018-09-26 09:55:00,1.55,1.6,1.55,1.6,28275,0,11400.0,CE
2018-09-26 09:56:00,1.55,1.65,1.5,1.65,19125,0,11400.0,CE
2018-09-26 09:57:00,1.6,1.7,1.6,1.7,24075,0,11400.0,CE
2018-09-26 09:58:00,1.7,1.7,1.65,1.65,10275,0,11400.0,CE
2018-09-26 09:59:00,1.65,1.65,1.6,1.65,28200,0,11400.0,CE
2018-09-26 10:00:00,1.6,1.7,1.6,1.7,18000,0,11400.0,CE
2018-09-26 10:01:00,1.65,1.65,1.6,1.6,34050,0,11400.0,CE
2018-09-26 10:02:00,1.6,1.65,1.5,1.65,22875,0,11400.0,CE
2018-09-26 10:03:00,1.65,1.65,1.55,1.6,13575,0,11400.0,CE
2018-09-26 10:04:00,1.65,1.8,1.6,1.75,45150,0,11400.0,CE
2018-09-26 10:05:00,1.75,1.8,1.75,1.8,9225,0,11400.0,CE
2018-09-26 10:06:00,1.8,1.85,1.65,1.7,51825,0,11400.0,CE
2018-09-26 10:07:00,1.7,1.7,1.65,1.65,41175,0,11400.0,CE
2018-09-26 10:08:00,1.65,1.7,1.6,1.6,35325,0,11400.0,CE
2018-09-26 10:09:00,1.6,1.65,1.55,1.6,25125,0,11400.0,CE
2018-09-26 10:10:00,1.6,1.6,1.55,1.6,25650,0,11400.0,CE
2018-09-26 10:11:00,1.6,1.65,1.55,1.6,24075,0,11400.0,CE
2018-09-26 10:12:00,1.6,1.6,1.5,1.5,40575,0,11400.0,CE
2018-09-26 10:13:00,1.5,1.5,1.45,1.45,63750,0,11400.0,CE
2018-09-26 10:14:00,1.45,1.55,1.45,1.55,41550,0,11400.0,CE
2018-09-26 10:15:00,1.5,1.5,1.5,1.5,20850,0,11400.0,CE
2018-09-26 10:16:00,1.5,1.6,1.5,1.6,36600,0,11400.0,CE
2018-09-26 10:17:00,1.6,1.6,1.55,1.55,7950,0,11400.0,CE
2018-09-26 10:18:00,1.55,1.6,1.5,1.5,7575,0,11400.0,CE
2018-09-26 10:19:00,1.5,1.5,1.45,1.45,47850,0,11400.0,CE
2018-09-26 10:20:00,1.45,1.5,1.45,1.45,17625,0,11400.0,CE
2018-09-26 10:21:00,1.45,1.45,1.4,1.4,51750,0,11400.0,CE
2018-09-26 10:22:00,1.4,1.45,1.35,1.4,55425,0,11400.0,CE
2018-09-26 10:23:00,1.45,1.45,1.35,1.45,38025,0,11400.0,CE
2018-09-26 10:24:00,1.4,1.45,1.4,1.4,12600,0,11400.0,CE
2018-09-26 10:25:00,1.4,1.45,1.35,1.4,28200,0,11400.0,CE
2018-09-26 10:26:00,1.4,1.5,1.4,1.45,29850,0,11400.0,CE
2018-09-26 10:27:00,1.45,1.5,1.4,1.4,48975,0,11400.0,CE
2018-09-26 10:28:00,1.4,1.45,1.4,1.4,15825,0,11400.0,CE
2018-09-26 10:29:00,1.35,1.4,1.35,1.4,42150,0,11400.0,CE
2018-09-26 10:30:00,1.4,1.4,1.3,1.35,65775,0,11400.0,CE
2018-09-26 10:31:00,1.35,1.4,1.35,1.35,15000,0,11400.0,CE
2018-09-26 10:32:00,1.35,1.35,1.3,1.35,24900,0,11400.0,CE
2018-09-26 10:33:00,1.3,1.35,1.25,1.35,41475,0,11400.0,CE
2018-09-26 10:34:00,1.3,1.4,1.3,1.35,36450,0,11400.0,CE
2018-09-26 10:35:00,1.3,1.35,1.25,1.3,13200,0,11400.0,CE
2018-09-26 10:36:00,1.25,1.35,1.25,1.35,15150,0,11400.0,CE
2018-09-26 10:37:00,1.3,1.4,1.3,1.4,12000,0,11400.0,CE
2018-09-26 10:38:00,1.35,1.5,1.35,1.45,38550,0,11400.0,CE
2018-09-26 10:39:00,1.55,1.55,1.4,1.4,28725,0,11400.0,CE
2018-09-26 10:40:00,1.45,1.45,1.35,1.35,10725,0,11400.0,CE
2018-09-26 10:41:00,1.35,1.45,1.35,1.45,16950,0,11400.0,CE
2018-09-26 10:42:00,1.45,1.45,1.4,1.4,6225,0,11400.0,CE
2018-09-26 10:43:00,1.4,1.45,1.35,1.35,37350,0,11400.0,CE
2018-09-26 10:44:00,1.4,1.45,1.35,1.4,33075,0,11400.0,CE
2018-09-26 10:45:00,1.4,1.4,1.35,1.4,4425,0,11400.0,CE
2018-09-26 10:46:00,1.35,1.4,1.35,1.35,4650,0,11400.0,CE
2018-09-26 10:47:00,1.35,1.4,1.35,1.35,6300,0,11400.0,CE
2018-09-26 10:48:00,1.35,1.4,1.35,1.35,13350,0,11400.0,CE
2018-09-26 10:49:00,1.4,1.4,1.35,1.35,5850,0,11400.0,CE
2018-09-26 10:50:00,1.35,1.4,1.35,1.35,33225,0,11400.0,CE
2018-09-26 10:51:00,1.35,1.4,1.35,1.35,20850,0,11400.0,CE
2018-09-26 10:52:00,1.35,1.35,1.3,1.35,23550,0,11400.0,CE
2018-09-26 10:53:00,1.35,1.4,1.35,1.35,5850,0,11400.0,CE
2018-09-26 10:54:00,1.35,1.35,1.3,1.3,21525,0,11400.0,CE
2018-09-26 10:55:00,1.35,1.35,1.3,1.3,1650,0,11400.0,CE
2018-09-26 10:56:00,1.3,1.3,1.25,1.25,19725,0,11400.0,CE
2018-09-26 10:57:00,1.3,1.3,1.25,1.3,10125,0,11400.0,CE
2018-09-26 10:58:00,1.3,1.3,1.2,1.3,32925,0,11400.0,CE
2018-09-26 10:59:00,1.3,1.3,1.25,1.25,25350,0,11400.0,CE
2018-09-26 11:00:00,1.3,1.3,1.25,1.3,1425,0,11400.0,CE
2018-09-26 11:01:00,1.3,1.3,1.25,1.25,2550,0,11400.0,CE
2018-09-26 11:02:00,1.25,1.3,1.25,1.25,6675,0,11400.0,CE
2018-09-26 11:03:00,1.25,1.25,1.25,1.25,525,0,11400.0,CE
2018-09-26 11:04:00,1.3,1.3,1.25,1.25,6525,0,11400.0,CE
2018-09-26 11:05:00,1.25,1.25,1.25,1.25,3450,0,11400.0,CE
2018-09-26 11:06:00,1.3,1.35,1.25,1.35,40575,0,11400.0,CE
2018-09-26 11:07:00,1.35,1.4,1.35,1.35,2925,0,11400.0,CE
2018-09-26 11:08:00,1.4,1.4,1.3,1.35,20550,0,11400.0,CE
2018-09-26 11:09:00,1.35,1.35,1.25,1.25,13575,0,11400.0,CE
2018-09-26 11:10:00,1.3,1.35,1.25,1.3,7275,0,11400.0,CE
2018-09-26 11:11:00,1.35,1.35,1.3,1.3,6225,0,11400.0,CE
2018-09-26 11:12:00,1.25,1.3,1.25,1.25,3150,0,11400.0,CE
2018-09-26 11:13:00,1.3,1.3,1.25,1.25,39750,0,11400.0,CE
2018-09-26 11:14:00,1.25,1.3,1.25,1.3,28350,0,11400.0,CE
2018-09-26 11:15:00,1.25,1.3,1.25,1.25,2775,0,11400.0,CE
2018-09-26 11:16:00,1.25,1.3,1.25,1.25,5175,0,11400.0,CE
2018-09-26 11:17:00,1.25,1.3,1.2,1.2,17325,0,11400.0,CE
2018-09-26 11:18:00,1.25,1.25,1.2,1.2,1125,0,11400.0,CE
2018-09-26 11:19:00,1.2,1.25,1.2,1.25,2775,0,11400.0,CE
2018-09-26 11:20:00,1.25,1.25,1.2,1.25,4575,0,11400.0,CE
2018-09-26 11:21:00,1.2,1.25,1.2,1.2,6900,0,11400.0,CE
2018-09-26 11:22:00,1.2,1.25,1.15,1.2,22350,0,11400.0,CE
2018-09-26 11:23:00,1.15,1.15,1.1,1.15,50700,0,11400.0,CE
2018-09-26 11:24:00,1.15,1.2,1.1,1.15,35700,0,11400.0,CE
2018-09-26 11:25:00,1.15,1.2,1.15,1.15,28125,0,11400.0,CE
2018-09-26 11:26:00,1.15,1.2,1.1,1.1,27975,0,11400.0,CE
2018-09-26 11:27:00,1.15,1.15,1.1,1.15,13200,0,11400.0,CE
2018-09-26 11:28:00,1.2,1.2,1.15,1.15,21675,0,11400.0,CE
2018-09-26 11:29:00,1.15,1.2,1.15,1.2,15600,0,11400.0,CE
2018-09-26 11:30:00,1.2,1.2,1.15,1.15,3975,0,11400.0,CE
2018-09-26 11:31:00,1.15,1.2,1.15,1.15,12375,0,11400.0,CE
2018-09-26 11:32:00,1.15,1.15,1.1,1.1,26700,0,11400.0,CE
2018-09-26 11:33:00,1.1,1.15,1.05,1.1,79125,0,11400.0,CE
2018-09-26 11:34:00,1.1,1.15,1.05,1.1,49050,0,11400.0,CE
2018-09-26 11:35:00,1.1,1.15,1.1,1.1,31275,0,11400.0,CE
2018-09-26 11:36:00,1.1,1.15,1.1,1.1,22725,0,11400.0,CE
2018-09-26 11:37:00,1.1,1.15,1.05,1.15,35250,0,11400.0,CE
2018-09-26 11:38:00,1.15,1.15,1.1,1.15,18225,0,11400.0,CE
2018-09-26 11:39:00,1.15,1.2,1.1,1.2,36375,0,11400.0,CE
2018-09-26 11:40:00,1.15,1.25,1.15,1.15,38250,0,11400.0,CE
2018-09-26 11:41:00,1.15,1.2,1.1,1.15,22875,0,11400.0,CE
2018-09-26 11:42:00,1.1,1.15,1.1,1.1,18000,0,11400.0,CE
2018-09-26 11:43:00,1.1,1.15,1.1,1.15,34800,0,11400.0,CE
2018-09-26 11:44:00,1.1,1.2,1.1,1.15,14925,0,11400.0,CE
2018-09-26 11:45:00,1.15,1.2,1.15,1.15,9150,0,11400.0,CE
2018-09-26 11:46:00,1.15,1.15,1.1,1.1,32775,0,11400.0,CE
2018-09-26 11:47:00,1.1,1.15,1.1,1.15,4200,0,11400.0,CE
2018-09-26 11:48:00,1.1,1.15,1.1,1.1,1425,0,11400.0,CE
2018-09-26 11:49:00,1.1,1.1,1.05,1.1,82575,0,11400.0,CE
2018-09-26 11:50:00,1.05,1.1,1.05,1.1,14400,0,11400.0,CE
2018-09-26 11:51:00,1.05,1.1,1.05,1.1,7800,0,11400.0,CE
2018-09-26 11:52:00,1.1,1.1,1.05,1.1,39900,0,11400.0,CE
2018-09-26 11:53:00,1.05,1.1,1.05,1.05,7500,0,11400.0,CE
2018-09-26 11:54:00,1.05,1.15,1.05,1.1,16875,0,11400.0,CE
2018-09-26 11:55:00,1.1,1.1,1.05,1.05,3675,0,11400.0,CE
2018-09-26 11:56:00,1.05,1.1,1.05,1.05,7950,0,11400.0,CE
2018-09-26 11:57:00,1.1,1.1,1.05,1.1,6300,0,11400.0,CE
2018-09-26 11:58:00,1.05,1.15,1.05,1.1,36675,0,11400.0,CE
2018-09-26 11:59:00,1.1,1.15,1.05,1.05,24900,0,11400.0,CE
2018-09-26 12:00:00,1.1,1.1,1.05,1.05,8850,0,11400.0,CE
2018-09-26 12:01:00,1.05,1.1,1.05,1.05,1200,0,11400.0,CE
2018-09-26 12:02:00,1.05,1.1,1.05,1.05,3675,0,11400.0,CE
2018-09-26 12:03:00,1.05,1.1,1.05,1.1,5775,0,11400.0,CE
2018-09-26 12:04:00,1.1,1.1,1.05,1.05,4050,0,11400.0,CE
2018-09-26 12:05:00,1.1,1.15,1.05,1.15,27375,0,11400.0,CE
2018-09-26 12:06:00,1.15,1.15,1.1,1.1,2775,0,11400.0,CE
2018-09-26 12:07:00,1.15,1.2,1.1,1.15,21225,0,11400.0,CE
2018-09-26 12:08:00,1.2,1.2,1.15,1.2,12600,0,11400.0,CE
2018-09-26 12:09:00,1.2,1.2,1.1,1.1,24525,0,11400.0,CE
2018-09-26 12:10:00,1.1,1.15,1.1,1.15,2925,0,11400.0,CE
2018-09-26 12:11:00,1.15,1.15,1.1,1.1,900,0,11400.0,CE
2018-09-26 12:12:00,1.1,1.15,1.1,1.1,13200,0,11400.0,CE
2018-09-26 12:13:00,1.1,1.1,1.05,1.1,35325,0,11400.0,CE
2018-09-26 12:14:00,1.05,1.1,1.05,1.1,375,0,11400.0,CE
2018-09-26 12:15:00,1.1,1.15,1.05,1.15,24300,0,11400.0,CE
2018-09-26 12:16:00,1.1,1.15,1.1,1.15,4500,0,11400.0,CE
2018-09-26 12:17:00,1.15,1.2,1.15,1.2,1875,0,11400.0,CE
2018-09-26 12:18:00,1.2,1.2,1.15,1.15,2625,0,11400.0,CE
2018-09-26 12:19:00,1.2,1.25,1.2,1.25,12750,0,11400.0,CE
2018-09-26 12:20:00,1.2,1.3,1.2,1.3,8475,0,11400.0,CE
2018-09-26 12:21:00,1.25,1.25,1.25,1.25,900,0,11400.0,CE
2018-09-26 12:22:00,1.25,1.25,1.2,1.2,16950,0,11400.0,CE
2018-09-26 12:23:00,1.2,1.2,1.15,1.2,28725,0,11400.0,CE
2018-09-26 12:24:00,1.15,1.15,1.1,1.15,10125,0,11400.0,CE
2018-09-26 12:25:00,1.1,1.15,1.1,1.15,11250,0,11400.0,CE
2018-09-26 12:26:00,1.15,1.2,1.15,1.2,375,0,11400.0,CE
2018-09-26 12:27:00,1.2,1.25,1.15,1.2,23625,0,11400.0,CE
2018-09-26 12:28:00,1.2,1.25,1.2,1.2,11775,0,11400.0,CE
2018-09-26 12:29:00,1.25,1.25,1.2,1.2,7575,0,11400.0,CE
2018-09-26 12:30:00,1.2,1.3,1.2,1.25,27075,0,11400.0,CE
2018-09-26 12:31:00,1.25,1.3,1.25,1.3,4050,0,11400.0,CE
2018-09-26 12:32:00,1.25,1.25,1.15,1.2,79875,0,11400.0,CE
2018-09-26 12:33:00,1.2,1.2,1.15,1.15,18450,0,11400.0,CE
2018-09-26 12:34:00,1.15,1.25,1.15,1.25,35700,0,11400.0,CE
2018-09-26 12:35:00,1.2,1.25,1.2,1.2,6000,0,11400.0,CE
2018-09-26 12:36:00,1.25,1.25,1.2,1.2,23550,0,11400.0,CE
2018-09-26 12:37:00,1.25,1.25,1.15,1.2,19350,0,11400.0,CE
2018-09-26 12:38:00,1.15,1.2,1.15,1.15,14775,0,11400.0,CE
2018-09-26 12:39:00,1.15,1.2,1.15,1.2,3825,0,11400.0,CE
2018-09-26 12:40:00,1.2,1.2,1.15,1.15,1050,0,11400.0,CE
2018-09-26 12:41:00,1.2,1.2,1.15,1.2,2325,0,11400.0,CE
2018-09-26 12:42:00,1.15,1.2,1.1,1.1,23250,0,11400.0,CE
2018-09-26 12:43:00,1.1,1.15,1.1,1.1,4650,0,11400.0,CE
2018-09-26 12:44:00,1.15,1.15,1.05,1.1,22125,0,11400.0,CE
2018-09-26 12:45:00,1.05,1.05,1.05,1.05,825,0,11400.0,CE
2018-09-26 12:46:00,1.05,1.1,1.05,1.05,3150,0,11400.0,CE
2018-09-26 12:47:00,1.05,1.1,1.05,1.05,900,0,11400.0,CE
2018-09-26 12:48:00,1.05,1.1,1.05,1.1,7200,0,11400.0,CE
2018-09-26 12:49:00,1.05,1.1,1.05,1.05,22650,0,11400.0,CE
2018-09-26 12:50:00,1.05,1.05,1.0,1.0,50325,0,11400.0,CE
2018-09-26 12:51:00,1.0,1.05,1.0,1.05,10950,0,11400.0,CE
2018-09-26 12:52:00,1.0,1.05,1.0,1.0,1275,0,11400.0,CE
2018-09-26 12:53:00,1.0,1.1,1.0,1.05,5325,0,11400.0,CE
2018-09-26 12:54:00,1.05,1.05,1.05,1.05,13575,0,11400.0,CE
2018-09-26 12:55:00,1.05,1.1,1.0,1.05,15075,0,11400.0,CE
2018-09-26 12:56:00,1.0,1.05,1.0,1.0,1500,0,11400.0,CE
2018-09-26 12:57:00,1.0,1.05,1.0,1.05,7050,0,11400.0,CE
2018-09-26 12:58:00,1.0,1.05,0.95,1.0,27225,0,11400.0,CE
2018-09-26 12:59:00,1.0,1.05,1.0,1.0,12075,0,11400.0,CE
2018-09-26 13:00:00,1.0,1.05,0.95,1.0,24375,0,11400.0,CE
2018-09-26 13:01:00,1.0,1.0,0.95,0.95,33825,0,11400.0,CE
2018-09-26 13:02:00,0.95,1.0,0.95,1.0,31200,0,11400.0,CE
2018-09-26 13:03:00,1.0,1.0,0.95,0.95,4275,0,11400.0,CE
2018-09-26 13:04:00,1.0,1.0,0.95,0.95,21600,0,11400.0,CE
2018-09-26 13:05:00,1.0,1.0,0.95,1.0,4575,0,11400.0,CE
2018-09-26 13:06:00,0.95,1.0,0.95,0.95,2550,0,11400.0,CE
2018-09-26 13:07:00,1.0,1.0,0.95,0.95,15525,0,11400.0,CE
2018-09-26 13:08:00,0.95,1.0,0.95,1.0,50250,0,11400.0,CE
2018-09-26 13:09:00,0.95,0.95,0.9,0.9,50250,0,11400.0,CE
2018-09-26 13:10:00,0.9,0.95,0.9,0.9,9600,0,11400.0,CE
2018-09-26 13:11:00,0.95,1.0,0.9,0.95,35025,0,11400.0,CE
2018-09-26 13:12:00,1.0,1.0,0.95,0.95,4800,0,11400.0,CE
2018-09-26 13:13:00,0.95,0.95,0.95,0.95,825,0,11400.0,CE
2018-09-26 13:14:00,0.95,1.0,0.95,0.95,2625,0,11400.0,CE
2018-09-26 13:15:00,0.95,1.0,0.95,1.0,11850,0,11400.0,CE
2018-09-26 13:16:00,0.95,1.0,0.95,0.95,10275,0,11400.0,CE
2018-09-26 13:17:00,1.0,1.0,0.95,0.95,2025,0,11400.0,CE
2018-09-26 13:18:00,0.95,1.0,0.95,0.95,4125,0,11400.0,CE
2018-09-26 13:19:00,1.0,1.0,0.95,0.95,24150,0,11400.0,CE
2018-09-26 13:20:00,0.95,1.0,0.95,0.95,16800,0,11400.0,CE
2018-09-26 13:21:00,0.95,1.0,0.95,1.0,24975,0,11400.0,CE
2018-09-26 13:22:00,0.95,1.0,0.95,0.95,7275,0,11400.0,CE
2018-09-26 13:23:00,1.0,1.0,0.95,0.95,27975,0,11400.0,CE
2018-09-26 13:24:00,0.9,0.95,0.9,0.9,6825,0,11400.0,CE
2018-09-26 13:25:00,0.9,0.95,0.9,0.9,3750,0,11400.0,CE
2018-09-26 13:26:00,0.95,1.05,0.95,1.05,59475,0,11400.0,CE
2018-09-26 13:27:00,1.0,1.05,1.0,1.05,24675,0,11400.0,CE
2018-09-26 13:28:00,1.05,1.05,1.0,1.05,7875,0,11400.0,CE
2018-09-26 13:29:00,1.05,1.05,1.0,1.05,15150,0,11400.0,CE
2018-09-26 13:30:00,1.0,1.05,0.95,1.0,32250,0,11400.0,CE
2018-09-26 13:31:00,0.95,1.0,0.95,0.95,35100,0,11400.0,CE
2018-09-26 13:32:00,0.95,0.95,0.9,0.95,24000,0,11400.0,CE
2018-09-26 13:33:00,0.9,0.95,0.9,0.9,9675,0,11400.0,CE
2018-09-26 13:34:00,0.95,1.0,0.9,0.95,44625,0,11400.0,CE
2018-09-26 13:35:00,0.95,1.0,0.9,0.9,17325,0,11400.0,CE
2018-09-26 13:36:00,0.9,0.95,0.9,0.95,7275,0,11400.0,CE
2018-09-26 13:37:00,0.95,0.95,0.9,0.95,11175,0,11400.0,CE
2018-09-26 13:38:00,0.95,0.95,0.9,0.95,15375,0,11400.0,CE
2018-09-26 13:39:00,0.95,0.95,0.9,0.9,5700,0,11400.0,CE
2018-09-26 13:40:00,0.95,0.95,0.9,0.9,9750,0,11400.0,CE
2018-09-26 13:41:00,0.9,0.95,0.9,0.9,23175,0,11400.0,CE
2018-09-26 13:42:00,0.95,0.95,0.9,0.9,3750,0,11400.0,CE
2018-09-26 13:43:00,0.9,0.95,0.9,0.95,12450,0,11400.0,CE
2018-09-26 13:44:00,0.95,0.95,0.95,0.95,975,0,11400.0,CE
2018-09-26 13:45:00,0.95,0.95,0.9,0.9,3225,0,11400.0,CE
2018-09-26 13:46:00,0.9,0.95,0.9,0.95,4425,0,11400.0,CE
2018-09-26 13:47:00,0.95,0.95,0.9,0.9,36900,0,11400.0,CE
2018-09-26 13:48:00,0.95,0.95,0.9,0.9,12075,0,11400.0,CE
2018-09-26 13:49:00,0.95,0.95,0.9,0.9,4200,0,11400.0,CE
2018-09-26 13:50:00,0.9,0.95,0.9,0.9,13875,0,11400.0,CE
2018-09-26 13:51:00,0.95,0.95,0.9,0.95,1350,0,11400.0,CE
2018-09-26 13:52:00,0.9,0.95,0.9,0.9,29175,0,11400.0,CE
2018-09-26 13:53:00,0.9,0.95,0.9,0.95,11775,0,11400.0,CE
2018-09-26 13:54:00,0.9,0.95,0.9,0.95,7875,0,11400.0,CE
2018-09-26 13:55:00,0.95,0.95,0.95,0.95,27525,0,11400.0,CE
2018-09-26 13:56:00,1.0,1.0,0.95,1.0,39675,0,11400.0,CE
2018-09-26 13:57:00,1.0,1.05,1.0,1.05,13950,0,11400.0,CE
2018-09-26 13:58:00,1.05,1.05,1.0,1.05,2400,0,11400.0,CE
2018-09-26 13:59:00,1.0,1.0,1.0,1.0,2025,0,11400.0,CE
2018-09-26 14:00:00,1.0,1.05,0.95,0.95,21900,0,11400.0,CE
2018-09-26 14:01:00,1.0,1.0,0.95,0.95,35925,0,11400.0,CE
2018-09-26 14:02:00,0.95,1.0,0.95,1.0,2700,0,11400.0,CE
2018-09-26 14:03:00,0.9,0.95,0.9,0.95,20100,0,11400.0,CE
2018-09-26 14:04:00,0.95,0.95,0.9,0.9,19875,0,11400.0,CE
2018-09-26 14:05:00,0.9,0.95,0.9,0.95,1500,0,11400.0,CE
2018-09-26 14:06:00,0.9,0.95,0.9,0.95,7275,0,11400.0,CE
2018-09-26 14:07:00,0.9,0.95,0.9,0.95,41475,0,11400.0,CE
2018-09-26 14:08:00,1.0,1.0,0.95,0.95,12750,0,11400.0,CE
2018-09-26 14:09:00,1.0,1.05,0.95,1.05,25200,0,11400.0,CE
2018-09-26 14:10:00,1.05,1.1,1.0,1.05,41550,0,11400.0,CE
2018-09-26 14:11:00,1.0,1.1,0.95,1.1,51600,0,11400.0,CE
2018-09-26 14:12:00,1.05,1.1,1.0,1.0,80325,0,11400.0,CE
2018-09-26 14:13:00,1.0,1.0,0.95,1.0,10275,0,11400.0,CE
2018-09-26 14:14:00,0.95,1.05,0.95,1.05,21750,0,11400.0,CE
2018-09-26 14:15:00,1.0,1.1,1.0,1.1,61800,0,11400.0,CE
2018-09-26 14:16:00,1.05,1.1,1.0,1.05,48600,0,11400.0,CE
2018-09-26 14:17:00,1.1,1.1,1.0,1.0,22425,0,11400.0,CE
2018-09-26 14:18:00,1.0,1.05,0.95,0.95,37275,0,11400.0,CE
2018-09-26 14:19:00,1.0,1.0,0.95,0.95,6825,0,11400.0,CE
2018-09-26 14:20:00,0.95,1.0,0.95,1.0,46050,0,11400.0,CE
2018-09-26 14:21:00,0.95,1.0,0.95,0.95,7575,0,11400.0,CE
2018-09-26 14:22:00,0.95,0.95,0.9,0.9,11475,0,11400.0,CE
2018-09-26 14:23:00,0.9,0.95,0.9,0.95,1500,0,11400.0,CE
2018-09-26 14:24:00,0.9,0.9,0.9,0.9,675,0,11400.0,CE
2018-09-26 14:25:00,0.9,1.0,0.9,1.0,40275,0,11400.0,CE
2018-09-26 14:26:00,0.95,1.0,0.95,1.0,45300,0,11400.0,CE
2018-09-26 14:27:00,1.0,1.0,0.95,1.0,11850,0,11400.0,CE
2018-09-26 14:28:00,1.0,1.0,0.95,0.95,11325,0,11400.0,CE
2018-09-26 14:29:00,1.0,1.0,0.95,0.95,9300,0,11400.0,CE
2018-09-26 14:30:00,1.0,1.0,0.9,0.95,39000,0,11400.0,CE
2018-09-26 14:31:00,0.95,0.95,0.9,0.95,19425,0,11400.0,CE
2018-09-26 14:32:00,0.95,1.0,0.95,0.95,22125,0,11400.0,CE
2018-09-26 14:33:00,0.95,0.95,0.85,0.9,63300,0,11400.0,CE
2018-09-26 14:34:00,0.85,0.9,0.8,0.85,52425,0,11400.0,CE
2018-09-26 14:35:00,0.85,0.85,0.75,0.85,119400,0,11400.0,CE
2018-09-26 14:36:00,0.8,0.85,0.8,0.8,16500,0,11400.0,CE
2018-09-26 14:37:00,0.85,0.85,0.8,0.8,18675,0,11400.0,CE
2018-09-26 14:38:00,0.8,0.9,0.8,0.85,52500,0,11400.0,CE
2018-09-26 14:39:00,0.85,0.85,0.8,0.85,46650,0,11400.0,CE
2018-09-26 14:40:00,0.85,0.95,0.8,0.95,38925,0,11400.0,CE
2018-09-26 14:41:00,0.9,0.95,0.9,0.95,12450,0,11400.0,CE
2018-09-26 14:42:00,0.95,0.95,0.9,0.9,28500,0,11400.0,CE
2018-09-26 14:43:00,0.9,0.95,0.9,0.95,29325,0,11400.0,CE
2018-09-26 14:44:00,0.95,0.95,0.85,0.95,93225,0,11400.0,CE
2018-09-26 14:45:00,0.95,0.95,0.85,0.85,52275,0,11400.0,CE
2018-09-26 14:46:00,0.85,0.9,0.85,0.85,13875,0,11400.0,CE
2018-09-26 14:47:00,0.85,0.9,0.85,0.9,25575,0,11400.0,CE
2018-09-26 14:48:00,0.85,0.9,0.85,0.9,7875,0,11400.0,CE
2018-09-26 14:49:00,0.9,0.9,0.85,0.85,14025,0,11400.0,CE
2018-09-26 14:50:00,0.85,0.9,0.85,0.9,11925,0,11400.0,CE
2018-09-26 14:51:00,0.9,0.9,0.8,0.8,48975,0,11400.0,CE
2018-09-26 14:52:00,0.85,0.85,0.75,0.8,40725,0,11400.0,CE
2018-09-26 14:53:00,0.8,0.85,0.75,0.8,33675,0,11400.0,CE
2018-09-26 14:54:00,0.8,0.85,0.75,0.75,50700,0,11400.0,CE
2018-09-26 14:55:00,0.8,0.8,0.75,0.8,2625,0,11400.0,CE
2018-09-26 14:56:00,0.8,0.8,0.75,0.75,11925,0,11400.0,CE
2018-09-26 14:57:00,0.8,0.85,0.75,0.8,73425,0,11400.0,CE
2018-09-26 14:58:00,0.8,0.9,0.8,0.9,43950,0,11400.0,CE
2018-09-26 14:59:00,0.85,0.9,0.75,0.8,39525,0,11400.0,CE
2018-09-26 15:00:00,0.8,0.8,0.75,0.8,38175,0,11400.0,CE
2018-09-26 15:01:00,0.75,0.8,0.75,0.8,8925,0,11400.0,CE
2018-09-26 15:02:00,0.8,0.8,0.75,0.8,12225,0,11400.0,CE
2018-09-26 15:03:00,0.75,0.85,0.75,0.8,50250,0,11400.0,CE
2018-09-26 15:04:00,0.75,0.8,0.75,0.8,78900,0,11400.0,CE
2018-09-26 15:05:00,0.8,0.8,0.75,0.8,10050,0,11400.0,CE
2018-09-26 15:06:00,0.8,0.8,0.75,0.75,14250,0,11400.0,CE
2018-09-26 15:07:00,0.8,0.85,0.8,0.85,40575,0,11400.0,CE
2018-09-26 15:08:00,0.8,0.85,0.8,0.85,56925,0,11400.0,CE
2018-09-26 15:09:00,0.85,0.85,0.8,0.8,30375,0,11400.0,CE
2018-09-26 15:10:00,0.8,0.9,0.8,0.85,37425,0,11400.0,CE
2018-09-26 15:11:00,0.8,0.8,0.75,0.8,29175,0,11400.0,CE
2018-09-26 15:12:00,0.8,0.8,0.7,0.7,54675,0,11400.0,CE
2018-09-26 15:13:00,0.7,0.75,0.7,0.7,40050,0,11400.0,CE
2018-09-26 15:14:00,0.7,0.75,0.7,0.75,44625,0,11400.0,CE
2018-09-26 15:15:00,0.75,0.75,0.7,0.75,46575,0,11400.0,CE
2018-09-26 15:16:00,0.75,0.8,0.75,0.75,45000,0,11400.0,CE
2018-09-26 15:17:00,0.7,0.8,0.7,0.75,27150,0,11400.0,CE
2018-09-26 15:18:00,0.75,0.75,0.7,0.75,28350,0,11400.0,CE
2018-09-26 15:19:00,0.7,0.75,0.7,0.75,14700,0,11400.0,CE
2018-09-26 15:20:00,0.7,0.75,0.65,0.7,54075,0,11400.0,CE
2018-09-26 15:21:00,0.65,0.75,0.65,0.65,16425,0,11400.0,CE
2018-09-26 15:22:00,0.65,0.7,0.65,0.7,34575,0,11400.0,CE
2018-09-26 15:23:00,0.65,0.7,0.6,0.65,65550,0,11400.0,CE
2018-09-26 15:24:00,0.6,0.65,0.6,0.6,59175,0,11400.0,CE
2018-09-26 15:25:00,0.55,0.65,0.55,0.6,48750,0,11400.0,CE
2018-09-26 15:26:00,0.6,0.65,0.5,0.55,83700,0,11400.0,CE
2018-09-26 15:27:00,0.55,0.55,0.5,0.5,14400,0,11400.0,CE
2018-09-26 15:28:00,0.5,0.55,0.5,0.5,23325,0,11400.0,CE
2018-09-26 15:29:00,0.55,0.55,0.5,0.5,9525,0,11400.0,CE
2018-09-26 15:30:00,0.55,0.75,0.5,0.75,0,0,11400.0,CE
2018-09-27 09:15:00,0.4,0.4,0.05,0.05,37125,0,11400.0,CE
2018-09-27 09:16:00,0.05,0.1,0.05,0.1,58950,0,11400.0,CE
2018-09-27 09:17:00,0.1,0.1,0.05,0.1,52125,0,11400.0,CE
2018-09-27 09:18:00,0.05,0.1,0.05,0.1,27750,0,11400.0,CE
2018-09-27 09:19:00,0.1,0.1,0.05,0.1,25875,0,11400.0,CE
2018-09-27 09:20:00,0.1,0.1,0.05,0.1,10275,0,11400.0,CE
2018-09-27 09:21:00,0.1,0.1,0.1,0.1,13650,0,11400.0,CE
2018-09-27 09:22:00,0.1,0.1,0.05,0.1,11550,0,11400.0,CE
2018-09-27 09:23:00,0.1,0.1,0.05,0.1,24150,0,11400.0,CE
2018-09-27 09:24:00,0.05,0.1,0.05,0.05,3150,0,11400.0,CE
2018-09-27 09:25:00,0.1,0.1,0.1,0.1,3675,0,11400.0,CE
2018-09-27 09:26:00,0.1,0.1,0.05,0.05,2475,0,11400.0,CE
2018-09-27 09:27:00,0.1,0.1,0.05,0.1,1725,0,11400.0,CE
2018-09-27 09:28:00,0.1,0.1,0.05,0.05,7575,0,11400.0,CE
2018-09-27 09:29:00,0.1,0.1,0.05,0.05,4425,0,11400.0,CE
2018-09-27 09:30:00,0.1,0.1,0.05,0.1,10650,0,11400.0,CE
2018-09-27 09:31:00,0.05,0.1,0.05,0.1,2175,0,11400.0,CE
2018-09-27 09:32:00,0.1,0.1,0.05,0.1,5025,0,11400.0,CE
2018-09-27 09:33:00,0.05,0.1,0.05,0.1,7575,0,11400.0,CE
2018-09-27 09:34:00,0.1,0.1,0.05,0.1,6900,0,11400.0,CE
2018-09-27 09:35:00,0.1,0.1,0.05,0.05,1650,0,11400.0,CE
2018-09-27 09:36:00,0.1,0.1,0.05,0.1,1950,0,11400.0,CE
2018-09-27 09:37:00,0.1,0.1,0.05,0.05,2550,0,11400.0,CE
2018-09-27 09:38:00,0.1,0.1,0.05,0.1,3900,0,11400.0,CE
2018-09-27 09:39:00,0.05,0.1,0.05,0.1,20550,0,11400.0,CE
2018-09-27 09:40:00,0.1,0.1,0.05,0.1,7875,0,11400.0,CE
2018-09-27 09:41:00,0.1,0.1,0.1,0.1,8325,0,11400.0,CE
2018-09-27 09:42:00,0.05,0.1,0.05,0.1,1275,0,11400.0,CE
2018-09-27 09:43:00,0.1,0.1,0.05,0.1,1725,0,11400.0,CE
2018-09-27 09:44:00,0.05,0.1,0.05,0.1,1050,0,11400.0,CE
2018-09-27 09:45:00,0.05,0.05,0.05,0.05,150,0,11400.0,CE
2018-09-27 09:46:00,0.05,0.1,0.05,0.1,525,0,11400.0,CE
2018-09-27 09:47:00,0.05,0.1,0.05,0.1,5700,0,11400.0,CE
2018-09-27 09:48:00,0.1,0.1,0.05,0.1,3525,0,11400.0,CE
2018-09-27 09:49:00,0.1,0.1,0.05,0.05,150,0,11400.0,CE
2018-09-27 09:50:00,0.05,0.05,0.05,0.05,3525,0,11400.0,CE
2018-09-27 09:51:00,0.05,0.1,0.05,0.05,525,0,11400.0,CE
2018-09-27 09:52:00,0.1,0.1,0.05,0.1,450,0,11400.0,CE
2018-09-27 09:53:00,0.1,0.1,0.05,0.05,1575,0,11400.0,CE
2018-09-27 09:54:00,0.05,0.1,0.05,0.1,7950,0,11400.0,CE
2018-09-27 09:55:00,0.1,0.1,0.1,0.1,1200,0,11400.0,CE
2018-09-27 09:56:00,0.1,0.1,0.1,0.1,2400,0,11400.0,CE
2018-09-27 09:57:00,0.05,0.1,0.05,0.1,1725,0,11400.0,CE
2018-09-27 09:58:00,0.05,0.1,0.05,0.05,825,0,11400.0,CE
2018-09-27 09:59:00,0.05,0.1,0.05,0.1,900,0,11400.0,CE
2018-09-27 10:00:00,0.1,0.1,0.1,0.1,75,0,11400.0,CE
2018-09-27 10:01:00,0.1,0.1,0.1,0.1,225,0,11400.0,CE
2018-09-27 10:02:00,0.05,0.1,0.05,0.1,1125,0,11400.0,CE
2018-09-27 10:03:00,0.05,0.1,0.05,0.05,2100,0,11400.0,CE
2018-09-27 10:04:00,0.1,0.1,0.05,0.1,675,0,11400.0,CE
2018-09-27 10:05:00,0.1,0.1,0.05,0.1,2475,0,11400.0,CE
2018-09-27 10:06:00,0.05,0.1,0.05,0.1,4050,0,11400.0,CE
2018-09-27 10:07:00,0.05,0.1,0.05,0.1,975,0,11400.0,CE
2018-09-27 10:08:00,0.1,0.1,0.05,0.05,750,0,11400.0,CE
2018-09-27 10:09:00,0.1,0.1,0.05,0.05,1575,0,11400.0,CE
2018-09-27 10:10:00,0.05,0.1,0.05,0.1,2400,0,11400.0,CE
2018-09-27 10:11:00,0.1,0.1,0.1,0.1,2175,0,11400.0,CE
2018-09-27 10:12:00,0.05,0.1,0.05,0.05,1650,0,11400.0,CE
2018-09-27 10:13:00,0.05,0.1,0.05,0.05,375,0,11400.0,CE
2018-09-27 10:14:00,0.05,0.05,0.05,0.05,450,0,11400.0,CE
2018-09-27 10:15:00,0.05,0.05,0.05,0.05,1125,0,11400.0,CE
2018-09-27 10:16:00,0.1,0.1,0.05,0.05,225,0,11400.0,CE
2018-09-27 10:17:00,0.05,0.05,0.05,0.05,2475,0,11400.0,CE
2018-09-27 10:18:00,0.1,0.1,0.1,0.1,825,0,11400.0,CE
2018-09-27 10:19:00,0.1,0.1,0.05,0.05,225,0,11400.0,CE
2018-09-27 10:20:00,0.05,0.1,0.05,0.1,2850,0,11400.0,CE
2018-09-27 10:21:00,0.05,0.1,0.05,0.05,1800,0,11400.0,CE
2018-09-27 10:22:00,0.05,0.1,0.05,0.1,3900,0,11400.0,CE
2018-09-27 10:23:00,0.05,0.05,0.05,0.05,7200,0,11400.0,CE
2018-09-27 10:24:00,0.1,0.1,0.05,0.1,2550,0,11400.0,CE
2018-09-27 10:25:00,0.1,0.1,0.05,0.05,675,0,11400.0,CE
2018-09-27 10:26:00,0.1,0.1,0.05,0.1,1050,0,11400.0,CE
2018-09-27 10:27:00,0.05,0.1,0.05,0.1,7425,0,11400.0,CE
2018-09-27 10:28:00,0.1,0.1,0.05,0.05,4050,0,11400.0,CE
2018-09-27 10:29:00,0.05,0.05,0.05,0.05,225,0,11400.0,CE
2018-09-27 10:30:00,0.05,0.05,0.05,0.05,600,0,11400.0,CE
2018-09-27 10:31:00,0.05,0.1,0.05,0.1,2850,0,11400.0,CE
2018-09-27 10:32:00,0.05,0.1,0.05,0.05,5025,0,11400.0,CE
2018-09-27 10:33:00,0.05,0.1,0.05,0.05,6000,0,11400.0,CE
2018-09-27 10:34:00,0.05,0.05,0.05,0.05,2475,0,11400.0,CE
2018-09-27 10:35:00,0.05,0.1,0.05,0.1,450,0,11400.0,CE
2018-09-27 10:36:00,0.05,0.1,0.05,0.1,7500,0,11400.0,CE
2018-09-27 10:37:00,0.05,0.1,0.05,0.1,1125,0,11400.0,CE
2018-09-27 10:38:00,0.05,0.1,0.05,0.1,1875,0,11400.0,CE
2018-09-27 10:39:00,0.05,0.05,0.05,0.05,375,0,11400.0,CE
2018-09-27 10:40:00,0.05,0.1,0.05,0.1,375,0,11400.0,CE
2018-09-27 10:41:00,0.05,0.1,0.05,0.1,17250,0,11400.0,CE
2018-09-27 10:42:00,0.1,0.1,0.05,0.05,900,0,11400.0,CE
2018-09-27 10:43:00,0.05,0.05,0.05,0.05,525,0,11400.0,CE
2018-09-27 10:44:00,0.05,0.05,0.05,0.05,825,0,11400.0,CE
2018-09-27 10:45:00,0.05,0.1,0.05,0.1,1425,0,11400.0,CE
2018-09-27 10:46:00,0.05,0.1,0.05,0.1,1800,0,11400.0,CE
2018-09-27 10:47:00,0.1,0.1,0.05,0.05,675,0,11400.0,CE
2018-09-27 10:48:00,0.05,0.05,0.05,0.05,4875,0,11400.0,CE
2018-09-27 10:49:00,0.1,0.1,0.05,0.05,3675,0,11400.0,CE
2018-09-27 10:50:00,0.1,0.1,0.05,0.1,3675,0,11400.0,CE
2018-09-27 10:51:00,0.05,0.1,0.05,0.1,9000,0,11400.0,CE
2018-09-27 10:52:00,0.05,0.1,0.05,0.05,9750,0,11400.0,CE
2018-09-27 10:53:00,0.1,0.1,0.05,0.05,1950,0,11400.0,CE
2018-09-27 10:54:00,0.05,0.1,0.05,0.05,2100,0,11400.0,CE
2018-09-27 10:55:00,0.05,0.05,0.05,0.05,150,0,11400.0,CE
2018-09-27 10:56:00,0.05,0.1,0.05,0.1,3600,0,11400.0,CE
2018-09-27 10:57:00,0.1,0.1,0.1,0.1,225,0,11400.0,CE
2018-09-27 10:58:00,0.1,0.1,0.05,0.05,2100,0,11400.0,CE
2018-09-27 10:59:00,0.05,0.05,0.05,0.05,225,0,11400.0,CE
2018-09-27 11:00:00,0.05,0.05,0.05,0.05,2100,0,11400.0,CE
2018-09-27 11:01:00,0.05,0.05,0.05,0.05,450,0,11400.0,CE
2018-09-27 11:02:00,0.05,0.05,0.05,0.05,300,0,11400.0,CE
2018-09-27 11:03:00,0.05,0.1,0.05,0.1,1650,0,11400.0,CE
2018-09-27 11:04:00,0.05,0.05,0.05,0.05,1050,0,11400.0,CE
2018-09-27 11:05:00,0.05,0.05,0.05,0.05,675,0,11400.0,CE
2018-09-27 11:06:00,0.1,0.1,0.05,0.05,750,0,11400.0,CE
2018-09-27 11:07:00,0.05,0.1,0.05,0.1,300,0,11400.0,CE
2018-09-27 11:08:00,0.05,0.05,0.05,0.05,1500,0,11400.0,CE
2018-09-27 11:09:00,0.05,0.1,0.05,0.1,1200,0,11400.0,CE
2018-09-27 11:10:00,0.1,0.1,0.1,0.1,75,0,11400.0,CE
2018-09-27 11:11:00,0.05,0.05,0.05,0.05,600,0,11400.0,CE
2018-09-27 11:12:00,0.05,0.05,0.05,0.05,1875,0,11400.0,CE
2018-09-27 11:13:00,0.05,0.05,0.05,0.05,2925,0,11400.0,CE
2018-09-27 11:14:00,0.05,0.1,0.05,0.1,150,0,11400.0,CE
2018-09-27 11:15:00,0.05,0.1,0.05,0.1,2175,0,11400.0,CE
2018-09-27 11:16:00,0.05,0.05,0.05,0.05,900,0,11400.0,CE
2018-09-27 11:17:00,0.05,0.05,0.05,0.05,1350,0,11400.0,CE
2018-09-27 11:20:00,0.1,0.1,0.05,0.1,1725,0,11400.0,CE
2018-09-27 11:21:00,0.05,0.05,0.05,0.05,1275,0,11400.0,CE
2018-09-27 11:22:00,0.05,0.05,0.05,0.05,2025,0,11400.0,CE
2018-09-27 11:23:00,0.05,0.05,0.05,0.05,450,0,11400.0,CE
2018-09-27 11:24:00,0.05,0.05,0.05,0.05,2475,0,11400.0,CE
2018-09-27 11:25:00,0.05,0.1,0.05,0.05,750,0,11400.0,CE
2018-09-27 11:26:00,0.05,0.1,0.05,0.05,2850,0,11400.0,CE
2018-09-27 11:27:00,0.05,0.1,0.05,0.1,675,0,11400.0,CE
2018-09-27 11:28:00,0.05,0.1,0.05,0.1,975,0,11400.0,CE
2018-09-27 11:29:00,0.05,0.05,0.05,0.05,825,0,11400.0,CE
2018-09-27 11:30:00,0.05,0.05,0.05,0.05,825,0,11400.0,CE
2018-09-27 11:31:00,0.05,0.05,0.05,0.05,450,0,11400.0,CE
2018-09-27 11:32:00,0.05,0.05,0.05,0.05,825,0,11400.0,CE
2018-09-27 11:33:00,0.05,0.1,0.05,0.1,825,0,11400.0,CE
2018-09-27 11:34:00,0.05,0.05,0.05,0.05,150,0,11400.0,CE
2018-09-27 11:35:00,0.1,0.1,0.05,0.05,3525,0,11400.0,CE
2018-09-27 11:36:00,0.05,0.05,0.05,0.05,150,0,11400.0,CE
2018-09-27 11:37:00,0.05,0.05,0.05,0.05,150,0,11400.0,CE
2018-09-27 11:38:00,0.1,0.1,0.1,0.1,2100,0,11400.0,CE
2018-09-27 11:39:00,0.05,0.1,0.05,0.05,1425,0,11400.0,CE
2018-09-27 11:40:00,0.05,0.1,0.05,0.05,1950,0,11400.0,CE
2018-09-27 11:41:00,0.05,0.05,0.05,0.05,750,0,11400.0,CE
2018-09-27 11:42:00,0.05,0.05,0.05,0.05,75,0,11400.0,CE
2018-09-27 11:43:00,0.1,0.1,0.05,0.1,26850,0,11400.0,CE
2018-09-27 11:44:00,0.1,0.1,0.05,0.05,33600,0,11400.0,CE
2018-09-27 11:45:00,0.05,0.05,0.05,0.05,2775,0,11400.0,CE
2018-09-27 11:46:00,0.15,0.15,0.05,0.1,6450,0,11400.0,CE
2018-09-27 11:47:00,0.05,0.05,0.05,0.05,1725,0,11400.0,CE
2018-09-27 11:48:00,0.05,0.15,0.05,0.1,2475,0,11400.0,CE
2018-09-27 11:49:00,0.1,0.15,0.1,0.1,1275,0,11400.0,CE
2018-09-27 11:50:00,0.1,0.15,0.1,0.1,3825,0,11400.0,CE
2018-09-27 11:51:00,0.1,0.15,0.1,0.15,14625,0,11400.0,CE
2018-09-27 11:52:00,0.1,0.15,0.1,0.1,1800,0,11400.0,CE
2018-09-27 11:53:00,0.1,0.15,0.1,0.1,2325,0,11400.0,CE
2018-09-27 11:54:00,0.1,0.15,0.1,0.15,1725,0,11400.0,CE
2018-09-27 11:55:00,0.1,0.15,0.1,0.1,3225,0,11400.0,CE
2018-09-27 11:56:00,0.1,0.15,0.1,0.15,975,0,11400.0,CE
2018-09-27 11:58:00,0.1,0.15,0.1,0.15,450,0,11400.0,CE
2018-09-27 11:59:00,0.1,0.15,0.1,0.15,375,0,11400.0,CE
2018-09-27 12:00:00,0.1,0.15,0.1,0.1,1950,0,11400.0,CE
2018-09-27 12:01:00,0.1,0.15,0.1,0.15,1575,0,11400.0,CE
2018-09-27 12:02:00,0.15,0.15,0.1,0.15,2400,0,11400.0,CE
2018-09-27 12:03:00,0.15,0.15,0.1,0.1,375,0,11400.0,CE
2018-09-27 12:04:00,0.1,0.15,0.1,0.15,225,0,11400.0,CE
2018-09-27 12:05:00,0.1,0.15,0.1,0.1,1500,0,11400.0,CE
2018-09-27 12:06:00,0.1,0.15,0.1,0.15,2175,0,11400.0,CE
2018-09-27 12:07:00,0.1,0.1,0.1,0.1,750,0,11400.0,CE
2018-09-27 12:08:00,0.1,0.15,0.1,0.15,1500,0,11400.0,CE
2018-09-27 12:09:00,0.15,0.15,0.1,0.1,3225,0,11400.0,CE
2018-09-27 12:11:00,0.1,0.15,0.1,0.1,7500,0,11400.0,CE
2018-09-27 12:12:00,0.1,0.15,0.1,0.15,525,0,11400.0,CE
2018-09-27 12:13:00,0.1,0.1,0.1,0.1,3150,0,11400.0,CE
2018-09-27 12:14:00,0.1,0.1,0.1,0.1,1275,0,11400.0,CE
2018-09-27 12:15:00,0.1,0.1,0.1,0.1,375,0,11400.0,CE
2018-09-27 12:16:00,0.1,0.1,0.1,0.1,13650,0,11400.0,CE
2018-09-27 12:17:00,0.1,0.15,0.1,0.15,32850,0,11400.0,CE
2018-09-27 12:18:00,0.1,0.1,0.1,0.1,1500,0,11400.0,CE
2018-09-27 12:19:00,0.15,0.15,0.15,0.15,150,0,11400.0,CE
2018-09-27 12:20:00,0.1,0.1,0.1,0.1,450,0,11400.0,CE
2018-09-27 12:21:00,0.1,0.1,0.1,0.1,3525,0,11400.0,CE
2018-09-27 12:22:00,0.15,0.15,0.1,0.1,3300,0,11400.0,CE
2018-09-27 12:23:00,0.1,0.1,0.1,0.1,450,0,11400.0,CE
2018-09-27 12:24:00,0.1,0.1,0.1,0.1,225,0,11400.0,CE
2018-09-27 12:25:00,0.15,0.15,0.15,0.15,225,0,11400.0,CE
2018-09-27 12:26:00,0.1,0.15,0.1,0.15,375,0,11400.0,CE
2018-09-27 12:28:00,0.1,0.15,0.1,0.15,3825,0,11400.0,CE
2018-09-27 12:29:00,0.15,0.15,0.1,0.15,675,0,11400.0,CE
2018-09-27 12:31:00,0.15,0.15,0.1,0.1,2775,0,11400.0,CE
2018-09-27 12:32:00,0.1,0.15,0.1,0.15,825,0,11400.0,CE
2018-09-27 12:33:00,0.1,0.15,0.1,0.1,975,0,11400.0,CE
2018-09-27 12:34:00,0.1,0.15,0.1,0.15,6825,0,11400.0,CE
2018-09-27 12:35:00,0.1,0.1,0.1,0.1,525,0,11400.0,CE
2018-09-27 12:37:00,0.1,0.15,0.1,0.1,300,0,11400.0,CE
2018-09-27 12:38:00,0.1,0.15,0.1,0.15,525,0,11400.0,CE
2018-09-27 12:39:00,0.1,0.1,0.1,0.1,525,0,11400.0,CE
2018-09-27 12:40:00,0.15,0.15,0.1,0.1,600,0,11400.0,CE
2018-09-27 12:41:00,0.1,0.1,0.1,0.1,150,0,11400.0,CE
2018-09-27 12:42:00,0.15,0.15,0.15,0.15,225,0,11400.0,CE
2018-09-27 12:43:00,0.1,0.15,0.1,0.1,1425,0,11400.0,CE
2018-09-27 12:44:00,0.15,0.15,0.1,0.1,975,0,11400.0,CE
2018-09-27 12:45:00,0.1,0.15,0.1,0.15,6525,0,11400.0,CE
2018-09-27 12:46:00,0.15,0.15,0.1,0.1,3000,0,11400.0,CE
2018-09-27 12:47:00,0.15,0.15,0.1,0.1,1275,0,11400.0,CE
2018-09-27 12:48:00,0.15,0.15,0.1,0.1,525,0,11400.0,CE
2018-09-27 12:49:00,0.15,0.15,0.1,0.1,750,0,11400.0,CE
2018-09-27 12:50:00,0.1,0.15,0.1,0.1,1050,0,11400.0,CE
2018-09-27 12:51:00,0.1,0.15,0.1,0.15,1875,0,11400.0,CE
2018-09-27 12:52:00,0.15,0.15,0.15,0.15,300,0,11400.0,CE
2018-09-27 12:53:00,0.1,0.1,0.1,0.1,750,0,11400.0,CE
2018-09-27 12:54:00,0.1,0.1,0.1,0.1,300,0,11400.0,CE
2018-09-27 12:55:00,0.1,0.1,0.1,0.1,675,0,11400.0,CE
2018-09-27 12:56:00,0.1,0.15,0.1,0.15,1725,0,11400.0,CE
2018-09-27 12:57:00,0.1,0.1,0.1,0.1,2100,0,11400.0,CE
2018-09-27 12:58:00,0.15,0.15,0.1,0.1,7350,0,11400.0,CE
2018-09-27 12:59:00,0.1,0.1,0.1,0.1,75,0,11400.0,CE
2018-09-27 13:00:00,0.1,0.1,0.1,0.1,5550,0,11400.0,CE
2018-09-27 13:01:00,0.1,0.1,0.1,0.1,1200,0,11400.0,CE
2018-09-27 13:02:00,0.1,0.1,0.1,0.1,225,0,11400.0,CE
2018-09-27 13:03:00,0.1,0.1,0.1,0.1,10125,0,11400.0,CE
2018-09-27 13:04:00,0.1,0.1,0.05,0.1,40725,0,11400.0,CE
2018-09-27 13:05:00,0.1,0.1,0.05,0.05,81600,0,11400.0,CE
2018-09-27 13:06:00,0.05,0.05,0.05,0.05,257475,0,11400.0,CE
2018-09-27 13:07:00,0.05,0.05,0.05,0.05,29850,0,11400.0,CE
2018-09-27 13:08:00,0.05,0.05,0.05,0.05,75,0,11400.0,CE
2018-09-27 13:09:00,0.1,0.1,0.1,0.1,1350,0,11400.0,CE
2018-09-27 13:10:00,0.05,0.05,0.05,0.05,600,0,11400.0,CE
2018-09-27 13:11:00,0.05,0.05,0.05,0.05,50025,0,11400.0,CE
2018-09-27 13:12:00,0.05,0.1,0.05,0.1,49875,0,11400.0,CE
2018-09-27 13:13:00,0.05,0.1,0.05,0.1,26625,0,11400.0,CE
2018-09-27 13:14:00,0.05,0.05,0.05,0.05,675,0,11400.0,CE
2018-09-27 13:16:00,0.05,0.05,0.05,0.05,300,0,11400.0,CE
2018-09-27 13:17:00,0.05,0.05,0.05,0.05,450,0,11400.0,CE
2018-09-27 13:18:00,0.1,0.1,0.05,0.1,600,0,11400.0,CE
2018-09-27 13:19:00,0.05,0.05,0.05,0.05,1575,0,11400.0,CE
2018-09-27 13:20:00,0.05,0.1,0.05,0.1,375,0,11400.0,CE
2018-09-27 13:21:00,0.05,0.1,0.05,0.1,750,0,11400.0,CE
2018-09-27 13:22:00,0.05,0.05,0.05,0.05,75,0,11400.0,CE
2018-09-27 13:23:00,0.05,0.05,0.05,0.05,375,0,11400.0,CE
2018-09-27 13:24:00,0.05,0.05,0.05,0.05,225,0,11400.0,CE
2018-09-27 13:25:00,0.05,0.05,0.05,0.05,150,0,11400.0,CE
2018-09-27 13:26:00,0.05,0.05,0.05,0.05,900,0,11400.0,CE
2018-09-27 13:27:00,0.1,0.1,0.1,0.1,1125,0,11400.0,CE
2018-09-27 13:28:00,0.05,0.05,0.05,0.05,375,0,11400.0,CE
2018-09-27 13:29:00,0.05,0.05,0.05,0.05,75,0,11400.0,CE
2018-09-27 13:30:00,0.1,0.1,0.1,0.1,150,0,11400.0,CE
2018-09-27 13:31:00,0.05,0.05,0.05,0.05,1350,0,11400.0,CE
2018-09-27 13:32:00,0.05,0.05,0.05,0.05,3000,0,11400.0,CE
2018-09-27 13:33:00,0.05,0.05,0.05,0.05,75,0,11400.0,CE
2018-09-27 13:34:00,0.05,0.05,0.05,0.05,375,0,11400.0,CE
2018-09-27 13:35:00,0.05,0.05,0.05,0.05,300,0,11400.0,CE
2018-09-27 13:36:00,0.05,0.05,0.05,0.05,975,0,11400.0,CE
2018-09-27 13:38:00,0.1,0.1,0.05,0.05,300,0,11400.0,CE
2018-09-27 13:40:00,0.1,0.1,0.1,0.1,225,0,11400.0,CE
2018-09-27 13:41:00,0.05,0.1,0.05,0.1,1650,0,11400.0,CE
2018-09-27 13:42:00,0.05,0.05,0.05,0.05,300,0,11400.0,CE
2018-09-27 13:43:00,0.05,0.1,0.05,0.05,600,0,11400.0,CE
2018-09-27 13:44:00,0.05,0.05,0.05,0.05,75,0,11400.0,CE
2018-09-27 13:45:00,0.05,0.1,0.05,0.05,1275,0,11400.0,CE
2018-09-27 13:46:00,0.05,0.05,0.05,0.05,75,0,11400.0,CE
2018-09-27 13:47:00,0.05,0.1,0.05,0.1,3225,0,11400.0,CE
2018-09-27 13:48:00,0.05,0.05,0.05,0.05,450,0,11400.0,CE
2018-09-27 13:49:00,0.05,0.1,0.05,0.05,675,0,11400.0,CE
2018-09-27 13:50:00,0.05,0.1,0.05,0.1,525,0,11400.0,CE
2018-09-27 13:51:00,0.1,0.1,0.05,0.05,225,0,11400.0,CE
2018-09-27 13:52:00,0.05,0.05,0.05,0.05,225,0,11400.0,CE
2018-09-27 13:54:00,0.05,0.05,0.05,0.05,525,0,11400.0,CE
2018-09-27 13:55:00,0.05,0.05,0.05,0.05,450,0,11400.0,CE
2018-09-27 13:56:00,0.05,0.05,0.05,0.05,75,0,11400.0,CE
2018-09-27 13:57:00,0.1,0.1,0.1,0.1,225,0,11400.0,CE
2018-09-27 13:58:00,0.05,0.05,0.05,0.05,150,0,11400.0,CE
2018-09-27 13:59:00,0.05,0.05,0.05,0.05,75,0,11400.0,CE
2018-09-27 14:00:00,0.05,0.05,0.05,0.05,75,0,11400.0,CE
2018-09-27 14:01:00,0.1,0.1,0.05,0.05,750,0,11400.0,CE
2018-09-27 14:02:00,0.05,0.05,0.05,0.05,150,0,11400.0,CE
2018-09-27 14:03:00,0.05,0.05,0.05,0.05,75,0,11400.0,CE
2018-09-27 14:04:00,0.05,0.05,0.05,0.05,225,0,11400.0,CE
2018-09-27 14:05:00,0.05,0.05,0.05,0.05,150,0,11400.0,CE
2018-09-27 14:06:00,0.05,0.05,0.05,0.05,300,0,11400.0,CE
2018-09-27 14:07:00,0.05,0.05,0.05,0.05,225,0,11400.0,CE
2018-09-27 14:08:00,0.05,0.05,0.05,0.05,225,0,11400.0,CE
2018-09-27 14:09:00,0.05,0.05,0.05,0.05,750,0,11400.0,CE
2018-09-27 14:10:00,0.05,0.05,0.05,0.05,375,0,11400.0,CE
2018-09-27 14:11:00,0.05,0.1,0.05,0.1,300,0,11400.0,CE
2018-09-27 14:12:00,0.05,0.1,0.05,0.05,13125,0,11400.0,CE
2018-09-27 14:13:00,0.1,0.1,0.05,0.05,3300,0,11400.0,CE
2018-09-27 14:14:00,0.05,0.05,0.05,0.05,300,0,11400.0,CE
2018-09-27 14:15:00,0.05,0.1,0.05,0.1,225,0,11400.0,CE
2018-09-27 14:16:00,0.05,0.05,0.05,0.05,75,0,11400.0,CE
2018-09-27 14:17:00,0.05,0.1,0.05,0.05,1950,0,11400.0,CE
2018-09-27 14:18:00,0.05,0.1,0.05,0.1,675,0,11400.0,CE
2018-09-27 14:19:00,0.05,0.1,0.05,0.1,675,0,11400.0,CE
2018-09-27 14:20:00,0.05,0.05,0.05,0.05,375,0,11400.0,CE
2018-09-27 14:21:00,0.05,0.05,0.05,0.05,1875,0,11400.0,CE
2018-09-27 14:23:00,0.05,0.1,0.05,0.05,300,0,11400.0,CE
2018-09-27 14:24:00,0.05,0.1,0.05,0.1,750,0,11400.0,CE
2018-09-27 14:25:00,0.05,0.05,0.05,0.05,450,0,11400.0,CE
2018-09-27 14:26:00,0.05,0.05,0.05,0.05,1275,0,11400.0,CE
2018-09-27 14:28:00,0.05,0.05,0.05,0.05,750,0,11400.0,CE
2018-09-27 14:29:00,0.05,0.05,0.05,0.05,225,0,11400.0,CE
2018-09-27 14:30:00,0.05,0.1,0.05,0.1,2700,0,11400.0,CE
2018-09-27 14:31:00,0.05,0.1,0.05,0.1,1050,0,11400.0,CE
2018-09-27 14:32:00,0.1,0.1,0.05,0.05,225,0,11400.0,CE
2018-09-27 14:33:00,0.05,0.05,0.05,0.05,450,0,11400.0,CE
2018-09-27 14:34:00,0.05,0.05,0.05,0.05,825,0,11400.0,CE
2018-09-27 14:35:00,0.1,0.1,0.05,0.1,525,0,11400.0,CE
2018-09-27 14:36:00,0.05,0.05,0.05,0.05,300,0,11400.0,CE
2018-09-27 14:38:00,0.05,0.1,0.05,0.05,1500,0,11400.0,CE
2018-09-27 14:39:00,0.05,0.1,0.05,0.05,2175,0,11400.0,CE
2018-09-27 14:40:00,0.05,0.05,0.05,0.05,150,0,11400.0,CE
2018-09-27 14:41:00,0.1,0.1,0.05,0.05,675,0,11400.0,CE
2018-09-27 14:42:00,0.1,0.1,0.1,0.1,375,0,11400.0,CE
2018-09-27 14:43:00,0.05,0.05,0.05,0.05,150,0,11400.0,CE
2018-09-27 14:44:00,0.05,0.05,0.05,0.05,150,0,11400.0,CE
2018-09-27 14:45:00,0.1,0.1,0.05,0.05,4875,0,11400.0,CE
2018-09-27 14:46:00,0.05,0.05,0.05,0.05,5025,0,11400.0,CE
2018-09-27 14:47:00,0.05,0.1,0.05,0.1,1650,0,11400.0,CE
2018-09-27 14:48:00,0.05,0.05,0.05,0.05,75,0,11400.0,CE
2018-09-27 14:49:00,0.1,0.1,0.05,0.05,1350,0,11400.0,CE
2018-09-27 14:50:00,0.1,0.1,0.05,0.05,5475,0,11400.0,CE
2018-09-27 14:51:00,0.05,0.1,0.05,0.05,55050,0,11400.0,CE
2018-09-27 14:52:00,0.05,0.05,0.05,0.05,525,0,11400.0,CE
2018-09-27 14:53:00,0.05,0.05,0.05,0.05,158925,0,11400.0,CE
2018-09-27 14:54:00,0.05,0.1,0.05,0.05,183750,0,11400.0,CE
2018-09-27 14:55:00,0.05,0.05,0.05,0.05,75,0,11400.0,CE
2018-09-27 14:56:00,0.05,0.05,0.05,0.05,75,0,11400.0,CE
2018-09-27 14:57:00,0.05,0.05,0.05,0.05,75,0,11400.0,CE
2018-09-27 14:58:00,0.05,0.05,0.05,0.05,225,0,11400.0,CE
2018-09-27 14:59:00,0.05,0.05,0.05,0.05,300,0,11400.0,CE
2018-09-27 15:00:00,0.05,0.1,0.05,0.05,1875,0,11400.0,CE
2018-09-27 15:03:00,0.05,0.05,0.05,0.05,150,0,11400.0,CE
2018-09-27 15:04:00,0.05,0.05,0.05,0.05,1275,0,11400.0,CE
2018-09-27 15:05:00,0.05,0.05,0.05,0.05,75,0,11400.0,CE
2018-09-27 15:09:00,0.05,0.05,0.05,0.05,75,0,11400.0,CE
2018-09-27 15:10:00,0.05,0.05,0.05,0.05,300,0,11400.0,CE
2018-09-27 15:11:00,0.05,0.05,0.05,0.05,75,0,11400.0,CE
2018-09-27 15:12:00,0.05,0.05,0.05,0.05,2400,0,11400.0,CE
2018-09-27 15:13:00,0.05,0.05,0.05,0.05,375,0,11400.0,CE
2018-09-27 15:14:00,0.05,0.05,0.05,0.05,225,0,11400.0,CE
2018-09-27 15:15:00,0.05,0.05,0.05,0.05,750,0,11400.0,CE
2018-09-27 15:16:00,0.05,0.05,0.05,0.05,150,0,11400.0,CE
2018-09-27 15:17:00,0.05,0.05,0.05,0.05,150,0,11400.0,CE
2018-09-27 15:19:00,0.05,0.05,0.05,0.05,1275,0,11400.0,CE
2018-09-27 15:21:00,0.05,0.05,0.05,0.05,150,0,11400.0,CE
2018-09-27 15:22:00,0.05,0.05,0.05,0.05,825,0,11400.0,CE
2018-09-27 15:23:00,0.05,0.05,0.05,0.05,150,0,11400.0,CE
2018-09-27 15:24:00,0.05,0.05,0.05,0.05,150,0,11400.0,CE
2018-09-27 15:25:00,0.05,0.05,0.05,0.05,1050,0,11400.0,CE
2018-09-27 15:26:00,0.05,0.05,0.05,0.05,1875,0,11400.0,CE
2018-09-27 15:27:00,0.05,0.05,0.05,0.05,150,0,11400.0,CE
2018-09-27 15:29:00,0.05,0.05,0.05,0.05,375,0,11400.0,CE
