timestamp,open,high,low,close,volume,oi,strike,option_type
2022-02-08 09:25:00,378.8,378.8,378.8,378.8,101,0,17150.0,CE
2022-02-08 10:33:00,334.65,334.65,334.65,334.65,100,100,17150.0,CE
2022-02-08 10:47:00,334.65,334.65,334.65,334.65,50,0,17150.0,CE
2022-02-08 12:54:00,334.65,334.65,334.65,334.65,50,50,17150.0,CE
2022-02-09 10:06:00,470.15,470.15,470.15,470.15,51,0,17150.0,CE
2022-02-11 09:33:00,447.55,447.55,447.55,447.55,51,50,17150.0,CE
2022-02-14 09:16:00,289.95,290.0,283.0,283.0,452,50,17150.0,CE
2022-02-14 09:17:00,277.0,277.0,277.0,277.0,100,450,17150.0,CE
2022-02-14 09:19:00,274.0,275.0,271.5,271.5,1600,450,17150.0,CE
2022-02-14 09:20:00,267.5,267.5,267.5,267.5,200,1950,17150.0,CE
2022-02-14 09:21:00,278.0,286.6,278.0,286.6,100,1950,17150.0,CE
2022-02-14 09:22:00,290.0,291.55,289.65,291.55,350,1950,17150.0,CE
2022-02-14 09:29:00,291.55,291.55,291.55,291.55,50,2150,17150.0,CE
2022-02-14 09:32:00,267.7,267.7,267.7,267.7,250,2200,17150.0,CE
2022-02-14 09:33:00,274.55,274.55,270.65,273.1,400,2200,17150.0,CE
2022-02-14 09:34:00,273.0,273.0,273.0,273.0,50,2200,17150.0,CE
2022-02-14 09:35:00,275.25,275.25,275.25,275.25,50,2200,17150.0,CE
2022-02-14 09:36:00,288.5,288.5,282.3,282.3,700,2100,17150.0,CE
2022-02-14 09:37:00,283.55,283.55,283.55,283.55,50,2100,17150.0,CE
2022-02-14 09:38:00,285.1,285.1,285.1,285.1,100,2100,17150.0,CE
2022-02-14 09:46:00,267.05,267.05,267.05,267.05,250,2400,17150.0,CE
2022-02-14 09:48:00,267.05,267.05,267.05,267.05,200,2400,17150.0,CE
2022-02-14 09:51:00,275.65,275.65,275.65,275.65,50,2350,17150.0,CE
2022-02-14 09:52:00,277.95,277.95,277.95,277.95,50,2350,17150.0,CE
2022-02-14 09:55:00,282.95,282.95,282.95,282.95,50,2450,17150.0,CE
2022-02-14 10:11:00,283.0,283.0,283.0,283.0,50,2500,17150.0,CE
2022-02-14 10:18:00,278.45,278.45,278.45,278.45,50,2450,17150.0,CE
2022-02-14 10:21:00,279.55,279.55,279.55,279.55,50,2500,17150.0,CE
2022-02-14 10:30:00,289.85,289.85,289.85,289.85,50,2450,17150.0,CE
2022-02-14 10:36:00,284.15,284.15,284.15,284.15,50,2500,17150.0,CE
2022-02-14 10:37:00,290.85,290.85,290.85,290.85,50,2500,17150.0,CE
2022-02-14 10:49:00,293.55,293.55,293.55,293.55,100,2500,17150.0,CE
2022-02-14 10:52:00,293.55,293.55,290.0,290.0,100,2400,17150.0,CE
2022-02-14 10:56:00,288.0,288.0,288.0,288.0,100,2400,17150.0,CE
2022-02-14 10:59:00,288.0,288.0,288.0,288.0,50,2500,17150.0,CE
2022-02-14 11:02:00,290.0,290.0,290.0,290.0,250,2500,17150.0,CE
2022-02-14 11:04:00,289.5,289.5,289.5,289.5,50,2550,17150.0,CE
2022-02-14 11:12:00,280.45,280.45,280.45,280.45,50,2600,17150.0,CE
2022-02-14 11:33:00,275.95,275.95,275.95,275.95,50,2650,17150.0,CE
2022-02-14 11:41:00,269.95,269.95,269.95,269.95,50,2650,17150.0,CE
2022-02-14 12:12:00,263.85,263.85,263.85,263.85,50,2750,17150.0,CE
2022-02-14 12:26:00,263.85,263.85,263.85,263.85,100,2700,17150.0,CE
2022-02-14 12:30:00,269.55,269.55,269.55,269.55,100,2750,17150.0,CE
2022-02-14 12:41:00,256.55,256.55,256.55,256.55,50,2800,17150.0,CE
2022-02-14 12:43:00,254.2,254.2,254.2,254.2,200,2850,17150.0,CE
2022-02-14 12:44:00,250.0,250.0,250.0,250.0,50,2850,17150.0,CE
2022-02-14 12:53:00,250.0,250.0,250.0,250.0,50,3000,17150.0,CE
2022-02-14 12:54:00,247.0,247.0,247.0,247.0,250,3050,17150.0,CE
2022-02-14 13:04:00,261.25,261.25,259.35,259.35,100,2950,17150.0,CE
2022-02-14 13:05:00,260.5,260.7,260.5,260.7,150,2950,17150.0,CE
2022-02-14 13:28:00,274.8,274.8,274.8,274.8,50,2900,17150.0,CE
2022-02-14 13:36:00,264.25,264.55,264.25,264.55,100,2900,17150.0,CE
2022-02-14 13:39:00,269.45,269.45,269.45,269.45,50,2900,17150.0,CE
2022-02-14 13:47:00,257.15,257.15,257.15,257.15,100,2850,17150.0,CE
2022-02-14 13:49:00,251.95,251.95,251.95,251.95,50,2800,17150.0,CE
2022-02-14 13:53:00,261.5,261.5,261.5,261.5,50,2750,17150.0,CE
2022-02-14 13:55:00,253.1,253.1,253.1,253.1,50,2750,17150.0,CE
2022-02-14 13:59:00,250.0,250.0,250.0,250.0,150,2800,17150.0,CE
2022-02-14 14:01:00,246.2,246.2,246.2,246.2,100,2850,17150.0,CE
2022-02-14 14:05:00,246.2,246.2,246.2,246.2,100,2850,17150.0,CE
2022-02-14 14:17:00,243.65,243.65,243.65,243.65,50,2850,17150.0,CE
2022-02-14 14:26:00,223.4,223.4,223.4,223.4,50,2850,17150.0,CE
2022-02-14 14:27:00,222.15,222.15,222.15,222.15,50,2800,17150.0,CE
2022-02-14 14:28:00,221.95,221.95,220.55,220.55,500,2800,17150.0,CE
2022-02-14 14:30:00,217.0,217.0,217.0,217.0,50,2800,17150.0,CE
2022-02-14 14:33:00,217.0,217.0,217.0,217.0,50,3000,17150.0,CE
2022-02-14 14:35:00,222.0,222.0,222.0,222.0,50,3000,17150.0,CE
2022-02-14 14:45:00,214.55,214.55,214.55,214.55,50,2950,17150.0,CE
2022-02-14 15:06:00,214.55,215.2,214.55,215.2,200,2950,17150.0,CE
2022-02-14 15:09:00,211.15,211.15,211.15,211.15,50,2950,17150.0,CE
2022-02-14 15:10:00,211.15,211.15,211.15,211.15,50,2950,17150.0,CE
2022-02-14 15:11:00,211.0,211.0,211.0,211.0,500,2950,17150.0,CE
2022-02-14 15:12:00,211.0,211.0,207.55,207.55,100,2950,17150.0,CE
2022-02-14 15:17:00,207.55,207.55,207.55,207.55,50,2950,17150.0,CE
2022-02-14 15:19:00,208.3,208.3,208.3,208.3,50,3000,17150.0,CE
2022-02-14 15:20:00,206.55,206.55,206.55,206.55,50,3000,17150.0,CE
2022-02-14 15:21:00,206.5,206.5,206.5,206.5,100,3000,17150.0,CE
2022-02-14 15:23:00,206.0,206.0,205.0,205.0,100,2950,17150.0,CE
2022-02-14 15:24:00,205.0,205.0,204.95,204.95,150,2950,17150.0,CE
2022-02-14 15:25:00,204.0,204.0,204.0,204.0,200,3000,17150.0,CE
2022-02-14 15:28:00,200.2,200.2,200.2,200.2,50,3100,17150.0,CE
2022-02-14 15:29:00,200.2,200.2,200.2,200.2,50,3100,17150.0,CE
2022-02-15 09:15:00,228.55,228.55,218.35,218.35,2251,3000,17150.0,CE
2022-02-15 09:16:00,218.35,236.95,218.35,232.75,2950,3000,17150.0,CE
2022-02-15 09:17:00,236.0,236.0,236.0,236.0,50,5600,17150.0,CE
2022-02-15 09:18:00,240.6,240.6,238.5,238.5,500,5600,17150.0,CE
2022-02-15 09:19:00,234.55,238.0,234.55,238.0,300,5600,17150.0,CE
2022-02-15 09:20:00,236.0,237.5,236.0,237.5,300,6100,17150.0,CE
2022-02-15 09:22:00,236.35,239.4,236.35,239.4,150,6100,17150.0,CE
2022-02-15 09:23:00,234.5,234.5,234.5,234.5,50,6350,17150.0,CE
2022-02-15 09:24:00,228.65,228.65,228.65,228.65,50,6350,17150.0,CE
2022-02-15 09:25:00,222.35,222.35,220.7,220.7,150,6350,17150.0,CE
2022-02-15 09:26:00,220.85,220.85,220.85,220.85,50,6350,17150.0,CE
2022-02-15 09:27:00,211.3,220.05,211.3,220.05,300,6250,17150.0,CE
2022-02-15 09:28:00,225.85,225.85,222.3,222.3,100,6250,17150.0,CE
2022-02-15 09:30:00,225.8,225.8,225.8,225.8,150,6200,17150.0,CE
2022-02-15 09:33:00,232.05,232.05,232.05,232.05,50,6350,17150.0,CE
2022-02-15 09:37:00,222.9,222.9,222.9,222.9,50,6300,17150.0,CE
2022-02-15 09:39:00,220.5,220.5,220.5,220.5,50,6300,17150.0,CE
2022-02-15 09:43:00,209.05,209.05,207.5,207.5,150,6300,17150.0,CE
2022-02-15 09:46:00,206.15,206.15,206.15,206.15,50,6300,17150.0,CE
2022-02-15 09:47:00,206.15,208.4,206.15,208.4,200,6300,17150.0,CE
2022-02-15 09:49:00,207.5,207.5,207.5,207.5,50,6300,17150.0,CE
2022-02-15 09:52:00,214.2,214.2,214.2,214.2,100,6250,17150.0,CE
2022-02-15 09:57:00,212.75,212.75,212.75,212.75,50,6250,17150.0,CE
2022-02-15 10:00:00,200.9,200.9,200.9,200.9,50,6300,17150.0,CE
2022-02-15 10:01:00,199.4,199.4,199.4,199.4,50,6300,17150.0,CE
2022-02-15 10:02:00,199.4,199.4,199.4,199.4,50,6300,17150.0,CE
2022-02-15 10:05:00,195.95,195.95,195.95,195.95,50,6300,17150.0,CE
2022-02-15 10:06:00,195.0,195.0,195.0,195.0,50,6300,17150.0,CE
2022-02-15 10:07:00,195.0,195.0,195.0,195.0,100,6300,17150.0,CE
2022-02-15 10:12:00,203.55,203.55,203.55,203.55,50,6450,17150.0,CE
2022-02-15 10:13:00,200.0,200.0,196.15,199.9,150,6450,17150.0,CE
2022-02-15 10:15:00,202.35,202.35,202.35,202.35,50,6350,17150.0,CE
2022-02-15 10:16:00,209.0,209.0,209.0,209.0,100,6350,17150.0,CE
2022-02-15 10:19:00,209.0,209.0,209.0,209.0,50,6250,17150.0,CE
2022-02-15 10:23:00,206.0,206.0,206.0,206.0,50,6250,17150.0,CE
2022-02-15 10:24:00,209.0,209.0,209.0,209.0,50,6250,17150.0,CE
2022-02-15 10:34:00,202.25,202.25,202.25,202.25,50,6150,17150.0,CE
2022-02-15 10:39:00,200.05,200.05,200.05,200.05,50,6150,17150.0,CE
2022-02-15 10:40:00,197.4,197.4,197.4,197.4,50,6150,17150.0,CE
2022-02-15 11:04:00,218.5,218.5,218.5,218.5,50,6150,17150.0,CE
2022-02-15 11:32:00,240.45,240.45,240.45,240.45,50,6200,17150.0,CE
2022-02-15 11:34:00,245.0,245.0,245.0,245.0,50,6150,17150.0,CE
2022-02-15 11:35:00,245.0,245.0,245.0,245.0,50,6150,17150.0,CE
2022-02-15 11:37:00,244.0,245.0,244.0,245.0,100,6100,17150.0,CE
2022-02-15 11:41:00,248.05,248.05,248.05,248.05,50,6000,17150.0,CE
2022-02-15 11:46:00,256.05,256.05,256.05,256.05,100,6000,17150.0,CE
2022-02-15 11:49:00,259.65,259.65,259.65,259.65,950,6050,17150.0,CE
2022-02-15 11:50:00,263.1,263.1,263.1,263.1,100,6050,17150.0,CE
2022-02-15 11:51:00,263.1,263.1,263.1,263.1,100,6000,17150.0,CE
2022-02-15 11:53:00,256.6,256.6,256.6,256.6,50,6000,17150.0,CE
2022-02-15 11:54:00,257.2,257.3,257.2,257.3,100,6100,17150.0,CE
2022-02-15 11:55:00,259.7,260.1,259.7,260.1,100,6100,17150.0,CE
2022-02-15 11:56:00,266.3,266.3,266.3,266.3,50,6100,17150.0,CE
2022-02-15 11:57:00,266.3,267.05,265.3,267.05,200,5950,17150.0,CE
2022-02-15 11:59:00,273.6,273.6,273.6,273.6,100,5950,17150.0,CE
2022-02-15 12:00:00,282.55,282.55,282.55,282.55,300,5950,17150.0,CE
2022-02-15 12:01:00,282.55,282.55,282.55,282.55,50,5950,17150.0,CE
2022-02-15 12:03:00,283.25,283.25,283.25,283.25,50,5850,17150.0,CE
2022-02-15 12:05:00,283.25,283.25,283.25,283.25,100,5850,17150.0,CE
2022-02-15 12:07:00,276.55,276.55,276.55,276.55,100,5900,17150.0,CE
2022-02-15 12:09:00,286.5,289.45,286.5,289.45,600,5800,17150.0,CE
2022-02-15 12:10:00,289.45,289.45,287.3,287.5,250,5800,17150.0,CE
2022-02-15 12:12:00,292.9,292.9,292.9,292.9,50,5800,17150.0,CE
2022-02-15 12:22:00,292.9,292.9,292.9,292.9,50,5550,17150.0,CE
2022-02-15 12:23:00,293.95,293.95,293.95,293.95,50,5550,17150.0,CE
2022-02-15 12:30:00,293.95,293.95,293.95,293.95,50,5500,17150.0,CE
2022-02-15 12:31:00,270.45,273.3,270.45,273.3,100,5500,17150.0,CE
2022-02-15 12:38:00,287.75,287.75,287.75,287.75,200,5550,17150.0,CE
2022-02-15 12:41:00,287.0,287.0,287.0,287.0,50,5550,17150.0,CE
2022-02-15 12:53:00,300.0,300.0,300.0,300.0,50,5550,17150.0,CE
2022-02-15 12:54:00,303.6,303.6,303.6,303.6,100,5500,17150.0,CE
2022-02-15 12:55:00,298.55,298.55,298.55,298.55,200,5500,17150.0,CE
2022-02-15 12:57:00,300.95,300.95,300.95,300.95,50,5800,17150.0,CE
2022-02-15 12:59:00,297.6,297.6,297.6,297.6,50,5800,17150.0,CE
2022-02-15 13:01:00,302.0,302.0,302.0,302.0,100,5800,17150.0,CE
2022-02-15 13:07:00,300.25,300.25,300.25,300.25,50,5700,17150.0,CE
2022-02-15 13:08:00,296.5,296.5,296.5,296.5,50,5700,17150.0,CE
2022-02-15 13:15:00,296.5,298.0,296.5,297.9,250,5700,17150.0,CE
2022-02-15 13:16:00,297.85,297.85,297.85,297.85,50,5700,17150.0,CE
2022-02-15 13:18:00,294.9,294.9,294.9,294.9,50,5700,17150.0,CE
2022-02-15 13:20:00,290.0,290.0,288.4,288.4,200,5700,17150.0,CE
2022-02-15 13:27:00,280.0,280.0,280.0,280.0,100,5700,17150.0,CE
2022-02-15 13:30:00,278.65,278.65,278.65,278.65,50,5600,17150.0,CE
2022-02-15 13:34:00,295.75,295.75,295.75,295.75,50,5550,17150.0,CE
2022-02-15 13:37:00,302.55,306.5,302.55,306.5,650,5600,17150.0,CE
2022-02-15 13:38:00,308.0,308.0,308.0,308.0,50,5600,17150.0,CE
2022-02-15 13:39:00,312.15,312.45,312.15,312.45,150,5400,17150.0,CE
2022-02-15 13:40:00,310.95,314.15,310.95,314.15,150,5400,17150.0,CE
2022-02-15 13:42:00,320.0,321.4,320.0,321.4,150,5400,17150.0,CE
2022-02-15 13:43:00,321.4,322.25,321.4,322.25,200,5500,17150.0,CE
2022-02-15 13:44:00,329.95,330.0,329.95,330.0,150,5500,17150.0,CE
2022-02-15 13:45:00,335.85,336.65,335.85,336.65,1050,6050,17150.0,CE
2022-02-15 13:46:00,336.7,336.7,336.7,336.7,50,6050,17150.0,CE
2022-02-15 13:47:00,341.55,341.55,341.55,341.55,100,6050,17150.0,CE
2022-02-15 13:49:00,342.3,348.95,342.3,348.95,150,5950,17150.0,CE
2022-02-15 13:50:00,349.95,349.95,347.2,347.2,400,5950,17150.0,CE
2022-02-15 13:51:00,337.05,340.05,337.05,338.35,150,5950,17150.0,CE
2022-02-15 13:52:00,342.7,346.4,342.7,346.4,200,5950,17150.0,CE
2022-02-15 13:53:00,345.8,356.85,345.8,356.85,200,5950,17150.0,CE
2022-02-15 13:54:00,359.9,359.9,359.9,359.9,50,6050,17150.0,CE
2022-02-15 13:55:00,366.35,366.35,362.2,362.2,150,6050,17150.0,CE
2022-02-15 13:56:00,364.4,365.05,364.4,365.05,150,6050,17150.0,CE
2022-02-15 13:57:00,369.95,369.95,369.95,369.95,100,6050,17150.0,CE
2022-02-15 13:58:00,358.55,358.55,358.55,358.55,50,6050,17150.0,CE
2022-02-15 13:59:00,353.85,360.0,353.85,360.0,200,6050,17150.0,CE
2022-02-15 14:01:00,373.45,374.95,373.45,374.95,100,6200,17150.0,CE
2022-02-15 14:03:00,374.95,374.95,373.0,373.0,100,6200,17150.0,CE
2022-02-15 14:05:00,373.85,373.85,373.85,373.85,100,6200,17150.0,CE
2022-02-15 14:07:00,382.25,386.2,382.25,386.2,150,6000,17150.0,CE
2022-02-15 14:09:00,396.95,400.0,396.95,400.0,100,6000,17150.0,CE
2022-02-15 14:10:00,400.65,400.65,400.65,400.65,50,6000,17150.0,CE
2022-02-15 14:11:00,402.9,409.2,402.9,409.2,300,6000,17150.0,CE
2022-02-15 14:14:00,396.0,396.0,396.0,396.0,250,5900,17150.0,CE
2022-02-15 14:21:00,391.05,391.05,391.05,391.05,50,5950,17150.0,CE
2022-02-15 14:22:00,391.0,391.0,391.0,391.0,50,5800,17150.0,CE
2022-02-15 14:23:00,392.9,392.9,392.9,392.9,50,5800,17150.0,CE
2022-02-15 14:25:00,382.55,382.55,382.55,382.55,50,5850,17150.0,CE
2022-02-15 14:32:00,398.6,398.6,398.6,398.6,100,5800,17150.0,CE
2022-02-15 14:48:00,418.6,418.6,418.6,418.6,50,5700,17150.0,CE
2022-02-15 14:50:00,420.45,420.45,420.45,420.45,500,5700,17150.0,CE
2022-02-15 14:51:00,425.0,425.0,425.0,425.0,50,5700,17150.0,CE
2022-02-15 14:53:00,434.8,434.8,434.8,434.8,150,5700,17150.0,CE
2022-02-15 14:59:00,410.55,410.55,410.55,410.55,50,5650,17150.0,CE
2022-02-15 15:03:00,430.0,430.0,430.0,430.0,50,5650,17150.0,CE
2022-02-15 15:13:00,424.55,427.05,424.55,427.05,100,5650,17150.0,CE
2022-02-15 15:14:00,432.95,432.95,432.95,432.95,50,5650,17150.0,CE
2022-02-15 15:24:00,437.05,437.05,437.05,437.05,150,5500,17150.0,CE
2022-02-15 15:25:00,437.05,437.05,437.05,437.05,200,5450,17150.0,CE
2022-02-15 15:26:00,428.9,428.9,428.9,428.9,50,5450,17150.0,CE
2022-02-16 09:15:00,459.5,461.5,451.5,451.5,2252,5200,17150.0,CE
2022-02-16 09:16:00,454.4,456.85,452.05,456.85,450,5200,17150.0,CE
2022-02-16 09:19:00,436.6,436.6,436.6,436.6,100,2700,17150.0,CE
2022-02-16 09:26:00,431.7,431.7,431.7,431.7,50,2700,17150.0,CE
2022-02-16 09:27:00,431.7,431.7,431.7,431.7,50,2700,17150.0,CE
2022-02-16 09:28:00,440.25,440.25,440.25,440.25,300,2700,17150.0,CE
2022-02-16 09:29:00,442.35,442.35,442.35,442.35,50,2700,17150.0,CE
2022-02-16 09:33:00,442.35,442.35,442.35,442.35,50,2350,17150.0,CE
2022-02-16 09:34:00,433.7,433.7,433.7,433.7,50,2350,17150.0,CE
2022-02-16 09:36:00,422.3,422.3,422.3,422.3,50,2350,17150.0,CE
2022-02-16 09:37:00,411.0,411.0,411.0,411.0,50,2350,17150.0,CE
2022-02-16 09:40:00,411.0,411.0,411.0,411.0,50,2350,17150.0,CE
2022-02-16 09:57:00,395.8,395.8,395.8,395.8,50,2350,17150.0,CE
2022-02-16 09:59:00,395.8,395.8,395.8,395.8,100,2300,17150.0,CE
2022-02-16 10:03:00,401.8,401.8,401.8,401.8,100,2250,17150.0,CE
2022-02-16 10:05:00,407.45,407.45,407.45,407.45,100,2250,17150.0,CE
2022-02-16 10:09:00,401.0,401.0,401.0,401.0,50,2300,17150.0,CE
2022-02-16 10:25:00,411.35,411.35,411.35,411.35,100,2300,17150.0,CE
2022-02-16 10:46:00,400.05,400.05,400.05,400.05,50,2250,17150.0,CE
2022-02-16 10:51:00,398.65,398.65,398.65,398.65,50,2200,17150.0,CE
2022-02-16 10:59:00,369.55,369.55,369.55,369.55,150,2250,17150.0,CE
2022-02-16 11:00:00,369.55,369.55,369.55,369.55,50,2250,17150.0,CE
2022-02-16 11:03:00,355.25,362.0,355.25,362.0,200,2200,17150.0,CE
2022-02-16 11:28:00,390.05,390.05,389.65,389.65,100,2150,17150.0,CE
2022-02-16 11:32:00,389.05,389.05,389.05,389.05,50,2200,17150.0,CE
2022-02-16 12:15:00,407.0,407.0,407.0,407.0,50,2200,17150.0,CE
2022-02-16 12:30:00,420.75,420.75,420.75,420.75,50,2150,17150.0,CE
2022-02-16 12:53:00,440.45,440.45,440.45,440.45,50,2100,17150.0,CE
2022-02-16 12:54:00,421.6,421.6,421.6,421.6,50,2100,17150.0,CE
2022-02-16 13:01:00,446.0,446.0,446.0,446.0,50,2150,17150.0,CE
2022-02-16 13:06:00,449.55,449.55,449.55,449.55,50,2150,17150.0,CE
2022-02-16 13:12:00,447.55,447.85,447.55,447.85,250,2100,17150.0,CE
2022-02-16 13:15:00,447.95,447.95,447.95,447.95,50,2100,17150.0,CE
2022-02-16 13:20:00,433.0,433.0,433.0,433.0,50,1950,17150.0,CE
2022-02-16 13:47:00,484.55,484.55,484.55,484.55,50,1900,17150.0,CE
2022-02-16 13:50:00,490.0,490.0,490.0,490.0,200,1900,17150.0,CE
2022-02-16 13:55:00,490.0,490.0,476.3,476.3,400,1750,17150.0,CE
2022-02-16 13:56:00,484.95,484.95,484.95,484.95,100,1750,17150.0,CE
2022-02-16 13:58:00,481.55,481.55,481.55,481.55,50,1650,17150.0,CE
2022-02-16 14:02:00,485.95,485.95,485.95,485.95,50,1650,17150.0,CE
2022-02-16 14:04:00,482.65,487.45,482.65,487.45,100,1600,17150.0,CE
2022-02-16 14:05:00,490.9,500.0,490.9,500.0,150,1600,17150.0,CE
2022-02-16 14:17:00,500.0,500.0,500.0,500.0,50,1500,17150.0,CE
2022-02-16 14:20:00,445.55,445.55,445.55,445.55,200,1450,17150.0,CE
2022-02-16 14:22:00,456.05,456.05,456.05,456.05,50,1500,17150.0,CE
2022-02-16 14:23:00,456.65,456.65,456.65,456.65,50,1500,17150.0,CE
2022-02-16 14:30:00,471.85,471.85,471.85,471.85,50,1600,17150.0,CE
2022-02-16 14:38:00,452.55,452.55,452.55,452.55,50,1600,17150.0,CE
2022-02-16 14:39:00,449.85,449.85,449.85,449.85,100,1600,17150.0,CE
2022-02-16 14:40:00,428.95,428.95,428.95,428.95,150,1650,17150.0,CE
2022-02-16 14:42:00,427.5,427.5,427.5,427.5,200,1750,17150.0,CE
2022-02-16 14:43:00,434.35,434.35,431.0,433.1,250,1750,17150.0,CE
2022-02-16 14:46:00,427.65,427.65,426.2,426.2,150,1850,17150.0,CE
2022-02-16 14:47:00,417.65,417.65,417.65,417.65,50,1850,17150.0,CE
2022-02-16 14:51:00,401.95,401.95,401.95,401.95,50,2050,17150.0,CE
2022-02-16 14:52:00,402.45,402.45,388.55,388.55,150,2050,17150.0,CE
2022-02-16 14:53:00,380.65,380.65,380.65,380.65,150,2050,17150.0,CE
2022-02-16 14:54:00,388.25,399.3,388.25,399.3,450,2050,17150.0,CE
2022-02-16 14:55:00,387.0,387.0,387.0,387.0,400,2150,17150.0,CE
2022-02-16 14:56:00,391.55,391.55,391.1,391.1,100,2150,17150.0,CE
2022-02-16 15:00:00,412.35,412.35,412.35,412.35,200,2750,17150.0,CE
2022-02-16 15:01:00,404.2,404.2,404.2,404.2,50,2750,17150.0,CE
2022-02-16 15:02:00,398.5,401.85,398.5,401.85,150,2750,17150.0,CE
2022-02-16 15:06:00,397.5,397.5,397.5,397.5,50,2650,17150.0,CE
2022-02-16 15:11:00,401.55,401.55,401.55,401.55,50,2650,17150.0,CE
2022-02-16 15:18:00,390.4,390.4,390.4,390.4,50,2650,17150.0,CE
2022-02-16 15:19:00,390.0,390.0,389.2,389.2,150,2650,17150.0,CE
2022-02-16 15:20:00,389.0,389.0,389.0,389.0,50,2650,17150.0,CE
2022-02-17 09:15:00,399.0,432.5,399.0,432.5,851,2650,17150.0,CE
2022-02-17 09:16:00,432.5,432.5,432.5,432.5,150,2650,17150.0,CE
2022-02-17 09:17:00,427.5,427.5,427.5,427.5,50,2650,17150.0,CE
2022-02-17 09:19:00,439.0,443.0,439.0,443.0,250,3500,17150.0,CE
2022-02-17 09:26:00,443.0,443.0,443.0,443.0,50,3450,17150.0,CE
2022-02-17 09:27:00,412.05,412.05,412.05,412.05,50,3450,17150.0,CE
2022-02-17 09:28:00,416.95,419.7,416.95,419.7,100,3450,17150.0,CE
2022-02-17 09:30:00,400.5,400.95,399.0,400.95,450,3450,17150.0,CE
2022-02-17 09:32:00,412.95,412.95,412.95,412.95,50,3450,17150.0,CE
2022-02-17 09:33:00,407.6,407.6,407.6,407.6,150,3650,17150.0,CE
2022-02-17 09:35:00,385.85,385.85,385.85,385.85,50,3650,17150.0,CE
2022-02-17 09:36:00,385.85,396.45,385.85,396.05,200,3700,17150.0,CE
2022-02-17 09:37:00,392.35,392.35,392.35,392.35,50,3700,17150.0,CE
2022-02-17 09:38:00,379.8,379.8,379.8,379.8,100,3700,17150.0,CE
2022-02-17 09:39:00,379.8,382.0,379.8,382.0,100,3650,17150.0,CE
2022-02-17 09:41:00,390.05,390.05,390.05,390.05,50,3650,17150.0,CE
2022-02-17 09:44:00,395.55,395.55,388.2,388.2,100,3650,17150.0,CE
2022-02-17 09:45:00,381.0,381.0,381.0,381.0,50,3700,17150.0,CE
2022-02-17 09:50:00,398.7,398.7,398.7,398.7,100,3750,17150.0,CE
2022-02-17 09:52:00,402.0,402.0,402.0,402.0,50,3800,17150.0,CE
2022-02-17 09:58:00,392.65,392.65,392.65,392.65,100,3850,17150.0,CE
2022-02-17 10:00:00,392.15,392.15,392.15,392.15,100,3800,17150.0,CE
2022-02-17 10:29:00,370.0,370.0,370.0,370.0,750,3800,17150.0,CE
2022-02-17 10:34:00,370.0,370.0,370.0,370.0,50,4200,17150.0,CE
2022-02-17 10:38:00,383.65,383.65,383.65,383.65,100,4150,17150.0,CE
2022-02-17 10:39:00,385.0,385.0,385.0,385.0,650,4200,17150.0,CE
2022-02-17 10:40:00,386.45,386.45,386.45,386.45,50,4200,17150.0,CE
2022-02-17 10:42:00,396.35,396.35,396.35,396.35,100,4200,17150.0,CE
2022-02-17 10:50:00,404.0,405.3,404.0,405.3,150,4250,17150.0,CE
2022-02-17 10:56:00,414.0,415.95,414.0,415.95,100,4200,17150.0,CE
2022-02-17 10:57:00,414.6,414.6,414.6,414.6,50,4200,17150.0,CE
2022-02-17 10:59:00,428.35,428.35,428.35,428.35,50,4200,17150.0,CE
2022-02-17 11:00:00,433.0,433.0,433.0,433.0,50,4200,17150.0,CE
2022-02-17 11:01:00,437.95,437.95,437.95,437.95,50,4200,17150.0,CE
2022-02-17 11:10:00,431.0,431.0,431.0,431.0,100,4300,17150.0,CE
2022-02-17 11:21:00,420.95,424.95,420.95,424.95,100,4400,17150.0,CE
2022-02-17 11:40:00,420.0,420.0,420.0,420.0,150,4400,17150.0,CE
2022-02-17 11:45:00,406.55,406.55,406.55,406.55,50,4550,17150.0,CE
2022-02-17 11:47:00,415.0,415.0,415.0,415.0,200,4550,17150.0,CE
2022-02-17 11:49:00,415.15,415.15,415.15,415.15,100,4700,17150.0,CE
2022-02-17 11:57:00,416.5,416.5,416.5,416.5,100,4650,17150.0,CE
2022-02-17 12:05:00,436.5,436.5,436.5,436.5,100,4600,17150.0,CE
2022-02-17 12:15:00,431.45,431.45,431.45,431.45,50,4500,17150.0,CE
2022-02-17 12:48:00,431.5,431.5,431.5,431.5,100,4450,17150.0,CE
2022-02-17 12:50:00,436.5,436.5,436.5,436.5,200,4500,17150.0,CE
2022-02-17 12:53:00,435.15,435.15,435.15,435.15,100,4350,17150.0,CE
2022-02-17 13:13:00,449.45,449.45,449.45,449.45,50,4350,17150.0,CE
2022-02-17 13:14:00,449.45,449.45,449.45,449.45,50,4350,17150.0,CE
2022-02-17 13:19:00,444.4,444.4,444.4,444.4,50,4400,17150.0,CE
2022-02-17 13:22:00,440.7,440.7,440.7,440.7,150,4400,17150.0,CE
2022-02-17 13:25:00,432.25,432.25,425.05,425.05,100,4400,17150.0,CE
2022-02-17 13:28:00,425.65,425.65,425.65,425.65,100,4550,17150.0,CE
2022-02-17 13:53:00,447.35,447.35,447.35,447.35,100,4650,17150.0,CE
2022-02-17 13:55:00,440.0,440.0,440.0,440.0,50,4650,17150.0,CE
2022-02-17 13:57:00,432.3,432.3,432.3,432.3,50,4650,17150.0,CE
2022-02-17 13:58:00,430.1,430.1,430.1,430.1,50,4650,17150.0,CE
2022-02-17 14:01:00,437.1,437.1,437.1,437.1,100,4650,17150.0,CE
2022-02-17 14:03:00,437.0,437.0,437.0,437.0,150,4650,17150.0,CE
2022-02-17 14:04:00,424.35,424.35,424.35,424.35,50,4650,17150.0,CE
2022-02-17 14:09:00,426.9,426.9,426.9,426.9,100,4650,17150.0,CE
2022-02-17 14:12:00,423.55,423.55,423.55,423.55,50,4650,17150.0,CE
2022-02-17 14:13:00,418.05,418.05,418.05,418.05,100,4600,17150.0,CE
2022-02-17 14:14:00,407.1,407.1,407.1,407.1,50,4600,17150.0,CE
2022-02-17 14:19:00,409.8,410.65,409.5,410.65,200,4650,17150.0,CE
2022-02-17 14:26:00,420.95,420.95,420.95,420.95,50,4750,17150.0,CE
2022-02-17 14:27:00,418.85,418.85,418.85,418.85,50,4750,17150.0,CE
2022-02-17 14:32:00,420.95,420.95,420.95,420.95,150,4800,17150.0,CE
2022-02-17 14:48:00,400.0,400.0,400.0,400.0,200,4750,17150.0,CE
2022-02-17 14:49:00,396.0,396.0,396.0,396.0,200,4750,17150.0,CE
2022-02-17 14:58:00,408.65,408.65,407.8,407.8,100,4800,17150.0,CE
2022-02-17 14:59:00,410.85,410.85,410.85,410.85,50,4800,17150.0,CE
2022-02-17 15:00:00,412.7,412.7,412.7,412.7,100,4800,17150.0,CE
2022-02-17 15:01:00,409.15,409.15,406.35,406.35,200,4900,17150.0,CE
2022-02-17 15:02:00,399.65,399.65,399.65,399.65,100,4900,17150.0,CE
2022-02-17 15:06:00,415.2,415.2,415.2,415.2,50,4900,17150.0,CE
2022-02-17 15:09:00,409.45,409.45,409.45,409.45,50,4900,17150.0,CE
2022-02-17 15:12:00,397.95,397.95,397.95,397.95,50,4900,17150.0,CE
2022-02-17 15:15:00,390.0,390.0,390.0,390.0,50,4900,17150.0,CE
2022-02-17 15:20:00,385.55,385.55,385.55,385.55,50,5100,17150.0,CE
2022-02-17 15:23:00,389.0,389.0,389.0,389.0,50,4900,17150.0,CE
2022-02-17 15:25:00,380.1,380.1,380.1,380.1,100,4900,17150.0,CE
2022-02-18 09:16:00,399.95,399.95,387.45,387.45,551,4600,17150.0,CE
2022-02-18 09:17:00,393.5,408.0,393.5,408.0,350,4400,17150.0,CE
2022-02-18 09:18:00,406.55,410.05,406.55,410.05,100,4400,17150.0,CE
2022-02-18 09:20:00,410.05,410.05,399.5,399.5,100,4550,17150.0,CE
2022-02-18 09:21:00,410.0,410.0,410.0,410.0,50,4550,17150.0,CE
2022-02-18 09:23:00,410.0,410.0,410.0,410.0,50,4550,17150.0,CE
2022-02-18 09:24:00,410.0,410.0,409.85,409.85,100,4550,17150.0,CE
2022-02-18 09:25:00,404.15,404.15,396.65,400.0,150,4550,17150.0,CE
2022-02-18 09:26:00,404.5,404.5,404.5,404.5,50,4750,17150.0,CE
2022-02-18 09:27:00,395.0,395.0,395.0,395.0,50,4750,17150.0,CE
2022-02-18 09:30:00,410.0,414.0,410.0,414.0,800,4900,17150.0,CE
2022-02-18 09:34:00,418.5,418.5,418.5,418.5,100,4850,17150.0,CE
2022-02-18 09:35:00,418.5,418.5,418.5,418.5,100,5450,17150.0,CE
2022-02-18 09:36:00,404.9,404.9,404.9,404.9,50,5450,17150.0,CE
2022-02-18 09:39:00,406.95,406.95,406.95,406.95,50,5450,17150.0,CE
2022-02-18 09:41:00,394.55,397.95,394.55,396.0,800,5550,17150.0,CE
2022-02-18 09:45:00,387.95,387.95,387.95,387.95,50,5000,17150.0,CE
2022-02-18 09:46:00,383.4,383.4,383.4,383.4,500,5000,17150.0,CE
2022-02-18 09:47:00,382.45,382.45,382.45,382.45,50,5000,17150.0,CE
2022-02-18 09:52:00,382.45,382.45,382.45,382.45,100,5350,17150.0,CE
2022-02-18 09:56:00,387.4,387.4,387.4,387.4,650,5350,17150.0,CE
2022-02-18 09:57:00,395.0,395.0,395.0,395.0,100,5300,17150.0,CE
2022-02-18 10:01:00,398.8,398.8,398.8,398.8,50,5300,17150.0,CE
2022-02-18 10:04:00,406.0,406.0,406.0,406.0,100,5600,17150.0,CE
2022-02-18 10:06:00,401.5,404.35,401.5,404.35,250,5550,17150.0,CE
2022-02-18 10:10:00,393.05,393.05,386.65,386.65,100,5450,17150.0,CE
2022-02-18 10:12:00,399.75,399.75,399.75,399.75,100,5450,17150.0,CE
2022-02-18 10:18:00,396.0,396.0,396.0,396.0,50,5100,17150.0,CE
2022-02-18 10:21:00,396.5,396.5,396.5,396.5,100,5150,17150.0,CE
2022-02-18 10:23:00,395.35,395.35,395.35,395.35,100,5150,17150.0,CE
2022-02-18 10:36:00,382.95,382.95,382.95,382.95,50,5100,17150.0,CE
2022-02-18 10:40:00,380.0,380.0,380.0,380.0,50,5100,17150.0,CE
2022-02-18 10:42:00,380.0,380.0,380.0,380.0,50,5150,17150.0,CE
2022-02-18 10:46:00,383.25,383.25,383.25,383.25,450,5200,17150.0,CE
2022-02-18 10:54:00,375.0,375.0,375.0,375.0,50,5000,17150.0,CE
2022-02-18 10:59:00,375.0,375.0,375.0,375.0,50,5000,17150.0,CE
2022-02-18 11:02:00,394.0,394.0,394.0,394.0,50,4950,17150.0,CE
2022-02-18 11:03:00,393.0,393.0,393.0,393.0,50,4950,17150.0,CE
2022-02-18 11:05:00,394.55,394.55,394.55,394.55,300,4950,17150.0,CE
2022-02-18 11:13:00,405.0,405.0,405.0,405.0,100,4900,17150.0,CE
2022-02-18 11:14:00,407.6,407.6,407.6,407.6,50,4900,17150.0,CE
2022-02-18 11:29:00,393.55,394.2,393.55,394.2,200,4750,17150.0,CE
2022-02-18 11:34:00,394.2,394.2,394.2,394.2,50,4850,17150.0,CE
2022-02-18 11:37:00,404.35,404.35,404.35,404.35,50,4900,17150.0,CE
2022-02-18 11:41:00,405.9,405.9,405.9,405.9,50,4850,17150.0,CE
2022-02-18 11:58:00,414.0,414.0,408.5,408.5,250,4850,17150.0,CE
2022-02-18 12:01:00,414.05,414.05,414.05,414.05,100,5100,17150.0,CE
2022-02-18 12:10:00,418.0,418.0,418.0,418.0,200,5000,17150.0,CE
2022-02-18 12:16:00,416.05,418.15,416.0,418.15,300,4900,17150.0,CE
2022-02-18 12:17:00,423.0,423.0,423.0,423.0,100,4900,17150.0,CE
2022-02-18 12:20:00,423.0,423.0,423.0,423.0,200,4700,17150.0,CE
2022-02-18 12:22:00,413.0,413.0,413.0,413.0,150,4900,17150.0,CE
2022-02-18 12:26:00,414.05,414.05,414.05,414.05,100,4950,17150.0,CE
2022-02-18 12:44:00,424.4,424.4,424.4,424.4,50,5000,17150.0,CE
2022-02-18 12:45:00,430.2,430.2,430.2,430.2,350,4700,17150.0,CE
2022-02-18 12:47:00,429.7,429.7,429.7,429.7,50,4700,17150.0,CE
2022-02-18 12:52:00,429.7,429.7,429.7,429.7,200,4750,17150.0,CE
2022-02-18 12:53:00,429.05,429.05,429.05,429.05,50,4750,17150.0,CE
2022-02-18 12:59:00,428.25,428.25,428.25,428.25,100,4800,17150.0,CE
2022-02-18 13:04:00,416.9,416.9,416.9,416.9,300,4850,17150.0,CE
2022-02-18 13:06:00,420.0,420.0,420.0,420.0,50,4850,17150.0,CE
2022-02-18 13:10:00,429.0,429.0,429.0,429.0,100,4850,17150.0,CE
2022-02-18 13:11:00,429.0,432.25,429.0,432.25,400,4850,17150.0,CE
2022-02-18 13:12:00,432.25,432.25,432.25,432.25,100,4700,17150.0,CE
2022-02-18 13:20:00,428.25,428.25,428.25,428.25,100,4650,17150.0,CE
2022-02-18 13:21:00,428.25,428.25,428.25,428.25,50,4650,17150.0,CE
2022-02-18 13:25:00,415.0,415.0,409.05,409.05,100,4400,17150.0,CE
2022-02-18 13:29:00,409.05,409.05,409.05,409.05,50,4450,17150.0,CE
2022-02-18 13:30:00,411.6,412.4,411.6,412.4,150,4450,17150.0,CE
2022-02-18 13:31:00,414.9,414.9,414.9,414.9,100,4450,17150.0,CE
2022-02-18 13:32:00,413.7,413.7,413.7,413.7,50,4450,17150.0,CE
2022-02-18 13:43:00,413.85,413.85,413.85,413.85,50,4300,17150.0,CE
2022-02-18 13:54:00,414.7,414.7,414.7,414.7,50,4250,17150.0,CE
2022-02-18 14:04:00,411.0,411.0,411.0,411.0,50,4300,17150.0,CE
2022-02-18 14:07:00,415.0,415.0,415.0,415.0,50,4300,17150.0,CE
2022-02-18 14:11:00,410.0,410.0,410.0,410.0,50,4300,17150.0,CE
2022-02-18 14:14:00,406.7,406.7,397.0,397.0,200,4350,17150.0,CE
2022-02-18 14:19:00,390.0,390.0,377.0,377.0,950,4450,17150.0,CE
2022-02-18 14:21:00,377.45,377.45,377.45,377.45,50,4450,17150.0,CE
2022-02-18 14:24:00,370.45,370.45,370.45,370.45,50,4950,17150.0,CE
2022-02-18 14:25:00,370.45,370.45,370.45,370.45,50,4950,17150.0,CE
2022-02-18 14:26:00,381.45,381.45,381.45,381.45,100,4950,17150.0,CE
2022-02-18 14:28:00,381.45,381.45,381.45,381.45,50,5050,17150.0,CE
2022-02-18 14:31:00,370.55,370.55,370.55,370.55,50,5000,17150.0,CE
2022-02-18 14:32:00,378.85,378.85,378.85,378.85,50,5000,17150.0,CE
2022-02-18 14:33:00,380.2,380.2,380.2,380.2,50,5000,17150.0,CE
2022-02-18 14:34:00,378.1,378.1,378.1,378.1,50,5050,17150.0,CE
2022-02-18 14:35:00,380.5,380.5,380.5,380.5,200,5050,17150.0,CE
2022-02-18 14:36:00,380.0,380.0,380.0,380.0,50,5050,17150.0,CE
2022-02-18 14:39:00,376.0,376.0,376.0,376.0,100,5250,17150.0,CE
2022-02-18 14:45:00,363.0,363.0,363.0,363.0,50,5200,17150.0,CE
2022-02-18 14:46:00,361.95,361.95,361.95,361.95,50,5150,17150.0,CE
2022-02-18 14:48:00,361.95,361.95,361.95,361.95,50,5150,17150.0,CE
2022-02-18 14:54:00,366.45,366.45,366.45,366.45,50,5150,17150.0,CE
2022-02-18 15:01:00,382.95,382.95,382.95,382.95,50,5200,17150.0,CE
2022-02-18 15:02:00,387.0,387.0,387.0,387.0,100,5200,17150.0,CE
2022-02-18 15:04:00,373.95,373.95,373.95,373.95,100,5300,17150.0,CE
2022-02-18 15:06:00,376.0,380.0,376.0,380.0,150,5300,17150.0,CE
2022-02-18 15:08:00,376.0,376.0,376.0,376.0,50,5250,17150.0,CE
2022-02-18 15:10:00,369.5,369.5,369.5,369.5,50,5300,17150.0,CE
2022-02-18 15:16:00,370.05,370.55,370.05,370.55,150,5200,17150.0,CE
2022-02-18 15:17:00,370.0,370.0,370.0,370.0,50,5200,17150.0,CE
2022-02-18 15:19:00,363.85,363.85,363.85,363.85,50,5250,17150.0,CE
2022-02-18 15:22:00,369.05,369.05,369.05,369.05,50,5200,17150.0,CE
2022-02-18 15:25:00,367.2,367.2,367.2,367.2,50,5200,17150.0,CE
2022-02-18 15:28:00,370.0,370.0,370.0,370.0,50,5150,17150.0,CE
2022-02-18 15:29:00,368.95,368.95,368.95,368.95,50,5150,17150.0,CE
2022-02-21 09:15:00,312.55,335.0,312.5,330.0,1252,5200,17150.0,CE
2022-02-21 09:16:00,324.0,327.05,319.0,327.05,500,5200,17150.0,CE
2022-02-21 09:17:00,329.0,329.0,322.0,322.0,400,5550,17150.0,CE
2022-02-21 09:18:00,325.6,325.6,310.1,310.1,850,5550,17150.0,CE
2022-02-21 09:19:00,310.1,310.1,310.0,310.0,400,5550,17150.0,CE
2022-02-21 09:20:00,303.75,313.95,303.75,309.0,250,5450,17150.0,CE
2022-02-21 09:21:00,310.9,310.9,301.15,301.15,1400,5450,17150.0,CE
2022-02-21 09:22:00,302.15,305.5,295.0,295.0,2800,5450,17150.0,CE
2022-02-21 09:23:00,295.0,297.25,293.0,293.0,1800,5450,17150.0,CE
2022-02-21 09:24:00,290.75,298.05,290.0,295.1,800,5450,17150.0,CE
2022-02-21 09:25:00,294.35,298.2,288.0,290.5,3200,5450,17150.0,CE
2022-02-21 09:26:00,288.7,289.9,286.75,286.75,1900,9050,17150.0,CE
2022-02-21 09:27:00,285.7,289.4,283.45,288.3,850,9050,17150.0,CE
2022-02-21 09:28:00,287.4,287.55,284.0,284.0,2150,9050,17150.0,CE
2022-02-21 09:29:00,284.0,284.0,278.25,280.45,3850,13500,17150.0,CE
2022-02-21 09:30:00,280.85,289.25,272.6,285.95,7200,13500,17150.0,CE
2022-02-21 09:31:00,284.8,287.9,284.0,286.0,2850,13500,17150.0,CE
2022-02-21 09:32:00,289.1,289.1,278.7,284.25,2100,17900,17150.0,CE
2022-02-21 09:33:00,281.5,284.4,280.2,282.0,500,17900,17150.0,CE
2022-02-21 09:34:00,280.0,280.0,268.95,272.0,2750,17900,17150.0,CE
2022-02-21 09:35:00,272.25,275.35,267.8,274.0,2300,18650,17150.0,CE
2022-02-21 09:36:00,272.95,272.95,270.45,272.1,1100,18650,17150.0,CE
2022-02-21 09:37:00,271.45,275.0,270.0,272.75,1650,18650,17150.0,CE
2022-02-21 09:38:00,273.25,273.25,269.1,271.0,1200,20050,17150.0,CE
2022-02-21 09:39:00,271.5,271.95,262.1,265.45,2900,20050,17150.0,CE
2022-02-21 09:40:00,266.3,266.3,262.4,265.75,800,20050,17150.0,CE
2022-02-21 09:41:00,272.8,273.25,268.15,268.15,1450,21800,17150.0,CE
2022-02-21 09:42:00,268.9,272.95,268.9,270.15,850,21800,17150.0,CE
2022-02-21 09:43:00,275.0,276.4,274.25,276.3,4300,21800,17150.0,CE
2022-02-21 09:44:00,277.15,277.45,272.3,275.85,1750,21900,17150.0,CE
2022-02-21 09:45:00,275.25,281.2,272.0,280.1,2400,21900,17150.0,CE
2022-02-21 09:46:00,280.25,282.1,276.8,276.8,1550,21900,17150.0,CE
2022-02-21 09:47:00,277.95,277.95,274.7,274.95,4750,24750,17150.0,CE
2022-02-21 09:48:00,276.85,280.35,276.8,280.35,1550,24750,17150.0,CE
2022-02-21 09:49:00,280.65,283.45,279.9,282.0,2100,24750,17150.0,CE
2022-02-21 09:50:00,282.0,282.0,278.0,278.0,800,24400,17150.0,CE
2022-02-21 09:51:00,278.9,282.15,276.1,281.6,2800,24400,17150.0,CE
2022-02-21 09:52:00,283.0,285.1,282.4,283.4,1800,24400,17150.0,CE
2022-02-21 09:53:00,283.25,283.25,280.0,281.7,950,26800,17150.0,CE
2022-02-21 09:54:00,279.45,284.7,279.45,284.7,450,26800,17150.0,CE
2022-02-21 09:55:00,284.75,285.7,280.6,283.3,3950,26800,17150.0,CE
2022-02-21 09:56:00,285.0,289.55,285.0,286.0,2550,31600,17150.0,CE
2022-02-21 09:57:00,285.6,288.0,282.9,288.0,1450,31600,17150.0,CE
2022-02-21 09:58:00,288.05,289.95,285.05,289.95,2600,31600,17150.0,CE
2022-02-21 09:59:00,288.25,289.75,284.85,285.85,1200,31500,17150.0,CE
2022-02-21 10:00:00,284.85,287.1,276.05,277.0,1700,31500,17150.0,CE
2022-02-21 10:01:00,276.05,277.5,269.55,271.0,1200,31500,17150.0,CE
2022-02-21 10:02:00,274.2,279.35,273.05,279.35,1950,31350,17150.0,CE
2022-02-21 10:03:00,281.85,282.2,277.25,277.65,1150,31350,17150.0,CE
2022-02-21 10:04:00,276.0,276.0,271.6,273.8,1000,31350,17150.0,CE
2022-02-21 10:05:00,272.45,275.5,268.4,271.45,4500,31100,17150.0,CE
2022-02-21 10:06:00,266.85,271.1,266.85,267.0,1650,31100,17150.0,CE
2022-02-21 10:07:00,266.95,271.0,266.15,271.0,2450,31100,17150.0,CE
2022-02-21 10:08:00,269.75,271.6,268.2,271.5,1950,31900,17150.0,CE
2022-02-21 10:09:00,270.9,275.1,270.9,272.25,1200,31900,17150.0,CE
2022-02-21 10:10:00,275.85,279.75,275.85,278.45,3700,31900,17150.0,CE
2022-02-21 10:11:00,278.05,280.2,276.5,279.5,1500,30800,17150.0,CE
2022-02-21 10:12:00,280.95,280.95,277.25,280.0,1650,30800,17150.0,CE
2022-02-21 10:13:00,279.55,280.0,274.75,274.75,800,30800,17150.0,CE
2022-02-21 10:14:00,274.8,274.8,272.0,272.85,500,30800,17150.0,CE
2022-02-21 10:15:00,270.65,270.65,264.6,267.15,2350,32400,17150.0,CE
2022-02-21 10:16:00,267.5,267.5,263.0,264.0,2350,32400,17150.0,CE
2022-02-21 10:17:00,263.6,268.3,263.6,268.3,1100,34400,17150.0,CE
2022-02-21 10:18:00,271.05,273.2,267.15,267.15,2300,34400,17150.0,CE
2022-02-21 10:19:00,265.0,267.95,264.15,266.8,4100,34400,17150.0,CE
2022-02-21 10:20:00,265.2,266.45,263.8,264.45,1900,37150,17150.0,CE
2022-02-21 10:21:00,263.1,267.65,262.9,267.65,750,37150,17150.0,CE
2022-02-21 10:22:00,268.2,270.05,268.2,270.05,1750,37150,17150.0,CE
2022-02-21 10:23:00,271.0,271.0,264.05,266.3,1400,36550,17150.0,CE
2022-02-21 10:24:00,265.05,266.3,264.2,266.3,350,36550,17150.0,CE
2022-02-21 10:25:00,268.4,270.3,266.75,267.2,650,36550,17150.0,CE
2022-02-21 10:26:00,271.85,275.0,271.85,273.1,4100,36400,17150.0,CE
2022-02-21 10:27:00,271.6,273.6,269.25,273.6,1950,36400,17150.0,CE
2022-02-21 10:28:00,272.35,272.35,269.35,270.45,1300,36400,17150.0,CE
2022-02-21 10:29:00,268.0,274.4,268.0,274.4,350,36400,17150.0,CE
2022-02-21 10:30:00,275.0,277.2,273.65,277.15,2000,35950,17150.0,CE
2022-02-21 10:31:00,276.95,279.0,276.95,277.15,1400,35950,17150.0,CE
2022-02-21 10:32:00,277.0,277.7,275.25,276.15,500,36400,17150.0,CE
2022-02-21 10:33:00,275.55,275.55,273.65,273.7,600,36400,17150.0,CE
2022-02-21 10:34:00,276.05,276.9,275.5,275.75,650,36400,17150.0,CE
2022-02-21 10:35:00,278.4,279.4,277.0,277.85,700,37550,17150.0,CE
2022-02-21 10:36:00,277.75,281.55,276.1,279.95,1750,37550,17150.0,CE
2022-02-21 10:37:00,280.45,283.1,280.1,281.35,1900,37550,17150.0,CE
2022-02-21 10:38:00,280.0,282.3,279.95,280.5,1800,37550,17150.0,CE
2022-02-21 10:39:00,282.0,288.55,282.0,288.55,1250,36850,17150.0,CE
2022-02-21 10:40:00,288.35,294.0,287.3,293.25,5750,36850,17150.0,CE
2022-02-21 10:41:00,292.9,297.6,291.0,297.6,2950,36000,17150.0,CE
2022-02-21 10:42:00,296.85,304.65,296.85,297.5,3400,36000,17150.0,CE
2022-02-21 10:43:00,294.8,297.65,292.95,297.6,1000,36000,17150.0,CE
2022-02-21 10:44:00,297.6,297.6,293.75,296.2,450,36000,17150.0,CE
2022-02-21 10:45:00,300.0,301.05,298.55,298.55,1550,34900,17150.0,CE
2022-02-21 10:46:00,298.15,303.95,298.15,302.6,2250,34900,17150.0,CE
2022-02-21 10:47:00,302.6,303.8,300.6,302.05,550,34900,17150.0,CE
2022-02-21 10:48:00,302.25,302.25,297.0,297.65,250,34200,17150.0,CE
2022-02-21 10:49:00,297.5,297.5,289.85,289.85,1100,34200,17150.0,CE
2022-02-21 10:50:00,290.7,294.3,285.0,285.0,1100,33450,17150.0,CE
2022-02-21 10:51:00,285.2,289.85,285.0,288.95,700,33450,17150.0,CE
2022-02-21 10:52:00,286.0,293.65,285.85,290.0,650,33450,17150.0,CE
2022-02-21 10:53:00,291.7,300.0,291.7,300.0,2400,31850,17150.0,CE
2022-02-21 10:54:00,301.45,307.95,301.45,307.9,1450,31850,17150.0,CE
2022-02-21 10:55:00,309.9,312.0,307.1,307.4,3850,31850,17150.0,CE
2022-02-21 10:56:00,307.45,312.0,304.75,312.0,1350,32100,17150.0,CE
2022-02-21 10:57:00,312.0,318.8,311.45,311.45,3550,32100,17150.0,CE
2022-02-21 10:58:00,311.75,311.75,307.35,307.35,700,32100,17150.0,CE
2022-02-21 10:59:00,301.5,307.0,301.5,307.0,400,32100,17150.0,CE
2022-02-21 11:00:00,308.45,310.55,307.5,307.5,200,31300,17150.0,CE
2022-02-21 11:01:00,303.2,303.2,299.25,299.25,500,31300,17150.0,CE
2022-02-21 11:02:00,297.95,301.55,295.2,300.35,600,31300,17150.0,CE
2022-02-21 11:03:00,301.95,304.7,297.85,297.85,750,29850,17150.0,CE
2022-02-21 11:04:00,300.7,303.2,300.7,303.2,200,29850,17150.0,CE
2022-02-21 11:05:00,305.0,310.0,304.85,310.0,900,29850,17150.0,CE
2022-02-21 11:06:00,307.15,310.45,307.15,308.25,200,29700,17150.0,CE
2022-02-21 11:07:00,308.15,311.0,308.15,311.0,100,29700,17150.0,CE
2022-02-21 11:08:00,310.2,310.2,310.2,310.2,50,29700,17150.0,CE
2022-02-21 11:09:00,309.95,309.95,308.9,308.9,100,29500,17150.0,CE
2022-02-21 11:10:00,312.0,314.0,311.7,312.55,350,29500,17150.0,CE
2022-02-21 11:11:00,312.7,313.75,311.1,313.75,800,28850,17150.0,CE
2022-02-21 11:12:00,314.1,314.1,311.9,311.9,550,28850,17150.0,CE
2022-02-21 11:13:00,307.75,307.75,307.75,307.75,50,28850,17150.0,CE
2022-02-21 11:14:00,311.9,312.1,311.9,312.1,100,28850,17150.0,CE
2022-02-21 11:15:00,317.0,323.55,317.0,322.85,1350,28550,17150.0,CE
2022-02-21 11:16:00,318.65,322.25,317.55,317.55,300,28550,17150.0,CE
2022-02-21 11:17:00,316.0,319.4,316.0,319.4,850,28550,17150.0,CE
2022-02-21 11:18:00,316.55,316.55,311.55,311.55,400,28800,17150.0,CE
2022-02-21 11:19:00,311.85,314.0,309.4,309.95,700,28800,17150.0,CE
2022-02-21 11:20:00,306.2,307.05,306.2,307.05,200,28800,17150.0,CE
2022-02-21 11:21:00,308.7,308.7,307.0,307.0,100,29200,17150.0,CE
2022-02-21 11:22:00,305.0,306.1,303.1,303.1,250,29200,17150.0,CE
2022-02-21 11:23:00,303.05,308.85,303.05,308.85,900,29200,17150.0,CE
2022-02-21 11:24:00,310.05,318.45,310.05,318.45,650,28650,17150.0,CE
2022-02-21 11:25:00,319.0,320.1,318.85,319.7,1450,28650,17150.0,CE
2022-02-21 11:26:00,309.45,312.0,309.45,312.0,250,28650,17150.0,CE
2022-02-21 11:27:00,312.05,312.05,312.05,312.05,50,27950,17150.0,CE
2022-02-21 11:28:00,314.45,314.75,313.85,314.75,350,27950,17150.0,CE
2022-02-21 11:29:00,316.0,316.0,312.0,312.0,250,27950,17150.0,CE
2022-02-21 11:30:00,316.0,321.35,316.0,321.1,550,28100,17150.0,CE
2022-02-21 11:31:00,324.6,327.05,323.6,327.05,550,28100,17150.0,CE
2022-02-21 11:32:00,327.0,328.1,326.6,326.6,350,28100,17150.0,CE
2022-02-21 11:33:00,324.35,325.0,324.15,325.0,650,27950,17150.0,CE
2022-02-21 11:34:00,323.75,326.0,323.1,325.25,300,27950,17150.0,CE
2022-02-21 11:35:00,327.95,329.95,327.95,328.55,350,27950,17150.0,CE
2022-02-21 11:37:00,325.0,325.0,321.8,322.45,250,28400,17150.0,CE
2022-02-21 11:38:00,322.9,328.0,322.9,328.0,350,28400,17150.0,CE
2022-02-21 11:39:00,330.0,335.0,330.0,335.0,950,27200,17150.0,CE
2022-02-21 11:40:00,336.0,336.45,329.85,329.85,2000,27200,17150.0,CE
2022-02-21 11:41:00,333.3,336.6,333.3,336.6,1400,27200,17150.0,CE
2022-02-21 11:42:00,336.6,336.6,330.0,330.0,250,26050,17150.0,CE
2022-02-21 11:43:00,330.0,330.0,330.0,330.0,150,26050,17150.0,CE
2022-02-21 11:44:00,332.75,334.4,332.75,334.4,150,26050,17150.0,CE
2022-02-21 11:45:00,339.8,340.5,339.8,340.5,500,25000,17150.0,CE
2022-02-21 11:46:00,342.0,343.7,342.0,343.7,150,25000,17150.0,CE
2022-02-21 11:47:00,339.15,339.15,335.6,335.6,200,25000,17150.0,CE
2022-02-21 11:48:00,336.55,339.3,336.55,338.0,200,24850,17150.0,CE
2022-02-21 11:49:00,336.0,339.5,336.0,339.5,400,24850,17150.0,CE
2022-02-21 11:50:00,340.0,340.0,340.0,340.0,50,24850,17150.0,CE
2022-02-21 11:51:00,345.0,345.0,345.0,345.0,50,24300,17150.0,CE
2022-02-21 11:52:00,345.0,345.0,340.65,340.65,250,24300,17150.0,CE
2022-02-21 11:53:00,333.55,333.55,333.55,333.55,150,24300,17150.0,CE
2022-02-21 11:54:00,337.7,337.7,337.7,337.7,100,23850,17150.0,CE
2022-02-21 11:55:00,340.0,340.0,340.0,340.0,100,23850,17150.0,CE
2022-02-21 11:56:00,337.4,341.85,337.4,341.85,1250,23850,17150.0,CE
2022-02-21 11:57:00,331.0,331.0,331.0,331.0,50,23250,17150.0,CE
2022-02-21 11:58:00,332.0,336.05,332.0,336.05,200,23250,17150.0,CE
2022-02-21 11:59:00,338.0,345.0,338.0,345.0,500,23250,17150.0,CE
2022-02-21 12:00:00,343.2,350.0,343.2,350.0,800,23250,17150.0,CE
2022-02-21 12:01:00,351.95,355.25,351.95,355.25,400,23250,17150.0,CE
2022-02-21 12:02:00,355.25,356.3,355.05,355.05,500,23250,17150.0,CE
2022-02-21 12:03:00,360.0,360.15,356.55,356.55,450,22800,17150.0,CE
2022-02-21 12:04:00,359.25,359.25,359.25,359.25,50,22800,17150.0,CE
2022-02-21 12:05:00,359.15,359.15,354.4,354.55,250,22800,17150.0,CE
2022-02-21 12:06:00,354.9,356.2,352.6,356.2,400,22700,17150.0,CE
2022-02-21 12:07:00,355.6,355.85,355.6,355.85,300,22700,17150.0,CE
2022-02-21 12:08:00,355.3,355.3,354.0,355.1,150,22700,17150.0,CE
2022-02-21 12:09:00,359.0,366.6,359.0,366.6,450,22100,17150.0,CE
2022-02-21 12:10:00,368.25,374.0,368.25,374.0,200,22100,17150.0,CE
2022-02-21 12:11:00,375.0,375.0,375.0,375.0,600,22100,17150.0,CE
2022-02-21 12:12:00,375.0,375.0,373.85,375.0,250,20750,17150.0,CE
2022-02-21 12:13:00,370.0,370.0,370.0,370.0,50,20750,17150.0,CE
2022-02-21 12:14:00,370.0,370.0,363.55,363.55,550,20750,17150.0,CE
2022-02-21 12:15:00,368.35,368.35,368.35,368.35,150,20800,17150.0,CE
2022-02-21 12:16:00,370.8,377.15,370.8,377.15,150,20800,17150.0,CE
2022-02-21 12:17:00,377.15,379.45,377.15,379.45,600,20800,17150.0,CE
2022-02-21 12:18:00,382.0,382.0,376.85,376.85,150,20700,17150.0,CE
2022-02-21 12:19:00,375.0,375.0,375.0,375.0,100,20700,17150.0,CE
2022-02-21 12:20:00,377.0,377.0,373.2,373.2,200,20700,17150.0,CE
2022-02-21 12:21:00,370.0,370.0,369.05,369.05,200,20450,17150.0,CE
2022-02-21 12:22:00,363.0,365.85,363.0,365.85,100,20450,17150.0,CE
2022-02-21 12:23:00,367.45,367.45,362.35,363.25,150,20450,17150.0,CE
2022-02-21 12:24:00,367.0,367.0,367.0,367.0,50,20450,17150.0,CE
2022-02-21 12:26:00,365.3,365.3,362.95,365.0,200,20300,17150.0,CE
2022-02-21 12:27:00,359.0,359.0,359.0,359.0,50,20250,17150.0,CE
2022-02-21 12:28:00,360.65,360.65,360.65,360.65,50,20250,17150.0,CE
2022-02-21 12:29:00,355.0,355.0,350.25,350.25,100,20250,17150.0,CE
2022-02-21 12:30:00,351.65,351.65,350.0,350.0,150,20200,17150.0,CE
2022-02-21 12:31:00,350.9,351.55,350.9,351.55,150,20200,17150.0,CE
2022-02-21 12:32:00,363.0,365.0,363.0,365.0,150,20200,17150.0,CE
2022-02-21 12:33:00,362.0,362.0,362.0,362.0,50,20200,17150.0,CE
2022-02-21 12:34:00,365.0,365.0,364.0,364.0,100,20100,17150.0,CE
2022-02-21 12:35:00,368.0,368.0,368.0,368.0,50,20100,17150.0,CE
2022-02-21 12:37:00,366.0,366.0,366.0,366.0,50,20100,17150.0,CE
2022-02-21 12:39:00,366.0,367.85,366.0,367.85,150,20100,17150.0,CE
2022-02-21 12:43:00,363.35,363.35,363.35,363.35,1000,20200,17150.0,CE
2022-02-21 12:45:00,363.2,363.2,363.2,363.2,50,20200,17150.0,CE
2022-02-21 12:46:00,354.0,354.0,354.0,354.0,200,20850,17150.0,CE
2022-02-21 12:48:00,358.95,358.95,358.95,358.95,50,20850,17150.0,CE
2022-02-21 12:49:00,368.0,368.0,368.0,368.0,50,20650,17150.0,CE
2022-02-21 12:50:00,367.4,368.85,367.4,368.85,450,20650,17150.0,CE
2022-02-21 12:51:00,372.0,372.0,372.0,372.0,150,20450,17150.0,CE
2022-02-21 12:52:00,370.1,370.1,370.1,370.1,50,20450,17150.0,CE
2022-02-21 12:53:00,359.75,359.75,359.75,359.75,50,20450,17150.0,CE
2022-02-21 12:54:00,363.25,363.25,363.0,363.0,350,20400,17150.0,CE
2022-02-21 12:56:00,364.6,364.6,364.6,364.6,50,20400,17150.0,CE
2022-02-21 12:57:00,365.8,365.8,365.8,365.8,500,20400,17150.0,CE
2022-02-21 12:59:00,370.0,372.45,370.0,372.45,1500,21000,17150.0,CE
2022-02-21 13:00:00,375.0,385.3,375.0,385.3,300,20200,17150.0,CE
2022-02-21 13:01:00,385.3,385.3,385.3,385.3,200,20200,17150.0,CE
2022-02-21 13:03:00,382.7,383.95,382.7,383.95,100,20000,17150.0,CE
2022-02-21 13:04:00,379.0,379.0,379.0,379.0,50,20000,17150.0,CE
2022-02-21 13:05:00,380.05,381.55,380.05,381.55,150,20000,17150.0,CE
2022-02-21 13:06:00,379.55,379.55,379.55,379.55,150,20000,17150.0,CE
2022-02-21 13:07:00,382.45,382.45,382.45,382.45,100,19850,17150.0,CE
2022-02-21 13:08:00,381.0,381.0,381.0,381.0,50,19850,17150.0,CE
2022-02-21 13:09:00,382.85,383.5,382.85,383.5,250,19850,17150.0,CE
2022-02-21 13:10:00,387.05,387.05,387.05,387.05,50,20000,17150.0,CE
2022-02-21 13:11:00,387.05,387.05,387.05,387.05,100,20000,17150.0,CE
2022-02-21 13:12:00,387.05,387.05,387.05,387.05,50,19950,17150.0,CE
2022-02-21 13:15:00,396.75,396.75,396.75,396.75,200,19850,17150.0,CE
2022-02-21 13:16:00,389.2,389.8,389.2,389.8,150,19850,17150.0,CE
2022-02-21 13:18:00,393.6,393.6,393.6,393.6,50,19850,17150.0,CE
2022-02-21 13:19:00,387.2,387.2,387.2,387.2,250,19700,17150.0,CE
2022-02-21 13:20:00,386.8,386.8,386.8,386.8,200,19700,17150.0,CE
2022-02-21 13:21:00,384.55,384.55,384.55,384.55,50,19500,17150.0,CE
2022-02-21 13:23:00,377.5,380.75,377.5,380.75,300,19500,17150.0,CE
2022-02-21 13:26:00,381.45,381.45,381.45,381.45,1000,19650,17150.0,CE
2022-02-21 13:28:00,372.0,375.8,372.0,375.8,250,20400,17150.0,CE
2022-02-21 13:29:00,376.5,376.5,376.5,376.5,50,20400,17150.0,CE
2022-02-21 13:32:00,371.3,371.3,371.3,371.3,100,20500,17150.0,CE
2022-02-21 13:33:00,373.55,374.95,373.55,374.95,100,20500,17150.0,CE
2022-02-21 13:34:00,375.8,375.8,366.8,366.8,300,20350,17150.0,CE
2022-02-21 13:35:00,362.95,362.95,362.0,362.5,600,20350,17150.0,CE
2022-02-21 13:36:00,367.0,367.0,367.0,367.0,50,20100,17150.0,CE
2022-02-21 13:37:00,360.0,360.0,360.0,360.0,100,20100,17150.0,CE
2022-02-21 13:39:00,358.05,358.05,358.05,358.05,50,20100,17150.0,CE
2022-02-21 13:41:00,350.0,354.8,350.0,354.25,400,20150,17150.0,CE
2022-02-21 13:42:00,357.55,357.55,357.55,357.55,100,20150,17150.0,CE
2022-02-21 13:44:00,364.4,368.2,364.4,368.2,200,20400,17150.0,CE
2022-02-21 13:45:00,368.8,368.8,368.8,368.8,100,20400,17150.0,CE
2022-02-21 13:46:00,372.7,372.7,372.7,372.7,50,20350,17150.0,CE
2022-02-21 13:47:00,372.7,372.7,368.8,368.8,1100,20350,17150.0,CE
2022-02-21 13:48:00,368.1,368.1,368.0,368.0,100,20350,17150.0,CE
2022-02-21 13:49:00,362.0,362.0,362.0,362.0,100,20750,17150.0,CE
2022-02-21 13:53:00,363.05,363.05,360.0,360.0,200,20800,17150.0,CE
2022-02-21 13:55:00,354.7,354.7,354.7,354.7,100,20900,17150.0,CE
2022-02-21 13:56:00,357.45,357.45,357.45,357.45,50,20900,17150.0,CE
2022-02-21 14:03:00,360.0,360.0,360.0,360.0,100,20700,17150.0,CE
2022-02-21 14:04:00,361.95,361.95,361.95,361.95,50,20600,17150.0,CE
2022-02-21 14:05:00,355.0,355.0,336.75,336.75,1200,20600,17150.0,CE
2022-02-21 14:06:00,338.0,338.0,325.0,328.1,2550,21550,17150.0,CE
2022-02-21 14:07:00,329.3,329.3,327.55,327.55,200,21550,17150.0,CE
2022-02-21 14:08:00,332.55,333.4,332.55,333.4,100,21550,17150.0,CE
2022-02-21 14:09:00,339.25,339.25,332.25,332.25,100,21550,17150.0,CE
2022-02-21 14:10:00,320.5,320.5,319.3,319.3,600,20850,17150.0,CE
2022-02-21 14:11:00,326.6,326.6,326.6,326.6,50,20850,17150.0,CE
2022-02-21 14:12:00,324.55,324.55,324.55,324.55,100,20850,17150.0,CE
2022-02-21 14:13:00,322.45,322.45,319.75,319.75,100,21500,17150.0,CE
2022-02-21 14:14:00,325.0,325.0,317.85,317.85,350,21500,17150.0,CE
2022-02-21 14:15:00,317.5,323.1,315.95,323.1,800,21950,17150.0,CE
2022-02-21 14:16:00,324.85,324.95,321.65,324.95,700,21950,17150.0,CE
2022-02-21 14:17:00,325.55,325.55,325.55,325.55,50,21950,17150.0,CE
2022-02-21 14:19:00,321.0,326.5,321.0,326.5,450,21950,17150.0,CE
2022-02-21 14:20:00,330.0,339.2,330.0,339.2,150,21950,17150.0,CE
2022-02-21 14:23:00,331.3,331.3,331.3,331.3,250,22500,17150.0,CE
2022-02-21 14:25:00,331.0,331.0,330.0,330.0,100,22750,17150.0,CE
2022-02-21 14:30:00,330.45,332.65,329.5,332.65,200,22500,17150.0,CE
2022-02-21 14:31:00,330.85,330.85,328.75,328.75,150,22450,17150.0,CE
2022-02-21 14:32:00,325.25,325.25,325.25,325.25,50,22450,17150.0,CE
2022-02-21 14:34:00,314.8,314.8,308.45,310.0,250,22150,17150.0,CE
2022-02-21 14:35:00,307.9,307.9,305.15,305.15,800,22150,17150.0,CE
2022-02-21 14:36:00,304.25,306.0,304.0,304.0,650,22150,17150.0,CE
2022-02-21 14:37:00,305.0,305.0,300.1,301.0,1250,22400,17150.0,CE
2022-02-21 14:38:00,302.7,305.4,302.7,303.9,200,22400,17150.0,CE
2022-02-21 14:40:00,301.4,301.4,297.85,300.3,1950,22900,17150.0,CE
2022-02-21 14:41:00,295.1,295.1,292.8,293.5,1050,22900,17150.0,CE
2022-02-21 14:42:00,298.95,298.95,289.6,291.55,1650,22900,17150.0,CE
2022-02-21 14:43:00,296.35,301.55,293.8,299.0,1400,25150,17150.0,CE
2022-02-21 14:44:00,301.7,301.7,296.05,296.05,900,25150,17150.0,CE
2022-02-21 14:45:00,293.8,300.6,293.0,297.95,850,25600,17150.0,CE
2022-02-21 14:46:00,297.7,300.65,297.7,297.7,200,25600,17150.0,CE
2022-02-21 14:47:00,305.1,305.55,302.4,305.55,1200,25600,17150.0,CE
2022-02-21 14:48:00,305.6,305.6,303.5,303.5,500,25600,17150.0,CE
2022-02-21 14:49:00,306.0,309.0,306.0,309.0,550,25500,17150.0,CE
2022-02-21 14:50:00,309.0,311.15,309.0,310.65,2350,25500,17150.0,CE
2022-02-21 14:51:00,310.1,310.1,310.1,310.1,50,25500,17150.0,CE
2022-02-21 14:52:00,307.55,307.55,307.55,307.55,1000,24750,17150.0,CE
2022-02-21 14:53:00,315.0,315.4,315.0,315.0,1400,24750,17150.0,CE
2022-02-21 14:54:00,316.6,320.0,316.6,320.0,900,24750,17150.0,CE
2022-02-21 14:55:00,320.0,325.5,320.0,324.65,2550,23950,17150.0,CE
2022-02-21 14:56:00,323.75,323.75,321.6,321.6,100,23950,17150.0,CE
2022-02-21 14:57:00,313.55,313.55,313.55,313.55,50,23950,17150.0,CE
2022-02-21 14:58:00,316.15,316.15,315.95,315.95,100,23250,17150.0,CE
2022-02-21 15:00:00,315.9,315.9,307.4,307.4,150,23250,17150.0,CE
2022-02-21 15:01:00,306.3,306.3,304.1,304.1,150,23200,17150.0,CE
2022-02-21 15:02:00,304.1,304.1,301.8,303.75,300,23200,17150.0,CE
2022-02-21 15:03:00,308.8,308.8,308.8,308.8,200,23200,17150.0,CE
2022-02-21 15:04:00,308.0,312.45,308.0,312.45,250,23150,17150.0,CE
2022-02-21 15:05:00,310.75,310.75,310.75,310.75,100,23150,17150.0,CE
2022-02-21 15:07:00,300.35,300.35,300.0,300.0,100,23100,17150.0,CE
2022-02-21 15:08:00,300.0,300.0,297.9,297.9,350,23100,17150.0,CE
2022-02-21 15:09:00,297.9,297.9,297.9,297.9,50,23100,17150.0,CE
2022-02-21 15:10:00,298.5,302.85,298.5,299.65,1900,23050,17150.0,CE
2022-02-21 15:11:00,300.4,303.2,300.4,303.2,700,23050,17150.0,CE
2022-02-21 15:12:00,301.5,301.5,300.35,300.35,200,23050,17150.0,CE
2022-02-21 15:13:00,301.0,301.15,297.5,299.1,850,23600,17150.0,CE
2022-02-21 15:14:00,300.8,300.8,296.55,296.55,650,23600,17150.0,CE
2022-02-21 15:15:00,295.0,296.25,295.0,295.6,750,23600,17150.0,CE
2022-02-21 15:16:00,295.55,298.25,294.6,294.6,2550,24200,17150.0,CE
2022-02-21 15:17:00,295.0,299.0,295.0,296.05,750,24200,17150.0,CE
2022-02-21 15:18:00,297.55,299.0,297.55,299.0,150,24200,17150.0,CE
2022-02-21 15:19:00,295.35,299.85,295.0,299.85,1450,25600,17150.0,CE
2022-02-21 15:20:00,297.65,303.3,297.65,303.3,1850,25600,17150.0,CE
2022-02-21 15:21:00,302.85,304.35,302.85,303.45,300,25600,17150.0,CE
2022-02-21 15:22:00,303.25,303.45,302.85,303.0,1400,26200,17150.0,CE
2022-02-21 15:23:00,303.85,303.85,301.5,301.5,1450,26200,17150.0,CE
2022-02-21 15:24:00,300.0,300.6,299.7,300.55,250,26200,17150.0,CE
2022-02-21 15:25:00,300.0,300.0,295.9,295.9,250,26050,17150.0,CE
2022-02-21 15:26:00,295.65,295.65,292.95,292.95,500,26050,17150.0,CE
2022-02-21 15:27:00,293.4,295.2,293.4,295.2,800,26050,17150.0,CE
2022-02-21 15:28:00,295.45,295.45,293.6,293.6,100,26450,17150.0,CE
2022-02-21 15:29:00,295.95,296.05,295.95,296.05,1150,26450,17150.0,CE
2022-02-22 09:15:00,275.6,275.6,4.05,177.55,3651,18800,17150.0,CE
2022-02-22 09:16:00,177.3,184.5,173.0,184.5,9800,18800,17150.0,CE
2022-02-22 09:17:00,183.65,206.65,183.65,203.9,5100,22250,17150.0,CE
2022-02-22 09:18:00,202.25,202.25,184.3,188.65,2850,22250,17150.0,CE
2022-02-22 09:19:00,186.85,186.9,181.0,184.4,2500,22250,17150.0,CE
2022-02-22 09:20:00,183.75,185.45,177.45,184.1,4750,23600,17150.0,CE
2022-02-22 09:21:00,185.3,195.15,185.3,190.8,2550,23600,17150.0,CE
2022-02-22 09:22:00,189.35,192.0,185.95,192.0,1900,23600,17150.0,CE
2022-02-22 09:23:00,190.3,191.9,187.45,189.5,2150,24400,17150.0,CE
2022-02-22 09:24:00,189.5,189.5,185.0,185.8,1300,24400,17150.0,CE
2022-02-22 09:25:00,185.45,188.0,182.4,186.1,850,24400,17150.0,CE
2022-02-22 09:26:00,189.3,189.3,185.95,185.95,650,25400,17150.0,CE
2022-02-22 09:27:00,184.3,188.5,181.2,188.5,850,25400,17150.0,CE
2022-02-22 09:28:00,188.2,188.2,185.0,185.0,650,25400,17150.0,CE
2022-02-22 09:29:00,183.55,184.6,178.9,178.9,950,26450,17150.0,CE
2022-02-22 09:30:00,175.7,186.8,175.0,186.2,2250,26450,17150.0,CE
2022-02-22 09:31:00,185.6,190.3,185.6,190.3,600,26450,17150.0,CE
2022-02-22 09:32:00,191.4,194.0,190.2,190.2,850,28400,17150.0,CE
2022-02-22 09:33:00,192.45,192.45,187.25,187.25,700,28400,17150.0,CE
2022-02-22 09:34:00,184.4,184.5,183.2,184.5,400,28400,17150.0,CE
2022-02-22 09:35:00,183.5,184.35,182.0,183.7,1150,28700,17150.0,CE
2022-02-22 09:36:00,180.0,182.1,179.75,179.75,2450,28700,17150.0,CE
2022-02-22 09:37:00,180.35,180.35,178.7,178.7,900,28700,17150.0,CE
2022-02-22 09:38:00,176.6,177.65,169.05,169.05,2350,30250,17150.0,CE
2022-02-22 09:39:00,168.15,173.05,166.4,167.25,2350,30250,17150.0,CE
2022-02-22 09:40:00,166.05,169.55,164.5,167.65,2550,30250,17150.0,CE
2022-02-22 09:41:00,168.25,168.25,166.0,167.9,1050,31650,17150.0,CE
2022-02-22 09:42:00,166.9,166.9,163.5,166.55,1150,31650,17150.0,CE
2022-02-22 09:43:00,165.65,171.7,165.65,170.6,1700,31650,17150.0,CE
2022-02-22 09:44:00,167.4,167.4,167.15,167.15,600,31650,17150.0,CE
2022-02-22 09:45:00,168.25,169.85,166.55,169.85,1050,33500,17150.0,CE
2022-02-22 09:46:00,169.75,174.95,169.75,173.0,1950,33500,17150.0,CE
2022-02-22 09:47:00,173.35,174.3,170.0,170.0,650,34250,17150.0,CE
2022-02-22 09:48:00,169.0,171.6,168.55,170.15,600,34250,17150.0,CE
2022-02-22 09:49:00,173.0,173.0,173.0,173.0,300,34250,17150.0,CE
2022-02-22 09:50:00,173.15,176.05,173.15,174.5,200,34600,17150.0,CE
2022-02-22 09:51:00,172.05,174.1,172.05,174.1,350,34600,17150.0,CE
2022-02-22 09:52:00,174.1,177.7,173.8,175.55,500,34600,17150.0,CE
2022-02-22 09:53:00,178.3,179.3,177.55,177.55,2600,34900,17150.0,CE
2022-02-22 09:54:00,177.45,179.6,177.0,177.0,450,34900,17150.0,CE
2022-02-22 09:55:00,176.0,181.7,176.0,181.7,1500,34900,17150.0,CE
2022-02-22 09:56:00,180.95,182.6,179.35,181.7,200,35150,17150.0,CE
2022-02-22 09:57:00,182.45,182.7,182.45,182.7,150,35150,17150.0,CE
2022-02-22 09:58:00,182.05,184.85,182.05,184.85,350,35150,17150.0,CE
2022-02-22 09:59:00,184.95,186.2,184.95,185.0,1000,35150,17150.0,CE
2022-02-22 10:00:00,186.05,187.0,185.0,185.0,750,35150,17150.0,CE
2022-02-22 10:01:00,186.2,186.9,183.1,185.7,300,35150,17150.0,CE
2022-02-22 10:02:00,186.4,187.0,184.35,187.0,200,35350,17150.0,CE
2022-02-22 10:03:00,186.5,187.05,185.5,186.0,450,35350,17150.0,CE
2022-02-22 10:04:00,188.05,190.6,187.3,190.6,1600,35350,17150.0,CE
2022-02-22 10:05:00,191.3,197.05,191.3,194.0,3250,35850,17150.0,CE
2022-02-22 10:06:00,193.2,194.0,192.2,193.05,900,35850,17150.0,CE
2022-02-22 10:07:00,190.0,190.0,183.0,183.95,550,35850,17150.0,CE
2022-02-22 10:08:00,182.65,183.25,178.65,183.25,1150,34850,17150.0,CE
2022-02-22 10:09:00,181.3,182.05,181.3,182.05,150,34850,17150.0,CE
2022-02-22 10:10:00,178.9,179.0,177.8,177.8,250,34850,17150.0,CE
2022-02-22 10:11:00,176.7,177.8,176.7,177.6,150,35600,17150.0,CE
2022-02-22 10:12:00,179.45,182.95,178.25,180.45,1800,35600,17150.0,CE
2022-02-22 10:13:00,181.0,183.9,180.85,183.45,750,35600,17150.0,CE
2022-02-22 10:14:00,184.5,184.5,184.5,184.5,100,36350,17150.0,CE
2022-02-22 10:15:00,181.55,187.95,181.55,187.95,2050,36350,17150.0,CE
2022-02-22 10:16:00,188.9,188.9,186.6,186.6,1950,36350,17150.0,CE
2022-02-22 10:17:00,185.75,188.35,185.0,186.9,350,38000,17150.0,CE
2022-02-22 10:18:00,190.0,190.0,188.6,188.6,400,38000,17150.0,CE
2022-02-22 10:19:00,188.0,188.0,185.0,185.0,3300,38000,17150.0,CE
2022-02-22 10:20:00,183.55,183.55,180.2,180.2,450,38000,17150.0,CE
2022-02-22 10:21:00,185.85,185.85,185.45,185.45,250,36650,17150.0,CE
2022-02-22 10:22:00,189.95,190.1,189.95,190.1,350,36650,17150.0,CE
2022-02-22 10:23:00,189.6,192.0,189.6,192.0,300,36850,17150.0,CE
2022-02-22 10:24:00,190.75,191.0,189.05,190.0,700,36850,17150.0,CE
2022-02-22 10:25:00,190.6,191.8,189.8,189.8,400,36850,17150.0,CE
2022-02-22 10:26:00,187.15,190.1,187.15,188.1,2150,38600,17150.0,CE
2022-02-22 10:27:00,188.1,188.8,188.1,188.8,3550,38600,17150.0,CE
2022-02-22 10:28:00,190.35,192.0,188.15,188.15,350,38600,17150.0,CE
2022-02-22 10:29:00,187.8,187.8,186.6,187.8,1950,38600,17150.0,CE
2022-02-22 10:30:00,194.7,194.7,191.2,194.25,700,43700,17150.0,CE
2022-02-22 10:31:00,194.3,194.3,189.7,190.55,350,43700,17150.0,CE
2022-02-22 10:32:00,186.95,188.3,186.95,188.3,150,43900,17150.0,CE
2022-02-22 10:33:00,185.0,188.35,184.5,188.35,300,43900,17150.0,CE
2022-02-22 10:34:00,188.9,190.0,188.9,190.0,200,43900,17150.0,CE
2022-02-22 10:35:00,191.1,191.1,187.65,188.05,300,43900,17150.0,CE
2022-02-22 10:36:00,189.05,189.05,187.0,187.0,150,43850,17150.0,CE
2022-02-22 10:37:00,189.9,192.0,189.9,190.0,300,43850,17150.0,CE
2022-02-22 10:38:00,189.0,189.0,189.0,189.0,100,43850,17150.0,CE
2022-02-22 10:39:00,191.6,192.0,190.6,191.2,700,44000,17150.0,CE
2022-02-22 10:40:00,191.2,192.2,190.6,190.6,300,44000,17150.0,CE
2022-02-22 10:41:00,188.4,188.55,188.0,188.4,200,44000,17150.0,CE
2022-02-22 10:42:00,181.65,183.65,181.65,183.65,350,43750,17150.0,CE
2022-02-22 10:43:00,180.8,185.0,180.8,185.0,400,43750,17150.0,CE
2022-02-22 10:44:00,181.55,181.55,181.55,181.55,50,43750,17150.0,CE
2022-02-22 10:45:00,182.7,185.0,182.7,185.0,550,43900,17150.0,CE
2022-02-22 10:46:00,189.25,189.25,188.75,188.75,300,43900,17150.0,CE
2022-02-22 10:47:00,187.1,187.1,187.1,187.1,50,43900,17150.0,CE
2022-02-22 10:48:00,190.95,191.1,190.95,191.1,200,43250,17150.0,CE
2022-02-22 10:49:00,191.1,193.0,191.1,192.6,800,43250,17150.0,CE
2022-02-22 10:50:00,192.6,192.9,192.4,192.65,600,42400,17150.0,CE
2022-02-22 10:51:00,192.2,192.2,191.2,191.2,150,42400,17150.0,CE
2022-02-22 10:52:00,192.75,192.8,191.7,191.7,350,42400,17150.0,CE
2022-02-22 10:53:00,193.25,193.7,192.25,192.25,850,42400,17150.0,CE
2022-02-22 10:54:00,190.0,190.0,186.3,186.3,350,43350,17150.0,CE
2022-02-22 10:55:00,190.2,193.35,190.2,193.0,750,43350,17150.0,CE
2022-02-22 10:56:00,194.05,194.95,194.05,194.9,1050,43350,17150.0,CE
2022-02-22 10:57:00,194.9,197.3,194.6,197.3,500,43000,17150.0,CE
2022-02-22 10:58:00,198.0,198.25,195.95,197.2,4450,43000,17150.0,CE
2022-02-22 10:59:00,197.6,201.55,197.55,201.55,4550,37450,17150.0,CE
2022-02-22 11:00:00,202.2,208.75,202.2,206.0,1600,37450,17150.0,CE
2022-02-22 11:01:00,207.3,207.35,205.0,205.6,850,37450,17150.0,CE
2022-02-22 11:02:00,208.2,210.0,207.05,208.05,2200,37450,17150.0,CE
2022-02-22 11:03:00,208.3,209.2,205.05,206.5,2100,37250,17150.0,CE
2022-02-22 11:04:00,206.05,207.6,205.0,207.6,4400,37250,17150.0,CE
2022-02-22 11:05:00,208.15,208.15,208.1,208.1,150,37250,17150.0,CE
2022-02-22 11:06:00,207.2,211.5,207.2,209.7,450,41150,17150.0,CE
2022-02-22 11:07:00,207.45,207.45,202.55,202.55,2850,41150,17150.0,CE
2022-02-22 11:08:00,203.7,209.65,203.7,208.65,650,40800,17150.0,CE
2022-02-22 11:09:00,208.8,210.0,208.8,209.65,250,40800,17150.0,CE
2022-02-22 11:10:00,208.0,208.0,202.85,202.85,2950,40800,17150.0,CE
2022-02-22 11:11:00,207.2,207.2,207.2,207.2,150,40800,17150.0,CE
2022-02-22 11:12:00,202.0,202.6,200.0,202.6,850,42100,17150.0,CE
2022-02-22 11:13:00,202.6,203.65,202.6,203.65,200,42100,17150.0,CE
2022-02-22 11:14:00,204.0,204.0,202.2,203.65,450,42100,17150.0,CE
2022-02-22 11:15:00,200.95,202.55,200.95,202.55,100,42300,17150.0,CE
2022-02-22 11:16:00,203.2,203.2,196.65,198.75,1450,42300,17150.0,CE
2022-02-22 11:17:00,206.1,208.0,206.1,206.65,1000,42300,17150.0,CE
2022-02-22 11:18:00,206.4,208.5,206.4,208.5,100,43200,17150.0,CE
2022-02-22 11:19:00,207.85,210.15,207.85,210.15,500,43200,17150.0,CE
2022-02-22 11:20:00,210.1,213.15,210.1,213.0,500,43200,17150.0,CE
2022-02-22 11:21:00,213.2,213.2,210.0,211.1,2300,42700,17150.0,CE
2022-02-22 11:22:00,213.0,213.0,210.0,210.0,200,42700,17150.0,CE
2022-02-22 11:23:00,209.0,209.0,206.35,207.05,1850,45050,17150.0,CE
2022-02-22 11:24:00,209.65,209.8,209.65,209.8,100,45050,17150.0,CE
2022-02-22 11:25:00,211.35,211.45,210.35,210.85,750,45050,17150.0,CE
2022-02-22 11:26:00,212.1,212.1,209.7,210.65,300,45050,17150.0,CE
2022-02-22 11:27:00,211.2,211.2,208.9,208.9,200,45000,17150.0,CE
2022-02-22 11:28:00,208.0,208.65,205.0,208.65,1200,45000,17150.0,CE
2022-02-22 11:29:00,210.35,210.35,207.8,210.0,450,46000,17150.0,CE
2022-02-22 11:30:00,210.0,212.75,206.15,212.75,1000,46000,17150.0,CE
2022-02-22 11:31:00,212.85,212.95,212.35,212.75,1200,46000,17150.0,CE
2022-02-22 11:32:00,212.0,212.85,212.0,212.85,300,46000,17150.0,CE
2022-02-22 11:33:00,213.45,213.45,210.7,210.7,1400,45450,17150.0,CE
2022-02-22 11:34:00,211.1,211.1,208.85,208.85,100,45450,17150.0,CE
2022-02-22 11:35:00,204.2,204.2,203.3,203.3,100,45450,17150.0,CE
2022-02-22 11:36:00,208.9,208.9,208.9,208.9,50,48300,17150.0,CE
2022-02-22 11:37:00,210.0,210.0,209.5,209.5,150,48300,17150.0,CE
2022-02-22 11:38:00,208.0,208.0,207.0,207.0,250,48300,17150.0,CE
2022-02-22 11:39:00,204.75,204.75,197.85,201.0,600,46950,17150.0,CE
2022-02-22 11:40:00,202.75,208.65,202.75,208.65,650,46950,17150.0,CE
2022-02-22 11:41:00,209.0,209.0,208.0,208.95,300,46950,17150.0,CE
2022-02-22 11:42:00,209.2,209.2,205.0,205.25,400,47300,17150.0,CE
2022-02-22 11:43:00,206.3,206.3,205.25,205.25,100,47300,17150.0,CE
2022-02-22 11:44:00,204.4,206.75,204.4,206.75,250,47300,17150.0,CE
2022-02-22 11:45:00,206.9,207.2,206.9,206.9,150,44700,17150.0,CE
2022-02-22 11:46:00,204.75,204.75,204.75,204.75,100,44700,17150.0,CE
2022-02-22 11:47:00,205.6,205.6,204.3,205.0,200,44700,17150.0,CE
2022-02-22 11:48:00,203.95,204.0,203.95,204.0,250,44600,17150.0,CE
2022-02-22 11:49:00,204.75,204.75,204.0,204.0,100,44600,17150.0,CE
2022-02-22 11:50:00,205.3,205.3,195.0,195.55,1200,44600,17150.0,CE
2022-02-22 11:51:00,192.35,199.45,192.35,199.45,350,44950,17150.0,CE
2022-02-22 11:52:00,198.7,198.7,197.85,197.85,100,44950,17150.0,CE
2022-02-22 11:53:00,198.55,198.55,198.55,198.55,50,44950,17150.0,CE
2022-02-22 11:55:00,198.55,198.55,194.15,194.9,500,43350,17150.0,CE
2022-02-22 11:56:00,194.7,194.85,181.4,183.3,2650,43350,17150.0,CE
2022-02-22 11:57:00,181.7,185.0,181.7,183.85,650,44300,17150.0,CE
2022-02-22 11:58:00,184.15,185.3,182.95,182.95,1150,44300,17150.0,CE
2022-02-22 11:59:00,179.55,180.45,177.2,177.2,2200,44300,17150.0,CE
2022-02-22 12:00:00,176.95,181.5,176.95,179.95,450,44600,17150.0,CE
2022-02-22 12:01:00,181.95,181.95,172.85,174.0,3300,44600,17150.0,CE
2022-02-22 12:02:00,173.95,177.55,173.95,177.55,1500,44600,17150.0,CE
2022-02-22 12:03:00,178.0,180.25,176.8,179.45,700,45150,17150.0,CE
2022-02-22 12:04:00,179.1,181.5,179.1,180.45,350,45150,17150.0,CE
2022-02-22 12:05:00,182.0,184.95,182.0,184.5,550,45150,17150.0,CE
2022-02-22 12:06:00,185.0,186.5,185.0,186.0,500,45200,17150.0,CE
2022-02-22 12:07:00,185.65,185.65,185.35,185.35,250,45200,17150.0,CE
2022-02-22 12:08:00,186.5,191.0,186.5,191.0,1100,45200,17150.0,CE
2022-02-22 12:09:00,190.7,192.2,190.0,192.2,700,45850,17150.0,CE
2022-02-22 12:10:00,192.5,194.95,192.0,192.0,250,45850,17150.0,CE
2022-02-22 12:11:00,189.5,190.95,187.25,187.25,500,45850,17150.0,CE
2022-02-22 12:12:00,190.85,193.85,190.85,192.0,450,46100,17150.0,CE
2022-02-22 12:13:00,192.8,192.9,192.8,192.9,400,46100,17150.0,CE
2022-02-22 12:14:00,190.0,190.0,186.35,186.35,200,46100,17150.0,CE
2022-02-22 12:15:00,184.2,186.65,184.2,186.65,350,46150,17150.0,CE
2022-02-22 12:16:00,188.4,191.45,188.4,191.45,150,46150,17150.0,CE
2022-02-22 12:17:00,190.05,190.05,190.05,190.05,50,46150,17150.0,CE
2022-02-22 12:18:00,190.15,190.15,187.8,187.8,400,46000,17150.0,CE
2022-02-22 12:19:00,188.15,188.15,188.15,188.15,100,46000,17150.0,CE
2022-02-22 12:20:00,188.0,188.0,184.05,185.8,450,46000,17150.0,CE
2022-02-22 12:21:00,184.05,187.0,184.05,186.4,600,45350,17150.0,CE
2022-02-22 12:22:00,188.8,190.95,188.8,190.5,250,45350,17150.0,CE
2022-02-22 12:23:00,191.15,191.15,189.05,189.05,200,45350,17150.0,CE
2022-02-22 12:24:00,189.0,189.0,189.0,189.0,50,44950,17150.0,CE
2022-02-22 12:25:00,190.0,190.0,186.0,186.0,250,44950,17150.0,CE
2022-02-22 12:26:00,185.0,185.0,182.0,182.0,150,44950,17150.0,CE
2022-02-22 12:27:00,185.05,185.05,185.05,185.05,100,44750,17150.0,CE
2022-02-22 12:30:00,182.35,183.4,180.0,180.0,250,44250,17150.0,CE
2022-02-22 12:31:00,181.1,186.5,181.1,186.5,250,44250,17150.0,CE
2022-02-22 12:33:00,187.05,187.05,187.05,187.05,50,44250,17150.0,CE
2022-02-22 12:35:00,190.0,190.0,188.55,188.55,150,44200,17150.0,CE
2022-02-22 12:36:00,189.6,191.3,189.6,189.6,200,44250,17150.0,CE
2022-02-22 12:37:00,188.7,188.7,187.4,187.4,550,44250,17150.0,CE
2022-02-22 12:39:00,187.25,187.95,187.0,187.95,700,44600,17150.0,CE
2022-02-22 12:40:00,188.95,191.45,188.95,190.75,350,44600,17150.0,CE
2022-02-22 12:43:00,191.6,191.6,189.05,189.05,650,44150,17150.0,CE
2022-02-22 12:45:00,184.8,184.8,184.8,184.8,50,43850,17150.0,CE
2022-02-22 12:46:00,185.55,185.55,185.55,185.55,50,43850,17150.0,CE
2022-02-22 12:47:00,184.9,184.9,184.9,184.9,50,43850,17150.0,CE
2022-02-22 12:48:00,184.45,184.45,184.3,184.3,1050,43850,17150.0,CE
2022-02-22 12:49:00,182.0,183.4,182.0,183.4,400,43850,17150.0,CE
2022-02-22 12:50:00,183.9,187.05,183.9,187.05,100,43850,17150.0,CE
2022-02-22 12:51:00,184.55,185.2,184.55,185.2,450,43850,17150.0,CE
2022-02-22 12:52:00,185.2,185.2,184.95,184.95,450,44650,17150.0,CE
2022-02-22 12:54:00,182.65,182.65,179.1,179.7,500,44550,17150.0,CE
2022-02-22 12:55:00,180.0,180.0,177.0,177.7,650,44550,17150.0,CE
2022-02-22 12:56:00,178.15,180.0,178.15,180.0,200,44550,17150.0,CE
2022-02-22 12:57:00,181.0,181.0,179.45,179.45,200,45250,17150.0,CE
2022-02-22 12:58:00,180.95,180.95,176.35,176.35,350,45250,17150.0,CE
2022-02-22 12:59:00,174.6,175.45,174.35,174.35,600,45250,17150.0,CE
2022-02-22 13:00:00,174.0,176.4,174.0,175.2,250,45250,17150.0,CE
2022-02-22 13:01:00,174.85,174.85,172.0,173.0,550,45250,17150.0,CE
2022-02-22 13:02:00,173.0,174.35,172.9,174.35,500,45250,17150.0,CE
2022-02-22 13:03:00,170.0,173.75,170.0,173.75,350,44850,17150.0,CE
2022-02-22 13:04:00,172.4,172.4,170.8,172.0,300,44850,17150.0,CE
2022-02-22 13:05:00,168.0,168.5,165.9,168.5,1350,44850,17150.0,CE
2022-02-22 13:06:00,168.3,170.9,168.0,168.9,1350,45600,17150.0,CE
2022-02-22 13:07:00,169.6,169.6,168.9,169.1,300,45600,17150.0,CE
2022-02-22 13:08:00,169.05,172.8,169.05,170.15,550,45600,17150.0,CE
2022-02-22 13:09:00,172.45,174.95,172.45,174.95,500,45950,17150.0,CE
2022-02-22 13:10:00,174.05,178.2,174.05,175.1,750,45950,17150.0,CE
2022-02-22 13:11:00,175.25,179.0,175.25,179.0,300,45950,17150.0,CE
2022-02-22 13:12:00,176.4,179.0,176.4,178.15,450,45800,17150.0,CE
2022-02-22 13:13:00,178.4,178.4,176.2,176.35,400,45800,17150.0,CE
2022-02-22 13:14:00,175.1,175.1,175.1,175.1,50,45800,17150.0,CE
2022-02-22 13:15:00,178.15,178.15,178.0,178.0,100,45850,17150.0,CE
2022-02-22 13:16:00,179.35,179.35,179.35,179.35,50,45850,17150.0,CE
2022-02-22 13:17:00,181.0,182.2,179.05,180.5,2950,45850,17150.0,CE
2022-02-22 13:18:00,180.0,180.0,178.5,178.5,100,44950,17150.0,CE
2022-02-22 13:19:00,180.95,180.95,180.95,180.95,50,44950,17150.0,CE
2022-02-22 13:20:00,179.6,179.6,176.25,176.6,700,44950,17150.0,CE
2022-02-22 13:21:00,178.3,179.95,177.25,179.95,500,44500,17150.0,CE
2022-02-22 13:22:00,177.5,178.5,177.2,178.5,700,44500,17150.0,CE
2022-02-22 13:23:00,177.35,179.55,176.25,179.55,800,44500,17150.0,CE
2022-02-22 13:24:00,180.3,180.3,176.8,176.95,2500,44600,17150.0,CE
2022-02-22 13:25:00,174.4,174.4,170.0,171.45,950,44600,17150.0,CE
2022-02-22 13:26:00,173.5,174.15,173.5,174.0,250,44600,17150.0,CE
2022-02-22 13:27:00,175.5,175.5,175.5,175.5,50,44400,17150.0,CE
2022-02-22 13:28:00,174.0,175.2,173.75,173.75,650,44400,17150.0,CE
2022-02-22 13:29:00,173.75,173.75,171.0,171.5,700,44400,17150.0,CE
2022-02-22 13:30:00,171.25,171.25,167.2,167.2,1450,44450,17150.0,CE
2022-02-22 13:31:00,168.9,171.8,168.9,170.45,650,44450,17150.0,CE
2022-02-22 13:32:00,169.25,169.25,167.6,167.6,400,44450,17150.0,CE
2022-02-22 13:33:00,169.3,171.65,169.3,171.65,350,44300,17150.0,CE
2022-02-22 13:34:00,173.0,176.75,172.15,173.5,1600,44300,17150.0,CE
2022-02-22 13:35:00,174.85,176.05,174.85,176.05,500,44300,17150.0,CE
2022-02-22 13:36:00,176.2,177.05,174.25,174.25,200,44900,17150.0,CE
2022-02-22 13:37:00,177.0,177.15,174.95,174.95,350,44900,17150.0,CE
2022-02-22 13:38:00,177.55,177.55,174.0,174.0,650,44900,17150.0,CE
2022-02-22 13:39:00,176.0,177.0,175.05,177.0,500,44850,17150.0,CE
2022-02-22 13:40:00,177.0,177.0,176.85,176.85,150,44850,17150.0,CE
2022-02-22 13:41:00,174.55,174.9,171.0,171.95,650,44850,17150.0,CE
2022-02-22 13:42:00,172.35,177.45,172.35,177.45,1200,44850,17150.0,CE
2022-02-22 13:43:00,175.8,175.8,175.8,175.8,50,44850,17150.0,CE
2022-02-22 13:44:00,177.35,177.35,174.4,176.05,600,44850,17150.0,CE
2022-02-22 13:45:00,180.0,180.85,179.35,180.8,1200,44800,17150.0,CE
2022-02-22 13:46:00,178.45,180.75,177.05,180.0,650,44800,17150.0,CE
2022-02-22 13:47:00,180.55,182.15,180.55,182.15,500,44800,17150.0,CE
2022-02-22 13:48:00,181.8,181.8,180.65,180.65,100,44550,17150.0,CE
2022-02-22 13:49:00,181.5,181.5,179.15,179.15,250,44550,17150.0,CE
2022-02-22 13:50:00,182.65,185.15,182.65,184.0,900,44550,17150.0,CE
2022-02-22 13:51:00,181.35,181.35,181.35,181.35,50,44100,17150.0,CE
2022-02-22 13:52:00,183.4,183.4,179.25,179.25,900,44100,17150.0,CE
2022-02-22 13:53:00,180.85,181.95,180.85,181.95,100,44100,17150.0,CE
2022-02-22 13:54:00,183.05,183.05,182.15,182.15,100,43300,17150.0,CE
2022-02-22 13:55:00,181.65,182.3,181.65,182.3,150,43300,17150.0,CE
2022-02-22 13:56:00,184.1,189.7,184.1,189.7,1100,43300,17150.0,CE
2022-02-22 13:57:00,191.9,197.8,190.1,197.8,3000,43250,17150.0,CE
2022-02-22 13:58:00,197.4,201.15,197.4,199.8,1400,43250,17150.0,CE
2022-02-22 13:59:00,200.45,202.3,200.2,200.2,400,43250,17150.0,CE
2022-02-22 14:00:00,204.0,215.0,203.6,214.25,8200,42700,17150.0,CE
2022-02-22 14:01:00,220.0,221.7,204.45,207.55,1650,42700,17150.0,CE
2022-02-22 14:02:00,209.95,209.95,206.8,208.0,300,42700,17150.0,CE
2022-02-22 14:03:00,214.4,214.4,214.4,214.4,50,42700,17150.0,CE
2022-02-22 14:04:00,210.7,210.7,207.65,207.65,300,42700,17150.0,CE
2022-02-22 14:05:00,212.8,213.55,212.0,212.25,650,42700,17150.0,CE
2022-02-22 14:06:00,209.85,212.1,206.8,212.1,700,42800,17150.0,CE
2022-02-22 14:07:00,211.6,211.65,206.6,206.6,1050,42800,17150.0,CE
2022-02-22 14:08:00,209.85,214.0,209.85,214.0,300,42800,17150.0,CE
2022-02-22 14:09:00,214.8,217.0,214.0,216.45,1150,42450,17150.0,CE
2022-02-22 14:10:00,217.05,225.9,217.05,223.15,3850,42450,17150.0,CE
2022-02-22 14:11:00,223.6,225.35,223.0,223.55,900,42450,17150.0,CE
2022-02-22 14:12:00,221.5,223.55,217.45,223.05,800,40900,17150.0,CE
2022-02-22 14:13:00,222.15,227.25,222.15,227.25,2000,40900,17150.0,CE
2022-02-22 14:14:00,224.55,229.85,224.55,229.4,900,40900,17150.0,CE
2022-02-22 14:15:00,230.0,241.6,230.0,235.5,63650,40850,17150.0,CE
2022-02-22 14:16:00,236.8,238.7,230.0,231.6,51150,40850,17150.0,CE
2022-02-22 14:17:00,232.15,240.0,231.75,238.15,8250,40850,17150.0,CE
2022-02-22 14:18:00,237.75,241.15,236.75,239.45,3300,116650,17150.0,CE
2022-02-22 14:19:00,235.95,235.95,217.9,217.9,3000,116650,17150.0,CE
2022-02-22 14:20:00,218.9,219.1,210.7,215.0,1600,116650,17150.0,CE
2022-02-22 14:21:00,221.0,239.3,221.0,238.7,11200,116250,17150.0,CE
2022-02-22 14:22:00,239.95,242.0,236.7,239.65,1450,116250,17150.0,CE
2022-02-22 14:23:00,243.8,243.95,240.05,242.0,850,116250,17150.0,CE
2022-02-22 14:24:00,246.5,254.65,246.45,252.7,8100,116550,17150.0,CE
2022-02-22 14:25:00,251.45,251.45,242.0,247.0,12050,116550,17150.0,CE
2022-02-22 14:26:00,248.6,250.0,242.0,242.0,3600,116550,17150.0,CE
2022-02-22 14:27:00,245.2,249.25,243.65,247.05,3400,115750,17150.0,CE
2022-02-22 14:28:00,248.15,258.9,248.15,256.6,4100,115750,17150.0,CE
2022-02-22 14:29:00,255.6,258.0,247.45,247.45,2600,115750,17150.0,CE
2022-02-22 14:30:00,248.8,254.2,248.8,252.45,2000,115300,17150.0,CE
2022-02-22 14:31:00,254.8,261.4,254.0,260.0,100750,115300,17150.0,CE
2022-02-22 14:32:00,261.65,263.15,259.05,259.9,8300,115300,17150.0,CE
2022-02-22 14:33:00,259.35,259.35,251.25,251.25,1500,55550,17150.0,CE
2022-02-22 14:34:00,251.75,260.0,248.0,260.0,3400,55550,17150.0,CE
2022-02-22 14:35:00,262.0,270.0,262.0,268.3,6550,55550,17150.0,CE
2022-02-22 14:36:00,267.7,268.1,259.8,260.4,5600,54900,17150.0,CE
2022-02-22 14:37:00,259.7,261.45,250.4,258.85,8200,54900,17150.0,CE
2022-02-22 14:38:00,258.45,259.4,248.85,250.75,5200,54900,17150.0,CE
2022-02-22 14:39:00,249.85,264.6,244.8,261.9,3500,55800,17150.0,CE
2022-02-22 14:40:00,262.0,263.5,256.95,262.1,1950,55800,17150.0,CE
2022-02-22 14:41:00,261.3,261.3,254.1,254.7,3000,55800,17150.0,CE
2022-02-22 14:42:00,252.8,254.25,246.75,247.1,3900,56600,17150.0,CE
2022-02-22 14:43:00,247.2,247.2,237.4,237.4,4800,56600,17150.0,CE
2022-02-22 14:44:00,240.6,253.0,240.6,253.0,1100,56600,17150.0,CE
2022-02-22 14:45:00,255.0,257.15,250.95,254.5,1800,58150,17150.0,CE
2022-02-22 14:46:00,252.65,259.0,252.65,253.5,2850,58150,17150.0,CE
2022-02-22 14:47:00,253.5,256.1,245.8,250.75,1300,58150,17150.0,CE
2022-02-22 14:48:00,252.5,252.5,245.5,245.5,300,61000,17150.0,CE
2022-02-22 14:49:00,246.1,253.0,245.75,253.0,1700,61000,17150.0,CE
2022-02-22 14:50:00,252.15,254.0,248.9,252.0,900,61000,17150.0,CE
2022-02-22 14:51:00,250.6,255.4,250.6,254.55,750,60150,17150.0,CE
2022-02-22 14:52:00,256.0,258.4,255.75,258.4,450,60150,17150.0,CE
2022-02-22 14:53:00,257.2,257.2,250.0,250.0,1800,60150,17150.0,CE
2022-02-22 14:54:00,248.9,250.0,246.8,246.8,300,60150,17150.0,CE
2022-02-22 14:55:00,247.0,253.0,247.0,249.6,850,65600,17150.0,CE
2022-02-22 14:56:00,251.0,256.85,250.6,250.6,1200,65600,17150.0,CE
2022-02-22 14:58:00,247.0,251.2,240.6,251.2,3000,65750,17150.0,CE
2022-02-22 14:59:00,252.6,255.0,252.6,255.0,2650,65750,17150.0,CE
2022-02-22 15:00:00,256.85,257.8,232.7,233.4,4200,62400,17150.0,CE
2022-02-22 15:01:00,235.2,237.85,232.0,232.1,350,62400,17150.0,CE
2022-02-22 15:02:00,228.9,228.9,222.65,226.6,2750,62400,17150.0,CE
2022-02-22 15:03:00,229.0,230.0,224.1,226.45,1550,62350,17150.0,CE
2022-02-22 15:04:00,226.45,231.9,226.45,231.9,1000,62350,17150.0,CE
2022-02-22 15:05:00,230.25,234.5,226.4,234.5,300,62350,17150.0,CE
2022-02-22 15:06:00,236.8,236.8,228.35,228.35,1200,61450,17150.0,CE
2022-02-22 15:07:00,230.6,238.55,230.6,238.55,150,61450,17150.0,CE
2022-02-22 15:08:00,239.0,244.85,238.95,244.4,800,61450,17150.0,CE
2022-02-22 15:09:00,240.0,248.15,240.0,247.75,2300,61450,17150.0,CE
2022-02-22 15:10:00,248.8,251.55,242.9,243.85,950,64000,17150.0,CE
2022-02-22 15:11:00,245.05,245.55,243.0,244.95,1100,64000,17150.0,CE
2022-02-22 15:12:00,249.45,249.45,241.6,241.6,800,68750,17150.0,CE
2022-02-22 15:13:00,240.65,240.65,238.4,239.7,400,68750,17150.0,CE
2022-02-22 15:14:00,239.85,241.0,239.85,240.0,150,68750,17150.0,CE
2022-02-22 15:15:00,241.15,246.65,241.15,246.65,800,68700,17150.0,CE
2022-02-22 15:16:00,248.8,250.0,244.45,246.75,3050,68700,17150.0,CE
2022-02-22 15:17:00,248.0,248.0,245.55,245.6,650,68700,17150.0,CE
2022-02-22 15:18:00,242.0,242.0,239.6,239.6,1350,57400,17150.0,CE
2022-02-22 15:19:00,241.15,241.15,237.65,237.65,350,57400,17150.0,CE
2022-02-22 15:20:00,237.2,240.25,236.5,240.25,1600,57400,17150.0,CE
2022-02-22 15:21:00,242.5,244.7,242.5,244.3,1150,56100,17150.0,CE
2022-02-22 15:22:00,245.4,245.4,239.0,241.35,1550,56100,17150.0,CE
2022-02-22 15:23:00,242.1,243.3,241.35,241.35,550,56100,17150.0,CE
2022-02-22 15:24:00,240.1,242.35,236.55,236.55,1200,56100,17150.0,CE
2022-02-22 15:25:00,234.45,234.45,226.2,226.2,4950,56150,17150.0,CE
2022-02-22 15:26:00,226.2,228.05,225.0,228.05,3850,56150,17150.0,CE
2022-02-22 15:27:00,228.35,230.75,228.35,230.7,3300,56150,17150.0,CE
2022-02-22 15:28:00,230.5,233.05,230.0,233.05,2100,59550,17150.0,CE
2022-02-22 15:29:00,234.4,235.5,232.0,233.5,3350,59550,17150.0,CE
2022-02-22 15:30:00,233.75,233.75,233.75,233.75,50,59550,17150.0,CE
2022-02-23 09:15:00,294.95,295.0,264.05,271.5,7903,51450,17150.0,CE
2022-02-23 09:16:00,270.0,278.1,270.0,273.6,5350,51450,17150.0,CE
2022-02-23 09:17:00,272.0,272.0,264.25,269.6,2950,51850,17150.0,CE
2022-02-23 09:18:00,270.05,272.7,265.65,265.65,2400,51850,17150.0,CE
2022-02-23 09:19:00,267.4,270.0,263.45,270.0,2150,51850,17150.0,CE
2022-02-23 09:20:00,269.05,269.55,258.4,262.8,3650,52300,17150.0,CE
2022-02-23 09:21:00,259.7,266.3,257.15,265.3,3600,52300,17150.0,CE
2022-02-23 09:22:00,267.75,272.0,267.6,271.25,5750,52300,17150.0,CE
2022-02-23 09:23:00,271.55,276.25,270.95,275.0,2900,53950,17150.0,CE
2022-02-23 09:24:00,276.0,277.15,273.25,276.55,1900,53950,17150.0,CE
2022-02-23 09:25:00,276.5,276.5,271.0,274.0,1500,53950,17150.0,CE
2022-02-23 09:26:00,275.0,282.0,275.0,280.95,3550,55450,17150.0,CE
2022-02-23 09:27:00,280.5,285.0,279.25,285.0,4400,55450,17150.0,CE
2022-02-23 09:28:00,285.0,291.1,283.6,289.55,2600,55450,17150.0,CE
2022-02-23 09:29:00,288.45,290.0,288.0,289.7,2600,55650,17150.0,CE
2022-02-23 09:30:00,287.9,287.9,281.6,282.8,3250,55650,17150.0,CE
2022-02-23 09:31:00,282.05,282.05,272.8,272.8,1700,55650,17150.0,CE
2022-02-23 09:32:00,272.6,276.25,270.9,276.25,950,52850,17150.0,CE
2022-02-23 09:33:00,276.3,279.4,273.05,279.4,2700,52850,17150.0,CE
2022-02-23 09:34:00,278.05,281.95,272.0,272.0,1700,52850,17150.0,CE
2022-02-23 09:35:00,274.1,276.6,271.85,271.85,550,51400,17150.0,CE
2022-02-23 09:36:00,272.15,274.0,269.5,270.05,2750,51400,17150.0,CE
2022-02-23 09:37:00,270.05,274.0,270.05,274.0,2400,51400,17150.0,CE
2022-02-23 09:38:00,274.0,274.9,272.0,272.0,1200,51450,17150.0,CE
2022-02-23 09:39:00,272.2,272.2,267.1,268.0,3750,51450,17150.0,CE
2022-02-23 09:40:00,267.3,267.3,261.0,262.35,3200,51450,17150.0,CE
2022-02-23 09:41:00,262.2,264.3,257.5,263.45,8200,54300,17150.0,CE
2022-02-23 09:42:00,261.8,266.0,260.0,263.0,4700,54300,17150.0,CE
2022-02-23 09:43:00,264.85,265.65,261.65,264.9,2800,54300,17150.0,CE
2022-02-23 09:44:00,265.95,266.65,257.15,257.15,2050,55900,17150.0,CE
2022-02-23 09:45:00,257.7,259.85,254.6,254.6,2950,55900,17150.0,CE
2022-02-23 09:46:00,254.3,257.25,253.0,254.6,4950,55900,17150.0,CE
2022-02-23 09:47:00,255.8,262.75,255.8,262.5,4500,64950,17150.0,CE
2022-02-23 09:48:00,263.45,266.95,262.95,265.1,5300,64950,17150.0,CE
2022-02-23 09:49:00,266.15,267.3,263.15,263.15,3300,64950,17150.0,CE
2022-02-23 09:50:00,264.55,266.9,262.15,262.85,2200,64100,17150.0,CE
2022-02-23 09:51:00,262.0,268.95,262.0,267.6,1650,64100,17150.0,CE
2022-02-23 09:52:00,268.15,269.95,266.9,268.65,1000,64100,17150.0,CE
2022-02-23 09:53:00,267.4,267.4,266.3,266.3,300,64100,17150.0,CE
2022-02-23 09:54:00,266.6,268.65,265.95,266.85,1050,64050,17150.0,CE
2022-02-23 09:55:00,268.8,268.8,262.05,263.85,1150,64050,17150.0,CE
2022-02-23 09:56:00,262.0,262.45,259.4,262.45,1900,63450,17150.0,CE
2022-02-23 09:57:00,259.95,261.4,257.4,261.4,1100,63450,17150.0,CE
2022-02-23 09:58:00,262.35,265.1,261.5,265.1,2300,63450,17150.0,CE
2022-02-23 09:59:00,266.0,267.1,265.1,266.05,2350,64750,17150.0,CE
2022-02-23 10:00:00,265.35,265.95,260.2,260.2,4300,64750,17150.0,CE
2022-02-23 10:01:00,261.05,263.7,261.0,261.2,1700,64750,17150.0,CE
2022-02-23 10:02:00,261.2,262.1,259.95,261.75,1650,64750,17150.0,CE
2022-02-23 10:03:00,263.0,264.0,262.15,262.15,1050,66550,17150.0,CE
2022-02-23 10:04:00,261.75,261.75,258.0,259.15,850,66550,17150.0,CE
2022-02-23 10:05:00,259.0,260.0,257.7,257.7,850,67650,17150.0,CE
2022-02-23 10:06:00,255.4,257.0,254.55,254.55,1850,67650,17150.0,CE
2022-02-23 10:07:00,254.0,258.6,254.0,257.3,3050,67650,17150.0,CE
2022-02-23 10:08:00,257.0,257.0,250.55,250.55,1750,69450,17150.0,CE
2022-02-23 10:09:00,250.55,251.5,244.2,251.2,6550,69450,17150.0,CE
2022-02-23 10:10:00,251.2,251.9,247.0,249.4,4350,69450,17150.0,CE
2022-02-23 10:11:00,250.3,250.65,247.65,249.2,3000,74900,17150.0,CE
2022-02-23 10:12:00,248.8,248.8,245.0,248.05,1900,74900,17150.0,CE
2022-02-23 10:13:00,249.0,249.0,245.0,247.1,2800,74900,17150.0,CE
2022-02-23 10:14:00,246.6,251.5,246.25,251.2,4050,78800,17150.0,CE
2022-02-23 10:15:00,251.25,256.25,249.0,255.95,4800,78800,17150.0,CE
2022-02-23 10:16:00,256.85,257.3,254.0,255.85,3900,78800,17150.0,CE
2022-02-23 10:17:00,255.85,257.0,253.45,255.1,5350,81750,17150.0,CE
2022-02-23 10:18:00,255.25,255.25,249.0,249.3,4800,81750,17150.0,CE
2022-02-23 10:19:00,250.9,255.1,250.9,254.45,1050,81750,17150.0,CE
2022-02-23 10:20:00,255.15,255.9,250.0,250.3,1750,82950,17150.0,CE
2022-02-23 10:21:00,249.95,250.7,245.2,247.65,3900,82950,17150.0,CE
2022-02-23 10:22:00,247.65,250.65,247.65,248.85,1000,82950,17150.0,CE
2022-02-23 10:23:00,249.1,250.6,248.0,248.4,3350,85600,17150.0,CE
2022-02-23 10:24:00,248.0,249.9,243.6,245.6,3250,85600,17150.0,CE
2022-02-23 10:25:00,244.65,251.8,244.0,251.8,5600,85600,17150.0,CE
2022-02-23 10:26:00,250.6,253.85,249.05,253.0,4700,86950,17150.0,CE
2022-02-23 10:27:00,254.2,256.3,253.05,256.0,2950,86950,17150.0,CE
2022-02-23 10:28:00,256.95,256.95,253.0,254.75,2900,86950,17150.0,CE
2022-02-23 10:29:00,253.2,255.0,252.6,253.05,1250,87800,17150.0,CE
2022-02-23 10:30:00,255.15,255.4,249.8,254.0,2500,87800,17150.0,CE
2022-02-23 10:31:00,253.85,253.85,249.15,250.25,1300,87800,17150.0,CE
2022-02-23 10:32:00,252.15,253.95,250.85,250.85,4250,89750,17150.0,CE
2022-02-23 10:33:00,251.15,251.15,245.0,245.0,4950,89750,17150.0,CE
2022-02-23 10:34:00,245.7,246.05,241.9,246.05,4950,89750,17150.0,CE
2022-02-23 10:35:00,243.25,248.45,243.25,248.45,1900,90600,17150.0,CE
2022-02-23 10:36:00,248.55,249.1,246.45,247.05,2700,90600,17150.0,CE
2022-02-23 10:37:00,246.75,248.4,246.0,246.5,1150,90600,17150.0,CE
2022-02-23 10:38:00,246.1,247.0,242.9,244.05,1750,90600,17150.0,CE
2022-02-23 10:39:00,242.4,242.4,237.85,238.0,6450,93400,17150.0,CE
2022-02-23 10:40:00,240.0,240.8,238.0,238.95,1850,93400,17150.0,CE
2022-02-23 10:41:00,238.5,242.0,238.0,240.0,2350,94150,17150.0,CE
2022-02-23 10:42:00,240.0,242.95,239.05,241.75,1750,94150,17150.0,CE
2022-02-23 10:43:00,240.7,242.5,239.4,241.6,3250,94150,17150.0,CE
2022-02-23 10:44:00,242.1,242.1,238.95,238.95,900,94150,17150.0,CE
2022-02-23 10:45:00,238.35,242.05,238.35,242.05,2000,96500,17150.0,CE
2022-02-23 10:46:00,241.95,244.1,241.95,243.05,2350,96500,17150.0,CE
2022-02-23 10:47:00,243.95,244.8,242.75,243.75,1450,96500,17150.0,CE
2022-02-23 10:48:00,244.4,244.4,241.15,241.15,1900,97800,17150.0,CE
2022-02-23 10:49:00,240.6,242.95,238.0,238.0,1550,97800,17150.0,CE
2022-02-23 10:50:00,238.65,247.4,238.65,247.4,1200,99250,17150.0,CE
2022-02-23 10:51:00,249.0,253.95,248.4,250.0,5500,99250,17150.0,CE
2022-02-23 10:52:00,250.0,250.0,247.95,248.95,1650,99250,17150.0,CE
2022-02-23 10:53:00,247.35,249.0,246.75,246.75,2850,99250,17150.0,CE
2022-02-23 10:54:00,248.25,249.9,247.9,249.5,3150,100700,17150.0,CE
2022-02-23 10:55:00,250.0,251.0,247.6,249.75,2450,100700,17150.0,CE
2022-02-23 10:56:00,248.75,249.3,246.5,246.5,1250,101450,17150.0,CE
2022-02-23 10:57:00,246.5,252.35,246.5,252.35,2700,101450,17150.0,CE
2022-02-23 10:58:00,250.4,252.3,248.9,248.9,3050,101450,17150.0,CE
2022-02-23 10:59:00,250.5,251.4,248.8,249.6,3050,101450,17150.0,CE
2022-02-23 11:00:00,249.8,253.6,249.8,252.0,3500,103950,17150.0,CE
2022-02-23 11:01:00,252.0,257.0,251.7,256.0,6750,103950,17150.0,CE
2022-02-23 11:02:00,254.95,259.6,254.95,258.0,7300,109100,17150.0,CE
2022-02-23 11:03:00,257.75,260.75,257.75,258.5,7200,109100,17150.0,CE
2022-02-23 11:04:00,258.75,258.75,256.75,257.6,1550,109100,17150.0,CE
2022-02-23 11:05:00,257.95,261.0,257.3,260.0,4550,108900,17150.0,CE
2022-02-23 11:06:00,259.5,260.95,258.85,259.75,3300,108900,17150.0,CE
2022-02-23 11:07:00,258.0,258.6,256.65,257.95,4650,108900,17150.0,CE
2022-02-23 11:08:00,258.85,260.0,258.7,258.75,3550,108900,17150.0,CE
2022-02-23 11:09:00,258.8,260.0,257.85,258.5,4050,110100,17150.0,CE
2022-02-23 11:10:00,259.0,259.0,253.4,255.3,5650,110100,17150.0,CE
2022-02-23 11:11:00,255.0,255.05,250.0,251.65,4850,110100,17150.0,CE
2022-02-23 11:12:00,250.5,255.55,250.5,255.55,1550,105650,17150.0,CE
2022-02-23 11:13:00,256.8,256.8,252.45,252.45,1750,105650,17150.0,CE
2022-02-23 11:14:00,251.9,255.25,251.9,255.2,550,105650,17150.0,CE
2022-02-23 11:15:00,255.25,258.5,254.8,257.8,4850,107250,17150.0,CE
2022-02-23 11:16:00,257.15,257.2,256.0,256.85,1250,107250,17150.0,CE
2022-02-23 11:17:00,256.45,256.45,255.35,256.0,1650,107250,17150.0,CE
2022-02-23 11:18:00,256.1,261.35,256.1,260.05,4450,109850,17150.0,CE
2022-02-23 11:19:00,260.35,262.45,260.0,260.05,3950,109850,17150.0,CE
2022-02-23 11:20:00,260.95,261.55,259.6,260.1,2650,109850,17150.0,CE
2022-02-23 11:21:00,259.65,260.55,258.0,258.0,2650,109900,17150.0,CE
2022-02-23 11:22:00,256.0,258.4,255.55,258.4,1750,109900,17150.0,CE
2022-02-23 11:23:00,258.05,258.6,256.55,256.55,1650,109900,17150.0,CE
2022-02-23 11:24:00,255.5,256.4,254.25,254.25,3350,110450,17150.0,CE
2022-02-23 11:25:00,253.9,253.9,251.95,251.95,1450,110450,17150.0,CE
2022-02-23 11:26:00,254.35,254.35,253.35,254.0,700,110450,17150.0,CE
2022-02-23 11:27:00,253.95,253.95,251.75,252.3,1100,110250,17150.0,CE
2022-02-23 11:28:00,252.15,259.5,251.95,259.2,2050,110250,17150.0,CE
2022-02-23 11:29:00,258.0,261.05,258.0,260.6,3850,110250,17150.0,CE
2022-02-23 11:30:00,261.5,261.8,260.35,260.65,3650,109250,17150.0,CE
2022-02-23 11:31:00,261.9,262.15,259.3,260.0,2200,109250,17150.0,CE
2022-02-23 11:32:00,260.0,261.45,259.65,260.05,2650,109250,17150.0,CE
2022-02-23 11:33:00,260.0,262.0,259.15,261.6,4100,105350,17150.0,CE
2022-02-23 11:34:00,261.6,262.0,260.9,261.7,3900,105350,17150.0,CE
2022-02-23 11:35:00,261.95,261.95,258.1,258.1,1950,105350,17150.0,CE
2022-02-23 11:36:00,259.0,260.1,258.2,259.95,900,100900,17150.0,CE
2022-02-23 11:37:00,257.0,257.6,255.8,257.2,1850,100900,17150.0,CE
2022-02-23 11:38:00,257.55,257.55,255.4,255.4,950,100900,17150.0,CE
2022-02-23 11:39:00,255.0,255.45,253.25,254.35,1000,99950,17150.0,CE
2022-02-23 11:40:00,255.2,259.0,255.2,259.0,1550,99950,17150.0,CE
2022-02-23 11:41:00,256.7,256.7,253.7,254.0,800,99950,17150.0,CE
2022-02-23 11:42:00,256.4,256.8,254.4,256.2,500,100350,17150.0,CE
2022-02-23 11:43:00,256.0,259.2,256.0,259.15,950,100350,17150.0,CE
2022-02-23 11:44:00,257.6,259.0,256.2,258.0,1450,100350,17150.0,CE
2022-02-23 11:45:00,258.9,260.5,258.2,258.35,600,100250,17150.0,CE
2022-02-23 11:46:00,258.2,258.2,254.65,254.65,1450,100250,17150.0,CE
2022-02-23 11:47:00,256.0,258.45,256.0,258.0,500,100250,17150.0,CE
2022-02-23 11:48:00,258.0,258.0,255.85,255.85,900,100450,17150.0,CE
2022-02-23 11:49:00,256.0,256.0,252.9,252.9,700,100450,17150.0,CE
2022-02-23 11:50:00,253.9,254.4,249.0,249.0,4050,100450,17150.0,CE
2022-02-23 11:51:00,248.5,249.3,247.0,249.3,2050,101150,17150.0,CE
2022-02-23 11:52:00,249.05,249.6,247.3,247.3,2000,101150,17150.0,CE
2022-02-23 11:53:00,247.0,247.35,244.25,246.0,2850,101150,17150.0,CE
2022-02-23 11:54:00,247.2,249.3,247.2,249.3,600,98800,17150.0,CE
2022-02-23 11:55:00,249.3,250.2,249.3,249.8,650,98800,17150.0,CE
2022-02-23 11:56:00,247.0,247.0,247.0,247.0,50,98800,17150.0,CE
2022-02-23 11:57:00,248.45,249.4,248.0,249.4,350,99200,17150.0,CE
2022-02-23 11:58:00,250.95,253.45,250.05,251.35,1350,99200,17150.0,CE
2022-02-23 11:59:00,251.4,253.75,251.4,253.75,200,99200,17150.0,CE
2022-02-23 12:00:00,254.9,255.95,253.25,254.2,1300,98850,17150.0,CE
2022-02-23 12:01:00,254.9,254.9,251.5,251.55,900,98850,17150.0,CE
2022-02-23 12:02:00,251.0,251.0,250.0,250.0,550,98850,17150.0,CE
2022-02-23 12:03:00,253.05,253.05,250.5,250.5,300,98650,17150.0,CE
2022-02-23 12:04:00,250.0,250.6,250.0,250.6,1000,98650,17150.0,CE
2022-02-23 12:05:00,250.0,250.0,247.55,247.55,2800,98650,17150.0,CE
2022-02-23 12:06:00,248.1,250.5,248.1,250.1,1000,97400,17150.0,CE
2022-02-23 12:07:00,250.3,252.25,249.6,249.6,1900,97400,17150.0,CE
2022-02-23 12:08:00,249.3,254.0,249.3,251.9,2300,97400,17150.0,CE
2022-02-23 12:09:00,251.6,253.0,250.35,250.85,850,97800,17150.0,CE
2022-02-23 12:10:00,251.45,251.45,247.0,247.0,1200,97800,17150.0,CE
2022-02-23 12:11:00,246.6,249.0,246.6,248.45,700,97800,17150.0,CE
2022-02-23 12:12:00,249.0,249.1,239.7,239.95,2750,98450,17150.0,CE
2022-02-23 12:13:00,240.5,242.1,238.5,242.1,600,98450,17150.0,CE
2022-02-23 12:14:00,242.0,243.3,241.0,241.0,1200,98450,17150.0,CE
2022-02-23 12:15:00,241.65,241.85,237.9,240.65,3500,99000,17150.0,CE
2022-02-23 12:16:00,241.0,241.0,235.3,235.3,1650,99000,17150.0,CE
2022-02-23 12:17:00,235.0,237.35,234.9,237.35,3400,99000,17150.0,CE
2022-02-23 12:18:00,237.0,237.1,236.0,236.0,1200,100250,17150.0,CE
2022-02-23 12:19:00,236.4,240.0,235.8,240.0,1300,100250,17150.0,CE
2022-02-23 12:20:00,240.45,244.15,239.1,244.15,1950,100250,17150.0,CE
2022-02-23 12:21:00,243.5,245.0,242.5,242.5,1600,99400,17150.0,CE
2022-02-23 12:22:00,242.9,244.45,241.45,244.45,1000,99400,17150.0,CE
2022-02-23 12:23:00,245.5,246.55,243.45,244.25,1950,99400,17150.0,CE
2022-02-23 12:24:00,243.9,245.3,243.9,245.3,200,99400,17150.0,CE
2022-02-23 12:25:00,245.65,246.0,243.75,244.0,750,101200,17150.0,CE
2022-02-23 12:26:00,243.75,244.0,242.15,242.15,2250,101200,17150.0,CE
2022-02-23 12:27:00,242.0,242.35,237.45,237.45,1800,103000,17150.0,CE
2022-02-23 12:28:00,236.65,243.45,235.95,242.3,1200,103000,17150.0,CE
2022-02-23 12:29:00,243.45,243.55,242.1,242.9,550,103000,17150.0,CE
2022-02-23 12:30:00,241.8,243.45,240.5,242.05,2800,104950,17150.0,CE
2022-02-23 12:31:00,240.2,240.2,233.8,235.5,2400,104950,17150.0,CE
2022-02-23 12:32:00,234.5,236.35,234.3,236.15,750,104950,17150.0,CE
2022-02-23 12:33:00,235.95,236.55,233.0,233.0,800,105550,17150.0,CE
2022-02-23 12:34:00,232.0,232.4,228.15,231.05,3250,105550,17150.0,CE
2022-02-23 12:35:00,230.6,233.1,230.6,232.0,1700,105550,17150.0,CE
2022-02-23 12:36:00,231.5,231.5,228.2,229.95,2350,106400,17150.0,CE
2022-02-23 12:37:00,230.25,230.9,227.0,227.0,3300,106400,17150.0,CE
2022-02-23 12:38:00,226.95,228.2,226.0,226.05,1950,106400,17150.0,CE
2022-02-23 12:39:00,225.25,228.45,225.25,227.4,2450,108200,17150.0,CE
2022-02-23 12:40:00,227.3,229.0,226.7,228.65,3900,108200,17150.0,CE
2022-02-23 12:41:00,229.15,232.0,228.0,231.75,2450,108200,17150.0,CE
2022-02-23 12:42:00,231.25,231.25,223.35,224.2,5000,109500,17150.0,CE
2022-02-23 12:43:00,224.15,227.75,224.0,227.7,1800,109500,17150.0,CE
2022-02-23 12:44:00,226.8,227.05,225.7,225.7,1750,109500,17150.0,CE
2022-02-23 12:45:00,226.35,226.35,225.0,225.75,900,110100,17150.0,CE
2022-02-23 12:46:00,225.2,227.4,223.5,227.4,2300,110100,17150.0,CE
2022-02-23 12:47:00,229.6,230.3,228.35,230.3,2250,110100,17150.0,CE
2022-02-23 12:48:00,230.65,231.7,228.15,230.0,4750,110500,17150.0,CE
2022-02-23 12:49:00,230.0,232.0,230.0,231.4,6050,110500,17150.0,CE
2022-02-23 12:50:00,231.25,233.6,230.5,232.25,5300,110500,17150.0,CE
2022-02-23 12:51:00,233.0,233.0,231.55,231.8,2550,115500,17150.0,CE
2022-02-23 12:52:00,232.55,232.9,230.7,231.95,600,115500,17150.0,CE
2022-02-23 12:53:00,231.95,232.9,231.0,232.65,2400,115500,17150.0,CE
2022-02-23 12:54:00,233.4,233.4,225.4,226.65,6250,117100,17150.0,CE
2022-02-23 12:55:00,225.9,227.85,225.0,226.6,1950,117100,17150.0,CE
2022-02-23 12:56:00,228.15,231.45,228.15,229.1,1950,117100,17150.0,CE
2022-02-23 12:57:00,228.6,229.7,228.2,229.4,850,116800,17150.0,CE
2022-02-23 12:58:00,228.0,228.0,221.4,221.4,3650,116800,17150.0,CE
2022-02-23 12:59:00,221.0,222.15,217.55,219.5,6400,116800,17150.0,CE
2022-02-23 13:00:00,221.05,221.4,218.45,221.3,4700,118400,17150.0,CE
2022-02-23 13:01:00,222.0,222.75,221.4,222.25,1050,118400,17150.0,CE
2022-02-23 13:02:00,221.55,224.45,221.55,224.3,2750,118400,17150.0,CE
2022-02-23 13:03:00,224.95,225.15,224.6,225.15,1800,118800,17150.0,CE
2022-02-23 13:04:00,224.75,226.0,224.75,225.0,2450,118800,17150.0,CE
2022-02-23 13:05:00,227.8,230.75,227.8,230.6,3050,118800,17150.0,CE
2022-02-23 13:06:00,229.95,232.3,229.95,231.25,4350,119250,17150.0,CE
2022-02-23 13:07:00,231.35,231.5,228.65,231.5,1300,119250,17150.0,CE
2022-02-23 13:08:00,230.0,232.15,229.05,230.65,1850,119250,17150.0,CE
2022-02-23 13:09:00,230.6,230.6,229.0,230.0,2850,120750,17150.0,CE
2022-02-23 13:10:00,230.0,230.1,228.15,228.75,2500,120750,17150.0,CE
2022-02-23 13:11:00,229.65,237.6,229.15,236.5,4650,120750,17150.0,CE
2022-02-23 13:12:00,237.9,240.6,237.0,237.95,9150,122850,17150.0,CE
2022-02-23 13:13:00,238.55,238.75,236.05,236.4,4400,122850,17150.0,CE
2022-02-23 13:14:00,236.95,239.0,236.85,238.15,2150,122850,17150.0,CE
2022-02-23 13:15:00,237.95,242.1,237.95,240.65,6650,123900,17150.0,CE
2022-02-23 13:16:00,241.05,242.75,239.35,239.35,4800,123900,17150.0,CE
2022-02-23 13:17:00,239.6,242.0,239.35,241.95,3150,123900,17150.0,CE
2022-02-23 13:18:00,240.0,240.0,237.5,238.0,1650,123600,17150.0,CE
2022-02-23 13:19:00,238.0,238.0,234.75,237.0,2400,123600,17150.0,CE
2022-02-23 13:20:00,237.0,237.1,236.0,237.1,400,123600,17150.0,CE
2022-02-23 13:21:00,237.3,241.95,237.3,240.1,2100,124950,17150.0,CE
2022-02-23 13:22:00,240.3,240.9,236.3,237.0,1600,124950,17150.0,CE
2022-02-23 13:23:00,236.6,236.7,235.4,235.6,450,124950,17150.0,CE
2022-02-23 13:24:00,236.0,238.75,236.0,237.65,1200,125750,17150.0,CE
2022-02-23 13:25:00,237.7,240.0,236.75,236.75,1150,125750,17150.0,CE
2022-02-23 13:26:00,237.1,238.0,235.2,235.2,1250,125750,17150.0,CE
2022-02-23 13:27:00,234.7,237.3,234.55,236.65,1800,125900,17150.0,CE
2022-02-23 13:28:00,237.5,240.25,236.0,236.0,3400,125900,17150.0,CE
2022-02-23 13:29:00,235.0,235.0,231.9,233.0,2650,125900,17150.0,CE
2022-02-23 13:30:00,231.55,232.3,225.8,226.1,4300,128050,17150.0,CE
2022-02-23 13:31:00,228.2,228.2,220.55,223.25,5450,128050,17150.0,CE
2022-02-23 13:32:00,222.45,227.3,221.8,224.85,6100,128050,17150.0,CE
2022-02-23 13:33:00,225.5,228.95,222.7,228.95,4300,132050,17150.0,CE
2022-02-23 13:34:00,228.95,230.95,227.9,228.7,2150,132050,17150.0,CE
2022-02-23 13:35:00,229.5,230.0,227.0,227.0,2700,132050,17150.0,CE
2022-02-23 13:36:00,226.8,231.7,225.65,227.35,1850,131000,17150.0,CE
2022-02-23 13:37:00,227.5,231.5,227.5,229.35,2450,131000,17150.0,CE
2022-02-23 13:38:00,230.85,230.85,228.2,228.2,900,131000,17150.0,CE
2022-02-23 13:39:00,227.5,228.4,224.35,226.65,2550,132900,17150.0,CE
2022-02-23 13:40:00,228.3,230.4,228.0,228.0,1850,132900,17150.0,CE
2022-02-23 13:41:00,229.15,231.2,229.05,229.05,3600,132900,17150.0,CE
2022-02-23 13:42:00,228.75,228.75,226.0,226.0,2850,134450,17150.0,CE
2022-02-23 13:43:00,229.2,229.45,227.55,227.55,2200,134450,17150.0,CE
2022-02-23 13:44:00,227.85,230.6,227.85,230.6,600,134450,17150.0,CE
2022-02-23 13:45:00,230.5,234.0,230.0,233.75,3200,137850,17150.0,CE
2022-02-23 13:46:00,233.1,234.15,230.85,230.85,1300,137850,17150.0,CE
2022-02-23 13:47:00,230.45,231.45,229.1,230.0,2050,137850,17150.0,CE
2022-02-23 13:48:00,229.8,229.8,228.0,228.1,5100,139450,17150.0,CE
2022-02-23 13:49:00,227.0,228.2,224.0,228.2,1650,139450,17150.0,CE
2022-02-23 13:50:00,228.4,228.95,226.0,228.05,850,139450,17150.0,CE
2022-02-23 13:51:00,226.75,227.75,224.85,225.7,1750,142050,17150.0,CE
2022-02-23 13:52:00,226.0,230.85,225.8,230.85,1050,142050,17150.0,CE
2022-02-23 13:53:00,229.5,232.3,229.5,230.25,3000,142050,17150.0,CE
2022-02-23 13:54:00,230.25,231.9,229.9,231.3,1000,144100,17150.0,CE
2022-02-23 13:55:00,230.9,232.2,229.45,232.2,3950,144100,17150.0,CE
2022-02-23 13:56:00,231.15,232.05,227.0,227.0,3050,144100,17150.0,CE
2022-02-23 13:57:00,226.5,228.5,224.45,224.95,2700,145600,17150.0,CE
2022-02-23 13:58:00,224.45,224.45,215.0,216.5,8650,145600,17150.0,CE
2022-02-23 13:59:00,217.0,221.3,217.0,219.45,3000,145600,17150.0,CE
2022-02-23 14:00:00,219.25,219.45,204.3,209.5,17400,144650,17150.0,CE
2022-02-23 14:01:00,209.35,215.15,208.45,214.15,3600,144650,17150.0,CE
2022-02-23 14:02:00,213.95,218.5,213.0,218.5,5600,144650,17150.0,CE
2022-02-23 14:03:00,218.8,221.25,216.95,220.15,6500,145500,17150.0,CE
2022-02-23 14:04:00,221.1,222.45,218.5,222.45,3850,145500,17150.0,CE
2022-02-23 14:05:00,222.7,225.8,221.6,225.3,6050,145500,17150.0,CE
2022-02-23 14:06:00,225.0,228.65,224.65,225.65,4850,147350,17150.0,CE
2022-02-23 14:07:00,226.9,229.05,225.8,227.3,3700,147350,17150.0,CE
2022-02-23 14:08:00,227.3,227.6,225.4,226.9,1550,147350,17150.0,CE
2022-02-23 14:09:00,226.1,226.35,223.35,223.35,2550,150100,17150.0,CE
2022-02-23 14:10:00,223.05,224.3,221.35,221.35,4950,150100,17150.0,CE
2022-02-23 14:11:00,221.0,225.7,221.0,223.6,2900,150100,17150.0,CE
2022-02-23 14:12:00,223.9,224.3,220.0,220.15,2500,147950,17150.0,CE
2022-02-23 14:13:00,220.95,224.45,220.95,223.4,1100,147950,17150.0,CE
2022-02-23 14:14:00,222.25,223.15,221.0,222.8,1150,147950,17150.0,CE
2022-02-23 14:15:00,222.1,225.0,214.25,214.25,3900,150450,17150.0,CE
2022-02-23 14:16:00,214.2,221.0,214.2,215.5,3100,150450,17150.0,CE
2022-02-23 14:17:00,218.05,219.5,216.4,217.0,1800,150450,17150.0,CE
2022-02-23 14:18:00,219.5,220.7,218.9,220.5,1300,152700,17150.0,CE
2022-02-23 14:19:00,218.8,219.3,218.25,218.4,900,152700,17150.0,CE
2022-02-23 14:20:00,216.85,217.65,216.0,216.0,1650,152700,17150.0,CE
2022-02-23 14:21:00,216.0,216.0,211.95,213.65,3850,152700,17150.0,CE
2022-02-23 14:22:00,214.9,217.25,212.0,214.7,1650,153500,17150.0,CE
2022-02-23 14:23:00,217.8,218.7,216.0,216.0,1200,153500,17150.0,CE
2022-02-23 14:24:00,217.35,219.75,216.3,218.55,2000,155500,17150.0,CE
2022-02-23 14:25:00,218.75,218.95,213.0,215.8,850,155500,17150.0,CE
2022-02-23 14:26:00,214.9,217.45,213.6,217.45,950,155500,17150.0,CE
2022-02-23 14:27:00,217.9,218.9,217.1,217.85,1100,154900,17150.0,CE
2022-02-23 14:28:00,217.1,217.1,213.5,213.5,2450,154900,17150.0,CE
2022-02-23 14:29:00,214.6,215.6,213.0,213.0,2500,154900,17150.0,CE
2022-02-23 14:30:00,213.0,215.15,212.35,213.15,550,155050,17150.0,CE
2022-02-23 14:31:00,212.75,214.5,205.5,205.5,4300,155050,17150.0,CE
2022-02-23 14:32:00,206.7,208.0,200.2,207.7,9950,155050,17150.0,CE
2022-02-23 14:33:00,206.85,209.25,204.1,207.15,3400,155850,17150.0,CE
2022-02-23 14:34:00,207.6,213.6,206.5,213.6,2750,155850,17150.0,CE
2022-02-23 14:35:00,213.95,213.95,209.35,210.1,2250,155850,17150.0,CE
2022-02-23 14:36:00,207.35,209.65,205.6,207.35,1450,155850,17150.0,CE
2022-02-23 14:37:00,208.05,212.05,207.6,209.65,4750,158350,17150.0,CE
2022-02-23 14:38:00,210.9,210.9,207.3,208.45,1550,158350,17150.0,CE
2022-02-23 14:39:00,208.1,209.95,207.45,207.85,3200,160400,17150.0,CE
2022-02-23 14:40:00,207.4,209.2,205.3,205.8,3250,160400,17150.0,CE
2022-02-23 14:41:00,205.7,205.7,202.0,202.75,3650,160400,17150.0,CE
2022-02-23 14:42:00,203.0,205.0,201.45,205.0,1900,164250,17150.0,CE
2022-02-23 14:43:00,205.3,209.25,204.15,208.95,1750,164250,17150.0,CE
2022-02-23 14:44:00,209.55,210.45,206.35,210.45,4400,164250,17150.0,CE
2022-02-23 14:45:00,210.85,218.0,209.5,218.0,7000,168100,17150.0,CE
2022-02-23 14:46:00,218.7,223.0,218.15,221.3,9550,168100,17150.0,CE
2022-02-23 14:47:00,220.9,222.65,218.2,222.4,5850,168100,17150.0,CE
2022-02-23 14:48:00,222.0,228.5,221.5,227.0,9150,163850,17150.0,CE
2022-02-23 14:49:00,228.0,229.0,225.15,229.0,7200,163850,17150.0,CE
2022-02-23 14:50:00,229.6,232.9,228.0,228.0,13400,163850,17150.0,CE
2022-02-23 14:51:00,229.25,232.0,226.0,226.1,7250,163000,17150.0,CE
2022-02-23 14:52:00,225.8,226.85,221.8,223.4,5600,163000,17150.0,CE
2022-02-23 14:53:00,224.5,230.0,222.65,229.7,4500,163000,17150.0,CE
2022-02-23 14:54:00,229.55,230.0,226.8,227.8,4100,164250,17150.0,CE
2022-02-23 14:55:00,227.1,228.45,224.75,225.35,6000,164250,17150.0,CE
2022-02-23 14:56:00,224.75,226.0,218.6,220.15,3350,164250,17150.0,CE
2022-02-23 14:57:00,222.55,224.8,222.1,222.2,4050,166250,17150.0,CE
2022-02-23 14:58:00,223.5,223.5,220.15,220.15,3300,166250,17150.0,CE
2022-02-23 14:59:00,220.45,222.7,219.45,222.0,3500,166250,17150.0,CE
2022-02-23 15:00:00,223.4,225.0,209.65,211.05,7400,166250,17150.0,CE
2022-02-23 15:01:00,210.45,212.75,208.4,209.95,9050,167950,17150.0,CE
2022-02-23 15:02:00,209.55,209.6,203.65,203.65,9600,167950,17150.0,CE
2022-02-23 15:03:00,204.65,205.15,199.4,201.05,10400,174400,17150.0,CE
2022-02-23 15:04:00,201.2,207.65,201.2,207.3,7400,174400,17150.0,CE
2022-02-23 15:05:00,207.9,207.9,198.65,198.65,9800,174400,17150.0,CE
2022-02-23 15:06:00,198.0,205.45,198.0,199.0,4900,177000,17150.0,CE
2022-02-23 15:07:00,200.5,200.5,194.1,194.1,5000,177000,17150.0,CE
2022-02-23 15:08:00,194.1,195.4,191.05,191.05,8950,177000,17150.0,CE
2022-02-23 15:09:00,190.45,197.5,190.45,194.75,9800,180100,17150.0,CE
2022-02-23 15:10:00,194.75,195.3,190.0,190.0,4000,180100,17150.0,CE
2022-02-23 15:11:00,190.0,190.0,185.75,187.05,7350,180100,17150.0,CE
2022-02-23 15:12:00,187.0,193.85,183.0,193.7,9800,182400,17150.0,CE
2022-02-23 15:13:00,193.15,195.95,186.95,187.45,10300,182400,17150.0,CE
2022-02-23 15:14:00,186.75,187.15,180.3,180.3,11250,182400,17150.0,CE
2022-02-23 15:15:00,183.5,188.1,180.6,186.85,10350,182400,17150.0,CE
2022-02-23 15:16:00,188.3,189.95,186.0,188.8,9800,186150,17150.0,CE
2022-02-23 15:17:00,189.05,189.85,182.8,182.8,3300,186150,17150.0,CE
2022-02-23 15:18:00,182.65,184.2,178.7,183.1,7900,186150,17150.0,CE
2022-02-23 15:19:00,185.5,186.25,184.0,185.25,2750,186150,17150.0,CE
2022-02-23 15:20:00,184.2,186.75,184.0,186.45,5800,186150,17150.0,CE
2022-02-23 15:21:00,186.3,187.8,185.95,187.05,5550,186150,17150.0,CE
2022-02-23 15:22:00,187.35,192.55,187.35,192.15,3650,189250,17150.0,CE
2022-02-23 15:23:00,192.2,194.2,189.95,191.45,8650,189250,17150.0,CE
2022-02-23 15:24:00,191.7,193.4,191.5,191.8,5050,189250,17150.0,CE
2022-02-23 15:25:00,192.45,192.8,188.95,189.55,4600,183500,17150.0,CE
2022-02-23 15:26:00,190.3,191.0,189.9,189.95,3100,183500,17150.0,CE
2022-02-23 15:27:00,189.85,193.0,189.85,192.2,7300,183500,17150.0,CE
2022-02-23 15:28:00,192.0,197.0,192.0,195.6,5650,176900,17150.0,CE
2022-02-23 15:29:00,196.5,199.65,194.6,198.05,9550,176900,17150.0,CE
2022-02-24 09:15:00,36.45,128.1,36.15,68.0,30253,169950,17150.0,CE
2022-02-24 09:16:00,69.0,81.7,64.65,81.7,43100,169950,17150.0,CE
2022-02-24 09:17:00,80.35,85.4,78.9,82.05,16500,157850,17150.0,CE
2022-02-24 09:18:00,81.5,81.8,75.0,77.4,15400,157850,17150.0,CE
2022-02-24 09:19:00,77.0,81.0,75.55,78.25,10850,157850,17150.0,CE
2022-02-24 09:20:00,78.6,85.0,77.2,84.75,14600,162350,17150.0,CE
2022-02-24 09:21:00,84.45,85.25,82.0,84.05,4750,162350,17150.0,CE
2022-02-24 09:22:00,84.25,84.25,80.6,80.6,8400,162350,17150.0,CE
2022-02-24 09:23:00,80.6,83.7,79.3,79.3,8250,162650,17150.0,CE
2022-02-24 09:24:00,78.55,83.05,78.55,81.3,12500,162650,17150.0,CE
2022-02-24 09:25:00,80.0,82.85,79.85,82.85,3500,162650,17150.0,CE
2022-02-24 09:26:00,82.3,86.45,81.6,83.4,10800,161150,17150.0,CE
2022-02-24 09:27:00,84.05,86.4,84.0,85.3,14550,161150,17150.0,CE
2022-02-24 09:28:00,85.2,85.75,81.2,83.7,9750,161150,17150.0,CE
2022-02-24 09:29:00,84.0,84.75,82.0,82.15,6650,161250,17150.0,CE
2022-02-24 09:30:00,81.6,86.4,81.3,86.4,8500,161250,17150.0,CE
2022-02-24 09:31:00,86.8,90.0,86.0,87.4,5650,161250,17150.0,CE
2022-02-24 09:32:00,87.75,89.8,86.65,87.9,5800,159050,17150.0,CE
2022-02-24 09:33:00,89.15,90.1,86.3,86.3,5550,159050,17150.0,CE
2022-02-24 09:34:00,86.0,90.0,85.65,89.8,3150,159050,17150.0,CE
2022-02-24 09:35:00,89.4,89.4,85.5,85.65,4150,159850,17150.0,CE
2022-02-24 09:36:00,85.0,86.85,84.5,86.35,5400,159850,17150.0,CE
2022-02-24 09:37:00,86.4,87.3,84.8,85.35,7550,159850,17150.0,CE
2022-02-24 09:38:00,85.25,85.5,84.6,85.5,2300,159600,17150.0,CE
2022-02-24 09:39:00,85.65,87.35,85.25,85.3,2400,159600,17150.0,CE
2022-02-24 09:40:00,84.55,86.05,83.9,83.9,4400,159600,17150.0,CE
2022-02-24 09:41:00,83.45,83.45,81.45,82.95,3300,161350,17150.0,CE
2022-02-24 09:42:00,82.65,86.85,82.0,85.2,3800,161350,17150.0,CE
2022-02-24 09:43:00,84.6,86.35,83.55,83.75,3800,161350,17150.0,CE
2022-02-24 09:44:00,82.2,83.75,81.4,82.85,9100,159650,17150.0,CE
2022-02-24 09:45:00,82.65,83.15,80.35,81.45,7000,159650,17150.0,CE
2022-02-24 09:46:00,80.45,82.6,79.45,80.5,6150,159650,17150.0,CE
2022-02-24 09:47:00,80.2,84.5,78.65,83.45,10200,160750,17150.0,CE
2022-02-24 09:48:00,81.8,81.8,79.5,79.5,7200,160750,17150.0,CE
2022-02-24 09:49:00,80.25,82.55,78.95,81.45,7850,160750,17150.0,CE
2022-02-24 09:50:00,81.95,85.8,81.0,82.4,6600,162050,17150.0,CE
2022-02-24 09:51:00,82.7,84.2,81.6,83.6,1900,162050,17150.0,CE
2022-02-24 09:52:00,83.0,83.75,81.0,81.4,5100,162050,17150.0,CE
2022-02-24 09:53:00,80.4,81.65,79.4,79.65,4500,161250,17150.0,CE
2022-02-24 09:54:00,79.85,79.85,77.2,77.8,4600,161250,17150.0,CE
2022-02-24 09:55:00,77.0,78.05,76.0,77.1,10100,161250,17150.0,CE
2022-02-24 09:56:00,76.8,78.9,75.8,78.05,3100,164600,17150.0,CE
2022-02-24 09:57:00,77.8,78.55,77.35,77.9,1800,164600,17150.0,CE
2022-02-24 09:58:00,76.5,78.0,75.95,76.95,2900,164600,17150.0,CE
2022-02-24 09:59:00,76.3,79.05,75.25,75.35,3800,163250,17150.0,CE
2022-02-24 10:00:00,75.0,75.75,72.45,75.35,18950,163250,17150.0,CE
2022-02-24 10:01:00,74.6,78.1,74.1,77.7,7550,163250,17150.0,CE
2022-02-24 10:02:00,78.0,81.0,77.6,80.9,17750,169750,17150.0,CE
2022-02-24 10:03:00,81.1,82.3,79.55,81.25,8650,169750,17150.0,CE
2022-02-24 10:04:00,82.0,83.55,80.55,81.4,4950,169750,17150.0,CE
2022-02-24 10:05:00,80.7,81.2,77.25,80.0,3000,165950,17150.0,CE
2022-02-24 10:06:00,80.1,81.65,78.15,78.5,3050,165950,17150.0,CE
2022-02-24 10:07:00,78.9,79.15,76.0,76.05,2250,165950,17150.0,CE
2022-02-24 10:08:00,75.5,77.55,75.5,75.6,2050,164900,17150.0,CE
2022-02-24 10:09:00,76.15,76.45,73.65,73.65,7500,164900,17150.0,CE
2022-02-24 10:10:00,74.45,74.45,73.1,73.8,4400,164900,17150.0,CE
2022-02-24 10:11:00,75.1,75.3,73.6,74.7,5100,164400,17150.0,CE
2022-02-24 10:12:00,74.6,75.9,73.0,75.6,7050,164400,17150.0,CE
2022-02-24 10:13:00,76.95,77.0,74.55,76.35,950,164400,17150.0,CE
2022-02-24 10:14:00,74.6,76.35,74.6,75.85,650,164400,17150.0,CE
2022-02-24 10:15:00,76.2,76.2,74.6,75.65,600,163200,17150.0,CE
2022-02-24 10:16:00,76.05,76.35,74.1,74.7,1350,163200,17150.0,CE
2022-02-24 10:17:00,75.25,76.0,74.25,75.9,1450,163800,17150.0,CE
2022-02-24 10:18:00,76.3,76.3,75.0,75.65,300,163800,17150.0,CE
2022-02-24 10:19:00,75.9,75.9,74.7,75.8,1500,163800,17150.0,CE
2022-02-24 10:20:00,75.3,76.7,75.0,76.3,2200,166200,17150.0,CE
2022-02-24 10:21:00,75.6,76.15,75.0,75.0,1500,166200,17150.0,CE
2022-02-24 10:22:00,74.35,76.0,74.35,75.9,1500,166200,17150.0,CE
2022-02-24 10:23:00,76.9,77.35,75.05,76.65,1500,168000,17150.0,CE
2022-02-24 10:24:00,76.6,77.4,75.35,76.4,2350,168000,17150.0,CE
2022-02-24 10:25:00,75.0,77.0,75.0,77.0,1100,168000,17150.0,CE
2022-02-24 10:26:00,76.2,76.55,76.0,76.1,2150,168450,17150.0,CE
2022-02-24 10:27:00,76.7,77.0,75.75,75.75,1000,168450,17150.0,CE
2022-02-24 10:28:00,75.35,76.05,74.2,75.5,1600,168450,17150.0,CE
2022-02-24 10:29:00,75.05,75.5,74.75,74.8,850,168450,17150.0,CE
2022-02-24 10:30:00,74.35,75.0,73.4,74.35,3450,171400,17150.0,CE
2022-02-24 10:31:00,73.75,75.1,72.9,75.1,2450,171400,17150.0,CE
2022-02-24 10:32:00,75.4,75.4,73.65,73.65,1500,171400,17150.0,CE
2022-02-24 10:33:00,72.2,72.2,70.05,70.05,3650,168150,17150.0,CE
2022-02-24 10:34:00,70.2,71.05,69.85,70.6,2100,168150,17150.0,CE
2022-02-24 10:35:00,70.95,71.3,68.85,69.6,4850,168150,17150.0,CE
2022-02-24 10:36:00,70.05,70.6,69.0,70.0,1900,167650,17150.0,CE
2022-02-24 10:37:00,69.7,72.15,69.15,71.75,5250,167650,17150.0,CE
2022-02-24 10:38:00,70.95,71.95,70.15,71.95,1400,167650,17150.0,CE
2022-02-24 10:39:00,71.95,73.2,71.35,72.75,2300,167550,17150.0,CE
2022-02-24 10:40:00,72.75,74.25,72.4,74.15,2000,167550,17150.0,CE
2022-02-24 10:41:00,73.95,74.4,72.8,73.2,1300,167550,17150.0,CE
2022-02-24 10:42:00,74.0,75.8,74.0,74.0,1650,166400,17150.0,CE
2022-02-24 10:43:00,74.1,74.1,73.25,73.8,1100,166400,17150.0,CE
2022-02-24 10:44:00,74.55,74.75,74.0,74.7,1750,166400,17150.0,CE
2022-02-24 10:45:00,74.4,74.8,73.1,74.1,6150,165250,17150.0,CE
2022-02-24 10:46:00,74.1,75.0,74.0,74.0,950,165250,17150.0,CE
2022-02-24 10:47:00,74.4,75.1,74.4,75.05,400,165250,17150.0,CE
2022-02-24 10:48:00,75.45,75.45,75.45,75.45,100,167200,17150.0,CE
2022-02-24 10:49:00,73.05,73.3,73.05,73.3,150,167200,17150.0,CE
2022-02-24 10:50:00,74.35,74.35,72.0,72.0,350,167200,17150.0,CE
2022-02-24 10:51:00,72.3,72.4,72.0,72.15,250,167400,17150.0,CE
2022-02-24 10:52:00,72.5,72.5,72.0,72.0,150,167400,17150.0,CE
2022-02-24 10:53:00,71.7,71.7,70.45,71.6,550,167400,17150.0,CE
2022-02-24 10:54:00,72.0,73.75,71.85,73.75,600,166650,17150.0,CE
2022-02-24 10:55:00,73.8,74.05,73.8,74.05,200,166650,17150.0,CE
2022-02-24 10:56:00,74.1,74.1,72.85,72.85,1650,166650,17150.0,CE
2022-02-24 10:57:00,72.7,73.5,72.7,72.9,550,167750,17150.0,CE
2022-02-24 10:58:00,73.2,73.2,71.95,71.95,600,167750,17150.0,CE
2022-02-24 10:59:00,71.7,72.0,71.15,72.0,1150,167750,17150.0,CE
2022-02-24 11:00:00,72.6,72.6,70.55,71.35,3950,168050,17150.0,CE
2022-02-24 11:01:00,70.8,70.8,70.0,70.2,750,168050,17150.0,CE
2022-02-24 11:02:00,71.55,71.55,71.35,71.35,200,168050,17150.0,CE
2022-02-24 11:03:00,72.0,72.15,69.85,70.3,2550,167450,17150.0,CE
2022-02-24 11:04:00,70.35,71.7,70.25,70.65,1200,167450,17150.0,CE
2022-02-24 11:05:00,70.75,71.25,70.2,70.5,4900,167450,17150.0,CE
2022-02-24 11:06:00,70.2,70.75,70.15,70.15,1200,171250,17150.0,CE
2022-02-24 11:07:00,70.55,71.5,70.55,71.5,1750,171250,17150.0,CE
2022-02-24 11:08:00,71.45,71.45,69.9,70.0,2250,171250,17150.0,CE
2022-02-24 11:09:00,70.05,70.4,68.95,68.95,1050,171150,17150.0,CE
2022-02-24 11:10:00,69.0,69.35,68.25,68.25,2150,171150,17150.0,CE
2022-02-24 11:11:00,68.25,68.85,68.15,68.15,750,171150,17150.0,CE
2022-02-24 11:12:00,68.45,68.85,67.9,68.25,1800,172500,17150.0,CE
2022-02-24 11:13:00,68.15,68.9,67.95,68.15,1300,172500,17150.0,CE
2022-02-24 11:14:00,68.7,68.7,67.5,67.5,1650,172500,17150.0,CE
2022-02-24 11:15:00,68.25,68.25,67.0,68.1,3000,171250,17150.0,CE
2022-02-24 11:16:00,67.95,71.3,67.65,70.1,7100,171250,17150.0,CE
2022-02-24 11:17:00,68.9,70.8,68.9,70.0,5150,171250,17150.0,CE
2022-02-24 11:18:00,70.25,71.05,69.55,71.05,4800,170850,17150.0,CE
2022-02-24 11:19:00,70.9,70.9,69.0,69.9,1350,170850,17150.0,CE
2022-02-24 11:20:00,70.35,70.65,69.75,69.8,1800,170850,17150.0,CE
2022-02-24 11:21:00,70.2,70.55,68.65,68.7,4950,171300,17150.0,CE
2022-02-24 11:22:00,68.9,69.25,67.55,69.25,17700,171300,17150.0,CE
2022-02-24 11:23:00,69.75,69.75,68.25,69.0,12300,171300,17150.0,CE
2022-02-24 11:24:00,69.7,69.7,68.55,68.6,800,176450,17150.0,CE
2022-02-24 11:25:00,68.6,68.9,67.85,68.1,2050,176450,17150.0,CE
2022-02-24 11:26:00,67.25,68.5,67.05,68.5,2600,176450,17150.0,CE
2022-02-24 11:27:00,68.8,69.0,67.4,67.75,2550,175350,17150.0,CE
2022-02-24 11:28:00,68.4,69.15,66.75,69.15,1050,175350,17150.0,CE
2022-02-24 11:29:00,68.6,68.6,66.75,67.1,4700,175350,17150.0,CE
2022-02-24 11:30:00,67.15,67.55,66.15,67.05,5250,174150,17150.0,CE
2022-02-24 11:31:00,66.9,68.7,66.9,67.65,3500,174150,17150.0,CE
2022-02-24 11:32:00,67.55,68.95,67.55,68.95,650,174150,17150.0,CE
2022-02-24 11:33:00,68.8,70.9,68.7,70.75,1650,173850,17150.0,CE
2022-02-24 11:34:00,71.0,72.15,70.05,71.1,1900,173850,17150.0,CE
2022-02-24 11:35:00,72.0,72.0,69.65,71.4,2650,173850,17150.0,CE
2022-02-24 11:36:00,71.2,71.85,70.75,70.85,2800,176850,17150.0,CE
2022-02-24 11:37:00,71.25,71.5,68.7,68.7,2150,176850,17150.0,CE
2022-02-24 11:38:00,69.6,71.15,69.45,70.05,800,176850,17150.0,CE
2022-02-24 11:39:00,71.0,71.4,70.05,71.4,850,175850,17150.0,CE
2022-02-24 11:40:00,70.6,71.0,69.75,69.85,1700,175850,17150.0,CE
2022-02-24 11:41:00,69.4,70.25,69.15,70.25,450,175850,17150.0,CE
2022-02-24 11:42:00,70.05,70.3,69.3,69.8,1400,176950,17150.0,CE
2022-02-24 11:43:00,69.3,69.35,67.95,68.85,1750,176950,17150.0,CE
2022-02-24 11:44:00,68.0,68.4,66.95,67.3,1600,176950,17150.0,CE
2022-02-24 11:45:00,67.0,67.0,65.2,65.2,1200,178050,17150.0,CE
2022-02-24 11:46:00,65.5,67.9,65.5,67.65,1950,178050,17150.0,CE
2022-02-24 11:47:00,67.65,67.65,65.9,65.9,200,178050,17150.0,CE
2022-02-24 11:48:00,65.25,66.1,64.9,65.8,2100,177450,17150.0,CE
2022-02-24 11:49:00,66.2,66.25,65.6,65.6,700,177450,17150.0,CE
2022-02-24 11:50:00,65.9,65.9,63.15,63.7,1550,177450,17150.0,CE
2022-02-24 11:51:00,63.0,63.0,61.1,62.1,33500,177150,17150.0,CE
2022-02-24 11:52:00,62.3,62.7,61.6,62.3,48100,177150,17150.0,CE
2022-02-24 11:53:00,62.0,63.6,61.55,62.35,81950,177150,17150.0,CE
2022-02-24 11:54:00,63.2,63.2,62.0,62.0,6400,266300,17150.0,CE
2022-02-24 11:55:00,62.1,63.45,61.35,63.2,4500,266300,17150.0,CE
2022-02-24 11:56:00,63.45,63.65,62.85,62.85,2500,266300,17150.0,CE
2022-02-24 11:57:00,62.45,62.5,59.95,59.95,3750,267350,17150.0,CE
2022-02-24 11:58:00,60.1,60.1,58.85,59.4,2250,267350,17150.0,CE
2022-02-24 11:59:00,59.0,59.0,56.2,56.2,9400,267350,17150.0,CE
2022-02-24 12:00:00,56.4,56.6,55.65,56.4,3450,263000,17150.0,CE
2022-02-24 12:01:00,56.55,57.25,56.15,56.3,1500,263000,17150.0,CE
2022-02-24 12:02:00,56.55,56.95,56.3,56.4,600,263000,17150.0,CE
2022-02-24 12:03:00,56.9,57.8,56.0,57.8,1900,251200,17150.0,CE
2022-02-24 12:04:00,57.6,57.9,56.6,56.8,550,251200,17150.0,CE
2022-02-24 12:05:00,56.05,57.45,56.05,56.7,550,251200,17150.0,CE
2022-02-24 12:06:00,56.9,58.55,56.7,57.8,6950,251550,17150.0,CE
2022-02-24 12:07:00,57.3,57.85,56.3,57.85,1300,251550,17150.0,CE
2022-02-24 12:08:00,58.2,58.2,56.95,56.95,3300,251550,17150.0,CE
2022-02-24 12:09:00,57.3,57.3,56.55,56.75,2550,226450,17150.0,CE
2022-02-24 12:10:00,57.1,57.5,56.65,57.05,2650,226450,17150.0,CE
2022-02-24 12:11:00,56.6,56.6,55.85,56.5,1100,226450,17150.0,CE
2022-02-24 12:12:00,56.8,57.5,55.9,56.65,1750,226450,17150.0,CE
2022-02-24 12:13:00,56.9,57.4,56.4,56.8,1200,226450,17150.0,CE
2022-02-24 12:14:00,57.35,58.55,57.35,58.05,1450,226450,17150.0,CE
2022-02-24 12:15:00,58.0,58.35,57.1,58.1,2150,225900,17150.0,CE
2022-02-24 12:16:00,57.9,58.25,57.5,58.1,2000,225900,17150.0,CE
2022-02-24 12:17:00,58.1,58.75,57.5,57.75,1050,225900,17150.0,CE
2022-02-24 12:18:00,58.15,58.6,57.75,57.75,500,227200,17150.0,CE
2022-02-24 12:19:00,57.3,57.3,54.9,54.9,1550,227200,17150.0,CE
2022-02-24 12:20:00,54.5,55.45,52.6,54.05,4650,227200,17150.0,CE
2022-02-24 12:21:00,54.0,56.2,54.0,55.1,8050,227250,17150.0,CE
2022-02-24 12:22:00,55.0,55.65,54.2,55.15,1650,227250,17150.0,CE
2022-02-24 12:23:00,55.55,55.85,54.7,55.35,700,227250,17150.0,CE
2022-02-24 12:24:00,55.6,56.15,54.8,54.8,600,228550,17150.0,CE
2022-02-24 12:25:00,54.8,55.35,54.6,55.15,800,228550,17150.0,CE
2022-02-24 12:26:00,55.15,56.0,55.15,55.95,850,228550,17150.0,CE
2022-02-24 12:27:00,56.2,56.8,55.05,56.4,950,228100,17150.0,CE
2022-02-24 12:28:00,56.4,56.4,55.0,55.0,2250,228100,17150.0,CE
2022-02-24 12:29:00,55.1,55.1,54.25,54.6,1200,228100,17150.0,CE
2022-02-24 12:30:00,53.85,54.6,53.4,54.6,1150,227500,17150.0,CE
2022-02-24 12:31:00,55.1,56.65,55.1,56.65,850,227500,17150.0,CE
2022-02-24 12:32:00,56.2,57.25,54.7,54.7,550,227500,17150.0,CE
2022-02-24 12:33:00,55.0,55.95,54.1,54.2,1450,227550,17150.0,CE
2022-02-24 12:34:00,54.3,54.7,53.15,54.7,1650,227550,17150.0,CE
2022-02-24 12:35:00,53.05,54.2,52.9,53.85,3400,227550,17150.0,CE
2022-02-24 12:36:00,53.2,55.4,53.2,54.2,10950,226750,17150.0,CE
2022-02-24 12:37:00,54.15,55.9,53.65,54.6,6300,226750,17150.0,CE
2022-02-24 12:38:00,54.3,55.2,54.1,55.0,4100,226750,17150.0,CE
2022-02-24 12:39:00,54.8,55.6,54.45,54.85,6700,226600,17150.0,CE
2022-02-24 12:40:00,54.7,55.65,54.7,54.8,1100,226600,17150.0,CE
2022-02-24 12:41:00,55.3,55.3,53.3,53.7,1350,226600,17150.0,CE
2022-02-24 12:42:00,53.9,53.9,51.8,52.45,3250,222550,17150.0,CE
2022-02-24 12:43:00,52.85,53.05,50.7,51.6,4800,222550,17150.0,CE
2022-02-24 12:44:00,52.4,53.0,51.0,51.8,2900,222550,17150.0,CE
2022-02-24 12:45:00,51.6,51.7,50.8,51.05,2650,223200,17150.0,CE
2022-02-24 12:46:00,51.0,51.0,49.1,49.1,5550,223200,17150.0,CE
2022-02-24 12:47:00,49.3,50.0,49.15,49.65,5200,223200,17150.0,CE
2022-02-24 12:48:00,49.7,50.35,49.35,49.85,1800,222000,17150.0,CE
2022-02-24 12:49:00,49.85,50.9,49.35,50.85,2200,222000,17150.0,CE
2022-02-24 12:50:00,49.85,50.9,49.65,50.25,4700,222000,17150.0,CE
2022-02-24 12:51:00,49.8,50.75,48.9,48.9,4250,220950,17150.0,CE
2022-02-24 12:52:00,49.1,49.55,48.5,48.7,1300,220950,17150.0,CE
2022-02-24 12:53:00,48.4,49.4,48.3,48.6,4300,220950,17150.0,CE
2022-02-24 12:54:00,48.45,48.9,48.0,48.4,3250,220000,17150.0,CE
2022-02-24 12:55:00,49.1,50.35,48.1,50.0,11650,220000,17150.0,CE
2022-02-24 12:56:00,49.8,50.7,49.6,49.65,1800,220000,17150.0,CE
2022-02-24 12:57:00,50.15,50.15,49.15,49.15,900,219500,17150.0,CE
2022-02-24 12:58:00,49.0,50.35,48.3,49.9,5600,219500,17150.0,CE
2022-02-24 12:59:00,51.3,52.15,50.75,51.1,2150,219500,17150.0,CE
2022-02-24 13:00:00,51.5,52.65,51.3,52.5,7850,220000,17150.0,CE
2022-02-24 13:01:00,52.5,53.15,50.95,52.0,5150,220000,17150.0,CE
2022-02-24 13:02:00,53.0,53.0,51.35,51.35,1650,220000,17150.0,CE
2022-02-24 13:03:00,51.2,53.0,50.95,52.8,3100,220800,17150.0,CE
2022-02-24 13:04:00,52.8,53.1,52.55,52.95,1150,220800,17150.0,CE
2022-02-24 13:05:00,52.2,53.35,51.35,51.35,2700,220800,17150.0,CE
2022-02-24 13:06:00,51.7,53.8,51.7,53.2,1900,219550,17150.0,CE
2022-02-24 13:07:00,53.6,54.0,53.3,53.85,2850,219550,17150.0,CE
2022-02-24 13:08:00,53.3,54.05,52.9,53.8,3000,219550,17150.0,CE
2022-02-24 13:09:00,53.85,54.2,53.4,53.6,4300,217400,17150.0,CE
2022-02-24 13:10:00,53.75,54.1,52.9,53.45,6750,217400,17150.0,CE
2022-02-24 13:11:00,54.2,56.0,54.2,55.05,10150,217400,17150.0,CE
2022-02-24 13:12:00,55.5,55.95,55.0,55.75,1100,216800,17150.0,CE
2022-02-24 13:13:00,55.75,56.1,55.4,55.95,1450,216800,17150.0,CE
2022-02-24 13:14:00,56.25,57.9,56.1,57.9,1750,216800,17150.0,CE
2022-02-24 13:15:00,57.55,57.85,56.5,56.5,4200,217800,17150.0,CE
2022-02-24 13:16:00,56.3,56.3,53.85,54.65,5150,217800,17150.0,CE
2022-02-24 13:17:00,54.05,54.05,51.8,53.05,5450,217800,17150.0,CE
2022-02-24 13:18:00,52.8,53.2,51.65,51.65,4350,218150,17150.0,CE
2022-02-24 13:19:00,52.35,53.25,51.75,52.5,1350,218150,17150.0,CE
2022-02-24 13:20:00,51.5,51.7,50.75,51.0,6300,218150,17150.0,CE
2022-02-24 13:21:00,50.85,51.9,50.85,51.9,1700,216500,17150.0,CE
2022-02-24 13:22:00,52.0,52.05,50.75,51.7,750,216500,17150.0,CE
2022-02-24 13:23:00,51.05,51.15,50.4,51.0,2250,216500,17150.0,CE
2022-02-24 13:24:00,51.0,51.0,49.85,49.85,1700,215850,17150.0,CE
2022-02-24 13:25:00,50.1,50.2,50.0,50.0,3300,215850,17150.0,CE
2022-02-24 13:26:00,50.45,50.55,48.2,48.8,2450,215850,17150.0,CE
2022-02-24 13:27:00,48.45,48.45,47.2,47.2,1400,216550,17150.0,CE
2022-02-24 13:28:00,47.0,50.0,47.0,50.0,4200,216550,17150.0,CE
2022-02-24 13:29:00,50.0,50.25,48.85,49.15,4000,216550,17150.0,CE
2022-02-24 13:30:00,48.75,50.0,48.45,48.45,1650,216950,17150.0,CE
2022-02-24 13:31:00,48.0,48.8,47.75,48.2,5100,216950,17150.0,CE
2022-02-24 13:32:00,48.55,48.85,47.8,48.85,4550,216950,17150.0,CE
2022-02-24 13:33:00,49.45,50.5,49.45,50.45,4100,217500,17150.0,CE
2022-02-24 13:34:00,49.2,49.2,47.35,48.0,2300,217500,17150.0,CE
2022-02-24 13:35:00,48.2,50.9,48.2,50.3,3300,217500,17150.0,CE
2022-02-24 13:36:00,49.8,51.15,49.8,51.1,1250,218000,17150.0,CE
2022-02-24 13:37:00,51.1,51.45,50.0,50.0,3850,218000,17150.0,CE
2022-02-24 13:38:00,49.25,51.5,49.25,50.95,3550,218000,17150.0,CE
2022-02-24 13:39:00,50.75,51.7,49.65,49.65,1600,218950,17150.0,CE
2022-02-24 13:40:00,49.5,50.9,49.5,49.85,1000,218950,17150.0,CE
2022-02-24 13:41:00,49.5,50.05,49.3,49.3,1350,218950,17150.0,CE
2022-02-24 13:42:00,49.6,49.9,49.0,49.55,1600,220150,17150.0,CE
2022-02-24 13:43:00,49.85,49.85,47.8,47.8,750,220150,17150.0,CE
2022-02-24 13:44:00,48.95,48.95,46.5,47.05,7950,220150,17150.0,CE
2022-02-24 13:45:00,46.9,48.2,46.15,47.9,1300,218050,17150.0,CE
2022-02-24 13:46:00,47.8,49.25,46.5,48.75,3200,218050,17150.0,CE
2022-02-24 13:47:00,48.9,52.0,48.9,51.7,9100,218050,17150.0,CE
2022-02-24 13:48:00,51.0,51.75,49.4,49.45,4050,212550,17150.0,CE
2022-02-24 13:49:00,49.1,51.7,49.1,51.1,1450,212550,17150.0,CE
2022-02-24 13:50:00,51.4,53.5,51.4,52.95,7700,212550,17150.0,CE
2022-02-24 13:51:00,52.9,54.5,51.0,52.0,2450,211200,17150.0,CE
2022-02-24 13:52:00,52.55,54.3,52.0,54.0,4900,211200,17150.0,CE
2022-02-24 13:53:00,54.3,54.85,51.7,53.45,4400,211200,17150.0,CE
2022-02-24 13:54:00,52.95,53.7,52.65,53.7,1750,210500,17150.0,CE
2022-02-24 13:55:00,53.0,54.2,52.5,53.0,1100,210500,17150.0,CE
2022-02-24 13:56:00,53.45,54.4,52.9,53.95,4250,210500,17150.0,CE
2022-02-24 13:57:00,53.25,53.25,49.75,50.8,2700,211450,17150.0,CE
2022-02-24 13:58:00,51.65,51.65,49.75,49.75,1500,211450,17150.0,CE
2022-02-24 13:59:00,49.5,51.65,48.55,50.2,10600,211450,17150.0,CE
2022-02-24 14:00:00,50.2,51.7,49.15,49.15,2350,204150,17150.0,CE
2022-02-24 14:01:00,49.1,49.9,47.45,49.4,4700,204150,17150.0,CE
2022-02-24 14:02:00,49.0,49.0,47.35,48.3,4600,204150,17150.0,CE
2022-02-24 14:03:00,49.3,49.65,48.0,48.0,4350,199950,17150.0,CE
2022-02-24 14:04:00,48.25,50.55,48.25,49.3,1850,199950,17150.0,CE
2022-02-24 14:05:00,49.8,51.0,48.85,49.7,1750,199950,17150.0,CE
2022-02-24 14:06:00,49.3,49.5,47.8,49.0,14550,199450,17150.0,CE
2022-02-24 14:07:00,48.9,50.75,48.8,50.75,10650,199450,17150.0,CE
2022-02-24 14:08:00,50.55,51.55,49.2,49.45,9350,199450,17150.0,CE
2022-02-24 14:09:00,50.6,51.3,50.6,51.3,900,200600,17150.0,CE
2022-02-24 14:10:00,50.9,50.9,50.35,50.35,600,200600,17150.0,CE
2022-02-24 14:11:00,50.75,50.75,49.5,49.7,1700,200600,17150.0,CE
2022-02-24 14:12:00,49.5,50.65,49.5,50.3,1800,199900,17150.0,CE
2022-02-24 14:13:00,50.6,50.7,50.2,50.35,3000,199900,17150.0,CE
2022-02-24 14:14:00,49.7,50.8,49.45,50.65,3750,199900,17150.0,CE
2022-02-24 14:15:00,50.05,50.7,49.5,49.8,4000,199150,17150.0,CE
2022-02-24 14:16:00,50.15,50.45,49.45,49.55,1400,199150,17150.0,CE
2022-02-24 14:17:00,49.1,49.7,49.1,49.4,1550,199150,17150.0,CE
2022-02-24 14:18:00,50.15,50.15,49.25,49.6,3900,194900,17150.0,CE
2022-02-24 14:19:00,50.0,51.2,49.8,50.8,12300,194900,17150.0,CE
2022-02-24 14:20:00,51.45,51.45,48.4,48.4,10800,194900,17150.0,CE
2022-02-24 14:21:00,48.0,49.15,47.7,48.85,3900,196800,17150.0,CE
2022-02-24 14:22:00,48.95,49.05,48.1,48.3,2350,196800,17150.0,CE
2022-02-24 14:23:00,48.45,49.7,48.45,49.0,1300,196800,17150.0,CE
2022-02-24 14:24:00,48.3,48.55,47.3,47.3,2000,194900,17150.0,CE
2022-02-24 14:25:00,47.3,49.8,47.3,48.5,3050,194900,17150.0,CE
2022-02-24 14:26:00,48.8,49.15,48.2,48.2,2200,194900,17150.0,CE
2022-02-24 14:27:00,48.5,49.7,48.15,48.15,4950,197750,17150.0,CE
2022-02-24 14:28:00,47.9,48.9,47.9,47.95,2700,197750,17150.0,CE
2022-02-24 14:29:00,47.45,48.3,47.25,47.8,1150,197750,17150.0,CE
2022-02-24 14:30:00,47.55,48.2,47.25,48.0,1150,197750,17150.0,CE
2022-02-24 14:31:00,48.25,49.0,47.5,47.5,5200,199850,17150.0,CE
2022-02-24 14:32:00,48.0,48.8,47.5,48.8,2350,199850,17150.0,CE
2022-02-24 14:33:00,48.75,48.75,46.9,46.9,4850,195850,17150.0,CE
2022-02-24 14:34:00,47.15,47.85,46.9,46.95,1350,195850,17150.0,CE
2022-02-24 14:35:00,46.75,48.05,46.75,47.9,1150,195850,17150.0,CE
2022-02-24 14:36:00,47.8,47.8,46.65,47.25,13750,185800,17150.0,CE
2022-02-24 14:37:00,46.4,48.3,46.4,47.5,3500,185800,17150.0,CE
2022-02-24 14:38:00,48.35,50.2,48.15,50.15,7150,185800,17150.0,CE
2022-02-24 14:39:00,50.6,51.4,49.8,49.8,4950,186150,17150.0,CE
2022-02-24 14:40:00,49.2,50.3,48.0,50.1,5450,186150,17150.0,CE
2022-02-24 14:41:00,50.0,50.7,48.8,48.8,1900,186150,17150.0,CE
2022-02-24 14:42:00,48.9,50.2,48.75,49.5,2400,188300,17150.0,CE
2022-02-24 14:43:00,49.5,49.5,47.55,49.0,1100,188300,17150.0,CE
2022-02-24 14:44:00,49.2,49.4,47.95,47.95,2450,188300,17150.0,CE
2022-02-24 14:45:00,48.3,48.5,48.05,48.5,1950,188700,17150.0,CE
2022-02-24 14:46:00,48.5,48.95,47.7,47.8,2900,188700,17150.0,CE
2022-02-24 14:47:00,47.75,48.6,47.3,47.5,2300,188700,17150.0,CE
2022-02-24 14:48:00,47.35,48.7,47.35,47.65,6100,187900,17150.0,CE
2022-02-24 14:49:00,48.1,48.15,47.2,47.4,2650,187900,17150.0,CE
2022-02-24 14:50:00,47.2,50.15,47.2,50.15,4750,187900,17150.0,CE
2022-02-24 14:51:00,49.75,49.9,48.35,48.35,1750,189300,17150.0,CE
2022-02-24 14:52:00,48.3,48.3,47.1,48.25,2950,189300,17150.0,CE
2022-02-24 14:53:00,47.6,48.2,47.0,47.1,3050,189300,17150.0,CE
2022-02-24 14:54:00,47.4,47.4,46.0,46.55,2200,187050,17150.0,CE
2022-02-24 14:55:00,46.5,46.5,45.3,45.9,5650,187050,17150.0,CE
2022-02-24 14:56:00,46.35,46.75,45.6,46.75,850,187050,17150.0,CE
2022-02-24 14:57:00,46.4,47.2,46.4,46.8,800,187050,17150.0,CE
2022-02-24 14:58:00,46.3,47.15,45.4,45.4,1400,184150,17150.0,CE
2022-02-24 14:59:00,45.55,45.55,44.35,44.45,2500,184150,17150.0,CE
2022-02-24 15:00:00,44.75,45.3,43.95,44.0,2050,185600,17150.0,CE
2022-02-24 15:01:00,43.65,44.1,42.0,42.4,15400,185600,17150.0,CE
2022-02-24 15:02:00,43.2,43.35,42.55,43.0,6750,185600,17150.0,CE
2022-02-24 15:03:00,42.75,42.8,42.1,42.1,2100,185600,17150.0,CE
2022-02-24 15:04:00,40.95,41.25,38.85,41.25,13350,186000,17150.0,CE
2022-02-24 15:05:00,40.9,42.35,40.9,41.85,4600,186000,17150.0,CE
2022-02-24 15:06:00,40.8,41.55,39.2,40.05,4700,185700,17150.0,CE
2022-02-24 15:07:00,40.3,41.65,40.3,40.9,4500,185700,17150.0,CE
2022-02-24 15:08:00,41.1,41.7,40.1,41.1,3550,185700,17150.0,CE
2022-02-24 15:09:00,40.8,42.35,40.8,42.35,6200,187400,17150.0,CE
2022-02-24 15:10:00,42.5,42.5,40.6,41.8,2950,187400,17150.0,CE
2022-02-24 15:11:00,41.6,42.75,41.55,42.75,3100,187400,17150.0,CE
2022-02-24 15:12:00,42.5,42.5,41.7,41.7,2550,190150,17150.0,CE
2022-02-24 15:13:00,41.15,41.65,40.3,40.5,10250,190150,17150.0,CE
2022-02-24 15:14:00,40.1,41.05,39.95,41.05,7600,190150,17150.0,CE
2022-02-24 15:15:00,41.65,41.65,40.2,41.05,6750,195100,17150.0,CE
2022-02-24 15:16:00,41.25,41.4,39.9,40.55,3650,195100,17150.0,CE
2022-02-24 15:17:00,39.3,39.75,38.0,38.0,8150,195100,17150.0,CE
2022-02-24 15:18:00,38.35,38.35,37.0,37.1,7850,193800,17150.0,CE
2022-02-24 15:19:00,37.2,38.3,37.2,38.25,6950,193800,17150.0,CE
2022-02-24 15:20:00,38.2,39.8,38.2,38.65,5950,193800,17150.0,CE
2022-02-24 15:21:00,38.9,39.5,38.7,39.25,2150,195500,17150.0,CE
2022-02-24 15:22:00,39.2,39.65,39.1,39.65,6350,195500,17150.0,CE
2022-02-24 15:23:00,39.5,40.1,39.5,40.1,8350,195500,17150.0,CE
2022-02-24 15:24:00,40.3,40.95,40.05,40.75,10100,197500,17150.0,CE
2022-02-24 15:25:00,40.75,40.85,39.0,39.0,10500,197500,17150.0,CE
2022-02-24 15:26:00,39.85,40.25,39.7,40.05,7900,197500,17150.0,CE
2022-02-24 15:27:00,39.85,40.2,39.75,40.1,5100,201150,17150.0,CE
2022-02-24 15:28:00,39.9,40.0,39.0,39.0,7500,201150,17150.0,CE
2022-02-24 15:29:00,39.1,41.9,38.65,41.9,13050,201150,17150.0,CE
2022-02-25 09:15:00,76.0,76.0,50.0,52.8,38701,211100,17150.0,CE
2022-02-25 09:16:00,53.0,56.4,52.55,52.55,44650,211100,17150.0,CE
2022-02-25 09:17:00,52.45,52.45,46.65,47.2,42200,242950,17150.0,CE
2022-02-25 09:18:00,46.45,50.1,46.25,49.75,47700,242950,17150.0,CE
2022-02-25 09:19:00,50.2,50.2,47.8,48.3,49450,242950,17150.0,CE
2022-02-25 09:20:00,48.55,50.8,48.4,49.3,37750,269250,17150.0,CE
2022-02-25 09:21:00,49.45,49.9,47.35,48.95,21900,269250,17150.0,CE
2022-02-25 09:22:00,49.0,49.0,43.6,44.3,30100,269250,17150.0,CE
2022-02-25 09:23:00,44.85,46.6,44.35,44.45,22300,292850,17150.0,CE
2022-02-25 09:24:00,44.3,47.1,44.3,46.0,16500,292850,17150.0,CE
2022-02-25 09:25:00,46.15,47.45,43.9,43.95,21750,292850,17150.0,CE
2022-02-25 09:26:00,43.95,46.15,43.95,44.95,13750,312350,17150.0,CE
2022-02-25 09:27:00,44.9,45.75,43.55,44.2,24700,312350,17150.0,CE
2022-02-25 09:28:00,43.6,43.85,41.35,43.8,27400,312350,17150.0,CE
2022-02-25 09:29:00,43.9,43.9,41.75,41.75,20700,324650,17150.0,CE
2022-02-25 09:30:00,41.9,42.75,40.1,40.1,37800,324650,17150.0,CE
2022-02-25 09:31:00,39.75,40.05,34.3,36.55,57300,324650,17150.0,CE
2022-02-25 09:32:00,36.7,38.3,35.9,38.1,42250,350300,17150.0,CE
2022-02-25 09:33:00,38.25,42.0,38.25,40.55,31300,350300,17150.0,CE
2022-02-25 09:34:00,40.4,42.5,40.4,42.5,16600,350300,17150.0,CE
2022-02-25 09:35:00,42.15,42.35,41.3,41.4,28350,372050,17150.0,CE
2022-02-25 09:36:00,41.4,41.6,39.75,40.65,38150,372050,17150.0,CE
2022-02-25 09:37:00,40.65,40.85,39.4,39.8,19300,372050,17150.0,CE
2022-02-25 09:38:00,39.95,40.05,36.9,37.95,19700,387700,17150.0,CE
2022-02-25 09:39:00,38.5,39.45,36.35,36.7,20050,387700,17150.0,CE
2022-02-25 09:40:00,36.8,38.75,36.8,38.75,16150,387700,17150.0,CE
2022-02-25 09:41:00,38.6,40.05,38.0,40.05,30700,402300,17150.0,CE
2022-02-25 09:42:00,40.15,41.25,39.55,40.45,19900,402300,17150.0,CE
2022-02-25 09:43:00,40.5,40.65,38.65,38.8,21150,402300,17150.0,CE
2022-02-25 09:44:00,38.4,40.35,38.4,39.9,33650,395600,17150.0,CE
2022-02-25 09:45:00,40.2,41.05,39.8,40.9,47650,395600,17150.0,CE
2022-02-25 09:46:00,40.75,42.85,40.75,42.85,49450,395600,17150.0,CE
2022-02-25 09:47:00,42.9,43.55,41.6,42.65,44600,399200,17150.0,CE
2022-02-25 09:48:00,42.6,43.15,41.3,43.15,38900,399200,17150.0,CE
2022-02-25 09:49:00,43.4,44.15,43.15,43.6,38100,399200,17150.0,CE
2022-02-25 09:50:00,43.8,46.55,43.4,46.55,23450,403000,17150.0,CE
2022-02-25 09:51:00,46.6,48.15,45.6,45.9,33900,403000,17150.0,CE
2022-02-25 09:52:00,46.1,49.7,46.1,49.7,34000,403000,17150.0,CE
2022-02-25 09:53:00,50.0,51.55,50.0,51.55,53500,404050,17150.0,CE
2022-02-25 09:54:00,51.5,52.75,49.0,49.05,42950,404050,17150.0,CE
2022-02-25 09:55:00,49.05,49.05,45.6,46.05,52950,404050,17150.0,CE
2022-02-25 09:56:00,45.9,47.15,42.45,44.75,46200,422800,17150.0,CE
2022-02-25 09:57:00,44.75,46.15,43.45,46.15,23550,422800,17150.0,CE
2022-02-25 09:58:00,46.25,47.9,45.6,47.65,35850,422800,17150.0,CE
2022-02-25 09:59:00,47.9,47.9,44.8,47.2,18050,434700,17150.0,CE
2022-02-25 10:00:00,47.0,48.0,44.7,45.7,25450,434700,17150.0,CE
2022-02-25 10:01:00,45.6,45.7,43.45,44.15,40400,434700,17150.0,CE
2022-02-25 10:02:00,43.3,44.5,43.0,43.1,34200,430700,17150.0,CE
2022-02-25 10:03:00,42.9,45.5,42.9,44.6,27800,430700,17150.0,CE
2022-02-25 10:04:00,44.3,45.95,43.5,43.75,10900,430700,17150.0,CE
2022-02-25 10:05:00,43.9,45.2,43.6,44.0,10000,432400,17150.0,CE
2022-02-25 10:06:00,44.15,44.45,42.2,43.3,16700,432400,17150.0,CE
2022-02-25 10:07:00,43.3,43.55,42.15,43.1,6950,432400,17150.0,CE
2022-02-25 10:08:00,43.0,43.25,41.1,42.0,12550,425600,17150.0,CE
2022-02-25 10:09:00,41.65,42.55,41.15,42.05,17100,425600,17150.0,CE
2022-02-25 10:10:00,42.1,44.0,42.0,43.95,17250,425600,17150.0,CE
2022-02-25 10:11:00,43.95,45.8,43.95,45.3,15400,427300,17150.0,CE
2022-02-25 10:12:00,45.55,45.75,44.0,44.1,17400,427300,17150.0,CE
2022-02-25 10:13:00,44.15,44.5,42.15,43.0,8500,427300,17150.0,CE
2022-02-25 10:14:00,42.9,44.4,42.3,44.35,5650,430300,17150.0,CE
2022-02-25 10:15:00,44.75,46.6,44.6,45.15,20600,430300,17150.0,CE
2022-02-25 10:16:00,45.1,46.65,45.1,45.45,7400,430300,17150.0,CE
2022-02-25 10:17:00,45.2,46.2,44.4,44.4,13250,435650,17150.0,CE
2022-02-25 10:18:00,44.65,45.3,42.8,42.8,8600,435650,17150.0,CE
2022-02-25 10:19:00,42.9,44.5,42.0,44.5,23450,435650,17150.0,CE
2022-02-25 10:20:00,44.2,45.3,43.6,45.2,14200,438350,17150.0,CE
2022-02-25 10:21:00,45.3,45.3,43.1,43.45,16550,438350,17150.0,CE
2022-02-25 10:22:00,43.1,43.8,42.35,43.75,8950,438350,17150.0,CE
2022-02-25 10:23:00,43.8,44.1,42.5,43.9,5550,443550,17150.0,CE
2022-02-25 10:24:00,43.65,44.1,42.7,43.2,8800,443550,17150.0,CE
2022-02-25 10:25:00,43.45,44.3,43.45,44.0,6300,443550,17150.0,CE
2022-02-25 10:26:00,44.3,45.0,43.7,44.2,10550,444300,17150.0,CE
2022-02-25 10:27:00,44.1,44.65,43.85,44.1,9800,444300,17150.0,CE
2022-02-25 10:28:00,44.3,44.45,43.6,44.2,8050,444300,17150.0,CE
2022-02-25 10:29:00,44.4,44.9,44.05,44.9,5800,447650,17150.0,CE
2022-02-25 10:30:00,44.7,45.2,44.0,44.9,20200,447650,17150.0,CE
2022-02-25 10:31:00,45.15,45.6,44.85,45.35,10350,447650,17150.0,CE
2022-02-25 10:32:00,45.5,45.65,44.1,44.8,7200,457400,17150.0,CE
2022-02-25 10:33:00,45.0,45.9,44.75,45.7,9150,457400,17150.0,CE
2022-02-25 10:34:00,45.85,46.0,44.5,45.4,10850,457400,17150.0,CE
2022-02-25 10:35:00,45.35,45.35,43.9,44.85,10750,454900,17150.0,CE
2022-02-25 10:36:00,44.75,45.85,44.7,45.8,10950,454900,17150.0,CE
2022-02-25 10:37:00,45.8,46.2,45.45,46.05,34100,454900,17150.0,CE
2022-02-25 10:38:00,45.9,49.65,45.9,49.65,44900,453450,17150.0,CE
2022-02-25 10:39:00,49.55,57.4,49.55,56.25,68900,453450,17150.0,CE
2022-02-25 10:40:00,56.4,65.95,55.1,56.6,139350,453450,17150.0,CE
2022-02-25 10:41:00,57.1,59.3,56.05,58.0,53300,397650,17150.0,CE
2022-02-25 10:42:00,58.55,59.05,56.15,57.8,24100,397650,17150.0,CE
2022-02-25 10:43:00,57.75,59.8,57.0,59.6,25150,397650,17150.0,CE
2022-02-25 10:44:00,59.85,63.0,59.45,62.2,37950,391600,17150.0,CE
2022-02-25 10:45:00,62.45,63.25,60.0,60.95,50650,391600,17150.0,CE
2022-02-25 10:46:00,61.2,62.9,59.7,62.4,27250,391600,17150.0,CE
2022-02-25 10:47:00,62.5,62.9,61.5,62.1,25300,412500,17150.0,CE
2022-02-25 10:48:00,62.5,62.85,61.2,61.8,22150,412500,17150.0,CE
2022-02-25 10:49:00,61.35,61.55,57.7,57.85,33800,412500,17150.0,CE
2022-02-25 10:50:00,57.0,59.4,55.6,59.0,21750,411650,17150.0,CE
2022-02-25 10:51:00,58.85,59.15,53.3,55.35,30550,411650,17150.0,CE
2022-02-25 10:52:00,55.2,58.05,55.2,57.85,15450,411650,17150.0,CE
2022-02-25 10:53:00,57.6,61.4,57.6,61.4,32200,416800,17150.0,CE
2022-02-25 10:54:00,62.0,62.5,60.3,60.7,37150,416800,17150.0,CE
2022-02-25 10:55:00,61.3,62.55,60.75,62.3,18000,416800,17150.0,CE
2022-02-25 10:56:00,62.4,63.2,59.55,60.3,28700,412400,17150.0,CE
2022-02-25 10:57:00,60.55,61.1,59.15,61.1,13000,412400,17150.0,CE
2022-02-25 10:58:00,61.35,61.45,59.85,60.3,10250,412400,17150.0,CE
2022-02-25 10:59:00,60.35,60.35,56.8,58.1,16450,413550,17150.0,CE
2022-02-25 11:00:00,58.8,60.15,56.0,56.15,27650,413550,17150.0,CE
2022-02-25 11:01:00,56.35,57.5,55.6,55.95,13600,413550,17150.0,CE
2022-02-25 11:02:00,55.9,58.5,55.9,56.75,11550,419900,17150.0,CE
2022-02-25 11:03:00,57.0,59.35,57.0,58.9,6850,419900,17150.0,CE
2022-02-25 11:04:00,59.0,60.1,58.5,59.15,11550,419900,17150.0,CE
2022-02-25 11:05:00,59.0,59.65,55.35,55.7,11450,422650,17150.0,CE
2022-02-25 11:06:00,56.15,58.8,55.6,57.7,13300,422650,17150.0,CE
2022-02-25 11:07:00,57.85,58.55,56.55,56.75,7600,422650,17150.0,CE
2022-02-25 11:08:00,56.95,57.8,56.6,56.7,5250,421900,17150.0,CE
2022-02-25 11:09:00,56.2,58.5,56.2,58.45,11500,421900,17150.0,CE
2022-02-25 11:10:00,58.2,59.45,57.6,57.6,10300,421900,17150.0,CE
2022-02-25 11:11:00,57.75,58.0,56.65,58.0,9300,425250,17150.0,CE
2022-02-25 11:12:00,58.25,58.7,57.75,58.35,5350,425250,17150.0,CE
2022-02-25 11:13:00,58.5,58.5,54.05,54.85,32500,425250,17150.0,CE
2022-02-25 11:14:00,54.75,55.4,52.3,55.4,20050,431700,17150.0,CE
2022-02-25 11:15:00,55.25,56.9,53.25,54.55,13950,431700,17150.0,CE
2022-02-25 11:16:00,54.5,56.05,53.65,54.2,13500,431700,17150.0,CE
2022-02-25 11:17:00,54.25,55.3,53.35,55.15,12600,438150,17150.0,CE
2022-02-25 11:18:00,55.2,55.8,54.3,55.3,6100,438150,17150.0,CE
2022-02-25 11:19:00,55.6,56.0,54.5,55.5,5600,438150,17150.0,CE
2022-02-25 11:20:00,55.65,58.6,55.65,58.45,28150,440550,17150.0,CE
2022-02-25 11:21:00,57.65,58.85,57.3,57.5,9000,440550,17150.0,CE
2022-02-25 11:22:00,57.7,58.0,54.1,54.8,16700,440550,17150.0,CE
2022-02-25 11:23:00,55.0,56.2,53.9,54.2,18150,439500,17150.0,CE
2022-02-25 11:24:00,54.4,58.3,54.4,58.3,8200,439500,17150.0,CE
2022-02-25 11:25:00,58.05,60.3,57.85,59.9,70000,439500,17150.0,CE
2022-02-25 11:26:00,59.95,60.2,59.0,59.4,14100,473450,17150.0,CE
2022-02-25 11:27:00,59.4,59.8,58.9,58.9,11400,473450,17150.0,CE
2022-02-25 11:28:00,58.95,59.15,56.9,58.4,22700,473450,17150.0,CE
2022-02-25 11:29:00,58.45,59.0,56.5,59.0,11950,471650,17150.0,CE
2022-02-25 11:30:00,59.25,60.1,58.25,58.25,9700,471650,17150.0,CE
2022-02-25 11:31:00,57.85,58.85,56.9,57.35,3500,471650,17150.0,CE
2022-02-25 11:32:00,57.85,58.85,57.55,58.3,4950,468750,17150.0,CE
2022-02-25 11:33:00,58.05,59.3,57.85,58.0,4750,468750,17150.0,CE
2022-02-25 11:34:00,58.3,58.8,57.8,57.8,3000,468750,17150.0,CE
2022-02-25 11:35:00,57.6,58.35,56.3,56.7,10400,469100,17150.0,CE
2022-02-25 11:36:00,56.4,57.9,54.8,57.35,36400,469100,17150.0,CE
2022-02-25 11:37:00,57.4,57.8,56.7,57.0,5300,469100,17150.0,CE
2022-02-25 11:38:00,57.1,57.1,55.9,56.1,5000,454100,17150.0,CE
2022-02-25 11:39:00,56.5,57.7,56.15,57.45,7250,454100,17150.0,CE
2022-02-25 11:40:00,57.5,57.9,56.45,57.6,12550,454100,17150.0,CE
2022-02-25 11:41:00,57.65,58.5,57.45,57.75,5050,450550,17150.0,CE
2022-02-25 11:42:00,57.95,58.2,56.8,56.8,3450,450550,17150.0,CE
2022-02-25 11:43:00,57.0,57.65,56.45,56.6,3150,450550,17150.0,CE
2022-02-25 11:44:00,57.0,57.3,55.8,56.15,8150,452300,17150.0,CE
2022-02-25 11:45:00,56.25,58.0,56.25,57.95,10900,452300,17150.0,CE
2022-02-25 11:46:00,57.85,58.8,57.85,58.25,6800,452300,17150.0,CE
2022-02-25 11:47:00,58.1,58.1,56.15,57.25,3700,450550,17150.0,CE
2022-02-25 11:48:00,57.3,57.8,56.3,57.4,2900,450550,17150.0,CE
2022-02-25 11:49:00,57.1,58.25,56.5,56.5,11850,450550,17150.0,CE
2022-02-25 11:50:00,56.5,56.5,54.95,56.15,9850,445700,17150.0,CE
2022-02-25 11:51:00,55.15,55.8,52.5,53.45,53850,445700,17150.0,CE
2022-02-25 11:52:00,54.0,54.8,52.1,52.7,23300,445700,17150.0,CE
2022-02-25 11:53:00,53.0,54.75,52.75,54.1,20350,438050,17150.0,CE
2022-02-25 11:54:00,54.3,55.6,54.3,54.5,12500,438050,17150.0,CE
2022-02-25 11:55:00,54.5,54.5,53.0,53.0,11150,438050,17150.0,CE
2022-02-25 11:56:00,52.85,55.75,52.45,54.0,12850,434550,17150.0,CE
2022-02-25 11:57:00,54.2,54.2,52.3,53.45,9450,434550,17150.0,CE
2022-02-25 11:58:00,53.15,54.0,50.0,50.85,21150,434550,17150.0,CE
2022-02-25 11:59:00,50.5,51.4,49.15,50.15,21450,434250,17150.0,CE
2022-02-25 12:00:00,50.3,51.7,49.9,51.35,11400,434250,17150.0,CE
2022-02-25 12:01:00,51.45,52.5,50.7,51.4,9300,434250,17150.0,CE
2022-02-25 12:02:00,51.4,53.35,50.85,53.35,8900,438800,17150.0,CE
2022-02-25 12:03:00,52.95,53.15,51.65,52.25,7000,438800,17150.0,CE
2022-02-25 12:04:00,52.35,53.85,52.35,53.0,3950,438800,17150.0,CE
2022-02-25 12:05:00,53.0,53.05,50.9,51.8,4900,438600,17150.0,CE
2022-02-25 12:06:00,51.7,51.85,47.3,47.3,16750,438600,17150.0,CE
2022-02-25 12:07:00,47.3,48.7,47.1,48.7,15350,438600,17150.0,CE
2022-02-25 12:08:00,48.35,49.6,47.5,47.55,13200,444000,17150.0,CE
2022-02-25 12:09:00,47.3,48.1,45.85,47.8,14900,444000,17150.0,CE
2022-02-25 12:10:00,48.3,48.3,46.0,46.4,10450,444000,17150.0,CE
2022-02-25 12:11:00,45.05,46.2,44.9,45.5,20650,443300,17150.0,CE
2022-02-25 12:12:00,45.7,48.1,44.9,47.5,17300,443300,17150.0,CE
2022-02-25 12:13:00,47.4,48.65,47.15,47.3,11500,443300,17150.0,CE
2022-02-25 12:14:00,47.5,47.55,45.45,45.5,9000,442650,17150.0,CE
2022-02-25 12:15:00,45.65,45.65,43.85,45.2,15850,442650,17150.0,CE
2022-02-25 12:16:00,44.85,47.0,44.8,45.25,14300,442650,17150.0,CE
2022-02-25 12:17:00,45.45,47.0,45.3,46.0,13400,442850,17150.0,CE
2022-02-25 12:18:00,46.0,46.7,44.9,46.6,7050,442850,17150.0,CE
2022-02-25 12:19:00,46.55,46.9,45.7,46.45,5600,442850,17150.0,CE
2022-02-25 12:20:00,46.35,49.5,46.3,49.45,16100,445850,17150.0,CE
2022-02-25 12:21:00,49.15,51.8,49.15,51.65,21550,445850,17150.0,CE
2022-02-25 12:22:00,51.65,53.85,51.65,53.3,20950,445850,17150.0,CE
2022-02-25 12:23:00,53.45,53.45,51.85,53.2,11700,456400,17150.0,CE
2022-02-25 12:24:00,53.15,53.7,52.5,53.55,5000,456400,17150.0,CE
2022-02-25 12:25:00,53.6,55.5,53.6,55.0,21400,456400,17150.0,CE
2022-02-25 12:26:00,55.05,56.55,54.8,55.65,17200,456750,17150.0,CE
2022-02-25 12:27:00,55.55,55.6,54.0,55.0,8700,456750,17150.0,CE
2022-02-25 12:28:00,55.0,55.0,53.75,53.9,5800,456750,17150.0,CE
2022-02-25 12:29:00,53.95,55.85,53.95,55.85,7000,453800,17150.0,CE
2022-02-25 12:30:00,55.35,56.1,51.65,52.9,19450,453800,17150.0,CE
2022-02-25 12:31:00,52.15,53.5,52.0,52.85,7550,453800,17150.0,CE
2022-02-25 12:32:00,52.6,53.8,48.0,48.35,23500,456200,17150.0,CE
2022-02-25 12:33:00,48.1,48.25,44.45,46.0,34750,456200,17150.0,CE
2022-02-25 12:34:00,46.25,46.35,44.1,46.0,28500,456200,17150.0,CE
2022-02-25 12:35:00,45.5,45.6,44.35,44.5,17850,457750,17150.0,CE
2022-02-25 12:36:00,43.95,46.1,43.0,46.0,31150,457750,17150.0,CE
2022-02-25 12:37:00,46.25,47.0,42.7,42.7,24900,457750,17150.0,CE
2022-02-25 12:38:00,43.2,44.2,42.3,42.8,20000,460050,17150.0,CE
2022-02-25 12:39:00,43.05,43.1,41.0,41.45,10850,460050,17150.0,CE
2022-02-25 12:40:00,40.45,43.15,40.05,42.55,20950,460050,17150.0,CE
2022-02-25 12:41:00,43.0,44.6,41.8,44.6,15000,470950,17150.0,CE
2022-02-25 12:42:00,44.6,45.2,44.0,45.0,16950,470950,17150.0,CE
2022-02-25 12:43:00,44.95,46.25,44.75,45.85,16600,470950,17150.0,CE
2022-02-25 12:44:00,45.4,46.2,44.85,44.85,12350,479950,17150.0,CE
2022-02-25 12:45:00,44.6,46.6,44.6,46.25,6950,479950,17150.0,CE
2022-02-25 12:46:00,46.4,46.7,45.25,46.1,8600,479950,17150.0,CE
2022-02-25 12:47:00,46.0,46.05,43.55,44.05,11950,479600,17150.0,CE
2022-02-25 12:48:00,43.95,45.0,42.45,44.6,10850,479600,17150.0,CE
2022-02-25 12:49:00,44.9,45.55,44.55,45.45,16550,479600,17150.0,CE
2022-02-25 12:50:00,45.5,47.25,45.15,46.4,22800,483000,17150.0,CE
2022-02-25 12:51:00,46.1,48.85,46.1,48.6,27450,483000,17150.0,CE
2022-02-25 12:52:00,48.1,48.4,47.0,47.35,7400,483000,17150.0,CE
2022-02-25 12:53:00,47.0,48.55,47.0,48.0,8500,486900,17150.0,CE
2022-02-25 12:54:00,48.4,48.95,47.4,48.65,11000,486900,17150.0,CE
2022-02-25 12:55:00,48.35,48.6,47.2,47.9,8150,486900,17150.0,CE
2022-02-25 12:56:00,47.65,48.25,46.65,47.3,9300,487650,17150.0,CE
2022-02-25 12:57:00,47.5,48.4,46.95,47.1,5750,487650,17150.0,CE
2022-02-25 12:58:00,46.95,47.8,46.35,47.8,7950,487650,17150.0,CE
2022-02-25 12:59:00,47.9,48.85,47.5,47.8,16650,488050,17150.0,CE
2022-02-25 13:00:00,47.5,48.1,45.0,46.3,10800,488050,17150.0,CE
2022-02-25 13:01:00,47.0,49.55,47.0,49.0,14750,488050,17150.0,CE
2022-02-25 13:02:00,48.8,50.5,48.8,49.1,21400,486300,17150.0,CE
2022-02-25 13:03:00,49.15,50.2,47.45,47.45,12850,486300,17150.0,CE
2022-02-25 13:04:00,47.95,49.2,47.95,48.65,9100,486300,17150.0,CE
2022-02-25 13:05:00,48.6,49.2,46.6,48.05,7550,488400,17150.0,CE
2022-02-25 13:06:00,48.05,49.5,47.9,49.5,7050,488400,17150.0,CE
2022-02-25 13:07:00,49.7,49.75,48.0,48.7,6100,488400,17150.0,CE
2022-02-25 13:08:00,48.75,49.0,46.0,46.0,6500,487900,17150.0,CE
2022-02-25 13:09:00,46.1,47.1,45.15,45.55,16900,487900,17150.0,CE
2022-02-25 13:10:00,45.15,46.7,44.4,46.05,18500,487900,17150.0,CE
2022-02-25 13:11:00,46.0,47.7,46.0,46.25,13500,491300,17150.0,CE
2022-02-25 13:12:00,46.4,46.7,45.45,46.3,8400,491300,17150.0,CE
2022-02-25 13:13:00,46.3,47.3,46.2,46.65,4300,491300,17150.0,CE
2022-02-25 13:14:00,46.8,47.4,46.15,47.3,7000,491250,17150.0,CE
2022-02-25 13:15:00,47.5,47.5,46.0,46.2,3800,491250,17150.0,CE
2022-02-25 13:16:00,46.4,46.6,45.3,45.75,3850,491250,17150.0,CE
2022-02-25 13:17:00,45.55,46.5,45.3,45.6,3850,491250,17150.0,CE
2022-02-25 13:18:00,45.45,45.55,43.8,45.3,13700,489000,17150.0,CE
2022-02-25 13:19:00,45.8,45.8,44.25,44.7,3050,489000,17150.0,CE
2022-02-25 13:20:00,44.45,45.25,42.95,43.1,6150,493600,17150.0,CE
2022-02-25 13:21:00,43.75,44.0,42.5,42.85,6400,493600,17150.0,CE
2022-02-25 13:22:00,42.9,43.35,41.6,43.15,13100,493600,17150.0,CE
2022-02-25 13:23:00,43.35,44.3,42.8,43.05,9550,493600,17150.0,CE
2022-02-25 13:24:00,43.0,43.1,41.75,41.75,9400,495850,17150.0,CE
2022-02-25 13:25:00,41.5,42.05,40.5,40.95,21500,495850,17150.0,CE
2022-02-25 13:26:00,41.0,43.2,41.0,42.45,15500,495850,17150.0,CE
2022-02-25 13:27:00,42.5,42.5,41.05,42.15,11900,498250,17150.0,CE
2022-02-25 13:28:00,42.4,43.4,41.7,41.9,10700,498250,17150.0,CE
2022-02-25 13:29:00,41.65,44.45,41.2,43.9,14850,498250,17150.0,CE
2022-02-25 13:30:00,44.2,45.6,43.5,45.15,18600,505000,17150.0,CE
2022-02-25 13:31:00,44.8,45.9,44.75,45.45,12050,505000,17150.0,CE
2022-02-25 13:32:00,45.8,45.85,43.75,44.9,9650,505000,17150.0,CE
2022-02-25 13:33:00,44.9,46.1,44.85,46.05,8350,511000,17150.0,CE
2022-02-25 13:34:00,46.7,46.85,45.95,46.05,16800,511000,17150.0,CE
2022-02-25 13:35:00,45.8,46.2,43.1,45.3,17300,511000,17150.0,CE
2022-02-25 13:36:00,45.65,46.2,44.15,45.0,10350,515400,17150.0,CE
2022-02-25 13:37:00,44.9,45.0,42.9,43.95,7050,515400,17150.0,CE
2022-02-25 13:38:00,44.2,44.2,41.9,42.55,16750,515400,17150.0,CE
2022-02-25 13:39:00,42.25,43.4,41.6,42.25,9500,516850,17150.0,CE
2022-02-25 13:40:00,42.25,42.25,40.05,41.25,23200,516850,17150.0,CE
2022-02-25 13:41:00,41.0,41.2,39.3,39.5,37550,516850,17150.0,CE
2022-02-25 13:42:00,39.75,40.65,39.0,40.65,22550,524050,17150.0,CE
2022-02-25 13:43:00,40.45,43.75,40.45,42.8,34600,524050,17150.0,CE
2022-02-25 13:44:00,42.85,44.0,42.05,42.75,19350,524050,17150.0,CE
2022-02-25 13:45:00,43.3,43.95,40.45,41.5,13300,523300,17150.0,CE
2022-02-25 13:46:00,42.05,44.7,42.05,44.45,13250,523300,17150.0,CE
2022-02-25 13:47:00,44.65,44.85,43.3,43.7,10000,523300,17150.0,CE
2022-02-25 13:48:00,43.7,44.0,41.1,41.9,12100,520700,17150.0,CE
2022-02-25 13:49:00,42.0,42.45,40.1,40.6,21750,520700,17150.0,CE
2022-02-25 13:50:00,41.0,42.4,39.4,41.55,23700,520700,17150.0,CE
2022-02-25 13:51:00,41.85,43.55,41.5,43.1,11450,528700,17150.0,CE
2022-02-25 13:52:00,43.1,43.7,42.0,43.7,11500,528700,17150.0,CE
2022-02-25 13:53:00,43.8,43.8,42.3,42.8,13200,528700,17150.0,CE
2022-02-25 13:54:00,42.9,43.9,42.1,43.1,11200,534450,17150.0,CE
2022-02-25 13:55:00,43.7,44.15,42.85,43.8,9000,534450,17150.0,CE
2022-02-25 13:56:00,43.85,43.85,42.85,43.65,4550,534450,17150.0,CE
2022-02-25 13:57:00,43.65,44.35,43.35,44.1,7750,532250,17150.0,CE
2022-02-25 13:58:00,44.15,44.15,41.65,44.05,9350,532250,17150.0,CE
2022-02-25 13:59:00,44.0,44.0,42.4,42.5,4250,532250,17150.0,CE
2022-02-25 14:00:00,43.0,45.45,42.65,45.45,15850,535700,17150.0,CE
2022-02-25 14:01:00,44.85,45.5,42.9,43.55,11000,535700,17150.0,CE
2022-02-25 14:02:00,43.6,45.7,43.15,45.7,14550,535700,17150.0,CE
2022-02-25 14:03:00,46.15,47.15,45.5,46.2,14350,538800,17150.0,CE
2022-02-25 14:04:00,46.2,47.75,45.7,46.75,11950,538800,17150.0,CE
2022-02-25 14:05:00,47.0,47.35,45.4,45.95,11650,538800,17150.0,CE
2022-02-25 14:06:00,46.3,46.7,43.95,45.0,17450,541100,17150.0,CE
2022-02-25 14:07:00,44.0,45.2,43.6,44.25,25950,541100,17150.0,CE
2022-02-25 14:08:00,44.85,45.55,44.0,44.15,4750,541100,17150.0,CE
2022-02-25 14:09:00,44.25,45.2,44.0,44.65,6200,545750,17150.0,CE
2022-02-25 14:10:00,45.1,46.3,44.8,45.5,12750,545750,17150.0,CE
2022-02-25 14:11:00,44.8,45.15,43.1,43.6,6900,545750,17150.0,CE
2022-02-25 14:12:00,44.0,45.45,43.9,45.4,5350,544500,17150.0,CE
2022-02-25 14:13:00,46.0,46.95,45.8,46.4,14200,544500,17150.0,CE
2022-02-25 14:14:00,46.45,47.0,45.4,45.6,10250,544500,17150.0,CE
2022-02-25 14:15:00,45.6,47.2,45.1,47.2,7550,545050,17150.0,CE
2022-02-25 14:16:00,47.5,52.5,47.3,50.85,49400,545050,17150.0,CE
2022-02-25 14:17:00,50.65,51.5,49.75,50.6,21650,545050,17150.0,CE
2022-02-25 14:18:00,50.65,51.3,49.55,50.9,13200,543150,17150.0,CE
2022-02-25 14:19:00,50.75,50.8,48.0,49.35,17950,543150,17150.0,CE
2022-02-25 14:20:00,49.25,50.55,48.5,48.65,11200,543150,17150.0,CE
2022-02-25 14:21:00,48.0,50.2,47.6,50.1,13350,535050,17150.0,CE
2022-02-25 14:22:00,50.1,53.25,50.1,52.9,39750,535050,17150.0,CE
2022-02-25 14:23:00,52.5,56.15,51.85,55.55,44200,535050,17150.0,CE
2022-02-25 14:24:00,56.0,56.3,54.8,56.0,27100,522500,17150.0,CE
2022-02-25 14:25:00,56.0,56.95,53.4,56.55,51050,522500,17150.0,CE
2022-02-25 14:26:00,56.3,56.9,53.85,54.15,28450,522500,17150.0,CE
2022-02-25 14:27:00,54.25,55.9,54.1,54.3,11300,515050,17150.0,CE
2022-02-25 14:28:00,54.15,54.4,53.1,53.8,11400,515050,17150.0,CE
2022-02-25 14:29:00,53.35,53.35,50.4,52.4,26300,515050,17150.0,CE
2022-02-25 14:30:00,53.0,54.8,53.0,54.05,16850,517900,17150.0,CE
2022-02-25 14:31:00,54.05,56.4,53.55,55.75,31050,517900,17150.0,CE
2022-02-25 14:32:00,55.7,56.0,53.7,54.7,32800,517900,17150.0,CE
2022-02-25 14:33:00,54.5,54.5,50.15,50.15,19150,524450,17150.0,CE
2022-02-25 14:34:00,50.0,50.2,40.5,40.95,68250,524450,17150.0,CE
2022-02-25 14:35:00,40.0,45.35,39.5,45.15,59750,524450,17150.0,CE
2022-02-25 14:36:00,44.7,44.7,38.7,40.8,72800,523400,17150.0,CE
2022-02-25 14:37:00,41.15,43.0,39.9,43.0,34100,523400,17150.0,CE
2022-02-25 14:38:00,43.6,43.6,40.95,40.95,20500,523400,17150.0,CE
2022-02-25 14:39:00,40.75,43.0,40.75,41.8,23150,531000,17150.0,CE
2022-02-25 14:40:00,41.75,44.2,40.95,42.65,26350,531000,17150.0,CE
2022-02-25 14:41:00,43.05,44.0,42.3,43.45,16750,531000,17150.0,CE
2022-02-25 14:42:00,43.5,43.95,42.5,43.4,14100,535000,17150.0,CE
2022-02-25 14:43:00,43.45,43.8,41.85,43.5,16150,535000,17150.0,CE
2022-02-25 14:44:00,43.6,44.0,42.65,43.1,12000,535000,17150.0,CE
2022-02-25 14:45:00,42.9,47.1,42.7,45.5,23550,540650,17150.0,CE
2022-02-25 14:46:00,45.6,47.0,45.0,46.0,13850,540650,17150.0,CE
2022-02-25 14:47:00,46.0,49.7,46.0,49.3,26900,540650,17150.0,CE
2022-02-25 14:48:00,49.75,52.8,48.85,50.8,37950,534400,17150.0,CE
2022-02-25 14:49:00,51.2,52.8,50.9,52.05,31050,534400,17150.0,CE
2022-02-25 14:50:00,52.1,53.75,51.55,52.75,42600,534400,17150.0,CE
2022-02-25 14:51:00,52.5,52.6,47.3,50.05,28100,518250,17150.0,CE
2022-02-25 14:52:00,49.8,50.85,48.9,49.2,7600,518250,17150.0,CE
2022-02-25 14:53:00,48.9,49.9,47.7,48.2,12250,518250,17150.0,CE
2022-02-25 14:54:00,48.5,49.95,48.5,48.95,7600,517950,17150.0,CE
2022-02-25 14:55:00,49.0,49.05,44.5,45.3,25400,517950,17150.0,CE
2022-02-25 14:56:00,45.3,47.55,44.4,45.2,11900,517950,17150.0,CE
2022-02-25 14:57:00,45.1,46.2,44.65,45.35,12350,520350,17150.0,CE
2022-02-25 14:58:00,45.1,45.7,44.05,45.15,16750,520350,17150.0,CE
2022-02-25 14:59:00,45.15,46.45,44.85,46.3,9400,520350,17150.0,CE
2022-02-25 15:00:00,46.7,49.45,44.1,45.7,33200,514800,17150.0,CE
2022-02-25 15:01:00,45.65,45.65,42.3,44.8,24100,514800,17150.0,CE
2022-02-25 15:02:00,45.1,46.9,45.0,45.95,21000,514800,17150.0,CE
2022-02-25 15:03:00,45.8,47.5,45.3,45.65,15650,517050,17150.0,CE
2022-02-25 15:04:00,46.0,46.0,44.55,45.5,16050,517050,17150.0,CE
2022-02-25 15:05:00,44.9,46.15,44.4,45.55,13450,517050,17150.0,CE
2022-02-25 15:06:00,45.2,46.05,44.75,45.25,9500,522450,17150.0,CE
2022-02-25 15:07:00,45.95,46.0,45.15,45.55,8200,522450,17150.0,CE
2022-02-25 15:08:00,45.75,46.4,44.25,45.65,17650,522450,17150.0,CE
2022-02-25 15:09:00,45.1,46.05,44.6,45.4,11700,524150,17150.0,CE
2022-02-25 15:10:00,45.95,45.95,44.4,44.45,8050,524150,17150.0,CE
2022-02-25 15:11:00,45.0,45.4,43.75,45.4,12600,524150,17150.0,CE
2022-02-25 15:12:00,45.3,45.65,43.9,45.0,17550,520100,17150.0,CE
2022-02-25 15:13:00,45.15,45.65,44.7,45.65,14500,520100,17150.0,CE
2022-02-25 15:14:00,45.4,45.95,44.7,45.25,20450,520100,17150.0,CE
2022-02-25 15:15:00,45.0,46.1,45.0,45.5,35800,509150,17150.0,CE
2022-02-25 15:16:00,45.65,45.85,45.0,45.4,18850,509150,17150.0,CE
2022-02-25 15:17:00,45.15,45.5,44.5,45.35,24450,509150,17150.0,CE
2022-02-25 15:18:00,45.3,47.2,45.3,47.2,19350,506600,17150.0,CE
2022-02-25 15:19:00,47.25,47.4,46.6,46.7,20450,506600,17150.0,CE
2022-02-25 15:20:00,47.0,47.0,45.15,45.7,27750,506600,17150.0,CE
2022-02-25 15:21:00,45.85,45.85,45.1,45.4,29400,487850,17150.0,CE
2022-02-25 15:22:00,45.1,45.3,43.75,44.65,33600,487850,17150.0,CE
2022-02-25 15:23:00,44.7,45.15,44.5,45.05,30200,487850,17150.0,CE
2022-02-25 15:24:00,45.2,45.4,44.4,44.4,17400,461400,17150.0,CE
2022-02-25 15:25:00,44.4,45.2,44.0,45.05,33750,461400,17150.0,CE
2022-02-25 15:26:00,45.1,46.7,45.1,46.5,20800,461400,17150.0,CE
2022-02-25 15:27:00,46.5,49.45,46.5,48.1,43200,450900,17150.0,CE
2022-02-25 15:28:00,48.4,48.5,47.6,48.3,28550,450900,17150.0,CE
2022-02-25 15:29:00,48.3,49.95,47.5,49.3,49800,450900,17150.0,CE
2022-02-25 15:30:00,47.0,47.0,47.0,47.0,50,450900,17150.0,CE
2022-02-28 09:15:00,43.65,43.65,15.5,16.75,121603,431450,17150.0,CE
2022-02-28 09:16:00,16.35,16.35,14.2,14.5,114850,431450,17150.0,CE
2022-02-28 09:17:00,14.5,15.25,14.5,15.0,55800,468100,17150.0,CE
2022-02-28 09:18:00,15.1,15.5,14.65,15.25,58350,468100,17150.0,CE
2022-02-28 09:19:00,15.05,15.6,14.95,15.1,47650,468100,17150.0,CE
2022-02-28 09:20:00,15.15,15.45,14.55,15.45,65200,510750,17150.0,CE
2022-02-28 09:21:00,15.45,15.45,14.7,14.95,31550,510750,17150.0,CE
2022-02-28 09:22:00,14.9,15.15,14.5,14.7,29850,510750,17150.0,CE
2022-02-28 09:23:00,14.65,14.65,14.25,14.5,26700,529450,17150.0,CE
2022-02-28 09:24:00,14.4,14.65,13.6,13.6,62300,529450,17150.0,CE
2022-02-28 09:25:00,13.55,13.55,12.7,13.0,113150,529450,17150.0,CE
2022-02-28 09:26:00,12.95,13.7,12.85,13.7,41400,523000,17150.0,CE
2022-02-28 09:27:00,13.7,13.7,12.8,12.9,37200,523000,17150.0,CE
2022-02-28 09:28:00,12.9,12.9,12.35,12.7,19000,523000,17150.0,CE
2022-02-28 09:29:00,12.5,12.65,12.1,12.15,20050,523300,17150.0,CE
2022-02-28 09:30:00,11.95,12.3,11.6,12.3,44050,523300,17150.0,CE
2022-02-28 09:31:00,12.3,12.6,12.1,12.4,34350,523300,17150.0,CE
2022-02-28 09:32:00,12.3,12.45,12.0,12.15,24950,518250,17150.0,CE
2022-02-28 09:33:00,12.15,12.15,11.55,11.65,47200,518250,17150.0,CE
2022-02-28 09:34:00,11.55,12.0,11.35,12.0,46550,518250,17150.0,CE
2022-02-28 09:35:00,11.95,12.15,11.6,11.9,33350,546700,17150.0,CE
2022-02-28 09:36:00,12.0,12.1,11.6,12.0,35550,546700,17150.0,CE
2022-02-28 09:37:00,12.05,12.3,11.6,11.85,41800,546700,17150.0,CE
2022-02-28 09:38:00,11.9,11.95,11.4,11.45,33750,544950,17150.0,CE
2022-02-28 09:39:00,11.4,11.55,11.15,11.45,21350,544950,17150.0,CE
2022-02-28 09:40:00,11.4,12.1,11.25,12.1,39850,544950,17150.0,CE
2022-02-28 09:41:00,12.05,12.5,11.8,12.3,27300,544700,17150.0,CE
2022-02-28 09:42:00,12.4,12.6,12.2,12.45,21000,544700,17150.0,CE
2022-02-28 09:43:00,12.35,12.95,12.35,12.9,24200,544700,17150.0,CE
2022-02-28 09:44:00,12.9,13.35,12.75,13.35,35100,544550,17150.0,CE
2022-02-28 09:45:00,13.2,13.8,12.8,13.5,31050,544550,17150.0,CE
2022-02-28 09:46:00,13.4,13.8,13.2,13.35,21700,544550,17150.0,CE
2022-02-28 09:47:00,13.25,13.4,12.95,13.4,25000,570100,17150.0,CE
2022-02-28 09:48:00,13.4,13.4,12.7,12.7,17200,570100,17150.0,CE
2022-02-28 09:49:00,12.75,13.5,12.5,13.3,15600,570100,17150.0,CE
2022-02-28 09:50:00,13.45,13.5,13.0,13.15,17900,581050,17150.0,CE
2022-02-28 09:51:00,13.1,13.5,13.0,13.1,14200,581050,17150.0,CE
2022-02-28 09:52:00,13.0,13.0,12.55,12.6,27050,581050,17150.0,CE
2022-02-28 09:53:00,12.6,12.9,12.25,12.75,28450,596000,17150.0,CE
2022-02-28 09:54:00,12.9,13.05,12.5,12.8,20900,596000,17150.0,CE
2022-02-28 09:55:00,12.7,12.8,12.25,12.5,12900,596000,17150.0,CE
2022-02-28 09:56:00,12.5,12.85,12.4,12.6,4750,588100,17150.0,CE
2022-02-28 09:57:00,12.55,12.85,12.55,12.65,14600,588100,17150.0,CE
2022-02-28 09:58:00,12.8,12.95,12.5,12.85,11600,588100,17150.0,CE
2022-02-28 09:59:00,12.8,13.05,12.6,12.9,6750,588800,17150.0,CE
2022-02-28 10:00:00,12.9,12.9,12.45,12.6,8950,588800,17150.0,CE
2022-02-28 10:01:00,12.6,12.85,12.25,12.65,8700,588800,17150.0,CE
2022-02-28 10:02:00,12.65,13.15,12.6,13.05,8900,595750,17150.0,CE
2022-02-28 10:03:00,13.1,13.15,12.5,13.05,17800,595750,17150.0,CE
2022-02-28 10:04:00,13.0,13.15,12.7,12.95,9600,595750,17150.0,CE
2022-02-28 10:05:00,12.95,13.05,12.6,12.65,18850,600800,17150.0,CE
2022-02-28 10:06:00,12.65,12.75,12.15,12.45,12550,600800,17150.0,CE
2022-02-28 10:07:00,12.4,12.45,12.0,12.25,13250,600800,17150.0,CE
2022-02-28 10:08:00,12.25,12.65,12.25,12.55,8850,604400,17150.0,CE
2022-02-28 10:09:00,12.6,12.6,12.3,12.5,8900,604400,17150.0,CE
2022-02-28 10:10:00,12.55,12.6,12.0,12.05,11350,604400,17150.0,CE
2022-02-28 10:11:00,12.05,12.1,11.75,11.9,14350,609100,17150.0,CE
2022-02-28 10:12:00,12.1,12.1,11.75,11.8,4900,609100,17150.0,CE
2022-02-28 10:13:00,11.8,12.05,11.6,12.05,13550,609100,17150.0,CE
2022-02-28 10:14:00,12.0,12.2,11.85,12.05,10100,608750,17150.0,CE
2022-02-28 10:15:00,11.85,12.25,11.85,12.2,8000,608750,17150.0,CE
2022-02-28 10:16:00,12.15,12.25,11.8,12.25,12250,608750,17150.0,CE
2022-02-28 10:17:00,12.25,12.35,12.0,12.35,9550,610700,17150.0,CE
2022-02-28 10:18:00,12.35,12.95,12.3,12.85,16850,610700,17150.0,CE
2022-02-28 10:19:00,12.85,13.1,12.75,13.0,13200,610700,17150.0,CE
2022-02-28 10:20:00,13.1,13.5,13.0,13.45,14300,609050,17150.0,CE
2022-02-28 10:21:00,13.45,13.45,13.0,13.05,12950,609050,17150.0,CE
2022-02-28 10:22:00,13.2,13.2,12.55,12.9,9950,609050,17150.0,CE
2022-02-28 10:23:00,12.95,13.05,12.65,12.9,3950,609500,17150.0,CE
2022-02-28 10:24:00,13.0,13.0,12.6,12.75,5750,609500,17150.0,CE
2022-02-28 10:25:00,12.7,12.75,12.4,12.45,8000,609500,17150.0,CE
2022-02-28 10:26:00,12.6,12.75,12.6,12.7,4750,607800,17150.0,CE
2022-02-28 10:27:00,12.6,12.7,12.4,12.45,10250,607800,17150.0,CE
2022-02-28 10:28:00,12.4,12.9,12.4,12.85,10200,607800,17150.0,CE
2022-02-28 10:29:00,12.75,13.1,12.75,12.9,12500,599350,17150.0,CE
2022-02-28 10:30:00,12.95,13.2,12.75,13.2,8000,599350,17150.0,CE
2022-02-28 10:31:00,13.15,13.7,13.1,13.7,12100,599350,17150.0,CE
2022-02-28 10:32:00,13.6,14.15,13.55,14.0,17300,606650,17150.0,CE
2022-02-28 10:33:00,14.15,14.65,13.95,14.3,26600,606650,17150.0,CE
2022-02-28 10:34:00,14.35,15.3,14.25,15.15,38400,606650,17150.0,CE
2022-02-28 10:35:00,15.05,16.2,14.5,15.75,52000,623850,17150.0,CE
2022-02-28 10:36:00,15.7,16.15,15.3,15.3,48850,623850,17150.0,CE
2022-02-28 10:37:00,15.4,17.25,15.25,17.1,48200,623850,17150.0,CE
2022-02-28 10:38:00,17.15,18.9,16.85,18.7,43350,629550,17150.0,CE
2022-02-28 10:39:00,18.8,22.35,18.8,20.7,63700,629550,17150.0,CE
2022-02-28 10:40:00,20.75,20.85,18.4,18.6,59750,629550,17150.0,CE
2022-02-28 10:41:00,18.4,18.55,17.05,17.6,49700,630650,17150.0,CE
2022-02-28 10:42:00,17.55,19.0,17.3,19.0,34850,630650,17150.0,CE
2022-02-28 10:43:00,19.3,19.8,19.1,19.2,45300,630650,17150.0,CE
2022-02-28 10:44:00,19.25,20.3,19.0,20.3,56500,636800,17150.0,CE
2022-02-28 10:45:00,20.35,20.65,19.25,19.4,48500,636800,17150.0,CE
2022-02-28 10:46:00,19.4,20.1,19.0,20.1,18200,636800,17150.0,CE
2022-02-28 10:47:00,19.9,20.45,19.35,20.35,29950,642800,17150.0,CE
2022-02-28 10:48:00,20.3,21.6,20.05,21.25,49700,642800,17150.0,CE
2022-02-28 10:49:00,21.3,21.8,21.15,21.3,72050,642800,17150.0,CE
2022-02-28 10:50:00,21.15,21.65,20.7,21.1,34250,649500,17150.0,CE
2022-02-28 10:51:00,21.05,21.15,20.05,20.05,31700,649500,17150.0,CE
2022-02-28 10:52:00,20.15,21.85,19.45,21.55,90900,649500,17150.0,CE
2022-02-28 10:53:00,21.55,23.5,21.35,23.3,66350,654000,17150.0,CE
2022-02-28 10:54:00,23.4,23.9,22.75,23.15,43850,654000,17150.0,CE
2022-02-28 10:55:00,23.15,24.3,22.25,23.35,43900,654000,17150.0,CE
2022-02-28 10:56:00,23.5,23.65,21.65,23.25,30450,666150,17150.0,CE
2022-02-28 10:57:00,23.3,23.9,22.55,22.7,31350,666150,17150.0,CE
2022-02-28 10:58:00,22.5,23.1,21.75,22.5,30450,666150,17150.0,CE
2022-02-28 10:59:00,22.2,24.0,22.2,24.0,20100,661700,17150.0,CE
2022-02-28 11:00:00,23.95,28.25,23.8,28.15,80400,661700,17150.0,CE
2022-02-28 11:01:00,28.25,29.0,27.3,29.0,65200,661700,17150.0,CE
2022-02-28 11:02:00,28.5,31.7,28.5,30.3,91200,656700,17150.0,CE
2022-02-28 11:03:00,29.75,29.95,28.05,28.75,80400,656700,17150.0,CE
2022-02-28 11:04:00,28.65,30.8,28.1,30.35,54600,656700,17150.0,CE
2022-02-28 11:05:00,30.45,31.15,28.4,28.4,40300,655200,17150.0,CE
2022-02-28 11:06:00,28.35,28.35,25.6,26.7,44450,655200,17150.0,CE
2022-02-28 11:07:00,26.25,27.15,25.4,27.05,24800,655200,17150.0,CE
2022-02-28 11:08:00,27.1,30.0,27.1,30.0,30950,656950,17150.0,CE
2022-02-28 11:09:00,30.05,30.05,28.3,28.4,20450,656950,17150.0,CE
2022-02-28 11:10:00,28.4,28.55,27.05,28.4,13650,656950,17150.0,CE
2022-02-28 11:11:00,28.7,28.7,26.4,26.55,15500,656350,17150.0,CE
2022-02-28 11:12:00,26.8,27.6,25.5,27.0,21100,656350,17150.0,CE
2022-02-28 11:13:00,27.15,28.45,26.45,28.4,13050,656350,17150.0,CE
2022-02-28 11:14:00,28.35,28.6,27.2,27.85,16100,657850,17150.0,CE
2022-02-28 11:15:00,28.45,29.75,28.3,29.55,35350,657850,17150.0,CE
2022-02-28 11:16:00,29.75,29.9,28.55,28.9,17750,657850,17150.0,CE
2022-02-28 11:17:00,28.5,28.5,26.55,27.0,20600,657900,17150.0,CE
2022-02-28 11:18:00,27.1,27.15,26.0,26.4,22850,657900,17150.0,CE
2022-02-28 11:19:00,26.15,28.05,26.0,28.05,14200,657900,17150.0,CE
2022-02-28 11:20:00,27.65,28.25,26.9,27.95,20550,656350,17150.0,CE
2022-02-28 11:21:00,27.75,28.5,27.75,28.05,8900,656350,17150.0,CE
2022-02-28 11:22:00,28.0,28.4,27.55,27.9,12400,656350,17150.0,CE
2022-02-28 11:23:00,28.0,30.45,27.8,30.25,47150,655450,17150.0,CE
2022-02-28 11:24:00,30.5,32.35,30.5,32.05,67400,655450,17150.0,CE
2022-02-28 11:25:00,32.25,35.8,31.85,35.0,135400,655450,17150.0,CE
2022-02-28 11:26:00,35.6,37.45,35.0,35.5,73550,658350,17150.0,CE
2022-02-28 11:27:00,35.4,37.65,34.2,37.5,77150,658350,17150.0,CE
2022-02-28 11:28:00,36.7,37.7,36.1,36.7,62700,658350,17150.0,CE
2022-02-28 11:29:00,36.95,36.95,34.05,34.6,40050,667600,17150.0,CE
2022-02-28 11:30:00,34.9,36.4,34.8,35.25,29200,667600,17150.0,CE
2022-02-28 11:31:00,35.1,35.9,34.8,35.7,15900,667600,17150.0,CE
2022-02-28 11:32:00,35.55,38.15,35.0,38.15,37250,676350,17150.0,CE
2022-02-28 11:33:00,37.95,39.65,35.05,35.15,62500,676350,17150.0,CE
2022-02-28 11:34:00,35.5,36.65,34.6,35.0,36300,676350,17150.0,CE
2022-02-28 11:35:00,34.9,34.9,32.05,34.05,53500,689850,17150.0,CE
2022-02-28 11:36:00,34.1,35.55,33.75,35.25,33050,689850,17150.0,CE
2022-02-28 11:37:00,35.35,36.3,34.2,34.2,27200,689850,17150.0,CE
2022-02-28 11:38:00,34.0,34.15,29.95,29.95,50550,714350,17150.0,CE
2022-02-28 11:39:00,29.6,31.5,28.85,29.45,49800,714350,17150.0,CE
2022-02-28 11:40:00,29.7,30.7,28.0,30.4,28000,714350,17150.0,CE
2022-02-28 11:41:00,30.75,32.45,30.4,32.0,41500,698500,17150.0,CE
2022-02-28 11:42:00,31.85,33.0,31.35,31.75,22400,698500,17150.0,CE
2022-02-28 11:43:00,32.0,32.85,31.65,31.7,11700,698500,17150.0,CE
2022-02-28 11:44:00,31.65,31.7,30.4,30.4,17800,708600,17150.0,CE
2022-02-28 11:45:00,29.9,31.5,29.75,31.3,25750,708600,17150.0,CE
2022-02-28 11:46:00,31.3,33.75,30.85,33.75,25500,708600,17150.0,CE
2022-02-28 11:47:00,33.7,34.7,33.4,33.95,25650,717650,17150.0,CE
2022-02-28 11:48:00,33.95,37.35,33.5,36.6,41750,717650,17150.0,CE
2022-02-28 11:49:00,36.35,37.5,35.75,37.0,27450,717650,17150.0,CE
2022-02-28 11:50:00,37.1,37.65,35.95,37.0,23950,719400,17150.0,CE
2022-02-28 11:51:00,37.0,41.55,36.7,40.75,89450,719400,17150.0,CE
2022-02-28 11:52:00,40.55,43.7,40.55,43.3,71800,719400,17150.0,CE
2022-02-28 11:53:00,43.4,43.45,40.0,40.4,63800,712850,17150.0,CE
2022-02-28 11:54:00,40.1,45.0,39.4,44.55,92700,712850,17150.0,CE
2022-02-28 11:55:00,44.85,46.85,43.8,45.7,78100,712850,17150.0,CE
2022-02-28 11:56:00,44.95,51.85,44.95,49.85,126150,711200,17150.0,CE
2022-02-28 11:57:00,49.9,52.85,49.1,52.35,62900,711200,17150.0,CE
2022-02-28 11:58:00,52.15,55.3,51.55,55.0,59200,711200,17150.0,CE
2022-02-28 11:59:00,54.8,56.2,53.0,55.0,59400,701000,17150.0,CE
2022-02-28 12:00:00,55.0,56.45,47.9,48.2,74700,701000,17150.0,CE
2022-02-28 12:01:00,48.15,51.8,46.0,51.65,51450,701000,17150.0,CE
2022-02-28 12:02:00,51.7,52.1,49.5,51.8,43500,697950,17150.0,CE
2022-02-28 12:03:00,51.8,55.1,51.0,55.1,42550,697950,17150.0,CE
2022-02-28 12:04:00,55.0,58.9,54.3,58.9,85600,697950,17150.0,CE
2022-02-28 12:05:00,59.55,59.85,55.0,57.4,57800,693650,17150.0,CE
2022-02-28 12:06:00,57.5,58.6,55.15,56.4,67500,693650,17150.0,CE
2022-02-28 12:07:00,56.15,57.7,54.05,57.4,29950,693650,17150.0,CE
2022-02-28 12:08:00,57.35,61.35,57.2,58.9,68950,690200,17150.0,CE
2022-02-28 12:09:00,58.75,59.1,55.65,56.0,38000,690200,17150.0,CE
2022-02-28 12:10:00,55.95,56.6,52.25,54.6,52650,690200,17150.0,CE
2022-02-28 12:11:00,54.8,55.25,52.35,53.35,22100,696550,17150.0,CE
2022-02-28 12:12:00,53.3,53.3,49.9,51.15,56450,696550,17150.0,CE
2022-02-28 12:13:00,50.35,50.35,44.45,47.85,81800,696550,17150.0,CE
2022-02-28 12:14:00,47.45,49.0,45.7,47.9,39050,684350,17150.0,CE
2022-02-28 12:15:00,47.45,50.95,47.35,50.4,33550,684350,17150.0,CE
2022-02-28 12:16:00,50.35,50.35,45.35,47.55,34450,684350,17150.0,CE
2022-02-28 12:17:00,47.5,47.65,39.85,41.1,100300,663300,17150.0,CE
2022-02-28 12:18:00,40.9,44.0,40.0,44.0,40900,663300,17150.0,CE
2022-02-28 12:19:00,44.15,46.4,43.8,45.25,41750,663300,17150.0,CE
2022-02-28 12:20:00,45.75,50.15,45.3,49.85,27150,684000,17150.0,CE
2022-02-28 12:21:00,49.55,49.7,46.05,46.1,27950,684000,17150.0,CE
2022-02-28 12:22:00,46.0,49.45,45.2,48.35,21850,684000,17150.0,CE
2022-02-28 12:23:00,48.2,51.0,48.2,48.6,48750,687700,17150.0,CE
2022-02-28 12:24:00,48.4,50.15,48.35,49.8,11850,687700,17150.0,CE
2022-02-28 12:25:00,49.95,50.8,48.15,50.5,23150,687700,17150.0,CE
2022-02-28 12:26:00,50.55,51.35,50.1,50.5,40250,682350,17150.0,CE
2022-02-28 12:27:00,50.65,53.4,50.35,52.5,43700,682350,17150.0,CE
2022-02-28 12:28:00,52.6,54.25,51.85,52.2,34850,682350,17150.0,CE
2022-02-28 12:29:00,52.5,54.0,51.45,51.45,27800,697700,17150.0,CE
2022-02-28 12:30:00,51.95,53.1,51.35,51.55,28400,697700,17150.0,CE
2022-02-28 12:31:00,50.8,52.1,49.6,51.75,36500,697700,17150.0,CE
2022-02-28 12:32:00,51.95,54.75,51.95,54.55,37850,701150,17150.0,CE
2022-02-28 12:33:00,54.6,57.95,53.85,57.9,148900,701150,17150.0,CE
2022-02-28 12:34:00,57.6,58.2,56.6,57.8,86000,701150,17150.0,CE
2022-02-28 12:35:00,58.0,59.25,55.3,56.1,58750,691050,17150.0,CE
2022-02-28 12:36:00,56.45,57.15,52.7,53.45,35650,691050,17150.0,CE
2022-02-28 12:37:00,53.65,53.65,50.4,53.25,39300,691050,17150.0,CE
2022-02-28 12:38:00,53.3,54.75,51.15,51.7,23900,682850,17150.0,CE
2022-02-28 12:39:00,51.75,51.75,48.25,51.05,59050,682850,17150.0,CE
2022-02-28 12:40:00,51.15,53.05,49.7,50.7,60500,682850,17150.0,CE
2022-02-28 12:41:00,50.3,52.3,49.2,49.2,34650,696550,17150.0,CE
2022-02-28 12:42:00,49.0,51.45,48.5,50.15,23000,696550,17150.0,CE
2022-02-28 12:43:00,50.05,50.5,46.95,50.0,33200,696550,17150.0,CE
2022-02-28 12:44:00,49.65,49.65,47.65,48.8,19900,686800,17150.0,CE
2022-02-28 12:45:00,48.55,52.4,47.95,52.1,26000,686800,17150.0,CE
2022-02-28 12:46:00,52.3,54.5,50.9,53.55,25300,686800,17150.0,CE
2022-02-28 12:47:00,53.25,53.55,48.75,49.0,32450,685100,17150.0,CE
2022-02-28 12:48:00,49.2,50.2,47.65,49.85,16500,685100,17150.0,CE
2022-02-28 12:49:00,49.75,49.75,43.3,43.75,42950,685100,17150.0,CE
2022-02-28 12:50:00,42.75,43.8,41.15,43.8,45700,679800,17150.0,CE
2022-02-28 12:51:00,44.0,48.1,44.0,46.1,60800,679800,17150.0,CE
2022-02-28 12:52:00,45.65,47.85,45.3,47.15,39300,679800,17150.0,CE
2022-02-28 12:53:00,47.0,47.0,44.2,45.85,24350,678100,17150.0,CE
2022-02-28 12:54:00,45.95,47.5,45.55,45.9,13000,678100,17150.0,CE
2022-02-28 12:55:00,45.75,47.7,45.75,47.2,26450,678100,17150.0,CE
2022-02-28 12:56:00,47.65,49.55,47.5,49.2,28400,684800,17150.0,CE
2022-02-28 12:57:00,49.5,51.2,49.5,51.05,31250,684800,17150.0,CE
2022-02-28 12:58:00,50.6,51.1,49.1,50.35,34600,684800,17150.0,CE
2022-02-28 12:59:00,50.5,50.5,48.2,49.85,13700,684100,17150.0,CE
2022-02-28 13:00:00,50.35,52.65,49.9,52.65,28250,684100,17150.0,CE
2022-02-28 13:01:00,52.6,52.85,50.05,51.5,28300,684100,17150.0,CE
2022-02-28 13:02:00,51.2,52.4,50.8,51.5,12450,683050,17150.0,CE
2022-02-28 13:03:00,51.4,51.65,49.6,51.5,23700,683050,17150.0,CE
2022-02-28 13:04:00,51.55,52.25,50.2,52.1,16050,683050,17150.0,CE
2022-02-28 13:05:00,51.85,54.25,51.65,53.65,32900,685450,17150.0,CE
2022-02-28 13:06:00,53.95,55.1,52.8,52.8,33950,685450,17150.0,CE
2022-02-28 13:07:00,53.15,53.3,51.6,52.9,24550,685450,17150.0,CE
2022-02-28 13:08:00,53.3,54.4,53.3,54.05,17350,683100,17150.0,CE
2022-02-28 13:09:00,54.0,55.8,53.9,55.55,54100,683100,17150.0,CE
2022-02-28 13:10:00,55.15,57.4,55.0,56.15,48200,683100,17150.0,CE
2022-02-28 13:11:00,55.55,56.5,52.25,53.8,45850,672250,17150.0,CE
2022-02-28 13:12:00,54.35,54.45,50.95,53.25,27450,672250,17150.0,CE
2022-02-28 13:13:00,53.15,54.15,51.05,51.2,24750,672250,17150.0,CE
2022-02-28 13:14:00,50.5,53.1,50.3,52.6,20000,666650,17150.0,CE
2022-02-28 13:15:00,52.7,54.85,52.15,54.4,21850,666650,17150.0,CE
2022-02-28 13:16:00,54.4,55.0,52.1,52.8,56550,666650,17150.0,CE
2022-02-28 13:17:00,53.0,55.1,53.0,53.9,24600,666650,17150.0,CE
2022-02-28 13:18:00,52.85,53.1,50.25,50.25,23900,663900,17150.0,CE
2022-02-28 13:19:00,50.3,52.1,49.8,51.35,27150,663900,17150.0,CE
2022-02-28 13:20:00,51.65,52.15,50.5,51.15,12800,663900,17150.0,CE
2022-02-28 13:21:00,50.8,51.15,47.65,50.75,34750,669150,17150.0,CE
2022-02-28 13:22:00,50.5,52.5,49.8,49.8,46350,669150,17150.0,CE
2022-02-28 13:23:00,50.05,50.15,47.15,47.15,37900,669150,17150.0,CE
2022-02-28 13:24:00,47.25,49.5,44.7,49.5,44250,680200,17150.0,CE
2022-02-28 13:25:00,49.55,49.95,46.45,49.45,33350,680200,17150.0,CE
2022-02-28 13:26:00,49.5,52.05,49.3,51.75,25050,680200,17150.0,CE
2022-02-28 13:27:00,51.3,52.2,50.0,50.7,19050,680500,17150.0,CE
2022-02-28 13:28:00,50.5,51.8,50.5,51.45,9300,680500,17150.0,CE
2022-02-28 13:29:00,51.4,51.65,49.8,49.8,7450,680500,17150.0,CE
2022-02-28 13:30:00,50.45,51.15,45.1,45.15,30800,685450,17150.0,CE
2022-02-28 13:31:00,45.1,52.2,45.1,52.2,34250,685450,17150.0,CE
2022-02-28 13:32:00,52.4,54.05,48.95,50.1,45700,685450,17150.0,CE
2022-02-28 13:33:00,49.95,52.5,49.45,52.5,14100,680050,17150.0,CE
2022-02-28 13:34:00,52.5,53.05,51.0,52.85,38000,680050,17150.0,CE
2022-02-28 13:35:00,53.15,54.0,51.0,51.3,24600,680050,17150.0,CE
2022-02-28 13:36:00,51.7,53.9,50.95,52.2,24000,667250,17150.0,CE
2022-02-28 13:37:00,53.3,53.45,51.35,52.8,20650,667250,17150.0,CE
2022-02-28 13:38:00,52.8,53.6,52.2,53.6,18350,667250,17150.0,CE
2022-02-28 13:39:00,52.9,53.65,50.55,51.0,17250,671250,17150.0,CE
2022-02-28 13:40:00,51.5,55.45,50.6,52.65,62150,671250,17150.0,CE
2022-02-28 13:41:00,52.95,53.3,51.2,52.5,13400,671250,17150.0,CE
2022-02-28 13:42:00,52.15,52.9,50.2,50.2,24500,666750,17150.0,CE
2022-02-28 13:43:00,50.2,52.0,49.8,51.1,17600,666750,17150.0,CE
2022-02-28 13:44:00,51.05,51.35,47.9,51.35,38100,666750,17150.0,CE
2022-02-28 13:45:00,51.65,52.5,50.55,51.4,19400,673250,17150.0,CE
2022-02-28 13:46:00,51.0,51.15,48.45,48.9,17950,673250,17150.0,CE
2022-02-28 13:47:00,49.15,50.65,48.15,49.1,10600,673250,17150.0,CE
2022-02-28 13:48:00,48.75,50.45,48.0,49.7,10300,684000,17150.0,CE
2022-02-28 13:49:00,50.25,50.25,48.95,49.7,4850,684000,17150.0,CE
2022-02-28 13:50:00,49.9,51.75,48.35,51.75,26150,684000,17150.0,CE
2022-02-28 13:51:00,51.8,51.8,49.65,49.65,12200,683600,17150.0,CE
2022-02-28 13:52:00,49.3,49.3,46.55,48.8,37900,683600,17150.0,CE
2022-02-28 13:53:00,48.4,49.85,47.1,47.9,19800,683600,17150.0,CE
2022-02-28 13:54:00,48.05,49.25,47.05,48.05,12000,692700,17150.0,CE
2022-02-28 13:55:00,47.5,49.5,47.5,48.8,40550,692700,17150.0,CE
2022-02-28 13:56:00,48.9,49.8,48.0,48.0,13750,692700,17150.0,CE
2022-02-28 13:57:00,47.85,48.9,46.2,47.95,19350,700300,17150.0,CE
2022-02-28 13:58:00,47.8,48.05,46.7,47.0,13300,700300,17150.0,CE
2022-02-28 13:59:00,46.9,47.6,46.2,46.5,20100,700300,17150.0,CE
2022-02-28 14:00:00,46.7,48.8,46.6,48.2,56500,706850,17150.0,CE
2022-02-28 14:01:00,48.05,48.65,45.65,46.75,29300,706850,17150.0,CE
2022-02-28 14:02:00,46.35,47.1,40.15,42.25,79850,706850,17150.0,CE
2022-02-28 14:03:00,42.0,45.8,41.35,45.65,70650,701100,17150.0,CE
2022-02-28 14:04:00,45.4,46.2,42.05,42.15,41550,701100,17150.0,CE
2022-02-28 14:05:00,42.0,43.95,41.8,42.3,27650,701100,17150.0,CE
2022-02-28 14:06:00,41.95,41.95,38.15,38.5,47400,725600,17150.0,CE
2022-02-28 14:07:00,38.65,38.65,35.55,36.85,67100,725600,17150.0,CE
2022-02-28 14:08:00,36.9,38.0,34.1,34.85,51450,725600,17150.0,CE
2022-02-28 14:09:00,34.35,36.15,32.6,36.05,56700,718400,17150.0,CE
2022-02-28 14:10:00,35.6,39.5,35.6,38.6,58700,718400,17150.0,CE
2022-02-28 14:11:00,38.65,40.4,38.2,39.95,36150,718400,17150.0,CE
2022-02-28 14:12:00,39.3,40.7,37.5,40.7,26750,719450,17150.0,CE
2022-02-28 14:13:00,40.75,46.2,40.15,45.95,48250,719450,17150.0,CE
2022-02-28 14:14:00,45.7,48.0,45.7,47.4,54350,719450,17150.0,CE
2022-02-28 14:15:00,47.6,48.15,45.35,47.2,44400,724850,17150.0,CE
2022-02-28 14:16:00,47.5,47.7,46.0,46.9,33550,724850,17150.0,CE
2022-02-28 14:17:00,46.8,47.5,46.0,46.05,25600,724850,17150.0,CE
2022-02-28 14:18:00,45.95,46.9,43.65,45.2,36200,721450,17150.0,CE
2022-02-28 14:19:00,45.55,45.85,42.7,43.0,20600,721450,17150.0,CE
2022-02-28 14:20:00,42.4,44.85,40.75,44.2,27850,721450,17150.0,CE
2022-02-28 14:21:00,44.45,47.7,44.15,47.7,33850,711850,17150.0,CE
2022-02-28 14:22:00,47.6,47.6,45.95,46.4,29050,711850,17150.0,CE
2022-02-28 14:23:00,46.7,46.7,45.2,45.55,17900,711850,17150.0,CE
2022-02-28 14:24:00,45.65,46.9,44.3,46.05,20200,712150,17150.0,CE
2022-02-28 14:25:00,46.05,46.9,45.5,46.9,14550,712150,17150.0,CE
2022-02-28 14:26:00,46.75,47.25,45.95,47.2,17900,712150,17150.0,CE
2022-02-28 14:27:00,47.1,47.25,44.85,45.1,21800,711000,17150.0,CE
2022-02-28 14:28:00,44.7,44.7,42.35,44.1,24250,711000,17150.0,CE
2022-02-28 14:29:00,44.25,46.8,44.2,46.55,11650,711000,17150.0,CE
2022-02-28 14:30:00,46.95,46.95,45.1,46.5,11150,703800,17150.0,CE
2022-02-28 14:31:00,46.05,47.1,45.85,45.85,18000,703800,17150.0,CE
2022-02-28 14:32:00,45.55,45.65,42.55,43.0,24650,703800,17150.0,CE
2022-02-28 14:33:00,43.15,43.45,40.0,42.25,41750,707000,17150.0,CE
2022-02-28 14:34:00,42.3,44.85,42.1,44.5,24950,707000,17150.0,CE
2022-02-28 14:35:00,44.25,45.3,43.0,45.2,15350,707000,17150.0,CE
2022-02-28 14:36:00,45.0,45.5,43.15,43.15,12750,706350,17150.0,CE
2022-02-28 14:37:00,43.35,44.8,43.35,44.7,22300,706350,17150.0,CE
2022-02-28 14:38:00,44.25,45.75,43.8,45.5,31150,706350,17150.0,CE
2022-02-28 14:39:00,45.6,47.95,45.0,46.9,37350,707800,17150.0,CE
2022-02-28 14:40:00,47.45,51.2,47.45,50.9,69150,707800,17150.0,CE
2022-02-28 14:41:00,50.8,51.15,48.55,49.3,62500,707800,17150.0,CE
2022-02-28 14:42:00,49.65,50.25,45.6,46.05,42850,715050,17150.0,CE
2022-02-28 14:43:00,45.85,48.65,45.85,46.7,17150,715050,17150.0,CE
2022-02-28 14:44:00,46.55,47.1,46.0,47.1,14950,715050,17150.0,CE
2022-02-28 14:45:00,47.65,48.25,43.6,46.15,54950,715800,17150.0,CE
2022-02-28 14:46:00,45.95,48.1,45.95,46.85,30800,715800,17150.0,CE
2022-02-28 14:47:00,46.45,47.55,45.0,47.55,16150,715800,17150.0,CE
2022-02-28 14:48:00,47.45,48.9,47.45,47.75,31400,720750,17150.0,CE
2022-02-28 14:49:00,47.8,48.2,45.6,46.5,14150,720750,17150.0,CE
2022-02-28 14:50:00,46.6,49.9,46.6,47.85,43900,720750,17150.0,CE
2022-02-28 14:51:00,48.5,49.45,47.8,48.4,19200,735000,17150.0,CE
2022-02-28 14:52:00,48.5,51.55,48.45,51.35,53950,735000,17150.0,CE
2022-02-28 14:53:00,51.55,53.8,51.55,53.2,61500,735000,17150.0,CE
2022-02-28 14:54:00,53.5,53.9,48.8,50.4,74200,719400,17150.0,CE
2022-02-28 14:55:00,50.0,52.35,50.0,51.1,44350,719400,17150.0,CE
2022-02-28 14:56:00,51.55,51.55,47.9,49.45,71300,719400,17150.0,CE
2022-02-28 14:57:00,49.5,50.2,48.55,50.2,104400,741250,17150.0,CE
2022-02-28 14:58:00,49.7,49.7,48.25,49.3,27650,741250,17150.0,CE
2022-02-28 14:59:00,49.25,51.0,49.0,50.3,84600,741250,17150.0,CE
2022-02-28 15:00:00,49.8,58.2,49.75,58.15,231150,784100,17150.0,CE
2022-02-28 15:01:00,58.15,64.5,57.5,62.4,317300,784100,17150.0,CE
2022-02-28 15:02:00,62.05,62.85,58.55,60.75,99600,784100,17150.0,CE
2022-02-28 15:03:00,60.65,60.65,57.0,60.15,96450,675600,17150.0,CE
2022-02-28 15:04:00,60.75,65.45,59.55,64.95,81800,675600,17150.0,CE
2022-02-28 15:05:00,65.25,65.9,61.45,61.55,128650,675600,17150.0,CE
2022-02-28 15:06:00,61.45,64.5,61.2,64.1,50650,634900,17150.0,CE
2022-02-28 15:07:00,63.65,64.2,58.55,60.1,65300,634900,17150.0,CE
2022-02-28 15:08:00,59.85,60.1,58.0,59.25,34750,634900,17150.0,CE
2022-02-28 15:09:00,59.0,59.0,55.4,57.35,110100,612850,17150.0,CE
2022-02-28 15:10:00,57.55,57.8,53.4,56.35,62050,612850,17150.0,CE
2022-02-28 15:11:00,56.2,59.0,55.9,57.35,50050,612850,17150.0,CE
2022-02-28 15:12:00,57.15,60.75,57.0,58.95,50750,634850,17150.0,CE
2022-02-28 15:13:00,59.1,59.65,57.35,59.15,40700,634850,17150.0,CE
2022-02-28 15:14:00,59.1,61.75,59.0,60.0,55950,634850,17150.0,CE
2022-02-28 15:15:00,60.2,60.95,56.55,58.55,89650,624650,17150.0,CE
2022-02-28 15:16:00,58.5,59.4,56.55,58.3,36750,624650,17150.0,CE
2022-02-28 15:17:00,58.4,58.75,57.0,58.25,35700,624650,17150.0,CE
2022-02-28 15:18:00,59.1,60.7,58.65,59.9,35250,619150,17150.0,CE
2022-02-28 15:19:00,60.3,60.9,59.4,60.55,26600,619150,17150.0,CE
2022-02-28 15:20:00,60.5,60.9,59.4,60.9,41050,619150,17150.0,CE
2022-02-28 15:21:00,60.6,61.0,57.2,59.6,41100,601300,17150.0,CE
2022-02-28 15:22:00,59.6,59.85,57.5,58.65,45150,601300,17150.0,CE
2022-02-28 15:23:00,58.8,58.8,56.35,56.35,43400,601300,17150.0,CE
2022-02-28 15:24:00,56.65,57.15,56.15,56.45,53700,580900,17150.0,CE
2022-02-28 15:25:00,56.6,57.55,55.25,55.25,60200,580900,17150.0,CE
2022-02-28 15:26:00,55.25,57.0,54.45,56.65,106500,580900,17150.0,CE
2022-02-28 15:27:00,56.55,56.85,55.1,56.0,100850,606200,17150.0,CE
2022-02-28 15:28:00,56.0,56.45,54.6,55.35,87850,606200,17150.0,CE
2022-02-28 15:29:00,55.5,55.8,54.0,55.0,95250,606200,17150.0,CE
2022-02-28 15:30:00,55.0,55.0,55.0,55.0,100,606200,17150.0,CE
2022-03-02 09:15:00,40.0,47.65,10.1,16.45,170052,698600,17150.0,CE
2022-03-02 09:16:00,16.1,16.35,13.25,13.25,150450,698600,17150.0,CE
2022-03-02 09:17:00,13.1,14.75,12.6,14.45,257550,813600,17150.0,CE
2022-03-02 09:18:00,14.35,14.85,13.35,13.35,159500,813600,17150.0,CE
2022-03-02 09:19:00,13.35,13.7,12.5,12.8,131100,813600,17150.0,CE
2022-03-02 09:20:00,13.1,13.15,12.2,12.85,102500,947600,17150.0,CE
2022-03-02 09:21:00,12.9,15.0,12.9,15.0,194600,947600,17150.0,CE
2022-03-02 09:22:00,15.2,17.9,14.45,17.5,178100,947600,17150.0,CE
2022-03-02 09:23:00,17.5,18.15,16.5,16.9,154700,931850,17150.0,CE
2022-03-02 09:24:00,16.95,18.2,16.5,18.2,87050,931850,17150.0,CE
2022-03-02 09:25:00,18.2,22.1,17.75,22.1,161700,931850,17150.0,CE
2022-03-02 09:26:00,22.3,22.95,20.4,21.85,176200,972750,17150.0,CE
2022-03-02 09:27:00,21.7,24.5,21.05,22.55,133800,972750,17150.0,CE
2022-03-02 09:28:00,22.15,24.5,22.15,23.3,119300,972750,17150.0,CE
2022-03-02 09:29:00,23.0,23.9,22.85,23.55,73500,1014100,17150.0,CE
2022-03-02 09:30:00,23.65,23.75,18.2,19.05,155950,1014100,17150.0,CE
2022-03-02 09:31:00,19.45,19.45,16.55,17.75,146300,1014100,17150.0,CE
2022-03-02 09:32:00,17.9,19.75,17.15,18.9,156500,969100,17150.0,CE
2022-03-02 09:33:00,19.15,20.4,18.65,19.3,115200,969100,17150.0,CE
2022-03-02 09:34:00,19.0,19.8,17.0,18.15,80550,969100,17150.0,CE
2022-03-02 09:35:00,18.05,18.5,16.55,17.85,87200,918400,17150.0,CE
2022-03-02 09:36:00,17.8,17.8,16.65,16.85,51050,918400,17150.0,CE
2022-03-02 09:37:00,16.5,16.6,15.1,15.3,63400,918400,17150.0,CE
2022-03-02 09:38:00,15.2,16.15,15.0,16.05,67500,942600,17150.0,CE
2022-03-02 09:39:00,16.25,17.7,16.15,17.7,59100,942600,17150.0,CE
2022-03-02 09:40:00,17.9,19.85,17.45,17.45,120400,942600,17150.0,CE
2022-03-02 09:41:00,17.6,18.0,16.55,17.55,66300,961450,17150.0,CE
2022-03-02 09:42:00,17.45,17.8,16.7,16.7,42600,961450,17150.0,CE
2022-03-02 09:43:00,16.65,16.9,15.9,16.7,46500,961450,17150.0,CE
2022-03-02 09:44:00,16.65,16.65,15.1,15.2,47350,977550,17150.0,CE
2022-03-02 09:45:00,15.15,15.65,14.25,15.65,87850,977550,17150.0,CE
2022-03-02 09:46:00,15.85,16.85,15.75,16.4,48650,977550,17150.0,CE
2022-03-02 09:47:00,16.15,16.2,14.85,14.85,52400,1012350,17150.0,CE
2022-03-02 09:48:00,14.5,14.6,13.2,13.85,103450,1012350,17150.0,CE
2022-03-02 09:49:00,13.9,14.45,13.2,14.2,58350,1012350,17150.0,CE
2022-03-02 09:50:00,14.2,15.1,13.85,14.8,52600,1037450,17150.0,CE
2022-03-02 09:51:00,14.8,15.65,14.55,15.35,41150,1037450,17150.0,CE
2022-03-02 09:52:00,15.25,15.65,14.7,14.75,35550,1037450,17150.0,CE
2022-03-02 09:53:00,14.75,14.75,12.6,12.95,92750,1059350,17150.0,CE
2022-03-02 09:54:00,13.3,13.3,12.6,12.85,56450,1059350,17150.0,CE
2022-03-02 09:55:00,12.65,12.65,11.8,12.3,96500,1059350,17150.0,CE
2022-03-02 09:56:00,12.15,12.35,11.5,11.65,62050,1109350,17150.0,CE
2022-03-02 09:57:00,11.6,11.95,11.25,11.7,59600,1109350,17150.0,CE
2022-03-02 09:58:00,12.0,13.35,11.8,13.35,48450,1109350,17150.0,CE
2022-03-02 09:59:00,13.25,14.85,13.25,14.8,69500,1121850,17150.0,CE
2022-03-02 10:00:00,14.6,14.6,12.5,13.25,62550,1121850,17150.0,CE
2022-03-02 10:01:00,13.2,14.4,13.15,13.15,30250,1121850,17150.0,CE
2022-03-02 10:02:00,13.1,13.75,12.6,12.6,30100,1147100,17150.0,CE
2022-03-02 10:03:00,12.45,12.95,11.9,12.9,52950,1147100,17150.0,CE
2022-03-02 10:04:00,12.65,12.7,12.25,12.45,38900,1147100,17150.0,CE
2022-03-02 10:05:00,12.3,12.8,12.0,12.0,41100,1161150,17150.0,CE
2022-03-02 10:06:00,12.0,12.55,11.85,12.4,34250,1161150,17150.0,CE
2022-03-02 10:07:00,12.45,13.0,12.2,12.3,30350,1161150,17150.0,CE
2022-03-02 10:08:00,12.25,12.75,12.1,12.15,13900,1187650,17150.0,CE
2022-03-02 10:09:00,12.05,12.8,12.0,12.8,19500,1187650,17150.0,CE
2022-03-02 10:10:00,12.8,13.25,12.65,13.2,32850,1187650,17150.0,CE
2022-03-02 10:11:00,13.2,13.85,12.95,13.75,35850,1190500,17150.0,CE
2022-03-02 10:12:00,13.9,14.6,13.75,14.5,56450,1190500,17150.0,CE
2022-03-02 10:13:00,14.45,15.0,13.75,13.75,49350,1190500,17150.0,CE
2022-03-02 10:14:00,13.7,14.35,13.25,13.35,29900,1201350,17150.0,CE
2022-03-02 10:15:00,13.4,15.1,12.8,14.85,43700,1201350,17150.0,CE
2022-03-02 10:16:00,14.95,15.4,14.3,14.55,56400,1201350,17150.0,CE
2022-03-02 10:17:00,14.6,15.25,14.0,14.55,39600,1214950,17150.0,CE
2022-03-02 10:18:00,14.7,15.2,14.6,15.0,23050,1214950,17150.0,CE
2022-03-02 10:19:00,14.8,15.15,14.5,15.15,43200,1214950,17150.0,CE
2022-03-02 10:20:00,15.2,15.5,14.5,14.8,62200,1211650,17150.0,CE
2022-03-02 10:21:00,14.9,15.2,14.3,14.3,31700,1211650,17150.0,CE
2022-03-02 10:22:00,14.45,14.55,13.85,14.55,34900,1211650,17150.0,CE
2022-03-02 10:23:00,14.5,14.9,14.15,14.4,33800,1219650,17150.0,CE
2022-03-02 10:24:00,14.4,14.4,13.6,13.7,41950,1219650,17150.0,CE
2022-03-02 10:25:00,13.55,13.55,12.25,13.0,57050,1219650,17150.0,CE
2022-03-02 10:26:00,12.95,13.15,12.5,12.8,30450,1255300,17150.0,CE
2022-03-02 10:27:00,12.8,12.8,12.1,12.2,41300,1255300,17150.0,CE
2022-03-02 10:28:00,12.25,12.55,12.0,12.0,31050,1255300,17150.0,CE
2022-03-02 10:29:00,12.0,12.15,11.6,12.15,61150,1240400,17150.0,CE
2022-03-02 10:30:00,11.9,12.3,11.5,12.15,42600,1240400,17150.0,CE
2022-03-02 10:31:00,12.1,12.75,11.95,12.5,30100,1240400,17150.0,CE
2022-03-02 10:32:00,12.3,12.8,12.3,12.5,32050,1264850,17150.0,CE
2022-03-02 10:33:00,12.5,12.7,12.0,12.0,23400,1264850,17150.0,CE
2022-03-02 10:34:00,12.0,12.35,12.0,12.15,10300,1264850,17150.0,CE
2022-03-02 10:35:00,12.05,12.5,11.85,12.5,19150,1261200,17150.0,CE
2022-03-02 10:36:00,12.5,12.8,12.2,12.3,17100,1261200,17150.0,CE
2022-03-02 10:37:00,12.3,12.35,11.85,12.05,37450,1261200,17150.0,CE
2022-03-02 10:38:00,12.0,12.0,11.3,11.5,51300,1256850,17150.0,CE
2022-03-02 10:39:00,11.4,12.0,11.4,12.0,30300,1256850,17150.0,CE
2022-03-02 10:40:00,11.9,12.05,11.55,12.0,37050,1256850,17150.0,CE
2022-03-02 10:41:00,12.1,12.5,12.0,12.0,32550,1276450,17150.0,CE
2022-03-02 10:42:00,11.9,12.05,11.7,11.8,25450,1276450,17150.0,CE
2022-03-02 10:43:00,11.8,12.0,11.65,11.85,20200,1276450,17150.0,CE
2022-03-02 10:44:00,11.9,12.1,11.55,11.6,30200,1275200,17150.0,CE
2022-03-02 10:45:00,11.7,11.95,11.3,11.9,44900,1275200,17150.0,CE
2022-03-02 10:46:00,11.9,11.95,11.65,11.85,42000,1275200,17150.0,CE
2022-03-02 10:47:00,11.9,12.1,11.55,11.95,24550,1305050,17150.0,CE
2022-03-02 10:48:00,11.9,12.6,11.9,12.5,28650,1305050,17150.0,CE
2022-03-02 10:49:00,12.5,12.75,12.35,12.45,19900,1305050,17150.0,CE
2022-03-02 10:50:00,12.45,12.9,12.1,12.8,27500,1305700,17150.0,CE
2022-03-02 10:51:00,12.7,12.8,12.3,12.8,20050,1305700,17150.0,CE
2022-03-02 10:52:00,12.6,12.6,12.25,12.25,19600,1305700,17150.0,CE
2022-03-02 10:53:00,12.3,12.35,11.75,12.2,21000,1308600,17150.0,CE
2022-03-02 10:54:00,12.15,12.35,12.05,12.35,11100,1308600,17150.0,CE
2022-03-02 10:55:00,12.3,12.4,11.95,12.25,15800,1308600,17150.0,CE
2022-03-02 10:56:00,12.3,12.3,11.9,12.05,15000,1307850,17150.0,CE
2022-03-02 10:57:00,12.15,12.15,11.65,11.9,15300,1307850,17150.0,CE
2022-03-02 10:58:00,11.8,12.0,11.7,12.0,15500,1307850,17150.0,CE
2022-03-02 10:59:00,12.05,12.05,11.7,11.75,11650,1306550,17150.0,CE
2022-03-02 11:00:00,11.85,12.15,11.75,12.1,29100,1306550,17150.0,CE
2022-03-02 11:01:00,12.1,12.45,12.0,12.4,16500,1306550,17150.0,CE
2022-03-02 11:02:00,12.4,12.4,12.05,12.25,20700,1321250,17150.0,CE
2022-03-02 11:03:00,12.3,12.4,12.25,12.35,12650,1321250,17150.0,CE
2022-03-02 11:04:00,12.4,12.45,12.0,12.4,9350,1321250,17150.0,CE
2022-03-02 11:05:00,12.45,12.75,12.2,12.75,25250,1332950,17150.0,CE
2022-03-02 11:06:00,12.6,12.8,12.2,12.25,28400,1332950,17150.0,CE
2022-03-02 11:07:00,12.25,12.5,11.95,12.25,19500,1332950,17150.0,CE
2022-03-02 11:08:00,12.45,12.45,12.1,12.35,15450,1347400,17150.0,CE
2022-03-02 11:09:00,12.3,12.3,11.7,11.8,20350,1347400,17150.0,CE
2022-03-02 11:10:00,11.8,12.15,11.7,12.15,20800,1347400,17150.0,CE
2022-03-02 11:11:00,12.1,12.2,11.7,11.8,9550,1362300,17150.0,CE
2022-03-02 11:12:00,11.8,12.0,11.55,12.0,15850,1362300,17150.0,CE
2022-03-02 11:13:00,11.8,12.1,11.8,12.1,20450,1362300,17150.0,CE
2022-03-02 11:14:00,12.05,12.15,11.9,11.95,15550,1352900,17150.0,CE
2022-03-02 11:15:00,11.85,12.15,11.7,11.95,7100,1352900,17150.0,CE
2022-03-02 11:16:00,11.9,12.1,11.8,11.9,3850,1352900,17150.0,CE
2022-03-02 11:17:00,12.0,12.15,11.9,12.05,14550,1354000,17150.0,CE
2022-03-02 11:18:00,12.05,12.15,11.85,11.9,9450,1354000,17150.0,CE
2022-03-02 11:19:00,11.9,11.95,11.65,11.65,11500,1354000,17150.0,CE
2022-03-02 11:20:00,11.7,12.05,11.7,11.75,29100,1361000,17150.0,CE
2022-03-02 11:21:00,11.85,11.95,11.55,11.65,20100,1361000,17150.0,CE
2022-03-02 11:22:00,11.7,11.85,11.55,11.8,27900,1361000,17150.0,CE
2022-03-02 11:23:00,11.8,11.8,11.6,11.6,11750,1360600,17150.0,CE
2022-03-02 11:24:00,11.75,12.0,11.6,11.9,14300,1360600,17150.0,CE
2022-03-02 11:25:00,12.0,12.9,12.0,12.75,28300,1360600,17150.0,CE
2022-03-02 11:26:00,12.9,13.3,12.75,13.05,34700,1352800,17150.0,CE
2022-03-02 11:27:00,13.0,13.1,12.5,12.75,18400,1352800,17150.0,CE
2022-03-02 11:28:00,12.8,13.2,12.5,13.05,29400,1352800,17150.0,CE
2022-03-02 11:29:00,13.1,13.15,12.65,12.7,17600,1356050,17150.0,CE
2022-03-02 11:30:00,12.85,12.85,12.25,12.7,14300,1356050,17150.0,CE
2022-03-02 11:31:00,12.65,12.7,12.35,12.7,9100,1356050,17150.0,CE
2022-03-02 11:32:00,12.75,13.05,12.75,13.0,11250,1361750,17150.0,CE
2022-03-02 11:33:00,12.9,13.5,12.75,12.85,30150,1361750,17150.0,CE
2022-03-02 11:34:00,12.75,12.95,12.45,12.55,25800,1361750,17150.0,CE
2022-03-02 11:35:00,12.4,12.4,11.4,11.6,49600,1364400,17150.0,CE
2022-03-02 11:36:00,11.6,11.85,11.15,11.15,44150,1364400,17150.0,CE
2022-03-02 11:37:00,11.25,11.3,10.2,10.85,72450,1364400,17150.0,CE
2022-03-02 11:38:00,10.85,11.25,10.75,10.85,36800,1382050,17150.0,CE
2022-03-02 11:39:00,10.9,11.1,10.7,10.8,25450,1382050,17150.0,CE
2022-03-02 11:40:00,10.95,11.1,10.5,10.6,33250,1382050,17150.0,CE
2022-03-02 11:41:00,10.45,11.0,10.45,10.85,30350,1384000,17150.0,CE
2022-03-02 11:42:00,10.85,10.9,10.7,10.85,19550,1384000,17150.0,CE
2022-03-02 11:43:00,10.85,11.0,10.5,10.5,34700,1384000,17150.0,CE
2022-03-02 11:44:00,10.5,10.5,9.3,9.55,92550,1392550,17150.0,CE
2022-03-02 11:45:00,9.6,9.7,9.35,9.4,61850,1392550,17150.0,CE
2022-03-02 11:46:00,9.45,9.7,9.35,9.5,25500,1392550,17150.0,CE
2022-03-02 11:47:00,9.55,9.55,9.05,9.3,104050,1447450,17150.0,CE
2022-03-02 11:48:00,9.35,9.45,9.2,9.25,25900,1447450,17150.0,CE
2022-03-02 11:49:00,9.35,9.55,9.2,9.35,70500,1447450,17150.0,CE
2022-03-02 11:50:00,9.4,9.75,9.35,9.5,37400,1496600,17150.0,CE
2022-03-02 11:51:00,9.4,9.4,8.8,8.9,66750,1496600,17150.0,CE
2022-03-02 11:52:00,8.95,9.0,7.55,7.8,95700,1496600,17150.0,CE
2022-03-02 11:53:00,7.85,8.0,7.5,7.5,72050,1543900,17150.0,CE
2022-03-02 11:54:00,7.6,7.6,6.85,6.85,115850,1543900,17150.0,CE
2022-03-02 11:55:00,6.85,7.45,6.65,7.4,90700,1543900,17150.0,CE
2022-03-02 11:56:00,7.4,7.8,7.25,7.75,63450,1579700,17150.0,CE
2022-03-02 11:57:00,7.8,7.8,7.6,7.75,77000,1579700,17150.0,CE
2022-03-02 11:58:00,7.75,8.1,7.7,8.0,56450,1579700,17150.0,CE
2022-03-02 11:59:00,8.05,8.05,7.75,8.0,36850,1608950,17150.0,CE
2022-03-02 12:00:00,7.95,8.15,7.95,8.0,29700,1608950,17150.0,CE
2022-03-02 12:01:00,8.0,8.1,7.7,8.05,32000,1608950,17150.0,CE
2022-03-02 12:02:00,8.0,8.15,7.85,7.95,25400,1634050,17150.0,CE
2022-03-02 12:03:00,7.9,7.95,7.65,7.7,34450,1634050,17150.0,CE
2022-03-02 12:04:00,7.7,7.8,7.5,7.6,25600,1634050,17150.0,CE
2022-03-02 12:05:00,7.55,7.65,7.25,7.4,55450,1669600,17150.0,CE
2022-03-02 12:06:00,7.3,7.4,7.1,7.4,51150,1669600,17150.0,CE
2022-03-02 12:07:00,7.3,7.5,7.3,7.4,33000,1669600,17150.0,CE
2022-03-02 12:08:00,7.35,7.5,7.15,7.2,27150,1703700,17150.0,CE
2022-03-02 12:09:00,7.2,7.3,7.05,7.15,25450,1703700,17150.0,CE
2022-03-02 12:10:00,7.15,7.3,7.05,7.25,30750,1703700,17150.0,CE
2022-03-02 12:11:00,7.25,7.35,7.15,7.3,15850,1715350,17150.0,CE
2022-03-02 12:12:00,7.25,7.3,7.15,7.2,52450,1715350,17150.0,CE
2022-03-02 12:13:00,7.2,7.25,6.75,6.75,46750,1715350,17150.0,CE
2022-03-02 12:14:00,6.7,6.8,6.35,6.45,67500,1723650,17150.0,CE
2022-03-02 12:15:00,6.45,6.9,6.3,6.9,64750,1723650,17150.0,CE
2022-03-02 12:16:00,6.85,7.0,6.6,6.6,95900,1723650,17150.0,CE
2022-03-02 12:17:00,6.6,6.65,6.4,6.5,97300,1777100,17150.0,CE
2022-03-02 12:18:00,6.5,6.6,6.35,6.45,73950,1777100,17150.0,CE
2022-03-02 12:19:00,6.4,6.4,6.15,6.2,55250,1777100,17150.0,CE
2022-03-02 12:20:00,6.25,6.45,6.2,6.3,54650,1808500,17150.0,CE
2022-03-02 12:21:00,6.25,6.35,6.2,6.35,34650,1808500,17150.0,CE
2022-03-02 12:22:00,6.35,6.45,5.85,5.85,78850,1808500,17150.0,CE
2022-03-02 12:23:00,5.95,6.05,5.8,5.95,70250,1843750,17150.0,CE
2022-03-02 12:24:00,5.95,6.2,5.95,6.1,122750,1843750,17150.0,CE
2022-03-02 12:25:00,6.1,6.3,6.0,6.1,52550,1843750,17150.0,CE
2022-03-02 12:26:00,6.15,6.35,5.95,6.05,43350,1911700,17150.0,CE
2022-03-02 12:27:00,6.1,6.25,6.0,6.2,28350,1911700,17150.0,CE
2022-03-02 12:28:00,6.2,6.3,6.15,6.2,29200,1911700,17150.0,CE
2022-03-02 12:29:00,6.2,6.25,6.05,6.15,23250,1911700,17150.0,CE
2022-03-02 12:30:00,6.15,6.3,6.0,6.0,64850,1904600,17150.0,CE
2022-03-02 12:31:00,6.0,6.1,5.85,5.85,47350,1904600,17150.0,CE
2022-03-02 12:32:00,5.9,6.05,5.85,5.9,81700,1982500,17150.0,CE
2022-03-02 12:33:00,5.95,6.05,5.9,6.0,45300,1982500,17150.0,CE
2022-03-02 12:34:00,6.0,6.0,5.75,5.9,48150,1982500,17150.0,CE
2022-03-02 12:35:00,5.85,5.85,5.55,5.8,115700,2011700,17150.0,CE
2022-03-02 12:36:00,5.8,6.1,5.75,6.0,52450,2011700,17150.0,CE
2022-03-02 12:37:00,6.0,6.1,5.9,6.05,40250,2011700,17150.0,CE
2022-03-02 12:38:00,6.0,6.05,5.7,5.8,26050,2011700,17150.0,CE
2022-03-02 12:39:00,5.9,6.0,5.85,5.9,26250,1992250,17150.0,CE
2022-03-02 12:40:00,5.85,6.0,5.85,5.95,30500,1992250,17150.0,CE
2022-03-02 12:41:00,5.95,6.1,5.9,5.9,28500,1992250,17150.0,CE
2022-03-02 12:42:00,5.9,6.1,5.9,6.0,25400,2002400,17150.0,CE
2022-03-02 12:43:00,6.05,6.15,5.95,6.0,18600,2002400,17150.0,CE
2022-03-02 12:44:00,6.0,6.05,5.85,5.9,19550,2002400,17150.0,CE
2022-03-02 12:45:00,5.85,5.9,5.65,5.75,35050,2007550,17150.0,CE
2022-03-02 12:46:00,5.75,5.75,5.6,5.75,30450,2007550,17150.0,CE
2022-03-02 12:47:00,5.7,5.9,5.7,5.9,28200,2007550,17150.0,CE
2022-03-02 12:48:00,5.9,5.95,5.65,5.7,29550,2008050,17150.0,CE
2022-03-02 12:49:00,5.7,5.7,5.5,5.55,38400,2008050,17150.0,CE
2022-03-02 12:50:00,5.6,5.75,5.5,5.5,22650,2008050,17150.0,CE
2022-03-02 12:51:00,5.5,5.7,5.5,5.65,20450,2002950,17150.0,CE
2022-03-02 12:52:00,5.7,5.7,5.55,5.6,23950,2002950,17150.0,CE
2022-03-02 12:53:00,5.55,5.7,5.55,5.7,29750,2002950,17150.0,CE
2022-03-02 12:54:00,5.7,5.7,5.6,5.65,21900,1990950,17150.0,CE
2022-03-02 12:55:00,5.55,5.7,5.5,5.6,25150,1990950,17150.0,CE
2022-03-02 12:56:00,5.6,5.65,5.55,5.6,16950,1990950,17150.0,CE
2022-03-02 12:57:00,5.6,5.85,5.6,5.85,18850,1983900,17150.0,CE
2022-03-02 12:58:00,5.85,6.5,5.85,6.5,34550,1983900,17150.0,CE
2022-03-02 12:59:00,6.5,6.55,6.05,6.3,34850,1983900,17150.0,CE
2022-03-02 13:00:00,6.25,6.45,6.1,6.35,25200,1992000,17150.0,CE
2022-03-02 13:01:00,6.3,7.2,6.3,7.2,47850,1992000,17150.0,CE
2022-03-02 13:02:00,7.25,7.25,6.95,7.0,49200,1992000,17150.0,CE
2022-03-02 13:03:00,7.05,7.7,7.0,7.65,53150,1989650,17150.0,CE
2022-03-02 13:04:00,7.65,8.95,7.5,8.45,113300,1989650,17150.0,CE
2022-03-02 13:05:00,8.4,8.5,7.4,7.45,64250,1989650,17150.0,CE
2022-03-02 13:06:00,7.4,7.9,7.05,7.75,62550,1993800,17150.0,CE
2022-03-02 13:07:00,7.75,7.9,7.25,7.55,71950,1993800,17150.0,CE
2022-03-02 13:08:00,7.5,7.55,7.15,7.35,33200,1993800,17150.0,CE
2022-03-02 13:09:00,7.35,7.75,7.3,7.4,33950,1975400,17150.0,CE
2022-03-02 13:10:00,7.3,7.45,6.4,6.4,48750,1975400,17150.0,CE
2022-03-02 13:11:00,6.4,6.65,6.05,6.65,65850,1975400,17150.0,CE
2022-03-02 13:12:00,6.65,6.75,6.4,6.4,14000,1968600,17150.0,CE
2022-03-02 13:13:00,6.4,6.4,6.2,6.2,28250,1968600,17150.0,CE
2022-03-02 13:14:00,6.2,6.4,6.2,6.3,22350,1968600,17150.0,CE
2022-03-02 13:15:00,6.35,6.45,6.05,6.05,50950,1978900,17150.0,CE
2022-03-02 13:16:00,6.05,6.05,5.75,5.95,50700,1978900,17150.0,CE
2022-03-02 13:17:00,5.95,6.05,5.85,5.95,29550,1978900,17150.0,CE
2022-03-02 13:18:00,6.05,6.15,5.9,6.05,27500,1972900,17150.0,CE
2022-03-02 13:19:00,6.1,6.6,6.0,6.55,18850,1972900,17150.0,CE
2022-03-02 13:20:00,6.5,7.1,6.5,7.0,48050,1972900,17150.0,CE
2022-03-02 13:21:00,7.1,7.1,6.45,6.5,39750,1992400,17150.0,CE
2022-03-02 13:22:00,6.4,6.5,6.1,6.3,30100,1992400,17150.0,CE
2022-03-02 13:23:00,6.25,6.7,6.25,6.6,34600,1992400,17150.0,CE
2022-03-02 13:24:00,6.65,6.65,6.25,6.3,21650,1983850,17150.0,CE
2022-03-02 13:25:00,6.25,6.35,6.05,6.1,18900,1983850,17150.0,CE
2022-03-02 13:26:00,6.1,6.3,6.05,6.15,17350,1983850,17150.0,CE
2022-03-02 13:27:00,6.15,6.2,5.85,5.9,33050,1979200,17150.0,CE
2022-03-02 13:28:00,5.9,6.25,5.9,6.2,16700,1979200,17150.0,CE
2022-03-02 13:29:00,6.2,6.5,6.2,6.4,44550,1979200,17150.0,CE
2022-03-02 13:30:00,6.5,6.6,6.4,6.55,25850,1977750,17150.0,CE
2022-03-02 13:31:00,6.55,6.55,6.2,6.35,26650,1977750,17150.0,CE
2022-03-02 13:32:00,6.35,6.45,6.15,6.15,23300,1977750,17150.0,CE
2022-03-02 13:33:00,6.15,6.3,6.1,6.25,8600,1977700,17150.0,CE
2022-03-02 13:34:00,6.2,6.25,6.0,6.15,13950,1977700,17150.0,CE
2022-03-02 13:35:00,6.1,6.3,6.0,6.2,8350,1977700,17150.0,CE
2022-03-02 13:36:00,6.25,6.4,6.1,6.15,21700,1983150,17150.0,CE
2022-03-02 13:37:00,6.1,6.2,6.0,6.1,15900,1983150,17150.0,CE
2022-03-02 13:38:00,6.05,6.2,5.95,6.15,9000,1983150,17150.0,CE
2022-03-02 13:39:00,6.1,6.15,6.05,6.05,8450,1989800,17150.0,CE
2022-03-02 13:40:00,6.05,6.35,6.0,6.35,49500,1989800,17150.0,CE
2022-03-02 13:41:00,6.3,6.6,6.25,6.25,16850,1989800,17150.0,CE
2022-03-02 13:42:00,6.25,6.35,5.95,6.05,16450,1962450,17150.0,CE
2022-03-02 13:43:00,6.1,6.3,6.05,6.3,18650,1962450,17150.0,CE
2022-03-02 13:44:00,6.3,6.3,6.1,6.3,16150,1962450,17150.0,CE
2022-03-02 13:45:00,6.25,6.45,6.2,6.3,33900,1956400,17150.0,CE
2022-03-02 13:46:00,6.3,6.6,6.2,6.3,27050,1956400,17150.0,CE
2022-03-02 13:47:00,6.25,6.75,6.25,6.75,14750,1956400,17150.0,CE
2022-03-02 13:48:00,6.7,6.95,6.6,6.8,21000,1955600,17150.0,CE
2022-03-02 13:49:00,6.8,6.85,6.45,6.65,17600,1955600,17150.0,CE
2022-03-02 13:50:00,6.7,6.9,6.5,6.9,15650,1955600,17150.0,CE
2022-03-02 13:51:00,6.95,7.2,6.6,6.6,26050,1961100,17150.0,CE
2022-03-02 13:52:00,6.6,6.85,6.5,6.85,10350,1961100,17150.0,CE
2022-03-02 13:53:00,6.75,7.0,6.75,6.9,14800,1961100,17150.0,CE
2022-03-02 13:54:00,6.9,7.0,6.8,6.9,26200,1957900,17150.0,CE
2022-03-02 13:55:00,6.85,6.9,6.65,6.7,15350,1957900,17150.0,CE
2022-03-02 13:56:00,6.75,7.0,6.75,6.85,15750,1957900,17150.0,CE
2022-03-02 13:57:00,6.9,7.0,6.75,6.85,23900,1952000,17150.0,CE
2022-03-02 13:58:00,6.8,6.8,6.55,6.7,14300,1952000,17150.0,CE
2022-03-02 13:59:00,6.7,6.75,6.15,6.2,25400,1952000,17150.0,CE
2022-03-02 14:00:00,6.15,6.2,5.9,6.05,40250,1940550,17150.0,CE
2022-03-02 14:01:00,6.1,6.15,6.0,6.0,36150,1940550,17150.0,CE
2022-03-02 14:02:00,6.05,6.2,6.0,6.1,32250,1940550,17150.0,CE
2022-03-02 14:03:00,6.05,6.2,6.0,6.2,41300,1916600,17150.0,CE
2022-03-02 14:04:00,6.15,6.3,6.1,6.2,25700,1916600,17150.0,CE
2022-03-02 14:05:00,6.2,6.5,6.2,6.3,17700,1916600,17150.0,CE
2022-03-02 14:06:00,6.4,6.45,6.2,6.45,12750,1916150,17150.0,CE
2022-03-02 14:07:00,6.35,6.4,6.05,6.1,41050,1916150,17150.0,CE
2022-03-02 14:08:00,6.1,6.15,5.95,6.0,41950,1916150,17150.0,CE
2022-03-02 14:09:00,6.0,6.1,5.95,5.95,14150,1923350,17150.0,CE
2022-03-02 14:10:00,6.0,6.1,5.9,5.9,11650,1923350,17150.0,CE
2022-03-02 14:11:00,5.9,6.0,5.85,5.95,6350,1923350,17150.0,CE
2022-03-02 14:12:00,5.95,6.0,5.85,5.85,12000,1929950,17150.0,CE
2022-03-02 14:13:00,5.9,5.9,5.65,5.7,48250,1929950,17150.0,CE
2022-03-02 14:14:00,5.7,5.7,5.5,5.5,49100,1929950,17150.0,CE
2022-03-02 14:15:00,5.5,5.6,5.25,5.25,47750,1922100,17150.0,CE
2022-03-02 14:16:00,5.2,5.4,5.1,5.4,59200,1922100,17150.0,CE
2022-03-02 14:17:00,5.35,5.4,5.25,5.25,27800,1922100,17150.0,CE
2022-03-02 14:18:00,5.35,5.35,5.2,5.25,52950,1944900,17150.0,CE
2022-03-02 14:19:00,5.3,5.35,5.2,5.3,63750,1944900,17150.0,CE
2022-03-02 14:20:00,5.25,5.3,5.1,5.15,41700,1944900,17150.0,CE
2022-03-02 14:21:00,5.2,5.25,5.05,5.1,53500,1922650,17150.0,CE
2022-03-02 14:22:00,5.05,5.15,4.9,5.1,100700,1922650,17150.0,CE
2022-03-02 14:23:00,5.05,5.2,5.0,5.1,93250,1922650,17150.0,CE
2022-03-02 14:24:00,5.1,5.15,4.9,5.0,101200,1997400,17150.0,CE
2022-03-02 14:25:00,5.0,5.2,5.0,5.1,57200,1997400,17150.0,CE
2022-03-02 14:26:00,5.05,5.15,4.95,5.05,69050,1997400,17150.0,CE
2022-03-02 14:27:00,5.05,5.05,4.85,5.0,44350,2017850,17150.0,CE
2022-03-02 14:28:00,5.0,5.15,5.0,5.15,30600,2017850,17150.0,CE
2022-03-02 14:29:00,5.15,5.15,4.95,5.0,34800,2017850,17150.0,CE
2022-03-02 14:30:00,5.05,5.2,5.0,5.2,43650,2031100,17150.0,CE
2022-03-02 14:31:00,5.2,5.45,5.2,5.3,68950,2031100,17150.0,CE
2022-03-02 14:32:00,5.35,5.35,5.15,5.15,40350,2031100,17150.0,CE
2022-03-02 14:33:00,5.15,5.2,4.95,5.05,44100,1981850,17150.0,CE
2022-03-02 14:34:00,5.1,5.15,4.95,5.1,33150,1981850,17150.0,CE
2022-03-02 14:35:00,5.05,5.1,5.0,5.0,28550,1981850,17150.0,CE
2022-03-02 14:36:00,5.0,5.0,4.9,5.0,40500,1963700,17150.0,CE
2022-03-02 14:37:00,5.0,5.15,4.95,5.1,53950,1963700,17150.0,CE
2022-03-02 14:38:00,5.1,5.2,4.95,5.0,35250,1963700,17150.0,CE
2022-03-02 14:39:00,5.0,5.2,5.0,5.1,30400,1952500,17150.0,CE
2022-03-02 14:40:00,5.1,5.25,5.1,5.15,35000,1952500,17150.0,CE
2022-03-02 14:41:00,5.15,5.25,5.15,5.25,39800,1952500,17150.0,CE
2022-03-02 14:42:00,5.3,5.6,5.3,5.55,66800,1935400,17150.0,CE
2022-03-02 14:43:00,5.6,5.7,5.45,5.6,55950,1935400,17150.0,CE
2022-03-02 14:44:00,5.6,5.9,5.45,5.7,66100,1935400,17150.0,CE
2022-03-02 14:45:00,5.75,6.2,5.65,6.05,140350,1900850,17150.0,CE
2022-03-02 14:46:00,6.0,6.0,5.5,5.55,79450,1900850,17150.0,CE
2022-03-02 14:47:00,5.5,5.55,5.15,5.3,46250,1900850,17150.0,CE
2022-03-02 14:48:00,5.25,5.45,5.05,5.25,47450,1870900,17150.0,CE
2022-03-02 14:49:00,5.3,5.35,5.2,5.25,56600,1870900,17150.0,CE
2022-03-02 14:50:00,5.25,5.35,5.15,5.3,74950,1870900,17150.0,CE
2022-03-02 14:51:00,5.3,5.35,5.15,5.15,85150,1794800,17150.0,CE
2022-03-02 14:52:00,5.2,5.3,5.2,5.25,19050,1794800,17150.0,CE
2022-03-02 14:53:00,5.25,5.35,5.2,5.3,27100,1794800,17150.0,CE
2022-03-02 14:54:00,5.3,5.35,5.0,5.05,55900,1776950,17150.0,CE
2022-03-02 14:55:00,5.05,5.15,5.0,5.0,30600,1776950,17150.0,CE
2022-03-02 14:56:00,4.95,5.15,4.95,5.1,55400,1776950,17150.0,CE
2022-03-02 14:57:00,5.1,5.15,4.95,5.0,68700,1731700,17150.0,CE
2022-03-02 14:58:00,5.0,5.05,4.9,5.0,30600,1731700,17150.0,CE
2022-03-02 14:59:00,5.1,5.3,5.05,5.3,42700,1731700,17150.0,CE
2022-03-02 15:00:00,5.3,6.85,5.25,6.65,218700,1706000,17150.0,CE
2022-03-02 15:01:00,6.55,6.75,5.75,5.75,153000,1706000,17150.0,CE
2022-03-02 15:02:00,5.85,6.2,5.75,5.85,83600,1706000,17150.0,CE
2022-03-02 15:03:00,5.85,6.05,5.6,5.95,68950,1690300,17150.0,CE
2022-03-02 15:04:00,5.95,6.35,5.95,6.05,75650,1690300,17150.0,CE
2022-03-02 15:05:00,6.1,6.1,5.65,5.8,93350,1690300,17150.0,CE
2022-03-02 15:06:00,5.8,5.85,5.6,5.7,49800,1695450,17150.0,CE
2022-03-02 15:07:00,5.8,5.9,5.55,5.85,100600,1695450,17150.0,CE
2022-03-02 15:08:00,5.8,6.05,5.75,5.95,61050,1695450,17150.0,CE
2022-03-02 15:09:00,5.9,5.9,5.6,5.7,66250,1640350,17150.0,CE
2022-03-02 15:10:00,5.7,5.85,5.6,5.6,97100,1640350,17150.0,CE
2022-03-02 15:11:00,5.6,6.3,5.6,6.15,136100,1640350,17150.0,CE
2022-03-02 15:12:00,6.2,6.9,6.1,6.55,138250,1671250,17150.0,CE
2022-03-02 15:13:00,6.55,6.55,6.2,6.5,124850,1671250,17150.0,CE
2022-03-02 15:14:00,6.5,7.3,6.5,6.75,130300,1671250,17150.0,CE
2022-03-02 15:15:00,6.75,7.35,6.35,6.45,130550,1599750,17150.0,CE
2022-03-02 15:16:00,6.4,6.5,6.05,6.2,76100,1599750,17150.0,CE
2022-03-02 15:17:00,6.2,6.9,6.1,6.9,126750,1599750,17150.0,CE
2022-03-02 15:18:00,6.9,6.95,6.15,6.3,183000,1633200,17150.0,CE
2022-03-02 15:19:00,6.25,6.45,6.25,6.45,104150,1633200,17150.0,CE
2022-03-02 15:20:00,6.35,6.45,6.1,6.25,147850,1633200,17150.0,CE
2022-03-02 15:21:00,6.25,6.25,6.0,6.15,90550,1681550,17150.0,CE
2022-03-02 15:22:00,6.15,6.3,5.55,5.7,97650,1681550,17150.0,CE
2022-03-02 15:23:00,5.65,6.5,5.6,6.45,113850,1681550,17150.0,CE
2022-03-02 15:24:00,6.5,6.55,6.25,6.35,114800,1674950,17150.0,CE
2022-03-02 15:25:00,6.4,6.6,5.8,5.8,85050,1674950,17150.0,CE
2022-03-02 15:26:00,5.85,6.2,5.8,6.15,105350,1674950,17150.0,CE
2022-03-02 15:27:00,6.05,6.45,5.9,5.95,116850,1678300,17150.0,CE
2022-03-02 15:28:00,5.95,6.35,5.95,6.1,129700,1678300,17150.0,CE
2022-03-02 15:29:00,6.15,6.15,5.7,6.0,151150,1678300,17150.0,CE
2022-03-03 09:15:00,3.05,4.9,1.7,1.75,489703,1661800,17150.0,CE
2022-03-03 09:16:00,1.65,1.75,1.05,1.6,610700,1661800,17150.0,CE
2022-03-03 09:17:00,1.6,1.85,1.55,1.55,371700,1662450,17150.0,CE
2022-03-03 09:18:00,1.55,1.7,1.55,1.65,295850,1662450,17150.0,CE
2022-03-03 09:19:00,1.65,1.7,1.6,1.7,275300,1662450,17150.0,CE
2022-03-03 09:20:00,1.65,1.75,1.65,1.65,261850,1608500,17150.0,CE
2022-03-03 09:21:00,1.7,1.7,1.6,1.6,202600,1608500,17150.0,CE
2022-03-03 09:22:00,1.65,1.7,1.6,1.7,161700,1608500,17150.0,CE
2022-03-03 09:23:00,1.7,1.7,1.6,1.65,149100,1549450,17150.0,CE
2022-03-03 09:24:00,1.65,1.65,1.55,1.55,176350,1549450,17150.0,CE
2022-03-03 09:25:00,1.6,1.65,1.5,1.55,193700,1549450,17150.0,CE
2022-03-03 09:26:00,1.55,1.55,1.45,1.45,127750,1549050,17150.0,CE
2022-03-03 09:27:00,1.45,1.5,1.35,1.4,107300,1549050,17150.0,CE
2022-03-03 09:28:00,1.35,1.4,1.25,1.3,195150,1549050,17150.0,CE
2022-03-03 09:29:00,1.3,1.45,1.3,1.4,156850,1485900,17150.0,CE
2022-03-03 09:30:00,1.4,1.45,1.4,1.4,97250,1485900,17150.0,CE
2022-03-03 09:31:00,1.45,1.5,1.4,1.45,263350,1485900,17150.0,CE
2022-03-03 09:32:00,1.45,1.5,1.45,1.45,137900,1506800,17150.0,CE
2022-03-03 09:33:00,1.45,1.5,1.4,1.5,236050,1506800,17150.0,CE
2022-03-03 09:34:00,1.45,1.5,1.35,1.35,144450,1506800,17150.0,CE
2022-03-03 09:35:00,1.35,1.4,1.35,1.35,67200,1586150,17150.0,CE
2022-03-03 09:36:00,1.35,1.4,1.3,1.35,33700,1586150,17150.0,CE
2022-03-03 09:37:00,1.35,1.35,1.25,1.3,70100,1586150,17150.0,CE
2022-03-03 09:38:00,1.3,1.3,1.25,1.3,50300,1568850,17150.0,CE
2022-03-03 09:39:00,1.3,1.35,1.25,1.25,88550,1568850,17150.0,CE
2022-03-03 09:40:00,1.3,1.3,1.25,1.25,38750,1568850,17150.0,CE
2022-03-03 09:41:00,1.25,1.3,1.2,1.25,41100,1565500,17150.0,CE
2022-03-03 09:42:00,1.2,1.25,1.2,1.2,31250,1565500,17150.0,CE
2022-03-03 09:43:00,1.2,1.25,1.2,1.2,23450,1565500,17150.0,CE
2022-03-03 09:44:00,1.25,1.25,1.2,1.2,22400,1562350,17150.0,CE
2022-03-03 09:45:00,1.2,1.25,1.2,1.25,73400,1562350,17150.0,CE
2022-03-03 09:46:00,1.25,1.25,1.15,1.15,79500,1562350,17150.0,CE
2022-03-03 09:47:00,1.2,1.25,1.15,1.2,73100,1495950,17150.0,CE
2022-03-03 09:48:00,1.2,1.25,1.15,1.15,62550,1495950,17150.0,CE
2022-03-03 09:49:00,1.15,1.2,1.1,1.1,66500,1495950,17150.0,CE
2022-03-03 09:50:00,1.15,1.15,1.1,1.1,93650,1448850,17150.0,CE
2022-03-03 09:51:00,1.15,1.15,1.1,1.1,28750,1448850,17150.0,CE
2022-03-03 09:52:00,1.15,1.2,1.1,1.2,67950,1448850,17150.0,CE
2022-03-03 09:53:00,1.2,1.2,1.15,1.15,40450,1454550,17150.0,CE
2022-03-03 09:54:00,1.15,1.2,1.15,1.2,28700,1454550,17150.0,CE
2022-03-03 09:55:00,1.2,1.25,1.15,1.25,74300,1454550,17150.0,CE
2022-03-03 09:56:00,1.25,1.25,1.2,1.25,59150,1466800,17150.0,CE
2022-03-03 09:57:00,1.25,1.25,1.2,1.2,132750,1466800,17150.0,CE
2022-03-03 09:58:00,1.2,1.2,1.15,1.2,13500,1466800,17150.0,CE
2022-03-03 09:59:00,1.2,1.2,1.15,1.2,13400,1487800,17150.0,CE
2022-03-03 10:00:00,1.15,1.2,1.15,1.15,53650,1487800,17150.0,CE
2022-03-03 10:01:00,1.15,1.2,1.15,1.15,36250,1487800,17150.0,CE
2022-03-03 10:02:00,1.15,1.2,1.15,1.15,23800,1496150,17150.0,CE
2022-03-03 10:03:00,1.2,1.2,1.15,1.15,24100,1496150,17150.0,CE
2022-03-03 10:04:00,1.15,1.2,1.15,1.15,44400,1496150,17150.0,CE
2022-03-03 10:05:00,1.15,1.2,1.15,1.15,22900,1511750,17150.0,CE
2022-03-03 10:06:00,1.2,1.2,1.15,1.2,67950,1511750,17150.0,CE
2022-03-03 10:07:00,1.2,1.25,1.15,1.2,66600,1511750,17150.0,CE
2022-03-03 10:08:00,1.15,1.2,1.15,1.15,48650,1532600,17150.0,CE
2022-03-03 10:09:00,1.15,1.2,1.15,1.2,36550,1532600,17150.0,CE
2022-03-03 10:10:00,1.2,1.2,1.15,1.2,57800,1532600,17150.0,CE
2022-03-03 10:11:00,1.2,1.25,1.15,1.25,99550,1513650,17150.0,CE
2022-03-03 10:12:00,1.2,1.25,1.2,1.25,37500,1513650,17150.0,CE
2022-03-03 10:13:00,1.2,1.25,1.2,1.25,44850,1513650,17150.0,CE
2022-03-03 10:14:00,1.25,1.25,1.15,1.15,63350,1568600,17150.0,CE
2022-03-03 10:15:00,1.2,1.2,1.15,1.2,14600,1568600,17150.0,CE
2022-03-03 10:16:00,1.2,1.2,1.15,1.15,23300,1568600,17150.0,CE
2022-03-03 10:17:00,1.15,1.2,1.15,1.2,22200,1560900,17150.0,CE
2022-03-03 10:18:00,1.2,1.25,1.15,1.25,205750,1560900,17150.0,CE
2022-03-03 10:19:00,1.25,1.3,1.25,1.25,95850,1560900,17150.0,CE
2022-03-03 10:20:00,1.25,1.25,1.2,1.2,230550,1722500,17150.0,CE
2022-03-03 10:21:00,1.2,1.25,1.15,1.2,40000,1722500,17150.0,CE
2022-03-03 10:22:00,1.2,1.2,1.15,1.15,41600,1722500,17150.0,CE
2022-03-03 10:23:00,1.15,1.2,1.15,1.15,23800,1698550,17150.0,CE
2022-03-03 10:24:00,1.15,1.2,1.15,1.15,38450,1698550,17150.0,CE
2022-03-03 10:25:00,1.2,1.25,1.15,1.2,34650,1698550,17150.0,CE
2022-03-03 10:26:00,1.2,1.2,1.15,1.2,16150,1697950,17150.0,CE
2022-03-03 10:27:00,1.15,1.2,1.15,1.2,35650,1697950,17150.0,CE
2022-03-03 10:28:00,1.2,1.2,1.15,1.2,18900,1697950,17150.0,CE
2022-03-03 10:29:00,1.15,1.2,1.15,1.15,27000,1700150,17150.0,CE
2022-03-03 10:30:00,1.2,1.2,1.15,1.15,30000,1700150,17150.0,CE
2022-03-03 10:31:00,1.15,1.15,1.1,1.15,27750,1700150,17150.0,CE
2022-03-03 10:32:00,1.1,1.15,1.1,1.1,9000,1695150,17150.0,CE
2022-03-03 10:33:00,1.15,1.15,1.05,1.1,66650,1695150,17150.0,CE
2022-03-03 10:34:00,1.1,1.1,1.05,1.05,9000,1695150,17150.0,CE
2022-03-03 10:35:00,1.1,1.1,1.05,1.05,13250,1726250,17150.0,CE
2022-03-03 10:36:00,1.1,1.1,1.05,1.1,25600,1726250,17150.0,CE
2022-03-03 10:37:00,1.1,1.1,1.05,1.1,27850,1726250,17150.0,CE
2022-03-03 10:38:00,1.05,1.1,1.05,1.05,24700,1696250,17150.0,CE
2022-03-03 10:39:00,1.05,1.1,1.05,1.05,44700,1696250,17150.0,CE
2022-03-03 10:40:00,1.05,1.1,1.05,1.05,27400,1696250,17150.0,CE
2022-03-03 10:41:00,1.1,1.1,1.05,1.05,18700,1709700,17150.0,CE
2022-03-03 10:42:00,1.1,1.1,1.05,1.1,26300,1709700,17150.0,CE
2022-03-03 10:43:00,1.1,1.1,1.05,1.05,20850,1709700,17150.0,CE
2022-03-03 10:44:00,1.1,1.1,1.05,1.1,55700,1726000,17150.0,CE
2022-03-03 10:45:00,1.1,1.1,1.0,1.0,37200,1726000,17150.0,CE
2022-03-03 10:46:00,1.0,1.05,0.95,0.95,40400,1726000,17150.0,CE
2022-03-03 10:47:00,0.95,1.0,0.95,0.95,28800,1716400,17150.0,CE
2022-03-03 10:48:00,1.0,1.0,0.95,1.0,18000,1716400,17150.0,CE
2022-03-03 10:49:00,1.0,1.05,0.95,1.0,31150,1716400,17150.0,CE
2022-03-03 10:50:00,1.0,1.05,1.0,1.0,14000,1690000,17150.0,CE
2022-03-03 10:51:00,1.05,1.05,1.0,1.0,11150,1690000,17150.0,CE
2022-03-03 10:52:00,1.0,1.05,0.95,1.0,47950,1690000,17150.0,CE
2022-03-03 10:53:00,1.0,1.05,1.0,1.05,11350,1676250,17150.0,CE
2022-03-03 10:54:00,1.05,1.05,1.0,1.0,5250,1676250,17150.0,CE
2022-03-03 10:55:00,1.0,1.05,0.95,0.95,27400,1676250,17150.0,CE
2022-03-03 10:56:00,0.95,1.0,0.95,0.95,8450,1669800,17150.0,CE
2022-03-03 10:57:00,0.95,1.0,0.95,0.95,15850,1669800,17150.0,CE
2022-03-03 10:58:00,1.0,1.0,0.95,1.0,8550,1669800,17150.0,CE
2022-03-03 10:59:00,1.0,1.0,0.95,1.0,12700,1658050,17150.0,CE
2022-03-03 11:00:00,0.95,1.0,0.95,1.0,31500,1658050,17150.0,CE
2022-03-03 11:01:00,1.0,1.05,0.95,1.0,40950,1658050,17150.0,CE
2022-03-03 11:02:00,1.05,1.05,1.0,1.05,18000,1665850,17150.0,CE
2022-03-03 11:03:00,1.05,1.05,0.95,1.0,17850,1665850,17150.0,CE
2022-03-03 11:04:00,1.0,1.0,0.95,1.0,5650,1665850,17150.0,CE
2022-03-03 11:05:00,1.0,1.0,0.95,1.0,2800,1684350,17150.0,CE
2022-03-03 11:06:00,1.0,1.0,0.95,0.95,7700,1684350,17150.0,CE
2022-03-03 11:07:00,1.0,1.05,0.95,0.95,61400,1684350,17150.0,CE
2022-03-03 11:08:00,1.0,1.05,0.95,1.05,20100,1664000,17150.0,CE
2022-03-03 11:09:00,1.05,1.05,1.0,1.05,8100,1664000,17150.0,CE
2022-03-03 11:10:00,1.05,1.05,1.0,1.05,20000,1664000,17150.0,CE
2022-03-03 11:11:00,1.05,1.1,1.0,1.05,37700,1688100,17150.0,CE
2022-03-03 11:12:00,1.05,1.05,1.0,1.05,16250,1688100,17150.0,CE
2022-03-03 11:13:00,1.0,1.05,1.0,1.0,41200,1688100,17150.0,CE
2022-03-03 11:14:00,1.05,1.05,1.0,1.0,12800,1710700,17150.0,CE
2022-03-03 11:15:00,1.05,1.05,1.0,1.05,21000,1710700,17150.0,CE
2022-03-03 11:16:00,1.05,1.05,0.95,1.0,16050,1710700,17150.0,CE
2022-03-03 11:17:00,1.0,1.05,0.95,1.05,28100,1726200,17150.0,CE
2022-03-03 11:18:00,1.05,1.05,1.0,1.0,35250,1726200,17150.0,CE
2022-03-03 11:19:00,1.05,1.05,1.0,1.05,25500,1726200,17150.0,CE
2022-03-03 11:20:00,1.05,1.05,1.0,1.05,9900,1746800,17150.0,CE
2022-03-03 11:21:00,1.05,1.05,1.0,1.05,40750,1746800,17150.0,CE
2022-03-03 11:22:00,1.05,1.1,1.0,1.05,79650,1746800,17150.0,CE
2022-03-03 11:23:00,1.05,1.05,1.0,1.0,12050,1796050,17150.0,CE
2022-03-03 11:24:00,1.0,1.05,0.95,0.95,23200,1796050,17150.0,CE
2022-03-03 11:25:00,0.95,1.05,0.95,1.05,29450,1796050,17150.0,CE
2022-03-03 11:26:00,1.05,1.05,0.95,0.95,35450,1804250,17150.0,CE
2022-03-03 11:27:00,0.95,1.05,0.95,1.0,66050,1804250,17150.0,CE
2022-03-03 11:28:00,1.05,1.05,0.95,1.0,35650,1804250,17150.0,CE
2022-03-03 11:29:00,1.0,1.05,1.0,1.0,65500,1860200,17150.0,CE
2022-03-03 11:30:00,1.0,1.05,1.0,1.0,29900,1860200,17150.0,CE
2022-03-03 11:31:00,1.0,1.0,0.95,0.95,33550,1860200,17150.0,CE
2022-03-03 11:32:00,0.95,1.0,0.95,0.95,22750,1854300,17150.0,CE
2022-03-03 11:33:00,0.95,1.0,0.9,0.95,32200,1854300,17150.0,CE
2022-03-03 11:34:00,0.95,1.0,0.9,0.9,30700,1854300,17150.0,CE
2022-03-03 11:35:00,0.9,0.95,0.9,0.95,11800,1850900,17150.0,CE
2022-03-03 11:36:00,0.95,0.95,0.9,0.9,15600,1850900,17150.0,CE
2022-03-03 11:37:00,0.9,0.95,0.9,0.95,3900,1850900,17150.0,CE
2022-03-03 11:38:00,0.95,0.95,0.9,0.9,10350,1847300,17150.0,CE
2022-03-03 11:39:00,0.95,0.95,0.85,0.85,27200,1847300,17150.0,CE
2022-03-03 11:40:00,0.85,0.9,0.85,0.85,10500,1847300,17150.0,CE
2022-03-03 11:41:00,0.85,0.9,0.85,0.85,7800,1847300,17150.0,CE
2022-03-03 11:42:00,0.85,0.9,0.85,0.85,22650,1836450,17150.0,CE
2022-03-03 11:43:00,0.85,0.9,0.85,0.85,28850,1836450,17150.0,CE
2022-03-03 11:44:00,0.8,0.85,0.8,0.85,26800,1831750,17150.0,CE
2022-03-03 11:45:00,0.8,0.85,0.75,0.75,41450,1831750,17150.0,CE
2022-03-03 11:46:00,0.75,0.8,0.7,0.7,48150,1831750,17150.0,CE
2022-03-03 11:47:00,0.7,0.7,0.65,0.65,22200,1835850,17150.0,CE
2022-03-03 11:48:00,0.65,0.7,0.6,0.65,33900,1835850,17150.0,CE
2022-03-03 11:49:00,0.7,0.7,0.65,0.65,7300,1835850,17150.0,CE
2022-03-03 11:50:00,0.7,0.7,0.65,0.65,3850,1824550,17150.0,CE
2022-03-03 11:51:00,0.65,0.7,0.6,0.65,18650,1824550,17150.0,CE
2022-03-03 11:52:00,0.6,0.6,0.6,0.6,6200,1824550,17150.0,CE
2022-03-03 11:53:00,0.6,0.65,0.6,0.6,16750,1821900,17150.0,CE
2022-03-03 11:54:00,0.6,0.65,0.6,0.6,22700,1821900,17150.0,CE
2022-03-03 11:55:00,0.6,0.6,0.55,0.55,12300,1821900,17150.0,CE
2022-03-03 11:56:00,0.55,0.6,0.55,0.55,3850,1818300,17150.0,CE
2022-03-03 11:57:00,0.6,0.6,0.5,0.5,41000,1818300,17150.0,CE
2022-03-03 11:58:00,0.5,0.55,0.5,0.5,20200,1818300,17150.0,CE
2022-03-03 11:59:00,0.5,0.55,0.5,0.5,21350,1818300,17150.0,CE
2022-03-03 12:00:00,0.5,0.55,0.5,0.5,19300,1805300,17150.0,CE
2022-03-03 12:01:00,0.5,0.55,0.5,0.5,21900,1805300,17150.0,CE
2022-03-03 12:02:00,0.5,0.55,0.5,0.55,28850,1805300,17150.0,CE
2022-03-03 12:03:00,0.55,0.6,0.55,0.55,55050,1767350,17150.0,CE
2022-03-03 12:04:00,0.6,0.6,0.55,0.6,14150,1767350,17150.0,CE
2022-03-03 12:05:00,0.55,0.6,0.55,0.55,41950,1767350,17150.0,CE
2022-03-03 12:06:00,0.55,0.6,0.55,0.6,25400,1784900,17150.0,CE
2022-03-03 12:07:00,0.6,0.6,0.55,0.6,18900,1784900,17150.0,CE
2022-03-03 12:08:00,0.55,0.6,0.55,0.55,4850,1784900,17150.0,CE
2022-03-03 12:09:00,0.55,0.6,0.55,0.55,1900,1776100,17150.0,CE
2022-03-03 12:10:00,0.6,0.6,0.55,0.6,5200,1776100,17150.0,CE
2022-03-03 12:11:00,0.6,0.6,0.55,0.6,17250,1776100,17150.0,CE
2022-03-03 12:12:00,0.6,0.6,0.55,0.55,2900,1774450,17150.0,CE
2022-03-03 12:13:00,0.55,0.6,0.55,0.6,2400,1774450,17150.0,CE
2022-03-03 12:14:00,0.55,0.6,0.55,0.6,7250,1774450,17150.0,CE
2022-03-03 12:15:00,0.6,0.6,0.5,0.55,21250,1773500,17150.0,CE
2022-03-03 12:16:00,0.55,0.6,0.5,0.55,14700,1773500,17150.0,CE
2022-03-03 12:17:00,0.55,0.6,0.55,0.55,5950,1773500,17150.0,CE
2022-03-03 12:18:00,0.55,0.55,0.5,0.55,15300,1751300,17150.0,CE
2022-03-03 12:19:00,0.5,0.6,0.5,0.5,16850,1751300,17150.0,CE
2022-03-03 12:20:00,0.55,0.6,0.55,0.55,17250,1751300,17150.0,CE
2022-03-03 12:21:00,0.55,0.6,0.55,0.55,15950,1736350,17150.0,CE
2022-03-03 12:22:00,0.55,0.65,0.55,0.65,21950,1736350,17150.0,CE
2022-03-03 12:23:00,0.6,0.65,0.55,0.55,12300,1736350,17150.0,CE
2022-03-03 12:24:00,0.55,0.65,0.55,0.65,9850,1723200,17150.0,CE
2022-03-03 12:25:00,0.65,0.7,0.65,0.65,16200,1723200,17150.0,CE
2022-03-03 12:26:00,0.7,0.7,0.6,0.6,22350,1723200,17150.0,CE
2022-03-03 12:27:00,0.65,0.65,0.6,0.65,5250,1716550,17150.0,CE
2022-03-03 12:28:00,0.6,0.65,0.6,0.65,13000,1716550,17150.0,CE
2022-03-03 12:29:00,0.65,0.7,0.65,0.7,6950,1716550,17150.0,CE
2022-03-03 12:30:00,0.7,0.7,0.65,0.65,13300,1711650,17150.0,CE
2022-03-03 12:31:00,0.65,0.7,0.65,0.65,7300,1711650,17150.0,CE
2022-03-03 12:32:00,0.65,0.7,0.65,0.65,10000,1711650,17150.0,CE
2022-03-03 12:33:00,0.65,0.75,0.65,0.7,5850,1707600,17150.0,CE
2022-03-03 12:34:00,0.7,0.75,0.65,0.7,22000,1707600,17150.0,CE
2022-03-03 12:35:00,0.7,0.75,0.7,0.7,7550,1707600,17150.0,CE
2022-03-03 12:36:00,0.7,0.75,0.7,0.75,19150,1687150,17150.0,CE
2022-03-03 12:37:00,0.7,0.8,0.7,0.8,13600,1687150,17150.0,CE
2022-03-03 12:38:00,0.8,0.8,0.7,0.75,12350,1687150,17150.0,CE
2022-03-03 12:39:00,0.8,0.8,0.75,0.75,9800,1682100,17150.0,CE
2022-03-03 12:40:00,0.7,0.75,0.7,0.75,7550,1682100,17150.0,CE
2022-03-03 12:41:00,0.75,0.75,0.7,0.7,7000,1682100,17150.0,CE
2022-03-03 12:42:00,0.75,0.8,0.7,0.7,15400,1673250,17150.0,CE
2022-03-03 12:43:00,0.7,0.75,0.7,0.7,7550,1673250,17150.0,CE
2022-03-03 12:44:00,0.7,0.7,0.65,0.65,3250,1673250,17150.0,CE
2022-03-03 12:45:00,0.65,0.7,0.65,0.7,5050,1676400,17150.0,CE
2022-03-03 12:46:00,0.7,0.75,0.7,0.7,4600,1676400,17150.0,CE
2022-03-03 12:47:00,0.7,0.75,0.7,0.7,7700,1676400,17150.0,CE
2022-03-03 12:48:00,0.7,0.7,0.65,0.65,36050,1677650,17150.0,CE
2022-03-03 12:49:00,0.6,0.6,0.55,0.55,17200,1677650,17150.0,CE
2022-03-03 12:50:00,0.55,0.55,0.55,0.55,850,1677650,17150.0,CE
2022-03-03 12:51:00,0.55,0.6,0.55,0.6,7650,1655900,17150.0,CE
2022-03-03 12:52:00,0.6,0.65,0.6,0.6,250,1655900,17150.0,CE
2022-03-03 12:53:00,0.65,0.65,0.6,0.65,7350,1655900,17150.0,CE
2022-03-03 12:54:00,0.6,0.6,0.6,0.6,10800,1652050,17150.0,CE
2022-03-03 12:55:00,0.6,0.65,0.55,0.55,6150,1652050,17150.0,CE
2022-03-03 12:56:00,0.55,0.6,0.55,0.55,4400,1652050,17150.0,CE
2022-03-03 12:57:00,0.6,0.65,0.55,0.6,13500,1653950,17150.0,CE
2022-03-03 12:58:00,0.6,0.6,0.55,0.55,5850,1653950,17150.0,CE
2022-03-03 12:59:00,0.6,0.6,0.55,0.6,13350,1653950,17150.0,CE
2022-03-03 13:00:00,0.6,0.6,0.55,0.55,6550,1647100,17150.0,CE
2022-03-03 13:01:00,0.55,0.65,0.55,0.6,15400,1647100,17150.0,CE
2022-03-03 13:02:00,0.6,0.6,0.55,0.55,9700,1647100,17150.0,CE
2022-03-03 13:03:00,0.6,0.65,0.55,0.65,4800,1636150,17150.0,CE
2022-03-03 13:04:00,0.6,0.6,0.55,0.6,4250,1636150,17150.0,CE
2022-03-03 13:05:00,0.6,0.65,0.55,0.65,3650,1636150,17150.0,CE
2022-03-03 13:06:00,0.6,0.6,0.6,0.6,1000,1631900,17150.0,CE
2022-03-03 13:07:00,0.6,0.65,0.6,0.6,21150,1631900,17150.0,CE
2022-03-03 13:08:00,0.65,0.65,0.6,0.65,4100,1631900,17150.0,CE
2022-03-03 13:09:00,0.6,0.65,0.6,0.65,12500,1626250,17150.0,CE
2022-03-03 13:10:00,0.65,0.7,0.65,0.7,13950,1626250,17150.0,CE
2022-03-03 13:11:00,0.65,0.7,0.65,0.65,8300,1626250,17150.0,CE
2022-03-03 13:12:00,0.65,0.7,0.65,0.65,12950,1613950,17150.0,CE
2022-03-03 13:13:00,0.65,0.7,0.65,0.7,3600,1613950,17150.0,CE
2022-03-03 13:14:00,0.65,0.7,0.65,0.7,9800,1613950,17150.0,CE
2022-03-03 13:15:00,0.7,0.7,0.65,0.7,12050,1612100,17150.0,CE
2022-03-03 13:16:00,0.7,0.75,0.65,0.7,4450,1612100,17150.0,CE
2022-03-03 13:17:00,0.7,0.7,0.65,0.7,4750,1612100,17150.0,CE
2022-03-03 13:18:00,0.7,0.7,0.65,0.65,1650,1602750,17150.0,CE
2022-03-03 13:19:00,0.7,0.7,0.65,0.7,3450,1602750,17150.0,CE
2022-03-03 13:20:00,0.7,0.7,0.65,0.65,1000,1602750,17150.0,CE
2022-03-03 13:21:00,0.65,0.7,0.6,0.65,9650,1599750,17150.0,CE
2022-03-03 13:22:00,0.7,0.7,0.6,0.65,3800,1599750,17150.0,CE
2022-03-03 13:23:00,0.65,0.7,0.6,0.65,10300,1599750,17150.0,CE
2022-03-03 13:24:00,0.65,0.65,0.6,0.6,6050,1595850,17150.0,CE
2022-03-03 13:25:00,0.6,0.65,0.6,0.65,5050,1595850,17150.0,CE
2022-03-03 13:26:00,0.65,0.65,0.6,0.65,8800,1595850,17150.0,CE
2022-03-03 13:27:00,0.6,0.6,0.55,0.55,10100,1591000,17150.0,CE
2022-03-03 13:28:00,0.55,0.65,0.55,0.6,10650,1591000,17150.0,CE
2022-03-03 13:29:00,0.6,0.65,0.55,0.55,6150,1591000,17150.0,CE
2022-03-03 13:30:00,0.6,0.6,0.55,0.55,13400,1577900,17150.0,CE
2022-03-03 13:31:00,0.55,0.6,0.55,0.6,9200,1577900,17150.0,CE
2022-03-03 13:32:00,0.6,0.65,0.6,0.6,13300,1577900,17150.0,CE
2022-03-03 13:33:00,0.6,0.6,0.6,0.6,2350,1566850,17150.0,CE
2022-03-03 13:34:00,0.6,0.65,0.6,0.6,1450,1566850,17150.0,CE
2022-03-03 13:35:00,0.65,0.65,0.6,0.6,7900,1566850,17150.0,CE
2022-03-03 13:36:00,0.6,0.6,0.55,0.55,2100,1565050,17150.0,CE
2022-03-03 13:37:00,0.6,0.6,0.55,0.55,8350,1565050,17150.0,CE
2022-03-03 13:38:00,0.55,0.6,0.55,0.55,3450,1565050,17150.0,CE
2022-03-03 13:39:00,0.55,0.6,0.55,0.55,4200,1565650,17150.0,CE
2022-03-03 13:40:00,0.55,0.6,0.5,0.55,38800,1565650,17150.0,CE
2022-03-03 13:41:00,0.55,0.6,0.55,0.6,34750,1565650,17150.0,CE
2022-03-03 13:42:00,0.55,0.6,0.55,0.55,6050,1554950,17150.0,CE
2022-03-03 13:43:00,0.55,0.6,0.55,0.55,8600,1554950,17150.0,CE
2022-03-03 13:44:00,0.55,0.6,0.55,0.55,5550,1554950,17150.0,CE
2022-03-03 13:45:00,0.55,0.6,0.55,0.55,20700,1552850,17150.0,CE
2022-03-03 13:46:00,0.55,0.6,0.55,0.55,22200,1552850,17150.0,CE
2022-03-03 13:47:00,0.55,0.55,0.55,0.55,15550,1552850,17150.0,CE
2022-03-03 13:48:00,0.55,0.55,0.55,0.55,2050,1553100,17150.0,CE
2022-03-03 13:49:00,0.5,0.5,0.5,0.5,1550,1553100,17150.0,CE
2022-03-03 13:50:00,0.55,0.55,0.5,0.55,5200,1553100,17150.0,CE
2022-03-03 13:51:00,0.5,0.55,0.5,0.5,11150,1548750,17150.0,CE
2022-03-03 13:52:00,0.45,0.5,0.45,0.45,1950,1548750,17150.0,CE
2022-03-03 13:53:00,0.45,0.5,0.45,0.5,2150,1548750,17150.0,CE
2022-03-03 13:54:00,0.45,0.5,0.45,0.45,5600,1549400,17150.0,CE
2022-03-03 13:55:00,0.45,0.45,0.4,0.45,23150,1549400,17150.0,CE
2022-03-03 13:56:00,0.4,0.4,0.4,0.4,6400,1549400,17150.0,CE
2022-03-03 13:57:00,0.4,0.45,0.35,0.4,17400,1542950,17150.0,CE
2022-03-03 13:58:00,0.4,0.45,0.4,0.45,5600,1542950,17150.0,CE
2022-03-03 13:59:00,0.45,0.45,0.4,0.4,2200,1542950,17150.0,CE
2022-03-03 14:00:00,0.4,0.4,0.35,0.35,4250,1539600,17150.0,CE
2022-03-03 14:01:00,0.4,0.4,0.35,0.35,12300,1539600,17150.0,CE
2022-03-03 14:02:00,0.35,0.4,0.35,0.4,5200,1539600,17150.0,CE
2022-03-03 14:03:00,0.35,0.35,0.35,0.35,11600,1529650,17150.0,CE
2022-03-03 14:04:00,0.35,0.35,0.35,0.35,3500,1529650,17150.0,CE
2022-03-03 14:05:00,0.35,0.35,0.35,0.35,2750,1529650,17150.0,CE
2022-03-03 14:06:00,0.35,0.4,0.35,0.35,7700,1530900,17150.0,CE
2022-03-03 14:07:00,0.35,0.4,0.35,0.35,4350,1530900,17150.0,CE
2022-03-03 14:08:00,0.35,0.4,0.35,0.35,3350,1530900,17150.0,CE
2022-03-03 14:09:00,0.35,0.45,0.35,0.4,9200,1520150,17150.0,CE
2022-03-03 14:10:00,0.45,0.45,0.35,0.45,15300,1520150,17150.0,CE
2022-03-03 14:11:00,0.4,0.5,0.35,0.4,27200,1520150,17150.0,CE
2022-03-03 14:12:00,0.45,0.5,0.4,0.45,31500,1487800,17150.0,CE
2022-03-03 14:13:00,0.4,0.45,0.4,0.45,9650,1487800,17150.0,CE
2022-03-03 14:14:00,0.45,0.5,0.45,0.5,93700,1487800,17150.0,CE
2022-03-03 14:15:00,0.45,0.5,0.4,0.5,20950,1479900,17150.0,CE
2022-03-03 14:16:00,0.4,0.5,0.4,0.5,9750,1479900,17150.0,CE
2022-03-03 14:17:00,0.45,0.45,0.4,0.45,12350,1479900,17150.0,CE
2022-03-03 14:18:00,0.4,0.45,0.4,0.45,7000,1473950,17150.0,CE
2022-03-03 14:19:00,0.4,0.45,0.4,0.45,12950,1473950,17150.0,CE
2022-03-03 14:20:00,0.45,0.45,0.4,0.45,18800,1473950,17150.0,CE
2022-03-03 14:21:00,0.45,0.5,0.45,0.5,24800,1462350,17150.0,CE
2022-03-03 14:22:00,0.45,0.5,0.45,0.45,7600,1462350,17150.0,CE
2022-03-03 14:23:00,0.45,0.5,0.45,0.45,5050,1462350,17150.0,CE
2022-03-03 14:24:00,0.45,0.5,0.45,0.45,14700,1461900,17150.0,CE
2022-03-03 14:25:00,0.45,0.45,0.4,0.4,5850,1461900,17150.0,CE
2022-03-03 14:26:00,0.45,0.45,0.35,0.35,13950,1461900,17150.0,CE
2022-03-03 14:27:00,0.35,0.4,0.3,0.35,16200,1451200,17150.0,CE
2022-03-03 14:28:00,0.3,0.35,0.3,0.3,14100,1451200,17150.0,CE
2022-03-03 14:29:00,0.35,0.35,0.3,0.3,17200,1451200,17150.0,CE
2022-03-03 14:30:00,0.35,0.35,0.3,0.35,12250,1433800,17150.0,CE
2022-03-03 14:31:00,0.35,0.35,0.3,0.3,1400,1433800,17150.0,CE
2022-03-03 14:32:00,0.35,0.35,0.3,0.3,5750,1433800,17150.0,CE
2022-03-03 14:33:00,0.3,0.3,0.3,0.3,600,1430100,17150.0,CE
2022-03-03 14:34:00,0.3,0.35,0.3,0.35,2600,1430100,17150.0,CE
2022-03-03 14:35:00,0.3,0.35,0.3,0.3,8000,1430100,17150.0,CE
2022-03-03 14:36:00,0.35,0.35,0.3,0.3,1000,1427550,17150.0,CE
2022-03-03 14:37:00,0.3,0.35,0.25,0.3,30100,1427550,17150.0,CE
2022-03-03 14:38:00,0.35,0.35,0.25,0.25,11650,1427550,17150.0,CE
2022-03-03 14:39:00,0.25,0.3,0.25,0.25,3000,1417250,17150.0,CE
2022-03-03 14:40:00,0.25,0.3,0.25,0.25,6250,1417250,17150.0,CE
2022-03-03 14:41:00,0.25,0.3,0.25,0.25,9700,1417250,17150.0,CE
2022-03-03 14:42:00,0.3,0.3,0.25,0.25,3100,1410500,17150.0,CE
2022-03-03 14:43:00,0.3,0.3,0.25,0.25,5200,1410500,17150.0,CE
2022-03-03 14:44:00,0.25,0.3,0.25,0.25,13300,1410500,17150.0,CE
2022-03-03 14:45:00,0.25,0.3,0.25,0.3,15400,1400500,17150.0,CE
2022-03-03 14:46:00,0.25,0.3,0.2,0.25,6950,1400500,17150.0,CE
2022-03-03 14:47:00,0.25,0.3,0.25,0.25,25100,1400500,17150.0,CE
2022-03-03 14:48:00,0.25,0.3,0.2,0.25,49250,1395400,17150.0,CE
2022-03-03 14:49:00,0.25,0.25,0.2,0.25,9800,1395400,17150.0,CE
2022-03-03 14:50:00,0.25,0.3,0.2,0.25,9250,1395400,17150.0,CE
2022-03-03 14:51:00,0.25,0.25,0.2,0.25,2350,1387550,17150.0,CE
2022-03-03 14:52:00,0.2,0.25,0.2,0.2,1750,1387550,17150.0,CE
2022-03-03 14:53:00,0.2,0.25,0.2,0.2,5550,1387550,17150.0,CE
2022-03-03 14:54:00,0.2,0.2,0.2,0.2,3000,1391000,17150.0,CE
2022-03-03 14:55:00,0.2,0.25,0.2,0.2,6800,1391000,17150.0,CE
2022-03-03 14:56:00,0.2,0.25,0.2,0.2,17050,1391000,17150.0,CE
2022-03-03 14:57:00,0.2,0.25,0.2,0.2,4500,1381750,17150.0,CE
2022-03-03 14:58:00,0.2,0.25,0.15,0.25,15200,1381750,17150.0,CE
2022-03-03 14:59:00,0.15,0.2,0.15,0.15,8200,1381750,17150.0,CE
2022-03-03 15:00:00,0.15,0.2,0.15,0.15,4450,1376400,17150.0,CE
2022-03-03 15:01:00,0.2,0.2,0.15,0.15,3950,1376400,17150.0,CE
2022-03-03 15:02:00,0.15,0.2,0.15,0.15,9800,1376400,17150.0,CE
2022-03-03 15:03:00,0.15,0.2,0.15,0.15,4450,1360550,17150.0,CE
2022-03-03 15:04:00,0.15,0.2,0.15,0.15,10000,1360550,17150.0,CE
2022-03-03 15:05:00,0.15,0.2,0.15,0.15,2950,1360550,17150.0,CE
2022-03-03 15:06:00,0.2,0.2,0.15,0.2,11100,1348300,17150.0,CE
2022-03-03 15:07:00,0.15,0.2,0.15,0.15,8400,1348300,17150.0,CE
2022-03-03 15:08:00,0.15,0.2,0.1,0.15,23500,1348300,17150.0,CE
2022-03-03 15:09:00,0.15,0.15,0.1,0.1,5800,1343200,17150.0,CE
2022-03-03 15:10:00,0.15,0.15,0.1,0.15,7400,1343200,17150.0,CE
2022-03-03 15:11:00,0.1,0.15,0.1,0.15,15900,1343200,17150.0,CE
2022-03-03 15:12:00,0.1,0.15,0.1,0.1,22850,1339800,17150.0,CE
2022-03-03 15:13:00,0.1,0.15,0.1,0.1,20000,1339800,17150.0,CE
2022-03-03 15:14:00,0.1,0.15,0.1,0.1,20000,1339800,17150.0,CE
2022-03-03 15:15:00,0.1,0.15,0.1,0.1,8850,1314250,17150.0,CE
2022-03-03 15:16:00,0.1,0.1,0.1,0.1,5900,1314250,17150.0,CE
2022-03-03 15:17:00,0.1,0.15,0.1,0.15,23900,1314250,17150.0,CE
2022-03-03 15:18:00,0.1,0.15,0.1,0.1,4000,1305250,17150.0,CE
2022-03-03 15:19:00,0.1,0.15,0.05,0.1,75550,1305250,17150.0,CE
2022-03-03 15:20:00,0.1,0.1,0.05,0.1,12650,1305250,17150.0,CE
2022-03-03 15:21:00,0.1,0.1,0.05,0.1,58500,1307850,17150.0,CE
2022-03-03 15:22:00,0.05,0.1,0.05,0.1,7150,1307850,17150.0,CE
2022-03-03 15:23:00,0.05,0.1,0.05,0.1,21600,1307850,17150.0,CE
2022-03-03 15:24:00,0.05,0.1,0.05,0.1,9850,1289950,17150.0,CE
2022-03-03 15:25:00,0.05,0.1,0.05,0.05,9400,1289950,17150.0,CE
2022-03-03 15:26:00,0.05,0.1,0.05,0.05,37500,1289950,17150.0,CE
2022-03-03 15:27:00,0.1,0.1,0.05,0.1,21650,1260200,17150.0,CE
2022-03-03 15:28:00,0.05,0.1,0.05,0.05,13450,1260200,17150.0,CE
2022-03-03 15:29:00,0.05,0.1,0.05,0.05,102500,1260200,17150.0,CE
