timestamp,open,high,low,close,volume,oi,strike,option_type
2022-02-14 11:07:00,15.0,15.0,13.15,13.15,101,0,18350.0,CE
2022-02-14 13:16:00,13.15,13.15,13.15,13.15,50,0,18350.0,CE
2022-02-14 13:50:00,20.0,20.0,20.0,20.0,200,0,18350.0,CE
2022-02-14 13:54:00,14.0,14.0,14.0,14.0,150,250,18350.0,CE
2022-02-14 14:09:00,13.15,13.15,13.15,13.15,50,250,18350.0,CE
2022-02-14 14:14:00,13.2,13.2,13.2,13.2,50,300,18350.0,CE
2022-02-14 14:33:00,13.2,13.2,13.2,13.2,50,350,18350.0,CE
2022-02-14 14:36:00,14.15,14.15,14.15,14.15,150,400,18350.0,CE
2022-02-14 15:06:00,13.2,13.2,13.2,13.2,100,550,18350.0,CE
2022-02-14 15:07:00,13.2,13.2,13.2,13.2,50,650,18350.0,CE
2022-02-15 09:36:00,13.05,13.05,13.05,13.05,51,700,18350.0,CE
2022-02-15 09:44:00,12.6,12.6,12.6,12.6,50,700,18350.0,CE
2022-02-15 10:05:00,12.6,12.6,12.6,12.6,50,750,18350.0,CE
2022-02-15 10:53:00,12.6,12.6,12.6,12.6,50,800,18350.0,CE
2022-02-15 10:57:00,16.4,16.4,16.4,16.4,50,850,18350.0,CE
2022-02-15 11:00:00,11.05,11.05,11.05,11.05,50,800,18350.0,CE
2022-02-15 11:50:00,14.3,14.3,14.3,14.3,50,800,18350.0,CE
2022-02-15 11:57:00,14.7,14.7,14.7,14.7,50,800,18350.0,CE
2022-02-15 11:58:00,14.75,14.75,14.75,14.75,50,800,18350.0,CE
2022-02-15 12:01:00,9.2,9.2,9.2,9.2,200,750,18350.0,CE
2022-02-15 12:02:00,16.0,16.0,15.95,15.95,150,750,18350.0,CE
2022-02-15 12:03:00,15.85,15.85,15.75,15.75,100,800,18350.0,CE
2022-02-15 12:20:00,15.65,15.65,15.65,15.65,50,900,18350.0,CE
2022-02-15 12:54:00,16.45,16.45,16.45,16.45,550,850,18350.0,CE
2022-02-15 12:56:00,16.75,16.75,16.75,16.75,50,850,18350.0,CE
2022-02-15 12:58:00,16.75,16.75,16.75,16.75,50,1350,18350.0,CE
2022-02-15 12:59:00,16.0,16.0,16.0,16.0,400,1350,18350.0,CE
2022-02-15 13:00:00,16.5,16.5,16.5,16.5,50,1350,18350.0,CE
2022-02-15 13:06:00,16.5,16.5,16.5,16.5,100,900,18350.0,CE
2022-02-15 13:10:00,15.3,15.3,15.3,15.3,50,800,18350.0,CE
2022-02-15 13:17:00,19.0,19.0,19.0,19.0,400,750,18350.0,CE
2022-02-15 13:18:00,15.9,15.9,15.85,15.85,100,750,18350.0,CE
2022-02-15 13:23:00,14.6,14.6,14.6,14.6,50,850,18350.0,CE
2022-02-15 13:26:00,14.55,14.55,14.55,14.55,50,850,18350.0,CE
2022-02-15 13:47:00,18.75,18.75,18.75,18.75,50,900,18350.0,CE
2022-02-15 13:51:00,19.6,19.6,19.6,19.6,50,950,18350.0,CE
2022-02-15 13:52:00,19.6,19.6,19.6,19.6,50,950,18350.0,CE
2022-02-15 14:01:00,21.9,21.9,21.9,21.9,50,950,18350.0,CE
2022-02-15 14:11:00,32.25,32.25,32.25,32.25,250,900,18350.0,CE
2022-02-15 14:19:00,32.25,32.25,32.25,32.25,150,900,18350.0,CE
2022-02-15 14:21:00,25.2,25.2,25.15,25.15,100,900,18350.0,CE
2022-02-15 14:26:00,23.35,23.35,23.35,23.35,50,1150,18350.0,CE
2022-02-15 14:40:00,29.8,29.8,29.8,29.8,100,1150,18350.0,CE
2022-02-15 14:57:00,22.5,22.5,22.5,22.5,100,1100,18350.0,CE
2022-02-15 14:59:00,27.65,27.65,27.65,27.65,100,1100,18350.0,CE
2022-02-15 15:09:00,29.05,29.05,29.05,29.05,50,1200,18350.0,CE
2022-02-15 15:10:00,27.4,27.4,27.4,27.4,150,1200,18350.0,CE
2022-02-15 15:13:00,27.55,27.55,27.55,27.55,50,1200,18350.0,CE
2022-02-15 15:15:00,29.4,29.4,29.4,29.4,50,1200,18350.0,CE
2022-02-15 15:17:00,24.35,24.35,24.35,24.35,250,1200,18350.0,CE
2022-02-15 15:28:00,24.4,24.4,24.4,24.4,50,1200,18350.0,CE
2022-02-16 09:15:00,37.65,37.65,37.65,37.65,51,1250,18350.0,CE
2022-02-16 09:17:00,34.8,34.8,29.6,29.6,550,1250,18350.0,CE
2022-02-16 09:19:00,25.0,25.0,24.55,24.55,150,1550,18350.0,CE
2022-02-16 09:20:00,24.55,24.7,24.55,24.7,100,1550,18350.0,CE
2022-02-16 09:40:00,29.3,29.3,29.3,29.3,250,1600,18350.0,CE
2022-02-16 10:01:00,27.55,27.55,27.55,27.55,100,1800,18350.0,CE
2022-02-16 10:06:00,24.15,24.15,24.15,24.15,50,1900,18350.0,CE
2022-02-16 10:19:00,24.15,24.15,24.0,24.0,200,1950,18350.0,CE
2022-02-16 10:24:00,24.0,24.0,24.0,24.0,50,2000,18350.0,CE
2022-02-16 10:28:00,24.65,24.65,24.65,24.65,50,2000,18350.0,CE
2022-02-16 11:10:00,21.5,21.5,21.5,21.5,50,2000,18350.0,CE
2022-02-16 11:13:00,21.15,21.15,21.15,21.15,200,2050,18350.0,CE
2022-02-16 12:05:00,20.4,20.4,20.4,20.4,50,2050,18350.0,CE
2022-02-16 12:10:00,20.4,20.95,20.4,20.95,100,2050,18350.0,CE
2022-02-16 12:16:00,22.2,22.45,22.15,22.45,400,2050,18350.0,CE
2022-02-16 12:19:00,22.75,22.75,22.75,22.75,150,2050,18350.0,CE
2022-02-16 12:27:00,23.55,23.55,23.55,23.55,100,2150,18350.0,CE
2022-02-16 13:14:00,24.6,24.6,24.6,24.6,50,2150,18350.0,CE
2022-02-16 13:45:00,27.6,27.6,27.6,27.6,50,2100,18350.0,CE
2022-02-16 13:55:00,27.6,27.6,27.6,27.6,50,2150,18350.0,CE
2022-02-16 14:02:00,28.45,28.45,28.45,28.45,50,2200,18350.0,CE
2022-02-16 14:12:00,25.8,25.8,25.8,25.8,100,2200,18350.0,CE
2022-02-16 14:18:00,25.65,25.65,25.65,25.65,50,2200,18350.0,CE
2022-02-16 14:27:00,25.55,25.55,25.55,25.55,50,2200,18350.0,CE
2022-02-16 14:28:00,25.6,25.6,25.6,25.6,50,2200,18350.0,CE
2022-02-16 14:31:00,25.6,25.6,25.6,25.6,50,2150,18350.0,CE
2022-02-16 14:45:00,22.65,22.65,22.65,22.65,50,2100,18350.0,CE
2022-02-16 15:15:00,20.0,20.0,20.0,20.0,50,2100,18350.0,CE
2022-02-16 15:16:00,20.0,20.0,20.0,20.0,50,2150,18350.0,CE
2022-02-16 15:17:00,20.0,20.0,20.0,20.0,150,2150,18350.0,CE
2022-02-16 15:19:00,20.0,20.0,20.0,20.0,50,2300,18350.0,CE
2022-02-16 15:22:00,20.0,20.0,20.0,20.0,50,2350,18350.0,CE
2022-02-16 15:25:00,20.0,20.0,20.0,20.0,50,2350,18350.0,CE
2022-02-17 09:16:00,19.05,19.05,19.05,19.05,101,2450,18350.0,CE
2022-02-17 09:17:00,18.55,18.55,18.55,18.55,50,2450,18350.0,CE
2022-02-17 09:18:00,17.05,17.05,17.05,17.05,250,2600,18350.0,CE
2022-02-17 09:21:00,19.75,19.75,19.75,19.75,250,2450,18350.0,CE
2022-02-17 09:26:00,17.0,17.0,17.0,17.0,100,2450,18350.0,CE
2022-02-17 09:33:00,17.0,17.0,17.0,17.0,50,2450,18350.0,CE
2022-02-17 09:35:00,17.65,17.65,17.65,17.65,300,2550,18350.0,CE
2022-02-17 09:40:00,16.1,16.1,16.1,16.1,50,2850,18350.0,CE
2022-02-17 10:02:00,16.1,19.8,16.1,19.8,100,2800,18350.0,CE
2022-02-17 10:03:00,19.8,19.8,19.8,19.8,50,2800,18350.0,CE
2022-02-17 10:14:00,19.7,19.7,19.7,19.7,50,2950,18350.0,CE
2022-02-17 10:37:00,17.15,17.15,17.15,17.15,50,3000,18350.0,CE
2022-02-17 11:09:00,19.0,19.0,19.0,19.0,50,3000,18350.0,CE
2022-02-17 11:24:00,19.65,19.65,19.65,19.65,50,2950,18350.0,CE
2022-02-17 11:25:00,19.05,19.05,19.05,19.05,50,2950,18350.0,CE
2022-02-17 11:56:00,17.75,17.75,17.75,17.75,100,3000,18350.0,CE
2022-02-17 11:58:00,17.9,17.9,17.9,17.9,50,3000,18350.0,CE
2022-02-17 12:20:00,18.6,18.6,18.6,18.6,50,3000,18350.0,CE
2022-02-17 12:21:00,18.15,18.15,18.15,18.15,150,3000,18350.0,CE
2022-02-17 12:22:00,18.1,18.1,17.9,17.9,700,3050,18350.0,CE
2022-02-17 12:33:00,19.0,19.0,19.0,19.0,350,3500,18350.0,CE
2022-02-17 12:42:00,18.15,18.15,18.15,18.15,50,3850,18350.0,CE
2022-02-17 12:44:00,18.2,18.2,18.2,18.2,100,3850,18350.0,CE
2022-02-17 12:47:00,18.2,18.2,18.15,18.15,200,3850,18350.0,CE
2022-02-17 13:15:00,16.95,16.95,16.95,16.95,50,4000,18350.0,CE
2022-02-17 13:25:00,16.6,16.6,16.6,16.6,100,3950,18350.0,CE
2022-02-17 13:57:00,16.1,16.1,16.1,16.1,100,3950,18350.0,CE
2022-02-17 14:11:00,17.4,17.4,17.4,17.4,250,4000,18350.0,CE
2022-02-17 14:32:00,13.6,13.6,13.6,13.6,500,4050,18350.0,CE
2022-02-17 14:36:00,13.6,13.6,13.6,13.6,50,4300,18350.0,CE
2022-02-17 14:45:00,13.95,13.95,13.95,13.95,50,4300,18350.0,CE
2022-02-17 14:47:00,13.7,13.7,13.65,13.65,200,4300,18350.0,CE
2022-02-17 14:48:00,13.65,13.65,13.65,13.65,50,4300,18350.0,CE
2022-02-17 14:53:00,14.05,14.05,14.05,14.05,50,4300,18350.0,CE
2022-02-17 14:57:00,13.7,13.7,13.7,13.7,50,4300,18350.0,CE
2022-02-17 15:00:00,14.2,14.2,14.2,14.2,50,4300,18350.0,CE
2022-02-17 15:01:00,15.7,15.7,15.7,15.7,300,4300,18350.0,CE
2022-02-17 15:02:00,14.15,14.15,13.4,13.4,150,4300,18350.0,CE
2022-02-17 15:04:00,13.4,13.4,13.4,13.4,250,4300,18350.0,CE
2022-02-17 15:06:00,13.75,13.75,13.75,13.75,50,4300,18350.0,CE
2022-02-17 15:08:00,13.4,13.4,13.4,13.4,100,4350,18350.0,CE
2022-02-17 15:11:00,12.6,12.6,12.6,12.6,250,4350,18350.0,CE
2022-02-17 15:13:00,13.2,13.2,12.7,12.7,300,4350,18350.0,CE
2022-02-17 15:14:00,12.8,12.8,12.3,12.3,1000,4350,18350.0,CE
2022-02-17 15:17:00,11.85,11.85,11.85,11.85,50,4350,18350.0,CE
2022-02-17 15:18:00,11.8,11.8,11.8,11.8,250,4350,18350.0,CE
2022-02-17 15:19:00,11.65,11.65,11.65,11.65,100,4400,18350.0,CE
2022-02-17 15:23:00,11.65,11.65,11.65,11.65,50,4400,18350.0,CE
2022-02-17 15:25:00,12.6,12.6,12.6,12.6,50,4400,18350.0,CE
2022-02-17 15:26:00,13.5,13.5,13.5,13.5,50,4450,18350.0,CE
2022-02-17 15:27:00,12.05,12.05,12.05,12.05,50,4450,18350.0,CE
2022-02-17 15:29:00,12.05,12.05,12.05,12.05,200,4450,18350.0,CE
2022-02-18 09:16:00,14.05,14.15,14.05,14.15,151,5650,18350.0,CE
2022-02-18 09:18:00,12.95,15.2,12.95,15.2,950,5750,18350.0,CE
2022-02-18 09:19:00,15.1,15.1,14.55,14.55,750,5750,18350.0,CE
2022-02-18 09:20:00,14.0,14.15,13.9,14.15,450,5550,18350.0,CE
2022-02-18 09:21:00,14.3,14.55,14.1,14.15,1500,5550,18350.0,CE
2022-02-18 09:22:00,14.0,14.5,14.0,14.45,1500,5550,18350.0,CE
2022-02-18 09:23:00,14.4,14.6,14.25,14.25,450,5550,18350.0,CE
2022-02-18 09:24:00,14.05,14.05,14.05,14.05,200,5550,18350.0,CE
2022-02-18 09:25:00,14.0,14.05,13.5,13.5,350,5550,18350.0,CE
2022-02-18 09:26:00,14.1,14.1,13.95,13.95,200,5550,18350.0,CE
2022-02-18 09:27:00,13.9,13.9,13.9,13.9,50,6250,18350.0,CE
2022-02-18 09:28:00,13.85,13.95,13.7,13.7,350,6250,18350.0,CE
2022-02-18 09:29:00,14.15,14.15,14.15,14.15,50,6150,18350.0,CE
2022-02-18 09:30:00,14.2,14.2,14.2,14.2,50,6150,18350.0,CE
2022-02-18 09:31:00,15.0,15.0,15.0,15.0,50,6150,18350.0,CE
2022-02-18 09:33:00,15.6,15.85,15.6,15.85,300,6200,18350.0,CE
2022-02-18 09:34:00,15.95,15.95,15.45,15.45,250,6200,18350.0,CE
2022-02-18 09:35:00,15.8,15.8,15.0,15.0,100,6150,18350.0,CE
2022-02-18 09:36:00,14.65,14.8,14.65,14.8,100,6150,18350.0,CE
2022-02-18 09:37:00,14.4,14.4,14.15,14.15,300,6150,18350.0,CE
2022-02-18 09:38:00,14.15,14.6,14.15,14.3,200,6350,18350.0,CE
2022-02-18 09:39:00,14.45,14.5,14.45,14.45,400,6350,18350.0,CE
2022-02-18 09:40:00,14.55,14.55,14.55,14.55,200,6350,18350.0,CE
2022-02-18 09:41:00,14.05,14.55,14.05,14.55,150,6350,18350.0,CE
2022-02-18 09:42:00,14.75,14.75,14.75,14.75,50,6400,18350.0,CE
2022-02-18 09:43:00,14.4,14.4,14.4,14.4,550,6400,18350.0,CE
2022-02-18 09:44:00,14.4,14.4,14.1,14.1,250,6800,18350.0,CE
2022-02-18 09:45:00,13.85,13.85,13.85,13.85,50,6800,18350.0,CE
2022-02-18 09:46:00,13.9,13.9,13.9,13.9,100,6800,18350.0,CE
2022-02-18 09:47:00,14.0,14.1,13.9,14.1,450,6500,18350.0,CE
2022-02-18 09:48:00,14.2,14.2,14.2,14.2,50,6500,18350.0,CE
2022-02-18 09:50:00,15.0,15.0,15.0,15.0,50,6500,18350.0,CE
2022-02-18 09:51:00,14.1,14.3,14.1,14.3,100,6400,18350.0,CE
2022-02-18 09:53:00,13.95,13.95,13.95,13.95,50,6400,18350.0,CE
2022-02-18 09:55:00,14.2,14.2,13.85,13.95,800,6400,18350.0,CE
2022-02-18 09:57:00,14.4,14.65,14.4,14.45,700,6600,18350.0,CE
2022-02-18 09:58:00,14.35,14.35,14.35,14.35,50,6600,18350.0,CE
2022-02-18 09:59:00,14.55,14.55,14.55,14.55,50,6600,18350.0,CE
2022-02-18 10:00:00,14.75,14.75,14.75,14.75,50,6650,18350.0,CE
2022-02-18 10:01:00,14.95,15.0,14.9,15.0,150,6650,18350.0,CE
2022-02-18 10:02:00,14.9,14.9,14.9,14.9,50,6600,18350.0,CE
2022-02-18 10:04:00,15.05,15.05,15.05,15.05,50,6600,18350.0,CE
2022-02-18 10:05:00,15.3,15.4,15.3,15.4,100,6550,18350.0,CE
2022-02-18 10:06:00,15.0,15.0,14.9,14.9,150,6550,18350.0,CE
2022-02-18 10:07:00,14.9,14.9,14.9,14.9,150,6550,18350.0,CE
2022-02-18 10:08:00,14.3,14.5,14.3,14.5,100,6550,18350.0,CE
2022-02-18 10:09:00,14.5,14.75,14.5,14.75,150,6450,18350.0,CE
2022-02-18 10:10:00,15.05,15.05,15.05,15.05,50,6450,18350.0,CE
2022-02-18 10:11:00,15.0,15.3,15.0,15.2,600,6400,18350.0,CE
2022-02-18 10:12:00,14.9,15.0,14.9,15.0,100,6400,18350.0,CE
2022-02-18 10:13:00,14.65,14.65,14.65,14.65,50,6400,18350.0,CE
2022-02-18 10:15:00,14.8,14.8,14.8,14.8,50,6900,18350.0,CE
2022-02-18 10:16:00,14.2,14.2,14.2,14.2,50,6900,18350.0,CE
2022-02-18 10:17:00,14.7,14.8,14.7,14.8,150,6900,18350.0,CE
2022-02-18 10:18:00,14.95,14.95,14.95,14.95,100,7000,18350.0,CE
2022-02-18 10:19:00,14.6,14.6,14.6,14.6,50,7000,18350.0,CE
2022-02-18 10:20:00,14.6,15.0,14.6,15.0,1500,7050,18350.0,CE
2022-02-18 10:21:00,14.6,14.6,14.55,14.55,100,7050,18350.0,CE
2022-02-18 10:23:00,14.85,14.85,14.85,14.85,50,7050,18350.0,CE
2022-02-18 10:24:00,14.85,14.85,14.85,14.85,50,8400,18350.0,CE
2022-02-18 10:26:00,14.7,14.7,14.7,14.7,50,8400,18350.0,CE
2022-02-18 10:27:00,14.6,14.6,14.6,14.6,50,8450,18350.0,CE
2022-02-18 10:30:00,14.6,14.6,14.6,14.6,50,8400,18350.0,CE
2022-02-18 10:32:00,14.45,14.45,14.45,14.45,50,8450,18350.0,CE
2022-02-18 10:40:00,14.45,14.45,14.45,14.45,50,8400,18350.0,CE
2022-02-18 10:43:00,14.3,14.3,14.25,14.25,100,8450,18350.0,CE
2022-02-18 10:45:00,14.0,14.0,13.7,13.7,150,8500,18350.0,CE
2022-02-18 10:47:00,14.2,14.2,14.2,14.2,50,8500,18350.0,CE
2022-02-18 10:51:00,13.9,13.9,13.85,13.85,100,8500,18350.0,CE
2022-02-18 10:52:00,13.55,13.55,13.55,13.55,200,8500,18350.0,CE
2022-02-18 10:54:00,13.5,13.5,13.5,13.5,50,8500,18350.0,CE
2022-02-18 10:56:00,13.75,14.05,13.75,14.05,100,8650,18350.0,CE
2022-02-18 10:57:00,14.1,14.1,14.1,14.1,50,8650,18350.0,CE
2022-02-18 11:00:00,14.25,14.25,14.25,14.25,50,8650,18350.0,CE
2022-02-18 11:01:00,14.6,14.6,14.55,14.55,100,8650,18350.0,CE
2022-02-18 11:02:00,14.5,14.5,14.5,14.5,50,8500,18350.0,CE
2022-02-18 11:04:00,14.45,14.45,14.45,14.45,100,8500,18350.0,CE
2022-02-18 11:06:00,14.75,14.75,14.75,14.75,50,8550,18350.0,CE
2022-02-18 11:07:00,14.55,14.55,14.55,14.55,100,8550,18350.0,CE
2022-02-18 11:08:00,14.6,14.6,14.6,14.6,150,8550,18350.0,CE
2022-02-18 11:09:00,14.45,14.55,14.45,14.55,150,8550,18350.0,CE
2022-02-18 11:10:00,14.2,14.2,14.2,14.2,50,8550,18350.0,CE
2022-02-18 11:11:00,14.3,14.35,14.3,14.35,100,8550,18350.0,CE
2022-02-18 11:12:00,14.65,14.65,14.65,14.65,100,8500,18350.0,CE
2022-02-18 11:13:00,14.85,14.85,14.85,14.85,50,8500,18350.0,CE
2022-02-18 11:14:00,14.95,14.95,14.65,14.65,150,8500,18350.0,CE
2022-02-18 11:15:00,14.95,14.95,14.95,14.95,100,8450,18350.0,CE
2022-02-18 11:16:00,14.6,14.65,14.6,14.65,100,8450,18350.0,CE
2022-02-18 11:17:00,14.65,14.65,14.6,14.6,200,8450,18350.0,CE
2022-02-18 11:18:00,14.8,14.8,14.8,14.8,100,8600,18350.0,CE
2022-02-18 11:20:00,14.6,14.7,14.6,14.7,300,8600,18350.0,CE
2022-02-18 11:21:00,15.0,15.0,15.0,15.0,150,8600,18350.0,CE
2022-02-18 11:22:00,15.2,15.25,15.0,15.1,650,8600,18350.0,CE
2022-02-18 11:25:00,14.4,14.4,14.35,14.35,200,9150,18350.0,CE
2022-02-18 11:26:00,14.3,14.3,14.3,14.3,50,9150,18350.0,CE
2022-02-18 11:29:00,14.1,14.1,14.1,14.1,100,8700,18350.0,CE
2022-02-18 11:30:00,14.7,14.7,14.5,14.5,100,8750,18350.0,CE
2022-02-18 11:31:00,14.45,14.45,14.45,14.45,50,8750,18350.0,CE
2022-02-18 11:32:00,14.45,14.45,14.45,14.45,50,8750,18350.0,CE
2022-02-18 11:35:00,14.3,14.5,14.3,14.5,100,8600,18350.0,CE
2022-02-18 11:36:00,14.35,14.35,14.35,14.35,50,8550,18350.0,CE
2022-02-18 11:37:00,14.35,14.35,14.35,14.35,50,8550,18350.0,CE
2022-02-18 11:38:00,14.5,14.5,14.45,14.45,100,8550,18350.0,CE
2022-02-18 11:39:00,14.4,14.4,14.4,14.4,50,8650,18350.0,CE
2022-02-18 11:40:00,14.15,14.15,14.15,14.15,50,8650,18350.0,CE
2022-02-18 11:41:00,14.15,14.15,13.9,13.9,200,8650,18350.0,CE
2022-02-18 11:42:00,13.9,13.95,13.8,13.8,150,8650,18350.0,CE
2022-02-18 11:44:00,14.2,14.3,14.15,14.25,200,8650,18350.0,CE
2022-02-18 11:45:00,14.35,14.35,14.35,14.35,100,8750,18350.0,CE
2022-02-18 11:46:00,14.3,14.3,14.3,14.3,100,8750,18350.0,CE
2022-02-18 11:47:00,14.35,14.35,14.3,14.3,300,8750,18350.0,CE
2022-02-18 11:48:00,14.55,14.55,14.35,14.35,150,9000,18350.0,CE
2022-02-18 11:50:00,14.45,14.45,14.45,14.45,50,9000,18350.0,CE
2022-02-18 11:51:00,14.65,14.65,14.5,14.5,100,9000,18350.0,CE
2022-02-18 11:53:00,14.2,14.2,14.2,14.2,50,9000,18350.0,CE
2022-02-18 11:54:00,14.1,14.1,14.1,14.1,100,9100,18350.0,CE
2022-02-18 11:56:00,14.2,14.2,14.2,14.2,50,9100,18350.0,CE
2022-02-18 11:57:00,14.05,14.05,14.05,14.05,50,9100,18350.0,CE
2022-02-18 11:58:00,13.8,13.8,13.8,13.8,100,9100,18350.0,CE
2022-02-18 11:59:00,13.7,13.7,13.7,13.7,100,9100,18350.0,CE
2022-02-18 12:00:00,13.65,14.25,13.65,14.2,1100,9050,18350.0,CE
2022-02-18 12:01:00,14.25,14.25,14.25,14.25,50,9050,18350.0,CE
2022-02-18 12:02:00,13.8,13.8,13.8,13.8,50,9050,18350.0,CE
2022-02-18 12:04:00,14.0,14.0,13.7,13.7,300,8800,18350.0,CE
2022-02-18 12:05:00,13.8,13.8,13.75,13.75,100,8800,18350.0,CE
2022-02-18 12:06:00,13.65,13.65,13.6,13.6,200,8800,18350.0,CE
2022-02-18 12:08:00,13.6,13.7,13.6,13.7,150,8800,18350.0,CE
2022-02-18 12:09:00,13.6,13.65,13.6,13.65,100,8700,18350.0,CE
2022-02-18 12:10:00,13.7,13.8,13.7,13.7,450,8700,18350.0,CE
2022-02-18 12:11:00,13.95,13.95,13.85,13.85,150,8700,18350.0,CE
2022-02-18 12:12:00,14.15,14.15,13.95,13.95,150,8750,18350.0,CE
2022-02-18 12:14:00,13.9,13.9,13.9,13.9,50,8750,18350.0,CE
2022-02-18 12:15:00,13.9,13.9,13.5,13.5,200,8850,18350.0,CE
2022-02-18 12:16:00,13.9,13.9,13.9,13.9,50,8850,18350.0,CE
2022-02-18 12:17:00,13.95,13.95,13.75,13.75,550,8850,18350.0,CE
2022-02-18 12:18:00,13.8,13.8,13.8,13.8,50,8850,18350.0,CE
2022-02-18 12:19:00,13.9,13.9,13.8,13.8,150,8850,18350.0,CE
2022-02-18 12:20:00,13.7,13.7,13.7,13.7,50,8850,18350.0,CE
2022-02-18 12:21:00,13.45,13.45,13.3,13.45,200,8900,18350.0,CE
2022-02-18 12:22:00,13.35,13.35,13.2,13.35,250,8900,18350.0,CE
2022-02-18 12:24:00,13.3,13.3,13.3,13.3,100,9000,18350.0,CE
2022-02-18 12:25:00,13.4,13.4,13.4,13.4,50,9000,18350.0,CE
2022-02-18 12:26:00,13.4,13.4,13.2,13.2,200,9000,18350.0,CE
2022-02-18 12:27:00,13.1,13.1,13.1,13.1,50,9000,18350.0,CE
2022-02-18 12:28:00,13.25,13.25,13.25,13.25,100,9000,18350.0,CE
2022-02-18 12:29:00,13.0,13.2,13.0,13.15,300,9000,18350.0,CE
2022-02-18 12:30:00,12.9,12.9,12.9,12.9,100,9200,18350.0,CE
2022-02-18 12:31:00,12.9,13.05,12.9,13.05,250,9200,18350.0,CE
2022-02-18 12:32:00,13.05,13.05,13.05,13.05,50,9200,18350.0,CE
2022-02-18 12:33:00,12.85,12.85,12.85,12.85,50,9300,18350.0,CE
2022-02-18 12:34:00,12.85,12.85,12.85,12.85,250,9300,18350.0,CE
2022-02-18 12:37:00,12.95,12.95,12.95,12.95,50,9400,18350.0,CE
2022-02-18 12:38:00,13.0,13.0,13.0,13.0,100,9400,18350.0,CE
2022-02-18 12:39:00,12.85,12.85,12.85,12.85,50,9450,18350.0,CE
2022-02-18 12:40:00,12.95,13.25,12.95,13.25,800,9450,18350.0,CE
2022-02-18 12:41:00,13.35,13.4,13.35,13.4,100,9450,18350.0,CE
2022-02-18 12:42:00,13.25,13.25,13.15,13.15,250,9400,18350.0,CE
2022-02-18 12:43:00,13.3,13.35,13.3,13.35,200,9400,18350.0,CE
2022-02-18 12:44:00,13.45,13.7,13.45,13.7,250,9400,18350.0,CE
2022-02-18 12:45:00,13.65,13.85,13.65,13.85,200,9300,18350.0,CE
2022-02-18 12:46:00,13.9,13.9,13.75,13.75,1100,9300,18350.0,CE
2022-02-18 12:47:00,13.7,13.75,13.7,13.75,200,9300,18350.0,CE
2022-02-18 12:48:00,13.6,13.6,13.6,13.6,50,10350,18350.0,CE
2022-02-18 12:49:00,13.75,13.95,13.75,13.95,150,10350,18350.0,CE
2022-02-18 12:50:00,14.15,14.15,14.0,14.0,100,10350,18350.0,CE
2022-02-18 12:51:00,13.75,13.75,13.6,13.65,150,10300,18350.0,CE
2022-02-18 12:52:00,13.65,13.7,13.65,13.65,200,10300,18350.0,CE
2022-02-18 12:53:00,13.35,13.6,13.35,13.6,150,10300,18350.0,CE
2022-02-18 12:54:00,13.5,13.5,13.5,13.5,100,10300,18350.0,CE
2022-02-18 12:55:00,13.15,13.2,13.15,13.2,150,10350,18350.0,CE
2022-02-18 12:56:00,13.6,13.6,13.45,13.45,900,10350,18350.0,CE
2022-02-18 12:57:00,13.8,13.8,13.65,13.75,250,9600,18350.0,CE
2022-02-18 12:58:00,13.9,14.05,13.9,13.9,250,9600,18350.0,CE
2022-02-18 12:59:00,13.9,13.9,13.9,13.9,50,9600,18350.0,CE
2022-02-18 13:00:00,13.9,13.9,13.9,13.9,50,9600,18350.0,CE
2022-02-18 13:01:00,13.95,13.95,13.95,13.95,100,9650,18350.0,CE
2022-02-18 13:03:00,13.55,13.55,13.3,13.4,200,9700,18350.0,CE
2022-02-18 13:04:00,13.4,13.4,13.4,13.4,50,9700,18350.0,CE
2022-02-18 13:07:00,13.85,13.85,13.85,13.85,250,9700,18350.0,CE
2022-02-18 13:10:00,13.6,13.7,13.6,13.7,150,9700,18350.0,CE
2022-02-18 13:11:00,13.7,13.7,13.7,13.7,150,9700,18350.0,CE
2022-02-18 13:12:00,13.55,13.55,13.4,13.4,100,9800,18350.0,CE
2022-02-18 13:13:00,13.4,13.45,13.4,13.45,100,9800,18350.0,CE
2022-02-18 13:15:00,13.3,13.45,13.3,13.45,250,9800,18350.0,CE
2022-02-18 13:17:00,13.8,13.8,13.8,13.8,100,9800,18350.0,CE
2022-02-18 13:18:00,13.8,13.8,13.8,13.8,50,9650,18350.0,CE
2022-02-18 13:19:00,13.9,13.9,13.9,13.9,50,9650,18350.0,CE
2022-02-18 13:20:00,13.95,13.95,13.95,13.95,50,9650,18350.0,CE
2022-02-18 13:22:00,13.8,13.8,13.7,13.7,100,9650,18350.0,CE
2022-02-18 13:23:00,13.8,13.8,13.55,13.55,200,9650,18350.0,CE
2022-02-18 13:24:00,13.45,13.55,13.45,13.45,150,9850,18350.0,CE
2022-02-18 13:25:00,13.15,13.4,13.15,13.4,150,9850,18350.0,CE
2022-02-18 13:27:00,13.15,13.15,13.15,13.15,50,9650,18350.0,CE
2022-02-18 13:28:00,13.25,13.45,13.25,13.45,150,9650,18350.0,CE
2022-02-18 13:29:00,13.3,13.4,13.3,13.4,250,9650,18350.0,CE
2022-02-18 13:30:00,13.65,13.65,13.6,13.6,100,9700,18350.0,CE
2022-02-18 13:31:00,13.4,13.4,12.95,13.25,500,9700,18350.0,CE
2022-02-18 13:32:00,13.55,13.75,13.55,13.75,250,9700,18350.0,CE
2022-02-18 13:34:00,13.45,13.45,13.4,13.4,100,9550,18350.0,CE
2022-02-18 13:35:00,13.15,13.15,13.15,13.15,200,9550,18350.0,CE
2022-02-18 13:36:00,13.2,13.2,12.8,12.8,300,9550,18350.0,CE
2022-02-18 13:37:00,12.8,12.8,12.8,12.8,150,9550,18350.0,CE
2022-02-18 13:38:00,12.8,12.8,12.8,12.8,100,9550,18350.0,CE
2022-02-18 13:39:00,12.7,12.7,12.7,12.7,50,9550,18350.0,CE
2022-02-18 13:40:00,12.7,12.7,12.6,12.6,150,9500,18350.0,CE
2022-02-18 13:41:00,12.6,12.75,12.55,12.55,300,9500,18350.0,CE
2022-02-18 13:42:00,12.4,12.4,12.4,12.4,250,9450,18350.0,CE
2022-02-18 13:43:00,12.85,12.85,12.85,12.85,150,9450,18350.0,CE
2022-02-18 13:44:00,12.65,12.65,12.65,12.65,50,9450,18350.0,CE
2022-02-18 13:47:00,12.45,12.45,12.45,12.45,100,9600,18350.0,CE
2022-02-18 13:49:00,12.6,12.6,12.6,12.6,50,9450,18350.0,CE
2022-02-18 13:50:00,12.5,12.5,12.5,12.5,100,9450,18350.0,CE
2022-02-18 13:52:00,12.45,12.5,12.45,12.5,100,9450,18350.0,CE
2022-02-18 13:54:00,12.4,12.55,12.4,12.55,150,9250,18350.0,CE
2022-02-18 13:55:00,12.6,12.6,12.6,12.6,50,9250,18350.0,CE
2022-02-18 13:56:00,12.7,12.7,12.7,12.7,100,9250,18350.0,CE
2022-02-18 13:57:00,12.6,12.6,12.55,12.6,150,9250,18350.0,CE
2022-02-18 13:58:00,12.8,12.8,12.75,12.75,150,9250,18350.0,CE
2022-02-18 13:59:00,12.8,12.8,12.8,12.8,50,9250,18350.0,CE
2022-02-18 14:00:00,12.75,12.75,12.75,12.75,150,9250,18350.0,CE
2022-02-18 14:01:00,12.6,12.6,12.6,12.6,50,9250,18350.0,CE
2022-02-18 14:02:00,12.45,12.45,12.45,12.45,50,9250,18350.0,CE
2022-02-18 14:03:00,12.6,12.6,12.6,12.6,100,9250,18350.0,CE
2022-02-18 14:04:00,12.4,12.4,12.0,12.0,250,9250,18350.0,CE
2022-02-18 14:05:00,12.0,12.0,11.85,11.85,150,9250,18350.0,CE
2022-02-18 14:06:00,11.85,12.2,11.85,12.2,300,9250,18350.0,CE
2022-02-18 14:07:00,12.1,12.1,12.05,12.1,200,9250,18350.0,CE
2022-02-18 14:08:00,12.0,12.0,12.0,12.0,50,9250,18350.0,CE
2022-02-18 14:09:00,11.95,11.95,11.95,11.95,50,9250,18350.0,CE
2022-02-18 14:10:00,11.9,11.9,11.85,11.85,150,9350,18350.0,CE
2022-02-18 14:11:00,11.9,11.9,11.65,11.65,200,9350,18350.0,CE
2022-02-18 14:13:00,11.85,11.85,11.8,11.8,200,9450,18350.0,CE
2022-02-18 14:14:00,11.75,11.75,11.2,11.2,650,9450,18350.0,CE
2022-02-18 14:15:00,11.2,11.2,11.2,11.2,250,9450,18350.0,CE
2022-02-18 14:16:00,11.65,11.65,11.2,11.2,200,9500,18350.0,CE
2022-02-18 14:17:00,11.3,11.3,11.3,11.3,100,9500,18350.0,CE
2022-02-18 14:18:00,11.6,11.6,11.4,11.4,100,9550,18350.0,CE
2022-02-18 14:19:00,11.1,11.1,10.75,10.75,450,9550,18350.0,CE
2022-02-18 14:20:00,10.75,11.0,10.65,10.95,650,9550,18350.0,CE
2022-02-18 14:21:00,11.05,11.05,10.45,10.75,450,9300,18350.0,CE
2022-02-18 14:22:00,10.75,10.95,10.75,10.95,200,9300,18350.0,CE
2022-02-18 14:23:00,10.95,10.95,10.95,10.95,50,9300,18350.0,CE
2022-02-18 14:24:00,10.75,10.75,10.75,10.75,100,8850,18350.0,CE
2022-02-18 14:25:00,10.7,11.2,10.7,11.2,400,8850,18350.0,CE
2022-02-18 14:26:00,11.05,11.05,11.05,11.05,100,8850,18350.0,CE
2022-02-18 14:27:00,11.15,11.15,11.1,11.1,150,8850,18350.0,CE
2022-02-18 14:28:00,11.15,11.15,11.15,11.15,100,8950,18350.0,CE
2022-02-18 14:29:00,11.3,11.3,11.0,11.0,1050,8950,18350.0,CE
2022-02-18 14:31:00,10.55,10.55,10.55,10.55,150,10000,18350.0,CE
2022-02-18 14:32:00,11.0,11.05,10.85,11.05,350,10000,18350.0,CE
2022-02-18 14:33:00,10.7,10.7,10.65,10.7,150,10000,18350.0,CE
2022-02-18 14:34:00,10.7,10.8,10.65,10.8,150,10100,18350.0,CE
2022-02-18 14:35:00,10.75,10.75,10.75,10.75,150,10100,18350.0,CE
2022-02-18 14:36:00,10.85,11.0,10.8,11.0,350,10100,18350.0,CE
2022-02-18 14:37:00,11.0,11.0,11.0,11.0,50,10150,18350.0,CE
2022-02-18 14:38:00,10.65,10.75,10.65,10.75,100,10150,18350.0,CE
2022-02-18 14:39:00,10.7,10.7,10.7,10.7,150,10150,18350.0,CE
2022-02-18 14:40:00,10.65,10.7,10.6,10.65,1750,10100,18350.0,CE
2022-02-18 14:41:00,10.75,10.85,10.75,10.85,100,10100,18350.0,CE
2022-02-18 14:42:00,10.9,10.9,10.7,10.7,400,11350,18350.0,CE
2022-02-18 14:43:00,10.7,10.7,10.5,10.5,150,11350,18350.0,CE
2022-02-18 14:44:00,10.6,10.6,10.6,10.6,100,11350,18350.0,CE
2022-02-18 14:45:00,10.65,10.65,10.65,10.65,50,11350,18350.0,CE
2022-02-18 14:46:00,10.55,10.55,10.25,10.25,150,11350,18350.0,CE
2022-02-18 14:48:00,10.25,10.25,10.25,10.25,50,11350,18350.0,CE
2022-02-18 14:50:00,10.15,10.15,10.15,10.15,50,11400,18350.0,CE
2022-02-18 14:51:00,10.15,10.15,10.15,10.15,150,11400,18350.0,CE
2022-02-18 14:52:00,10.15,10.5,10.15,10.5,300,11450,18350.0,CE
2022-02-18 14:54:00,10.35,10.4,10.35,10.4,100,11450,18350.0,CE
2022-02-18 14:55:00,10.65,10.65,10.3,10.45,250,11400,18350.0,CE
2022-02-18 14:56:00,10.45,10.65,10.45,10.5,600,11400,18350.0,CE
2022-02-18 14:57:00,10.5,10.65,10.45,10.6,2100,12750,18350.0,CE
2022-02-18 15:00:00,10.4,10.5,10.2,10.2,900,12750,18350.0,CE
2022-02-18 15:01:00,10.2,10.45,10.15,10.45,450,13650,18350.0,CE
2022-02-18 15:02:00,10.7,10.9,10.7,10.85,400,13650,18350.0,CE
2022-02-18 15:03:00,10.6,10.65,10.55,10.65,350,13650,18350.0,CE
2022-02-18 15:04:00,10.45,10.6,10.45,10.6,100,14000,18350.0,CE
2022-02-18 15:05:00,10.55,10.55,10.55,10.55,50,14000,18350.0,CE
2022-02-18 15:06:00,10.45,10.45,10.25,10.25,100,12450,18350.0,CE
2022-02-18 15:07:00,10.35,10.35,10.35,10.35,50,12450,18350.0,CE
2022-02-18 15:08:00,10.25,10.25,10.25,10.25,150,12450,18350.0,CE
2022-02-18 15:09:00,10.25,10.25,10.25,10.25,100,12450,18350.0,CE
2022-02-18 15:10:00,10.1,10.1,10.1,10.1,300,11500,18350.0,CE
2022-02-18 15:11:00,10.25,10.25,10.25,10.25,150,11500,18350.0,CE
2022-02-18 15:12:00,10.4,10.4,10.4,10.4,100,11500,18350.0,CE
2022-02-18 15:13:00,10.35,10.35,10.3,10.3,150,11550,18350.0,CE
2022-02-18 15:14:00,10.05,10.05,10.05,10.05,50,11550,18350.0,CE
2022-02-18 15:15:00,10.0,10.0,9.9,9.9,400,11850,18350.0,CE
2022-02-18 15:16:00,9.9,10.05,9.9,10.0,200,11850,18350.0,CE
2022-02-18 15:17:00,9.9,9.9,9.9,9.9,50,11850,18350.0,CE
2022-02-18 15:18:00,9.9,9.9,9.8,9.8,300,11900,18350.0,CE
2022-02-18 15:19:00,9.65,9.65,9.55,9.55,150,11900,18350.0,CE
2022-02-18 15:20:00,9.55,9.65,9.55,9.65,2000,11900,18350.0,CE
2022-02-18 15:21:00,9.7,9.7,9.7,9.7,100,11900,18350.0,CE
2022-02-18 15:22:00,9.7,9.75,9.65,9.75,300,13000,18350.0,CE
2022-02-18 15:23:00,9.8,9.85,9.8,9.85,150,13000,18350.0,CE
2022-02-18 15:24:00,10.05,10.05,9.95,9.95,100,13000,18350.0,CE
2022-02-18 15:25:00,10.0,10.0,9.7,9.7,300,13100,18350.0,CE
2022-02-18 15:26:00,9.8,9.8,9.8,9.8,50,13100,18350.0,CE
2022-02-18 15:28:00,9.85,9.9,9.85,9.85,350,13000,18350.0,CE
2022-02-18 15:29:00,9.55,9.55,9.55,9.55,50,13000,18350.0,CE
2022-02-21 09:15:00,20.35,20.35,8.5,8.5,301,12300,18350.0,CE
2022-02-21 09:16:00,7.1,7.1,7.1,7.1,50,12300,18350.0,CE
2022-02-21 09:17:00,7.1,7.95,7.1,7.9,400,12500,18350.0,CE
2022-02-21 09:18:00,8.0,8.0,8.0,8.0,50,12500,18350.0,CE
2022-02-21 09:19:00,7.45,7.45,7.05,7.35,200,12500,18350.0,CE
2022-02-21 09:20:00,7.3,7.3,7.25,7.3,250,12600,18350.0,CE
2022-02-21 09:21:00,7.3,7.3,7.3,7.3,50,12600,18350.0,CE
2022-02-21 09:23:00,7.0,7.0,7.0,7.0,50,12600,18350.0,CE
2022-02-21 09:24:00,7.0,7.2,7.0,7.2,200,12600,18350.0,CE
2022-02-21 09:25:00,7.1,7.1,7.1,7.1,400,12600,18350.0,CE
2022-02-21 09:26:00,7.1,7.1,7.0,7.05,2800,14650,18350.0,CE
2022-02-21 09:27:00,7.05,7.15,7.0,7.1,450,14650,18350.0,CE
2022-02-21 09:28:00,7.2,7.2,7.0,7.0,200,14650,18350.0,CE
2022-02-21 09:29:00,7.0,7.15,6.9,7.0,1950,16500,18350.0,CE
2022-02-21 09:30:00,6.9,6.9,6.75,6.85,500,16500,18350.0,CE
2022-02-21 09:31:00,6.9,7.05,6.9,7.05,250,16500,18350.0,CE
2022-02-21 09:32:00,7.0,7.0,7.0,7.0,650,16800,18350.0,CE
2022-02-21 09:33:00,7.05,7.05,7.05,7.05,100,16800,18350.0,CE
2022-02-21 09:34:00,6.8,6.8,6.7,6.7,800,16800,18350.0,CE
2022-02-21 09:35:00,6.7,6.85,6.7,6.85,200,16200,18350.0,CE
2022-02-21 09:36:00,6.8,6.8,6.75,6.75,200,16200,18350.0,CE
2022-02-21 09:37:00,6.45,6.45,6.45,6.45,200,16200,18350.0,CE
2022-02-21 09:38:00,6.55,6.6,6.55,6.6,200,16200,18350.0,CE
2022-02-21 09:39:00,6.55,6.55,6.4,6.5,600,16050,18350.0,CE
2022-02-21 09:40:00,6.5,6.5,6.3,6.45,1300,16050,18350.0,CE
2022-02-21 09:41:00,6.55,6.6,6.55,6.6,150,16050,18350.0,CE
2022-02-21 09:42:00,6.8,6.8,6.6,6.6,650,16050,18350.0,CE
2022-02-21 09:44:00,6.8,6.8,6.8,6.8,50,16050,18350.0,CE
2022-02-21 09:45:00,6.9,6.9,6.8,6.8,150,16100,18350.0,CE
2022-02-21 09:46:00,6.9,7.1,6.9,7.05,350,16100,18350.0,CE
2022-02-21 09:47:00,7.1,7.15,7.05,7.05,850,15500,18350.0,CE
2022-02-21 09:48:00,6.85,6.85,6.85,6.85,50,15500,18350.0,CE
2022-02-21 09:49:00,6.8,6.8,6.8,6.8,50,15500,18350.0,CE
2022-02-21 09:50:00,7.0,7.0,7.0,7.0,50,16500,18350.0,CE
2022-02-21 09:51:00,6.85,6.9,6.8,6.9,300,16500,18350.0,CE
2022-02-21 09:52:00,6.95,6.95,6.95,6.95,50,16500,18350.0,CE
2022-02-21 09:53:00,6.9,6.9,6.9,6.9,50,16500,18350.0,CE
2022-02-21 09:54:00,6.8,6.8,6.8,6.8,50,16500,18350.0,CE
2022-02-21 09:55:00,6.75,6.75,6.75,6.75,100,16500,18350.0,CE
2022-02-21 09:56:00,6.8,6.8,6.8,6.8,300,16150,18350.0,CE
2022-02-21 09:57:00,6.65,6.65,6.65,6.65,50,16150,18350.0,CE
2022-02-21 09:58:00,6.55,6.8,6.55,6.8,100,16150,18350.0,CE
2022-02-21 09:59:00,6.7,6.75,6.7,6.7,200,16150,18350.0,CE
2022-02-21 10:00:00,6.45,6.45,6.35,6.45,150,16050,18350.0,CE
2022-02-21 10:01:00,6.45,6.45,6.45,6.45,200,16050,18350.0,CE
2022-02-21 10:02:00,6.45,6.45,6.35,6.35,400,16050,18350.0,CE
2022-02-21 10:03:00,6.5,6.5,6.4,6.45,150,16000,18350.0,CE
2022-02-21 10:04:00,6.35,6.35,6.2,6.2,200,16000,18350.0,CE
2022-02-21 10:05:00,6.35,6.35,6.3,6.3,100,16000,18350.0,CE
2022-02-21 10:06:00,6.35,6.35,6.3,6.35,350,15550,18350.0,CE
2022-02-21 10:07:00,6.2,6.3,6.1,6.3,550,15550,18350.0,CE
2022-02-21 10:08:00,6.25,6.25,6.25,6.25,50,15550,18350.0,CE
2022-02-21 10:09:00,6.3,6.4,6.3,6.4,300,15350,18350.0,CE
2022-02-21 10:10:00,6.3,6.3,6.3,6.3,50,15350,18350.0,CE
2022-02-21 10:11:00,6.45,6.45,6.3,6.45,250,15400,18350.0,CE
2022-02-21 10:12:00,6.5,6.5,6.45,6.5,300,15400,18350.0,CE
2022-02-21 10:13:00,6.45,6.45,6.4,6.4,150,15400,18350.0,CE
2022-02-21 10:14:00,6.45,6.45,6.25,6.25,250,15500,18350.0,CE
2022-02-21 10:15:00,6.35,6.4,6.35,6.4,350,15500,18350.0,CE
2022-02-21 10:16:00,6.35,6.35,6.35,6.35,150,15500,18350.0,CE
2022-02-21 10:17:00,6.4,6.5,6.4,6.5,700,15950,18350.0,CE
2022-02-21 10:18:00,6.55,6.6,6.45,6.45,250,15950,18350.0,CE
2022-02-21 10:19:00,6.4,6.4,6.35,6.35,300,15950,18350.0,CE
2022-02-21 10:20:00,6.35,6.35,6.35,6.35,100,15950,18350.0,CE
2022-02-21 10:21:00,6.45,6.45,6.45,6.45,100,16200,18350.0,CE
2022-02-21 10:22:00,6.4,6.4,6.4,6.4,100,16200,18350.0,CE
2022-02-21 10:24:00,6.25,6.3,6.25,6.3,100,16150,18350.0,CE
2022-02-21 10:25:00,6.35,6.35,6.3,6.3,100,16150,18350.0,CE
2022-02-21 10:26:00,6.3,6.3,6.3,6.3,50,16150,18350.0,CE
2022-02-21 10:27:00,6.2,6.2,6.2,6.2,100,15700,18350.0,CE
2022-02-21 10:28:00,6.35,6.35,6.3,6.35,150,15700,18350.0,CE
2022-02-21 10:29:00,6.35,6.35,6.35,6.35,50,15700,18350.0,CE
2022-02-21 10:30:00,6.5,6.5,6.5,6.5,100,15800,18350.0,CE
2022-02-21 10:31:00,6.45,6.45,6.45,6.45,50,15800,18350.0,CE
2022-02-21 10:32:00,6.3,6.35,6.3,6.35,200,15800,18350.0,CE
2022-02-21 10:33:00,6.3,6.3,6.25,6.25,200,15400,18350.0,CE
2022-02-21 10:35:00,6.1,6.1,6.1,6.1,50,15400,18350.0,CE
2022-02-21 10:37:00,6.05,6.05,6.05,6.05,100,14750,18350.0,CE
2022-02-21 10:38:00,6.0,6.0,6.0,6.0,2000,14750,18350.0,CE
2022-02-21 10:39:00,6.05,6.1,6.05,6.1,100,16550,18350.0,CE
2022-02-21 10:40:00,6.3,6.3,6.15,6.2,1400,16550,18350.0,CE
2022-02-21 10:41:00,6.2,6.25,6.2,6.25,1900,16550,18350.0,CE
2022-02-21 10:42:00,6.35,6.35,6.35,6.35,50,18100,18350.0,CE
2022-02-21 10:43:00,6.3,6.4,6.3,6.35,150,18100,18350.0,CE
2022-02-21 10:44:00,6.3,6.3,6.25,6.25,200,18100,18350.0,CE
2022-02-21 10:46:00,6.35,6.45,6.35,6.45,350,17950,18350.0,CE
2022-02-21 10:48:00,6.4,6.5,6.3,6.3,300,18150,18350.0,CE
2022-02-21 10:49:00,6.2,6.2,6.1,6.1,100,18150,18350.0,CE
2022-02-21 10:50:00,6.15,6.15,6.1,6.1,200,18050,18350.0,CE
2022-02-21 10:51:00,6.1,6.2,6.05,6.05,300,18050,18350.0,CE
2022-02-21 10:52:00,6.0,6.1,6.0,6.05,150,18050,18350.0,CE
2022-02-21 10:54:00,6.25,6.25,6.25,6.25,200,18100,18350.0,CE
2022-02-21 10:55:00,6.5,6.5,6.35,6.35,150,18100,18350.0,CE
2022-02-21 10:56:00,6.3,6.45,6.3,6.45,650,18100,18350.0,CE
2022-02-21 10:57:00,6.5,6.5,6.35,6.35,500,16600,18350.0,CE
2022-02-21 10:58:00,6.4,6.4,6.25,6.3,750,16600,18350.0,CE
2022-02-21 10:59:00,6.25,6.25,6.25,6.25,1250,16600,18350.0,CE
2022-02-21 11:00:00,6.4,6.4,6.35,6.35,500,18100,18350.0,CE
2022-02-21 11:01:00,6.4,6.4,6.1,6.1,400,18100,18350.0,CE
2022-02-21 11:02:00,5.95,5.95,5.95,5.95,150,18100,18350.0,CE
2022-02-21 11:03:00,5.95,6.25,5.95,6.25,100,17100,18350.0,CE
2022-02-21 11:04:00,6.2,6.35,6.2,6.35,150,17100,18350.0,CE
2022-02-21 11:05:00,6.45,6.5,6.45,6.45,150,17100,18350.0,CE
2022-02-21 11:06:00,6.45,6.45,6.35,6.35,1400,17050,18350.0,CE
2022-02-21 11:07:00,6.35,6.5,6.3,6.5,1150,17050,18350.0,CE
2022-02-21 11:08:00,6.5,6.5,6.4,6.4,150,17050,18350.0,CE
2022-02-21 11:09:00,6.55,6.6,6.55,6.6,350,18400,18350.0,CE
2022-02-21 11:10:00,6.6,6.7,6.6,6.7,250,18400,18350.0,CE
2022-02-21 11:11:00,6.65,6.65,6.6,6.6,250,18400,18350.0,CE
2022-02-21 11:12:00,6.6,6.6,6.55,6.6,350,18650,18350.0,CE
2022-02-21 11:13:00,6.55,6.55,6.55,6.55,150,18650,18350.0,CE
2022-02-21 11:14:00,6.6,6.65,6.6,6.65,300,18650,18350.0,CE
2022-02-21 11:15:00,6.7,6.7,6.7,6.7,200,17300,18350.0,CE
2022-02-21 11:16:00,6.7,6.7,6.6,6.6,350,17300,18350.0,CE
2022-02-21 11:19:00,6.5,6.55,6.5,6.5,200,17250,18350.0,CE
2022-02-21 11:20:00,6.4,6.45,6.4,6.4,600,17250,18350.0,CE
2022-02-21 11:21:00,6.5,6.5,6.45,6.45,200,17150,18350.0,CE
2022-02-21 11:22:00,6.4,6.4,6.3,6.35,400,17150,18350.0,CE
2022-02-21 11:23:00,6.45,6.45,6.45,6.45,100,17150,18350.0,CE
2022-02-21 11:24:00,6.5,6.5,6.5,6.5,50,16400,18350.0,CE
2022-02-21 11:25:00,6.5,6.6,6.5,6.55,250,16400,18350.0,CE
2022-02-21 11:26:00,6.5,6.5,6.5,6.5,200,16400,18350.0,CE
2022-02-21 11:28:00,6.4,6.4,6.4,6.4,150,15850,18350.0,CE
2022-02-21 11:29:00,6.3,6.3,6.3,6.3,150,15850,18350.0,CE
2022-02-21 11:31:00,6.45,6.45,6.45,6.45,50,15750,18350.0,CE
2022-02-21 11:32:00,6.55,6.55,6.55,6.55,100,15750,18350.0,CE
2022-02-21 11:33:00,6.5,6.55,6.4,6.4,250,15750,18350.0,CE
2022-02-21 11:34:00,6.45,6.5,6.45,6.5,300,15750,18350.0,CE
2022-02-21 11:35:00,6.55,6.55,6.5,6.5,150,15750,18350.0,CE
2022-02-21 11:36:00,6.6,6.6,6.6,6.6,150,15700,18350.0,CE
2022-02-21 11:37:00,6.5,6.55,6.5,6.5,250,15700,18350.0,CE
2022-02-21 11:38:00,6.4,6.5,6.4,6.4,700,15700,18350.0,CE
2022-02-21 11:39:00,6.4,6.55,6.4,6.55,150,15950,18350.0,CE
2022-02-21 11:40:00,6.5,6.5,6.5,6.5,600,15950,18350.0,CE
2022-02-21 11:41:00,6.5,6.5,6.5,6.5,150,15950,18350.0,CE
2022-02-21 11:42:00,6.45,6.45,6.45,6.45,100,16050,18350.0,CE
2022-02-21 11:45:00,6.75,6.8,6.75,6.8,150,16150,18350.0,CE
2022-02-21 11:46:00,6.9,7.0,6.9,7.0,450,16150,18350.0,CE
2022-02-21 11:47:00,7.1,7.1,7.1,7.1,50,16150,18350.0,CE
2022-02-21 11:49:00,7.15,7.15,7.1,7.1,400,15850,18350.0,CE
2022-02-21 11:53:00,7.35,7.35,7.2,7.2,150,15750,18350.0,CE
2022-02-21 11:54:00,7.05,7.05,7.0,7.0,150,15800,18350.0,CE
2022-02-21 11:55:00,7.1,7.1,7.1,7.1,100,15800,18350.0,CE
2022-02-21 11:56:00,7.05,7.05,7.05,7.05,150,15800,18350.0,CE
2022-02-21 11:57:00,7.0,7.05,6.85,6.85,300,15950,18350.0,CE
2022-02-21 11:58:00,6.75,7.0,6.75,7.0,150,15950,18350.0,CE
2022-02-21 11:59:00,6.9,7.1,6.9,7.1,500,15950,18350.0,CE
2022-02-21 12:00:00,7.2,7.5,7.2,7.5,150,15950,18350.0,CE
2022-02-21 12:01:00,7.6,7.7,7.6,7.7,100,15750,18350.0,CE
2022-02-21 12:02:00,7.75,7.85,7.65,7.85,350,15750,18350.0,CE
2022-02-21 12:03:00,8.0,8.0,7.85,7.85,150,15900,18350.0,CE
2022-02-21 12:04:00,7.8,7.8,7.8,7.8,50,15900,18350.0,CE
2022-02-21 12:06:00,7.7,7.7,7.4,7.55,350,15850,18350.0,CE
2022-02-21 12:07:00,7.7,7.7,7.7,7.7,200,15850,18350.0,CE
2022-02-21 12:09:00,8.0,8.0,8.0,8.0,100,15750,18350.0,CE
2022-02-21 12:10:00,8.45,8.8,8.45,8.8,200,15750,18350.0,CE
2022-02-21 12:11:00,8.95,9.05,8.95,9.05,200,15750,18350.0,CE
2022-02-21 12:12:00,9.05,9.05,9.05,9.05,250,15900,18350.0,CE
2022-02-21 12:13:00,8.7,8.7,8.7,8.7,50,15900,18350.0,CE
2022-02-21 12:14:00,8.65,8.65,8.0,8.0,200,15900,18350.0,CE
2022-02-21 12:15:00,8.0,8.0,8.0,8.0,150,15900,18350.0,CE
2022-02-21 12:18:00,9.1,9.1,8.95,8.95,150,15850,18350.0,CE
2022-02-21 12:20:00,8.7,8.7,8.7,8.7,150,15850,18350.0,CE
2022-02-21 12:21:00,8.55,8.6,8.55,8.6,150,15850,18350.0,CE
2022-02-21 12:22:00,7.95,8.05,7.95,8.0,350,15600,18350.0,CE
2022-02-21 12:23:00,8.05,8.05,8.05,8.05,150,15600,18350.0,CE
2022-02-21 12:24:00,8.25,8.35,8.25,8.35,200,15750,18350.0,CE
2022-02-21 12:25:00,8.1,8.1,8.1,8.1,100,15750,18350.0,CE
2022-02-21 12:27:00,8.0,8.0,7.6,7.6,200,15750,18350.0,CE
2022-02-21 12:29:00,7.7,7.7,7.7,7.7,50,15750,18350.0,CE
2022-02-21 12:32:00,7.65,7.8,7.65,7.8,150,15750,18350.0,CE
2022-02-21 12:33:00,7.95,7.95,7.95,7.95,100,15750,18350.0,CE
2022-02-21 12:35:00,8.15,8.3,8.15,8.3,150,15950,18350.0,CE
2022-02-21 12:36:00,8.35,8.35,8.35,8.35,50,15900,18350.0,CE
2022-02-21 12:37:00,8.3,8.3,8.3,8.3,100,15900,18350.0,CE
2022-02-21 12:38:00,8.05,8.05,8.05,8.05,100,15900,18350.0,CE
2022-02-21 12:39:00,8.3,8.3,8.3,8.3,200,15750,18350.0,CE
2022-02-21 12:40:00,8.3,8.3,8.3,8.3,100,15750,18350.0,CE
2022-02-21 12:41:00,8.15,8.35,8.15,8.35,100,15750,18350.0,CE
2022-02-21 12:44:00,8.05,8.05,8.05,8.05,50,15850,18350.0,CE
2022-02-21 12:45:00,8.1,8.1,8.1,8.1,50,15850,18350.0,CE
2022-02-21 12:46:00,7.95,7.95,7.65,7.65,150,15850,18350.0,CE
2022-02-21 12:47:00,8.05,8.05,7.85,7.85,150,15850,18350.0,CE
2022-02-21 12:48:00,7.95,7.95,7.95,7.95,50,15850,18350.0,CE
2022-02-21 12:50:00,8.2,8.25,8.2,8.25,300,15850,18350.0,CE
2022-02-21 12:51:00,8.25,8.35,8.25,8.35,200,15950,18350.0,CE
2022-02-21 12:52:00,8.45,8.45,7.95,8.25,650,15950,18350.0,CE
2022-02-21 12:53:00,8.3,8.3,8.3,8.3,250,15950,18350.0,CE
2022-02-21 12:54:00,8.0,8.0,8.0,8.0,100,15900,18350.0,CE
2022-02-21 12:56:00,8.25,8.25,8.25,8.25,200,15900,18350.0,CE
2022-02-21 12:57:00,8.15,8.15,8.1,8.1,200,16100,18350.0,CE
2022-02-21 12:58:00,8.05,8.15,8.05,8.15,150,16100,18350.0,CE
2022-02-21 12:59:00,8.2,8.25,8.2,8.25,250,16100,18350.0,CE
2022-02-21 13:00:00,8.65,8.65,8.65,8.65,100,16150,18350.0,CE
2022-02-21 13:01:00,8.9,8.9,8.9,8.9,600,16150,18350.0,CE
2022-02-21 13:02:00,8.7,8.7,8.7,8.7,100,16150,18350.0,CE
2022-02-21 13:05:00,8.35,8.35,8.25,8.25,250,16750,18350.0,CE
2022-02-21 13:06:00,8.4,8.45,8.4,8.45,950,16750,18350.0,CE
2022-02-21 13:07:00,8.45,8.45,8.35,8.35,400,16750,18350.0,CE
2022-02-21 13:08:00,8.25,8.25,8.25,8.25,100,16750,18350.0,CE
2022-02-21 13:09:00,8.45,8.65,8.25,8.25,700,17950,18350.0,CE
2022-02-21 13:10:00,8.45,8.45,8.45,8.45,250,17950,18350.0,CE
2022-02-21 13:11:00,8.3,8.3,8.3,8.3,300,17950,18350.0,CE
2022-02-21 13:12:00,8.25,8.35,8.25,8.35,300,17850,18350.0,CE
2022-02-21 13:13:00,8.5,8.5,8.5,8.5,100,17850,18350.0,CE
2022-02-21 13:15:00,8.8,8.95,8.8,8.95,200,17950,18350.0,CE
2022-02-21 13:16:00,9.0,9.0,8.8,8.85,2200,17950,18350.0,CE
2022-02-21 13:17:00,9.05,9.05,9.05,9.05,100,17950,18350.0,CE
2022-02-21 13:18:00,9.15,9.15,9.15,9.15,300,16550,18350.0,CE
2022-02-21 13:19:00,8.95,8.95,8.65,8.65,150,16550,18350.0,CE
2022-02-21 13:20:00,8.55,8.55,8.5,8.5,100,16550,18350.0,CE
2022-02-21 13:21:00,8.35,8.35,8.35,8.35,50,16550,18350.0,CE
2022-02-21 13:22:00,8.3,8.3,8.3,8.3,100,16750,18350.0,CE
2022-02-21 13:23:00,8.3,8.35,8.3,8.35,100,16750,18350.0,CE
2022-02-21 13:24:00,8.5,8.5,8.45,8.45,250,16750,18350.0,CE
2022-02-21 13:25:00,8.45,8.45,7.95,8.1,400,16700,18350.0,CE
2022-02-21 13:27:00,8.1,8.1,8.1,8.1,50,16200,18350.0,CE
2022-02-21 13:28:00,8.1,8.1,8.1,8.1,200,16200,18350.0,CE
2022-02-21 13:29:00,8.25,8.25,8.0,8.0,200,16200,18350.0,CE
2022-02-21 13:30:00,7.85,7.95,7.8,7.95,300,16300,18350.0,CE
2022-02-21 13:31:00,7.8,7.8,7.8,7.8,150,16300,18350.0,CE
2022-02-21 13:32:00,7.9,8.05,7.9,8.05,100,16300,18350.0,CE
2022-02-21 13:34:00,8.35,8.35,8.35,8.35,50,16350,18350.0,CE
2022-02-21 13:35:00,7.95,8.0,7.95,8.0,100,16350,18350.0,CE
2022-02-21 13:36:00,8.15,8.25,8.15,8.2,200,16450,18350.0,CE
2022-02-21 13:38:00,8.0,8.0,8.0,8.0,100,16450,18350.0,CE
2022-02-21 13:42:00,7.5,7.55,7.25,7.55,250,16400,18350.0,CE
2022-02-21 13:43:00,7.8,7.95,7.75,7.95,300,16400,18350.0,CE
2022-02-21 13:44:00,8.2,8.2,8.15,8.15,350,16400,18350.0,CE
2022-02-21 13:45:00,8.25,8.6,8.25,8.6,750,16400,18350.0,CE
2022-02-21 13:46:00,8.35,8.35,8.25,8.35,400,17000,18350.0,CE
2022-02-21 13:47:00,8.15,8.15,8.15,8.15,100,17000,18350.0,CE
2022-02-21 13:49:00,7.9,7.9,7.9,7.9,100,17050,18350.0,CE
2022-02-21 13:50:00,8.15,8.15,8.15,8.15,100,17050,18350.0,CE
2022-02-21 13:51:00,8.2,8.2,8.2,8.2,50,17050,18350.0,CE
2022-02-21 13:52:00,8.1,8.1,8.1,8.1,50,16850,18350.0,CE
2022-02-21 13:53:00,8.0,8.0,7.95,7.95,900,16850,18350.0,CE
2022-02-21 13:54:00,7.95,8.0,7.95,8.0,250,16850,18350.0,CE
2022-02-21 13:57:00,8.2,8.2,8.0,8.0,100,17550,18350.0,CE
2022-02-21 13:58:00,7.85,7.85,7.85,7.85,50,17550,18350.0,CE
2022-02-21 14:00:00,7.8,7.85,7.8,7.85,550,17550,18350.0,CE
2022-02-21 14:01:00,7.85,7.85,7.85,7.85,50,17650,18350.0,CE
2022-02-21 14:02:00,7.6,7.6,7.6,7.6,50,17650,18350.0,CE
2022-02-21 14:03:00,7.55,7.55,7.55,7.55,50,17650,18350.0,CE
2022-02-21 14:05:00,7.45,7.45,6.95,7.05,1700,17600,18350.0,CE
2022-02-21 14:07:00,6.6,6.85,6.6,6.85,150,17100,18350.0,CE
2022-02-21 14:08:00,6.85,6.85,6.85,6.85,100,17100,18350.0,CE
2022-02-21 14:09:00,7.1,7.1,6.75,6.75,500,16300,18350.0,CE
2022-02-21 14:10:00,6.7,6.7,6.65,6.7,400,16300,18350.0,CE
2022-02-21 14:12:00,6.7,6.8,6.7,6.8,300,16300,18350.0,CE
2022-02-21 14:13:00,6.7,6.7,6.55,6.55,150,16450,18350.0,CE
2022-02-21 14:14:00,6.75,6.75,6.75,6.75,100,16450,18350.0,CE
2022-02-21 14:15:00,6.75,6.75,6.75,6.75,50,16450,18350.0,CE
2022-02-21 14:17:00,6.8,6.85,6.8,6.85,100,16400,18350.0,CE
2022-02-21 14:18:00,7.0,7.0,6.95,6.95,200,16400,18350.0,CE
2022-02-21 14:20:00,6.95,6.95,6.9,6.95,600,16400,18350.0,CE
2022-02-21 14:22:00,7.4,7.4,7.1,7.1,250,16400,18350.0,CE
2022-02-21 14:23:00,6.85,6.85,6.85,6.85,100,16400,18350.0,CE
2022-02-21 14:24:00,6.8,7.1,6.8,7.1,250,16400,18350.0,CE
2022-02-21 14:25:00,7.0,7.0,6.75,6.8,300,16250,18350.0,CE
2022-02-21 14:26:00,6.8,6.8,6.8,6.8,50,16250,18350.0,CE
2022-02-21 14:27:00,6.75,6.75,6.6,6.6,100,16450,18350.0,CE
2022-02-21 14:28:00,6.65,6.65,6.6,6.6,1100,16450,18350.0,CE
2022-02-21 14:30:00,6.45,6.65,6.45,6.6,200,16450,18350.0,CE
2022-02-21 14:31:00,6.55,6.55,6.55,6.55,100,17750,18350.0,CE
2022-02-21 14:34:00,6.2,6.2,6.15,6.15,200,17750,18350.0,CE
2022-02-21 14:36:00,6.35,6.35,6.35,6.35,250,17750,18350.0,CE
2022-02-21 14:37:00,6.4,6.4,5.6,5.6,2350,17350,18350.0,CE
2022-02-21 14:38:00,6.15,6.15,6.15,6.15,100,17350,18350.0,CE
2022-02-21 14:39:00,6.15,6.2,6.15,6.15,500,17350,18350.0,CE
2022-02-21 14:40:00,6.1,6.15,6.1,6.15,200,16700,18350.0,CE
2022-02-21 14:41:00,6.1,6.1,6.1,6.1,50,16700,18350.0,CE
2022-02-21 14:42:00,6.15,6.25,6.15,6.25,100,16700,18350.0,CE
2022-02-21 14:43:00,6.5,6.5,6.5,6.5,50,16650,18350.0,CE
2022-02-21 14:44:00,6.35,6.4,6.35,6.4,200,16650,18350.0,CE
2022-02-21 14:45:00,6.35,6.5,6.35,6.4,1900,16650,18350.0,CE
2022-02-21 14:46:00,6.4,6.4,6.4,6.4,100,17150,18350.0,CE
2022-02-21 14:47:00,6.35,6.45,6.35,6.4,400,17150,18350.0,CE
2022-02-21 14:48:00,6.3,6.3,6.25,6.25,300,17150,18350.0,CE
2022-02-21 14:49:00,6.35,6.4,6.35,6.35,400,17150,18350.0,CE
2022-02-21 14:50:00,6.35,6.35,6.3,6.3,300,17150,18350.0,CE
2022-02-21 14:54:00,6.55,6.6,6.55,6.6,350,17100,18350.0,CE
2022-02-21 14:55:00,6.75,6.75,6.75,6.75,1150,17250,18350.0,CE
2022-02-21 14:57:00,6.55,6.55,6.55,6.55,50,17250,18350.0,CE
2022-02-21 14:58:00,6.45,6.45,6.4,6.4,250,17400,18350.0,CE
2022-02-21 14:59:00,6.25,6.25,6.15,6.15,100,17400,18350.0,CE
2022-02-21 15:00:00,6.0,6.0,6.0,6.0,1000,17400,18350.0,CE
2022-02-21 15:02:00,5.85,5.85,5.85,5.85,50,17250,18350.0,CE
2022-02-21 15:03:00,5.9,5.9,5.9,5.9,150,17250,18350.0,CE
2022-02-21 15:04:00,6.0,6.0,5.95,5.95,150,17300,18350.0,CE
2022-02-21 15:05:00,5.9,5.9,5.75,5.75,150,17300,18350.0,CE
2022-02-21 15:06:00,5.7,5.7,5.6,5.6,750,17300,18350.0,CE
2022-02-21 15:07:00,5.6,5.65,5.6,5.65,1050,17050,18350.0,CE
2022-02-21 15:08:00,5.65,5.65,5.65,5.65,50,17050,18350.0,CE
2022-02-21 15:09:00,5.7,5.7,5.7,5.7,50,17050,18350.0,CE
2022-02-21 15:11:00,5.7,5.7,5.55,5.55,300,17200,18350.0,CE
2022-02-21 15:12:00,5.55,5.75,5.55,5.75,100,17200,18350.0,CE
2022-02-21 15:13:00,5.6,5.75,5.6,5.75,300,17200,18350.0,CE
2022-02-21 15:14:00,5.6,5.7,5.6,5.7,250,17200,18350.0,CE
2022-02-21 15:15:00,5.7,5.75,5.7,5.75,400,17200,18350.0,CE
2022-02-21 15:16:00,5.7,5.8,5.7,5.8,800,17650,18350.0,CE
2022-02-21 15:17:00,5.85,5.85,5.85,5.85,50,17650,18350.0,CE
2022-02-21 15:18:00,5.8,5.8,5.8,5.8,100,17650,18350.0,CE
2022-02-21 15:19:00,5.8,5.8,5.8,5.8,200,18250,18350.0,CE
2022-02-21 15:21:00,5.95,6.05,5.95,6.05,550,18250,18350.0,CE
2022-02-21 15:22:00,6.0,6.0,5.95,5.95,600,18000,18350.0,CE
2022-02-21 15:23:00,5.95,5.95,5.95,5.95,100,18000,18350.0,CE
2022-02-21 15:25:00,5.85,5.85,5.75,5.75,200,17850,18350.0,CE
2022-02-21 15:26:00,5.7,5.7,5.7,5.7,100,17850,18350.0,CE
2022-02-21 15:28:00,5.65,5.65,5.6,5.65,250,17900,18350.0,CE
2022-02-21 15:29:00,5.6,5.6,5.6,5.6,150,17900,18350.0,CE
2022-02-22 09:15:00,3.6,3.6,3.6,3.6,51,17750,18350.0,CE
2022-02-22 09:16:00,3.45,5.75,3.45,5.75,700,17750,18350.0,CE
2022-02-22 09:17:00,5.75,6.5,5.75,6.5,1300,18400,18350.0,CE
2022-02-22 09:18:00,5.6,5.6,5.1,5.1,700,18400,18350.0,CE
2022-02-22 09:19:00,5.6,5.6,4.65,4.65,650,18400,18350.0,CE
2022-02-22 09:20:00,4.75,4.8,4.75,4.8,1900,18750,18350.0,CE
2022-02-22 09:21:00,4.95,5.35,4.95,5.35,950,18750,18350.0,CE
2022-02-22 09:22:00,5.3,5.5,5.3,5.5,400,18750,18350.0,CE
2022-02-22 09:23:00,5.35,5.5,5.35,5.5,300,18450,18350.0,CE
2022-02-22 09:24:00,5.1,5.1,5.1,5.1,200,18450,18350.0,CE
2022-02-22 09:25:00,5.05,5.05,4.65,4.65,450,18450,18350.0,CE
2022-02-22 09:26:00,4.7,4.7,4.7,4.7,50,18450,18350.0,CE
2022-02-22 09:28:00,5.05,5.15,4.95,5.15,300,18250,18350.0,CE
2022-02-22 09:29:00,5.05,5.05,4.8,4.8,150,18350,18350.0,CE
2022-02-22 09:32:00,5.05,5.05,4.9,4.9,100,18350,18350.0,CE
2022-02-22 09:33:00,4.75,4.75,4.75,4.75,50,18400,18350.0,CE
2022-02-22 09:34:00,4.75,4.75,4.75,4.75,150,18400,18350.0,CE
2022-02-22 09:35:00,4.85,4.85,4.85,4.85,100,18350,18350.0,CE
2022-02-22 09:36:00,4.85,4.9,4.85,4.9,150,18350,18350.0,CE
2022-02-22 09:40:00,4.9,4.9,4.9,4.9,50,18500,18350.0,CE
2022-02-22 09:47:00,5.1,5.1,5.1,5.1,1400,18500,18350.0,CE
2022-02-22 09:48:00,5.0,5.05,5.0,5.05,100,18600,18350.0,CE
2022-02-22 09:49:00,5.05,5.05,4.95,4.95,250,18600,18350.0,CE
2022-02-22 09:50:00,4.95,5.1,4.95,5.1,250,18700,18350.0,CE
2022-02-22 09:51:00,5.1,5.1,5.1,5.1,100,18700,18350.0,CE
2022-02-22 09:52:00,5.1,5.4,5.1,5.1,1150,18700,18350.0,CE
2022-02-22 09:53:00,5.1,5.1,5.1,5.1,200,18700,18350.0,CE
2022-02-22 09:54:00,5.05,5.05,5.05,5.05,100,19200,18350.0,CE
2022-02-22 09:55:00,5.0,5.25,5.0,5.25,250,19200,18350.0,CE
2022-02-22 09:56:00,5.15,5.15,5.15,5.15,300,19200,18350.0,CE
2022-02-22 09:58:00,5.1,5.1,5.1,5.1,50,19550,18350.0,CE
2022-02-22 10:00:00,5.05,5.1,5.05,5.1,300,19500,18350.0,CE
2022-02-22 10:02:00,5.05,5.05,5.05,5.05,50,19500,18350.0,CE
2022-02-22 10:03:00,5.0,5.0,5.0,5.0,400,19600,18350.0,CE
2022-02-22 10:05:00,5.0,5.0,5.0,5.0,100,19400,18350.0,CE
2022-02-22 10:06:00,4.9,4.9,4.9,4.9,1050,19400,18350.0,CE
2022-02-22 10:07:00,4.7,4.7,4.7,4.7,400,19400,18350.0,CE
2022-02-22 10:10:00,4.75,4.8,4.7,4.8,450,19350,18350.0,CE
2022-02-22 10:11:00,4.9,4.9,4.9,4.9,400,19500,18350.0,CE
2022-02-22 10:12:00,4.85,4.85,4.85,4.85,200,19500,18350.0,CE
2022-02-22 10:13:00,4.85,4.95,4.85,4.95,350,19500,18350.0,CE
2022-02-22 10:14:00,4.95,4.95,4.95,4.95,50,19500,18350.0,CE
2022-02-22 10:15:00,4.85,4.85,4.85,4.85,50,19650,18350.0,CE
2022-02-22 10:17:00,5.05,5.05,5.05,5.05,100,19700,18350.0,CE
2022-02-22 10:19:00,4.95,5.0,4.95,5.0,350,19700,18350.0,CE
2022-02-22 10:20:00,5.0,5.0,5.0,5.0,50,19700,18350.0,CE
2022-02-22 10:21:00,4.85,4.9,4.85,4.85,450,19550,18350.0,CE
2022-02-22 10:22:00,4.85,4.85,4.85,4.85,50,19550,18350.0,CE
2022-02-22 10:23:00,4.85,4.85,4.85,4.85,500,19550,18350.0,CE
2022-02-22 10:25:00,4.9,4.9,4.9,4.9,100,20200,18350.0,CE
2022-02-22 10:26:00,4.9,4.9,4.9,4.9,50,20200,18350.0,CE
2022-02-22 10:28:00,4.95,4.95,4.95,4.95,350,20050,18350.0,CE
2022-02-22 10:29:00,4.95,4.95,4.95,4.95,100,19950,18350.0,CE
2022-02-22 10:30:00,4.95,5.0,4.95,4.95,450,19950,18350.0,CE
2022-02-22 10:34:00,4.85,4.85,4.85,4.85,100,20200,18350.0,CE
2022-02-22 10:35:00,4.95,4.95,4.95,4.95,50,20200,18350.0,CE
2022-02-22 10:37:00,4.9,4.9,4.9,4.9,100,20250,18350.0,CE
2022-02-22 10:40:00,4.75,4.75,4.75,4.75,50,21850,18350.0,CE
2022-02-22 10:41:00,4.7,4.7,4.7,4.7,300,22150,18350.0,CE
2022-02-22 10:42:00,4.6,4.65,4.6,4.65,500,22150,18350.0,CE
2022-02-22 10:43:00,4.65,4.65,4.65,4.65,400,22150,18350.0,CE
2022-02-22 10:44:00,4.65,4.65,4.6,4.6,150,22150,18350.0,CE
2022-02-22 10:45:00,4.6,4.65,4.6,4.65,650,22100,18350.0,CE
2022-02-22 10:46:00,4.65,4.65,4.65,4.65,400,22100,18350.0,CE
2022-02-22 10:48:00,4.6,4.6,4.6,4.6,50,22250,18350.0,CE
2022-02-22 10:49:00,4.6,4.6,4.6,4.6,350,22250,18350.0,CE
2022-02-22 10:50:00,4.65,4.65,4.65,4.65,50,22250,18350.0,CE
2022-02-22 10:51:00,4.55,4.65,4.55,4.55,700,21900,18350.0,CE
2022-02-22 10:52:00,4.55,4.55,4.55,4.55,150,21900,18350.0,CE
2022-02-22 10:54:00,4.6,4.65,4.6,4.65,100,22500,18350.0,CE
2022-02-22 10:55:00,4.7,4.7,4.7,4.7,50,22500,18350.0,CE
2022-02-22 10:56:00,4.65,4.65,4.65,4.65,50,22500,18350.0,CE
2022-02-22 10:59:00,4.8,4.8,4.8,4.8,150,22350,18350.0,CE
2022-02-22 11:00:00,4.75,4.85,4.65,4.65,200,22350,18350.0,CE
2022-02-22 11:01:00,4.8,4.9,4.8,4.9,300,22350,18350.0,CE
2022-02-22 11:02:00,4.85,4.9,4.85,4.9,350,22350,18350.0,CE
2022-02-22 11:03:00,5.1,5.1,5.1,5.1,1150,20650,18350.0,CE
2022-02-22 11:04:00,5.1,5.1,5.0,5.1,450,20650,18350.0,CE
2022-02-22 11:05:00,5.15,5.5,5.15,5.5,16200,32700,18350.0,CE
2022-02-22 11:06:00,5.55,5.55,5.5,5.5,3250,32700,18350.0,CE
2022-02-22 11:07:00,5.3,5.35,5.2,5.2,750,32700,18350.0,CE
2022-02-22 11:08:00,5.35,5.4,5.35,5.4,400,32700,18350.0,CE
2022-02-22 11:09:00,5.5,5.55,5.5,5.55,1700,36550,18350.0,CE
2022-02-22 11:10:00,5.55,5.55,5.55,5.55,900,36550,18350.0,CE
2022-02-22 11:11:00,5.5,5.5,5.45,5.45,650,36550,18350.0,CE
2022-02-22 11:13:00,5.35,5.35,5.35,5.35,1050,35700,18350.0,CE
2022-02-22 11:14:00,5.45,5.8,5.45,5.7,16750,35700,18350.0,CE
2022-02-22 11:15:00,5.65,5.65,5.65,5.65,400,50550,18350.0,CE
2022-02-22 11:16:00,5.7,5.8,5.6,5.75,5650,50550,18350.0,CE
2022-02-22 11:17:00,5.85,5.85,5.85,5.85,400,50550,18350.0,CE
2022-02-22 11:18:00,5.8,5.85,5.8,5.8,200,53700,18350.0,CE
2022-02-22 11:19:00,5.75,5.75,5.75,5.75,100,53700,18350.0,CE
2022-02-22 11:20:00,5.85,5.85,5.8,5.8,150,53700,18350.0,CE
2022-02-22 11:21:00,5.8,5.95,5.8,5.8,200,53450,18350.0,CE
2022-02-22 11:23:00,5.75,5.8,5.7,5.8,700,53450,18350.0,CE
2022-02-22 11:24:00,5.95,5.95,5.95,5.95,50,53400,18350.0,CE
2022-02-22 11:25:00,5.95,5.95,5.9,5.95,1300,53400,18350.0,CE
2022-02-22 11:26:00,5.95,6.0,5.95,6.0,5000,53400,18350.0,CE
2022-02-22 11:27:00,5.95,5.95,5.95,5.95,500,58700,18350.0,CE
2022-02-22 11:28:00,5.95,6.0,5.95,6.0,1350,58700,18350.0,CE
2022-02-22 11:29:00,6.0,6.0,6.0,6.0,300,58700,18350.0,CE
2022-02-22 11:30:00,6.05,6.1,5.95,6.1,4650,59550,18350.0,CE
2022-02-22 11:31:00,6.1,6.1,6.0,6.0,350,59550,18350.0,CE
2022-02-22 11:32:00,6.05,6.1,5.95,6.1,1150,59550,18350.0,CE
2022-02-22 11:33:00,6.1,6.1,6.0,6.0,650,62800,18350.0,CE
2022-02-22 11:34:00,6.1,6.15,6.0,6.15,950,62800,18350.0,CE
2022-02-22 11:35:00,6.1,6.1,5.95,6.0,1100,62800,18350.0,CE
2022-02-22 11:36:00,5.95,6.05,5.85,5.95,3000,62700,18350.0,CE
2022-02-22 11:37:00,5.95,6.0,5.9,5.9,1900,62700,18350.0,CE
2022-02-22 11:38:00,6.0,6.0,5.85,6.0,4750,62700,18350.0,CE
2022-02-22 11:39:00,5.85,5.85,5.85,5.85,150,67050,18350.0,CE
2022-02-22 11:40:00,5.85,6.05,5.85,6.0,3500,67050,18350.0,CE
2022-02-22 11:41:00,6.1,6.1,5.95,5.95,2700,67050,18350.0,CE
2022-02-22 11:42:00,5.9,6.0,5.8,5.9,4500,71550,18350.0,CE
2022-02-22 11:43:00,6.0,6.0,5.8,5.8,5000,71550,18350.0,CE
2022-02-22 11:44:00,5.95,6.0,5.95,6.0,7300,71550,18350.0,CE
2022-02-22 11:45:00,6.0,6.0,6.0,6.0,1750,84800,18350.0,CE
2022-02-22 11:46:00,5.9,6.2,5.9,6.2,8700,84800,18350.0,CE
2022-02-22 11:47:00,6.1,6.1,6.1,6.1,1000,84800,18350.0,CE
2022-02-22 11:48:00,6.0,6.0,6.0,6.0,300,95200,18350.0,CE
2022-02-22 11:50:00,6.0,6.0,5.9,5.9,1500,95200,18350.0,CE
2022-02-22 11:51:00,5.95,6.0,5.95,6.0,1850,95350,18350.0,CE
2022-02-22 11:52:00,5.9,5.9,5.85,5.9,650,95350,18350.0,CE
2022-02-22 11:53:00,5.85,5.85,5.8,5.8,800,95350,18350.0,CE
2022-02-22 11:54:00,5.95,5.95,5.85,5.95,950,95350,18350.0,CE
2022-02-22 11:55:00,5.85,5.85,5.75,5.75,950,95350,18350.0,CE
2022-02-22 11:56:00,5.55,5.55,5.4,5.5,2400,95350,18350.0,CE
2022-02-22 11:57:00,5.45,5.6,5.45,5.6,4300,95450,18350.0,CE
2022-02-22 11:58:00,5.6,5.65,5.55,5.65,5350,95450,18350.0,CE
2022-02-22 11:59:00,5.6,5.75,5.6,5.6,5650,95450,18350.0,CE
2022-02-22 12:00:00,5.6,5.85,5.6,5.85,2150,102550,18350.0,CE
2022-02-22 12:01:00,5.7,5.7,5.6,5.6,1400,102550,18350.0,CE
2022-02-22 12:02:00,5.55,5.7,5.55,5.7,300,102550,18350.0,CE
2022-02-22 12:03:00,5.75,5.75,5.75,5.75,500,102550,18350.0,CE
2022-02-22 12:04:00,5.6,5.7,5.6,5.7,250,102150,18350.0,CE
2022-02-22 12:05:00,5.7,5.7,5.6,5.6,600,102150,18350.0,CE
2022-02-22 12:06:00,5.75,5.75,5.75,5.75,2800,102500,18350.0,CE
2022-02-22 12:07:00,5.85,5.85,5.85,5.85,2700,102500,18350.0,CE
2022-02-22 12:08:00,5.8,5.8,5.8,5.8,200,102500,18350.0,CE
2022-02-22 12:09:00,5.85,5.85,5.85,5.85,550,107900,18350.0,CE
2022-02-22 12:10:00,5.95,6.0,5.9,5.9,2150,107900,18350.0,CE
2022-02-22 12:11:00,5.7,5.7,5.7,5.7,100,107900,18350.0,CE
2022-02-22 12:12:00,5.85,5.95,5.85,5.9,2350,109350,18350.0,CE
2022-02-22 12:13:00,5.85,5.85,5.85,5.85,450,109350,18350.0,CE
2022-02-22 12:15:00,5.65,5.65,5.55,5.55,200,108700,18350.0,CE
2022-02-22 12:16:00,5.7,6.0,5.7,5.9,11150,108700,18350.0,CE
2022-02-22 12:17:00,6.0,6.0,5.9,6.0,12150,108700,18350.0,CE
2022-02-22 12:18:00,5.95,5.95,5.9,5.9,600,126900,18350.0,CE
2022-02-22 12:19:00,5.9,5.9,5.9,5.9,800,126900,18350.0,CE
2022-02-22 12:20:00,5.9,6.0,5.9,6.0,13700,126900,18350.0,CE
2022-02-22 12:21:00,6.0,6.1,6.0,6.0,3600,140300,18350.0,CE
2022-02-22 12:22:00,6.0,6.05,6.0,6.05,4500,140300,18350.0,CE
2022-02-22 12:23:00,6.0,6.0,6.0,6.0,900,140300,18350.0,CE
2022-02-22 12:24:00,5.95,5.95,5.95,5.95,50,152450,18350.0,CE
2022-02-22 12:26:00,5.8,5.8,5.8,5.8,100,152450,18350.0,CE
2022-02-22 12:27:00,5.85,5.85,5.85,5.85,1450,152550,18350.0,CE
2022-02-22 12:28:00,5.9,5.9,5.9,5.9,800,152550,18350.0,CE
2022-02-22 12:31:00,5.9,5.9,5.9,5.9,850,155150,18350.0,CE
2022-02-22 12:33:00,5.85,6.0,5.8,6.0,4300,155150,18350.0,CE
2022-02-22 12:35:00,5.9,5.95,5.9,5.95,400,155150,18350.0,CE
2022-02-22 12:37:00,5.95,6.1,5.95,6.1,3050,157600,18350.0,CE
2022-02-22 12:38:00,6.2,6.25,6.05,6.05,10650,157600,18350.0,CE
2022-02-22 12:40:00,6.0,6.0,6.0,6.0,700,160800,18350.0,CE
2022-02-22 12:43:00,5.9,5.9,5.9,5.9,400,160500,18350.0,CE
2022-02-22 12:45:00,5.85,5.85,5.85,5.85,50,159450,18350.0,CE
2022-02-22 12:46:00,5.85,5.85,5.85,5.85,100,159450,18350.0,CE
2022-02-22 12:47:00,5.75,5.75,5.75,5.75,100,159450,18350.0,CE
2022-02-22 12:49:00,5.8,5.8,5.8,5.8,50,157400,18350.0,CE
2022-02-22 12:50:00,5.85,5.85,5.85,5.85,50,157400,18350.0,CE
2022-02-22 12:52:00,5.75,5.75,5.75,5.75,100,157400,18350.0,CE
2022-02-22 12:56:00,5.75,5.75,5.75,5.75,400,157400,18350.0,CE
2022-02-22 12:57:00,5.7,5.7,5.7,5.7,150,157300,18350.0,CE
2022-02-22 12:58:00,5.7,5.7,5.7,5.7,100,157300,18350.0,CE
2022-02-22 12:59:00,5.7,5.7,5.7,5.7,100,157300,18350.0,CE
2022-02-22 13:02:00,5.7,5.7,5.7,5.7,50,157150,18350.0,CE
2022-02-22 13:04:00,5.65,5.65,5.65,5.65,50,157150,18350.0,CE
2022-02-22 13:05:00,5.65,5.65,5.65,5.65,50,157150,18350.0,CE
2022-02-22 13:10:00,5.7,5.75,5.7,5.75,100,157150,18350.0,CE
2022-02-22 13:11:00,5.65,5.65,5.65,5.65,50,157150,18350.0,CE
2022-02-22 13:12:00,5.8,5.8,5.8,5.8,50,157200,18350.0,CE
2022-02-22 13:13:00,5.7,5.7,5.7,5.7,50,157200,18350.0,CE
2022-02-22 13:17:00,5.7,5.7,5.65,5.65,300,157250,18350.0,CE
2022-02-22 13:18:00,5.65,5.65,5.65,5.65,850,157250,18350.0,CE
2022-02-22 13:20:00,5.65,5.65,5.65,5.65,150,157250,18350.0,CE
2022-02-22 13:22:00,5.65,5.65,5.65,5.65,100,157250,18350.0,CE
2022-02-22 13:23:00,5.8,5.85,5.8,5.85,5900,157250,18350.0,CE
2022-02-22 13:27:00,5.75,5.75,5.75,5.75,50,161650,18350.0,CE
2022-02-22 13:28:00,5.75,5.75,5.75,5.75,400,161650,18350.0,CE
2022-02-22 13:29:00,5.75,5.75,5.75,5.75,400,161650,18350.0,CE
2022-02-22 13:30:00,5.75,5.75,5.75,5.75,50,161650,18350.0,CE
2022-02-22 13:31:00,5.7,5.8,5.7,5.8,300,161600,18350.0,CE
2022-02-22 13:33:00,5.85,5.85,5.85,5.85,50,161600,18350.0,CE
2022-02-22 13:34:00,5.85,5.85,5.85,5.85,100,161800,18350.0,CE
2022-02-22 13:37:00,5.75,5.75,5.75,5.75,200,161800,18350.0,CE
2022-02-22 13:38:00,5.75,5.75,5.7,5.7,550,161800,18350.0,CE
2022-02-22 13:40:00,5.7,5.7,5.7,5.7,1100,162200,18350.0,CE
2022-02-22 13:41:00,5.65,5.65,5.65,5.65,200,162200,18350.0,CE
2022-02-22 13:42:00,5.8,5.8,5.8,5.8,100,162200,18350.0,CE
2022-02-22 13:44:00,5.7,5.7,5.65,5.65,200,162200,18350.0,CE
2022-02-22 13:45:00,5.65,5.65,5.65,5.65,50,162300,18350.0,CE
2022-02-22 13:46:00,5.65,5.65,5.65,5.65,1600,162300,18350.0,CE
2022-02-22 13:47:00,5.65,5.65,5.65,5.65,100,162300,18350.0,CE
2022-02-22 13:52:00,5.7,5.7,5.7,5.7,50,162300,18350.0,CE
2022-02-22 13:54:00,5.7,5.7,5.7,5.7,50,162250,18350.0,CE
2022-02-22 13:58:00,5.85,5.9,5.85,5.9,900,162250,18350.0,CE
2022-02-22 14:00:00,5.95,6.0,5.95,6.0,550,162300,18350.0,CE
2022-02-22 14:01:00,6.2,6.2,5.75,6.0,7750,162300,18350.0,CE
2022-02-22 14:02:00,6.1,6.4,6.1,6.4,11650,162300,18350.0,CE
2022-02-22 14:03:00,6.3,6.5,6.2,6.25,6600,176650,18350.0,CE
2022-02-22 14:04:00,6.2,6.25,6.15,6.25,3850,176650,18350.0,CE
2022-02-22 14:05:00,6.15,6.4,6.15,6.35,11900,176650,18350.0,CE
2022-02-22 14:06:00,6.3,6.3,6.25,6.25,1200,176650,18350.0,CE
2022-02-22 14:07:00,6.05,6.05,6.05,6.05,400,189500,18350.0,CE
2022-02-22 14:08:00,6.1,6.1,6.05,6.1,550,189500,18350.0,CE
2022-02-22 14:09:00,6.05,6.15,6.05,6.15,150,189250,18350.0,CE
2022-02-22 14:10:00,6.15,6.15,6.05,6.05,1350,189250,18350.0,CE
2022-02-22 14:11:00,6.15,6.15,6.05,6.05,150,189250,18350.0,CE
2022-02-22 14:12:00,6.0,6.05,5.95,6.05,750,189900,18350.0,CE
2022-02-22 14:13:00,6.05,6.05,5.9,5.9,2350,189900,18350.0,CE
2022-02-22 14:14:00,5.95,5.95,5.85,5.85,350,189900,18350.0,CE
2022-02-22 14:15:00,6.0,6.2,6.0,6.2,1200,189650,18350.0,CE
2022-02-22 14:16:00,6.3,6.3,5.9,5.95,3350,189650,18350.0,CE
2022-02-22 14:17:00,5.95,5.95,5.9,5.95,1000,189650,18350.0,CE
2022-02-22 14:18:00,6.1,6.1,6.1,6.1,1500,189650,18350.0,CE
2022-02-22 14:19:00,6.15,6.2,5.75,5.75,4350,190150,18350.0,CE
2022-02-22 14:20:00,5.75,5.95,5.75,5.9,5250,190150,18350.0,CE
2022-02-22 14:21:00,6.0,6.45,6.0,6.45,2100,195150,18350.0,CE
2022-02-22 14:22:00,6.45,6.45,6.3,6.4,300,195150,18350.0,CE
2022-02-22 14:23:00,6.55,6.55,6.3,6.35,1650,195150,18350.0,CE
2022-02-22 14:24:00,6.55,6.65,6.5,6.65,2850,195450,18350.0,CE
2022-02-22 14:25:00,6.65,6.8,6.65,6.8,3500,195450,18350.0,CE
2022-02-22 14:26:00,6.8,6.8,6.8,6.8,10150,195450,18350.0,CE
2022-02-22 14:27:00,6.8,6.8,6.75,6.75,1500,195500,18350.0,CE
2022-02-22 14:28:00,6.65,6.85,6.65,6.85,1900,195500,18350.0,CE
2022-02-22 14:29:00,6.85,7.05,6.55,6.55,12500,195500,18350.0,CE
2022-02-22 14:30:00,6.55,6.7,6.55,6.6,800,195500,18350.0,CE
2022-02-22 14:31:00,6.6,6.85,6.6,6.85,1150,214400,18350.0,CE
2022-02-22 14:32:00,6.9,6.9,6.7,6.8,2400,214400,18350.0,CE
2022-02-22 14:33:00,6.7,6.7,6.55,6.55,3300,214250,18350.0,CE
2022-02-22 14:34:00,6.55,6.9,6.5,6.9,3900,214250,18350.0,CE
2022-02-22 14:35:00,6.95,7.05,6.95,7.05,500,214250,18350.0,CE
2022-02-22 14:36:00,6.95,6.95,6.75,6.75,1150,214200,18350.0,CE
2022-02-22 14:37:00,6.8,6.8,6.65,6.65,1400,214200,18350.0,CE
2022-02-22 14:38:00,6.85,6.85,6.7,6.7,1450,214200,18350.0,CE
2022-02-22 14:39:00,6.5,6.95,6.5,6.85,11100,215450,18350.0,CE
2022-02-22 14:40:00,6.9,6.9,6.7,6.7,2800,215450,18350.0,CE
2022-02-22 14:41:00,6.7,6.7,6.55,6.55,3800,215450,18350.0,CE
2022-02-22 14:42:00,6.55,6.55,6.35,6.35,5800,229400,18350.0,CE
2022-02-22 14:43:00,6.35,6.45,6.2,6.2,6000,229400,18350.0,CE
2022-02-22 14:44:00,6.35,6.4,6.25,6.4,2100,229400,18350.0,CE
2022-02-22 14:45:00,6.55,6.65,6.3,6.65,8700,229350,18350.0,CE
2022-02-22 14:46:00,6.6,6.7,6.6,6.7,100,229350,18350.0,CE
2022-02-22 14:47:00,6.55,6.55,6.45,6.45,750,229350,18350.0,CE
2022-02-22 14:48:00,6.35,6.45,6.35,6.35,850,234550,18350.0,CE
2022-02-22 14:49:00,6.4,6.5,6.35,6.35,2050,234550,18350.0,CE
2022-02-22 14:50:00,6.5,6.5,6.5,6.5,100,234550,18350.0,CE
2022-02-22 14:51:00,6.5,6.55,6.5,6.55,1900,234550,18350.0,CE
2022-02-22 14:52:00,6.65,6.95,6.65,6.95,13500,239100,18350.0,CE
2022-02-22 14:53:00,6.9,7.0,6.75,6.75,6800,239100,18350.0,CE
2022-02-22 14:54:00,6.65,6.65,6.6,6.65,300,252250,18350.0,CE
2022-02-22 14:55:00,6.55,6.55,6.55,6.55,400,252250,18350.0,CE
2022-02-22 14:56:00,6.6,6.7,6.6,6.6,600,252250,18350.0,CE
2022-02-22 14:58:00,6.45,6.45,6.4,6.4,1750,252300,18350.0,CE
2022-02-22 14:59:00,6.6,6.75,6.5,6.75,2050,252300,18350.0,CE
2022-02-22 15:00:00,6.8,6.85,6.0,6.1,2600,252300,18350.0,CE
2022-02-22 15:01:00,6.4,6.4,6.2,6.2,1000,253700,18350.0,CE
2022-02-22 15:02:00,6.2,6.25,6.0,6.0,1950,253700,18350.0,CE
2022-02-22 15:03:00,6.2,6.25,6.05,6.05,550,253750,18350.0,CE
2022-02-22 15:04:00,6.1,6.15,6.0,6.15,700,253750,18350.0,CE
2022-02-22 15:05:00,6.1,6.1,6.0,6.1,9550,253750,18350.0,CE
2022-02-22 15:06:00,6.0,6.0,5.9,5.9,550,258500,18350.0,CE
2022-02-22 15:07:00,6.1,6.1,6.1,6.1,650,258500,18350.0,CE
2022-02-22 15:08:00,6.2,6.3,6.15,6.2,3900,258500,18350.0,CE
2022-02-22 15:09:00,6.2,6.35,6.2,6.35,1950,258500,18350.0,CE
2022-02-22 15:10:00,6.35,6.4,6.15,6.25,2300,258850,18350.0,CE
2022-02-22 15:11:00,6.3,6.3,6.2,6.3,5200,258850,18350.0,CE
2022-02-22 15:12:00,6.3,6.3,6.25,6.25,650,258850,18350.0,CE
2022-02-22 15:13:00,6.1,6.1,6.0,6.0,350,261650,18350.0,CE
2022-02-22 15:14:00,6.0,6.0,6.0,6.0,800,261650,18350.0,CE
2022-02-22 15:15:00,6.0,6.05,5.95,6.05,3450,263000,18350.0,CE
2022-02-22 15:16:00,6.05,6.05,5.8,5.8,1900,263000,18350.0,CE
2022-02-22 15:17:00,5.9,5.9,5.8,5.8,350,263000,18350.0,CE
2022-02-22 15:18:00,5.85,5.9,5.85,5.9,100,263700,18350.0,CE
2022-02-22 15:19:00,5.8,5.95,5.8,5.9,150,263700,18350.0,CE
2022-02-22 15:20:00,5.9,5.9,5.9,5.9,1050,263700,18350.0,CE
2022-02-22 15:21:00,5.95,6.0,5.9,5.9,1750,263500,18350.0,CE
2022-02-22 15:22:00,5.95,6.15,5.9,6.1,22750,263500,18350.0,CE
2022-02-22 15:23:00,6.05,6.05,6.0,6.0,750,263500,18350.0,CE
2022-02-22 15:24:00,6.0,6.0,5.8,5.85,3800,280850,18350.0,CE
2022-02-22 15:25:00,5.85,5.95,5.65,5.7,2650,280850,18350.0,CE
2022-02-22 15:26:00,5.55,5.65,5.55,5.6,1850,280850,18350.0,CE
2022-02-22 15:27:00,5.65,5.75,5.65,5.75,2150,280850,18350.0,CE
2022-02-22 15:28:00,5.7,5.7,5.7,5.7,500,282900,18350.0,CE
2022-02-22 15:29:00,5.95,5.95,5.2,5.8,3900,282900,18350.0,CE
2022-02-23 09:16:00,6.55,6.55,6.1,6.3,2001,281400,18350.0,CE
2022-02-23 09:17:00,6.15,6.15,6.0,6.0,1600,281400,18350.0,CE
2022-02-23 09:18:00,6.0,6.05,6.0,6.05,550,283300,18350.0,CE
2022-02-23 09:19:00,6.25,6.25,6.2,6.25,1200,283300,18350.0,CE
2022-02-23 09:20:00,6.2,6.2,6.1,6.2,800,283300,18350.0,CE
2022-02-23 09:21:00,6.15,6.15,6.1,6.15,400,283550,18350.0,CE
2022-02-23 09:22:00,6.2,6.2,6.1,6.1,250,283550,18350.0,CE
2022-02-23 09:23:00,6.05,6.15,5.65,5.65,6450,283950,18350.0,CE
2022-02-23 09:24:00,5.85,5.95,5.7,5.85,3150,283950,18350.0,CE
2022-02-23 09:25:00,5.75,5.75,5.55,5.55,300,283950,18350.0,CE
2022-02-23 09:26:00,5.7,5.75,5.6,5.6,950,282700,18350.0,CE
2022-02-23 09:27:00,5.65,5.8,5.6,5.7,6150,282700,18350.0,CE
2022-02-23 09:28:00,5.75,5.75,5.75,5.75,750,282700,18350.0,CE
2022-02-23 09:29:00,5.85,5.9,5.75,5.75,1000,282900,18350.0,CE
2022-02-23 09:30:00,5.7,5.8,5.7,5.8,900,282900,18350.0,CE
2022-02-23 09:31:00,5.7,5.7,5.65,5.65,300,282900,18350.0,CE
2022-02-23 09:32:00,5.7,5.75,5.6,5.75,600,282900,18350.0,CE
2022-02-23 09:33:00,5.85,5.95,5.85,5.95,400,282250,18350.0,CE
2022-02-23 09:34:00,5.95,5.95,5.75,5.75,200,282250,18350.0,CE
2022-02-23 09:35:00,5.8,5.8,5.7,5.7,500,282400,18350.0,CE
2022-02-23 09:36:00,5.75,5.75,5.65,5.65,500,282400,18350.0,CE
2022-02-23 09:37:00,5.7,5.85,5.7,5.8,1700,282400,18350.0,CE
2022-02-23 09:38:00,5.85,5.85,5.85,5.85,300,283050,18350.0,CE
2022-02-23 09:39:00,5.85,5.85,5.75,5.75,650,283050,18350.0,CE
2022-02-23 09:40:00,5.7,5.7,5.55,5.55,500,283050,18350.0,CE
2022-02-23 09:41:00,5.5,5.5,5.5,5.5,300,284350,18350.0,CE
2022-02-23 09:42:00,5.65,5.8,5.55,5.65,850,284350,18350.0,CE
2022-02-23 09:43:00,5.6,5.6,5.6,5.6,100,284350,18350.0,CE
2022-02-23 09:44:00,5.75,5.75,5.6,5.6,500,284350,18350.0,CE
2022-02-23 09:45:00,5.35,5.35,5.3,5.3,500,284800,18350.0,CE
2022-02-23 09:46:00,5.4,5.4,5.25,5.25,500,284800,18350.0,CE
2022-02-23 09:47:00,5.2,5.55,5.2,5.55,1150,284600,18350.0,CE
2022-02-23 09:48:00,5.45,5.55,5.4,5.4,1200,284600,18350.0,CE
2022-02-23 09:49:00,5.3,5.45,5.25,5.25,500,284600,18350.0,CE
2022-02-23 09:50:00,5.2,5.25,5.2,5.25,600,284600,18350.0,CE
2022-02-23 09:51:00,5.2,5.3,5.1,5.25,5800,285150,18350.0,CE
2022-02-23 09:52:00,5.35,5.35,5.15,5.3,1400,285150,18350.0,CE
2022-02-23 09:53:00,5.15,5.3,5.15,5.15,1200,285150,18350.0,CE
2022-02-23 09:54:00,5.3,5.3,5.15,5.15,1000,285450,18350.0,CE
2022-02-23 09:55:00,5.05,5.05,5.05,5.05,100,285450,18350.0,CE
2022-02-23 09:56:00,5.05,5.05,5.05,5.05,50,285450,18350.0,CE
2022-02-23 09:57:00,5.0,5.05,5.0,5.05,300,284950,18350.0,CE
2022-02-23 09:58:00,5.05,5.3,5.05,5.3,1550,284950,18350.0,CE
2022-02-23 09:59:00,5.3,5.35,5.1,5.25,2550,284000,18350.0,CE
2022-02-23 10:00:00,5.05,5.2,5.0,5.0,700,284000,18350.0,CE
2022-02-23 10:01:00,5.0,5.0,5.0,5.0,50,284000,18350.0,CE
2022-02-23 10:02:00,4.85,5.1,4.85,5.1,1300,283900,18350.0,CE
2022-02-23 10:03:00,5.05,5.05,5.0,5.0,2100,283900,18350.0,CE
2022-02-23 10:04:00,5.05,5.05,5.0,5.0,150,283900,18350.0,CE
2022-02-23 10:05:00,5.0,5.1,5.0,5.1,850,283100,18350.0,CE
2022-02-23 10:07:00,5.0,5.0,4.85,4.85,750,283100,18350.0,CE
2022-02-23 10:08:00,4.8,4.8,4.8,4.8,1550,283100,18350.0,CE
2022-02-23 10:09:00,4.8,4.9,4.8,4.9,400,283300,18350.0,CE
2022-02-23 10:10:00,4.85,4.95,4.8,4.95,400,283300,18350.0,CE
2022-02-23 10:11:00,4.75,4.95,4.75,4.95,2200,283300,18350.0,CE
2022-02-23 10:12:00,4.8,4.8,4.8,4.8,8900,283250,18350.0,CE
2022-02-23 10:13:00,4.85,4.95,4.85,4.95,300,283250,18350.0,CE
2022-02-23 10:14:00,4.9,4.9,4.8,4.9,1450,291500,18350.0,CE
2022-02-23 10:15:00,4.85,4.85,4.85,4.85,450,291500,18350.0,CE
2022-02-23 10:16:00,4.85,5.0,4.85,5.0,1300,291500,18350.0,CE
2022-02-23 10:17:00,5.0,5.0,4.95,4.95,1250,291500,18350.0,CE
2022-02-23 10:18:00,4.85,4.85,4.8,4.8,600,291200,18350.0,CE
2022-02-23 10:19:00,4.85,4.85,4.8,4.8,1500,291200,18350.0,CE
2022-02-23 10:20:00,4.75,4.75,4.65,4.7,1350,291550,18350.0,CE
2022-02-23 10:21:00,4.8,4.8,4.6,4.6,450,291550,18350.0,CE
2022-02-23 10:22:00,4.5,4.5,4.5,4.5,250,291550,18350.0,CE
2022-02-23 10:23:00,4.5,4.65,4.5,4.65,2000,291000,18350.0,CE
2022-02-23 10:24:00,4.65,4.65,4.65,4.65,450,291000,18350.0,CE
2022-02-23 10:25:00,4.65,4.65,4.55,4.65,1200,291000,18350.0,CE
2022-02-23 10:26:00,4.7,4.7,4.7,4.7,150,291000,18350.0,CE
2022-02-23 10:28:00,4.55,4.55,4.55,4.55,400,292350,18350.0,CE
2022-02-23 10:30:00,4.55,4.55,4.5,4.5,550,293250,18350.0,CE
2022-02-23 10:32:00,4.55,4.55,4.45,4.45,650,292450,18350.0,CE
2022-02-23 10:33:00,4.45,4.45,4.45,4.45,700,292450,18350.0,CE
2022-02-23 10:34:00,4.45,4.45,4.45,4.45,100,292450,18350.0,CE
2022-02-23 10:35:00,4.4,4.4,4.4,4.4,300,292450,18350.0,CE
2022-02-23 10:36:00,4.35,4.35,4.35,4.35,100,291750,18350.0,CE
2022-02-23 10:37:00,4.35,4.35,4.35,4.35,400,291750,18350.0,CE
2022-02-23 10:38:00,4.35,4.4,4.1,4.1,2450,291750,18350.0,CE
2022-02-23 10:39:00,4.3,4.45,4.3,4.45,1100,289000,18350.0,CE
2022-02-23 10:40:00,4.45,4.45,4.45,4.45,600,289000,18350.0,CE
2022-02-23 10:41:00,4.55,4.55,4.5,4.5,500,289000,18350.0,CE
2022-02-23 10:42:00,4.6,4.6,4.6,4.6,600,288900,18350.0,CE
2022-02-23 10:43:00,4.65,4.65,4.65,4.65,200,288900,18350.0,CE
2022-02-23 10:44:00,4.6,4.6,4.6,4.6,50,288900,18350.0,CE
2022-02-23 10:45:00,4.65,4.7,4.65,4.7,1100,282250,18350.0,CE
2022-02-23 10:46:00,4.7,4.7,4.7,4.7,100,282250,18350.0,CE
2022-02-23 10:47:00,4.6,4.6,4.6,4.6,200,282250,18350.0,CE
2022-02-23 10:48:00,4.55,4.55,4.55,4.55,100,282450,18350.0,CE
2022-02-23 10:49:00,4.55,4.55,4.5,4.5,300,282450,18350.0,CE
2022-02-23 10:50:00,4.55,4.55,4.5,4.5,400,282850,18350.0,CE
2022-02-23 10:51:00,4.55,4.65,4.5,4.65,650,282850,18350.0,CE
2022-02-23 10:52:00,4.65,4.65,4.65,4.65,100,282850,18350.0,CE
2022-02-23 10:53:00,4.65,4.65,4.65,4.65,50,282850,18350.0,CE
2022-02-23 10:55:00,4.45,4.45,4.45,4.45,100,283400,18350.0,CE
2022-02-23 10:56:00,4.45,4.5,4.45,4.5,600,283400,18350.0,CE
2022-02-23 10:57:00,4.5,4.5,4.5,4.5,100,282950,18350.0,CE
2022-02-23 10:59:00,4.55,4.55,4.55,4.55,150,282950,18350.0,CE
2022-02-23 11:00:00,4.45,4.45,4.45,4.45,50,283200,18350.0,CE
2022-02-23 11:02:00,4.4,4.5,4.35,4.35,2700,283200,18350.0,CE
2022-02-23 11:03:00,4.5,4.5,4.5,4.5,900,282750,18350.0,CE
2022-02-23 11:04:00,4.4,4.5,4.4,4.45,3700,282750,18350.0,CE
2022-02-23 11:05:00,4.5,4.6,4.45,4.6,5450,287450,18350.0,CE
2022-02-23 11:06:00,4.55,4.6,4.5,4.6,4050,287450,18350.0,CE
2022-02-23 11:07:00,4.65,4.65,4.55,4.55,5950,287450,18350.0,CE
2022-02-23 11:08:00,4.6,4.6,4.5,4.5,1100,287450,18350.0,CE
2022-02-23 11:09:00,4.5,4.6,4.5,4.6,7000,294900,18350.0,CE
2022-02-23 11:10:00,4.45,4.65,4.45,4.5,2600,294900,18350.0,CE
2022-02-23 11:11:00,4.5,4.55,4.4,4.4,4150,294900,18350.0,CE
2022-02-23 11:12:00,4.4,4.45,4.4,4.45,250,305250,18350.0,CE
2022-02-23 11:13:00,4.35,4.35,4.35,4.35,150,305250,18350.0,CE
2022-02-23 11:15:00,4.35,4.6,4.35,4.6,5450,305250,18350.0,CE
2022-02-23 11:16:00,4.6,4.7,4.6,4.7,4150,305250,18350.0,CE
2022-02-23 11:17:00,4.65,4.65,4.65,4.65,2150,305250,18350.0,CE
2022-02-23 11:18:00,4.6,4.7,4.6,4.7,2800,314500,18350.0,CE
2022-02-23 11:19:00,4.6,4.7,4.55,4.55,1950,314500,18350.0,CE
2022-02-23 11:20:00,4.65,4.65,4.65,4.65,450,314500,18350.0,CE
2022-02-23 11:21:00,4.7,4.7,4.65,4.65,4200,318100,18350.0,CE
2022-02-23 11:22:00,4.75,4.75,4.6,4.7,2600,318100,18350.0,CE
2022-02-23 11:23:00,4.7,4.8,4.7,4.8,4600,318100,18350.0,CE
2022-02-23 11:24:00,4.65,4.65,4.65,4.65,650,326950,18350.0,CE
2022-02-23 11:25:00,4.55,4.65,4.55,4.65,800,326950,18350.0,CE
2022-02-23 11:27:00,4.5,4.5,4.5,4.5,50,327000,18350.0,CE
2022-02-23 11:29:00,4.65,4.65,4.65,4.65,50,327000,18350.0,CE
2022-02-23 11:30:00,4.6,4.7,4.6,4.65,1550,327000,18350.0,CE
2022-02-23 11:31:00,4.65,4.65,4.65,4.65,450,327000,18350.0,CE
2022-02-23 11:32:00,4.65,4.65,4.65,4.65,650,327000,18350.0,CE
2022-02-23 11:34:00,4.55,4.55,4.35,4.35,250,328450,18350.0,CE
2022-02-23 11:35:00,4.4,4.4,4.4,4.4,150,328450,18350.0,CE
2022-02-23 11:36:00,4.4,4.4,4.4,4.4,150,328350,18350.0,CE
2022-02-23 11:39:00,4.5,4.5,4.5,4.5,50,328500,18350.0,CE
2022-02-23 11:40:00,4.45,4.45,4.45,4.45,300,328500,18350.0,CE
2022-02-23 11:42:00,4.55,4.6,4.5,4.6,1800,328600,18350.0,CE
2022-02-23 11:43:00,4.55,4.55,4.55,4.55,50,328600,18350.0,CE
2022-02-23 11:44:00,4.6,4.6,4.6,4.6,50,328600,18350.0,CE
2022-02-23 11:45:00,4.65,4.65,4.5,4.5,200,329350,18350.0,CE
2022-02-23 11:46:00,4.7,4.95,4.6,4.7,23100,329350,18350.0,CE
2022-02-23 11:47:00,4.8,4.9,4.75,4.9,14150,329350,18350.0,CE
2022-02-23 11:48:00,4.8,4.8,4.7,4.7,150,357150,18350.0,CE
2022-02-23 11:49:00,4.65,4.65,4.6,4.6,850,357150,18350.0,CE
2022-02-23 11:50:00,4.7,4.75,4.65,4.65,850,357150,18350.0,CE
2022-02-23 11:51:00,4.55,4.55,4.55,4.55,50,357000,18350.0,CE
2022-02-23 11:52:00,4.55,4.55,4.55,4.55,50,357000,18350.0,CE
2022-02-23 11:53:00,4.55,4.55,4.55,4.55,600,357000,18350.0,CE
2022-02-23 11:56:00,4.55,4.55,4.55,4.55,800,357450,18350.0,CE
2022-02-23 11:57:00,4.55,4.55,4.55,4.55,500,357350,18350.0,CE
2022-02-23 11:58:00,4.5,4.5,4.5,4.5,1200,357350,18350.0,CE
2022-02-23 11:59:00,4.55,4.6,4.55,4.6,1050,357350,18350.0,CE
2022-02-23 12:00:00,4.55,4.6,4.55,4.6,400,357550,18350.0,CE
2022-02-23 12:01:00,4.55,4.55,4.55,4.55,400,357550,18350.0,CE
2022-02-23 12:02:00,4.55,4.55,4.55,4.55,150,357550,18350.0,CE
2022-02-23 12:03:00,4.55,4.6,4.55,4.6,1850,357650,18350.0,CE
2022-02-23 12:04:00,4.65,4.65,4.65,4.65,700,357650,18350.0,CE
2022-02-23 12:05:00,4.65,4.65,4.65,4.65,550,357650,18350.0,CE
2022-02-23 12:06:00,4.7,4.7,4.7,4.7,1450,357250,18350.0,CE
2022-02-23 12:07:00,4.6,4.65,4.6,4.65,1700,357250,18350.0,CE
2022-02-23 12:08:00,4.6,4.7,4.55,4.7,2000,357250,18350.0,CE
2022-02-23 12:09:00,4.65,4.65,4.6,4.6,1300,360000,18350.0,CE
2022-02-23 12:10:00,4.55,4.55,4.55,4.55,100,360000,18350.0,CE
2022-02-23 12:12:00,4.6,4.65,4.6,4.6,1150,359900,18350.0,CE
2022-02-23 12:13:00,4.65,4.8,4.65,4.7,950,359900,18350.0,CE
2022-02-23 12:14:00,4.65,4.8,4.65,4.8,250,359900,18350.0,CE
2022-02-23 12:15:00,4.8,4.8,4.55,4.55,1500,361650,18350.0,CE
2022-02-23 12:16:00,4.55,4.55,4.5,4.5,850,361650,18350.0,CE
2022-02-23 12:17:00,4.3,4.3,4.3,4.3,150,361650,18350.0,CE
2022-02-23 12:18:00,4.35,4.35,4.35,4.35,300,361900,18350.0,CE
2022-02-23 12:19:00,4.4,4.4,4.25,4.25,1300,361900,18350.0,CE
2022-02-23 12:20:00,4.4,4.45,4.3,4.45,600,361900,18350.0,CE
2022-02-23 12:21:00,4.4,4.4,4.4,4.4,200,358300,18350.0,CE
2022-02-23 12:22:00,4.45,4.5,4.45,4.5,500,358300,18350.0,CE
2022-02-23 12:23:00,4.4,4.55,4.4,4.5,1300,358300,18350.0,CE
2022-02-23 12:26:00,4.5,4.5,4.5,4.5,50,358300,18350.0,CE
2022-02-23 12:27:00,4.5,4.5,4.45,4.45,500,356350,18350.0,CE
2022-02-23 12:28:00,4.3,4.3,4.3,4.3,150,356350,18350.0,CE
2022-02-23 12:29:00,4.5,4.55,4.4,4.45,3800,356350,18350.0,CE
2022-02-23 12:30:00,4.45,4.45,4.45,4.45,1700,356350,18350.0,CE
2022-02-23 12:31:00,4.4,4.4,4.4,4.4,400,361550,18350.0,CE
2022-02-23 12:32:00,4.3,4.35,4.3,4.35,250,361550,18350.0,CE
2022-02-23 12:33:00,4.3,4.3,4.3,4.3,50,361750,18350.0,CE
2022-02-23 12:34:00,4.25,4.25,4.25,4.25,100,361750,18350.0,CE
2022-02-23 12:35:00,4.25,4.3,4.25,4.3,1000,361750,18350.0,CE
2022-02-23 12:37:00,4.2,4.2,4.15,4.15,1100,362800,18350.0,CE
2022-02-23 12:43:00,4.05,4.05,4.0,4.0,450,363200,18350.0,CE
2022-02-23 12:44:00,4.0,4.0,4.0,4.0,1800,363200,18350.0,CE
2022-02-23 12:45:00,3.95,4.0,3.95,4.0,1250,363250,18350.0,CE
2022-02-23 12:46:00,4.0,4.05,3.95,3.95,650,363250,18350.0,CE
2022-02-23 12:47:00,4.0,4.0,4.0,4.0,100,363250,18350.0,CE
2022-02-23 12:48:00,3.95,3.95,3.95,3.95,850,363250,18350.0,CE
2022-02-23 12:49:00,3.95,3.95,3.95,3.95,100,364450,18350.0,CE
2022-02-23 12:51:00,3.9,3.9,3.9,3.9,100,363100,18350.0,CE
2022-02-23 12:54:00,3.9,4.0,3.9,4.0,250,363050,18350.0,CE
2022-02-23 12:55:00,4.05,4.05,4.0,4.0,1400,363050,18350.0,CE
2022-02-23 12:56:00,4.05,4.15,4.05,4.15,2100,363050,18350.0,CE
2022-02-23 12:57:00,4.05,4.15,3.95,4.15,1000,364250,18350.0,CE
2022-02-23 12:58:00,4.05,4.05,3.9,3.9,100,364250,18350.0,CE
2022-02-23 12:59:00,4.0,4.0,4.0,4.0,50,364250,18350.0,CE
2022-02-23 13:00:00,4.05,4.05,4.05,4.05,750,364400,18350.0,CE
2022-02-23 13:01:00,4.05,4.1,3.95,3.95,2100,364400,18350.0,CE
2022-02-23 13:02:00,3.95,4.05,3.95,3.95,400,364400,18350.0,CE
2022-02-23 13:03:00,4.0,4.0,3.85,3.9,2750,363550,18350.0,CE
2022-02-23 13:04:00,3.9,3.9,3.9,3.9,1300,363550,18350.0,CE
2022-02-23 13:05:00,3.95,3.95,3.9,3.9,2150,363550,18350.0,CE
2022-02-23 13:06:00,3.85,3.95,3.85,3.85,800,362950,18350.0,CE
2022-02-23 13:08:00,4.0,4.05,4.0,4.05,1900,362950,18350.0,CE
2022-02-23 13:09:00,4.1,4.1,4.1,4.1,1450,362950,18350.0,CE
2022-02-23 13:10:00,4.0,4.0,4.0,4.0,350,361950,18350.0,CE
2022-02-23 13:11:00,4.1,4.1,4.1,4.1,400,361950,18350.0,CE
2022-02-23 13:12:00,4.1,4.1,4.1,4.1,1400,361950,18350.0,CE
2022-02-23 13:13:00,4.05,4.1,4.05,4.1,850,361850,18350.0,CE
2022-02-23 13:14:00,4.1,4.15,4.1,4.15,1100,361850,18350.0,CE
2022-02-23 13:15:00,4.2,4.2,4.1,4.1,1350,362100,18350.0,CE
2022-02-23 13:16:00,4.1,4.1,4.1,4.1,800,362100,18350.0,CE
2022-02-23 13:18:00,4.0,4.1,4.0,4.1,1650,362100,18350.0,CE
2022-02-23 13:19:00,4.15,4.15,4.15,4.15,250,361900,18350.0,CE
2022-02-23 13:20:00,4.1,4.1,4.1,4.1,200,361900,18350.0,CE
2022-02-23 13:21:00,4.3,4.3,4.3,4.3,100,361900,18350.0,CE
2022-02-23 13:22:00,4.15,4.3,4.15,4.3,900,361900,18350.0,CE
2022-02-23 13:23:00,4.2,4.2,4.15,4.15,600,361900,18350.0,CE
2022-02-23 13:24:00,4.15,4.2,4.15,4.2,800,362350,18350.0,CE
2022-02-23 13:25:00,4.25,4.25,4.2,4.2,700,362350,18350.0,CE
2022-02-23 13:26:00,3.95,3.95,3.95,3.95,100,362350,18350.0,CE
2022-02-23 13:27:00,3.9,4.05,3.9,4.05,250,362400,18350.0,CE
2022-02-23 13:29:00,4.0,4.0,4.0,4.0,200,362400,18350.0,CE
2022-02-23 13:30:00,3.9,4.0,3.75,3.75,850,362400,18350.0,CE
2022-02-23 13:31:00,3.75,3.9,3.75,3.9,300,362400,18350.0,CE
2022-02-23 13:32:00,3.8,3.9,3.8,3.9,150,362400,18350.0,CE
2022-02-23 13:34:00,4.05,4.05,4.05,4.05,250,362550,18350.0,CE
2022-02-23 13:35:00,4.05,4.05,3.95,3.95,200,362550,18350.0,CE
2022-02-23 13:36:00,3.9,3.9,3.9,3.9,100,362500,18350.0,CE
2022-02-23 13:37:00,4.05,4.05,3.85,3.85,150,362500,18350.0,CE
2022-02-23 13:38:00,4.0,4.0,3.85,3.85,100,362500,18350.0,CE
2022-02-23 13:40:00,4.0,4.0,4.0,4.0,100,362400,18350.0,CE
2022-02-23 13:41:00,3.9,3.9,3.9,3.9,50,362400,18350.0,CE
2022-02-23 13:42:00,3.85,3.85,3.85,3.85,50,362400,18350.0,CE
2022-02-23 13:43:00,4.0,4.05,3.95,3.95,700,362350,18350.0,CE
2022-02-23 13:44:00,4.05,4.05,4.05,4.05,100,362350,18350.0,CE
2022-02-23 13:45:00,3.95,4.1,3.95,4.1,300,362100,18350.0,CE
2022-02-23 13:46:00,4.15,4.15,4.05,4.05,400,362100,18350.0,CE
2022-02-23 13:47:00,4.15,4.15,4.05,4.05,250,362100,18350.0,CE
2022-02-23 13:48:00,4.15,4.15,4.15,4.15,150,362100,18350.0,CE
2022-02-23 13:49:00,4.05,4.15,4.05,4.05,5450,362100,18350.0,CE
2022-02-23 13:50:00,4.15,4.3,4.15,4.3,1500,362100,18350.0,CE
2022-02-23 13:51:00,4.25,4.3,4.15,4.2,750,362100,18350.0,CE
2022-02-23 13:52:00,4.2,4.3,4.2,4.3,1300,361900,18350.0,CE
2022-02-23 13:53:00,4.2,4.25,4.2,4.25,750,361900,18350.0,CE
2022-02-23 13:54:00,4.2,4.25,4.2,4.25,100,361900,18350.0,CE
2022-02-23 13:55:00,4.25,4.25,4.25,4.25,300,362050,18350.0,CE
2022-02-23 13:56:00,4.2,4.2,4.15,4.15,1500,362050,18350.0,CE
2022-02-23 13:57:00,4.2,4.3,4.2,4.2,1550,361900,18350.0,CE
2022-02-23 13:58:00,4.3,4.3,4.15,4.2,6450,361900,18350.0,CE
2022-02-23 13:59:00,4.15,4.15,4.15,4.15,100,361900,18350.0,CE
2022-02-23 14:00:00,4.05,4.15,4.05,4.1,800,361900,18350.0,CE
2022-02-23 14:01:00,4.1,4.1,4.1,4.1,50,361900,18350.0,CE
2022-02-23 14:02:00,4.05,4.05,4.05,4.05,100,361900,18350.0,CE
2022-02-23 14:03:00,4.0,4.0,4.0,4.0,200,361900,18350.0,CE
2022-02-23 14:04:00,3.95,3.95,3.95,3.95,700,361850,18350.0,CE
2022-02-23 14:05:00,3.9,3.9,3.9,3.9,200,361850,18350.0,CE
2022-02-23 14:06:00,3.95,3.95,3.95,3.95,150,361850,18350.0,CE
2022-02-23 14:07:00,4.0,4.0,4.0,4.0,100,361850,18350.0,CE
2022-02-23 14:08:00,4.0,4.0,4.0,4.0,100,361850,18350.0,CE
2022-02-23 14:10:00,3.9,3.9,3.9,3.9,100,362250,18350.0,CE
2022-02-23 14:12:00,3.9,3.9,3.9,3.9,450,362250,18350.0,CE
2022-02-23 14:14:00,3.9,3.95,3.9,3.95,600,362250,18350.0,CE
2022-02-23 14:15:00,3.9,3.9,3.9,3.9,400,362250,18350.0,CE
2022-02-23 14:16:00,4.0,4.0,4.0,4.0,600,362500,18350.0,CE
2022-02-23 14:17:00,4.0,4.0,3.95,3.95,600,362500,18350.0,CE
2022-02-23 14:19:00,4.0,4.0,4.0,4.0,750,362100,18350.0,CE
2022-02-23 14:21:00,4.0,4.05,4.0,4.05,250,362250,18350.0,CE
2022-02-23 14:23:00,3.95,3.95,3.9,3.9,150,362250,18350.0,CE
2022-02-23 14:25:00,3.85,3.9,3.85,3.85,800,361900,18350.0,CE
2022-02-23 14:26:00,3.9,3.9,3.9,3.9,400,361900,18350.0,CE
2022-02-23 14:27:00,4.0,4.0,4.0,4.0,50,361900,18350.0,CE
2022-02-23 14:30:00,3.9,3.9,3.9,3.9,50,361900,18350.0,CE
2022-02-23 14:31:00,3.95,3.95,3.95,3.95,350,361800,18350.0,CE
2022-02-23 14:34:00,3.9,3.95,3.9,3.95,950,361750,18350.0,CE
2022-02-23 14:35:00,3.95,3.95,3.95,3.95,150,361750,18350.0,CE
2022-02-23 14:36:00,3.85,3.85,3.85,3.85,200,361750,18350.0,CE
2022-02-23 14:37:00,3.95,3.95,3.95,3.95,200,361750,18350.0,CE
2022-02-23 14:39:00,3.9,3.9,3.9,3.9,150,361800,18350.0,CE
2022-02-23 14:44:00,4.05,4.05,4.05,4.05,100,361800,18350.0,CE
2022-02-23 14:45:00,4.1,4.1,4.1,4.1,100,361800,18350.0,CE
2022-02-23 14:46:00,4.1,4.1,4.1,4.1,150,361800,18350.0,CE
2022-02-23 14:47:00,4.15,4.2,4.15,4.2,150,361800,18350.0,CE
2022-02-23 14:48:00,4.15,4.2,4.15,4.2,600,361800,18350.0,CE
2022-02-23 14:49:00,4.2,4.25,4.2,4.25,350,361800,18350.0,CE
2022-02-23 14:50:00,4.15,4.2,4.1,4.1,2100,361800,18350.0,CE
2022-02-23 14:51:00,4.15,4.15,4.05,4.1,1800,361800,18350.0,CE
2022-02-23 14:53:00,4.0,4.05,4.0,4.05,300,361950,18350.0,CE
2022-02-23 14:54:00,4.0,4.0,4.0,4.0,200,361950,18350.0,CE
2022-02-23 14:56:00,4.05,4.1,4.0,4.0,500,361950,18350.0,CE
2022-02-23 14:57:00,4.05,4.05,4.0,4.0,1900,361950,18350.0,CE
2022-02-23 14:58:00,4.1,4.15,3.95,4.1,2400,361950,18350.0,CE
2022-02-23 14:59:00,4.1,4.15,3.95,4.0,1100,361950,18350.0,CE
2022-02-23 15:00:00,4.1,4.25,4.0,4.1,9950,361950,18350.0,CE
2022-02-23 15:01:00,4.3,4.3,4.15,4.15,3200,361950,18350.0,CE
2022-02-23 15:03:00,4.05,4.05,4.05,4.05,400,363400,18350.0,CE
2022-02-23 15:04:00,4.05,4.05,3.9,4.0,500,363400,18350.0,CE
2022-02-23 15:05:00,3.9,3.9,3.9,3.9,50,363400,18350.0,CE
2022-02-23 15:06:00,4.05,4.05,3.9,4.0,300,363400,18350.0,CE
2022-02-23 15:08:00,3.9,4.0,3.9,4.0,1250,363350,18350.0,CE
2022-02-23 15:09:00,3.85,3.85,3.85,3.85,50,363350,18350.0,CE
2022-02-23 15:11:00,3.9,3.9,3.8,3.85,400,363350,18350.0,CE
2022-02-23 15:12:00,3.8,4.0,3.8,4.0,800,363350,18350.0,CE
2022-02-23 15:13:00,3.8,3.9,3.8,3.9,350,363450,18350.0,CE
2022-02-23 15:14:00,3.9,3.95,3.9,3.95,1250,363450,18350.0,CE
2022-02-23 15:15:00,3.95,3.95,3.95,3.95,50,363450,18350.0,CE
2022-02-23 15:17:00,3.95,3.95,3.95,3.95,100,363400,18350.0,CE
2022-02-23 15:18:00,4.1,4.1,4.1,4.1,100,363400,18350.0,CE
2022-02-23 15:19:00,4.0,4.0,4.0,4.0,800,363400,18350.0,CE
2022-02-23 15:20:00,4.1,4.1,4.1,4.1,900,363400,18350.0,CE
2022-02-23 15:21:00,4.1,4.1,4.1,4.1,1050,363400,18350.0,CE
2022-02-23 15:22:00,4.2,4.2,4.1,4.1,550,363650,18350.0,CE
2022-02-23 15:23:00,4.25,4.25,4.1,4.1,3400,363650,18350.0,CE
2022-02-23 15:24:00,4.1,4.1,4.1,4.1,650,363650,18350.0,CE
2022-02-23 15:25:00,4.25,4.25,4.15,4.15,1800,363350,18350.0,CE
2022-02-23 15:27:00,4.35,4.35,4.25,4.25,4150,363350,18350.0,CE
2022-02-23 15:28:00,4.15,4.15,4.15,4.15,300,364700,18350.0,CE
2022-02-23 15:29:00,4.2,4.3,4.2,4.3,850,364700,18350.0,CE
2022-02-24 09:15:00,4.0,7.3,1.8,2.1,502,364700,18350.0,CE
2022-02-24 09:16:00,2.45,4.0,2.45,4.0,1600,364700,18350.0,CE
2022-02-24 09:17:00,4.1,4.1,4.1,4.1,200,364700,18350.0,CE
2022-02-24 09:18:00,5.6,9.45,4.3,5.1,2500,364550,18350.0,CE
2022-02-24 09:19:00,5.1,5.1,4.05,4.05,1000,364550,18350.0,CE
2022-02-24 09:20:00,6.3,6.3,4.55,4.55,3800,364550,18350.0,CE
2022-02-24 09:21:00,4.75,4.85,4.75,4.85,4500,368150,18350.0,CE
2022-02-24 09:22:00,4.65,4.65,4.4,4.4,1800,368150,18350.0,CE
2022-02-24 09:23:00,4.15,4.4,3.4,4.05,10500,373500,18350.0,CE
2022-02-24 09:24:00,4.0,4.25,3.95,4.05,9400,373500,18350.0,CE
2022-02-24 09:25:00,4.05,4.3,4.0,4.1,3050,373500,18350.0,CE
2022-02-24 09:26:00,4.15,4.15,3.75,3.75,250,377050,18350.0,CE
2022-02-24 09:27:00,4.1,4.1,3.75,3.9,6200,377050,18350.0,CE
2022-02-24 09:28:00,3.8,10.5,3.8,10.5,16800,377050,18350.0,CE
2022-02-24 09:29:00,4.35,4.5,4.1,4.1,7700,379750,18350.0,CE
2022-02-24 09:30:00,4.1,4.1,4.05,4.05,100,379750,18350.0,CE
2022-02-24 09:31:00,4.3,4.3,4.05,4.05,3600,379750,18350.0,CE
2022-02-24 09:32:00,4.0,4.0,4.0,4.0,200,382150,18350.0,CE
2022-02-24 09:33:00,4.0,4.0,4.0,4.0,350,382150,18350.0,CE
2022-02-24 09:34:00,4.0,4.0,4.0,4.0,450,382150,18350.0,CE
2022-02-24 09:35:00,4.1,4.1,4.1,4.1,50,382450,18350.0,CE
2022-02-24 09:36:00,4.05,4.1,4.0,4.1,2650,382450,18350.0,CE
2022-02-24 09:37:00,4.1,4.35,4.1,4.25,3550,382450,18350.0,CE
2022-02-24 09:38:00,4.25,4.25,4.25,4.25,200,382450,18350.0,CE
2022-02-24 09:39:00,4.25,4.45,4.25,4.25,400,377600,18350.0,CE
2022-02-24 09:40:00,4.25,4.25,4.15,4.15,650,377600,18350.0,CE
2022-02-24 09:41:00,4.15,4.15,4.05,4.05,750,377600,18350.0,CE
2022-02-24 09:43:00,4.1,4.1,4.1,4.1,350,377300,18350.0,CE
2022-02-24 09:44:00,4.15,4.15,4.15,4.15,400,377300,18350.0,CE
2022-02-24 09:46:00,4.2,4.2,4.05,4.05,250,377300,18350.0,CE
2022-02-24 09:47:00,4.2,4.2,4.2,4.2,450,377300,18350.0,CE
2022-02-24 09:48:00,4.35,4.35,4.25,4.3,750,376750,18350.0,CE
2022-02-24 09:49:00,4.6,4.6,4.4,4.4,1200,376750,18350.0,CE
2022-02-24 09:50:00,4.35,4.4,4.35,4.4,450,376750,18350.0,CE
2022-02-24 09:51:00,4.55,4.7,4.5,4.7,1550,376050,18350.0,CE
2022-02-24 09:52:00,4.65,4.65,4.65,4.65,1300,376050,18350.0,CE
2022-02-24 09:53:00,4.6,4.6,4.6,4.6,50,376050,18350.0,CE
2022-02-24 09:54:00,4.55,4.55,4.55,4.55,150,374600,18350.0,CE
2022-02-24 09:55:00,4.8,4.8,4.8,4.8,500,374600,18350.0,CE
2022-02-24 09:56:00,4.8,4.8,4.7,4.7,350,374550,18350.0,CE
2022-02-24 09:57:00,4.75,4.75,4.75,4.75,350,374550,18350.0,CE
2022-02-24 09:58:00,4.7,4.95,4.7,4.95,150,374550,18350.0,CE
2022-02-24 09:59:00,4.65,4.65,4.65,4.65,200,374850,18350.0,CE
2022-02-24 10:00:00,4.65,4.8,4.65,4.8,700,374850,18350.0,CE
2022-02-24 10:01:00,4.75,4.8,4.75,4.8,300,374850,18350.0,CE
2022-02-24 10:02:00,4.95,4.95,4.8,4.8,400,374850,18350.0,CE
2022-02-24 10:03:00,4.9,4.95,4.85,4.95,1400,374750,18350.0,CE
2022-02-24 10:04:00,5.0,5.15,4.9,5.0,1100,374750,18350.0,CE
2022-02-24 10:05:00,5.2,5.2,5.1,5.1,900,374750,18350.0,CE
2022-02-24 10:07:00,5.0,5.0,5.0,5.0,100,374850,18350.0,CE
2022-02-24 10:08:00,5.0,5.0,5.0,5.0,50,374850,18350.0,CE
2022-02-24 10:10:00,5.0,5.0,4.6,4.6,850,374800,18350.0,CE
2022-02-24 10:11:00,4.65,4.65,4.2,4.2,850,374800,18350.0,CE
2022-02-24 10:12:00,4.2,4.2,4.2,4.2,600,375300,18350.0,CE
2022-02-24 10:13:00,4.45,4.45,4.45,4.45,350,375300,18350.0,CE
2022-02-24 10:14:00,4.65,4.75,4.65,4.75,300,375300,18350.0,CE
2022-02-24 10:15:00,4.8,4.8,4.75,4.75,400,375650,18350.0,CE
2022-02-24 10:17:00,4.95,4.95,4.95,4.95,100,375650,18350.0,CE
2022-02-24 10:19:00,4.85,4.85,4.85,4.85,100,375500,18350.0,CE
2022-02-24 10:20:00,5.15,5.15,5.15,5.15,200,375500,18350.0,CE
2022-02-24 10:22:00,4.95,4.95,4.95,4.95,50,375450,18350.0,CE
2022-02-24 10:23:00,4.95,4.95,4.6,4.65,2950,375450,18350.0,CE
2022-02-24 10:24:00,4.5,4.5,4.4,4.4,600,377950,18350.0,CE
2022-02-24 10:25:00,4.35,4.35,4.2,4.2,600,377950,18350.0,CE
2022-02-24 10:26:00,4.15,4.15,4.1,4.1,450,377950,18350.0,CE
2022-02-24 10:27:00,4.1,4.1,4.0,4.0,950,378150,18350.0,CE
2022-02-24 10:28:00,4.0,4.1,4.0,4.1,1900,378150,18350.0,CE
2022-02-24 10:29:00,4.1,4.1,4.1,4.1,550,378150,18350.0,CE
2022-02-24 10:30:00,4.1,4.2,4.1,4.2,400,376600,18350.0,CE
2022-02-24 10:31:00,4.05,4.05,4.05,4.05,100,376600,18350.0,CE
2022-02-24 10:32:00,4.1,4.1,4.05,4.05,200,376600,18350.0,CE
2022-02-24 10:33:00,4.1,4.1,4.05,4.05,650,376950,18350.0,CE
2022-02-24 10:34:00,4.1,4.1,4.1,4.1,800,376950,18350.0,CE
2022-02-24 10:35:00,4.1,4.1,4.05,4.05,500,376950,18350.0,CE
2022-02-24 10:36:00,4.05,4.05,4.05,4.05,600,376200,18350.0,CE
2022-02-24 10:37:00,4.1,4.1,4.1,4.1,150,376200,18350.0,CE
2022-02-24 10:38:00,4.1,4.1,4.1,4.1,500,376200,18350.0,CE
2022-02-24 10:40:00,4.1,4.1,4.1,4.1,150,376150,18350.0,CE
2022-02-24 10:41:00,4.2,4.2,4.05,4.05,1600,376150,18350.0,CE
2022-02-24 10:42:00,4.15,4.15,4.1,4.1,100,376100,18350.0,CE
2022-02-24 10:43:00,4.1,4.1,4.1,4.1,150,376100,18350.0,CE
2022-02-24 10:44:00,4.1,4.1,3.9,3.95,1800,376100,18350.0,CE
2022-02-24 10:45:00,3.95,4.05,3.95,4.05,650,376350,18350.0,CE
2022-02-24 10:46:00,4.05,4.05,4.05,4.05,300,376350,18350.0,CE
2022-02-24 10:47:00,4.0,4.0,4.0,4.0,1900,376350,18350.0,CE
2022-02-24 10:49:00,3.8,3.8,3.7,3.7,2800,376000,18350.0,CE
2022-02-24 10:50:00,3.8,3.9,3.8,3.9,600,376000,18350.0,CE
2022-02-24 10:51:00,3.85,3.85,3.85,3.85,2450,375850,18350.0,CE
2022-02-24 10:52:00,3.8,3.8,3.8,3.8,250,375850,18350.0,CE
2022-02-24 10:53:00,3.8,3.8,3.7,3.7,500,375850,18350.0,CE
2022-02-24 10:54:00,3.8,3.85,3.8,3.85,1150,376350,18350.0,CE
2022-02-24 10:55:00,3.8,3.85,3.8,3.85,500,376350,18350.0,CE
2022-02-24 10:56:00,3.75,3.75,3.75,3.75,2000,376350,18350.0,CE
2022-02-24 10:57:00,3.75,3.75,3.7,3.7,250,376000,18350.0,CE
2022-02-24 10:58:00,3.7,3.7,3.7,3.7,1450,376000,18350.0,CE
2022-02-24 11:00:00,3.8,3.8,3.8,3.8,50,376100,18350.0,CE
2022-02-24 11:01:00,3.7,3.7,3.7,3.7,250,376100,18350.0,CE
2022-02-24 11:02:00,3.7,3.7,3.7,3.7,50,376100,18350.0,CE
2022-02-24 11:03:00,3.8,3.8,3.7,3.7,350,376250,18350.0,CE
2022-02-24 11:04:00,3.7,3.7,3.7,3.7,50,376250,18350.0,CE
2022-02-24 11:07:00,3.7,3.7,3.7,3.7,50,376150,18350.0,CE
2022-02-24 11:08:00,3.8,3.8,3.55,3.55,1350,376150,18350.0,CE
2022-02-24 11:09:00,3.5,3.5,3.45,3.45,350,376350,18350.0,CE
2022-02-24 11:11:00,3.45,3.5,3.45,3.5,350,376350,18350.0,CE
2022-02-24 11:12:00,3.5,3.5,3.45,3.45,200,376400,18350.0,CE
2022-02-24 11:13:00,3.45,3.45,3.45,3.45,50,376400,18350.0,CE
2022-02-24 11:15:00,3.45,3.45,3.45,3.45,50,376400,18350.0,CE
2022-02-24 11:16:00,3.6,3.6,3.6,3.6,100,376400,18350.0,CE
2022-02-24 11:17:00,3.65,3.8,3.55,3.8,300,376400,18350.0,CE
2022-02-24 11:19:00,3.85,3.85,3.85,3.85,100,376300,18350.0,CE
2022-02-24 11:21:00,3.75,3.75,3.75,3.75,50,376300,18350.0,CE
2022-02-24 11:30:00,3.65,3.65,3.65,3.65,50,370100,18350.0,CE
2022-02-24 11:31:00,3.65,3.65,3.65,3.65,300,370100,18350.0,CE
2022-02-24 11:33:00,3.6,3.6,3.6,3.6,100,370250,18350.0,CE
2022-02-24 11:35:00,3.45,3.45,3.45,3.45,150,370250,18350.0,CE
2022-02-24 11:36:00,3.5,3.5,3.5,3.5,150,370250,18350.0,CE
2022-02-24 11:37:00,3.4,3.4,3.4,3.4,200,370150,18350.0,CE
2022-02-24 11:38:00,3.4,3.45,3.4,3.45,1000,370150,18350.0,CE
2022-02-24 11:39:00,3.5,3.55,3.4,3.55,1400,366050,18350.0,CE
2022-02-24 11:40:00,3.35,3.35,3.35,3.35,900,366050,18350.0,CE
2022-02-24 11:41:00,3.35,3.4,3.35,3.35,850,366050,18350.0,CE
2022-02-24 11:42:00,3.35,3.35,3.35,3.35,100,366050,18350.0,CE
2022-02-24 11:43:00,3.3,3.3,3.15,3.15,1350,366050,18350.0,CE
2022-02-24 11:44:00,3.3,3.35,3.3,3.3,850,366050,18350.0,CE
2022-02-24 11:45:00,3.35,3.4,3.35,3.4,900,366000,18350.0,CE
2022-02-24 11:46:00,3.4,3.4,3.4,3.4,1150,366000,18350.0,CE
2022-02-24 11:47:00,3.45,3.5,3.4,3.4,1300,366000,18350.0,CE
2022-02-24 11:49:00,3.35,3.35,3.35,3.35,100,366000,18350.0,CE
2022-02-24 11:51:00,3.35,3.35,3.35,3.35,600,366000,18350.0,CE
2022-02-24 11:52:00,3.35,3.35,3.35,3.35,50,366000,18350.0,CE
2022-02-24 11:53:00,3.2,3.2,3.2,3.2,350,366000,18350.0,CE
2022-02-24 11:54:00,3.25,3.25,3.2,3.2,500,366000,18350.0,CE
2022-02-24 11:55:00,3.15,3.25,3.15,3.15,650,366000,18350.0,CE
2022-02-24 11:56:00,3.15,3.25,3.1,3.1,900,366000,18350.0,CE
2022-02-24 11:57:00,3.2,3.2,2.95,3.0,1800,366000,18350.0,CE
2022-02-24 11:58:00,3.05,3.1,2.95,3.1,1500,366000,18350.0,CE
2022-02-24 11:59:00,3.15,3.15,3.15,3.15,1300,366000,18350.0,CE
2022-02-24 12:00:00,3.1,3.1,3.1,3.1,150,366100,18350.0,CE
2022-02-24 12:01:00,3.2,3.2,3.2,3.2,100,366100,18350.0,CE
2022-02-24 12:02:00,3.05,3.2,3.05,3.2,350,366100,18350.0,CE
2022-02-24 12:03:00,3.2,3.2,3.2,3.2,150,366150,18350.0,CE
2022-02-24 12:04:00,3.2,3.2,3.15,3.15,300,366150,18350.0,CE
2022-02-24 12:06:00,3.15,3.15,3.15,3.15,300,366150,18350.0,CE
2022-02-24 12:07:00,3.1,3.1,3.0,3.0,2800,366150,18350.0,CE
2022-02-24 12:08:00,2.95,3.1,2.95,3.1,2600,366150,18350.0,CE
2022-02-24 12:09:00,3.1,3.1,3.1,3.1,150,366150,18350.0,CE
2022-02-24 12:10:00,3.1,3.1,3.1,3.1,300,366250,18350.0,CE
2022-02-24 12:11:00,3.05,3.1,3.0,3.1,3900,366250,18350.0,CE
2022-02-24 12:12:00,3.1,3.1,3.05,3.1,4400,366350,18350.0,CE
2022-02-24 12:15:00,3.1,3.1,3.1,3.1,300,366150,18350.0,CE
2022-02-24 12:18:00,3.1,3.1,3.1,3.1,950,366150,18350.0,CE
2022-02-24 12:19:00,3.05,3.05,3.05,3.05,400,366150,18350.0,CE
2022-02-24 12:20:00,3.05,3.05,2.95,2.95,800,366150,18350.0,CE
2022-02-24 12:25:00,3.15,3.15,3.15,3.15,150,365650,18350.0,CE
2022-02-24 12:26:00,3.15,3.15,3.15,3.15,250,365650,18350.0,CE
2022-02-24 12:27:00,3.15,3.15,3.15,3.15,350,365400,18350.0,CE
2022-02-24 12:29:00,3.15,3.15,3.15,3.15,1400,365400,18350.0,CE
2022-02-24 12:30:00,3.15,3.15,3.15,3.15,100,363750,18350.0,CE
2022-02-24 12:31:00,3.15,3.15,3.15,3.15,100,363750,18350.0,CE
2022-02-24 12:32:00,3.1,3.15,3.1,3.15,1700,363750,18350.0,CE
2022-02-24 12:33:00,3.15,3.2,3.15,3.2,700,363550,18350.0,CE
2022-02-24 12:34:00,3.2,3.2,3.2,3.2,200,363550,18350.0,CE
2022-02-24 12:36:00,3.2,3.2,3.2,3.2,50,363550,18350.0,CE
2022-02-24 12:41:00,3.15,3.15,3.15,3.15,250,363550,18350.0,CE
2022-02-24 12:43:00,3.25,3.25,3.25,3.25,50,363550,18350.0,CE
2022-02-24 12:44:00,3.15,3.15,3.1,3.1,3250,363550,18350.0,CE
2022-02-24 12:47:00,3.1,3.1,3.1,3.1,950,363550,18350.0,CE
2022-02-24 12:48:00,3.1,3.1,3.1,3.1,1300,363550,18350.0,CE
2022-02-24 12:49:00,3.15,3.15,3.15,3.15,350,363550,18350.0,CE
2022-02-24 12:53:00,3.15,3.15,3.15,3.15,300,363800,18350.0,CE
2022-02-24 12:54:00,3.15,3.15,3.15,3.15,1000,363800,18350.0,CE
2022-02-24 12:55:00,3.15,3.15,3.1,3.1,2900,363800,18350.0,CE
2022-02-24 12:57:00,3.15,3.15,3.1,3.1,600,361300,18350.0,CE
2022-02-24 12:59:00,3.15,3.15,3.15,3.15,750,361300,18350.0,CE
2022-02-24 13:01:00,3.25,3.35,3.2,3.35,1050,361000,18350.0,CE
2022-02-24 13:03:00,3.35,3.35,3.35,3.35,50,361000,18350.0,CE
2022-02-24 13:05:00,3.3,3.35,3.3,3.3,1350,360800,18350.0,CE
2022-02-24 13:06:00,3.35,3.35,3.2,3.2,1150,360800,18350.0,CE
2022-02-24 13:07:00,3.3,3.3,3.3,3.3,50,360800,18350.0,CE
2022-02-24 13:08:00,3.2,3.3,3.2,3.3,200,360800,18350.0,CE
2022-02-24 13:09:00,3.3,3.4,3.3,3.4,1100,360800,18350.0,CE
2022-02-24 13:10:00,3.4,3.45,3.4,3.45,200,360800,18350.0,CE
2022-02-24 13:12:00,3.45,3.45,3.45,3.45,50,360800,18350.0,CE
2022-02-24 13:21:00,3.35,3.35,3.35,3.35,300,360800,18350.0,CE
2022-02-24 13:26:00,3.3,3.3,3.3,3.3,350,360800,18350.0,CE
2022-02-24 13:27:00,3.3,3.3,3.3,3.3,50,360800,18350.0,CE
2022-02-24 13:28:00,3.3,3.3,3.3,3.3,250,360800,18350.0,CE
2022-02-24 13:29:00,3.35,3.35,3.35,3.35,150,360800,18350.0,CE
2022-02-24 13:33:00,3.35,3.4,3.35,3.4,1100,361200,18350.0,CE
2022-02-24 13:36:00,3.35,3.35,3.35,3.35,1350,361200,18350.0,CE
2022-02-24 13:37:00,3.3,3.35,3.3,3.35,500,361750,18350.0,CE
2022-02-24 13:40:00,3.35,3.35,3.35,3.35,150,361850,18350.0,CE
2022-02-24 13:42:00,3.3,3.35,3.3,3.35,1050,362050,18350.0,CE
2022-02-24 13:43:00,3.25,3.25,3.25,3.25,250,362050,18350.0,CE
2022-02-24 13:44:00,3.35,3.35,3.35,3.35,50,362050,18350.0,CE
2022-02-24 13:45:00,3.35,3.35,3.35,3.35,300,362050,18350.0,CE
2022-02-24 13:46:00,3.4,3.4,3.4,3.4,900,361600,18350.0,CE
2022-02-24 13:47:00,3.3,3.35,3.25,3.25,1750,361600,18350.0,CE
2022-02-24 13:48:00,3.25,3.4,3.25,3.25,5750,361600,18350.0,CE
2022-02-24 13:49:00,3.3,3.4,3.3,3.4,650,361600,18350.0,CE
2022-02-24 13:50:00,3.3,3.3,3.3,3.3,1500,361600,18350.0,CE
2022-02-24 13:52:00,3.35,3.35,3.35,3.35,500,361500,18350.0,CE
2022-02-24 13:53:00,3.25,3.25,3.25,3.25,500,361500,18350.0,CE
2022-02-24 13:54:00,3.2,3.3,3.2,3.3,2400,361150,18350.0,CE
2022-02-24 13:55:00,3.3,3.3,3.3,3.3,500,361150,18350.0,CE
2022-02-24 13:56:00,3.3,3.3,3.3,3.3,800,361150,18350.0,CE
2022-02-24 13:57:00,3.3,3.3,3.15,3.15,1250,361150,18350.0,CE
2022-02-24 13:58:00,3.35,3.35,3.35,3.35,200,361050,18350.0,CE
2022-02-24 13:59:00,3.3,3.3,3.3,3.3,200,361050,18350.0,CE
2022-02-24 14:00:00,3.3,3.3,3.15,3.15,2450,360900,18350.0,CE
2022-02-24 14:01:00,3.2,3.25,3.2,3.25,3200,360900,18350.0,CE
2022-02-24 14:02:00,3.1,3.25,3.1,3.25,300,360900,18350.0,CE
2022-02-24 14:03:00,3.2,3.2,3.2,3.2,1950,361900,18350.0,CE
2022-02-24 14:04:00,3.3,3.3,3.3,3.3,100,361900,18350.0,CE
2022-02-24 14:05:00,3.2,3.25,3.2,3.25,100,361900,18350.0,CE
2022-02-24 14:06:00,3.25,3.25,3.2,3.2,1950,361900,18350.0,CE
2022-02-24 14:08:00,3.25,3.25,3.1,3.2,1950,362600,18350.0,CE
2022-02-24 14:09:00,3.25,3.25,3.2,3.25,1200,361350,18350.0,CE
2022-02-24 14:10:00,3.2,3.2,3.2,3.2,50,361350,18350.0,CE
2022-02-24 14:11:00,3.25,3.3,3.25,3.25,150,361350,18350.0,CE
2022-02-24 14:12:00,3.3,3.3,3.3,3.3,900,361350,18350.0,CE
2022-02-24 14:13:00,3.15,3.15,3.15,3.15,1250,361100,18350.0,CE
2022-02-24 14:15:00,3.2,3.2,3.1,3.1,200,361700,18350.0,CE
2022-02-24 14:16:00,3.05,3.05,3.05,3.05,600,361700,18350.0,CE
2022-02-24 14:17:00,3.1,3.1,3.05,3.05,1350,361700,18350.0,CE
2022-02-24 14:18:00,3.0,3.0,3.0,3.0,50,361650,18350.0,CE
2022-02-24 14:19:00,3.0,3.0,3.0,3.0,750,361650,18350.0,CE
2022-02-24 14:20:00,2.95,3.0,2.85,2.85,2450,361650,18350.0,CE
2022-02-24 14:21:00,2.85,2.85,2.85,2.85,150,361650,18350.0,CE
2022-02-24 14:23:00,2.85,2.85,2.85,2.85,150,361750,18350.0,CE
2022-02-24 14:24:00,3.05,3.05,2.9,2.9,750,361750,18350.0,CE
2022-02-24 14:26:00,2.9,2.9,2.9,2.9,450,361600,18350.0,CE
2022-02-24 14:28:00,2.85,2.85,2.85,2.85,450,361250,18350.0,CE
2022-02-24 14:30:00,2.95,2.95,2.9,2.9,250,361250,18350.0,CE
2022-02-24 14:31:00,2.9,2.9,2.9,2.9,50,361200,18350.0,CE
2022-02-24 14:32:00,2.95,3.0,2.95,3.0,550,361200,18350.0,CE
2022-02-24 14:33:00,2.95,2.95,2.85,2.85,250,361250,18350.0,CE
2022-02-24 14:34:00,2.85,2.95,2.85,2.85,1650,361250,18350.0,CE
2022-02-24 14:35:00,2.85,2.95,2.85,2.95,1650,361250,18350.0,CE
2022-02-24 14:36:00,2.95,2.95,2.85,2.85,9100,361500,18350.0,CE
2022-02-24 14:37:00,2.95,2.95,2.85,2.85,750,361500,18350.0,CE
2022-02-24 14:38:00,2.9,3.1,2.9,3.1,1750,361500,18350.0,CE
2022-02-24 14:39:00,3.0,3.0,2.95,2.95,350,361500,18350.0,CE
2022-02-24 14:40:00,3.0,3.0,3.0,3.0,1550,362700,18350.0,CE
2022-02-24 14:41:00,2.95,3.1,2.95,3.0,700,362700,18350.0,CE
2022-02-24 14:42:00,3.0,3.0,2.95,2.95,800,363050,18350.0,CE
2022-02-24 14:43:00,2.9,2.9,2.9,2.9,850,363050,18350.0,CE
2022-02-24 14:44:00,2.9,2.95,2.9,2.95,1750,363050,18350.0,CE
2022-02-24 14:45:00,2.95,2.95,2.9,2.9,1150,362700,18350.0,CE
2022-02-24 14:46:00,2.9,2.9,2.9,2.9,50,362700,18350.0,CE
2022-02-24 14:47:00,2.9,2.95,2.8,2.95,900,362700,18350.0,CE
2022-02-24 14:48:00,2.95,2.95,2.95,2.95,450,361950,18350.0,CE
2022-02-24 14:49:00,3.0,3.0,3.0,3.0,850,361950,18350.0,CE
2022-02-24 14:50:00,3.0,3.0,3.0,3.0,2500,361950,18350.0,CE
2022-02-24 14:51:00,3.0,3.0,2.95,3.0,1900,361950,18350.0,CE
2022-02-24 14:52:00,2.95,2.95,2.9,2.9,550,362250,18350.0,CE
2022-02-24 14:53:00,2.95,3.0,2.95,3.0,1100,362250,18350.0,CE
2022-02-24 14:54:00,3.0,3.0,2.85,2.85,3350,362400,18350.0,CE
2022-02-24 14:55:00,2.9,3.0,2.9,3.0,2100,362400,18350.0,CE
2022-02-24 14:56:00,3.0,3.0,2.9,2.95,2200,362400,18350.0,CE
2022-02-24 14:57:00,3.0,3.0,2.95,2.95,850,362400,18350.0,CE
2022-02-24 14:58:00,3.0,3.0,2.9,3.0,3400,361950,18350.0,CE
2022-02-24 14:59:00,3.0,3.0,2.95,2.95,800,361950,18350.0,CE
2022-02-24 15:00:00,2.95,2.95,2.95,2.95,150,361950,18350.0,CE
2022-02-24 15:01:00,2.9,3.0,2.9,3.0,700,362150,18350.0,CE
2022-02-24 15:02:00,3.0,3.0,2.85,2.85,4100,362150,18350.0,CE
2022-02-24 15:03:00,2.85,2.85,2.8,2.8,250,362150,18350.0,CE
2022-02-24 15:04:00,2.9,2.9,2.85,2.85,150,362250,18350.0,CE
2022-02-24 15:06:00,2.85,2.85,2.85,2.85,300,362250,18350.0,CE
2022-02-24 15:07:00,2.85,2.9,2.85,2.9,2250,362050,18350.0,CE
2022-02-24 15:08:00,2.85,2.9,2.8,2.8,1250,362050,18350.0,CE
2022-02-24 15:09:00,2.85,2.9,2.85,2.85,4750,362050,18350.0,CE
2022-02-24 15:10:00,2.85,2.85,2.75,2.85,3550,362050,18350.0,CE
2022-02-24 15:11:00,2.85,2.85,2.75,2.75,2750,362050,18350.0,CE
2022-02-24 15:12:00,2.75,2.75,2.75,2.75,650,363300,18350.0,CE
2022-02-24 15:13:00,2.8,2.95,2.8,2.95,4000,363300,18350.0,CE
2022-02-24 15:14:00,2.95,3.0,2.95,3.0,4850,363300,18350.0,CE
2022-02-24 15:15:00,3.0,3.0,2.9,2.9,11850,363300,18350.0,CE
2022-02-24 15:16:00,3.0,3.0,3.0,3.0,100,364800,18350.0,CE
2022-02-24 15:17:00,2.95,2.95,2.85,2.9,3550,364800,18350.0,CE
2022-02-24 15:18:00,2.85,2.85,2.85,2.85,3600,363550,18350.0,CE
2022-02-24 15:20:00,2.75,2.75,2.75,2.75,100,363550,18350.0,CE
2022-02-24 15:21:00,2.7,2.7,2.65,2.65,4150,363550,18350.0,CE
2022-02-24 15:22:00,2.65,2.65,2.45,2.5,7600,363550,18350.0,CE
2022-02-24 15:23:00,2.5,2.5,2.3,2.45,10150,363550,18350.0,CE
2022-02-24 15:24:00,2.45,2.45,2.35,2.35,4650,363550,18350.0,CE
2022-02-24 15:25:00,2.4,2.45,2.3,2.3,2750,365250,18350.0,CE
2022-02-24 15:26:00,2.25,2.35,2.25,2.35,6400,365250,18350.0,CE
2022-02-24 15:27:00,2.35,2.35,2.2,2.2,5700,364050,18350.0,CE
2022-02-24 15:28:00,2.2,2.3,2.2,2.3,4600,364050,18350.0,CE
2022-02-24 15:29:00,2.25,2.4,2.25,2.4,4400,364050,18350.0,CE
2022-02-24 15:30:00,2.3,2.3,2.3,2.3,1350,364050,18350.0,CE
2022-02-25 09:15:00,3.3,3.3,2.15,2.15,1751,361550,18350.0,CE
2022-02-25 09:16:00,2.15,2.3,2.15,2.3,300,361550,18350.0,CE
2022-02-25 09:17:00,2.25,2.3,2.0,2.0,2200,362950,18350.0,CE
2022-02-25 09:19:00,2.0,2.0,2.0,2.0,50,362950,18350.0,CE
2022-02-25 09:20:00,2.0,2.15,2.0,2.1,1800,364250,18350.0,CE
2022-02-25 09:21:00,2.1,2.1,2.0,2.1,850,364250,18350.0,CE
2022-02-25 09:22:00,1.95,1.95,1.9,1.9,700,364250,18350.0,CE
2022-02-25 09:23:00,1.9,2.05,1.85,1.85,1350,364550,18350.0,CE
2022-02-25 09:24:00,1.85,2.0,1.85,1.85,400,364550,18350.0,CE
2022-02-25 09:25:00,1.7,2.0,1.7,1.95,1900,364550,18350.0,CE
2022-02-25 09:26:00,1.85,1.95,1.85,1.9,450,364900,18350.0,CE
2022-02-25 09:27:00,1.8,1.9,1.8,1.85,1650,364900,18350.0,CE
2022-02-25 09:28:00,1.8,1.8,1.7,1.7,1450,364900,18350.0,CE
2022-02-25 09:30:00,1.8,1.8,1.8,1.8,400,364900,18350.0,CE
2022-02-25 09:31:00,1.7,1.75,1.7,1.75,4850,364900,18350.0,CE
2022-02-25 09:32:00,1.7,1.75,1.7,1.75,450,366800,18350.0,CE
2022-02-25 09:33:00,1.7,1.8,1.65,1.65,1900,366800,18350.0,CE
2022-02-25 09:35:00,1.6,1.75,1.6,1.6,4400,367200,18350.0,CE
2022-02-25 09:36:00,1.6,1.6,1.6,1.6,50,367200,18350.0,CE
2022-02-25 09:39:00,1.65,1.65,1.65,1.65,1200,367650,18350.0,CE
2022-02-25 09:40:00,1.6,1.7,1.55,1.65,4700,367650,18350.0,CE
2022-02-25 09:41:00,1.6,1.65,1.6,1.65,200,366900,18350.0,CE
2022-02-25 09:42:00,1.65,1.65,1.65,1.65,150,366900,18350.0,CE
2022-02-25 09:44:00,1.65,1.65,1.6,1.65,3900,366750,18350.0,CE
2022-02-25 09:45:00,1.6,1.6,1.55,1.55,1300,366750,18350.0,CE
2022-02-25 09:47:00,1.6,1.6,1.6,1.6,4000,370200,18350.0,CE
2022-02-25 09:48:00,1.6,1.65,1.6,1.6,3150,370200,18350.0,CE
2022-02-25 09:49:00,1.6,1.6,1.6,1.6,750,370200,18350.0,CE
2022-02-25 09:50:00,1.6,1.6,1.55,1.55,850,369750,18350.0,CE
2022-02-25 09:51:00,1.55,1.55,1.55,1.55,2250,369750,18350.0,CE
2022-02-25 09:55:00,1.6,1.65,1.6,1.65,600,369750,18350.0,CE
2022-02-25 09:56:00,1.55,1.55,1.55,1.55,50,369750,18350.0,CE
2022-02-25 09:57:00,1.55,1.55,1.55,1.55,50,369700,18350.0,CE
2022-02-25 09:58:00,1.6,1.6,1.6,1.6,50,369700,18350.0,CE
2022-02-25 10:00:00,1.6,1.6,1.6,1.6,200,369650,18350.0,CE
2022-02-25 10:01:00,1.65,1.65,1.65,1.65,200,369650,18350.0,CE
2022-02-25 10:02:00,1.6,1.6,1.55,1.55,400,369900,18350.0,CE
2022-02-25 10:03:00,1.55,1.65,1.55,1.55,750,369900,18350.0,CE
2022-02-25 10:05:00,1.6,1.6,1.6,1.6,100,369900,18350.0,CE
2022-02-25 10:09:00,1.55,1.55,1.55,1.55,1000,369650,18350.0,CE
2022-02-25 10:11:00,1.65,1.65,1.65,1.65,500,369650,18350.0,CE
2022-02-25 10:12:00,1.55,1.55,1.55,1.55,50,370150,18350.0,CE
2022-02-25 10:15:00,1.55,1.6,1.55,1.6,250,370100,18350.0,CE
2022-02-25 10:18:00,1.6,1.6,1.6,1.6,50,370100,18350.0,CE
2022-02-25 10:22:00,1.55,1.55,1.55,1.55,50,370150,18350.0,CE
2022-02-25 10:23:00,1.55,1.55,1.55,1.55,50,370150,18350.0,CE
2022-02-25 10:27:00,1.55,1.55,1.55,1.55,1400,370100,18350.0,CE
2022-02-25 10:28:00,1.55,1.55,1.55,1.55,950,370100,18350.0,CE
2022-02-25 10:31:00,1.6,1.6,1.6,1.6,200,370100,18350.0,CE
2022-02-25 10:33:00,1.55,1.6,1.55,1.55,650,370300,18350.0,CE
2022-02-25 10:35:00,1.6,1.6,1.5,1.5,2100,370300,18350.0,CE
2022-02-25 10:37:00,1.5,1.6,1.5,1.55,2050,369500,18350.0,CE
2022-02-25 10:39:00,1.6,1.6,1.5,1.55,800,369600,18350.0,CE
2022-02-25 10:40:00,1.5,1.6,1.45,1.45,2300,369600,18350.0,CE
2022-02-25 10:43:00,1.45,1.45,1.45,1.45,50,369050,18350.0,CE
2022-02-25 10:44:00,1.6,1.6,1.55,1.55,900,369050,18350.0,CE
2022-02-25 10:45:00,1.55,1.55,1.5,1.5,300,369200,18350.0,CE
2022-02-25 10:46:00,1.6,1.6,1.6,1.6,1550,369200,18350.0,CE
2022-02-25 10:48:00,1.55,1.55,1.5,1.5,2200,369200,18350.0,CE
2022-02-25 10:49:00,1.5,1.55,1.5,1.55,300,369200,18350.0,CE
2022-02-25 10:51:00,1.5,1.5,1.5,1.5,350,368000,18350.0,CE
2022-02-25 10:53:00,1.55,1.55,1.55,1.55,750,368050,18350.0,CE
2022-02-25 10:54:00,1.55,1.6,1.5,1.6,2450,368050,18350.0,CE
2022-02-25 10:56:00,1.55,1.55,1.4,1.4,3050,370800,18350.0,CE
2022-02-25 10:57:00,1.4,1.45,1.4,1.45,150,370800,18350.0,CE
2022-02-25 11:02:00,1.5,1.5,1.4,1.5,350,369250,18350.0,CE
2022-02-25 11:03:00,1.5,1.5,1.35,1.5,1950,369250,18350.0,CE
2022-02-25 11:04:00,1.45,1.5,1.4,1.5,1600,369250,18350.0,CE
2022-02-25 11:05:00,1.55,1.55,1.55,1.55,250,369250,18350.0,CE
2022-02-25 11:09:00,1.45,1.45,1.45,1.45,300,369250,18350.0,CE
2022-02-25 11:10:00,1.45,1.55,1.45,1.45,1200,372250,18350.0,CE
2022-02-25 11:13:00,1.45,1.45,1.4,1.45,18900,373500,18350.0,CE
2022-02-25 11:14:00,1.4,1.45,1.4,1.45,1800,373500,18350.0,CE
2022-02-25 11:15:00,1.5,1.5,1.4,1.5,5500,354650,18350.0,CE
2022-02-25 11:17:00,1.45,1.45,1.4,1.4,700,354650,18350.0,CE
2022-02-25 11:20:00,1.45,1.5,1.45,1.45,10750,355400,18350.0,CE
2022-02-25 11:21:00,1.4,1.5,1.4,1.45,2200,355400,18350.0,CE
2022-02-25 11:22:00,1.5,1.5,1.45,1.45,1300,355400,18350.0,CE
2022-02-25 11:23:00,1.4,1.4,1.35,1.4,16650,349200,18350.0,CE
2022-02-25 11:24:00,1.4,1.4,1.35,1.35,250,349200,18350.0,CE
2022-02-25 11:25:00,1.45,1.5,1.4,1.45,2800,349200,18350.0,CE
2022-02-25 11:28:00,1.5,1.5,1.45,1.45,2050,345200,18350.0,CE
2022-02-25 11:29:00,1.45,1.45,1.4,1.4,2000,342200,18350.0,CE
2022-02-25 11:30:00,1.5,1.5,1.4,1.4,2400,342200,18350.0,CE
2022-02-25 11:31:00,1.4,1.45,1.4,1.4,1150,342200,18350.0,CE
2022-02-25 11:32:00,1.4,1.45,1.35,1.35,1550,338050,18350.0,CE
2022-02-25 11:33:00,1.4,1.4,1.35,1.35,950,338050,18350.0,CE
2022-02-25 11:36:00,1.45,1.5,1.45,1.45,3050,336950,18350.0,CE
2022-02-25 11:40:00,1.45,1.45,1.45,1.45,50,336950,18350.0,CE
2022-02-25 11:45:00,1.45,1.45,1.45,1.45,550,337000,18350.0,CE
2022-02-25 11:46:00,1.45,1.45,1.45,1.45,300,337000,18350.0,CE
2022-02-25 11:47:00,1.5,1.5,1.5,1.5,200,336750,18350.0,CE
2022-02-25 11:51:00,1.45,1.45,1.45,1.45,100,336750,18350.0,CE
2022-02-25 11:53:00,1.45,1.5,1.45,1.5,800,336600,18350.0,CE
2022-02-25 11:54:00,1.5,1.5,1.5,1.5,150,336600,18350.0,CE
2022-02-25 11:55:00,1.5,1.5,1.5,1.5,150,336600,18350.0,CE
2022-02-25 11:56:00,1.5,1.5,1.5,1.5,250,337550,18350.0,CE
2022-02-25 11:57:00,1.5,1.5,1.5,1.5,150,337550,18350.0,CE
2022-02-25 11:59:00,1.4,1.4,1.4,1.4,1600,337550,18350.0,CE
2022-02-25 12:01:00,1.45,1.45,1.45,1.45,50,336350,18350.0,CE
2022-02-25 12:05:00,1.45,1.45,1.45,1.45,900,336350,18350.0,CE
2022-02-25 12:11:00,1.5,1.5,1.5,1.5,100,336350,18350.0,CE
2022-02-25 12:13:00,1.5,1.5,1.5,1.5,300,336350,18350.0,CE
2022-02-25 12:14:00,1.5,1.5,1.5,1.5,800,336350,18350.0,CE
2022-02-25 12:20:00,1.5,1.55,1.45,1.55,550,337850,18350.0,CE
2022-02-25 12:21:00,1.45,1.55,1.45,1.5,1350,337850,18350.0,CE
2022-02-25 12:22:00,1.55,1.55,1.5,1.5,800,337850,18350.0,CE
2022-02-25 12:23:00,1.55,1.55,1.55,1.55,200,339550,18350.0,CE
2022-02-25 12:24:00,1.55,1.55,1.55,1.55,100,339550,18350.0,CE
2022-02-25 12:25:00,1.55,1.55,1.5,1.55,2600,339550,18350.0,CE
2022-02-25 12:26:00,1.55,1.55,1.55,1.55,300,340650,18350.0,CE
2022-02-25 12:27:00,1.55,1.55,1.55,1.55,150,340650,18350.0,CE
2022-02-25 12:28:00,1.55,1.55,1.55,1.55,100,340650,18350.0,CE
2022-02-25 12:29:00,1.55,1.55,1.55,1.55,150,341000,18350.0,CE
2022-02-25 12:30:00,1.55,1.55,1.55,1.55,50,341000,18350.0,CE
2022-02-25 12:32:00,1.45,1.45,1.45,1.45,250,341150,18350.0,CE
2022-02-25 12:33:00,1.5,1.5,1.4,1.4,4300,341150,18350.0,CE
2022-02-25 12:34:00,1.4,1.4,1.4,1.4,50,341150,18350.0,CE
2022-02-25 12:48:00,1.45,1.45,1.45,1.45,1900,337050,18350.0,CE
2022-02-25 12:50:00,1.5,1.5,1.5,1.5,300,337050,18350.0,CE
2022-02-25 12:53:00,1.45,1.45,1.45,1.45,50,337050,18350.0,CE
2022-02-25 12:54:00,1.4,1.4,1.4,1.4,300,337200,18350.0,CE
2022-02-25 13:02:00,1.45,1.45,1.45,1.45,350,336900,18350.0,CE
2022-02-25 13:04:00,1.45,1.45,1.45,1.45,300,336900,18350.0,CE
2022-02-25 13:05:00,1.4,1.4,1.35,1.4,500,337250,18350.0,CE
2022-02-25 13:09:00,1.35,1.45,1.35,1.45,650,337150,18350.0,CE
2022-02-25 13:10:00,1.45,1.45,1.45,1.45,200,337150,18350.0,CE
2022-02-25 13:12:00,1.45,1.45,1.4,1.4,450,337750,18350.0,CE
2022-02-25 13:13:00,1.35,1.45,1.35,1.45,250,337750,18350.0,CE
2022-02-25 13:15:00,1.35,1.45,1.35,1.45,1500,337650,18350.0,CE
2022-02-25 13:19:00,1.4,1.4,1.4,1.4,50,336200,18350.0,CE
2022-02-25 13:21:00,1.35,1.45,1.35,1.4,150,336150,18350.0,CE
2022-02-25 13:22:00,1.45,1.45,1.45,1.45,450,336150,18350.0,CE
2022-02-25 13:23:00,1.45,1.45,1.45,1.45,50,336150,18350.0,CE
2022-02-25 13:39:00,1.35,1.35,1.35,1.35,1200,335950,18350.0,CE
2022-02-25 13:41:00,1.4,1.4,1.4,1.4,1400,335950,18350.0,CE
2022-02-25 13:44:00,1.45,1.45,1.45,1.45,100,335950,18350.0,CE
2022-02-25 13:46:00,1.4,1.4,1.4,1.4,150,335750,18350.0,CE
2022-02-25 13:51:00,1.4,1.4,1.4,1.4,50,335750,18350.0,CE
2022-02-25 13:56:00,1.4,1.4,1.4,1.4,50,335650,18350.0,CE
2022-02-25 14:02:00,1.4,1.4,1.4,1.4,250,335650,18350.0,CE
2022-02-25 14:03:00,1.45,1.45,1.4,1.45,1000,336200,18350.0,CE
2022-02-25 14:04:00,1.45,1.45,1.45,1.45,1200,336200,18350.0,CE
2022-02-25 14:05:00,1.45,1.45,1.45,1.45,2300,336200,18350.0,CE
2022-02-25 14:06:00,1.45,1.45,1.45,1.45,700,336200,18350.0,CE
2022-02-25 14:07:00,1.4,1.5,1.3,1.3,10900,336200,18350.0,CE
2022-02-25 14:08:00,1.4,1.45,1.4,1.45,700,336200,18350.0,CE
2022-02-25 14:14:00,1.5,1.5,1.5,1.5,250,327450,18350.0,CE
2022-02-25 14:15:00,1.45,1.45,1.45,1.45,200,327450,18350.0,CE
2022-02-25 14:16:00,1.5,1.55,1.45,1.55,5750,327700,18350.0,CE
2022-02-25 14:17:00,1.55,1.6,1.5,1.5,2700,327700,18350.0,CE
2022-02-25 14:18:00,1.55,1.6,1.55,1.6,1800,327700,18350.0,CE
2022-02-25 14:20:00,1.45,1.6,1.45,1.5,500,331650,18350.0,CE
2022-02-25 14:21:00,1.45,1.5,1.45,1.45,950,330900,18350.0,CE
2022-02-25 14:22:00,1.5,1.55,1.5,1.5,2100,330900,18350.0,CE
2022-02-25 14:23:00,1.55,1.65,1.5,1.55,4200,330900,18350.0,CE
2022-02-25 14:24:00,1.65,1.7,1.55,1.65,2750,336900,18350.0,CE
2022-02-25 14:25:00,1.65,1.65,1.55,1.55,2250,336900,18350.0,CE
2022-02-25 14:26:00,1.65,1.65,1.6,1.65,1750,336900,18350.0,CE
2022-02-25 14:27:00,1.65,1.65,1.55,1.55,550,342100,18350.0,CE
2022-02-25 14:28:00,1.55,1.55,1.55,1.55,50,342100,18350.0,CE
2022-02-25 14:29:00,1.55,1.55,1.5,1.5,4550,342100,18350.0,CE
2022-02-25 14:31:00,1.6,1.6,1.55,1.55,350,339800,18350.0,CE
2022-02-25 14:32:00,1.5,1.6,1.5,1.5,2450,339800,18350.0,CE
2022-02-25 14:33:00,1.45,1.45,1.35,1.4,8300,335200,18350.0,CE
2022-02-25 14:34:00,1.45,1.45,1.3,1.3,8150,335200,18350.0,CE
2022-02-25 14:35:00,1.25,1.35,1.25,1.25,2150,335200,18350.0,CE
2022-02-25 14:36:00,1.35,1.35,1.35,1.35,100,321450,18350.0,CE
2022-02-25 14:38:00,1.35,1.35,1.35,1.35,600,321450,18350.0,CE
2022-02-25 14:40:00,1.35,1.35,1.35,1.35,1300,321450,18350.0,CE
2022-02-25 14:41:00,1.35,1.35,1.35,1.35,50,321450,18350.0,CE
2022-02-25 14:42:00,1.35,1.35,1.35,1.35,600,321500,18350.0,CE
2022-02-25 14:44:00,1.4,1.4,1.4,1.4,50,321500,18350.0,CE
2022-02-25 14:45:00,1.35,1.35,1.35,1.35,100,321500,18350.0,CE
2022-02-25 14:46:00,1.3,1.4,1.3,1.4,100,321550,18350.0,CE
2022-02-25 14:47:00,1.35,1.35,1.35,1.35,200,321550,18350.0,CE
2022-02-25 14:51:00,1.25,1.35,1.25,1.35,4800,321400,18350.0,CE
2022-02-25 14:53:00,1.25,1.25,1.25,1.25,200,321400,18350.0,CE
2022-02-25 14:54:00,1.25,1.25,1.15,1.25,3950,321550,18350.0,CE
2022-02-25 14:55:00,1.15,1.25,1.15,1.25,5150,321550,18350.0,CE
2022-02-25 14:56:00,1.25,1.25,1.2,1.2,650,321550,18350.0,CE
2022-02-25 15:00:00,1.25,1.25,1.25,1.25,2800,320750,18350.0,CE
2022-02-25 15:02:00,1.25,1.25,1.25,1.25,100,320750,18350.0,CE
2022-02-25 15:03:00,1.25,1.25,1.25,1.25,500,321400,18350.0,CE
2022-02-25 15:05:00,1.25,1.25,1.25,1.25,1900,321400,18350.0,CE
2022-02-25 15:07:00,1.3,1.3,1.3,1.3,300,321200,18350.0,CE
2022-02-25 15:08:00,1.25,1.35,1.25,1.3,750,321200,18350.0,CE
2022-02-25 15:09:00,1.25,1.3,1.2,1.25,7500,321900,18350.0,CE
2022-02-25 15:10:00,1.3,1.35,1.25,1.35,2350,321900,18350.0,CE
2022-02-25 15:11:00,1.35,1.35,1.3,1.3,950,321900,18350.0,CE
2022-02-25 15:12:00,1.3,1.3,1.3,1.3,2000,321950,18350.0,CE
2022-02-25 15:13:00,1.3,1.35,1.25,1.25,400,321950,18350.0,CE
2022-02-25 15:14:00,1.3,1.3,1.3,1.3,4900,321950,18350.0,CE
2022-02-25 15:15:00,1.3,1.3,1.25,1.25,1500,321950,18350.0,CE
2022-02-25 15:16:00,1.25,1.35,1.25,1.35,350,320900,18350.0,CE
2022-02-25 15:17:00,1.3,1.3,1.3,1.3,200,320900,18350.0,CE
2022-02-25 15:18:00,1.35,1.35,1.35,1.35,300,320650,18350.0,CE
2022-02-25 15:20:00,1.45,1.45,1.35,1.45,1250,320650,18350.0,CE
2022-02-25 15:21:00,1.35,1.45,1.3,1.4,950,320550,18350.0,CE
2022-02-25 15:22:00,1.3,1.45,1.3,1.45,1900,320550,18350.0,CE
2022-02-25 15:23:00,1.5,1.5,1.35,1.35,3500,320550,18350.0,CE
2022-02-25 15:24:00,1.45,1.45,1.45,1.45,300,320100,18350.0,CE
2022-02-25 15:25:00,1.4,1.4,1.4,1.4,150,320100,18350.0,CE
2022-02-25 15:26:00,1.45,1.45,1.45,1.45,250,320100,18350.0,CE
2022-02-25 15:28:00,1.45,1.45,1.35,1.35,5100,320150,18350.0,CE
2022-02-25 15:29:00,1.35,1.55,1.3,1.55,5900,320150,18350.0,CE
2022-02-28 09:15:00,1.25,1.45,1.25,1.3,1951,320250,18350.0,CE
2022-02-28 09:16:00,1.3,1.3,1.3,1.3,100,320250,18350.0,CE
2022-02-28 09:17:00,1.25,1.25,1.25,1.25,1400,321000,18350.0,CE
2022-02-28 09:19:00,1.25,1.3,1.25,1.3,900,321000,18350.0,CE
2022-02-28 09:20:00,1.3,1.3,1.3,1.3,1800,320400,18350.0,CE
2022-02-28 09:21:00,1.3,1.3,1.3,1.3,700,320400,18350.0,CE
2022-02-28 09:22:00,1.3,1.35,1.3,1.35,400,320400,18350.0,CE
2022-02-28 09:23:00,1.25,1.35,1.25,1.35,5900,319750,18350.0,CE
2022-02-28 09:24:00,1.35,1.35,1.3,1.35,850,319750,18350.0,CE
2022-02-28 09:25:00,1.35,1.35,1.3,1.3,3800,319750,18350.0,CE
2022-02-28 09:26:00,1.35,1.35,1.35,1.35,1000,318850,18350.0,CE
2022-02-28 09:27:00,1.35,1.35,1.35,1.35,50,318850,18350.0,CE
2022-02-28 09:28:00,1.4,1.4,1.4,1.4,10750,318850,18350.0,CE
2022-02-28 09:29:00,1.35,1.35,1.35,1.35,900,318550,18350.0,CE
2022-02-28 09:32:00,1.35,1.35,1.35,1.35,100,318550,18350.0,CE
2022-02-28 09:33:00,1.35,1.35,1.35,1.35,50,318600,18350.0,CE
2022-02-28 09:34:00,1.3,1.3,1.3,1.3,900,318600,18350.0,CE
2022-02-28 09:35:00,1.3,1.3,1.3,1.3,1600,318650,18350.0,CE
2022-02-28 09:36:00,1.3,1.3,1.3,1.3,400,318650,18350.0,CE
2022-02-28 09:37:00,1.3,1.3,1.3,1.3,100,318650,18350.0,CE
2022-02-28 09:39:00,1.3,1.3,1.3,1.3,50,318600,18350.0,CE
2022-02-28 09:40:00,1.25,1.25,1.25,1.25,4200,318600,18350.0,CE
2022-02-28 09:46:00,1.3,1.3,1.3,1.3,400,318650,18350.0,CE
2022-02-28 09:47:00,1.3,1.3,1.3,1.3,1500,318650,18350.0,CE
2022-02-28 09:48:00,1.3,1.3,1.25,1.3,1300,318650,18350.0,CE
2022-02-28 09:49:00,1.25,1.25,1.25,1.25,150,318650,18350.0,CE
2022-02-28 09:55:00,1.3,1.3,1.3,1.3,1800,319200,18350.0,CE
2022-02-28 09:56:00,1.3,1.3,1.3,1.3,1350,319450,18350.0,CE
2022-02-28 09:57:00,1.3,1.3,1.3,1.3,2800,319450,18350.0,CE
2022-02-28 09:58:00,1.3,1.3,1.3,1.3,50,319450,18350.0,CE
2022-02-28 09:59:00,1.3,1.3,1.3,1.3,900,319450,18350.0,CE
2022-02-28 10:00:00,1.35,1.35,1.35,1.35,500,319450,18350.0,CE
2022-02-28 10:01:00,1.3,1.3,1.3,1.3,50,319100,18350.0,CE
2022-02-28 10:03:00,1.3,1.3,1.3,1.3,250,319000,18350.0,CE
2022-02-28 10:06:00,1.3,1.3,1.3,1.3,600,319000,18350.0,CE
2022-02-28 10:07:00,1.25,1.25,1.25,1.25,2300,319000,18350.0,CE
2022-02-28 10:08:00,1.25,1.25,1.25,1.25,100,319000,18350.0,CE
2022-02-28 10:13:00,1.3,1.3,1.3,1.3,1800,318900,18350.0,CE
2022-02-28 10:17:00,1.25,1.25,1.25,1.25,1400,318850,18350.0,CE
2022-02-28 10:20:00,1.25,1.25,1.25,1.25,2600,318850,18350.0,CE
2022-02-28 10:21:00,1.25,1.25,1.25,1.25,50,318850,18350.0,CE
2022-02-28 10:22:00,1.25,1.25,1.25,1.25,100,318850,18350.0,CE
2022-02-28 10:24:00,1.25,1.25,1.25,1.25,50,318850,18350.0,CE
2022-02-28 10:32:00,1.3,1.3,1.3,1.3,1800,318850,18350.0,CE
2022-02-28 10:33:00,1.3,1.3,1.3,1.3,1250,318800,18350.0,CE
2022-02-28 10:35:00,1.3,1.3,1.3,1.3,1800,318800,18350.0,CE
2022-02-28 10:39:00,1.25,1.25,1.25,1.25,50,320050,18350.0,CE
2022-02-28 10:40:00,1.3,1.3,1.3,1.3,50,320050,18350.0,CE
2022-02-28 10:41:00,1.25,1.25,1.25,1.25,100,320050,18350.0,CE
2022-02-28 10:43:00,1.25,1.25,1.25,1.25,150,320100,18350.0,CE
2022-02-28 10:48:00,1.25,1.25,1.25,1.25,50,320100,18350.0,CE
2022-02-28 10:50:00,1.25,1.25,1.25,1.25,1850,319700,18350.0,CE
2022-02-28 10:51:00,1.25,1.25,1.25,1.25,100,319700,18350.0,CE
2022-02-28 10:52:00,1.3,1.3,1.3,1.3,500,319700,18350.0,CE
2022-02-28 10:54:00,1.25,1.25,1.25,1.25,250,318800,18350.0,CE
2022-02-28 10:56:00,1.2,1.2,1.2,1.2,100,318800,18350.0,CE
2022-02-28 10:57:00,1.25,1.25,1.25,1.25,50,318800,18350.0,CE
2022-02-28 10:59:00,1.15,1.2,1.15,1.2,3400,317300,18350.0,CE
2022-02-28 11:00:00,1.2,1.2,1.15,1.15,2150,317300,18350.0,CE
2022-02-28 11:01:00,1.15,1.15,1.1,1.1,3150,317300,18350.0,CE
2022-02-28 11:02:00,1.2,1.2,1.15,1.15,150,317300,18350.0,CE
2022-02-28 11:08:00,1.15,1.15,1.15,1.15,100,310500,18350.0,CE
2022-02-28 11:11:00,1.15,1.15,1.15,1.15,50,310500,18350.0,CE
2022-02-28 11:14:00,1.15,1.15,1.15,1.15,1000,310500,18350.0,CE
2022-02-28 11:15:00,1.15,1.15,1.15,1.15,50,310550,18350.0,CE
2022-02-28 11:20:00,1.15,1.15,1.15,1.15,100,310600,18350.0,CE
2022-02-28 11:27:00,1.15,1.15,1.15,1.15,150,310600,18350.0,CE
2022-02-28 11:29:00,1.15,1.15,1.15,1.15,800,310450,18350.0,CE
2022-02-28 11:30:00,1.15,1.15,1.15,1.15,250,310450,18350.0,CE
2022-02-28 11:33:00,1.15,1.15,1.15,1.15,100,310500,18350.0,CE
2022-02-28 11:37:00,1.15,1.15,1.15,1.15,450,310500,18350.0,CE
2022-02-28 11:40:00,1.15,1.15,1.15,1.15,1350,310500,18350.0,CE
2022-02-28 11:45:00,1.15,1.15,1.1,1.15,3350,310450,18350.0,CE
2022-02-28 11:50:00,1.15,1.15,1.15,1.15,50,310450,18350.0,CE
2022-02-28 11:51:00,1.15,1.2,1.15,1.2,1550,307550,18350.0,CE
2022-02-28 11:52:00,1.15,1.2,1.15,1.2,550,307550,18350.0,CE
2022-02-28 11:53:00,1.2,1.2,1.15,1.15,500,307550,18350.0,CE
2022-02-28 11:54:00,1.15,1.25,1.15,1.25,1950,306400,18350.0,CE
2022-02-28 11:55:00,1.1,1.1,1.1,1.1,1250,306400,18350.0,CE
2022-02-28 11:56:00,1.15,1.25,1.15,1.25,2100,305700,18350.0,CE
2022-02-28 11:57:00,1.25,1.25,1.25,1.25,1300,305700,18350.0,CE
2022-02-28 11:58:00,1.15,1.15,1.15,1.15,150,305700,18350.0,CE
2022-02-28 11:59:00,1.1,1.2,1.1,1.1,1550,307450,18350.0,CE
2022-02-28 12:00:00,1.2,1.2,1.15,1.2,3150,307450,18350.0,CE
2022-02-28 12:01:00,1.15,1.2,1.15,1.2,1350,307450,18350.0,CE
2022-02-28 12:04:00,1.15,1.15,1.1,1.1,7900,303900,18350.0,CE
2022-02-28 12:05:00,1.1,1.1,1.0,1.0,8050,303900,18350.0,CE
2022-02-28 12:06:00,1.15,1.15,1.15,1.15,1000,296500,18350.0,CE
2022-02-28 12:07:00,1.15,1.15,1.1,1.1,800,296500,18350.0,CE
2022-02-28 12:08:00,1.05,1.15,1.05,1.05,1900,296700,18350.0,CE
2022-02-28 12:09:00,1.15,1.15,1.05,1.05,1900,296700,18350.0,CE
2022-02-28 12:10:00,1.05,1.15,1.0,1.15,5000,296700,18350.0,CE
2022-02-28 12:11:00,1.05,1.05,1.05,1.05,1000,296700,18350.0,CE
2022-02-28 12:12:00,1.1,1.1,1.0,1.05,950,293400,18350.0,CE
2022-02-28 12:15:00,1.0,1.05,1.0,1.05,1950,292600,18350.0,CE
2022-02-28 12:16:00,1.0,1.0,1.0,1.0,150,292600,18350.0,CE
2022-02-28 12:17:00,1.05,1.05,1.0,1.0,550,292600,18350.0,CE
2022-02-28 12:18:00,1.0,1.0,1.0,1.0,300,290600,18350.0,CE
2022-02-28 12:19:00,1.0,1.0,1.0,1.0,50,290600,18350.0,CE
2022-02-28 12:20:00,1.0,1.1,1.0,1.1,3400,290850,18350.0,CE
2022-02-28 12:21:00,1.1,1.1,1.0,1.05,500,290850,18350.0,CE
2022-02-28 12:22:00,1.05,1.05,1.05,1.05,150,290850,18350.0,CE
2022-02-28 12:24:00,1.05,1.05,1.05,1.05,50,291450,18350.0,CE
2022-02-28 12:25:00,1.0,1.05,1.0,1.0,650,291450,18350.0,CE
2022-02-28 12:26:00,0.95,1.05,0.95,1.05,250,291450,18350.0,CE
2022-02-28 12:28:00,1.0,1.05,1.0,1.05,200,291050,18350.0,CE
2022-02-28 12:29:00,1.0,1.05,1.0,1.05,150,291050,18350.0,CE
2022-02-28 12:30:00,1.0,1.05,1.0,1.05,400,291300,18350.0,CE
2022-02-28 12:31:00,1.05,1.1,1.0,1.1,250,291300,18350.0,CE
2022-02-28 12:32:00,1.05,1.1,1.05,1.05,3550,291550,18350.0,CE
2022-02-28 12:33:00,1.05,1.15,1.05,1.1,1250,291550,18350.0,CE
2022-02-28 12:34:00,1.1,1.1,1.05,1.05,350,291550,18350.0,CE
2022-02-28 12:35:00,1.15,1.15,1.05,1.1,1700,291550,18350.0,CE
2022-02-28 12:36:00,1.05,1.05,1.0,1.0,1350,294600,18350.0,CE
2022-02-28 12:37:00,1.05,1.05,1.05,1.05,1000,294600,18350.0,CE
2022-02-28 12:38:00,1.15,1.15,1.15,1.15,600,294600,18350.0,CE
2022-02-28 12:39:00,1.1,1.1,1.0,1.05,2950,293250,18350.0,CE
2022-02-28 12:40:00,1.05,1.05,1.05,1.05,50,293250,18350.0,CE
2022-02-28 12:46:00,1.1,1.15,1.1,1.1,750,290450,18350.0,CE
2022-02-28 12:47:00,1.1,1.1,1.1,1.1,100,290450,18350.0,CE
2022-02-28 12:49:00,1.1,1.1,1.1,1.1,500,291250,18350.0,CE
2022-02-28 12:50:00,1.05,1.05,1.05,1.05,900,291250,18350.0,CE
2022-02-28 12:57:00,1.1,1.1,1.1,1.1,250,290400,18350.0,CE
2022-02-28 12:58:00,1.1,1.1,1.1,1.1,300,290400,18350.0,CE
2022-02-28 13:01:00,1.05,1.05,1.05,1.05,550,290950,18350.0,CE
2022-02-28 13:05:00,1.1,1.1,1.1,1.1,150,290400,18350.0,CE
2022-02-28 13:06:00,1.05,1.05,1.0,1.0,250,290550,18350.0,CE
2022-02-28 13:08:00,1.0,1.0,1.0,1.0,1000,290550,18350.0,CE
2022-02-28 13:09:00,1.1,1.1,1.0,1.0,150,289500,18350.0,CE
2022-02-28 13:10:00,1.1,1.1,1.1,1.1,250,289500,18350.0,CE
2022-02-28 13:11:00,1.1,1.1,1.05,1.05,750,289500,18350.0,CE
2022-02-28 13:12:00,1.05,1.05,1.05,1.05,50,289250,18350.0,CE
2022-02-28 13:21:00,1.05,1.05,1.05,1.05,1800,289250,18350.0,CE
2022-02-28 13:22:00,1.05,1.05,1.05,1.05,50,289300,18350.0,CE
2022-02-28 13:25:00,1.1,1.1,1.1,1.1,50,289350,18350.0,CE
2022-02-28 13:26:00,1.1,1.1,1.1,1.1,400,289350,18350.0,CE
2022-02-28 13:27:00,1.1,1.1,1.1,1.1,50,289350,18350.0,CE
2022-02-28 13:30:00,1.05,1.1,1.05,1.1,500,289850,18350.0,CE
2022-02-28 13:33:00,1.1,1.1,1.1,1.1,200,289400,18350.0,CE
2022-02-28 13:34:00,1.1,1.15,1.1,1.15,1750,289400,18350.0,CE
2022-02-28 13:35:00,1.2,1.2,1.2,1.2,100,289400,18350.0,CE
2022-02-28 13:36:00,1.2,1.2,1.2,1.2,100,289400,18350.0,CE
2022-02-28 13:38:00,1.2,1.2,1.2,1.2,500,289250,18350.0,CE
2022-02-28 13:39:00,1.2,1.2,1.2,1.2,300,288700,18350.0,CE
2022-02-28 13:40:00,1.2,1.25,1.15,1.25,300,288700,18350.0,CE
2022-02-28 13:44:00,1.25,1.25,1.25,1.25,1800,288700,18350.0,CE
2022-02-28 13:46:00,1.25,1.25,1.2,1.2,300,288400,18350.0,CE
2022-02-28 13:47:00,1.15,1.15,1.15,1.15,100,288400,18350.0,CE
2022-02-28 13:53:00,1.2,1.2,1.2,1.2,100,288400,18350.0,CE
2022-02-28 13:55:00,1.2,1.2,1.2,1.2,1500,288500,18350.0,CE
2022-02-28 13:56:00,1.2,1.2,1.15,1.15,450,288500,18350.0,CE
2022-02-28 13:57:00,1.15,1.15,1.15,1.15,100,288500,18350.0,CE
2022-02-28 13:58:00,1.15,1.15,1.15,1.15,600,288400,18350.0,CE
2022-02-28 13:59:00,1.15,1.25,1.15,1.25,4100,288400,18350.0,CE
2022-02-28 14:00:00,1.15,1.15,1.15,1.15,1000,288800,18350.0,CE
2022-02-28 14:02:00,1.15,1.15,1.15,1.15,1000,288800,18350.0,CE
2022-02-28 14:08:00,1.25,1.25,1.25,1.25,150,289200,18350.0,CE
2022-02-28 14:10:00,1.25,1.25,1.25,1.25,50,289150,18350.0,CE
2022-02-28 14:11:00,1.2,1.2,1.2,1.2,100,289150,18350.0,CE
2022-02-28 14:13:00,1.2,1.25,1.2,1.25,950,289200,18350.0,CE
2022-02-28 14:14:00,1.25,1.3,1.2,1.2,1350,289200,18350.0,CE
2022-02-28 14:15:00,1.2,1.25,1.2,1.25,150,290800,18350.0,CE
2022-02-28 14:16:00,1.25,1.25,1.2,1.25,200,290800,18350.0,CE
2022-02-28 14:17:00,1.2,1.25,1.2,1.25,1350,290800,18350.0,CE
2022-02-28 14:19:00,1.2,1.25,1.2,1.25,1750,291200,18350.0,CE
2022-02-28 14:20:00,1.2,1.2,1.2,1.2,1100,291200,18350.0,CE
2022-02-28 14:21:00,1.25,1.3,1.25,1.3,1700,288500,18350.0,CE
2022-02-28 14:25:00,1.2,1.3,1.2,1.3,950,290200,18350.0,CE
2022-02-28 14:28:00,1.25,1.25,1.2,1.2,1300,290000,18350.0,CE
2022-02-28 14:29:00,1.25,1.25,1.25,1.25,50,290000,18350.0,CE
2022-02-28 14:32:00,1.25,1.25,1.25,1.25,100,289000,18350.0,CE
2022-02-28 14:33:00,1.25,1.25,1.25,1.25,2000,289000,18350.0,CE
2022-02-28 14:34:00,1.25,1.25,1.25,1.25,100,289000,18350.0,CE
2022-02-28 14:39:00,1.25,1.25,1.25,1.25,1500,289200,18350.0,CE
2022-02-28 14:40:00,1.25,1.25,1.2,1.25,3800,289200,18350.0,CE
2022-02-28 14:41:00,1.2,1.25,1.2,1.25,1100,289200,18350.0,CE
2022-02-28 14:42:00,1.2,1.2,1.1,1.1,4950,292300,18350.0,CE
2022-02-28 14:43:00,1.15,1.15,1.15,1.15,1900,292300,18350.0,CE
2022-02-28 14:44:00,1.15,1.15,1.15,1.15,1300,292300,18350.0,CE
2022-02-28 14:45:00,1.15,1.15,1.15,1.15,800,288700,18350.0,CE
2022-02-28 14:49:00,1.2,1.2,1.2,1.2,500,288700,18350.0,CE
2022-02-28 14:50:00,1.2,1.2,1.2,1.2,600,288700,18350.0,CE
2022-02-28 14:52:00,1.2,1.25,1.2,1.25,3350,289700,18350.0,CE
2022-02-28 14:53:00,1.25,1.25,1.15,1.2,2100,289700,18350.0,CE
2022-02-28 14:54:00,1.2,1.2,1.15,1.15,5500,292300,18350.0,CE
2022-02-28 14:55:00,1.2,1.2,1.2,1.2,100,292300,18350.0,CE
2022-02-28 14:56:00,1.2,1.2,1.1,1.1,4800,292300,18350.0,CE
2022-02-28 14:57:00,1.2,1.2,1.2,1.2,1800,292300,18350.0,CE
2022-02-28 14:58:00,1.2,1.2,1.2,1.2,100,292300,18350.0,CE
2022-02-28 14:59:00,1.15,1.15,1.15,1.15,4600,289700,18350.0,CE
2022-02-28 15:00:00,1.2,1.2,1.15,1.15,2050,289700,18350.0,CE
2022-02-28 15:01:00,1.2,1.25,1.15,1.15,1850,289700,18350.0,CE
2022-02-28 15:02:00,1.15,1.15,1.15,1.15,800,289700,18350.0,CE
2022-02-28 15:03:00,1.15,1.15,1.15,1.15,250,289650,18350.0,CE
2022-02-28 15:04:00,1.15,1.25,1.15,1.25,4250,289650,18350.0,CE
2022-02-28 15:05:00,1.15,1.15,1.1,1.1,950,289650,18350.0,CE
2022-02-28 15:06:00,1.15,1.2,1.15,1.15,2850,290100,18350.0,CE
2022-02-28 15:08:00,1.15,1.15,1.15,1.15,4700,290100,18350.0,CE
2022-02-28 15:09:00,1.15,1.15,1.15,1.15,1050,291750,18350.0,CE
2022-02-28 15:10:00,1.1,1.15,1.1,1.15,1900,291750,18350.0,CE
2022-02-28 15:11:00,1.15,1.15,1.15,1.15,100,291750,18350.0,CE
2022-02-28 15:13:00,1.15,1.15,1.15,1.15,3200,292000,18350.0,CE
2022-02-28 15:15:00,1.15,1.2,1.15,1.2,1050,292000,18350.0,CE
2022-02-28 15:16:00,1.2,1.2,1.15,1.15,2200,291100,18350.0,CE
2022-02-28 15:18:00,1.15,1.2,1.15,1.15,8850,291150,18350.0,CE
2022-02-28 15:19:00,1.1,1.1,1.1,1.1,3350,291150,18350.0,CE
2022-02-28 15:20:00,1.2,1.2,1.2,1.2,600,291150,18350.0,CE
2022-02-28 15:21:00,1.15,1.2,1.15,1.2,200,291150,18350.0,CE
2022-02-28 15:22:00,1.1,1.1,1.1,1.1,100,290450,18350.0,CE
2022-02-28 15:23:00,1.1,1.15,1.1,1.15,950,290450,18350.0,CE
2022-02-28 15:26:00,1.15,1.15,1.15,1.15,2100,290400,18350.0,CE
2022-02-28 15:28:00,1.15,1.15,1.1,1.1,950,290400,18350.0,CE
2022-02-28 15:29:00,1.1,1.15,1.1,1.1,10800,290400,18350.0,CE
2022-03-02 09:15:00,1.0,1.05,1.0,1.0,1051,290050,18350.0,CE
2022-03-02 09:16:00,1.05,1.05,1.05,1.05,8050,290050,18350.0,CE
2022-03-02 09:17:00,1.05,1.05,1.0,1.0,1400,290600,18350.0,CE
2022-03-02 09:18:00,1.0,1.05,1.0,1.05,12550,290600,18350.0,CE
2022-03-02 09:19:00,1.05,1.05,1.05,1.05,1800,290600,18350.0,CE
2022-03-02 09:20:00,1.0,1.2,1.0,1.2,4950,290500,18350.0,CE
2022-03-02 09:23:00,1.2,1.25,1.2,1.25,5600,289400,18350.0,CE
2022-03-02 09:24:00,1.25,1.25,1.25,1.25,4450,289400,18350.0,CE
2022-03-02 09:25:00,1.3,1.3,1.2,1.2,5800,289400,18350.0,CE
2022-03-02 09:26:00,1.25,1.25,1.2,1.25,11000,289800,18350.0,CE
2022-03-02 09:27:00,1.2,1.25,1.2,1.25,2850,289800,18350.0,CE
2022-03-02 09:28:00,1.25,1.3,1.25,1.25,4350,289800,18350.0,CE
2022-03-02 09:29:00,1.25,1.3,1.25,1.25,2100,289800,18350.0,CE
2022-03-02 09:30:00,1.3,1.3,1.25,1.25,2500,289850,18350.0,CE
2022-03-02 09:31:00,1.3,1.3,1.25,1.25,7600,289850,18350.0,CE
2022-03-02 09:32:00,1.25,1.25,1.25,1.25,1750,290750,18350.0,CE
2022-03-02 09:33:00,1.25,1.25,1.25,1.25,50,290750,18350.0,CE
2022-03-02 09:34:00,1.25,1.25,1.25,1.25,50,290750,18350.0,CE
2022-03-02 09:35:00,1.25,1.25,1.2,1.2,3550,290750,18350.0,CE
2022-03-02 09:36:00,1.2,1.2,1.2,1.2,950,290750,18350.0,CE
2022-03-02 09:37:00,1.2,1.25,1.2,1.25,200,290750,18350.0,CE
2022-03-02 09:38:00,1.25,1.25,1.2,1.2,150,292950,18350.0,CE
2022-03-02 09:39:00,1.2,1.2,1.2,1.2,100,292950,18350.0,CE
2022-03-02 09:40:00,1.2,1.3,1.2,1.25,2050,292950,18350.0,CE
2022-03-02 09:42:00,1.25,1.25,1.2,1.2,2850,292750,18350.0,CE
2022-03-02 09:43:00,1.25,1.25,1.25,1.25,150,292750,18350.0,CE
2022-03-02 09:44:00,1.25,1.25,1.25,1.25,50,292750,18350.0,CE
2022-03-02 09:45:00,1.2,1.2,1.2,1.2,150,292600,18350.0,CE
2022-03-02 09:47:00,1.2,1.2,1.2,1.2,50,292600,18350.0,CE
2022-03-02 09:48:00,1.2,1.2,1.2,1.2,100,292600,18350.0,CE
2022-03-02 09:49:00,1.2,1.2,1.2,1.2,50,292600,18350.0,CE
2022-03-02 09:51:00,1.2,1.2,1.2,1.2,600,292600,18350.0,CE
2022-03-02 09:55:00,1.25,1.25,1.25,1.25,200,292750,18350.0,CE
2022-03-02 09:56:00,1.25,1.25,1.25,1.25,50,292750,18350.0,CE
2022-03-02 09:57:00,1.25,1.25,1.25,1.25,200,292600,18350.0,CE
2022-03-02 09:58:00,1.25,1.25,1.25,1.25,100,292600,18350.0,CE
2022-03-02 09:59:00,1.25,1.25,1.25,1.25,100,292600,18350.0,CE
2022-03-02 10:03:00,1.2,1.2,1.2,1.2,150,292450,18350.0,CE
2022-03-02 10:04:00,1.2,1.25,1.2,1.25,750,292450,18350.0,CE
2022-03-02 10:06:00,1.25,1.25,1.25,1.25,2250,292150,18350.0,CE
2022-03-02 10:08:00,1.2,1.2,1.2,1.2,50,292150,18350.0,CE
2022-03-02 10:09:00,1.3,1.3,1.3,1.3,3000,293900,18350.0,CE
2022-03-02 10:10:00,1.3,1.3,1.3,1.3,1800,293900,18350.0,CE
2022-03-02 10:14:00,1.35,1.4,1.35,1.4,1900,294600,18350.0,CE
2022-03-02 10:19:00,1.4,1.4,1.35,1.35,1350,293500,18350.0,CE
2022-03-02 10:21:00,1.35,1.35,1.35,1.35,750,293400,18350.0,CE
2022-03-02 10:22:00,1.35,1.35,1.35,1.35,50,293400,18350.0,CE
2022-03-02 10:26:00,1.35,1.35,1.35,1.35,100,293500,18350.0,CE
2022-03-02 10:28:00,1.3,1.3,1.3,1.3,600,293500,18350.0,CE
2022-03-02 10:30:00,1.35,1.35,1.35,1.35,1700,293500,18350.0,CE
2022-03-02 10:31:00,1.35,1.35,1.35,1.35,50,293400,18350.0,CE
2022-03-02 10:32:00,1.4,1.4,1.4,1.4,1750,293400,18350.0,CE
2022-03-02 10:36:00,1.35,1.35,1.35,1.35,450,292850,18350.0,CE
2022-03-02 10:45:00,1.3,1.3,1.3,1.3,500,293000,18350.0,CE
2022-03-02 10:51:00,1.3,1.35,1.3,1.35,650,292700,18350.0,CE
2022-03-02 10:52:00,1.3,1.35,1.3,1.35,2550,292700,18350.0,CE
2022-03-02 10:53:00,1.25,1.35,1.25,1.35,500,292700,18350.0,CE
2022-03-02 10:54:00,1.25,1.25,1.25,1.25,550,294650,18350.0,CE
2022-03-02 10:55:00,1.25,1.25,1.25,1.25,3150,294650,18350.0,CE
2022-03-02 10:56:00,1.2,1.25,1.2,1.25,3850,295700,18350.0,CE
2022-03-02 10:57:00,1.25,1.25,1.2,1.25,2950,295700,18350.0,CE
2022-03-02 10:58:00,1.25,1.25,1.2,1.25,4950,295700,18350.0,CE
2022-03-02 10:59:00,1.25,1.25,1.25,1.25,1150,295700,18350.0,CE
2022-03-02 11:00:00,1.2,1.25,1.2,1.25,400,294400,18350.0,CE
2022-03-02 11:01:00,1.2,1.2,1.2,1.2,3250,294400,18350.0,CE
2022-03-02 11:02:00,1.15,1.2,1.15,1.2,1850,294400,18350.0,CE
2022-03-02 11:04:00,1.15,1.2,1.1,1.2,1150,296400,18350.0,CE
2022-03-02 11:06:00,1.15,1.15,1.15,1.15,3500,296950,18350.0,CE
2022-03-02 11:07:00,1.1,1.1,1.1,1.1,1950,296950,18350.0,CE
2022-03-02 11:08:00,1.15,1.15,1.15,1.15,1750,296950,18350.0,CE
2022-03-02 11:09:00,1.1,1.15,1.1,1.15,1800,295600,18350.0,CE
2022-03-02 11:10:00,1.1,1.1,1.1,1.1,2650,295600,18350.0,CE
2022-03-02 11:11:00,1.1,1.1,1.1,1.1,150,295250,18350.0,CE
2022-03-02 11:16:00,1.15,1.15,1.15,1.15,1800,295250,18350.0,CE
2022-03-02 11:17:00,1.05,1.05,1.05,1.05,100,295400,18350.0,CE
2022-03-02 11:18:00,1.05,1.05,1.05,1.05,50,296750,18350.0,CE
2022-03-02 11:20:00,1.0,1.0,1.0,1.0,550,296750,18350.0,CE
2022-03-02 11:22:00,1.0,1.0,0.95,0.95,3400,296750,18350.0,CE
2022-03-02 11:23:00,0.95,0.95,0.95,0.95,3050,296750,18350.0,CE
2022-03-02 11:24:00,0.9,0.95,0.9,0.95,6500,292850,18350.0,CE
2022-03-02 11:25:00,0.85,0.95,0.85,0.95,5550,292850,18350.0,CE
2022-03-02 11:26:00,1.0,1.0,1.0,1.0,100,292850,18350.0,CE
2022-03-02 11:27:00,1.0,1.0,1.0,1.0,50,283100,18350.0,CE
2022-03-02 11:28:00,1.0,1.05,1.0,1.05,1550,283100,18350.0,CE
2022-03-02 11:30:00,1.0,1.0,1.0,1.0,450,282450,18350.0,CE
2022-03-02 11:33:00,0.95,0.95,0.95,0.95,150,282450,18350.0,CE
2022-03-02 11:37:00,0.95,1.0,0.95,1.0,1100,282700,18350.0,CE
2022-03-02 11:39:00,1.0,1.0,1.0,1.0,2000,281650,18350.0,CE
2022-03-02 11:40:00,1.0,1.0,1.0,1.0,150,281650,18350.0,CE
2022-03-02 11:41:00,0.95,0.95,0.95,0.95,950,281650,18350.0,CE
2022-03-02 11:42:00,0.9,0.9,0.9,0.9,2800,282200,18350.0,CE
2022-03-02 11:43:00,0.9,1.0,0.9,0.9,2100,282200,18350.0,CE
2022-03-02 11:44:00,0.95,0.95,0.85,0.95,1200,282200,18350.0,CE
2022-03-02 11:46:00,0.95,0.95,0.95,0.95,50,276950,18350.0,CE
2022-03-02 11:51:00,0.9,0.9,0.9,0.9,100,276950,18350.0,CE
2022-03-02 11:52:00,0.95,0.95,0.95,0.95,650,276950,18350.0,CE
2022-03-02 11:55:00,0.95,0.95,0.95,0.95,500,276900,18350.0,CE
2022-03-02 11:56:00,0.85,0.9,0.85,0.85,1600,276900,18350.0,CE
2022-03-02 11:58:00,0.85,0.9,0.85,0.9,1800,276250,18350.0,CE
2022-03-02 11:59:00,0.9,0.9,0.9,0.9,150,276250,18350.0,CE
2022-03-02 12:00:00,0.9,0.9,0.9,0.9,200,274950,18350.0,CE
2022-03-02 12:01:00,0.85,0.85,0.85,0.85,400,274950,18350.0,CE
2022-03-02 12:03:00,1.0,1.0,1.0,1.0,1800,274950,18350.0,CE
2022-03-02 12:05:00,0.9,0.9,0.9,0.9,200,274750,18350.0,CE
2022-03-02 12:10:00,0.95,0.95,0.9,0.95,200,276350,18350.0,CE
2022-03-02 12:12:00,0.9,0.9,0.9,0.9,2200,276350,18350.0,CE
2022-03-02 12:13:00,0.9,0.95,0.85,0.95,250,276350,18350.0,CE
2022-03-02 12:14:00,0.9,0.9,0.9,0.9,500,276350,18350.0,CE
2022-03-02 12:15:00,0.95,0.95,0.95,0.95,1200,274000,18350.0,CE
2022-03-02 12:16:00,0.95,0.95,0.95,0.95,300,274000,18350.0,CE
2022-03-02 12:18:00,0.9,0.9,0.9,0.9,50,274000,18350.0,CE
2022-03-02 12:23:00,0.95,0.95,0.95,0.95,50,273950,18350.0,CE
2022-03-02 12:24:00,0.9,0.9,0.9,0.9,150,273950,18350.0,CE
2022-03-02 12:26:00,0.95,0.95,0.95,0.95,200,273950,18350.0,CE
2022-03-02 12:27:00,1.0,1.0,1.0,1.0,500,273800,18350.0,CE
2022-03-02 12:31:00,1.0,1.0,1.0,1.0,500,273800,18350.0,CE
2022-03-02 12:34:00,0.9,0.9,0.9,0.9,100,274300,18350.0,CE
2022-03-02 12:39:00,1.0,1.0,0.95,0.95,100,274300,18350.0,CE
2022-03-02 12:40:00,0.95,0.95,0.95,0.95,100,274300,18350.0,CE
2022-03-02 12:47:00,0.95,0.95,0.95,0.95,200,274300,18350.0,CE
2022-03-02 12:49:00,0.95,0.95,0.95,0.95,1900,274300,18350.0,CE
2022-03-02 12:51:00,0.9,0.95,0.9,0.95,500,276200,18350.0,CE
2022-03-02 12:52:00,0.95,0.95,0.9,0.9,4350,276200,18350.0,CE
2022-03-02 12:57:00,0.9,0.9,0.9,0.9,100,276100,18350.0,CE
2022-03-02 13:05:00,1.0,1.0,1.0,1.0,450,276100,18350.0,CE
2022-03-02 13:06:00,1.0,1.0,1.0,1.0,300,275700,18350.0,CE
2022-03-02 13:08:00,0.95,0.95,0.95,0.95,50,275700,18350.0,CE
2022-03-02 13:09:00,0.95,0.95,0.95,0.95,50,275700,18350.0,CE
2022-03-02 13:10:00,0.95,0.95,0.95,0.95,100,276000,18350.0,CE
2022-03-02 13:21:00,0.9,0.9,0.9,0.9,100,275900,18350.0,CE
2022-03-02 13:24:00,0.9,0.95,0.9,0.95,100,275900,18350.0,CE
2022-03-02 13:26:00,0.9,0.9,0.9,0.9,250,275900,18350.0,CE
2022-03-02 13:27:00,0.9,0.9,0.9,0.9,50,275700,18350.0,CE
2022-03-02 13:49:00,0.95,0.95,0.9,0.9,1350,275700,18350.0,CE
2022-03-02 13:50:00,0.9,0.9,0.9,0.9,600,275700,18350.0,CE
2022-03-02 13:51:00,0.9,0.95,0.85,0.85,1250,275050,18350.0,CE
2022-03-02 13:53:00,0.95,0.95,0.95,0.95,200,275050,18350.0,CE
2022-03-02 13:58:00,0.9,0.9,0.9,0.9,1800,274950,18350.0,CE
2022-03-02 14:03:00,0.9,0.9,0.9,0.9,1600,274950,18350.0,CE
2022-03-02 14:04:00,0.85,0.85,0.85,0.85,3400,273150,18350.0,CE
2022-03-02 14:05:00,0.85,0.85,0.8,0.8,9900,273150,18350.0,CE
2022-03-02 14:09:00,0.8,0.8,0.8,0.8,100,273150,18350.0,CE
2022-03-02 14:12:00,0.85,0.85,0.85,0.85,100,259100,18350.0,CE
2022-03-02 14:15:00,0.8,0.8,0.8,0.8,500,259100,18350.0,CE
2022-03-02 14:16:00,0.85,0.85,0.8,0.8,5700,259000,18350.0,CE
2022-03-02 14:17:00,0.8,0.9,0.8,0.9,2850,259000,18350.0,CE
2022-03-02 14:18:00,0.9,0.9,0.85,0.9,2000,252050,18350.0,CE
2022-03-02 14:20:00,0.9,0.9,0.9,0.9,100,252050,18350.0,CE
2022-03-02 14:21:00,0.85,0.85,0.85,0.85,500,252050,18350.0,CE
2022-03-02 14:22:00,0.9,0.9,0.9,0.9,1950,252050,18350.0,CE
2022-03-02 14:23:00,0.9,0.9,0.9,0.9,600,252050,18350.0,CE
2022-03-02 14:24:00,0.9,0.9,0.9,0.9,2850,251550,18350.0,CE
2022-03-02 14:25:00,0.95,0.95,0.95,0.95,50,251550,18350.0,CE
2022-03-02 14:26:00,0.95,0.95,0.95,0.95,250,251550,18350.0,CE
2022-03-02 14:27:00,0.95,0.95,0.95,0.95,50,251550,18350.0,CE
2022-03-02 14:30:00,0.95,0.95,0.95,0.95,150,251550,18350.0,CE
2022-03-02 14:36:00,1.0,1.0,1.0,1.0,250,249100,18350.0,CE
2022-03-02 14:37:00,1.0,1.0,1.0,1.0,1200,249100,18350.0,CE
2022-03-02 14:38:00,1.0,1.0,1.0,1.0,550,249100,18350.0,CE
2022-03-02 14:41:00,1.0,1.0,0.9,1.0,6750,248700,18350.0,CE
2022-03-02 14:42:00,0.95,0.95,0.95,0.95,350,248700,18350.0,CE
2022-03-02 14:43:00,1.0,1.0,1.0,1.0,600,243350,18350.0,CE
2022-03-02 14:44:00,1.0,1.0,1.0,1.0,900,243350,18350.0,CE
2022-03-02 14:45:00,1.0,1.0,1.0,1.0,100,243350,18350.0,CE
2022-03-02 14:47:00,1.0,1.1,0.95,0.95,200,243450,18350.0,CE
2022-03-02 14:48:00,0.9,0.9,0.9,0.9,900,243450,18350.0,CE
2022-03-02 14:50:00,0.9,0.9,0.9,0.9,900,243450,18350.0,CE
2022-03-02 14:55:00,0.9,1.0,0.9,0.9,6650,243550,18350.0,CE
2022-03-02 14:56:00,0.9,0.95,0.9,0.9,10800,243550,18350.0,CE
2022-03-02 14:57:00,0.95,0.95,0.95,0.95,200,243550,18350.0,CE
2022-03-02 14:58:00,0.95,0.95,0.8,0.8,2550,228000,18350.0,CE
2022-03-02 14:59:00,0.95,0.95,0.95,0.95,300,228000,18350.0,CE
2022-03-02 15:00:00,0.95,0.95,0.95,0.95,500,228000,18350.0,CE
2022-03-02 15:03:00,1.05,1.05,1.0,1.05,9300,224050,18350.0,CE
2022-03-02 15:06:00,1.05,1.05,1.05,1.05,50,224050,18350.0,CE
2022-03-02 15:07:00,1.05,1.1,1.05,1.1,300,218750,18350.0,CE
2022-03-02 15:08:00,1.05,1.05,1.05,1.05,50,218750,18350.0,CE
2022-03-02 15:09:00,1.0,1.0,0.85,0.85,6650,218700,18350.0,CE
2022-03-02 15:10:00,0.95,0.95,0.85,0.95,1650,218700,18350.0,CE
2022-03-02 15:15:00,1.0,1.0,1.0,1.0,100,211800,18350.0,CE
2022-03-02 15:16:00,1.0,1.0,1.0,1.0,50,211800,18350.0,CE
2022-03-02 15:18:00,1.0,1.0,0.95,0.95,200,211800,18350.0,CE
2022-03-02 15:19:00,0.95,0.95,0.95,0.95,1100,211800,18350.0,CE
2022-03-02 15:20:00,0.9,0.9,0.9,0.9,1000,211800,18350.0,CE
2022-03-02 15:22:00,0.9,0.9,0.85,0.85,550,211250,18350.0,CE
2022-03-02 15:24:00,0.7,0.8,0.7,0.8,2100,210850,18350.0,CE
2022-03-02 15:25:00,0.8,0.8,0.7,0.7,350,210850,18350.0,CE
2022-03-02 15:26:00,0.9,0.9,0.9,0.9,800,210850,18350.0,CE
2022-03-02 15:28:00,0.85,0.85,0.8,0.8,350,210650,18350.0,CE
2022-03-02 15:29:00,0.7,0.7,0.7,0.7,400,210650,18350.0,CE
2022-03-03 09:15:00,0.7,0.7,0.45,0.45,201,210550,18350.0,CE
2022-03-03 09:16:00,0.45,0.45,0.45,0.45,1350,210550,18350.0,CE
2022-03-03 09:18:00,0.45,0.45,0.45,0.45,400,210550,18350.0,CE
2022-03-03 09:19:00,0.45,0.45,0.45,0.45,1250,210550,18350.0,CE
2022-03-03 09:20:00,0.45,0.5,0.4,0.4,2850,210450,18350.0,CE
2022-03-03 09:21:00,0.4,0.4,0.4,0.4,50,210450,18350.0,CE
2022-03-03 09:22:00,0.4,0.4,0.4,0.4,150,210450,18350.0,CE
2022-03-03 09:24:00,0.45,0.45,0.45,0.45,450,210750,18350.0,CE
2022-03-03 09:25:00,0.4,0.4,0.4,0.4,250,210750,18350.0,CE
2022-03-03 09:27:00,0.45,0.45,0.45,0.45,50,210750,18350.0,CE
2022-03-03 09:28:00,0.4,0.4,0.4,0.4,50,210550,18350.0,CE
2022-03-03 09:29:00,0.4,0.4,0.4,0.4,500,210550,18350.0,CE
2022-03-03 09:30:00,0.45,0.5,0.4,0.45,2500,210550,18350.0,CE
2022-03-03 09:31:00,0.4,0.4,0.4,0.4,50,210550,18350.0,CE
2022-03-03 09:32:00,0.4,0.4,0.4,0.4,100,210200,18350.0,CE
2022-03-03 09:34:00,0.4,0.4,0.4,0.4,4400,210200,18350.0,CE
2022-03-03 09:35:00,0.4,0.45,0.4,0.4,1950,210200,18350.0,CE
2022-03-03 09:36:00,0.4,0.45,0.35,0.35,250,211250,18350.0,CE
2022-03-03 09:37:00,0.35,0.35,0.35,0.35,1100,211250,18350.0,CE
2022-03-03 09:39:00,0.45,0.45,0.35,0.35,550,212050,18350.0,CE
2022-03-03 09:41:00,0.35,0.35,0.35,0.35,200,212050,18350.0,CE
2022-03-03 09:42:00,0.35,0.35,0.35,0.35,1000,212050,18350.0,CE
2022-03-03 09:43:00,0.35,0.35,0.35,0.35,750,212000,18350.0,CE
2022-03-03 09:45:00,0.35,0.35,0.35,0.35,2000,211200,18350.0,CE
2022-03-03 09:46:00,0.35,0.35,0.35,0.35,3300,211200,18350.0,CE
2022-03-03 09:47:00,0.35,0.35,0.35,0.35,1200,211200,18350.0,CE
2022-03-03 09:48:00,0.45,0.45,0.35,0.35,100,209200,18350.0,CE
2022-03-03 09:50:00,0.35,0.35,0.35,0.35,400,209200,18350.0,CE
2022-03-03 09:51:00,0.35,0.35,0.35,0.35,1900,209200,18350.0,CE
2022-03-03 09:53:00,0.35,0.35,0.35,0.35,3000,209150,18350.0,CE
2022-03-03 09:54:00,0.4,0.4,0.35,0.35,2800,209150,18350.0,CE
2022-03-03 09:55:00,0.35,0.35,0.35,0.35,50,209150,18350.0,CE
2022-03-03 09:56:00,0.35,0.35,0.35,0.35,1800,210100,18350.0,CE
2022-03-03 09:57:00,0.35,0.35,0.3,0.3,7450,210100,18350.0,CE
2022-03-03 09:58:00,0.3,0.35,0.25,0.3,4650,210100,18350.0,CE
2022-03-03 10:00:00,0.3,0.3,0.3,0.3,500,204600,18350.0,CE
2022-03-03 10:01:00,0.3,0.3,0.3,0.3,50,204600,18350.0,CE
2022-03-03 10:04:00,0.3,0.35,0.3,0.35,1150,204600,18350.0,CE
2022-03-03 10:05:00,0.3,0.3,0.25,0.3,2350,204600,18350.0,CE
2022-03-03 10:06:00,0.25,0.3,0.25,0.3,1650,204600,18350.0,CE
2022-03-03 10:07:00,0.25,0.25,0.25,0.25,3800,204600,18350.0,CE
2022-03-03 10:08:00,0.3,0.3,0.25,0.25,5550,197350,18350.0,CE
2022-03-03 10:09:00,0.25,0.25,0.25,0.25,1250,197350,18350.0,CE
2022-03-03 10:10:00,0.35,0.35,0.25,0.25,1400,197350,18350.0,CE
2022-03-03 10:11:00,0.25,0.3,0.25,0.3,2750,192450,18350.0,CE
2022-03-03 10:12:00,0.25,0.35,0.25,0.3,550,192450,18350.0,CE
2022-03-03 10:15:00,0.25,0.35,0.25,0.35,4700,191950,18350.0,CE
2022-03-03 10:16:00,0.3,0.3,0.25,0.25,12750,191950,18350.0,CE
2022-03-03 10:17:00,0.3,0.3,0.3,0.3,350,191950,18350.0,CE
2022-03-03 10:18:00,0.25,0.25,0.25,0.25,300,180650,18350.0,CE
2022-03-03 10:20:00,0.25,0.25,0.25,0.25,150,180650,18350.0,CE
2022-03-03 10:23:00,0.3,0.3,0.3,0.3,2900,180800,18350.0,CE
2022-03-03 10:24:00,0.25,0.25,0.25,0.25,1600,180800,18350.0,CE
2022-03-03 10:26:00,0.25,0.25,0.25,0.25,900,180800,18350.0,CE
2022-03-03 10:32:00,0.3,0.3,0.3,0.3,150,179200,18350.0,CE
2022-03-03 10:33:00,0.25,0.25,0.25,0.25,150,179200,18350.0,CE
2022-03-03 10:37:00,0.3,0.3,0.3,0.3,50,179200,18350.0,CE
2022-03-03 10:38:00,0.25,0.25,0.25,0.25,50,179050,18350.0,CE
2022-03-03 10:41:00,0.25,0.25,0.25,0.25,1000,179000,18350.0,CE
2022-03-03 10:43:00,0.25,0.25,0.25,0.25,1000,179000,18350.0,CE
2022-03-03 10:44:00,0.25,0.25,0.25,0.25,1300,177800,18350.0,CE
2022-03-03 10:45:00,0.25,0.25,0.25,0.25,1300,177800,18350.0,CE
2022-03-03 10:46:00,0.3,0.3,0.3,0.3,300,177800,18350.0,CE
2022-03-03 10:47:00,0.25,0.25,0.25,0.25,1300,177800,18350.0,CE
2022-03-03 10:48:00,0.25,0.25,0.25,0.25,1300,177800,18350.0,CE
2022-03-03 10:52:00,0.25,0.25,0.25,0.25,1300,172450,18350.0,CE
2022-03-03 10:53:00,0.25,0.3,0.2,0.2,3500,172450,18350.0,CE
2022-03-03 10:54:00,0.25,0.25,0.25,0.25,1000,170750,18350.0,CE
2022-03-03 10:55:00,0.2,0.2,0.2,0.2,50,170750,18350.0,CE
2022-03-03 10:57:00,0.25,0.25,0.25,0.25,2400,169800,18350.0,CE
2022-03-03 10:59:00,0.25,0.25,0.25,0.25,50,169800,18350.0,CE
2022-03-03 11:00:00,0.25,0.25,0.25,0.25,5000,167400,18350.0,CE
2022-03-03 11:01:00,0.25,0.25,0.25,0.25,50,167400,18350.0,CE
2022-03-03 11:02:00,0.3,0.3,0.3,0.3,100,167400,18350.0,CE
2022-03-03 11:03:00,0.3,0.3,0.3,0.3,1000,162350,18350.0,CE
2022-03-03 11:07:00,0.25,0.25,0.25,0.25,50,162350,18350.0,CE
2022-03-03 11:09:00,0.2,0.2,0.2,0.2,6350,162550,18350.0,CE
2022-03-03 11:12:00,0.2,0.2,0.2,0.2,5400,161950,18350.0,CE
2022-03-03 11:13:00,0.2,0.2,0.2,0.2,150,161950,18350.0,CE
2022-03-03 11:14:00,0.2,0.25,0.2,0.25,1850,161950,18350.0,CE
2022-03-03 11:15:00,0.15,0.15,0.15,0.15,100,156350,18350.0,CE
2022-03-03 11:16:00,0.15,0.2,0.15,0.2,4200,156350,18350.0,CE
2022-03-03 11:17:00,0.15,0.15,0.15,0.15,100,156350,18350.0,CE
2022-03-03 11:18:00,0.2,0.2,0.2,0.2,200,152450,18350.0,CE
2022-03-03 11:23:00,0.2,0.2,0.2,0.2,400,152250,18350.0,CE
2022-03-03 11:27:00,0.2,0.2,0.2,0.2,50,151850,18350.0,CE
2022-03-03 11:30:00,0.2,0.2,0.2,0.2,1250,151850,18350.0,CE
2022-03-03 11:33:00,0.2,0.2,0.2,0.2,1250,151850,18350.0,CE
2022-03-03 11:35:00,0.2,0.2,0.2,0.2,1250,151850,18350.0,CE
2022-03-03 11:36:00,0.2,0.2,0.2,0.2,1250,151850,18350.0,CE
2022-03-03 11:37:00,0.2,0.2,0.2,0.2,1250,151850,18350.0,CE
2022-03-03 11:40:00,0.2,0.2,0.2,0.2,400,151150,18350.0,CE
2022-03-03 11:41:00,0.2,0.2,0.2,0.2,400,151150,18350.0,CE
2022-03-03 11:44:00,0.2,0.2,0.2,0.2,500,150750,18350.0,CE
2022-03-03 11:45:00,0.25,0.25,0.25,0.25,200,150750,18350.0,CE
2022-03-03 11:48:00,0.25,0.25,0.25,0.25,1750,150750,18350.0,CE
2022-03-03 11:56:00,0.2,0.2,0.2,0.2,3750,148800,18350.0,CE
2022-03-03 11:57:00,0.15,0.15,0.15,0.15,4250,147800,18350.0,CE
2022-03-03 11:58:00,0.15,0.15,0.15,0.15,1250,147800,18350.0,CE
2022-03-03 11:59:00,0.2,0.2,0.2,0.2,1800,147800,18350.0,CE
2022-03-03 12:00:00,0.2,0.2,0.2,0.2,1700,146000,18350.0,CE
2022-03-03 12:02:00,0.15,0.15,0.15,0.15,8850,146000,18350.0,CE
2022-03-03 12:03:00,0.15,0.15,0.15,0.15,950,148950,18350.0,CE
2022-03-03 12:07:00,0.2,0.2,0.2,0.2,2000,148950,18350.0,CE
2022-03-03 12:09:00,0.15,0.15,0.15,0.15,850,148950,18350.0,CE
2022-03-03 12:10:00,0.15,0.15,0.15,0.15,1800,148950,18350.0,CE
2022-03-03 12:11:00,0.15,0.15,0.15,0.15,7200,148950,18350.0,CE
2022-03-03 12:12:00,0.15,0.15,0.15,0.15,8100,151100,18350.0,CE
2022-03-03 12:13:00,0.15,0.2,0.15,0.15,5650,151100,18350.0,CE
2022-03-03 12:14:00,0.15,0.15,0.15,0.15,3000,151100,18350.0,CE
2022-03-03 12:15:00,0.15,0.15,0.15,0.15,3550,147200,18350.0,CE
2022-03-03 12:16:00,0.15,0.2,0.15,0.2,5600,147200,18350.0,CE
2022-03-03 12:17:00,0.15,0.15,0.15,0.15,3750,147200,18350.0,CE
2022-03-03 12:18:00,0.15,0.2,0.15,0.15,5450,147150,18350.0,CE
2022-03-03 12:19:00,0.15,0.15,0.15,0.15,4400,147150,18350.0,CE
2022-03-03 12:20:00,0.15,0.15,0.15,0.15,3050,147150,18350.0,CE
2022-03-03 12:21:00,0.15,0.15,0.15,0.15,16950,147500,18350.0,CE
2022-03-03 12:22:00,0.15,0.15,0.15,0.15,250,147500,18350.0,CE
2022-03-03 12:25:00,0.1,0.1,0.1,0.1,1550,139300,18350.0,CE
2022-03-03 12:30:00,0.1,0.1,0.1,0.1,50,139300,18350.0,CE
2022-03-03 12:37:00,0.1,0.1,0.1,0.1,50,139300,18350.0,CE
2022-03-03 12:38:00,0.1,0.1,0.1,0.1,3450,139300,18350.0,CE
2022-03-03 12:39:00,0.1,0.15,0.1,0.15,1050,139300,18350.0,CE
2022-03-03 12:40:00,0.15,0.15,0.15,0.15,3500,139300,18350.0,CE
2022-03-03 12:45:00,0.1,0.1,0.1,0.1,50,139300,18350.0,CE
2022-03-03 12:52:00,0.1,0.15,0.1,0.15,350,139300,18350.0,CE
2022-03-03 12:53:00,0.1,0.1,0.1,0.1,50,139300,18350.0,CE
2022-03-03 12:54:00,0.1,0.1,0.1,0.1,150,139300,18350.0,CE
2022-03-03 12:55:00,0.15,0.15,0.15,0.15,300,139250,18350.0,CE
2022-03-03 13:14:00,0.15,0.15,0.15,0.15,1000,139100,18350.0,CE
2022-03-03 13:17:00,0.1,0.1,0.1,0.1,50,139100,18350.0,CE
2022-03-03 13:21:00,0.1,0.1,0.1,0.1,50,138100,18350.0,CE
2022-03-03 13:25:00,0.1,0.1,0.1,0.1,500,138100,18350.0,CE
2022-03-03 13:29:00,0.15,0.15,0.15,0.15,50,138100,18350.0,CE
2022-03-03 13:39:00,0.1,0.15,0.1,0.15,11650,138100,18350.0,CE
2022-03-03 13:41:00,0.1,0.1,0.1,0.1,700,138100,18350.0,CE
2022-03-03 13:42:00,0.15,0.15,0.15,0.15,2500,128150,18350.0,CE
2022-03-03 13:45:00,0.15,0.25,0.1,0.1,8550,125650,18350.0,CE
2022-03-03 13:46:00,0.1,0.1,0.1,0.1,12400,125650,18350.0,CE
2022-03-03 13:47:00,0.25,0.25,0.05,0.05,9900,125650,18350.0,CE
2022-03-03 13:48:00,0.05,0.2,0.05,0.1,2850,122450,18350.0,CE
2022-03-03 13:49:00,0.2,0.2,0.2,0.2,50,122450,18350.0,CE
2022-03-03 13:51:00,0.2,0.2,0.15,0.15,10050,120350,18350.0,CE
2022-03-03 13:52:00,0.15,0.2,0.15,0.2,6300,120350,18350.0,CE
2022-03-03 13:53:00,0.1,0.1,0.1,0.1,7350,120350,18350.0,CE
2022-03-03 13:54:00,0.15,0.2,0.15,0.2,1000,106150,18350.0,CE
2022-03-03 13:56:00,0.25,0.25,0.25,0.25,5600,106150,18350.0,CE
2022-03-03 13:57:00,0.2,0.2,0.1,0.1,3150,102900,18350.0,CE
2022-03-03 13:58:00,0.1,0.1,0.1,0.1,250,102900,18350.0,CE
2022-03-03 13:59:00,0.1,0.1,0.1,0.1,250,102900,18350.0,CE
2022-03-03 14:01:00,0.1,0.1,0.1,0.1,600,102600,18350.0,CE
2022-03-03 14:02:00,0.15,0.15,0.1,0.1,1350,102600,18350.0,CE
2022-03-03 14:05:00,0.2,0.2,0.1,0.1,1700,101550,18350.0,CE
2022-03-03 14:06:00,0.1,0.1,0.1,0.1,50,101550,18350.0,CE
2022-03-03 14:09:00,0.15,0.15,0.15,0.15,300,101550,18350.0,CE
2022-03-03 14:11:00,0.15,0.15,0.15,0.15,300,101400,18350.0,CE
2022-03-03 14:12:00,0.2,0.2,0.2,0.2,2300,101100,18350.0,CE
2022-03-03 14:13:00,0.2,0.2,0.2,0.2,8400,101100,18350.0,CE
2022-03-03 14:14:00,0.1,0.1,0.1,0.1,150,101100,18350.0,CE
2022-03-03 14:15:00,0.1,0.1,0.1,0.1,50,98800,18350.0,CE
2022-03-03 14:16:00,0.2,0.2,0.2,0.2,450,98800,18350.0,CE
2022-03-03 14:17:00,0.2,0.2,0.1,0.1,500,98800,18350.0,CE
2022-03-03 14:22:00,0.15,0.15,0.15,0.15,550,98800,18350.0,CE
2022-03-03 14:23:00,0.15,0.15,0.15,0.15,2300,98800,18350.0,CE
2022-03-03 14:24:00,0.1,0.1,0.1,0.1,50,96550,18350.0,CE
2022-03-03 14:26:00,0.1,0.1,0.1,0.1,450,96550,18350.0,CE
2022-03-03 14:29:00,0.1,0.1,0.1,0.1,200,96400,18350.0,CE
2022-03-03 14:31:00,0.1,0.1,0.1,0.1,250,96400,18350.0,CE
2022-03-03 14:35:00,0.1,0.1,0.1,0.1,300,96400,18350.0,CE
2022-03-03 14:36:00,0.1,0.1,0.1,0.1,1950,96400,18350.0,CE
2022-03-03 14:40:00,0.1,0.1,0.1,0.1,50,96250,18350.0,CE
2022-03-03 14:42:00,0.1,0.1,0.1,0.1,450,96250,18350.0,CE
2022-03-03 14:43:00,0.1,0.1,0.1,0.1,150,96250,18350.0,CE
2022-03-03 14:45:00,0.05,0.05,0.05,0.05,50,95600,18350.0,CE
2022-03-03 14:46:00,0.05,0.05,0.05,0.05,350,95600,18350.0,CE
2022-03-03 14:49:00,0.05,0.05,0.05,0.05,9200,95600,18350.0,CE
2022-03-03 14:53:00,0.05,0.05,0.05,0.05,3250,96550,18350.0,CE
2022-03-03 14:55:00,0.05,0.05,0.05,0.05,250,96550,18350.0,CE
2022-03-03 14:57:00,0.05,0.05,0.05,0.05,50,93950,18350.0,CE
2022-03-03 15:02:00,0.05,0.05,0.05,0.05,1350,93650,18350.0,CE
2022-03-03 15:03:00,0.05,0.05,0.05,0.05,2200,93650,18350.0,CE
2022-03-03 15:24:00,0.05,0.05,0.05,0.05,500,90100,18350.0,CE
