timestamp,open,high,low,close,volume,oi,strike,option_type
2022-01-28 15:04:00,94.8,94.8,94.8,94.8,51,0,18400.0,CE
2022-02-01 10:27:00,146.0,146.0,146.0,146.0,51,50,18400.0,CE
2022-02-01 10:29:00,144.65,144.65,144.65,144.65,50,50,18400.0,CE
2022-02-01 10:35:00,127.45,127.45,127.45,127.45,50,150,18400.0,CE
2022-02-02 09:41:00,115.0,115.0,115.0,115.0,51,100,18400.0,CE
2022-02-02 10:35:00,120.65,120.65,120.65,120.65,50,100,18400.0,CE
2022-02-02 11:24:00,120.65,120.65,120.65,120.65,50,150,18400.0,CE
2022-02-02 11:44:00,95.8,95.8,95.8,95.8,50,150,18400.0,CE
2022-02-02 11:48:00,119.65,119.65,119.65,119.65,50,200,18400.0,CE
2022-02-02 12:26:00,100.45,100.45,100.45,100.45,50,250,18400.0,CE
2022-02-03 09:15:00,109.55,109.55,109.55,109.55,51,250,18400.0,CE
2022-02-03 09:19:00,112.8,112.8,112.8,112.8,50,300,18400.0,CE
2022-02-03 09:22:00,112.8,112.8,112.8,112.8,100,350,18400.0,CE
2022-02-03 09:34:00,101.15,101.15,101.15,101.15,50,450,18400.0,CE
2022-02-03 09:38:00,96.05,96.05,96.05,96.05,100,500,18400.0,CE
2022-02-03 09:39:00,96.05,96.05,96.05,96.05,150,600,18400.0,CE
2022-02-03 09:41:00,99.0,99.0,99.0,99.0,50,600,18400.0,CE
2022-02-03 10:02:00,99.0,99.0,99.0,99.0,50,750,18400.0,CE
2022-02-03 11:39:00,90.0,90.0,90.0,90.0,50,800,18400.0,CE
2022-02-03 11:49:00,90.0,90.0,90.0,90.0,50,850,18400.0,CE
2022-02-03 11:57:00,87.0,87.0,87.0,87.0,50,900,18400.0,CE
2022-02-03 12:02:00,86.0,86.0,86.0,86.0,50,950,18400.0,CE
2022-02-03 12:14:00,86.0,86.0,86.0,86.0,50,1000,18400.0,CE
2022-02-03 13:40:00,85.0,85.0,85.0,85.0,100,1050,18400.0,CE
2022-02-03 13:54:00,83.05,83.05,83.05,83.05,50,1150,18400.0,CE
2022-02-03 13:55:00,82.1,82.1,82.1,82.1,50,1150,18400.0,CE
2022-02-03 13:57:00,82.1,82.1,82.1,82.1,50,1150,18400.0,CE
2022-02-03 14:30:00,82.5,82.5,82.5,82.5,50,1150,18400.0,CE
2022-02-03 14:43:00,80.1,80.1,80.1,80.1,100,1150,18400.0,CE
2022-02-03 14:45:00,80.0,80.0,80.0,80.0,50,1150,18400.0,CE
2022-02-03 14:52:00,80.0,80.0,80.0,80.0,50,1200,18400.0,CE
2022-02-03 14:56:00,80.0,80.0,80.0,80.0,50,1250,18400.0,CE
2022-02-03 15:02:00,80.0,80.0,80.0,80.0,50,1300,18400.0,CE
2022-02-03 15:06:00,75.0,75.0,75.0,75.0,50,1350,18400.0,CE
2022-02-03 15:15:00,75.0,75.0,74.05,74.05,150,1400,18400.0,CE
2022-02-03 15:26:00,70.1,70.1,70.0,70.0,150,1500,18400.0,CE
2022-02-04 09:16:00,69.75,69.75,69.7,69.7,151,1500,18400.0,CE
2022-02-04 09:56:00,69.7,69.7,69.7,69.7,50,1600,18400.0,CE
2022-02-04 10:07:00,77.8,77.8,77.8,77.8,50,1600,18400.0,CE
2022-02-04 10:15:00,68.0,68.0,68.0,68.0,50,1550,18400.0,CE
2022-02-04 10:36:00,65.9,65.9,65.9,65.9,50,1550,18400.0,CE
2022-02-04 11:04:00,65.9,65.9,65.9,65.9,100,1550,18400.0,CE
2022-02-04 11:06:00,67.0,67.0,67.0,67.0,50,1550,18400.0,CE
2022-02-04 11:41:00,66.85,66.85,66.85,66.85,50,1700,18400.0,CE
2022-02-04 12:52:00,61.5,61.5,61.5,61.5,100,1750,18400.0,CE
2022-02-04 12:58:00,58.1,58.1,58.1,58.1,100,1800,18400.0,CE
2022-02-04 13:07:00,58.1,58.1,58.1,58.1,50,1750,18400.0,CE
2022-02-04 13:58:00,58.1,58.1,58.1,58.1,50,1750,18400.0,CE
2022-02-04 14:45:00,60.0,60.0,60.0,60.0,50,1750,18400.0,CE
2022-02-04 15:04:00,61.3,61.3,61.3,61.3,50,1750,18400.0,CE
2022-02-04 15:06:00,62.25,62.25,62.25,62.25,50,1800,18400.0,CE
2022-02-04 15:09:00,65.75,65.75,65.75,65.75,50,1900,18400.0,CE
2022-02-04 15:10:00,66.0,66.0,66.0,66.0,100,1950,18400.0,CE
2022-02-07 10:34:00,45.2,45.2,45.2,45.2,51,2050,18400.0,CE
2022-02-07 11:26:00,43.35,43.35,43.35,43.35,50,2100,18400.0,CE
2022-02-07 11:36:00,43.35,43.35,43.35,43.35,50,2100,18400.0,CE
2022-02-07 11:45:00,44.5,44.5,44.5,44.5,50,2050,18400.0,CE
2022-02-07 11:56:00,44.55,44.55,44.55,44.55,50,2100,18400.0,CE
2022-02-07 13:35:00,41.8,41.8,41.8,41.8,100,2150,18400.0,CE
2022-02-07 13:36:00,41.8,41.8,41.8,41.8,100,2100,18400.0,CE
2022-02-07 13:39:00,41.85,41.85,41.85,41.85,50,2050,18400.0,CE
2022-02-07 13:50:00,43.1,43.1,43.1,43.1,50,2050,18400.0,CE
2022-02-07 13:56:00,42.4,42.4,42.4,42.4,50,2050,18400.0,CE
2022-02-07 14:03:00,42.85,42.85,42.85,42.85,50,2050,18400.0,CE
2022-02-07 14:08:00,42.75,42.75,42.75,42.75,50,2000,18400.0,CE
2022-02-07 14:18:00,43.75,43.75,43.75,43.75,50,2050,18400.0,CE
2022-02-07 14:44:00,42.2,42.2,42.05,42.05,150,2100,18400.0,CE
2022-02-07 14:45:00,42.3,42.3,42.3,42.3,100,2100,18400.0,CE
2022-02-07 14:46:00,42.0,42.0,42.0,42.0,100,2150,18400.0,CE
2022-02-07 14:48:00,42.0,42.0,42.0,42.0,50,2150,18400.0,CE
2022-02-07 14:50:00,42.0,42.0,42.0,42.0,50,2200,18400.0,CE
2022-02-07 14:54:00,42.0,42.15,42.0,42.15,100,2200,18400.0,CE
2022-02-07 14:59:00,42.0,42.0,42.0,42.0,50,2250,18400.0,CE
2022-02-07 15:08:00,43.0,43.0,43.0,43.0,50,2300,18400.0,CE
2022-02-07 15:13:00,43.0,43.0,43.0,43.0,50,2350,18400.0,CE
2022-02-07 15:14:00,43.55,43.55,43.55,43.55,50,2350,18400.0,CE
2022-02-07 15:21:00,41.5,41.5,41.5,41.5,50,2450,18400.0,CE
2022-02-07 15:25:00,41.5,41.5,41.5,41.5,200,2500,18400.0,CE
2022-02-07 15:27:00,41.5,41.5,41.5,41.5,100,2500,18400.0,CE
2022-02-07 15:28:00,41.75,41.75,41.75,41.75,50,2700,18400.0,CE
2022-02-07 15:29:00,41.1,41.1,41.1,41.1,50,2700,18400.0,CE
2022-02-08 09:16:00,42.0,42.0,42.0,42.0,51,2700,18400.0,CE
2022-02-08 09:17:00,40.65,40.65,40.65,40.65,100,2700,18400.0,CE
2022-02-08 09:19:00,40.65,40.65,40.65,40.65,50,2800,18400.0,CE
2022-02-08 09:20:00,42.35,42.8,42.35,42.8,100,2750,18400.0,CE
2022-02-08 09:21:00,42.85,42.85,42.85,42.85,100,2750,18400.0,CE
2022-02-08 09:27:00,42.85,42.85,42.85,42.85,50,2900,18400.0,CE
2022-02-08 09:28:00,37.75,37.75,37.75,37.75,50,2900,18400.0,CE
2022-02-08 09:38:00,41.4,41.4,41.4,41.4,50,2900,18400.0,CE
2022-02-08 09:55:00,39.1,39.1,39.1,39.1,50,2950,18400.0,CE
2022-02-08 10:02:00,40.3,40.3,40.3,40.3,200,2950,18400.0,CE
2022-02-08 10:30:00,33.3,33.3,33.3,33.3,350,3150,18400.0,CE
2022-02-08 10:31:00,34.9,34.9,34.9,34.9,50,3150,18400.0,CE
2022-02-08 10:36:00,35.95,35.95,35.95,35.95,100,2850,18400.0,CE
2022-02-08 10:39:00,33.45,33.45,33.45,33.45,50,2850,18400.0,CE
2022-02-08 11:00:00,33.5,33.5,33.5,33.5,500,2850,18400.0,CE
2022-02-08 11:12:00,33.9,33.9,33.9,33.9,50,2850,18400.0,CE
2022-02-08 11:17:00,34.65,34.65,34.65,34.65,50,2850,18400.0,CE
2022-02-08 11:21:00,34.65,34.65,34.65,34.65,50,2800,18400.0,CE
2022-02-08 11:22:00,36.65,36.65,36.65,36.65,100,2800,18400.0,CE
2022-02-08 11:25:00,35.8,35.8,35.8,35.8,100,2750,18400.0,CE
2022-02-08 11:26:00,35.9,36.0,35.9,36.0,200,2750,18400.0,CE
2022-02-08 11:36:00,35.35,35.35,35.35,35.35,100,2700,18400.0,CE
2022-02-08 11:52:00,37.7,37.7,37.7,37.7,50,2600,18400.0,CE
2022-02-08 11:59:00,36.5,36.5,36.5,36.5,50,2600,18400.0,CE
2022-02-08 12:00:00,36.7,36.7,36.7,36.7,100,2600,18400.0,CE
2022-02-08 12:10:00,37.15,37.15,37.15,37.15,50,2600,18400.0,CE
2022-02-08 12:14:00,36.0,36.0,36.0,36.0,50,2600,18400.0,CE
2022-02-08 12:18:00,36.85,36.85,36.85,36.85,50,2650,18400.0,CE
2022-02-08 12:21:00,37.8,37.8,37.8,37.8,100,2650,18400.0,CE
2022-02-08 12:24:00,37.7,37.7,37.7,37.7,100,2650,18400.0,CE
2022-02-08 12:26:00,38.6,38.6,38.6,38.6,50,2650,18400.0,CE
2022-02-08 12:33:00,39.05,39.05,39.05,39.05,50,2650,18400.0,CE
2022-02-08 12:34:00,38.55,38.55,38.55,38.55,50,2650,18400.0,CE
2022-02-08 12:35:00,38.9,38.9,38.9,38.9,100,2650,18400.0,CE
2022-02-08 12:36:00,39.0,39.1,38.9,39.1,250,2600,18400.0,CE
2022-02-08 12:45:00,39.15,39.15,39.15,39.15,50,2550,18400.0,CE
2022-02-08 12:48:00,38.1,38.45,38.1,38.45,100,2550,18400.0,CE
2022-02-08 12:49:00,38.35,38.5,38.35,38.5,100,2550,18400.0,CE
2022-02-08 12:52:00,37.35,37.35,37.35,37.35,50,2550,18400.0,CE
2022-02-08 13:10:00,33.5,33.5,33.5,33.5,150,2550,18400.0,CE
2022-02-08 13:14:00,33.5,33.5,33.5,33.5,50,2500,18400.0,CE
2022-02-08 13:56:00,35.2,35.2,35.2,35.2,150,2500,18400.0,CE
2022-02-08 14:03:00,35.0,35.0,35.0,35.0,200,2650,18400.0,CE
2022-02-08 14:04:00,35.0,35.0,35.0,35.0,50,2650,18400.0,CE
2022-02-08 14:13:00,34.75,34.75,34.75,34.75,50,2900,18400.0,CE
2022-02-08 14:38:00,33.5,33.5,33.5,33.5,50,2700,18400.0,CE
2022-02-08 14:43:00,34.5,34.5,34.5,34.5,50,2700,18400.0,CE
2022-02-08 14:46:00,34.5,34.5,34.5,34.5,400,2700,18400.0,CE
2022-02-08 14:59:00,35.15,35.15,35.15,35.15,100,2700,18400.0,CE
2022-02-08 15:01:00,35.2,35.2,35.2,35.2,100,2700,18400.0,CE
2022-02-08 15:25:00,37.1,37.1,37.1,37.1,100,2700,18400.0,CE
2022-02-08 15:27:00,35.2,35.2,35.2,35.2,150,2700,18400.0,CE
2022-02-08 15:28:00,33.45,33.45,33.45,33.45,250,2750,18400.0,CE
2022-02-09 09:26:00,40.95,40.95,40.95,40.95,101,2850,18400.0,CE
2022-02-09 09:30:00,39.95,39.95,39.95,39.95,100,2850,18400.0,CE
2022-02-09 09:31:00,39.95,39.95,39.95,39.95,50,2850,18400.0,CE
2022-02-09 09:38:00,39.05,39.05,39.05,39.05,50,3000,18400.0,CE
2022-02-09 09:40:00,39.05,39.05,39.0,39.0,100,3000,18400.0,CE
2022-02-09 09:45:00,38.5,38.5,38.5,38.5,50,3100,18400.0,CE
2022-02-09 10:00:00,37.35,37.35,37.35,37.35,300,3150,18400.0,CE
2022-02-09 10:06:00,36.05,36.05,36.05,36.05,50,3150,18400.0,CE
2022-02-09 10:37:00,36.05,36.05,36.05,36.05,50,3100,18400.0,CE
2022-02-09 10:39:00,38.0,38.0,38.0,38.0,50,3100,18400.0,CE
2022-02-09 10:48:00,38.45,38.45,38.45,38.45,50,3100,18400.0,CE
2022-02-09 11:36:00,37.5,37.5,37.5,37.5,100,3100,18400.0,CE
2022-02-09 12:00:00,38.0,38.0,38.0,38.0,50,3200,18400.0,CE
2022-02-09 12:38:00,37.0,37.0,37.0,37.0,50,3200,18400.0,CE
2022-02-09 12:52:00,38.0,38.0,38.0,38.0,50,3250,18400.0,CE
2022-02-09 13:07:00,36.0,36.0,36.0,36.0,50,3300,18400.0,CE
2022-02-09 13:08:00,36.0,36.0,36.0,36.0,50,3300,18400.0,CE
2022-02-09 13:29:00,36.0,36.0,36.0,36.0,50,3300,18400.0,CE
2022-02-09 13:40:00,36.0,36.0,36.0,36.0,50,3300,18400.0,CE
2022-02-09 13:45:00,35.75,35.75,35.75,35.75,100,3350,18400.0,CE
2022-02-09 13:46:00,35.75,35.75,35.75,35.75,50,3350,18400.0,CE
2022-02-09 13:48:00,35.3,35.3,35.3,35.3,50,3350,18400.0,CE
2022-02-09 13:49:00,35.0,35.0,35.0,35.0,50,3550,18400.0,CE
2022-02-09 13:54:00,35.0,35.0,35.0,35.0,100,3550,18400.0,CE
2022-02-09 14:07:00,35.0,35.0,35.0,35.0,50,3600,18400.0,CE
2022-02-09 14:15:00,36.5,36.5,36.5,36.5,50,3600,18400.0,CE
2022-02-09 14:20:00,37.95,37.95,37.95,37.95,50,3600,18400.0,CE
2022-02-09 14:39:00,38.0,38.0,36.85,36.85,100,3650,18400.0,CE
2022-02-09 14:56:00,37.95,37.95,37.95,37.95,100,3650,18400.0,CE
2022-02-09 15:10:00,34.0,34.0,34.0,34.0,100,3700,18400.0,CE
2022-02-09 15:19:00,34.0,34.0,34.0,34.0,50,3650,18400.0,CE
2022-02-09 15:28:00,37.1,37.1,37.1,37.1,50,3600,18400.0,CE
2022-02-09 15:29:00,37.1,37.1,37.1,37.1,50,3550,18400.0,CE
2022-02-10 09:22:00,38.2,38.2,38.2,38.2,51,3600,18400.0,CE
2022-02-10 09:29:00,38.2,38.2,38.2,38.2,50,3600,18400.0,CE
2022-02-10 09:37:00,37.55,37.55,37.55,37.55,50,3600,18400.0,CE
2022-02-10 09:44:00,37.0,37.0,37.0,37.0,50,3650,18400.0,CE
2022-02-10 09:46:00,36.35,36.35,36.0,36.0,100,3650,18400.0,CE
2022-02-10 10:02:00,36.0,36.0,36.0,36.0,100,3750,18400.0,CE
2022-02-10 10:05:00,35.6,35.6,35.6,35.6,50,3850,18400.0,CE
2022-02-10 10:07:00,35.6,37.1,35.6,37.1,350,3900,18400.0,CE
2022-02-10 10:09:00,37.4,37.4,37.4,37.4,50,4250,18400.0,CE
2022-02-10 10:11:00,36.5,36.5,36.5,36.5,50,4250,18400.0,CE
2022-02-10 10:13:00,36.4,36.4,36.4,36.4,50,4300,18400.0,CE
2022-02-10 10:14:00,36.1,36.1,36.1,36.1,50,4300,18400.0,CE
2022-02-10 10:24:00,37.8,37.8,37.8,37.8,50,4450,18400.0,CE
2022-02-10 10:31:00,37.7,37.7,37.7,37.7,50,4450,18400.0,CE
2022-02-10 10:37:00,37.7,37.7,37.7,37.7,100,4450,18400.0,CE
2022-02-10 10:38:00,38.0,38.2,38.0,38.2,200,4450,18400.0,CE
2022-02-10 10:56:00,40.9,40.9,40.9,40.9,50,4200,18400.0,CE
2022-02-10 10:58:00,40.95,40.95,40.95,40.95,50,4200,18400.0,CE
2022-02-10 11:10:00,41.9,41.9,41.9,41.9,50,4250,18400.0,CE
2022-02-10 11:19:00,41.9,41.9,41.9,41.9,50,4250,18400.0,CE
2022-02-10 11:36:00,41.35,41.35,41.35,41.35,50,4250,18400.0,CE
2022-02-10 11:40:00,40.4,40.4,40.4,40.4,50,4250,18400.0,CE
2022-02-10 11:41:00,40.5,40.5,40.5,40.5,50,4250,18400.0,CE
2022-02-10 11:43:00,41.2,41.2,41.2,41.2,300,4200,18400.0,CE
2022-02-10 11:45:00,41.4,41.4,41.4,41.4,100,4500,18400.0,CE
2022-02-10 11:51:00,41.0,41.0,41.0,41.0,400,4550,18400.0,CE
2022-02-10 11:53:00,41.0,41.0,41.0,41.0,100,4550,18400.0,CE
2022-02-10 12:14:00,41.2,41.2,41.2,41.2,50,5000,18400.0,CE
2022-02-10 12:33:00,39.0,39.0,39.0,39.0,100,5050,18400.0,CE
2022-02-10 12:46:00,39.4,39.4,39.4,39.4,100,5150,18400.0,CE
2022-02-10 12:47:00,39.4,39.4,39.4,39.4,100,5150,18400.0,CE
2022-02-10 12:59:00,38.8,38.8,38.8,38.8,50,5350,18400.0,CE
2022-02-10 13:00:00,41.75,41.75,41.75,41.75,50,5300,18400.0,CE
2022-02-10 13:22:00,38.0,38.0,38.0,38.0,300,5350,18400.0,CE
2022-02-10 13:40:00,41.05,41.05,41.05,41.05,50,5200,18400.0,CE
2022-02-10 13:51:00,44.0,44.0,44.0,44.0,50,5150,18400.0,CE
2022-02-10 13:53:00,44.0,44.0,44.0,44.0,50,5200,18400.0,CE
2022-02-10 13:58:00,43.65,43.65,41.05,41.05,150,5200,18400.0,CE
2022-02-10 14:00:00,41.15,41.15,41.15,41.15,50,5200,18400.0,CE
2022-02-10 14:02:00,41.8,41.8,41.8,41.8,50,5150,18400.0,CE
2022-02-10 14:03:00,41.05,41.05,41.05,41.05,50,5150,18400.0,CE
2022-02-10 14:08:00,44.15,44.15,44.15,44.15,250,5150,18400.0,CE
2022-02-10 14:09:00,42.4,42.8,42.4,42.8,150,5100,18400.0,CE
2022-02-10 14:11:00,41.2,41.2,41.2,41.2,100,5100,18400.0,CE
2022-02-10 14:12:00,41.5,41.5,41.5,41.5,50,5100,18400.0,CE
2022-02-10 14:14:00,41.7,41.75,41.7,41.75,100,5050,18400.0,CE
2022-02-10 14:15:00,41.2,41.2,41.2,41.2,100,5050,18400.0,CE
2022-02-10 14:28:00,41.3,41.3,41.2,41.2,150,4900,18400.0,CE
2022-02-10 14:29:00,41.2,41.2,41.2,41.2,50,4900,18400.0,CE
2022-02-10 14:33:00,41.0,41.0,41.0,41.0,200,5000,18400.0,CE
2022-02-10 14:34:00,40.85,40.85,40.85,40.85,50,5050,18400.0,CE
2022-02-10 14:37:00,38.1,38.1,38.1,38.1,50,5100,18400.0,CE
2022-02-10 14:44:00,39.45,39.45,39.45,39.45,50,5050,18400.0,CE
2022-02-10 14:50:00,38.0,38.0,38.0,38.0,150,5050,18400.0,CE
2022-02-10 14:52:00,36.0,36.0,36.0,36.0,150,5150,18400.0,CE
2022-02-10 14:55:00,36.3,36.3,36.3,36.3,100,5300,18400.0,CE
2022-02-10 14:56:00,36.35,36.35,36.35,36.35,150,5300,18400.0,CE
2022-02-10 15:00:00,36.35,36.35,36.35,36.35,100,5400,18400.0,CE
2022-02-10 15:02:00,40.95,40.95,40.95,40.95,50,5500,18400.0,CE
2022-02-10 15:05:00,40.7,40.7,40.7,40.7,100,5500,18400.0,CE
2022-02-10 15:08:00,38.65,38.65,38.65,38.65,50,5550,18400.0,CE
2022-02-10 15:09:00,38.45,38.45,38.45,38.45,50,5550,18400.0,CE
2022-02-10 15:10:00,38.4,39.9,37.6,37.6,150,5650,18400.0,CE
2022-02-10 15:17:00,37.5,37.5,37.5,37.5,50,5700,18400.0,CE
2022-02-10 15:23:00,35.6,35.6,34.95,34.95,500,5700,18400.0,CE
2022-02-10 15:24:00,34.65,34.65,33.35,33.35,400,5700,18400.0,CE
2022-02-10 15:29:00,35.0,35.0,35.0,35.0,100,5850,18400.0,CE
2022-02-11 09:15:00,25.0,31.45,25.0,31.45,101,5800,18400.0,CE
2022-02-11 09:16:00,31.45,31.45,31.45,31.45,50,5800,18400.0,CE
2022-02-11 09:18:00,20.45,20.45,20.45,20.45,50,5750,18400.0,CE
2022-02-11 09:19:00,20.45,20.45,20.45,20.45,100,5750,18400.0,CE
2022-02-11 09:20:00,20.55,20.65,20.55,20.65,250,5950,18400.0,CE
2022-02-11 09:23:00,26.0,26.0,26.0,26.0,50,5950,18400.0,CE
2022-02-11 09:24:00,21.1,21.1,21.1,21.1,50,6000,18400.0,CE
2022-02-11 09:28:00,25.95,25.95,25.95,25.95,50,6050,18400.0,CE
2022-02-11 09:35:00,25.75,25.75,25.75,25.75,450,6050,18400.0,CE
2022-02-11 09:36:00,25.0,25.0,25.0,25.0,50,6050,18400.0,CE
2022-02-11 09:38:00,25.0,25.0,25.0,25.0,100,6050,18400.0,CE
2022-02-11 09:43:00,21.55,21.55,21.55,21.55,100,5950,18400.0,CE
2022-02-11 09:45:00,25.0,25.0,25.0,25.0,50,6050,18400.0,CE
2022-02-11 09:46:00,24.0,24.0,24.0,24.0,50,6050,18400.0,CE
2022-02-11 09:54:00,21.75,22.0,21.5,22.0,350,6050,18400.0,CE
2022-02-11 09:55:00,22.0,22.0,22.0,22.0,100,6050,18400.0,CE
2022-02-11 09:59:00,22.75,22.75,22.75,22.75,50,6000,18400.0,CE
2022-02-11 10:00:00,23.35,23.35,23.35,23.35,100,6000,18400.0,CE
2022-02-11 10:22:00,21.0,21.0,21.0,21.0,100,5950,18400.0,CE
2022-02-11 10:27:00,23.35,23.35,23.35,23.35,50,6050,18400.0,CE
2022-02-11 10:35:00,21.05,21.05,21.05,21.05,100,6050,18400.0,CE
2022-02-11 10:51:00,21.8,21.8,21.8,21.8,100,6200,18400.0,CE
2022-02-11 10:53:00,21.9,21.9,21.9,21.9,50,6200,18400.0,CE
2022-02-11 10:55:00,21.0,21.0,21.0,21.0,100,6300,18400.0,CE
2022-02-11 11:02:00,21.0,21.0,21.0,21.0,200,6250,18400.0,CE
2022-02-11 11:04:00,21.0,21.4,21.0,21.4,100,6250,18400.0,CE
2022-02-11 11:08:00,21.45,21.45,21.45,21.45,50,6000,18400.0,CE
2022-02-11 11:09:00,22.0,22.0,22.0,22.0,50,6000,18400.0,CE
2022-02-11 11:12:00,19.8,19.8,18.05,18.05,1250,6050,18400.0,CE
2022-02-11 11:38:00,20.0,20.0,20.0,20.0,100,6150,18400.0,CE
2022-02-11 11:53:00,21.6,21.6,21.55,21.55,100,6150,18400.0,CE
2022-02-11 12:25:00,21.85,21.85,21.85,21.85,50,6050,18400.0,CE
2022-02-11 12:29:00,21.15,21.15,21.15,21.15,150,6050,18400.0,CE
2022-02-11 12:35:00,19.85,19.85,19.85,19.85,50,5900,18400.0,CE
2022-02-11 12:47:00,21.5,21.5,21.5,21.5,50,5900,18400.0,CE
2022-02-11 12:53:00,21.0,21.0,21.0,21.0,50,5950,18400.0,CE
2022-02-11 13:10:00,22.5,22.5,22.5,22.5,100,6000,18400.0,CE
2022-02-11 13:13:00,21.0,23.2,21.0,23.2,350,6100,18400.0,CE
2022-02-11 13:19:00,20.75,20.75,20.75,20.75,100,6000,18400.0,CE
2022-02-11 13:26:00,22.9,22.9,22.9,22.9,150,5900,18400.0,CE
2022-02-11 13:32:00,21.5,21.5,21.5,21.5,50,5900,18400.0,CE
2022-02-11 13:35:00,22.0,22.0,22.0,22.0,100,5850,18400.0,CE
2022-02-11 13:36:00,22.0,22.0,22.0,22.0,200,5850,18400.0,CE
2022-02-11 13:38:00,22.0,22.0,22.0,22.0,100,6150,18400.0,CE
2022-02-11 13:44:00,22.0,22.2,22.0,22.2,750,6250,18400.0,CE
2022-02-11 13:48:00,21.0,21.5,21.0,21.5,650,7300,18400.0,CE
2022-02-11 13:51:00,20.0,20.0,20.0,20.0,150,7300,18400.0,CE
2022-02-11 13:52:00,19.4,19.4,19.4,19.4,150,7300,18400.0,CE
2022-02-11 13:53:00,19.9,19.9,19.9,19.9,100,7300,18400.0,CE
2022-02-11 13:54:00,20.15,20.15,20.15,20.15,50,7350,18400.0,CE
2022-02-11 13:55:00,21.2,21.2,21.2,21.2,50,7350,18400.0,CE
2022-02-11 13:56:00,21.2,21.2,21.2,21.2,100,7350,18400.0,CE
2022-02-11 14:00:00,19.7,19.7,19.7,19.7,50,7400,18400.0,CE
2022-02-11 14:03:00,21.25,21.25,21.25,21.25,50,7450,18400.0,CE
2022-02-11 14:04:00,19.75,19.75,19.75,19.75,50,7450,18400.0,CE
2022-02-11 14:06:00,19.9,19.9,19.55,19.55,150,7450,18400.0,CE
2022-02-11 14:08:00,19.5,19.5,19.5,19.5,50,7450,18400.0,CE
2022-02-11 14:10:00,19.4,19.4,19.25,19.25,100,7450,18400.0,CE
2022-02-11 14:13:00,20.2,20.2,20.2,20.2,50,7500,18400.0,CE
2022-02-11 14:15:00,19.45,19.45,19.45,19.45,50,7500,18400.0,CE
2022-02-11 14:16:00,19.45,19.45,19.45,19.45,50,7600,18400.0,CE
2022-02-11 14:18:00,20.8,21.85,20.8,21.0,1100,7600,18400.0,CE
2022-02-11 14:19:00,19.65,19.65,19.65,19.65,50,7850,18400.0,CE
2022-02-11 14:21:00,19.8,19.8,19.8,19.8,50,7850,18400.0,CE
2022-02-11 14:22:00,19.75,19.75,19.75,19.75,50,7950,18400.0,CE
2022-02-11 14:24:00,19.75,19.75,19.75,19.75,50,7950,18400.0,CE
2022-02-11 14:27:00,19.3,19.6,19.3,19.6,100,7950,18400.0,CE
2022-02-11 14:29:00,19.05,19.05,19.05,19.05,50,7950,18400.0,CE
2022-02-11 14:30:00,19.0,19.0,18.6,18.95,150,7950,18400.0,CE
2022-02-11 14:31:00,18.85,19.25,18.75,19.25,250,8050,18400.0,CE
2022-02-11 14:32:00,19.2,19.2,19.1,19.1,300,8050,18400.0,CE
2022-02-11 14:33:00,19.05,19.05,19.05,19.05,50,8050,18400.0,CE
2022-02-11 14:40:00,18.6,18.6,18.6,18.6,50,8400,18400.0,CE
2022-02-11 14:47:00,18.05,18.05,18.05,18.05,100,8450,18400.0,CE
2022-02-11 15:02:00,19.15,19.65,19.15,19.65,150,8550,18400.0,CE
2022-02-11 15:04:00,19.1,19.1,19.1,19.1,100,8550,18400.0,CE
2022-02-11 15:05:00,19.5,19.5,19.05,19.1,350,8550,18400.0,CE
2022-02-11 15:06:00,19.05,19.05,19.05,19.05,100,8550,18400.0,CE
2022-02-11 15:07:00,19.1,19.1,19.0,19.05,300,8400,18400.0,CE
2022-02-11 15:08:00,19.0,19.0,19.0,19.0,100,8400,18400.0,CE
2022-02-11 15:09:00,19.2,19.2,19.2,19.2,50,8700,18400.0,CE
2022-02-11 15:10:00,19.05,19.05,18.7,18.7,150,8700,18400.0,CE
2022-02-11 15:11:00,18.5,18.5,18.4,18.4,200,8700,18400.0,CE
2022-02-11 15:12:00,19.2,19.2,18.35,18.35,250,8450,18400.0,CE
2022-02-11 15:13:00,18.85,18.85,18.85,18.85,50,8450,18400.0,CE
2022-02-11 15:14:00,19.05,19.05,18.5,18.5,250,8450,18400.0,CE
2022-02-11 15:15:00,18.6,18.7,18.6,18.7,150,8250,18400.0,CE
2022-02-11 15:16:00,19.05,19.05,19.05,19.05,250,8250,18400.0,CE
2022-02-11 15:18:00,18.4,18.4,18.4,18.4,50,8250,18400.0,CE
2022-02-11 15:19:00,18.6,18.6,18.6,18.6,50,8250,18400.0,CE
2022-02-11 15:21:00,18.4,18.4,18.4,18.4,50,8250,18400.0,CE
2022-02-11 15:22:00,18.8,18.8,18.8,18.8,100,8200,18400.0,CE
2022-02-11 15:23:00,18.65,18.65,18.65,18.65,50,8200,18400.0,CE
2022-02-11 15:25:00,18.4,18.4,18.15,18.15,100,8150,18400.0,CE
2022-02-11 15:26:00,18.55,18.55,18.55,18.55,250,8150,18400.0,CE
2022-02-11 15:27:00,18.15,18.15,18.15,18.15,100,8150,18400.0,CE
2022-02-11 15:28:00,18.0,18.0,18.0,18.0,750,8150,18400.0,CE
2022-02-14 09:15:00,14.8,14.8,12.0,12.0,201,8750,18400.0,CE
2022-02-14 09:16:00,12.0,12.0,12.0,12.0,250,8750,18400.0,CE
2022-02-14 09:18:00,12.0,12.0,12.0,12.0,100,8900,18400.0,CE
2022-02-14 09:21:00,12.0,12.0,12.0,12.0,50,9000,18400.0,CE
2022-02-14 09:22:00,12.6,12.6,12.6,12.6,50,9000,18400.0,CE
2022-02-14 09:23:00,12.75,14.7,12.75,14.7,250,9050,18400.0,CE
2022-02-14 09:24:00,14.0,14.95,14.0,14.95,550,9050,18400.0,CE
2022-02-14 09:25:00,14.95,14.95,12.6,12.6,200,9050,18400.0,CE
2022-02-14 09:28:00,14.9,14.95,14.9,14.95,100,9200,18400.0,CE
2022-02-14 09:31:00,12.75,12.75,12.75,12.75,50,9200,18400.0,CE
2022-02-14 09:33:00,14.5,14.5,14.5,14.5,50,9250,18400.0,CE
2022-02-14 09:34:00,14.0,14.0,14.0,14.0,150,9250,18400.0,CE
2022-02-14 09:35:00,14.0,14.0,13.7,13.7,300,9250,18400.0,CE
2022-02-14 09:37:00,13.7,18.6,13.7,18.6,900,9250,18400.0,CE
2022-02-14 09:38:00,14.2,14.2,14.2,14.2,200,9250,18400.0,CE
2022-02-14 09:39:00,14.2,14.2,14.2,14.2,200,9050,18400.0,CE
2022-02-14 09:40:00,12.05,12.05,12.05,12.05,200,9050,18400.0,CE
2022-02-14 09:41:00,12.05,12.05,12.05,12.05,50,9050,18400.0,CE
2022-02-14 09:42:00,12.0,12.0,12.0,12.0,1000,9350,18400.0,CE
2022-02-14 09:45:00,12.0,12.0,12.0,12.0,50,9450,18400.0,CE
2022-02-14 09:46:00,12.65,12.85,12.65,12.85,200,9450,18400.0,CE
2022-02-14 09:48:00,13.1,13.1,13.1,13.1,300,10100,18400.0,CE
2022-02-14 09:50:00,13.15,13.15,13.1,13.1,100,10100,18400.0,CE
2022-02-14 09:51:00,13.0,13.05,12.9,12.9,150,10150,18400.0,CE
2022-02-14 09:52:00,12.9,12.9,12.9,12.9,150,10150,18400.0,CE
2022-02-14 09:53:00,13.55,13.55,13.55,13.55,50,10250,18400.0,CE
2022-02-14 09:54:00,13.15,13.95,13.15,13.95,100,10250,18400.0,CE
2022-02-14 09:56:00,13.95,13.95,13.95,13.95,50,10250,18400.0,CE
2022-02-14 09:57:00,13.2,14.1,13.2,13.45,200,10100,18400.0,CE
2022-02-14 09:58:00,13.5,13.5,13.5,13.5,50,10100,18400.0,CE
2022-02-14 09:59:00,12.95,12.95,12.95,12.95,900,10100,18400.0,CE
2022-02-14 10:01:00,13.2,13.2,13.2,13.2,50,10100,18400.0,CE
2022-02-14 10:03:00,13.2,13.25,13.2,13.2,600,9550,18400.0,CE
2022-02-14 10:04:00,13.25,13.35,13.05,13.05,450,9550,18400.0,CE
2022-02-14 10:05:00,13.15,13.15,13.15,13.15,250,9700,18400.0,CE
2022-02-14 10:07:00,13.4,13.65,13.4,13.65,100,9700,18400.0,CE
2022-02-14 10:08:00,13.65,13.65,13.1,13.1,300,9750,18400.0,CE
2022-02-14 10:09:00,13.1,13.1,13.1,13.1,50,9750,18400.0,CE
2022-02-14 10:10:00,13.2,13.3,13.2,13.3,450,9750,18400.0,CE
2022-02-14 10:11:00,13.45,13.45,13.45,13.45,500,9750,18400.0,CE
2022-02-14 10:12:00,13.0,13.0,12.75,12.95,200,9700,18400.0,CE
2022-02-14 10:13:00,12.9,12.9,12.9,12.9,100,9700,18400.0,CE
2022-02-14 10:18:00,12.55,12.55,12.55,12.55,100,9750,18400.0,CE
2022-02-14 10:27:00,12.8,12.8,12.8,12.8,100,9750,18400.0,CE
2022-02-14 10:29:00,12.95,12.95,12.95,12.95,50,9750,18400.0,CE
2022-02-14 10:32:00,13.15,13.15,13.15,13.15,900,9850,18400.0,CE
2022-02-14 10:33:00,13.1,13.35,13.1,13.35,550,10000,18400.0,CE
2022-02-14 10:35:00,12.9,12.9,12.9,12.9,50,10000,18400.0,CE
2022-02-14 10:45:00,12.9,12.9,12.9,12.9,50,9350,18400.0,CE
2022-02-14 10:48:00,12.65,12.65,12.65,12.65,100,9350,18400.0,CE
2022-02-14 10:49:00,12.9,12.9,12.9,12.9,50,9350,18400.0,CE
2022-02-14 10:52:00,12.9,12.9,12.9,12.9,50,9350,18400.0,CE
2022-02-14 10:53:00,12.65,12.9,12.65,12.9,250,9350,18400.0,CE
2022-02-14 10:54:00,13.0,13.0,13.0,13.0,450,9150,18400.0,CE
2022-02-14 10:56:00,12.8,12.8,12.8,12.8,50,9150,18400.0,CE
2022-02-14 10:57:00,12.75,12.85,12.7,12.7,800,9150,18400.0,CE
2022-02-14 10:58:00,12.8,12.8,12.8,12.8,50,9150,18400.0,CE
2022-02-14 11:01:00,12.7,13.0,12.7,13.0,400,9300,18400.0,CE
2022-02-14 11:02:00,13.0,13.0,13.0,13.0,50,9300,18400.0,CE
2022-02-14 11:03:00,13.2,13.2,13.2,13.2,50,9600,18400.0,CE
2022-02-14 11:04:00,12.75,12.75,12.75,12.75,50,9600,18400.0,CE
2022-02-14 11:05:00,12.75,12.75,12.5,12.5,100,9600,18400.0,CE
2022-02-14 11:08:00,13.0,13.0,13.0,13.0,100,9650,18400.0,CE
2022-02-14 11:11:00,12.55,12.55,12.55,12.55,100,9650,18400.0,CE
2022-02-14 11:13:00,13.1,13.1,13.1,13.1,100,9650,18400.0,CE
2022-02-14 11:14:00,12.95,12.95,12.65,12.85,450,9550,18400.0,CE
2022-02-14 11:16:00,12.75,12.75,12.55,12.55,150,9200,18400.0,CE
2022-02-14 11:17:00,12.5,12.5,12.45,12.45,100,9200,18400.0,CE
2022-02-14 11:19:00,12.55,12.55,12.55,12.55,50,8850,18400.0,CE
2022-02-14 11:21:00,13.05,13.05,12.75,12.75,150,8850,18400.0,CE
2022-02-14 11:23:00,13.0,13.1,13.0,13.1,1300,8850,18400.0,CE
2022-02-14 11:26:00,12.9,12.9,12.9,12.9,50,8800,18400.0,CE
2022-02-14 11:31:00,12.85,12.85,12.85,12.85,50,8550,18400.0,CE
2022-02-14 11:33:00,12.95,12.95,12.95,12.95,100,8450,18400.0,CE
2022-02-14 11:35:00,12.95,12.95,12.95,12.95,50,8450,18400.0,CE
2022-02-14 11:38:00,12.5,12.7,12.5,12.7,100,8300,18400.0,CE
2022-02-14 11:42:00,13.0,13.0,13.0,13.0,50,8350,18400.0,CE
2022-02-14 11:45:00,12.9,12.9,12.9,12.9,50,8350,18400.0,CE
2022-02-14 11:46:00,12.7,12.7,12.7,12.7,100,8350,18400.0,CE
2022-02-14 11:47:00,12.5,13.0,12.5,13.0,200,8350,18400.0,CE
2022-02-14 11:50:00,12.6,12.75,12.6,12.7,200,8450,18400.0,CE
2022-02-14 11:51:00,12.7,12.7,12.7,12.7,50,8500,18400.0,CE
2022-02-14 12:00:00,12.65,12.65,12.65,12.65,100,8500,18400.0,CE
2022-02-14 12:03:00,12.75,12.75,12.45,12.45,150,8600,18400.0,CE
2022-02-14 12:15:00,12.55,12.55,12.55,12.55,100,8700,18400.0,CE
2022-02-14 12:17:00,12.6,12.6,12.6,12.6,50,8700,18400.0,CE
2022-02-14 12:19:00,12.55,12.55,12.5,12.5,200,8650,18400.0,CE
2022-02-14 12:25:00,12.45,12.45,12.45,12.45,50,8650,18400.0,CE
2022-02-14 12:27:00,12.3,12.3,12.3,12.3,250,8700,18400.0,CE
2022-02-14 12:29:00,12.45,12.45,12.45,12.45,50,8950,18400.0,CE
2022-02-14 12:36:00,12.55,12.55,12.55,12.55,50,8950,18400.0,CE
2022-02-14 12:46:00,12.3,12.3,12.3,12.3,100,9000,18400.0,CE
2022-02-14 12:48:00,12.6,12.6,12.6,12.6,50,8950,18400.0,CE
2022-02-14 12:49:00,12.5,12.6,12.5,12.6,100,8950,18400.0,CE
2022-02-14 12:50:00,12.4,12.4,12.4,12.4,50,8950,18400.0,CE
2022-02-14 12:51:00,12.55,12.55,12.25,12.25,250,9150,18400.0,CE
2022-02-14 12:54:00,12.55,12.65,12.55,12.65,150,9100,18400.0,CE
2022-02-14 12:55:00,12.3,12.3,12.3,12.3,50,9100,18400.0,CE
2022-02-14 12:56:00,12.05,12.05,12.05,12.05,200,9100,18400.0,CE
2022-02-14 12:58:00,12.0,12.0,12.0,12.0,350,9000,18400.0,CE
2022-02-14 12:59:00,12.05,12.15,12.05,12.15,1100,9000,18400.0,CE
2022-02-14 13:00:00,12.15,12.15,12.15,12.15,200,10250,18400.0,CE
2022-02-14 13:01:00,12.15,12.2,12.15,12.2,450,10250,18400.0,CE
2022-02-14 13:05:00,12.45,12.45,12.45,12.45,50,10900,18400.0,CE
2022-02-14 13:06:00,12.5,12.5,12.35,12.35,200,10950,18400.0,CE
2022-02-14 13:08:00,12.15,12.3,12.15,12.2,400,10950,18400.0,CE
2022-02-14 13:09:00,12.2,12.2,12.2,12.2,50,10950,18400.0,CE
2022-02-14 13:10:00,12.25,12.25,12.25,12.25,100,11350,18400.0,CE
2022-02-14 13:12:00,12.2,12.2,12.2,12.2,50,11350,18400.0,CE
2022-02-14 13:15:00,12.3,12.3,12.3,12.3,500,11450,18400.0,CE
2022-02-14 13:16:00,12.25,12.45,12.25,12.45,300,11450,18400.0,CE
2022-02-14 13:22:00,12.45,12.45,12.45,12.45,150,12100,18400.0,CE
2022-02-14 13:24:00,12.25,12.25,12.25,12.25,100,12100,18400.0,CE
2022-02-14 13:26:00,12.35,12.35,12.35,12.35,50,12200,18400.0,CE
2022-02-14 13:27:00,12.25,12.25,12.25,12.25,50,12200,18400.0,CE
2022-02-14 13:29:00,12.3,12.3,12.2,12.25,200,12250,18400.0,CE
2022-02-14 13:30:00,12.05,12.15,12.05,12.15,450,12650,18400.0,CE
2022-02-14 13:32:00,12.4,12.4,12.4,12.4,50,12650,18400.0,CE
2022-02-14 13:34:00,12.25,12.3,12.25,12.3,150,12800,18400.0,CE
2022-02-14 13:36:00,12.3,12.3,12.3,12.3,150,12800,18400.0,CE
2022-02-14 13:38:00,12.4,12.55,12.4,12.5,400,12850,18400.0,CE
2022-02-14 13:39:00,12.5,12.5,12.45,12.45,350,13350,18400.0,CE
2022-02-14 13:40:00,12.45,12.45,12.45,12.45,100,13350,18400.0,CE
2022-02-14 13:42:00,12.1,12.1,12.1,12.1,100,13350,18400.0,CE
2022-02-14 13:50:00,12.4,12.4,12.4,12.4,50,13600,18400.0,CE
2022-02-14 13:51:00,12.75,12.85,12.6,12.85,150,13550,18400.0,CE
2022-02-14 13:56:00,11.95,11.95,11.95,11.95,150,13500,18400.0,CE
2022-02-14 13:58:00,11.95,11.95,11.95,11.95,150,13350,18400.0,CE
2022-02-14 14:00:00,12.35,12.35,12.35,12.35,50,13350,18400.0,CE
2022-02-14 14:01:00,12.5,12.5,12.5,12.5,150,13400,18400.0,CE
2022-02-14 14:06:00,12.1,12.1,12.1,12.1,50,13300,18400.0,CE
2022-02-14 14:07:00,7.75,12.0,7.75,12.0,700,13300,18400.0,CE
2022-02-14 14:10:00,12.2,12.2,12.2,12.2,50,13000,18400.0,CE
2022-02-14 14:14:00,12.3,12.3,12.3,12.3,200,13000,18400.0,CE
2022-02-14 14:24:00,11.65,12.0,11.65,12.0,250,12850,18400.0,CE
2022-02-14 14:27:00,11.65,11.65,11.65,11.65,50,12850,18400.0,CE
2022-02-14 14:34:00,11.65,11.65,11.65,11.65,50,12950,18400.0,CE
2022-02-14 14:36:00,12.35,12.35,12.35,12.35,50,12950,18400.0,CE
2022-02-14 14:37:00,12.2,12.2,12.2,12.2,50,12950,18400.0,CE
2022-02-14 14:43:00,11.75,11.75,11.75,11.75,100,12900,18400.0,CE
2022-02-14 14:47:00,12.15,12.15,12.15,12.15,50,13000,18400.0,CE
2022-02-14 14:52:00,12.45,12.45,12.45,12.45,50,12950,18400.0,CE
2022-02-14 14:53:00,12.2,12.2,12.2,12.2,50,12950,18400.0,CE
2022-02-14 14:54:00,12.2,12.2,12.2,12.2,50,12950,18400.0,CE
2022-02-14 14:55:00,12.2,12.2,12.2,12.2,100,13000,18400.0,CE
2022-02-14 14:56:00,12.2,12.2,12.2,12.2,50,13000,18400.0,CE
2022-02-14 14:57:00,12.0,12.1,12.0,12.1,100,13100,18400.0,CE
2022-02-14 14:59:00,12.0,12.0,12.0,12.0,50,13100,18400.0,CE
2022-02-14 15:00:00,12.0,12.0,12.0,12.0,100,13100,18400.0,CE
2022-02-14 15:02:00,12.0,12.0,12.0,12.0,50,13100,18400.0,CE
2022-02-14 15:05:00,12.0,12.0,12.0,12.0,50,13150,18400.0,CE
2022-02-14 15:06:00,12.0,12.0,12.0,12.0,50,13150,18400.0,CE
2022-02-14 15:09:00,11.85,11.85,11.85,11.85,50,13250,18400.0,CE
2022-02-14 15:10:00,12.0,12.0,12.0,12.0,50,13250,18400.0,CE
2022-02-14 15:11:00,11.95,11.95,11.95,11.95,50,13250,18400.0,CE
2022-02-14 15:12:00,12.0,12.0,12.0,12.0,50,13250,18400.0,CE
2022-02-14 15:18:00,12.2,12.2,12.2,12.2,200,13350,18400.0,CE
2022-02-14 15:19:00,12.3,12.5,12.3,12.5,1550,13550,18400.0,CE
2022-02-14 15:21:00,12.25,12.25,12.05,12.1,1800,13550,18400.0,CE
2022-02-14 15:25:00,11.85,11.85,11.85,11.85,50,14800,18400.0,CE
2022-02-14 15:26:00,11.4,11.4,11.4,11.4,50,14800,18400.0,CE
2022-02-14 15:27:00,11.4,11.4,11.4,11.4,50,14800,18400.0,CE
2022-02-14 15:29:00,11.05,11.05,10.7,10.7,100,14700,18400.0,CE
2022-02-15 09:17:00,13.35,13.35,13.2,13.25,303,14600,18400.0,CE
2022-02-15 09:18:00,13.2,13.2,13.2,13.2,100,14600,18400.0,CE
2022-02-15 09:19:00,12.95,12.95,12.95,12.95,50,14600,18400.0,CE
2022-02-15 09:22:00,12.25,12.25,12.1,12.1,500,14350,18400.0,CE
2022-02-15 09:23:00,12.1,12.1,12.1,12.1,400,14350,18400.0,CE
2022-02-15 09:24:00,11.75,11.75,11.75,11.75,100,14100,18400.0,CE
2022-02-15 09:25:00,11.65,11.65,11.65,11.65,100,14100,18400.0,CE
2022-02-15 09:26:00,12.1,12.1,12.1,12.1,50,14150,18400.0,CE
2022-02-15 09:27:00,11.7,11.7,11.7,11.7,50,14150,18400.0,CE
2022-02-15 09:28:00,12.45,12.45,12.45,12.45,1200,14150,18400.0,CE
2022-02-15 09:32:00,12.15,12.15,11.85,11.85,150,12950,18400.0,CE
2022-02-15 09:34:00,11.75,11.75,11.75,11.75,50,12850,18400.0,CE
2022-02-15 09:41:00,11.75,11.75,11.75,11.75,50,12900,18400.0,CE
2022-02-15 09:45:00,11.15,11.15,11.15,11.15,500,12900,18400.0,CE
2022-02-15 09:47:00,11.25,11.35,11.25,11.35,150,12900,18400.0,CE
2022-02-15 09:57:00,11.0,11.0,11.0,11.0,250,12350,18400.0,CE
2022-02-15 09:58:00,10.95,10.95,10.95,10.95,550,12350,18400.0,CE
2022-02-15 09:59:00,10.95,10.95,10.95,10.95,100,12350,18400.0,CE
2022-02-15 10:01:00,10.95,10.95,10.95,10.95,100,13200,18400.0,CE
2022-02-15 10:04:00,10.6,10.6,10.6,10.6,150,13200,18400.0,CE
2022-02-15 10:05:00,10.45,10.45,10.45,10.45,50,13200,18400.0,CE
2022-02-15 10:18:00,10.45,10.95,10.45,10.95,200,13350,18400.0,CE
2022-02-15 10:23:00,10.7,10.7,10.7,10.7,50,13450,18400.0,CE
2022-02-15 10:26:00,10.8,10.8,10.8,10.8,50,13450,18400.0,CE
2022-02-15 10:29:00,10.75,10.75,10.75,10.75,50,13450,18400.0,CE
2022-02-15 10:31:00,11.25,11.25,11.25,11.25,400,13550,18400.0,CE
2022-02-15 10:32:00,11.15,11.25,11.15,11.2,400,13550,18400.0,CE
2022-02-15 10:34:00,10.9,10.9,10.9,10.9,100,13800,18400.0,CE
2022-02-15 10:35:00,11.2,11.2,11.2,11.2,150,13800,18400.0,CE
2022-02-15 10:37:00,11.6,11.6,11.6,11.6,150,13850,18400.0,CE
2022-02-15 10:39:00,10.05,10.05,10.05,10.05,1000,14000,18400.0,CE
2022-02-15 10:40:00,10.05,10.05,10.05,10.05,50,14000,18400.0,CE
2022-02-15 10:43:00,11.3,11.3,11.3,11.3,100,13200,18400.0,CE
2022-02-15 10:44:00,11.35,11.35,11.1,11.1,150,13200,18400.0,CE
2022-02-15 10:47:00,11.55,11.55,11.55,11.55,50,13400,18400.0,CE
2022-02-15 10:48:00,11.7,11.7,11.7,11.7,50,13450,18400.0,CE
2022-02-15 10:49:00,11.65,11.65,11.65,11.65,50,13450,18400.0,CE
2022-02-15 10:51:00,11.3,11.3,11.3,11.3,300,13500,18400.0,CE
2022-02-15 10:52:00,11.5,11.5,11.5,11.5,50,13500,18400.0,CE
2022-02-15 10:53:00,11.55,11.55,11.45,11.55,800,14250,18400.0,CE
2022-02-15 10:54:00,11.9,11.9,11.6,11.6,650,14250,18400.0,CE
2022-02-15 10:59:00,12.15,12.15,12.0,12.0,300,14900,18400.0,CE
2022-02-15 11:00:00,11.65,11.65,11.65,11.65,50,15200,18400.0,CE
2022-02-15 11:01:00,12.0,12.0,11.75,11.75,250,15200,18400.0,CE
2022-02-15 11:10:00,11.75,11.75,11.75,11.75,200,15250,18400.0,CE
2022-02-15 11:11:00,11.75,12.25,11.75,12.25,300,15250,18400.0,CE
2022-02-15 11:14:00,12.3,12.3,12.3,12.3,750,15700,18400.0,CE
2022-02-15 11:15:00,12.15,12.25,12.15,12.25,100,16300,18400.0,CE
2022-02-15 11:17:00,12.2,12.2,12.2,12.2,150,16300,18400.0,CE
2022-02-15 11:18:00,12.2,12.2,12.2,12.2,50,16250,18400.0,CE
2022-02-15 11:29:00,12.35,12.85,12.35,12.85,700,16300,18400.0,CE
2022-02-15 11:30:00,12.8,12.8,12.8,12.8,150,15850,18400.0,CE
2022-02-15 11:31:00,13.15,13.15,13.15,13.15,50,15850,18400.0,CE
2022-02-15 11:34:00,13.35,13.55,13.35,13.55,550,15800,18400.0,CE
2022-02-15 11:35:00,13.55,13.55,13.55,13.55,50,15800,18400.0,CE
2022-02-15 11:36:00,13.25,13.25,13.25,13.25,50,15350,18400.0,CE
2022-02-15 11:37:00,13.2,13.35,13.2,13.2,900,15350,18400.0,CE
2022-02-15 11:38:00,13.15,13.15,13.15,13.15,150,15350,18400.0,CE
2022-02-15 11:39:00,13.15,13.35,13.15,13.25,1200,15450,18400.0,CE
2022-02-15 11:40:00,13.45,13.45,13.45,13.45,150,15450,18400.0,CE
2022-02-15 11:42:00,13.6,13.6,13.6,13.6,100,15450,18400.0,CE
2022-02-15 11:43:00,13.6,13.6,13.6,13.6,150,15450,18400.0,CE
2022-02-15 11:45:00,13.5,13.9,13.5,13.5,1650,15400,18400.0,CE
2022-02-15 11:46:00,13.2,13.2,13.2,13.2,100,15400,18400.0,CE
2022-02-15 11:47:00,13.45,13.45,13.45,13.45,200,15400,18400.0,CE
2022-02-15 11:48:00,13.55,13.55,13.55,13.55,1150,14800,18400.0,CE
2022-02-15 11:49:00,13.75,13.75,13.6,13.6,850,14800,18400.0,CE
2022-02-15 11:53:00,13.65,13.65,13.65,13.65,250,13750,18400.0,CE
2022-02-15 11:54:00,13.55,13.55,13.55,13.55,200,13900,18400.0,CE
2022-02-15 11:55:00,13.5,13.5,13.5,13.5,50,13900,18400.0,CE
2022-02-15 11:56:00,14.0,14.0,14.0,14.0,100,13900,18400.0,CE
2022-02-15 11:59:00,14.75,14.75,14.75,14.75,600,13850,18400.0,CE
2022-02-15 12:00:00,14.8,14.8,14.8,14.8,50,13900,18400.0,CE
2022-02-15 12:02:00,15.1,15.2,15.1,15.2,500,13900,18400.0,CE
2022-02-15 12:03:00,15.2,15.2,14.65,14.8,350,13600,18400.0,CE
2022-02-15 12:04:00,14.65,14.65,14.55,14.6,1050,13600,18400.0,CE
2022-02-15 12:06:00,14.15,14.15,13.55,13.8,1800,13550,18400.0,CE
2022-02-15 12:07:00,13.75,14.0,13.75,13.95,400,13550,18400.0,CE
2022-02-15 12:09:00,14.05,14.25,14.05,14.25,1250,12950,18400.0,CE
2022-02-15 12:10:00,14.1,14.1,14.1,14.1,100,12950,18400.0,CE
2022-02-15 12:12:00,13.85,14.15,13.85,14.15,200,13200,18400.0,CE
2022-02-15 12:14:00,13.55,13.55,13.4,13.4,100,13200,18400.0,CE
2022-02-15 12:15:00,13.6,13.6,13.6,13.6,50,13150,18400.0,CE
2022-02-15 12:17:00,13.55,13.65,13.55,13.6,1000,13150,18400.0,CE
2022-02-15 12:18:00,14.0,14.15,14.0,14.15,500,13950,18400.0,CE
2022-02-15 12:20:00,14.05,14.1,14.05,14.1,450,13950,18400.0,CE
2022-02-15 12:21:00,14.15,14.3,14.15,14.3,200,14100,18400.0,CE
2022-02-15 12:25:00,14.15,14.15,14.15,14.15,400,14150,18400.0,CE
2022-02-15 12:27:00,13.35,13.35,13.35,13.35,50,14150,18400.0,CE
2022-02-15 12:29:00,13.2,13.2,13.2,13.2,50,14200,18400.0,CE
2022-02-15 12:31:00,13.05,13.05,13.05,13.05,250,14250,18400.0,CE
2022-02-15 12:34:00,13.85,13.85,13.85,13.85,50,14500,18400.0,CE
2022-02-15 12:35:00,14.4,14.4,14.4,14.4,100,14500,18400.0,CE
2022-02-15 12:37:00,14.35,14.35,14.3,14.3,1100,14600,18400.0,CE
2022-02-15 12:38:00,13.85,13.85,13.85,13.85,150,14600,18400.0,CE
2022-02-15 12:39:00,14.05,14.05,13.9,13.9,150,14600,18400.0,CE
2022-02-15 12:40:00,13.95,13.95,13.95,13.95,400,14750,18400.0,CE
2022-02-15 12:48:00,13.35,13.35,13.35,13.35,50,15050,18400.0,CE
2022-02-15 12:51:00,14.35,14.4,14.35,14.4,450,15100,18400.0,CE
2022-02-15 12:53:00,14.6,14.9,14.5,14.5,1350,15100,18400.0,CE
2022-02-15 12:54:00,15.0,15.0,15.0,15.0,200,16200,18400.0,CE
2022-02-15 12:56:00,15.05,15.05,14.5,14.5,250,16200,18400.0,CE
2022-02-15 12:58:00,14.1,14.1,13.75,13.8,750,16400,18400.0,CE
2022-02-15 12:59:00,14.6,14.7,14.55,14.55,600,16400,18400.0,CE
2022-02-15 13:00:00,14.4,14.4,14.4,14.4,100,16400,18400.0,CE
2022-02-15 13:01:00,14.75,15.0,14.7,15.0,850,16900,18400.0,CE
2022-02-15 13:02:00,14.65,14.65,14.65,14.65,100,16900,18400.0,CE
2022-02-15 13:03:00,14.85,14.85,14.85,14.85,50,17200,18400.0,CE
2022-02-15 13:04:00,14.9,15.05,14.9,15.05,1550,17200,18400.0,CE
2022-02-15 13:05:00,15.0,15.0,14.7,14.8,200,17200,18400.0,CE
2022-02-15 13:10:00,13.65,13.65,13.65,13.65,150,18700,18400.0,CE
2022-02-15 13:16:00,14.45,14.45,14.45,14.45,150,18750,18400.0,CE
2022-02-15 13:21:00,13.7,13.7,13.7,13.7,250,18900,18400.0,CE
2022-02-15 13:22:00,13.65,13.65,13.45,13.45,550,18900,18400.0,CE
2022-02-15 13:23:00,13.65,13.65,13.65,13.65,100,18900,18400.0,CE
2022-02-15 13:24:00,13.75,13.8,13.65,13.8,250,18950,18400.0,CE
2022-02-15 13:25:00,13.6,13.6,13.6,13.6,100,18950,18400.0,CE
2022-02-15 13:27:00,13.3,13.3,13.3,13.3,50,18900,18400.0,CE
2022-02-15 13:28:00,13.35,13.35,13.35,13.35,50,18900,18400.0,CE
2022-02-15 13:30:00,13.1,13.1,13.1,13.1,50,18850,18400.0,CE
2022-02-15 13:31:00,13.75,13.75,13.75,13.75,100,18850,18400.0,CE
2022-02-15 13:32:00,14.25,14.25,14.25,14.25,50,18850,18400.0,CE
2022-02-15 13:37:00,14.5,14.75,14.5,14.75,350,18800,18400.0,CE
2022-02-15 13:38:00,14.45,14.45,14.45,14.45,250,18800,18400.0,CE
2022-02-15 13:39:00,14.9,14.9,14.9,14.9,50,19050,18400.0,CE
2022-02-15 13:40:00,14.85,14.85,14.85,14.85,100,19050,18400.0,CE
2022-02-15 13:42:00,14.85,14.85,14.85,14.85,550,19050,18400.0,CE
2022-02-15 13:43:00,14.85,15.2,14.85,15.2,200,18950,18400.0,CE
2022-02-15 13:44:00,15.4,15.4,15.4,15.4,50,18950,18400.0,CE
2022-02-15 13:46:00,15.7,15.7,15.7,15.7,50,18900,18400.0,CE
2022-02-15 13:49:00,16.2,16.2,16.2,16.2,150,18950,18400.0,CE
2022-02-15 13:50:00,16.2,17.1,16.2,17.1,400,18950,18400.0,CE
2022-02-15 13:51:00,16.75,16.75,16.75,16.75,100,18950,18400.0,CE
2022-02-15 13:53:00,16.9,17.2,16.9,17.2,100,18800,18400.0,CE
2022-02-15 13:54:00,17.35,17.65,17.35,17.5,450,18900,18400.0,CE
2022-02-15 13:55:00,18.0,18.1,17.75,17.75,500,18900,18400.0,CE
2022-02-15 13:56:00,17.75,18.65,17.75,18.65,300,18900,18400.0,CE
2022-02-15 13:57:00,18.35,18.35,18.3,18.3,100,19050,18400.0,CE
2022-02-15 13:58:00,17.6,17.6,17.6,17.6,50,19050,18400.0,CE
2022-02-15 13:59:00,17.05,17.05,17.05,17.05,50,19050,18400.0,CE
2022-02-15 14:00:00,19.15,19.15,19.15,19.15,450,18900,18400.0,CE
2022-02-15 14:01:00,18.25,19.2,18.25,19.2,450,18900,18400.0,CE
2022-02-15 14:02:00,19.2,19.2,19.2,19.2,50,18900,18400.0,CE
2022-02-15 14:04:00,18.85,18.85,18.85,18.85,50,18700,18400.0,CE
2022-02-15 14:07:00,20.2,21.0,20.2,21.0,300,18600,18400.0,CE
2022-02-15 14:08:00,21.5,22.85,21.05,22.85,1400,18600,18400.0,CE
2022-02-15 14:09:00,23.6,24.35,23.6,23.85,4250,18650,18400.0,CE
2022-02-15 14:10:00,24.7,25.7,24.25,25.7,2100,18650,18400.0,CE
2022-02-15 14:13:00,24.45,24.75,24.45,24.75,800,18650,18400.0,CE
2022-02-15 14:14:00,23.95,24.8,23.95,24.65,500,18650,18400.0,CE
2022-02-15 14:15:00,24.65,24.65,24.65,24.65,1150,18650,18400.0,CE
2022-02-15 14:16:00,24.35,24.65,24.1,24.65,550,18650,18400.0,CE
2022-02-15 14:17:00,24.45,24.45,24.45,24.45,50,18650,18400.0,CE
2022-02-15 14:18:00,24.25,24.25,24.25,24.25,50,18000,18400.0,CE
2022-02-15 14:20:00,23.3,23.3,23.3,23.3,50,18000,18400.0,CE
2022-02-15 14:21:00,21.7,21.7,19.6,19.6,600,13700,18400.0,CE
2022-02-15 14:22:00,19.55,20.0,19.3,20.0,450,13700,18400.0,CE
2022-02-15 14:23:00,20.95,21.0,20.95,21.0,300,13700,18400.0,CE
2022-02-15 14:24:00,20.75,21.0,20.6,21.0,350,13700,18400.0,CE
2022-02-15 14:25:00,20.5,20.5,20.3,20.3,1850,13700,18400.0,CE
2022-02-15 14:26:00,20.4,20.55,20.4,20.55,250,13700,18400.0,CE
2022-02-15 14:27:00,20.5,21.15,20.5,20.5,900,14050,18400.0,CE
2022-02-15 14:28:00,20.95,20.95,20.95,20.95,50,14050,18400.0,CE
2022-02-15 14:32:00,22.55,22.55,21.65,21.65,700,13800,18400.0,CE
2022-02-15 14:34:00,22.6,22.6,22.25,22.25,400,13750,18400.0,CE
2022-02-15 14:37:00,22.2,22.2,22.2,22.2,150,13850,18400.0,CE
2022-02-15 14:38:00,22.05,22.45,22.05,22.45,100,13850,18400.0,CE
2022-02-15 14:40:00,22.3,22.5,22.3,22.3,1350,13500,18400.0,CE
2022-02-15 14:41:00,22.1,22.1,22.0,22.0,350,13500,18400.0,CE
2022-02-15 14:42:00,22.85,22.85,21.9,21.9,250,13500,18400.0,CE
2022-02-15 14:43:00,22.05,22.4,22.05,22.4,150,13550,18400.0,CE
2022-02-15 14:44:00,18.45,18.45,18.45,18.45,550,13550,18400.0,CE
2022-02-15 14:45:00,22.8,22.8,22.8,22.8,50,13550,18400.0,CE
2022-02-15 14:46:00,22.65,22.65,22.65,22.65,50,13650,18400.0,CE
2022-02-15 14:48:00,22.95,22.95,22.95,22.95,50,13650,18400.0,CE
2022-02-15 14:50:00,22.25,23.0,22.25,23.0,700,13150,18400.0,CE
2022-02-15 14:53:00,23.75,23.75,23.75,23.75,150,13150,18400.0,CE
2022-02-15 14:54:00,23.85,24.25,23.85,24.25,150,13150,18400.0,CE
2022-02-15 14:55:00,23.6,23.6,23.6,23.6,50,12950,18400.0,CE
2022-02-15 14:56:00,23.0,23.0,23.0,23.0,50,12950,18400.0,CE
2022-02-15 14:57:00,22.85,22.85,22.85,22.85,100,12950,18400.0,CE
2022-02-15 14:58:00,22.75,22.75,22.75,22.75,100,12800,18400.0,CE
2022-02-15 14:59:00,22.2,22.7,22.2,22.7,200,12800,18400.0,CE
2022-02-15 15:00:00,22.8,22.8,22.8,22.8,150,12800,18400.0,CE
2022-02-15 15:01:00,23.8,23.9,23.75,23.75,250,12850,18400.0,CE
2022-02-15 15:03:00,24.4,24.4,24.4,24.4,50,12850,18400.0,CE
2022-02-15 15:06:00,24.35,24.35,24.35,24.35,200,12600,18400.0,CE
2022-02-15 15:07:00,24.45,24.45,24.45,24.45,50,12600,18400.0,CE
2022-02-15 15:08:00,24.65,24.85,24.65,24.75,400,11200,18400.0,CE
2022-02-15 15:09:00,24.95,24.95,23.9,23.9,150,11200,18400.0,CE
2022-02-15 15:10:00,25.65,25.65,23.75,23.75,800,10850,18400.0,CE
2022-02-15 15:11:00,23.55,23.55,23.55,23.55,100,10850,18400.0,CE
2022-02-15 15:12:00,23.55,23.9,23.55,23.7,150,10850,18400.0,CE
2022-02-15 15:13:00,24.5,24.6,24.4,24.6,2100,10800,18400.0,CE
2022-02-15 15:14:00,24.65,24.65,24.05,24.05,2200,10800,18400.0,CE
2022-02-15 15:18:00,24.9,24.9,24.1,24.25,350,10700,18400.0,CE
2022-02-15 15:19:00,24.2,24.2,24.2,24.2,250,10650,18400.0,CE
2022-02-15 15:20:00,24.6,24.7,24.6,24.7,150,10650,18400.0,CE
2022-02-15 15:22:00,24.6,24.6,24.1,24.1,150,10650,18400.0,CE
2022-02-15 15:23:00,24.0,24.25,24.0,24.25,250,10650,18400.0,CE
2022-02-15 15:25:00,23.8,23.85,23.8,23.8,250,10700,18400.0,CE
2022-02-15 15:26:00,23.5,23.5,23.5,23.5,150,10700,18400.0,CE
2022-02-15 15:28:00,23.75,23.9,23.75,23.9,300,10650,18400.0,CE
2022-02-15 15:29:00,24.05,24.05,23.9,23.9,150,10650,18400.0,CE
2022-02-16 09:15:00,29.05,29.05,29.05,29.05,101,9400,18400.0,CE
2022-02-16 09:16:00,25.0,25.0,25.0,25.0,200,9400,18400.0,CE
2022-02-16 09:17:00,26.05,26.05,25.9,26.0,250,9600,18400.0,CE
2022-02-16 09:18:00,25.45,25.45,23.0,23.0,550,9600,18400.0,CE
2022-02-16 09:19:00,23.0,23.0,21.95,21.95,550,9600,18400.0,CE
2022-02-16 09:20:00,22.1,22.1,21.55,21.55,100,10050,18400.0,CE
2022-02-16 09:21:00,21.1,21.1,21.1,21.1,50,10050,18400.0,CE
2022-02-16 09:22:00,21.1,21.1,21.05,21.05,300,10050,18400.0,CE
2022-02-16 09:23:00,21.0,21.0,21.0,21.0,500,10050,18400.0,CE
2022-02-16 09:24:00,20.6,21.05,20.45,21.05,800,10050,18400.0,CE
2022-02-16 09:25:00,21.1,21.1,21.1,21.1,50,10050,18400.0,CE
2022-02-16 09:26:00,21.3,21.3,21.3,21.3,150,10050,18400.0,CE
2022-02-16 09:27:00,22.85,22.95,22.05,22.05,800,10500,18400.0,CE
2022-02-16 09:29:00,22.75,22.75,22.75,22.75,350,10500,18400.0,CE
2022-02-16 09:31:00,23.4,23.4,23.4,23.4,50,10800,18400.0,CE
2022-02-16 09:32:00,23.95,23.95,23.95,23.95,100,10800,18400.0,CE
2022-02-16 09:34:00,22.75,22.75,22.75,22.75,100,10650,18400.0,CE
2022-02-16 09:35:00,22.45,22.5,22.2,22.2,400,10650,18400.0,CE
2022-02-16 09:36:00,21.5,21.5,20.8,20.85,1500,10650,18400.0,CE
2022-02-16 09:37:00,20.85,21.65,20.85,21.0,2350,10650,18400.0,CE
2022-02-16 09:38:00,21.95,22.7,21.95,22.7,650,10650,18400.0,CE
2022-02-16 09:39:00,22.0,22.1,22.0,22.1,700,11250,18400.0,CE
2022-02-16 09:40:00,22.7,22.7,22.7,22.7,250,11250,18400.0,CE
2022-02-16 09:41:00,21.8,21.9,21.8,21.9,100,11250,18400.0,CE
2022-02-16 09:42:00,21.9,21.9,21.9,21.9,50,12250,18400.0,CE
2022-02-16 09:44:00,21.45,21.45,21.45,21.45,50,12250,18400.0,CE
2022-02-16 09:45:00,21.65,21.65,21.65,21.65,100,12150,18400.0,CE
2022-02-16 09:47:00,21.05,21.1,21.05,21.1,100,12150,18400.0,CE
2022-02-16 09:48:00,21.0,21.3,21.0,21.3,100,12200,18400.0,CE
2022-02-16 09:49:00,21.95,21.95,21.3,21.3,150,12200,18400.0,CE
2022-02-16 09:50:00,21.7,21.7,21.7,21.7,200,12150,18400.0,CE
2022-02-16 09:51:00,21.9,21.9,21.9,21.9,50,12150,18400.0,CE
2022-02-16 09:52:00,21.0,21.1,20.45,21.05,500,12150,18400.0,CE
2022-02-16 09:53:00,21.1,21.1,20.1,20.1,1100,12000,18400.0,CE
2022-02-16 09:54:00,19.9,20.3,19.9,20.15,450,12000,18400.0,CE
2022-02-16 09:55:00,19.85,19.85,19.85,19.85,50,12000,18400.0,CE
2022-02-16 09:56:00,19.85,19.85,19.85,19.85,50,11900,18400.0,CE
2022-02-16 09:57:00,21.15,21.15,20.2,20.2,350,11900,18400.0,CE
2022-02-16 09:59:00,20.75,20.75,20.5,20.5,350,11900,18400.0,CE
2022-02-16 10:00:00,21.1,21.1,21.1,21.1,50,12050,18400.0,CE
2022-02-16 10:01:00,21.35,21.65,20.95,21.0,350,12050,18400.0,CE
2022-02-16 10:02:00,21.0,21.0,19.9,19.9,200,12050,18400.0,CE
2022-02-16 10:04:00,21.4,21.4,21.4,21.4,50,11950,18400.0,CE
2022-02-16 10:06:00,20.45,20.45,20.45,20.45,150,11900,18400.0,CE
2022-02-16 10:09:00,19.7,20.45,19.7,20.45,400,11850,18400.0,CE
2022-02-16 10:10:00,20.0,20.25,19.65,19.65,350,11850,18400.0,CE
2022-02-16 10:11:00,19.5,19.5,19.5,19.5,50,11850,18400.0,CE
2022-02-16 10:12:00,19.5,19.5,19.5,19.5,350,12250,18400.0,CE
2022-02-16 10:13:00,20.1,20.1,20.1,20.1,300,12250,18400.0,CE
2022-02-16 10:14:00,20.4,20.4,20.4,20.4,50,12250,18400.0,CE
2022-02-16 10:16:00,20.75,20.75,20.2,20.2,200,12300,18400.0,CE
2022-02-16 10:18:00,20.55,20.55,20.55,20.55,50,12200,18400.0,CE
2022-02-16 10:19:00,20.65,20.65,20.65,20.65,50,12200,18400.0,CE
2022-02-16 10:20:00,20.45,20.7,20.45,20.7,250,12350,18400.0,CE
2022-02-16 10:21:00,22.3,22.3,21.95,22.0,450,12350,18400.0,CE
2022-02-16 10:22:00,22.0,22.0,21.55,21.55,150,12350,18400.0,CE
2022-02-16 10:23:00,21.15,21.15,21.15,21.15,100,12350,18400.0,CE
2022-02-16 10:25:00,21.6,21.6,21.6,21.6,150,12750,18400.0,CE
2022-02-16 10:26:00,21.85,21.85,21.4,21.4,250,12750,18400.0,CE
2022-02-16 10:28:00,21.65,21.65,21.65,21.65,200,12900,18400.0,CE
2022-02-16 10:29:00,20.55,21.25,20.55,21.25,250,12900,18400.0,CE
2022-02-16 10:31:00,21.3,21.3,21.25,21.25,200,12850,18400.0,CE
2022-02-16 10:36:00,20.05,20.05,20.05,20.05,150,12750,18400.0,CE
2022-02-16 10:37:00,20.95,20.95,20.95,20.95,100,12750,18400.0,CE
2022-02-16 10:39:00,20.7,20.7,20.25,20.25,450,12950,18400.0,CE
2022-02-16 10:44:00,20.65,20.65,20.65,20.65,150,13350,18400.0,CE
2022-02-16 10:45:00,20.7,20.7,20.7,20.7,100,13400,18400.0,CE
2022-02-16 10:47:00,20.0,20.0,20.0,20.0,100,13400,18400.0,CE
2022-02-16 10:48:00,20.25,20.25,20.25,20.25,50,13300,18400.0,CE
2022-02-16 10:49:00,20.65,20.65,20.65,20.65,50,13300,18400.0,CE
2022-02-16 10:51:00,20.05,20.05,20.05,20.05,100,13350,18400.0,CE
2022-02-16 10:52:00,20.15,20.15,19.35,19.35,650,13350,18400.0,CE
2022-02-16 10:53:00,19.35,20.0,19.35,19.95,250,13350,18400.0,CE
2022-02-16 10:54:00,20.1,20.1,20.05,20.05,100,13600,18400.0,CE
2022-02-16 10:56:00,20.1,20.1,19.8,19.8,350,13600,18400.0,CE
2022-02-16 10:58:00,19.05,19.05,18.55,18.55,150,13850,18400.0,CE
2022-02-16 10:59:00,18.55,18.55,18.55,18.55,100,13850,18400.0,CE
2022-02-16 11:03:00,18.55,18.55,17.8,17.8,450,13850,18400.0,CE
2022-02-16 11:09:00,17.8,17.8,17.8,17.8,300,13850,18400.0,CE
2022-02-16 11:13:00,18.35,18.35,18.35,18.35,50,13850,18400.0,CE
2022-02-16 11:17:00,19.15,19.15,19.15,19.15,50,13800,18400.0,CE
2022-02-16 11:20:00,19.35,19.45,19.35,19.45,100,13850,18400.0,CE
2022-02-16 11:22:00,19.45,19.45,19.45,19.45,50,13800,18400.0,CE
2022-02-16 11:23:00,18.8,19.5,18.8,19.2,250,13800,18400.0,CE
2022-02-16 11:24:00,19.7,19.7,19.7,19.7,50,13800,18400.0,CE
2022-02-16 11:25:00,19.4,19.4,19.4,19.4,400,13700,18400.0,CE
2022-02-16 11:26:00,19.15,19.15,19.15,19.15,150,13700,18400.0,CE
2022-02-16 11:27:00,19.5,19.5,19.5,19.5,50,13650,18400.0,CE
2022-02-16 11:28:00,19.05,19.05,19.05,19.05,50,13650,18400.0,CE
2022-02-16 11:29:00,19.3,19.3,19.1,19.1,250,13650,18400.0,CE
2022-02-16 11:30:00,18.75,18.75,18.75,18.75,150,13750,18400.0,CE
2022-02-16 11:38:00,19.1,19.1,18.5,18.5,200,13800,18400.0,CE
2022-02-16 11:39:00,18.8,18.8,18.8,18.8,50,13600,18400.0,CE
2022-02-16 11:40:00,18.65,19.0,18.65,19.0,100,13600,18400.0,CE
2022-02-16 11:41:00,19.25,19.4,18.9,18.9,450,13600,18400.0,CE
2022-02-16 11:42:00,18.5,18.5,18.5,18.5,50,13300,18400.0,CE
2022-02-16 11:43:00,18.7,18.7,18.0,18.45,550,13300,18400.0,CE
2022-02-16 11:45:00,18.45,18.75,18.45,18.75,950,13650,18400.0,CE
2022-02-16 11:46:00,18.65,19.1,18.5,19.1,550,13650,18400.0,CE
2022-02-16 11:47:00,19.0,19.0,19.0,19.0,50,13650,18400.0,CE
2022-02-16 11:48:00,18.75,18.75,18.75,18.75,50,14300,18400.0,CE
2022-02-16 11:51:00,19.45,19.45,19.25,19.25,250,14300,18400.0,CE
2022-02-16 11:54:00,19.0,19.0,19.0,19.0,50,14200,18400.0,CE
2022-02-16 12:03:00,18.0,18.0,18.0,18.0,50,14150,18400.0,CE
2022-02-16 12:04:00,17.1,17.1,17.1,17.1,50,14150,18400.0,CE
2022-02-16 12:05:00,17.1,17.1,17.1,17.1,50,14150,18400.0,CE
2022-02-16 12:06:00,18.3,18.3,18.3,18.3,50,14050,18400.0,CE
2022-02-16 12:07:00,18.5,18.5,18.5,18.5,50,14050,18400.0,CE
2022-02-16 12:15:00,19.6,19.6,19.6,19.6,50,14000,18400.0,CE
2022-02-16 12:17:00,19.6,19.6,19.6,19.6,50,14000,18400.0,CE
2022-02-16 12:18:00,20.1,20.1,20.1,20.1,50,14000,18400.0,CE
2022-02-16 12:19:00,20.1,20.1,20.1,20.1,200,14000,18400.0,CE
2022-02-16 12:21:00,20.1,20.1,20.1,20.1,100,14250,18400.0,CE
2022-02-16 12:22:00,20.25,20.25,20.25,20.25,50,14250,18400.0,CE
2022-02-16 12:23:00,21.25,21.25,21.0,21.0,150,14250,18400.0,CE
2022-02-16 12:24:00,20.35,20.35,20.35,20.35,50,14250,18400.0,CE
2022-02-16 12:25:00,19.75,19.75,19.75,19.75,50,14300,18400.0,CE
2022-02-16 12:27:00,20.85,20.85,20.85,20.85,350,14300,18400.0,CE
2022-02-16 12:28:00,20.25,20.25,20.25,20.25,50,14350,18400.0,CE
2022-02-16 12:32:00,20.25,20.25,20.25,20.25,50,14350,18400.0,CE
2022-02-16 12:34:00,20.75,20.9,20.75,20.9,150,14300,18400.0,CE
2022-02-16 12:36:00,20.9,20.9,20.9,20.9,600,14300,18400.0,CE
2022-02-16 12:37:00,22.0,22.0,22.0,22.0,50,14900,18400.0,CE
2022-02-16 12:38:00,22.2,22.2,22.2,22.2,300,14900,18400.0,CE
2022-02-16 12:39:00,22.6,23.05,22.6,23.05,100,15150,18400.0,CE
2022-02-16 12:40:00,23.3,23.85,23.0,23.0,350,15150,18400.0,CE
2022-02-16 12:43:00,23.0,23.0,23.0,23.0,50,14700,18400.0,CE
2022-02-16 12:46:00,24.0,24.0,24.0,24.0,50,14550,18400.0,CE
2022-02-16 12:47:00,24.15,24.5,24.15,24.4,350,14550,18400.0,CE
2022-02-16 12:48:00,23.7,24.15,23.7,24.15,150,14400,18400.0,CE
2022-02-16 12:49:00,24.25,24.25,24.25,24.25,50,14400,18400.0,CE
2022-02-16 12:51:00,23.6,23.6,23.05,23.05,150,14150,18400.0,CE
2022-02-16 12:52:00,22.8,22.8,22.8,22.8,50,14150,18400.0,CE
2022-02-16 12:53:00,22.0,22.0,22.0,22.0,50,14150,18400.0,CE
2022-02-16 12:54:00,20.9,20.9,20.15,20.15,350,14400,18400.0,CE
2022-02-16 12:55:00,22.55,22.55,22.55,22.55,200,14400,18400.0,CE
2022-02-16 12:56:00,21.65,22.0,21.55,22.0,1500,14400,18400.0,CE
2022-02-16 12:57:00,22.0,22.0,22.0,22.0,350,14400,18400.0,CE
2022-02-16 12:58:00,22.5,22.5,22.5,22.5,600,14900,18400.0,CE
2022-02-16 13:02:00,22.5,22.5,22.5,22.5,100,14900,18400.0,CE
2022-02-16 13:03:00,22.5,22.55,22.5,22.55,200,14900,18400.0,CE
2022-02-16 13:05:00,23.5,23.5,23.5,23.5,50,15150,18400.0,CE
2022-02-16 13:08:00,23.45,23.55,23.0,23.55,400,15200,18400.0,CE
2022-02-16 13:10:00,23.35,23.35,23.35,23.35,50,15350,18400.0,CE
2022-02-16 13:15:00,23.5,23.5,23.5,23.5,100,15400,18400.0,CE
2022-02-16 13:17:00,23.0,23.0,23.0,23.0,50,15350,18400.0,CE
2022-02-16 13:19:00,21.5,21.5,21.5,21.5,50,15350,18400.0,CE
2022-02-16 13:22:00,22.05,22.5,22.05,22.5,400,15300,18400.0,CE
2022-02-16 13:28:00,22.5,22.5,22.5,22.5,50,15450,18400.0,CE
2022-02-16 13:30:00,23.35,23.35,23.35,23.35,50,15450,18400.0,CE
2022-02-16 13:36:00,23.35,23.35,23.05,23.05,150,15500,18400.0,CE
2022-02-16 13:43:00,23.4,23.4,23.4,23.4,50,15550,18400.0,CE
2022-02-16 13:46:00,24.0,24.45,24.0,24.4,150,15550,18400.0,CE
2022-02-16 13:47:00,25.0,25.0,25.0,25.0,50,15550,18400.0,CE
2022-02-16 13:48:00,24.4,24.6,24.4,24.6,150,15550,18400.0,CE
2022-02-16 13:50:00,26.0,26.0,26.0,26.0,50,15550,18400.0,CE
2022-02-16 13:51:00,26.0,26.0,25.35,25.9,1300,16150,18400.0,CE
2022-02-16 13:52:00,25.75,25.9,25.4,25.85,350,16150,18400.0,CE
2022-02-16 13:53:00,25.85,25.85,25.75,25.75,150,16150,18400.0,CE
2022-02-16 13:54:00,25.5,25.5,25.5,25.5,100,16150,18400.0,CE
2022-02-16 13:55:00,24.6,24.85,24.6,24.85,100,16100,18400.0,CE
2022-02-16 13:56:00,24.1,24.1,24.1,24.1,100,16100,18400.0,CE
2022-02-16 13:58:00,24.15,24.15,24.15,24.15,50,16150,18400.0,CE
2022-02-16 14:02:00,24.0,24.0,23.85,23.85,350,16200,18400.0,CE
2022-02-16 14:05:00,24.0,24.0,24.0,24.0,350,16150,18400.0,CE
2022-02-16 14:12:00,22.2,22.2,22.2,22.2,100,16250,18400.0,CE
2022-02-16 14:13:00,22.45,22.45,22.45,22.45,200,16250,18400.0,CE
2022-02-16 14:14:00,22.75,23.2,22.75,23.2,200,16250,18400.0,CE
2022-02-16 14:16:00,22.7,22.7,22.7,22.7,50,16350,18400.0,CE
2022-02-16 14:19:00,22.05,22.05,22.0,22.0,100,16300,18400.0,CE
2022-02-16 14:20:00,21.15,21.15,20.0,20.2,700,16300,18400.0,CE
2022-02-16 14:22:00,22.45,22.45,22.45,22.45,50,16200,18400.0,CE
2022-02-16 14:24:00,22.1,22.1,21.15,21.6,300,16200,18400.0,CE
2022-02-16 14:26:00,22.55,22.55,22.55,22.55,50,16350,18400.0,CE
2022-02-16 14:27:00,22.4,22.55,22.4,22.55,100,16350,18400.0,CE
2022-02-16 14:32:00,21.7,21.7,21.7,21.7,150,16400,18400.0,CE
2022-02-16 14:36:00,22.4,22.4,21.5,21.5,200,16350,18400.0,CE
2022-02-16 14:38:00,20.45,20.7,20.45,20.7,100,16250,18400.0,CE
2022-02-16 14:39:00,20.3,20.3,20.25,20.25,150,16250,18400.0,CE
2022-02-16 14:40:00,20.2,20.2,19.2,19.65,250,16200,18400.0,CE
2022-02-16 14:42:00,19.0,19.55,19.0,19.55,150,16200,18400.0,CE
2022-02-16 14:43:00,20.45,21.2,20.45,20.8,200,16200,18400.0,CE
2022-02-16 14:44:00,20.45,20.5,20.45,20.5,100,16200,18400.0,CE
2022-02-16 14:45:00,19.95,21.0,19.95,21.0,200,16200,18400.0,CE
2022-02-16 14:47:00,20.05,20.05,20.05,20.05,50,16200,18400.0,CE
2022-02-16 14:49:00,19.5,19.5,18.8,18.8,200,16150,18400.0,CE
2022-02-16 14:50:00,20.65,20.65,20.65,20.65,100,16150,18400.0,CE
2022-02-16 14:51:00,19.4,19.4,19.4,19.4,100,16150,18400.0,CE
2022-02-16 14:52:00,19.15,19.15,18.6,18.6,350,16000,18400.0,CE
2022-02-16 14:53:00,18.55,18.55,17.95,17.95,450,16000,18400.0,CE
2022-02-16 14:54:00,18.4,18.4,18.4,18.4,50,16000,18400.0,CE
2022-02-16 14:55:00,17.95,18.45,17.95,18.45,300,15700,18400.0,CE
2022-02-16 14:56:00,18.8,18.8,18.8,18.8,50,15700,18400.0,CE
2022-02-16 14:57:00,18.8,18.95,18.5,18.95,200,15700,18400.0,CE
2022-02-16 14:59:00,19.45,19.55,19.3,19.3,400,15600,18400.0,CE
2022-02-16 15:00:00,20.0,20.0,18.5,18.5,350,15600,18400.0,CE
2022-02-16 15:01:00,19.3,19.3,19.3,19.3,50,15550,18400.0,CE
2022-02-16 15:02:00,18.75,18.75,18.75,18.75,50,15550,18400.0,CE
2022-02-16 15:03:00,19.05,19.05,18.5,18.5,200,15550,18400.0,CE
2022-02-16 15:04:00,18.6,18.6,18.6,18.6,100,15550,18400.0,CE
2022-02-16 15:07:00,18.6,18.6,18.6,18.6,50,15500,18400.0,CE
2022-02-16 15:09:00,18.65,18.65,18.65,18.65,100,15500,18400.0,CE
2022-02-16 15:10:00,18.7,18.95,18.7,18.95,600,15550,18400.0,CE
2022-02-16 15:11:00,18.6,18.6,18.6,18.6,50,15550,18400.0,CE
2022-02-16 15:14:00,18.65,18.65,18.65,18.65,50,15600,18400.0,CE
2022-02-16 15:15:00,18.65,18.65,18.35,18.35,100,15600,18400.0,CE
2022-02-16 15:16:00,18.0,18.0,17.8,17.8,400,15700,18400.0,CE
2022-02-16 15:17:00,17.7,17.8,17.7,17.8,250,15700,18400.0,CE
2022-02-16 15:18:00,17.95,18.0,17.95,18.0,150,15700,18400.0,CE
2022-02-16 15:22:00,17.15,17.35,17.15,17.35,100,15800,18400.0,CE
2022-02-16 15:23:00,17.05,17.05,17.05,17.05,50,15800,18400.0,CE
2022-02-16 15:24:00,16.95,16.95,16.85,16.85,200,15800,18400.0,CE
2022-02-16 15:26:00,16.7,16.7,16.7,16.7,50,15750,18400.0,CE
2022-02-16 15:29:00,16.7,17.1,16.7,17.1,100,15750,18400.0,CE
2022-02-17 09:17:00,15.0,16.0,15.0,16.0,201,15200,18400.0,CE
2022-02-17 09:18:00,16.2,16.25,16.2,16.25,100,15200,18400.0,CE
2022-02-17 09:20:00,18.55,18.55,18.55,18.55,50,15300,18400.0,CE
2022-02-17 09:22:00,18.55,18.55,17.05,17.05,100,15300,18400.0,CE
2022-02-17 09:23:00,17.05,17.05,17.05,17.05,50,15300,18400.0,CE
2022-02-17 09:32:00,15.6,15.6,15.45,15.45,250,15250,18400.0,CE
2022-02-17 09:34:00,12.65,12.65,12.65,12.65,200,15250,18400.0,CE
2022-02-17 09:38:00,12.65,12.65,12.65,12.65,200,15600,18400.0,CE
2022-02-17 09:40:00,12.65,12.65,12.65,12.65,50,15600,18400.0,CE
2022-02-17 09:41:00,15.95,15.95,15.95,15.95,50,15600,18400.0,CE
2022-02-17 09:42:00,15.95,15.95,15.95,15.95,50,15800,18400.0,CE
2022-02-17 09:43:00,16.25,16.25,16.25,16.25,50,15800,18400.0,CE
2022-02-17 09:46:00,15.0,15.0,15.0,15.0,50,15800,18400.0,CE
2022-02-17 09:48:00,15.0,15.55,15.0,15.55,400,15800,18400.0,CE
2022-02-17 09:56:00,15.15,15.15,15.15,15.15,50,15700,18400.0,CE
2022-02-17 09:58:00,15.55,15.55,15.55,15.55,50,15700,18400.0,CE
2022-02-17 10:01:00,16.2,16.2,16.2,16.2,50,15750,18400.0,CE
2022-02-17 10:02:00,15.55,15.55,15.55,15.55,100,15750,18400.0,CE
2022-02-17 10:04:00,16.2,16.2,16.2,16.2,50,15700,18400.0,CE
2022-02-17 10:05:00,16.25,16.25,16.25,16.25,50,15700,18400.0,CE
2022-02-17 10:09:00,15.55,15.55,15.55,15.55,50,15850,18400.0,CE
2022-02-17 10:11:00,15.6,15.7,15.6,15.7,150,15900,18400.0,CE
2022-02-17 10:12:00,13.15,13.15,13.15,13.15,100,15900,18400.0,CE
2022-02-17 10:13:00,15.6,16.2,15.6,16.2,550,15900,18400.0,CE
2022-02-17 10:14:00,16.2,16.2,16.2,16.2,200,15900,18400.0,CE
2022-02-17 10:18:00,16.25,16.25,16.25,16.25,100,16200,18400.0,CE
2022-02-17 10:19:00,15.6,15.75,15.6,15.75,150,16200,18400.0,CE
2022-02-17 10:22:00,15.75,15.75,15.75,15.75,50,16200,18400.0,CE
2022-02-17 10:26:00,15.3,15.3,15.3,15.3,50,16200,18400.0,CE
2022-02-17 10:33:00,16.25,16.25,16.25,16.25,600,16150,18400.0,CE
2022-02-17 10:34:00,12.3,12.3,12.3,12.3,700,16150,18400.0,CE
2022-02-17 10:35:00,12.3,12.3,12.3,12.3,50,16150,18400.0,CE
2022-02-17 10:36:00,15.85,15.85,15.85,15.85,850,16600,18400.0,CE
2022-02-17 10:37:00,14.85,15.55,14.85,15.45,700,16600,18400.0,CE
2022-02-17 10:38:00,14.95,14.95,14.95,14.95,300,16600,18400.0,CE
2022-02-17 10:39:00,15.6,15.6,15.6,15.6,350,16700,18400.0,CE
2022-02-17 10:44:00,15.5,15.8,15.5,15.8,250,16900,18400.0,CE
2022-02-17 10:46:00,15.75,15.75,15.65,15.65,200,16750,18400.0,CE
2022-02-17 10:54:00,15.05,15.05,15.05,15.05,150,16450,18400.0,CE
2022-02-17 10:56:00,15.4,15.4,15.4,15.4,50,16450,18400.0,CE
2022-02-17 11:00:00,15.8,15.8,15.8,15.8,100,16350,18400.0,CE
2022-02-17 11:01:00,16.15,16.5,16.15,16.5,300,16350,18400.0,CE
2022-02-17 11:06:00,16.4,16.4,16.4,16.4,100,16400,18400.0,CE
2022-02-17 11:08:00,16.45,16.45,16.45,16.45,250,16400,18400.0,CE
2022-02-17 11:09:00,16.4,16.4,15.9,15.9,500,16550,18400.0,CE
2022-02-17 11:10:00,16.05,16.05,16.05,16.05,150,16550,18400.0,CE
2022-02-17 11:12:00,16.05,16.4,16.05,16.4,250,16800,18400.0,CE
2022-02-17 11:16:00,15.8,15.8,15.75,15.75,100,16700,18400.0,CE
2022-02-17 11:17:00,15.7,15.7,15.7,15.7,550,16700,18400.0,CE
2022-02-17 11:19:00,19.0,19.0,19.0,19.0,100,16550,18400.0,CE
2022-02-17 11:20:00,19.0,19.0,17.0,17.0,300,16550,18400.0,CE
2022-02-17 11:21:00,16.6,16.6,16.6,16.6,50,16650,18400.0,CE
2022-02-17 11:24:00,17.0,17.0,17.0,17.0,50,16650,18400.0,CE
2022-02-17 11:25:00,16.85,16.85,16.85,16.85,200,16650,18400.0,CE
2022-02-17 11:26:00,16.75,16.9,16.75,16.75,1700,16650,18400.0,CE
2022-02-17 11:27:00,16.0,16.0,16.0,16.0,200,17650,18400.0,CE
2022-02-17 11:30:00,17.0,17.0,17.0,17.0,50,17750,18400.0,CE
2022-02-17 11:31:00,16.95,16.95,16.95,16.95,100,17750,18400.0,CE
2022-02-17 11:32:00,16.95,16.95,16.55,16.9,1150,17750,18400.0,CE
2022-02-17 11:33:00,16.55,17.05,16.55,17.05,200,18350,18400.0,CE
2022-02-17 11:34:00,17.0,17.0,16.85,16.85,100,18350,18400.0,CE
2022-02-17 11:35:00,16.9,16.9,16.25,16.25,350,18350,18400.0,CE
2022-02-17 11:36:00,16.15,16.5,16.15,16.2,1400,18800,18400.0,CE
2022-02-17 11:37:00,15.7,15.7,15.7,15.7,50,18800,18400.0,CE
2022-02-17 11:38:00,16.7,16.7,16.65,16.65,300,18800,18400.0,CE
2022-02-17 11:39:00,16.2,16.6,16.2,16.35,450,20150,18400.0,CE
2022-02-17 11:40:00,15.75,16.0,15.75,16.0,900,20150,18400.0,CE
2022-02-17 11:41:00,15.9,15.9,15.7,15.7,350,20150,18400.0,CE
2022-02-17 11:42:00,15.95,15.95,15.95,15.95,100,20550,18400.0,CE
2022-02-17 11:43:00,16.15,16.15,16.0,16.0,500,20550,18400.0,CE
2022-02-17 11:44:00,16.0,16.0,15.25,15.25,350,20550,18400.0,CE
2022-02-17 11:45:00,15.8,15.8,15.35,15.35,250,20450,18400.0,CE
2022-02-17 11:46:00,15.8,15.8,15.8,15.8,400,20450,18400.0,CE
2022-02-17 11:47:00,15.05,15.05,15.05,15.05,50,20450,18400.0,CE
2022-02-17 11:48:00,15.35,15.7,15.35,15.7,300,20450,18400.0,CE
2022-02-17 11:49:00,14.95,14.95,14.95,14.95,100,20450,18400.0,CE
2022-02-17 11:50:00,15.1,15.1,15.1,15.1,50,20450,18400.0,CE
2022-02-17 11:51:00,15.7,15.7,15.7,15.7,350,20450,18400.0,CE
2022-02-17 11:54:00,15.95,15.95,15.95,15.95,50,20450,18400.0,CE
2022-02-17 11:57:00,15.85,15.85,15.85,15.85,50,20400,18400.0,CE
2022-02-17 11:58:00,15.7,15.9,15.7,15.9,700,20400,18400.0,CE
2022-02-17 12:00:00,16.35,16.35,16.35,16.35,50,21100,18400.0,CE
2022-02-17 12:02:00,16.4,16.4,16.4,16.4,100,21100,18400.0,CE
2022-02-17 12:03:00,16.75,16.75,16.75,16.75,250,21100,18400.0,CE
2022-02-17 12:05:00,16.0,16.4,16.0,16.4,200,21150,18400.0,CE
2022-02-17 12:08:00,16.05,16.05,16.05,16.05,50,21150,18400.0,CE
2022-02-17 12:12:00,16.65,16.65,16.65,16.65,50,21200,18400.0,CE
2022-02-17 12:16:00,16.9,16.9,16.9,16.9,200,21200,18400.0,CE
2022-02-17 12:17:00,15.7,15.7,15.7,15.7,50,21150,18400.0,CE
2022-02-17 12:18:00,15.3,16.05,15.3,16.05,550,21350,18400.0,CE
2022-02-17 12:30:00,16.0,16.0,16.0,16.0,50,21350,18400.0,CE
2022-02-17 12:33:00,16.05,16.05,16.05,16.05,100,21100,18400.0,CE
2022-02-17 12:34:00,16.2,16.2,16.2,16.2,200,21100,18400.0,CE
2022-02-17 12:35:00,17.4,17.4,17.4,17.4,50,21100,18400.0,CE
2022-02-17 12:36:00,16.2,16.2,16.2,16.2,50,21100,18400.0,CE
2022-02-17 12:40:00,16.4,16.4,16.1,16.2,550,21000,18400.0,CE
2022-02-17 12:41:00,16.85,16.85,16.85,16.85,50,21000,18400.0,CE
2022-02-17 12:42:00,15.85,15.85,15.85,15.85,150,21000,18400.0,CE
2022-02-17 12:43:00,16.6,16.6,16.5,16.5,100,21400,18400.0,CE
2022-02-17 12:44:00,15.75,16.3,15.75,16.3,100,21400,18400.0,CE
2022-02-17 12:47:00,16.0,16.0,15.7,15.7,150,21400,18400.0,CE
2022-02-17 12:48:00,15.5,15.65,15.5,15.65,350,21450,18400.0,CE
2022-02-17 12:49:00,16.1,16.1,16.1,16.1,50,21450,18400.0,CE
2022-02-17 12:55:00,15.35,15.35,15.35,15.35,50,21550,18400.0,CE
2022-02-17 13:05:00,15.2,15.2,15.2,15.2,50,21500,18400.0,CE
2022-02-17 13:06:00,15.05,15.05,15.05,15.05,150,21500,18400.0,CE
2022-02-17 13:07:00,15.25,15.25,15.25,15.25,100,21400,18400.0,CE
2022-02-17 13:09:00,15.05,15.05,15.05,15.05,150,21400,18400.0,CE
2022-02-17 13:11:00,14.55,14.55,14.55,14.55,50,21650,18400.0,CE
2022-02-17 13:12:00,15.15,15.3,15.15,15.3,400,21600,18400.0,CE
2022-02-17 13:13:00,15.4,15.4,15.4,15.4,100,21600,18400.0,CE
2022-02-17 13:14:00,15.35,15.35,14.75,14.75,250,21600,18400.0,CE
2022-02-17 13:15:00,15.05,15.05,15.05,15.05,150,21600,18400.0,CE
2022-02-17 13:16:00,15.0,15.1,15.0,15.1,300,21650,18400.0,CE
2022-02-17 13:19:00,15.25,15.25,15.25,15.25,250,21950,18400.0,CE
2022-02-17 13:24:00,14.65,16.0,14.65,16.0,600,22000,18400.0,CE
2022-02-17 13:25:00,14.65,14.65,14.6,14.6,200,22000,18400.0,CE
2022-02-17 13:26:00,14.6,14.6,14.35,14.45,300,22000,18400.0,CE
2022-02-17 13:27:00,14.6,14.6,14.6,14.6,150,22000,18400.0,CE
2022-02-17 13:28:00,14.5,14.55,14.5,14.55,500,22000,18400.0,CE
2022-02-17 13:29:00,14.25,14.6,14.25,14.6,250,22000,18400.0,CE
2022-02-17 13:30:00,14.4,14.4,14.4,14.4,300,22000,18400.0,CE
2022-02-17 13:31:00,14.75,14.85,14.45,14.85,300,22100,18400.0,CE
2022-02-17 13:32:00,14.65,14.65,14.65,14.65,200,22100,18400.0,CE
2022-02-17 13:33:00,14.55,14.7,14.5,14.5,450,22600,18400.0,CE
2022-02-17 13:34:00,14.8,14.8,14.8,14.8,50,22600,18400.0,CE
2022-02-17 13:35:00,14.7,14.95,14.5,14.5,700,22600,18400.0,CE
2022-02-17 13:36:00,14.95,14.95,14.65,14.65,1050,23000,18400.0,CE
2022-02-17 13:37:00,14.8,14.85,14.8,14.8,400,23000,18400.0,CE
2022-02-17 13:38:00,14.95,14.95,14.65,14.65,100,23000,18400.0,CE
2022-02-17 13:39:00,14.5,14.5,14.5,14.5,950,23000,18400.0,CE
2022-02-17 13:40:00,14.75,14.75,14.75,14.75,250,23400,18400.0,CE
2022-02-17 13:41:00,14.8,14.8,14.15,14.7,400,23400,18400.0,CE
2022-02-17 13:42:00,14.2,14.95,14.2,14.85,1200,23600,18400.0,CE
2022-02-17 13:43:00,14.45,15.05,14.45,14.9,500,23600,18400.0,CE
2022-02-17 13:44:00,14.55,15.0,14.55,15.0,200,23600,18400.0,CE
2022-02-17 13:45:00,14.8,14.8,14.8,14.8,300,23600,18400.0,CE
2022-02-17 13:47:00,14.1,14.1,14.1,14.1,150,23900,18400.0,CE
2022-02-17 13:48:00,14.6,14.75,14.6,14.65,150,24000,18400.0,CE
2022-02-17 13:49:00,14.65,14.65,14.45,14.5,350,24000,18400.0,CE
2022-02-17 13:50:00,14.8,14.85,14.8,14.8,250,24000,18400.0,CE
2022-02-17 13:51:00,14.7,14.7,14.7,14.7,250,24150,18400.0,CE
2022-02-17 13:52:00,14.7,14.7,14.7,14.7,600,24150,18400.0,CE
2022-02-17 13:53:00,14.25,14.25,14.25,14.25,150,24150,18400.0,CE
2022-02-17 13:54:00,14.7,14.7,14.65,14.65,400,24150,18400.0,CE
2022-02-17 13:56:00,14.0,14.45,14.0,14.45,250,24100,18400.0,CE
2022-02-17 13:57:00,14.05,14.05,14.0,14.0,1150,24100,18400.0,CE
2022-02-17 13:58:00,13.85,13.85,13.85,13.85,50,24150,18400.0,CE
2022-02-17 14:00:00,14.0,14.0,13.8,13.8,850,24150,18400.0,CE
2022-02-17 14:01:00,14.0,14.0,14.0,14.0,250,24200,18400.0,CE
2022-02-17 14:02:00,14.0,14.0,13.5,13.75,1750,24200,18400.0,CE
2022-02-17 14:03:00,13.75,13.75,13.75,13.75,50,24200,18400.0,CE
2022-02-17 14:04:00,13.65,13.7,13.4,13.4,250,24500,18400.0,CE
2022-02-17 14:05:00,13.4,13.4,13.4,13.4,50,24500,18400.0,CE
2022-02-17 14:06:00,13.15,13.15,13.0,13.0,450,24500,18400.0,CE
2022-02-17 14:07:00,13.25,13.25,13.05,13.05,400,25250,18400.0,CE
2022-02-17 14:08:00,13.15,13.6,13.15,13.55,800,25250,18400.0,CE
2022-02-17 14:09:00,13.6,13.7,13.15,13.25,2100,25450,18400.0,CE
2022-02-17 14:10:00,13.35,13.7,13.3,13.55,900,25450,18400.0,CE
2022-02-17 14:11:00,13.45,13.6,13.15,13.6,650,25450,18400.0,CE
2022-02-17 14:13:00,13.0,13.25,13.0,13.25,300,25400,18400.0,CE
2022-02-17 14:14:00,13.2,13.2,12.8,12.8,550,25400,18400.0,CE
2022-02-17 14:15:00,12.65,12.9,12.5,12.55,3450,25750,18400.0,CE
2022-02-17 14:17:00,12.9,12.9,12.9,12.9,350,25750,18400.0,CE
2022-02-17 14:18:00,12.8,13.1,12.8,12.95,550,25750,18400.0,CE
2022-02-17 14:19:00,13.15,13.15,12.9,12.9,350,26200,18400.0,CE
2022-02-17 14:20:00,13.25,13.4,13.05,13.2,850,26200,18400.0,CE
2022-02-17 14:21:00,13.1,13.1,13.1,13.1,100,26200,18400.0,CE
2022-02-17 14:22:00,13.05,13.05,13.05,13.05,250,26200,18400.0,CE
2022-02-17 14:23:00,13.05,13.1,13.05,13.1,550,26200,18400.0,CE
2022-02-17 14:24:00,12.95,12.95,12.8,12.8,300,26600,18400.0,CE
2022-02-17 14:25:00,12.85,13.2,12.85,13.2,500,26600,18400.0,CE
2022-02-17 14:26:00,12.95,12.95,12.7,12.7,550,26600,18400.0,CE
2022-02-17 14:27:00,12.35,12.75,12.35,12.45,500,26600,18400.0,CE
2022-02-17 14:28:00,12.65,12.9,12.65,12.9,250,26750,18400.0,CE
2022-02-17 14:30:00,12.75,13.0,12.6,12.9,1600,26750,18400.0,CE
2022-02-17 14:31:00,12.9,12.9,12.5,12.8,600,26750,18400.0,CE
2022-02-17 14:32:00,12.8,12.8,12.65,12.65,550,26750,18400.0,CE
2022-02-17 14:33:00,12.7,12.85,12.55,12.85,750,26750,18400.0,CE
2022-02-17 14:34:00,12.9,12.9,12.9,12.9,300,27050,18400.0,CE
2022-02-17 14:35:00,12.95,12.95,12.95,12.95,50,27050,18400.0,CE
2022-02-17 14:36:00,13.05,13.05,13.05,13.05,150,27050,18400.0,CE
2022-02-17 14:37:00,13.1,13.4,13.05,13.05,550,28050,18400.0,CE
2022-02-17 14:38:00,13.0,13.0,12.7,12.7,550,28050,18400.0,CE
2022-02-17 14:39:00,12.95,12.95,12.95,12.95,50,28050,18400.0,CE
2022-02-17 14:40:00,12.65,12.8,12.5,12.5,1300,29150,18400.0,CE
2022-02-17 14:41:00,12.55,12.55,12.55,12.55,450,29150,18400.0,CE
2022-02-17 14:42:00,12.55,12.55,12.55,12.55,150,29150,18400.0,CE
2022-02-17 14:43:00,12.5,12.5,12.2,12.2,650,29400,18400.0,CE
2022-02-17 14:44:00,12.25,12.25,12.0,12.0,1150,29400,18400.0,CE
2022-02-17 14:46:00,12.0,12.0,12.0,12.0,150,29950,18400.0,CE
2022-02-17 14:48:00,11.75,12.45,11.75,12.45,350,29950,18400.0,CE
2022-02-17 14:51:00,11.9,11.9,11.9,11.9,100,30100,18400.0,CE
2022-02-17 14:52:00,12.25,12.25,12.25,12.25,50,30650,18400.0,CE
2022-02-17 14:53:00,11.8,11.95,11.7,11.95,1000,30650,18400.0,CE
2022-02-17 14:54:00,12.2,12.35,12.2,12.35,150,30650,18400.0,CE
2022-02-17 14:55:00,12.5,12.5,11.9,11.95,550,31550,18400.0,CE
2022-02-17 14:56:00,11.6,11.6,11.6,11.6,350,31550,18400.0,CE
2022-02-17 14:57:00,11.65,11.8,11.55,11.8,400,31550,18400.0,CE
2022-02-17 14:58:00,11.95,11.95,11.85,11.9,900,31950,18400.0,CE
2022-02-17 14:59:00,11.55,11.55,11.55,11.55,350,31950,18400.0,CE
2022-02-17 15:00:00,12.2,12.2,12.15,12.15,150,31950,18400.0,CE
2022-02-17 15:01:00,11.6,12.15,11.6,11.6,700,33300,18400.0,CE
2022-02-17 15:02:00,11.6,11.6,11.05,11.05,650,33300,18400.0,CE
2022-02-17 15:03:00,11.55,11.55,11.55,11.55,200,33300,18400.0,CE
2022-02-17 15:04:00,11.75,11.75,11.75,11.75,100,33900,18400.0,CE
2022-02-17 15:05:00,11.45,11.55,11.45,11.55,300,33900,18400.0,CE
2022-02-17 15:06:00,11.6,11.75,11.3,11.3,850,33900,18400.0,CE
2022-02-17 15:07:00,11.45,11.7,11.45,11.7,750,34200,18400.0,CE
2022-02-17 15:08:00,11.35,11.35,11.35,11.35,150,34200,18400.0,CE
2022-02-17 15:09:00,11.3,11.5,11.25,11.35,1050,34200,18400.0,CE
2022-02-17 15:10:00,11.45,11.45,11.15,11.35,250,35450,18400.0,CE
2022-02-17 15:11:00,11.0,11.05,11.0,11.05,900,35450,18400.0,CE
2022-02-17 15:12:00,10.8,10.8,10.75,10.75,500,35450,18400.0,CE
2022-02-17 15:13:00,10.75,10.95,10.7,10.7,300,36600,18400.0,CE
2022-02-17 15:14:00,10.8,10.8,10.8,10.8,600,36600,18400.0,CE
2022-02-17 15:15:00,10.3,10.85,10.3,10.8,1750,36600,18400.0,CE
2022-02-17 15:16:00,10.85,10.85,10.6,10.6,350,37300,18400.0,CE
2022-02-17 15:17:00,10.35,10.55,10.35,10.45,750,37300,18400.0,CE
2022-02-17 15:18:00,10.35,10.35,9.9,10.35,2600,37300,18400.0,CE
2022-02-17 15:19:00,10.25,10.3,10.25,10.3,1700,37300,18400.0,CE
2022-02-17 15:20:00,10.3,10.5,10.3,10.5,1400,37300,18400.0,CE
2022-02-17 15:21:00,10.5,10.5,10.2,10.45,3100,37300,18400.0,CE
2022-02-17 15:22:00,10.45,10.45,10.15,10.45,700,37250,18400.0,CE
2022-02-17 15:23:00,10.5,10.6,10.4,10.45,1500,37250,18400.0,CE
2022-02-17 15:24:00,10.6,10.6,10.5,10.55,1450,37250,18400.0,CE
2022-02-17 15:25:00,10.4,10.5,10.4,10.5,2200,37800,18400.0,CE
2022-02-17 15:26:00,10.5,10.6,10.5,10.6,600,37800,18400.0,CE
2022-02-17 15:27:00,10.7,10.8,10.2,10.3,3400,37800,18400.0,CE
2022-02-17 15:28:00,10.25,10.35,10.2,10.35,400,38650,18400.0,CE
2022-02-17 15:29:00,10.4,10.4,10.05,10.3,3250,38650,18400.0,CE
2022-02-18 09:16:00,10.7,12.65,7.55,12.45,2003,55150,18400.0,CE
2022-02-18 09:17:00,12.45,12.45,12.25,12.25,850,54900,18400.0,CE
2022-02-18 09:18:00,12.6,13.05,12.6,13.05,2550,54900,18400.0,CE
2022-02-18 09:19:00,12.95,12.95,12.2,12.2,2250,54900,18400.0,CE
2022-02-18 09:20:00,12.45,12.45,12.0,12.35,5350,54750,18400.0,CE
2022-02-18 09:21:00,12.2,12.4,12.1,12.25,3200,54750,18400.0,CE
2022-02-18 09:22:00,12.1,12.5,12.1,12.45,4000,54750,18400.0,CE
2022-02-18 09:23:00,12.45,12.45,12.25,12.25,2000,54750,18400.0,CE
2022-02-18 09:24:00,12.2,12.2,11.9,11.9,1250,54750,18400.0,CE
2022-02-18 09:25:00,11.95,11.95,11.5,11.85,1350,54750,18400.0,CE
2022-02-18 09:26:00,12.05,12.05,11.9,11.9,550,53250,18400.0,CE
2022-02-18 09:27:00,11.95,12.1,11.65,11.65,1100,53250,18400.0,CE
2022-02-18 09:28:00,11.9,12.05,11.8,11.8,1050,53250,18400.0,CE
2022-02-18 09:29:00,11.9,12.05,11.9,12.05,950,52950,18400.0,CE
2022-02-18 09:30:00,12.15,12.4,12.15,12.4,900,52950,18400.0,CE
2022-02-18 09:31:00,12.4,12.9,12.4,12.9,950,52950,18400.0,CE
2022-02-18 09:32:00,13.05,13.15,13.0,13.15,700,53400,18400.0,CE
2022-02-18 09:33:00,13.2,13.7,13.2,13.7,4900,53400,18400.0,CE
2022-02-18 09:34:00,13.5,13.5,13.2,13.5,2000,53400,18400.0,CE
2022-02-18 09:35:00,13.65,13.65,12.85,12.9,1050,54050,18400.0,CE
2022-02-18 09:36:00,12.8,12.9,12.45,12.55,1300,54050,18400.0,CE
2022-02-18 09:37:00,12.35,12.35,12.05,12.05,1300,54050,18400.0,CE
2022-02-18 09:38:00,11.9,12.4,11.9,12.05,4150,54550,18400.0,CE
2022-02-18 09:39:00,12.2,12.25,12.2,12.25,100,54550,18400.0,CE
2022-02-18 09:40:00,12.3,12.3,12.15,12.25,300,54550,18400.0,CE
2022-02-18 09:41:00,12.2,12.45,12.05,12.45,2150,54900,18400.0,CE
2022-02-18 09:42:00,12.45,12.6,12.4,12.6,3100,54900,18400.0,CE
2022-02-18 09:43:00,12.45,12.6,12.3,12.3,250,54900,18400.0,CE
2022-02-18 09:44:00,12.25,12.25,12.0,12.0,1950,57200,18400.0,CE
2022-02-18 09:45:00,12.1,12.1,12.0,12.1,1950,57200,18400.0,CE
2022-02-18 09:46:00,11.75,12.1,11.75,12.0,1650,57200,18400.0,CE
2022-02-18 09:47:00,12.0,12.0,11.95,12.0,950,57200,18400.0,CE
2022-02-18 09:48:00,12.15,12.3,12.15,12.3,700,55700,18400.0,CE
2022-02-18 09:49:00,12.45,12.45,12.1,12.4,1150,55700,18400.0,CE
2022-02-18 09:50:00,12.5,12.8,12.4,12.4,2000,55150,18400.0,CE
2022-02-18 09:51:00,12.35,12.35,12.05,12.15,2050,55150,18400.0,CE
2022-02-18 09:52:00,12.4,12.4,12.1,12.4,400,55150,18400.0,CE
2022-02-18 09:53:00,12.3,12.3,12.0,12.15,1950,55300,18400.0,CE
2022-02-18 09:54:00,12.2,12.3,12.2,12.25,1050,55300,18400.0,CE
2022-02-18 09:55:00,12.35,12.35,11.8,11.95,1400,55300,18400.0,CE
2022-02-18 09:56:00,12.2,12.2,12.1,12.1,900,56750,18400.0,CE
2022-02-18 09:57:00,11.95,12.55,11.95,12.45,2300,56750,18400.0,CE
2022-02-18 09:58:00,12.35,12.35,12.35,12.35,150,56750,18400.0,CE
2022-02-18 09:59:00,12.45,12.6,12.45,12.6,250,56600,18400.0,CE
2022-02-18 10:00:00,12.55,12.6,12.55,12.55,750,56600,18400.0,CE
2022-02-18 10:01:00,12.8,12.9,12.7,12.9,900,56600,18400.0,CE
2022-02-18 10:02:00,12.7,12.75,12.7,12.75,300,56050,18400.0,CE
2022-02-18 10:03:00,12.7,12.75,12.7,12.75,200,56050,18400.0,CE
2022-02-18 10:04:00,13.0,13.05,13.0,13.05,150,56050,18400.0,CE
2022-02-18 10:05:00,13.25,13.25,13.2,13.2,150,55350,18400.0,CE
2022-02-18 10:06:00,13.05,13.1,12.75,12.85,1550,55350,18400.0,CE
2022-02-18 10:07:00,12.5,12.6,12.35,12.35,250,55350,18400.0,CE
2022-02-18 10:08:00,12.4,12.65,12.35,12.55,450,56600,18400.0,CE
2022-02-18 10:09:00,12.6,12.85,12.6,12.85,600,56600,18400.0,CE
2022-02-18 10:10:00,13.05,13.05,12.7,12.8,1950,56600,18400.0,CE
2022-02-18 10:11:00,12.85,13.1,12.8,13.05,1450,56550,18400.0,CE
2022-02-18 10:12:00,12.8,12.8,12.7,12.7,150,56550,18400.0,CE
2022-02-18 10:13:00,12.55,12.7,12.55,12.55,1100,56550,18400.0,CE
2022-02-18 10:14:00,12.25,12.3,12.2,12.2,300,57750,18400.0,CE
2022-02-18 10:15:00,12.25,12.5,12.25,12.5,100,57750,18400.0,CE
2022-02-18 10:16:00,12.1,12.1,12.1,12.1,50,57750,18400.0,CE
2022-02-18 10:17:00,12.55,12.55,12.55,12.55,100,58350,18400.0,CE
2022-02-18 10:18:00,13.0,13.0,12.5,12.5,600,58350,18400.0,CE
2022-02-18 10:19:00,12.45,12.65,12.45,12.65,100,58350,18400.0,CE
2022-02-18 10:20:00,12.75,12.75,12.6,12.6,700,58350,18400.0,CE
2022-02-18 10:21:00,12.8,12.8,12.8,12.8,150,58200,18400.0,CE
2022-02-18 10:23:00,12.7,12.7,12.7,12.7,250,58200,18400.0,CE
2022-02-18 10:24:00,12.95,12.95,12.5,12.5,450,57100,18400.0,CE
2022-02-18 10:25:00,12.75,12.75,12.75,12.75,50,57100,18400.0,CE
2022-02-18 10:27:00,12.5,12.5,12.4,12.5,500,56900,18400.0,CE
2022-02-18 10:28:00,12.5,12.5,12.5,12.5,50,56900,18400.0,CE
2022-02-18 10:29:00,12.25,12.45,12.25,12.45,350,56900,18400.0,CE
2022-02-18 10:30:00,12.7,12.7,12.3,12.45,550,56400,18400.0,CE
2022-02-18 10:31:00,12.7,12.7,12.7,12.7,100,56400,18400.0,CE
2022-02-18 10:32:00,12.35,12.45,12.35,12.45,350,56400,18400.0,CE
2022-02-18 10:33:00,12.5,12.5,12.5,12.5,600,56200,18400.0,CE
2022-02-18 10:36:00,12.35,12.55,12.35,12.55,250,56650,18400.0,CE
2022-02-18 10:37:00,12.5,12.5,12.4,12.4,1950,56650,18400.0,CE
2022-02-18 10:38:00,12.45,12.45,12.45,12.45,300,55800,18400.0,CE
2022-02-18 10:39:00,12.45,12.45,12.45,12.45,100,55800,18400.0,CE
2022-02-18 10:40:00,12.3,12.5,12.25,12.5,550,55800,18400.0,CE
2022-02-18 10:41:00,12.6,12.6,12.4,12.4,350,55800,18400.0,CE
2022-02-18 10:43:00,12.3,12.3,12.1,12.1,500,56100,18400.0,CE
2022-02-18 10:44:00,12.0,12.1,11.95,12.1,2350,56100,18400.0,CE
2022-02-18 10:45:00,11.95,12.0,11.95,12.0,200,56900,18400.0,CE
2022-02-18 10:46:00,12.2,12.2,12.0,12.0,2300,56900,18400.0,CE
2022-02-18 10:47:00,12.05,12.2,12.05,12.1,550,56900,18400.0,CE
2022-02-18 10:48:00,12.1,12.1,12.1,12.1,50,58700,18400.0,CE
2022-02-18 10:49:00,12.3,12.3,12.3,12.3,50,58700,18400.0,CE
2022-02-18 10:51:00,11.95,11.95,11.55,11.55,2250,58750,18400.0,CE
2022-02-18 10:53:00,11.6,11.65,11.6,11.6,550,58750,18400.0,CE
2022-02-18 10:54:00,11.6,11.6,11.55,11.55,450,60700,18400.0,CE
2022-02-18 10:55:00,11.5,11.65,11.5,11.65,200,60700,18400.0,CE
2022-02-18 10:56:00,11.75,12.05,11.75,12.05,200,60550,18400.0,CE
2022-02-18 10:57:00,12.05,12.05,11.75,11.8,250,60550,18400.0,CE
2022-02-18 10:58:00,11.75,11.75,11.75,11.75,50,60550,18400.0,CE
2022-02-18 10:59:00,11.95,11.95,11.95,11.95,150,60550,18400.0,CE
2022-02-18 11:00:00,12.15,12.35,12.1,12.35,1650,60550,18400.0,CE
2022-02-18 11:01:00,12.5,12.5,12.4,12.5,550,60550,18400.0,CE
2022-02-18 11:02:00,12.4,12.5,12.4,12.45,700,60550,18400.0,CE
2022-02-18 11:03:00,12.45,12.5,12.45,12.45,650,60600,18400.0,CE
2022-02-18 11:04:00,12.4,12.4,12.2,12.3,1450,60600,18400.0,CE
2022-02-18 11:05:00,12.3,12.45,12.3,12.45,900,60600,18400.0,CE
2022-02-18 11:06:00,12.55,12.7,12.45,12.45,2100,60100,18400.0,CE
2022-02-18 11:08:00,12.4,12.4,12.4,12.4,50,60100,18400.0,CE
2022-02-18 11:10:00,12.25,12.25,12.25,12.25,500,61600,18400.0,CE
2022-02-18 11:11:00,12.05,12.3,12.05,12.3,650,61600,18400.0,CE
2022-02-18 11:13:00,12.7,12.7,12.55,12.55,200,61350,18400.0,CE
2022-02-18 11:14:00,12.6,12.65,12.6,12.65,500,61900,18400.0,CE
2022-02-18 11:15:00,12.65,12.8,12.55,12.55,700,61900,18400.0,CE
2022-02-18 11:16:00,12.55,12.55,12.45,12.5,600,61900,18400.0,CE
2022-02-18 11:17:00,12.45,12.45,12.4,12.4,100,61900,18400.0,CE
2022-02-18 11:18:00,12.75,12.8,12.75,12.8,200,60450,18400.0,CE
2022-02-18 11:19:00,12.75,12.75,12.65,12.65,350,60450,18400.0,CE
2022-02-18 11:20:00,12.8,12.8,12.55,12.65,800,60450,18400.0,CE
2022-02-18 11:21:00,12.55,12.95,12.55,12.95,2700,60400,18400.0,CE
2022-02-18 11:22:00,13.0,13.0,12.75,12.75,1300,60400,18400.0,CE
2022-02-18 11:23:00,12.7,12.7,12.7,12.7,100,59300,18400.0,CE
2022-02-18 11:24:00,12.45,12.45,12.45,12.45,200,59300,18400.0,CE
2022-02-18 11:25:00,12.6,12.6,12.35,12.35,350,59300,18400.0,CE
2022-02-18 11:26:00,12.35,12.35,12.25,12.25,2750,59300,18400.0,CE
2022-02-18 11:27:00,12.25,12.5,12.25,12.5,4300,54050,18400.0,CE
2022-02-18 11:28:00,12.35,12.35,12.1,12.1,2700,54050,18400.0,CE
2022-02-18 11:29:00,12.15,12.4,12.0,12.4,2500,54050,18400.0,CE
2022-02-18 11:30:00,12.4,12.45,12.25,12.25,2300,50800,18400.0,CE
2022-02-18 11:31:00,12.4,12.5,12.4,12.4,150,50800,18400.0,CE
2022-02-18 11:32:00,12.2,12.4,12.2,12.4,250,50800,18400.0,CE
2022-02-18 11:33:00,12.25,12.25,12.2,12.25,650,50100,18400.0,CE
2022-02-18 11:34:00,12.15,12.2,12.1,12.2,900,50100,18400.0,CE
2022-02-18 11:35:00,12.3,12.3,12.3,12.3,50,50100,18400.0,CE
2022-02-18 11:36:00,12.4,12.4,12.35,12.35,100,50050,18400.0,CE
2022-02-18 11:38:00,12.25,12.25,12.25,12.25,50,50050,18400.0,CE
2022-02-18 11:39:00,12.35,12.35,12.35,12.35,50,50100,18400.0,CE
2022-02-18 11:40:00,12.05,12.05,12.05,12.05,50,50100,18400.0,CE
2022-02-18 11:41:00,12.0,12.0,11.85,11.85,1000,50100,18400.0,CE
2022-02-18 11:42:00,11.75,11.95,11.75,11.95,450,49250,18400.0,CE
2022-02-18 11:43:00,12.2,12.2,12.2,12.2,50,49250,18400.0,CE
2022-02-18 11:44:00,12.2,12.2,12.1,12.1,100,49250,18400.0,CE
2022-02-18 11:45:00,12.15,12.15,12.15,12.15,50,49500,18400.0,CE
2022-02-18 11:46:00,12.05,12.05,12.05,12.05,350,49500,18400.0,CE
2022-02-18 11:48:00,12.35,12.35,12.25,12.25,250,49900,18400.0,CE
2022-02-18 11:49:00,12.25,12.25,12.15,12.15,150,49900,18400.0,CE
2022-02-18 11:50:00,12.2,12.25,12.2,12.25,100,49900,18400.0,CE
2022-02-18 11:51:00,12.25,12.25,12.15,12.15,200,49850,18400.0,CE
2022-02-18 11:52:00,12.15,12.15,12.05,12.05,150,49850,18400.0,CE
2022-02-18 11:53:00,12.1,12.1,12.1,12.1,50,49850,18400.0,CE
2022-02-18 11:54:00,12.1,12.1,12.0,12.0,100,50000,18400.0,CE
2022-02-18 11:55:00,11.95,11.95,11.95,11.95,50,50000,18400.0,CE
2022-02-18 11:58:00,11.85,11.85,11.85,11.85,300,50050,18400.0,CE
2022-02-18 11:59:00,11.65,11.75,11.65,11.7,600,50050,18400.0,CE
2022-02-18 12:00:00,11.8,12.0,11.8,12.0,100,49550,18400.0,CE
2022-02-18 12:01:00,12.0,12.0,11.9,11.9,100,49550,18400.0,CE
2022-02-18 12:02:00,11.95,11.95,11.8,11.85,300,49550,18400.0,CE
2022-02-18 12:03:00,11.8,12.05,11.8,12.05,450,49500,18400.0,CE
2022-02-18 12:04:00,11.8,11.8,11.55,11.55,150,49500,18400.0,CE
2022-02-18 12:05:00,11.7,11.7,11.45,11.6,1850,49500,18400.0,CE
2022-02-18 12:06:00,11.5,11.6,11.5,11.5,1850,50700,18400.0,CE
2022-02-18 12:07:00,11.5,11.5,11.3,11.3,950,50700,18400.0,CE
2022-02-18 12:08:00,11.4,11.5,11.4,11.5,1000,50700,18400.0,CE
2022-02-18 12:09:00,11.55,11.55,11.45,11.5,500,52450,18400.0,CE
2022-02-18 12:10:00,11.55,11.6,11.55,11.55,1400,52450,18400.0,CE
2022-02-18 12:11:00,11.75,11.85,11.7,11.7,1250,52450,18400.0,CE
2022-02-18 12:14:00,11.7,11.7,11.7,11.7,150,53600,18400.0,CE
2022-02-18 12:15:00,11.55,11.55,11.45,11.5,1400,53450,18400.0,CE
2022-02-18 12:17:00,11.7,11.75,11.5,11.5,450,53450,18400.0,CE
2022-02-18 12:19:00,11.6,11.65,11.6,11.65,250,54400,18400.0,CE
2022-02-18 12:20:00,11.5,11.5,11.35,11.35,600,54400,18400.0,CE
2022-02-18 12:21:00,11.35,11.4,11.3,11.4,300,54650,18400.0,CE
2022-02-18 12:22:00,11.35,11.35,11.2,11.25,1450,54650,18400.0,CE
2022-02-18 12:23:00,11.3,11.3,11.2,11.25,550,54650,18400.0,CE
2022-02-18 12:24:00,11.3,11.3,11.2,11.3,150,55550,18400.0,CE
2022-02-18 12:25:00,11.35,11.35,11.35,11.35,250,55550,18400.0,CE
2022-02-18 12:26:00,11.35,11.35,11.15,11.15,300,55550,18400.0,CE
2022-02-18 12:27:00,11.1,11.1,11.1,11.1,1250,55700,18400.0,CE
2022-02-18 12:28:00,11.1,11.1,11.1,11.1,200,55700,18400.0,CE
2022-02-18 12:29:00,11.1,11.1,10.95,11.0,1650,55700,18400.0,CE
2022-02-18 12:30:00,11.05,11.05,10.8,10.9,1050,56550,18400.0,CE
2022-02-18 12:31:00,10.95,11.0,10.95,11.0,700,56550,18400.0,CE
2022-02-18 12:32:00,10.9,10.95,10.8,10.8,450,56550,18400.0,CE
2022-02-18 12:33:00,10.8,10.85,10.8,10.85,1900,56250,18400.0,CE
2022-02-18 12:34:00,10.9,10.9,10.9,10.9,400,56250,18400.0,CE
2022-02-18 12:35:00,10.9,10.9,10.9,10.9,50,56250,18400.0,CE
2022-02-18 12:36:00,10.9,10.95,10.9,10.95,200,55550,18400.0,CE
2022-02-18 12:37:00,10.95,11.0,10.9,11.0,1100,55550,18400.0,CE
2022-02-18 12:38:00,10.95,10.95,10.8,10.8,950,55550,18400.0,CE
2022-02-18 12:39:00,10.8,10.85,10.8,10.8,650,54850,18400.0,CE
2022-02-18 12:40:00,10.9,11.1,10.9,11.1,2100,54850,18400.0,CE
2022-02-18 12:41:00,11.1,11.2,11.1,11.2,600,54850,18400.0,CE
2022-02-18 12:42:00,11.05,11.05,11.05,11.05,100,56050,18400.0,CE
2022-02-18 12:43:00,11.1,11.25,11.1,11.25,1550,56050,18400.0,CE
2022-02-18 12:44:00,11.25,11.45,11.2,11.45,400,56050,18400.0,CE
2022-02-18 12:45:00,11.5,11.55,11.45,11.55,350,57000,18400.0,CE
2022-02-18 12:46:00,11.55,11.55,11.55,11.55,50,57000,18400.0,CE
2022-02-18 12:47:00,11.3,11.35,11.3,11.35,100,57000,18400.0,CE
2022-02-18 12:48:00,11.45,11.45,11.45,11.45,100,57100,18400.0,CE
2022-02-18 12:49:00,11.45,11.6,11.45,11.55,250,57100,18400.0,CE
2022-02-18 12:50:00,11.7,11.7,11.6,11.6,150,57100,18400.0,CE
2022-02-18 12:51:00,11.45,11.55,11.45,11.55,250,57100,18400.0,CE
2022-02-18 12:52:00,11.4,11.45,11.4,11.4,1000,57100,18400.0,CE
2022-02-18 12:53:00,11.2,11.35,11.1,11.2,400,57100,18400.0,CE
2022-02-18 12:54:00,11.2,11.2,10.9,10.9,750,58250,18400.0,CE
2022-02-18 12:55:00,11.05,11.35,11.0,11.35,300,58250,18400.0,CE
2022-02-18 12:56:00,11.45,11.45,11.45,11.45,300,58250,18400.0,CE
2022-02-18 12:57:00,11.4,11.6,11.4,11.6,300,58150,18400.0,CE
2022-02-18 12:58:00,11.55,11.6,11.55,11.6,150,58150,18400.0,CE
2022-02-18 12:59:00,11.7,11.7,11.7,11.7,150,58150,18400.0,CE
2022-02-18 13:00:00,11.65,11.85,11.6,11.85,2050,58250,18400.0,CE
2022-02-18 13:01:00,11.5,11.5,11.5,11.5,50,58250,18400.0,CE
2022-02-18 13:02:00,11.65,11.65,11.45,11.45,650,58250,18400.0,CE
2022-02-18 13:03:00,11.35,11.35,11.2,11.2,200,56700,18400.0,CE
2022-02-18 13:04:00,11.45,11.45,11.15,11.15,400,56700,18400.0,CE
2022-02-18 13:05:00,11.1,11.55,11.1,11.55,450,56700,18400.0,CE
2022-02-18 13:06:00,11.65,11.65,11.65,11.65,100,56900,18400.0,CE
2022-02-18 13:07:00,11.6,11.6,11.6,11.6,550,56900,18400.0,CE
2022-02-18 13:08:00,11.5,11.5,11.45,11.45,150,56900,18400.0,CE
2022-02-18 13:09:00,11.55,11.55,11.35,11.4,300,58000,18400.0,CE
2022-02-18 13:10:00,11.45,11.55,11.4,11.5,1100,58000,18400.0,CE
2022-02-18 13:11:00,11.55,11.55,11.45,11.45,150,58000,18400.0,CE
2022-02-18 13:12:00,11.25,11.35,11.25,11.35,300,57400,18400.0,CE
2022-02-18 13:13:00,11.2,11.4,11.2,11.25,250,57400,18400.0,CE
2022-02-18 13:14:00,11.25,11.25,11.15,11.15,850,57400,18400.0,CE
2022-02-18 13:15:00,11.15,11.35,11.1,11.1,1450,58000,18400.0,CE
2022-02-18 13:16:00,11.45,11.45,11.35,11.35,250,58000,18400.0,CE
2022-02-18 13:17:00,11.65,11.65,11.6,11.6,250,58000,18400.0,CE
2022-02-18 13:18:00,11.65,11.65,11.6,11.6,150,58400,18400.0,CE
2022-02-18 13:19:00,11.7,11.7,11.55,11.55,650,58400,18400.0,CE
2022-02-18 13:20:00,11.7,11.75,11.65,11.75,550,58400,18400.0,CE
2022-02-18 13:21:00,11.7,11.7,11.55,11.55,450,58600,18400.0,CE
2022-02-18 13:22:00,11.7,11.7,11.55,11.55,200,58600,18400.0,CE
2022-02-18 13:25:00,11.1,11.3,11.0,11.3,850,57450,18400.0,CE
2022-02-18 13:26:00,11.3,11.3,11.25,11.25,350,57450,18400.0,CE
2022-02-18 13:27:00,11.15,11.2,11.1,11.1,800,55900,18400.0,CE
2022-02-18 13:28:00,11.1,11.3,11.05,11.25,2850,55900,18400.0,CE
2022-02-18 13:29:00,11.35,11.35,11.25,11.35,600,55900,18400.0,CE
2022-02-18 13:30:00,11.35,11.55,11.3,11.55,200,55900,18400.0,CE
2022-02-18 13:31:00,11.2,11.2,11.0,11.15,3350,56200,18400.0,CE
2022-02-18 13:32:00,11.25,11.6,11.25,11.6,250,56200,18400.0,CE
2022-02-18 13:33:00,11.55,11.55,11.3,11.3,400,57900,18400.0,CE
2022-02-18 13:34:00,11.45,11.45,11.1,11.1,400,57900,18400.0,CE
2022-02-18 13:35:00,11.1,11.1,11.1,11.1,1000,57900,18400.0,CE
2022-02-18 13:36:00,11.15,11.15,10.8,10.8,650,56950,18400.0,CE
2022-02-18 13:37:00,10.9,11.0,10.9,10.9,400,56950,18400.0,CE
2022-02-18 13:38:00,10.9,10.9,10.7,10.7,650,56950,18400.0,CE
2022-02-18 13:39:00,10.7,10.75,10.6,10.75,1100,55850,18400.0,CE
2022-02-18 13:40:00,10.7,10.7,10.7,10.7,50,55850,18400.0,CE
2022-02-18 13:41:00,10.65,10.65,10.4,10.55,250,55850,18400.0,CE
2022-02-18 13:42:00,10.5,10.7,10.4,10.7,300,57000,18400.0,CE
2022-02-18 13:43:00,10.6,10.75,10.6,10.75,600,57000,18400.0,CE
2022-02-18 13:44:00,10.65,10.65,10.65,10.65,200,57000,18400.0,CE
2022-02-18 13:45:00,10.45,10.45,10.45,10.45,150,57050,18400.0,CE
2022-02-18 13:46:00,10.4,10.4,10.3,10.3,2000,57050,18400.0,CE
2022-02-18 13:47:00,10.4,10.4,10.3,10.3,1400,57050,18400.0,CE
2022-02-18 13:48:00,10.45,10.45,10.45,10.45,150,57050,18400.0,CE
2022-02-18 13:49:00,10.5,10.5,10.45,10.45,1000,56950,18400.0,CE
2022-02-18 13:50:00,10.45,10.45,10.45,10.45,200,56950,18400.0,CE
2022-02-18 13:51:00,10.5,10.5,10.5,10.5,50,56950,18400.0,CE
2022-02-18 13:52:00,10.5,10.5,10.4,10.4,1050,56300,18400.0,CE
2022-02-18 13:53:00,10.5,10.55,10.5,10.55,250,56300,18400.0,CE
2022-02-18 13:54:00,10.5,10.5,10.35,10.5,800,55150,18400.0,CE
2022-02-18 13:55:00,10.5,10.5,10.5,10.5,50,55150,18400.0,CE
2022-02-18 13:56:00,10.5,10.5,10.5,10.5,150,55150,18400.0,CE
2022-02-18 13:57:00,10.8,10.8,10.55,10.55,250,54400,18400.0,CE
2022-02-18 13:58:00,10.5,10.6,10.5,10.6,300,54400,18400.0,CE
2022-02-18 14:00:00,10.7,10.75,10.7,10.75,100,54250,18400.0,CE
2022-02-18 14:01:00,10.75,10.75,10.75,10.75,50,54250,18400.0,CE
2022-02-18 14:02:00,10.65,10.65,10.55,10.6,150,54250,18400.0,CE
2022-02-18 14:03:00,10.6,10.6,10.45,10.45,650,54100,18400.0,CE
2022-02-18 14:04:00,10.45,10.45,10.05,10.05,350,54100,18400.0,CE
2022-02-18 14:05:00,10.0,10.1,10.0,10.1,550,54100,18400.0,CE
2022-02-18 14:06:00,10.25,10.25,10.2,10.2,450,54200,18400.0,CE
2022-02-18 14:07:00,10.3,10.3,10.05,10.05,400,54200,18400.0,CE
2022-02-18 14:08:00,9.95,9.95,9.85,9.85,550,54200,18400.0,CE
2022-02-18 14:09:00,10.0,10.0,9.95,9.95,1350,54600,18400.0,CE
2022-02-18 14:10:00,9.9,9.9,9.85,9.85,400,54600,18400.0,CE
2022-02-18 14:11:00,9.75,9.75,9.75,9.75,50,54600,18400.0,CE
2022-02-18 14:12:00,9.75,9.8,9.7,9.8,1650,53600,18400.0,CE
2022-02-18 14:13:00,9.85,9.85,9.85,9.85,50,53600,18400.0,CE
2022-02-18 14:14:00,9.8,9.8,9.4,9.5,8050,53600,18400.0,CE
2022-02-18 14:15:00,9.5,9.6,9.35,9.5,750,53300,18400.0,CE
2022-02-18 14:16:00,9.65,9.85,9.55,9.85,800,53300,18400.0,CE
2022-02-18 14:17:00,9.6,9.6,9.45,9.6,750,53300,18400.0,CE
2022-02-18 14:18:00,9.75,9.75,9.65,9.65,600,53300,18400.0,CE
2022-02-18 14:19:00,9.25,9.3,9.1,9.15,550,53500,18400.0,CE
2022-02-18 14:20:00,9.15,9.15,8.95,9.0,1650,53500,18400.0,CE
2022-02-18 14:21:00,9.3,9.3,8.75,9.0,900,53350,18400.0,CE
2022-02-18 14:22:00,9.25,9.4,9.2,9.2,300,53350,18400.0,CE
2022-02-18 14:23:00,9.0,9.15,9.0,9.15,200,53350,18400.0,CE
2022-02-18 14:24:00,9.05,9.05,9.0,9.0,300,49450,18400.0,CE
2022-02-18 14:25:00,9.0,9.4,9.0,9.4,450,49450,18400.0,CE
2022-02-18 14:26:00,9.3,9.35,9.2,9.25,750,49450,18400.0,CE
2022-02-18 14:27:00,9.25,9.35,9.25,9.3,900,49300,18400.0,CE
2022-02-18 14:28:00,9.4,9.4,9.3,9.3,700,49300,18400.0,CE
2022-02-18 14:29:00,9.3,9.3,9.3,9.3,600,49300,18400.0,CE
2022-02-18 14:30:00,9.3,9.35,9.25,9.35,350,49150,18400.0,CE
2022-02-18 14:31:00,9.2,9.2,9.0,9.15,500,49150,18400.0,CE
2022-02-18 14:32:00,9.2,9.3,9.15,9.2,300,49150,18400.0,CE
2022-02-18 14:33:00,9.1,9.1,8.8,9.05,800,49350,18400.0,CE
2022-02-18 14:34:00,9.0,9.0,8.95,8.95,650,49350,18400.0,CE
2022-02-18 14:35:00,9.0,9.15,9.0,9.15,350,49350,18400.0,CE
2022-02-18 14:36:00,9.15,9.15,9.15,9.15,500,49350,18400.0,CE
2022-02-18 14:37:00,9.25,9.25,9.1,9.1,100,49250,18400.0,CE
2022-02-18 14:38:00,9.0,9.0,8.95,8.95,200,49250,18400.0,CE
2022-02-18 14:39:00,9.05,9.05,9.0,9.0,250,48900,18400.0,CE
2022-02-18 14:40:00,8.8,9.05,8.8,9.05,200,48900,18400.0,CE
2022-02-18 14:41:00,9.1,9.1,9.1,9.1,1050,48900,18400.0,CE
2022-02-18 14:42:00,9.15,9.2,8.8,8.8,450,49350,18400.0,CE
2022-02-18 14:43:00,8.75,9.05,8.75,9.05,150,49350,18400.0,CE
2022-02-18 14:45:00,8.75,8.75,8.75,8.75,200,49350,18400.0,CE
2022-02-18 14:46:00,8.8,8.85,8.65,8.65,2000,49600,18400.0,CE
2022-02-18 14:47:00,8.75,8.75,8.6,8.7,2650,49600,18400.0,CE
2022-02-18 14:48:00,8.75,8.75,8.55,8.55,1300,52350,18400.0,CE
2022-02-18 14:49:00,8.75,8.75,8.75,8.75,100,52350,18400.0,CE
2022-02-18 14:50:00,8.75,8.75,8.75,8.75,50,52350,18400.0,CE
2022-02-18 14:51:00,8.7,8.7,8.6,8.65,1950,52450,18400.0,CE
2022-02-18 14:53:00,8.5,8.65,8.5,8.65,200,52450,18400.0,CE
2022-02-18 14:54:00,8.8,8.8,8.75,8.8,500,52500,18400.0,CE
2022-02-18 14:55:00,8.75,8.75,8.75,8.75,700,52500,18400.0,CE
2022-02-18 14:56:00,8.7,9.0,8.7,8.85,1150,52500,18400.0,CE
2022-02-18 14:57:00,8.8,8.8,8.8,8.8,50,52500,18400.0,CE
2022-02-18 14:58:00,8.75,8.85,8.75,8.85,200,53550,18400.0,CE
2022-02-18 15:00:00,8.5,8.65,8.5,8.65,650,53550,18400.0,CE
2022-02-18 15:01:00,8.8,8.8,8.7,8.7,700,53550,18400.0,CE
2022-02-18 15:02:00,8.95,9.05,8.9,8.9,1900,53550,18400.0,CE
2022-02-18 15:03:00,8.9,8.95,8.9,8.9,200,54450,18400.0,CE
2022-02-18 15:04:00,8.65,8.85,8.65,8.85,350,54450,18400.0,CE
2022-02-18 15:05:00,8.85,8.85,8.65,8.65,2450,54450,18400.0,CE
2022-02-18 15:06:00,8.55,8.6,8.55,8.55,700,54450,18400.0,CE
2022-02-18 15:07:00,8.6,8.6,8.6,8.6,100,56150,18400.0,CE
2022-02-18 15:08:00,8.6,8.6,8.5,8.6,2250,56150,18400.0,CE
2022-02-18 15:09:00,8.5,8.6,8.5,8.6,1050,56150,18400.0,CE
2022-02-18 15:10:00,8.5,8.6,8.45,8.55,900,58200,18400.0,CE
2022-02-18 15:11:00,8.45,8.55,8.4,8.4,450,58200,18400.0,CE
2022-02-18 15:12:00,8.65,8.65,8.55,8.65,650,58200,18400.0,CE
2022-02-18 15:13:00,8.7,8.7,8.65,8.65,400,58200,18400.0,CE
2022-02-18 15:14:00,8.6,8.6,8.5,8.5,400,58200,18400.0,CE
2022-02-18 15:15:00,8.5,8.5,8.35,8.35,200,58650,18400.0,CE
2022-02-18 15:16:00,8.4,8.45,8.4,8.45,900,58650,18400.0,CE
2022-02-18 15:17:00,8.35,8.4,8.2,8.25,2200,58650,18400.0,CE
2022-02-18 15:18:00,8.25,8.25,8.2,8.2,400,60200,18400.0,CE
2022-02-18 15:19:00,8.1,8.1,8.1,8.1,1000,60200,18400.0,CE
2022-02-18 15:20:00,8.1,8.1,8.1,8.1,300,60200,18400.0,CE
2022-02-18 15:21:00,8.2,8.2,8.2,8.2,100,61150,18400.0,CE
2022-02-18 15:22:00,8.2,8.25,8.2,8.25,2600,61150,18400.0,CE
2022-02-18 15:23:00,8.3,8.45,8.3,8.3,650,61150,18400.0,CE
2022-02-18 15:24:00,8.45,8.55,8.4,8.5,900,62850,18400.0,CE
2022-02-18 15:25:00,8.5,8.5,8.15,8.15,1500,62850,18400.0,CE
2022-02-18 15:26:00,8.35,8.35,8.3,8.3,350,62850,18400.0,CE
2022-02-18 15:27:00,8.35,8.35,8.3,8.3,1050,62850,18400.0,CE
2022-02-18 15:28:00,8.35,8.35,8.25,8.25,1200,61200,18400.0,CE
2022-02-18 15:29:00,8.25,9.45,8.15,9.45,2500,61200,18400.0,CE
2022-02-21 09:15:00,6.45,8.75,6.4,7.0,2152,58200,18400.0,CE
2022-02-21 09:16:00,6.9,7.0,6.7,6.8,5300,58200,18400.0,CE
2022-02-21 09:17:00,6.85,6.85,6.65,6.65,1650,59100,18400.0,CE
2022-02-21 09:18:00,6.55,6.7,6.5,6.5,1700,59100,18400.0,CE
2022-02-21 09:19:00,6.35,6.5,6.3,6.35,3650,59100,18400.0,CE
2022-02-21 09:20:00,6.3,6.35,6.25,6.35,750,59400,18400.0,CE
2022-02-21 09:21:00,6.3,6.35,6.3,6.35,750,59400,18400.0,CE
2022-02-21 09:22:00,6.3,6.3,6.25,6.3,1850,59400,18400.0,CE
2022-02-21 09:23:00,6.3,6.3,6.0,6.25,5300,59400,18400.0,CE
2022-02-21 09:24:00,6.25,6.25,6.15,6.2,2000,59400,18400.0,CE
2022-02-21 09:25:00,6.2,6.25,6.0,6.1,1300,59400,18400.0,CE
2022-02-21 09:26:00,6.05,6.1,6.0,6.0,3800,59300,18400.0,CE
2022-02-21 09:27:00,6.1,6.1,6.0,6.1,3650,59300,18400.0,CE
2022-02-21 09:28:00,6.1,6.1,5.95,5.95,3450,59300,18400.0,CE
2022-02-21 09:29:00,5.95,5.95,5.95,5.95,700,64700,18400.0,CE
2022-02-21 09:30:00,5.95,5.95,5.75,5.9,2900,64700,18400.0,CE
2022-02-21 09:31:00,6.05,6.1,5.95,6.05,2100,64700,18400.0,CE
2022-02-21 09:32:00,6.0,6.1,5.9,6.0,1500,65150,18400.0,CE
2022-02-21 09:33:00,6.0,6.05,5.95,5.95,400,65150,18400.0,CE
2022-02-21 09:34:00,6.0,6.0,5.7,5.7,5400,65150,18400.0,CE
2022-02-21 09:35:00,5.65,5.75,5.65,5.75,1900,69700,18400.0,CE
2022-02-21 09:36:00,5.7,5.75,5.7,5.75,2350,69700,18400.0,CE
2022-02-21 09:37:00,5.7,5.7,5.55,5.55,3650,69700,18400.0,CE
2022-02-21 09:38:00,5.55,5.65,5.55,5.65,1400,70700,18400.0,CE
2022-02-21 09:39:00,5.6,5.7,5.55,5.7,1650,70700,18400.0,CE
2022-02-21 09:40:00,5.75,5.75,5.5,5.55,3400,70700,18400.0,CE
2022-02-21 09:41:00,5.55,5.6,5.55,5.6,2500,71500,18400.0,CE
2022-02-21 09:42:00,5.6,5.65,5.55,5.55,5600,71500,18400.0,CE
2022-02-21 09:43:00,5.55,5.65,5.55,5.65,5200,71500,18400.0,CE
2022-02-21 09:44:00,5.75,5.8,5.7,5.8,500,80100,18400.0,CE
2022-02-21 09:45:00,5.85,5.85,5.75,5.75,1850,80100,18400.0,CE
2022-02-21 09:46:00,5.9,6.0,5.8,5.95,1600,80100,18400.0,CE
2022-02-21 09:47:00,6.05,6.05,5.95,5.95,1000,79700,18400.0,CE
2022-02-21 09:48:00,5.85,5.85,5.75,5.8,1000,79700,18400.0,CE
2022-02-21 09:49:00,5.7,5.85,5.7,5.8,3800,79700,18400.0,CE
2022-02-21 09:50:00,5.8,5.85,5.75,5.8,2100,83250,18400.0,CE
2022-02-21 09:51:00,5.75,5.85,5.7,5.75,2000,83250,18400.0,CE
2022-02-21 09:52:00,5.7,5.75,5.7,5.7,1250,83250,18400.0,CE
2022-02-21 09:53:00,5.75,5.75,5.75,5.75,550,83250,18400.0,CE
2022-02-21 09:54:00,5.75,5.75,5.75,5.75,1050,84150,18400.0,CE
2022-02-21 09:55:00,5.8,5.8,5.7,5.7,1750,84150,18400.0,CE
2022-02-21 09:56:00,5.75,5.75,5.75,5.75,50,84150,18400.0,CE
2022-02-21 09:57:00,5.65,5.65,5.55,5.55,350,84550,18400.0,CE
2022-02-21 09:58:00,5.55,5.55,5.55,5.55,250,84550,18400.0,CE
2022-02-21 09:59:00,5.65,5.7,5.6,5.6,2750,84850,18400.0,CE
2022-02-21 10:00:00,5.55,5.55,5.4,5.4,3400,84850,18400.0,CE
2022-02-21 10:01:00,5.5,5.55,5.35,5.4,1800,84850,18400.0,CE
2022-02-21 10:02:00,5.45,5.45,5.4,5.4,2600,85350,18400.0,CE
2022-02-21 10:03:00,5.4,5.45,5.35,5.45,600,85350,18400.0,CE
2022-02-21 10:04:00,5.35,5.35,5.3,5.3,4500,85350,18400.0,CE
2022-02-21 10:05:00,5.3,5.35,5.3,5.35,1050,85350,18400.0,CE
2022-02-21 10:06:00,5.3,5.35,5.3,5.35,450,91450,18400.0,CE
2022-02-21 10:07:00,5.35,5.35,5.35,5.35,100,91450,18400.0,CE
2022-02-21 10:08:00,5.25,5.25,5.2,5.2,350,91450,18400.0,CE
2022-02-21 10:09:00,5.2,5.2,5.2,5.2,300,91450,18400.0,CE
2022-02-21 10:10:00,5.3,5.3,5.3,5.3,450,91450,18400.0,CE
2022-02-21 10:11:00,5.4,5.45,5.35,5.45,1550,91850,18400.0,CE
2022-02-21 10:12:00,5.5,5.5,5.4,5.45,2900,91850,18400.0,CE
2022-02-21 10:13:00,5.4,5.4,5.4,5.4,850,91850,18400.0,CE
2022-02-21 10:14:00,5.4,5.4,5.4,5.4,650,94350,18400.0,CE
2022-02-21 10:15:00,5.4,5.45,5.35,5.45,1150,94350,18400.0,CE
2022-02-21 10:16:00,5.35,5.4,5.35,5.35,800,94350,18400.0,CE
2022-02-21 10:17:00,5.35,5.45,5.35,5.45,2000,94550,18400.0,CE
2022-02-21 10:18:00,5.5,5.6,5.5,5.6,150,94550,18400.0,CE
2022-02-21 10:19:00,5.35,5.45,5.35,5.35,950,94550,18400.0,CE
2022-02-21 10:20:00,5.4,5.4,5.35,5.4,2800,94550,18400.0,CE
2022-02-21 10:21:00,5.4,5.4,5.4,5.4,50,95500,18400.0,CE
2022-02-21 10:22:00,5.35,5.4,5.35,5.4,500,95500,18400.0,CE
2022-02-21 10:23:00,5.4,5.4,5.3,5.3,150,95500,18400.0,CE
2022-02-21 10:24:00,5.3,5.4,5.3,5.3,1250,95500,18400.0,CE
2022-02-21 10:26:00,5.3,5.3,5.3,5.3,50,95500,18400.0,CE
2022-02-21 10:27:00,5.25,5.35,5.25,5.35,500,95900,18400.0,CE
2022-02-21 10:28:00,5.3,5.35,5.3,5.35,250,95900,18400.0,CE
2022-02-21 10:29:00,5.35,5.4,5.35,5.4,350,95900,18400.0,CE
2022-02-21 10:30:00,5.5,5.5,5.4,5.4,600,95500,18400.0,CE
2022-02-21 10:31:00,5.35,5.35,5.3,5.35,750,95500,18400.0,CE
2022-02-21 10:32:00,5.3,5.3,5.3,5.3,50,95500,18400.0,CE
2022-02-21 10:33:00,5.3,5.3,5.3,5.3,300,95350,18400.0,CE
2022-02-21 10:34:00,5.25,5.25,5.15,5.15,350,95350,18400.0,CE
2022-02-21 10:35:00,5.15,5.15,5.15,5.15,500,95350,18400.0,CE
2022-02-21 10:36:00,5.15,5.15,5.1,5.1,1550,97450,18400.0,CE
2022-02-21 10:37:00,5.1,5.1,5.1,5.1,450,97450,18400.0,CE
2022-02-21 10:38:00,5.05,5.05,5.05,5.05,600,97450,18400.0,CE
2022-02-21 10:39:00,5.05,5.15,5.05,5.15,2350,97950,18400.0,CE
2022-02-21 10:40:00,5.15,5.3,5.15,5.2,850,97950,18400.0,CE
2022-02-21 10:41:00,5.3,5.3,5.25,5.25,900,95200,18400.0,CE
2022-02-21 10:42:00,5.3,5.35,5.25,5.35,2150,95200,18400.0,CE
2022-02-21 10:43:00,5.35,5.4,5.35,5.35,350,95200,18400.0,CE
2022-02-21 10:44:00,5.3,5.4,5.3,5.4,100,95200,18400.0,CE
2022-02-21 10:45:00,5.25,5.35,5.25,5.35,150,96600,18400.0,CE
2022-02-21 10:46:00,5.35,5.45,5.35,5.35,1100,96600,18400.0,CE
2022-02-21 10:47:00,5.4,5.4,5.4,5.4,200,96600,18400.0,CE
2022-02-21 10:48:00,5.45,5.45,5.3,5.3,300,96300,18400.0,CE
2022-02-21 10:49:00,5.25,5.25,5.2,5.25,750,96300,18400.0,CE
2022-02-21 10:50:00,5.15,5.2,5.15,5.2,1200,96300,18400.0,CE
2022-02-21 10:51:00,5.1,5.25,5.05,5.1,2000,95950,18400.0,CE
2022-02-21 10:52:00,5.1,5.1,5.1,5.1,650,95950,18400.0,CE
2022-02-21 10:53:00,5.05,5.05,5.05,5.05,250,95950,18400.0,CE
2022-02-21 10:54:00,5.15,5.35,5.15,5.35,1050,96300,18400.0,CE
2022-02-21 10:55:00,5.45,5.45,5.25,5.25,950,96300,18400.0,CE
2022-02-21 10:56:00,5.3,5.4,5.3,5.4,1600,96300,18400.0,CE
2022-02-21 10:57:00,5.5,5.5,5.35,5.35,1350,97300,18400.0,CE
2022-02-21 10:58:00,5.3,5.3,5.25,5.25,450,97300,18400.0,CE
2022-02-21 10:59:00,5.25,5.25,5.25,5.25,350,97300,18400.0,CE
2022-02-21 11:00:00,5.3,5.3,5.3,5.3,450,96200,18400.0,CE
2022-02-21 11:01:00,5.3,5.3,5.1,5.1,300,96200,18400.0,CE
2022-02-21 11:02:00,5.05,5.2,5.05,5.2,700,96150,18400.0,CE
2022-02-21 11:03:00,5.25,5.25,5.25,5.25,100,96150,18400.0,CE
2022-02-21 11:04:00,5.35,5.35,5.35,5.35,50,96150,18400.0,CE
2022-02-21 11:05:00,5.4,5.45,5.35,5.45,550,96150,18400.0,CE
2022-02-21 11:06:00,5.4,5.4,5.4,5.4,550,96300,18400.0,CE
2022-02-21 11:07:00,5.4,5.4,5.4,5.4,100,96300,18400.0,CE
2022-02-21 11:08:00,5.4,5.45,5.4,5.45,1400,96300,18400.0,CE
2022-02-21 11:09:00,5.45,5.6,5.45,5.6,800,95600,18400.0,CE
2022-02-21 11:10:00,5.6,5.6,5.6,5.6,250,95600,18400.0,CE
2022-02-21 11:11:00,5.65,5.65,5.6,5.6,150,95600,18400.0,CE
2022-02-21 11:12:00,5.6,5.6,5.55,5.55,200,96050,18400.0,CE
2022-02-21 11:13:00,5.5,5.5,5.45,5.5,1250,96050,18400.0,CE
2022-02-21 11:14:00,5.55,5.6,5.55,5.6,650,96050,18400.0,CE
2022-02-21 11:16:00,5.65,5.65,5.65,5.65,100,96300,18400.0,CE
2022-02-21 11:17:00,5.5,5.5,5.5,5.5,50,96300,18400.0,CE
2022-02-21 11:18:00,5.45,5.45,5.45,5.45,1050,96250,18400.0,CE
2022-02-21 11:20:00,5.4,5.4,5.35,5.35,350,96250,18400.0,CE
2022-02-21 11:21:00,5.4,5.4,5.4,5.4,250,96900,18400.0,CE
2022-02-21 11:23:00,5.4,5.5,5.4,5.5,850,96900,18400.0,CE
2022-02-21 11:24:00,5.55,5.55,5.5,5.5,300,97050,18400.0,CE
2022-02-21 11:25:00,5.5,5.5,5.5,5.5,50,97050,18400.0,CE
2022-02-21 11:26:00,5.45,5.5,5.35,5.4,1300,97050,18400.0,CE
2022-02-21 11:27:00,5.5,5.5,5.45,5.45,550,96200,18400.0,CE
2022-02-21 11:28:00,5.4,5.4,5.3,5.3,500,96200,18400.0,CE
2022-02-21 11:29:00,5.25,5.25,5.25,5.25,50,96200,18400.0,CE
2022-02-21 11:30:00,5.25,5.3,5.25,5.3,850,96300,18400.0,CE
2022-02-21 11:31:00,5.3,5.4,5.3,5.4,750,96300,18400.0,CE
2022-02-21 11:32:00,5.4,5.4,5.35,5.35,150,96300,18400.0,CE
2022-02-21 11:33:00,5.5,5.5,5.35,5.35,11250,96750,18400.0,CE
2022-02-21 11:34:00,5.35,5.4,5.35,5.35,1600,96750,18400.0,CE
2022-02-21 11:35:00,5.45,5.5,5.45,5.45,950,96750,18400.0,CE
2022-02-21 11:36:00,5.45,5.5,5.45,5.5,400,99350,18400.0,CE
2022-02-21 11:37:00,5.45,5.45,5.45,5.45,50,99350,18400.0,CE
2022-02-21 11:38:00,5.3,5.35,5.3,5.3,750,99350,18400.0,CE
2022-02-21 11:39:00,5.35,5.5,5.35,5.5,950,99750,18400.0,CE
2022-02-21 11:40:00,5.4,5.4,5.4,5.4,350,99750,18400.0,CE
2022-02-21 11:41:00,5.4,5.4,5.4,5.4,550,99750,18400.0,CE
2022-02-21 11:42:00,5.4,5.4,5.4,5.4,350,99750,18400.0,CE
2022-02-21 11:43:00,5.35,5.35,5.35,5.35,250,99750,18400.0,CE
2022-02-21 11:45:00,5.45,5.65,5.45,5.65,1500,100200,18400.0,CE
2022-02-21 11:46:00,5.75,5.85,5.75,5.85,1850,100200,18400.0,CE
2022-02-21 11:47:00,5.9,6.0,5.9,6.0,2100,100200,18400.0,CE
2022-02-21 11:48:00,6.05,6.1,6.05,6.1,550,99900,18400.0,CE
2022-02-21 11:49:00,5.95,5.95,5.9,5.9,500,99900,18400.0,CE
2022-02-21 11:50:00,5.95,6.0,5.9,6.0,1250,99900,18400.0,CE
2022-02-21 11:51:00,6.1,6.3,6.1,6.25,1450,100200,18400.0,CE
2022-02-21 11:52:00,6.25,6.25,6.25,6.25,50,100200,18400.0,CE
2022-02-21 11:53:00,6.15,6.15,6.0,6.0,400,100200,18400.0,CE
2022-02-21 11:54:00,5.95,5.95,5.85,5.85,500,98950,18400.0,CE
2022-02-21 11:55:00,5.85,5.9,5.85,5.9,100,98950,18400.0,CE
2022-02-21 11:56:00,5.85,5.85,5.85,5.85,50,98950,18400.0,CE
2022-02-21 11:57:00,5.85,5.85,5.7,5.7,700,98650,18400.0,CE
2022-02-21 11:58:00,5.65,5.75,5.65,5.75,700,98650,18400.0,CE
2022-02-21 11:59:00,5.85,5.95,5.85,5.95,200,98650,18400.0,CE
2022-02-21 12:00:00,5.95,6.3,5.95,6.3,1450,99150,18400.0,CE
2022-02-21 12:01:00,6.3,6.55,6.3,6.45,650,99150,18400.0,CE
2022-02-21 12:02:00,6.45,6.55,6.4,6.5,900,99150,18400.0,CE
2022-02-21 12:03:00,6.65,6.65,6.45,6.45,1750,100050,18400.0,CE
2022-02-21 12:04:00,6.5,6.5,6.5,6.5,400,100050,18400.0,CE
2022-02-21 12:05:00,6.4,6.45,6.4,6.45,100,100050,18400.0,CE
2022-02-21 12:06:00,6.35,6.35,6.15,6.3,1700,99200,18400.0,CE
2022-02-21 12:07:00,6.3,6.45,6.3,6.4,1850,99200,18400.0,CE
2022-02-21 12:08:00,6.45,6.45,6.4,6.4,300,99200,18400.0,CE
2022-02-21 12:09:00,6.35,6.75,6.35,6.75,1400,99100,18400.0,CE
2022-02-21 12:10:00,6.8,7.4,6.8,7.4,1500,99100,18400.0,CE
2022-02-21 12:11:00,7.4,7.55,7.4,7.5,750,99100,18400.0,CE
2022-02-21 12:12:00,7.5,7.55,7.45,7.45,750,99600,18400.0,CE
2022-02-21 12:13:00,7.35,7.35,7.15,7.15,350,99600,18400.0,CE
2022-02-21 12:14:00,7.1,7.15,6.45,6.45,2100,99600,18400.0,CE
2022-02-21 12:15:00,6.6,6.8,6.6,6.8,1200,100600,18400.0,CE
2022-02-21 12:16:00,6.85,6.9,6.85,6.9,150,100600,18400.0,CE
2022-02-21 12:17:00,7.15,7.3,7.15,7.3,150,100600,18400.0,CE
2022-02-21 12:18:00,7.5,7.5,7.4,7.4,1200,100300,18400.0,CE
2022-02-21 12:19:00,7.5,7.5,7.15,7.15,600,100300,18400.0,CE
2022-02-21 12:20:00,7.15,7.15,7.05,7.05,800,100300,18400.0,CE
2022-02-21 12:22:00,6.6,6.65,6.6,6.65,300,98850,18400.0,CE
2022-02-21 12:23:00,6.7,6.7,6.7,6.7,200,98850,18400.0,CE
2022-02-21 12:24:00,6.75,6.9,6.75,6.9,850,99400,18400.0,CE
2022-02-21 12:25:00,6.75,6.8,6.7,6.7,200,99400,18400.0,CE
2022-02-21 12:26:00,6.55,6.55,6.55,6.55,300,99400,18400.0,CE
2022-02-21 12:27:00,6.6,6.6,6.25,6.25,950,97750,18400.0,CE
2022-02-21 12:29:00,6.15,6.15,6.15,6.15,200,97750,18400.0,CE
2022-02-21 12:30:00,6.1,6.1,5.9,5.9,300,97100,18400.0,CE
2022-02-21 12:31:00,6.25,6.3,6.2,6.3,650,97100,18400.0,CE
2022-02-21 12:32:00,6.3,6.45,6.3,6.45,600,97100,18400.0,CE
2022-02-21 12:34:00,6.7,6.7,6.7,6.7,100,97100,18400.0,CE
2022-02-21 12:35:00,6.75,6.85,6.75,6.85,700,97100,18400.0,CE
2022-02-21 12:36:00,6.9,6.95,6.9,6.95,400,97700,18400.0,CE
2022-02-21 12:37:00,6.85,6.85,6.8,6.8,400,97700,18400.0,CE
2022-02-21 12:38:00,6.75,6.75,6.75,6.75,50,97700,18400.0,CE
2022-02-21 12:39:00,6.7,6.9,6.7,6.9,250,97700,18400.0,CE
2022-02-21 12:40:00,6.9,6.9,6.9,6.9,50,97700,18400.0,CE
2022-02-21 12:41:00,6.8,6.8,6.8,6.8,50,97700,18400.0,CE
2022-02-21 12:42:00,6.85,6.9,6.85,6.9,250,97850,18400.0,CE
2022-02-21 12:45:00,6.7,6.7,6.7,6.7,50,97850,18400.0,CE
2022-02-21 12:46:00,6.6,6.6,6.55,6.55,950,97750,18400.0,CE
2022-02-21 12:47:00,6.5,6.5,6.45,6.45,150,97750,18400.0,CE
2022-02-21 12:50:00,6.8,6.9,6.8,6.9,700,97300,18400.0,CE
2022-02-21 12:51:00,6.95,6.95,6.9,6.95,200,97600,18400.0,CE
2022-02-21 12:52:00,7.0,7.0,6.8,6.8,600,97600,18400.0,CE
2022-02-21 12:53:00,6.8,6.8,6.7,6.7,200,97600,18400.0,CE
2022-02-21 12:54:00,6.75,6.75,6.65,6.65,500,98150,18400.0,CE
2022-02-21 12:56:00,6.75,6.75,6.75,6.75,250,98150,18400.0,CE
2022-02-21 12:59:00,6.75,6.75,6.75,6.75,100,98250,18400.0,CE
2022-02-21 13:00:00,6.95,7.15,6.95,7.15,150,98300,18400.0,CE
2022-02-21 13:01:00,7.4,7.45,7.25,7.25,750,98300,18400.0,CE
2022-02-21 13:02:00,7.3,7.3,7.3,7.3,1100,98300,18400.0,CE
2022-02-21 13:03:00,7.2,7.2,7.15,7.15,150,99150,18400.0,CE
2022-02-21 13:04:00,7.05,7.05,6.95,6.95,100,99150,18400.0,CE
2022-02-21 13:05:00,6.95,6.95,6.75,6.75,950,99150,18400.0,CE
2022-02-21 13:06:00,6.95,6.95,6.95,6.95,50,99350,18400.0,CE
2022-02-21 13:07:00,6.95,7.0,6.8,6.8,2600,99350,18400.0,CE
2022-02-21 13:08:00,6.8,6.8,6.75,6.75,600,99350,18400.0,CE
2022-02-21 13:09:00,6.95,7.0,6.95,7.0,300,99350,18400.0,CE
2022-02-21 13:10:00,6.95,7.0,6.9,6.95,950,99400,18400.0,CE
2022-02-21 13:11:00,6.95,6.95,6.85,6.85,650,99400,18400.0,CE
2022-02-21 13:12:00,6.9,6.9,6.8,6.85,1400,99500,18400.0,CE
2022-02-21 13:13:00,7.0,7.25,7.0,7.25,1100,99500,18400.0,CE
2022-02-21 13:14:00,7.3,7.3,7.15,7.2,600,99500,18400.0,CE
2022-02-21 13:15:00,7.35,7.45,7.3,7.45,4300,100500,18400.0,CE
2022-02-21 13:16:00,7.25,7.35,7.25,7.35,300,100500,18400.0,CE
2022-02-21 13:17:00,7.25,7.4,7.25,7.4,1050,100500,18400.0,CE
2022-02-21 13:18:00,7.5,7.5,7.5,7.5,50,100500,18400.0,CE
2022-02-21 13:19:00,7.45,7.45,7.1,7.1,3100,100700,18400.0,CE
2022-02-21 13:20:00,7.05,7.05,6.9,6.9,1550,100700,18400.0,CE
2022-02-21 13:21:00,6.95,6.95,6.95,6.95,350,99400,18400.0,CE
2022-02-21 13:22:00,6.85,6.95,6.8,6.8,1150,99400,18400.0,CE
2022-02-21 13:23:00,6.95,7.05,6.95,7.05,500,99400,18400.0,CE
2022-02-21 13:24:00,7.05,7.05,7.05,7.05,50,99400,18400.0,CE
2022-02-21 13:25:00,6.65,6.65,6.65,6.65,100,100950,18400.0,CE
2022-02-21 13:26:00,6.8,7.0,6.8,7.0,250,100950,18400.0,CE
2022-02-21 13:27:00,6.9,6.9,6.8,6.8,450,99250,18400.0,CE
2022-02-21 13:29:00,6.85,6.85,6.7,6.7,100,99250,18400.0,CE
2022-02-21 13:30:00,6.55,6.55,6.4,6.55,750,99650,18400.0,CE
2022-02-21 13:31:00,6.5,6.55,6.5,6.55,200,99650,18400.0,CE
2022-02-21 13:32:00,6.65,6.75,6.65,6.75,700,99650,18400.0,CE
2022-02-21 13:33:00,6.85,6.95,6.85,6.95,5950,99650,18400.0,CE
2022-02-21 13:35:00,6.7,6.85,6.7,6.85,4300,102300,18400.0,CE
2022-02-21 13:36:00,6.9,6.9,6.85,6.9,2500,102300,18400.0,CE
2022-02-21 13:38:00,6.7,6.7,6.7,6.7,50,104250,18400.0,CE
2022-02-21 13:39:00,6.65,6.65,6.4,6.4,300,104400,18400.0,CE
2022-02-21 13:40:00,6.35,6.35,6.05,6.05,350,104400,18400.0,CE
2022-02-21 13:41:00,6.15,6.15,6.15,6.15,200,104400,18400.0,CE
2022-02-21 13:42:00,6.35,6.45,6.25,6.45,5400,104400,18400.0,CE
2022-02-21 13:43:00,6.5,6.55,6.5,6.55,650,108800,18400.0,CE
2022-02-21 13:44:00,6.75,6.75,6.75,6.75,50,108800,18400.0,CE
2022-02-21 13:45:00,6.9,7.05,6.9,7.05,500,108850,18400.0,CE
2022-02-21 13:46:00,7.0,7.05,7.0,7.05,400,108850,18400.0,CE
2022-02-21 13:47:00,6.9,6.9,6.9,6.9,600,108850,18400.0,CE
2022-02-21 13:48:00,6.85,6.85,6.8,6.8,300,108850,18400.0,CE
2022-02-21 13:49:00,6.65,6.7,6.65,6.7,250,106700,18400.0,CE
2022-02-21 13:50:00,6.85,6.85,6.85,6.85,350,106700,18400.0,CE
2022-02-21 13:51:00,6.9,6.95,6.9,6.95,250,106700,18400.0,CE
2022-02-21 13:52:00,6.75,6.8,6.75,6.8,200,106150,18400.0,CE
2022-02-21 13:54:00,6.75,6.75,6.75,6.75,50,106150,18400.0,CE
2022-02-21 13:55:00,6.75,6.75,6.65,6.65,200,106150,18400.0,CE
2022-02-21 13:57:00,6.7,6.75,6.7,6.75,250,106150,18400.0,CE
2022-02-21 13:58:00,6.75,6.75,6.65,6.7,500,103550,18400.0,CE
2022-02-21 13:59:00,6.7,6.7,6.55,6.55,1550,103550,18400.0,CE
2022-02-21 14:00:00,6.7,6.7,6.65,6.65,4600,103550,18400.0,CE
2022-02-21 14:01:00,6.5,6.55,6.45,6.45,3250,105850,18400.0,CE
2022-02-21 14:02:00,6.4,6.4,6.4,6.4,50,105850,18400.0,CE
2022-02-21 14:03:00,6.45,6.45,6.4,6.45,150,108800,18400.0,CE
2022-02-21 14:05:00,6.4,6.4,5.8,5.8,2050,108800,18400.0,CE
2022-02-21 14:06:00,5.95,5.95,5.55,5.55,1600,109400,18400.0,CE
2022-02-21 14:07:00,5.75,5.9,5.75,5.9,900,109400,18400.0,CE
2022-02-21 14:08:00,5.95,6.0,5.9,5.95,1250,109400,18400.0,CE
2022-02-21 14:09:00,6.0,6.05,5.75,5.75,2600,108450,18400.0,CE
2022-02-21 14:10:00,5.75,5.85,5.75,5.8,2700,108450,18400.0,CE
2022-02-21 14:11:00,5.8,5.85,5.75,5.8,5900,108450,18400.0,CE
2022-02-21 14:12:00,5.75,5.75,5.75,5.75,3500,108450,18400.0,CE
2022-02-21 14:13:00,5.75,5.8,5.5,5.5,7550,105750,18400.0,CE
2022-02-21 14:14:00,5.6,5.85,5.6,5.85,2400,105750,18400.0,CE
2022-02-21 14:15:00,5.85,5.85,5.7,5.85,9250,105750,18400.0,CE
2022-02-21 14:16:00,5.8,5.8,5.8,5.8,200,106850,18400.0,CE
2022-02-21 14:17:00,5.85,5.85,5.75,5.8,350,106850,18400.0,CE
2022-02-21 14:18:00,5.95,5.95,5.85,5.85,1200,106850,18400.0,CE
2022-02-21 14:19:00,5.85,5.85,5.8,5.85,550,110200,18400.0,CE
2022-02-21 14:20:00,5.9,5.9,5.85,5.9,700,110200,18400.0,CE
2022-02-21 14:21:00,5.95,5.95,5.95,5.95,350,110200,18400.0,CE
2022-02-21 14:22:00,6.1,6.1,5.95,5.95,450,109950,18400.0,CE
2022-02-21 14:23:00,5.85,5.85,5.85,5.85,150,109950,18400.0,CE
2022-02-21 14:24:00,5.8,5.95,5.8,5.9,450,109800,18400.0,CE
2022-02-21 14:25:00,5.9,5.9,5.65,5.65,1750,109800,18400.0,CE
2022-02-21 14:26:00,5.7,5.7,5.6,5.6,2050,109800,18400.0,CE
2022-02-21 14:28:00,5.6,5.65,5.45,5.5,2050,111100,18400.0,CE
2022-02-21 14:30:00,5.5,5.6,5.5,5.55,1200,111100,18400.0,CE
2022-02-21 14:31:00,5.55,5.55,5.55,5.55,50,112950,18400.0,CE
2022-02-21 14:32:00,5.45,5.45,5.45,5.45,50,112950,18400.0,CE
2022-02-21 14:33:00,5.15,5.15,5.15,5.15,150,112950,18400.0,CE
2022-02-21 14:34:00,5.25,5.25,5.15,5.25,1950,112900,18400.0,CE
2022-02-21 14:35:00,5.25,5.4,5.25,5.4,3450,112900,18400.0,CE
2022-02-21 14:36:00,5.35,5.45,5.35,5.35,6450,111150,18400.0,CE
2022-02-21 14:37:00,5.35,5.4,5.35,5.4,5350,111150,18400.0,CE
2022-02-21 14:38:00,5.35,5.35,5.25,5.25,3450,111150,18400.0,CE
2022-02-21 14:39:00,5.25,5.35,5.25,5.25,1000,111150,18400.0,CE
2022-02-21 14:40:00,5.25,5.25,5.25,5.25,150,117150,18400.0,CE
2022-02-21 14:41:00,5.2,5.25,5.2,5.25,3100,117150,18400.0,CE
2022-02-21 14:42:00,5.25,5.5,5.25,5.5,7200,114550,18400.0,CE
2022-02-21 14:43:00,5.5,5.55,5.45,5.45,1350,114550,18400.0,CE
2022-02-21 14:44:00,5.55,5.55,5.5,5.5,300,114550,18400.0,CE
2022-02-21 14:45:00,5.4,5.5,5.4,5.45,1250,113150,18400.0,CE
2022-02-21 14:46:00,5.45,5.5,5.45,5.5,4150,113150,18400.0,CE
2022-02-21 14:47:00,5.5,5.5,5.45,5.45,450,113150,18400.0,CE
2022-02-21 14:48:00,5.4,5.4,5.35,5.35,650,113150,18400.0,CE
2022-02-21 14:49:00,5.5,5.5,5.45,5.45,100,116100,18400.0,CE
2022-02-21 14:50:00,5.45,5.45,5.35,5.35,1850,116100,18400.0,CE
2022-02-21 14:51:00,5.3,5.4,5.3,5.4,1150,116100,18400.0,CE
2022-02-21 14:52:00,5.45,5.45,5.45,5.45,450,114400,18400.0,CE
2022-02-21 14:53:00,5.5,5.6,5.5,5.6,1400,114400,18400.0,CE
2022-02-21 14:54:00,5.6,5.6,5.6,5.6,1150,114400,18400.0,CE
2022-02-21 14:55:00,5.65,5.7,5.65,5.7,450,112450,18400.0,CE
2022-02-21 14:56:00,5.7,5.7,5.7,5.7,200,112450,18400.0,CE
2022-02-21 14:57:00,5.55,5.55,5.55,5.55,100,112450,18400.0,CE
2022-02-21 14:58:00,5.45,5.55,5.4,5.4,1000,111900,18400.0,CE
2022-02-21 14:59:00,5.35,5.35,5.1,5.1,1400,111900,18400.0,CE
2022-02-21 15:00:00,5.15,5.3,5.05,5.05,1250,111900,18400.0,CE
2022-02-21 15:01:00,5.0,5.0,4.95,4.95,1050,107400,18400.0,CE
2022-02-21 15:02:00,4.95,4.95,4.95,4.95,400,107400,18400.0,CE
2022-02-21 15:03:00,4.95,5.0,4.95,5.0,650,107400,18400.0,CE
2022-02-21 15:04:00,5.15,5.15,5.05,5.05,1050,104650,18400.0,CE
2022-02-21 15:05:00,5.05,5.05,4.9,4.9,850,104650,18400.0,CE
2022-02-21 15:06:00,4.9,4.9,4.75,4.8,1450,104650,18400.0,CE
2022-02-21 15:07:00,4.85,4.9,4.75,4.9,2600,108050,18400.0,CE
2022-02-21 15:08:00,4.8,4.85,4.8,4.85,3350,108050,18400.0,CE
2022-02-21 15:09:00,4.75,4.9,4.75,4.85,900,108050,18400.0,CE
2022-02-21 15:10:00,5.0,5.0,5.0,5.0,1800,105750,18400.0,CE
2022-02-21 15:11:00,4.85,4.95,4.85,4.95,3850,105750,18400.0,CE
2022-02-21 15:12:00,4.95,4.95,4.95,4.95,150,105750,18400.0,CE
2022-02-21 15:13:00,4.85,4.85,4.85,4.85,200,104650,18400.0,CE
2022-02-21 15:14:00,4.9,4.9,4.9,4.9,200,104650,18400.0,CE
2022-02-21 15:15:00,4.95,4.95,4.9,4.9,850,104650,18400.0,CE
2022-02-21 15:16:00,4.9,5.05,4.9,5.05,1700,104600,18400.0,CE
2022-02-21 15:17:00,5.05,5.15,5.0,5.05,2600,104600,18400.0,CE
2022-02-21 15:18:00,5.05,5.1,5.05,5.05,550,104600,18400.0,CE
2022-02-21 15:19:00,5.1,5.1,5.0,5.1,1000,104300,18400.0,CE
2022-02-21 15:20:00,5.1,5.15,5.1,5.1,2250,104300,18400.0,CE
2022-02-21 15:21:00,5.15,5.15,5.1,5.1,600,104300,18400.0,CE
2022-02-21 15:22:00,5.2,5.2,5.2,5.2,300,95850,18400.0,CE
2022-02-21 15:23:00,5.2,5.2,5.1,5.1,650,95850,18400.0,CE
2022-02-21 15:24:00,5.1,5.1,5.05,5.05,2050,95850,18400.0,CE
2022-02-21 15:25:00,5.05,5.1,5.0,5.0,4000,97450,18400.0,CE
2022-02-21 15:26:00,4.95,5.0,4.9,5.0,1300,97450,18400.0,CE
2022-02-21 15:27:00,4.95,5.0,4.95,5.0,2600,97450,18400.0,CE
2022-02-21 15:28:00,4.95,5.0,4.9,5.0,600,96450,18400.0,CE
2022-02-21 15:29:00,5.0,5.0,4.85,4.85,1150,96450,18400.0,CE
2022-02-21 15:30:00,4.9,4.9,4.9,4.9,50,96450,18400.0,CE
2022-02-22 09:15:00,3.75,8.0,3.7,8.0,1752,88050,18400.0,CE
2022-02-22 09:16:00,3.85,5.45,3.85,4.75,1050,88050,18400.0,CE
2022-02-22 09:17:00,4.6,9.2,4.6,5.5,4750,88800,18400.0,CE
2022-02-22 09:18:00,5.15,5.15,4.35,4.65,2650,88800,18400.0,CE
2022-02-22 09:19:00,4.3,4.35,3.95,4.15,3350,88800,18400.0,CE
2022-02-22 09:20:00,3.95,4.4,3.95,4.4,1300,91350,18400.0,CE
2022-02-22 09:21:00,4.8,5.0,4.65,5.0,1050,91350,18400.0,CE
2022-02-22 09:22:00,5.05,5.4,5.05,5.3,1350,91350,18400.0,CE
2022-02-22 09:23:00,5.35,5.35,5.1,5.15,1050,91750,18400.0,CE
2022-02-22 09:24:00,5.15,5.15,4.95,5.0,350,91750,18400.0,CE
2022-02-22 09:25:00,4.9,4.9,4.6,4.8,500,91750,18400.0,CE
2022-02-22 09:26:00,4.8,4.9,4.8,4.9,600,92200,18400.0,CE
2022-02-22 09:27:00,4.9,5.0,4.9,5.0,250,92200,18400.0,CE
2022-02-22 09:28:00,5.15,5.15,5.0,5.0,600,92200,18400.0,CE
2022-02-22 09:29:00,5.05,5.1,4.8,4.8,4200,92750,18400.0,CE
2022-02-22 09:30:00,4.85,4.85,4.75,4.75,1200,92750,18400.0,CE
2022-02-22 09:31:00,4.8,4.85,4.8,4.85,1600,92750,18400.0,CE
2022-02-22 09:32:00,4.75,4.75,4.55,4.55,950,91750,18400.0,CE
2022-02-22 09:33:00,4.45,4.5,4.35,4.35,1600,91750,18400.0,CE
2022-02-22 09:34:00,4.45,4.55,4.4,4.55,1500,91750,18400.0,CE
2022-02-22 09:35:00,4.55,4.55,4.5,4.5,1200,92350,18400.0,CE
2022-02-22 09:36:00,4.3,4.4,4.3,4.4,200,92350,18400.0,CE
2022-02-22 09:37:00,4.5,4.5,4.5,4.5,400,92350,18400.0,CE
2022-02-22 09:38:00,4.4,4.45,4.4,4.45,100,92350,18400.0,CE
2022-02-22 09:39:00,4.6,4.7,4.6,4.7,350,92700,18400.0,CE
2022-02-22 09:40:00,4.65,4.75,4.6,4.6,1250,92700,18400.0,CE
2022-02-22 09:41:00,4.6,4.6,4.5,4.6,1450,92050,18400.0,CE
2022-02-22 09:42:00,4.7,4.75,4.5,4.55,1900,92050,18400.0,CE
2022-02-22 09:43:00,4.45,4.75,4.45,4.5,2050,92050,18400.0,CE
2022-02-22 09:44:00,4.55,4.55,4.55,4.55,650,91650,18400.0,CE
2022-02-22 09:45:00,4.5,4.55,4.4,4.55,1350,91650,18400.0,CE
2022-02-22 09:46:00,4.55,4.55,4.3,4.4,650,91650,18400.0,CE
2022-02-22 09:47:00,4.4,4.4,4.35,4.4,450,91650,18400.0,CE
2022-02-22 09:48:00,4.3,4.35,4.3,4.35,1300,91650,18400.0,CE
2022-02-22 09:49:00,4.4,4.4,4.35,4.4,550,91650,18400.0,CE
2022-02-22 09:50:00,4.4,4.4,4.3,4.3,650,90700,18400.0,CE
2022-02-22 09:51:00,4.4,4.4,4.4,4.4,50,90700,18400.0,CE
2022-02-22 09:53:00,4.45,4.5,4.4,4.5,350,90700,18400.0,CE
2022-02-22 09:54:00,4.5,4.5,4.3,4.3,1000,90200,18400.0,CE
2022-02-22 09:55:00,4.35,4.4,4.35,4.4,200,90200,18400.0,CE
2022-02-22 09:56:00,4.4,4.4,4.4,4.4,200,90200,18400.0,CE
2022-02-22 09:57:00,4.35,4.35,4.3,4.3,900,90450,18400.0,CE
2022-02-22 09:58:00,4.3,4.45,4.3,4.35,1800,90450,18400.0,CE
2022-02-22 09:59:00,4.35,4.35,4.35,4.35,150,88600,18400.0,CE
2022-02-22 10:00:00,4.45,4.55,4.45,4.5,1550,88600,18400.0,CE
2022-02-22 10:01:00,4.55,4.55,4.4,4.45,1550,88600,18400.0,CE
2022-02-22 10:02:00,4.5,4.5,4.5,4.5,250,88300,18400.0,CE
2022-02-22 10:03:00,4.55,4.55,4.45,4.45,1200,88300,18400.0,CE
2022-02-22 10:04:00,4.55,4.55,4.55,4.55,250,88300,18400.0,CE
2022-02-22 10:05:00,4.5,4.5,4.5,4.5,50,88300,18400.0,CE
2022-02-22 10:06:00,4.5,4.55,4.5,4.55,350,88800,18400.0,CE
2022-02-22 10:07:00,4.4,4.45,4.35,4.4,4100,88800,18400.0,CE
2022-02-22 10:08:00,4.4,4.45,4.4,4.45,1800,90300,18400.0,CE
2022-02-22 10:09:00,4.35,4.4,4.35,4.4,250,90300,18400.0,CE
2022-02-22 10:10:00,4.35,4.4,4.35,4.4,150,90300,18400.0,CE
2022-02-22 10:11:00,4.45,4.45,4.45,4.45,150,90400,18400.0,CE
2022-02-22 10:13:00,4.4,4.4,4.4,4.4,200,90400,18400.0,CE
2022-02-22 10:14:00,4.55,4.55,4.55,4.55,150,90650,18400.0,CE
2022-02-22 10:15:00,4.5,4.5,4.35,4.35,150,90650,18400.0,CE
2022-02-22 10:16:00,4.6,4.6,4.5,4.5,150,90650,18400.0,CE
2022-02-22 10:17:00,4.6,4.6,4.6,4.6,100,90650,18400.0,CE
2022-02-22 10:18:00,4.55,4.6,4.55,4.6,150,90350,18400.0,CE
2022-02-22 10:20:00,4.6,4.6,4.55,4.55,450,90450,18400.0,CE
2022-02-22 10:21:00,4.6,4.6,4.6,4.6,650,90450,18400.0,CE
2022-02-22 10:22:00,4.55,4.55,4.55,4.55,100,90450,18400.0,CE
2022-02-22 10:23:00,4.55,4.55,4.55,4.55,200,88550,18400.0,CE
2022-02-22 10:24:00,4.6,4.6,4.6,4.6,100,88550,18400.0,CE
2022-02-22 10:25:00,4.55,4.55,4.5,4.5,350,88550,18400.0,CE
2022-02-22 10:26:00,4.5,4.5,4.5,4.5,50,88550,18400.0,CE
2022-02-22 10:27:00,4.65,4.65,4.65,4.65,50,88550,18400.0,CE
2022-02-22 10:29:00,4.6,4.6,4.6,4.6,200,88150,18400.0,CE
2022-02-22 10:30:00,4.6,4.6,4.6,4.6,100,87900,18400.0,CE
2022-02-22 10:31:00,4.6,4.6,4.6,4.6,100,87900,18400.0,CE
2022-02-22 10:32:00,4.6,4.6,4.45,4.45,550,87400,18400.0,CE
2022-02-22 10:33:00,4.45,4.45,4.45,4.45,100,87400,18400.0,CE
2022-02-22 10:34:00,4.4,4.45,4.4,4.45,350,87400,18400.0,CE
2022-02-22 10:35:00,4.4,4.45,4.4,4.45,1300,87550,18400.0,CE
2022-02-22 10:36:00,4.45,4.45,4.45,4.45,200,87550,18400.0,CE
2022-02-22 10:37:00,4.5,4.5,4.45,4.45,250,87550,18400.0,CE
2022-02-22 10:38:00,4.4,4.4,4.4,4.4,100,87550,18400.0,CE
2022-02-22 10:39:00,4.5,4.5,4.5,4.5,50,87550,18400.0,CE
2022-02-22 10:40:00,4.45,4.45,4.45,4.45,50,87550,18400.0,CE
2022-02-22 10:41:00,4.4,4.5,4.4,4.5,1250,87550,18400.0,CE
2022-02-22 10:42:00,4.35,4.35,4.35,4.35,200,87400,18400.0,CE
2022-02-22 10:43:00,4.35,4.35,4.35,4.35,50,87400,18400.0,CE
2022-02-22 10:44:00,4.4,4.4,4.35,4.35,150,87400,18400.0,CE
2022-02-22 10:45:00,4.35,4.35,4.3,4.3,100,87600,18400.0,CE
2022-02-22 10:46:00,4.35,4.35,4.35,4.35,250,87600,18400.0,CE
2022-02-22 10:47:00,4.3,4.45,4.3,4.45,700,88000,18400.0,CE
2022-02-22 10:49:00,4.25,4.25,4.25,4.25,600,88000,18400.0,CE
2022-02-22 10:50:00,4.25,4.35,4.25,4.35,550,88000,18400.0,CE
2022-02-22 10:51:00,4.4,4.4,4.4,4.4,900,86550,18400.0,CE
2022-02-22 10:52:00,4.25,4.25,4.25,4.25,200,86550,18400.0,CE
2022-02-22 10:53:00,4.25,4.25,4.25,4.25,50,86550,18400.0,CE
2022-02-22 10:54:00,4.35,4.35,4.3,4.3,100,86050,18400.0,CE
2022-02-22 10:55:00,4.35,4.45,4.35,4.35,200,86050,18400.0,CE
2022-02-22 10:56:00,4.4,4.4,4.4,4.4,300,85800,18400.0,CE
2022-02-22 10:57:00,4.4,4.5,4.4,4.4,500,85800,18400.0,CE
2022-02-22 11:00:00,4.5,4.55,4.5,4.55,450,85450,18400.0,CE
2022-02-22 11:01:00,4.55,4.55,4.45,4.55,1200,85450,18400.0,CE
2022-02-22 11:02:00,4.55,4.65,4.55,4.65,2200,85450,18400.0,CE
2022-02-22 11:03:00,4.65,4.8,4.6,4.8,800,86150,18400.0,CE
2022-02-22 11:04:00,4.65,4.7,4.6,4.65,3600,86150,18400.0,CE
2022-02-22 11:05:00,4.65,4.65,4.6,4.6,400,86450,18400.0,CE
2022-02-22 11:06:00,4.65,4.65,4.6,4.6,200,86450,18400.0,CE
2022-02-22 11:07:00,4.6,4.6,4.55,4.55,550,86450,18400.0,CE
2022-02-22 11:08:00,4.45,4.55,4.45,4.55,300,86200,18400.0,CE
2022-02-22 11:09:00,4.55,4.65,4.55,4.6,950,86200,18400.0,CE
2022-02-22 11:10:00,4.7,4.7,4.6,4.6,650,86200,18400.0,CE
2022-02-22 11:11:00,4.6,4.7,4.6,4.7,500,85800,18400.0,CE
2022-02-22 11:12:00,4.7,4.7,4.55,4.6,350,85800,18400.0,CE
2022-02-22 11:13:00,4.5,4.55,4.5,4.55,1150,85800,18400.0,CE
2022-02-22 11:14:00,4.6,4.8,4.6,4.7,2550,86950,18400.0,CE
2022-02-22 11:15:00,4.65,4.7,4.6,4.7,950,86950,18400.0,CE
2022-02-22 11:16:00,4.7,4.75,4.55,4.75,2000,86950,18400.0,CE
2022-02-22 11:17:00,4.85,4.85,4.75,4.8,400,86950,18400.0,CE
2022-02-22 11:18:00,4.75,4.8,4.7,4.7,300,85200,18400.0,CE
2022-02-22 11:19:00,4.75,4.75,4.75,4.75,300,85200,18400.0,CE
2022-02-22 11:20:00,4.8,4.8,4.75,4.8,1250,85200,18400.0,CE
2022-02-22 11:23:00,4.7,4.8,4.7,4.8,250,83950,18400.0,CE
2022-02-22 11:24:00,4.85,4.85,4.8,4.8,300,83450,18400.0,CE
2022-02-22 11:25:00,4.7,4.8,4.7,4.75,700,83450,18400.0,CE
2022-02-22 11:26:00,4.85,4.9,4.85,4.85,1050,83450,18400.0,CE
2022-02-22 11:27:00,4.8,4.8,4.8,4.8,300,83050,18400.0,CE
2022-02-22 11:28:00,4.75,4.85,4.7,4.85,800,83050,18400.0,CE
2022-02-22 11:29:00,4.75,4.8,4.75,4.8,1100,83050,18400.0,CE
2022-02-22 11:30:00,4.9,4.95,4.7,4.75,2500,81900,18400.0,CE
2022-02-22 11:31:00,4.75,4.75,4.75,4.75,50,81900,18400.0,CE
2022-02-22 11:32:00,4.8,4.8,4.8,4.8,50,81900,18400.0,CE
2022-02-22 11:33:00,4.8,4.85,4.8,4.85,350,81350,18400.0,CE
2022-02-22 11:34:00,4.75,4.9,4.75,4.9,1000,81350,18400.0,CE
2022-02-22 11:35:00,4.9,4.95,4.8,4.8,1200,81350,18400.0,CE
2022-02-22 11:36:00,4.85,4.85,4.75,4.85,900,81200,18400.0,CE
2022-02-22 11:37:00,4.85,4.85,4.75,4.75,650,81200,18400.0,CE
2022-02-22 11:38:00,4.85,4.9,4.8,4.85,1400,81200,18400.0,CE
2022-02-22 11:40:00,5.0,5.1,5.0,5.1,650,82750,18400.0,CE
2022-02-22 11:41:00,5.15,5.15,4.95,4.95,450,82750,18400.0,CE
2022-02-22 11:42:00,4.9,4.9,4.7,4.9,500,83250,18400.0,CE
2022-02-22 11:43:00,5.0,5.0,4.9,4.9,2050,83250,18400.0,CE
2022-02-22 11:44:00,5.05,5.1,5.05,5.05,1800,83250,18400.0,CE
2022-02-22 11:45:00,5.05,5.05,5.05,5.05,200,85900,18400.0,CE
2022-02-22 11:46:00,4.95,5.2,4.95,5.2,3100,85900,18400.0,CE
2022-02-22 11:47:00,5.15,5.2,5.05,5.05,1450,85900,18400.0,CE
2022-02-22 11:48:00,5.05,5.05,5.05,5.05,150,87800,18400.0,CE
2022-02-22 11:49:00,4.95,4.95,4.95,4.95,150,87800,18400.0,CE
2022-02-22 11:50:00,4.95,5.05,4.75,4.75,650,87800,18400.0,CE
2022-02-22 11:51:00,4.9,4.9,4.75,4.9,850,87700,18400.0,CE
2022-02-22 11:52:00,4.8,4.8,4.8,4.8,1150,87700,18400.0,CE
2022-02-22 11:53:00,4.8,4.8,4.3,4.7,1200,87700,18400.0,CE
2022-02-22 11:54:00,4.75,4.75,4.75,4.75,150,89000,18400.0,CE
2022-02-22 11:55:00,4.8,4.8,4.7,4.7,450,89000,18400.0,CE
2022-02-22 11:56:00,4.55,4.55,4.4,4.4,700,89000,18400.0,CE
2022-02-22 11:57:00,4.5,4.5,4.45,4.5,1350,87650,18400.0,CE
2022-02-22 11:58:00,4.5,4.5,4.0,4.5,2700,87650,18400.0,CE
2022-02-22 11:59:00,4.4,4.55,4.4,4.5,2750,87650,18400.0,CE
2022-02-22 12:00:00,4.55,4.65,4.5,4.65,800,89900,18400.0,CE
2022-02-22 12:01:00,4.55,4.65,4.55,4.55,1350,89900,18400.0,CE
2022-02-22 12:02:00,4.5,4.7,4.5,4.7,250,89900,18400.0,CE
2022-02-22 12:03:00,4.7,4.7,4.7,4.7,50,90450,18400.0,CE
2022-02-22 12:04:00,4.6,4.6,4.55,4.55,150,90450,18400.0,CE
2022-02-22 12:05:00,4.6,4.7,4.6,4.7,300,90450,18400.0,CE
2022-02-22 12:06:00,4.75,4.8,4.75,4.8,450,90500,18400.0,CE
2022-02-22 12:07:00,4.85,4.85,4.7,4.7,1350,90500,18400.0,CE
2022-02-22 12:08:00,4.65,4.65,4.65,4.65,150,90500,18400.0,CE
2022-02-22 12:09:00,4.75,4.75,4.7,4.7,750,90600,18400.0,CE
2022-02-22 12:10:00,4.9,4.9,4.75,4.75,950,90600,18400.0,CE
2022-02-22 12:11:00,4.7,4.7,4.6,4.6,100,90600,18400.0,CE
2022-02-22 12:12:00,4.7,4.8,4.7,4.75,2300,90500,18400.0,CE
2022-02-22 12:15:00,4.7,4.7,4.65,4.65,100,90700,18400.0,CE
2022-02-22 12:16:00,4.7,5.05,4.7,5.05,4050,90700,18400.0,CE
2022-02-22 12:17:00,5.0,5.05,4.9,5.05,4000,90700,18400.0,CE
2022-02-22 12:20:00,4.85,4.95,4.8,4.95,5100,91800,18400.0,CE
2022-02-22 12:21:00,5.0,5.0,4.95,4.95,1700,91550,18400.0,CE
2022-02-22 12:22:00,5.0,5.0,4.95,5.0,1400,91550,18400.0,CE
2022-02-22 12:23:00,5.0,5.0,4.95,4.95,500,91550,18400.0,CE
2022-02-22 12:26:00,4.75,4.75,4.75,4.75,100,90400,18400.0,CE
2022-02-22 12:27:00,4.75,4.75,4.75,4.75,100,90500,18400.0,CE
2022-02-22 12:28:00,4.8,4.85,4.8,4.85,250,90500,18400.0,CE
2022-02-22 12:29:00,4.85,4.9,4.85,4.9,700,90500,18400.0,CE
2022-02-22 12:30:00,4.85,4.85,4.85,4.85,150,90500,18400.0,CE
2022-02-22 12:31:00,4.9,4.9,4.9,4.9,250,88050,18400.0,CE
2022-02-22 12:32:00,4.9,4.95,4.9,4.95,200,88050,18400.0,CE
2022-02-22 12:33:00,4.8,4.9,4.8,4.9,150,88250,18400.0,CE
2022-02-22 12:36:00,4.95,4.95,4.95,4.95,50,88250,18400.0,CE
2022-02-22 12:37:00,5.05,5.1,5.0,5.1,1300,88300,18400.0,CE
2022-02-22 12:38:00,5.1,5.15,5.05,5.05,1800,88300,18400.0,CE
2022-02-22 12:39:00,5.0,5.0,5.0,5.0,150,89400,18400.0,CE
2022-02-22 12:40:00,5.0,5.05,5.0,5.05,450,89400,18400.0,CE
2022-02-22 12:41:00,5.05,5.05,5.0,5.0,150,89400,18400.0,CE
2022-02-22 12:42:00,4.9,4.95,4.9,4.95,200,89100,18400.0,CE
2022-02-22 12:43:00,4.85,4.85,4.8,4.85,650,89100,18400.0,CE
2022-02-22 12:47:00,4.8,4.8,4.8,4.8,50,88850,18400.0,CE
2022-02-22 12:48:00,4.75,4.75,4.75,4.75,1050,88800,18400.0,CE
2022-02-22 12:49:00,4.75,4.95,4.75,4.95,700,88800,18400.0,CE
2022-02-22 12:50:00,4.95,5.0,4.95,4.95,150,88800,18400.0,CE
2022-02-22 12:51:00,4.9,4.95,4.85,4.95,300,89700,18400.0,CE
2022-02-22 12:55:00,4.8,4.8,4.7,4.7,600,89650,18400.0,CE
2022-02-22 12:56:00,4.75,4.75,4.75,4.75,400,89650,18400.0,CE
2022-02-22 12:57:00,4.75,4.9,4.75,4.9,250,89650,18400.0,CE
2022-02-22 12:58:00,4.95,4.95,4.75,4.75,1550,90200,18400.0,CE
2022-02-22 12:59:00,4.75,4.75,4.75,4.75,200,90200,18400.0,CE
2022-02-22 13:00:00,4.75,4.75,4.75,4.75,200,90650,18400.0,CE
2022-02-22 13:01:00,4.75,4.75,4.75,4.75,100,90650,18400.0,CE
2022-02-22 13:02:00,4.8,4.8,4.8,4.8,150,90650,18400.0,CE
2022-02-22 13:03:00,4.85,4.85,4.85,4.85,300,90500,18400.0,CE
2022-02-22 13:05:00,4.7,4.7,4.7,4.7,150,90500,18400.0,CE
2022-02-22 13:06:00,4.8,4.8,4.8,4.8,100,90500,18400.0,CE
2022-02-22 13:07:00,4.8,4.8,4.8,4.8,350,90300,18400.0,CE
2022-02-22 13:08:00,4.85,4.95,4.85,4.85,400,90300,18400.0,CE
2022-02-22 13:09:00,4.85,4.9,4.85,4.9,450,90050,18400.0,CE
2022-02-22 13:10:00,4.85,4.85,4.85,4.85,200,90050,18400.0,CE
2022-02-22 13:13:00,4.85,4.85,4.75,4.75,950,89400,18400.0,CE
2022-02-22 13:14:00,4.75,4.75,4.75,4.75,100,89400,18400.0,CE
2022-02-22 13:15:00,4.75,4.75,4.7,4.7,350,88900,18400.0,CE
2022-02-22 13:16:00,4.7,4.75,4.7,4.75,300,88900,18400.0,CE
2022-02-22 13:17:00,4.9,4.9,4.9,4.9,150,88900,18400.0,CE
2022-02-22 13:18:00,4.65,4.7,4.55,4.65,550,88800,18400.0,CE
2022-02-22 13:20:00,4.7,4.7,4.7,4.7,150,88800,18400.0,CE
2022-02-22 13:21:00,4.65,4.65,4.65,4.65,50,88800,18400.0,CE
2022-02-22 13:23:00,4.85,4.9,4.85,4.9,1000,88850,18400.0,CE
2022-02-22 13:24:00,4.9,4.9,4.9,4.9,100,88850,18400.0,CE
2022-02-22 13:25:00,4.75,4.75,4.75,4.75,100,89350,18400.0,CE
2022-02-22 13:26:00,4.8,4.8,4.8,4.8,100,89350,18400.0,CE
2022-02-22 13:28:00,4.7,4.8,4.7,4.8,450,89250,18400.0,CE
2022-02-22 13:29:00,4.6,4.8,4.6,4.8,2150,89250,18400.0,CE
2022-02-22 13:30:00,4.85,4.85,4.85,4.85,50,88750,18400.0,CE
2022-02-22 13:31:00,4.95,4.95,4.9,4.9,300,88750,18400.0,CE
2022-02-22 13:32:00,4.9,4.9,4.7,4.7,900,88750,18400.0,CE
2022-02-22 13:33:00,4.75,4.75,4.75,4.75,200,88750,18400.0,CE
2022-02-22 13:34:00,4.85,4.85,4.85,4.85,200,89150,18400.0,CE
2022-02-22 13:35:00,4.85,4.85,4.85,4.85,500,89150,18400.0,CE
2022-02-22 13:36:00,4.8,4.8,4.8,4.8,400,89050,18400.0,CE
2022-02-22 13:37:00,4.8,4.8,4.8,4.8,350,89050,18400.0,CE
2022-02-22 13:38:00,4.75,4.8,4.75,4.8,350,89050,18400.0,CE
2022-02-22 13:39:00,4.65,4.85,4.65,4.75,800,89200,18400.0,CE
2022-02-22 13:40:00,4.65,4.75,4.65,4.75,1800,89200,18400.0,CE
2022-02-22 13:41:00,4.6,4.65,4.6,4.65,350,89200,18400.0,CE
2022-02-22 13:42:00,4.65,4.8,4.65,4.8,450,88650,18400.0,CE
2022-02-22 13:43:00,4.75,4.75,4.65,4.7,800,88650,18400.0,CE
2022-02-22 13:44:00,4.7,4.7,4.6,4.65,2700,88650,18400.0,CE
2022-02-22 13:45:00,4.65,4.65,4.5,4.65,450,88550,18400.0,CE
2022-02-22 13:46:00,4.55,4.55,4.5,4.55,1650,88550,18400.0,CE
2022-02-22 13:47:00,4.75,4.75,4.75,4.75,100,88550,18400.0,CE
2022-02-22 13:48:00,4.65,4.65,4.65,4.65,50,88550,18400.0,CE
2022-02-22 13:49:00,4.65,4.65,4.6,4.6,150,88300,18400.0,CE
2022-02-22 13:50:00,4.6,4.6,4.6,4.6,150,88300,18400.0,CE
2022-02-22 13:51:00,4.7,4.75,4.65,4.75,650,88300,18400.0,CE
2022-02-22 13:52:00,4.75,4.75,4.65,4.65,1450,88100,18400.0,CE
2022-02-22 13:53:00,4.6,4.9,4.6,4.75,2900,88100,18400.0,CE
2022-02-22 13:54:00,4.8,4.8,4.75,4.75,300,86850,18400.0,CE
2022-02-22 13:55:00,4.75,4.75,4.65,4.65,150,86850,18400.0,CE
2022-02-22 13:56:00,4.7,4.7,4.7,4.7,50,86850,18400.0,CE
2022-02-22 13:58:00,4.8,4.85,4.8,4.85,100,86350,18400.0,CE
2022-02-22 13:59:00,4.85,4.85,4.85,4.85,50,86350,18400.0,CE
2022-02-22 14:00:00,4.95,5.0,4.9,5.0,400,86400,18400.0,CE
2022-02-22 14:01:00,4.95,4.95,4.85,4.9,500,86400,18400.0,CE
2022-02-22 14:02:00,5.0,5.35,5.0,5.35,2450,86400,18400.0,CE
2022-02-22 14:03:00,5.4,5.5,5.15,5.25,2800,87800,18400.0,CE
2022-02-22 14:04:00,5.2,5.2,5.05,5.15,2400,87800,18400.0,CE
2022-02-22 14:05:00,5.15,5.45,5.15,5.45,2000,87800,18400.0,CE
2022-02-22 14:06:00,5.15,5.15,5.15,5.15,150,87800,18400.0,CE
2022-02-22 14:07:00,5.05,5.05,5.05,5.05,200,91200,18400.0,CE
2022-02-22 14:08:00,5.1,5.1,5.05,5.1,2450,91200,18400.0,CE
2022-02-22 14:09:00,5.1,5.1,5.05,5.1,700,91200,18400.0,CE
2022-02-22 14:10:00,5.1,5.1,5.05,5.05,2250,94300,18400.0,CE
2022-02-22 14:11:00,5.05,5.05,5.0,5.0,350,94300,18400.0,CE
2022-02-22 14:13:00,4.95,5.0,4.9,5.0,1350,95800,18400.0,CE
2022-02-22 14:14:00,4.9,4.9,4.85,4.9,1300,95800,18400.0,CE
2022-02-22 14:15:00,4.9,5.0,4.9,4.95,600,95800,18400.0,CE
2022-02-22 14:16:00,4.9,4.9,4.9,4.9,100,96500,18400.0,CE
2022-02-22 14:17:00,4.95,5.0,4.95,5.0,650,96500,18400.0,CE
2022-02-22 14:18:00,5.15,5.2,5.1,5.2,950,96500,18400.0,CE
2022-02-22 14:19:00,5.3,5.3,4.85,4.85,2050,96650,18400.0,CE
2022-02-22 14:20:00,4.8,4.95,4.8,4.9,1600,96650,18400.0,CE
2022-02-22 14:21:00,4.95,5.3,4.95,5.3,2550,97950,18400.0,CE
2022-02-22 14:22:00,5.2,5.2,5.1,5.15,150,97950,18400.0,CE
2022-02-22 14:23:00,5.3,5.3,5.2,5.2,3450,97950,18400.0,CE
2022-02-22 14:24:00,5.15,5.35,5.15,5.35,3750,99400,18400.0,CE
2022-02-22 14:25:00,5.35,5.4,5.3,5.4,350,99400,18400.0,CE
2022-02-22 14:26:00,5.55,5.55,5.4,5.55,850,99400,18400.0,CE
2022-02-22 14:27:00,5.5,5.5,5.45,5.45,650,101350,18400.0,CE
2022-02-22 14:28:00,5.55,5.55,5.55,5.55,100,101350,18400.0,CE
2022-02-22 14:29:00,5.6,5.7,5.45,5.45,1200,101350,18400.0,CE
2022-02-22 14:30:00,5.4,5.4,5.3,5.3,250,102400,18400.0,CE
2022-02-22 14:31:00,5.4,5.45,5.4,5.45,350,102400,18400.0,CE
2022-02-22 14:32:00,5.45,5.45,5.4,5.4,1450,102400,18400.0,CE
2022-02-22 14:33:00,5.4,5.4,5.35,5.4,750,102400,18400.0,CE
2022-02-22 14:34:00,5.3,5.45,5.3,5.45,500,103850,18400.0,CE
2022-02-22 14:35:00,5.75,5.75,5.65,5.65,700,103850,18400.0,CE
2022-02-22 14:36:00,5.55,5.55,5.4,5.4,1150,104750,18400.0,CE
2022-02-22 14:37:00,5.4,5.4,5.25,5.3,1250,104750,18400.0,CE
2022-02-22 14:38:00,5.4,5.45,5.3,5.35,950,104750,18400.0,CE
2022-02-22 14:39:00,5.3,5.65,5.1,5.4,1000,105900,18400.0,CE
2022-02-22 14:40:00,5.45,5.55,5.35,5.35,1100,105900,18400.0,CE
2022-02-22 14:41:00,5.45,5.45,5.35,5.4,450,105900,18400.0,CE
2022-02-22 14:42:00,5.35,5.45,5.3,5.3,1000,105900,18400.0,CE
2022-02-22 14:43:00,5.15,5.25,5.05,5.15,800,107050,18400.0,CE
2022-02-22 14:44:00,5.0,5.15,4.9,5.1,12100,107050,18400.0,CE
2022-02-22 14:45:00,5.1,5.15,4.95,5.15,3800,116500,18400.0,CE
2022-02-22 14:46:00,5.15,5.2,5.15,5.15,250,116500,18400.0,CE
2022-02-22 14:47:00,5.15,5.15,5.05,5.05,250,116500,18400.0,CE
2022-02-22 14:48:00,5.1,5.1,5.05,5.05,250,116500,18400.0,CE
2022-02-22 14:49:00,5.2,5.2,5.2,5.2,50,116750,18400.0,CE
2022-02-22 14:50:00,5.1,5.1,5.1,5.1,100,116750,18400.0,CE
2022-02-22 14:51:00,5.15,5.15,5.15,5.15,300,116950,18400.0,CE
2022-02-22 14:52:00,5.4,5.4,5.4,5.4,2800,116950,18400.0,CE
2022-02-22 14:53:00,5.45,5.45,5.35,5.35,800,116950,18400.0,CE
2022-02-22 14:54:00,5.2,5.25,5.2,5.25,450,116950,18400.0,CE
2022-02-22 14:55:00,5.25,5.25,5.15,5.15,1100,117550,18400.0,CE
2022-02-22 14:56:00,5.15,5.25,5.15,5.2,950,117550,18400.0,CE
2022-02-22 14:57:00,5.15,5.25,5.15,5.25,1100,117550,18400.0,CE
2022-02-22 14:58:00,5.1,5.15,5.1,5.15,2550,118750,18400.0,CE
2022-02-22 14:59:00,5.2,5.25,5.2,5.25,600,118750,18400.0,CE
2022-02-22 15:00:00,5.4,5.4,4.75,4.85,1250,118750,18400.0,CE
2022-02-22 15:01:00,4.85,5.1,4.8,4.8,1900,119950,18400.0,CE
2022-02-22 15:02:00,4.85,4.85,4.65,4.75,2450,119950,18400.0,CE
2022-02-22 15:03:00,4.75,4.85,4.75,4.85,1000,119950,18400.0,CE
2022-02-22 15:04:00,4.7,4.75,4.7,4.75,700,123550,18400.0,CE
2022-02-22 15:05:00,4.85,4.85,4.85,4.85,1250,123550,18400.0,CE
2022-02-22 15:06:00,4.8,4.8,4.75,4.75,350,123550,18400.0,CE
2022-02-22 15:07:00,4.8,4.8,4.8,4.8,100,124650,18400.0,CE
2022-02-22 15:08:00,4.85,4.9,4.85,4.9,2150,124650,18400.0,CE
2022-02-22 15:09:00,4.9,4.9,4.9,4.9,1300,127900,18400.0,CE
2022-02-22 15:10:00,4.9,4.9,4.75,4.75,12800,127900,18400.0,CE
2022-02-22 15:11:00,4.85,4.85,4.7,4.8,1600,127900,18400.0,CE
2022-02-22 15:12:00,4.85,4.85,4.75,4.75,600,127900,18400.0,CE
2022-02-22 15:13:00,4.7,4.7,4.65,4.65,150,131450,18400.0,CE
2022-02-22 15:14:00,4.65,4.65,4.65,4.65,100,131450,18400.0,CE
2022-02-22 15:15:00,4.65,4.65,4.65,4.65,1000,131550,18400.0,CE
2022-02-22 15:16:00,4.75,4.75,4.55,4.55,300,131550,18400.0,CE
2022-02-22 15:17:00,4.5,4.6,4.5,4.6,3100,131550,18400.0,CE
2022-02-22 15:18:00,4.6,4.6,4.55,4.55,400,131550,18400.0,CE
2022-02-22 15:19:00,4.6,4.6,4.6,4.6,500,129900,18400.0,CE
2022-02-22 15:20:00,4.65,4.7,4.6,4.7,3150,129900,18400.0,CE
2022-02-22 15:21:00,4.65,4.7,4.65,4.65,450,129400,18400.0,CE
2022-02-22 15:22:00,4.65,4.8,4.65,4.8,5750,129400,18400.0,CE
2022-02-22 15:23:00,4.75,4.75,4.75,4.75,500,129400,18400.0,CE
2022-02-22 15:24:00,4.7,4.7,4.5,4.6,1500,135400,18400.0,CE
2022-02-22 15:25:00,4.6,4.65,4.5,4.5,4100,135400,18400.0,CE
2022-02-22 15:26:00,4.45,4.45,4.45,4.45,1300,135400,18400.0,CE
2022-02-22 15:27:00,4.6,4.6,4.6,4.6,200,135400,18400.0,CE
2022-02-22 15:28:00,4.6,4.6,4.6,4.6,550,132100,18400.0,CE
2022-02-22 15:29:00,4.65,4.65,4.25,4.25,1000,132100,18400.0,CE
2022-02-23 09:15:00,3.35,5.9,3.35,5.75,401,132000,18400.0,CE
2022-02-23 09:16:00,5.15,5.5,5.15,5.25,9000,132000,18400.0,CE
2022-02-23 09:17:00,5.25,5.25,5.0,5.1,4800,137800,18400.0,CE
2022-02-23 09:18:00,5.05,5.15,5.0,5.05,5450,137800,18400.0,CE
2022-02-23 09:19:00,5.1,5.2,5.1,5.2,450,137800,18400.0,CE
2022-02-23 09:20:00,5.2,5.2,5.1,5.15,4750,141700,18400.0,CE
2022-02-23 09:21:00,5.0,5.1,5.0,5.05,1900,141700,18400.0,CE
2022-02-23 09:22:00,5.1,5.1,5.0,5.05,5350,141700,18400.0,CE
2022-02-23 09:23:00,4.95,4.95,4.55,4.6,7500,143800,18400.0,CE
2022-02-23 09:24:00,4.6,4.65,4.55,4.6,3350,143800,18400.0,CE
2022-02-23 09:25:00,4.55,4.55,4.45,4.5,8350,143800,18400.0,CE
2022-02-23 09:26:00,4.55,4.6,4.45,4.45,8600,149900,18400.0,CE
2022-02-23 09:27:00,4.45,4.55,4.45,4.55,4050,149900,18400.0,CE
2022-02-23 09:28:00,4.6,4.6,4.55,4.6,1800,149900,18400.0,CE
2022-02-23 09:29:00,4.55,4.65,4.5,4.65,2350,154400,18400.0,CE
2022-02-23 09:30:00,4.55,4.65,4.45,4.65,1850,154400,18400.0,CE
2022-02-23 09:31:00,4.6,4.6,4.55,4.55,450,154400,18400.0,CE
2022-02-23 09:32:00,4.6,4.7,4.6,4.7,2050,158000,18400.0,CE
2022-02-23 09:33:00,4.7,4.9,4.7,4.9,900,158000,18400.0,CE
2022-02-23 09:34:00,4.85,4.85,4.7,4.7,250,158000,18400.0,CE
2022-02-23 09:35:00,4.65,4.65,4.55,4.6,5900,158500,18400.0,CE
2022-02-23 09:36:00,4.6,4.6,4.45,4.45,2550,158500,18400.0,CE
2022-02-23 09:37:00,4.45,4.6,4.45,4.6,1900,158500,18400.0,CE
2022-02-23 09:38:00,4.6,4.6,4.55,4.55,300,159550,18400.0,CE
2022-02-23 09:39:00,4.6,4.6,4.5,4.6,1050,159550,18400.0,CE
2022-02-23 09:40:00,4.4,4.4,4.4,4.4,750,159550,18400.0,CE
2022-02-23 09:41:00,4.3,4.45,4.25,4.45,1800,165400,18400.0,CE
2022-02-23 09:42:00,4.45,4.45,4.4,4.45,600,165400,18400.0,CE
2022-02-23 09:43:00,4.55,4.55,4.55,4.55,600,165400,18400.0,CE
2022-02-23 09:44:00,4.5,4.5,4.5,4.5,200,165400,18400.0,CE
2022-02-23 09:45:00,4.4,4.4,4.3,4.3,100,165350,18400.0,CE
2022-02-23 09:46:00,4.25,4.25,4.25,4.25,550,165350,18400.0,CE
2022-02-23 09:47:00,4.25,4.35,4.25,4.35,500,164950,18400.0,CE
2022-02-23 09:48:00,4.25,4.25,4.2,4.2,1100,164950,18400.0,CE
2022-02-23 09:49:00,4.3,4.35,4.3,4.35,2000,164950,18400.0,CE
2022-02-23 09:50:00,4.3,4.3,4.15,4.15,1750,165900,18400.0,CE
2022-02-23 09:51:00,4.1,4.15,4.05,4.1,2700,165900,18400.0,CE
2022-02-23 09:52:00,4.1,4.1,4.0,4.0,900,165900,18400.0,CE
2022-02-23 09:53:00,4.1,4.1,4.05,4.05,1900,165900,18400.0,CE
2022-02-23 09:54:00,4.1,4.1,4.1,4.1,350,169150,18400.0,CE
2022-02-23 09:56:00,4.05,4.05,4.0,4.0,750,168800,18400.0,CE
2022-02-23 09:57:00,4.0,4.05,4.0,4.05,3500,168800,18400.0,CE
2022-02-23 09:58:00,4.0,4.1,4.0,4.1,1350,168800,18400.0,CE
2022-02-23 09:59:00,4.1,4.15,4.05,4.05,250,167350,18400.0,CE
2022-02-23 10:00:00,4.05,4.05,4.0,4.0,350,167350,18400.0,CE
2022-02-23 10:01:00,3.95,3.95,3.95,3.95,100,167350,18400.0,CE
2022-02-23 10:02:00,3.9,3.95,3.9,3.95,700,167050,18400.0,CE
2022-02-23 10:03:00,3.95,3.95,3.95,3.95,300,167050,18400.0,CE
2022-02-23 10:04:00,3.95,3.95,3.9,3.9,150,167050,18400.0,CE
2022-02-23 10:05:00,3.95,4.0,3.95,4.0,150,167050,18400.0,CE
2022-02-23 10:06:00,4.1,4.1,4.1,4.1,650,167650,18400.0,CE
2022-02-23 10:07:00,4.0,4.0,3.95,3.95,1450,167650,18400.0,CE
2022-02-23 10:09:00,3.9,3.9,3.85,3.85,550,167950,18400.0,CE
2022-02-23 10:10:00,3.95,3.95,3.9,3.9,2450,167950,18400.0,CE
2022-02-23 10:11:00,3.85,4.0,3.85,4.0,400,167950,18400.0,CE
2022-02-23 10:12:00,3.9,3.9,3.85,3.9,200,167550,18400.0,CE
2022-02-23 10:13:00,3.95,4.0,3.9,4.0,350,167550,18400.0,CE
2022-02-23 10:14:00,3.9,3.95,3.9,3.9,200,167550,18400.0,CE
2022-02-23 10:15:00,4.0,4.0,3.9,3.95,1300,167000,18400.0,CE
2022-02-23 10:16:00,3.9,4.0,3.9,4.0,200,167000,18400.0,CE
2022-02-23 10:17:00,3.95,3.95,3.95,3.95,550,167300,18400.0,CE
2022-02-23 10:18:00,3.95,3.95,3.85,3.85,150,167300,18400.0,CE
2022-02-23 10:19:00,3.9,3.9,3.9,3.9,50,167300,18400.0,CE
2022-02-23 10:20:00,3.8,3.85,3.75,3.75,450,166950,18400.0,CE
2022-02-23 10:21:00,3.7,3.75,3.7,3.75,1150,166950,18400.0,CE
2022-02-23 10:22:00,3.7,3.7,3.65,3.65,800,166950,18400.0,CE
2022-02-23 10:23:00,3.7,3.7,3.7,3.7,50,166950,18400.0,CE
2022-02-23 10:24:00,3.7,3.8,3.7,3.8,2300,167750,18400.0,CE
2022-02-23 10:25:00,3.8,3.9,3.75,3.9,3100,167750,18400.0,CE
2022-02-23 10:26:00,3.85,3.85,3.8,3.8,450,167750,18400.0,CE
2022-02-23 10:28:00,3.8,3.8,3.8,3.8,600,166150,18400.0,CE
2022-02-23 10:29:00,3.75,3.75,3.75,3.75,950,164100,18400.0,CE
2022-02-23 10:30:00,3.75,3.75,3.75,3.75,2400,164100,18400.0,CE
2022-02-23 10:31:00,3.7,3.7,3.7,3.7,50,164100,18400.0,CE
2022-02-23 10:32:00,3.7,3.7,3.7,3.7,500,163850,18400.0,CE
2022-02-23 10:33:00,3.7,3.7,3.7,3.7,1500,163850,18400.0,CE
2022-02-23 10:34:00,3.65,3.65,3.6,3.6,4200,163850,18400.0,CE
2022-02-23 10:35:00,3.55,3.65,3.55,3.65,250,163850,18400.0,CE
2022-02-23 10:36:00,3.55,3.55,3.55,3.55,100,161900,18400.0,CE
2022-02-23 10:38:00,3.55,3.6,3.55,3.6,1850,161900,18400.0,CE
2022-02-23 10:39:00,3.65,3.65,3.6,3.6,800,160400,18400.0,CE
2022-02-23 10:40:00,3.6,3.6,3.6,3.6,1800,160400,18400.0,CE
2022-02-23 10:41:00,3.6,3.6,3.6,3.6,850,160400,18400.0,CE
2022-02-23 10:42:00,3.6,3.65,3.6,3.6,1550,158500,18400.0,CE
2022-02-23 10:43:00,3.65,3.7,3.65,3.7,150,158500,18400.0,CE
2022-02-23 10:44:00,3.7,3.7,3.7,3.7,400,158500,18400.0,CE
2022-02-23 10:45:00,3.75,3.75,3.75,3.75,350,160200,18400.0,CE
2022-02-23 10:46:00,3.75,3.8,3.75,3.75,2750,160200,18400.0,CE
2022-02-23 10:47:00,3.75,3.75,3.75,3.75,700,159750,18400.0,CE
2022-02-23 10:48:00,3.75,3.75,3.75,3.75,1850,159750,18400.0,CE
2022-02-23 10:49:00,3.7,3.7,3.7,3.7,450,159750,18400.0,CE
2022-02-23 10:51:00,3.8,3.8,3.7,3.7,2150,158350,18400.0,CE
2022-02-23 10:53:00,3.7,3.7,3.7,3.7,1300,158350,18400.0,CE
2022-02-23 10:54:00,3.65,3.7,3.65,3.7,400,158150,18400.0,CE
2022-02-23 10:55:00,3.7,3.7,3.7,3.7,100,158150,18400.0,CE
2022-02-23 10:56:00,3.65,3.65,3.65,3.65,500,158150,18400.0,CE
2022-02-23 10:58:00,3.7,3.7,3.7,3.7,50,157650,18400.0,CE
2022-02-23 10:59:00,3.7,3.7,3.65,3.65,600,157650,18400.0,CE
2022-02-23 11:00:00,3.6,3.6,3.6,3.6,350,157550,18400.0,CE
2022-02-23 11:01:00,3.6,3.7,3.6,3.7,1000,157550,18400.0,CE
2022-02-23 11:03:00,3.65,3.65,3.65,3.65,100,156550,18400.0,CE
2022-02-23 11:04:00,3.6,3.6,3.6,3.6,500,156550,18400.0,CE
2022-02-23 11:05:00,3.7,3.7,3.7,3.7,600,156550,18400.0,CE
2022-02-23 11:06:00,3.7,3.75,3.65,3.75,700,156750,18400.0,CE
2022-02-23 11:07:00,3.75,3.8,3.7,3.75,3500,156750,18400.0,CE
2022-02-23 11:08:00,3.75,3.75,3.6,3.6,1150,156750,18400.0,CE
2022-02-23 11:09:00,3.75,3.8,3.75,3.8,1200,157200,18400.0,CE
2022-02-23 11:10:00,3.7,3.8,3.7,3.75,550,157200,18400.0,CE
2022-02-23 11:11:00,3.8,3.8,3.7,3.8,2000,157200,18400.0,CE
2022-02-23 11:12:00,3.7,3.75,3.7,3.75,550,158700,18400.0,CE
2022-02-23 11:13:00,3.8,3.8,3.7,3.7,500,158700,18400.0,CE
2022-02-23 11:14:00,3.7,3.7,3.7,3.7,750,158700,18400.0,CE
2022-02-23 11:15:00,3.65,3.75,3.6,3.75,4650,158900,18400.0,CE
2022-02-23 11:16:00,3.7,3.75,3.7,3.75,1500,158900,18400.0,CE
2022-02-23 11:17:00,3.75,3.85,3.7,3.7,1450,158900,18400.0,CE
2022-02-23 11:18:00,3.7,3.8,3.65,3.75,2500,156850,18400.0,CE
2022-02-23 11:19:00,3.8,3.8,3.8,3.8,350,156850,18400.0,CE
2022-02-23 11:20:00,3.65,3.7,3.65,3.7,700,156850,18400.0,CE
2022-02-23 11:21:00,3.8,3.8,3.7,3.75,2700,157050,18400.0,CE
2022-02-23 11:22:00,3.75,3.8,3.75,3.8,900,157050,18400.0,CE
2022-02-23 11:23:00,3.8,3.85,3.8,3.8,1550,157050,18400.0,CE
2022-02-23 11:24:00,3.75,3.75,3.75,3.75,850,158700,18400.0,CE
2022-02-23 11:25:00,3.8,3.8,3.7,3.7,450,158700,18400.0,CE
2022-02-23 11:26:00,3.65,3.65,3.65,3.65,800,158700,18400.0,CE
2022-02-23 11:28:00,3.75,3.75,3.75,3.75,400,157350,18400.0,CE
2022-02-23 11:29:00,3.7,3.75,3.7,3.7,250,157350,18400.0,CE
2022-02-23 11:30:00,3.75,3.75,3.75,3.75,200,154750,18400.0,CE
2022-02-23 11:31:00,3.8,3.8,3.8,3.8,150,154750,18400.0,CE
2022-02-23 11:32:00,3.8,3.8,3.8,3.8,200,154750,18400.0,CE
2022-02-23 11:33:00,3.75,3.75,3.7,3.75,700,155100,18400.0,CE
2022-02-23 11:34:00,3.65,3.65,3.65,3.65,1100,155100,18400.0,CE
2022-02-23 11:35:00,3.65,3.65,3.6,3.6,850,155100,18400.0,CE
2022-02-23 11:37:00,3.7,3.7,3.65,3.65,1250,154700,18400.0,CE
2022-02-23 11:38:00,3.6,3.6,3.6,3.6,200,154700,18400.0,CE
2022-02-23 11:39:00,3.55,3.6,3.55,3.6,800,155450,18400.0,CE
2022-02-23 11:40:00,3.6,3.6,3.6,3.6,50,155450,18400.0,CE
2022-02-23 11:45:00,3.65,3.65,3.65,3.65,250,155750,18400.0,CE
2022-02-23 11:46:00,3.7,3.9,3.7,3.9,3450,155750,18400.0,CE
2022-02-23 11:47:00,3.85,3.9,3.85,3.9,3850,155750,18400.0,CE
2022-02-23 11:48:00,3.85,3.85,3.8,3.8,1100,157750,18400.0,CE
2022-02-23 11:51:00,3.75,3.75,3.75,3.75,200,157500,18400.0,CE
2022-02-23 11:53:00,3.75,3.75,3.75,3.75,1000,157500,18400.0,CE
2022-02-23 11:54:00,3.8,3.8,3.8,3.8,3400,157350,18400.0,CE
2022-02-23 11:56:00,3.8,3.8,3.8,3.8,1100,157350,18400.0,CE
2022-02-23 11:57:00,3.85,3.85,3.8,3.8,850,155500,18400.0,CE
2022-02-23 11:58:00,3.8,3.8,3.8,3.8,200,155500,18400.0,CE
2022-02-23 11:59:00,3.8,3.8,3.8,3.8,500,155500,18400.0,CE
2022-02-23 12:00:00,3.8,3.8,3.8,3.8,150,154850,18400.0,CE
2022-02-23 12:01:00,3.8,3.8,3.8,3.8,250,154850,18400.0,CE
2022-02-23 12:02:00,3.8,3.8,3.8,3.8,50,154850,18400.0,CE
2022-02-23 12:03:00,3.8,3.8,3.8,3.8,250,155000,18400.0,CE
2022-02-23 12:04:00,3.85,3.85,3.85,3.85,350,155000,18400.0,CE
2022-02-23 12:05:00,3.75,3.75,3.75,3.75,1300,155000,18400.0,CE
2022-02-23 12:06:00,3.75,3.75,3.75,3.75,50,155400,18400.0,CE
2022-02-23 12:07:00,3.75,3.75,3.75,3.75,450,155400,18400.0,CE
2022-02-23 12:08:00,3.7,3.8,3.7,3.75,3750,155400,18400.0,CE
2022-02-23 12:09:00,3.7,3.85,3.7,3.85,750,155150,18400.0,CE
2022-02-23 12:10:00,3.8,3.8,3.7,3.8,3250,155150,18400.0,CE
2022-02-23 12:11:00,3.7,3.75,3.7,3.75,2150,155150,18400.0,CE
2022-02-23 12:13:00,3.75,3.8,3.75,3.75,500,156200,18400.0,CE
2022-02-23 12:14:00,3.8,3.8,3.8,3.8,50,156200,18400.0,CE
2022-02-23 12:15:00,3.75,3.8,3.75,3.8,350,156500,18400.0,CE
2022-02-23 12:16:00,3.75,3.75,3.75,3.75,100,156500,18400.0,CE
2022-02-23 12:17:00,3.75,3.75,3.75,3.75,100,156500,18400.0,CE
2022-02-23 12:18:00,3.7,3.7,3.7,3.7,350,156500,18400.0,CE
2022-02-23 12:19:00,3.7,3.7,3.65,3.7,1750,156200,18400.0,CE
2022-02-23 12:20:00,3.75,3.85,3.75,3.85,6900,156200,18400.0,CE
2022-02-23 12:21:00,3.85,3.85,3.75,3.75,4900,151450,18400.0,CE
2022-02-23 12:22:00,3.75,3.9,3.75,3.9,3850,151450,18400.0,CE
2022-02-23 12:23:00,3.9,3.9,3.8,3.8,3550,151450,18400.0,CE
2022-02-23 12:24:00,3.95,3.95,3.95,3.95,200,149650,18400.0,CE
2022-02-23 12:25:00,3.8,3.8,3.8,3.8,700,149650,18400.0,CE
2022-02-23 12:26:00,3.7,3.7,3.7,3.7,50,149650,18400.0,CE
2022-02-23 12:27:00,3.65,3.65,3.65,3.65,50,149150,18400.0,CE
2022-02-23 12:28:00,3.6,3.65,3.5,3.65,3250,149150,18400.0,CE
2022-02-23 12:29:00,3.6,3.6,3.55,3.55,3550,149150,18400.0,CE
2022-02-23 12:30:00,3.65,3.65,3.65,3.65,1350,149150,18400.0,CE
2022-02-23 12:31:00,3.5,3.55,3.5,3.5,4850,149150,18400.0,CE
2022-02-23 12:32:00,3.5,3.5,3.5,3.5,650,149150,18400.0,CE
2022-02-23 12:33:00,3.45,3.45,3.45,3.45,50,147500,18400.0,CE
2022-02-23 12:34:00,3.45,3.45,3.45,3.45,1800,147500,18400.0,CE
2022-02-23 12:35:00,3.5,3.5,3.45,3.45,1000,147500,18400.0,CE
2022-02-23 12:36:00,3.4,3.4,3.4,3.4,450,147500,18400.0,CE
2022-02-23 12:37:00,3.45,3.45,3.45,3.45,700,150200,18400.0,CE
2022-02-23 12:38:00,3.3,3.3,3.3,3.3,100,150200,18400.0,CE
2022-02-23 12:40:00,3.35,3.4,3.35,3.4,1250,150150,18400.0,CE
2022-02-23 12:41:00,3.4,3.4,3.4,3.4,300,150150,18400.0,CE
2022-02-23 12:42:00,3.4,3.4,3.4,3.4,950,150150,18400.0,CE
2022-02-23 12:43:00,3.35,3.35,3.25,3.35,7050,151750,18400.0,CE
2022-02-23 12:44:00,3.3,3.3,3.15,3.15,2650,151750,18400.0,CE
2022-02-23 12:46:00,3.3,3.3,3.3,3.3,200,150000,18400.0,CE
2022-02-23 12:48:00,3.3,3.3,3.25,3.25,1300,150000,18400.0,CE
2022-02-23 12:49:00,3.3,3.3,3.2,3.2,500,150200,18400.0,CE
2022-02-23 12:50:00,3.3,3.3,3.3,3.3,200,150200,18400.0,CE
2022-02-23 12:51:00,3.35,3.35,3.35,3.35,100,150200,18400.0,CE
2022-02-23 12:52:00,3.35,3.35,3.35,3.35,50,150850,18400.0,CE
2022-02-23 12:54:00,3.25,3.3,3.25,3.25,350,150750,18400.0,CE
2022-02-23 12:55:00,3.3,3.4,3.3,3.35,300,150750,18400.0,CE
2022-02-23 12:56:00,3.35,3.4,3.35,3.4,700,150750,18400.0,CE
2022-02-23 12:57:00,3.45,3.45,3.45,3.45,450,150750,18400.0,CE
2022-02-23 13:00:00,3.3,3.3,3.25,3.25,650,151300,18400.0,CE
2022-02-23 13:01:00,3.3,3.35,3.25,3.25,950,151300,18400.0,CE
2022-02-23 13:02:00,3.3,3.3,3.3,3.3,50,151300,18400.0,CE
2022-02-23 13:03:00,3.3,3.3,3.25,3.25,900,151300,18400.0,CE
2022-02-23 13:04:00,3.3,3.3,3.25,3.3,600,150300,18400.0,CE
2022-02-23 13:05:00,3.25,3.3,3.2,3.2,1500,150300,18400.0,CE
2022-02-23 13:06:00,3.3,3.3,3.3,3.3,250,151000,18400.0,CE
2022-02-23 13:07:00,3.25,3.25,3.2,3.2,200,151000,18400.0,CE
2022-02-23 13:08:00,3.25,3.35,3.25,3.35,2400,151000,18400.0,CE
2022-02-23 13:09:00,3.35,3.4,3.35,3.4,4250,147500,18400.0,CE
2022-02-23 13:10:00,3.45,3.45,3.4,3.4,150,147500,18400.0,CE
2022-02-23 13:11:00,3.4,3.4,3.4,3.4,250,147500,18400.0,CE
2022-02-23 13:12:00,3.35,3.4,3.35,3.4,850,145050,18400.0,CE
2022-02-23 13:13:00,3.4,3.4,3.35,3.35,1200,145050,18400.0,CE
2022-02-23 13:14:00,3.4,3.4,3.35,3.4,400,145050,18400.0,CE
2022-02-23 13:15:00,3.35,3.4,3.35,3.4,900,144800,18400.0,CE
2022-02-23 13:18:00,3.35,3.35,3.35,3.35,900,144800,18400.0,CE
2022-02-23 13:19:00,3.35,3.45,3.35,3.45,150,144500,18400.0,CE
2022-02-23 13:20:00,3.4,3.4,3.4,3.4,650,144500,18400.0,CE
2022-02-23 13:21:00,3.55,3.55,3.5,3.5,3650,144400,18400.0,CE
2022-02-23 13:22:00,3.5,3.55,3.5,3.55,250,144400,18400.0,CE
2022-02-23 13:23:00,3.55,3.55,3.5,3.5,1050,144400,18400.0,CE
2022-02-23 13:24:00,3.45,3.45,3.45,3.45,950,143700,18400.0,CE
2022-02-23 13:25:00,3.5,3.55,3.5,3.55,600,143700,18400.0,CE
2022-02-23 13:27:00,3.4,3.4,3.35,3.35,600,143900,18400.0,CE
2022-02-23 13:28:00,3.4,3.4,3.4,3.4,50,143900,18400.0,CE
2022-02-23 13:29:00,3.35,3.35,3.3,3.3,250,143900,18400.0,CE
2022-02-23 13:30:00,3.2,3.25,3.2,3.2,750,143300,18400.0,CE
2022-02-23 13:31:00,3.2,3.2,3.2,3.2,150,143300,18400.0,CE
2022-02-23 13:34:00,3.3,3.3,3.3,3.3,100,143000,18400.0,CE
2022-02-23 13:35:00,3.4,3.4,3.4,3.4,50,143000,18400.0,CE
2022-02-23 13:37:00,3.3,3.3,3.3,3.3,150,143000,18400.0,CE
2022-02-23 13:38:00,3.3,3.3,3.3,3.3,50,143000,18400.0,CE
2022-02-23 13:40:00,3.3,3.3,3.3,3.3,50,142900,18400.0,CE
2022-02-23 13:41:00,3.35,3.35,3.35,3.35,50,142900,18400.0,CE
2022-02-23 13:43:00,3.3,3.35,3.3,3.35,200,142900,18400.0,CE
2022-02-23 13:46:00,3.45,3.45,3.45,3.45,100,142950,18400.0,CE
2022-02-23 13:47:00,3.4,3.4,3.4,3.4,200,142950,18400.0,CE
2022-02-23 13:48:00,3.35,3.35,3.3,3.3,550,142950,18400.0,CE
2022-02-23 13:49:00,3.4,3.4,3.25,3.35,3100,142950,18400.0,CE
2022-02-23 13:50:00,3.4,3.5,3.4,3.5,1700,142950,18400.0,CE
2022-02-23 13:51:00,3.4,3.4,3.4,3.4,1550,143800,18400.0,CE
2022-02-23 13:52:00,3.4,3.4,3.4,3.4,1000,143800,18400.0,CE
2022-02-23 13:53:00,3.4,3.4,3.4,3.4,450,143800,18400.0,CE
2022-02-23 13:54:00,3.4,3.4,3.4,3.4,100,143800,18400.0,CE
2022-02-23 13:55:00,3.4,3.4,3.4,3.4,350,145450,18400.0,CE
2022-02-23 13:56:00,3.4,3.4,3.4,3.4,550,145450,18400.0,CE
2022-02-23 13:57:00,3.45,3.5,3.4,3.5,3050,146200,18400.0,CE
2022-02-23 13:58:00,3.45,3.45,3.4,3.4,2250,146200,18400.0,CE
2022-02-23 13:59:00,3.45,3.45,3.4,3.45,1250,146200,18400.0,CE
2022-02-23 14:00:00,3.45,3.45,3.4,3.45,3050,146200,18400.0,CE
2022-02-23 14:01:00,3.4,3.4,3.4,3.4,550,147800,18400.0,CE
2022-02-23 14:02:00,3.45,3.45,3.35,3.35,300,147800,18400.0,CE
2022-02-23 14:03:00,3.3,3.3,3.3,3.3,100,147800,18400.0,CE
2022-02-23 14:04:00,3.3,3.3,3.25,3.3,2450,145500,18400.0,CE
2022-02-23 14:05:00,3.15,3.15,3.15,3.15,50,145500,18400.0,CE
2022-02-23 14:06:00,3.2,3.3,3.2,3.3,550,145500,18400.0,CE
2022-02-23 14:07:00,3.3,3.3,3.3,3.3,1100,145500,18400.0,CE
2022-02-23 14:08:00,3.4,3.4,3.3,3.3,300,145500,18400.0,CE
2022-02-23 14:09:00,3.3,3.3,3.3,3.3,50,146350,18400.0,CE
2022-02-23 14:10:00,3.25,3.25,3.25,3.25,600,146350,18400.0,CE
2022-02-23 14:12:00,3.25,3.25,3.2,3.2,200,147700,18400.0,CE
2022-02-23 14:14:00,3.25,3.25,3.25,3.25,50,147700,18400.0,CE
2022-02-23 14:15:00,3.3,3.3,3.3,3.3,250,147700,18400.0,CE
2022-02-23 14:16:00,3.3,3.3,3.3,3.3,450,148250,18400.0,CE
2022-02-23 14:17:00,3.3,3.3,3.2,3.25,400,148250,18400.0,CE
2022-02-23 14:18:00,3.25,3.35,3.25,3.35,1700,148250,18400.0,CE
2022-02-23 14:19:00,3.3,3.3,3.3,3.3,350,148350,18400.0,CE
2022-02-23 14:20:00,3.35,3.35,3.35,3.35,50,148350,18400.0,CE
2022-02-23 14:21:00,3.3,3.35,3.3,3.35,2500,148600,18400.0,CE
2022-02-23 14:22:00,3.4,3.4,3.35,3.35,450,148600,18400.0,CE
2022-02-23 14:23:00,3.4,3.4,3.35,3.35,2550,148600,18400.0,CE
2022-02-23 14:24:00,3.3,3.3,3.3,3.3,750,148600,18400.0,CE
2022-02-23 14:25:00,3.25,3.25,3.2,3.2,350,148300,18400.0,CE
2022-02-23 14:26:00,3.25,3.3,3.25,3.3,1050,148300,18400.0,CE
2022-02-23 14:27:00,3.2,3.2,3.2,3.2,200,148300,18400.0,CE
2022-02-23 14:30:00,3.25,3.25,3.25,3.25,50,146450,18400.0,CE
2022-02-23 14:31:00,3.25,3.25,3.25,3.25,2650,147200,18400.0,CE
2022-02-23 14:32:00,3.2,3.35,3.2,3.35,1650,147200,18400.0,CE
2022-02-23 14:33:00,3.35,3.35,3.3,3.3,150,147200,18400.0,CE
2022-02-23 14:34:00,3.2,3.25,3.2,3.25,350,147000,18400.0,CE
2022-02-23 14:35:00,3.3,3.3,3.25,3.25,350,147000,18400.0,CE
2022-02-23 14:37:00,3.25,3.3,3.2,3.3,200,148950,18400.0,CE
2022-02-23 14:39:00,3.25,3.25,3.25,3.25,50,149300,18400.0,CE
2022-02-23 14:41:00,3.25,3.25,3.25,3.25,250,149300,18400.0,CE
2022-02-23 14:42:00,3.25,3.25,3.25,3.25,850,149600,18400.0,CE
2022-02-23 14:43:00,3.3,3.3,3.25,3.25,150,149600,18400.0,CE
2022-02-23 14:45:00,3.3,3.3,3.25,3.3,2100,149600,18400.0,CE
2022-02-23 14:46:00,3.35,3.35,3.25,3.25,300,149300,18400.0,CE
2022-02-23 14:47:00,3.35,3.35,3.35,3.35,300,149300,18400.0,CE
2022-02-23 14:48:00,3.35,3.35,3.3,3.3,250,149300,18400.0,CE
2022-02-23 14:49:00,3.35,3.35,3.35,3.35,200,149600,18400.0,CE
2022-02-23 14:50:00,3.3,3.4,3.3,3.35,2700,149600,18400.0,CE
2022-02-23 14:51:00,3.35,3.35,3.3,3.3,2050,149600,18400.0,CE
2022-02-23 14:52:00,3.25,3.35,3.2,3.2,4750,148850,18400.0,CE
2022-02-23 14:53:00,3.3,3.3,3.3,3.3,600,148850,18400.0,CE
2022-02-23 14:54:00,3.25,3.3,3.25,3.3,700,148850,18400.0,CE
2022-02-23 14:55:00,3.3,3.3,3.3,3.3,250,146300,18400.0,CE
2022-02-23 14:56:00,3.25,3.3,3.25,3.3,1950,146300,18400.0,CE
2022-02-23 14:57:00,3.3,3.35,3.2,3.2,1100,146300,18400.0,CE
2022-02-23 14:58:00,3.25,3.35,3.25,3.35,150,145950,18400.0,CE
2022-02-23 14:59:00,3.3,3.3,3.3,3.3,500,145950,18400.0,CE
2022-02-23 15:00:00,3.4,3.45,3.35,3.45,5400,145950,18400.0,CE
2022-02-23 15:01:00,3.4,3.45,3.4,3.45,1600,145950,18400.0,CE
2022-02-23 15:03:00,3.35,3.4,3.3,3.3,3300,145500,18400.0,CE
2022-02-23 15:04:00,3.3,3.35,3.25,3.3,4100,145500,18400.0,CE
2022-02-23 15:05:00,3.3,3.3,3.3,3.3,950,145500,18400.0,CE
2022-02-23 15:06:00,3.3,3.3,3.2,3.25,2550,145500,18400.0,CE
2022-02-23 15:07:00,3.2,3.25,3.2,3.25,3450,144200,18400.0,CE
2022-02-23 15:08:00,3.25,3.3,3.2,3.2,2950,144200,18400.0,CE
2022-02-23 15:09:00,3.2,3.3,3.2,3.3,1600,144200,18400.0,CE
2022-02-23 15:10:00,3.2,3.2,3.2,3.2,650,139650,18400.0,CE
2022-02-23 15:11:00,3.25,3.25,3.15,3.2,700,139650,18400.0,CE
2022-02-23 15:12:00,3.2,3.25,3.2,3.25,1500,139650,18400.0,CE
2022-02-23 15:13:00,3.25,3.25,3.2,3.25,2300,140200,18400.0,CE
2022-02-23 15:14:00,3.25,3.3,3.25,3.3,1100,140200,18400.0,CE
2022-02-23 15:16:00,3.3,3.3,3.3,3.3,50,139400,18400.0,CE
2022-02-23 15:17:00,3.3,3.3,3.3,3.3,50,139400,18400.0,CE
2022-02-23 15:18:00,3.3,3.3,3.3,3.3,250,139400,18400.0,CE
2022-02-23 15:19:00,3.3,3.3,3.3,3.3,950,139250,18400.0,CE
2022-02-23 15:20:00,3.35,3.4,3.25,3.35,1150,139250,18400.0,CE
2022-02-23 15:21:00,3.4,3.45,3.3,3.45,3150,139250,18400.0,CE
2022-02-23 15:22:00,3.45,3.6,3.45,3.5,3500,137750,18400.0,CE
2022-02-23 15:23:00,3.55,3.55,3.5,3.5,850,137750,18400.0,CE
2022-02-23 15:24:00,3.5,3.55,3.5,3.55,750,137750,18400.0,CE
2022-02-23 15:25:00,3.6,3.6,3.35,3.4,2450,139800,18400.0,CE
2022-02-23 15:26:00,3.5,3.5,3.5,3.5,850,139800,18400.0,CE
2022-02-23 15:27:00,3.5,3.65,3.5,3.55,4700,139800,18400.0,CE
2022-02-23 15:28:00,3.55,3.55,3.55,3.55,500,137750,18400.0,CE
2022-02-23 15:29:00,3.45,3.55,3.3,3.3,1600,137750,18400.0,CE
2022-02-24 09:15:00,3.0,4.8,2.3,2.3,3051,137550,18400.0,CE
2022-02-24 09:16:00,2.3,7.5,2.3,7.5,650,137550,18400.0,CE
2022-02-24 09:17:00,2.3,10.0,2.3,2.4,2300,136500,18400.0,CE
2022-02-24 09:18:00,2.4,9.0,2.4,5.4,2450,136500,18400.0,CE
2022-02-24 09:19:00,5.15,5.7,3.75,3.75,2250,136500,18400.0,CE
2022-02-24 09:20:00,4.65,4.65,3.8,3.95,3650,136700,18400.0,CE
2022-02-24 09:21:00,4.0,4.05,3.85,4.05,3650,136700,18400.0,CE
2022-02-24 09:22:00,3.9,3.95,3.5,3.5,4800,136700,18400.0,CE
2022-02-24 09:23:00,3.8,3.8,3.45,3.45,3200,137800,18400.0,CE
2022-02-24 09:24:00,3.65,3.7,3.5,3.55,3000,137800,18400.0,CE
2022-02-24 09:25:00,3.45,3.55,3.4,3.45,1850,137800,18400.0,CE
2022-02-24 09:26:00,3.55,3.55,3.4,3.5,600,137800,18400.0,CE
2022-02-24 09:27:00,3.4,3.5,3.4,3.45,2250,137650,18400.0,CE
2022-02-24 09:28:00,3.4,3.85,3.35,3.65,4900,137650,18400.0,CE
2022-02-24 09:29:00,3.75,3.9,3.0,3.0,3100,137650,18400.0,CE
2022-02-24 09:30:00,3.5,3.5,3.35,3.4,1900,136800,18400.0,CE
2022-02-24 09:31:00,3.4,3.45,3.2,3.4,3100,136800,18400.0,CE
2022-02-24 09:32:00,3.45,3.6,3.4,3.5,1800,136100,18400.0,CE
2022-02-24 09:33:00,3.55,3.65,3.45,3.45,2150,136100,18400.0,CE
2022-02-24 09:34:00,3.45,3.6,3.45,3.6,1200,136100,18400.0,CE
2022-02-24 09:35:00,3.5,3.55,3.45,3.55,3750,134050,18400.0,CE
2022-02-24 09:36:00,3.65,3.65,3.5,3.6,950,134050,18400.0,CE
2022-02-24 09:37:00,3.5,3.7,3.5,3.7,650,134050,18400.0,CE
2022-02-24 09:38:00,3.8,3.8,3.7,3.7,350,134050,18400.0,CE
2022-02-24 09:39:00,3.7,3.7,3.7,3.7,650,134400,18400.0,CE
2022-02-24 09:40:00,3.65,3.7,3.55,3.55,2450,134400,18400.0,CE
2022-02-24 09:41:00,3.6,3.6,3.45,3.45,1050,134400,18400.0,CE
2022-02-24 09:42:00,3.5,3.55,3.5,3.55,1250,134900,18400.0,CE
2022-02-24 09:43:00,3.5,3.6,3.5,3.55,1100,134900,18400.0,CE
2022-02-24 09:44:00,3.6,3.6,3.6,3.6,750,134900,18400.0,CE
2022-02-24 09:45:00,3.6,3.7,3.6,3.65,1950,135050,18400.0,CE
2022-02-24 09:46:00,3.6,3.65,3.6,3.6,900,135050,18400.0,CE
2022-02-24 09:47:00,3.6,3.7,3.6,3.7,1000,134650,18400.0,CE
2022-02-24 09:48:00,3.8,3.85,3.55,3.7,4250,134650,18400.0,CE
2022-02-24 09:49:00,3.85,3.9,3.85,3.9,700,134650,18400.0,CE
2022-02-24 09:50:00,3.9,4.05,3.9,4.05,5100,136050,18400.0,CE
2022-02-24 09:51:00,4.05,4.1,3.9,4.1,3450,136050,18400.0,CE
2022-02-24 09:52:00,4.05,4.25,4.05,4.1,2650,136050,18400.0,CE
2022-02-24 09:53:00,4.1,4.15,4.05,4.15,1900,135400,18400.0,CE
2022-02-24 09:54:00,4.15,4.15,4.05,4.15,550,135400,18400.0,CE
2022-02-24 09:55:00,4.15,4.2,4.1,4.1,4000,135400,18400.0,CE
2022-02-24 09:56:00,4.15,4.45,4.1,4.15,3950,135400,18400.0,CE
2022-02-24 09:57:00,4.15,4.35,4.0,4.2,3600,136200,18400.0,CE
2022-02-24 09:58:00,4.2,4.4,4.1,4.1,5250,136200,18400.0,CE
2022-02-24 09:59:00,4.2,4.25,4.0,4.25,2150,136200,18400.0,CE
2022-02-24 10:00:00,4.25,4.35,4.25,4.35,1200,138350,18400.0,CE
2022-02-24 10:01:00,4.4,4.4,4.25,4.3,650,138350,18400.0,CE
2022-02-24 10:02:00,4.35,4.45,4.3,4.45,850,138350,18400.0,CE
2022-02-24 10:03:00,4.45,4.45,4.35,4.35,1800,138750,18400.0,CE
2022-02-24 10:04:00,4.35,4.5,4.35,4.4,1500,138750,18400.0,CE
2022-02-24 10:05:00,4.55,4.55,4.4,4.4,300,138750,18400.0,CE
2022-02-24 10:06:00,4.55,4.55,4.5,4.5,550,138750,18400.0,CE
2022-02-24 10:07:00,4.5,4.5,4.5,4.5,550,138750,18400.0,CE
2022-02-24 10:08:00,4.5,4.5,4.4,4.4,1050,139550,18400.0,CE
2022-02-24 10:09:00,4.4,4.4,4.35,4.35,1100,139550,18400.0,CE
2022-02-24 10:10:00,4.3,4.3,4.1,4.15,3700,139550,18400.0,CE
2022-02-24 10:11:00,4.2,4.2,4.05,4.05,1450,139200,18400.0,CE
2022-02-24 10:12:00,4.0,4.0,3.9,4.0,550,139200,18400.0,CE
2022-02-24 10:13:00,4.0,4.2,4.0,4.1,1400,139200,18400.0,CE
2022-02-24 10:14:00,4.2,4.25,4.15,4.25,1300,139200,18400.0,CE
2022-02-24 10:15:00,4.2,4.3,4.2,4.3,700,140100,18400.0,CE
2022-02-24 10:16:00,4.3,4.45,4.2,4.35,650,140100,18400.0,CE
2022-02-24 10:17:00,4.4,4.4,4.35,4.35,300,140100,18400.0,CE
2022-02-24 10:18:00,4.3,4.4,4.3,4.4,750,140250,18400.0,CE
2022-02-24 10:19:00,4.3,4.45,4.3,4.3,1300,140250,18400.0,CE
2022-02-24 10:20:00,4.4,4.4,4.35,4.35,3300,140250,18400.0,CE
2022-02-24 10:21:00,4.3,4.35,4.3,4.3,5200,142750,18400.0,CE
2022-02-24 10:22:00,4.25,4.25,4.15,4.15,2250,142750,18400.0,CE
2022-02-24 10:23:00,4.1,4.15,3.95,4.0,6000,142750,18400.0,CE
2022-02-24 10:24:00,3.9,3.9,3.85,3.85,5100,151900,18400.0,CE
2022-02-24 10:25:00,3.85,3.85,3.7,3.7,450,151900,18400.0,CE
2022-02-24 10:26:00,3.65,3.65,3.5,3.5,300,151900,18400.0,CE
2022-02-24 10:27:00,3.5,3.55,3.5,3.55,1300,153850,18400.0,CE
2022-02-24 10:28:00,3.5,3.55,3.5,3.5,1400,153850,18400.0,CE
2022-02-24 10:29:00,3.5,3.5,3.5,3.5,200,153850,18400.0,CE
2022-02-24 10:30:00,3.5,3.55,3.5,3.55,500,153950,18400.0,CE
2022-02-24 10:31:00,3.5,3.55,3.5,3.55,100,153950,18400.0,CE
2022-02-24 10:32:00,3.6,3.6,3.55,3.55,900,153950,18400.0,CE
2022-02-24 10:33:00,3.5,3.5,3.45,3.5,1100,154100,18400.0,CE
2022-02-24 10:34:00,3.55,3.55,3.55,3.55,700,154100,18400.0,CE
2022-02-24 10:35:00,3.6,3.65,3.55,3.6,600,154100,18400.0,CE
2022-02-24 10:36:00,3.55,3.6,3.5,3.6,250,154000,18400.0,CE
2022-02-24 10:37:00,3.5,3.5,3.5,3.5,50,154000,18400.0,CE
2022-02-24 10:38:00,3.6,3.6,3.6,3.6,1800,154000,18400.0,CE
2022-02-24 10:39:00,3.65,3.65,3.6,3.6,950,155300,18400.0,CE
2022-02-24 10:40:00,3.6,3.6,3.55,3.6,4800,155300,18400.0,CE
2022-02-24 10:41:00,3.65,3.65,3.5,3.5,1050,155300,18400.0,CE
2022-02-24 10:42:00,3.5,3.5,3.45,3.45,650,158500,18400.0,CE
2022-02-24 10:43:00,3.45,3.55,3.4,3.45,1550,158500,18400.0,CE
2022-02-24 10:44:00,3.55,3.55,3.45,3.45,100,158500,18400.0,CE
2022-02-24 10:45:00,3.55,3.55,3.55,3.55,350,158000,18400.0,CE
2022-02-24 10:46:00,3.45,3.45,3.45,3.45,50,158000,18400.0,CE
2022-02-24 10:47:00,3.55,3.55,3.45,3.45,900,158000,18400.0,CE
2022-02-24 10:49:00,3.45,3.45,3.35,3.4,4900,158050,18400.0,CE
2022-02-24 10:50:00,3.4,3.4,3.4,3.4,100,158050,18400.0,CE
2022-02-24 10:51:00,3.3,3.4,3.3,3.4,1000,158000,18400.0,CE
2022-02-24 10:52:00,3.4,3.4,3.4,3.4,350,158000,18400.0,CE
2022-02-24 10:53:00,3.25,3.25,3.25,3.25,150,158000,18400.0,CE
2022-02-24 10:54:00,3.25,3.4,3.25,3.4,1250,158000,18400.0,CE
2022-02-24 10:55:00,3.35,3.35,3.35,3.35,100,158000,18400.0,CE
2022-02-24 10:56:00,3.35,3.35,3.35,3.35,100,158000,18400.0,CE
2022-02-24 10:57:00,3.35,3.4,3.35,3.4,200,158400,18400.0,CE
2022-02-24 10:58:00,3.35,3.35,3.3,3.3,450,158400,18400.0,CE
2022-02-24 10:59:00,3.35,3.35,3.35,3.35,50,158400,18400.0,CE
2022-02-24 11:01:00,3.25,3.25,3.25,3.25,200,158250,18400.0,CE
2022-02-24 11:02:00,3.3,3.3,3.3,3.3,100,158250,18400.0,CE
2022-02-24 11:04:00,3.3,3.3,3.3,3.3,550,158200,18400.0,CE
2022-02-24 11:06:00,3.35,3.35,3.35,3.35,450,158150,18400.0,CE
2022-02-24 11:07:00,3.25,3.25,3.2,3.2,450,158150,18400.0,CE
2022-02-24 11:08:00,3.25,3.25,3.15,3.25,1550,158150,18400.0,CE
2022-02-24 11:09:00,3.15,3.15,3.1,3.1,1850,157350,18400.0,CE
2022-02-24 11:10:00,3.05,3.15,3.05,3.15,800,157350,18400.0,CE
2022-02-24 11:11:00,3.05,3.15,3.05,3.1,350,157350,18400.0,CE
2022-02-24 11:12:00,3.1,3.1,3.1,3.1,50,156100,18400.0,CE
2022-02-24 11:14:00,3.1,3.1,3.1,3.1,350,156100,18400.0,CE
2022-02-24 11:15:00,3.15,3.2,3.15,3.2,550,156050,18400.0,CE
2022-02-24 11:16:00,3.1,3.2,3.1,3.2,1050,156050,18400.0,CE
2022-02-24 11:17:00,3.25,3.4,3.25,3.4,2300,156050,18400.0,CE
2022-02-24 11:18:00,3.4,3.5,3.4,3.5,700,156250,18400.0,CE
2022-02-24 11:19:00,3.55,3.55,3.5,3.5,950,156250,18400.0,CE
2022-02-24 11:20:00,3.5,3.6,3.45,3.45,1650,156250,18400.0,CE
2022-02-24 11:21:00,3.4,3.45,3.35,3.4,1600,156650,18400.0,CE
2022-02-24 11:22:00,3.4,3.4,3.4,3.4,850,156650,18400.0,CE
2022-02-24 11:23:00,3.45,3.45,3.45,3.45,50,156650,18400.0,CE
2022-02-24 11:24:00,3.5,3.5,3.45,3.5,1550,157150,18400.0,CE
2022-02-24 11:25:00,3.4,3.4,3.4,3.4,200,157150,18400.0,CE
2022-02-24 11:26:00,3.45,3.5,3.45,3.5,1850,157150,18400.0,CE
2022-02-24 11:27:00,3.4,3.4,3.4,3.4,650,158300,18400.0,CE
2022-02-24 11:28:00,3.4,3.4,3.4,3.4,50,158300,18400.0,CE
2022-02-24 11:29:00,3.35,3.45,3.3,3.3,600,158300,18400.0,CE
2022-02-24 11:30:00,3.3,3.3,3.3,3.3,1600,158350,18400.0,CE
2022-02-24 11:31:00,3.35,3.35,3.3,3.35,2800,158350,18400.0,CE
2022-02-24 11:32:00,3.35,3.35,3.3,3.35,2250,158350,18400.0,CE
2022-02-24 11:33:00,3.25,3.3,3.2,3.3,3100,163450,18400.0,CE
2022-02-24 11:34:00,3.2,3.25,3.2,3.25,1300,163450,18400.0,CE
2022-02-24 11:35:00,3.25,3.25,3.2,3.2,1600,163450,18400.0,CE
2022-02-24 11:36:00,3.15,3.15,3.1,3.1,200,164150,18400.0,CE
2022-02-24 11:37:00,3.05,3.1,3.05,3.1,650,164150,18400.0,CE
2022-02-24 11:38:00,3.05,3.05,2.95,2.95,1000,164150,18400.0,CE
2022-02-24 11:39:00,3.0,3.0,3.0,3.0,700,164500,18400.0,CE
2022-02-24 11:40:00,2.95,2.95,2.95,2.95,300,164500,18400.0,CE
2022-02-24 11:41:00,2.9,3.0,2.9,2.95,200,164500,18400.0,CE
2022-02-24 11:43:00,2.95,2.95,2.9,2.95,2100,164250,18400.0,CE
2022-02-24 11:44:00,2.95,3.05,2.95,3.05,1100,164250,18400.0,CE
2022-02-24 11:45:00,3.0,3.0,2.95,2.95,550,164250,18400.0,CE
2022-02-24 11:46:00,2.95,3.0,2.95,2.95,650,164250,18400.0,CE
2022-02-24 11:48:00,2.95,2.95,2.95,2.95,150,163950,18400.0,CE
2022-02-24 11:49:00,2.95,2.95,2.95,2.95,1050,163950,18400.0,CE
2022-02-24 11:50:00,2.95,2.95,2.9,2.9,550,163950,18400.0,CE
2022-02-24 11:52:00,2.85,2.9,2.85,2.9,200,163550,18400.0,CE
2022-02-24 11:53:00,2.9,2.9,2.9,2.9,100,163550,18400.0,CE
2022-02-24 11:54:00,2.9,2.9,2.9,2.9,200,163700,18400.0,CE
2022-02-24 11:55:00,2.9,2.95,2.9,2.95,1250,163700,18400.0,CE
2022-02-24 11:56:00,2.85,2.85,2.85,2.85,250,163700,18400.0,CE
2022-02-24 11:57:00,2.8,2.8,2.7,2.75,3000,163900,18400.0,CE
2022-02-24 11:58:00,2.7,2.8,2.65,2.75,1950,163900,18400.0,CE
2022-02-24 11:59:00,2.75,2.8,2.7,2.7,1100,163900,18400.0,CE
2022-02-24 12:00:00,2.7,2.85,2.7,2.75,750,162950,18400.0,CE
2022-02-24 12:01:00,2.75,2.8,2.75,2.8,750,162950,18400.0,CE
2022-02-24 12:02:00,2.85,2.85,2.85,2.85,400,162950,18400.0,CE
2022-02-24 12:03:00,2.85,2.85,2.85,2.85,250,162400,18400.0,CE
2022-02-24 12:04:00,2.85,2.85,2.75,2.8,1100,162400,18400.0,CE
2022-02-24 12:05:00,2.75,2.75,2.75,2.75,650,162400,18400.0,CE
2022-02-24 12:06:00,2.8,2.8,2.8,2.8,150,164000,18400.0,CE
2022-02-24 12:07:00,2.75,2.75,2.75,2.75,1050,164000,18400.0,CE
2022-02-24 12:08:00,2.8,2.8,2.75,2.75,2050,164000,18400.0,CE
2022-02-24 12:11:00,2.75,2.8,2.75,2.8,4200,164100,18400.0,CE
2022-02-24 12:12:00,2.8,2.8,2.75,2.75,4000,162050,18400.0,CE
2022-02-24 12:14:00,2.8,2.8,2.8,2.8,1850,162050,18400.0,CE
2022-02-24 12:15:00,2.8,2.8,2.8,2.8,200,161850,18400.0,CE
2022-02-24 12:18:00,2.85,2.9,2.85,2.85,3900,161700,18400.0,CE
2022-02-24 12:19:00,2.8,2.85,2.8,2.85,700,161700,18400.0,CE
2022-02-24 12:20:00,2.8,2.8,2.75,2.8,450,161700,18400.0,CE
2022-02-24 12:21:00,2.8,2.8,2.8,2.8,1950,160150,18400.0,CE
2022-02-24 12:22:00,2.8,2.85,2.8,2.85,350,160150,18400.0,CE
2022-02-24 12:23:00,2.85,2.85,2.85,2.85,50,160150,18400.0,CE
2022-02-24 12:24:00,2.85,2.85,2.85,2.85,850,160150,18400.0,CE
2022-02-24 12:26:00,2.85,2.85,2.85,2.85,50,159450,18400.0,CE
2022-02-24 12:27:00,2.8,2.8,2.8,2.8,1050,159500,18400.0,CE
2022-02-24 12:28:00,2.85,2.85,2.85,2.85,600,159500,18400.0,CE
2022-02-24 12:29:00,2.8,2.85,2.8,2.85,750,159500,18400.0,CE
2022-02-24 12:30:00,2.85,2.85,2.85,2.85,350,159950,18400.0,CE
2022-02-24 12:31:00,2.8,2.85,2.8,2.85,900,159950,18400.0,CE
2022-02-24 12:32:00,2.85,2.9,2.85,2.85,2200,159950,18400.0,CE
2022-02-24 12:33:00,2.9,2.95,2.9,2.9,1550,158650,18400.0,CE
2022-02-24 12:34:00,2.95,2.95,2.9,2.9,350,158650,18400.0,CE
2022-02-24 12:36:00,2.9,2.9,2.9,2.9,300,158650,18400.0,CE
2022-02-24 12:37:00,2.9,2.95,2.9,2.9,600,157850,18400.0,CE
2022-02-24 12:38:00,2.85,2.85,2.85,2.85,550,157850,18400.0,CE
2022-02-24 12:39:00,2.9,2.9,2.9,2.9,100,157850,18400.0,CE
2022-02-24 12:42:00,2.85,2.85,2.85,2.85,150,157400,18400.0,CE
2022-02-24 12:43:00,2.85,2.85,2.85,2.85,1050,157400,18400.0,CE
2022-02-24 12:44:00,2.75,2.75,2.75,2.75,1600,157400,18400.0,CE
2022-02-24 12:45:00,2.8,2.8,2.8,2.8,750,157400,18400.0,CE
2022-02-24 12:46:00,2.8,2.9,2.8,2.9,2500,156200,18400.0,CE
2022-02-24 12:47:00,2.8,2.8,2.8,2.8,700,156200,18400.0,CE
2022-02-24 12:48:00,2.8,2.8,2.8,2.8,3100,155100,18400.0,CE
2022-02-24 12:49:00,2.75,2.85,2.75,2.85,250,155100,18400.0,CE
2022-02-24 12:50:00,2.8,2.8,2.8,2.8,100,155100,18400.0,CE
2022-02-24 12:51:00,2.85,2.85,2.85,2.85,50,154450,18400.0,CE
2022-02-24 12:52:00,2.85,2.85,2.85,2.85,550,154450,18400.0,CE
2022-02-24 12:53:00,2.9,2.9,2.9,2.9,500,154450,18400.0,CE
2022-02-24 12:54:00,2.9,2.9,2.85,2.85,1350,155100,18400.0,CE
2022-02-24 12:55:00,2.85,2.9,2.85,2.9,1950,155100,18400.0,CE
2022-02-24 12:56:00,2.95,2.95,2.8,2.8,650,155100,18400.0,CE
2022-02-24 12:57:00,2.85,2.85,2.8,2.85,2050,153800,18400.0,CE
2022-02-24 12:58:00,2.85,2.85,2.85,2.85,1700,153800,18400.0,CE
2022-02-24 13:00:00,2.85,2.85,2.85,2.85,50,153000,18400.0,CE
2022-02-24 13:01:00,2.85,2.9,2.85,2.9,650,153000,18400.0,CE
2022-02-24 13:02:00,2.9,2.9,2.85,2.85,800,153000,18400.0,CE
2022-02-24 13:03:00,2.9,2.9,2.9,2.9,500,153800,18400.0,CE
2022-02-24 13:04:00,2.85,2.9,2.8,2.9,2150,153800,18400.0,CE
2022-02-24 13:05:00,2.9,2.9,2.9,2.9,150,153800,18400.0,CE
2022-02-24 13:06:00,2.85,2.85,2.85,2.85,650,153800,18400.0,CE
2022-02-24 13:07:00,2.9,2.95,2.9,2.95,550,154450,18400.0,CE
2022-02-24 13:08:00,2.85,2.85,2.85,2.85,100,154450,18400.0,CE
2022-02-24 13:09:00,2.9,2.9,2.9,2.9,600,154450,18400.0,CE
2022-02-24 13:10:00,2.95,2.95,2.95,2.95,250,154450,18400.0,CE
2022-02-24 13:11:00,2.95,3.0,2.95,2.95,500,154450,18400.0,CE
2022-02-24 13:12:00,3.0,3.0,3.0,3.0,2600,156050,18400.0,CE
2022-02-24 13:13:00,3.0,3.0,2.95,2.95,2800,156050,18400.0,CE
2022-02-24 13:14:00,3.0,3.0,2.95,2.95,3700,156050,18400.0,CE
2022-02-24 13:15:00,3.0,3.0,2.9,2.9,300,153300,18400.0,CE
2022-02-24 13:16:00,3.0,3.0,3.0,3.0,200,153300,18400.0,CE
2022-02-24 13:17:00,2.95,2.95,2.95,2.95,700,153300,18400.0,CE
2022-02-24 13:20:00,2.95,2.95,2.95,2.95,300,153350,18400.0,CE
2022-02-24 13:22:00,3.0,3.0,3.0,3.0,100,153500,18400.0,CE
2022-02-24 13:23:00,3.0,3.05,3.0,3.0,1250,153500,18400.0,CE
2022-02-24 13:25:00,3.05,3.05,2.95,2.95,150,153000,18400.0,CE
2022-02-24 13:26:00,2.95,2.95,2.95,2.95,200,153000,18400.0,CE
2022-02-24 13:27:00,2.95,3.0,2.95,3.0,350,153000,18400.0,CE
2022-02-24 13:28:00,3.0,3.05,3.0,3.05,750,153200,18400.0,CE
2022-02-24 13:29:00,3.05,3.1,3.0,3.05,2250,153200,18400.0,CE
2022-02-24 13:30:00,3.05,3.05,3.0,3.05,1500,151650,18400.0,CE
2022-02-24 13:31:00,3.05,3.1,3.05,3.1,1250,151650,18400.0,CE
2022-02-24 13:32:00,3.05,3.1,3.05,3.05,4800,151650,18400.0,CE
2022-02-24 13:33:00,3.05,3.1,3.05,3.1,100,151650,18400.0,CE
2022-02-24 13:34:00,3.05,3.1,3.0,3.05,1650,148800,18400.0,CE
2022-02-24 13:35:00,3.1,3.1,3.0,3.05,4100,148800,18400.0,CE
2022-02-24 13:36:00,3.1,3.1,3.05,3.05,2900,145300,18400.0,CE
2022-02-24 13:37:00,3.05,3.1,3.05,3.1,300,145300,18400.0,CE
2022-02-24 13:38:00,3.05,3.05,3.05,3.05,550,145300,18400.0,CE
2022-02-24 13:39:00,3.05,3.05,3.05,3.05,150,145300,18400.0,CE
2022-02-24 13:40:00,3.1,3.1,3.1,3.1,50,143700,18400.0,CE
2022-02-24 13:41:00,3.05,3.05,3.05,3.05,100,143700,18400.0,CE
2022-02-24 13:42:00,3.1,3.1,3.05,3.05,100,143700,18400.0,CE
2022-02-24 13:43:00,3.1,3.1,3.1,3.1,200,143700,18400.0,CE
2022-02-24 13:44:00,3.1,3.1,3.1,3.1,1500,143700,18400.0,CE
2022-02-24 13:45:00,3.1,3.1,3.1,3.1,1500,143700,18400.0,CE
2022-02-24 13:46:00,3.1,3.15,3.1,3.15,200,141350,18400.0,CE
2022-02-24 13:47:00,3.1,3.1,3.1,3.1,950,141350,18400.0,CE
2022-02-24 13:48:00,3.05,3.1,3.0,3.1,3000,138800,18400.0,CE
2022-02-24 13:49:00,3.1,3.1,3.05,3.05,700,138800,18400.0,CE
2022-02-24 13:50:00,3.05,3.1,3.05,3.1,2000,138800,18400.0,CE
2022-02-24 13:51:00,3.15,3.15,3.15,3.15,400,137900,18400.0,CE
2022-02-24 13:52:00,3.15,3.15,3.05,3.05,1100,137900,18400.0,CE
2022-02-24 13:53:00,3.1,3.1,3.05,3.05,1400,137900,18400.0,CE
2022-02-24 13:54:00,3.0,3.05,2.95,3.0,3850,137700,18400.0,CE
2022-02-24 13:55:00,3.0,3.05,3.0,3.0,1200,137700,18400.0,CE
2022-02-24 13:56:00,3.05,3.05,2.95,2.95,1050,137700,18400.0,CE
2022-02-24 13:57:00,3.0,3.05,2.95,3.0,1300,137700,18400.0,CE
2022-02-24 13:58:00,3.0,3.0,2.95,2.95,1100,135500,18400.0,CE
2022-02-24 13:59:00,2.95,2.95,2.95,2.95,150,135500,18400.0,CE
2022-02-24 14:00:00,3.05,3.05,2.95,2.95,1900,134650,18400.0,CE
2022-02-24 14:01:00,2.95,2.95,2.85,2.85,5100,134650,18400.0,CE
2022-02-24 14:02:00,2.95,2.95,2.9,2.95,6950,134650,18400.0,CE
2022-02-24 14:03:00,2.9,2.9,2.9,2.9,4050,138300,18400.0,CE
2022-02-24 14:04:00,2.9,2.9,2.9,2.9,1100,138300,18400.0,CE
2022-02-24 14:05:00,2.95,2.95,2.9,2.9,1750,138300,18400.0,CE
2022-02-24 14:06:00,2.9,2.9,2.9,2.9,600,138300,18400.0,CE
2022-02-24 14:07:00,2.9,2.95,2.9,2.95,650,137100,18400.0,CE
2022-02-24 14:08:00,2.95,2.95,2.9,2.9,1500,137100,18400.0,CE
2022-02-24 14:09:00,2.95,3.0,2.9,2.95,2050,135600,18400.0,CE
2022-02-24 14:10:00,2.95,3.0,2.95,3.0,1250,135600,18400.0,CE
2022-02-24 14:11:00,3.0,3.0,3.0,3.0,150,135600,18400.0,CE
2022-02-24 14:12:00,2.95,2.95,2.95,2.95,400,135600,18400.0,CE
2022-02-24 14:13:00,2.95,2.95,2.85,2.85,10400,135100,18400.0,CE
2022-02-24 14:14:00,2.85,2.85,2.8,2.8,3050,135100,18400.0,CE
2022-02-24 14:15:00,2.8,2.8,2.8,2.8,300,137350,18400.0,CE
2022-02-24 14:16:00,2.8,2.8,2.8,2.8,250,137350,18400.0,CE
2022-02-24 14:17:00,2.75,2.75,2.7,2.75,1200,137350,18400.0,CE
2022-02-24 14:18:00,2.75,2.75,2.75,2.75,300,136700,18400.0,CE
2022-02-24 14:19:00,2.65,2.7,2.6,2.7,2350,136700,18400.0,CE
2022-02-24 14:20:00,2.6,2.7,2.45,2.45,2950,136700,18400.0,CE
2022-02-24 14:21:00,2.5,2.55,2.5,2.55,1400,135950,18400.0,CE
2022-02-24 14:22:00,2.55,2.55,2.5,2.5,1450,135950,18400.0,CE
2022-02-24 14:23:00,2.55,2.55,2.5,2.5,400,135950,18400.0,CE
2022-02-24 14:24:00,2.55,2.55,2.55,2.55,700,136000,18400.0,CE
2022-02-24 14:25:00,2.55,2.55,2.55,2.55,250,136000,18400.0,CE
2022-02-24 14:26:00,2.5,2.5,2.45,2.45,500,136000,18400.0,CE
2022-02-24 14:27:00,2.5,2.5,2.5,2.5,50,136000,18400.0,CE
2022-02-24 14:28:00,2.5,2.5,2.5,2.5,150,135950,18400.0,CE
2022-02-24 14:29:00,2.45,2.45,2.45,2.45,300,135950,18400.0,CE
2022-02-24 14:30:00,2.4,2.5,2.4,2.4,400,136050,18400.0,CE
2022-02-24 14:31:00,2.5,2.5,2.5,2.5,1300,136050,18400.0,CE
2022-02-24 14:32:00,2.6,2.6,2.6,2.6,50,136050,18400.0,CE
2022-02-24 14:33:00,2.6,2.6,2.6,2.6,1350,136050,18400.0,CE
2022-02-24 14:34:00,2.65,2.7,2.6,2.6,1450,136950,18400.0,CE
2022-02-24 14:35:00,2.65,2.7,2.65,2.7,1650,136950,18400.0,CE
2022-02-24 14:36:00,2.7,2.75,2.7,2.75,6600,131200,18400.0,CE
2022-02-24 14:37:00,2.65,2.7,2.65,2.7,250,131200,18400.0,CE
2022-02-24 14:38:00,2.7,2.7,2.7,2.7,50,131200,18400.0,CE
2022-02-24 14:39:00,2.7,2.7,2.7,2.7,750,131200,18400.0,CE
2022-02-24 14:40:00,2.65,2.65,2.65,2.65,450,130750,18400.0,CE
2022-02-24 14:41:00,2.7,2.7,2.7,2.7,50,130750,18400.0,CE
2022-02-24 14:42:00,2.75,2.75,2.65,2.65,250,130750,18400.0,CE
2022-02-24 14:43:00,2.75,2.75,2.75,2.75,100,130750,18400.0,CE
2022-02-24 14:44:00,2.7,2.7,2.7,2.7,50,130750,18400.0,CE
2022-02-24 14:45:00,2.65,2.7,2.65,2.65,1150,130600,18400.0,CE
2022-02-24 14:46:00,2.65,2.7,2.65,2.65,1100,130600,18400.0,CE
2022-02-24 14:47:00,2.6,2.6,2.6,2.6,1600,130600,18400.0,CE
2022-02-24 14:48:00,2.6,2.6,2.6,2.6,1750,130600,18400.0,CE
2022-02-24 14:49:00,2.55,2.55,2.55,2.55,50,133400,18400.0,CE
2022-02-24 14:50:00,2.55,2.6,2.55,2.55,350,133400,18400.0,CE
2022-02-24 14:51:00,2.55,2.6,2.5,2.6,550,133450,18400.0,CE
2022-02-24 14:52:00,2.5,2.5,2.5,2.5,50,133450,18400.0,CE
2022-02-24 14:54:00,2.5,2.6,2.5,2.6,2400,133450,18400.0,CE
2022-02-24 14:55:00,2.6,2.6,2.5,2.6,6200,133450,18400.0,CE
2022-02-24 14:56:00,2.6,2.6,2.6,2.6,2700,133450,18400.0,CE
2022-02-24 14:57:00,2.65,2.65,2.6,2.6,1500,133450,18400.0,CE
2022-02-24 14:58:00,2.6,2.7,2.6,2.65,2450,138050,18400.0,CE
2022-02-24 14:59:00,2.7,2.75,2.7,2.7,3050,138050,18400.0,CE
2022-02-24 15:00:00,2.7,2.7,2.7,2.7,450,139650,18400.0,CE
2022-02-24 15:01:00,2.7,2.7,2.6,2.65,3250,139650,18400.0,CE
2022-02-24 15:02:00,2.7,2.7,2.55,2.55,3950,139650,18400.0,CE
2022-02-24 15:03:00,2.5,2.5,2.5,2.5,50,139650,18400.0,CE
2022-02-24 15:04:00,2.5,2.5,2.5,2.5,1200,135650,18400.0,CE
2022-02-24 15:05:00,2.55,2.6,2.5,2.5,4450,135650,18400.0,CE
2022-02-24 15:06:00,2.55,2.55,2.45,2.45,850,135650,18400.0,CE
2022-02-24 15:07:00,2.5,2.5,2.4,2.5,2550,136650,18400.0,CE
2022-02-24 15:08:00,2.55,2.55,2.5,2.5,4300,136650,18400.0,CE
2022-02-24 15:09:00,2.5,2.5,2.4,2.4,2650,136650,18400.0,CE
2022-02-24 15:10:00,2.45,2.45,2.4,2.45,1650,139250,18400.0,CE
2022-02-24 15:11:00,2.4,2.45,2.4,2.45,600,139250,18400.0,CE
2022-02-24 15:12:00,2.4,2.45,2.4,2.45,3400,138850,18400.0,CE
2022-02-24 15:13:00,2.45,2.65,2.4,2.65,10100,138850,18400.0,CE
2022-02-24 15:14:00,2.65,2.65,2.6,2.6,4850,138850,18400.0,CE
2022-02-24 15:15:00,2.6,2.65,2.5,2.5,9600,136500,18400.0,CE
2022-02-24 15:16:00,2.55,2.55,2.5,2.5,1100,136500,18400.0,CE
2022-02-24 15:17:00,2.45,2.5,2.45,2.5,4250,136500,18400.0,CE
2022-02-24 15:18:00,2.45,2.55,2.4,2.55,5450,135250,18400.0,CE
2022-02-24 15:19:00,2.5,2.5,2.45,2.45,1550,135250,18400.0,CE
2022-02-24 15:20:00,2.45,2.5,2.4,2.4,2900,135250,18400.0,CE
2022-02-24 15:21:00,2.4,2.4,2.35,2.35,4150,135250,18400.0,CE
2022-02-24 15:22:00,2.35,2.35,2.2,2.2,6600,136850,18400.0,CE
2022-02-24 15:23:00,2.15,2.15,2.0,2.1,9800,136850,18400.0,CE
2022-02-24 15:24:00,2.15,2.2,2.1,2.15,6400,136850,18400.0,CE
2022-02-24 15:25:00,2.1,2.15,2.1,2.1,6350,140350,18400.0,CE
2022-02-24 15:26:00,2.0,2.1,1.95,2.05,6300,140350,18400.0,CE
2022-02-24 15:27:00,2.1,2.15,2.0,2.0,3600,140750,18400.0,CE
2022-02-24 15:28:00,2.1,2.1,2.05,2.05,3850,140750,18400.0,CE
2022-02-24 15:29:00,2.05,2.2,2.05,2.15,5550,140750,18400.0,CE
2022-02-24 15:30:00,2.15,2.15,2.15,2.15,1600,140750,18400.0,CE
2022-02-25 09:15:00,2.35,2.55,1.95,2.0,11951,141450,18400.0,CE
2022-02-25 09:16:00,1.95,2.05,1.95,2.05,13300,141450,18400.0,CE
2022-02-25 09:17:00,2.05,2.05,1.9,1.95,16750,152400,18400.0,CE
2022-02-25 09:18:00,1.95,1.95,1.85,1.85,7800,152400,18400.0,CE
2022-02-25 09:19:00,1.85,1.9,1.85,1.9,9200,152400,18400.0,CE
2022-02-25 09:20:00,1.9,1.9,1.85,1.9,8450,166050,18400.0,CE
2022-02-25 09:21:00,1.85,1.9,1.85,1.9,1400,166050,18400.0,CE
2022-02-25 09:22:00,1.85,1.9,1.75,1.75,3800,166050,18400.0,CE
2022-02-25 09:23:00,1.75,1.8,1.7,1.7,2100,170050,18400.0,CE
2022-02-25 09:24:00,1.7,1.75,1.65,1.7,7400,170050,18400.0,CE
2022-02-25 09:25:00,1.65,1.75,1.65,1.7,4150,170050,18400.0,CE
2022-02-25 09:26:00,1.7,1.7,1.65,1.65,2800,169700,18400.0,CE
2022-02-25 09:27:00,1.6,1.6,1.55,1.6,2600,169700,18400.0,CE
2022-02-25 09:28:00,1.55,1.55,1.55,1.55,1900,169700,18400.0,CE
2022-02-25 09:29:00,1.55,1.6,1.55,1.6,800,169300,18400.0,CE
2022-02-25 09:30:00,1.6,1.6,1.5,1.55,2500,169300,18400.0,CE
2022-02-25 09:31:00,1.55,1.55,1.5,1.55,7400,169300,18400.0,CE
2022-02-25 09:32:00,1.55,1.55,1.5,1.5,850,172850,18400.0,CE
2022-02-25 09:33:00,1.55,1.55,1.5,1.55,2050,172850,18400.0,CE
2022-02-25 09:34:00,1.55,1.55,1.5,1.5,250,172850,18400.0,CE
2022-02-25 09:35:00,1.5,1.5,1.45,1.45,6550,171100,18400.0,CE
2022-02-25 09:37:00,1.45,1.45,1.45,1.45,150,171100,18400.0,CE
2022-02-25 09:39:00,1.45,1.45,1.45,1.45,7450,171100,18400.0,CE
2022-02-25 09:40:00,1.45,1.45,1.4,1.4,6700,171100,18400.0,CE
2022-02-25 09:41:00,1.4,1.45,1.4,1.45,1350,173400,18400.0,CE
2022-02-25 09:42:00,1.5,1.5,1.4,1.4,9050,173400,18400.0,CE
2022-02-25 09:43:00,1.4,1.45,1.4,1.45,5800,173400,18400.0,CE
2022-02-25 09:44:00,1.45,1.45,1.4,1.45,3200,175500,18400.0,CE
2022-02-25 09:45:00,1.4,1.4,1.35,1.35,6550,175500,18400.0,CE
2022-02-25 09:46:00,1.35,1.4,1.35,1.4,7700,175500,18400.0,CE
2022-02-25 09:47:00,1.35,1.4,1.35,1.4,5700,177800,18400.0,CE
2022-02-25 09:48:00,1.4,1.4,1.35,1.4,950,177800,18400.0,CE
2022-02-25 09:49:00,1.3,1.35,1.3,1.35,3900,177800,18400.0,CE
2022-02-25 09:50:00,1.35,1.35,1.35,1.35,150,177800,18400.0,CE
2022-02-25 09:51:00,1.4,1.4,1.35,1.4,1900,180350,18400.0,CE
2022-02-25 09:52:00,1.4,1.4,1.35,1.4,3150,180350,18400.0,CE
2022-02-25 09:53:00,1.35,1.35,1.35,1.35,50,182150,18400.0,CE
2022-02-25 09:54:00,1.4,1.4,1.4,1.4,2050,182150,18400.0,CE
2022-02-25 09:55:00,1.4,1.45,1.4,1.4,8150,182150,18400.0,CE
2022-02-25 09:56:00,1.4,1.4,1.4,1.4,16950,178900,18400.0,CE
2022-02-25 09:57:00,1.45,1.45,1.45,1.45,900,178900,18400.0,CE
2022-02-25 09:58:00,1.4,1.4,1.4,1.4,150,178900,18400.0,CE
2022-02-25 10:00:00,1.4,1.4,1.4,1.4,1400,184700,18400.0,CE
2022-02-25 10:01:00,1.45,1.45,1.4,1.45,850,184700,18400.0,CE
2022-02-25 10:02:00,1.4,1.45,1.4,1.4,4750,185250,18400.0,CE
2022-02-25 10:03:00,1.4,1.4,1.4,1.4,50,185250,18400.0,CE
2022-02-25 10:04:00,1.35,1.35,1.35,1.35,50,185250,18400.0,CE
2022-02-25 10:05:00,1.4,1.4,1.4,1.4,200,184300,18400.0,CE
2022-02-25 10:07:00,1.4,1.4,1.35,1.35,250,184300,18400.0,CE
2022-02-25 10:08:00,1.4,1.4,1.4,1.4,350,184150,18400.0,CE
2022-02-25 10:09:00,1.35,1.35,1.35,1.35,250,184150,18400.0,CE
2022-02-25 10:12:00,1.4,1.4,1.4,1.4,1000,183900,18400.0,CE
2022-02-25 10:13:00,1.4,1.4,1.4,1.4,150,183900,18400.0,CE
2022-02-25 10:15:00,1.4,1.4,1.4,1.4,50,183850,18400.0,CE
2022-02-25 10:16:00,1.35,1.4,1.35,1.4,800,183850,18400.0,CE
2022-02-25 10:17:00,1.4,1.4,1.4,1.4,1000,183850,18400.0,CE
2022-02-25 10:18:00,1.4,1.4,1.4,1.4,50,183850,18400.0,CE
2022-02-25 10:20:00,1.4,1.4,1.4,1.4,800,183950,18400.0,CE
2022-02-25 10:21:00,1.35,1.35,1.35,1.35,100,183950,18400.0,CE
2022-02-25 10:22:00,1.4,1.4,1.4,1.4,1000,183950,18400.0,CE
2022-02-25 10:23:00,1.35,1.4,1.35,1.4,9650,181350,18400.0,CE
2022-02-25 10:24:00,1.4,1.4,1.35,1.35,2000,181350,18400.0,CE
2022-02-25 10:25:00,1.35,1.35,1.35,1.35,50,181350,18400.0,CE
2022-02-25 10:26:00,1.35,1.4,1.35,1.35,1850,181350,18400.0,CE
2022-02-25 10:27:00,1.35,1.4,1.35,1.4,2400,180300,18400.0,CE
2022-02-25 10:28:00,1.35,1.35,1.35,1.35,50,180300,18400.0,CE
2022-02-25 10:29:00,1.35,1.35,1.35,1.35,500,180300,18400.0,CE
2022-02-25 10:32:00,1.4,1.4,1.4,1.4,6150,181400,18400.0,CE
2022-02-25 10:33:00,1.35,1.35,1.35,1.35,4100,181400,18400.0,CE
2022-02-25 10:34:00,1.35,1.35,1.35,1.35,50,181400,18400.0,CE
2022-02-25 10:35:00,1.3,1.35,1.3,1.35,1100,182250,18400.0,CE
2022-02-25 10:36:00,1.35,1.35,1.3,1.3,2000,182250,18400.0,CE
2022-02-25 10:37:00,1.3,1.3,1.3,1.3,50,182250,18400.0,CE
2022-02-25 10:38:00,1.3,1.3,1.3,1.3,50,182250,18400.0,CE
2022-02-25 10:39:00,1.35,1.35,1.3,1.3,350,183650,18400.0,CE
2022-02-25 10:40:00,1.3,1.35,1.3,1.3,2450,183650,18400.0,CE
2022-02-25 10:41:00,1.35,1.35,1.3,1.35,5100,183050,18400.0,CE
2022-02-25 10:44:00,1.3,1.35,1.3,1.3,2550,182850,18400.0,CE
2022-02-25 10:45:00,1.3,1.35,1.3,1.35,700,182850,18400.0,CE
2022-02-25 10:46:00,1.35,1.35,1.35,1.35,400,182850,18400.0,CE
2022-02-25 10:48:00,1.3,1.3,1.25,1.25,2900,184000,18400.0,CE
2022-02-25 10:49:00,1.25,1.3,1.25,1.3,400,184000,18400.0,CE
2022-02-25 10:51:00,1.3,1.3,1.3,1.3,2050,183200,18400.0,CE
2022-02-25 10:52:00,1.3,1.3,1.25,1.25,6050,183200,18400.0,CE
2022-02-25 10:53:00,1.25,1.3,1.25,1.3,3150,182750,18400.0,CE
2022-02-25 10:54:00,1.3,1.35,1.3,1.35,6400,182750,18400.0,CE
2022-02-25 10:55:00,1.3,1.3,1.3,1.3,350,182750,18400.0,CE
2022-02-25 10:56:00,1.3,1.3,1.25,1.3,4400,183550,18400.0,CE
2022-02-25 10:57:00,1.25,1.3,1.25,1.3,650,183550,18400.0,CE
2022-02-25 10:58:00,1.3,1.3,1.3,1.3,750,183550,18400.0,CE
2022-02-25 11:00:00,1.3,1.3,1.25,1.25,3450,182150,18400.0,CE
2022-02-25 11:01:00,1.25,1.25,1.25,1.25,200,182150,18400.0,CE
2022-02-25 11:02:00,1.25,1.25,1.25,1.25,500,185250,18400.0,CE
2022-02-25 11:03:00,1.25,1.25,1.2,1.25,2350,185250,18400.0,CE
2022-02-25 11:04:00,1.25,1.3,1.25,1.3,2750,185250,18400.0,CE
2022-02-25 11:05:00,1.25,1.3,1.25,1.3,750,185250,18400.0,CE
2022-02-25 11:06:00,1.25,1.25,1.25,1.25,200,188100,18400.0,CE
2022-02-25 11:07:00,1.2,1.25,1.2,1.25,2500,188100,18400.0,CE
2022-02-25 11:08:00,1.25,1.25,1.25,1.25,150,188100,18400.0,CE
2022-02-25 11:09:00,1.3,1.3,1.3,1.3,450,188550,18400.0,CE
2022-02-25 11:10:00,1.3,1.3,1.3,1.3,8600,188550,18400.0,CE
2022-02-25 11:11:00,1.3,1.3,1.3,1.3,1750,188550,18400.0,CE
2022-02-25 11:12:00,1.25,1.25,1.25,1.25,500,192700,18400.0,CE
2022-02-25 11:13:00,1.25,1.25,1.25,1.25,5700,192700,18400.0,CE
2022-02-25 11:14:00,1.25,1.25,1.25,1.25,5950,189450,18400.0,CE
2022-02-25 11:15:00,1.3,1.3,1.25,1.25,1350,189450,18400.0,CE
2022-02-25 11:17:00,1.2,1.2,1.2,1.2,750,189700,18400.0,CE
2022-02-25 11:18:00,1.2,1.25,1.2,1.2,2250,189700,18400.0,CE
2022-02-25 11:20:00,1.25,1.25,1.2,1.2,11300,188300,18400.0,CE
2022-02-25 11:21:00,1.2,1.25,1.2,1.25,4850,188300,18400.0,CE
2022-02-25 11:22:00,1.3,1.3,1.3,1.3,1000,188300,18400.0,CE
2022-02-25 11:23:00,1.25,1.3,1.2,1.2,12950,189350,18400.0,CE
2022-02-25 11:24:00,1.2,1.2,1.2,1.2,650,189350,18400.0,CE
2022-02-25 11:25:00,1.25,1.3,1.25,1.3,7150,189350,18400.0,CE
2022-02-25 11:26:00,1.25,1.3,1.25,1.3,150,188350,18400.0,CE
2022-02-25 11:27:00,1.3,1.3,1.3,1.3,400,188350,18400.0,CE
2022-02-25 11:28:00,1.25,1.25,1.25,1.25,4100,188350,18400.0,CE
2022-02-25 11:29:00,1.25,1.25,1.2,1.2,3750,186500,18400.0,CE
2022-02-25 11:30:00,1.2,1.25,1.2,1.25,8450,186500,18400.0,CE
2022-02-25 11:31:00,1.25,1.25,1.2,1.2,1150,186500,18400.0,CE
2022-02-25 11:32:00,1.2,1.2,1.2,1.2,1750,182600,18400.0,CE
2022-02-25 11:33:00,1.2,1.2,1.2,1.2,950,182600,18400.0,CE
2022-02-25 11:34:00,1.25,1.25,1.25,1.25,3250,182600,18400.0,CE
2022-02-25 11:35:00,1.25,1.25,1.2,1.2,5100,177900,18400.0,CE
2022-02-25 11:36:00,1.25,1.3,1.25,1.25,2200,177900,18400.0,CE
2022-02-25 11:37:00,1.25,1.25,1.2,1.2,900,177900,18400.0,CE
2022-02-25 11:38:00,1.25,1.25,1.25,1.25,200,177900,18400.0,CE
2022-02-25 11:40:00,1.2,1.2,1.2,1.2,2050,177400,18400.0,CE
2022-02-25 11:41:00,1.25,1.25,1.25,1.25,5850,175650,18400.0,CE
2022-02-25 11:42:00,1.2,1.2,1.2,1.2,50,175650,18400.0,CE
2022-02-25 11:43:00,1.2,1.2,1.2,1.2,1100,175650,18400.0,CE
2022-02-25 11:44:00,1.25,1.25,1.25,1.25,4350,175550,18400.0,CE
2022-02-25 11:45:00,1.25,1.3,1.25,1.25,1000,175550,18400.0,CE
2022-02-25 11:46:00,1.3,1.3,1.25,1.25,300,175550,18400.0,CE
2022-02-25 11:47:00,1.25,1.25,1.25,1.25,300,175550,18400.0,CE
2022-02-25 11:49:00,1.25,1.3,1.25,1.3,600,176300,18400.0,CE
2022-02-25 11:50:00,1.3,1.3,1.3,1.3,250,176300,18400.0,CE
2022-02-25 11:51:00,1.3,1.3,1.25,1.3,1600,175500,18400.0,CE
2022-02-25 11:53:00,1.3,1.3,1.3,1.3,700,175500,18400.0,CE
2022-02-25 11:54:00,1.25,1.25,1.25,1.25,50,175600,18400.0,CE
2022-02-25 11:55:00,1.3,1.3,1.3,1.3,150,175600,18400.0,CE
2022-02-25 11:56:00,1.25,1.25,1.25,1.25,50,175600,18400.0,CE
2022-02-25 11:58:00,1.25,1.25,1.25,1.25,300,175650,18400.0,CE
2022-02-25 11:59:00,1.3,1.3,1.3,1.3,250,175650,18400.0,CE
2022-02-25 12:00:00,1.25,1.25,1.25,1.25,100,175650,18400.0,CE
2022-02-25 12:02:00,1.25,1.3,1.25,1.25,5550,175300,18400.0,CE
2022-02-25 12:03:00,1.25,1.25,1.25,1.25,50,171500,18400.0,CE
2022-02-25 12:04:00,1.3,1.3,1.3,1.3,50,171500,18400.0,CE
2022-02-25 12:05:00,1.25,1.25,1.25,1.25,1050,171500,18400.0,CE
2022-02-25 12:06:00,1.25,1.25,1.25,1.25,400,171550,18400.0,CE
2022-02-25 12:07:00,1.25,1.25,1.25,1.25,950,171550,18400.0,CE
2022-02-25 12:09:00,1.25,1.25,1.25,1.25,1800,171550,18400.0,CE
2022-02-25 12:11:00,1.3,1.3,1.3,1.3,1500,171550,18400.0,CE
2022-02-25 12:12:00,1.3,1.3,1.3,1.3,350,172000,18400.0,CE
2022-02-25 12:13:00,1.25,1.25,1.25,1.25,700,172000,18400.0,CE
2022-02-25 12:14:00,1.3,1.3,1.3,1.3,50,172000,18400.0,CE
2022-02-25 12:17:00,1.3,1.3,1.25,1.25,550,171150,18400.0,CE
2022-02-25 12:18:00,1.3,1.3,1.3,1.3,500,171150,18400.0,CE
2022-02-25 12:19:00,1.25,1.25,1.25,1.25,100,171150,18400.0,CE
2022-02-25 12:20:00,1.3,1.3,1.3,1.3,4350,171150,18400.0,CE
2022-02-25 12:21:00,1.3,1.3,1.25,1.3,1850,171050,18400.0,CE
2022-02-25 12:25:00,1.3,1.3,1.3,1.3,800,172150,18400.0,CE
2022-02-25 12:28:00,1.3,1.3,1.3,1.3,50,172150,18400.0,CE
2022-02-25 12:29:00,1.25,1.25,1.25,1.25,50,172150,18400.0,CE
2022-02-25 12:30:00,1.25,1.3,1.25,1.3,1500,172150,18400.0,CE
2022-02-25 12:31:00,1.3,1.35,1.3,1.35,1000,172150,18400.0,CE
2022-02-25 12:32:00,1.3,1.3,1.3,1.3,1000,172150,18400.0,CE
2022-02-25 12:33:00,1.25,1.25,1.25,1.25,1050,170800,18400.0,CE
2022-02-25 12:34:00,1.25,1.25,1.25,1.25,100,170800,18400.0,CE
2022-02-25 12:37:00,1.3,1.3,1.3,1.3,300,169650,18400.0,CE
2022-02-25 12:38:00,1.25,1.25,1.25,1.25,500,169650,18400.0,CE
2022-02-25 12:39:00,1.25,1.25,1.25,1.25,7750,169450,18400.0,CE
2022-02-25 12:40:00,1.3,1.3,1.3,1.3,50,169450,18400.0,CE
2022-02-25 12:41:00,1.25,1.25,1.25,1.25,250,169450,18400.0,CE
2022-02-25 12:42:00,1.25,1.25,1.25,1.25,750,169450,18400.0,CE
2022-02-25 12:43:00,1.25,1.25,1.25,1.25,50,176000,18400.0,CE
2022-02-25 12:48:00,1.25,1.25,1.25,1.25,950,175600,18400.0,CE
2022-02-25 12:52:00,1.3,1.3,1.3,1.3,1550,175500,18400.0,CE
2022-02-25 12:53:00,1.25,1.25,1.25,1.25,50,175500,18400.0,CE
2022-02-25 12:54:00,1.25,1.25,1.25,1.25,150,174000,18400.0,CE
2022-02-25 12:55:00,1.25,1.25,1.25,1.25,1500,174000,18400.0,CE
2022-02-25 12:56:00,1.2,1.2,1.2,1.2,3550,174000,18400.0,CE
2022-02-25 13:04:00,1.2,1.2,1.2,1.2,50,174000,18400.0,CE
2022-02-25 13:05:00,1.2,1.2,1.2,1.2,200,173050,18400.0,CE
2022-02-25 13:09:00,1.2,1.2,1.2,1.2,100,173050,18400.0,CE
2022-02-25 13:11:00,1.25,1.25,1.25,1.25,50,173050,18400.0,CE
2022-02-25 13:12:00,1.2,1.25,1.2,1.2,350,173050,18400.0,CE
2022-02-25 13:13:00,1.2,1.2,1.2,1.2,100,173050,18400.0,CE
2022-02-25 13:14:00,1.25,1.25,1.25,1.25,1800,173050,18400.0,CE
2022-02-25 13:15:00,1.2,1.2,1.2,1.2,1650,172250,18400.0,CE
2022-02-25 13:17:00,1.2,1.2,1.2,1.2,550,172250,18400.0,CE
2022-02-25 13:19:00,1.2,1.2,1.2,1.2,200,171750,18400.0,CE
2022-02-25 13:21:00,1.2,1.25,1.2,1.25,150,171750,18400.0,CE
2022-02-25 13:26:00,1.2,1.2,1.2,1.2,450,171750,18400.0,CE
2022-02-25 13:30:00,1.25,1.25,1.25,1.25,7500,171750,18400.0,CE
2022-02-25 13:31:00,1.2,1.2,1.2,1.2,50,171750,18400.0,CE
2022-02-25 13:33:00,1.2,1.2,1.2,1.2,50,166300,18400.0,CE
2022-02-25 13:35:00,1.25,1.25,1.25,1.25,50,166300,18400.0,CE
2022-02-25 13:36:00,1.2,1.2,1.2,1.2,100,166300,18400.0,CE
2022-02-25 13:37:00,1.25,1.25,1.25,1.25,450,166300,18400.0,CE
2022-02-25 13:38:00,1.2,1.2,1.2,1.2,1200,166300,18400.0,CE
2022-02-25 13:39:00,1.2,1.2,1.15,1.2,5900,166150,18400.0,CE
2022-02-25 13:41:00,1.15,1.15,1.15,1.15,1050,166150,18400.0,CE
2022-02-25 13:43:00,1.2,1.2,1.2,1.2,3700,163950,18400.0,CE
2022-02-25 13:44:00,1.2,1.2,1.2,1.2,7150,163950,18400.0,CE
2022-02-25 13:46:00,1.2,1.2,1.2,1.2,1350,154650,18400.0,CE
2022-02-25 13:49:00,1.2,1.2,1.2,1.2,50,154600,18400.0,CE
2022-02-25 13:50:00,1.15,1.15,1.15,1.15,50,154600,18400.0,CE
2022-02-25 13:57:00,1.15,1.15,1.15,1.15,4050,154600,18400.0,CE
2022-02-25 13:58:00,1.15,1.15,1.15,1.15,50,154600,18400.0,CE
2022-02-25 13:59:00,1.2,1.2,1.2,1.2,550,154600,18400.0,CE
2022-02-25 14:00:00,1.2,1.2,1.2,1.2,2050,152650,18400.0,CE
2022-02-25 14:02:00,1.2,1.2,1.2,1.2,1500,152650,18400.0,CE
2022-02-25 14:03:00,1.25,1.25,1.25,1.25,150,152650,18400.0,CE
2022-02-25 14:05:00,1.25,1.25,1.2,1.2,100,152300,18400.0,CE
2022-02-25 14:06:00,1.25,1.25,1.2,1.2,1200,152350,18400.0,CE
2022-02-25 14:07:00,1.2,1.2,1.15,1.15,5200,152350,18400.0,CE
2022-02-25 14:08:00,1.2,1.25,1.2,1.25,1500,152350,18400.0,CE
2022-02-25 14:09:00,1.25,1.25,1.25,1.25,150,153500,18400.0,CE
2022-02-25 14:10:00,1.2,1.25,1.2,1.25,2300,153500,18400.0,CE
2022-02-25 14:13:00,1.25,1.25,1.25,1.25,50,153200,18400.0,CE
2022-02-25 14:14:00,1.2,1.2,1.2,1.2,50,153200,18400.0,CE
2022-02-25 14:15:00,1.25,1.25,1.25,1.25,150,153150,18400.0,CE
2022-02-25 14:16:00,1.25,1.3,1.2,1.3,5550,153150,18400.0,CE
2022-02-25 14:17:00,1.3,1.3,1.25,1.25,2800,153150,18400.0,CE
2022-02-25 14:18:00,1.3,1.3,1.3,1.3,400,151850,18400.0,CE
2022-02-25 14:19:00,1.3,1.3,1.3,1.3,600,151850,18400.0,CE
2022-02-25 14:20:00,1.25,1.25,1.2,1.2,2500,151850,18400.0,CE
2022-02-25 14:21:00,1.2,1.2,1.2,1.2,300,151850,18400.0,CE
2022-02-25 14:22:00,1.25,1.3,1.25,1.3,2350,152400,18400.0,CE
2022-02-25 14:23:00,1.3,1.35,1.25,1.35,5600,152400,18400.0,CE
2022-02-25 14:24:00,1.35,1.35,1.25,1.25,10250,155150,18400.0,CE
2022-02-25 14:25:00,1.3,1.3,1.3,1.3,2600,155150,18400.0,CE
2022-02-25 14:26:00,1.3,1.3,1.25,1.25,2400,155150,18400.0,CE
2022-02-25 14:27:00,1.25,1.3,1.25,1.3,500,161700,18400.0,CE
2022-02-25 14:29:00,1.25,1.25,1.2,1.25,3850,161700,18400.0,CE
2022-02-25 14:31:00,1.25,1.25,1.25,1.25,3800,160650,18400.0,CE
2022-02-25 14:32:00,1.25,1.3,1.2,1.2,13250,160650,18400.0,CE
2022-02-25 14:33:00,1.2,1.2,1.15,1.15,4800,168300,18400.0,CE
2022-02-25 14:34:00,1.15,1.15,1.1,1.1,20200,168300,18400.0,CE
2022-02-25 14:35:00,1.1,1.1,1.1,1.1,550,168300,18400.0,CE
2022-02-25 14:36:00,1.15,1.15,1.1,1.1,14750,164450,18400.0,CE
2022-02-25 14:37:00,1.2,1.2,1.15,1.15,1850,164450,18400.0,CE
2022-02-25 14:38:00,1.2,1.2,1.15,1.15,4200,164450,18400.0,CE
2022-02-25 14:39:00,1.2,1.25,1.15,1.25,4750,163250,18400.0,CE
2022-02-25 14:40:00,1.15,1.25,1.15,1.15,10900,163250,18400.0,CE
2022-02-25 14:42:00,1.15,1.2,1.15,1.15,1100,162450,18400.0,CE
2022-02-25 14:43:00,1.15,1.15,1.15,1.15,1650,162450,18400.0,CE
2022-02-25 14:45:00,1.15,1.15,1.15,1.15,500,162350,18400.0,CE
2022-02-25 14:46:00,1.15,1.15,1.15,1.15,3750,162350,18400.0,CE
2022-02-25 14:47:00,1.15,1.15,1.15,1.15,100,162350,18400.0,CE
2022-02-25 14:48:00,1.1,1.15,1.1,1.15,100,158950,18400.0,CE
2022-02-25 14:49:00,1.1,1.1,1.1,1.1,5650,158950,18400.0,CE
2022-02-25 14:50:00,1.15,1.15,1.15,1.15,50,158950,18400.0,CE
2022-02-25 14:51:00,1.1,1.1,1.1,1.1,8450,157150,18400.0,CE
2022-02-25 14:52:00,1.1,1.15,1.05,1.1,18800,157150,18400.0,CE
2022-02-25 14:53:00,1.0,1.0,0.95,1.0,7350,157150,18400.0,CE
2022-02-25 14:54:00,0.95,0.95,0.9,0.95,6150,159550,18400.0,CE
2022-02-25 14:55:00,0.9,0.9,0.85,0.9,10550,159550,18400.0,CE
2022-02-25 14:56:00,0.9,0.9,0.9,0.9,100,159550,18400.0,CE
2022-02-25 14:57:00,0.95,0.95,0.95,0.95,300,166050,18400.0,CE
2022-02-25 14:58:00,0.9,0.9,0.9,0.9,850,166050,18400.0,CE
2022-02-25 14:59:00,0.85,0.9,0.85,0.9,200,166050,18400.0,CE
2022-02-25 15:00:00,0.9,0.9,0.9,0.9,4200,157250,18400.0,CE
2022-02-25 15:01:00,0.95,0.95,0.9,0.9,100,157250,18400.0,CE
2022-02-25 15:02:00,0.9,0.9,0.9,0.9,100,157250,18400.0,CE
2022-02-25 15:04:00,0.9,0.9,0.9,0.9,50,158100,18400.0,CE
2022-02-25 15:05:00,0.95,0.95,0.95,0.95,1450,158100,18400.0,CE
2022-02-25 15:07:00,0.95,0.95,0.95,0.95,2100,157900,18400.0,CE
2022-02-25 15:08:00,0.95,0.95,0.9,0.95,300,157900,18400.0,CE
2022-02-25 15:09:00,0.95,1.0,0.9,0.95,5400,156050,18400.0,CE
2022-02-25 15:10:00,0.9,1.0,0.9,1.0,4850,156050,18400.0,CE
2022-02-25 15:11:00,0.95,0.95,0.95,0.95,100,156050,18400.0,CE
2022-02-25 15:12:00,0.95,1.0,0.95,1.0,700,155550,18400.0,CE
2022-02-25 15:13:00,0.95,1.0,0.95,0.95,5500,155550,18400.0,CE
2022-02-25 15:14:00,0.9,1.0,0.9,0.95,3600,155550,18400.0,CE
2022-02-25 15:15:00,0.95,1.0,0.95,1.0,1650,155550,18400.0,CE
2022-02-25 15:16:00,1.0,1.0,1.0,1.0,400,154950,18400.0,CE
2022-02-25 15:17:00,1.0,1.0,0.95,1.0,1500,154950,18400.0,CE
2022-02-25 15:18:00,1.0,1.05,1.0,1.0,400,155000,18400.0,CE
2022-02-25 15:19:00,1.05,1.05,1.05,1.05,200,155000,18400.0,CE
2022-02-25 15:20:00,1.05,1.05,1.0,1.0,7850,155000,18400.0,CE
2022-02-25 15:21:00,1.0,1.05,1.0,1.0,2900,150250,18400.0,CE
2022-02-25 15:22:00,1.0,1.05,0.95,1.05,1900,150250,18400.0,CE
2022-02-25 15:23:00,1.05,1.05,1.0,1.0,2000,150250,18400.0,CE
2022-02-25 15:24:00,1.05,1.1,1.05,1.05,2150,148850,18400.0,CE
2022-02-25 15:25:00,1.1,1.1,1.1,1.1,2450,148850,18400.0,CE
2022-02-25 15:26:00,1.05,1.1,1.05,1.1,9250,148850,18400.0,CE
2022-02-25 15:27:00,1.2,1.2,1.1,1.1,4550,147200,18400.0,CE
2022-02-25 15:28:00,1.1,1.2,1.05,1.1,19000,147200,18400.0,CE
2022-02-25 15:29:00,1.2,1.2,1.0,1.0,16450,147200,18400.0,CE
2022-02-28 09:15:00,1.05,1.2,1.0,1.1,5852,146300,18400.0,CE
2022-02-28 09:16:00,1.1,1.1,1.05,1.05,1350,146300,18400.0,CE
2022-02-28 09:17:00,1.1,1.1,1.0,1.0,4350,149650,18400.0,CE
2022-02-28 09:18:00,1.05,1.1,1.05,1.05,9350,149650,18400.0,CE
2022-02-28 09:19:00,1.1,1.1,1.05,1.1,3300,149650,18400.0,CE
2022-02-28 09:20:00,1.05,1.15,1.05,1.1,7700,148050,18400.0,CE
2022-02-28 09:21:00,1.15,1.15,1.1,1.1,4850,148050,18400.0,CE
2022-02-28 09:22:00,1.1,1.2,1.1,1.1,1550,148050,18400.0,CE
2022-02-28 09:23:00,1.1,1.2,1.1,1.15,5900,152650,18400.0,CE
2022-02-28 09:24:00,1.1,1.15,1.1,1.1,800,152650,18400.0,CE
2022-02-28 09:25:00,1.15,1.15,1.1,1.15,3950,152650,18400.0,CE
2022-02-28 09:26:00,1.15,1.15,1.1,1.1,3900,158450,18400.0,CE
2022-02-28 09:27:00,1.15,1.15,1.15,1.15,500,158450,18400.0,CE
2022-02-28 09:28:00,1.15,1.2,1.15,1.2,10200,158450,18400.0,CE
2022-02-28 09:29:00,1.1,1.15,1.1,1.15,3750,163300,18400.0,CE
2022-02-28 09:30:00,1.15,1.15,1.15,1.15,2200,163300,18400.0,CE
2022-02-28 09:31:00,1.1,1.1,1.1,1.1,2300,163300,18400.0,CE
2022-02-28 09:32:00,1.1,1.15,1.1,1.1,150,163300,18400.0,CE
2022-02-28 09:33:00,1.1,1.15,1.1,1.15,200,165050,18400.0,CE
2022-02-28 09:34:00,1.15,1.15,1.1,1.1,2700,165050,18400.0,CE
2022-02-28 09:35:00,1.1,1.1,1.05,1.05,1400,165000,18400.0,CE
2022-02-28 09:36:00,1.1,1.1,1.1,1.1,550,165000,18400.0,CE
2022-02-28 09:37:00,1.05,1.05,1.05,1.05,150,165000,18400.0,CE
2022-02-28 09:38:00,1.1,1.1,1.05,1.05,2600,164950,18400.0,CE
2022-02-28 09:39:00,1.05,1.05,1.05,1.05,50,164950,18400.0,CE
2022-02-28 09:40:00,1.1,1.1,1.1,1.1,900,164950,18400.0,CE
2022-02-28 09:41:00,1.05,1.05,1.05,1.05,2500,164950,18400.0,CE
2022-02-28 09:42:00,1.05,1.1,1.05,1.1,9000,164950,18400.0,CE
2022-02-28 09:43:00,1.1,1.1,1.1,1.1,1000,164950,18400.0,CE
2022-02-28 09:44:00,1.1,1.1,1.1,1.1,1050,171750,18400.0,CE
2022-02-28 09:45:00,1.1,1.1,1.1,1.1,50,171750,18400.0,CE
2022-02-28 09:46:00,1.05,1.05,1.05,1.05,100,171750,18400.0,CE
2022-02-28 09:47:00,1.05,1.05,1.05,1.05,1500,172700,18400.0,CE
2022-02-28 09:48:00,1.05,1.05,1.0,1.0,12850,172700,18400.0,CE
2022-02-28 09:49:00,1.0,1.05,1.0,1.05,1500,172700,18400.0,CE
2022-02-28 09:50:00,1.05,1.05,1.0,1.05,2750,168250,18400.0,CE
2022-02-28 09:51:00,1.0,1.05,1.0,1.05,1250,168250,18400.0,CE
2022-02-28 09:54:00,1.05,1.1,1.05,1.1,4000,166800,18400.0,CE
2022-02-28 09:55:00,1.05,1.1,1.05,1.1,800,166800,18400.0,CE
2022-02-28 09:56:00,1.1,1.1,1.1,1.1,350,169000,18400.0,CE
2022-02-28 09:57:00,1.05,1.05,1.05,1.05,3050,169000,18400.0,CE
2022-02-28 09:59:00,1.05,1.05,1.05,1.05,300,169000,18400.0,CE
2022-02-28 10:00:00,1.05,1.1,1.05,1.1,350,170800,18400.0,CE
2022-02-28 10:01:00,1.1,1.1,1.1,1.1,50,170800,18400.0,CE
2022-02-28 10:02:00,1.05,1.05,1.05,1.05,50,171000,18400.0,CE
2022-02-28 10:03:00,1.05,1.05,1.05,1.05,2450,171000,18400.0,CE
2022-02-28 10:04:00,1.1,1.1,1.05,1.05,1700,171000,18400.0,CE
2022-02-28 10:05:00,1.05,1.1,1.05,1.05,3200,172350,18400.0,CE
2022-02-28 10:07:00,1.05,1.05,1.05,1.05,1150,172350,18400.0,CE
2022-02-28 10:10:00,1.05,1.05,1.0,1.0,800,175350,18400.0,CE
2022-02-28 10:11:00,1.05,1.05,1.05,1.05,1450,175650,18400.0,CE
2022-02-28 10:12:00,1.05,1.05,1.05,1.05,900,175650,18400.0,CE
2022-02-28 10:13:00,1.05,1.05,1.0,1.0,2200,175650,18400.0,CE
2022-02-28 10:14:00,1.05,1.05,1.05,1.05,1800,175650,18400.0,CE
2022-02-28 10:15:00,1.0,1.0,1.0,1.0,100,178400,18400.0,CE
2022-02-28 10:17:00,1.05,1.05,1.05,1.05,5050,178400,18400.0,CE
2022-02-28 10:18:00,1.0,1.05,1.0,1.05,4450,181150,18400.0,CE
2022-02-28 10:20:00,1.05,1.05,1.0,1.05,4250,177250,18400.0,CE
2022-02-28 10:21:00,1.05,1.05,1.05,1.05,2900,177250,18400.0,CE
2022-02-28 10:22:00,1.05,1.05,1.05,1.05,4700,177250,18400.0,CE
2022-02-28 10:23:00,1.05,1.05,1.0,1.05,3000,179800,18400.0,CE
2022-02-28 10:25:00,1.0,1.0,1.0,1.0,50,179800,18400.0,CE
2022-02-28 10:26:00,1.05,1.05,1.0,1.0,1400,179800,18400.0,CE
2022-02-28 10:27:00,1.05,1.05,1.05,1.05,3000,180450,18400.0,CE
2022-02-28 10:28:00,1.05,1.05,1.05,1.05,50,180450,18400.0,CE
2022-02-28 10:29:00,1.05,1.05,1.05,1.05,500,180450,18400.0,CE
2022-02-28 10:32:00,1.05,1.05,1.05,1.05,450,179000,18400.0,CE
2022-02-28 10:34:00,1.05,1.05,1.05,1.05,500,178950,18400.0,CE
2022-02-28 10:36:00,1.05,1.05,1.05,1.05,500,178950,18400.0,CE
2022-02-28 10:37:00,1.05,1.05,1.05,1.05,1100,178650,18400.0,CE
2022-02-28 10:39:00,1.05,1.1,1.05,1.1,2350,177350,18400.0,CE
2022-02-28 10:40:00,1.05,1.05,1.05,1.05,50,177350,18400.0,CE
2022-02-28 10:41:00,1.05,1.05,1.05,1.05,1600,176700,18400.0,CE
2022-02-28 10:42:00,1.05,1.05,1.05,1.05,1050,176700,18400.0,CE
2022-02-28 10:43:00,1.05,1.05,1.0,1.05,1050,176700,18400.0,CE
2022-02-28 10:46:00,1.0,1.0,1.0,1.0,150,173650,18400.0,CE
2022-02-28 10:47:00,1.0,1.0,1.0,1.0,50,173650,18400.0,CE
2022-02-28 10:48:00,1.05,1.05,1.05,1.05,50,173650,18400.0,CE
2022-02-28 10:49:00,1.05,1.05,1.05,1.05,50,173650,18400.0,CE
2022-02-28 10:50:00,1.0,1.0,1.0,1.0,1000,173650,18400.0,CE
2022-02-28 10:51:00,1.05,1.05,1.05,1.05,50,173650,18400.0,CE
2022-02-28 10:52:00,1.05,1.1,1.05,1.1,3400,173750,18400.0,CE
2022-02-28 10:53:00,1.05,1.1,1.05,1.1,250,175150,18400.0,CE
2022-02-28 10:54:00,1.1,1.1,1.1,1.1,1100,175150,18400.0,CE
2022-02-28 10:55:00,1.1,1.1,1.1,1.1,3100,175150,18400.0,CE
2022-02-28 10:56:00,1.1,1.1,1.05,1.05,250,175150,18400.0,CE
2022-02-28 10:57:00,1.05,1.05,1.05,1.05,1800,178950,18400.0,CE
2022-02-28 10:58:00,1.05,1.05,1.05,1.05,1050,178950,18400.0,CE
2022-02-28 10:59:00,1.05,1.05,1.0,1.05,2050,176250,18400.0,CE
2022-02-28 11:00:00,1.0,1.0,1.0,1.0,1200,176250,18400.0,CE
2022-02-28 11:01:00,1.0,1.0,1.0,1.0,2350,176250,18400.0,CE
2022-02-28 11:02:00,1.05,1.05,1.0,1.0,2550,173850,18400.0,CE
2022-02-28 11:03:00,0.95,0.95,0.95,0.95,100,173850,18400.0,CE
2022-02-28 11:04:00,0.95,0.95,0.95,0.95,750,173850,18400.0,CE
2022-02-28 11:05:00,0.95,1.0,0.95,1.0,1750,173750,18400.0,CE
2022-02-28 11:06:00,0.95,1.0,0.95,0.95,1400,173750,18400.0,CE
2022-02-28 11:07:00,0.95,1.0,0.95,1.0,250,173750,18400.0,CE
2022-02-28 11:08:00,0.95,0.95,0.95,0.95,100,173750,18400.0,CE
2022-02-28 11:10:00,0.95,0.95,0.95,0.95,50,173750,18400.0,CE
2022-02-28 11:11:00,0.95,0.95,0.95,0.95,350,172450,18400.0,CE
2022-02-28 11:14:00,0.95,0.95,0.95,0.95,200,172450,18400.0,CE
2022-02-28 11:15:00,1.0,1.0,1.0,1.0,500,172200,18400.0,CE
2022-02-28 11:17:00,1.0,1.0,0.95,0.95,350,172300,18400.0,CE
2022-02-28 11:20:00,0.95,0.95,0.95,0.95,50,172300,18400.0,CE
2022-02-28 11:21:00,0.95,0.95,0.95,0.95,350,172300,18400.0,CE
2022-02-28 11:23:00,0.95,0.95,0.95,0.95,300,171850,18400.0,CE
2022-02-28 11:24:00,1.0,1.0,1.0,1.0,50,171850,18400.0,CE
2022-02-28 11:25:00,1.0,1.0,1.0,1.0,50,171850,18400.0,CE
2022-02-28 11:26:00,1.0,1.0,1.0,1.0,4400,171850,18400.0,CE
2022-02-28 11:27:00,1.0,1.05,0.95,1.05,5400,167950,18400.0,CE
2022-02-28 11:28:00,1.0,1.0,1.0,1.0,1550,167950,18400.0,CE
2022-02-28 11:30:00,1.0,1.0,0.95,0.95,3650,170500,18400.0,CE
2022-02-28 11:32:00,0.95,0.95,0.95,0.95,1450,169900,18400.0,CE
2022-02-28 11:33:00,1.0,1.0,0.95,0.95,4500,169900,18400.0,CE
2022-02-28 11:34:00,1.0,1.0,1.0,1.0,1850,169900,18400.0,CE
2022-02-28 11:35:00,1.0,1.0,1.0,1.0,150,171800,18400.0,CE
2022-02-28 11:36:00,0.95,0.95,0.95,0.95,50,171800,18400.0,CE
2022-02-28 11:38:00,1.0,1.0,1.0,1.0,550,172350,18400.0,CE
2022-02-28 11:39:00,1.0,1.0,1.0,1.0,4250,172350,18400.0,CE
2022-02-28 11:40:00,1.0,1.0,1.0,1.0,2050,172350,18400.0,CE
2022-02-28 11:41:00,0.95,0.95,0.95,0.95,100,170500,18400.0,CE
2022-02-28 11:44:00,0.95,0.95,0.95,0.95,100,170500,18400.0,CE
2022-02-28 11:45:00,1.0,1.0,0.95,0.95,1700,170500,18400.0,CE
2022-02-28 11:46:00,1.0,1.0,1.0,1.0,4500,170500,18400.0,CE
2022-02-28 11:47:00,1.0,1.0,1.0,1.0,100,170500,18400.0,CE
2022-02-28 11:48:00,1.0,1.0,1.0,1.0,50,165850,18400.0,CE
2022-02-28 11:49:00,1.05,1.05,1.05,1.05,50,165850,18400.0,CE
2022-02-28 11:51:00,1.0,1.0,1.0,1.0,1450,165900,18400.0,CE
2022-02-28 11:52:00,1.0,1.0,1.0,1.0,300,165900,18400.0,CE
2022-02-28 11:53:00,1.05,1.05,1.05,1.05,150,165900,18400.0,CE
2022-02-28 11:54:00,1.05,1.05,1.05,1.05,550,165650,18400.0,CE
2022-02-28 11:55:00,1.0,1.05,1.0,1.0,400,165650,18400.0,CE
2022-02-28 11:56:00,1.0,1.05,1.0,1.0,1800,165650,18400.0,CE
2022-02-28 11:57:00,1.05,1.05,1.0,1.0,800,165650,18400.0,CE
2022-02-28 11:58:00,1.05,1.05,0.95,1.0,400,165650,18400.0,CE
2022-02-28 11:59:00,1.0,1.0,0.95,0.95,1200,165700,18400.0,CE
2022-02-28 12:00:00,1.0,1.05,0.95,1.0,3450,165700,18400.0,CE
2022-02-28 12:01:00,1.0,1.05,1.0,1.05,2550,165700,18400.0,CE
2022-02-28 12:04:00,0.95,1.0,0.9,0.95,24200,166400,18400.0,CE
2022-02-28 12:05:00,0.95,0.95,0.85,0.85,6500,166400,18400.0,CE
2022-02-28 12:06:00,0.85,0.95,0.85,0.95,1550,161200,18400.0,CE
2022-02-28 12:07:00,0.95,0.95,0.9,0.9,750,161200,18400.0,CE
2022-02-28 12:08:00,0.9,0.95,0.9,0.95,13850,158200,18400.0,CE
2022-02-28 12:09:00,0.95,0.95,0.9,0.9,4950,158200,18400.0,CE
2022-02-28 12:10:00,0.95,0.95,0.9,0.9,2550,158200,18400.0,CE
2022-02-28 12:11:00,0.9,0.95,0.9,0.9,5000,156900,18400.0,CE
2022-02-28 12:12:00,0.85,0.9,0.85,0.9,2050,156900,18400.0,CE
2022-02-28 12:13:00,0.9,0.9,0.9,0.9,600,156900,18400.0,CE
2022-02-28 12:14:00,0.9,0.9,0.85,0.85,1700,156900,18400.0,CE
2022-02-28 12:15:00,0.9,0.9,0.85,0.9,1150,152400,18400.0,CE
2022-02-28 12:16:00,0.85,0.85,0.85,0.85,100,152400,18400.0,CE
2022-02-28 12:17:00,0.85,0.85,0.85,0.85,100,152400,18400.0,CE
2022-02-28 12:18:00,0.85,0.85,0.85,0.85,150,152100,18400.0,CE
2022-02-28 12:20:00,0.85,0.85,0.85,0.85,400,152100,18400.0,CE
2022-02-28 12:21:00,0.85,0.85,0.85,0.85,50,152100,18400.0,CE
2022-02-28 12:22:00,0.85,0.85,0.85,0.85,1050,152100,18400.0,CE
2022-02-28 12:23:00,0.9,0.9,0.85,0.9,500,152100,18400.0,CE
2022-02-28 12:25:00,0.85,0.85,0.8,0.8,5850,152100,18400.0,CE
2022-02-28 12:26:00,0.8,0.8,0.8,0.8,50,152100,18400.0,CE
2022-02-28 12:27:00,0.8,0.85,0.8,0.85,150,152900,18400.0,CE
2022-02-28 12:28:00,0.85,0.85,0.8,0.8,500,152900,18400.0,CE
2022-02-28 12:31:00,0.8,0.85,0.8,0.85,1050,152900,18400.0,CE
2022-02-28 12:32:00,0.85,0.85,0.85,0.85,1150,152900,18400.0,CE
2022-02-28 12:33:00,0.85,0.85,0.8,0.85,1250,152900,18400.0,CE
2022-02-28 12:34:00,0.85,0.85,0.85,0.85,350,152900,18400.0,CE
2022-02-28 12:35:00,0.85,0.9,0.85,0.9,2300,152900,18400.0,CE
2022-02-28 12:36:00,0.85,0.95,0.85,0.9,10950,155150,18400.0,CE
2022-02-28 12:37:00,0.95,0.95,0.85,0.95,9750,155150,18400.0,CE
2022-02-28 12:38:00,0.95,0.95,0.95,0.95,600,155150,18400.0,CE
2022-02-28 12:39:00,0.9,0.9,0.85,0.85,1100,157850,18400.0,CE
2022-02-28 12:41:00,0.9,0.9,0.9,0.9,50,157850,18400.0,CE
2022-02-28 12:46:00,0.9,0.9,0.9,0.9,400,157150,18400.0,CE
2022-02-28 12:47:00,0.9,0.9,0.9,0.9,50,157150,18400.0,CE
2022-02-28 12:48:00,0.9,0.9,0.9,0.9,50,157350,18400.0,CE
2022-02-28 12:49:00,0.9,0.9,0.9,0.9,100,157350,18400.0,CE
2022-02-28 12:50:00,0.85,0.85,0.85,0.85,150,157350,18400.0,CE
2022-02-28 12:51:00,0.9,0.9,0.9,0.9,1000,157500,18400.0,CE
2022-02-28 12:55:00,0.85,0.85,0.85,0.85,50,158500,18400.0,CE
2022-02-28 12:56:00,0.9,0.9,0.9,0.9,250,158500,18400.0,CE
2022-02-28 12:57:00,0.9,0.9,0.9,0.9,350,158700,18400.0,CE
2022-02-28 12:58:00,0.9,0.9,0.85,0.85,100,158700,18400.0,CE
2022-02-28 13:01:00,0.85,0.85,0.85,0.85,4200,158950,18400.0,CE
2022-02-28 13:02:00,0.85,0.85,0.85,0.85,50,158950,18400.0,CE
2022-02-28 13:03:00,0.85,0.85,0.85,0.85,1000,159500,18400.0,CE
2022-02-28 13:05:00,0.9,0.9,0.9,0.9,150,159500,18400.0,CE
2022-02-28 13:06:00,0.85,0.85,0.85,0.85,700,159500,18400.0,CE
2022-02-28 13:09:00,0.85,0.85,0.85,0.85,50,159500,18400.0,CE
2022-02-28 13:10:00,0.9,0.9,0.9,0.9,250,159500,18400.0,CE
2022-02-28 13:11:00,0.9,0.9,0.85,0.85,500,159500,18400.0,CE
2022-02-28 13:15:00,0.9,0.9,0.9,0.9,1450,159300,18400.0,CE
2022-02-28 13:19:00,0.85,0.85,0.85,0.85,300,158150,18400.0,CE
2022-02-28 13:20:00,0.85,0.85,0.85,0.85,50,158150,18400.0,CE
2022-02-28 13:24:00,0.9,0.9,0.9,0.9,150,158150,18400.0,CE
2022-02-28 13:25:00,0.85,0.85,0.85,0.85,50,158150,18400.0,CE
2022-02-28 13:26:00,0.9,0.9,0.9,0.9,150,158150,18400.0,CE
2022-02-28 13:27:00,0.9,0.9,0.9,0.9,50,158150,18400.0,CE
2022-02-28 13:28:00,0.9,0.9,0.85,0.85,100,158150,18400.0,CE
2022-02-28 13:30:00,0.85,0.85,0.85,0.85,200,158200,18400.0,CE
2022-02-28 13:32:00,0.9,0.9,0.9,0.9,400,158200,18400.0,CE
2022-02-28 13:33:00,0.9,0.9,0.9,0.9,700,158200,18400.0,CE
2022-02-28 13:34:00,0.95,0.95,0.95,0.95,1800,158200,18400.0,CE
2022-02-28 13:35:00,1.0,1.0,1.0,1.0,850,158200,18400.0,CE
2022-02-28 13:36:00,1.0,1.0,1.0,1.0,200,159850,18400.0,CE
2022-02-28 13:37:00,1.0,1.0,1.0,1.0,2100,159850,18400.0,CE
2022-02-28 13:38:00,1.0,1.0,1.0,1.0,350,159850,18400.0,CE
2022-02-28 13:39:00,1.0,1.05,1.0,1.0,200,159400,18400.0,CE
2022-02-28 13:40:00,1.0,1.0,1.0,1.0,1150,159400,18400.0,CE
2022-02-28 13:42:00,1.0,1.0,1.0,1.0,300,158150,18400.0,CE
2022-02-28 13:43:00,1.0,1.05,1.0,1.05,350,158150,18400.0,CE
2022-02-28 13:44:00,1.0,1.05,1.0,1.05,1050,158150,18400.0,CE
2022-02-28 13:46:00,1.0,1.05,1.0,1.0,1750,159600,18400.0,CE
2022-02-28 13:47:00,1.05,1.05,1.0,1.0,100,159600,18400.0,CE
2022-02-28 13:49:00,1.0,1.0,1.0,1.0,250,160950,18400.0,CE
2022-02-28 13:50:00,1.0,1.0,1.0,1.0,150,160950,18400.0,CE
2022-02-28 13:52:00,1.0,1.0,1.0,1.0,1800,160950,18400.0,CE
2022-02-28 13:53:00,1.0,1.05,1.0,1.05,150,160950,18400.0,CE
2022-02-28 13:55:00,1.0,1.05,1.0,1.05,550,159250,18400.0,CE
2022-02-28 13:56:00,1.0,1.05,1.0,1.0,300,159250,18400.0,CE
2022-02-28 13:57:00,1.0,1.0,1.0,1.0,100,159250,18400.0,CE
2022-02-28 13:58:00,1.0,1.0,1.0,1.0,350,158750,18400.0,CE
2022-02-28 13:59:00,1.0,1.05,1.0,1.0,1700,158750,18400.0,CE
2022-02-28 14:00:00,1.05,1.05,1.0,1.05,2100,157650,18400.0,CE
2022-02-28 14:01:00,1.0,1.0,1.0,1.0,50,157650,18400.0,CE
2022-02-28 14:02:00,1.0,1.0,1.0,1.0,350,157650,18400.0,CE
2022-02-28 14:05:00,1.0,1.0,1.0,1.0,50,159100,18400.0,CE
2022-02-28 14:07:00,1.05,1.05,1.05,1.05,150,159100,18400.0,CE
2022-02-28 14:10:00,1.0,1.0,1.0,1.0,200,159100,18400.0,CE
2022-02-28 14:11:00,1.0,1.0,1.0,1.0,50,159000,18400.0,CE
2022-02-28 14:13:00,1.05,1.05,1.05,1.05,50,159000,18400.0,CE
2022-02-28 14:14:00,1.05,1.05,1.0,1.0,900,159000,18400.0,CE
2022-02-28 14:15:00,1.0,1.0,1.0,1.0,150,159000,18400.0,CE
2022-02-28 14:16:00,1.05,1.05,1.05,1.05,50,159000,18400.0,CE
2022-02-28 14:17:00,1.05,1.05,1.0,1.0,800,159000,18400.0,CE
2022-02-28 14:19:00,1.0,1.0,1.0,1.0,700,159000,18400.0,CE
2022-02-28 14:20:00,1.0,1.05,1.0,1.0,600,159000,18400.0,CE
2022-02-28 14:21:00,1.05,1.05,1.05,1.05,1550,158950,18400.0,CE
2022-02-28 14:22:00,1.05,1.05,1.05,1.05,50,158950,18400.0,CE
2022-02-28 14:23:00,1.05,1.05,1.05,1.05,50,158950,18400.0,CE
2022-02-28 14:24:00,1.05,1.05,1.05,1.05,150,158950,18400.0,CE
2022-02-28 14:25:00,1.0,1.05,1.0,1.05,750,158950,18400.0,CE
2022-02-28 14:28:00,1.0,1.0,1.0,1.0,1300,158950,18400.0,CE
2022-02-28 14:30:00,1.05,1.05,1.0,1.05,200,158900,18400.0,CE
2022-02-28 14:31:00,1.05,1.05,1.05,1.05,150,158900,18400.0,CE
2022-02-28 14:32:00,1.05,1.05,1.0,1.0,400,158900,18400.0,CE
2022-02-28 14:33:00,1.05,1.05,1.0,1.0,1050,158900,18400.0,CE
2022-02-28 14:34:00,1.0,1.0,1.0,1.0,50,158900,18400.0,CE
2022-02-28 14:35:00,1.0,1.05,1.0,1.05,650,158900,18400.0,CE
2022-02-28 14:36:00,1.05,1.05,1.05,1.05,150,158900,18400.0,CE
2022-02-28 14:39:00,1.0,1.05,1.0,1.05,1500,158850,18400.0,CE
2022-02-28 14:40:00,1.05,1.05,1.0,1.05,3800,158850,18400.0,CE
2022-02-28 14:41:00,1.05,1.05,1.0,1.0,1350,158850,18400.0,CE
2022-02-28 14:42:00,1.0,1.0,0.95,0.95,5850,158850,18400.0,CE
2022-02-28 14:43:00,0.95,0.95,0.95,0.95,6600,158850,18400.0,CE
2022-02-28 14:44:00,0.9,0.9,0.9,0.9,450,158850,18400.0,CE
2022-02-28 14:45:00,0.95,0.95,0.9,0.9,450,161750,18400.0,CE
2022-02-28 14:46:00,0.95,0.95,0.95,0.95,1900,161750,18400.0,CE
2022-02-28 14:49:00,0.95,0.95,0.9,0.9,300,162000,18400.0,CE
2022-02-28 14:50:00,0.95,0.95,0.95,0.95,600,162000,18400.0,CE
2022-02-28 14:52:00,0.95,1.0,0.95,1.0,4300,162300,18400.0,CE
2022-02-28 14:53:00,1.0,1.0,0.95,0.95,1000,162300,18400.0,CE
2022-02-28 14:54:00,0.95,1.0,0.95,0.95,3100,163050,18400.0,CE
2022-02-28 14:55:00,1.0,1.0,0.95,1.0,2650,163050,18400.0,CE
2022-02-28 14:56:00,0.95,0.95,0.9,0.9,5150,163050,18400.0,CE
2022-02-28 14:57:00,0.9,0.9,0.9,0.9,700,161800,18400.0,CE
2022-02-28 14:58:00,0.95,0.95,0.95,0.95,2000,161800,18400.0,CE
2022-02-28 14:59:00,0.95,1.0,0.95,0.95,1750,161800,18400.0,CE
2022-02-28 15:00:00,1.0,1.0,0.95,0.95,1000,159450,18400.0,CE
2022-02-28 15:01:00,0.95,1.0,0.85,0.85,10050,159450,18400.0,CE
2022-02-28 15:02:00,0.85,0.9,0.8,0.85,2150,159450,18400.0,CE
2022-02-28 15:03:00,0.9,0.95,0.85,0.85,750,161850,18400.0,CE
2022-02-28 15:04:00,0.9,0.95,0.85,0.9,2850,161850,18400.0,CE
2022-02-28 15:05:00,0.9,0.9,0.85,0.85,1550,161850,18400.0,CE
2022-02-28 15:06:00,0.85,0.85,0.85,0.85,800,161850,18400.0,CE
2022-02-28 15:07:00,0.85,0.9,0.85,0.9,2100,161650,18400.0,CE
2022-02-28 15:08:00,0.9,0.9,0.85,0.9,7350,161650,18400.0,CE
2022-02-28 15:09:00,0.9,0.95,0.85,0.9,3400,158650,18400.0,CE
2022-02-28 15:10:00,0.95,0.95,0.95,0.95,100,158650,18400.0,CE
2022-02-28 15:11:00,0.95,0.95,0.95,0.95,100,158650,18400.0,CE
2022-02-28 15:12:00,0.95,0.95,0.95,0.95,100,157200,18400.0,CE
2022-02-28 15:13:00,0.85,0.85,0.85,0.85,2100,157200,18400.0,CE
2022-02-28 15:14:00,0.9,0.9,0.9,0.9,1250,157200,18400.0,CE
2022-02-28 15:15:00,0.85,0.95,0.85,0.95,2100,159650,18400.0,CE
2022-02-28 15:16:00,0.95,0.95,0.85,0.95,5450,159650,18400.0,CE
2022-02-28 15:17:00,0.9,0.9,0.9,0.9,5150,159650,18400.0,CE
2022-02-28 15:18:00,0.9,0.95,0.85,0.95,10950,160650,18400.0,CE
2022-02-28 15:19:00,0.9,0.9,0.8,0.85,11150,160650,18400.0,CE
2022-02-28 15:20:00,0.9,0.9,0.85,0.85,7350,160650,18400.0,CE
2022-02-28 15:21:00,0.9,0.9,0.9,0.9,2300,163900,18400.0,CE
2022-02-28 15:22:00,0.85,0.9,0.8,0.85,5250,163900,18400.0,CE
2022-02-28 15:23:00,0.85,0.85,0.8,0.8,650,163900,18400.0,CE
2022-02-28 15:24:00,0.85,0.85,0.85,0.85,600,163900,18400.0,CE
2022-02-28 15:25:00,0.85,0.95,0.85,0.9,8750,168350,18400.0,CE
2022-02-28 15:26:00,0.95,0.95,0.9,0.9,2550,168350,18400.0,CE
2022-02-28 15:27:00,0.9,0.95,0.85,0.85,3900,168500,18400.0,CE
2022-02-28 15:28:00,0.85,0.9,0.8,0.85,8300,168500,18400.0,CE
2022-02-28 15:29:00,0.8,0.9,0.8,0.8,3350,168500,18400.0,CE
2022-03-02 09:15:00,0.9,1.1,0.6,0.8,3702,169650,18400.0,CE
2022-03-02 09:16:00,0.9,0.9,0.8,0.85,5400,169650,18400.0,CE
2022-03-02 09:17:00,0.85,0.9,0.8,0.8,3300,173650,18400.0,CE
2022-03-02 09:18:00,0.8,0.95,0.75,0.85,16850,173650,18400.0,CE
2022-03-02 09:19:00,0.85,1.0,0.85,0.9,17550,173650,18400.0,CE
2022-03-02 09:20:00,1.0,1.1,0.95,1.05,18250,190400,18400.0,CE
2022-03-02 09:21:00,1.05,1.05,1.0,1.05,3750,190400,18400.0,CE
2022-03-02 09:22:00,1.0,1.05,1.0,1.05,3300,190400,18400.0,CE
2022-03-02 09:23:00,1.05,1.1,1.05,1.1,4750,191400,18400.0,CE
2022-03-02 09:24:00,1.05,1.1,1.0,1.05,10800,191400,18400.0,CE
2022-03-02 09:25:00,1.0,1.05,1.0,1.05,13600,191400,18400.0,CE
2022-03-02 09:26:00,1.05,1.1,1.05,1.1,4650,187700,18400.0,CE
2022-03-02 09:27:00,1.05,1.1,1.0,1.0,3750,187700,18400.0,CE
2022-03-02 09:28:00,1.05,1.05,1.0,1.0,950,187700,18400.0,CE
2022-03-02 09:29:00,1.0,1.05,1.0,1.0,800,186600,18400.0,CE
2022-03-02 09:30:00,1.05,1.05,1.0,1.0,5500,186600,18400.0,CE
2022-03-02 09:31:00,1.05,1.1,1.0,1.05,11350,186600,18400.0,CE
2022-03-02 09:32:00,1.05,1.05,1.0,1.0,1350,188300,18400.0,CE
2022-03-02 09:33:00,1.0,1.05,1.0,1.05,850,188300,18400.0,CE
2022-03-02 09:34:00,1.05,1.05,1.0,1.0,2550,188300,18400.0,CE
2022-03-02 09:35:00,1.0,1.05,1.0,1.05,2100,187000,18400.0,CE
2022-03-02 09:36:00,1.0,1.0,1.0,1.0,50,187000,18400.0,CE
2022-03-02 09:37:00,1.0,1.05,1.0,1.0,1350,187000,18400.0,CE
2022-03-02 09:38:00,1.05,1.05,1.05,1.05,1250,184700,18400.0,CE
2022-03-02 09:39:00,1.05,1.05,1.0,1.0,9950,184700,18400.0,CE
2022-03-02 09:40:00,1.05,1.15,1.05,1.15,8200,184700,18400.0,CE
2022-03-02 09:41:00,1.15,1.15,1.1,1.1,4300,180600,18400.0,CE
2022-03-02 09:42:00,1.1,1.15,1.1,1.1,1800,180600,18400.0,CE
2022-03-02 09:43:00,1.1,1.1,1.1,1.1,1200,180600,18400.0,CE
2022-03-02 09:44:00,1.05,1.05,1.05,1.05,350,180850,18400.0,CE
2022-03-02 09:45:00,1.05,1.05,1.05,1.05,1900,180850,18400.0,CE
2022-03-02 09:46:00,1.05,1.05,1.05,1.05,200,180850,18400.0,CE
2022-03-02 09:47:00,1.05,1.05,1.05,1.05,200,182700,18400.0,CE
2022-03-02 09:48:00,1.05,1.05,1.05,1.05,1200,182700,18400.0,CE
2022-03-02 09:50:00,1.05,1.05,1.0,1.0,200,182700,18400.0,CE
2022-03-02 09:52:00,1.05,1.05,1.05,1.05,650,182700,18400.0,CE
2022-03-02 09:53:00,1.0,1.05,1.0,1.05,700,182500,18400.0,CE
2022-03-02 09:54:00,1.05,1.05,1.05,1.05,1000,182500,18400.0,CE
2022-03-02 09:55:00,1.05,1.05,1.0,1.05,6000,182500,18400.0,CE
2022-03-02 09:56:00,1.05,1.1,1.0,1.05,6550,175550,18400.0,CE
2022-03-02 09:57:00,1.05,1.05,1.05,1.05,100,175550,18400.0,CE
2022-03-02 09:58:00,1.05,1.05,1.05,1.05,250,175550,18400.0,CE
2022-03-02 10:00:00,1.05,1.1,1.05,1.1,550,174950,18400.0,CE
2022-03-02 10:01:00,1.1,1.1,1.1,1.1,500,174950,18400.0,CE
2022-03-02 10:03:00,1.1,1.1,1.1,1.1,50,174950,18400.0,CE
2022-03-02 10:04:00,1.05,1.05,1.05,1.05,100,175600,18400.0,CE
2022-03-02 10:05:00,1.05,1.05,1.05,1.05,50,175600,18400.0,CE
2022-03-02 10:06:00,1.05,1.05,1.05,1.05,5450,175750,18400.0,CE
2022-03-02 10:07:00,1.05,1.05,1.05,1.05,3500,175750,18400.0,CE
2022-03-02 10:08:00,1.1,1.1,1.1,1.1,11550,165100,18400.0,CE
2022-03-02 10:09:00,1.1,1.15,1.1,1.15,1850,165100,18400.0,CE
2022-03-02 10:11:00,1.1,1.1,1.1,1.1,1050,165100,18400.0,CE
2022-03-02 10:12:00,1.1,1.15,1.1,1.15,19550,161550,18400.0,CE
2022-03-02 10:13:00,1.15,1.2,1.15,1.15,5000,161550,18400.0,CE
2022-03-02 10:14:00,1.2,1.2,1.2,1.2,13450,154000,18400.0,CE
2022-03-02 10:16:00,1.2,1.2,1.2,1.2,100,154000,18400.0,CE
2022-03-02 10:17:00,1.2,1.2,1.2,1.2,1450,153500,18400.0,CE
2022-03-02 10:18:00,1.2,1.2,1.2,1.2,1600,153500,18400.0,CE
2022-03-02 10:19:00,1.15,1.15,1.15,1.15,150,153500,18400.0,CE
2022-03-02 10:20:00,1.2,1.2,1.2,1.2,50,153600,18400.0,CE
2022-03-02 10:21:00,1.15,1.2,1.15,1.15,6700,153600,18400.0,CE
2022-03-02 10:22:00,1.15,1.15,1.15,1.15,2200,153600,18400.0,CE
2022-03-02 10:23:00,1.15,1.2,1.15,1.2,1500,153600,18400.0,CE
2022-03-02 10:24:00,1.2,1.2,1.2,1.2,100,153850,18400.0,CE
2022-03-02 10:25:00,1.2,1.2,1.2,1.2,1500,153850,18400.0,CE
2022-03-02 10:26:00,1.15,1.2,1.15,1.2,12300,153850,18400.0,CE
2022-03-02 10:27:00,1.15,1.15,1.15,1.15,100,154050,18400.0,CE
2022-03-02 10:28:00,1.15,1.15,1.15,1.15,2000,154050,18400.0,CE
2022-03-02 10:30:00,1.15,1.15,1.15,1.15,100,152200,18400.0,CE
2022-03-02 10:31:00,1.15,1.2,1.15,1.15,1400,152200,18400.0,CE
2022-03-02 10:32:00,1.2,1.2,1.2,1.2,200,152200,18400.0,CE
2022-03-02 10:33:00,1.2,1.2,1.2,1.2,100,152250,18400.0,CE
2022-03-02 10:34:00,1.2,1.2,1.15,1.15,200,152250,18400.0,CE
2022-03-02 10:38:00,1.15,1.15,1.15,1.15,500,152100,18400.0,CE
2022-03-02 10:39:00,1.15,1.15,1.15,1.15,50,152000,18400.0,CE
2022-03-02 10:40:00,1.2,1.2,1.2,1.2,50,152000,18400.0,CE
2022-03-02 10:42:00,1.2,1.2,1.15,1.15,1050,151950,18400.0,CE
2022-03-02 10:44:00,1.15,1.15,1.15,1.15,150,150850,18400.0,CE
2022-03-02 10:45:00,1.15,1.15,1.15,1.15,50,150850,18400.0,CE
2022-03-02 10:46:00,1.15,1.15,1.15,1.15,550,150850,18400.0,CE
2022-03-02 10:48:00,1.2,1.2,1.2,1.2,500,150500,18400.0,CE
2022-03-02 10:49:00,1.2,1.2,1.2,1.2,3800,150500,18400.0,CE
2022-03-02 10:50:00,1.15,1.15,1.15,1.15,50,150500,18400.0,CE
2022-03-02 10:51:00,1.15,1.15,1.15,1.15,1550,149700,18400.0,CE
2022-03-02 10:52:00,1.15,1.15,1.15,1.15,4850,149700,18400.0,CE
2022-03-02 10:53:00,1.15,1.15,1.15,1.15,1250,149700,18400.0,CE
2022-03-02 10:54:00,1.1,1.1,1.1,1.1,2350,149950,18400.0,CE
2022-03-02 10:55:00,1.1,1.1,1.1,1.1,1000,149950,18400.0,CE
2022-03-02 10:56:00,1.1,1.1,1.05,1.1,4000,147450,18400.0,CE
2022-03-02 10:57:00,1.05,1.1,1.05,1.1,1800,147450,18400.0,CE
2022-03-02 10:58:00,1.1,1.1,1.1,1.1,900,147450,18400.0,CE
2022-03-02 10:59:00,1.1,1.1,1.1,1.1,2850,150450,18400.0,CE
2022-03-02 11:00:00,1.1,1.1,1.05,1.05,100,150450,18400.0,CE
2022-03-02 11:01:00,1.05,1.05,1.0,1.05,12800,150450,18400.0,CE
2022-03-02 11:02:00,1.05,1.05,0.95,0.95,17000,146250,18400.0,CE
2022-03-02 11:03:00,0.95,0.95,0.9,0.9,1400,146250,18400.0,CE
2022-03-02 11:04:00,0.9,0.95,0.9,0.9,5850,146250,18400.0,CE
2022-03-02 11:05:00,0.9,0.95,0.9,0.9,7050,146250,18400.0,CE
2022-03-02 11:06:00,0.9,0.9,0.9,0.9,7100,151800,18400.0,CE
2022-03-02 11:07:00,0.9,0.9,0.9,0.9,1300,151800,18400.0,CE
2022-03-02 11:09:00,0.95,0.95,0.95,0.95,450,153400,18400.0,CE
2022-03-02 11:10:00,0.9,0.9,0.9,0.9,6100,153400,18400.0,CE
2022-03-02 11:12:00,0.9,0.9,0.85,0.9,7850,153300,18400.0,CE
2022-03-02 11:13:00,0.85,0.85,0.85,0.85,200,153300,18400.0,CE
2022-03-02 11:14:00,0.85,0.9,0.85,0.9,1000,152500,18400.0,CE
2022-03-02 11:15:00,0.9,0.9,0.9,0.9,650,152500,18400.0,CE
2022-03-02 11:16:00,0.9,0.9,0.9,0.9,1300,152500,18400.0,CE
2022-03-02 11:17:00,0.85,0.85,0.85,0.85,100,152500,18400.0,CE
2022-03-02 11:18:00,0.85,0.85,0.85,0.85,50,153300,18400.0,CE
2022-03-02 11:19:00,0.85,0.85,0.85,0.85,50,153300,18400.0,CE
2022-03-02 11:20:00,0.85,0.85,0.85,0.85,3750,153300,18400.0,CE
2022-03-02 11:21:00,0.8,0.8,0.8,0.8,100,153250,18400.0,CE
2022-03-02 11:22:00,0.8,0.85,0.8,0.8,1300,153250,18400.0,CE
2022-03-02 11:23:00,0.8,0.8,0.8,0.8,1550,153250,18400.0,CE
2022-03-02 11:24:00,0.8,0.8,0.75,0.75,3700,153250,18400.0,CE
2022-03-02 11:25:00,0.8,0.8,0.75,0.75,1850,153250,18400.0,CE
2022-03-02 11:26:00,0.8,0.8,0.8,0.8,100,149300,18400.0,CE
2022-03-02 11:27:00,0.8,0.8,0.8,0.8,4700,149300,18400.0,CE
2022-03-02 11:28:00,0.8,0.8,0.8,0.8,500,149300,18400.0,CE
2022-03-02 11:29:00,0.85,0.85,0.85,0.85,550,152550,18400.0,CE
2022-03-02 11:30:00,0.85,0.85,0.8,0.8,1950,152550,18400.0,CE
2022-03-02 11:36:00,0.8,0.8,0.8,0.8,1500,154550,18400.0,CE
2022-03-02 11:37:00,0.8,0.8,0.8,0.8,350,154550,18400.0,CE
2022-03-02 11:39:00,0.8,0.8,0.8,0.8,3200,152700,18400.0,CE
2022-03-02 11:40:00,0.8,0.8,0.75,0.75,1550,152700,18400.0,CE
2022-03-02 11:41:00,0.75,0.75,0.75,0.75,250,152700,18400.0,CE
2022-03-02 11:42:00,0.75,0.75,0.75,0.75,1450,154100,18400.0,CE
2022-03-02 11:43:00,0.75,0.75,0.75,0.75,27000,154100,18400.0,CE
2022-03-02 11:44:00,0.75,0.8,0.7,0.8,8300,154700,18400.0,CE
2022-03-02 11:45:00,0.75,0.75,0.7,0.7,150,154700,18400.0,CE
2022-03-02 11:46:00,0.7,0.75,0.7,0.75,200,154700,18400.0,CE
2022-03-02 11:47:00,0.75,0.75,0.75,0.75,50,154700,18400.0,CE
2022-03-02 11:48:00,0.75,0.75,0.7,0.7,1550,155350,18400.0,CE
2022-03-02 11:49:00,0.7,0.75,0.7,0.75,2450,155350,18400.0,CE
2022-03-02 11:52:00,0.7,0.7,0.7,0.7,9200,153550,18400.0,CE
2022-03-02 11:53:00,0.7,0.7,0.7,0.7,3500,153550,18400.0,CE
2022-03-02 11:54:00,0.7,0.7,0.7,0.7,350,158300,18400.0,CE
2022-03-02 11:55:00,0.65,0.65,0.65,0.65,50,158300,18400.0,CE
2022-03-02 11:56:00,0.7,0.7,0.65,0.7,850,157950,18400.0,CE
2022-03-02 11:57:00,0.7,0.7,0.7,0.7,150,157950,18400.0,CE
2022-03-02 11:58:00,0.75,0.75,0.7,0.7,1050,157950,18400.0,CE
2022-03-02 12:00:00,0.7,0.7,0.7,0.7,300,158350,18400.0,CE
2022-03-02 12:01:00,0.75,0.75,0.75,0.75,150,158350,18400.0,CE
2022-03-02 12:02:00,0.7,0.7,0.7,0.7,300,158350,18400.0,CE
2022-03-02 12:03:00,0.75,0.75,0.7,0.7,300,158250,18400.0,CE
2022-03-02 12:04:00,0.75,0.75,0.75,0.75,50,158250,18400.0,CE
2022-03-02 12:07:00,0.75,0.75,0.75,0.75,50,158400,18400.0,CE
2022-03-02 12:08:00,0.75,0.75,0.7,0.7,800,158400,18400.0,CE
2022-03-02 12:09:00,0.7,0.7,0.7,0.7,100,158750,18400.0,CE
2022-03-02 12:10:00,0.75,0.75,0.7,0.7,650,158750,18400.0,CE
2022-03-02 12:11:00,0.7,0.7,0.7,0.7,4150,158750,18400.0,CE
2022-03-02 12:12:00,0.75,0.75,0.75,0.75,100,160050,18400.0,CE
2022-03-02 12:13:00,0.75,0.75,0.7,0.7,150,160050,18400.0,CE
2022-03-02 12:14:00,0.75,0.75,0.75,0.75,6950,160050,18400.0,CE
2022-03-02 12:15:00,0.8,0.8,0.8,0.8,100,162700,18400.0,CE
2022-03-02 12:16:00,0.75,0.75,0.75,0.75,50,162700,18400.0,CE
2022-03-02 12:17:00,0.8,0.8,0.8,0.8,50,162700,18400.0,CE
2022-03-02 12:19:00,0.8,0.8,0.8,0.8,50,162650,18400.0,CE
2022-03-02 12:20:00,0.8,0.8,0.8,0.8,100,162650,18400.0,CE
2022-03-02 12:22:00,0.75,0.75,0.75,0.75,450,162650,18400.0,CE
2022-03-02 12:23:00,0.8,0.8,0.75,0.75,400,162550,18400.0,CE
2022-03-02 12:25:00,0.75,0.8,0.75,0.8,150,162250,18400.0,CE
2022-03-02 12:27:00,0.8,0.85,0.8,0.85,850,162100,18400.0,CE
2022-03-02 12:28:00,0.8,0.85,0.8,0.8,1250,162100,18400.0,CE
2022-03-02 12:31:00,0.8,0.8,0.8,0.8,250,162100,18400.0,CE
2022-03-02 12:34:00,0.75,0.75,0.75,0.75,100,162650,18400.0,CE
2022-03-02 12:37:00,0.75,0.8,0.75,0.75,1900,162700,18400.0,CE
2022-03-02 12:38:00,0.8,0.8,0.75,0.75,1000,162700,18400.0,CE
2022-03-02 12:39:00,0.8,0.8,0.8,0.8,100,162900,18400.0,CE
2022-03-02 12:40:00,0.8,0.8,0.8,0.8,50,162900,18400.0,CE
2022-03-02 12:42:00,0.8,0.8,0.8,0.8,50,162900,18400.0,CE
2022-03-02 12:43:00,0.75,0.75,0.75,0.75,50,162950,18400.0,CE
2022-03-02 12:44:00,0.75,0.75,0.75,0.75,50,162950,18400.0,CE
2022-03-02 12:46:00,0.85,0.85,0.8,0.8,1650,162850,18400.0,CE
2022-03-02 12:51:00,0.75,0.75,0.75,0.75,300,164050,18400.0,CE
2022-03-02 12:52:00,0.75,0.75,0.75,0.75,2300,164050,18400.0,CE
2022-03-02 12:53:00,0.8,0.8,0.7,0.7,400,164050,18400.0,CE
2022-03-02 12:54:00,0.75,0.75,0.75,0.75,50,162950,18400.0,CE
2022-03-02 12:55:00,0.75,0.75,0.75,0.75,2400,162950,18400.0,CE
2022-03-02 12:56:00,0.75,0.75,0.75,0.75,50,162950,18400.0,CE
2022-03-02 12:58:00,0.75,0.75,0.75,0.75,50,163350,18400.0,CE
2022-03-02 13:01:00,0.75,0.8,0.75,0.8,1550,163350,18400.0,CE
2022-03-02 13:02:00,0.8,0.8,0.8,0.8,1500,163350,18400.0,CE
2022-03-02 13:03:00,0.8,0.8,0.8,0.8,100,161450,18400.0,CE
2022-03-02 13:04:00,0.8,0.85,0.8,0.8,4950,161450,18400.0,CE
2022-03-02 13:05:00,0.8,0.8,0.8,0.8,2750,161450,18400.0,CE
2022-03-02 13:06:00,0.8,0.8,0.8,0.8,2250,155400,18400.0,CE
2022-03-02 13:07:00,0.8,0.8,0.8,0.8,1300,155400,18400.0,CE
2022-03-02 13:08:00,0.8,0.8,0.75,0.75,550,155400,18400.0,CE
2022-03-02 13:09:00,0.75,0.75,0.75,0.75,300,155400,18400.0,CE
2022-03-02 13:10:00,0.75,0.75,0.75,0.75,550,155300,18400.0,CE
2022-03-02 13:12:00,0.75,0.75,0.75,0.75,150,154900,18400.0,CE
2022-03-02 13:15:00,0.75,0.75,0.75,0.75,100,154750,18400.0,CE
2022-03-02 13:17:00,0.75,0.75,0.75,0.75,150,154750,18400.0,CE
2022-03-02 13:18:00,0.75,0.75,0.75,0.75,100,154850,18400.0,CE
2022-03-02 13:19:00,0.75,0.75,0.75,0.75,50,154850,18400.0,CE
2022-03-02 13:23:00,0.75,0.75,0.75,0.75,50,154850,18400.0,CE
2022-03-02 13:27:00,0.75,0.75,0.75,0.75,50,154900,18400.0,CE
2022-03-02 13:29:00,0.75,0.75,0.75,0.75,200,154950,18400.0,CE
2022-03-02 13:30:00,0.8,0.8,0.75,0.75,1000,154950,18400.0,CE
2022-03-02 13:31:00,0.75,0.75,0.75,0.75,50,154950,18400.0,CE
2022-03-02 13:32:00,0.75,0.75,0.75,0.75,500,154950,18400.0,CE
2022-03-02 13:34:00,0.75,0.75,0.75,0.75,300,154950,18400.0,CE
2022-03-02 13:35:00,0.75,0.75,0.75,0.75,1650,155450,18400.0,CE
2022-03-02 13:36:00,0.75,0.75,0.75,0.75,150,154150,18400.0,CE
2022-03-02 13:37:00,0.75,0.75,0.75,0.75,450,154150,18400.0,CE
2022-03-02 13:39:00,0.7,0.7,0.7,0.7,50,154150,18400.0,CE
2022-03-02 13:40:00,0.7,0.7,0.7,0.7,50,153550,18400.0,CE
2022-03-02 13:41:00,0.7,0.7,0.7,0.7,300,153550,18400.0,CE
2022-03-02 13:45:00,0.7,0.7,0.7,0.7,150,153550,18400.0,CE
2022-03-02 13:46:00,0.75,0.75,0.75,0.75,50,153550,18400.0,CE
2022-03-02 13:48:00,0.7,0.7,0.7,0.7,1600,153550,18400.0,CE
2022-03-02 13:49:00,0.75,0.75,0.75,0.75,300,153550,18400.0,CE
2022-03-02 13:50:00,0.75,0.75,0.7,0.75,300,153550,18400.0,CE
2022-03-02 13:51:00,0.75,0.75,0.7,0.7,650,152500,18400.0,CE
2022-03-02 13:53:00,0.7,0.7,0.7,0.7,200,152500,18400.0,CE
2022-03-02 13:55:00,0.7,0.7,0.7,0.7,100,152350,18400.0,CE
2022-03-02 13:58:00,0.7,0.7,0.7,0.7,150,152350,18400.0,CE
2022-03-02 14:03:00,0.7,0.7,0.7,0.7,50,152200,18400.0,CE
2022-03-02 14:04:00,0.7,0.7,0.7,0.7,850,152200,18400.0,CE
2022-03-02 14:05:00,0.7,0.7,0.65,0.7,2600,152200,18400.0,CE
2022-03-02 14:06:00,0.65,0.65,0.65,0.65,350,152850,18400.0,CE
2022-03-02 14:07:00,0.7,0.7,0.7,0.7,2200,152850,18400.0,CE
2022-03-02 14:09:00,0.7,0.7,0.7,0.7,150,152850,18400.0,CE
2022-03-02 14:11:00,0.75,0.75,0.75,0.75,450,152600,18400.0,CE
2022-03-02 14:13:00,0.7,0.7,0.7,0.7,50,152300,18400.0,CE
2022-03-02 14:15:00,0.7,0.7,0.7,0.7,350,152250,18400.0,CE
2022-03-02 14:16:00,0.7,0.7,0.7,0.7,300,152250,18400.0,CE
2022-03-02 14:17:00,0.75,0.75,0.75,0.75,1000,152250,18400.0,CE
2022-03-02 14:18:00,0.7,0.7,0.7,0.7,50,150850,18400.0,CE
2022-03-02 14:19:00,0.7,0.7,0.7,0.7,100,150850,18400.0,CE
2022-03-02 14:21:00,0.7,0.7,0.7,0.7,500,150700,18400.0,CE
2022-03-02 14:22:00,0.75,0.75,0.7,0.75,2000,150700,18400.0,CE
2022-03-02 14:24:00,0.75,0.75,0.75,0.75,300,149100,18400.0,CE
2022-03-02 14:25:00,0.8,0.8,0.75,0.75,500,149100,18400.0,CE
2022-03-02 14:26:00,0.8,0.85,0.8,0.85,5050,149100,18400.0,CE
2022-03-02 14:29:00,0.8,0.85,0.8,0.85,200,151250,18400.0,CE
2022-03-02 14:32:00,0.8,0.8,0.8,0.8,50,151300,18400.0,CE
2022-03-02 14:33:00,0.85,0.85,0.85,0.85,3050,151550,18400.0,CE
2022-03-02 14:34:00,0.8,0.8,0.8,0.8,1900,151550,18400.0,CE
2022-03-02 14:35:00,0.8,0.8,0.8,0.8,50,151550,18400.0,CE
2022-03-02 14:37:00,0.8,0.8,0.8,0.8,1600,150600,18400.0,CE
2022-03-02 14:38:00,0.8,0.8,0.8,0.8,100,150600,18400.0,CE
2022-03-02 14:39:00,0.8,0.8,0.8,0.8,50,150600,18400.0,CE
2022-03-02 14:41:00,0.85,0.85,0.8,0.85,2300,150350,18400.0,CE
2022-03-02 14:42:00,0.85,0.85,0.85,0.85,100,149100,18400.0,CE
2022-03-02 14:45:00,0.85,0.9,0.85,0.9,950,149000,18400.0,CE
2022-03-02 14:46:00,0.9,0.9,0.85,0.85,350,149000,18400.0,CE
2022-03-02 14:48:00,0.8,0.85,0.8,0.85,300,149000,18400.0,CE
2022-03-02 14:49:00,0.8,0.8,0.8,0.8,150,149000,18400.0,CE
2022-03-02 14:51:00,0.8,0.8,0.8,0.8,200,148850,18400.0,CE
2022-03-02 14:52:00,0.8,0.8,0.8,0.8,50,148850,18400.0,CE
2022-03-02 14:54:00,0.8,0.8,0.8,0.8,1500,148850,18400.0,CE
2022-03-02 14:55:00,0.8,0.8,0.8,0.8,1550,148600,18400.0,CE
2022-03-02 14:56:00,0.8,0.8,0.75,0.75,2250,148600,18400.0,CE
2022-03-02 14:57:00,0.8,0.85,0.75,0.85,1450,148000,18400.0,CE
2022-03-02 14:58:00,0.8,0.85,0.8,0.85,200,148000,18400.0,CE
2022-03-02 14:59:00,0.8,0.85,0.8,0.85,3000,148000,18400.0,CE
2022-03-02 15:00:00,0.85,0.9,0.85,0.9,1050,145900,18400.0,CE
2022-03-02 15:01:00,0.9,0.9,0.9,0.9,850,145900,18400.0,CE
2022-03-02 15:02:00,0.95,0.95,0.95,0.95,50,145900,18400.0,CE
2022-03-02 15:03:00,0.95,0.95,0.9,0.9,3650,144100,18400.0,CE
2022-03-02 15:05:00,0.9,0.95,0.9,0.9,600,144100,18400.0,CE
2022-03-02 15:06:00,0.9,0.9,0.9,0.9,100,144100,18400.0,CE
2022-03-02 15:07:00,0.95,1.0,0.9,1.0,1650,144300,18400.0,CE
2022-03-02 15:08:00,0.95,0.95,0.95,0.95,650,144300,18400.0,CE
2022-03-02 15:09:00,0.9,0.9,0.8,0.8,2600,144450,18400.0,CE
2022-03-02 15:10:00,0.8,0.85,0.8,0.85,700,144450,18400.0,CE
2022-03-02 15:11:00,0.85,0.9,0.85,0.85,1450,144450,18400.0,CE
2022-03-02 15:13:00,0.85,0.95,0.85,0.95,1050,143650,18400.0,CE
2022-03-02 15:15:00,0.8,0.85,0.8,0.85,100,143650,18400.0,CE
2022-03-02 15:16:00,0.85,0.85,0.8,0.8,450,142800,18400.0,CE
2022-03-02 15:17:00,0.8,0.8,0.8,0.8,50,142800,18400.0,CE
2022-03-02 15:18:00,0.8,0.8,0.8,0.8,4150,142600,18400.0,CE
2022-03-02 15:19:00,0.8,0.8,0.75,0.75,1500,142600,18400.0,CE
2022-03-02 15:20:00,0.7,0.75,0.7,0.75,2050,142600,18400.0,CE
2022-03-02 15:21:00,0.7,0.7,0.7,0.7,1700,142600,18400.0,CE
2022-03-02 15:22:00,0.7,0.75,0.65,0.7,1650,140750,18400.0,CE
2022-03-02 15:23:00,0.7,0.7,0.65,0.7,1300,140750,18400.0,CE
2022-03-02 15:24:00,0.65,0.65,0.65,0.65,8300,143900,18400.0,CE
2022-03-02 15:25:00,0.65,0.75,0.65,0.65,13750,143900,18400.0,CE
2022-03-02 15:26:00,0.7,0.7,0.6,0.7,550,143900,18400.0,CE
2022-03-02 15:27:00,0.6,0.65,0.6,0.65,550,147700,18400.0,CE
2022-03-02 15:28:00,0.65,0.65,0.6,0.6,3250,147700,18400.0,CE
2022-03-02 15:29:00,0.55,0.55,0.55,0.55,2050,147700,18400.0,CE
2022-03-03 09:15:00,0.55,0.6,0.4,0.45,9851,150550,18400.0,CE
2022-03-03 09:16:00,0.45,0.45,0.35,0.35,950,150550,18400.0,CE
2022-03-03 09:17:00,0.25,0.4,0.25,0.4,4900,148400,18400.0,CE
2022-03-03 09:18:00,0.4,0.4,0.35,0.4,4000,148400,18400.0,CE
2022-03-03 09:19:00,0.4,0.4,0.3,0.3,950,148400,18400.0,CE
2022-03-03 09:20:00,0.3,0.4,0.3,0.4,1600,148850,18400.0,CE
2022-03-03 09:21:00,0.3,0.4,0.3,0.35,4500,148850,18400.0,CE
2022-03-03 09:22:00,0.4,0.4,0.35,0.35,2150,148850,18400.0,CE
2022-03-03 09:23:00,0.3,0.3,0.3,0.3,1100,149050,18400.0,CE
2022-03-03 09:24:00,0.3,0.3,0.3,0.3,1450,149050,18400.0,CE
2022-03-03 09:26:00,0.35,0.35,0.3,0.3,6700,149050,18400.0,CE
2022-03-03 09:27:00,0.3,0.3,0.3,0.3,1500,143200,18400.0,CE
2022-03-03 09:28:00,0.3,0.3,0.3,0.3,250,143200,18400.0,CE
2022-03-03 09:29:00,0.35,0.35,0.3,0.35,1500,142500,18400.0,CE
2022-03-03 09:30:00,0.3,0.35,0.3,0.3,1900,142500,18400.0,CE
2022-03-03 09:31:00,0.35,0.35,0.3,0.3,2950,142500,18400.0,CE
2022-03-03 09:32:00,0.3,0.3,0.3,0.3,450,142500,18400.0,CE
2022-03-03 09:33:00,0.3,0.3,0.3,0.3,50,142650,18400.0,CE
2022-03-03 09:34:00,0.3,0.35,0.3,0.35,2800,142650,18400.0,CE
2022-03-03 09:35:00,0.35,0.35,0.3,0.35,2500,142700,18400.0,CE
2022-03-03 09:36:00,0.3,0.35,0.3,0.3,4650,142700,18400.0,CE
2022-03-03 09:37:00,0.35,0.35,0.35,0.35,200,142700,18400.0,CE
2022-03-03 09:38:00,0.35,0.35,0.35,0.35,300,140900,18400.0,CE
2022-03-03 09:39:00,0.35,0.35,0.3,0.3,300,140900,18400.0,CE
2022-03-03 09:40:00,0.35,0.35,0.35,0.35,500,140900,18400.0,CE
2022-03-03 09:41:00,0.35,0.35,0.3,0.3,2650,141950,18400.0,CE
2022-03-03 09:43:00,0.3,0.3,0.3,0.3,3800,141950,18400.0,CE
2022-03-03 09:45:00,0.3,0.3,0.25,0.25,9000,142550,18400.0,CE
2022-03-03 09:46:00,0.25,0.25,0.2,0.25,8800,142550,18400.0,CE
2022-03-03 09:47:00,0.2,0.25,0.2,0.25,3900,142550,18400.0,CE
2022-03-03 09:48:00,0.25,0.25,0.25,0.25,200,140650,18400.0,CE
2022-03-03 09:50:00,0.2,0.2,0.2,0.2,1250,140650,18400.0,CE
2022-03-03 09:51:00,0.25,0.25,0.25,0.25,2450,140650,18400.0,CE
2022-03-03 09:52:00,0.25,0.25,0.2,0.25,250,140650,18400.0,CE
2022-03-03 09:53:00,0.25,0.25,0.2,0.2,1100,140650,18400.0,CE
2022-03-03 09:54:00,0.25,0.3,0.25,0.25,8000,140650,18400.0,CE
2022-03-03 09:55:00,0.25,0.25,0.25,0.25,1550,140650,18400.0,CE
2022-03-03 09:56:00,0.3,0.3,0.3,0.3,900,140700,18400.0,CE
2022-03-03 09:57:00,0.25,0.3,0.25,0.25,2150,140700,18400.0,CE
2022-03-03 09:58:00,0.25,0.25,0.25,0.25,400,140700,18400.0,CE
2022-03-03 09:59:00,0.3,0.3,0.3,0.3,50,140400,18400.0,CE
2022-03-03 10:00:00,0.3,0.3,0.25,0.25,200,140400,18400.0,CE
2022-03-03 10:01:00,0.25,0.25,0.25,0.25,950,140400,18400.0,CE
2022-03-03 10:02:00,0.25,0.25,0.25,0.25,50,140400,18400.0,CE
2022-03-03 10:03:00,0.25,0.25,0.25,0.25,950,140300,18400.0,CE
2022-03-03 10:04:00,0.25,0.25,0.25,0.25,50,140300,18400.0,CE
2022-03-03 10:05:00,0.25,0.3,0.25,0.3,2150,140300,18400.0,CE
2022-03-03 10:06:00,0.25,0.25,0.25,0.25,400,140300,18400.0,CE
2022-03-03 10:07:00,0.3,0.3,0.3,0.3,6100,140300,18400.0,CE
2022-03-03 10:08:00,0.25,0.25,0.25,0.25,400,140300,18400.0,CE
2022-03-03 10:09:00,0.25,0.25,0.25,0.25,450,140300,18400.0,CE
2022-03-03 10:11:00,0.3,0.3,0.3,0.3,300,140300,18400.0,CE
2022-03-03 10:12:00,0.3,0.3,0.3,0.3,800,140300,18400.0,CE
2022-03-03 10:13:00,0.3,0.3,0.25,0.25,650,140300,18400.0,CE
2022-03-03 10:15:00,0.25,0.25,0.25,0.25,450,140300,18400.0,CE
2022-03-03 10:17:00,0.25,0.25,0.25,0.25,50,140300,18400.0,CE
2022-03-03 10:18:00,0.2,0.2,0.2,0.2,2250,140300,18400.0,CE
2022-03-03 10:20:00,0.3,0.3,0.3,0.3,1400,140300,18400.0,CE
2022-03-03 10:21:00,0.2,0.25,0.2,0.25,400,140300,18400.0,CE
2022-03-03 10:22:00,0.25,0.25,0.25,0.25,50,140300,18400.0,CE
2022-03-03 10:23:00,0.25,0.3,0.25,0.3,4050,139050,18400.0,CE
2022-03-03 10:25:00,0.25,0.25,0.25,0.25,2050,139050,18400.0,CE
2022-03-03 10:29:00,0.25,0.25,0.25,0.25,200,139050,18400.0,CE
2022-03-03 10:33:00,0.3,0.3,0.3,0.3,1850,139050,18400.0,CE
2022-03-03 10:37:00,0.25,0.25,0.2,0.2,850,139050,18400.0,CE
2022-03-03 10:40:00,0.25,0.25,0.25,0.25,1000,138800,18400.0,CE
2022-03-03 10:43:00,0.2,0.2,0.2,0.2,1500,138800,18400.0,CE
2022-03-03 10:45:00,0.2,0.2,0.2,0.2,650,138800,18400.0,CE
2022-03-03 10:46:00,0.25,0.25,0.25,0.25,100,138800,18400.0,CE
2022-03-03 10:47:00,0.25,0.25,0.2,0.2,800,138800,18400.0,CE
2022-03-03 10:48:00,0.2,0.2,0.2,0.2,650,138800,18400.0,CE
2022-03-03 10:50:00,0.2,0.2,0.2,0.2,150,138800,18400.0,CE
2022-03-03 10:52:00,0.2,0.2,0.2,0.2,650,138800,18400.0,CE
2022-03-03 10:53:00,0.2,0.25,0.2,0.25,3000,138800,18400.0,CE
2022-03-03 10:54:00,0.2,0.2,0.2,0.2,300,138800,18400.0,CE
2022-03-03 10:55:00,0.2,0.2,0.2,0.2,100,138800,18400.0,CE
2022-03-03 10:56:00,0.25,0.25,0.25,0.25,650,138800,18400.0,CE
2022-03-03 10:57:00,0.2,0.25,0.2,0.25,3600,138800,18400.0,CE
2022-03-03 10:58:00,0.25,0.25,0.2,0.25,650,138800,18400.0,CE
2022-03-03 10:59:00,0.25,0.25,0.25,0.25,2800,138800,18400.0,CE
2022-03-03 11:00:00,0.2,0.2,0.2,0.2,1450,136650,18400.0,CE
2022-03-03 11:02:00,0.2,0.2,0.2,0.2,50,136650,18400.0,CE
2022-03-03 11:04:00,0.25,0.25,0.25,0.25,50,136650,18400.0,CE
2022-03-03 11:07:00,0.25,0.25,0.25,0.25,950,136700,18400.0,CE
2022-03-03 11:08:00,0.2,0.2,0.2,0.2,50,136700,18400.0,CE
2022-03-03 11:09:00,0.2,0.2,0.2,0.2,200,137000,18400.0,CE
2022-03-03 11:10:00,0.2,0.2,0.2,0.2,100,137000,18400.0,CE
2022-03-03 11:14:00,0.2,0.2,0.2,0.2,800,137000,18400.0,CE
2022-03-03 11:15:00,0.2,0.2,0.2,0.2,150,137000,18400.0,CE
2022-03-03 11:16:00,0.2,0.2,0.2,0.2,2650,137000,18400.0,CE
2022-03-03 11:18:00,0.2,0.2,0.2,0.2,100,137000,18400.0,CE
2022-03-03 11:19:00,0.25,0.25,0.25,0.25,650,137500,18400.0,CE
2022-03-03 11:20:00,0.2,0.2,0.2,0.2,1050,137500,18400.0,CE
2022-03-03 11:21:00,0.2,0.2,0.2,0.2,100,137150,18400.0,CE
2022-03-03 11:22:00,0.2,0.2,0.2,0.2,150,137150,18400.0,CE
2022-03-03 11:23:00,0.2,0.2,0.2,0.2,200,137150,18400.0,CE
2022-03-03 11:25:00,0.2,0.2,0.2,0.2,1400,136900,18400.0,CE
2022-03-03 11:27:00,0.2,0.2,0.2,0.2,1800,136900,18400.0,CE
2022-03-03 11:29:00,0.2,0.2,0.2,0.2,300,136900,18400.0,CE
2022-03-03 11:32:00,0.15,0.15,0.15,0.15,50,136900,18400.0,CE
2022-03-03 11:34:00,0.15,0.15,0.15,0.15,250,136900,18400.0,CE
2022-03-03 11:36:00,0.2,0.2,0.2,0.2,1150,136900,18400.0,CE
2022-03-03 11:37:00,0.15,0.15,0.15,0.15,100,136900,18400.0,CE
2022-03-03 11:41:00,0.15,0.2,0.15,0.2,300,136900,18400.0,CE
2022-03-03 11:42:00,0.2,0.2,0.15,0.15,250,136850,18400.0,CE
2022-03-03 11:43:00,0.15,0.2,0.15,0.2,2400,136850,18400.0,CE
2022-03-03 11:46:00,0.15,0.15,0.15,0.15,600,136850,18400.0,CE
2022-03-03 11:51:00,0.2,0.2,0.2,0.2,50,136800,18400.0,CE
2022-03-03 11:52:00,0.2,0.2,0.2,0.2,2500,136800,18400.0,CE
2022-03-03 11:56:00,0.2,0.2,0.2,0.2,2250,136800,18400.0,CE
2022-03-03 11:57:00,0.2,0.2,0.2,0.2,1500,136800,18400.0,CE
2022-03-03 11:58:00,0.15,0.2,0.15,0.2,2100,135300,18400.0,CE
2022-03-03 11:59:00,0.2,0.2,0.15,0.15,1700,135300,18400.0,CE
2022-03-03 12:00:00,0.15,0.15,0.15,0.15,800,130600,18400.0,CE
2022-03-03 12:01:00,0.15,0.15,0.15,0.15,1450,130600,18400.0,CE
2022-03-03 12:02:00,0.15,0.15,0.15,0.15,1100,130600,18400.0,CE
2022-03-03 12:07:00,0.15,0.15,0.15,0.15,200,130000,18400.0,CE
2022-03-03 12:09:00,0.2,0.2,0.2,0.2,1150,130000,18400.0,CE
2022-03-03 12:11:00,0.15,0.15,0.15,0.15,50,130000,18400.0,CE
2022-03-03 12:14:00,0.15,0.15,0.15,0.15,100,130000,18400.0,CE
2022-03-03 12:19:00,0.15,0.15,0.15,0.15,50,130000,18400.0,CE
2022-03-03 12:20:00,0.15,0.15,0.15,0.15,50,130000,18400.0,CE
2022-03-03 12:21:00,0.15,0.15,0.15,0.15,2800,130000,18400.0,CE
2022-03-03 12:22:00,0.2,0.2,0.2,0.2,1100,130000,18400.0,CE
2022-03-03 12:24:00,0.15,0.15,0.1,0.1,1150,130000,18400.0,CE
2022-03-03 12:26:00,0.1,0.1,0.1,0.1,50,130000,18400.0,CE
2022-03-03 12:28:00,0.1,0.1,0.1,0.1,100,130000,18400.0,CE
2022-03-03 12:33:00,0.1,0.1,0.1,0.1,50,130000,18400.0,CE
2022-03-03 12:34:00,0.1,0.1,0.1,0.1,2900,130000,18400.0,CE
2022-03-03 12:35:00,0.1,0.1,0.1,0.1,7000,130000,18400.0,CE
2022-03-03 12:36:00,0.1,0.1,0.1,0.1,2850,127800,18400.0,CE
2022-03-03 12:38:00,0.1,0.1,0.1,0.1,200,127800,18400.0,CE
2022-03-03 12:39:00,0.1,0.1,0.1,0.1,50,127800,18400.0,CE
2022-03-03 12:42:00,0.1,0.1,0.1,0.1,100,127800,18400.0,CE
2022-03-03 12:45:00,0.1,0.1,0.1,0.1,1500,124650,18400.0,CE
2022-03-03 12:46:00,0.1,0.1,0.1,0.1,50,124650,18400.0,CE
2022-03-03 12:50:00,0.1,0.1,0.1,0.1,150,124650,18400.0,CE
2022-03-03 12:55:00,0.1,0.1,0.1,0.1,200,122950,18400.0,CE
2022-03-03 12:58:00,0.1,0.1,0.1,0.1,200,122950,18400.0,CE
2022-03-03 13:03:00,0.1,0.1,0.1,0.1,100,122950,18400.0,CE
2022-03-03 13:04:00,0.1,0.1,0.1,0.1,50,122950,18400.0,CE
2022-03-03 13:07:00,0.1,0.1,0.1,0.1,400,122950,18400.0,CE
2022-03-03 13:10:00,0.1,0.1,0.1,0.1,250,122950,18400.0,CE
2022-03-03 13:11:00,0.1,0.1,0.1,0.1,100,122950,18400.0,CE
2022-03-03 13:15:00,0.1,0.1,0.1,0.1,50,122950,18400.0,CE
2022-03-03 13:18:00,0.1,0.1,0.1,0.1,1450,122950,18400.0,CE
2022-03-03 13:19:00,0.1,0.1,0.1,0.1,1200,122950,18400.0,CE
2022-03-03 13:20:00,0.1,0.1,0.1,0.1,400,122950,18400.0,CE
2022-03-03 13:22:00,0.1,0.1,0.1,0.1,50,122550,18400.0,CE
2022-03-03 13:24:00,0.1,0.1,0.1,0.1,4150,122550,18400.0,CE
2022-03-03 13:25:00,0.05,0.05,0.05,0.05,400,122550,18400.0,CE
2022-03-03 13:26:00,0.1,0.1,0.1,0.1,50,122550,18400.0,CE
2022-03-03 13:27:00,0.1,0.1,0.1,0.1,50,119050,18400.0,CE
2022-03-03 13:28:00,0.05,0.05,0.05,0.05,50,119050,18400.0,CE
2022-03-03 13:29:00,0.1,0.1,0.05,0.05,150,119050,18400.0,CE
2022-03-03 13:30:00,0.1,0.1,0.1,0.1,100,119050,18400.0,CE
2022-03-03 13:31:00,0.1,0.1,0.1,0.1,1400,119000,18400.0,CE
2022-03-03 13:33:00,0.05,0.1,0.05,0.1,2650,118950,18400.0,CE
2022-03-03 13:34:00,0.05,0.05,0.05,0.05,250,118950,18400.0,CE
2022-03-03 13:36:00,0.05,0.05,0.05,0.05,1500,118950,18400.0,CE
2022-03-03 13:39:00,0.05,0.05,0.05,0.05,2650,118950,18400.0,CE
2022-03-03 13:41:00,0.1,0.1,0.1,0.1,200,118950,18400.0,CE
2022-03-03 13:43:00,0.1,0.1,0.05,0.05,2600,118950,18400.0,CE
2022-03-03 13:45:00,0.1,0.1,0.1,0.1,650,117450,18400.0,CE
2022-03-03 13:46:00,0.1,0.1,0.1,0.1,1100,117450,18400.0,CE
2022-03-03 13:47:00,0.1,0.1,0.1,0.1,21350,117450,18400.0,CE
2022-03-03 13:48:00,0.1,0.15,0.1,0.15,150,115000,18400.0,CE
2022-03-03 13:49:00,0.15,0.2,0.15,0.2,7400,115000,18400.0,CE
2022-03-03 13:50:00,0.1,0.1,0.1,0.1,150,115000,18400.0,CE
2022-03-03 13:51:00,0.1,0.2,0.05,0.1,5450,109200,18400.0,CE
2022-03-03 13:52:00,0.15,0.15,0.05,0.15,4400,109200,18400.0,CE
2022-03-03 13:53:00,0.1,0.1,0.1,0.1,1150,109200,18400.0,CE
2022-03-03 13:54:00,0.15,0.15,0.1,0.15,700,107000,18400.0,CE
2022-03-03 13:55:00,0.15,0.15,0.15,0.15,250,107000,18400.0,CE
2022-03-03 13:57:00,0.1,0.15,0.1,0.15,800,107000,18400.0,CE
2022-03-03 13:58:00,0.15,0.15,0.15,0.15,100,107000,18400.0,CE
2022-03-03 13:59:00,0.15,0.15,0.1,0.1,1250,107000,18400.0,CE
2022-03-03 14:00:00,0.15,0.15,0.1,0.15,1800,107000,18400.0,CE
2022-03-03 14:01:00,0.1,0.1,0.1,0.1,100,107000,18400.0,CE
2022-03-03 14:02:00,0.1,0.1,0.1,0.1,100,107000,18400.0,CE
2022-03-03 14:03:00,0.1,0.1,0.1,0.1,50,107000,18400.0,CE
2022-03-03 14:04:00,0.1,0.1,0.1,0.1,100,107000,18400.0,CE
2022-03-03 14:05:00,0.1,0.1,0.1,0.1,350,107000,18400.0,CE
2022-03-03 14:06:00,0.1,0.1,0.1,0.1,50,107000,18400.0,CE
2022-03-03 14:07:00,0.1,0.1,0.1,0.1,300,107000,18400.0,CE
2022-03-03 14:11:00,0.1,0.1,0.1,0.1,50,107000,18400.0,CE
2022-03-03 14:12:00,0.1,0.1,0.1,0.1,500,107000,18400.0,CE
2022-03-03 14:14:00,0.1,0.1,0.05,0.05,1100,107000,18400.0,CE
2022-03-03 14:18:00,0.15,0.15,0.15,0.15,150,107000,18400.0,CE
2022-03-03 14:20:00,0.15,0.15,0.15,0.15,150,106700,18400.0,CE
2022-03-03 14:21:00,0.05,0.15,0.05,0.05,4050,106500,18400.0,CE
2022-03-03 14:22:00,0.2,0.2,0.2,0.2,2000,106500,18400.0,CE
2022-03-03 14:23:00,0.1,0.15,0.05,0.15,2400,106500,18400.0,CE
2022-03-03 14:24:00,0.05,0.05,0.05,0.05,50,104350,18400.0,CE
2022-03-03 14:26:00,0.1,0.1,0.1,0.1,1400,104350,18400.0,CE
2022-03-03 14:27:00,0.1,0.1,0.1,0.1,950,104300,18400.0,CE
2022-03-03 14:32:00,0.05,0.1,0.05,0.1,1900,105250,18400.0,CE
2022-03-03 14:35:00,0.05,0.05,0.05,0.05,1000,103350,18400.0,CE
2022-03-03 14:36:00,0.1,0.1,0.1,0.1,1100,103350,18400.0,CE
2022-03-03 14:41:00,0.05,0.05,0.05,0.05,1000,102600,18400.0,CE
2022-03-03 14:42:00,0.05,0.05,0.05,0.05,250,102600,18400.0,CE
2022-03-03 14:44:00,0.05,0.05,0.05,0.05,11200,101350,18400.0,CE
2022-03-03 14:45:00,0.05,0.05,0.05,0.05,650,101350,18400.0,CE
2022-03-03 14:46:00,0.05,0.05,0.05,0.05,3150,93350,18400.0,CE
2022-03-03 14:47:00,0.05,0.05,0.05,0.05,1150,93350,18400.0,CE
2022-03-03 14:48:00,0.05,0.05,0.05,0.05,2000,93350,18400.0,CE
2022-03-03 14:50:00,0.1,0.1,0.1,0.1,1100,94400,18400.0,CE
2022-03-03 14:51:00,0.05,0.05,0.05,0.05,8700,94050,18400.0,CE
2022-03-03 14:52:00,0.1,0.1,0.1,0.1,1100,94050,18400.0,CE
2022-03-03 14:55:00,0.05,0.05,0.05,0.05,500,94050,18400.0,CE
2022-03-03 14:56:00,0.05,0.05,0.05,0.05,650,86050,18400.0,CE
2022-03-03 14:57:00,0.05,0.05,0.05,0.05,600,84150,18400.0,CE
2022-03-03 15:01:00,0.1,0.1,0.1,0.1,2200,83550,18400.0,CE
2022-03-03 15:02:00,0.1,0.1,0.1,0.1,1850,83550,18400.0,CE
2022-03-03 15:03:00,0.1,0.1,0.05,0.05,2550,83550,18400.0,CE
2022-03-03 15:04:00,0.05,0.05,0.05,0.05,100,81400,18400.0,CE
2022-03-03 15:05:00,0.05,0.05,0.05,0.05,3000,81400,18400.0,CE
2022-03-03 15:06:00,0.05,0.05,0.05,0.05,1500,78500,18400.0,CE
2022-03-03 15:07:00,0.05,0.05,0.05,0.05,500,78500,18400.0,CE
2022-03-03 15:08:00,0.05,0.05,0.05,0.05,50,78500,18400.0,CE
2022-03-03 15:09:00,0.05,0.05,0.05,0.05,250,78500,18400.0,CE
2022-03-03 15:11:00,0.05,0.1,0.05,0.05,3500,76900,18400.0,CE
2022-03-03 15:12:00,0.05,0.1,0.05,0.1,1200,76900,18400.0,CE
2022-03-03 15:13:00,0.05,0.05,0.05,0.05,100,76650,18400.0,CE
2022-03-03 15:14:00,0.05,0.05,0.05,0.05,650,76650,18400.0,CE
2022-03-03 15:15:00,0.05,0.05,0.05,0.05,1000,76650,18400.0,CE
